# vtk DataFile Version 3.0
2D CFD Solution (u,v,p,wss)
ASCII
DATASET STRUCTURED_GRID
DIMENSIONS 75 50 1
POINTS 3750 float
0.000000 0.000000 0.000000
0.020270 0.000000 0.000000
0.040541 0.000000 0.000000
0.060811 0.000000 0.000000
0.081081 0.000000 0.000000
0.101351 0.000000 0.000000
0.121622 0.000000 0.000000
0.141892 0.000000 0.000000
0.162162 0.000000 0.000000
0.182432 0.000000 0.000000
0.202703 0.000000 0.000000
0.222973 0.000000 0.000000
0.243243 0.000000 0.000000
0.263514 0.000000 0.000000
0.283784 0.000000 0.000000
0.304054 0.000000 0.000000
0.324324 0.000000 0.000000
0.344595 0.000000 0.000000
0.364865 0.000000 0.000000
0.385135 0.000000 0.000000
0.405405 0.000000 0.000000
0.425676 0.000000 0.000000
0.445946 0.000000 0.000000
0.466216 0.000000 0.000000
0.486486 0.000000 0.000000
0.506757 0.000000 0.000000
0.527027 0.000000 0.000000
0.547297 0.000000 0.000000
0.567568 0.000000 0.000000
0.587838 0.000000 0.000000
0.608108 0.000000 0.000000
0.628378 0.000000 0.000000
0.648649 0.000000 0.000000
0.668919 0.000000 0.000000
0.689189 0.000000 0.000000
0.709459 0.000000 0.000000
0.729730 0.000000 0.000000
0.750000 0.000000 0.000000
0.770270 0.000000 0.000000
0.790541 0.000000 0.000000
0.810811 0.000000 0.000000
0.831081 0.000000 0.000000
0.851351 0.000000 0.000000
0.871622 0.000000 0.000000
0.891892 0.000000 0.000000
0.912162 0.000000 0.000000
0.932432 0.000000 0.000000
0.952703 0.000000 0.000000
0.972973 0.000000 0.000000
0.993243 0.000000 0.000000
1.013514 0.000000 0.000000
1.033784 0.000000 0.000000
1.054054 0.000000 0.000000
1.074324 0.000000 0.000000
1.094595 0.000000 0.000000
1.114865 0.000000 0.000000
1.135135 0.000000 0.000000
1.155405 0.000000 0.000000
1.175676 0.000000 0.000000
1.195946 0.000000 0.000000
1.216216 0.000000 0.000000
1.236486 0.000000 0.000000
1.256757 0.000000 0.000000
1.277027 0.000000 0.000000
1.297297 0.000000 0.000000
1.317568 0.000000 0.000000
1.337838 0.000000 0.000000
1.358108 0.000000 0.000000
1.378378 0.000000 0.000000
1.398649 0.000000 0.000000
1.418919 0.000000 0.000000
1.439189 0.000000 0.000000
1.459459 0.000000 0.000000
1.479730 0.000000 0.000000
1.500000 0.000000 0.000000
0.000000 0.020408 0.000000
0.020270 0.020408 0.000000
0.040541 0.020408 0.000000
0.060811 0.020408 0.000000
0.081081 0.020408 0.000000
0.101351 0.020408 0.000000
0.121622 0.020408 0.000000
0.141892 0.020408 0.000000
0.162162 0.020408 0.000000
0.182432 0.020408 0.000000
0.202703 0.020408 0.000000
0.222973 0.020408 0.000000
0.243243 0.020408 0.000000
0.263514 0.020408 0.000000
0.283784 0.020408 0.000000
0.304054 0.020408 0.000000
0.324324 0.020408 0.000000
0.344595 0.020408 0.000000
0.364865 0.020408 0.000000
0.385135 0.020408 0.000000
0.405405 0.020408 0.000000
0.425676 0.020408 0.000000
0.445946 0.020408 0.000000
0.466216 0.020408 0.000000
0.486486 0.020408 0.000000
0.506757 0.020408 0.000000
0.527027 0.020408 0.000000
0.547297 0.020408 0.000000
0.567568 0.020408 0.000000
0.587838 0.020408 0.000000
0.608108 0.020408 0.000000
0.628378 0.020408 0.000000
0.648649 0.020408 0.000000
0.668919 0.020408 0.000000
0.689189 0.020408 0.000000
0.709459 0.020408 0.000000
0.729730 0.020408 0.000000
0.750000 0.020408 0.000000
0.770270 0.020408 0.000000
0.790541 0.020408 0.000000
0.810811 0.020408 0.000000
0.831081 0.020408 0.000000
0.851351 0.020408 0.000000
0.871622 0.020408 0.000000
0.891892 0.020408 0.000000
0.912162 0.020408 0.000000
0.932432 0.020408 0.000000
0.952703 0.020408 0.000000
0.972973 0.020408 0.000000
0.993243 0.020408 0.000000
1.013514 0.020408 0.000000
1.033784 0.020408 0.000000
1.054054 0.020408 0.000000
1.074324 0.020408 0.000000
1.094595 0.020408 0.000000
1.114865 0.020408 0.000000
1.135135 0.020408 0.000000
1.155405 0.020408 0.000000
1.175676 0.020408 0.000000
1.195946 0.020408 0.000000
1.216216 0.020408 0.000000
1.236486 0.020408 0.000000
1.256757 0.020408 0.000000
1.277027 0.020408 0.000000
1.297297 0.020408 0.000000
1.317568 0.020408 0.000000
1.337838 0.020408 0.000000
1.358108 0.020408 0.000000
1.378378 0.020408 0.000000
1.398649 0.020408 0.000000
1.418919 0.020408 0.000000
1.439189 0.020408 0.000000
1.459459 0.020408 0.000000
1.479730 0.020408 0.000000
1.500000 0.020408 0.000000
0.000000 0.040816 0.000000
0.020270 0.040816 0.000000
0.040541 0.040816 0.000000
0.060811 0.040816 0.000000
0.081081 0.040816 0.000000
0.101351 0.040816 0.000000
0.121622 0.040816 0.000000
0.141892 0.040816 0.000000
0.162162 0.040816 0.000000
0.182432 0.040816 0.000000
0.202703 0.040816 0.000000
0.222973 0.040816 0.000000
0.243243 0.040816 0.000000
0.263514 0.040816 0.000000
0.283784 0.040816 0.000000
0.304054 0.040816 0.000000
0.324324 0.040816 0.000000
0.344595 0.040816 0.000000
0.364865 0.040816 0.000000
0.385135 0.040816 0.000000
0.405405 0.040816 0.000000
0.425676 0.040816 0.000000
0.445946 0.040816 0.000000
0.466216 0.040816 0.000000
0.486486 0.040816 0.000000
0.506757 0.040816 0.000000
0.527027 0.040816 0.000000
0.547297 0.040816 0.000000
0.567568 0.040816 0.000000
0.587838 0.040816 0.000000
0.608108 0.040816 0.000000
0.628378 0.040816 0.000000
0.648649 0.040816 0.000000
0.668919 0.040816 0.000000
0.689189 0.040816 0.000000
0.709459 0.040816 0.000000
0.729730 0.040816 0.000000
0.750000 0.040816 0.000000
0.770270 0.040816 0.000000
0.790541 0.040816 0.000000
0.810811 0.040816 0.000000
0.831081 0.040816 0.000000
0.851351 0.040816 0.000000
0.871622 0.040816 0.000000
0.891892 0.040816 0.000000
0.912162 0.040816 0.000000
0.932432 0.040816 0.000000
0.952703 0.040816 0.000000
0.972973 0.040816 0.000000
0.993243 0.040816 0.000000
1.013514 0.040816 0.000000
1.033784 0.040816 0.000000
1.054054 0.040816 0.000000
1.074324 0.040816 0.000000
1.094595 0.040816 0.000000
1.114865 0.040816 0.000000
1.135135 0.040816 0.000000
1.155405 0.040816 0.000000
1.175676 0.040816 0.000000
1.195946 0.040816 0.000000
1.216216 0.040816 0.000000
1.236486 0.040816 0.000000
1.256757 0.040816 0.000000
1.277027 0.040816 0.000000
1.297297 0.040816 0.000000
1.317568 0.040816 0.000000
1.337838 0.040816 0.000000
1.358108 0.040816 0.000000
1.378378 0.040816 0.000000
1.398649 0.040816 0.000000
1.418919 0.040816 0.000000
1.439189 0.040816 0.000000
1.459459 0.040816 0.000000
1.479730 0.040816 0.000000
1.500000 0.040816 0.000000
0.000000 0.061224 0.000000
0.020270 0.061224 0.000000
0.040541 0.061224 0.000000
0.060811 0.061224 0.000000
0.081081 0.061224 0.000000
0.101351 0.061224 0.000000
0.121622 0.061224 0.000000
0.141892 0.061224 0.000000
0.162162 0.061224 0.000000
0.182432 0.061224 0.000000
0.202703 0.061224 0.000000
0.222973 0.061224 0.000000
0.243243 0.061224 0.000000
0.263514 0.061224 0.000000
0.283784 0.061224 0.000000
0.304054 0.061224 0.000000
0.324324 0.061224 0.000000
0.344595 0.061224 0.000000
0.364865 0.061224 0.000000
0.385135 0.061224 0.000000
0.405405 0.061224 0.000000
0.425676 0.061224 0.000000
0.445946 0.061224 0.000000
0.466216 0.061224 0.000000
0.486486 0.061224 0.000000
0.506757 0.061224 0.000000
0.527027 0.061224 0.000000
0.547297 0.061224 0.000000
0.567568 0.061224 0.000000
0.587838 0.061224 0.000000
0.608108 0.061224 0.000000
0.628378 0.061224 0.000000
0.648649 0.061224 0.000000
0.668919 0.061224 0.000000
0.689189 0.061224 0.000000
0.709459 0.061224 0.000000
0.729730 0.061224 0.000000
0.750000 0.061224 0.000000
0.770270 0.061224 0.000000
0.790541 0.061224 0.000000
0.810811 0.061224 0.000000
0.831081 0.061224 0.000000
0.851351 0.061224 0.000000
0.871622 0.061224 0.000000
0.891892 0.061224 0.000000
0.912162 0.061224 0.000000
0.932432 0.061224 0.000000
0.952703 0.061224 0.000000
0.972973 0.061224 0.000000
0.993243 0.061224 0.000000
1.013514 0.061224 0.000000
1.033784 0.061224 0.000000
1.054054 0.061224 0.000000
1.074324 0.061224 0.000000
1.094595 0.061224 0.000000
1.114865 0.061224 0.000000
1.135135 0.061224 0.000000
1.155405 0.061224 0.000000
1.175676 0.061224 0.000000
1.195946 0.061224 0.000000
1.216216 0.061224 0.000000
1.236486 0.061224 0.000000
1.256757 0.061224 0.000000
1.277027 0.061224 0.000000
1.297297 0.061224 0.000000
1.317568 0.061224 0.000000
1.337838 0.061224 0.000000
1.358108 0.061224 0.000000
1.378378 0.061224 0.000000
1.398649 0.061224 0.000000
1.418919 0.061224 0.000000
1.439189 0.061224 0.000000
1.459459 0.061224 0.000000
1.479730 0.061224 0.000000
1.500000 0.061224 0.000000
0.000000 0.081633 0.000000
0.020270 0.081633 0.000000
0.040541 0.081633 0.000000
0.060811 0.081633 0.000000
0.081081 0.081633 0.000000
0.101351 0.081633 0.000000
0.121622 0.081633 0.000000
0.141892 0.081633 0.000000
0.162162 0.081633 0.000000
0.182432 0.081633 0.000000
0.202703 0.081633 0.000000
0.222973 0.081633 0.000000
0.243243 0.081633 0.000000
0.263514 0.081633 0.000000
0.283784 0.081633 0.000000
0.304054 0.081633 0.000000
0.324324 0.081633 0.000000
0.344595 0.081633 0.000000
0.364865 0.081633 0.000000
0.385135 0.081633 0.000000
0.405405 0.081633 0.000000
0.425676 0.081633 0.000000
0.445946 0.081633 0.000000
0.466216 0.081633 0.000000
0.486486 0.081633 0.000000
0.506757 0.081633 0.000000
0.527027 0.081633 0.000000
0.547297 0.081633 0.000000
0.567568 0.081633 0.000000
0.587838 0.081633 0.000000
0.608108 0.081633 0.000000
0.628378 0.081633 0.000000
0.648649 0.081633 0.000000
0.668919 0.081633 0.000000
0.689189 0.081633 0.000000
0.709459 0.081633 0.000000
0.729730 0.081633 0.000000
0.750000 0.081633 0.000000
0.770270 0.081633 0.000000
0.790541 0.081633 0.000000
0.810811 0.081633 0.000000
0.831081 0.081633 0.000000
0.851351 0.081633 0.000000
0.871622 0.081633 0.000000
0.891892 0.081633 0.000000
0.912162 0.081633 0.000000
0.932432 0.081633 0.000000
0.952703 0.081633 0.000000
0.972973 0.081633 0.000000
0.993243 0.081633 0.000000
1.013514 0.081633 0.000000
1.033784 0.081633 0.000000
1.054054 0.081633 0.000000
1.074324 0.081633 0.000000
1.094595 0.081633 0.000000
1.114865 0.081633 0.000000
1.135135 0.081633 0.000000
1.155405 0.081633 0.000000
1.175676 0.081633 0.000000
1.195946 0.081633 0.000000
1.216216 0.081633 0.000000
1.236486 0.081633 0.000000
1.256757 0.081633 0.000000
1.277027 0.081633 0.000000
1.297297 0.081633 0.000000
1.317568 0.081633 0.000000
1.337838 0.081633 0.000000
1.358108 0.081633 0.000000
1.378378 0.081633 0.000000
1.398649 0.081633 0.000000
1.418919 0.081633 0.000000
1.439189 0.081633 0.000000
1.459459 0.081633 0.000000
1.479730 0.081633 0.000000
1.500000 0.081633 0.000000
0.000000 0.102041 0.000000
0.020270 0.102041 0.000000
0.040541 0.102041 0.000000
0.060811 0.102041 0.000000
0.081081 0.102041 0.000000
0.101351 0.102041 0.000000
0.121622 0.102041 0.000000
0.141892 0.102041 0.000000
0.162162 0.102041 0.000000
0.182432 0.102041 0.000000
0.202703 0.102041 0.000000
0.222973 0.102041 0.000000
0.243243 0.102041 0.000000
0.263514 0.102041 0.000000
0.283784 0.102041 0.000000
0.304054 0.102041 0.000000
0.324324 0.102041 0.000000
0.344595 0.102041 0.000000
0.364865 0.102041 0.000000
0.385135 0.102041 0.000000
0.405405 0.102041 0.000000
0.425676 0.102041 0.000000
0.445946 0.102041 0.000000
0.466216 0.102041 0.000000
0.486486 0.102041 0.000000
0.506757 0.102041 0.000000
0.527027 0.102041 0.000000
0.547297 0.102041 0.000000
0.567568 0.102041 0.000000
0.587838 0.102041 0.000000
0.608108 0.102041 0.000000
0.628378 0.102041 0.000000
0.648649 0.102041 0.000000
0.668919 0.102041 0.000000
0.689189 0.102041 0.000000
0.709459 0.102041 0.000000
0.729730 0.102041 0.000000
0.750000 0.102041 0.000000
0.770270 0.102041 0.000000
0.790541 0.102041 0.000000
0.810811 0.102041 0.000000
0.831081 0.102041 0.000000
0.851351 0.102041 0.000000
0.871622 0.102041 0.000000
0.891892 0.102041 0.000000
0.912162 0.102041 0.000000
0.932432 0.102041 0.000000
0.952703 0.102041 0.000000
0.972973 0.102041 0.000000
0.993243 0.102041 0.000000
1.013514 0.102041 0.000000
1.033784 0.102041 0.000000
1.054054 0.102041 0.000000
1.074324 0.102041 0.000000
1.094595 0.102041 0.000000
1.114865 0.102041 0.000000
1.135135 0.102041 0.000000
1.155405 0.102041 0.000000
1.175676 0.102041 0.000000
1.195946 0.102041 0.000000
1.216216 0.102041 0.000000
1.236486 0.102041 0.000000
1.256757 0.102041 0.000000
1.277027 0.102041 0.000000
1.297297 0.102041 0.000000
1.317568 0.102041 0.000000
1.337838 0.102041 0.000000
1.358108 0.102041 0.000000
1.378378 0.102041 0.000000
1.398649 0.102041 0.000000
1.418919 0.102041 0.000000
1.439189 0.102041 0.000000
1.459459 0.102041 0.000000
1.479730 0.102041 0.000000
1.500000 0.102041 0.000000
0.000000 0.122449 0.000000
0.020270 0.122449 0.000000
0.040541 0.122449 0.000000
0.060811 0.122449 0.000000
0.081081 0.122449 0.000000
0.101351 0.122449 0.000000
0.121622 0.122449 0.000000
0.141892 0.122449 0.000000
0.162162 0.122449 0.000000
0.182432 0.122449 0.000000
0.202703 0.122449 0.000000
0.222973 0.122449 0.000000
0.243243 0.122449 0.000000
0.263514 0.122449 0.000000
0.283784 0.122449 0.000000
0.304054 0.122449 0.000000
0.324324 0.122449 0.000000
0.344595 0.122449 0.000000
0.364865 0.122449 0.000000
0.385135 0.122449 0.000000
0.405405 0.122449 0.000000
0.425676 0.122449 0.000000
0.445946 0.122449 0.000000
0.466216 0.122449 0.000000
0.486486 0.122449 0.000000
0.506757 0.122449 0.000000
0.527027 0.122449 0.000000
0.547297 0.122449 0.000000
0.567568 0.122449 0.000000
0.587838 0.122449 0.000000
0.608108 0.122449 0.000000
0.628378 0.122449 0.000000
0.648649 0.122449 0.000000
0.668919 0.122449 0.000000
0.689189 0.122449 0.000000
0.709459 0.122449 0.000000
0.729730 0.122449 0.000000
0.750000 0.122449 0.000000
0.770270 0.122449 0.000000
0.790541 0.122449 0.000000
0.810811 0.122449 0.000000
0.831081 0.122449 0.000000
0.851351 0.122449 0.000000
0.871622 0.122449 0.000000
0.891892 0.122449 0.000000
0.912162 0.122449 0.000000
0.932432 0.122449 0.000000
0.952703 0.122449 0.000000
0.972973 0.122449 0.000000
0.993243 0.122449 0.000000
1.013514 0.122449 0.000000
1.033784 0.122449 0.000000
1.054054 0.122449 0.000000
1.074324 0.122449 0.000000
1.094595 0.122449 0.000000
1.114865 0.122449 0.000000
1.135135 0.122449 0.000000
1.155405 0.122449 0.000000
1.175676 0.122449 0.000000
1.195946 0.122449 0.000000
1.216216 0.122449 0.000000
1.236486 0.122449 0.000000
1.256757 0.122449 0.000000
1.277027 0.122449 0.000000
1.297297 0.122449 0.000000
1.317568 0.122449 0.000000
1.337838 0.122449 0.000000
1.358108 0.122449 0.000000
1.378378 0.122449 0.000000
1.398649 0.122449 0.000000
1.418919 0.122449 0.000000
1.439189 0.122449 0.000000
1.459459 0.122449 0.000000
1.479730 0.122449 0.000000
1.500000 0.122449 0.000000
0.000000 0.142857 0.000000
0.020270 0.142857 0.000000
0.040541 0.142857 0.000000
0.060811 0.142857 0.000000
0.081081 0.142857 0.000000
0.101351 0.142857 0.000000
0.121622 0.142857 0.000000
0.141892 0.142857 0.000000
0.162162 0.142857 0.000000
0.182432 0.142857 0.000000
0.202703 0.142857 0.000000
0.222973 0.142857 0.000000
0.243243 0.142857 0.000000
0.263514 0.142857 0.000000
0.283784 0.142857 0.000000
0.304054 0.142857 0.000000
0.324324 0.142857 0.000000
0.344595 0.142857 0.000000
0.364865 0.142857 0.000000
0.385135 0.142857 0.000000
0.405405 0.142857 0.000000
0.425676 0.142857 0.000000
0.445946 0.142857 0.000000
0.466216 0.142857 0.000000
0.486486 0.142857 0.000000
0.506757 0.142857 0.000000
0.527027 0.142857 0.000000
0.547297 0.142857 0.000000
0.567568 0.142857 0.000000
0.587838 0.142857 0.000000
0.608108 0.142857 0.000000
0.628378 0.142857 0.000000
0.648649 0.142857 0.000000
0.668919 0.142857 0.000000
0.689189 0.142857 0.000000
0.709459 0.142857 0.000000
0.729730 0.142857 0.000000
0.750000 0.142857 0.000000
0.770270 0.142857 0.000000
0.790541 0.142857 0.000000
0.810811 0.142857 0.000000
0.831081 0.142857 0.000000
0.851351 0.142857 0.000000
0.871622 0.142857 0.000000
0.891892 0.142857 0.000000
0.912162 0.142857 0.000000
0.932432 0.142857 0.000000
0.952703 0.142857 0.000000
0.972973 0.142857 0.000000
0.993243 0.142857 0.000000
1.013514 0.142857 0.000000
1.033784 0.142857 0.000000
1.054054 0.142857 0.000000
1.074324 0.142857 0.000000
1.094595 0.142857 0.000000
1.114865 0.142857 0.000000
1.135135 0.142857 0.000000
1.155405 0.142857 0.000000
1.175676 0.142857 0.000000
1.195946 0.142857 0.000000
1.216216 0.142857 0.000000
1.236486 0.142857 0.000000
1.256757 0.142857 0.000000
1.277027 0.142857 0.000000
1.297297 0.142857 0.000000
1.317568 0.142857 0.000000
1.337838 0.142857 0.000000
1.358108 0.142857 0.000000
1.378378 0.142857 0.000000
1.398649 0.142857 0.000000
1.418919 0.142857 0.000000
1.439189 0.142857 0.000000
1.459459 0.142857 0.000000
1.479730 0.142857 0.000000
1.500000 0.142857 0.000000
0.000000 0.163265 0.000000
0.020270 0.163265 0.000000
0.040541 0.163265 0.000000
0.060811 0.163265 0.000000
0.081081 0.163265 0.000000
0.101351 0.163265 0.000000
0.121622 0.163265 0.000000
0.141892 0.163265 0.000000
0.162162 0.163265 0.000000
0.182432 0.163265 0.000000
0.202703 0.163265 0.000000
0.222973 0.163265 0.000000
0.243243 0.163265 0.000000
0.263514 0.163265 0.000000
0.283784 0.163265 0.000000
0.304054 0.163265 0.000000
0.324324 0.163265 0.000000
0.344595 0.163265 0.000000
0.364865 0.163265 0.000000
0.385135 0.163265 0.000000
0.405405 0.163265 0.000000
0.425676 0.163265 0.000000
0.445946 0.163265 0.000000
0.466216 0.163265 0.000000
0.486486 0.163265 0.000000
0.506757 0.163265 0.000000
0.527027 0.163265 0.000000
0.547297 0.163265 0.000000
0.567568 0.163265 0.000000
0.587838 0.163265 0.000000
0.608108 0.163265 0.000000
0.628378 0.163265 0.000000
0.648649 0.163265 0.000000
0.668919 0.163265 0.000000
0.689189 0.163265 0.000000
0.709459 0.163265 0.000000
0.729730 0.163265 0.000000
0.750000 0.163265 0.000000
0.770270 0.163265 0.000000
0.790541 0.163265 0.000000
0.810811 0.163265 0.000000
0.831081 0.163265 0.000000
0.851351 0.163265 0.000000
0.871622 0.163265 0.000000
0.891892 0.163265 0.000000
0.912162 0.163265 0.000000
0.932432 0.163265 0.000000
0.952703 0.163265 0.000000
0.972973 0.163265 0.000000
0.993243 0.163265 0.000000
1.013514 0.163265 0.000000
1.033784 0.163265 0.000000
1.054054 0.163265 0.000000
1.074324 0.163265 0.000000
1.094595 0.163265 0.000000
1.114865 0.163265 0.000000
1.135135 0.163265 0.000000
1.155405 0.163265 0.000000
1.175676 0.163265 0.000000
1.195946 0.163265 0.000000
1.216216 0.163265 0.000000
1.236486 0.163265 0.000000
1.256757 0.163265 0.000000
1.277027 0.163265 0.000000
1.297297 0.163265 0.000000
1.317568 0.163265 0.000000
1.337838 0.163265 0.000000
1.358108 0.163265 0.000000
1.378378 0.163265 0.000000
1.398649 0.163265 0.000000
1.418919 0.163265 0.000000
1.439189 0.163265 0.000000
1.459459 0.163265 0.000000
1.479730 0.163265 0.000000
1.500000 0.163265 0.000000
0.000000 0.183673 0.000000
0.020270 0.183673 0.000000
0.040541 0.183673 0.000000
0.060811 0.183673 0.000000
0.081081 0.183673 0.000000
0.101351 0.183673 0.000000
0.121622 0.183673 0.000000
0.141892 0.183673 0.000000
0.162162 0.183673 0.000000
0.182432 0.183673 0.000000
0.202703 0.183673 0.000000
0.222973 0.183673 0.000000
0.243243 0.183673 0.000000
0.263514 0.183673 0.000000
0.283784 0.183673 0.000000
0.304054 0.183673 0.000000
0.324324 0.183673 0.000000
0.344595 0.183673 0.000000
0.364865 0.183673 0.000000
0.385135 0.183673 0.000000
0.405405 0.183673 0.000000
0.425676 0.183673 0.000000
0.445946 0.183673 0.000000
0.466216 0.183673 0.000000
0.486486 0.183673 0.000000
0.506757 0.183673 0.000000
0.527027 0.183673 0.000000
0.547297 0.183673 0.000000
0.567568 0.183673 0.000000
0.587838 0.183673 0.000000
0.608108 0.183673 0.000000
0.628378 0.183673 0.000000
0.648649 0.183673 0.000000
0.668919 0.183673 0.000000
0.689189 0.183673 0.000000
0.709459 0.183673 0.000000
0.729730 0.183673 0.000000
0.750000 0.183673 0.000000
0.770270 0.183673 0.000000
0.790541 0.183673 0.000000
0.810811 0.183673 0.000000
0.831081 0.183673 0.000000
0.851351 0.183673 0.000000
0.871622 0.183673 0.000000
0.891892 0.183673 0.000000
0.912162 0.183673 0.000000
0.932432 0.183673 0.000000
0.952703 0.183673 0.000000
0.972973 0.183673 0.000000
0.993243 0.183673 0.000000
1.013514 0.183673 0.000000
1.033784 0.183673 0.000000
1.054054 0.183673 0.000000
1.074324 0.183673 0.000000
1.094595 0.183673 0.000000
1.114865 0.183673 0.000000
1.135135 0.183673 0.000000
1.155405 0.183673 0.000000
1.175676 0.183673 0.000000
1.195946 0.183673 0.000000
1.216216 0.183673 0.000000
1.236486 0.183673 0.000000
1.256757 0.183673 0.000000
1.277027 0.183673 0.000000
1.297297 0.183673 0.000000
1.317568 0.183673 0.000000
1.337838 0.183673 0.000000
1.358108 0.183673 0.000000
1.378378 0.183673 0.000000
1.398649 0.183673 0.000000
1.418919 0.183673 0.000000
1.439189 0.183673 0.000000
1.459459 0.183673 0.000000
1.479730 0.183673 0.000000
1.500000 0.183673 0.000000
0.000000 0.204082 0.000000
0.020270 0.204082 0.000000
0.040541 0.204082 0.000000
0.060811 0.204082 0.000000
0.081081 0.204082 0.000000
0.101351 0.204082 0.000000
0.121622 0.204082 0.000000
0.141892 0.204082 0.000000
0.162162 0.204082 0.000000
0.182432 0.204082 0.000000
0.202703 0.204082 0.000000
0.222973 0.204082 0.000000
0.243243 0.204082 0.000000
0.263514 0.204082 0.000000
0.283784 0.204082 0.000000
0.304054 0.204082 0.000000
0.324324 0.204082 0.000000
0.344595 0.204082 0.000000
0.364865 0.204082 0.000000
0.385135 0.204082 0.000000
0.405405 0.204082 0.000000
0.425676 0.204082 0.000000
0.445946 0.204082 0.000000
0.466216 0.204082 0.000000
0.486486 0.204082 0.000000
0.506757 0.204082 0.000000
0.527027 0.204082 0.000000
0.547297 0.204082 0.000000
0.567568 0.204082 0.000000
0.587838 0.204082 0.000000
0.608108 0.204082 0.000000
0.628378 0.204082 0.000000
0.648649 0.204082 0.000000
0.668919 0.204082 0.000000
0.689189 0.204082 0.000000
0.709459 0.204082 0.000000
0.729730 0.204082 0.000000
0.750000 0.204082 0.000000
0.770270 0.204082 0.000000
0.790541 0.204082 0.000000
0.810811 0.204082 0.000000
0.831081 0.204082 0.000000
0.851351 0.204082 0.000000
0.871622 0.204082 0.000000
0.891892 0.204082 0.000000
0.912162 0.204082 0.000000
0.932432 0.204082 0.000000
0.952703 0.204082 0.000000
0.972973 0.204082 0.000000
0.993243 0.204082 0.000000
1.013514 0.204082 0.000000
1.033784 0.204082 0.000000
1.054054 0.204082 0.000000
1.074324 0.204082 0.000000
1.094595 0.204082 0.000000
1.114865 0.204082 0.000000
1.135135 0.204082 0.000000
1.155405 0.204082 0.000000
1.175676 0.204082 0.000000
1.195946 0.204082 0.000000
1.216216 0.204082 0.000000
1.236486 0.204082 0.000000
1.256757 0.204082 0.000000
1.277027 0.204082 0.000000
1.297297 0.204082 0.000000
1.317568 0.204082 0.000000
1.337838 0.204082 0.000000
1.358108 0.204082 0.000000
1.378378 0.204082 0.000000
1.398649 0.204082 0.000000
1.418919 0.204082 0.000000
1.439189 0.204082 0.000000
1.459459 0.204082 0.000000
1.479730 0.204082 0.000000
1.500000 0.204082 0.000000
0.000000 0.224490 0.000000
0.020270 0.224490 0.000000
0.040541 0.224490 0.000000
0.060811 0.224490 0.000000
0.081081 0.224490 0.000000
0.101351 0.224490 0.000000
0.121622 0.224490 0.000000
0.141892 0.224490 0.000000
0.162162 0.224490 0.000000
0.182432 0.224490 0.000000
0.202703 0.224490 0.000000
0.222973 0.224490 0.000000
0.243243 0.224490 0.000000
0.263514 0.224490 0.000000
0.283784 0.224490 0.000000
0.304054 0.224490 0.000000
0.324324 0.224490 0.000000
0.344595 0.224490 0.000000
0.364865 0.224490 0.000000
0.385135 0.224490 0.000000
0.405405 0.224490 0.000000
0.425676 0.224490 0.000000
0.445946 0.224490 0.000000
0.466216 0.224490 0.000000
0.486486 0.224490 0.000000
0.506757 0.224490 0.000000
0.527027 0.224490 0.000000
0.547297 0.224490 0.000000
0.567568 0.224490 0.000000
0.587838 0.224490 0.000000
0.608108 0.224490 0.000000
0.628378 0.224490 0.000000
0.648649 0.224490 0.000000
0.668919 0.224490 0.000000
0.689189 0.224490 0.000000
0.709459 0.224490 0.000000
0.729730 0.224490 0.000000
0.750000 0.224490 0.000000
0.770270 0.224490 0.000000
0.790541 0.224490 0.000000
0.810811 0.224490 0.000000
0.831081 0.224490 0.000000
0.851351 0.224490 0.000000
0.871622 0.224490 0.000000
0.891892 0.224490 0.000000
0.912162 0.224490 0.000000
0.932432 0.224490 0.000000
0.952703 0.224490 0.000000
0.972973 0.224490 0.000000
0.993243 0.224490 0.000000
1.013514 0.224490 0.000000
1.033784 0.224490 0.000000
1.054054 0.224490 0.000000
1.074324 0.224490 0.000000
1.094595 0.224490 0.000000
1.114865 0.224490 0.000000
1.135135 0.224490 0.000000
1.155405 0.224490 0.000000
1.175676 0.224490 0.000000
1.195946 0.224490 0.000000
1.216216 0.224490 0.000000
1.236486 0.224490 0.000000
1.256757 0.224490 0.000000
1.277027 0.224490 0.000000
1.297297 0.224490 0.000000
1.317568 0.224490 0.000000
1.337838 0.224490 0.000000
1.358108 0.224490 0.000000
1.378378 0.224490 0.000000
1.398649 0.224490 0.000000
1.418919 0.224490 0.000000
1.439189 0.224490 0.000000
1.459459 0.224490 0.000000
1.479730 0.224490 0.000000
1.500000 0.224490 0.000000
0.000000 0.244898 0.000000
0.020270 0.244898 0.000000
0.040541 0.244898 0.000000
0.060811 0.244898 0.000000
0.081081 0.244898 0.000000
0.101351 0.244898 0.000000
0.121622 0.244898 0.000000
0.141892 0.244898 0.000000
0.162162 0.244898 0.000000
0.182432 0.244898 0.000000
0.202703 0.244898 0.000000
0.222973 0.244898 0.000000
0.243243 0.244898 0.000000
0.263514 0.244898 0.000000
0.283784 0.244898 0.000000
0.304054 0.244898 0.000000
0.324324 0.244898 0.000000
0.344595 0.244898 0.000000
0.364865 0.244898 0.000000
0.385135 0.244898 0.000000
0.405405 0.244898 0.000000
0.425676 0.244898 0.000000
0.445946 0.244898 0.000000
0.466216 0.244898 0.000000
0.486486 0.244898 0.000000
0.506757 0.244898 0.000000
0.527027 0.244898 0.000000
0.547297 0.244898 0.000000
0.567568 0.244898 0.000000
0.587838 0.244898 0.000000
0.608108 0.244898 0.000000
0.628378 0.244898 0.000000
0.648649 0.244898 0.000000
0.668919 0.244898 0.000000
0.689189 0.244898 0.000000
0.709459 0.244898 0.000000
0.729730 0.244898 0.000000
0.750000 0.244898 0.000000
0.770270 0.244898 0.000000
0.790541 0.244898 0.000000
0.810811 0.244898 0.000000
0.831081 0.244898 0.000000
0.851351 0.244898 0.000000
0.871622 0.244898 0.000000
0.891892 0.244898 0.000000
0.912162 0.244898 0.000000
0.932432 0.244898 0.000000
0.952703 0.244898 0.000000
0.972973 0.244898 0.000000
0.993243 0.244898 0.000000
1.013514 0.244898 0.000000
1.033784 0.244898 0.000000
1.054054 0.244898 0.000000
1.074324 0.244898 0.000000
1.094595 0.244898 0.000000
1.114865 0.244898 0.000000
1.135135 0.244898 0.000000
1.155405 0.244898 0.000000
1.175676 0.244898 0.000000
1.195946 0.244898 0.000000
1.216216 0.244898 0.000000
1.236486 0.244898 0.000000
1.256757 0.244898 0.000000
1.277027 0.244898 0.000000
1.297297 0.244898 0.000000
1.317568 0.244898 0.000000
1.337838 0.244898 0.000000
1.358108 0.244898 0.000000
1.378378 0.244898 0.000000
1.398649 0.244898 0.000000
1.418919 0.244898 0.000000
1.439189 0.244898 0.000000
1.459459 0.244898 0.000000
1.479730 0.244898 0.000000
1.500000 0.244898 0.000000
0.000000 0.265306 0.000000
0.020270 0.265306 0.000000
0.040541 0.265306 0.000000
0.060811 0.265306 0.000000
0.081081 0.265306 0.000000
0.101351 0.265306 0.000000
0.121622 0.265306 0.000000
0.141892 0.265306 0.000000
0.162162 0.265306 0.000000
0.182432 0.265306 0.000000
0.202703 0.265306 0.000000
0.222973 0.265306 0.000000
0.243243 0.265306 0.000000
0.263514 0.265306 0.000000
0.283784 0.265306 0.000000
0.304054 0.265306 0.000000
0.324324 0.265306 0.000000
0.344595 0.265306 0.000000
0.364865 0.265306 0.000000
0.385135 0.265306 0.000000
0.405405 0.265306 0.000000
0.425676 0.265306 0.000000
0.445946 0.265306 0.000000
0.466216 0.265306 0.000000
0.486486 0.265306 0.000000
0.506757 0.265306 0.000000
0.527027 0.265306 0.000000
0.547297 0.265306 0.000000
0.567568 0.265306 0.000000
0.587838 0.265306 0.000000
0.608108 0.265306 0.000000
0.628378 0.265306 0.000000
0.648649 0.265306 0.000000
0.668919 0.265306 0.000000
0.689189 0.265306 0.000000
0.709459 0.265306 0.000000
0.729730 0.265306 0.000000
0.750000 0.265306 0.000000
0.770270 0.265306 0.000000
0.790541 0.265306 0.000000
0.810811 0.265306 0.000000
0.831081 0.265306 0.000000
0.851351 0.265306 0.000000
0.871622 0.265306 0.000000
0.891892 0.265306 0.000000
0.912162 0.265306 0.000000
0.932432 0.265306 0.000000
0.952703 0.265306 0.000000
0.972973 0.265306 0.000000
0.993243 0.265306 0.000000
1.013514 0.265306 0.000000
1.033784 0.265306 0.000000
1.054054 0.265306 0.000000
1.074324 0.265306 0.000000
1.094595 0.265306 0.000000
1.114865 0.265306 0.000000
1.135135 0.265306 0.000000
1.155405 0.265306 0.000000
1.175676 0.265306 0.000000
1.195946 0.265306 0.000000
1.216216 0.265306 0.000000
1.236486 0.265306 0.000000
1.256757 0.265306 0.000000
1.277027 0.265306 0.000000
1.297297 0.265306 0.000000
1.317568 0.265306 0.000000
1.337838 0.265306 0.000000
1.358108 0.265306 0.000000
1.378378 0.265306 0.000000
1.398649 0.265306 0.000000
1.418919 0.265306 0.000000
1.439189 0.265306 0.000000
1.459459 0.265306 0.000000
1.479730 0.265306 0.000000
1.500000 0.265306 0.000000
0.000000 0.285714 0.000000
0.020270 0.285714 0.000000
0.040541 0.285714 0.000000
0.060811 0.285714 0.000000
0.081081 0.285714 0.000000
0.101351 0.285714 0.000000
0.121622 0.285714 0.000000
0.141892 0.285714 0.000000
0.162162 0.285714 0.000000
0.182432 0.285714 0.000000
0.202703 0.285714 0.000000
0.222973 0.285714 0.000000
0.243243 0.285714 0.000000
0.263514 0.285714 0.000000
0.283784 0.285714 0.000000
0.304054 0.285714 0.000000
0.324324 0.285714 0.000000
0.344595 0.285714 0.000000
0.364865 0.285714 0.000000
0.385135 0.285714 0.000000
0.405405 0.285714 0.000000
0.425676 0.285714 0.000000
0.445946 0.285714 0.000000
0.466216 0.285714 0.000000
0.486486 0.285714 0.000000
0.506757 0.285714 0.000000
0.527027 0.285714 0.000000
0.547297 0.285714 0.000000
0.567568 0.285714 0.000000
0.587838 0.285714 0.000000
0.608108 0.285714 0.000000
0.628378 0.285714 0.000000
0.648649 0.285714 0.000000
0.668919 0.285714 0.000000
0.689189 0.285714 0.000000
0.709459 0.285714 0.000000
0.729730 0.285714 0.000000
0.750000 0.285714 0.000000
0.770270 0.285714 0.000000
0.790541 0.285714 0.000000
0.810811 0.285714 0.000000
0.831081 0.285714 0.000000
0.851351 0.285714 0.000000
0.871622 0.285714 0.000000
0.891892 0.285714 0.000000
0.912162 0.285714 0.000000
0.932432 0.285714 0.000000
0.952703 0.285714 0.000000
0.972973 0.285714 0.000000
0.993243 0.285714 0.000000
1.013514 0.285714 0.000000
1.033784 0.285714 0.000000
1.054054 0.285714 0.000000
1.074324 0.285714 0.000000
1.094595 0.285714 0.000000
1.114865 0.285714 0.000000
1.135135 0.285714 0.000000
1.155405 0.285714 0.000000
1.175676 0.285714 0.000000
1.195946 0.285714 0.000000
1.216216 0.285714 0.000000
1.236486 0.285714 0.000000
1.256757 0.285714 0.000000
1.277027 0.285714 0.000000
1.297297 0.285714 0.000000
1.317568 0.285714 0.000000
1.337838 0.285714 0.000000
1.358108 0.285714 0.000000
1.378378 0.285714 0.000000
1.398649 0.285714 0.000000
1.418919 0.285714 0.000000
1.439189 0.285714 0.000000
1.459459 0.285714 0.000000
1.479730 0.285714 0.000000
1.500000 0.285714 0.000000
0.000000 0.306122 0.000000
0.020270 0.306122 0.000000
0.040541 0.306122 0.000000
0.060811 0.306122 0.000000
0.081081 0.306122 0.000000
0.101351 0.306122 0.000000
0.121622 0.306122 0.000000
0.141892 0.306122 0.000000
0.162162 0.306122 0.000000
0.182432 0.306122 0.000000
0.202703 0.306122 0.000000
0.222973 0.306122 0.000000
0.243243 0.306122 0.000000
0.263514 0.306122 0.000000
0.283784 0.306122 0.000000
0.304054 0.306122 0.000000
0.324324 0.306122 0.000000
0.344595 0.306122 0.000000
0.364865 0.306122 0.000000
0.385135 0.306122 0.000000
0.405405 0.306122 0.000000
0.425676 0.306122 0.000000
0.445946 0.306122 0.000000
0.466216 0.306122 0.000000
0.486486 0.306122 0.000000
0.506757 0.306122 0.000000
0.527027 0.306122 0.000000
0.547297 0.306122 0.000000
0.567568 0.306122 0.000000
0.587838 0.306122 0.000000
0.608108 0.306122 0.000000
0.628378 0.306122 0.000000
0.648649 0.306122 0.000000
0.668919 0.306122 0.000000
0.689189 0.306122 0.000000
0.709459 0.306122 0.000000
0.729730 0.306122 0.000000
0.750000 0.306122 0.000000
0.770270 0.306122 0.000000
0.790541 0.306122 0.000000
0.810811 0.306122 0.000000
0.831081 0.306122 0.000000
0.851351 0.306122 0.000000
0.871622 0.306122 0.000000
0.891892 0.306122 0.000000
0.912162 0.306122 0.000000
0.932432 0.306122 0.000000
0.952703 0.306122 0.000000
0.972973 0.306122 0.000000
0.993243 0.306122 0.000000
1.013514 0.306122 0.000000
1.033784 0.306122 0.000000
1.054054 0.306122 0.000000
1.074324 0.306122 0.000000
1.094595 0.306122 0.000000
1.114865 0.306122 0.000000
1.135135 0.306122 0.000000
1.155405 0.306122 0.000000
1.175676 0.306122 0.000000
1.195946 0.306122 0.000000
1.216216 0.306122 0.000000
1.236486 0.306122 0.000000
1.256757 0.306122 0.000000
1.277027 0.306122 0.000000
1.297297 0.306122 0.000000
1.317568 0.306122 0.000000
1.337838 0.306122 0.000000
1.358108 0.306122 0.000000
1.378378 0.306122 0.000000
1.398649 0.306122 0.000000
1.418919 0.306122 0.000000
1.439189 0.306122 0.000000
1.459459 0.306122 0.000000
1.479730 0.306122 0.000000
1.500000 0.306122 0.000000
0.000000 0.326531 0.000000
0.020270 0.326531 0.000000
0.040541 0.326531 0.000000
0.060811 0.326531 0.000000
0.081081 0.326531 0.000000
0.101351 0.326531 0.000000
0.121622 0.326531 0.000000
0.141892 0.326531 0.000000
0.162162 0.326531 0.000000
0.182432 0.326531 0.000000
0.202703 0.326531 0.000000
0.222973 0.326531 0.000000
0.243243 0.326531 0.000000
0.263514 0.326531 0.000000
0.283784 0.326531 0.000000
0.304054 0.326531 0.000000
0.324324 0.326531 0.000000
0.344595 0.326531 0.000000
0.364865 0.326531 0.000000
0.385135 0.326531 0.000000
0.405405 0.326531 0.000000
0.425676 0.326531 0.000000
0.445946 0.326531 0.000000
0.466216 0.326531 0.000000
0.486486 0.326531 0.000000
0.506757 0.326531 0.000000
0.527027 0.326531 0.000000
0.547297 0.326531 0.000000
0.567568 0.326531 0.000000
0.587838 0.326531 0.000000
0.608108 0.326531 0.000000
0.628378 0.326531 0.000000
0.648649 0.326531 0.000000
0.668919 0.326531 0.000000
0.689189 0.326531 0.000000
0.709459 0.326531 0.000000
0.729730 0.326531 0.000000
0.750000 0.326531 0.000000
0.770270 0.326531 0.000000
0.790541 0.326531 0.000000
0.810811 0.326531 0.000000
0.831081 0.326531 0.000000
0.851351 0.326531 0.000000
0.871622 0.326531 0.000000
0.891892 0.326531 0.000000
0.912162 0.326531 0.000000
0.932432 0.326531 0.000000
0.952703 0.326531 0.000000
0.972973 0.326531 0.000000
0.993243 0.326531 0.000000
1.013514 0.326531 0.000000
1.033784 0.326531 0.000000
1.054054 0.326531 0.000000
1.074324 0.326531 0.000000
1.094595 0.326531 0.000000
1.114865 0.326531 0.000000
1.135135 0.326531 0.000000
1.155405 0.326531 0.000000
1.175676 0.326531 0.000000
1.195946 0.326531 0.000000
1.216216 0.326531 0.000000
1.236486 0.326531 0.000000
1.256757 0.326531 0.000000
1.277027 0.326531 0.000000
1.297297 0.326531 0.000000
1.317568 0.326531 0.000000
1.337838 0.326531 0.000000
1.358108 0.326531 0.000000
1.378378 0.326531 0.000000
1.398649 0.326531 0.000000
1.418919 0.326531 0.000000
1.439189 0.326531 0.000000
1.459459 0.326531 0.000000
1.479730 0.326531 0.000000
1.500000 0.326531 0.000000
0.000000 0.346939 0.000000
0.020270 0.346939 0.000000
0.040541 0.346939 0.000000
0.060811 0.346939 0.000000
0.081081 0.346939 0.000000
0.101351 0.346939 0.000000
0.121622 0.346939 0.000000
0.141892 0.346939 0.000000
0.162162 0.346939 0.000000
0.182432 0.346939 0.000000
0.202703 0.346939 0.000000
0.222973 0.346939 0.000000
0.243243 0.346939 0.000000
0.263514 0.346939 0.000000
0.283784 0.346939 0.000000
0.304054 0.346939 0.000000
0.324324 0.346939 0.000000
0.344595 0.346939 0.000000
0.364865 0.346939 0.000000
0.385135 0.346939 0.000000
0.405405 0.346939 0.000000
0.425676 0.346939 0.000000
0.445946 0.346939 0.000000
0.466216 0.346939 0.000000
0.486486 0.346939 0.000000
0.506757 0.346939 0.000000
0.527027 0.346939 0.000000
0.547297 0.346939 0.000000
0.567568 0.346939 0.000000
0.587838 0.346939 0.000000
0.608108 0.346939 0.000000
0.628378 0.346939 0.000000
0.648649 0.346939 0.000000
0.668919 0.346939 0.000000
0.689189 0.346939 0.000000
0.709459 0.346939 0.000000
0.729730 0.346939 0.000000
0.750000 0.346939 0.000000
0.770270 0.346939 0.000000
0.790541 0.346939 0.000000
0.810811 0.346939 0.000000
0.831081 0.346939 0.000000
0.851351 0.346939 0.000000
0.871622 0.346939 0.000000
0.891892 0.346939 0.000000
0.912162 0.346939 0.000000
0.932432 0.346939 0.000000
0.952703 0.346939 0.000000
0.972973 0.346939 0.000000
0.993243 0.346939 0.000000
1.013514 0.346939 0.000000
1.033784 0.346939 0.000000
1.054054 0.346939 0.000000
1.074324 0.346939 0.000000
1.094595 0.346939 0.000000
1.114865 0.346939 0.000000
1.135135 0.346939 0.000000
1.155405 0.346939 0.000000
1.175676 0.346939 0.000000
1.195946 0.346939 0.000000
1.216216 0.346939 0.000000
1.236486 0.346939 0.000000
1.256757 0.346939 0.000000
1.277027 0.346939 0.000000
1.297297 0.346939 0.000000
1.317568 0.346939 0.000000
1.337838 0.346939 0.000000
1.358108 0.346939 0.000000
1.378378 0.346939 0.000000
1.398649 0.346939 0.000000
1.418919 0.346939 0.000000
1.439189 0.346939 0.000000
1.459459 0.346939 0.000000
1.479730 0.346939 0.000000
1.500000 0.346939 0.000000
0.000000 0.367347 0.000000
0.020270 0.367347 0.000000
0.040541 0.367347 0.000000
0.060811 0.367347 0.000000
0.081081 0.367347 0.000000
0.101351 0.367347 0.000000
0.121622 0.367347 0.000000
0.141892 0.367347 0.000000
0.162162 0.367347 0.000000
0.182432 0.367347 0.000000
0.202703 0.367347 0.000000
0.222973 0.367347 0.000000
0.243243 0.367347 0.000000
0.263514 0.367347 0.000000
0.283784 0.367347 0.000000
0.304054 0.367347 0.000000
0.324324 0.367347 0.000000
0.344595 0.367347 0.000000
0.364865 0.367347 0.000000
0.385135 0.367347 0.000000
0.405405 0.367347 0.000000
0.425676 0.367347 0.000000
0.445946 0.367347 0.000000
0.466216 0.367347 0.000000
0.486486 0.367347 0.000000
0.506757 0.367347 0.000000
0.527027 0.367347 0.000000
0.547297 0.367347 0.000000
0.567568 0.367347 0.000000
0.587838 0.367347 0.000000
0.608108 0.367347 0.000000
0.628378 0.367347 0.000000
0.648649 0.367347 0.000000
0.668919 0.367347 0.000000
0.689189 0.367347 0.000000
0.709459 0.367347 0.000000
0.729730 0.367347 0.000000
0.750000 0.367347 0.000000
0.770270 0.367347 0.000000
0.790541 0.367347 0.000000
0.810811 0.367347 0.000000
0.831081 0.367347 0.000000
0.851351 0.367347 0.000000
0.871622 0.367347 0.000000
0.891892 0.367347 0.000000
0.912162 0.367347 0.000000
0.932432 0.367347 0.000000
0.952703 0.367347 0.000000
0.972973 0.367347 0.000000
0.993243 0.367347 0.000000
1.013514 0.367347 0.000000
1.033784 0.367347 0.000000
1.054054 0.367347 0.000000
1.074324 0.367347 0.000000
1.094595 0.367347 0.000000
1.114865 0.367347 0.000000
1.135135 0.367347 0.000000
1.155405 0.367347 0.000000
1.175676 0.367347 0.000000
1.195946 0.367347 0.000000
1.216216 0.367347 0.000000
1.236486 0.367347 0.000000
1.256757 0.367347 0.000000
1.277027 0.367347 0.000000
1.297297 0.367347 0.000000
1.317568 0.367347 0.000000
1.337838 0.367347 0.000000
1.358108 0.367347 0.000000
1.378378 0.367347 0.000000
1.398649 0.367347 0.000000
1.418919 0.367347 0.000000
1.439189 0.367347 0.000000
1.459459 0.367347 0.000000
1.479730 0.367347 0.000000
1.500000 0.367347 0.000000
0.000000 0.387755 0.000000
0.020270 0.387755 0.000000
0.040541 0.387755 0.000000
0.060811 0.387755 0.000000
0.081081 0.387755 0.000000
0.101351 0.387755 0.000000
0.121622 0.387755 0.000000
0.141892 0.387755 0.000000
0.162162 0.387755 0.000000
0.182432 0.387755 0.000000
0.202703 0.387755 0.000000
0.222973 0.387755 0.000000
0.243243 0.387755 0.000000
0.263514 0.387755 0.000000
0.283784 0.387755 0.000000
0.304054 0.387755 0.000000
0.324324 0.387755 0.000000
0.344595 0.387755 0.000000
0.364865 0.387755 0.000000
0.385135 0.387755 0.000000
0.405405 0.387755 0.000000
0.425676 0.387755 0.000000
0.445946 0.387755 0.000000
0.466216 0.387755 0.000000
0.486486 0.387755 0.000000
0.506757 0.387755 0.000000
0.527027 0.387755 0.000000
0.547297 0.387755 0.000000
0.567568 0.387755 0.000000
0.587838 0.387755 0.000000
0.608108 0.387755 0.000000
0.628378 0.387755 0.000000
0.648649 0.387755 0.000000
0.668919 0.387755 0.000000
0.689189 0.387755 0.000000
0.709459 0.387755 0.000000
0.729730 0.387755 0.000000
0.750000 0.387755 0.000000
0.770270 0.387755 0.000000
0.790541 0.387755 0.000000
0.810811 0.387755 0.000000
0.831081 0.387755 0.000000
0.851351 0.387755 0.000000
0.871622 0.387755 0.000000
0.891892 0.387755 0.000000
0.912162 0.387755 0.000000
0.932432 0.387755 0.000000
0.952703 0.387755 0.000000
0.972973 0.387755 0.000000
0.993243 0.387755 0.000000
1.013514 0.387755 0.000000
1.033784 0.387755 0.000000
1.054054 0.387755 0.000000
1.074324 0.387755 0.000000
1.094595 0.387755 0.000000
1.114865 0.387755 0.000000
1.135135 0.387755 0.000000
1.155405 0.387755 0.000000
1.175676 0.387755 0.000000
1.195946 0.387755 0.000000
1.216216 0.387755 0.000000
1.236486 0.387755 0.000000
1.256757 0.387755 0.000000
1.277027 0.387755 0.000000
1.297297 0.387755 0.000000
1.317568 0.387755 0.000000
1.337838 0.387755 0.000000
1.358108 0.387755 0.000000
1.378378 0.387755 0.000000
1.398649 0.387755 0.000000
1.418919 0.387755 0.000000
1.439189 0.387755 0.000000
1.459459 0.387755 0.000000
1.479730 0.387755 0.000000
1.500000 0.387755 0.000000
0.000000 0.408163 0.000000
0.020270 0.408163 0.000000
0.040541 0.408163 0.000000
0.060811 0.408163 0.000000
0.081081 0.408163 0.000000
0.101351 0.408163 0.000000
0.121622 0.408163 0.000000
0.141892 0.408163 0.000000
0.162162 0.408163 0.000000
0.182432 0.408163 0.000000
0.202703 0.408163 0.000000
0.222973 0.408163 0.000000
0.243243 0.408163 0.000000
0.263514 0.408163 0.000000
0.283784 0.408163 0.000000
0.304054 0.408163 0.000000
0.324324 0.408163 0.000000
0.344595 0.408163 0.000000
0.364865 0.408163 0.000000
0.385135 0.408163 0.000000
0.405405 0.408163 0.000000
0.425676 0.408163 0.000000
0.445946 0.408163 0.000000
0.466216 0.408163 0.000000
0.486486 0.408163 0.000000
0.506757 0.408163 0.000000
0.527027 0.408163 0.000000
0.547297 0.408163 0.000000
0.567568 0.408163 0.000000
0.587838 0.408163 0.000000
0.608108 0.408163 0.000000
0.628378 0.408163 0.000000
0.648649 0.408163 0.000000
0.668919 0.408163 0.000000
0.689189 0.408163 0.000000
0.709459 0.408163 0.000000
0.729730 0.408163 0.000000
0.750000 0.408163 0.000000
0.770270 0.408163 0.000000
0.790541 0.408163 0.000000
0.810811 0.408163 0.000000
0.831081 0.408163 0.000000
0.851351 0.408163 0.000000
0.871622 0.408163 0.000000
0.891892 0.408163 0.000000
0.912162 0.408163 0.000000
0.932432 0.408163 0.000000
0.952703 0.408163 0.000000
0.972973 0.408163 0.000000
0.993243 0.408163 0.000000
1.013514 0.408163 0.000000
1.033784 0.408163 0.000000
1.054054 0.408163 0.000000
1.074324 0.408163 0.000000
1.094595 0.408163 0.000000
1.114865 0.408163 0.000000
1.135135 0.408163 0.000000
1.155405 0.408163 0.000000
1.175676 0.408163 0.000000
1.195946 0.408163 0.000000
1.216216 0.408163 0.000000
1.236486 0.408163 0.000000
1.256757 0.408163 0.000000
1.277027 0.408163 0.000000
1.297297 0.408163 0.000000
1.317568 0.408163 0.000000
1.337838 0.408163 0.000000
1.358108 0.408163 0.000000
1.378378 0.408163 0.000000
1.398649 0.408163 0.000000
1.418919 0.408163 0.000000
1.439189 0.408163 0.000000
1.459459 0.408163 0.000000
1.479730 0.408163 0.000000
1.500000 0.408163 0.000000
0.000000 0.428571 0.000000
0.020270 0.428571 0.000000
0.040541 0.428571 0.000000
0.060811 0.428571 0.000000
0.081081 0.428571 0.000000
0.101351 0.428571 0.000000
0.121622 0.428571 0.000000
0.141892 0.428571 0.000000
0.162162 0.428571 0.000000
0.182432 0.428571 0.000000
0.202703 0.428571 0.000000
0.222973 0.428571 0.000000
0.243243 0.428571 0.000000
0.263514 0.428571 0.000000
0.283784 0.428571 0.000000
0.304054 0.428571 0.000000
0.324324 0.428571 0.000000
0.344595 0.428571 0.000000
0.364865 0.428571 0.000000
0.385135 0.428571 0.000000
0.405405 0.428571 0.000000
0.425676 0.428571 0.000000
0.445946 0.428571 0.000000
0.466216 0.428571 0.000000
0.486486 0.428571 0.000000
0.506757 0.428571 0.000000
0.527027 0.428571 0.000000
0.547297 0.428571 0.000000
0.567568 0.428571 0.000000
0.587838 0.428571 0.000000
0.608108 0.428571 0.000000
0.628378 0.428571 0.000000
0.648649 0.428571 0.000000
0.668919 0.428571 0.000000
0.689189 0.428571 0.000000
0.709459 0.428571 0.000000
0.729730 0.428571 0.000000
0.750000 0.428571 0.000000
0.770270 0.428571 0.000000
0.790541 0.428571 0.000000
0.810811 0.428571 0.000000
0.831081 0.428571 0.000000
0.851351 0.428571 0.000000
0.871622 0.428571 0.000000
0.891892 0.428571 0.000000
0.912162 0.428571 0.000000
0.932432 0.428571 0.000000
0.952703 0.428571 0.000000
0.972973 0.428571 0.000000
0.993243 0.428571 0.000000
1.013514 0.428571 0.000000
1.033784 0.428571 0.000000
1.054054 0.428571 0.000000
1.074324 0.428571 0.000000
1.094595 0.428571 0.000000
1.114865 0.428571 0.000000
1.135135 0.428571 0.000000
1.155405 0.428571 0.000000
1.175676 0.428571 0.000000
1.195946 0.428571 0.000000
1.216216 0.428571 0.000000
1.236486 0.428571 0.000000
1.256757 0.428571 0.000000
1.277027 0.428571 0.000000
1.297297 0.428571 0.000000
1.317568 0.428571 0.000000
1.337838 0.428571 0.000000
1.358108 0.428571 0.000000
1.378378 0.428571 0.000000
1.398649 0.428571 0.000000
1.418919 0.428571 0.000000
1.439189 0.428571 0.000000
1.459459 0.428571 0.000000
1.479730 0.428571 0.000000
1.500000 0.428571 0.000000
0.000000 0.448980 0.000000
0.020270 0.448980 0.000000
0.040541 0.448980 0.000000
0.060811 0.448980 0.000000
0.081081 0.448980 0.000000
0.101351 0.448980 0.000000
0.121622 0.448980 0.000000
0.141892 0.448980 0.000000
0.162162 0.448980 0.000000
0.182432 0.448980 0.000000
0.202703 0.448980 0.000000
0.222973 0.448980 0.000000
0.243243 0.448980 0.000000
0.263514 0.448980 0.000000
0.283784 0.448980 0.000000
0.304054 0.448980 0.000000
0.324324 0.448980 0.000000
0.344595 0.448980 0.000000
0.364865 0.448980 0.000000
0.385135 0.448980 0.000000
0.405405 0.448980 0.000000
0.425676 0.448980 0.000000
0.445946 0.448980 0.000000
0.466216 0.448980 0.000000
0.486486 0.448980 0.000000
0.506757 0.448980 0.000000
0.527027 0.448980 0.000000
0.547297 0.448980 0.000000
0.567568 0.448980 0.000000
0.587838 0.448980 0.000000
0.608108 0.448980 0.000000
0.628378 0.448980 0.000000
0.648649 0.448980 0.000000
0.668919 0.448980 0.000000
0.689189 0.448980 0.000000
0.709459 0.448980 0.000000
0.729730 0.448980 0.000000
0.750000 0.448980 0.000000
0.770270 0.448980 0.000000
0.790541 0.448980 0.000000
0.810811 0.448980 0.000000
0.831081 0.448980 0.000000
0.851351 0.448980 0.000000
0.871622 0.448980 0.000000
0.891892 0.448980 0.000000
0.912162 0.448980 0.000000
0.932432 0.448980 0.000000
0.952703 0.448980 0.000000
0.972973 0.448980 0.000000
0.993243 0.448980 0.000000
1.013514 0.448980 0.000000
1.033784 0.448980 0.000000
1.054054 0.448980 0.000000
1.074324 0.448980 0.000000
1.094595 0.448980 0.000000
1.114865 0.448980 0.000000
1.135135 0.448980 0.000000
1.155405 0.448980 0.000000
1.175676 0.448980 0.000000
1.195946 0.448980 0.000000
1.216216 0.448980 0.000000
1.236486 0.448980 0.000000
1.256757 0.448980 0.000000
1.277027 0.448980 0.000000
1.297297 0.448980 0.000000
1.317568 0.448980 0.000000
1.337838 0.448980 0.000000
1.358108 0.448980 0.000000
1.378378 0.448980 0.000000
1.398649 0.448980 0.000000
1.418919 0.448980 0.000000
1.439189 0.448980 0.000000
1.459459 0.448980 0.000000
1.479730 0.448980 0.000000
1.500000 0.448980 0.000000
0.000000 0.469388 0.000000
0.020270 0.469388 0.000000
0.040541 0.469388 0.000000
0.060811 0.469388 0.000000
0.081081 0.469388 0.000000
0.101351 0.469388 0.000000
0.121622 0.469388 0.000000
0.141892 0.469388 0.000000
0.162162 0.469388 0.000000
0.182432 0.469388 0.000000
0.202703 0.469388 0.000000
0.222973 0.469388 0.000000
0.243243 0.469388 0.000000
0.263514 0.469388 0.000000
0.283784 0.469388 0.000000
0.304054 0.469388 0.000000
0.324324 0.469388 0.000000
0.344595 0.469388 0.000000
0.364865 0.469388 0.000000
0.385135 0.469388 0.000000
0.405405 0.469388 0.000000
0.425676 0.469388 0.000000
0.445946 0.469388 0.000000
0.466216 0.469388 0.000000
0.486486 0.469388 0.000000
0.506757 0.469388 0.000000
0.527027 0.469388 0.000000
0.547297 0.469388 0.000000
0.567568 0.469388 0.000000
0.587838 0.469388 0.000000
0.608108 0.469388 0.000000
0.628378 0.469388 0.000000
0.648649 0.469388 0.000000
0.668919 0.469388 0.000000
0.689189 0.469388 0.000000
0.709459 0.469388 0.000000
0.729730 0.469388 0.000000
0.750000 0.469388 0.000000
0.770270 0.469388 0.000000
0.790541 0.469388 0.000000
0.810811 0.469388 0.000000
0.831081 0.469388 0.000000
0.851351 0.469388 0.000000
0.871622 0.469388 0.000000
0.891892 0.469388 0.000000
0.912162 0.469388 0.000000
0.932432 0.469388 0.000000
0.952703 0.469388 0.000000
0.972973 0.469388 0.000000
0.993243 0.469388 0.000000
1.013514 0.469388 0.000000
1.033784 0.469388 0.000000
1.054054 0.469388 0.000000
1.074324 0.469388 0.000000
1.094595 0.469388 0.000000
1.114865 0.469388 0.000000
1.135135 0.469388 0.000000
1.155405 0.469388 0.000000
1.175676 0.469388 0.000000
1.195946 0.469388 0.000000
1.216216 0.469388 0.000000
1.236486 0.469388 0.000000
1.256757 0.469388 0.000000
1.277027 0.469388 0.000000
1.297297 0.469388 0.000000
1.317568 0.469388 0.000000
1.337838 0.469388 0.000000
1.358108 0.469388 0.000000
1.378378 0.469388 0.000000
1.398649 0.469388 0.000000
1.418919 0.469388 0.000000
1.439189 0.469388 0.000000
1.459459 0.469388 0.000000
1.479730 0.469388 0.000000
1.500000 0.469388 0.000000
0.000000 0.489796 0.000000
0.020270 0.489796 0.000000
0.040541 0.489796 0.000000
0.060811 0.489796 0.000000
0.081081 0.489796 0.000000
0.101351 0.489796 0.000000
0.121622 0.489796 0.000000
0.141892 0.489796 0.000000
0.162162 0.489796 0.000000
0.182432 0.489796 0.000000
0.202703 0.489796 0.000000
0.222973 0.489796 0.000000
0.243243 0.489796 0.000000
0.263514 0.489796 0.000000
0.283784 0.489796 0.000000
0.304054 0.489796 0.000000
0.324324 0.489796 0.000000
0.344595 0.489796 0.000000
0.364865 0.489796 0.000000
0.385135 0.489796 0.000000
0.405405 0.489796 0.000000
0.425676 0.489796 0.000000
0.445946 0.489796 0.000000
0.466216 0.489796 0.000000
0.486486 0.489796 0.000000
0.506757 0.489796 0.000000
0.527027 0.489796 0.000000
0.547297 0.489796 0.000000
0.567568 0.489796 0.000000
0.587838 0.489796 0.000000
0.608108 0.489796 0.000000
0.628378 0.489796 0.000000
0.648649 0.489796 0.000000
0.668919 0.489796 0.000000
0.689189 0.489796 0.000000
0.709459 0.489796 0.000000
0.729730 0.489796 0.000000
0.750000 0.489796 0.000000
0.770270 0.489796 0.000000
0.790541 0.489796 0.000000
0.810811 0.489796 0.000000
0.831081 0.489796 0.000000
0.851351 0.489796 0.000000
0.871622 0.489796 0.000000
0.891892 0.489796 0.000000
0.912162 0.489796 0.000000
0.932432 0.489796 0.000000
0.952703 0.489796 0.000000
0.972973 0.489796 0.000000
0.993243 0.489796 0.000000
1.013514 0.489796 0.000000
1.033784 0.489796 0.000000
1.054054 0.489796 0.000000
1.074324 0.489796 0.000000
1.094595 0.489796 0.000000
1.114865 0.489796 0.000000
1.135135 0.489796 0.000000
1.155405 0.489796 0.000000
1.175676 0.489796 0.000000
1.195946 0.489796 0.000000
1.216216 0.489796 0.000000
1.236486 0.489796 0.000000
1.256757 0.489796 0.000000
1.277027 0.489796 0.000000
1.297297 0.489796 0.000000
1.317568 0.489796 0.000000
1.337838 0.489796 0.000000
1.358108 0.489796 0.000000
1.378378 0.489796 0.000000
1.398649 0.489796 0.000000
1.418919 0.489796 0.000000
1.439189 0.489796 0.000000
1.459459 0.489796 0.000000
1.479730 0.489796 0.000000
1.500000 0.489796 0.000000
0.000000 0.510204 0.000000
0.020270 0.510204 0.000000
0.040541 0.510204 0.000000
0.060811 0.510204 0.000000
0.081081 0.510204 0.000000
0.101351 0.510204 0.000000
0.121622 0.510204 0.000000
0.141892 0.510204 0.000000
0.162162 0.510204 0.000000
0.182432 0.510204 0.000000
0.202703 0.510204 0.000000
0.222973 0.510204 0.000000
0.243243 0.510204 0.000000
0.263514 0.510204 0.000000
0.283784 0.510204 0.000000
0.304054 0.510204 0.000000
0.324324 0.510204 0.000000
0.344595 0.510204 0.000000
0.364865 0.510204 0.000000
0.385135 0.510204 0.000000
0.405405 0.510204 0.000000
0.425676 0.510204 0.000000
0.445946 0.510204 0.000000
0.466216 0.510204 0.000000
0.486486 0.510204 0.000000
0.506757 0.510204 0.000000
0.527027 0.510204 0.000000
0.547297 0.510204 0.000000
0.567568 0.510204 0.000000
0.587838 0.510204 0.000000
0.608108 0.510204 0.000000
0.628378 0.510204 0.000000
0.648649 0.510204 0.000000
0.668919 0.510204 0.000000
0.689189 0.510204 0.000000
0.709459 0.510204 0.000000
0.729730 0.510204 0.000000
0.750000 0.510204 0.000000
0.770270 0.510204 0.000000
0.790541 0.510204 0.000000
0.810811 0.510204 0.000000
0.831081 0.510204 0.000000
0.851351 0.510204 0.000000
0.871622 0.510204 0.000000
0.891892 0.510204 0.000000
0.912162 0.510204 0.000000
0.932432 0.510204 0.000000
0.952703 0.510204 0.000000
0.972973 0.510204 0.000000
0.993243 0.510204 0.000000
1.013514 0.510204 0.000000
1.033784 0.510204 0.000000
1.054054 0.510204 0.000000
1.074324 0.510204 0.000000
1.094595 0.510204 0.000000
1.114865 0.510204 0.000000
1.135135 0.510204 0.000000
1.155405 0.510204 0.000000
1.175676 0.510204 0.000000
1.195946 0.510204 0.000000
1.216216 0.510204 0.000000
1.236486 0.510204 0.000000
1.256757 0.510204 0.000000
1.277027 0.510204 0.000000
1.297297 0.510204 0.000000
1.317568 0.510204 0.000000
1.337838 0.510204 0.000000
1.358108 0.510204 0.000000
1.378378 0.510204 0.000000
1.398649 0.510204 0.000000
1.418919 0.510204 0.000000
1.439189 0.510204 0.000000
1.459459 0.510204 0.000000
1.479730 0.510204 0.000000
1.500000 0.510204 0.000000
0.000000 0.530612 0.000000
0.020270 0.530612 0.000000
0.040541 0.530612 0.000000
0.060811 0.530612 0.000000
0.081081 0.530612 0.000000
0.101351 0.530612 0.000000
0.121622 0.530612 0.000000
0.141892 0.530612 0.000000
0.162162 0.530612 0.000000
0.182432 0.530612 0.000000
0.202703 0.530612 0.000000
0.222973 0.530612 0.000000
0.243243 0.530612 0.000000
0.263514 0.530612 0.000000
0.283784 0.530612 0.000000
0.304054 0.530612 0.000000
0.324324 0.530612 0.000000
0.344595 0.530612 0.000000
0.364865 0.530612 0.000000
0.385135 0.530612 0.000000
0.405405 0.530612 0.000000
0.425676 0.530612 0.000000
0.445946 0.530612 0.000000
0.466216 0.530612 0.000000
0.486486 0.530612 0.000000
0.506757 0.530612 0.000000
0.527027 0.530612 0.000000
0.547297 0.530612 0.000000
0.567568 0.530612 0.000000
0.587838 0.530612 0.000000
0.608108 0.530612 0.000000
0.628378 0.530612 0.000000
0.648649 0.530612 0.000000
0.668919 0.530612 0.000000
0.689189 0.530612 0.000000
0.709459 0.530612 0.000000
0.729730 0.530612 0.000000
0.750000 0.530612 0.000000
0.770270 0.530612 0.000000
0.790541 0.530612 0.000000
0.810811 0.530612 0.000000
0.831081 0.530612 0.000000
0.851351 0.530612 0.000000
0.871622 0.530612 0.000000
0.891892 0.530612 0.000000
0.912162 0.530612 0.000000
0.932432 0.530612 0.000000
0.952703 0.530612 0.000000
0.972973 0.530612 0.000000
0.993243 0.530612 0.000000
1.013514 0.530612 0.000000
1.033784 0.530612 0.000000
1.054054 0.530612 0.000000
1.074324 0.530612 0.000000
1.094595 0.530612 0.000000
1.114865 0.530612 0.000000
1.135135 0.530612 0.000000
1.155405 0.530612 0.000000
1.175676 0.530612 0.000000
1.195946 0.530612 0.000000
1.216216 0.530612 0.000000
1.236486 0.530612 0.000000
1.256757 0.530612 0.000000
1.277027 0.530612 0.000000
1.297297 0.530612 0.000000
1.317568 0.530612 0.000000
1.337838 0.530612 0.000000
1.358108 0.530612 0.000000
1.378378 0.530612 0.000000
1.398649 0.530612 0.000000
1.418919 0.530612 0.000000
1.439189 0.530612 0.000000
1.459459 0.530612 0.000000
1.479730 0.530612 0.000000
1.500000 0.530612 0.000000
0.000000 0.551020 0.000000
0.020270 0.551020 0.000000
0.040541 0.551020 0.000000
0.060811 0.551020 0.000000
0.081081 0.551020 0.000000
0.101351 0.551020 0.000000
0.121622 0.551020 0.000000
0.141892 0.551020 0.000000
0.162162 0.551020 0.000000
0.182432 0.551020 0.000000
0.202703 0.551020 0.000000
0.222973 0.551020 0.000000
0.243243 0.551020 0.000000
0.263514 0.551020 0.000000
0.283784 0.551020 0.000000
0.304054 0.551020 0.000000
0.324324 0.551020 0.000000
0.344595 0.551020 0.000000
0.364865 0.551020 0.000000
0.385135 0.551020 0.000000
0.405405 0.551020 0.000000
0.425676 0.551020 0.000000
0.445946 0.551020 0.000000
0.466216 0.551020 0.000000
0.486486 0.551020 0.000000
0.506757 0.551020 0.000000
0.527027 0.551020 0.000000
0.547297 0.551020 0.000000
0.567568 0.551020 0.000000
0.587838 0.551020 0.000000
0.608108 0.551020 0.000000
0.628378 0.551020 0.000000
0.648649 0.551020 0.000000
0.668919 0.551020 0.000000
0.689189 0.551020 0.000000
0.709459 0.551020 0.000000
0.729730 0.551020 0.000000
0.750000 0.551020 0.000000
0.770270 0.551020 0.000000
0.790541 0.551020 0.000000
0.810811 0.551020 0.000000
0.831081 0.551020 0.000000
0.851351 0.551020 0.000000
0.871622 0.551020 0.000000
0.891892 0.551020 0.000000
0.912162 0.551020 0.000000
0.932432 0.551020 0.000000
0.952703 0.551020 0.000000
0.972973 0.551020 0.000000
0.993243 0.551020 0.000000
1.013514 0.551020 0.000000
1.033784 0.551020 0.000000
1.054054 0.551020 0.000000
1.074324 0.551020 0.000000
1.094595 0.551020 0.000000
1.114865 0.551020 0.000000
1.135135 0.551020 0.000000
1.155405 0.551020 0.000000
1.175676 0.551020 0.000000
1.195946 0.551020 0.000000
1.216216 0.551020 0.000000
1.236486 0.551020 0.000000
1.256757 0.551020 0.000000
1.277027 0.551020 0.000000
1.297297 0.551020 0.000000
1.317568 0.551020 0.000000
1.337838 0.551020 0.000000
1.358108 0.551020 0.000000
1.378378 0.551020 0.000000
1.398649 0.551020 0.000000
1.418919 0.551020 0.000000
1.439189 0.551020 0.000000
1.459459 0.551020 0.000000
1.479730 0.551020 0.000000
1.500000 0.551020 0.000000
0.000000 0.571429 0.000000
0.020270 0.571429 0.000000
0.040541 0.571429 0.000000
0.060811 0.571429 0.000000
0.081081 0.571429 0.000000
0.101351 0.571429 0.000000
0.121622 0.571429 0.000000
0.141892 0.571429 0.000000
0.162162 0.571429 0.000000
0.182432 0.571429 0.000000
0.202703 0.571429 0.000000
0.222973 0.571429 0.000000
0.243243 0.571429 0.000000
0.263514 0.571429 0.000000
0.283784 0.571429 0.000000
0.304054 0.571429 0.000000
0.324324 0.571429 0.000000
0.344595 0.571429 0.000000
0.364865 0.571429 0.000000
0.385135 0.571429 0.000000
0.405405 0.571429 0.000000
0.425676 0.571429 0.000000
0.445946 0.571429 0.000000
0.466216 0.571429 0.000000
0.486486 0.571429 0.000000
0.506757 0.571429 0.000000
0.527027 0.571429 0.000000
0.547297 0.571429 0.000000
0.567568 0.571429 0.000000
0.587838 0.571429 0.000000
0.608108 0.571429 0.000000
0.628378 0.571429 0.000000
0.648649 0.571429 0.000000
0.668919 0.571429 0.000000
0.689189 0.571429 0.000000
0.709459 0.571429 0.000000
0.729730 0.571429 0.000000
0.750000 0.571429 0.000000
0.770270 0.571429 0.000000
0.790541 0.571429 0.000000
0.810811 0.571429 0.000000
0.831081 0.571429 0.000000
0.851351 0.571429 0.000000
0.871622 0.571429 0.000000
0.891892 0.571429 0.000000
0.912162 0.571429 0.000000
0.932432 0.571429 0.000000
0.952703 0.571429 0.000000
0.972973 0.571429 0.000000
0.993243 0.571429 0.000000
1.013514 0.571429 0.000000
1.033784 0.571429 0.000000
1.054054 0.571429 0.000000
1.074324 0.571429 0.000000
1.094595 0.571429 0.000000
1.114865 0.571429 0.000000
1.135135 0.571429 0.000000
1.155405 0.571429 0.000000
1.175676 0.571429 0.000000
1.195946 0.571429 0.000000
1.216216 0.571429 0.000000
1.236486 0.571429 0.000000
1.256757 0.571429 0.000000
1.277027 0.571429 0.000000
1.297297 0.571429 0.000000
1.317568 0.571429 0.000000
1.337838 0.571429 0.000000
1.358108 0.571429 0.000000
1.378378 0.571429 0.000000
1.398649 0.571429 0.000000
1.418919 0.571429 0.000000
1.439189 0.571429 0.000000
1.459459 0.571429 0.000000
1.479730 0.571429 0.000000
1.500000 0.571429 0.000000
0.000000 0.591837 0.000000
0.020270 0.591837 0.000000
0.040541 0.591837 0.000000
0.060811 0.591837 0.000000
0.081081 0.591837 0.000000
0.101351 0.591837 0.000000
0.121622 0.591837 0.000000
0.141892 0.591837 0.000000
0.162162 0.591837 0.000000
0.182432 0.591837 0.000000
0.202703 0.591837 0.000000
0.222973 0.591837 0.000000
0.243243 0.591837 0.000000
0.263514 0.591837 0.000000
0.283784 0.591837 0.000000
0.304054 0.591837 0.000000
0.324324 0.591837 0.000000
0.344595 0.591837 0.000000
0.364865 0.591837 0.000000
0.385135 0.591837 0.000000
0.405405 0.591837 0.000000
0.425676 0.591837 0.000000
0.445946 0.591837 0.000000
0.466216 0.591837 0.000000
0.486486 0.591837 0.000000
0.506757 0.591837 0.000000
0.527027 0.591837 0.000000
0.547297 0.591837 0.000000
0.567568 0.591837 0.000000
0.587838 0.591837 0.000000
0.608108 0.591837 0.000000
0.628378 0.591837 0.000000
0.648649 0.591837 0.000000
0.668919 0.591837 0.000000
0.689189 0.591837 0.000000
0.709459 0.591837 0.000000
0.729730 0.591837 0.000000
0.750000 0.591837 0.000000
0.770270 0.591837 0.000000
0.790541 0.591837 0.000000
0.810811 0.591837 0.000000
0.831081 0.591837 0.000000
0.851351 0.591837 0.000000
0.871622 0.591837 0.000000
0.891892 0.591837 0.000000
0.912162 0.591837 0.000000
0.932432 0.591837 0.000000
0.952703 0.591837 0.000000
0.972973 0.591837 0.000000
0.993243 0.591837 0.000000
1.013514 0.591837 0.000000
1.033784 0.591837 0.000000
1.054054 0.591837 0.000000
1.074324 0.591837 0.000000
1.094595 0.591837 0.000000
1.114865 0.591837 0.000000
1.135135 0.591837 0.000000
1.155405 0.591837 0.000000
1.175676 0.591837 0.000000
1.195946 0.591837 0.000000
1.216216 0.591837 0.000000
1.236486 0.591837 0.000000
1.256757 0.591837 0.000000
1.277027 0.591837 0.000000
1.297297 0.591837 0.000000
1.317568 0.591837 0.000000
1.337838 0.591837 0.000000
1.358108 0.591837 0.000000
1.378378 0.591837 0.000000
1.398649 0.591837 0.000000
1.418919 0.591837 0.000000
1.439189 0.591837 0.000000
1.459459 0.591837 0.000000
1.479730 0.591837 0.000000
1.500000 0.591837 0.000000
0.000000 0.612245 0.000000
0.020270 0.612245 0.000000
0.040541 0.612245 0.000000
0.060811 0.612245 0.000000
0.081081 0.612245 0.000000
0.101351 0.612245 0.000000
0.121622 0.612245 0.000000
0.141892 0.612245 0.000000
0.162162 0.612245 0.000000
0.182432 0.612245 0.000000
0.202703 0.612245 0.000000
0.222973 0.612245 0.000000
0.243243 0.612245 0.000000
0.263514 0.612245 0.000000
0.283784 0.612245 0.000000
0.304054 0.612245 0.000000
0.324324 0.612245 0.000000
0.344595 0.612245 0.000000
0.364865 0.612245 0.000000
0.385135 0.612245 0.000000
0.405405 0.612245 0.000000
0.425676 0.612245 0.000000
0.445946 0.612245 0.000000
0.466216 0.612245 0.000000
0.486486 0.612245 0.000000
0.506757 0.612245 0.000000
0.527027 0.612245 0.000000
0.547297 0.612245 0.000000
0.567568 0.612245 0.000000
0.587838 0.612245 0.000000
0.608108 0.612245 0.000000
0.628378 0.612245 0.000000
0.648649 0.612245 0.000000
0.668919 0.612245 0.000000
0.689189 0.612245 0.000000
0.709459 0.612245 0.000000
0.729730 0.612245 0.000000
0.750000 0.612245 0.000000
0.770270 0.612245 0.000000
0.790541 0.612245 0.000000
0.810811 0.612245 0.000000
0.831081 0.612245 0.000000
0.851351 0.612245 0.000000
0.871622 0.612245 0.000000
0.891892 0.612245 0.000000
0.912162 0.612245 0.000000
0.932432 0.612245 0.000000
0.952703 0.612245 0.000000
0.972973 0.612245 0.000000
0.993243 0.612245 0.000000
1.013514 0.612245 0.000000
1.033784 0.612245 0.000000
1.054054 0.612245 0.000000
1.074324 0.612245 0.000000
1.094595 0.612245 0.000000
1.114865 0.612245 0.000000
1.135135 0.612245 0.000000
1.155405 0.612245 0.000000
1.175676 0.612245 0.000000
1.195946 0.612245 0.000000
1.216216 0.612245 0.000000
1.236486 0.612245 0.000000
1.256757 0.612245 0.000000
1.277027 0.612245 0.000000
1.297297 0.612245 0.000000
1.317568 0.612245 0.000000
1.337838 0.612245 0.000000
1.358108 0.612245 0.000000
1.378378 0.612245 0.000000
1.398649 0.612245 0.000000
1.418919 0.612245 0.000000
1.439189 0.612245 0.000000
1.459459 0.612245 0.000000
1.479730 0.612245 0.000000
1.500000 0.612245 0.000000
0.000000 0.632653 0.000000
0.020270 0.632653 0.000000
0.040541 0.632653 0.000000
0.060811 0.632653 0.000000
0.081081 0.632653 0.000000
0.101351 0.632653 0.000000
0.121622 0.632653 0.000000
0.141892 0.632653 0.000000
0.162162 0.632653 0.000000
0.182432 0.632653 0.000000
0.202703 0.632653 0.000000
0.222973 0.632653 0.000000
0.243243 0.632653 0.000000
0.263514 0.632653 0.000000
0.283784 0.632653 0.000000
0.304054 0.632653 0.000000
0.324324 0.632653 0.000000
0.344595 0.632653 0.000000
0.364865 0.632653 0.000000
0.385135 0.632653 0.000000
0.405405 0.632653 0.000000
0.425676 0.632653 0.000000
0.445946 0.632653 0.000000
0.466216 0.632653 0.000000
0.486486 0.632653 0.000000
0.506757 0.632653 0.000000
0.527027 0.632653 0.000000
0.547297 0.632653 0.000000
0.567568 0.632653 0.000000
0.587838 0.632653 0.000000
0.608108 0.632653 0.000000
0.628378 0.632653 0.000000
0.648649 0.632653 0.000000
0.668919 0.632653 0.000000
0.689189 0.632653 0.000000
0.709459 0.632653 0.000000
0.729730 0.632653 0.000000
0.750000 0.632653 0.000000
0.770270 0.632653 0.000000
0.790541 0.632653 0.000000
0.810811 0.632653 0.000000
0.831081 0.632653 0.000000
0.851351 0.632653 0.000000
0.871622 0.632653 0.000000
0.891892 0.632653 0.000000
0.912162 0.632653 0.000000
0.932432 0.632653 0.000000
0.952703 0.632653 0.000000
0.972973 0.632653 0.000000
0.993243 0.632653 0.000000
1.013514 0.632653 0.000000
1.033784 0.632653 0.000000
1.054054 0.632653 0.000000
1.074324 0.632653 0.000000
1.094595 0.632653 0.000000
1.114865 0.632653 0.000000
1.135135 0.632653 0.000000
1.155405 0.632653 0.000000
1.175676 0.632653 0.000000
1.195946 0.632653 0.000000
1.216216 0.632653 0.000000
1.236486 0.632653 0.000000
1.256757 0.632653 0.000000
1.277027 0.632653 0.000000
1.297297 0.632653 0.000000
1.317568 0.632653 0.000000
1.337838 0.632653 0.000000
1.358108 0.632653 0.000000
1.378378 0.632653 0.000000
1.398649 0.632653 0.000000
1.418919 0.632653 0.000000
1.439189 0.632653 0.000000
1.459459 0.632653 0.000000
1.479730 0.632653 0.000000
1.500000 0.632653 0.000000
0.000000 0.653061 0.000000
0.020270 0.653061 0.000000
0.040541 0.653061 0.000000
0.060811 0.653061 0.000000
0.081081 0.653061 0.000000
0.101351 0.653061 0.000000
0.121622 0.653061 0.000000
0.141892 0.653061 0.000000
0.162162 0.653061 0.000000
0.182432 0.653061 0.000000
0.202703 0.653061 0.000000
0.222973 0.653061 0.000000
0.243243 0.653061 0.000000
0.263514 0.653061 0.000000
0.283784 0.653061 0.000000
0.304054 0.653061 0.000000
0.324324 0.653061 0.000000
0.344595 0.653061 0.000000
0.364865 0.653061 0.000000
0.385135 0.653061 0.000000
0.405405 0.653061 0.000000
0.425676 0.653061 0.000000
0.445946 0.653061 0.000000
0.466216 0.653061 0.000000
0.486486 0.653061 0.000000
0.506757 0.653061 0.000000
0.527027 0.653061 0.000000
0.547297 0.653061 0.000000
0.567568 0.653061 0.000000
0.587838 0.653061 0.000000
0.608108 0.653061 0.000000
0.628378 0.653061 0.000000
0.648649 0.653061 0.000000
0.668919 0.653061 0.000000
0.689189 0.653061 0.000000
0.709459 0.653061 0.000000
0.729730 0.653061 0.000000
0.750000 0.653061 0.000000
0.770270 0.653061 0.000000
0.790541 0.653061 0.000000
0.810811 0.653061 0.000000
0.831081 0.653061 0.000000
0.851351 0.653061 0.000000
0.871622 0.653061 0.000000
0.891892 0.653061 0.000000
0.912162 0.653061 0.000000
0.932432 0.653061 0.000000
0.952703 0.653061 0.000000
0.972973 0.653061 0.000000
0.993243 0.653061 0.000000
1.013514 0.653061 0.000000
1.033784 0.653061 0.000000
1.054054 0.653061 0.000000
1.074324 0.653061 0.000000
1.094595 0.653061 0.000000
1.114865 0.653061 0.000000
1.135135 0.653061 0.000000
1.155405 0.653061 0.000000
1.175676 0.653061 0.000000
1.195946 0.653061 0.000000
1.216216 0.653061 0.000000
1.236486 0.653061 0.000000
1.256757 0.653061 0.000000
1.277027 0.653061 0.000000
1.297297 0.653061 0.000000
1.317568 0.653061 0.000000
1.337838 0.653061 0.000000
1.358108 0.653061 0.000000
1.378378 0.653061 0.000000
1.398649 0.653061 0.000000
1.418919 0.653061 0.000000
1.439189 0.653061 0.000000
1.459459 0.653061 0.000000
1.479730 0.653061 0.000000
1.500000 0.653061 0.000000
0.000000 0.673469 0.000000
0.020270 0.673469 0.000000
0.040541 0.673469 0.000000
0.060811 0.673469 0.000000
0.081081 0.673469 0.000000
0.101351 0.673469 0.000000
0.121622 0.673469 0.000000
0.141892 0.673469 0.000000
0.162162 0.673469 0.000000
0.182432 0.673469 0.000000
0.202703 0.673469 0.000000
0.222973 0.673469 0.000000
0.243243 0.673469 0.000000
0.263514 0.673469 0.000000
0.283784 0.673469 0.000000
0.304054 0.673469 0.000000
0.324324 0.673469 0.000000
0.344595 0.673469 0.000000
0.364865 0.673469 0.000000
0.385135 0.673469 0.000000
0.405405 0.673469 0.000000
0.425676 0.673469 0.000000
0.445946 0.673469 0.000000
0.466216 0.673469 0.000000
0.486486 0.673469 0.000000
0.506757 0.673469 0.000000
0.527027 0.673469 0.000000
0.547297 0.673469 0.000000
0.567568 0.673469 0.000000
0.587838 0.673469 0.000000
0.608108 0.673469 0.000000
0.628378 0.673469 0.000000
0.648649 0.673469 0.000000
0.668919 0.673469 0.000000
0.689189 0.673469 0.000000
0.709459 0.673469 0.000000
0.729730 0.673469 0.000000
0.750000 0.673469 0.000000
0.770270 0.673469 0.000000
0.790541 0.673469 0.000000
0.810811 0.673469 0.000000
0.831081 0.673469 0.000000
0.851351 0.673469 0.000000
0.871622 0.673469 0.000000
0.891892 0.673469 0.000000
0.912162 0.673469 0.000000
0.932432 0.673469 0.000000
0.952703 0.673469 0.000000
0.972973 0.673469 0.000000
0.993243 0.673469 0.000000
1.013514 0.673469 0.000000
1.033784 0.673469 0.000000
1.054054 0.673469 0.000000
1.074324 0.673469 0.000000
1.094595 0.673469 0.000000
1.114865 0.673469 0.000000
1.135135 0.673469 0.000000
1.155405 0.673469 0.000000
1.175676 0.673469 0.000000
1.195946 0.673469 0.000000
1.216216 0.673469 0.000000
1.236486 0.673469 0.000000
1.256757 0.673469 0.000000
1.277027 0.673469 0.000000
1.297297 0.673469 0.000000
1.317568 0.673469 0.000000
1.337838 0.673469 0.000000
1.358108 0.673469 0.000000
1.378378 0.673469 0.000000
1.398649 0.673469 0.000000
1.418919 0.673469 0.000000
1.439189 0.673469 0.000000
1.459459 0.673469 0.000000
1.479730 0.673469 0.000000
1.500000 0.673469 0.000000
0.000000 0.693878 0.000000
0.020270 0.693878 0.000000
0.040541 0.693878 0.000000
0.060811 0.693878 0.000000
0.081081 0.693878 0.000000
0.101351 0.693878 0.000000
0.121622 0.693878 0.000000
0.141892 0.693878 0.000000
0.162162 0.693878 0.000000
0.182432 0.693878 0.000000
0.202703 0.693878 0.000000
0.222973 0.693878 0.000000
0.243243 0.693878 0.000000
0.263514 0.693878 0.000000
0.283784 0.693878 0.000000
0.304054 0.693878 0.000000
0.324324 0.693878 0.000000
0.344595 0.693878 0.000000
0.364865 0.693878 0.000000
0.385135 0.693878 0.000000
0.405405 0.693878 0.000000
0.425676 0.693878 0.000000
0.445946 0.693878 0.000000
0.466216 0.693878 0.000000
0.486486 0.693878 0.000000
0.506757 0.693878 0.000000
0.527027 0.693878 0.000000
0.547297 0.693878 0.000000
0.567568 0.693878 0.000000
0.587838 0.693878 0.000000
0.608108 0.693878 0.000000
0.628378 0.693878 0.000000
0.648649 0.693878 0.000000
0.668919 0.693878 0.000000
0.689189 0.693878 0.000000
0.709459 0.693878 0.000000
0.729730 0.693878 0.000000
0.750000 0.693878 0.000000
0.770270 0.693878 0.000000
0.790541 0.693878 0.000000
0.810811 0.693878 0.000000
0.831081 0.693878 0.000000
0.851351 0.693878 0.000000
0.871622 0.693878 0.000000
0.891892 0.693878 0.000000
0.912162 0.693878 0.000000
0.932432 0.693878 0.000000
0.952703 0.693878 0.000000
0.972973 0.693878 0.000000
0.993243 0.693878 0.000000
1.013514 0.693878 0.000000
1.033784 0.693878 0.000000
1.054054 0.693878 0.000000
1.074324 0.693878 0.000000
1.094595 0.693878 0.000000
1.114865 0.693878 0.000000
1.135135 0.693878 0.000000
1.155405 0.693878 0.000000
1.175676 0.693878 0.000000
1.195946 0.693878 0.000000
1.216216 0.693878 0.000000
1.236486 0.693878 0.000000
1.256757 0.693878 0.000000
1.277027 0.693878 0.000000
1.297297 0.693878 0.000000
1.317568 0.693878 0.000000
1.337838 0.693878 0.000000
1.358108 0.693878 0.000000
1.378378 0.693878 0.000000
1.398649 0.693878 0.000000
1.418919 0.693878 0.000000
1.439189 0.693878 0.000000
1.459459 0.693878 0.000000
1.479730 0.693878 0.000000
1.500000 0.693878 0.000000
0.000000 0.714286 0.000000
0.020270 0.714286 0.000000
0.040541 0.714286 0.000000
0.060811 0.714286 0.000000
0.081081 0.714286 0.000000
0.101351 0.714286 0.000000
0.121622 0.714286 0.000000
0.141892 0.714286 0.000000
0.162162 0.714286 0.000000
0.182432 0.714286 0.000000
0.202703 0.714286 0.000000
0.222973 0.714286 0.000000
0.243243 0.714286 0.000000
0.263514 0.714286 0.000000
0.283784 0.714286 0.000000
0.304054 0.714286 0.000000
0.324324 0.714286 0.000000
0.344595 0.714286 0.000000
0.364865 0.714286 0.000000
0.385135 0.714286 0.000000
0.405405 0.714286 0.000000
0.425676 0.714286 0.000000
0.445946 0.714286 0.000000
0.466216 0.714286 0.000000
0.486486 0.714286 0.000000
0.506757 0.714286 0.000000
0.527027 0.714286 0.000000
0.547297 0.714286 0.000000
0.567568 0.714286 0.000000
0.587838 0.714286 0.000000
0.608108 0.714286 0.000000
0.628378 0.714286 0.000000
0.648649 0.714286 0.000000
0.668919 0.714286 0.000000
0.689189 0.714286 0.000000
0.709459 0.714286 0.000000
0.729730 0.714286 0.000000
0.750000 0.714286 0.000000
0.770270 0.714286 0.000000
0.790541 0.714286 0.000000
0.810811 0.714286 0.000000
0.831081 0.714286 0.000000
0.851351 0.714286 0.000000
0.871622 0.714286 0.000000
0.891892 0.714286 0.000000
0.912162 0.714286 0.000000
0.932432 0.714286 0.000000
0.952703 0.714286 0.000000
0.972973 0.714286 0.000000
0.993243 0.714286 0.000000
1.013514 0.714286 0.000000
1.033784 0.714286 0.000000
1.054054 0.714286 0.000000
1.074324 0.714286 0.000000
1.094595 0.714286 0.000000
1.114865 0.714286 0.000000
1.135135 0.714286 0.000000
1.155405 0.714286 0.000000
1.175676 0.714286 0.000000
1.195946 0.714286 0.000000
1.216216 0.714286 0.000000
1.236486 0.714286 0.000000
1.256757 0.714286 0.000000
1.277027 0.714286 0.000000
1.297297 0.714286 0.000000
1.317568 0.714286 0.000000
1.337838 0.714286 0.000000
1.358108 0.714286 0.000000
1.378378 0.714286 0.000000
1.398649 0.714286 0.000000
1.418919 0.714286 0.000000
1.439189 0.714286 0.000000
1.459459 0.714286 0.000000
1.479730 0.714286 0.000000
1.500000 0.714286 0.000000
0.000000 0.734694 0.000000
0.020270 0.734694 0.000000
0.040541 0.734694 0.000000
0.060811 0.734694 0.000000
0.081081 0.734694 0.000000
0.101351 0.734694 0.000000
0.121622 0.734694 0.000000
0.141892 0.734694 0.000000
0.162162 0.734694 0.000000
0.182432 0.734694 0.000000
0.202703 0.734694 0.000000
0.222973 0.734694 0.000000
0.243243 0.734694 0.000000
0.263514 0.734694 0.000000
0.283784 0.734694 0.000000
0.304054 0.734694 0.000000
0.324324 0.734694 0.000000
0.344595 0.734694 0.000000
0.364865 0.734694 0.000000
0.385135 0.734694 0.000000
0.405405 0.734694 0.000000
0.425676 0.734694 0.000000
0.445946 0.734694 0.000000
0.466216 0.734694 0.000000
0.486486 0.734694 0.000000
0.506757 0.734694 0.000000
0.527027 0.734694 0.000000
0.547297 0.734694 0.000000
0.567568 0.734694 0.000000
0.587838 0.734694 0.000000
0.608108 0.734694 0.000000
0.628378 0.734694 0.000000
0.648649 0.734694 0.000000
0.668919 0.734694 0.000000
0.689189 0.734694 0.000000
0.709459 0.734694 0.000000
0.729730 0.734694 0.000000
0.750000 0.734694 0.000000
0.770270 0.734694 0.000000
0.790541 0.734694 0.000000
0.810811 0.734694 0.000000
0.831081 0.734694 0.000000
0.851351 0.734694 0.000000
0.871622 0.734694 0.000000
0.891892 0.734694 0.000000
0.912162 0.734694 0.000000
0.932432 0.734694 0.000000
0.952703 0.734694 0.000000
0.972973 0.734694 0.000000
0.993243 0.734694 0.000000
1.013514 0.734694 0.000000
1.033784 0.734694 0.000000
1.054054 0.734694 0.000000
1.074324 0.734694 0.000000
1.094595 0.734694 0.000000
1.114865 0.734694 0.000000
1.135135 0.734694 0.000000
1.155405 0.734694 0.000000
1.175676 0.734694 0.000000
1.195946 0.734694 0.000000
1.216216 0.734694 0.000000
1.236486 0.734694 0.000000
1.256757 0.734694 0.000000
1.277027 0.734694 0.000000
1.297297 0.734694 0.000000
1.317568 0.734694 0.000000
1.337838 0.734694 0.000000
1.358108 0.734694 0.000000
1.378378 0.734694 0.000000
1.398649 0.734694 0.000000
1.418919 0.734694 0.000000
1.439189 0.734694 0.000000
1.459459 0.734694 0.000000
1.479730 0.734694 0.000000
1.500000 0.734694 0.000000
0.000000 0.755102 0.000000
0.020270 0.755102 0.000000
0.040541 0.755102 0.000000
0.060811 0.755102 0.000000
0.081081 0.755102 0.000000
0.101351 0.755102 0.000000
0.121622 0.755102 0.000000
0.141892 0.755102 0.000000
0.162162 0.755102 0.000000
0.182432 0.755102 0.000000
0.202703 0.755102 0.000000
0.222973 0.755102 0.000000
0.243243 0.755102 0.000000
0.263514 0.755102 0.000000
0.283784 0.755102 0.000000
0.304054 0.755102 0.000000
0.324324 0.755102 0.000000
0.344595 0.755102 0.000000
0.364865 0.755102 0.000000
0.385135 0.755102 0.000000
0.405405 0.755102 0.000000
0.425676 0.755102 0.000000
0.445946 0.755102 0.000000
0.466216 0.755102 0.000000
0.486486 0.755102 0.000000
0.506757 0.755102 0.000000
0.527027 0.755102 0.000000
0.547297 0.755102 0.000000
0.567568 0.755102 0.000000
0.587838 0.755102 0.000000
0.608108 0.755102 0.000000
0.628378 0.755102 0.000000
0.648649 0.755102 0.000000
0.668919 0.755102 0.000000
0.689189 0.755102 0.000000
0.709459 0.755102 0.000000
0.729730 0.755102 0.000000
0.750000 0.755102 0.000000
0.770270 0.755102 0.000000
0.790541 0.755102 0.000000
0.810811 0.755102 0.000000
0.831081 0.755102 0.000000
0.851351 0.755102 0.000000
0.871622 0.755102 0.000000
0.891892 0.755102 0.000000
0.912162 0.755102 0.000000
0.932432 0.755102 0.000000
0.952703 0.755102 0.000000
0.972973 0.755102 0.000000
0.993243 0.755102 0.000000
1.013514 0.755102 0.000000
1.033784 0.755102 0.000000
1.054054 0.755102 0.000000
1.074324 0.755102 0.000000
1.094595 0.755102 0.000000
1.114865 0.755102 0.000000
1.135135 0.755102 0.000000
1.155405 0.755102 0.000000
1.175676 0.755102 0.000000
1.195946 0.755102 0.000000
1.216216 0.755102 0.000000
1.236486 0.755102 0.000000
1.256757 0.755102 0.000000
1.277027 0.755102 0.000000
1.297297 0.755102 0.000000
1.317568 0.755102 0.000000
1.337838 0.755102 0.000000
1.358108 0.755102 0.000000
1.378378 0.755102 0.000000
1.398649 0.755102 0.000000
1.418919 0.755102 0.000000
1.439189 0.755102 0.000000
1.459459 0.755102 0.000000
1.479730 0.755102 0.000000
1.500000 0.755102 0.000000
0.000000 0.775510 0.000000
0.020270 0.775510 0.000000
0.040541 0.775510 0.000000
0.060811 0.775510 0.000000
0.081081 0.775510 0.000000
0.101351 0.775510 0.000000
0.121622 0.775510 0.000000
0.141892 0.775510 0.000000
0.162162 0.775510 0.000000
0.182432 0.775510 0.000000
0.202703 0.775510 0.000000
0.222973 0.775510 0.000000
0.243243 0.775510 0.000000
0.263514 0.775510 0.000000
0.283784 0.775510 0.000000
0.304054 0.775510 0.000000
0.324324 0.775510 0.000000
0.344595 0.775510 0.000000
0.364865 0.775510 0.000000
0.385135 0.775510 0.000000
0.405405 0.775510 0.000000
0.425676 0.775510 0.000000
0.445946 0.775510 0.000000
0.466216 0.775510 0.000000
0.486486 0.775510 0.000000
0.506757 0.775510 0.000000
0.527027 0.775510 0.000000
0.547297 0.775510 0.000000
0.567568 0.775510 0.000000
0.587838 0.775510 0.000000
0.608108 0.775510 0.000000
0.628378 0.775510 0.000000
0.648649 0.775510 0.000000
0.668919 0.775510 0.000000
0.689189 0.775510 0.000000
0.709459 0.775510 0.000000
0.729730 0.775510 0.000000
0.750000 0.775510 0.000000
0.770270 0.775510 0.000000
0.790541 0.775510 0.000000
0.810811 0.775510 0.000000
0.831081 0.775510 0.000000
0.851351 0.775510 0.000000
0.871622 0.775510 0.000000
0.891892 0.775510 0.000000
0.912162 0.775510 0.000000
0.932432 0.775510 0.000000
0.952703 0.775510 0.000000
0.972973 0.775510 0.000000
0.993243 0.775510 0.000000
1.013514 0.775510 0.000000
1.033784 0.775510 0.000000
1.054054 0.775510 0.000000
1.074324 0.775510 0.000000
1.094595 0.775510 0.000000
1.114865 0.775510 0.000000
1.135135 0.775510 0.000000
1.155405 0.775510 0.000000
1.175676 0.775510 0.000000
1.195946 0.775510 0.000000
1.216216 0.775510 0.000000
1.236486 0.775510 0.000000
1.256757 0.775510 0.000000
1.277027 0.775510 0.000000
1.297297 0.775510 0.000000
1.317568 0.775510 0.000000
1.337838 0.775510 0.000000
1.358108 0.775510 0.000000
1.378378 0.775510 0.000000
1.398649 0.775510 0.000000
1.418919 0.775510 0.000000
1.439189 0.775510 0.000000
1.459459 0.775510 0.000000
1.479730 0.775510 0.000000
1.500000 0.775510 0.000000
0.000000 0.795918 0.000000
0.020270 0.795918 0.000000
0.040541 0.795918 0.000000
0.060811 0.795918 0.000000
0.081081 0.795918 0.000000
0.101351 0.795918 0.000000
0.121622 0.795918 0.000000
0.141892 0.795918 0.000000
0.162162 0.795918 0.000000
0.182432 0.795918 0.000000
0.202703 0.795918 0.000000
0.222973 0.795918 0.000000
0.243243 0.795918 0.000000
0.263514 0.795918 0.000000
0.283784 0.795918 0.000000
0.304054 0.795918 0.000000
0.324324 0.795918 0.000000
0.344595 0.795918 0.000000
0.364865 0.795918 0.000000
0.385135 0.795918 0.000000
0.405405 0.795918 0.000000
0.425676 0.795918 0.000000
0.445946 0.795918 0.000000
0.466216 0.795918 0.000000
0.486486 0.795918 0.000000
0.506757 0.795918 0.000000
0.527027 0.795918 0.000000
0.547297 0.795918 0.000000
0.567568 0.795918 0.000000
0.587838 0.795918 0.000000
0.608108 0.795918 0.000000
0.628378 0.795918 0.000000
0.648649 0.795918 0.000000
0.668919 0.795918 0.000000
0.689189 0.795918 0.000000
0.709459 0.795918 0.000000
0.729730 0.795918 0.000000
0.750000 0.795918 0.000000
0.770270 0.795918 0.000000
0.790541 0.795918 0.000000
0.810811 0.795918 0.000000
0.831081 0.795918 0.000000
0.851351 0.795918 0.000000
0.871622 0.795918 0.000000
0.891892 0.795918 0.000000
0.912162 0.795918 0.000000
0.932432 0.795918 0.000000
0.952703 0.795918 0.000000
0.972973 0.795918 0.000000
0.993243 0.795918 0.000000
1.013514 0.795918 0.000000
1.033784 0.795918 0.000000
1.054054 0.795918 0.000000
1.074324 0.795918 0.000000
1.094595 0.795918 0.000000
1.114865 0.795918 0.000000
1.135135 0.795918 0.000000
1.155405 0.795918 0.000000
1.175676 0.795918 0.000000
1.195946 0.795918 0.000000
1.216216 0.795918 0.000000
1.236486 0.795918 0.000000
1.256757 0.795918 0.000000
1.277027 0.795918 0.000000
1.297297 0.795918 0.000000
1.317568 0.795918 0.000000
1.337838 0.795918 0.000000
1.358108 0.795918 0.000000
1.378378 0.795918 0.000000
1.398649 0.795918 0.000000
1.418919 0.795918 0.000000
1.439189 0.795918 0.000000
1.459459 0.795918 0.000000
1.479730 0.795918 0.000000
1.500000 0.795918 0.000000
0.000000 0.816327 0.000000
0.020270 0.816327 0.000000
0.040541 0.816327 0.000000
0.060811 0.816327 0.000000
0.081081 0.816327 0.000000
0.101351 0.816327 0.000000
0.121622 0.816327 0.000000
0.141892 0.816327 0.000000
0.162162 0.816327 0.000000
0.182432 0.816327 0.000000
0.202703 0.816327 0.000000
0.222973 0.816327 0.000000
0.243243 0.816327 0.000000
0.263514 0.816327 0.000000
0.283784 0.816327 0.000000
0.304054 0.816327 0.000000
0.324324 0.816327 0.000000
0.344595 0.816327 0.000000
0.364865 0.816327 0.000000
0.385135 0.816327 0.000000
0.405405 0.816327 0.000000
0.425676 0.816327 0.000000
0.445946 0.816327 0.000000
0.466216 0.816327 0.000000
0.486486 0.816327 0.000000
0.506757 0.816327 0.000000
0.527027 0.816327 0.000000
0.547297 0.816327 0.000000
0.567568 0.816327 0.000000
0.587838 0.816327 0.000000
0.608108 0.816327 0.000000
0.628378 0.816327 0.000000
0.648649 0.816327 0.000000
0.668919 0.816327 0.000000
0.689189 0.816327 0.000000
0.709459 0.816327 0.000000
0.729730 0.816327 0.000000
0.750000 0.816327 0.000000
0.770270 0.816327 0.000000
0.790541 0.816327 0.000000
0.810811 0.816327 0.000000
0.831081 0.816327 0.000000
0.851351 0.816327 0.000000
0.871622 0.816327 0.000000
0.891892 0.816327 0.000000
0.912162 0.816327 0.000000
0.932432 0.816327 0.000000
0.952703 0.816327 0.000000
0.972973 0.816327 0.000000
0.993243 0.816327 0.000000
1.013514 0.816327 0.000000
1.033784 0.816327 0.000000
1.054054 0.816327 0.000000
1.074324 0.816327 0.000000
1.094595 0.816327 0.000000
1.114865 0.816327 0.000000
1.135135 0.816327 0.000000
1.155405 0.816327 0.000000
1.175676 0.816327 0.000000
1.195946 0.816327 0.000000
1.216216 0.816327 0.000000
1.236486 0.816327 0.000000
1.256757 0.816327 0.000000
1.277027 0.816327 0.000000
1.297297 0.816327 0.000000
1.317568 0.816327 0.000000
1.337838 0.816327 0.000000
1.358108 0.816327 0.000000
1.378378 0.816327 0.000000
1.398649 0.816327 0.000000
1.418919 0.816327 0.000000
1.439189 0.816327 0.000000
1.459459 0.816327 0.000000
1.479730 0.816327 0.000000
1.500000 0.816327 0.000000
0.000000 0.836735 0.000000
0.020270 0.836735 0.000000
0.040541 0.836735 0.000000
0.060811 0.836735 0.000000
0.081081 0.836735 0.000000
0.101351 0.836735 0.000000
0.121622 0.836735 0.000000
0.141892 0.836735 0.000000
0.162162 0.836735 0.000000
0.182432 0.836735 0.000000
0.202703 0.836735 0.000000
0.222973 0.836735 0.000000
0.243243 0.836735 0.000000
0.263514 0.836735 0.000000
0.283784 0.836735 0.000000
0.304054 0.836735 0.000000
0.324324 0.836735 0.000000
0.344595 0.836735 0.000000
0.364865 0.836735 0.000000
0.385135 0.836735 0.000000
0.405405 0.836735 0.000000
0.425676 0.836735 0.000000
0.445946 0.836735 0.000000
0.466216 0.836735 0.000000
0.486486 0.836735 0.000000
0.506757 0.836735 0.000000
0.527027 0.836735 0.000000
0.547297 0.836735 0.000000
0.567568 0.836735 0.000000
0.587838 0.836735 0.000000
0.608108 0.836735 0.000000
0.628378 0.836735 0.000000
0.648649 0.836735 0.000000
0.668919 0.836735 0.000000
0.689189 0.836735 0.000000
0.709459 0.836735 0.000000
0.729730 0.836735 0.000000
0.750000 0.836735 0.000000
0.770270 0.836735 0.000000
0.790541 0.836735 0.000000
0.810811 0.836735 0.000000
0.831081 0.836735 0.000000
0.851351 0.836735 0.000000
0.871622 0.836735 0.000000
0.891892 0.836735 0.000000
0.912162 0.836735 0.000000
0.932432 0.836735 0.000000
0.952703 0.836735 0.000000
0.972973 0.836735 0.000000
0.993243 0.836735 0.000000
1.013514 0.836735 0.000000
1.033784 0.836735 0.000000
1.054054 0.836735 0.000000
1.074324 0.836735 0.000000
1.094595 0.836735 0.000000
1.114865 0.836735 0.000000
1.135135 0.836735 0.000000
1.155405 0.836735 0.000000
1.175676 0.836735 0.000000
1.195946 0.836735 0.000000
1.216216 0.836735 0.000000
1.236486 0.836735 0.000000
1.256757 0.836735 0.000000
1.277027 0.836735 0.000000
1.297297 0.836735 0.000000
1.317568 0.836735 0.000000
1.337838 0.836735 0.000000
1.358108 0.836735 0.000000
1.378378 0.836735 0.000000
1.398649 0.836735 0.000000
1.418919 0.836735 0.000000
1.439189 0.836735 0.000000
1.459459 0.836735 0.000000
1.479730 0.836735 0.000000
1.500000 0.836735 0.000000
0.000000 0.857143 0.000000
0.020270 0.857143 0.000000
0.040541 0.857143 0.000000
0.060811 0.857143 0.000000
0.081081 0.857143 0.000000
0.101351 0.857143 0.000000
0.121622 0.857143 0.000000
0.141892 0.857143 0.000000
0.162162 0.857143 0.000000
0.182432 0.857143 0.000000
0.202703 0.857143 0.000000
0.222973 0.857143 0.000000
0.243243 0.857143 0.000000
0.263514 0.857143 0.000000
0.283784 0.857143 0.000000
0.304054 0.857143 0.000000
0.324324 0.857143 0.000000
0.344595 0.857143 0.000000
0.364865 0.857143 0.000000
0.385135 0.857143 0.000000
0.405405 0.857143 0.000000
0.425676 0.857143 0.000000
0.445946 0.857143 0.000000
0.466216 0.857143 0.000000
0.486486 0.857143 0.000000
0.506757 0.857143 0.000000
0.527027 0.857143 0.000000
0.547297 0.857143 0.000000
0.567568 0.857143 0.000000
0.587838 0.857143 0.000000
0.608108 0.857143 0.000000
0.628378 0.857143 0.000000
0.648649 0.857143 0.000000
0.668919 0.857143 0.000000
0.689189 0.857143 0.000000
0.709459 0.857143 0.000000
0.729730 0.857143 0.000000
0.750000 0.857143 0.000000
0.770270 0.857143 0.000000
0.790541 0.857143 0.000000
0.810811 0.857143 0.000000
0.831081 0.857143 0.000000
0.851351 0.857143 0.000000
0.871622 0.857143 0.000000
0.891892 0.857143 0.000000
0.912162 0.857143 0.000000
0.932432 0.857143 0.000000
0.952703 0.857143 0.000000
0.972973 0.857143 0.000000
0.993243 0.857143 0.000000
1.013514 0.857143 0.000000
1.033784 0.857143 0.000000
1.054054 0.857143 0.000000
1.074324 0.857143 0.000000
1.094595 0.857143 0.000000
1.114865 0.857143 0.000000
1.135135 0.857143 0.000000
1.155405 0.857143 0.000000
1.175676 0.857143 0.000000
1.195946 0.857143 0.000000
1.216216 0.857143 0.000000
1.236486 0.857143 0.000000
1.256757 0.857143 0.000000
1.277027 0.857143 0.000000
1.297297 0.857143 0.000000
1.317568 0.857143 0.000000
1.337838 0.857143 0.000000
1.358108 0.857143 0.000000
1.378378 0.857143 0.000000
1.398649 0.857143 0.000000
1.418919 0.857143 0.000000
1.439189 0.857143 0.000000
1.459459 0.857143 0.000000
1.479730 0.857143 0.000000
1.500000 0.857143 0.000000
0.000000 0.877551 0.000000
0.020270 0.877551 0.000000
0.040541 0.877551 0.000000
0.060811 0.877551 0.000000
0.081081 0.877551 0.000000
0.101351 0.877551 0.000000
0.121622 0.877551 0.000000
0.141892 0.877551 0.000000
0.162162 0.877551 0.000000
0.182432 0.877551 0.000000
0.202703 0.877551 0.000000
0.222973 0.877551 0.000000
0.243243 0.877551 0.000000
0.263514 0.877551 0.000000
0.283784 0.877551 0.000000
0.304054 0.877551 0.000000
0.324324 0.877551 0.000000
0.344595 0.877551 0.000000
0.364865 0.877551 0.000000
0.385135 0.877551 0.000000
0.405405 0.877551 0.000000
0.425676 0.877551 0.000000
0.445946 0.877551 0.000000
0.466216 0.877551 0.000000
0.486486 0.877551 0.000000
0.506757 0.877551 0.000000
0.527027 0.877551 0.000000
0.547297 0.877551 0.000000
0.567568 0.877551 0.000000
0.587838 0.877551 0.000000
0.608108 0.877551 0.000000
0.628378 0.877551 0.000000
0.648649 0.877551 0.000000
0.668919 0.877551 0.000000
0.689189 0.877551 0.000000
0.709459 0.877551 0.000000
0.729730 0.877551 0.000000
0.750000 0.877551 0.000000
0.770270 0.877551 0.000000
0.790541 0.877551 0.000000
0.810811 0.877551 0.000000
0.831081 0.877551 0.000000
0.851351 0.877551 0.000000
0.871622 0.877551 0.000000
0.891892 0.877551 0.000000
0.912162 0.877551 0.000000
0.932432 0.877551 0.000000
0.952703 0.877551 0.000000
0.972973 0.877551 0.000000
0.993243 0.877551 0.000000
1.013514 0.877551 0.000000
1.033784 0.877551 0.000000
1.054054 0.877551 0.000000
1.074324 0.877551 0.000000
1.094595 0.877551 0.000000
1.114865 0.877551 0.000000
1.135135 0.877551 0.000000
1.155405 0.877551 0.000000
1.175676 0.877551 0.000000
1.195946 0.877551 0.000000
1.216216 0.877551 0.000000
1.236486 0.877551 0.000000
1.256757 0.877551 0.000000
1.277027 0.877551 0.000000
1.297297 0.877551 0.000000
1.317568 0.877551 0.000000
1.337838 0.877551 0.000000
1.358108 0.877551 0.000000
1.378378 0.877551 0.000000
1.398649 0.877551 0.000000
1.418919 0.877551 0.000000
1.439189 0.877551 0.000000
1.459459 0.877551 0.000000
1.479730 0.877551 0.000000
1.500000 0.877551 0.000000
0.000000 0.897959 0.000000
0.020270 0.897959 0.000000
0.040541 0.897959 0.000000
0.060811 0.897959 0.000000
0.081081 0.897959 0.000000
0.101351 0.897959 0.000000
0.121622 0.897959 0.000000
0.141892 0.897959 0.000000
0.162162 0.897959 0.000000
0.182432 0.897959 0.000000
0.202703 0.897959 0.000000
0.222973 0.897959 0.000000
0.243243 0.897959 0.000000
0.263514 0.897959 0.000000
0.283784 0.897959 0.000000
0.304054 0.897959 0.000000
0.324324 0.897959 0.000000
0.344595 0.897959 0.000000
0.364865 0.897959 0.000000
0.385135 0.897959 0.000000
0.405405 0.897959 0.000000
0.425676 0.897959 0.000000
0.445946 0.897959 0.000000
0.466216 0.897959 0.000000
0.486486 0.897959 0.000000
0.506757 0.897959 0.000000
0.527027 0.897959 0.000000
0.547297 0.897959 0.000000
0.567568 0.897959 0.000000
0.587838 0.897959 0.000000
0.608108 0.897959 0.000000
0.628378 0.897959 0.000000
0.648649 0.897959 0.000000
0.668919 0.897959 0.000000
0.689189 0.897959 0.000000
0.709459 0.897959 0.000000
0.729730 0.897959 0.000000
0.750000 0.897959 0.000000
0.770270 0.897959 0.000000
0.790541 0.897959 0.000000
0.810811 0.897959 0.000000
0.831081 0.897959 0.000000
0.851351 0.897959 0.000000
0.871622 0.897959 0.000000
0.891892 0.897959 0.000000
0.912162 0.897959 0.000000
0.932432 0.897959 0.000000
0.952703 0.897959 0.000000
0.972973 0.897959 0.000000
0.993243 0.897959 0.000000
1.013514 0.897959 0.000000
1.033784 0.897959 0.000000
1.054054 0.897959 0.000000
1.074324 0.897959 0.000000
1.094595 0.897959 0.000000
1.114865 0.897959 0.000000
1.135135 0.897959 0.000000
1.155405 0.897959 0.000000
1.175676 0.897959 0.000000
1.195946 0.897959 0.000000
1.216216 0.897959 0.000000
1.236486 0.897959 0.000000
1.256757 0.897959 0.000000
1.277027 0.897959 0.000000
1.297297 0.897959 0.000000
1.317568 0.897959 0.000000
1.337838 0.897959 0.000000
1.358108 0.897959 0.000000
1.378378 0.897959 0.000000
1.398649 0.897959 0.000000
1.418919 0.897959 0.000000
1.439189 0.897959 0.000000
1.459459 0.897959 0.000000
1.479730 0.897959 0.000000
1.500000 0.897959 0.000000
0.000000 0.918367 0.000000
0.020270 0.918367 0.000000
0.040541 0.918367 0.000000
0.060811 0.918367 0.000000
0.081081 0.918367 0.000000
0.101351 0.918367 0.000000
0.121622 0.918367 0.000000
0.141892 0.918367 0.000000
0.162162 0.918367 0.000000
0.182432 0.918367 0.000000
0.202703 0.918367 0.000000
0.222973 0.918367 0.000000
0.243243 0.918367 0.000000
0.263514 0.918367 0.000000
0.283784 0.918367 0.000000
0.304054 0.918367 0.000000
0.324324 0.918367 0.000000
0.344595 0.918367 0.000000
0.364865 0.918367 0.000000
0.385135 0.918367 0.000000
0.405405 0.918367 0.000000
0.425676 0.918367 0.000000
0.445946 0.918367 0.000000
0.466216 0.918367 0.000000
0.486486 0.918367 0.000000
0.506757 0.918367 0.000000
0.527027 0.918367 0.000000
0.547297 0.918367 0.000000
0.567568 0.918367 0.000000
0.587838 0.918367 0.000000
0.608108 0.918367 0.000000
0.628378 0.918367 0.000000
0.648649 0.918367 0.000000
0.668919 0.918367 0.000000
0.689189 0.918367 0.000000
0.709459 0.918367 0.000000
0.729730 0.918367 0.000000
0.750000 0.918367 0.000000
0.770270 0.918367 0.000000
0.790541 0.918367 0.000000
0.810811 0.918367 0.000000
0.831081 0.918367 0.000000
0.851351 0.918367 0.000000
0.871622 0.918367 0.000000
0.891892 0.918367 0.000000
0.912162 0.918367 0.000000
0.932432 0.918367 0.000000
0.952703 0.918367 0.000000
0.972973 0.918367 0.000000
0.993243 0.918367 0.000000
1.013514 0.918367 0.000000
1.033784 0.918367 0.000000
1.054054 0.918367 0.000000
1.074324 0.918367 0.000000
1.094595 0.918367 0.000000
1.114865 0.918367 0.000000
1.135135 0.918367 0.000000
1.155405 0.918367 0.000000
1.175676 0.918367 0.000000
1.195946 0.918367 0.000000
1.216216 0.918367 0.000000
1.236486 0.918367 0.000000
1.256757 0.918367 0.000000
1.277027 0.918367 0.000000
1.297297 0.918367 0.000000
1.317568 0.918367 0.000000
1.337838 0.918367 0.000000
1.358108 0.918367 0.000000
1.378378 0.918367 0.000000
1.398649 0.918367 0.000000
1.418919 0.918367 0.000000
1.439189 0.918367 0.000000
1.459459 0.918367 0.000000
1.479730 0.918367 0.000000
1.500000 0.918367 0.000000
0.000000 0.938776 0.000000
0.020270 0.938776 0.000000
0.040541 0.938776 0.000000
0.060811 0.938776 0.000000
0.081081 0.938776 0.000000
0.101351 0.938776 0.000000
0.121622 0.938776 0.000000
0.141892 0.938776 0.000000
0.162162 0.938776 0.000000
0.182432 0.938776 0.000000
0.202703 0.938776 0.000000
0.222973 0.938776 0.000000
0.243243 0.938776 0.000000
0.263514 0.938776 0.000000
0.283784 0.938776 0.000000
0.304054 0.938776 0.000000
0.324324 0.938776 0.000000
0.344595 0.938776 0.000000
0.364865 0.938776 0.000000
0.385135 0.938776 0.000000
0.405405 0.938776 0.000000
0.425676 0.938776 0.000000
0.445946 0.938776 0.000000
0.466216 0.938776 0.000000
0.486486 0.938776 0.000000
0.506757 0.938776 0.000000
0.527027 0.938776 0.000000
0.547297 0.938776 0.000000
0.567568 0.938776 0.000000
0.587838 0.938776 0.000000
0.608108 0.938776 0.000000
0.628378 0.938776 0.000000
0.648649 0.938776 0.000000
0.668919 0.938776 0.000000
0.689189 0.938776 0.000000
0.709459 0.938776 0.000000
0.729730 0.938776 0.000000
0.750000 0.938776 0.000000
0.770270 0.938776 0.000000
0.790541 0.938776 0.000000
0.810811 0.938776 0.000000
0.831081 0.938776 0.000000
0.851351 0.938776 0.000000
0.871622 0.938776 0.000000
0.891892 0.938776 0.000000
0.912162 0.938776 0.000000
0.932432 0.938776 0.000000
0.952703 0.938776 0.000000
0.972973 0.938776 0.000000
0.993243 0.938776 0.000000
1.013514 0.938776 0.000000
1.033784 0.938776 0.000000
1.054054 0.938776 0.000000
1.074324 0.938776 0.000000
1.094595 0.938776 0.000000
1.114865 0.938776 0.000000
1.135135 0.938776 0.000000
1.155405 0.938776 0.000000
1.175676 0.938776 0.000000
1.195946 0.938776 0.000000
1.216216 0.938776 0.000000
1.236486 0.938776 0.000000
1.256757 0.938776 0.000000
1.277027 0.938776 0.000000
1.297297 0.938776 0.000000
1.317568 0.938776 0.000000
1.337838 0.938776 0.000000
1.358108 0.938776 0.000000
1.378378 0.938776 0.000000
1.398649 0.938776 0.000000
1.418919 0.938776 0.000000
1.439189 0.938776 0.000000
1.459459 0.938776 0.000000
1.479730 0.938776 0.000000
1.500000 0.938776 0.000000
0.000000 0.959184 0.000000
0.020270 0.959184 0.000000
0.040541 0.959184 0.000000
0.060811 0.959184 0.000000
0.081081 0.959184 0.000000
0.101351 0.959184 0.000000
0.121622 0.959184 0.000000
0.141892 0.959184 0.000000
0.162162 0.959184 0.000000
0.182432 0.959184 0.000000
0.202703 0.959184 0.000000
0.222973 0.959184 0.000000
0.243243 0.959184 0.000000
0.263514 0.959184 0.000000
0.283784 0.959184 0.000000
0.304054 0.959184 0.000000
0.324324 0.959184 0.000000
0.344595 0.959184 0.000000
0.364865 0.959184 0.000000
0.385135 0.959184 0.000000
0.405405 0.959184 0.000000
0.425676 0.959184 0.000000
0.445946 0.959184 0.000000
0.466216 0.959184 0.000000
0.486486 0.959184 0.000000
0.506757 0.959184 0.000000
0.527027 0.959184 0.000000
0.547297 0.959184 0.000000
0.567568 0.959184 0.000000
0.587838 0.959184 0.000000
0.608108 0.959184 0.000000
0.628378 0.959184 0.000000
0.648649 0.959184 0.000000
0.668919 0.959184 0.000000
0.689189 0.959184 0.000000
0.709459 0.959184 0.000000
0.729730 0.959184 0.000000
0.750000 0.959184 0.000000
0.770270 0.959184 0.000000
0.790541 0.959184 0.000000
0.810811 0.959184 0.000000
0.831081 0.959184 0.000000
0.851351 0.959184 0.000000
0.871622 0.959184 0.000000
0.891892 0.959184 0.000000
0.912162 0.959184 0.000000
0.932432 0.959184 0.000000
0.952703 0.959184 0.000000
0.972973 0.959184 0.000000
0.993243 0.959184 0.000000
1.013514 0.959184 0.000000
1.033784 0.959184 0.000000
1.054054 0.959184 0.000000
1.074324 0.959184 0.000000
1.094595 0.959184 0.000000
1.114865 0.959184 0.000000
1.135135 0.959184 0.000000
1.155405 0.959184 0.000000
1.175676 0.959184 0.000000
1.195946 0.959184 0.000000
1.216216 0.959184 0.000000
1.236486 0.959184 0.000000
1.256757 0.959184 0.000000
1.277027 0.959184 0.000000
1.297297 0.959184 0.000000
1.317568 0.959184 0.000000
1.337838 0.959184 0.000000
1.358108 0.959184 0.000000
1.378378 0.959184 0.000000
1.398649 0.959184 0.000000
1.418919 0.959184 0.000000
1.439189 0.959184 0.000000
1.459459 0.959184 0.000000
1.479730 0.959184 0.000000
1.500000 0.959184 0.000000
0.000000 0.979592 0.000000
0.020270 0.979592 0.000000
0.040541 0.979592 0.000000
0.060811 0.979592 0.000000
0.081081 0.979592 0.000000
0.101351 0.979592 0.000000
0.121622 0.979592 0.000000
0.141892 0.979592 0.000000
0.162162 0.979592 0.000000
0.182432 0.979592 0.000000
0.202703 0.979592 0.000000
0.222973 0.979592 0.000000
0.243243 0.979592 0.000000
0.263514 0.979592 0.000000
0.283784 0.979592 0.000000
0.304054 0.979592 0.000000
0.324324 0.979592 0.000000
0.344595 0.979592 0.000000
0.364865 0.979592 0.000000
0.385135 0.979592 0.000000
0.405405 0.979592 0.000000
0.425676 0.979592 0.000000
0.445946 0.979592 0.000000
0.466216 0.979592 0.000000
0.486486 0.979592 0.000000
0.506757 0.979592 0.000000
0.527027 0.979592 0.000000
0.547297 0.979592 0.000000
0.567568 0.979592 0.000000
0.587838 0.979592 0.000000
0.608108 0.979592 0.000000
0.628378 0.979592 0.000000
0.648649 0.979592 0.000000
0.668919 0.979592 0.000000
0.689189 0.979592 0.000000
0.709459 0.979592 0.000000
0.729730 0.979592 0.000000
0.750000 0.979592 0.000000
0.770270 0.979592 0.000000
0.790541 0.979592 0.000000
0.810811 0.979592 0.000000
0.831081 0.979592 0.000000
0.851351 0.979592 0.000000
0.871622 0.979592 0.000000
0.891892 0.979592 0.000000
0.912162 0.979592 0.000000
0.932432 0.979592 0.000000
0.952703 0.979592 0.000000
0.972973 0.979592 0.000000
0.993243 0.979592 0.000000
1.013514 0.979592 0.000000
1.033784 0.979592 0.000000
1.054054 0.979592 0.000000
1.074324 0.979592 0.000000
1.094595 0.979592 0.000000
1.114865 0.979592 0.000000
1.135135 0.979592 0.000000
1.155405 0.979592 0.000000
1.175676 0.979592 0.000000
1.195946 0.979592 0.000000
1.216216 0.979592 0.000000
1.236486 0.979592 0.000000
1.256757 0.979592 0.000000
1.277027 0.979592 0.000000
1.297297 0.979592 0.000000
1.317568 0.979592 0.000000
1.337838 0.979592 0.000000
1.358108 0.979592 0.000000
1.378378 0.979592 0.000000
1.398649 0.979592 0.000000
1.418919 0.979592 0.000000
1.439189 0.979592 0.000000
1.459459 0.979592 0.000000
1.479730 0.979592 0.000000
1.500000 0.979592 0.000000
0.000000 1.000000 0.000000
0.020270 1.000000 0.000000
0.040541 1.000000 0.000000
0.060811 1.000000 0.000000
0.081081 1.000000 0.000000
0.101351 1.000000 0.000000
0.121622 1.000000 0.000000
0.141892 1.000000 0.000000
0.162162 1.000000 0.000000
0.182432 1.000000 0.000000
0.202703 1.000000 0.000000
0.222973 1.000000 0.000000
0.243243 1.000000 0.000000
0.263514 1.000000 0.000000
0.283784 1.000000 0.000000
0.304054 1.000000 0.000000
0.324324 1.000000 0.000000
0.344595 1.000000 0.000000
0.364865 1.000000 0.000000
0.385135 1.000000 0.000000
0.405405 1.000000 0.000000
0.425676 1.000000 0.000000
0.445946 1.000000 0.000000
0.466216 1.000000 0.000000
0.486486 1.000000 0.000000
0.506757 1.000000 0.000000
0.527027 1.000000 0.000000
0.547297 1.000000 0.000000
0.567568 1.000000 0.000000
0.587838 1.000000 0.000000
0.608108 1.000000 0.000000
0.628378 1.000000 0.000000
0.648649 1.000000 0.000000
0.668919 1.000000 0.000000
0.689189 1.000000 0.000000
0.709459 1.000000 0.000000
0.729730 1.000000 0.000000
0.750000 1.000000 0.000000
0.770270 1.000000 0.000000
0.790541 1.000000 0.000000
0.810811 1.000000 0.000000
0.831081 1.000000 0.000000
0.851351 1.000000 0.000000
0.871622 1.000000 0.000000
0.891892 1.000000 0.000000
0.912162 1.000000 0.000000
0.932432 1.000000 0.000000
0.952703 1.000000 0.000000
0.972973 1.000000 0.000000
0.993243 1.000000 0.000000
1.013514 1.000000 0.000000
1.033784 1.000000 0.000000
1.054054 1.000000 0.000000
1.074324 1.000000 0.000000
1.094595 1.000000 0.000000
1.114865 1.000000 0.000000
1.135135 1.000000 0.000000
1.155405 1.000000 0.000000
1.175676 1.000000 0.000000
1.195946 1.000000 0.000000
1.216216 1.000000 0.000000
1.236486 1.000000 0.000000
1.256757 1.000000 0.000000
1.277027 1.000000 0.000000
1.297297 1.000000 0.000000
1.317568 1.000000 0.000000
1.337838 1.000000 0.000000
1.358108 1.000000 0.000000
1.378378 1.000000 0.000000
1.398649 1.000000 0.000000
1.418919 1.000000 0.000000
1.439189 1.000000 0.000000
1.459459 1.000000 0.000000
1.479730 1.000000 0.000000
1.500000 1.000000 0.000000

POINT_DATA 3750
VECTORS velocity float
0.000000 0.000000 0.000000
0.020270 0.000000 0.000000
0.040541 0.000000 0.000000
0.060811 0.000000 0.000000
0.081081 0.000000 0.000000
0.101351 0.000000 0.000000
0.121622 0.000000 0.000000
0.141892 0.000000 0.000000
0.162162 0.000000 0.000000
0.182432 0.000000 0.000000
0.202703 0.000000 0.000000
0.222973 0.000000 0.000000
0.243243 0.000000 0.000000
0.263514 0.000000 0.000000
0.283784 0.000000 0.000000
0.304054 0.000000 0.000000
0.324324 0.000000 0.000000
0.344595 0.000000 0.000000
0.364865 0.000000 0.000000
0.385135 0.000000 0.000000
0.405405 0.000000 0.000000
0.425676 0.000000 0.000000
0.445946 0.000000 0.000000
0.466216 0.000000 0.000000
0.486486 0.000000 0.000000
0.506757 0.000000 0.000000
0.527027 0.000000 0.000000
0.547297 0.000000 0.000000
0.567568 0.000000 0.000000
0.587838 0.000000 0.000000
0.608108 0.000000 0.000000
0.628378 0.000000 0.000000
0.648649 0.000000 0.000000
0.668919 0.000000 0.000000
0.689189 0.000000 0.000000
0.709459 0.000000 0.000000
0.729730 0.000000 0.000000
0.750000 0.000000 0.000000
0.770270 0.000000 0.000000
0.790541 0.000000 0.000000
0.810811 0.000000 0.000000
0.831081 0.000000 0.000000
0.851351 0.000000 0.000000
0.871622 0.000000 0.000000
0.891892 0.000000 0.000000
0.912162 0.000000 0.000000
0.932432 0.000000 0.000000
0.952703 0.000000 0.000000
0.972973 0.000000 0.000000
0.993243 0.000000 0.000000
1.013514 0.000000 0.000000
1.033784 0.000000 0.000000
1.054054 0.000000 0.000000
1.074324 0.000000 0.000000
1.094595 0.000000 0.000000
1.114865 0.000000 0.000000
1.135135 0.000000 0.000000
1.155405 0.000000 0.000000
1.175676 0.000000 0.000000
1.195946 0.000000 0.000000
1.216216 0.000000 0.000000
1.236486 0.000000 0.000000
1.256757 0.000000 0.000000
1.277027 0.000000 0.000000
1.297297 0.000000 0.000000
1.317568 0.000000 0.000000
1.337838 0.000000 0.000000
1.358108 0.000000 0.000000
1.378378 0.000000 0.000000
1.398649 0.000000 0.000000
1.418919 0.000000 0.000000
1.439189 0.000000 0.000000
1.459459 0.000000 0.000000
1.479730 0.000000 0.000000
1.500000 0.000000 0.000000
0.000000 0.020408 0.000000
0.020270 0.020408 0.000000
0.040541 0.020408 0.000000
0.060811 0.020408 0.000000
0.081081 0.020408 0.000000
0.101351 0.020408 0.000000
0.121622 0.020408 0.000000
0.141892 0.020408 0.000000
0.162162 0.020408 0.000000
0.182432 0.020408 0.000000
0.202703 0.020408 0.000000
0.222973 0.020408 0.000000
0.243243 0.020408 0.000000
0.263514 0.020408 0.000000
0.283784 0.020408 0.000000
0.304054 0.020408 0.000000
0.324324 0.020408 0.000000
0.344595 0.020408 0.000000
0.364865 0.020408 0.000000
0.385135 0.020408 0.000000
0.405405 0.020408 0.000000
0.425676 0.020408 0.000000
0.445946 0.020408 0.000000
0.466216 0.020408 0.000000
0.486486 0.020408 0.000000
0.506757 0.020408 0.000000
0.527027 0.020408 0.000000
0.547297 0.020408 0.000000
0.567568 0.020408 0.000000
0.587838 0.020408 0.000000
0.608108 0.020408 0.000000
0.628378 0.020408 0.000000
0.648649 0.020408 0.000000
0.668919 0.020408 0.000000
0.689189 0.020408 0.000000
0.709459 0.020408 0.000000
0.729730 0.020408 0.000000
0.750000 0.020408 0.000000
0.770270 0.020408 0.000000
0.790541 0.020408 0.000000
0.810811 0.020408 0.000000
0.831081 0.020408 0.000000
0.851351 0.020408 0.000000
0.871622 0.020408 0.000000
0.891892 0.020408 0.000000
0.912162 0.020408 0.000000
0.932432 0.020408 0.000000
0.952703 0.020408 0.000000
0.972973 0.020408 0.000000
0.993243 0.020408 0.000000
1.013514 0.020408 0.000000
1.033784 0.020408 0.000000
1.054054 0.020408 0.000000
1.074324 0.020408 0.000000
1.094595 0.020408 0.000000
1.114865 0.020408 0.000000
1.135135 0.020408 0.000000
1.155405 0.020408 0.000000
1.175676 0.020408 0.000000
1.195946 0.020408 0.000000
1.216216 0.020408 0.000000
1.236486 0.020408 0.000000
1.256757 0.020408 0.000000
1.277027 0.020408 0.000000
1.297297 0.020408 0.000000
1.317568 0.020408 0.000000
1.337838 0.020408 0.000000
1.358108 0.020408 0.000000
1.378378 0.020408 0.000000
1.398649 0.020408 0.000000
1.418919 0.020408 0.000000
1.439189 0.020408 0.000000
1.459459 0.020408 0.000000
1.479730 0.020408 0.000000
1.500000 0.020408 0.000000
0.000000 0.040816 0.000000
0.020270 0.040816 0.000000
0.040541 0.040816 0.000000
0.060811 0.040816 0.000000
0.081081 0.040816 0.000000
0.101351 0.040816 0.000000
0.121622 0.040816 0.000000
0.141892 0.040816 0.000000
0.162162 0.040816 0.000000
0.182432 0.040816 0.000000
0.202703 0.040816 0.000000
0.222973 0.040816 0.000000
0.243243 0.040816 0.000000
0.263514 0.040816 0.000000
0.283784 0.040816 0.000000
0.304054 0.040816 0.000000
0.324324 0.040816 0.000000
0.344595 0.040816 0.000000
0.364865 0.040816 0.000000
0.385135 0.040816 0.000000
0.405405 0.040816 0.000000
0.425676 0.040816 0.000000
0.445946 0.040816 0.000000
0.466216 0.040816 0.000000
0.486486 0.040816 0.000000
0.506757 0.040816 0.000000
0.527027 0.040816 0.000000
0.547297 0.040816 0.000000
0.567568 0.040816 0.000000
0.587838 0.040816 0.000000
0.608108 0.040816 0.000000
0.628378 0.040816 0.000000
0.648649 0.040816 0.000000
0.668919 0.040816 0.000000
0.689189 0.040816 0.000000
0.709459 0.040816 0.000000
0.729730 0.040816 0.000000
0.750000 0.040816 0.000000
0.770270 0.040816 0.000000
0.790541 0.040816 0.000000
0.810811 0.040816 0.000000
0.831081 0.040816 0.000000
0.851351 0.040816 0.000000
0.871622 0.040816 0.000000
0.891892 0.040816 0.000000
0.912162 0.040816 0.000000
0.932432 0.040816 0.000000
0.952703 0.040816 0.000000
0.972973 0.040816 0.000000
0.993243 0.040816 0.000000
1.013514 0.040816 0.000000
1.033784 0.040816 0.000000
1.054054 0.040816 0.000000
1.074324 0.040816 0.000000
1.094595 0.040816 0.000000
1.114865 0.040816 0.000000
1.135135 0.040816 0.000000
1.155405 0.040816 0.000000
1.175676 0.040816 0.000000
1.195946 0.040816 0.000000
1.216216 0.040816 0.000000
1.236486 0.040816 0.000000
1.256757 0.040816 0.000000
1.277027 0.040816 0.000000
1.297297 0.040816 0.000000
1.317568 0.040816 0.000000
1.337838 0.040816 0.000000
1.358108 0.040816 0.000000
1.378378 0.040816 0.000000
1.398649 0.040816 0.000000
1.418919 0.040816 0.000000
1.439189 0.040816 0.000000
1.459459 0.040816 0.000000
1.479730 0.040816 0.000000
1.500000 0.040816 0.000000
0.000000 0.061224 0.000000
0.020270 0.061224 0.000000
0.040541 0.061224 0.000000
0.060811 0.061224 0.000000
0.081081 0.061224 0.000000
0.101351 0.061224 0.000000
0.121622 0.061224 0.000000
0.141892 0.061224 0.000000
0.162162 0.061224 0.000000
0.182432 0.061224 0.000000
0.202703 0.061224 0.000000
0.222973 0.061224 0.000000
0.243243 0.061224 0.000000
0.263514 0.061224 0.000000
0.283784 0.061224 0.000000
0.304054 0.061224 0.000000
0.324324 0.061224 0.000000
0.344595 0.061224 0.000000
0.364865 0.061224 0.000000
0.385135 0.061224 0.000000
0.405405 0.061224 0.000000
0.425676 0.061224 0.000000
0.445946 0.061224 0.000000
0.466216 0.061224 0.000000
0.486486 0.061224 0.000000
0.506757 0.061224 0.000000
0.527027 0.061224 0.000000
0.547297 0.061224 0.000000
0.567568 0.061224 0.000000
0.587838 0.061224 0.000000
0.608108 0.061224 0.000000
0.628378 0.061224 0.000000
0.648649 0.061224 0.000000
0.668919 0.061224 0.000000
0.689189 0.061224 0.000000
0.709459 0.061224 0.000000
0.729730 0.061224 0.000000
0.750000 0.061224 0.000000
0.770270 0.061224 0.000000
0.790541 0.061224 0.000000
0.810811 0.061224 0.000000
0.831081 0.061224 0.000000
0.851351 0.061224 0.000000
0.871622 0.061224 0.000000
0.891892 0.061224 0.000000
0.912162 0.061224 0.000000
0.932432 0.061224 0.000000
0.952703 0.061224 0.000000
0.972973 0.061224 0.000000
0.993243 0.061224 0.000000
1.013514 0.061224 0.000000
1.033784 0.061224 0.000000
1.054054 0.061224 0.000000
1.074324 0.061224 0.000000
1.094595 0.061224 0.000000
1.114865 0.061224 0.000000
1.135135 0.061224 0.000000
1.155405 0.061224 0.000000
1.175676 0.061224 0.000000
1.195946 0.061224 0.000000
1.216216 0.061224 0.000000
1.236486 0.061224 0.000000
1.256757 0.061224 0.000000
1.277027 0.061224 0.000000
1.297297 0.061224 0.000000
1.317568 0.061224 0.000000
1.337838 0.061224 0.000000
1.358108 0.061224 0.000000
1.378378 0.061224 0.000000
1.398649 0.061224 0.000000
1.418919 0.061224 0.000000
1.439189 0.061224 0.000000
1.459459 0.061224 0.000000
1.479730 0.061224 0.000000
1.500000 0.061224 0.000000
0.000000 0.081633 0.000000
0.020270 0.081633 0.000000
0.040541 0.081633 0.000000
0.060811 0.081633 0.000000
0.081081 0.081633 0.000000
0.101351 0.081633 0.000000
0.121622 0.081633 0.000000
0.141892 0.081633 0.000000
0.162162 0.081633 0.000000
0.182432 0.081633 0.000000
0.202703 0.081633 0.000000
0.222973 0.081633 0.000000
0.243243 0.081633 0.000000
0.263514 0.081633 0.000000
0.283784 0.081633 0.000000
0.304054 0.081633 0.000000
0.324324 0.081633 0.000000
0.344595 0.081633 0.000000
0.364865 0.081633 0.000000
0.385135 0.081633 0.000000
0.405405 0.081633 0.000000
0.425676 0.081633 0.000000
0.445946 0.081633 0.000000
0.466216 0.081633 0.000000
0.486486 0.081633 0.000000
0.506757 0.081633 0.000000
0.527027 0.081633 0.000000
0.547297 0.081633 0.000000
0.567568 0.081633 0.000000
0.587838 0.081633 0.000000
0.608108 0.081633 0.000000
0.628378 0.081633 0.000000
0.648649 0.081633 0.000000
0.668919 0.081633 0.000000
0.689189 0.081633 0.000000
0.709459 0.081633 0.000000
0.729730 0.081633 0.000000
0.750000 0.081633 0.000000
0.770270 0.081633 0.000000
0.790541 0.081633 0.000000
0.810811 0.081633 0.000000
0.831081 0.081633 0.000000
0.851351 0.081633 0.000000
0.871622 0.081633 0.000000
0.891892 0.081633 0.000000
0.912162 0.081633 0.000000
0.932432 0.081633 0.000000
0.952703 0.081633 0.000000
0.972973 0.081633 0.000000
0.993243 0.081633 0.000000
1.013514 0.081633 0.000000
1.033784 0.081633 0.000000
1.054054 0.081633 0.000000
1.074324 0.081633 0.000000
1.094595 0.081633 0.000000
1.114865 0.081633 0.000000
1.135135 0.081633 0.000000
1.155405 0.081633 0.000000
1.175676 0.081633 0.000000
1.195946 0.081633 0.000000
1.216216 0.081633 0.000000
1.236486 0.081633 0.000000
1.256757 0.081633 0.000000
1.277027 0.081633 0.000000
1.297297 0.081633 0.000000
1.317568 0.081633 0.000000
1.337838 0.081633 0.000000
1.358108 0.081633 0.000000
1.378378 0.081633 0.000000
1.398649 0.081633 0.000000
1.418919 0.081633 0.000000
1.439189 0.081633 0.000000
1.459459 0.081633 0.000000
1.479730 0.081633 0.000000
1.500000 0.081633 0.000000
0.000000 0.102041 0.000000
0.020270 0.102041 0.000000
0.040541 0.102041 0.000000
0.060811 0.102041 0.000000
0.081081 0.102041 0.000000
0.101351 0.102041 0.000000
0.121622 0.102041 0.000000
0.141892 0.102041 0.000000
0.162162 0.102041 0.000000
0.182432 0.102041 0.000000
0.202703 0.102041 0.000000
0.222973 0.102041 0.000000
0.243243 0.102041 0.000000
0.263514 0.102041 0.000000
0.283784 0.102041 0.000000
0.304054 0.102041 0.000000
0.324324 0.102041 0.000000
0.344595 0.102041 0.000000
0.364865 0.102041 0.000000
0.385135 0.102041 0.000000
0.405405 0.102041 0.000000
0.425676 0.102041 0.000000
0.445946 0.102041 0.000000
0.466216 0.102041 0.000000
0.486486 0.102041 0.000000
0.506757 0.102041 0.000000
0.527027 0.102041 0.000000
0.547297 0.102041 0.000000
0.567568 0.102041 0.000000
0.587838 0.102041 0.000000
0.608108 0.102041 0.000000
0.628378 0.102041 0.000000
0.648649 0.102041 0.000000
0.668919 0.102041 0.000000
0.689189 0.102041 0.000000
0.709459 0.102041 0.000000
0.729730 0.102041 0.000000
0.750000 0.102041 0.000000
0.770270 0.102041 0.000000
0.790541 0.102041 0.000000
0.810811 0.102041 0.000000
0.831081 0.102041 0.000000
0.851351 0.102041 0.000000
0.871622 0.102041 0.000000
0.891892 0.102041 0.000000
0.912162 0.102041 0.000000
0.932432 0.102041 0.000000
0.952703 0.102041 0.000000
0.972973 0.102041 0.000000
0.993243 0.102041 0.000000
1.013514 0.102041 0.000000
1.033784 0.102041 0.000000
1.054054 0.102041 0.000000
1.074324 0.102041 0.000000
1.094595 0.102041 0.000000
1.114865 0.102041 0.000000
1.135135 0.102041 0.000000
1.155405 0.102041 0.000000
1.175676 0.102041 0.000000
1.195946 0.102041 0.000000
1.216216 0.102041 0.000000
1.236486 0.102041 0.000000
1.256757 0.102041 0.000000
1.277027 0.102041 0.000000
1.297297 0.102041 0.000000
1.317568 0.102041 0.000000
1.337838 0.102041 0.000000
1.358108 0.102041 0.000000
1.378378 0.102041 0.000000
1.398649 0.102041 0.000000
1.418919 0.102041 0.000000
1.439189 0.102041 0.000000
1.459459 0.102041 0.000000
1.479730 0.102041 0.000000
1.500000 0.102041 0.000000
0.000000 0.122449 0.000000
0.020270 0.122449 0.000000
0.040541 0.122449 0.000000
0.060811 0.122449 0.000000
0.081081 0.122449 0.000000
0.101351 0.122449 0.000000
0.121622 0.122449 0.000000
0.141892 0.122449 0.000000
0.162162 0.122449 0.000000
0.182432 0.122449 0.000000
0.202703 0.122449 0.000000
0.222973 0.122449 0.000000
0.243243 0.122449 0.000000
0.263514 0.122449 0.000000
0.283784 0.122449 0.000000
0.304054 0.122449 0.000000
0.324324 0.122449 0.000000
0.344595 0.122449 0.000000
0.364865 0.122449 0.000000
0.385135 0.122449 0.000000
0.405405 0.122449 0.000000
0.425676 0.122449 0.000000
0.445946 0.122449 0.000000
0.466216 0.122449 0.000000
0.486486 0.122449 0.000000
0.506757 0.122449 0.000000
0.527027 0.122449 0.000000
0.547297 0.122449 0.000000
0.567568 0.122449 0.000000
0.587838 0.122449 0.000000
0.608108 0.122449 0.000000
0.628378 0.122449 0.000000
0.648649 0.122449 0.000000
0.668919 0.122449 0.000000
0.689189 0.122449 0.000000
0.709459 0.122449 0.000000
0.729730 0.122449 0.000000
0.750000 0.122449 0.000000
0.770270 0.122449 0.000000
0.790541 0.122449 0.000000
0.810811 0.122449 0.000000
0.831081 0.122449 0.000000
0.851351 0.122449 0.000000
0.871622 0.122449 0.000000
0.891892 0.122449 0.000000
0.912162 0.122449 0.000000
0.932432 0.122449 0.000000
0.952703 0.122449 0.000000
0.972973 0.122449 0.000000
0.993243 0.122449 0.000000
1.013514 0.122449 0.000000
1.033784 0.122449 0.000000
1.054054 0.122449 0.000000
1.074324 0.122449 0.000000
1.094595 0.122449 0.000000
1.114865 0.122449 0.000000
1.135135 0.122449 0.000000
1.155405 0.122449 0.000000
1.175676 0.122449 0.000000
1.195946 0.122449 0.000000
1.216216 0.122449 0.000000
1.236486 0.122449 0.000000
1.256757 0.122449 0.000000
1.277027 0.122449 0.000000
1.297297 0.122449 0.000000
1.317568 0.122449 0.000000
1.337838 0.122449 0.000000
1.358108 0.122449 0.000000
1.378378 0.122449 0.000000
1.398649 0.122449 0.000000
1.418919 0.122449 0.000000
1.439189 0.122449 0.000000
1.459459 0.122449 0.000000
1.479730 0.122449 0.000000
1.500000 0.122449 0.000000
0.000000 0.142857 0.000000
0.020270 0.142857 0.000000
0.040541 0.142857 0.000000
0.060811 0.142857 0.000000
0.081081 0.142857 0.000000
0.101351 0.142857 0.000000
0.121622 0.142857 0.000000
0.141892 0.142857 0.000000
0.162162 0.142857 0.000000
0.182432 0.142857 0.000000
0.202703 0.142857 0.000000
0.222973 0.142857 0.000000
0.243243 0.142857 0.000000
0.263514 0.142857 0.000000
0.283784 0.142857 0.000000
0.304054 0.142857 0.000000
0.324324 0.142857 0.000000
0.344595 0.142857 0.000000
0.364865 0.142857 0.000000
0.385135 0.142857 0.000000
0.405405 0.142857 0.000000
0.425676 0.142857 0.000000
0.445946 0.142857 0.000000
0.466216 0.142857 0.000000
0.486486 0.142857 0.000000
0.506757 0.142857 0.000000
0.527027 0.142857 0.000000
0.547297 0.142857 0.000000
0.567568 0.142857 0.000000
0.587838 0.142857 0.000000
0.608108 0.142857 0.000000
0.628378 0.142857 0.000000
0.648649 0.142857 0.000000
0.668919 0.142857 0.000000
0.689189 0.142857 0.000000
0.709459 0.142857 0.000000
0.729730 0.142857 0.000000
0.750000 0.142857 0.000000
0.770270 0.142857 0.000000
0.790541 0.142857 0.000000
0.810811 0.142857 0.000000
0.831081 0.142857 0.000000
0.851351 0.142857 0.000000
0.871622 0.142857 0.000000
0.891892 0.142857 0.000000
0.912162 0.142857 0.000000
0.932432 0.142857 0.000000
0.952703 0.142857 0.000000
0.972973 0.142857 0.000000
0.993243 0.142857 0.000000
1.013514 0.142857 0.000000
1.033784 0.142857 0.000000
1.054054 0.142857 0.000000
1.074324 0.142857 0.000000
1.094595 0.142857 0.000000
1.114865 0.142857 0.000000
1.135135 0.142857 0.000000
1.155405 0.142857 0.000000
1.175676 0.142857 0.000000
1.195946 0.142857 0.000000
1.216216 0.142857 0.000000
1.236486 0.142857 0.000000
1.256757 0.142857 0.000000
1.277027 0.142857 0.000000
1.297297 0.142857 0.000000
1.317568 0.142857 0.000000
1.337838 0.142857 0.000000
1.358108 0.142857 0.000000
1.378378 0.142857 0.000000
1.398649 0.142857 0.000000
1.418919 0.142857 0.000000
1.439189 0.142857 0.000000
1.459459 0.142857 0.000000
1.479730 0.142857 0.000000
1.500000 0.142857 0.000000
0.000000 0.163265 0.000000
0.020270 0.163265 0.000000
0.040541 0.163265 0.000000
0.060811 0.163265 0.000000
0.081081 0.163265 0.000000
0.101351 0.163265 0.000000
0.121622 0.163265 0.000000
0.141892 0.163265 0.000000
0.162162 0.163265 0.000000
0.182432 0.163265 0.000000
0.202703 0.163265 0.000000
0.222973 0.163265 0.000000
0.243243 0.163265 0.000000
0.263514 0.163265 0.000000
0.283784 0.163265 0.000000
0.304054 0.163265 0.000000
0.324324 0.163265 0.000000
0.344595 0.163265 0.000000
0.364865 0.163265 0.000000
0.385135 0.163265 0.000000
0.405405 0.163265 0.000000
0.425676 0.163265 0.000000
0.445946 0.163265 0.000000
0.466216 0.163265 0.000000
0.486486 0.163265 0.000000
0.506757 0.163265 0.000000
0.527027 0.163265 0.000000
0.547297 0.163265 0.000000
0.567568 0.163265 0.000000
0.587838 0.163265 0.000000
0.608108 0.163265 0.000000
0.628378 0.163265 0.000000
0.648649 0.163265 0.000000
0.668919 0.163265 0.000000
0.689189 0.163265 0.000000
0.709459 0.163265 0.000000
0.729730 0.163265 0.000000
0.750000 0.163265 0.000000
0.770270 0.163265 0.000000
0.790541 0.163265 0.000000
0.810811 0.163265 0.000000
0.831081 0.163265 0.000000
0.851351 0.163265 0.000000
0.871622 0.163265 0.000000
0.891892 0.163265 0.000000
0.912162 0.163265 0.000000
0.932432 0.163265 0.000000
0.952703 0.163265 0.000000
0.972973 0.163265 0.000000
0.993243 0.163265 0.000000
1.013514 0.163265 0.000000
1.033784 0.163265 0.000000
1.054054 0.163265 0.000000
1.074324 0.163265 0.000000
1.094595 0.163265 0.000000
1.114865 0.163265 0.000000
1.135135 0.163265 0.000000
1.155405 0.163265 0.000000
1.175676 0.163265 0.000000
1.195946 0.163265 0.000000
1.216216 0.163265 0.000000
1.236486 0.163265 0.000000
1.256757 0.163265 0.000000
1.277027 0.163265 0.000000
1.297297 0.163265 0.000000
1.317568 0.163265 0.000000
1.337838 0.163265 0.000000
1.358108 0.163265 0.000000
1.378378 0.163265 0.000000
1.398649 0.163265 0.000000
1.418919 0.163265 0.000000
1.439189 0.163265 0.000000
1.459459 0.163265 0.000000
1.479730 0.163265 0.000000
1.500000 0.163265 0.000000
0.000000 0.183673 0.000000
0.020270 0.183673 0.000000
0.040541 0.183673 0.000000
0.060811 0.183673 0.000000
0.081081 0.183673 0.000000
0.101351 0.183673 0.000000
0.121622 0.183673 0.000000
0.141892 0.183673 0.000000
0.162162 0.183673 0.000000
0.182432 0.183673 0.000000
0.202703 0.183673 0.000000
0.222973 0.183673 0.000000
0.243243 0.183673 0.000000
0.263514 0.183673 0.000000
0.283784 0.183673 0.000000
0.304054 0.183673 0.000000
0.324324 0.183673 0.000000
0.344595 0.183673 0.000000
0.364865 0.183673 0.000000
0.385135 0.183673 0.000000
0.405405 0.183673 0.000000
0.425676 0.183673 0.000000
0.445946 0.183673 0.000000
0.466216 0.183673 0.000000
0.486486 0.183673 0.000000
0.506757 0.183673 0.000000
0.527027 0.183673 0.000000
0.547297 0.183673 0.000000
0.567568 0.183673 0.000000
0.587838 0.183673 0.000000
0.608108 0.183673 0.000000
0.628378 0.183673 0.000000
0.648649 0.183673 0.000000
0.668919 0.183673 0.000000
0.689189 0.183673 0.000000
0.709459 0.183673 0.000000
0.729730 0.183673 0.000000
0.750000 0.183673 0.000000
0.770270 0.183673 0.000000
0.790541 0.183673 0.000000
0.810811 0.183673 0.000000
0.831081 0.183673 0.000000
0.851351 0.183673 0.000000
0.871622 0.183673 0.000000
0.891892 0.183673 0.000000
0.912162 0.183673 0.000000
0.932432 0.183673 0.000000
0.952703 0.183673 0.000000
0.972973 0.183673 0.000000
0.993243 0.183673 0.000000
1.013514 0.183673 0.000000
1.033784 0.183673 0.000000
1.054054 0.183673 0.000000
1.074324 0.183673 0.000000
1.094595 0.183673 0.000000
1.114865 0.183673 0.000000
1.135135 0.183673 0.000000
1.155405 0.183673 0.000000
1.175676 0.183673 0.000000
1.195946 0.183673 0.000000
1.216216 0.183673 0.000000
1.236486 0.183673 0.000000
1.256757 0.183673 0.000000
1.277027 0.183673 0.000000
1.297297 0.183673 0.000000
1.317568 0.183673 0.000000
1.337838 0.183673 0.000000
1.358108 0.183673 0.000000
1.378378 0.183673 0.000000
1.398649 0.183673 0.000000
1.418919 0.183673 0.000000
1.439189 0.183673 0.000000
1.459459 0.183673 0.000000
1.479730 0.183673 0.000000
1.500000 0.183673 0.000000
0.000000 0.204082 0.000000
0.020270 0.204082 0.000000
0.040541 0.204082 0.000000
0.060811 0.204082 0.000000
0.081081 0.204082 0.000000
0.101351 0.204082 0.000000
0.121622 0.204082 0.000000
0.141892 0.204082 0.000000
0.162162 0.204082 0.000000
0.182432 0.204082 0.000000
0.202703 0.204082 0.000000
0.222973 0.204082 0.000000
0.243243 0.204082 0.000000
0.263514 0.204082 0.000000
0.283784 0.204082 0.000000
0.304054 0.204082 0.000000
0.324324 0.204082 0.000000
0.344595 0.204082 0.000000
0.364865 0.204082 0.000000
0.385135 0.204082 0.000000
0.405405 0.204082 0.000000
0.425676 0.204082 0.000000
0.445946 0.204082 0.000000
0.466216 0.204082 0.000000
0.486486 0.204082 0.000000
0.506757 0.204082 0.000000
0.527027 0.204082 0.000000
0.547297 0.204082 0.000000
0.567568 0.204082 0.000000
0.587838 0.204082 0.000000
0.608108 0.204082 0.000000
0.628378 0.204082 0.000000
0.648649 0.204082 0.000000
0.668919 0.204082 0.000000
0.689189 0.204082 0.000000
0.709459 0.204082 0.000000
0.729730 0.204082 0.000000
0.750000 0.204082 0.000000
0.770270 0.204082 0.000000
0.790541 0.204082 0.000000
0.810811 0.204082 0.000000
0.831081 0.204082 0.000000
0.851351 0.204082 0.000000
0.871622 0.204082 0.000000
0.891892 0.204082 0.000000
0.912162 0.204082 0.000000
0.932432 0.204082 0.000000
0.952703 0.204082 0.000000
0.972973 0.204082 0.000000
0.993243 0.204082 0.000000
1.013514 0.204082 0.000000
1.033784 0.204082 0.000000
1.054054 0.204082 0.000000
1.074324 0.204082 0.000000
1.094595 0.204082 0.000000
1.114865 0.204082 0.000000
1.135135 0.204082 0.000000
1.155405 0.204082 0.000000
1.175676 0.204082 0.000000
1.195946 0.204082 0.000000
1.216216 0.204082 0.000000
1.236486 0.204082 0.000000
1.256757 0.204082 0.000000
1.277027 0.204082 0.000000
1.297297 0.204082 0.000000
1.317568 0.204082 0.000000
1.337838 0.204082 0.000000
1.358108 0.204082 0.000000
1.378378 0.204082 0.000000
1.398649 0.204082 0.000000
1.418919 0.204082 0.000000
1.439189 0.204082 0.000000
1.459459 0.204082 0.000000
1.479730 0.204082 0.000000
1.500000 0.204082 0.000000
0.000000 0.224490 0.000000
0.020270 0.224490 0.000000
0.040541 0.224490 0.000000
0.060811 0.224490 0.000000
0.081081 0.224490 0.000000
0.101351 0.224490 0.000000
0.121622 0.224490 0.000000
0.141892 0.224490 0.000000
0.162162 0.224490 0.000000
0.182432 0.224490 0.000000
0.202703 0.224490 0.000000
0.222973 0.224490 0.000000
0.243243 0.224490 0.000000
0.263514 0.224490 0.000000
0.283784 0.224490 0.000000
0.304054 0.224490 0.000000
0.324324 0.224490 0.000000
0.344595 0.224490 0.000000
0.364865 0.224490 0.000000
0.385135 0.224490 0.000000
0.405405 0.224490 0.000000
0.425676 0.224490 0.000000
0.445946 0.224490 0.000000
0.466216 0.224490 0.000000
0.486486 0.224490 0.000000
0.506757 0.224490 0.000000
0.527027 0.224490 0.000000
0.547297 0.224490 0.000000
0.567568 0.224490 0.000000
0.587838 0.224490 0.000000
0.608108 0.224490 0.000000
0.628378 0.224490 0.000000
0.648649 0.224490 0.000000
0.668919 0.224490 0.000000
0.689189 0.224490 0.000000
0.709459 0.224490 0.000000
0.729730 0.224490 0.000000
0.750000 0.224490 0.000000
0.770270 0.224490 0.000000
0.790541 0.224490 0.000000
0.810811 0.224490 0.000000
0.831081 0.224490 0.000000
0.851351 0.224490 0.000000
0.871622 0.224490 0.000000
0.891892 0.224490 0.000000
0.912162 0.224490 0.000000
0.932432 0.224490 0.000000
0.952703 0.224490 0.000000
0.972973 0.224490 0.000000
0.993243 0.224490 0.000000
1.013514 0.224490 0.000000
1.033784 0.224490 0.000000
1.054054 0.224490 0.000000
1.074324 0.224490 0.000000
1.094595 0.224490 0.000000
1.114865 0.224490 0.000000
1.135135 0.224490 0.000000
1.155405 0.224490 0.000000
1.175676 0.224490 0.000000
1.195946 0.224490 0.000000
1.216216 0.224490 0.000000
1.236486 0.224490 0.000000
1.256757 0.224490 0.000000
1.277027 0.224490 0.000000
1.297297 0.224490 0.000000
1.317568 0.224490 0.000000
1.337838 0.224490 0.000000
1.358108 0.224490 0.000000
1.378378 0.224490 0.000000
1.398649 0.224490 0.000000
1.418919 0.224490 0.000000
1.439189 0.224490 0.000000
1.459459 0.224490 0.000000
1.479730 0.224490 0.000000
1.500000 0.224490 0.000000
0.000000 0.244898 0.000000
0.020270 0.244898 0.000000
0.040541 0.244898 0.000000
0.060811 0.244898 0.000000
0.081081 0.244898 0.000000
0.101351 0.244898 0.000000
0.121622 0.244898 0.000000
0.141892 0.244898 0.000000
0.162162 0.244898 0.000000
0.182432 0.244898 0.000000
0.202703 0.244898 0.000000
0.222973 0.244898 0.000000
0.243243 0.244898 0.000000
0.263514 0.244898 0.000000
0.283784 0.244898 0.000000
0.304054 0.244898 0.000000
0.324324 0.244898 0.000000
0.344595 0.244898 0.000000
0.364865 0.244898 0.000000
0.385135 0.244898 0.000000
0.405405 0.244898 0.000000
0.425676 0.244898 0.000000
0.445946 0.244898 0.000000
0.466216 0.244898 0.000000
0.486486 0.244898 0.000000
0.506757 0.244898 0.000000
0.527027 0.244898 0.000000
0.547297 0.244898 0.000000
0.567568 0.244898 0.000000
0.587838 0.244898 0.000000
0.608108 0.244898 0.000000
0.628378 0.244898 0.000000
0.648649 0.244898 0.000000
0.668919 0.244898 0.000000
0.689189 0.244898 0.000000
0.709459 0.244898 0.000000
0.729730 0.244898 0.000000
0.750000 0.244898 0.000000
0.770270 0.244898 0.000000
0.790541 0.244898 0.000000
0.810811 0.244898 0.000000
0.831081 0.244898 0.000000
0.851351 0.244898 0.000000
0.871622 0.244898 0.000000
0.891892 0.244898 0.000000
0.912162 0.244898 0.000000
0.932432 0.244898 0.000000
0.952703 0.244898 0.000000
0.972973 0.244898 0.000000
0.993243 0.244898 0.000000
1.013514 0.244898 0.000000
1.033784 0.244898 0.000000
1.054054 0.244898 0.000000
1.074324 0.244898 0.000000
1.094595 0.244898 0.000000
1.114865 0.244898 0.000000
1.135135 0.244898 0.000000
1.155405 0.244898 0.000000
1.175676 0.244898 0.000000
1.195946 0.244898 0.000000
1.216216 0.244898 0.000000
1.236486 0.244898 0.000000
1.256757 0.244898 0.000000
1.277027 0.244898 0.000000
1.297297 0.244898 0.000000
1.317568 0.244898 0.000000
1.337838 0.244898 0.000000
1.358108 0.244898 0.000000
1.378378 0.244898 0.000000
1.398649 0.244898 0.000000
1.418919 0.244898 0.000000
1.439189 0.244898 0.000000
1.459459 0.244898 0.000000
1.479730 0.244898 0.000000
1.500000 0.244898 0.000000
0.000000 0.265306 0.000000
0.020270 0.265306 0.000000
0.040541 0.265306 0.000000
0.060811 0.265306 0.000000
0.081081 0.265306 0.000000
0.101351 0.265306 0.000000
0.121622 0.265306 0.000000
0.141892 0.265306 0.000000
0.162162 0.265306 0.000000
0.182432 0.265306 0.000000
0.202703 0.265306 0.000000
0.222973 0.265306 0.000000
0.243243 0.265306 0.000000
0.263514 0.265306 0.000000
0.283784 0.265306 0.000000
0.304054 0.265306 0.000000
0.324324 0.265306 0.000000
0.344595 0.265306 0.000000
0.364865 0.265306 0.000000
0.385135 0.265306 0.000000
0.405405 0.265306 0.000000
0.425676 0.265306 0.000000
0.445946 0.265306 0.000000
0.466216 0.265306 0.000000
0.486486 0.265306 0.000000
0.506757 0.265306 0.000000
0.527027 0.265306 0.000000
0.547297 0.265306 0.000000
0.567568 0.265306 0.000000
0.587838 0.265306 0.000000
0.608108 0.265306 0.000000
0.628378 0.265306 0.000000
0.648649 0.265306 0.000000
0.668919 0.265306 0.000000
0.689189 0.265306 0.000000
0.709459 0.265306 0.000000
0.729730 0.265306 0.000000
0.750000 0.265306 0.000000
0.770270 0.265306 0.000000
0.790541 0.265306 0.000000
0.810811 0.265306 0.000000
0.831081 0.265306 0.000000
0.851351 0.265306 0.000000
0.871622 0.265306 0.000000
0.891892 0.265306 0.000000
0.912162 0.265306 0.000000
0.932432 0.265306 0.000000
0.952703 0.265306 0.000000
0.972973 0.265306 0.000000
0.993243 0.265306 0.000000
1.013514 0.265306 0.000000
1.033784 0.265306 0.000000
1.054054 0.265306 0.000000
1.074324 0.265306 0.000000
1.094595 0.265306 0.000000
1.114865 0.265306 0.000000
1.135135 0.265306 0.000000
1.155405 0.265306 0.000000
1.175676 0.265306 0.000000
1.195946 0.265306 0.000000
1.216216 0.265306 0.000000
1.236486 0.265306 0.000000
1.256757 0.265306 0.000000
1.277027 0.265306 0.000000
1.297297 0.265306 0.000000
1.317568 0.265306 0.000000
1.337838 0.265306 0.000000
1.358108 0.265306 0.000000
1.378378 0.265306 0.000000
1.398649 0.265306 0.000000
1.418919 0.265306 0.000000
1.439189 0.265306 0.000000
1.459459 0.265306 0.000000
1.479730 0.265306 0.000000
1.500000 0.265306 0.000000
0.000000 0.285714 0.000000
0.020270 0.285714 0.000000
0.040541 0.285714 0.000000
0.060811 0.285714 0.000000
0.081081 0.285714 0.000000
0.101351 0.285714 0.000000
0.121622 0.285714 0.000000
0.141892 0.285714 0.000000
0.162162 0.285714 0.000000
0.182432 0.285714 0.000000
0.202703 0.285714 0.000000
0.222973 0.285714 0.000000
0.243243 0.285714 0.000000
0.263514 0.285714 0.000000
0.283784 0.285714 0.000000
0.304054 0.285714 0.000000
0.324324 0.285714 0.000000
0.344595 0.285714 0.000000
0.364865 0.285714 0.000000
0.385135 0.285714 0.000000
0.405405 0.285714 0.000000
0.425676 0.285714 0.000000
0.445946 0.285714 0.000000
0.466216 0.285714 0.000000
0.486486 0.285714 0.000000
0.506757 0.285714 0.000000
0.527027 0.285714 0.000000
0.547297 0.285714 0.000000
0.567568 0.285714 0.000000
0.587838 0.285714 0.000000
0.608108 0.285714 0.000000
0.628378 0.285714 0.000000
0.648649 0.285714 0.000000
0.668919 0.285714 0.000000
0.689189 0.285714 0.000000
0.709459 0.285714 0.000000
0.729730 0.285714 0.000000
0.750000 0.285714 0.000000
0.770270 0.285714 0.000000
0.790541 0.285714 0.000000
0.810811 0.285714 0.000000
0.831081 0.285714 0.000000
0.851351 0.285714 0.000000
0.871622 0.285714 0.000000
0.891892 0.285714 0.000000
0.912162 0.285714 0.000000
0.932432 0.285714 0.000000
0.952703 0.285714 0.000000
0.972973 0.285714 0.000000
0.993243 0.285714 0.000000
1.013514 0.285714 0.000000
1.033784 0.285714 0.000000
1.054054 0.285714 0.000000
1.074324 0.285714 0.000000
1.094595 0.285714 0.000000
1.114865 0.285714 0.000000
1.135135 0.285714 0.000000
1.155405 0.285714 0.000000
1.175676 0.285714 0.000000
1.195946 0.285714 0.000000
1.216216 0.285714 0.000000
1.236486 0.285714 0.000000
1.256757 0.285714 0.000000
1.277027 0.285714 0.000000
1.297297 0.285714 0.000000
1.317568 0.285714 0.000000
1.337838 0.285714 0.000000
1.358108 0.285714 0.000000
1.378378 0.285714 0.000000
1.398649 0.285714 0.000000
1.418919 0.285714 0.000000
1.439189 0.285714 0.000000
1.459459 0.285714 0.000000
1.479730 0.285714 0.000000
1.500000 0.285714 0.000000
0.000000 0.306122 0.000000
0.020270 0.306122 0.000000
0.040541 0.306122 0.000000
0.060811 0.306122 0.000000
0.081081 0.306122 0.000000
0.101351 0.306122 0.000000
0.121622 0.306122 0.000000
0.141892 0.306122 0.000000
0.162162 0.306122 0.000000
0.182432 0.306122 0.000000
0.202703 0.306122 0.000000
0.222973 0.306122 0.000000
0.243243 0.306122 0.000000
0.263514 0.306122 0.000000
0.283784 0.306122 0.000000
0.304054 0.306122 0.000000
0.324324 0.306122 0.000000
0.344595 0.306122 0.000000
0.364865 0.306122 0.000000
0.385135 0.306122 0.000000
0.405405 0.306122 0.000000
0.425676 0.306122 0.000000
0.445946 0.306122 0.000000
0.466216 0.306122 0.000000
0.486486 0.306122 0.000000
0.506757 0.306122 0.000000
0.527027 0.306122 0.000000
0.547297 0.306122 0.000000
0.567568 0.306122 0.000000
0.587838 0.306122 0.000000
0.608108 0.306122 0.000000
0.628378 0.306122 0.000000
0.648649 0.306122 0.000000
0.668919 0.306122 0.000000
0.689189 0.306122 0.000000
0.709459 0.306122 0.000000
0.729730 0.306122 0.000000
0.750000 0.306122 0.000000
0.770270 0.306122 0.000000
0.790541 0.306122 0.000000
0.810811 0.306122 0.000000
0.831081 0.306122 0.000000
0.851351 0.306122 0.000000
0.871622 0.306122 0.000000
0.891892 0.306122 0.000000
0.912162 0.306122 0.000000
0.932432 0.306122 0.000000
0.952703 0.306122 0.000000
0.972973 0.306122 0.000000
0.993243 0.306122 0.000000
1.013514 0.306122 0.000000
1.033784 0.306122 0.000000
1.054054 0.306122 0.000000
1.074324 0.306122 0.000000
1.094595 0.306122 0.000000
1.114865 0.306122 0.000000
1.135135 0.306122 0.000000
1.155405 0.306122 0.000000
1.175676 0.306122 0.000000
1.195946 0.306122 0.000000
1.216216 0.306122 0.000000
1.236486 0.306122 0.000000
1.256757 0.306122 0.000000
1.277027 0.306122 0.000000
1.297297 0.306122 0.000000
1.317568 0.306122 0.000000
1.337838 0.306122 0.000000
1.358108 0.306122 0.000000
1.378378 0.306122 0.000000
1.398649 0.306122 0.000000
1.418919 0.306122 0.000000
1.439189 0.306122 0.000000
1.459459 0.306122 0.000000
1.479730 0.306122 0.000000
1.500000 0.306122 0.000000
0.000000 0.326531 0.000000
0.020270 0.326531 0.000000
0.040541 0.326531 0.000000
0.060811 0.326531 0.000000
0.081081 0.326531 0.000000
0.101351 0.326531 0.000000
0.121622 0.326531 0.000000
0.141892 0.326531 0.000000
0.162162 0.326531 0.000000
0.182432 0.326531 0.000000
0.202703 0.326531 0.000000
0.222973 0.326531 0.000000
0.243243 0.326531 0.000000
0.263514 0.326531 0.000000
0.283784 0.326531 0.000000
0.304054 0.326531 0.000000
0.324324 0.326531 0.000000
0.344595 0.326531 0.000000
0.364865 0.326531 0.000000
0.385135 0.326531 0.000000
0.405405 0.326531 0.000000
0.425676 0.326531 0.000000
0.445946 0.326531 0.000000
0.466216 0.326531 0.000000
0.486486 0.326531 0.000000
0.506757 0.326531 0.000000
0.527027 0.326531 0.000000
0.547297 0.326531 0.000000
0.567568 0.326531 0.000000
0.587838 0.326531 0.000000
0.608108 0.326531 0.000000
0.628378 0.326531 0.000000
0.648649 0.326531 0.000000
0.668919 0.326531 0.000000
0.689189 0.326531 0.000000
0.709459 0.326531 0.000000
0.729730 0.326531 0.000000
0.750000 0.326531 0.000000
0.770270 0.326531 0.000000
0.790541 0.326531 0.000000
0.810811 0.326531 0.000000
0.831081 0.326531 0.000000
0.851351 0.326531 0.000000
0.871622 0.326531 0.000000
0.891892 0.326531 0.000000
0.912162 0.326531 0.000000
0.932432 0.326531 0.000000
0.952703 0.326531 0.000000
0.972973 0.326531 0.000000
0.993243 0.326531 0.000000
1.013514 0.326531 0.000000
1.033784 0.326531 0.000000
1.054054 0.326531 0.000000
1.074324 0.326531 0.000000
1.094595 0.326531 0.000000
1.114865 0.326531 0.000000
1.135135 0.326531 0.000000
1.155405 0.326531 0.000000
1.175676 0.326531 0.000000
1.195946 0.326531 0.000000
1.216216 0.326531 0.000000
1.236486 0.326531 0.000000
1.256757 0.326531 0.000000
1.277027 0.326531 0.000000
1.297297 0.326531 0.000000
1.317568 0.326531 0.000000
1.337838 0.326531 0.000000
1.358108 0.326531 0.000000
1.378378 0.326531 0.000000
1.398649 0.326531 0.000000
1.418919 0.326531 0.000000
1.439189 0.326531 0.000000
1.459459 0.326531 0.000000
1.479730 0.326531 0.000000
1.500000 0.326531 0.000000
0.000000 0.346939 0.000000
0.020270 0.346939 0.000000
0.040541 0.346939 0.000000
0.060811 0.346939 0.000000
0.081081 0.346939 0.000000
0.101351 0.346939 0.000000
0.121622 0.346939 0.000000
0.141892 0.346939 0.000000
0.162162 0.346939 0.000000
0.182432 0.346939 0.000000
0.202703 0.346939 0.000000
0.222973 0.346939 0.000000
0.243243 0.346939 0.000000
0.263514 0.346939 0.000000
0.283784 0.346939 0.000000
0.304054 0.346939 0.000000
0.324324 0.346939 0.000000
0.344595 0.346939 0.000000
0.364865 0.346939 0.000000
0.385135 0.346939 0.000000
0.405405 0.346939 0.000000
0.425676 0.346939 0.000000
0.445946 0.346939 0.000000
0.466216 0.346939 0.000000
0.486486 0.346939 0.000000
0.506757 0.346939 0.000000
0.527027 0.346939 0.000000
0.547297 0.346939 0.000000
0.567568 0.346939 0.000000
0.587838 0.346939 0.000000
0.608108 0.346939 0.000000
0.628378 0.346939 0.000000
0.648649 0.346939 0.000000
0.668919 0.346939 0.000000
0.689189 0.346939 0.000000
0.709459 0.346939 0.000000
0.729730 0.346939 0.000000
0.750000 0.346939 0.000000
0.770270 0.346939 0.000000
0.790541 0.346939 0.000000
0.810811 0.346939 0.000000
0.831081 0.346939 0.000000
0.851351 0.346939 0.000000
0.871622 0.346939 0.000000
0.891892 0.346939 0.000000
0.912162 0.346939 0.000000
0.932432 0.346939 0.000000
0.952703 0.346939 0.000000
0.972973 0.346939 0.000000
0.993243 0.346939 0.000000
1.013514 0.346939 0.000000
1.033784 0.346939 0.000000
1.054054 0.346939 0.000000
1.074324 0.346939 0.000000
1.094595 0.346939 0.000000
1.114865 0.346939 0.000000
1.135135 0.346939 0.000000
1.155405 0.346939 0.000000
1.175676 0.346939 0.000000
1.195946 0.346939 0.000000
1.216216 0.346939 0.000000
1.236486 0.346939 0.000000
1.256757 0.346939 0.000000
1.277027 0.346939 0.000000
1.297297 0.346939 0.000000
1.317568 0.346939 0.000000
1.337838 0.346939 0.000000
1.358108 0.346939 0.000000
1.378378 0.346939 0.000000
1.398649 0.346939 0.000000
1.418919 0.346939 0.000000
1.439189 0.346939 0.000000
1.459459 0.346939 0.000000
1.479730 0.346939 0.000000
1.500000 0.346939 0.000000
0.000000 0.367347 0.000000
0.020270 0.367347 0.000000
0.040541 0.367347 0.000000
0.060811 0.367347 0.000000
0.081081 0.367347 0.000000
0.101351 0.367347 0.000000
0.121622 0.367347 0.000000
0.141892 0.367347 0.000000
0.162162 0.367347 0.000000
0.182432 0.367347 0.000000
0.202703 0.367347 0.000000
0.222973 0.367347 0.000000
0.243243 0.367347 0.000000
0.263514 0.367347 0.000000
0.283784 0.367347 0.000000
0.304054 0.367347 0.000000
0.324324 0.367347 0.000000
0.344595 0.367347 0.000000
0.364865 0.367347 0.000000
0.385135 0.367347 0.000000
0.405405 0.367347 0.000000
0.425676 0.367347 0.000000
0.445946 0.367347 0.000000
0.466216 0.367347 0.000000
0.486486 0.367347 0.000000
0.506757 0.367347 0.000000
0.527027 0.367347 0.000000
0.547297 0.367347 0.000000
0.567568 0.367347 0.000000
0.587838 0.367347 0.000000
0.608108 0.367347 0.000000
0.628378 0.367347 0.000000
0.648649 0.367347 0.000000
0.668919 0.367347 0.000000
0.689189 0.367347 0.000000
0.709459 0.367347 0.000000
0.729730 0.367347 0.000000
0.750000 0.367347 0.000000
0.770270 0.367347 0.000000
0.790541 0.367347 0.000000
0.810811 0.367347 0.000000
0.831081 0.367347 0.000000
0.851351 0.367347 0.000000
0.871622 0.367347 0.000000
0.891892 0.367347 0.000000
0.912162 0.367347 0.000000
0.932432 0.367347 0.000000
0.952703 0.367347 0.000000
0.972973 0.367347 0.000000
0.993243 0.367347 0.000000
1.013514 0.367347 0.000000
1.033784 0.367347 0.000000
1.054054 0.367347 0.000000
1.074324 0.367347 0.000000
1.094595 0.367347 0.000000
1.114865 0.367347 0.000000
1.135135 0.367347 0.000000
1.155405 0.367347 0.000000
1.175676 0.367347 0.000000
1.195946 0.367347 0.000000
1.216216 0.367347 0.000000
1.236486 0.367347 0.000000
1.256757 0.367347 0.000000
1.277027 0.367347 0.000000
1.297297 0.367347 0.000000
1.317568 0.367347 0.000000
1.337838 0.367347 0.000000
1.358108 0.367347 0.000000
1.378378 0.367347 0.000000
1.398649 0.367347 0.000000
1.418919 0.367347 0.000000
1.439189 0.367347 0.000000
1.459459 0.367347 0.000000
1.479730 0.367347 0.000000
1.500000 0.367347 0.000000
0.000000 0.387755 0.000000
0.020270 0.387755 0.000000
0.040541 0.387755 0.000000
0.060811 0.387755 0.000000
0.081081 0.387755 0.000000
0.101351 0.387755 0.000000
0.121622 0.387755 0.000000
0.141892 0.387755 0.000000
0.162162 0.387755 0.000000
0.182432 0.387755 0.000000
0.202703 0.387755 0.000000
0.222973 0.387755 0.000000
0.243243 0.387755 0.000000
0.263514 0.387755 0.000000
0.283784 0.387755 0.000000
0.304054 0.387755 0.000000
0.324324 0.387755 0.000000
0.344595 0.387755 0.000000
0.364865 0.387755 0.000000
0.385135 0.387755 0.000000
0.405405 0.387755 0.000000
0.425676 0.387755 0.000000
0.445946 0.387755 0.000000
0.466216 0.387755 0.000000
0.486486 0.387755 0.000000
0.506757 0.387755 0.000000
0.527027 0.387755 0.000000
0.547297 0.387755 0.000000
0.567568 0.387755 0.000000
0.587838 0.387755 0.000000
0.608108 0.387755 0.000000
0.628378 0.387755 0.000000
0.648649 0.387755 0.000000
0.668919 0.387755 0.000000
0.689189 0.387755 0.000000
0.709459 0.387755 0.000000
0.729730 0.387755 0.000000
0.750000 0.387755 0.000000
0.770270 0.387755 0.000000
0.790541 0.387755 0.000000
0.810811 0.387755 0.000000
0.831081 0.387755 0.000000
0.851351 0.387755 0.000000
0.871622 0.387755 0.000000
0.891892 0.387755 0.000000
0.912162 0.387755 0.000000
0.932432 0.387755 0.000000
0.952703 0.387755 0.000000
0.972973 0.387755 0.000000
0.993243 0.387755 0.000000
1.013514 0.387755 0.000000
1.033784 0.387755 0.000000
1.054054 0.387755 0.000000
1.074324 0.387755 0.000000
1.094595 0.387755 0.000000
1.114865 0.387755 0.000000
1.135135 0.387755 0.000000
1.155405 0.387755 0.000000
1.175676 0.387755 0.000000
1.195946 0.387755 0.000000
1.216216 0.387755 0.000000
1.236486 0.387755 0.000000
1.256757 0.387755 0.000000
1.277027 0.387755 0.000000
1.297297 0.387755 0.000000
1.317568 0.387755 0.000000
1.337838 0.387755 0.000000
1.358108 0.387755 0.000000
1.378378 0.387755 0.000000
1.398649 0.387755 0.000000
1.418919 0.387755 0.000000
1.439189 0.387755 0.000000
1.459459 0.387755 0.000000
1.479730 0.387755 0.000000
1.500000 0.387755 0.000000
0.000000 0.408163 0.000000
0.020270 0.408163 0.000000
0.040541 0.408163 0.000000
0.060811 0.408163 0.000000
0.081081 0.408163 0.000000
0.101351 0.408163 0.000000
0.121622 0.408163 0.000000
0.141892 0.408163 0.000000
0.162162 0.408163 0.000000
0.182432 0.408163 0.000000
0.202703 0.408163 0.000000
0.222973 0.408163 0.000000
0.243243 0.408163 0.000000
0.263514 0.408163 0.000000
0.283784 0.408163 0.000000
0.304054 0.408163 0.000000
0.324324 0.408163 0.000000
0.344595 0.408163 0.000000
0.364865 0.408163 0.000000
0.385135 0.408163 0.000000
0.405405 0.408163 0.000000
0.425676 0.408163 0.000000
0.445946 0.408163 0.000000
0.466216 0.408163 0.000000
0.486486 0.408163 0.000000
0.506757 0.408163 0.000000
0.527027 0.408163 0.000000
0.547297 0.408163 0.000000
0.567568 0.408163 0.000000
0.587838 0.408163 0.000000
0.608108 0.408163 0.000000
0.628378 0.408163 0.000000
0.648649 0.408163 0.000000
0.668919 0.408163 0.000000
0.689189 0.408163 0.000000
0.709459 0.408163 0.000000
0.729730 0.408163 0.000000
0.750000 0.408163 0.000000
0.770270 0.408163 0.000000
0.790541 0.408163 0.000000
0.810811 0.408163 0.000000
0.831081 0.408163 0.000000
0.851351 0.408163 0.000000
0.871622 0.408163 0.000000
0.891892 0.408163 0.000000
0.912162 0.408163 0.000000
0.932432 0.408163 0.000000
0.952703 0.408163 0.000000
0.972973 0.408163 0.000000
0.993243 0.408163 0.000000
1.013514 0.408163 0.000000
1.033784 0.408163 0.000000
1.054054 0.408163 0.000000
1.074324 0.408163 0.000000
1.094595 0.408163 0.000000
1.114865 0.408163 0.000000
1.135135 0.408163 0.000000
1.155405 0.408163 0.000000
1.175676 0.408163 0.000000
1.195946 0.408163 0.000000
1.216216 0.408163 0.000000
1.236486 0.408163 0.000000
1.256757 0.408163 0.000000
1.277027 0.408163 0.000000
1.297297 0.408163 0.000000
1.317568 0.408163 0.000000
1.337838 0.408163 0.000000
1.358108 0.408163 0.000000
1.378378 0.408163 0.000000
1.398649 0.408163 0.000000
1.418919 0.408163 0.000000
1.439189 0.408163 0.000000
1.459459 0.408163 0.000000
1.479730 0.408163 0.000000
1.500000 0.408163 0.000000
0.000000 0.428571 0.000000
0.020270 0.428571 0.000000
0.040541 0.428571 0.000000
0.060811 0.428571 0.000000
0.081081 0.428571 0.000000
0.101351 0.428571 0.000000
0.121622 0.428571 0.000000
0.141892 0.428571 0.000000
0.162162 0.428571 0.000000
0.182432 0.428571 0.000000
0.202703 0.428571 0.000000
0.222973 0.428571 0.000000
0.243243 0.428571 0.000000
0.263514 0.428571 0.000000
0.283784 0.428571 0.000000
0.304054 0.428571 0.000000
0.324324 0.428571 0.000000
0.344595 0.428571 0.000000
0.364865 0.428571 0.000000
0.385135 0.428571 0.000000
0.405405 0.428571 0.000000
0.425676 0.428571 0.000000
0.445946 0.428571 0.000000
0.466216 0.428571 0.000000
0.486486 0.428571 0.000000
0.506757 0.428571 0.000000
0.527027 0.428571 0.000000
0.547297 0.428571 0.000000
0.567568 0.428571 0.000000
0.587838 0.428571 0.000000
0.608108 0.428571 0.000000
0.628378 0.428571 0.000000
0.648649 0.428571 0.000000
0.668919 0.428571 0.000000
0.689189 0.428571 0.000000
0.709459 0.428571 0.000000
0.729730 0.428571 0.000000
0.750000 0.428571 0.000000
0.770270 0.428571 0.000000
0.790541 0.428571 0.000000
0.810811 0.428571 0.000000
0.831081 0.428571 0.000000
0.851351 0.428571 0.000000
0.871622 0.428571 0.000000
0.891892 0.428571 0.000000
0.912162 0.428571 0.000000
0.932432 0.428571 0.000000
0.952703 0.428571 0.000000
0.972973 0.428571 0.000000
0.993243 0.428571 0.000000
1.013514 0.428571 0.000000
1.033784 0.428571 0.000000
1.054054 0.428571 0.000000
1.074324 0.428571 0.000000
1.094595 0.428571 0.000000
1.114865 0.428571 0.000000
1.135135 0.428571 0.000000
1.155405 0.428571 0.000000
1.175676 0.428571 0.000000
1.195946 0.428571 0.000000
1.216216 0.428571 0.000000
1.236486 0.428571 0.000000
1.256757 0.428571 0.000000
1.277027 0.428571 0.000000
1.297297 0.428571 0.000000
1.317568 0.428571 0.000000
1.337838 0.428571 0.000000
1.358108 0.428571 0.000000
1.378378 0.428571 0.000000
1.398649 0.428571 0.000000
1.418919 0.428571 0.000000
1.439189 0.428571 0.000000
1.459459 0.428571 0.000000
1.479730 0.428571 0.000000
1.500000 0.428571 0.000000
0.000000 0.448980 0.000000
0.020270 0.448980 0.000000
0.040541 0.448980 0.000000
0.060811 0.448980 0.000000
0.081081 0.448980 0.000000
0.101351 0.448980 0.000000
0.121622 0.448980 0.000000
0.141892 0.448980 0.000000
0.162162 0.448980 0.000000
0.182432 0.448980 0.000000
0.202703 0.448980 0.000000
0.222973 0.448980 0.000000
0.243243 0.448980 0.000000
0.263514 0.448980 0.000000
0.283784 0.448980 0.000000
0.304054 0.448980 0.000000
0.324324 0.448980 0.000000
0.344595 0.448980 0.000000
0.364865 0.448980 0.000000
0.385135 0.448980 0.000000
0.405405 0.448980 0.000000
0.425676 0.448980 0.000000
0.445946 0.448980 0.000000
0.466216 0.448980 0.000000
0.486486 0.448980 0.000000
0.506757 0.448980 0.000000
0.527027 0.448980 0.000000
0.547297 0.448980 0.000000
0.567568 0.448980 0.000000
0.587838 0.448980 0.000000
0.608108 0.448980 0.000000
0.628378 0.448980 0.000000
0.648649 0.448980 0.000000
0.668919 0.448980 0.000000
0.689189 0.448980 0.000000
0.709459 0.448980 0.000000
0.729730 0.448980 0.000000
0.750000 0.448980 0.000000
0.770270 0.448980 0.000000
0.790541 0.448980 0.000000
0.810811 0.448980 0.000000
0.831081 0.448980 0.000000
0.851351 0.448980 0.000000
0.871622 0.448980 0.000000
0.891892 0.448980 0.000000
0.912162 0.448980 0.000000
0.932432 0.448980 0.000000
0.952703 0.448980 0.000000
0.972973 0.448980 0.000000
0.993243 0.448980 0.000000
1.013514 0.448980 0.000000
1.033784 0.448980 0.000000
1.054054 0.448980 0.000000
1.074324 0.448980 0.000000
1.094595 0.448980 0.000000
1.114865 0.448980 0.000000
1.135135 0.448980 0.000000
1.155405 0.448980 0.000000
1.175676 0.448980 0.000000
1.195946 0.448980 0.000000
1.216216 0.448980 0.000000
1.236486 0.448980 0.000000
1.256757 0.448980 0.000000
1.277027 0.448980 0.000000
1.297297 0.448980 0.000000
1.317568 0.448980 0.000000
1.337838 0.448980 0.000000
1.358108 0.448980 0.000000
1.378378 0.448980 0.000000
1.398649 0.448980 0.000000
1.418919 0.448980 0.000000
1.439189 0.448980 0.000000
1.459459 0.448980 0.000000
1.479730 0.448980 0.000000
1.500000 0.448980 0.000000
0.000000 0.469388 0.000000
0.020270 0.469388 0.000000
0.040541 0.469388 0.000000
0.060811 0.469388 0.000000
0.081081 0.469388 0.000000
0.101351 0.469388 0.000000
0.121622 0.469388 0.000000
0.141892 0.469388 0.000000
0.162162 0.469388 0.000000
0.182432 0.469388 0.000000
0.202703 0.469388 0.000000
0.222973 0.469388 0.000000
0.243243 0.469388 0.000000
0.263514 0.469388 0.000000
0.283784 0.469388 0.000000
0.304054 0.469388 0.000000
0.324324 0.469388 0.000000
0.344595 0.469388 0.000000
0.364865 0.469388 0.000000
0.385135 0.469388 0.000000
0.405405 0.469388 0.000000
0.425676 0.469388 0.000000
0.445946 0.469388 0.000000
0.466216 0.469388 0.000000
0.486486 0.469388 0.000000
0.506757 0.469388 0.000000
0.527027 0.469388 0.000000
0.547297 0.469388 0.000000
0.567568 0.469388 0.000000
0.587838 0.469388 0.000000
0.608108 0.469388 0.000000
0.628378 0.469388 0.000000
0.648649 0.469388 0.000000
0.668919 0.469388 0.000000
0.689189 0.469388 0.000000
0.709459 0.469388 0.000000
0.729730 0.469388 0.000000
0.750000 0.469388 0.000000
0.770270 0.469388 0.000000
0.790541 0.469388 0.000000
0.810811 0.469388 0.000000
0.831081 0.469388 0.000000
0.851351 0.469388 0.000000
0.871622 0.469388 0.000000
0.891892 0.469388 0.000000
0.912162 0.469388 0.000000
0.932432 0.469388 0.000000
0.952703 0.469388 0.000000
0.972973 0.469388 0.000000
0.993243 0.469388 0.000000
1.013514 0.469388 0.000000
1.033784 0.469388 0.000000
1.054054 0.469388 0.000000
1.074324 0.469388 0.000000
1.094595 0.469388 0.000000
1.114865 0.469388 0.000000
1.135135 0.469388 0.000000
1.155405 0.469388 0.000000
1.175676 0.469388 0.000000
1.195946 0.469388 0.000000
1.216216 0.469388 0.000000
1.236486 0.469388 0.000000
1.256757 0.469388 0.000000
1.277027 0.469388 0.000000
1.297297 0.469388 0.000000
1.317568 0.469388 0.000000
1.337838 0.469388 0.000000
1.358108 0.469388 0.000000
1.378378 0.469388 0.000000
1.398649 0.469388 0.000000
1.418919 0.469388 0.000000
1.439189 0.469388 0.000000
1.459459 0.469388 0.000000
1.479730 0.469388 0.000000
1.500000 0.469388 0.000000
0.000000 0.489796 0.000000
0.020270 0.489796 0.000000
0.040541 0.489796 0.000000
0.060811 0.489796 0.000000
0.081081 0.489796 0.000000
0.101351 0.489796 0.000000
0.121622 0.489796 0.000000
0.141892 0.489796 0.000000
0.162162 0.489796 0.000000
0.182432 0.489796 0.000000
0.202703 0.489796 0.000000
0.222973 0.489796 0.000000
0.243243 0.489796 0.000000
0.263514 0.489796 0.000000
0.283784 0.489796 0.000000
0.304054 0.489796 0.000000
0.324324 0.489796 0.000000
0.344595 0.489796 0.000000
0.364865 0.489796 0.000000
0.385135 0.489796 0.000000
0.405405 0.489796 0.000000
0.425676 0.489796 0.000000
0.445946 0.489796 0.000000
0.466216 0.489796 0.000000
0.486486 0.489796 0.000000
0.506757 0.489796 0.000000
0.527027 0.489796 0.000000
0.547297 0.489796 0.000000
0.567568 0.489796 0.000000
0.587838 0.489796 0.000000
0.608108 0.489796 0.000000
0.628378 0.489796 0.000000
0.648649 0.489796 0.000000
0.668919 0.489796 0.000000
0.689189 0.489796 0.000000
0.709459 0.489796 0.000000
0.729730 0.489796 0.000000
0.750000 0.489796 0.000000
0.770270 0.489796 0.000000
0.790541 0.489796 0.000000
0.810811 0.489796 0.000000
0.831081 0.489796 0.000000
0.851351 0.489796 0.000000
0.871622 0.489796 0.000000
0.891892 0.489796 0.000000
0.912162 0.489796 0.000000
0.932432 0.489796 0.000000
0.952703 0.489796 0.000000
0.972973 0.489796 0.000000
0.993243 0.489796 0.000000
1.013514 0.489796 0.000000
1.033784 0.489796 0.000000
1.054054 0.489796 0.000000
1.074324 0.489796 0.000000
1.094595 0.489796 0.000000
1.114865 0.489796 0.000000
1.135135 0.489796 0.000000
1.155405 0.489796 0.000000
1.175676 0.489796 0.000000
1.195946 0.489796 0.000000
1.216216 0.489796 0.000000
1.236486 0.489796 0.000000
1.256757 0.489796 0.000000
1.277027 0.489796 0.000000
1.297297 0.489796 0.000000
1.317568 0.489796 0.000000
1.337838 0.489796 0.000000
1.358108 0.489796 0.000000
1.378378 0.489796 0.000000
1.398649 0.489796 0.000000
1.418919 0.489796 0.000000
1.439189 0.489796 0.000000
1.459459 0.489796 0.000000
1.479730 0.489796 0.000000
1.500000 0.489796 0.000000
0.000000 0.510204 0.000000
0.020270 0.510204 0.000000
0.040541 0.510204 0.000000
0.060811 0.510204 0.000000
0.081081 0.510204 0.000000
0.101351 0.510204 0.000000
0.121622 0.510204 0.000000
0.141892 0.510204 0.000000
0.162162 0.510204 0.000000
0.182432 0.510204 0.000000
0.202703 0.510204 0.000000
0.222973 0.510204 0.000000
0.243243 0.510204 0.000000
0.263514 0.510204 0.000000
0.283784 0.510204 0.000000
0.304054 0.510204 0.000000
0.324324 0.510204 0.000000
0.344595 0.510204 0.000000
0.364865 0.510204 0.000000
0.385135 0.510204 0.000000
0.405405 0.510204 0.000000
0.425676 0.510204 0.000000
0.445946 0.510204 0.000000
0.466216 0.510204 0.000000
0.486486 0.510204 0.000000
0.506757 0.510204 0.000000
0.527027 0.510204 0.000000
0.547297 0.510204 0.000000
0.567568 0.510204 0.000000
0.587838 0.510204 0.000000
0.608108 0.510204 0.000000
0.628378 0.510204 0.000000
0.648649 0.510204 0.000000
0.668919 0.510204 0.000000
0.689189 0.510204 0.000000
0.709459 0.510204 0.000000
0.729730 0.510204 0.000000
0.750000 0.510204 0.000000
0.770270 0.510204 0.000000
0.790541 0.510204 0.000000
0.810811 0.510204 0.000000
0.831081 0.510204 0.000000
0.851351 0.510204 0.000000
0.871622 0.510204 0.000000
0.891892 0.510204 0.000000
0.912162 0.510204 0.000000
0.932432 0.510204 0.000000
0.952703 0.510204 0.000000
0.972973 0.510204 0.000000
0.993243 0.510204 0.000000
1.013514 0.510204 0.000000
1.033784 0.510204 0.000000
1.054054 0.510204 0.000000
1.074324 0.510204 0.000000
1.094595 0.510204 0.000000
1.114865 0.510204 0.000000
1.135135 0.510204 0.000000
1.155405 0.510204 0.000000
1.175676 0.510204 0.000000
1.195946 0.510204 0.000000
1.216216 0.510204 0.000000
1.236486 0.510204 0.000000
1.256757 0.510204 0.000000
1.277027 0.510204 0.000000
1.297297 0.510204 0.000000
1.317568 0.510204 0.000000
1.337838 0.510204 0.000000
1.358108 0.510204 0.000000
1.378378 0.510204 0.000000
1.398649 0.510204 0.000000
1.418919 0.510204 0.000000
1.439189 0.510204 0.000000
1.459459 0.510204 0.000000
1.479730 0.510204 0.000000
1.500000 0.510204 0.000000
0.000000 0.530612 0.000000
0.020270 0.530612 0.000000
0.040541 0.530612 0.000000
0.060811 0.530612 0.000000
0.081081 0.530612 0.000000
0.101351 0.530612 0.000000
0.121622 0.530612 0.000000
0.141892 0.530612 0.000000
0.162162 0.530612 0.000000
0.182432 0.530612 0.000000
0.202703 0.530612 0.000000
0.222973 0.530612 0.000000
0.243243 0.530612 0.000000
0.263514 0.530612 0.000000
0.283784 0.530612 0.000000
0.304054 0.530612 0.000000
0.324324 0.530612 0.000000
0.344595 0.530612 0.000000
0.364865 0.530612 0.000000
0.385135 0.530612 0.000000
0.405405 0.530612 0.000000
0.425676 0.530612 0.000000
0.445946 0.530612 0.000000
0.466216 0.530612 0.000000
0.486486 0.530612 0.000000
0.506757 0.530612 0.000000
0.527027 0.530612 0.000000
0.547297 0.530612 0.000000
0.567568 0.530612 0.000000
0.587838 0.530612 0.000000
0.608108 0.530612 0.000000
0.628378 0.530612 0.000000
0.648649 0.530612 0.000000
0.668919 0.530612 0.000000
0.689189 0.530612 0.000000
0.709459 0.530612 0.000000
0.729730 0.530612 0.000000
0.750000 0.530612 0.000000
0.770270 0.530612 0.000000
0.790541 0.530612 0.000000
0.810811 0.530612 0.000000
0.831081 0.530612 0.000000
0.851351 0.530612 0.000000
0.871622 0.530612 0.000000
0.891892 0.530612 0.000000
0.912162 0.530612 0.000000
0.932432 0.530612 0.000000
0.952703 0.530612 0.000000
0.972973 0.530612 0.000000
0.993243 0.530612 0.000000
1.013514 0.530612 0.000000
1.033784 0.530612 0.000000
1.054054 0.530612 0.000000
1.074324 0.530612 0.000000
1.094595 0.530612 0.000000
1.114865 0.530612 0.000000
1.135135 0.530612 0.000000
1.155405 0.530612 0.000000
1.175676 0.530612 0.000000
1.195946 0.530612 0.000000
1.216216 0.530612 0.000000
1.236486 0.530612 0.000000
1.256757 0.530612 0.000000
1.277027 0.530612 0.000000
1.297297 0.530612 0.000000
1.317568 0.530612 0.000000
1.337838 0.530612 0.000000
1.358108 0.530612 0.000000
1.378378 0.530612 0.000000
1.398649 0.530612 0.000000
1.418919 0.530612 0.000000
1.439189 0.530612 0.000000
1.459459 0.530612 0.000000
1.479730 0.530612 0.000000
1.500000 0.530612 0.000000
0.000000 0.551020 0.000000
0.020270 0.551020 0.000000
0.040541 0.551020 0.000000
0.060811 0.551020 0.000000
0.081081 0.551020 0.000000
0.101351 0.551020 0.000000
0.121622 0.551020 0.000000
0.141892 0.551020 0.000000
0.162162 0.551020 0.000000
0.182432 0.551020 0.000000
0.202703 0.551020 0.000000
0.222973 0.551020 0.000000
0.243243 0.551020 0.000000
0.263514 0.551020 0.000000
0.283784 0.551020 0.000000
0.304054 0.551020 0.000000
0.324324 0.551020 0.000000
0.344595 0.551020 0.000000
0.364865 0.551020 0.000000
0.385135 0.551020 0.000000
0.405405 0.551020 0.000000
0.425676 0.551020 0.000000
0.445946 0.551020 0.000000
0.466216 0.551020 0.000000
0.486486 0.551020 0.000000
0.506757 0.551020 0.000000
0.527027 0.551020 0.000000
0.547297 0.551020 0.000000
0.567568 0.551020 0.000000
0.587838 0.551020 0.000000
0.608108 0.551020 0.000000
0.628378 0.551020 0.000000
0.648649 0.551020 0.000000
0.668919 0.551020 0.000000
0.689189 0.551020 0.000000
0.709459 0.551020 0.000000
0.729730 0.551020 0.000000
0.750000 0.551020 0.000000
0.770270 0.551020 0.000000
0.790541 0.551020 0.000000
0.810811 0.551020 0.000000
0.831081 0.551020 0.000000
0.851351 0.551020 0.000000
0.871622 0.551020 0.000000
0.891892 0.551020 0.000000
0.912162 0.551020 0.000000
0.932432 0.551020 0.000000
0.952703 0.551020 0.000000
0.972973 0.551020 0.000000
0.993243 0.551020 0.000000
1.013514 0.551020 0.000000
1.033784 0.551020 0.000000
1.054054 0.551020 0.000000
1.074324 0.551020 0.000000
1.094595 0.551020 0.000000
1.114865 0.551020 0.000000
1.135135 0.551020 0.000000
1.155405 0.551020 0.000000
1.175676 0.551020 0.000000
1.195946 0.551020 0.000000
1.216216 0.551020 0.000000
1.236486 0.551020 0.000000
1.256757 0.551020 0.000000
1.277027 0.551020 0.000000
1.297297 0.551020 0.000000
1.317568 0.551020 0.000000
1.337838 0.551020 0.000000
1.358108 0.551020 0.000000
1.378378 0.551020 0.000000
1.398649 0.551020 0.000000
1.418919 0.551020 0.000000
1.439189 0.551020 0.000000
1.459459 0.551020 0.000000
1.479730 0.551020 0.000000
1.500000 0.551020 0.000000
0.000000 0.571429 0.000000
0.020270 0.571429 0.000000
0.040541 0.571429 0.000000
0.060811 0.571429 0.000000
0.081081 0.571429 0.000000
0.101351 0.571429 0.000000
0.121622 0.571429 0.000000
0.141892 0.571429 0.000000
0.162162 0.571429 0.000000
0.182432 0.571429 0.000000
0.202703 0.571429 0.000000
0.222973 0.571429 0.000000
0.243243 0.571429 0.000000
0.263514 0.571429 0.000000
0.283784 0.571429 0.000000
0.304054 0.571429 0.000000
0.324324 0.571429 0.000000
0.344595 0.571429 0.000000
0.364865 0.571429 0.000000
0.385135 0.571429 0.000000
0.405405 0.571429 0.000000
0.425676 0.571429 0.000000
0.445946 0.571429 0.000000
0.466216 0.571429 0.000000
0.486486 0.571429 0.000000
0.506757 0.571429 0.000000
0.527027 0.571429 0.000000
0.547297 0.571429 0.000000
0.567568 0.571429 0.000000
0.587838 0.571429 0.000000
0.608108 0.571429 0.000000
0.628378 0.571429 0.000000
0.648649 0.571429 0.000000
0.668919 0.571429 0.000000
0.689189 0.571429 0.000000
0.709459 0.571429 0.000000
0.729730 0.571429 0.000000
0.750000 0.571429 0.000000
0.770270 0.571429 0.000000
0.790541 0.571429 0.000000
0.810811 0.571429 0.000000
0.831081 0.571429 0.000000
0.851351 0.571429 0.000000
0.871622 0.571429 0.000000
0.891892 0.571429 0.000000
0.912162 0.571429 0.000000
0.932432 0.571429 0.000000
0.952703 0.571429 0.000000
0.972973 0.571429 0.000000
0.993243 0.571429 0.000000
1.013514 0.571429 0.000000
1.033784 0.571429 0.000000
1.054054 0.571429 0.000000
1.074324 0.571429 0.000000
1.094595 0.571429 0.000000
1.114865 0.571429 0.000000
1.135135 0.571429 0.000000
1.155405 0.571429 0.000000
1.175676 0.571429 0.000000
1.195946 0.571429 0.000000
1.216216 0.571429 0.000000
1.236486 0.571429 0.000000
1.256757 0.571429 0.000000
1.277027 0.571429 0.000000
1.297297 0.571429 0.000000
1.317568 0.571429 0.000000
1.337838 0.571429 0.000000
1.358108 0.571429 0.000000
1.378378 0.571429 0.000000
1.398649 0.571429 0.000000
1.418919 0.571429 0.000000
1.439189 0.571429 0.000000
1.459459 0.571429 0.000000
1.479730 0.571429 0.000000
1.500000 0.571429 0.000000
0.000000 0.591837 0.000000
0.020270 0.591837 0.000000
0.040541 0.591837 0.000000
0.060811 0.591837 0.000000
0.081081 0.591837 0.000000
0.101351 0.591837 0.000000
0.121622 0.591837 0.000000
0.141892 0.591837 0.000000
0.162162 0.591837 0.000000
0.182432 0.591837 0.000000
0.202703 0.591837 0.000000
0.222973 0.591837 0.000000
0.243243 0.591837 0.000000
0.263514 0.591837 0.000000
0.283784 0.591837 0.000000
0.304054 0.591837 0.000000
0.324324 0.591837 0.000000
0.344595 0.591837 0.000000
0.364865 0.591837 0.000000
0.385135 0.591837 0.000000
0.405405 0.591837 0.000000
0.425676 0.591837 0.000000
0.445946 0.591837 0.000000
0.466216 0.591837 0.000000
0.486486 0.591837 0.000000
0.506757 0.591837 0.000000
0.527027 0.591837 0.000000
0.547297 0.591837 0.000000
0.567568 0.591837 0.000000
0.587838 0.591837 0.000000
0.608108 0.591837 0.000000
0.628378 0.591837 0.000000
0.648649 0.591837 0.000000
0.668919 0.591837 0.000000
0.689189 0.591837 0.000000
0.709459 0.591837 0.000000
0.729730 0.591837 0.000000
0.750000 0.591837 0.000000
0.770270 0.591837 0.000000
0.790541 0.591837 0.000000
0.810811 0.591837 0.000000
0.831081 0.591837 0.000000
0.851351 0.591837 0.000000
0.871622 0.591837 0.000000
0.891892 0.591837 0.000000
0.912162 0.591837 0.000000
0.932432 0.591837 0.000000
0.952703 0.591837 0.000000
0.972973 0.591837 0.000000
0.993243 0.591837 0.000000
1.013514 0.591837 0.000000
1.033784 0.591837 0.000000
1.054054 0.591837 0.000000
1.074324 0.591837 0.000000
1.094595 0.591837 0.000000
1.114865 0.591837 0.000000
1.135135 0.591837 0.000000
1.155405 0.591837 0.000000
1.175676 0.591837 0.000000
1.195946 0.591837 0.000000
1.216216 0.591837 0.000000
1.236486 0.591837 0.000000
1.256757 0.591837 0.000000
1.277027 0.591837 0.000000
1.297297 0.591837 0.000000
1.317568 0.591837 0.000000
1.337838 0.591837 0.000000
1.358108 0.591837 0.000000
1.378378 0.591837 0.000000
1.398649 0.591837 0.000000
1.418919 0.591837 0.000000
1.439189 0.591837 0.000000
1.459459 0.591837 0.000000
1.479730 0.591837 0.000000
1.500000 0.591837 0.000000
0.000000 0.612245 0.000000
0.020270 0.612245 0.000000
0.040541 0.612245 0.000000
0.060811 0.612245 0.000000
0.081081 0.612245 0.000000
0.101351 0.612245 0.000000
0.121622 0.612245 0.000000
0.141892 0.612245 0.000000
0.162162 0.612245 0.000000
0.182432 0.612245 0.000000
0.202703 0.612245 0.000000
0.222973 0.612245 0.000000
0.243243 0.612245 0.000000
0.263514 0.612245 0.000000
0.283784 0.612245 0.000000
0.304054 0.612245 0.000000
0.324324 0.612245 0.000000
0.344595 0.612245 0.000000
0.364865 0.612245 0.000000
0.385135 0.612245 0.000000
0.405405 0.612245 0.000000
0.425676 0.612245 0.000000
0.445946 0.612245 0.000000
0.466216 0.612245 0.000000
0.486486 0.612245 0.000000
0.506757 0.612245 0.000000
0.527027 0.612245 0.000000
0.547297 0.612245 0.000000
0.567568 0.612245 0.000000
0.587838 0.612245 0.000000
0.608108 0.612245 0.000000
0.628378 0.612245 0.000000
0.648649 0.612245 0.000000
0.668919 0.612245 0.000000
0.689189 0.612245 0.000000
0.709459 0.612245 0.000000
0.729730 0.612245 0.000000
0.750000 0.612245 0.000000
0.770270 0.612245 0.000000
0.790541 0.612245 0.000000
0.810811 0.612245 0.000000
0.831081 0.612245 0.000000
0.851351 0.612245 0.000000
0.871622 0.612245 0.000000
0.891892 0.612245 0.000000
0.912162 0.612245 0.000000
0.932432 0.612245 0.000000
0.952703 0.612245 0.000000
0.972973 0.612245 0.000000
0.993243 0.612245 0.000000
1.013514 0.612245 0.000000
1.033784 0.612245 0.000000
1.054054 0.612245 0.000000
1.074324 0.612245 0.000000
1.094595 0.612245 0.000000
1.114865 0.612245 0.000000
1.135135 0.612245 0.000000
1.155405 0.612245 0.000000
1.175676 0.612245 0.000000
1.195946 0.612245 0.000000
1.216216 0.612245 0.000000
1.236486 0.612245 0.000000
1.256757 0.612245 0.000000
1.277027 0.612245 0.000000
1.297297 0.612245 0.000000
1.317568 0.612245 0.000000
1.337838 0.612245 0.000000
1.358108 0.612245 0.000000
1.378378 0.612245 0.000000
1.398649 0.612245 0.000000
1.418919 0.612245 0.000000
1.439189 0.612245 0.000000
1.459459 0.612245 0.000000
1.479730 0.612245 0.000000
1.500000 0.612245 0.000000
0.000000 0.632653 0.000000
0.020270 0.632653 0.000000
0.040541 0.632653 0.000000
0.060811 0.632653 0.000000
0.081081 0.632653 0.000000
0.101351 0.632653 0.000000
0.121622 0.632653 0.000000
0.141892 0.632653 0.000000
0.162162 0.632653 0.000000
0.182432 0.632653 0.000000
0.202703 0.632653 0.000000
0.222973 0.632653 0.000000
0.243243 0.632653 0.000000
0.263514 0.632653 0.000000
0.283784 0.632653 0.000000
0.304054 0.632653 0.000000
0.324324 0.632653 0.000000
0.344595 0.632653 0.000000
0.364865 0.632653 0.000000
0.385135 0.632653 0.000000
0.405405 0.632653 0.000000
0.425676 0.632653 0.000000
0.445946 0.632653 0.000000
0.466216 0.632653 0.000000
0.486486 0.632653 0.000000
0.506757 0.632653 0.000000
0.527027 0.632653 0.000000
0.547297 0.632653 0.000000
0.567568 0.632653 0.000000
0.587838 0.632653 0.000000
0.608108 0.632653 0.000000
0.628378 0.632653 0.000000
0.648649 0.632653 0.000000
0.668919 0.632653 0.000000
0.689189 0.632653 0.000000
0.709459 0.632653 0.000000
0.729730 0.632653 0.000000
0.750000 0.632653 0.000000
0.770270 0.632653 0.000000
0.790541 0.632653 0.000000
0.810811 0.632653 0.000000
0.831081 0.632653 0.000000
0.851351 0.632653 0.000000
0.871622 0.632653 0.000000
0.891892 0.632653 0.000000
0.912162 0.632653 0.000000
0.932432 0.632653 0.000000
0.952703 0.632653 0.000000
0.972973 0.632653 0.000000
0.993243 0.632653 0.000000
1.013514 0.632653 0.000000
1.033784 0.632653 0.000000
1.054054 0.632653 0.000000
1.074324 0.632653 0.000000
1.094595 0.632653 0.000000
1.114865 0.632653 0.000000
1.135135 0.632653 0.000000
1.155405 0.632653 0.000000
1.175676 0.632653 0.000000
1.195946 0.632653 0.000000
1.216216 0.632653 0.000000
1.236486 0.632653 0.000000
1.256757 0.632653 0.000000
1.277027 0.632653 0.000000
1.297297 0.632653 0.000000
1.317568 0.632653 0.000000
1.337838 0.632653 0.000000
1.358108 0.632653 0.000000
1.378378 0.632653 0.000000
1.398649 0.632653 0.000000
1.418919 0.632653 0.000000
1.439189 0.632653 0.000000
1.459459 0.632653 0.000000
1.479730 0.632653 0.000000
1.500000 0.632653 0.000000
0.000000 0.653061 0.000000
0.020270 0.653061 0.000000
0.040541 0.653061 0.000000
0.060811 0.653061 0.000000
0.081081 0.653061 0.000000
0.101351 0.653061 0.000000
0.121622 0.653061 0.000000
0.141892 0.653061 0.000000
0.162162 0.653061 0.000000
0.182432 0.653061 0.000000
0.202703 0.653061 0.000000
0.222973 0.653061 0.000000
0.243243 0.653061 0.000000
0.263514 0.653061 0.000000
0.283784 0.653061 0.000000
0.304054 0.653061 0.000000
0.324324 0.653061 0.000000
0.344595 0.653061 0.000000
0.364865 0.653061 0.000000
0.385135 0.653061 0.000000
0.405405 0.653061 0.000000
0.425676 0.653061 0.000000
0.445946 0.653061 0.000000
0.466216 0.653061 0.000000
0.486486 0.653061 0.000000
0.506757 0.653061 0.000000
0.527027 0.653061 0.000000
0.547297 0.653061 0.000000
0.567568 0.653061 0.000000
0.587838 0.653061 0.000000
0.608108 0.653061 0.000000
0.628378 0.653061 0.000000
0.648649 0.653061 0.000000
0.668919 0.653061 0.000000
0.689189 0.653061 0.000000
0.709459 0.653061 0.000000
0.729730 0.653061 0.000000
0.750000 0.653061 0.000000
0.770270 0.653061 0.000000
0.790541 0.653061 0.000000
0.810811 0.653061 0.000000
0.831081 0.653061 0.000000
0.851351 0.653061 0.000000
0.871622 0.653061 0.000000
0.891892 0.653061 0.000000
0.912162 0.653061 0.000000
0.932432 0.653061 0.000000
0.952703 0.653061 0.000000
0.972973 0.653061 0.000000
0.993243 0.653061 0.000000
1.013514 0.653061 0.000000
1.033784 0.653061 0.000000
1.054054 0.653061 0.000000
1.074324 0.653061 0.000000
1.094595 0.653061 0.000000
1.114865 0.653061 0.000000
1.135135 0.653061 0.000000
1.155405 0.653061 0.000000
1.175676 0.653061 0.000000
1.195946 0.653061 0.000000
1.216216 0.653061 0.000000
1.236486 0.653061 0.000000
1.256757 0.653061 0.000000
1.277027 0.653061 0.000000
1.297297 0.653061 0.000000
1.317568 0.653061 0.000000
1.337838 0.653061 0.000000
1.358108 0.653061 0.000000
1.378378 0.653061 0.000000
1.398649 0.653061 0.000000
1.418919 0.653061 0.000000
1.439189 0.653061 0.000000
1.459459 0.653061 0.000000
1.479730 0.653061 0.000000
1.500000 0.653061 0.000000
0.000000 0.673469 0.000000
0.020270 0.673469 0.000000
0.040541 0.673469 0.000000
0.060811 0.673469 0.000000
0.081081 0.673469 0.000000
0.101351 0.673469 0.000000
0.121622 0.673469 0.000000
0.141892 0.673469 0.000000
0.162162 0.673469 0.000000
0.182432 0.673469 0.000000
0.202703 0.673469 0.000000
0.222973 0.673469 0.000000
0.243243 0.673469 0.000000
0.263514 0.673469 0.000000
0.283784 0.673469 0.000000
0.304054 0.673469 0.000000
0.324324 0.673469 0.000000
0.344595 0.673469 0.000000
0.364865 0.673469 0.000000
0.385135 0.673469 0.000000
0.405405 0.673469 0.000000
0.425676 0.673469 0.000000
0.445946 0.673469 0.000000
0.466216 0.673469 0.000000
0.486486 0.673469 0.000000
0.506757 0.673469 0.000000
0.527027 0.673469 0.000000
0.547297 0.673469 0.000000
0.567568 0.673469 0.000000
0.587838 0.673469 0.000000
0.608108 0.673469 0.000000
0.628378 0.673469 0.000000
0.648649 0.673469 0.000000
0.668919 0.673469 0.000000
0.689189 0.673469 0.000000
0.709459 0.673469 0.000000
0.729730 0.673469 0.000000
0.750000 0.673469 0.000000
0.770270 0.673469 0.000000
0.790541 0.673469 0.000000
0.810811 0.673469 0.000000
0.831081 0.673469 0.000000
0.851351 0.673469 0.000000
0.871622 0.673469 0.000000
0.891892 0.673469 0.000000
0.912162 0.673469 0.000000
0.932432 0.673469 0.000000
0.952703 0.673469 0.000000
0.972973 0.673469 0.000000
0.993243 0.673469 0.000000
1.013514 0.673469 0.000000
1.033784 0.673469 0.000000
1.054054 0.673469 0.000000
1.074324 0.673469 0.000000
1.094595 0.673469 0.000000
1.114865 0.673469 0.000000
1.135135 0.673469 0.000000
1.155405 0.673469 0.000000
1.175676 0.673469 0.000000
1.195946 0.673469 0.000000
1.216216 0.673469 0.000000
1.236486 0.673469 0.000000
1.256757 0.673469 0.000000
1.277027 0.673469 0.000000
1.297297 0.673469 0.000000
1.317568 0.673469 0.000000
1.337838 0.673469 0.000000
1.358108 0.673469 0.000000
1.378378 0.673469 0.000000
1.398649 0.673469 0.000000
1.418919 0.673469 0.000000
1.439189 0.673469 0.000000
1.459459 0.673469 0.000000
1.479730 0.673469 0.000000
1.500000 0.673469 0.000000
0.000000 0.693878 0.000000
0.020270 0.693878 0.000000
0.040541 0.693878 0.000000
0.060811 0.693878 0.000000
0.081081 0.693878 0.000000
0.101351 0.693878 0.000000
0.121622 0.693878 0.000000
0.141892 0.693878 0.000000
0.162162 0.693878 0.000000
0.182432 0.693878 0.000000
0.202703 0.693878 0.000000
0.222973 0.693878 0.000000
0.243243 0.693878 0.000000
0.263514 0.693878 0.000000
0.283784 0.693878 0.000000
0.304054 0.693878 0.000000
0.324324 0.693878 0.000000
0.344595 0.693878 0.000000
0.364865 0.693878 0.000000
0.385135 0.693878 0.000000
0.405405 0.693878 0.000000
0.425676 0.693878 0.000000
0.445946 0.693878 0.000000
0.466216 0.693878 0.000000
0.486486 0.693878 0.000000
0.506757 0.693878 0.000000
0.527027 0.693878 0.000000
0.547297 0.693878 0.000000
0.567568 0.693878 0.000000
0.587838 0.693878 0.000000
0.608108 0.693878 0.000000
0.628378 0.693878 0.000000
0.648649 0.693878 0.000000
0.668919 0.693878 0.000000
0.689189 0.693878 0.000000
0.709459 0.693878 0.000000
0.729730 0.693878 0.000000
0.750000 0.693878 0.000000
0.770270 0.693878 0.000000
0.790541 0.693878 0.000000
0.810811 0.693878 0.000000
0.831081 0.693878 0.000000
0.851351 0.693878 0.000000
0.871622 0.693878 0.000000
0.891892 0.693878 0.000000
0.912162 0.693878 0.000000
0.932432 0.693878 0.000000
0.952703 0.693878 0.000000
0.972973 0.693878 0.000000
0.993243 0.693878 0.000000
1.013514 0.693878 0.000000
1.033784 0.693878 0.000000
1.054054 0.693878 0.000000
1.074324 0.693878 0.000000
1.094595 0.693878 0.000000
1.114865 0.693878 0.000000
1.135135 0.693878 0.000000
1.155405 0.693878 0.000000
1.175676 0.693878 0.000000
1.195946 0.693878 0.000000
1.216216 0.693878 0.000000
1.236486 0.693878 0.000000
1.256757 0.693878 0.000000
1.277027 0.693878 0.000000
1.297297 0.693878 0.000000
1.317568 0.693878 0.000000
1.337838 0.693878 0.000000
1.358108 0.693878 0.000000
1.378378 0.693878 0.000000
1.398649 0.693878 0.000000
1.418919 0.693878 0.000000
1.439189 0.693878 0.000000
1.459459 0.693878 0.000000
1.479730 0.693878 0.000000
1.500000 0.693878 0.000000
0.000000 0.714286 0.000000
0.020270 0.714286 0.000000
0.040541 0.714286 0.000000
0.060811 0.714286 0.000000
0.081081 0.714286 0.000000
0.101351 0.714286 0.000000
0.121622 0.714286 0.000000
0.141892 0.714286 0.000000
0.162162 0.714286 0.000000
0.182432 0.714286 0.000000
0.202703 0.714286 0.000000
0.222973 0.714286 0.000000
0.243243 0.714286 0.000000
0.263514 0.714286 0.000000
0.283784 0.714286 0.000000
0.304054 0.714286 0.000000
0.324324 0.714286 0.000000
0.344595 0.714286 0.000000
0.364865 0.714286 0.000000
0.385135 0.714286 0.000000
0.405405 0.714286 0.000000
0.425676 0.714286 0.000000
0.445946 0.714286 0.000000
0.466216 0.714286 0.000000
0.486486 0.714286 0.000000
0.506757 0.714286 0.000000
0.527027 0.714286 0.000000
0.547297 0.714286 0.000000
0.567568 0.714286 0.000000
0.587838 0.714286 0.000000
0.608108 0.714286 0.000000
0.628378 0.714286 0.000000
0.648649 0.714286 0.000000
0.668919 0.714286 0.000000
0.689189 0.714286 0.000000
0.709459 0.714286 0.000000
0.729730 0.714286 0.000000
0.750000 0.714286 0.000000
0.770270 0.714286 0.000000
0.790541 0.714286 0.000000
0.810811 0.714286 0.000000
0.831081 0.714286 0.000000
0.851351 0.714286 0.000000
0.871622 0.714286 0.000000
0.891892 0.714286 0.000000
0.912162 0.714286 0.000000
0.932432 0.714286 0.000000
0.952703 0.714286 0.000000
0.972973 0.714286 0.000000
0.993243 0.714286 0.000000
1.013514 0.714286 0.000000
1.033784 0.714286 0.000000
1.054054 0.714286 0.000000
1.074324 0.714286 0.000000
1.094595 0.714286 0.000000
1.114865 0.714286 0.000000
1.135135 0.714286 0.000000
1.155405 0.714286 0.000000
1.175676 0.714286 0.000000
1.195946 0.714286 0.000000
1.216216 0.714286 0.000000
1.236486 0.714286 0.000000
1.256757 0.714286 0.000000
1.277027 0.714286 0.000000
1.297297 0.714286 0.000000
1.317568 0.714286 0.000000
1.337838 0.714286 0.000000
1.358108 0.714286 0.000000
1.378378 0.714286 0.000000
1.398649 0.714286 0.000000
1.418919 0.714286 0.000000
1.439189 0.714286 0.000000
1.459459 0.714286 0.000000
1.479730 0.714286 0.000000
1.500000 0.714286 0.000000
0.000000 0.734694 0.000000
0.020270 0.734694 0.000000
0.040541 0.734694 0.000000
0.060811 0.734694 0.000000
0.081081 0.734694 0.000000
0.101351 0.734694 0.000000
0.121622 0.734694 0.000000
0.141892 0.734694 0.000000
0.162162 0.734694 0.000000
0.182432 0.734694 0.000000
0.202703 0.734694 0.000000
0.222973 0.734694 0.000000
0.243243 0.734694 0.000000
0.263514 0.734694 0.000000
0.283784 0.734694 0.000000
0.304054 0.734694 0.000000
0.324324 0.734694 0.000000
0.344595 0.734694 0.000000
0.364865 0.734694 0.000000
0.385135 0.734694 0.000000
0.405405 0.734694 0.000000
0.425676 0.734694 0.000000
0.445946 0.734694 0.000000
0.466216 0.734694 0.000000
0.486486 0.734694 0.000000
0.506757 0.734694 0.000000
0.527027 0.734694 0.000000
0.547297 0.734694 0.000000
0.567568 0.734694 0.000000
0.587838 0.734694 0.000000
0.608108 0.734694 0.000000
0.628378 0.734694 0.000000
0.648649 0.734694 0.000000
0.668919 0.734694 0.000000
0.689189 0.734694 0.000000
0.709459 0.734694 0.000000
0.729730 0.734694 0.000000
0.750000 0.734694 0.000000
0.770270 0.734694 0.000000
0.790541 0.734694 0.000000
0.810811 0.734694 0.000000
0.831081 0.734694 0.000000
0.851351 0.734694 0.000000
0.871622 0.734694 0.000000
0.891892 0.734694 0.000000
0.912162 0.734694 0.000000
0.932432 0.734694 0.000000
0.952703 0.734694 0.000000
0.972973 0.734694 0.000000
0.993243 0.734694 0.000000
1.013514 0.734694 0.000000
1.033784 0.734694 0.000000
1.054054 0.734694 0.000000
1.074324 0.734694 0.000000
1.094595 0.734694 0.000000
1.114865 0.734694 0.000000
1.135135 0.734694 0.000000
1.155405 0.734694 0.000000
1.175676 0.734694 0.000000
1.195946 0.734694 0.000000
1.216216 0.734694 0.000000
1.236486 0.734694 0.000000
1.256757 0.734694 0.000000
1.277027 0.734694 0.000000
1.297297 0.734694 0.000000
1.317568 0.734694 0.000000
1.337838 0.734694 0.000000
1.358108 0.734694 0.000000
1.378378 0.734694 0.000000
1.398649 0.734694 0.000000
1.418919 0.734694 0.000000
1.439189 0.734694 0.000000
1.459459 0.734694 0.000000
1.479730 0.734694 0.000000
1.500000 0.734694 0.000000
0.000000 0.755102 0.000000
0.020270 0.755102 0.000000
0.040541 0.755102 0.000000
0.060811 0.755102 0.000000
0.081081 0.755102 0.000000
0.101351 0.755102 0.000000
0.121622 0.755102 0.000000
0.141892 0.755102 0.000000
0.162162 0.755102 0.000000
0.182432 0.755102 0.000000
0.202703 0.755102 0.000000
0.222973 0.755102 0.000000
0.243243 0.755102 0.000000
0.263514 0.755102 0.000000
0.283784 0.755102 0.000000
0.304054 0.755102 0.000000
0.324324 0.755102 0.000000
0.344595 0.755102 0.000000
0.364865 0.755102 0.000000
0.385135 0.755102 0.000000
0.405405 0.755102 0.000000
0.425676 0.755102 0.000000
0.445946 0.755102 0.000000
0.466216 0.755102 0.000000
0.486486 0.755102 0.000000
0.506757 0.755102 0.000000
0.527027 0.755102 0.000000
0.547297 0.755102 0.000000
0.567568 0.755102 0.000000
0.587838 0.755102 0.000000
0.608108 0.755102 0.000000
0.628378 0.755102 0.000000
0.648649 0.755102 0.000000
0.668919 0.755102 0.000000
0.689189 0.755102 0.000000
0.709459 0.755102 0.000000
0.729730 0.755102 0.000000
0.750000 0.755102 0.000000
0.770270 0.755102 0.000000
0.790541 0.755102 0.000000
0.810811 0.755102 0.000000
0.831081 0.755102 0.000000
0.851351 0.755102 0.000000
0.871622 0.755102 0.000000
0.891892 0.755102 0.000000
0.912162 0.755102 0.000000
0.932432 0.755102 0.000000
0.952703 0.755102 0.000000
0.972973 0.755102 0.000000
0.993243 0.755102 0.000000
1.013514 0.755102 0.000000
1.033784 0.755102 0.000000
1.054054 0.755102 0.000000
1.074324 0.755102 0.000000
1.094595 0.755102 0.000000
1.114865 0.755102 0.000000
1.135135 0.755102 0.000000
1.155405 0.755102 0.000000
1.175676 0.755102 0.000000
1.195946 0.755102 0.000000
1.216216 0.755102 0.000000
1.236486 0.755102 0.000000
1.256757 0.755102 0.000000
1.277027 0.755102 0.000000
1.297297 0.755102 0.000000
1.317568 0.755102 0.000000
1.337838 0.755102 0.000000
1.358108 0.755102 0.000000
1.378378 0.755102 0.000000
1.398649 0.755102 0.000000
1.418919 0.755102 0.000000
1.439189 0.755102 0.000000
1.459459 0.755102 0.000000
1.479730 0.755102 0.000000
1.500000 0.755102 0.000000
0.000000 0.775510 0.000000
0.020270 0.775510 0.000000
0.040541 0.775510 0.000000
0.060811 0.775510 0.000000
0.081081 0.775510 0.000000
0.101351 0.775510 0.000000
0.121622 0.775510 0.000000
0.141892 0.775510 0.000000
0.162162 0.775510 0.000000
0.182432 0.775510 0.000000
0.202703 0.775510 0.000000
0.222973 0.775510 0.000000
0.243243 0.775510 0.000000
0.263514 0.775510 0.000000
0.283784 0.775510 0.000000
0.304054 0.775510 0.000000
0.324324 0.775510 0.000000
0.344595 0.775510 0.000000
0.364865 0.775510 0.000000
0.385135 0.775510 0.000000
0.405405 0.775510 0.000000
0.425676 0.775510 0.000000
0.445946 0.775510 0.000000
0.466216 0.775510 0.000000
0.486486 0.775510 0.000000
0.506757 0.775510 0.000000
0.527027 0.775510 0.000000
0.547297 0.775510 0.000000
0.567568 0.775510 0.000000
0.587838 0.775510 0.000000
0.608108 0.775510 0.000000
0.628378 0.775510 0.000000
0.648649 0.775510 0.000000
0.668919 0.775510 0.000000
0.689189 0.775510 0.000000
0.709459 0.775510 0.000000
0.729730 0.775510 0.000000
0.750000 0.775510 0.000000
0.770270 0.775510 0.000000
0.790541 0.775510 0.000000
0.810811 0.775510 0.000000
0.831081 0.775510 0.000000
0.851351 0.775510 0.000000
0.871622 0.775510 0.000000
0.891892 0.775510 0.000000
0.912162 0.775510 0.000000
0.932432 0.775510 0.000000
0.952703 0.775510 0.000000
0.972973 0.775510 0.000000
0.993243 0.775510 0.000000
1.013514 0.775510 0.000000
1.033784 0.775510 0.000000
1.054054 0.775510 0.000000
1.074324 0.775510 0.000000
1.094595 0.775510 0.000000
1.114865 0.775510 0.000000
1.135135 0.775510 0.000000
1.155405 0.775510 0.000000
1.175676 0.775510 0.000000
1.195946 0.775510 0.000000
1.216216 0.775510 0.000000
1.236486 0.775510 0.000000
1.256757 0.775510 0.000000
1.277027 0.775510 0.000000
1.297297 0.775510 0.000000
1.317568 0.775510 0.000000
1.337838 0.775510 0.000000
1.358108 0.775510 0.000000
1.378378 0.775510 0.000000
1.398649 0.775510 0.000000
1.418919 0.775510 0.000000
1.439189 0.775510 0.000000
1.459459 0.775510 0.000000
1.479730 0.775510 0.000000
1.500000 0.775510 0.000000
0.000000 0.795918 0.000000
0.020270 0.795918 0.000000
0.040541 0.795918 0.000000
0.060811 0.795918 0.000000
0.081081 0.795918 0.000000
0.101351 0.795918 0.000000
0.121622 0.795918 0.000000
0.141892 0.795918 0.000000
0.162162 0.795918 0.000000
0.182432 0.795918 0.000000
0.202703 0.795918 0.000000
0.222973 0.795918 0.000000
0.243243 0.795918 0.000000
0.263514 0.795918 0.000000
0.283784 0.795918 0.000000
0.304054 0.795918 0.000000
0.324324 0.795918 0.000000
0.344595 0.795918 0.000000
0.364865 0.795918 0.000000
0.385135 0.795918 0.000000
0.405405 0.795918 0.000000
0.425676 0.795918 0.000000
0.445946 0.795918 0.000000
0.466216 0.795918 0.000000
0.486486 0.795918 0.000000
0.506757 0.795918 0.000000
0.527027 0.795918 0.000000
0.547297 0.795918 0.000000
0.567568 0.795918 0.000000
0.587838 0.795918 0.000000
0.608108 0.795918 0.000000
0.628378 0.795918 0.000000
0.648649 0.795918 0.000000
0.668919 0.795918 0.000000
0.689189 0.795918 0.000000
0.709459 0.795918 0.000000
0.729730 0.795918 0.000000
0.750000 0.795918 0.000000
0.770270 0.795918 0.000000
0.790541 0.795918 0.000000
0.810811 0.795918 0.000000
0.831081 0.795918 0.000000
0.851351 0.795918 0.000000
0.871622 0.795918 0.000000
0.891892 0.795918 0.000000
0.912162 0.795918 0.000000
0.932432 0.795918 0.000000
0.952703 0.795918 0.000000
0.972973 0.795918 0.000000
0.993243 0.795918 0.000000
1.013514 0.795918 0.000000
1.033784 0.795918 0.000000
1.054054 0.795918 0.000000
1.074324 0.795918 0.000000
1.094595 0.795918 0.000000
1.114865 0.795918 0.000000
1.135135 0.795918 0.000000
1.155405 0.795918 0.000000
1.175676 0.795918 0.000000
1.195946 0.795918 0.000000
1.216216 0.795918 0.000000
1.236486 0.795918 0.000000
1.256757 0.795918 0.000000
1.277027 0.795918 0.000000
1.297297 0.795918 0.000000
1.317568 0.795918 0.000000
1.337838 0.795918 0.000000
1.358108 0.795918 0.000000
1.378378 0.795918 0.000000
1.398649 0.795918 0.000000
1.418919 0.795918 0.000000
1.439189 0.795918 0.000000
1.459459 0.795918 0.000000
1.479730 0.795918 0.000000
1.500000 0.795918 0.000000
0.000000 0.816327 0.000000
0.020270 0.816327 0.000000
0.040541 0.816327 0.000000
0.060811 0.816327 0.000000
0.081081 0.816327 0.000000
0.101351 0.816327 0.000000
0.121622 0.816327 0.000000
0.141892 0.816327 0.000000
0.162162 0.816327 0.000000
0.182432 0.816327 0.000000
0.202703 0.816327 0.000000
0.222973 0.816327 0.000000
0.243243 0.816327 0.000000
0.263514 0.816327 0.000000
0.283784 0.816327 0.000000
0.304054 0.816327 0.000000
0.324324 0.816327 0.000000
0.344595 0.816327 0.000000
0.364865 0.816327 0.000000
0.385135 0.816327 0.000000
0.405405 0.816327 0.000000
0.425676 0.816327 0.000000
0.445946 0.816327 0.000000
0.466216 0.816327 0.000000
0.486486 0.816327 0.000000
0.506757 0.816327 0.000000
0.527027 0.816327 0.000000
0.547297 0.816327 0.000000
0.567568 0.816327 0.000000
0.587838 0.816327 0.000000
0.608108 0.816327 0.000000
0.628378 0.816327 0.000000
0.648649 0.816327 0.000000
0.668919 0.816327 0.000000
0.689189 0.816327 0.000000
0.709459 0.816327 0.000000
0.729730 0.816327 0.000000
0.750000 0.816327 0.000000
0.770270 0.816327 0.000000
0.790541 0.816327 0.000000
0.810811 0.816327 0.000000
0.831081 0.816327 0.000000
0.851351 0.816327 0.000000
0.871622 0.816327 0.000000
0.891892 0.816327 0.000000
0.912162 0.816327 0.000000
0.932432 0.816327 0.000000
0.952703 0.816327 0.000000
0.972973 0.816327 0.000000
0.993243 0.816327 0.000000
1.013514 0.816327 0.000000
1.033784 0.816327 0.000000
1.054054 0.816327 0.000000
1.074324 0.816327 0.000000
1.094595 0.816327 0.000000
1.114865 0.816327 0.000000
1.135135 0.816327 0.000000
1.155405 0.816327 0.000000
1.175676 0.816327 0.000000
1.195946 0.816327 0.000000
1.216216 0.816327 0.000000
1.236486 0.816327 0.000000
1.256757 0.816327 0.000000
1.277027 0.816327 0.000000
1.297297 0.816327 0.000000
1.317568 0.816327 0.000000
1.337838 0.816327 0.000000
1.358108 0.816327 0.000000
1.378378 0.816327 0.000000
1.398649 0.816327 0.000000
1.418919 0.816327 0.000000
1.439189 0.816327 0.000000
1.459459 0.816327 0.000000
1.479730 0.816327 0.000000
1.500000 0.816327 0.000000
0.000000 0.836735 0.000000
0.020270 0.836735 0.000000
0.040541 0.836735 0.000000
0.060811 0.836735 0.000000
0.081081 0.836735 0.000000
0.101351 0.836735 0.000000
0.121622 0.836735 0.000000
0.141892 0.836735 0.000000
0.162162 0.836735 0.000000
0.182432 0.836735 0.000000
0.202703 0.836735 0.000000
0.222973 0.836735 0.000000
0.243243 0.836735 0.000000
0.263514 0.836735 0.000000
0.283784 0.836735 0.000000
0.304054 0.836735 0.000000
0.324324 0.836735 0.000000
0.344595 0.836735 0.000000
0.364865 0.836735 0.000000
0.385135 0.836735 0.000000
0.405405 0.836735 0.000000
0.425676 0.836735 0.000000
0.445946 0.836735 0.000000
0.466216 0.836735 0.000000
0.486486 0.836735 0.000000
0.506757 0.836735 0.000000
0.527027 0.836735 0.000000
0.547297 0.836735 0.000000
0.567568 0.836735 0.000000
0.587838 0.836735 0.000000
0.608108 0.836735 0.000000
0.628378 0.836735 0.000000
0.648649 0.836735 0.000000
0.668919 0.836735 0.000000
0.689189 0.836735 0.000000
0.709459 0.836735 0.000000
0.729730 0.836735 0.000000
0.750000 0.836735 0.000000
0.770270 0.836735 0.000000
0.790541 0.836735 0.000000
0.810811 0.836735 0.000000
0.831081 0.836735 0.000000
0.851351 0.836735 0.000000
0.871622 0.836735 0.000000
0.891892 0.836735 0.000000
0.912162 0.836735 0.000000
0.932432 0.836735 0.000000
0.952703 0.836735 0.000000
0.972973 0.836735 0.000000
0.993243 0.836735 0.000000
1.013514 0.836735 0.000000
1.033784 0.836735 0.000000
1.054054 0.836735 0.000000
1.074324 0.836735 0.000000
1.094595 0.836735 0.000000
1.114865 0.836735 0.000000
1.135135 0.836735 0.000000
1.155405 0.836735 0.000000
1.175676 0.836735 0.000000
1.195946 0.836735 0.000000
1.216216 0.836735 0.000000
1.236486 0.836735 0.000000
1.256757 0.836735 0.000000
1.277027 0.836735 0.000000
1.297297 0.836735 0.000000
1.317568 0.836735 0.000000
1.337838 0.836735 0.000000
1.358108 0.836735 0.000000
1.378378 0.836735 0.000000
1.398649 0.836735 0.000000
1.418919 0.836735 0.000000
1.439189 0.836735 0.000000
1.459459 0.836735 0.000000
1.479730 0.836735 0.000000
1.500000 0.836735 0.000000
0.000000 0.857143 0.000000
0.020270 0.857143 0.000000
0.040541 0.857143 0.000000
0.060811 0.857143 0.000000
0.081081 0.857143 0.000000
0.101351 0.857143 0.000000
0.121622 0.857143 0.000000
0.141892 0.857143 0.000000
0.162162 0.857143 0.000000
0.182432 0.857143 0.000000
0.202703 0.857143 0.000000
0.222973 0.857143 0.000000
0.243243 0.857143 0.000000
0.263514 0.857143 0.000000
0.283784 0.857143 0.000000
0.304054 0.857143 0.000000
0.324324 0.857143 0.000000
0.344595 0.857143 0.000000
0.364865 0.857143 0.000000
0.385135 0.857143 0.000000
0.405405 0.857143 0.000000
0.425676 0.857143 0.000000
0.445946 0.857143 0.000000
0.466216 0.857143 0.000000
0.486486 0.857143 0.000000
0.506757 0.857143 0.000000
0.527027 0.857143 0.000000
0.547297 0.857143 0.000000
0.567568 0.857143 0.000000
0.587838 0.857143 0.000000
0.608108 0.857143 0.000000
0.628378 0.857143 0.000000
0.648649 0.857143 0.000000
0.668919 0.857143 0.000000
0.689189 0.857143 0.000000
0.709459 0.857143 0.000000
0.729730 0.857143 0.000000
0.750000 0.857143 0.000000
0.770270 0.857143 0.000000
0.790541 0.857143 0.000000
0.810811 0.857143 0.000000
0.831081 0.857143 0.000000
0.851351 0.857143 0.000000
0.871622 0.857143 0.000000
0.891892 0.857143 0.000000
0.912162 0.857143 0.000000
0.932432 0.857143 0.000000
0.952703 0.857143 0.000000
0.972973 0.857143 0.000000
0.993243 0.857143 0.000000
1.013514 0.857143 0.000000
1.033784 0.857143 0.000000
1.054054 0.857143 0.000000
1.074324 0.857143 0.000000
1.094595 0.857143 0.000000
1.114865 0.857143 0.000000
1.135135 0.857143 0.000000
1.155405 0.857143 0.000000
1.175676 0.857143 0.000000
1.195946 0.857143 0.000000
1.216216 0.857143 0.000000
1.236486 0.857143 0.000000
1.256757 0.857143 0.000000
1.277027 0.857143 0.000000
1.297297 0.857143 0.000000
1.317568 0.857143 0.000000
1.337838 0.857143 0.000000
1.358108 0.857143 0.000000
1.378378 0.857143 0.000000
1.398649 0.857143 0.000000
1.418919 0.857143 0.000000
1.439189 0.857143 0.000000
1.459459 0.857143 0.000000
1.479730 0.857143 0.000000
1.500000 0.857143 0.000000
0.000000 0.877551 0.000000
0.020270 0.877551 0.000000
0.040541 0.877551 0.000000
0.060811 0.877551 0.000000
0.081081 0.877551 0.000000
0.101351 0.877551 0.000000
0.121622 0.877551 0.000000
0.141892 0.877551 0.000000
0.162162 0.877551 0.000000
0.182432 0.877551 0.000000
0.202703 0.877551 0.000000
0.222973 0.877551 0.000000
0.243243 0.877551 0.000000
0.263514 0.877551 0.000000
0.283784 0.877551 0.000000
0.304054 0.877551 0.000000
0.324324 0.877551 0.000000
0.344595 0.877551 0.000000
0.364865 0.877551 0.000000
0.385135 0.877551 0.000000
0.405405 0.877551 0.000000
0.425676 0.877551 0.000000
0.445946 0.877551 0.000000
0.466216 0.877551 0.000000
0.486486 0.877551 0.000000
0.506757 0.877551 0.000000
0.527027 0.877551 0.000000
0.547297 0.877551 0.000000
0.567568 0.877551 0.000000
0.587838 0.877551 0.000000
0.608108 0.877551 0.000000
0.628378 0.877551 0.000000
0.648649 0.877551 0.000000
0.668919 0.877551 0.000000
0.689189 0.877551 0.000000
0.709459 0.877551 0.000000
0.729730 0.877551 0.000000
0.750000 0.877551 0.000000
0.770270 0.877551 0.000000
0.790541 0.877551 0.000000
0.810811 0.877551 0.000000
0.831081 0.877551 0.000000
0.851351 0.877551 0.000000
0.871622 0.877551 0.000000
0.891892 0.877551 0.000000
0.912162 0.877551 0.000000
0.932432 0.877551 0.000000
0.952703 0.877551 0.000000
0.972973 0.877551 0.000000
0.993243 0.877551 0.000000
1.013514 0.877551 0.000000
1.033784 0.877551 0.000000
1.054054 0.877551 0.000000
1.074324 0.877551 0.000000
1.094595 0.877551 0.000000
1.114865 0.877551 0.000000
1.135135 0.877551 0.000000
1.155405 0.877551 0.000000
1.175676 0.877551 0.000000
1.195946 0.877551 0.000000
1.216216 0.877551 0.000000
1.236486 0.877551 0.000000
1.256757 0.877551 0.000000
1.277027 0.877551 0.000000
1.297297 0.877551 0.000000
1.317568 0.877551 0.000000
1.337838 0.877551 0.000000
1.358108 0.877551 0.000000
1.378378 0.877551 0.000000
1.398649 0.877551 0.000000
1.418919 0.877551 0.000000
1.439189 0.877551 0.000000
1.459459 0.877551 0.000000
1.479730 0.877551 0.000000
1.500000 0.877551 0.000000
0.000000 0.897959 0.000000
0.020270 0.897959 0.000000
0.040541 0.897959 0.000000
0.060811 0.897959 0.000000
0.081081 0.897959 0.000000
0.101351 0.897959 0.000000
0.121622 0.897959 0.000000
0.141892 0.897959 0.000000
0.162162 0.897959 0.000000
0.182432 0.897959 0.000000
0.202703 0.897959 0.000000
0.222973 0.897959 0.000000
0.243243 0.897959 0.000000
0.263514 0.897959 0.000000
0.283784 0.897959 0.000000
0.304054 0.897959 0.000000
0.324324 0.897959 0.000000
0.344595 0.897959 0.000000
0.364865 0.897959 0.000000
0.385135 0.897959 0.000000
0.405405 0.897959 0.000000
0.425676 0.897959 0.000000
0.445946 0.897959 0.000000
0.466216 0.897959 0.000000
0.486486 0.897959 0.000000
0.506757 0.897959 0.000000
0.527027 0.897959 0.000000
0.547297 0.897959 0.000000
0.567568 0.897959 0.000000
0.587838 0.897959 0.000000
0.608108 0.897959 0.000000
0.628378 0.897959 0.000000
0.648649 0.897959 0.000000
0.668919 0.897959 0.000000
0.689189 0.897959 0.000000
0.709459 0.897959 0.000000
0.729730 0.897959 0.000000
0.750000 0.897959 0.000000
0.770270 0.897959 0.000000
0.790541 0.897959 0.000000
0.810811 0.897959 0.000000
0.831081 0.897959 0.000000
0.851351 0.897959 0.000000
0.871622 0.897959 0.000000
0.891892 0.897959 0.000000
0.912162 0.897959 0.000000
0.932432 0.897959 0.000000
0.952703 0.897959 0.000000
0.972973 0.897959 0.000000
0.993243 0.897959 0.000000
1.013514 0.897959 0.000000
1.033784 0.897959 0.000000
1.054054 0.897959 0.000000
1.074324 0.897959 0.000000
1.094595 0.897959 0.000000
1.114865 0.897959 0.000000
1.135135 0.897959 0.000000
1.155405 0.897959 0.000000
1.175676 0.897959 0.000000
1.195946 0.897959 0.000000
1.216216 0.897959 0.000000
1.236486 0.897959 0.000000
1.256757 0.897959 0.000000
1.277027 0.897959 0.000000
1.297297 0.897959 0.000000
1.317568 0.897959 0.000000
1.337838 0.897959 0.000000
1.358108 0.897959 0.000000
1.378378 0.897959 0.000000
1.398649 0.897959 0.000000
1.418919 0.897959 0.000000
1.439189 0.897959 0.000000
1.459459 0.897959 0.000000
1.479730 0.897959 0.000000
1.500000 0.897959 0.000000
0.000000 0.918367 0.000000
0.020270 0.918367 0.000000
0.040541 0.918367 0.000000
0.060811 0.918367 0.000000
0.081081 0.918367 0.000000
0.101351 0.918367 0.000000
0.121622 0.918367 0.000000
0.141892 0.918367 0.000000
0.162162 0.918367 0.000000
0.182432 0.918367 0.000000
0.202703 0.918367 0.000000
0.222973 0.918367 0.000000
0.243243 0.918367 0.000000
0.263514 0.918367 0.000000
0.283784 0.918367 0.000000
0.304054 0.918367 0.000000
0.324324 0.918367 0.000000
0.344595 0.918367 0.000000
0.364865 0.918367 0.000000
0.385135 0.918367 0.000000
0.405405 0.918367 0.000000
0.425676 0.918367 0.000000
0.445946 0.918367 0.000000
0.466216 0.918367 0.000000
0.486486 0.918367 0.000000
0.506757 0.918367 0.000000
0.527027 0.918367 0.000000
0.547297 0.918367 0.000000
0.567568 0.918367 0.000000
0.587838 0.918367 0.000000
0.608108 0.918367 0.000000
0.628378 0.918367 0.000000
0.648649 0.918367 0.000000
0.668919 0.918367 0.000000
0.689189 0.918367 0.000000
0.709459 0.918367 0.000000
0.729730 0.918367 0.000000
0.750000 0.918367 0.000000
0.770270 0.918367 0.000000
0.790541 0.918367 0.000000
0.810811 0.918367 0.000000
0.831081 0.918367 0.000000
0.851351 0.918367 0.000000
0.871622 0.918367 0.000000
0.891892 0.918367 0.000000
0.912162 0.918367 0.000000
0.932432 0.918367 0.000000
0.952703 0.918367 0.000000
0.972973 0.918367 0.000000
0.993243 0.918367 0.000000
1.013514 0.918367 0.000000
1.033784 0.918367 0.000000
1.054054 0.918367 0.000000
1.074324 0.918367 0.000000
1.094595 0.918367 0.000000
1.114865 0.918367 0.000000
1.135135 0.918367 0.000000
1.155405 0.918367 0.000000
1.175676 0.918367 0.000000
1.195946 0.918367 0.000000
1.216216 0.918367 0.000000
1.236486 0.918367 0.000000
1.256757 0.918367 0.000000
1.277027 0.918367 0.000000
1.297297 0.918367 0.000000
1.317568 0.918367 0.000000
1.337838 0.918367 0.000000
1.358108 0.918367 0.000000
1.378378 0.918367 0.000000
1.398649 0.918367 0.000000
1.418919 0.918367 0.000000
1.439189 0.918367 0.000000
1.459459 0.918367 0.000000
1.479730 0.918367 0.000000
1.500000 0.918367 0.000000
0.000000 0.938776 0.000000
0.020270 0.938776 0.000000
0.040541 0.938776 0.000000
0.060811 0.938776 0.000000
0.081081 0.938776 0.000000
0.101351 0.938776 0.000000
0.121622 0.938776 0.000000
0.141892 0.938776 0.000000
0.162162 0.938776 0.000000
0.182432 0.938776 0.000000
0.202703 0.938776 0.000000
0.222973 0.938776 0.000000
0.243243 0.938776 0.000000
0.263514 0.938776 0.000000
0.283784 0.938776 0.000000
0.304054 0.938776 0.000000
0.324324 0.938776 0.000000
0.344595 0.938776 0.000000
0.364865 0.938776 0.000000
0.385135 0.938776 0.000000
0.405405 0.938776 0.000000
0.425676 0.938776 0.000000
0.445946 0.938776 0.000000
0.466216 0.938776 0.000000
0.486486 0.938776 0.000000
0.506757 0.938776 0.000000
0.527027 0.938776 0.000000
0.547297 0.938776 0.000000
0.567568 0.938776 0.000000
0.587838 0.938776 0.000000
0.608108 0.938776 0.000000
0.628378 0.938776 0.000000
0.648649 0.938776 0.000000
0.668919 0.938776 0.000000
0.689189 0.938776 0.000000
0.709459 0.938776 0.000000
0.729730 0.938776 0.000000
0.750000 0.938776 0.000000
0.770270 0.938776 0.000000
0.790541 0.938776 0.000000
0.810811 0.938776 0.000000
0.831081 0.938776 0.000000
0.851351 0.938776 0.000000
0.871622 0.938776 0.000000
0.891892 0.938776 0.000000
0.912162 0.938776 0.000000
0.932432 0.938776 0.000000
0.952703 0.938776 0.000000
0.972973 0.938776 0.000000
0.993243 0.938776 0.000000
1.013514 0.938776 0.000000
1.033784 0.938776 0.000000
1.054054 0.938776 0.000000
1.074324 0.938776 0.000000
1.094595 0.938776 0.000000
1.114865 0.938776 0.000000
1.135135 0.938776 0.000000
1.155405 0.938776 0.000000
1.175676 0.938776 0.000000
1.195946 0.938776 0.000000
1.216216 0.938776 0.000000
1.236486 0.938776 0.000000
1.256757 0.938776 0.000000
1.277027 0.938776 0.000000
1.297297 0.938776 0.000000
1.317568 0.938776 0.000000
1.337838 0.938776 0.000000
1.358108 0.938776 0.000000
1.378378 0.938776 0.000000
1.398649 0.938776 0.000000
1.418919 0.938776 0.000000
1.439189 0.938776 0.000000
1.459459 0.938776 0.000000
1.479730 0.938776 0.000000
1.500000 0.938776 0.000000
0.000000 0.959184 0.000000
0.020270 0.959184 0.000000
0.040541 0.959184 0.000000
0.060811 0.959184 0.000000
0.081081 0.959184 0.000000
0.101351 0.959184 0.000000
0.121622 0.959184 0.000000
0.141892 0.959184 0.000000
0.162162 0.959184 0.000000
0.182432 0.959184 0.000000
0.202703 0.959184 0.000000
0.222973 0.959184 0.000000
0.243243 0.959184 0.000000
0.263514 0.959184 0.000000
0.283784 0.959184 0.000000
0.304054 0.959184 0.000000
0.324324 0.959184 0.000000
0.344595 0.959184 0.000000
0.364865 0.959184 0.000000
0.385135 0.959184 0.000000
0.405405 0.959184 0.000000
0.425676 0.959184 0.000000
0.445946 0.959184 0.000000
0.466216 0.959184 0.000000
0.486486 0.959184 0.000000
0.506757 0.959184 0.000000
0.527027 0.959184 0.000000
0.547297 0.959184 0.000000
0.567568 0.959184 0.000000
0.587838 0.959184 0.000000
0.608108 0.959184 0.000000
0.628378 0.959184 0.000000
0.648649 0.959184 0.000000
0.668919 0.959184 0.000000
0.689189 0.959184 0.000000
0.709459 0.959184 0.000000
0.729730 0.959184 0.000000
0.750000 0.959184 0.000000
0.770270 0.959184 0.000000
0.790541 0.959184 0.000000
0.810811 0.959184 0.000000
0.831081 0.959184 0.000000
0.851351 0.959184 0.000000
0.871622 0.959184 0.000000
0.891892 0.959184 0.000000
0.912162 0.959184 0.000000
0.932432 0.959184 0.000000
0.952703 0.959184 0.000000
0.972973 0.959184 0.000000
0.993243 0.959184 0.000000
1.013514 0.959184 0.000000
1.033784 0.959184 0.000000
1.054054 0.959184 0.000000
1.074324 0.959184 0.000000
1.094595 0.959184 0.000000
1.114865 0.959184 0.000000
1.135135 0.959184 0.000000
1.155405 0.959184 0.000000
1.175676 0.959184 0.000000
1.195946 0.959184 0.000000
1.216216 0.959184 0.000000
1.236486 0.959184 0.000000
1.256757 0.959184 0.000000
1.277027 0.959184 0.000000
1.297297 0.959184 0.000000
1.317568 0.959184 0.000000
1.337838 0.959184 0.000000
1.358108 0.959184 0.000000
1.378378 0.959184 0.000000
1.398649 0.959184 0.000000
1.418919 0.959184 0.000000
1.439189 0.959184 0.000000
1.459459 0.959184 0.000000
1.479730 0.959184 0.000000
1.500000 0.959184 0.000000
0.000000 0.979592 0.000000
0.020270 0.979592 0.000000
0.040541 0.979592 0.000000
0.060811 0.979592 0.000000
0.081081 0.979592 0.000000
0.101351 0.979592 0.000000
0.121622 0.979592 0.000000
0.141892 0.979592 0.000000
0.162162 0.979592 0.000000
0.182432 0.979592 0.000000
0.202703 0.979592 0.000000
0.222973 0.979592 0.000000
0.243243 0.979592 0.000000
0.263514 0.979592 0.000000
0.283784 0.979592 0.000000
0.304054 0.979592 0.000000
0.324324 0.979592 0.000000
0.344595 0.979592 0.000000
0.364865 0.979592 0.000000
0.385135 0.979592 0.000000
0.405405 0.979592 0.000000
0.425676 0.979592 0.000000
0.445946 0.979592 0.000000
0.466216 0.979592 0.000000
0.486486 0.979592 0.000000
0.506757 0.979592 0.000000
0.527027 0.979592 0.000000
0.547297 0.979592 0.000000
0.567568 0.979592 0.000000
0.587838 0.979592 0.000000
0.608108 0.979592 0.000000
0.628378 0.979592 0.000000
0.648649 0.979592 0.000000
0.668919 0.979592 0.000000
0.689189 0.979592 0.000000
0.709459 0.979592 0.000000
0.729730 0.979592 0.000000
0.750000 0.979592 0.000000
0.770270 0.979592 0.000000
0.790541 0.979592 0.000000
0.810811 0.979592 0.000000
0.831081 0.979592 0.000000
0.851351 0.979592 0.000000
0.871622 0.979592 0.000000
0.891892 0.979592 0.000000
0.912162 0.979592 0.000000
0.932432 0.979592 0.000000
0.952703 0.979592 0.000000
0.972973 0.979592 0.000000
0.993243 0.979592 0.000000
1.013514 0.979592 0.000000
1.033784 0.979592 0.000000
1.054054 0.979592 0.000000
1.074324 0.979592 0.000000
1.094595 0.979592 0.000000
1.114865 0.979592 0.000000
1.135135 0.979592 0.000000
1.155405 0.979592 0.000000
1.175676 0.979592 0.000000
1.195946 0.979592 0.000000
1.216216 0.979592 0.000000
1.236486 0.979592 0.000000
1.256757 0.979592 0.000000
1.277027 0.979592 0.000000
1.297297 0.979592 0.000000
1.317568 0.979592 0.000000
1.337838 0.979592 0.000000
1.358108 0.979592 0.000000
1.378378 0.979592 0.000000
1.398649 0.979592 0.000000
1.418919 0.979592 0.000000
1.439189 0.979592 0.000000
1.459459 0.979592 0.000000
1.479730 0.979592 0.000000
1.500000 0.979592 0.000000
0.000000 1.000000 0.000000
0.020270 1.000000 0.000000
0.040541 1.000000 0.000000
0.060811 1.000000 0.000000
0.081081 1.000000 0.000000
0.101351 1.000000 0.000000
0.121622 1.000000 0.000000
0.141892 1.000000 0.000000
0.162162 1.000000 0.000000
0.182432 1.000000 0.000000
0.202703 1.000000 0.000000
0.222973 1.000000 0.000000
0.243243 1.000000 0.000000
0.263514 1.000000 0.000000
0.283784 1.000000 0.000000
0.304054 1.000000 0.000000
0.324324 1.000000 0.000000
0.344595 1.000000 0.000000
0.364865 1.000000 0.000000
0.385135 1.000000 0.000000
0.405405 1.000000 0.000000
0.425676 1.000000 0.000000
0.445946 1.000000 0.000000
0.466216 1.000000 0.000000
0.486486 1.000000 0.000000
0.506757 1.000000 0.000000
0.527027 1.000000 0.000000
0.547297 1.000000 0.000000
0.567568 1.000000 0.000000
0.587838 1.000000 0.000000
0.608108 1.000000 0.000000
0.628378 1.000000 0.000000
0.648649 1.000000 0.000000
0.668919 1.000000 0.000000
0.689189 1.000000 0.000000
0.709459 1.000000 0.000000
0.729730 1.000000 0.000000
0.750000 1.000000 0.000000
0.770270 1.000000 0.000000
0.790541 1.000000 0.000000
0.810811 1.000000 0.000000
0.831081 1.000000 0.000000
0.851351 1.000000 0.000000
0.871622 1.000000 0.000000
0.891892 1.000000 0.000000
0.912162 1.000000 0.000000
0.932432 1.000000 0.000000
0.952703 1.000000 0.000000
0.972973 1.000000 0.000000
0.993243 1.000000 0.000000
1.013514 1.000000 0.000000
1.033784 1.000000 0.000000
1.054054 1.000000 0.000000
1.074324 1.000000 0.000000
1.094595 1.000000 0.000000
1.114865 1.000000 0.000000
1.135135 1.000000 0.000000
1.155405 1.000000 0.000000
1.175676 1.000000 0.000000
1.195946 1.000000 0.000000
1.216216 1.000000 0.000000
1.236486 1.000000 0.000000
1.256757 1.000000 0.000000
1.277027 1.000000 0.000000
1.297297 1.000000 0.000000
1.317568 1.000000 0.000000
1.337838 1.000000 0.000000
1.358108 1.000000 0.000000
1.378378 1.000000 0.000000
1.398649 1.000000 0.000000
1.418919 1.000000 0.000000
1.439189 1.000000 0.000000
1.459459 1.000000 0.000000
1.479730 1.000000 0.000000
1.500000 1.000000 0.000000

SCALARS pressure float 1
LOOKUP_TABLE default
0.000000
0.000000
0.000000
0.000000
0.000000
0.000000
0.000000
0.000000
0.000000
0.000000
0.000000
0.000000
0.000000
0.000000
0.000000
0.000000
0.000000
0.000000
0.000000
0.000000
0.000000
0.000000
0.000000
0.000000
0.000000
0.000000
0.000000
0.000000
0.000000
0.000000
0.000000
0.000000
0.000000
0.000000
0.000000
0.000000
0.000000
0.000000
0.000000
0.000000
0.000000
0.000000
0.000000
0.000000
0.000000
0.000000
0.000000
0.000000
0.000000
0.000000
0.000000
0.000000
0.000000
0.000000
0.000000
0.000000
0.000000
0.000000
0.000000
0.000000
0.000000
0.000000
0.000000
0.000000
0.000000
0.000000
0.000000
0.000000
0.000000
0.000000
0.000000
0.000000
0.000000
0.000000
0.000000
0.000000
0.000414
0.000827
0.001241
0.001655
0.002068
0.002482
0.002896
0.003309
0.003723
0.004137
0.004550
0.004964
0.005378
0.005792
0.006205
0.006619
0.007033
0.007446
0.007860
0.008274
0.008687
0.009101
0.009515
0.009928
0.010342
0.010756
0.011169
0.011583
0.011997
0.012410
0.012824
0.013238
0.013651
0.014065
0.014479
0.014892
0.015306
0.015720
0.016133
0.016547
0.016961
0.017375
0.017788
0.018202
0.018616
0.019029
0.019443
0.019857
0.020270
0.020684
0.021098
0.021511
0.021925
0.022339
0.022752
0.023166
0.023580
0.023993
0.024407
0.024821
0.025234
0.025648
0.026062
0.026475
0.026889
0.027303
0.027716
0.028130
0.028544
0.028958
0.029371
0.029785
0.030199
0.030612
0.000000
0.000827
0.001655
0.002482
0.003309
0.004137
0.004964
0.005792
0.006619
0.007446
0.008274
0.009101
0.009928
0.010756
0.011583
0.012410
0.013238
0.014065
0.014892
0.015720
0.016547
0.017375
0.018202
0.019029
0.019857
0.020684
0.021511
0.022339
0.023166
0.023993
0.024821
0.025648
0.026475
0.027303
0.028130
0.028958
0.029785
0.030612
0.031440
0.032267
0.033094
0.033922
0.034749
0.035576
0.036404
0.037231
0.038058
0.038886
0.039713
0.040541
0.041368
0.042195
0.043023
0.043850
0.044677
0.045505
0.046332
0.047159
0.047987
0.048814
0.049641
0.050469
0.051296
0.052124
0.052951
0.053778
0.054606
0.055433
0.056260
0.057088
0.057915
0.058742
0.059570
0.060397
0.061224
0.000000
0.001241
0.002482
0.003723
0.004964
0.006205
0.007446
0.008687
0.009928
0.011169
0.012410
0.013651
0.014892
0.016133
0.017375
0.018616
0.019857
0.021098
0.022339
0.023580
0.024821
0.026062
0.027303
0.028544
0.029785
0.031026
0.032267
0.033508
0.034749
0.035990
0.037231
0.038472
0.039713
0.040954
0.042195
0.043436
0.044677
0.045918
0.047159
0.048400
0.049641
0.050883
0.052124
0.053365
0.054606
0.055847
0.057088
0.058329
0.059570
0.060811
0.062052
0.063293
0.064534
0.065775
0.067016
0.068257
0.069498
0.070739
0.071980
0.073221
0.074462
0.075703
0.076944
0.078185
0.079426
0.080667
0.081908
0.083149
0.084391
0.085632
0.086873
0.088114
0.089355
0.090596
0.091837
0.000000
0.001655
0.003309
0.004964
0.006619
0.008274
0.009928
0.011583
0.013238
0.014892
0.016547
0.018202
0.019857
0.021511
0.023166
0.024821
0.026475
0.028130
0.029785
0.031440
0.033094
0.034749
0.036404
0.038058
0.039713
0.041368
0.043023
0.044677
0.046332
0.047987
0.049641
0.051296
0.052951
0.054606
0.056260
0.057915
0.059570
0.061224
0.062879
0.064534
0.066189
0.067843
0.069498
0.071153
0.072808
0.074462
0.076117
0.077772
0.079426
0.081081
0.082736
0.084391
0.086045
0.087700
0.089355
0.091009
0.092664
0.094319
0.095974
0.097628
0.099283
0.100938
0.102592
0.104247
0.105902
0.107557
0.109211
0.110866
0.112521
0.114175
0.115830
0.117485
0.119140
0.120794
0.122449
0.000000
0.002068
0.004137
0.006205
0.008274
0.010342
0.012410
0.014479
0.016547
0.018616
0.020684
0.022752
0.024821
0.026889
0.028958
0.031026
0.033094
0.035163
0.037231
0.039300
0.041368
0.043436
0.045505
0.047573
0.049641
0.051710
0.053778
0.055847
0.057915
0.059983
0.062052
0.064120
0.066189
0.068257
0.070325
0.072394
0.074462
0.076531
0.078599
0.080667
0.082736
0.084804
0.086873
0.088941
0.091009
0.093078
0.095146
0.097215
0.099283
0.101351
0.103420
0.105488
0.107557
0.109625
0.111693
0.113762
0.115830
0.117899
0.119967
0.122035
0.124104
0.126172
0.128240
0.130309
0.132377
0.134446
0.136514
0.138582
0.140651
0.142719
0.144788
0.146856
0.148924
0.150993
0.153061
0.000000
0.002482
0.004964
0.007446
0.009928
0.012410
0.014892
0.017375
0.019857
0.022339
0.024821
0.027303
0.029785
0.032267
0.034749
0.037231
0.039713
0.042195
0.044677
0.047159
0.049641
0.052124
0.054606
0.057088
0.059570
0.062052
0.064534
0.067016
0.069498
0.071980
0.074462
0.076944
0.079426
0.081908
0.084391
0.086873
0.089355
0.091837
0.094319
0.096801
0.099283
0.101765
0.104247
0.106729
0.109211
0.111693
0.114175
0.116657
0.119140
0.121622
0.124104
0.126586
0.129068
0.131550
0.134032
0.136514
0.138996
0.141478
0.143960
0.146442
0.148924
0.151407
0.153889
0.156371
0.158853
0.161335
0.163817
0.166299
0.168781
0.171263
0.173745
0.176227
0.178709
0.181191
0.183673
0.000000
0.002896
0.005792
0.008687
0.011583
0.014479
0.017375
0.020270
0.023166
0.026062
0.028958
0.031853
0.034749
0.037645
0.040541
0.043436
0.046332
0.049228
0.052124
0.055019
0.057915
0.060811
0.063707
0.066602
0.069498
0.072394
0.075290
0.078185
0.081081
0.083977
0.086873
0.089768
0.092664
0.095560
0.098456
0.101351
0.104247
0.107143
0.110039
0.112934
0.115830
0.118726
0.121622
0.124517
0.127413
0.130309
0.133205
0.136100
0.138996
0.141892
0.144788
0.147683
0.150579
0.153475
0.156371
0.159266
0.162162
0.165058
0.167954
0.170849
0.173745
0.176641
0.179537
0.182432
0.185328
0.188224
0.191120
0.194015
0.196911
0.199807
0.202703
0.205598
0.208494
0.211390
0.214286
0.000000
0.003309
0.006619
0.009928
0.013238
0.016547
0.019857
0.023166
0.026475
0.029785
0.033094
0.036404
0.039713
0.043023
0.046332
0.049641
0.052951
0.056260
0.059570
0.062879
0.066189
0.069498
0.072808
0.076117
0.079426
0.082736
0.086045
0.089355
0.092664
0.095974
0.099283
0.102592
0.105902
0.109211
0.112521
0.115830
0.119140
0.122449
0.125758
0.129068
0.132377
0.135687
0.138996
0.142306
0.145615
0.148924
0.152234
0.155543
0.158853
0.162162
0.165472
0.168781
0.172090
0.175400
0.178709
0.182019
0.185328
0.188638
0.191947
0.195256
0.198566
0.201875
0.205185
0.208494
0.211804
0.215113
0.218423
0.221732
0.225041
0.228351
0.231660
0.234970
0.238279
0.241589
0.244898
0.000000
0.003723
0.007446
0.011169
0.014892
0.018616
0.022339
0.026062
0.029785
0.033508
0.037231
0.040954
0.044677
0.048400
0.052124
0.055847
0.059570
0.063293
0.067016
0.070739
0.074462
0.078185
0.081908
0.085632
0.089355
0.093078
0.096801
0.100524
0.104247
0.107970
0.111693
0.115416
0.119140
0.122863
0.126586
0.130309
0.134032
0.137755
0.141478
0.145201
0.148924
0.152648
0.156371
0.160094
0.163817
0.167540
0.171263
0.174986
0.178709
0.182432
0.186156
0.189879
0.193602
0.197325
0.201048
0.204771
0.208494
0.212217
0.215940
0.219664
0.223387
0.227110
0.230833
0.234556
0.238279
0.242002
0.245725
0.249448
0.253172
0.256895
0.260618
0.264341
0.268064
0.271787
0.275510
0.000000
0.004137
0.008274
0.012410
0.016547
0.020684
0.024821
0.028958
0.033094
0.037231
0.041368
0.045505
0.049641
0.053778
0.057915
0.062052
0.066189
0.070325
0.074462
0.078599
0.082736
0.086873
0.091009
0.095146
0.099283
0.103420
0.107557
0.111693
0.115830
0.119967
0.124104
0.128240
0.132377
0.136514
0.140651
0.144788
0.148924
0.153061
0.157198
0.161335
0.165472
0.169608
0.173745
0.177882
0.182019
0.186156
0.190292
0.194429
0.198566
0.202703
0.206839
0.210976
0.215113
0.219250
0.223387
0.227523
0.231660
0.235797
0.239934
0.244071
0.248207
0.252344
0.256481
0.260618
0.264755
0.268891
0.273028
0.277165
0.281302
0.285438
0.289575
0.293712
0.297849
0.301986
0.306122
0.000000
0.004550
0.009101
0.013651
0.018202
0.022752
0.027303
0.031853
0.036404
0.040954
0.045505
0.050055
0.054606
0.059156
0.063707
0.068257
0.072808
0.077358
0.081908
0.086459
0.091009
0.095560
0.100110
0.104661
0.109211
0.113762
0.118312
0.122863
0.127413
0.131964
0.136514
0.141065
0.145615
0.150165
0.154716
0.159266
0.163817
0.168367
0.172918
0.177468
0.182019
0.186569
0.191120
0.195670
0.200221
0.204771
0.209322
0.213872
0.218423
0.222973
0.227523
0.232074
0.236624
0.241175
0.245725
0.250276
0.254826
0.259377
0.263927
0.268478
0.273028
0.277579
0.282129
0.286680
0.291230
0.295780
0.300331
0.304881
0.309432
0.313982
0.318533
0.323083
0.327634
0.332184
0.336735
0.000000
0.004964
0.009928
0.014892
0.019857
0.024821
0.029785
0.034749
0.039713
0.044677
0.049641
0.054606
0.059570
0.064534
0.069498
0.074462
0.079426
0.084391
0.089355
0.094319
0.099283
0.104247
0.109211
0.114175
0.119140
0.124104
0.129068
0.134032
0.138996
0.143960
0.148924
0.153889
0.158853
0.163817
0.168781
0.173745
0.178709
0.183673
0.188638
0.193602
0.198566
0.203530
0.208494
0.213458
0.218423
0.223387
0.228351
0.233315
0.238279
0.243243
0.248207
0.253172
0.258136
0.263100
0.268064
0.273028
0.277992
0.282956
0.287921
0.292885
0.297849
0.302813
0.307777
0.312741
0.317705
0.322670
0.327634
0.332598
0.337562
0.342526
0.347490
0.352454
0.357419
0.362383
0.367347
0.000000
0.005378
0.010756
0.016133
0.021511
0.026889
0.032267
0.037645
0.043023
0.048400
0.053778
0.059156
0.064534
0.069912
0.075290
0.080667
0.086045
0.091423
0.096801
0.102179
0.107557
0.112934
0.118312
0.123690
0.129068
0.134446
0.139823
0.145201
0.150579
0.155957
0.161335
0.166713
0.172090
0.177468
0.182846
0.188224
0.193602
0.198980
0.204357
0.209735
0.215113
0.220491
0.225869
0.231247
0.236624
0.242002
0.247380
0.252758
0.258136
0.263514
0.268891
0.274269
0.279647
0.285025
0.290403
0.295780
0.301158
0.306536
0.311914
0.317292
0.322670
0.328047
0.333425
0.338803
0.344181
0.349559
0.354937
0.360314
0.365692
0.371070
0.376448
0.381826
0.387204
0.392581
0.397959
0.000000
0.005792
0.011583
0.017375
0.023166
0.028958
0.034749
0.040541
0.046332
0.052124
0.057915
0.063707
0.069498
0.075290
0.081081
0.086873
0.092664
0.098456
0.104247
0.110039
0.115830
0.121622
0.127413
0.133205
0.138996
0.144788
0.150579
0.156371
0.162162
0.167954
0.173745
0.179537
0.185328
0.191120
0.196911
0.202703
0.208494
0.214286
0.220077
0.225869
0.231660
0.237452
0.243243
0.249035
0.254826
0.260618
0.266409
0.272201
0.277992
0.283784
0.289575
0.295367
0.301158
0.306950
0.312741
0.318533
0.324324
0.330116
0.335907
0.341699
0.347490
0.353282
0.359073
0.364865
0.370656
0.376448
0.382239
0.388031
0.393822
0.399614
0.405405
0.411197
0.416988
0.422780
0.428571
0.000000
0.006205
0.012410
0.018616
0.024821
0.031026
0.037231
0.043436
0.049641
0.055847
0.062052
0.068257
0.074462
0.080667
0.086873
0.093078
0.099283
0.105488
0.111693
0.117899
0.124104
0.130309
0.136514
0.142719
0.148924
0.155130
0.161335
0.167540
0.173745
0.179950
0.186156
0.192361
0.198566
0.204771
0.210976
0.217181
0.223387
0.229592
0.235797
0.242002
0.248207
0.254413
0.260618
0.266823
0.273028
0.279233
0.285438
0.291644
0.297849
0.304054
0.310259
0.316464
0.322670
0.328875
0.335080
0.341285
0.347490
0.353696
0.359901
0.366106
0.372311
0.378516
0.384721
0.390927
0.397132
0.403337
0.409542
0.415747
0.421953
0.428158
0.434363
0.440568
0.446773
0.452978
0.459184
0.000000
0.006619
0.013238
0.019857
0.026475
0.033094
0.039713
0.046332
0.052951
0.059570
0.066189
0.072808
0.079426
0.086045
0.092664
0.099283
0.105902
0.112521
0.119140
0.125758
0.132377
0.138996
0.145615
0.152234
0.158853
0.165472
0.172090
0.178709
0.185328
0.191947
0.198566
0.205185
0.211804
0.218423
0.225041
0.231660
0.238279
0.244898
0.251517
0.258136
0.264755
0.271373
0.277992
0.284611
0.291230
0.297849
0.304468
0.311087
0.317705
0.324324
0.330943
0.337562
0.344181
0.350800
0.357419
0.364038
0.370656
0.377275
0.383894
0.390513
0.397132
0.403751
0.410370
0.416988
0.423607
0.430226
0.436845
0.443464
0.450083
0.456702
0.463320
0.469939
0.476558
0.483177
0.489796
0.000000
0.007033
0.014065
0.021098
0.028130
0.035163
0.042195
0.049228
0.056260
0.063293
0.070325
0.077358
0.084391
0.091423
0.098456
0.105488
0.112521
0.119553
0.126586
0.133618
0.140651
0.147683
0.154716
0.161748
0.168781
0.175814
0.182846
0.189879
0.196911
0.203944
0.210976
0.218009
0.225041
0.232074
0.239106
0.246139
0.253172
0.260204
0.267237
0.274269
0.281302
0.288334
0.295367
0.302399
0.309432
0.316464
0.323497
0.330530
0.337562
0.344595
0.351627
0.358660
0.365692
0.372725
0.379757
0.386790
0.393822
0.400855
0.407887
0.414920
0.421953
0.428985
0.436018
0.443050
0.450083
0.457115
0.464148
0.471180
0.478213
0.485245
0.492278
0.499311
0.506343
0.513376
0.520408
0.000000
0.007446
0.014892
0.022339
0.029785
0.037231
0.044677
0.052124
0.059570
0.067016
0.074462
0.081908
0.089355
0.096801
0.104247
0.111693
0.119140
0.126586
0.134032
0.141478
0.148924
0.156371
0.163817
0.171263
0.178709
0.186156
0.193602
0.201048
0.208494
0.215940
0.223387
0.230833
0.238279
0.245725
0.253172
0.260618
0.268064
0.275510
0.282956
0.290403
0.297849
0.305295
0.312741
0.320188
0.327634
0.335080
0.342526
0.349972
0.357419
0.364865
0.372311
0.379757
0.387204
0.394650
0.402096
0.409542
0.416988
0.424435
0.431881
0.439327
0.446773
0.454220
0.461666
0.469112
0.476558
0.484004
0.491451
0.498897
0.506343
0.513789
0.521236
0.528682
0.536128
0.543574
0.551020
0.000000
0.007860
0.015720
0.023580
0.031440
0.039300
0.047159
0.055019
0.062879
0.070739
0.078599
0.086459
0.094319
0.102179
0.110039
0.117899
0.125758
0.133618
0.141478
0.149338
0.157198
0.165058
0.172918
0.180778
0.188638
0.196498
0.204357
0.212217
0.220077
0.227937
0.235797
0.243657
0.251517
0.259377
0.267237
0.275097
0.282956
0.290816
0.298676
0.306536
0.314396
0.322256
0.330116
0.337976
0.345836
0.353696
0.361555
0.369415
0.377275
0.385135
0.392995
0.400855
0.408715
0.416575
0.424435
0.432295
0.440154
0.448014
0.455874
0.463734
0.471594
0.479454
0.487314
0.495174
0.503034
0.510894
0.518753
0.526613
0.534473
0.542333
0.550193
0.558053
0.565913
0.573773
0.581633
0.000000
0.008274
0.016547
0.024821
0.033094
0.041368
0.049641
0.057915
0.066189
0.074462
0.082736
0.091009
0.099283
0.107557
0.115830
0.124104
0.132377
0.140651
0.148924
0.157198
0.165472
0.173745
0.182019
0.190292
0.198566
0.206839
0.215113
0.223387
0.231660
0.239934
0.248207
0.256481
0.264755
0.273028
0.281302
0.289575
0.297849
0.306122
0.314396
0.322670
0.330943
0.339217
0.347490
0.355764
0.364038
0.372311
0.380585
0.388858
0.397132
0.405405
0.413679
0.421953
0.430226
0.438500
0.446773
0.455047
0.463320
0.471594
0.479868
0.488141
0.496415
0.504688
0.512962
0.521236
0.529509
0.537783
0.546056
0.554330
0.562603
0.570877
0.579151
0.587424
0.595698
0.603971
0.612245
0.000000
0.008687
0.017375
0.026062
0.034749
0.043436
0.052124
0.060811
0.069498
0.078185
0.086873
0.095560
0.104247
0.112934
0.121622
0.130309
0.138996
0.147683
0.156371
0.165058
0.173745
0.182432
0.191120
0.199807
0.208494
0.217181
0.225869
0.234556
0.243243
0.251931
0.260618
0.269305
0.277992
0.286680
0.295367
0.304054
0.312741
0.321429
0.330116
0.338803
0.347490
0.356178
0.364865
0.373552
0.382239
0.390927
0.399614
0.408301
0.416988
0.425676
0.434363
0.443050
0.451737
0.460425
0.469112
0.477799
0.486486
0.495174
0.503861
0.512548
0.521236
0.529923
0.538610
0.547297
0.555985
0.564672
0.573359
0.582046
0.590734
0.599421
0.608108
0.616795
0.625483
0.634170
0.642857
0.000000
0.009101
0.018202
0.027303
0.036404
0.045505
0.054606
0.063707
0.072808
0.081908
0.091009
0.100110
0.109211
0.118312
0.127413
0.136514
0.145615
0.154716
0.163817
0.172918
0.182019
0.191120
0.200221
0.209322
0.218423
0.227523
0.236624
0.245725
0.254826
0.263927
0.273028
0.282129
0.291230
0.300331
0.309432
0.318533
0.327634
0.336735
0.345836
0.354937
0.364038
0.373138
0.382239
0.391340
0.400441
0.409542
0.418643
0.427744
0.436845
0.445946
0.455047
0.464148
0.473249
0.482350
0.491451
0.500552
0.509653
0.518753
0.527854
0.536955
0.546056
0.555157
0.564258
0.573359
0.582460
0.591561
0.600662
0.609763
0.618864
0.627965
0.637066
0.646167
0.655268
0.664368
0.673469
0.000000
0.009515
0.019029
0.028544
0.038058
0.047573
0.057088
0.066602
0.076117
0.085632
0.095146
0.104661
0.114175
0.123690
0.133205
0.142719
0.152234
0.161748
0.171263
0.180778
0.190292
0.199807
0.209322
0.218836
0.228351
0.237865
0.247380
0.256895
0.266409
0.275924
0.285438
0.294953
0.304468
0.313982
0.323497
0.333012
0.342526
0.352041
0.361555
0.371070
0.380585
0.390099
0.399614
0.409129
0.418643
0.428158
0.437672
0.447187
0.456702
0.466216
0.475731
0.485245
0.494760
0.504275
0.513789
0.523304
0.532819
0.542333
0.551848
0.561362
0.570877
0.580392
0.589906
0.599421
0.608935
0.618450
0.627965
0.637479
0.646994
0.656509
0.666023
0.675538
0.685052
0.694567
0.704082
0.000000
0.009928
0.019857
0.029785
0.039713
0.049641
0.059570
0.069498
0.079426
0.089355
0.099283
0.109211
0.119140
0.129068
0.138996
0.148924
0.158853
0.168781
0.178709
0.188638
0.198566
0.208494
0.218423
0.228351
0.238279
0.248207
0.258136
0.268064
0.277992
0.287921
0.297849
0.307777
0.317705
0.327634
0.337562
0.347490
0.357419
0.367347
0.377275
0.387204
0.397132
0.407060
0.416988
0.426917
0.436845
0.446773
0.456702
0.466630
0.476558
0.486486
0.496415
0.506343
0.516271
0.526200
0.536128
0.546056
0.555985
0.565913
0.575841
0.585769
0.595698
0.605626
0.615554
0.625483
0.635411
0.645339
0.655268
0.665196
0.675124
0.685052
0.694981
0.704909
0.714837
0.724766
0.734694
0.000000
0.010342
0.020684
0.031026
0.041368
0.051710
0.062052
0.072394
0.082736
0.093078
0.103420
0.113762
0.124104
0.134446
0.144788
0.155130
0.165472
0.175814
0.186156
0.196498
0.206839
0.217181
0.227523
0.237865
0.248207
0.258549
0.268891
0.279233
0.289575
0.299917
0.310259
0.320601
0.330943
0.341285
0.351627
0.361969
0.372311
0.382653
0.392995
0.403337
0.413679
0.424021
0.434363
0.444705
0.455047
0.465389
0.475731
0.486073
0.496415
0.506757
0.517099
0.527441
0.537783
0.548125
0.558467
0.568809
0.579151
0.589493
0.599835
0.610177
0.620518
0.630860
0.641202
0.651544
0.661886
0.672228
0.682570
0.692912
0.703254
0.713596
0.723938
0.734280
0.744622
0.754964
0.765306
0.000000
0.010756
0.021511
0.032267
0.043023
0.053778
0.064534
0.075290
0.086045
0.096801
0.107557
0.118312
0.129068
0.139823
0.150579
0.161335
0.172090
0.182846
0.193602
0.204357
0.215113
0.225869
0.236624
0.247380
0.258136
0.268891
0.279647
0.290403
0.301158
0.311914
0.322670
0.333425
0.344181
0.354937
0.365692
0.376448
0.387204
0.397959
0.408715
0.419470
0.430226
0.440982
0.451737
0.462493
0.473249
0.484004
0.494760
0.505516
0.516271
0.527027
0.537783
0.548538
0.559294
0.570050
0.580805
0.591561
0.602317
0.613072
0.623828
0.634584
0.645339
0.656095
0.666851
0.677606
0.688362
0.699117
0.709873
0.720629
0.731384
0.742140
0.752896
0.763651
0.774407
0.785163
0.795918
0.000000
0.011169
0.022339
0.033508
0.044677
0.055847
0.067016
0.078185
0.089355
0.100524
0.111693
0.122863
0.134032
0.145201
0.156371
0.167540
0.178709
0.189879
0.201048
0.212217
0.223387
0.234556
0.245725
0.256895
0.268064
0.279233
0.290403
0.301572
0.312741
0.323911
0.335080
0.346249
0.357419
0.368588
0.379757
0.390927
0.402096
0.413265
0.424435
0.435604
0.446773
0.457943
0.469112
0.480281
0.491451
0.502620
0.513789
0.524959
0.536128
0.547297
0.558467
0.569636
0.580805
0.591975
0.603144
0.614313
0.625483
0.636652
0.647821
0.658991
0.670160
0.681329
0.692499
0.703668
0.714837
0.726007
0.737176
0.748345
0.759515
0.770684
0.781853
0.793023
0.804192
0.815361
0.826531
0.000000
0.011583
0.023166
0.034749
0.046332
0.057915
0.069498
0.081081
0.092664
0.104247
0.115830
0.127413
0.138996
0.150579
0.162162
0.173745
0.185328
0.196911
0.208494
0.220077
0.231660
0.243243
0.254826
0.266409
0.277992
0.289575
0.301158
0.312741
0.324324
0.335907
0.347490
0.359073
0.370656
0.382239
0.393822
0.405405
0.416988
0.428571
0.440154
0.451737
0.463320
0.474903
0.486486
0.498069
0.509653
0.521236
0.532819
0.544402
0.555985
0.567568
0.579151
0.590734
0.602317
0.613900
0.625483
0.637066
0.648649
0.660232
0.671815
0.683398
0.694981
0.706564
0.718147
0.729730
0.741313
0.752896
0.764479
0.776062
0.787645
0.799228
0.810811
0.822394
0.833977
0.845560
0.857143
0.000000
0.011997
0.023993
0.035990
0.047987
0.059983
0.071980
0.083977
0.095974
0.107970
0.119967
0.131964
0.143960
0.155957
0.167954
0.179950
0.191947
0.203944
0.215940
0.227937
0.239934
0.251931
0.263927
0.275924
0.287921
0.299917
0.311914
0.323911
0.335907
0.347904
0.359901
0.371897
0.383894
0.395891
0.407887
0.419884
0.431881
0.443878
0.455874
0.467871
0.479868
0.491864
0.503861
0.515858
0.527854
0.539851
0.551848
0.563844
0.575841
0.587838
0.599835
0.611831
0.623828
0.635825
0.647821
0.659818
0.671815
0.683811
0.695808
0.707805
0.719801
0.731798
0.743795
0.755792
0.767788
0.779785
0.791782
0.803778
0.815775
0.827772
0.839768
0.851765
0.863762
0.875758
0.887755
0.000000
0.012410
0.024821
0.037231
0.049641
0.062052
0.074462
0.086873
0.099283
0.111693
0.124104
0.136514
0.148924
0.161335
0.173745
0.186156
0.198566
0.210976
0.223387
0.235797
0.248207
0.260618
0.273028
0.285438
0.297849
0.310259
0.322670
0.335080
0.347490
0.359901
0.372311
0.384721
0.397132
0.409542
0.421953
0.434363
0.446773
0.459184
0.471594
0.484004
0.496415
0.508825
0.521236
0.533646
0.546056
0.558467
0.570877
0.583287
0.595698
0.608108
0.620518
0.632929
0.645339
0.657750
0.670160
0.682570
0.694981
0.707391
0.719801
0.732212
0.744622
0.757033
0.769443
0.781853
0.794264
0.806674
0.819084
0.831495
0.843905
0.856315
0.868726
0.881136
0.893547
0.905957
0.918367
0.000000
0.012824
0.025648
0.038472
0.051296
0.064120
0.076944
0.089768
0.102592
0.115416
0.128240
0.141065
0.153889
0.166713
0.179537
0.192361
0.205185
0.218009
0.230833
0.243657
0.256481
0.269305
0.282129
0.294953
0.307777
0.320601
0.333425
0.346249
0.359073
0.371897
0.384721
0.397546
0.410370
0.423194
0.436018
0.448842
0.461666
0.474490
0.487314
0.500138
0.512962
0.525786
0.538610
0.551434
0.564258
0.577082
0.589906
0.602730
0.615554
0.628378
0.641202
0.654026
0.666851
0.679675
0.692499
0.705323
0.718147
0.730971
0.743795
0.756619
0.769443
0.782267
0.795091
0.807915
0.820739
0.833563
0.846387
0.859211
0.872035
0.884859
0.897683
0.910507
0.923331
0.936156
0.948980
0.000000
0.013238
0.026475
0.039713
0.052951
0.066189
0.079426
0.092664
0.105902
0.119140
0.132377
0.145615
0.158853
0.172090
0.185328
0.198566
0.211804
0.225041
0.238279
0.251517
0.264755
0.277992
0.291230
0.304468
0.317705
0.330943
0.344181
0.357419
0.370656
0.383894
0.397132
0.410370
0.423607
0.436845
0.450083
0.463320
0.476558
0.489796
0.503034
0.516271
0.529509
0.542747
0.555985
0.569222
0.582460
0.595698
0.608935
0.622173
0.635411
0.648649
0.661886
0.675124
0.688362
0.701600
0.714837
0.728075
0.741313
0.754550
0.767788
0.781026
0.794264
0.807501
0.820739
0.833977
0.847215
0.860452
0.873690
0.886928
0.900165
0.913403
0.926641
0.939879
0.953116
0.966354
0.979592
0.000000
0.013651
0.027303
0.040954
0.054606
0.068257
0.081908
0.095560
0.109211
0.122863
0.136514
0.150165
0.163817
0.177468
0.191120
0.204771
0.218423
0.232074
0.245725
0.259377
0.273028
0.286680
0.300331
0.313982
0.327634
0.341285
0.354937
0.368588
0.382239
0.395891
0.409542
0.423194
0.436845
0.450496
0.464148
0.477799
0.491451
0.505102
0.518753
0.532405
0.546056
0.559708
0.573359
0.587010
0.600662
0.614313
0.627965
0.641616
0.655268
0.668919
0.682570
0.696222
0.709873
0.723525
0.737176
0.750827
0.764479
0.778130
0.791782
0.805433
0.819084
0.832736
0.846387
0.860039
0.873690
0.887341
0.900993
0.914644
0.928296
0.941947
0.955598
0.969250
0.982901
0.996553
1.010204
0.000000
0.014065
0.028130
0.042195
0.056260
0.070325
0.084391
0.098456
0.112521
0.126586
0.140651
0.154716
0.168781
0.182846
0.196911
0.210976
0.225041
0.239106
0.253172
0.267237
0.281302
0.295367
0.309432
0.323497
0.337562
0.351627
0.365692
0.379757
0.393822
0.407887
0.421953
0.436018
0.450083
0.464148
0.478213
0.492278
0.506343
0.520408
0.534473
0.548538
0.562603
0.576669
0.590734
0.604799
0.618864
0.632929
0.646994
0.661059
0.675124
0.689189
0.703254
0.717319
0.731384
0.745450
0.759515
0.773580
0.787645
0.801710
0.815775
0.829840
0.843905
0.857970
0.872035
0.886100
0.900165
0.914231
0.928296
0.942361
0.956426
0.970491
0.984556
0.998621
1.012686
1.026751
1.040816
0.000000
0.014479
0.028958
0.043436
0.057915
0.072394
0.086873
0.101351
0.115830
0.130309
0.144788
0.159266
0.173745
0.188224
0.202703
0.217181
0.231660
0.246139
0.260618
0.275097
0.289575
0.304054
0.318533
0.333012
0.347490
0.361969
0.376448
0.390927
0.405405
0.419884
0.434363
0.448842
0.463320
0.477799
0.492278
0.506757
0.521236
0.535714
0.550193
0.564672
0.579151
0.593629
0.608108
0.622587
0.637066
0.651544
0.666023
0.680502
0.694981
0.709459
0.723938
0.738417
0.752896
0.767375
0.781853
0.796332
0.810811
0.825290
0.839768
0.854247
0.868726
0.883205
0.897683
0.912162
0.926641
0.941120
0.955598
0.970077
0.984556
0.999035
1.013514
1.027992
1.042471
1.056950
1.071429
0.000000
0.014892
0.029785
0.044677
0.059570
0.074462
0.089355
0.104247
0.119140
0.134032
0.148924
0.163817
0.178709
0.193602
0.208494
0.223387
0.238279
0.253172
0.268064
0.282956
0.297849
0.312741
0.327634
0.342526
0.357419
0.372311
0.387204
0.402096
0.416988
0.431881
0.446773
0.461666
0.476558
0.491451
0.506343
0.521236
0.536128
0.551020
0.565913
0.580805
0.595698
0.610590
0.625483
0.640375
0.655268
0.670160
0.685052
0.699945
0.714837
0.729730
0.744622
0.759515
0.774407
0.789300
0.804192
0.819084
0.833977
0.848869
0.863762
0.878654
0.893547
0.908439
0.923331
0.938224
0.953116
0.968009
0.982901
0.997794
1.012686
1.027579
1.042471
1.057363
1.072256
1.087148
1.102041
0.000000
0.015306
0.030612
0.045918
0.061224
0.076531
0.091837
0.107143
0.122449
0.137755
0.153061
0.168367
0.183673
0.198980
0.214286
0.229592
0.244898
0.260204
0.275510
0.290816
0.306122
0.321429
0.336735
0.352041
0.367347
0.382653
0.397959
0.413265
0.428571
0.443878
0.459184
0.474490
0.489796
0.505102
0.520408
0.535714
0.551020
0.566327
0.581633
0.596939
0.612245
0.627551
0.642857
0.658163
0.673469
0.688776
0.704082
0.719388
0.734694
0.750000
0.765306
0.780612
0.795918
0.811224
0.826531
0.841837
0.857143
0.872449
0.887755
0.903061
0.918367
0.933673
0.948980
0.964286
0.979592
0.994898
1.010204
1.025510
1.040816
1.056122
1.071429
1.086735
1.102041
1.117347
1.132653
0.000000
0.015720
0.031440
0.047159
0.062879
0.078599
0.094319
0.110039
0.125758
0.141478
0.157198
0.172918
0.188638
0.204357
0.220077
0.235797
0.251517
0.267237
0.282956
0.298676
0.314396
0.330116
0.345836
0.361555
0.377275
0.392995
0.408715
0.424435
0.440154
0.455874
0.471594
0.487314
0.503034
0.518753
0.534473
0.550193
0.565913
0.581633
0.597352
0.613072
0.628792
0.644512
0.660232
0.675951
0.691671
0.707391
0.723111
0.738831
0.754550
0.770270
0.785990
0.801710
0.817430
0.833149
0.848869
0.864589
0.880309
0.896029
0.911748
0.927468
0.943188
0.958908
0.974628
0.990347
1.006067
1.021787
1.037507
1.053227
1.068946
1.084666
1.100386
1.116106
1.131826
1.147546
1.163265
0.000000
0.016133
0.032267
0.048400
0.064534
0.080667
0.096801
0.112934
0.129068
0.145201
0.161335
0.177468
0.193602
0.209735
0.225869
0.242002
0.258136
0.274269
0.290403
0.306536
0.322670
0.338803
0.354937
0.371070
0.387204
0.403337
0.419470
0.435604
0.451737
0.467871
0.484004
0.500138
0.516271
0.532405
0.548538
0.564672
0.580805
0.596939
0.613072
0.629206
0.645339
0.661473
0.677606
0.693740
0.709873
0.726007
0.742140
0.758274
0.774407
0.790541
0.806674
0.822808
0.838941
0.855074
0.871208
0.887341
0.903475
0.919608
0.935742
0.951875
0.968009
0.984142
1.000276
1.016409
1.032543
1.048676
1.064810
1.080943
1.097077
1.113210
1.129344
1.145477
1.161611
1.177744
1.193878
0.000000
0.016547
0.033094
0.049641
0.066189
0.082736
0.099283
0.115830
0.132377
0.148924
0.165472
0.182019
0.198566
0.215113
0.231660
0.248207
0.264755
0.281302
0.297849
0.314396
0.330943
0.347490
0.364038
0.380585
0.397132
0.413679
0.430226
0.446773
0.463320
0.479868
0.496415
0.512962
0.529509
0.546056
0.562603
0.579151
0.595698
0.612245
0.628792
0.645339
0.661886
0.678434
0.694981
0.711528
0.728075
0.744622
0.761169
0.777716
0.794264
0.810811
0.827358
0.843905
0.860452
0.876999
0.893547
0.910094
0.926641
0.943188
0.959735
0.976282
0.992830
1.009377
1.025924
1.042471
1.059018
1.075565
1.092113
1.108660
1.125207
1.141754
1.158301
1.174848
1.191395
1.207943
1.224490
0.000000
0.016961
0.033922
0.050883
0.067843
0.084804
0.101765
0.118726
0.135687
0.152648
0.169608
0.186569
0.203530
0.220491
0.237452
0.254413
0.271373
0.288334
0.305295
0.322256
0.339217
0.356178
0.373138
0.390099
0.407060
0.424021
0.440982
0.457943
0.474903
0.491864
0.508825
0.525786
0.542747
0.559708
0.576669
0.593629
0.610590
0.627551
0.644512
0.661473
0.678434
0.695394
0.712355
0.729316
0.746277
0.763238
0.780199
0.797159
0.814120
0.831081
0.848042
0.865003
0.881964
0.898924
0.915885
0.932846
0.949807
0.966768
0.983729
1.000689
1.017650
1.034611
1.051572
1.068533
1.085494
1.102454
1.119415
1.136376
1.153337
1.170298
1.187259
1.204220
1.221180
1.238141
1.255102
0.000000
0.017375
0.034749
0.052124
0.069498
0.086873
0.104247
0.121622
0.138996
0.156371
0.173745
0.191120
0.208494
0.225869
0.243243
0.260618
0.277992
0.295367
0.312741
0.330116
0.347490
0.364865
0.382239
0.399614
0.416988
0.434363
0.451737
0.469112
0.486486
0.503861
0.521236
0.538610
0.555985
0.573359
0.590734
0.608108
0.625483
0.642857
0.660232
0.677606
0.694981
0.712355
0.729730
0.747104
0.764479
0.781853
0.799228
0.816602
0.833977
0.851351
0.868726
0.886100
0.903475
0.920849
0.938224
0.955598
0.972973
0.990347
1.007722
1.025097
1.042471
1.059846
1.077220
1.094595
1.111969
1.129344
1.146718
1.164093
1.181467
1.198842
1.216216
1.233591
1.250965
1.268340
1.285714
0.000000
0.017788
0.035576
0.053365
0.071153
0.088941
0.106729
0.124517
0.142306
0.160094
0.177882
0.195670
0.213458
0.231247
0.249035
0.266823
0.284611
0.302399
0.320188
0.337976
0.355764
0.373552
0.391340
0.409129
0.426917
0.444705
0.462493
0.480281
0.498069
0.515858
0.533646
0.551434
0.569222
0.587010
0.604799
0.622587
0.640375
0.658163
0.675951
0.693740
0.711528
0.729316
0.747104
0.764892
0.782681
0.800469
0.818257
0.836045
0.853833
0.871622
0.889410
0.907198
0.924986
0.942774
0.960563
0.978351
0.996139
1.013927
1.031715
1.049504
1.067292
1.085080
1.102868
1.120656
1.138445
1.156233
1.174021
1.191809
1.209597
1.227386
1.245174
1.262962
1.280750
1.298538
1.316327
0.000000
0.018202
0.036404
0.054606
0.072808
0.091009
0.109211
0.127413
0.145615
0.163817
0.182019
0.200221
0.218423
0.236624
0.254826
0.273028
0.291230
0.309432
0.327634
0.345836
0.364038
0.382239
0.400441
0.418643
0.436845
0.455047
0.473249
0.491451
0.509653
0.527854
0.546056
0.564258
0.582460
0.600662
0.618864
0.637066
0.655268
0.673469
0.691671
0.709873
0.728075
0.746277
0.764479
0.782681
0.800883
0.819084
0.837286
0.855488
0.873690
0.891892
0.910094
0.928296
0.946498
0.964699
0.982901
1.001103
1.019305
1.037507
1.055709
1.073911
1.092113
1.110314
1.128516
1.146718
1.164920
1.183122
1.201324
1.219526
1.237728
1.255929
1.274131
1.292333
1.310535
1.328737
1.346939
0.000000
0.018616
0.037231
0.055847
0.074462
0.093078
0.111693
0.130309
0.148924
0.167540
0.186156
0.204771
0.223387
0.242002
0.260618
0.279233
0.297849
0.316464
0.335080
0.353696
0.372311
0.390927
0.409542
0.428158
0.446773
0.465389
0.484004
0.502620
0.521236
0.539851
0.558467
0.577082
0.595698
0.614313
0.632929
0.651544
0.670160
0.688776
0.707391
0.726007
0.744622
0.763238
0.781853
0.800469
0.819084
0.837700
0.856315
0.874931
0.893547
0.912162
0.930778
0.949393
0.968009
0.986624
1.005240
1.023855
1.042471
1.061087
1.079702
1.098318
1.116933
1.135549
1.154164
1.172780
1.191395
1.210011
1.228627
1.247242
1.265858
1.284473
1.303089
1.321704
1.340320
1.358935
1.377551
0.000000
0.019029
0.038058
0.057088
0.076117
0.095146
0.114175
0.133205
0.152234
0.171263
0.190292
0.209322
0.228351
0.247380
0.266409
0.285438
0.304468
0.323497
0.342526
0.361555
0.380585
0.399614
0.418643
0.437672
0.456702
0.475731
0.494760
0.513789
0.532819
0.551848
0.570877
0.589906
0.608935
0.627965
0.646994
0.666023
0.685052
0.704082
0.723111
0.742140
0.761169
0.780199
0.799228
0.818257
0.837286
0.856315
0.875345
0.894374
0.913403
0.932432
0.951462
0.970491
0.989520
1.008549
1.027579
1.046608
1.065637
1.084666
1.103696
1.122725
1.141754
1.160783
1.179812
1.198842
1.217871
1.236900
1.255929
1.274959
1.293988
1.313017
1.332046
1.351076
1.370105
1.389134
1.408163
0.000000
0.019443
0.038886
0.058329
0.077772
0.097215
0.116657
0.136100
0.155543
0.174986
0.194429
0.213872
0.233315
0.252758
0.272201
0.291644
0.311087
0.330530
0.349972
0.369415
0.388858
0.408301
0.427744
0.447187
0.466630
0.486073
0.505516
0.524959
0.544402
0.563844
0.583287
0.602730
0.622173
0.641616
0.661059
0.680502
0.699945
0.719388
0.738831
0.758274
0.777716
0.797159
0.816602
0.836045
0.855488
0.874931
0.894374
0.913817
0.933260
0.952703
0.972146
0.991589
1.011031
1.030474
1.049917
1.069360
1.088803
1.108246
1.127689
1.147132
1.166575
1.186018
1.205461
1.224903
1.244346
1.263789
1.283232
1.302675
1.322118
1.341561
1.361004
1.380447
1.399890
1.419333
1.438776
0.000000
0.019857
0.039713
0.059570
0.079426
0.099283
0.119140
0.138996
0.158853
0.178709
0.198566
0.218423
0.238279
0.258136
0.277992
0.297849
0.317705
0.337562
0.357419
0.377275
0.397132
0.416988
0.436845
0.456702
0.476558
0.496415
0.516271
0.536128
0.555985
0.575841
0.595698
0.615554
0.635411
0.655268
0.675124
0.694981
0.714837
0.734694
0.754550
0.774407
0.794264
0.814120
0.833977
0.853833
0.873690
0.893547
0.913403
0.933260
0.953116
0.972973
0.992830
1.012686
1.032543
1.052399
1.072256
1.092113
1.111969
1.131826
1.151682
1.171539
1.191395
1.211252
1.231109
1.250965
1.270822
1.290678
1.310535
1.330392
1.350248
1.370105
1.389961
1.409818
1.429675
1.449531
1.469388
0.000000
0.020270
0.040541
0.060811
0.081081
0.101351
0.121622
0.141892
0.162162
0.182432
0.202703
0.222973
0.243243
0.263514
0.283784
0.304054
0.324324
0.344595
0.364865
0.385135
0.405405
0.425676
0.445946
0.466216
0.486486
0.506757
0.527027
0.547297
0.567568
0.587838
0.608108
0.628378
0.648649
0.668919
0.689189
0.709459
0.729730
0.750000
0.770270
0.790541
0.810811
0.831081
0.851351
0.871622
0.891892
0.912162
0.932432
0.952703
0.972973
0.993243
1.013514
1.033784
1.054054
1.074324
1.094595
1.114865
1.135135
1.155405
1.175676
1.195946
1.216216
1.236486
1.256757
1.277027
1.297297
1.317568
1.337838
1.358108
1.378378
1.398649
1.418919
1.439189
1.459459
1.479730
1.500000

SCALARS wall_shear_stress float 1
LOOKUP_TABLE default
0.000000
0.000000
0.000000
0.000000
0.000000
0.000000
0.000000
0.000000
0.000000
0.000000
0.000000
0.000000
0.000000
0.000000
0.000000
0.000000
0.000000
0.000000
0.000000
0.000000
0.000000
0.000000
0.000000
0.000000
0.000000
0.000000
0.000000
0.000000
0.000000
0.000000
0.000000
0.000000
0.000000
0.000000
0.000000
0.000000
0.000000
0.000000
0.000000
0.000000
0.000000
0.000000
0.000000
0.000000
0.000000
0.000000
0.000000
0.000000
0.000000
0.000000
0.000000
0.000000
0.000000
0.000000
0.000000
0.000000
0.000000
0.000000
0.000000
0.000000
0.000000
0.000000
0.000000
0.000000
0.000000
0.000000
0.000000
0.000000
0.000000
0.000000
0.000000
0.000000
0.000000
0.000000
0.000000
0.000000
0.000000
0.000000
0.000000
0.000000
0.000000
0.000000
0.000000
0.000000
0.000000
0.000000
0.000000
0.000000
0.000000
0.000000
0.000000
0.000000
0.000000
0.000000
0.000000
0.000000
0.000000
0.000000
0.000000
0.000000
0.000000
0.000000
0.000000
0.000000
0.000000
0.000000
0.000000
0.000000
0.000000
0.000000
0.000000
0.000000
0.000000
0.000000
0.000000
0.000000
0.000000
0.000000
0.000000
0.000000
0.000000
0.000000
0.000000
0.000000
0.000000
0.000000
0.000000
0.000000
0.000000
0.000000
0.000000
0.000000
0.000000
0.000000
0.000000
0.000000
0.000000
0.000000
0.000000
0.000000
0.000000
0.000000
0.000000
0.000000
0.000000
0.000000
0.000000
0.000000
0.000000
0.000000
0.000000
0.000000
0.000000
0.000000
0.000000
0.000000
0.000000
0.000000
0.000000
0.000000
0.000000
0.000000
0.000000
0.000000
0.000000
0.000000
0.000000
0.000000
0.000000
0.000000
0.000000
0.000000
0.000000
0.000000
0.000000
0.000000
0.000000
0.000000
0.000000
0.000000
0.000000
0.000000
0.000000
0.000000
0.000000
0.000000
0.000000
0.000000
0.000000
0.000000
0.000000
0.000000
0.000000
0.000000
0.000000
0.000000
0.000000
0.000000
0.000000
0.000000
0.000000
0.000000
0.000000
0.000000
0.000000
0.000000
0.000000
0.000000
0.000000
0.000000
0.000000
0.000000
0.000000
0.000000
0.000000
0.000000
0.000000
0.000000
0.000000
0.000000
0.000000
0.000000
0.000000
0.000000
0.000000
0.000000
0.000000
0.000000
0.000000
0.000000
0.000000
0.000000
0.000000
0.000000
0.000000
0.000000
0.000000
0.000000
0.000000
0.000000
0.000000
0.000000
0.000000
0.000000
0.000000
0.000000
0.000000
0.000000
0.000000
0.000000
0.000000
0.000000
0.000000
0.000000
0.000000
0.000000
0.000000
0.000000
0.000000
0.000000
0.000000
0.000000
0.000000
0.000000
0.000000
0.000000
0.000000
0.000000
0.000000
0.000000
0.000000
0.000000
0.000000
0.000000
0.000000
0.000000
0.000000
0.000000
0.000000
0.000000
0.000000
0.000000
0.000000
0.000000
0.000000
0.000000
0.000000
0.000000
0.000000
0.000000
0.000000
0.000000
0.000000
0.000000
0.000000
0.000000
0.000000
0.000000
0.000000
0.000000
0.000000
0.000000
0.000000
0.000000
0.000000
0.000000
0.000000
0.000000
0.000000
0.000000
0.000000
0.000000
0.000000
0.000000
0.000000
0.000000
0.000000
0.000000
0.000000
0.000000
0.000000
0.000000
0.000000
0.000000
0.000000
0.000000
0.000000
0.000000
0.000000
0.000000
0.000000
0.000000
0.000000
0.000000
0.000000
0.000000
0.000000
0.000000
0.000000
0.000000
0.000000
0.000000
0.000000
0.000000
0.000000
0.000000
0.000000
0.000000
0.000000
0.000000
0.000000
0.000000
0.000000
0.000000
0.000000
0.000000
0.000000
0.000000
0.000000
0.000000
0.000000
0.000000
0.000000
0.000000
0.000000
0.000000
0.000000
0.000000
0.000000
0.000000
0.000000
0.000000
0.000000
0.000000
0.000000
0.000000
0.000000
0.000000
0.000000
0.000000
0.000000
0.000000
0.000000
0.000000
0.000000
0.000000
0.000000
0.000000
0.000000
0.000000
0.000000
0.000000
0.000000
0.000000
0.000000
0.000000
0.000000
0.000000
0.000000
0.000000
0.000000
0.000000
0.000000
0.000000
0.000000
0.000000
0.000000
0.000000
0.000000
0.000000
0.000000
0.000000
0.000000
0.000000
0.000000
0.000000
0.000000
0.000000
0.000000
0.000000
0.000000
0.000000
0.000000
0.000000
0.000000
0.000000
0.000000
0.000000
0.000000
0.000000
0.000000
0.000000
0.000000
0.000000
0.000000
0.000000
0.000000
0.000000
0.000000
0.000000
0.000000
0.000000
0.000000
0.000000
0.000000
0.000000
0.000000
0.000000
0.000000
0.000000
0.000000
0.000000
0.000000
0.000000
0.000000
0.000000
0.000000
0.000000
0.000000
0.000000
0.000000
0.000000
0.000000
0.000000
0.000000
0.000000
0.000000
0.000000
0.000000
0.000000
0.000000
0.000000
0.000000
0.000000
0.000000
0.000000
0.000000
0.000000
0.000000
0.000000
0.000000
0.000000
0.000000
0.000000
0.000000
0.000000
0.000000
0.000000
0.000000
0.000000
0.000000
0.000000
0.000000
0.000000
0.000000
0.000000
0.000000
0.000000
0.000000
0.000000
0.000000
0.000000
0.000000
0.000000
0.000000
0.000000
0.000000
0.000000
0.000000
0.000000
0.000000
0.000000
0.000000
0.000000
0.000000
0.000000
0.000000
0.000000
0.000000
0.000000
0.000000
0.000000
0.000000
0.000000
0.000000
0.000000
0.000000
0.000000
0.000000
0.000000
0.000000
0.000000
0.000000
0.000000
0.000000
0.000000
0.000000
0.000000
0.000000
0.000000
0.000000
0.000000
0.000000
0.000000
0.000000
0.000000
0.000000
0.000000
0.000000
0.000000
0.000000
0.000000
0.000000
0.000000
0.000000
0.000000
0.000000
0.000000
0.000000
0.000000
0.000000
0.000000
0.000000
0.000000
0.000000
0.000000
0.000000
0.000000
0.000000
0.000000
0.000000
0.000000
0.000000
0.000000
0.000000
0.000000
0.000000
0.000000
0.000000
0.000000
0.000000
0.000000
0.000000
0.000000
0.000000
0.000000
0.000000
0.000000
0.000000
0.000000
0.000000
0.000000
0.000000
0.000000
0.000000
0.000000
0.000000
0.000000
0.000000
0.000000
0.000000
0.000000
0.000000
0.000000
0.000000
0.000000
0.000000
0.000000
0.000000
0.000000
0.000000
0.000000
0.000000
0.000000
0.000000
0.000000
0.000000
0.000000
0.000000
0.000000
0.000000
0.000000
0.000000
0.000000
0.000000
0.000000
0.000000
0.000000
0.000000
0.000000
0.000000
0.000000
0.000000
0.000000
0.000000
0.000000
0.000000
0.000000
0.000000
0.000000
0.000000
0.000000
0.000000
0.000000
0.000000
0.000000
0.000000
0.000000
0.000000
0.000000
0.000000
0.000000
0.000000
0.000000
0.000000
0.000000
0.000000
0.000000
0.000000
0.000000
0.000000
0.000000
0.000000
0.000000
0.000000
0.000000
0.000000
0.000000
0.000000
0.000000
0.000000
0.000000
0.000000
0.000000
0.000000
0.000000
0.000000
0.000000
0.000000
0.000000
0.000000
0.000000
0.000000
0.000000
0.000000
0.000000
0.000000
0.000000
0.000000
0.000000
0.000000
0.000000
0.000000
0.000000
0.000000
0.000000
0.000000
0.000000
0.000000
0.000000
0.000000
0.000000
0.000000
0.000000
0.000000
0.000000
0.000000
0.000000
0.000000
0.000000
0.000000
0.000000
0.000000
0.000000
0.000000
0.000000
0.000000
0.000000
0.000000
0.000000
0.000000
0.000000
0.000000
0.000000
0.000000
0.000000
0.000000
0.000000
0.000000
0.000000
0.000000
0.000000
0.000000
0.000000
0.000000
0.000000
0.000000
0.000000
0.000000
0.000000
0.000000
0.000000
0.000000
0.000000
0.000000
0.000000
0.000000
0.000000
0.000000
0.000000
0.000000
0.000000
0.000000
0.000000
0.000000
0.000000
0.000000
0.000000
0.000000
0.000000
0.000000
0.000000
0.000000
0.000000
0.000000
0.000000
0.000000
0.000000
0.000000
0.000000
0.000000
0.000000
0.000000
0.000000
0.000000
0.000000
0.000000
0.000000
0.000000
0.000000
0.000000
0.000000
0.000000
0.000000
0.000000
0.000000
0.000000
0.000000
0.000000
0.000000
0.000000
0.000000
0.000000
0.000000
0.000000
0.000000
0.000000
0.000000
0.000000
0.000000
0.000000
0.000000
0.000000
0.000000
0.000000
0.000000
0.000000
0.000000
0.000000
0.000000
0.000000
0.000000
0.000000
0.000000
0.000000
0.000000
0.000000
0.000000
0.000000
0.000000
0.000000
0.000000
0.000000
0.000000
0.000000
0.000000
0.000000
0.000000
0.000000
0.000000
0.000000
0.000000
0.000000
0.000000
0.000000
0.000000
0.000000
0.000000
0.000000
0.000000
0.000000
0.000000
0.000000
0.000000
0.000000
0.000000
0.000000
0.000000
0.000000
0.000000
0.000000
0.000000
0.000000
0.000000
0.000000
0.000000
0.000000
0.000000
0.000000
0.000000
0.000000
0.000000
0.000000
0.000000
0.000000
0.000000
0.000000
0.000000
0.000000
0.000000
0.000000
0.000000
0.000000
0.000000
0.000000
0.000000
0.000000
0.000000
0.000000
0.000000
0.000000
0.000000
0.000000
0.000000
0.000000
0.000000
0.000000
0.000000
0.000000
0.000000
0.000000
0.000000
0.000000
0.000000
0.000000
0.000000
0.000000
0.000000
0.000000
0.000000
0.000000
0.000000
0.000000
0.000000
0.000000
0.000000
0.000000
0.000000
0.000000
0.000000
0.000000
0.000000
0.000000
0.000000
0.000000
0.000000
0.000000
0.000000
0.000000
0.000000
0.000000
0.000000
0.000000
0.000000
0.000000
0.000000
0.000000
0.000000
0.000000
0.000000
0.000000
0.000000
0.000000
0.000000
0.000000
0.000000
0.000000
0.000000
0.000000
0.000000
0.000000
0.000000
0.000000
0.000000
0.000000
0.000000
0.000000
0.000000
0.000000
0.000000
0.000000
0.000000
0.000000
0.000000
0.000000
0.000000
0.000000
0.000000
0.000000
0.000000
0.000000
0.000000
0.000000
0.000000
0.000000
0.000000
0.000000
0.000000
0.000000
0.000000
0.000000
0.000000
0.000000
0.000000
0.000000
0.000000
0.000000
0.000000
0.000000
0.000000
0.000000
0.000000
0.000000
0.000000
0.000000
0.000000
0.000000
0.000000
0.000000
0.000000
0.000000
0.000000
0.000000
0.000000
0.000000
0.000000
0.000000
0.000000
0.000000
0.000000
0.000000
0.000000
0.000000
0.000000
0.000000
0.000000
0.000000
0.000000
0.000000
0.000000
0.000000
0.000000
0.000000
0.000000
0.000000
0.000000
0.000000
0.000000
0.000000
0.000000
0.000000
0.000000
0.000000
0.000000
0.000000
0.000000
0.000000
0.000000
0.000000
0.000000
0.000000
0.000000
0.000000
0.000000
0.000000
0.000000
0.000000
0.000000
0.000000
0.000000
0.000000
0.000000
0.000000
0.000000
0.000000
0.000000
0.000000
0.000000
0.000000
0.000000
0.000000
0.000000
0.000000
0.000000
0.000000
0.000000
0.000000
0.000000
0.000000
0.000000
0.000000
0.000000
0.000000
0.000000
0.000000
0.000000
0.000000
0.000000
0.000000
0.000000
0.000000
0.000000
0.000000
0.000000
0.000000
0.000000
0.000000
0.000000
0.000000
0.000000
0.000000
0.000000
0.000000
0.000000
0.000000
0.000000
0.000000
0.000000
0.000000
0.000000
0.000000
0.000000
0.000000
0.000000
0.000000
0.000000
0.000000
0.000000
0.000000
0.000000
0.000000
0.000000
0.000000
0.000000
0.000000
0.000000
0.000000
0.000000
0.000000
0.000000
0.000000
0.000000
0.000000
0.000000
0.000000
0.000000
0.000000
0.000000
0.000000
0.000000
0.000000
0.000000
0.000000
0.000000
0.000000
0.000000
0.000000
0.000000
0.000000
0.000000
0.000000
0.000000
0.000000
0.000000
0.000000
0.000000
0.000000
0.000000
0.000000
0.000000
0.000000
0.000000
0.000000
0.000000
0.000000
0.000000
0.000000
0.000000
0.000000
0.000000
0.000000
0.000000
0.000000
0.000000
0.000000
0.000000
0.000000
0.000000
0.000000
0.000000
0.000000
0.000000
0.000000
0.000000
0.000000
0.000000
0.000000
0.000000
0.000000
0.000000
0.000000
0.000000
0.000000
0.000000
0.000000
0.000000
0.000000
0.000000
0.000000
0.000000
0.000000
0.000000
0.000000
0.000000
0.000000
0.000000
0.000000
0.000000
0.000000
0.000000
0.000000
0.000000
0.000000
0.000000
0.000000
0.000000
0.000000
0.000000
0.000000
0.000000
0.000000
0.000000
0.000000
0.000000
0.000000
0.000000
0.000000
0.000000
0.000000
0.000000
0.000000
0.000000
0.000000
0.000000
0.000000
0.000000
0.000000
0.000000
0.000000
0.000000
0.000000
0.000000
0.000000
0.000000
0.000000
0.000000
0.000000
0.000000
0.000000
0.000000
0.000000
0.000000
0.000000
0.000000
0.000000
0.000000
0.000000
0.000000
0.000000
0.000000
0.000000
0.000000
0.000000
0.000000
0.000000
0.000000
0.000000
0.000000
0.000000
0.000000
0.000000
0.000000
0.000000
0.000000
0.000000
0.000000
0.000000
0.000000
0.000000
0.000000
0.000000
0.000000
0.000000
0.000000
0.000000
0.000000
0.000000
0.000000
0.000000
0.000000
0.000000
0.000000
0.000000
0.000000
0.000000
0.000000
0.000000
0.000000
0.000000
0.000000
0.000000
0.000000
0.000000
0.000000
0.000000
0.000000
0.000000
0.000000
0.000000
0.000000
0.000000
0.000000
0.000000
0.000000
0.000000
0.000000
0.000000
0.000000
0.000000
0.000000
0.000000
0.000000
0.000000
0.000000
0.000000
0.000000
0.000000
0.000000
0.000000
0.000000
0.000000
0.000000
0.000000
0.000000
0.000000
0.000000
0.000000
0.000000
0.000000
0.000000
0.000000
0.000000
0.000000
0.000000
0.000000
0.000000
0.000000
0.000000
0.000000
0.000000
0.000000
0.000000
0.000000
0.000000
0.000000
0.000000
0.000000
0.000000
0.000000
0.000000
0.000000
0.000000
0.000000
0.000000
0.000000
0.000000
0.000000
0.000000
0.000000
0.000000
0.000000
0.000000
0.000000
0.000000
0.000000
0.000000
0.000000
0.000000
0.000000
0.000000
0.000000
0.000000
0.000000
0.000000
0.000000
0.000000
0.000000
0.000000
0.000000
0.000000
0.000000
0.000000
0.000000
0.000000
0.000000
0.000000
0.000000
0.000000
0.000000
0.000000
0.000000
0.000000
0.000000
0.000000
0.000000
0.000000
0.000000
0.000000
0.000000
0.000000
0.000000
0.000000
0.000000
0.000000
0.000000
0.000000
0.000000
0.000000
0.000000
0.000000
0.000000
0.000000
0.000000
0.000000
0.000000
0.000000
0.000000
0.000000
0.000000
0.000000
0.000000
0.000000
0.000000
0.000000
0.000000
0.000000
0.000000
0.000000
0.000000
0.000000
0.000000
0.000000
0.000000
0.000000
0.000000
0.000000
0.000000
0.000000
0.000000
0.000000
0.000000
0.000000
0.000000
0.000000
0.000000
0.000000
0.000000
0.000000
0.000000
0.000000
0.000000
0.000000
0.000000
0.000000
0.000000
0.000000
0.000000
0.000000
0.000000
0.000000
0.000000
0.000000
0.000000
0.000000
0.000000
0.000000
0.000000
0.000000
0.000000
0.000000
0.000000
0.000000
0.000000
0.000000
0.000000
0.000000
0.000000
0.000000
0.000000
0.000000
0.000000
0.000000
0.000000
0.000000
0.000000
0.000000
0.000000
0.000000
0.000000
0.000000
0.000000
0.000000
0.000000
0.000000
0.000000
0.000000
0.000000
0.000000
0.000000
0.000000
0.000000
0.000000
0.000000
0.000000
0.000000
0.000000
0.000000
0.000000
0.000000
0.000000
0.000000
0.000000
0.000000
0.000000
0.000000
0.000000
0.000000
0.000000
0.000000
0.000000
0.000000
0.000000
0.000000
0.000000
0.000000
0.000000
0.000000
0.000000
0.000000
0.000000
0.000000
0.000000
0.000000
0.000000
0.000000
0.000000
0.000000
0.000000
0.000000
0.000000
0.000000
0.000000
0.000000
0.000000
0.000000
0.000000
0.000000
0.000000
0.000000
0.000000
0.000000
0.000000
0.000000
0.000000
0.000000
0.000000
0.000000
0.000000
0.000000
0.000000
0.000000
0.000000
0.000000
0.000000
0.000000
0.000000
0.000000
0.000000
0.000000
0.000000
0.000000
0.000000
0.000000
0.000000
0.000000
0.000000
0.000000
0.000000
0.000000
0.000000
0.000000
0.000000
0.000000
0.000000
0.000000
0.000000
0.000000
0.000000
0.000000
0.000000
0.000000
0.000000
0.000000
0.000000
0.000000
0.000000
0.000000
0.000000
0.000000
0.000000
0.000000
0.000000
0.000000
0.000000
0.000000
0.000000
0.000000
0.000000
0.000000
0.000000
0.000000
0.000000
0.000000
0.000000
0.000000
0.000000
0.000000
0.000000
0.000000
0.000000
0.000000
0.000000
0.000000
0.000000
0.000000
0.000000
0.000000
0.000000
0.000000
0.000000
0.000000
0.000000
0.000000
0.000000
0.000000
0.000000
0.000000
0.000000
0.000000
0.000000
0.000000
0.000000
0.000000
0.000000
0.000000
0.000000
0.000000
0.000000
0.000000
0.000000
0.000000
0.000000
0.000000
0.000000
0.000000
0.000000
0.000000
0.000000
0.000000
0.000000
0.000000
0.000000
0.000000
0.000000
0.000000
0.000000
0.000000
0.000000
0.000000
0.000000
0.000000
0.000000
0.000000
0.000000
0.000000
0.000000
0.000000
0.000000
0.000000
0.000000
0.000000
0.000000
0.000000
0.000000
0.000000
0.000000
0.000000
0.000000
0.000000
0.000000
0.000000
0.000000
0.000000
0.000000
0.000000
0.000000
0.000000
0.000000
0.000000
0.000000
0.000000
0.000000
0.000000
0.000000
0.000000
0.000000
0.000000
0.000000
0.000000
0.000000
0.000000
0.000000
0.000000
0.000000
0.000000
0.000000
0.000000
0.000000
0.000000
0.000000
0.000000
0.000000
0.000000
0.000000
0.000000
0.000000
0.000000
0.000000
0.000000
0.000000
0.000000
0.000000
0.000000
0.000000
0.000000
0.000000
0.000000
0.000000
0.000000
0.000000
0.000000
0.000000
0.000000
0.000000
0.000000
0.000000
0.000000
0.000000
0.000000
0.000000
0.000000
0.000000
0.000000
0.000000
0.000000
0.000000
0.000000
0.000000
0.000000
0.000000
0.000000
0.000000
0.000000
0.000000
0.000000
0.000000
0.000000
0.000000
0.000000
0.000000
0.000000
0.000000
0.000000
0.000000
0.000000
0.000000
0.000000
0.000000
0.000000
0.000000
0.000000
0.000000
0.000000
0.000000
0.000000
0.000000
0.000000
0.000000
0.000000
0.000000
0.000000
0.000000
0.000000
0.000000
0.000000
0.000000
0.000000
0.000000
0.000000
0.000000
0.000000
0.000000
0.000000
0.000000
0.000000
0.000000
0.000000
0.000000
0.000000
0.000000
0.000000
0.000000
0.000000
0.000000
0.000000
0.000000
0.000000
0.000000
0.000000
0.000000
0.000000
0.000000
0.000000
0.000000
0.000000
0.000000
0.000000
0.000000
0.000000
0.000000
0.000000
0.000000
0.000000
0.000000
0.000000
0.000000
0.000000
0.000000
0.000000
0.000000
0.000000
0.000000
0.000000
0.000000
0.000000
0.000000
0.000000
0.000000
0.000000
0.000000
0.000000
0.000000
0.000000
0.000000
0.000000
0.000000
0.000000
0.000000
0.000000
0.000000
0.000000
0.000000
0.000000
0.000000
0.000000
0.000000
0.000000
0.000000
0.000000
0.000000
0.000000
0.000000
0.000000
0.000000
0.000000
0.000000
0.000000
0.000000
0.000000
0.000000
0.000000
0.000000
0.000000
0.000000
0.000000
0.000000
0.000000
0.000000
0.000000
0.000000
0.000000
0.000000
0.000000
0.000000
0.000000
0.000000
0.000000
0.000000
0.000000
0.000000
0.000000
0.000000
0.000000
0.000000
0.000000
0.000000
0.000000
0.000000
0.000000
0.000000
0.000000
0.000000
0.000000
0.000000
0.000000
0.000000
0.000000
0.000000
0.000000
0.000000
0.000000
0.000000
0.000000
0.000000
0.000000
0.000000
0.000000
0.000000
0.000000
0.000000
0.000000
0.000000
0.000000
0.000000
0.000000
0.000000
0.000000
0.000000
0.000000
0.000000
0.000000
0.000000
0.000000
0.000000
0.000000
0.000000
0.000000
0.000000
0.000000
0.000000
0.000000
0.000000
0.000000
0.000000
0.000000
0.000000
0.000000
0.000000
0.000000
0.000000
0.000000
0.000000
0.000000
0.000000
0.000000
0.000000
0.000000
0.000000
0.000000
0.000000
0.000000
0.000000
0.000000
0.000000
0.000000
0.000000
0.000000
0.000000
0.000000
0.000000
0.000000
0.000000
0.000000
0.000000
0.000000
0.000000
0.000000
0.000000
0.000000
0.000000
0.000000
0.000000
0.000000
0.000000
0.000000
0.000000
0.000000
0.000000
0.000000
0.000000
0.000000
0.000000
0.000000
0.000000
0.000000
0.000000
0.000000
0.000000
0.000000
0.000000
0.000000
0.000000
0.000000
0.000000
0.000000
0.000000
0.000000
0.000000
0.000000
0.000000
0.000000
0.000000
0.000000
0.000000
0.000000
0.000000
0.000000
0.000000
0.000000
0.000000
0.000000
0.000000
0.000000
0.000000
0.000000
0.000000
0.000000
0.000000
0.000000
0.000000
0.000000
0.000000
0.000000
0.000000
0.000000
0.000000
0.000000
0.000000
0.000000
0.000000
0.000000
0.000000
0.000000
0.000000
0.000000
0.000000
0.000000
0.000000
0.000000
0.000000
0.000000
0.000000
0.000000
0.000000
0.000000
0.000000
0.000000
0.000000
0.000000
0.000000
0.000000
0.000000
0.000000
0.000000
0.000000
0.000000
0.000000
0.000000
0.000000
0.000000
0.000000
0.000000
0.000000
0.000000
0.000000
0.000000
0.000000
0.000000
0.000000
0.000000
0.000000
0.000000
0.000000
0.000000
0.000000
0.000000
0.000000
0.000000
0.000000
0.000000
0.000000
0.000000
0.000000
0.000000
0.000000
0.000000
0.000000
0.000000
0.000000
0.000000
0.000000
0.000000
0.000000
0.000000
0.000000
0.000000
0.000000
0.000000
0.000000
0.000000
0.000000
0.000000
0.000000
0.000000
0.000000
0.000000
0.000000
0.000000
0.000000
0.000000
0.000000
0.000000
0.000000
0.000000
0.000000
0.000000
0.000000
0.000000
0.000000
0.000000
0.000000
0.000000
0.000000
0.000000
0.000000
0.000000
0.000000
0.000000
0.000000
0.000000
0.000000
0.000000
0.000000
0.000000
0.000000
0.000000
0.000000
0.000000
0.000000
0.000000
0.000000
0.000000
0.000000
0.000000
0.000000
0.000000
0.000000
0.000000
0.000000
0.000000
0.000000
0.000000
0.000000
0.000000
0.000000
0.000000
0.000000
0.000000
0.000000
0.000000
0.000000
0.000000
0.000000
0.000000
0.000000
0.000000
0.000000
0.000000
0.000000
0.000000
0.000000
0.000000
0.000000
0.000000
0.000000
0.000000
0.000000
0.000000
0.000000
0.000000
0.000000
0.000000
0.000000
0.000000
0.000000
0.000000
0.000000
0.000000
0.000000
0.000000
0.000000
0.000000
0.000000
0.000000
0.000000
0.000000
0.000000
0.000000
0.000000
0.000000
0.000000
0.000000
0.000000
0.000000
0.000000
0.000000
0.000000
0.000000
0.000000
0.000000
0.000000
0.000000
0.000000
0.000000
0.000000
0.000000
0.000000
0.000000
0.000000
0.000000
0.000000
0.000000
0.000000
0.000000
0.000000
0.000000
0.000000
0.000000
0.000000
0.000000
0.000000
0.000000
0.000000
0.000000
0.000000
0.000000
0.000000
0.000000
0.000000
0.000000
0.000000
0.000000
0.000000
0.000000
0.000000
0.000000
0.000000
0.000000
0.000000
0.000000
0.000000
0.000000
0.000000
0.000000
0.000000
0.000000
0.000000
0.000000
0.000000
0.000000
0.000000
0.000000
0.000000
0.000000
0.000000
0.000000
0.000000
0.000000
0.000000
0.000000
0.000000
0.000000
0.000000
0.000000
0.000000
0.000000
0.000000
0.000000
0.000000
0.000000
0.000000
0.000000
0.000000
0.000000
0.000000
0.000000
0.000000
0.000000
0.000000
0.000000
0.000000
0.000000
0.000000
0.000000
0.000000
0.000000
0.000000
0.000000
0.000000
0.000000
0.000000
0.000000
0.000000
0.000000
0.000000
0.000000
0.000000
0.000000
0.000000
0.000000
0.000000
0.000000
0.000000
0.000000
0.000000
0.000000
0.000000
0.000000
0.000000
0.000000
0.000000
0.000000
0.000000
0.000000
0.000000
0.000000
0.000000
0.000000
0.000000
0.000000
0.000000
0.000000
0.000000
0.000000
0.000000
0.000000
0.000000
0.000000
0.000000
0.000000
0.000000
0.000000
0.000000
0.000000
0.000000
0.000000
0.000000
0.000000
0.000000
0.000000
0.000000
0.000000
0.000000
0.000000
0.000000
0.000000
0.000000
0.000000
0.000000
0.000000
0.000000
0.000000
0.000000
0.000000
0.000000
0.000000
0.000000
0.000000
0.000000
0.000000
0.000000
0.000000
0.000000
0.000000
0.000000
0.000000
0.000000
0.000000
0.000000
0.000000
0.000000
0.000000
0.000000
0.000000
0.000000
0.000000
0.000000
0.000000
0.000000
0.000000
0.000000
0.000000
0.000000
0.000000
0.000000
0.000000
0.000000
0.000000
0.000000
0.000000
0.000000
0.000000
0.000000
0.000000
0.000000
0.000000
0.000000
0.000000
0.000000
0.000000
0.000000
0.000000
0.000000
0.000000
0.000000
0.000000
0.000000
0.000000
0.000000
0.000000
0.000000
0.000000
0.000000
0.000000
0.000000
0.000000
0.000000
0.000000
0.000000
0.000000
0.000000
0.000000
0.000000
0.000000
0.000000
0.000000
0.000000
0.000000
0.000000
0.000000
0.000000
0.000000
0.000000
0.000000
0.000000
0.000000
0.000000
0.000000
0.000000
0.000000
0.000000
0.000000
0.000000
0.000000
0.000000
0.000000
0.000000
0.000000
0.000000
0.000000
0.000000
0.000000
0.000000
0.000000
0.000000
0.000000
0.000000
0.000000
0.000000
0.000000
0.000000
0.000000
0.000000
0.000000
0.000000
0.000000
0.000000
0.000000
0.000000
0.000000
0.000000
0.000000
0.000000
0.000000
0.000000
0.000000
0.000000
0.000000
0.000000
0.000000
0.000000
0.000000
0.000000
0.000000
0.000000
0.000000
0.000000
0.000000
0.000000
0.000000
0.000000
0.000000
0.000000
0.000000
0.000000
0.000000
0.000000
0.000000
0.000000
0.000000
0.000000
0.000000
0.000000
0.000000
0.000000
0.000000
0.000000
0.000000
0.000000
0.000000
0.000000
0.000000
0.000000
0.000000
0.000000
0.000000
0.000000
0.000000
0.000000
0.000000
0.000000
0.000000
0.000000
0.000000
0.000000
0.000000
0.000000
0.000000
0.000000
0.000000
0.000000
0.000000
0.000000
0.000000
0.000000
0.000000
0.000000
0.000000
0.000000
0.000000
0.000000
0.000000
0.000000
0.000000
0.000000
0.000000
0.000000
0.000000
0.000000
0.000000
0.000000
0.000000
0.000000
0.000000
0.000000
0.000000
0.000000
0.000000
0.000000
0.000000
0.000000
0.000000
0.000000
0.000000
0.000000
0.000000
0.000000
0.000000
0.000000
0.000000
0.000000
0.000000
0.000000
0.000000
0.000000
0.000000
0.000000
0.000000
0.000000
0.000000
0.000000
0.000000
0.000000
0.000000
0.000000
0.000000
0.000000
0.000000
0.000000
0.000000
0.000000
0.000000
0.000000
0.000000
0.000000
0.000000
0.000000
0.000000
0.000000
0.000000
0.000000
0.000000
0.000000
0.000000
0.000000
0.000000
0.000000
0.000000
0.000000
0.000000
0.000000
0.000000
0.000000
0.000000
0.000000
0.000000
0.000000
0.000000
0.000000
0.000000
0.000000
0.000000
0.000000
0.000000
0.000000
0.000000
0.000000
0.000000
0.000000
0.000000
0.000000
0.000000
0.000000
0.000000
0.000000
0.000000
0.000000
0.000000
0.000000
0.000000
0.000000
0.000000
0.000000
0.000000
0.000000
0.000000
0.000000
0.000000
0.000000
0.000000
0.000000
0.000000
0.000000
0.000000
0.000000
0.000000
0.000000
0.000000
0.000000
0.000000
0.000000
0.000000
0.000000
0.000000
0.000000
0.000000
0.000000
0.000000
0.000000
0.000000
0.000000
0.000000
0.000000
0.000000
0.000000
0.000000
0.000000
0.000000
0.000000
0.000000
0.000000
0.000000
0.000000
0.000000
0.000000
0.000000
0.000000
0.000000
0.000000
0.000000
0.000000
0.000000
0.000000
0.000000
0.000000
0.000000
0.000000
0.000000
0.000000
0.000000
0.000000
0.000000
0.000000
0.000000
0.000000
0.000000
0.000000
0.000000
0.000000
0.000000
0.000000
0.000000
0.000000
0.000000
0.000000
0.000000
0.000000
0.000000
0.000000
0.000000
0.000000
0.000000
0.000000
0.000000
0.000000
0.000000
0.000000
0.000000
0.000000
0.000000
0.000000
0.000000
0.000000
0.000000
0.000000
0.000000
0.000000
0.000000
0.000000
0.000000
0.000000
0.000000
0.000000
0.000000
0.000000
0.000000
0.000000
0.000000
0.000000
0.000000
0.000000
0.000000
0.000000
0.000000
0.000000
0.000000
0.000000
0.000000
0.000000
0.000000
0.000000
0.000000
0.000000
0.000000
0.000000
0.000000
0.000000
0.000000
0.000000
0.000000
0.000000
0.000000
0.000000
0.000000
0.000000
0.000000
0.000000
0.000000
0.000000
0.000000
0.000000
0.000000
0.000000
0.000000
0.000000
0.000000
0.000000
0.000000
0.000000
0.000000
0.000000
0.000000
0.000000
0.000000
0.000000
0.000000
0.000000
0.000000
0.000000
0.000000
0.000000
0.000000
0.000000
0.000000
0.000000
0.000000
0.000000
0.000000
0.000000
0.000000
0.000000
0.000000
0.000000
0.000000
0.000000
0.000000
0.000000
0.000000
0.000000
0.000000
0.000000
0.000000
0.000000
0.000000
0.000000
0.000000
0.000000
0.000000
0.000000
0.000000
0.000000
0.000000
0.000000
0.000000
0.000000
0.000000
0.000000
0.000000
0.000000
0.000000
0.000000
0.000000
0.000000
0.000000
0.000000
0.000000
0.000000
0.000000
0.000000
0.000000
0.000000
0.000000
0.000000
0.000000
0.000000
0.000000
0.000000
0.000000
0.000000
0.000000
0.000000
0.000000
0.000000
0.000000
0.000000
0.000000
0.000000
0.000000
0.000000
0.000000
0.000000
0.000000
0.000000
0.000000
0.000000
0.000000
0.000000
0.000000
0.000000
0.000000
0.000000
0.000000
0.000000
0.000000
0.000000
0.000000
0.000000
0.000000
0.000000
0.000000
0.000000
0.000000
0.000000
0.000000
0.000000
0.000000
0.000000
0.000000
0.000000
0.000000
0.000000
0.000000
0.000000
0.000000
0.000000
0.000000
0.000000
0.000000
0.000000
0.000000
0.000000
0.000000
0.000000
0.000000
0.000000
0.000000
0.000000
0.000000
0.000000
0.000000
0.000000
0.000000
0.000000
0.000000
0.000000
0.000000
0.000000
0.000000
0.000000
0.000000
0.000000
0.000000
0.000000
0.000000
0.000000
0.000000
0.000000
0.000000
0.000000
0.000000
0.000000
0.000000
0.000000
0.000000
0.000000
0.000000
0.000000
0.000000
0.000000
0.000000
0.000000
0.000000
0.000000
0.000000
0.000000
0.000000
0.000000
0.000000
0.000000
0.000000
0.000000
0.000000
0.000000
0.000000
0.000000
0.000000
0.000000
0.000000
0.000000
0.000000
0.000000
0.000000
0.000000
0.000000
0.000000
0.000000
0.000000
0.000000
0.000000
0.000000
0.000000
0.000000
0.000000
0.000000
0.000000
0.000000
0.000000
0.000000
0.000000
0.000000
0.000000
0.000000
0.000000
0.000000
0.000000
0.000000
0.000000
0.000000
0.000000
0.000000
0.000000
0.000000
0.000000
0.000000
0.000000
0.000000
0.000000
0.000000
0.000000
0.000000
0.000000
0.000000
0.000000
0.000000
0.000000
0.000000
0.000000
0.000000
0.000000
0.000000
0.000000
0.000000
0.000000
0.000000
0.000000
0.000000
0.000000
0.000000
0.000000
0.000000
0.000000
0.000000
0.000000
0.000000
0.000000
0.000000
0.000000
0.000000
0.000000
0.000000
0.000000
0.000000
0.000000
0.000000
0.000000
0.000000
0.000000
0.000000
0.000000
0.000000
0.000000
0.000000
0.000000
0.000000
0.000000
0.000000
0.000000
0.000000
0.000000
0.000000
0.000000
0.000000
0.000000
0.000000
0.000000
0.000000
0.000000
0.000000
0.000000
0.000000
0.000000
0.000000
0.000000
0.000000
0.000000
0.000000
0.000000
0.000000
0.000000
0.000000
0.000000
0.000000
0.000000
0.000000
0.000000
0.000000
0.000000
0.000000
0.000000
0.000000
0.000000
0.000000
0.000000
0.000000
0.000000
0.000000
0.000000
0.000000
0.000000
0.000000
0.000000
0.000000
0.000000
0.000000
0.000000
0.000000
0.000000
0.000000
0.000000
0.000000
0.000000
0.000000
0.000000
0.000000
0.000000
0.000000
0.000000
0.000000
0.000000
0.000000
0.000000
0.000000
0.000000
0.000000
0.000000
0.000000
0.000000
0.000000
0.000000
0.000000
0.000000
0.000000
0.000000
0.000000
0.000000
0.000000
0.000000
0.000000
0.000000
0.000000
0.000000
0.000000
0.000000
0.000000
0.000000
0.000000
0.000000
0.000000
0.000000
0.000000
0.000000
0.000000
0.000000
0.000000
0.000000
0.000000
0.000000
0.000000
0.000000
0.000000
0.000000
0.000000
0.000000
0.000000
0.000000
0.000000
0.000000
0.000000
0.000000
0.000000
0.000000
0.000000
0.000000
0.000000
0.000000
0.000000
0.000000
0.000000
0.000000
0.000000
0.000000
0.000000
0.000000
0.000000
0.000000
0.000000
0.000000
0.000000
0.000000
0.000000
0.000000
0.000000
0.000000
0.000000
0.000000
0.000000
0.000000
0.000000
0.000000
0.000000
0.000000
0.000000
0.000000
0.000000
0.000000
0.000000
0.000000
0.000000
0.000000
0.000000
0.000000
0.000000
0.000000
0.000000
0.000000
0.000000
0.000000
0.000000
0.000000
0.000000
0.000000
0.000000
0.000000
0.000000
0.000000
0.000000
0.000000
0.000000
0.000000
0.000000
0.000000
0.000000
0.000000
0.000000
0.000000
0.000000
0.000000
0.000000
0.000000
0.000000
0.000000
0.000000
0.000000
0.000000
0.000000
0.000000
0.000000
0.000000
0.000000
0.000000
0.000000
0.000000
0.000000
0.000000
0.000000
0.000000
0.000000
0.000000
0.000000
0.000000
0.000000
0.000000
0.000000
0.000000
0.000000
0.000000
0.000000
0.000000
0.000000
0.000000
0.000000
0.000000
0.000000
0.000000
0.000000
0.000000
0.000000
0.000000
0.000000
0.000000
0.000000
0.000000
0.000000
0.000000
0.000000
0.000000
0.000000
0.000000
0.000000
0.000000
0.000000
0.000000
0.000000
0.000000
0.000000
0.000000
0.000000
0.000000
0.000000
0.000000
0.000000
0.000000
0.000000
0.000000
0.000000
0.000000
0.000000
0.000000
0.000000
0.000000
0.000000
0.000000
0.000000
0.000000
0.000000
0.000000
0.000000
0.000000
0.000000
0.000000
0.000000
0.000000
0.000000
0.000000
0.000000
0.000000
0.000000
0.000000
0.000000
0.000000
0.000000
0.000000
0.000000
0.000000
0.000000
0.000000
0.000000
0.000000
0.000000
0.000000
0.000000
0.000000
0.000000
0.000000
0.000000
0.000000
0.000000
0.000000
0.000000
0.000000
0.000000
0.000000
0.000000
0.000000
0.000000
0.000000
0.000000
0.000000
0.000000
0.000000
0.000000
0.000000
0.000000
0.000000
0.000000
0.000000
0.000000
0.000000
0.000000
0.000000
0.000000
0.000000
0.000000
0.000000
0.000000
0.000000
0.000000
0.000000
0.000000
0.000000
0.000000
0.000000
0.000000
0.000000
0.000000
0.000000
0.000000
0.000000
0.000000
0.000000
0.000000
0.000000
0.000000
0.000000
0.000000
0.000000
0.000000
0.000000
0.000000
0.000000
0.000000
0.000000
0.000000
0.000000
0.000000
0.000000
0.000000
0.000000
0.000000
0.000000
0.000000
0.000000
0.000000
0.000000
0.000000
0.000000
0.000000
0.000000
0.000000
0.000000
0.000000
0.000000
0.000000
0.000000
0.000000
0.000000
0.000000
0.000000
0.000000
0.000000
0.000000
0.000000
0.000000
0.000000
0.000000
0.000000
0.000000
0.000000
0.000000
0.000000
0.000000
0.000000
0.000000
0.000000
0.000000
0.000000
0.000000
0.000000
0.000000
0.000000
0.000000
0.000000
0.000000
0.000000
0.000000
0.000000
0.000000
0.000000
0.000000
0.000000
0.000000
0.000000
0.000000
0.000000
0.000000
0.000000
0.000000
0.000000
0.000000
0.000000
0.000000
0.000000
0.000000
0.000000
0.000000
0.000000
0.000000
0.000000
0.000000
0.000000
0.000000
0.000000
0.000000
0.000000
0.000000
0.000000
0.000000
0.000000
0.000000
0.000000
0.000000
0.000000
0.000000
0.000000
0.000000
0.000000
0.000000
0.000000
0.000000
0.000000
0.000000
0.000000
0.000000
0.000000
0.000000
0.000000
0.000000
0.000000
0.000000
0.000000
0.000000
0.000000
0.000000
0.000000
0.000000
0.000000
0.000000
0.000000
0.000000
0.000000
0.000000
0.000000
0.000000
0.000000
0.000000
0.000000
0.000000
0.000000
0.000000
0.000000
0.000000
0.000000
0.000000
0.000000
0.000000
0.000000
0.000000
0.000000
0.000000
0.000000
0.000000
0.000000
0.000000
0.000000
0.000000
0.000000
0.000000
0.000000
0.000000
0.000000
0.000000
0.000000
0.000000
0.000000
0.000000
0.000000
0.000000
0.000000
0.000000
0.000000
0.000000
0.000000
0.000000
0.000000
0.000000
0.000000
0.000000
0.000000
0.000000
0.000000
0.000000
0.000000
0.000000
0.000000
0.000000
0.000000
0.000000
0.000000
0.000000
0.000000
0.000000
0.000000
0.000000
0.000000
0.000000
0.000000
0.000000
0.000000
0.000000
0.000000
0.000000
0.000000
0.000000
0.000000
0.000000
0.000000
0.000000
0.000000
0.000000
0.000000
0.000000
0.000000
0.000000
0.000000
0.000000
0.000000
0.000000
0.000000
0.000000
0.000000
0.000000
0.000000
0.000000
0.000000
0.000000
0.000000
0.000000
0.000000
0.000000
0.000000
0.000000
0.000000
0.000000
0.000000
0.000000
0.000000
0.000000
0.000000
0.000000
0.000000
0.000000
0.000000
0.000000
0.000000
0.000000
0.000000
0.000000
0.000000
0.000000
0.000000
0.000000
0.000000
0.000000
0.000000
0.000000
0.000000
0.000000
0.000000
0.000000
0.000000
0.000000
0.000000
0.000000
0.000000
0.000000
0.000000
0.000000
0.000000
0.000000
0.000000
0.000000
0.000000
0.000000
0.000000
0.000000
0.000000
0.000000
0.000000
0.000000
0.000000
0.000000
0.000000
0.000000
0.000000
0.000000
0.000000
0.000000
0.000000
0.000000
0.000000
0.000000
0.000000
0.000000
0.000000
0.000000
0.000000
0.000000
0.000000
0.000000
0.000000
0.000000
0.000000
0.000000
0.000000
0.000000
0.000000
0.000000
0.000000
0.000000
0.000000
0.000000
0.000000
0.000000
0.000000
0.000000
0.000000
0.000000
0.000000
0.000000
0.000000
0.000000
0.000000
0.000000
0.000000
0.000000
0.000000
0.000000
0.000000
0.000000
0.000000
0.000000
0.000000
0.000000
0.000000
0.000000
0.000000
0.000000
0.000000
0.000000
0.000000
