# step 21
# iter abs_residual rel_residual
0 7.2278104865846572e+01 1.0000000000000000e+00
1 1.1546600861374973e+03 1.5975240195915907e+01
2 1.1527745212176271e+03 1.5949152559509697e+01
3 1.1585072720811945e+03 1.6028467739040313e+01
4 1.2484330970662616e+03 1.7272631862490645e+01
5 1.4402468346343833e+03 1.9926460956711392e+01
6 1.2677694538271289e+03 1.7540159031288955e+01
7 1.4124522130195719e+03 1.9541909899840153e+01
8 1.3004236603879733e+03 1.7991944625577197e+01
9 1.3783981910462717e+03 1.9070757231455904e+01
10 1.3232324643114368e+03 1.8307514658380331e+01
11 1.3547601259471082e+03 1.8743713998335203e+01
12 1.3364428175034250e+03 1.8490285820082860e+01
13 1.3388396176553035e+03 1.8523446625230246e+01
14 1.3429152194675828e+03 1.8579834404348748e+01
15 1.3277325809239808e+03 1.8369775790169779e+01
16 1.3450051727493835e+03 1.8608749845417378e+01
17 1.3195692023760928e+03 1.8256831786407645e+01
18 1.3443069584353213e+03 1.8599089737209532e+01
19 1.3132163294697048e+03 1.8168936940268839e+01
20 1.3418458874597973e+03 1.8565039716389368e+01
21 1.3079856800741941e+03 1.8096568559758321e+01
22 1.3382737217511913e+03 1.8515617201573349e+01
23 1.3034526903345204e+03 1.8033852613510323e+01
24 1.3340055733957436e+03 1.8456565454666460e+01
25 1.2993510853111422e+03 1.7977105068302947e+01
26 1.3293075319972534e+03 1.8391565944687468e+01
27 1.2955114809385943e+03 1.7923982419615982e+01
28 1.3243513570126295e+03 1.8322995040762649e+01
29 1.2918249965162850e+03 1.7872978254120060e+01
30 1.3192485335201998e+03 1.8252395188955511e+01
31 1.2882212246139968e+03 1.7823118453437999e+01
32 1.3140716232937630e+03 1.8180770313952969e+01
33 1.2846546044813495e+03 1.7773772664152748e+01
34 1.3088677968927666e+03 1.8108773041602579e+01
35 1.2810958289430964e+03 1.7724535408349507e+01
36 1.3036675101298083e+03 1.8036824741732094e+01
37 1.2775263299658450e+03 1.7675149788957899e+01
38 1.2984901357302983e+03 1.7965193444686889e+01
39 1.2739346838620838e+03 1.7625457754137294e+01
40 1.2933476589212823e+03 1.7894044971458921e+01
41 1.2703142383687539e+03 1.7575367266844498e+01
42 1.2882471280015382e+03 1.7823476838423179e+01
43 1.2666615286057665e+03 1.7524830388909376e+01
44 1.2831922934636887e+03 1.7753540935327329e+01
45 1.2629752087398758e+03 1.7473828500125311e+01
46 1.2781847130489327e+03 1.7684258814219557e+01
47 1.2592553284049372e+03 1.7422362287198965e+01
48 1.2732245007417246e+03 1.7615632052125910e+01
49 1.2555028382783291e+03 1.7370444903178271e+01
50 1.2683108376859695e+03 1.7547649319805036e+01
51 1.2517192522232849e+03 1.7318097293040086e+01
52 1.2634423194691981e+03 1.7480291186580487e+01
53 1.2479064168627447e+03 1.7265345005641056e+01
54 1.2586171941787643e+03 1.7413533413955022e+01
55 1.2440663539091504e+03 1.7212216012279626e+01
56 1.2538335239662006e+03 1.7347349190925897e+01
57 1.2402011533676589e+03 1.7158739229114580e+01
58 1.2490892942249168e+03 1.7281710644507317e+01
59 1.2363129023457493e+03 1.7104943532214023e+01
60 1.2443824862358201e+03 1.7216589844815172e+01
61 1.2324036388438128e+03 1.7050857118227487e+01
62 1.2397111252414372e+03 1.7151959470194072e+01
63 1.2284753213144802e+03 1.6996507083225548e+01
64 1.2350733099348672e+03 1.7087793215210240e+01
65 1.2245298121544943e+03 1.6941919194302489e+01
66 1.2304672309105320e+03 1.7024066045925924e+01
67 1.2205688672036001e+03 1.6887117744288741e+01
68 1.2258911806677741e+03 1.6960754338303659e+01
69 1.2165941326642858e+03 1.6832125509134102e+01
70 1.2213435565444288e+03 1.6897835918793547e+01
71 1.2126071450135253e+03 1.6776963746686668e+01
72 1.2168228618979015e+03 1.6835290080673992e+01
73 1.2086093333597421e+03 1.6721652229302485e+01
74 1.2123277032839062e+03 1.6773097545018299e+01
75 1.2046020237668558e+03 1.6666209303670662e+01
76 1.2078567863336150e+03 1.6711240403653157e+01
77 1.2005864443565954e+03 1.6610651961406173e+01
78 1.2034089109102279e+03 1.6649702052147639e+01
79 1.1965637310968114e+03 1.6554995919133752e+01
80 1.1989829658860465e+03 1.6588467117551659e+01
81 1.1925349333545641e+03 1.6499255695317355e+01
82 1.1945779226432296e+03 1.6527521368476016e+01
83 1.1885010204050354e+03 1.6443444700313876e+01
84 1.1901928302488182e+03 1.6466851648336696e+01
85 1.1844628864412214e+03 1.6387575305684493e+01
86 1.1858268092571161e+03 1.6406445789608028e+01
87 1.1804213570168874e+03 1.6331658933335834e+01
88 1.1814790463301888e+03 1.6346292539394884e+01
89 1.1763771933523508e+03 1.6275706115092426e+01
90 1.1771487897182112e+03 1.6286381496901242e+01
91 1.1723310979354928e+03 1.6219726570189199e+01
92 1.1728353439171040e+03 1.6226703039516210e+01
93 1.1682837191230271e+03 1.6163729268932091e+01
94 1.1685380650383038e+03 1.6167248258752711e+01
95 1.1642356550319123e+03 1.6107722486537501e+01
96 1.1642563576319988e+03 1.6108008916295514e+01
97 1.1601874578350007e+03 1.6051713862564508e+01
98 1.1599896696503597e+03 1.6048977374315292e+01
99 1.1561396376451808e+03 1.5995710454653732e+01
100 1.1557374897054774e+03 1.5990146557530947e+01
101 1.1520926651050913e+03 1.5939718774357175e+01
102 1.1514993435988385e+03 1.5931509905193353e+01
103 1.1480469756785149e+03 1.5883744846511592e+01
104 1.1472747910266271e+03 1.5873061325501723e+01
105 1.1440029715528906e+03 1.5827794235560596e+01
106 1.1430634233289877e+03 1.5814795164463661e+01
107 1.1399610245723331e+03 1.5771872086134298e+01
108 1.1388648605586698e+03 1.5756706165338533e+01
109 1.1359214789444566e+03 1.5715983160499428e+01
110 1.1346787494226294e+03 1.5698789440158619e+01
111 1.1318846530403002e+03 1.5660131863462118e+01
112 1.1305047609336916e+03 1.5641040437238784e+01
113 1.1278508414169489e+03 1.5604322270351751e+01
114 1.1263425889435589e+03 1.5583454920880021e+01
115 1.1238203171283849e+03 1.5548558158992648e+01
116 1.1221919476107123e+03 1.5526028936336699e+01
117 1.1197933329737327e+03 1.5492843026974084e+01
118 1.1180525705923521e+03 1.5468758798636726e+01
119 1.1157701230422701e+03 1.5437180113026217e+01
120 1.1139242088676631e+03 1.5411641062465424e+01
121 1.1117509047696481e+03 1.5381572425468802e+01
122 1.1098066298866747e+03 1.5354672510389650e+01
123 1.1077358792262448e+03 1.5326022746200710e+01
124 1.1056996160753472e+03 1.5297850132174968e+01
125 1.1037252332627122e+03 1.5270533660384519e+01
126 1.1016029635330492e+03 1.5241171106764691e+01
127 1.0997191401755827e+03 1.5215107565655485e+01
128 1.0975164815433957e+03 1.5184632795512089e+01
129 1.0957177605424038e+03 1.5159746683676001e+01
130 1.0934399909868398e+03 1.5128232720217888e+01
131 1.0917212434669759e+03 1.5104453077364024e+01
132 1.0893733238513137e+03 1.5071968556359771e+01
133 1.0877297275775709e+03 1.5049228664703875e+01
134 1.0853163221768787e+03 1.5015838118491137e+01
135 1.0837433411672007e+03 1.4994075220686918e+01
136 1.0812688376700708e+03 1.4959839354905396e+01
137 1.0797622035141815e+03 1.4938994395582158e+01
138 1.0772307304170943e+03 1.4903970329832429e+01
139 1.0757864254723420e+03 1.4883987723102036e+01
140 1.0732018690390876e+03 1.4848229225586758e+01
141 1.0718161096221213e+03 1.4829056622492940e+01
142 1.0691821292846521e+03 1.4792614323094552e+01
143 1.0678513515702864e+03 1.4774202416517371e+01
144 1.0651713940623874e+03 1.4737124002343768e+01
145 1.0638922397488204e+03 1.4719426328671483e+01
146 1.0611695529637220e+03 1.4681756735782296e+01
147 1.0599388563580587e+03 1.4664729496233782e+01
148 1.0571765012100552e+03 1.4626511073751198e+01
149 1.0559912776355382e+03 1.4610112973984789e+01
150 1.0531921400327051e+03 1.4571385649741460e+01
151 1.0520495743119307e+03 1.4555577740515075e+01
152 1.0492163758016720e+03 1.4516379168340039e+01
153 1.0481138117914081e+03 1.4501124700720691e+01
154 1.0452491196661153e+03 1.4461490400255705e+01
155 1.0441840510119653e+03 1.4446754697706130e+01
156 1.0412902872588759e+03 1.4406718178230966e+01
157 1.0402603481843073e+03 1.4392468509171710e+01
158 1.0373397988396550e+03 1.4352061399023027e+01
159 1.0363427553354384e+03 1.4338266854934368e+01
160 1.0333975781027332e+03 1.4297519006908031e+01
161 1.0324313207362898e+03 1.4284150402844091e+01
162 1.0294635529042926e+03 1.4243090003743898e+01
163 1.0285260887848983e+03 1.4230119767167633e+01
164 1.0255376543608354e+03 1.4188773436496543e+01
165 1.0246271007434914e+03 1.4176175518786414e+01
166 1.0216198166708814e+03 1.4134568394772970e+01
167 1.0207343943746657e+03 1.4122318180162901e+01
168 1.0177099774287233e+03 1.4080474015162228e+01
169 1.0168480047089516e+03 1.4068548235960193e+01
170 1.0138080767373640e+03 1.4026489468962497e+01
171 1.0129679638449899e+03 1.4014866130277381e+01
172 1.0099140573906498e+03 1.3972613964700981e+01
173 1.0090943013405512e+03 1.3961272272059480e+01
174 1.0060278648025792e+03 1.3918846747155866e+01
175 1.0052270441556005e+03 1.3907767034309702e+01
176 1.0021494466797394e+03 1.3865187092824332e+01
177 1.0013662172155380e+03 1.3854350761882131e+01
178 9.9827875258427980e+02 1.3811634303876088e+01
179 9.9751184302698357e+02 1.3801023766165953e+01
180 9.9441573467225271e+02 1.3758187718368664e+01
181 9.9366394213112801e+02 1.3747786331357755e+01
182 9.9056034660979674e+02 1.3704846695252302e+01
183 9.8982253330696699e+02 1.3694638717273367e+01
184 9.8671254400458952e+02 1.3651610620339312e+01
185 9.8598763320216494e+02 1.3641581154240690e+01
186 9.8287228418029770e+02 1.3598478903183478e+01
187 9.8215925727236879e+02 1.3588613856095535e+01
188 9.7903952593263216e+02 1.3545450973704980e+01
189 9.7833741900901339e+02 1.3535737009497952e+01
190 9.7521422962336635e+02 1.3492526283491177e+01
191 9.7452213053167964e+02 1.3482950782127778e+01
192 9.7139635705752471e+02 1.3439704304097445e+01
193 9.7071340264631203e+02 1.3430255323490107e+01
194 9.6758587122221581e+02 1.3386984523433835e+01
195 9.6691124481866336e+02 1.3377650764547868e+01
196 9.6378273646052105e+02 1.3334366448170881e+01
197 9.6311566502265839e+02 1.3325137215623890e+01
198 9.5998691833291036e+02 1.3281849601822239e+01
199 9.5932667049504516e+02 1.3272714776841831e+01
200 9.5619838332434949e+02 1.3229433520692378e+01
201 9.5554426703434046e+02 1.3220383528426765e+01
202 9.5241709909068152e+02 1.3177117757285378e+01
203 9.5176845945139564e+02 1.3168143536938983e+01
204 9.4864303432147983e+02 1.3124901878407442e+01
205 9.4799925168128027e+02 1.3115994856821937e+01
206 9.4487615845595224e+02 1.3072785461236307e+01
207 9.4423664670836445e+02 1.3063937529365726e+01
208 9.4111644193155587e+02 1.3020768096760929e+01
209 9.4048064648309810e+02 1.3011971581555697e+01
210 9.3736385591340775e+02 1.2968849386037768e+01
211 9.3673125252499790e+02 1.2960097034415046e+01
212 9.3361837237636166e+02 1.2917028941326359e+01
213 9.3298846505341476e+02 1.2908313890978594e+01
214 9.2987996415295754e+02 1.2865306386752703e+01
215 9.2925228388292533e+02 1.2856622148680922e+01
216 9.2614860447985780e+02 1.2813681352034022e+01
217 9.2552270815972190e+02 1.2805021795709219e+01
218 9.2242426760243006e+02 1.2762153480843427e+01
219 9.2179973606357839e+02 1.2753512806879840e+01
220 9.1870692806518480e+02 1.2710722420992800e+01
221 9.1808336550754530e+02 1.2702095153318904e+01
222 9.1499656116697088e+02 1.2659387830730637e+01
223 9.1437359359187064e+02 1.2650768794907043e+01
224 9.1129314270459622e+02 1.2608149375194918e+01
225 9.1067041698913283e+02 1.2599533685607883e+01
226 9.0759664896078493e+02 1.2557006726246495e+01
227 9.0697383169886973e+02 1.2548389770073236e+01
228 9.0390705672525098e+02 1.2505959562760649e+01
229 9.0328383340692039e+02 1.2497336988614753e+01
230 9.0022434340331245e+02 1.2455007572129823e+01
231 8.9960041708203096e+02 1.2446375271622781e+01
232 8.9654848648804500e+02 1.2404150442960621e+01
233 8.9592357757045170e+02 1.2395504547792877e+01
234 8.9287946419365448e+02 1.2353387873836812e+01
235 8.9225330891521492e+02 1.2344724734707725e+01
236 8.8921725519000790e+02 1.2302719569646436e+01
237 8.8858960492039068e+02 1.2294035746643852e+01
238 8.8556183822491153e+02 1.2252145236355862e+01
239 8.8493245909422637e+02 1.2243437493784951e+01
240 8.8191319253653114e+02 1.2201664586715800e+01
241 8.8128186447236465e+02 1.2192929879776012e+01
242 8.7827129783242458e+02 1.2151277339971214e+01
243 8.7763781374628343e+02 1.2142512803500356e+01
244 8.7463613380997435e+02 1.2100983215226281e+01
245 8.7400029932618304e+02 1.2092186159949701e+01
246 8.7100768086099913e+02 1.2050781941193019e+01
247 8.7036931317641279e+02 1.2041949837947213e+01
248 8.6738591940285914e+02 1.2000673246936822e+01
249 8.6674484725036689e+02 1.1991803726164493e+01
250 8.6377083001911706e+02 1.1950656863822573e+01
251 8.6312689283088116e+02 1.1941747703995665e+01
252 8.6016239401644179e+02 1.1900732533219649e+01
253 8.5951544118113350e+02 1.1891781650562875e+01
254 8.5656059241343326e+02 1.1850899992511870e+01
255 8.5591048331264801e+02 1.1841905441506528e+01
256 8.5296540675300605e+02 1.1801158986337176e+01
257 8.5231200980634253e+02 1.1792118946509399e+01
258 8.4937681873207350e+02 1.1751509261464156e+01
259 8.4872001123432597e+02 1.1742422035132384e+01
260 8.4579481023395772e+02 1.1701950567240445e+01
261 8.4513447784193215e+02 1.1692814572415303e+01
262 8.4221936322874058e+02 1.1652482654214040e+01
263 8.4155539962051876e+02 1.1643296419884097e+01
264 8.3865046014688505e+02 1.1603105279302513e+01
265 8.3798276641906773e+02 1.1593867437094882e+01
266 8.3508808331816101e+02 1.1553818198030307e+01
267 8.3441656792417257e+02 1.1544527481357051e+01
268 8.3153221536814988e+02 1.1504621170014547e+01
269 8.3085679340966988e+02 1.1495276404269324e+01
270 8.2798283914354522e+02 1.1455513957931544e+01
271 8.2730343237750196e+02 1.1446114060586362e+01
272 8.2443993739993743e+02 1.1406496323197157e+01
273 8.2375647377228313e+02 1.1397040297351946e+01
274 8.2090349337126554e+02 1.1357568033845412e+01
275 8.2021590649475650e+02 1.1348054961002878e+01
276 8.1737349013467053e+02 1.1308728855740965e+01
277 8.1668171944365429e+02 1.1299157897948142e+01
278 8.1384991106388532e+02 1.1259978558851952e+01
279 8.1315390119847677e+02 1.1250348950179998e+01
280 8.1033273951043259e+02 1.1211316912839223e+01
281 8.0963244025439735e+02 1.1201627958524011e+01
282 8.0682195906188713e+02 1.1162743690629513e+01
283 8.0611732501040524e+02 1.1152994762474995e+01
284 8.0331755331960039e+02 1.1114258665340165e+01
285 8.0260854365378611e+02 1.1104449198598747e+01
286 7.9981950615315486e+02 1.1065861613799617e+01
287 7.9910608423079532e+02 1.1055991101509848e+01
288 7.9632780127278295e+02 1.1017552310631627e+01
289 7.9560993485275594e+02 1.1007620306723121e+01
290 7.9284242268555010e+02 1.0969330534566774e+01
291 7.9212008323964551e+02 1.0959336644338947e+01
292 7.8936335448905004e+02 1.0921196065588132e+01
293 7.8863651723978091e+02 1.0911139946233341e+01
294 7.8589058052267478e+02 1.0873148680106445e+01
295 7.8515922454876761e+02 1.0863030042169482e+01
296 7.8242408522126163e+02 1.0825188162770701e+01
297 7.8168819265296952e+02 1.0815006759015606e+01
298 7.7896385265694869e+02 1.0777314293211788e+01
299 7.7822340903307565e+02 1.0767069923561429e+01
300 7.7550986720958076e+02 1.0729526855317852e+01
301 7.7476486104816422e+02 1.0719219360914128e+01
302 7.7206211320999194e+02 1.0681825632298958e+01
303 7.7131253598767103e+02 1.0671454895217344e+01
304 7.6862057518714812e+02 1.0634210410106407e+01
305 7.6786642094198589e+02 1.0623776347860835e+01
306 7.6518523750123984e+02 1.0586680972356419e+01
307 7.6442650311658292e+02 1.0576183541826591e+01
308 7.6175608487697525e+02 1.0539237107708482e+01
309 7.6099276934678346e+02 1.0528676294975380e+01
310 7.5833310178237980e+02 1.0491878601270763e+01
311 7.5756520684450493e+02 1.0481254430378344e+01
312 7.5491627275328653e+02 1.0444605239089571e+01
313 7.5414380217736186e+02 1.0433917762192404e+01
314 7.5150558279936956e+02 1.0397416813767027e+01
315 7.5072854235988575e+02 1.0386666110757782e+01
316 7.4810101621283491e+02 1.0350313107978756e+01
317 7.4731941401697088e+02 1.0339499291023888e+01
318 7.4470255811384277e+02 1.0303293915855500e+01
319 7.4391640374392648e+02 1.0292417117530814e+01
320 7.4131019305213601e+02 1.0256359023636019e+01
321 7.4051949826647058e+02 1.0245419406622915e+01
322 7.3792390604513719e+02 1.0209508224029639e+01
323 7.3712868386945502e+02 1.0198505968544962e+01
324 7.3454368180295353e+02 1.0162741305493830e+01
325 7.3374394726854507e+02 1.0151676619502231e+01
326 7.3116950527660526e+02 1.0116058059819210e+01
327 7.3036527465600443e+02 1.0104931168458492e+01
328 7.2780136136157455e+02 1.0069458278027998e+01
329 7.2699265252842076e+02 1.0058269428587980e+01
330 7.2443923489445956e+02 1.0022941750327732e+01
331 7.2362606703658901e+02 1.0011691208280734e+01
332 7.2108311097134367e+02 9.9765082705160353e+00
333 7.2026550458754173e+02 9.9651963194719482e+00
334 7.1773297436948076e+02 9.9301576279793924e+00
335 7.1691095113172526e+02 9.9187845677797473e+00
336 7.1438881029769777e+02 9.8838896180752869e+00
337 7.1356239292377848e+02 9.8724557630308958e+00
338 7.1105060356939362e+02 9.8377040306902810e+00
339 7.1021981597392062e+02 9.8262097116705025e+00
340 7.0771833938695033e+02 9.7916006610926942e+00
341 7.0688320629433485e+02 9.7800462201708473e+00
342 7.0439200252731723e+02 9.7455792986647900e+00
343 7.0355254992892719e+02 9.7339650954431072e+00
344 7.0107157832371252e+02 9.6996397404850665e+00
345 7.0022783261127051e+02 9.6879661401048676e+00
346 6.9775705161296696e+02 9.6537817767642764e+00
347 6.9690904045644061e+02 9.6420491620519737e+00
348 6.9444840747011813e+02 9.6080052010088668e+00
349 6.9359615906135275e+02 9.5962139620112854e+00
350 6.9114563108596280e+02 9.5623098083268712e+00
351 6.9028917440072087e+02 9.5504603459366830e+00
352 6.8784870736083826e+02 9.5166953898076816e+00
353 6.8698807203400725e+02 9.5047881140368471e+00
354 6.8455762145559549e+02 9.4711617401450177e+00
355 6.8369283784522622e+02 9.4591970710107844e+00
356 6.8127235837661044e+02 9.4257086518953646e+00
357 6.8040345729539922e+02 9.4136870157052073e+00
358 6.7799290332577095e+02 9.3803359203202010e+00
359 6.7711991612029817e+02 9.3682577507681213e+00
360 6.7471924113828004e+02 9.3350433356077627e+00
361 6.7384219985943412e+02 9.3229090761321753e+00
362 6.7145135713611046e+02 9.2898306946809566e+00
363 6.7057029403963770e+02 9.2776407915545800e+00
364 6.6818923610329637e+02 9.2446977870200708e+00
365 6.6730418422690366e+02 9.2324526973343986e+00
366 6.6493286331413162e+02 9.1996444088883553e+00
367 6.6404385568622467e+02 9.1873445896061945e+00
368 6.6168222374594245e+02 9.1546703524403803e+00
369 6.6078929408116232e+02 9.1423162700189131e+00
370 6.5843730240245338e+02 9.1097754101959509e+00
371 6.5754048451978565e+02 9.0973675325360102e+00
372 6.5519808441152270e+02 9.0649593763923129e+00
373 6.5429741253369843e+02 9.0524981769807340e+00
374 6.5196455475736741e+02 9.0202220432793734e+00
375 6.5106006326756074e+02 9.0077079978227932e+00
376 6.4873669848802467e+02 8.9755632039900224e+00
377 6.4782842214732807e+02 8.9629967934237467e+00
378 6.4551450051196798e+02 8.9309826497262197e+00
379 6.4460247421800466e+02 8.9183643568745161e+00
380 6.4229794603205755e+02 8.8864801757628999e+00
381 6.4138220481181872e+02 8.8738104852399058e+00
382 6.3908701979246985e+02 8.8420555710289008e+00
383 6.3816759899541091e+02 8.8293349719101855e+00
384 6.3588170698036345e+02 8.7977086305819192e+00
385 6.3495864190204350e+02 8.7849376111973747e+00
386 6.3268199237015790e+02 8.7534391437692207e+00
387 6.3175531872180159e+02 8.7406181981996554e+00
388 6.2948786104180374e+02 8.7092469041652247e+00
389 6.2855761424989123e+02 8.6963765225518834e+00
390 6.2629929790446852e+02 8.6651317029814994e+00
391 6.2536551373039720e+02 8.6522123800993551e+00
392 6.2311628782976061e+02 8.6210933309099591e+00
393 6.2217900199901908e+02 8.6081255610371716e+00
394 6.1993881576343483e+02 8.5771315796683716e+00
395 6.1899806409462110e+02 8.5641158583713093e+00
396 6.1676686648741463e+02 8.5332462387078198e+00
397 6.1582268482348434e+02 8.5201830618898509e+00
398 6.1360042501102589e+02 8.4894371006256044e+00
399 6.1265284918060979e+02 8.4763269639919052e+00
400 6.1043947597804663e+02 8.4457039529615052e+00
401 6.0948854185831317e+02 8.4325473528887933e+00
402 6.0728400447020169e+02 8.4020465893144962e+00
403 6.0632974771323438e+02 8.3888440190653384e+00
404 6.0413399502049072e+02 8.3584647956916882e+00
405 6.0317645159929373e+02 8.3452167529687333e+00
406 6.0098943263584044e+02 8.3149583646571887e+00
407 6.0002863802598688e+02 8.3016653402809020e+00
408 5.9785030189005113e+02 8.2715270827826046e+00
409 5.9688629199440732e+02 8.2581895734852448e+00
410 5.9471658764004576e+02 8.2281707405566742e+00
411 5.9374939782369097e+02 8.2147892356299756e+00
412 5.9158827463066427e+02 8.1848891269174135e+00
413 5.9061794040950292e+02 8.1714641177398448e+00
414 5.8846534737116042e+02 8.1416820275434034e+00
415 5.8749190419277954e+02 8.1282140045482283e+00
416 5.8534779073269465e+02 8.0985492331203588e+00
417 5.8437127384057931e+02 8.0850386839170039e+00
418 5.8223558916664967e+02 8.0554905285261889e+00
419 5.8125603374194031e+02 8.0419379398615085e+00
420 5.7912872750038457e+02 8.0125057038405991e+00
421 5.7814616845625937e+02 7.9989115587540764e+00
422 5.7602719012671071e+02 7.9695945431311337e+00
423 5.7504166241579424e+02 7.9559593252080063e+00
424 5.7293096180221528e+02 7.9267568354983418e+00
425 5.7194249998231760e+02 7.9130810228614124e+00
426 5.6984002684743405e+02 7.8839923640098011e+00
427 5.6884866568141763e+02 7.8702764376188634e+00
428 5.6675436994524273e+02 7.8413009167462278e+00
429 5.6576014366021548e+02 7.8275453501486725e+00
430 5.6367397543462823e+02 7.7986822770304807e+00
431 5.6267691846886601e+02 7.7848875466953009e+00
432 5.6059882782512955e+02 7.7561362305450841e+00
433 5.5959897411042095e+02 7.7423028059337948e+00
434 5.5752891157998704e+02 7.7136625623319999e+00
435 5.5652629506244136e+02 7.6997909131042483e+00
436 5.5446421094621314e+02 7.6712610544415787e+00
437 5.5345886535626846e+02 7.6573516472731047e+00
438 5.5140471043226933e+02 7.6289314925414358e+00
439 5.5039666927506153e+02 7.6149847909908237e+00
440 5.4835039423465139e+02 7.5866736579830043e+00
441 5.4733969080387760e+02 7.5726901226834871e+00
442 5.4530124683692304e+02 7.5444873360894267e+00
443 5.4428791409983489e+02 7.5304674231577176e+00
444 5.4225725228307738e+02 7.5023723061021919e+00
445 5.4124132322853302e+02 7.4883164719539392e+00
446 5.3921839500081558e+02 7.4603283525715591e+00
447 5.3819990213936171e+02 7.4462370470047592e+00
448 5.3618465897516353e+02 7.4183552539231803e+00
449 5.3516363495322730e+02 7.4042289286157956e+00
450 5.3315602853071573e+02 7.3764527932807891e+00
451 5.3213250538229431e+02 7.3622918914375388e+00
452 5.3013248771668975e+02 7.3346207499581553e+00
453 5.2910649755357258e+02 7.3204257158600488e+00
454 5.2711402066295602e+02 7.2928589043849179e+00
455 5.2608559507524842e+02 7.2786301750952322e+00
456 5.2410061143609289e+02 7.2511670361150422e+00
457 5.2306978198998161e+02 7.2369050483661299e+00
458 5.2109224398998447e+02 7.2095449231433175e+00
459 5.2005904192613878e+02 7.1952501091638501e+00
460 5.1808890236781122e+02 7.1679923446999885e+00
461 5.1705335874372406e+02 7.1536651341843118e+00
462 5.1509057042556299e+02 7.1265090774254336e+00
463 5.1405271604223162e+02 7.1121498965191590e+00
464 5.1209723220910280e+02 7.0850949005870110e+00
465 5.1105709751052387e+02 7.0707041704964881e+00
466 5.0910887144400220e+02 7.0437495890207051e+00
467 5.0806648679504241e+02 7.0293277298574832e+00
468 5.0612547205764849e+02 7.0024729203547080e+00
469 5.0508086742102012e+02 6.9880203466663522e+00
470 5.0314701773852011e+02 6.9612646689118041e+00
471 5.0210022304926025e+02 6.9467817948629786e+00
472 5.0017349229864669e+02 6.9201246107241623e+00
473 4.9912453696351014e+02 6.9056118431705098e+00
474 4.9720487948380696e+02 6.8790525209073401e+00
475 4.9615379280129406e+02 6.8645102652067544e+00
476 4.9424116285687188e+02 6.8380481720462853e+00
477 4.9318797383230765e+02 6.8234768295004473e+00
478 4.9128232618385562e+02 6.7971113395365226e+00
479 4.9022706351119791e+02 6.7825113071392096e+00
480 4.8832835285515750e+02 6.7562417935767751e+00
481 4.8727104513328834e+02 6.7416134670063483e+00
482 4.8537922662506708e+02 6.7154393094003542e+00
483 4.8431990193456886e+02 6.7007830771642656e+00
484 4.8243493077045821e+02 6.6747036556353070e+00
485 4.8137361725465684e+02 6.6600199071090938e+00
486 4.7949544894136909e+02 6.6340346060725803e+00
487 4.7843217406716155e+02 6.6193237212730818e+00
488 4.7656076444611466e+02 6.5934319297752229e+00
489 4.7549555577816096e+02 6.5786942900718737e+00
490 4.7363086062851221e+02 6.5528953962974761e+00
491 4.7256374523988416e+02 6.5381313762583693e+00
492 4.7070572087826656e+02 6.5124247758284568e+00
493 4.6963672571609834e+02 6.4976347482792791e+00
494 4.6778532834148530e+02 6.4720198351870035e+00
495 4.6671448003225788e+02 6.4572041685170625e+00
496 4.6486966644006230e+02 6.4316803450075826e+00
497 4.6379699120422447e+02 6.4168394019885477e+00
498 4.6195871815813342e+02 6.3914060698680801e+00
499 4.6088424215466341e+02 6.3765402124211494e+00
500 4.5905246676172294e+02 6.3511967782464378e+00
501 4.5797621573743470e+02 6.3363063625903298e+00
502 4.5615089517982221e+02 6.3110522339575938e+00
503 4.5507289478209321e+02 6.2961376149352786e+00
504 4.5325398660034460e+02 6.2709722043987872e+00
505 4.5217426198716868e+02 6.2560337300823958e+00
506 4.5036172385005244e+02 6.2309564519705738e+00
507 4.4928030019223269e+02 6.2159944706094556e+00
508 4.4747408998371651e+02 6.1910047422281069e+00
509 4.4639099185380951e+02 6.1760195937946039e+00
510 4.4459106782809204e+02 6.1511168375718404e+00
511 4.4350631979908462e+02 6.1361088620442477e+00
512 4.4171264019141728e+02 6.1112925001460416e+00
513 4.4062626640850885e+02 6.0962620315840228e+00
514 4.3883878989428950e+02 6.0715314922659669e+00
515 4.3775081434654874e+02 6.0564788625690467e+00
516 4.3596949957354082e+02 6.0318335737044011e+00
517 4.3487994591747787e+02 6.0167591101710087e+00
518 4.3310475206457699e+02 5.9921985069814845e+00
519 4.3201364359211590e+02 5.9771025318658353e+00
520 4.3024452981023478e+02 5.9526260491859873e+00
521 4.2915188970292235e+02 5.9375088832151803e+00
522 4.2738881550327216e+02 5.9131159608644541e+00
523 4.2629466656218199e+02 5.8979779195015691e+00
524 4.2453759150006908e+02 5.8736679979094886e+00
525 4.2344195642651925e+02 5.8585093952374425e+00
526 4.2169084042022234e+02 5.8342819198554148e+00
527 4.2059374137978585e+02 5.8191030625448530e+00
528 4.1884854450754273e+02 5.7949574810373923e+00
529 4.1775000370056068e+02 5.7797586762399913e+00
530 4.1601068621658101e+02 5.7556944387062607e+00
531 4.1491072525689958e+02 5.7404759854592768e+00
532 4.1317724778806667e+02 5.7164925471545462e+00
533 4.1207588825629381e+02 5.7012547440353707e+00
534 4.1034821139270019e+02 5.6773515597058939e+00
535 4.0924547452872042e+02 5.6620947005778559e+00
536 4.0752355924123896e+02 5.6382712302381526e+00
537 4.0641946609092281e+02 5.6229956062803108e+00
538 4.0470327336870474e+02 5.5992513101977908e+00
539 4.0359784463663846e+02 5.5839572078673818e+00
540 4.0188733594858354e+02 5.5602915529469916e+00
541 4.0078059203972970e+02 5.5449792545558250e+00
542 3.9907572879846049e+02 5.5213917069238896e+00
543 3.9796768999658696e+02 5.5060614931069924e+00
544 3.9626843397238065e+02 5.4825515238381488e+00
545 3.9515912016076550e+02 5.4672036696895914e+00
546 3.9346543316929990e+02 5.4437707504866157e+00
547 3.9235486417504609e+02 5.4284055303232606e+00
548 3.9066670834781695e+02 5.4050491372584109e+00
549 3.8955490346162048e+02 5.3896668179756890e+00
550 3.8787224110982737e+02 5.3663864296075072e+00
551 3.8675921961492963e+02 5.3509872779977137e+00
552 3.8508201321584949e+02 5.3277823751824949e+00
553 3.8396779388063277e+02 5.3123666509146164e+00
554 3.8229600622976443e+02 5.2892367189114005e+00
555 3.8118060777595161e+02 5.2738046810088699e+00
556 3.7951420163604058e+02 5.2507492046235384e+00
557 3.7839764244554522e+02 5.2353011074083753e+00
558 3.7673658095652536e+02 5.2123195766653803e+00
559 3.7561887921178885e+02 5.1968556716998160e+00
560 3.7396312553045027e+02 5.1739475768568237e+00
561 3.7284429909025044e+02 5.1584681112250612e+00
562 3.7119381681107762e+02 5.1356329485954344e+00
563 3.7007388322524326e+02 5.1201381651072246e+00
564 3.6842863591481944e+02 5.0973754306183015e+00
565 3.6730761260824852e+02 5.0818655703549256e+00
566 3.6566756416448652e+02 5.0591747645181364e+00
567 3.6454546818845279e+02 5.0436500633916141e+00
568 3.6291058250977909e+02 5.0210306867254966e+00
569 3.6178743088599600e+02 5.0054913802388681e+00
570 3.6015767215630001e+02 4.9829429372114680e+00
571 3.5903348138556908e+02 4.9673892536607234e+00
572 3.5740881398404298e+02 4.9449112514421865e+00
573 3.5628360053904544e+02 4.9293434187342591e+00
574 3.5466398896035980e+02 4.9069353660924291e+00
575 3.5353776886653969e+02 4.8913536059465246e+00
576 3.5192317786926003e+02 4.8690150153003469e+00
577 3.5079596711209018e+02 4.8534195488826537e+00
578 3.4918636144309482e+02 4.8311499324893781e+00
579 3.4805817566461877e+02 4.8155409762145824e+00
580 3.4645352041655968e+02 4.7933398511153920e+00
581 3.4532437503475705e+02 4.7777176182981593e+00
582 3.4372463533278602e+02 4.7555845019838854e+00
583 3.4259454549188939e+02 4.7399492021514655e+00
584 3.4099968684161445e+02 4.7178836173767245e+00
585 3.3986866738067727e+02 4.7022354558340771e+00
586 3.3827865522828449e+02 4.6802369245313544e+00
587 3.3714672088798909e+02 4.6645761052224319e+00
588 3.3556152101829230e+02 4.6426441540092798e+00
589 3.3442868614234294e+02 4.6269708753856644e+00
590 3.3284826433945983e+02 4.6051050308700052e+00
591 3.3171454323853862e+02 4.5894194909264012e+00
592 3.3013886555193415e+02 4.5676192833873541e+00
593 3.2900427204089539e+02 4.5519216732584686e+00
594 3.2743330468296176e+02 4.5301866352293247e+00
595 3.2629785255472251e+02 4.5144771457463513e+00
596 3.2473156185198729e+02 4.4928068113395163e+00
597 3.2359526447151433e+02 4.4770856274127651e+00
598 3.2203361696059335e+02 4.4554795336473090e+00
599 3.2089648764775785e+02 4.4397468395631723e+00
600 3.1933944989424526e+02 4.4182045238590932e+00
601 3.1820150162067432e+02 4.4024604990858505e+00
602 3.1664904046804719e+02 4.3809815027077823e+00
603 3.1551028603026913e+02 4.3652263242911422e+00
604 3.1396236836387902e+02 4.3438101890830705e+00
605 3.1282282025279613e+02 4.3280440298402691e+00
606 3.1127941325234548e+02 4.3066903017186569e+00
607 3.1013908376480225e+02 4.2909133317820523e+00
608 3.0860015458912704e+02 4.2696215563746645e+00
609 3.0745905582906437e+02 4.2538339432077086e+00
610 3.0592457186916334e+02 4.2326036693543863e+00
611 3.0478271566469755e+02 4.2168055766043739e+00
612 3.0325264440587210e+02 4.1956363544496789e+00
613 3.0211004241093883e+02 4.1798279433540362e+00
614 3.0058435149675830e+02 4.1587193252322363e+00
615 2.9944101505368673e+02 4.1429007527171757e+00
616 2.9791967231203131e+02 4.1218522935125641e+00
617 2.9677561256682276e+02 4.1060237137880122e+00
618 2.9525858591082340e+02 4.0850349695643633e+00
619 2.9411381378709314e+02 4.0691965337634377e+00
620 2.9260107129471044e+02 4.0482670628650173e+00
621 2.9145559747522645e+02 4.0324189187886050e+00
622 2.8994710732936937e+02 4.0115482810116889e+00
623 2.8880094231099207e+02 3.9956905738885609e+00
624 2.8729667280821428e+02 3.9748783306017477e+00
625 2.8614982682787934e+02 3.9590112020645014e+00
626 2.8464974646037865e+02 3.9382569173432165e+00
627 2.8350222952081998e+02 3.9223805057841621e+00
628 2.8200630683708977e+02 3.9016837444827037e+00
629 2.8085812874010270e+02 3.8857981855140760e+00
630 2.7936633247401045e+02 3.8651585150514767e+00
631 2.7821750279063582e+02 3.8492639410929184e+00
632 2.7672980171827248e+02 3.8286809294723922e+00
633 2.7558032984177754e+02 3.8127774704839688e+00
634 2.7409669290678568e+02 3.7922506880268805e+00
635 2.7294658794426988e+02 3.7763384700093980e+00
636 2.7146698421013713e+02 3.7558674886952228e+00
637 2.7031625510311522e+02 3.7399466353585487e+00
638 2.6884065372419974e+02 3.7195310284239960e+00
639 2.6768930914313961e+02 3.7036016597279420e+00
640 2.6621767944956287e+02 3.6832410028414868e+00
641 2.6506572786716310e+02 3.6673032360096380e+00
642 2.6359803921391989e+02 3.6469971051838872e+00
643 2.6244548892438831e+02 3.6310510549703299e+00
644 2.6098171084325804e+02 3.6107990286637857e+00
645 2.5982856986239648e+02 3.5948448059707325e+00
646 2.5836867193569566e+02 3.5746464633411010e+00
647 2.5721494814054159e+02 3.5586841771508988e+00
648 2.5575890009984849e+02 3.5385390994209884e+00
649 2.5460460106073697e+02 3.5225688544726186e+00
650 2.5315237275097019e+02 3.5024766244333527e+00
651 2.5199750587470393e+02 3.4864985232032533e+00
652 2.5054906722072258e+02 3.4664587247515675e+00
653 2.4939363967486759e+02 3.4504728664062285e+00
654 2.4794896071211951e+02 3.4304850849691042e+00
655 2.4679297949526463e+02 3.4144915663371416e+00
656 2.4535203033357021e+02 3.3945553883705371e+00
657 2.4419550217047112e+02 3.3785543024919615e+00
658 2.4275825307003598e+02 3.3586693165324819e+00
659 2.4160118452541545e+02 3.3426607542331781e+00
660 2.4016760577141562e+02 3.3228265491629063e+00
661 2.3901000314687300e+02 3.3068105976283273e+00
662 2.3758006522257904e+02 3.2870267650700713e+00
663 2.3642193463656497e+02 3.2710035089517260e+00
664 2.3499560798098045e+02 3.2512696399158418e+00
665 2.3383695536139945e+02 3.2352391612289484e+00
666 2.3241421062393431e+02 3.2155548496368578e+00
667 2.3125504164447773e+02 3.1995172268794807e+00
668 2.2983584944916086e+02 3.1798820663014471e+00
669 2.2867616966414639e+02 3.1638373763200627e+00
670 2.2726050079632955e+02 3.1442509625583237e+00
671 2.2610031540720408e+02 3.1281992773172833e+00
672 2.2468814073893472e+02 3.1086612073735509e+00
673 2.2352745487759643e+02 3.0926025978749672e+00
674 2.2211874531361619e+02 3.0731124692032914e+00
675 2.2095756378212897e+02 3.0570470018858726e+00
676 2.1955229038097562e+02 3.0376044140681424e+00
677 2.1839061787072521e+02 3.0215321538393143e+00
678 2.1698875167275395e+02 3.0021367062058544e+00
679 2.1582659261241426e+02 2.9860577143383069e+00
680 2.1442810482484040e+02 2.9667090085280265e+00
681 2.1326546346757607e+02 2.9506233438661997e+00
682 2.1187032529170665e+02 2.9313209814362651e+00
683 2.1070720564742894e+02 2.9152286994590804e+00
684 2.0931538844756466e+02 2.8959722842217470e+00
685 2.0815179435451500e+02 2.8798734380329964e+00
686 2.0676326944778094e+02 2.8606625731478244e+00
687 2.0559920454576326e+02 2.8445572131058272e+00
688 2.0421394342986466e+02 2.8253915042307849e+00
689 2.0304941108806847e+02 2.8092796769497896e+00
690 2.0166738525344988e+02 2.7901587296423895e+00
691 2.0050238874110767e+02 2.7740404803536935e+00
692 1.9912356975977258e+02 2.7549639012998535e+00
693 1.9795811203224054e+02 2.7388392708921354e+00
694 1.9658247157551602e+02 2.7198066681519584e+00
695 1.9541655545261230e+02 2.7036756956386676e+00
696 1.9404406522607593e+02 2.6846866777461287e+00
697 1.9287769333588244e+02 2.6685493994879570e+00
698 1.9150832525593938e+02 2.6496035778939251e+00
699 1.9034150044265047e+02 2.6334600332415765e+00
700 1.8897522750942522e+02 2.6145570343906637e+00
701 1.8780795528146896e+02 2.5984072995557121e+00
702 1.8644475834203999e+02 2.5795468584586585e+00
703 1.8527706406206252e+02 2.5633912843446884e+00
704 1.8391697428858885e+02 2.5445738322822957e+00
705 1.8274900619071965e+02 2.5284144697749773e+00
706 1.8139234607598061e+02 2.5096444685794963e+00
707 1.8022492187737024e+02 2.4934926311623808e+00
708 1.7887350100054110e+02 2.4747951171733589e+00
709 1.7771064023525446e+02 2.4587064169031319e+00
710 1.7637290606479849e+02 2.4401982646357352e+00
711 1.7523193115559252e+02 2.4244123650009328e+00
712 1.7394189866296222e+02 2.4065641868420742e+00
713 1.7288744054527393e+02 2.3919752858236336e+00
714 1.7176261176787676e+02 2.3764127751644941e+00
715 1.7100033067267651e+02 2.3658662743034782e+00
716 1.7038368987011626e+02 2.3573347722157463e+00
717 1.7046154954732648e+02 2.3584119957726553e+00
718 1.7118245450420986e+02 2.3683860392014560e+00
719 1.7329606918112924e+02 2.3976288462844919e+00
720 1.7697318182966953e+02 2.4485033490867623e+00
721 1.8318501404474992e+02 2.5344468339997936e+00
722 1.9222031551615814e+02 2.6594542824958269e+00
723 2.0500909445272688e+02 2.8363927752842812e+00
724 2.2133038988610275e+02 3.0622052182595003e+00
725 2.4098495920394063e+02 3.3341350005126209e+00
726 2.6149492964945654e+02 3.6178996410435800e+00
727 2.7961444570760517e+02 3.8685912729254586e+00
728 2.8993145354083902e+02 4.0113317038261158e+00
729 2.8919292285387667e+02 4.0011138005159346e+00
730 2.7684028456299603e+02 3.8302095091844448e+00
731 2.5804592577545026e+02 3.5701811254515086e+00
732 2.3927389810329157e+02 3.3104617027162146e+00
733 2.2720072195972421e+02 3.1434238955410536e+00
734 2.2485735948837078e+02 3.1110024246723462e+00
735 2.3276040053697582e+02 3.2203445423617025e+00
736 2.4648145366770197e+02 3.4101814667829147e+00
737 2.5856469445684854e+02 3.5773585228439990e+00
738 2.6024233697207688e+02 3.6005694595217408e+00
739 2.5021722409354990e+02 3.4618675262442382e+00
740 2.3497745503544837e+02 3.2510184857721942e+00
741 2.2477896540967512e+02 3.1099178074311888e+00
742 2.2495805692227299e+02 3.1123956188365969e+00
743 2.3489211901391465e+02 3.2498378236381757e+00
744 2.4612620007617960e+02 3.4052663740009197e+00
745 2.4866702612836974e+02 3.4404198420796153e+00
746 2.3914328964193038e+02 3.3086546760709590e+00
747 2.2642790342559587e+02 3.1327316044860689e+00
748 2.2081328693904254e+02 3.0550508670487155e+00
749 2.2648801622247083e+02 3.1335632919934620e+00
750 2.3708693239885008e+02 3.2802040512669874e+00
751 2.4134343708771081e+02 3.3390947028240685e+00
752 2.3346302929074460e+02 3.2300657263229162e+00
753 2.2206205070698792e+02 3.0723280738911356e+00
754 2.1825006920043751e+02 3.0195875999450390e+00
755 2.2526678056033546e+02 3.1166669488422118e+00
756 2.3415178641914480e+02 3.2395949901252608e+00
757 2.3355674929435864e+02 3.2313623846095161e+00
758 2.2322789020898946e+02 3.0884579863198778e+00
759 2.1572056360282471e+02 2.9845907554330289e+00
760 2.1873649434142476e+02 3.0263175099487682e+00
761 2.2783921103544475e+02 3.1522576782876492e+00
762 2.2979596556476776e+02 3.1793302548715938e+00
763 2.2130581276300794e+02 3.0618651827378103e+00
764 2.1321713975226734e+02 2.9499547635900787e+00
765 2.1561186150422097e+02 2.9830868131422688e+00
766 2.2389458152379197e+02 3.0976819596938330e+00
767 2.2537816575409593e+02 3.1182080129579246e+00
768 2.1668758159393647e+02 2.9979698830804211e+00
769 2.1036954827686782e+02 2.9105570582865865e+00
770 2.1427307728216701e+02 2.9645641329400299e+00
771 2.2175006115690391e+02 3.0680115585278305e+00
772 2.1975400321781078e+02 3.0403952016408042e+00
773 2.1091216133137868e+02 2.9180643532760997e+00
774 2.0816624418045279e+02 2.8800733578560824e+00
775 2.1485853400323145e+02 2.9726641892731491e+00
776 2.1880735799712093e+02 3.0272979404100777e+00
777 2.1249541304416138e+02 2.9399693508645299e+00
778 2.0565795191439037e+02 2.8453700093009702e+00
779 2.0880235655314357e+02 2.8888742578502296e+00
780 2.1523449222357931e+02 2.9778657398816724e+00
781 2.1271919328101748e+02 2.9430654508144589e+00
782 2.0467097589528348e+02 2.8317147533844129e+00
783 2.0452582299814810e+02 2.8297064979465487e+00
784 2.1109726592677325e+02 2.9206253583790716e+00
785 2.1144690839226362e+02 2.9254628187156331e+00
786 2.0371755835650157e+02 2.8185237940952685e+00
787 2.0151748077650592e+02 2.7880847339666284e+00
788 2.0744490030914341e+02 2.8700932418493297e+00
789 2.0930222561117336e+02 2.8957901704762947e+00
790 2.0221529242283404e+02 2.7977392710857645e+00
791 1.9914803880783248e+02 2.7553024415549596e+00
792 2.0453374102329659e+02 2.8298160473759806e+00
793 2.0678940181617423e+02 2.8610241261857992e+00
794 2.0008687221299417e+02 2.7682916228139902e+00
795 1.9708162632274210e+02 2.7267126979676619e+00
796 2.0230160909163988e+02 2.7989335009146461e+00
797 2.0409142495635695e+02 2.8236964061961158e+00
798 1.9744099262417743e+02 2.7316846919359921e+00
799 1.9527427121106723e+02 2.7017071293375845e+00
800 2.0058645248956230e+02 2.7752035400190054e+00
801 2.0113790503557155e+02 2.7828331333382104e+00
802 1.9447587329537365e+02 2.6906609360654246e+00
803 1.9386618116187972e+02 2.6822255719309394e+00
804 1.9912921824488740e+02 2.7550420506249540e+00
805 1.9774636983633479e+02 2.7359097226382243e+00
806 1.9151877695242854e+02 2.6497481818027926e+00
807 1.9302883926568583e+02 2.6706405712208618e+00
808 1.9749764928581703e+02 2.7324685622622100e+00
809 1.9382743208802847e+02 2.6816894611139337e+00
810 1.8906495636848038e+02 2.6157984734021280e+00
811 1.9273608972611777e+02 2.6665902500328418e+00
812 1.9509960314162788e+02 2.6992905182523388e+00
813 1.8964585715694938e+02 2.6238354963642987e+00
814 1.8766189945029905e+02 2.5963865516204834e+00
815 1.9249059524194442e+02 2.6631937237317027e+00
816 1.9147549966979994e+02 2.6491494211862974e+00
817 1.8597753774932247e+02 2.5730826519941319e+00
818 1.8752118522392814e+02 2.5944397071835397e+00
819 1.9125910368550299e+02 2.6461554856826117e+00
820 1.8687288076205996e+02 2.5854701241670579e+00
821 1.8385952205801485e+02 2.5437789549030305e+00
822 1.8795278362454741e+02 2.6004110646426253e+00
823 1.8807096737478500e+02 2.6020461898365821e+00
824 1.8260339886102292e+02 2.5263999270587978e+00
825 1.8375403988536368e+02 2.5423195617320702e+00
826 1.8722812235414568e+02 2.5903850509314643e+00
827 1.8326005477615701e+02 2.5354850561771234e+00
828 1.8041173202193286e+02 2.4960772333030894e+00
829 1.8449883380391339e+02 2.5526241196605342e+00
830 1.8385432651894791e+02 2.5437070722896640e+00
831 1.7899595061308159e+02 2.4764892624856603e+00
832 1.8077088144241000e+02 2.5010462266260842e+00
833 1.8342789125701523e+02 2.5378071491701499e+00
834 1.7878967551784987e+02 2.4736353540217544e+00
835 1.7761587325335285e+02 2.4573952732023181e+00
836 1.8142430040839392e+02 2.5100865711010361e+00
837 1.7914833003345342e+02 2.4785975001138416e+00
838 1.7538063992951774e+02 2.4264698175891160e+00
839 1.7865255655544874e+02 2.4717382516744304e+00
840 1.7896051214649270e+02 2.4759989554050490e+00
841 1.7433117028436263e+02 2.4119499343256714e+00
842 1.7555548339048471e+02 2.4288888552948156e+00
843 1.7811079613189975e+02 2.4642427532167086e+00
844 1.7380497447322082e+02 2.4046697792618597e+00
845 1.7295277232844398e+02 2.3928791803473115e+00
846 1.7634168434000557e+02 2.4397662980692227e+00
847 1.7361837352010755e+02 2.4020880713786825e+00
848 1.7079234650831040e+02 2.3629887201015225e+00
849 1.7420285853404613e+02 2.4101746837078717e+00
850 1.7314488368972806e+02 2.3955371271991370e+00
851 1.6932446592293951e+02 2.3426799338086970e+00
852 1.7173563967724786e+02 2.3760396041927456e+00
853 1.7247239790386178e+02 2.3862329847189976e+00
854 1.6813431390240643e+02 2.3262136467810821e+00
855 1.6945412394288360e+02 2.3444738106706420e+00
856 1.7130154095311784e+02 2.3700336536364088e+00
857 1.6730464531843350e+02 2.3147348097873222e+00
858 1.6722740230079646e+02 2.3136661179922009e+00
859 1.6996228612846267e+02 2.3515044624361008e+00
860 1.6642340749924708e+02 2.3025424892938333e+00
861 1.6535885894823343e+02 2.2878139826044350e+00
862 1.6829402631506954e+02 2.3284233396467093e+00
863 1.6564183761328138e+02 2.2917291193609004e+00
864 1.6357642135549258e+02 2.2631531590251619e+00
865 1.6665529782017148e+02 2.3057507958944945e+00
866 1.6465060802879020e+02 2.2780150134593833e+00
867 1.6208749135297390e+02 2.2425531446047193e+00
868 1.6486862365852514e+02 2.2810313574841690e+00
869 1.6368058035865820e+02 2.2645942455528032e+00
870 1.6059411045854253e+02 2.2218915500982890e+00
871 1.6323722591251294e+02 2.2584602379308798e+00
872 1.6248828225221280e+02 2.2480982664639990e+00
873 1.5929449021691761e+02 2.2039107211316593e+00
874 1.6154288028070704e+02 2.2350182061433737e+00
875 1.6133284222659591e+02 2.2321122354555563e+00
876 1.5791387600684229e+02 2.1848093042829766e+00
877 1.6004275074501999e+02 2.2142632411581764e+00
878 1.5999069081045542e+02 2.2135429686128294e+00
879 1.5666492737106668e+02 2.1675295397112055e+00
880 1.5850011888785585e+02 2.1929202374916112e+00
881 1.5871506813433814e+02 2.1958941567287198e+00
882 1.5530103520221220e+02 2.1486594798032161e+00
883 1.5714936442173405e+02 2.1742319435936333e+00
884 1.5728203544084175e+02 2.1760675066504396e+00
885 1.5404669301127973e+02 2.1313050929766577e+00
886 1.5575257001760764e+02 2.1549066665028884e+00
887 1.5592865048131367e+02 2.1573428186963204e+00
888 1.5267704426348172e+02 2.1123553882169634e+00
889 1.5453289826644266e+02 2.1380319607613809e+00
890 1.5442814294403195e+02 2.1365826238895145e+00
891 1.5142260127025472e+02 2.0949996067454464e+00
892 1.5325569143989179e+02 2.1203612314454774e+00
893 1.5300338934488863e+02 2.1168705187950634e+00
894 1.5007509886679165e+02 2.0763563065930128e+00
895 1.5213346126267317e+02 2.1048346735853678e+00
896 1.5143035433150823e+02 2.0951068738254000e+00
897 1.4886723958850445e+02 2.0596450317120638e+00
898 1.5093118518384131e+02 2.0882006447731380e+00
899 1.4992560935629780e+02 2.0742880521642157e+00
900 1.4760286680780715e+02 2.0421518671770493e+00
901 1.4984612523532780e+02 2.0731883536992721e+00
902 1.4827807840622359e+02 2.0514937224964394e+00
903 1.4651143729020481e+02 2.0270514502578716e+00
904 1.4863807189903937e+02 2.0564743939388346e+00
905 1.4670964048520688e+02 2.0297936803615793e+00
906 1.4539955510473601e+02 2.0116680615050462e+00
907 1.4748729445445969e+02 2.0405528718303674e+00
908 1.4503411257800946e+02 2.0066120002344188e+00
909 1.4448076502821920e+02 1.9989561886879301e+00
910 1.4615238077741881e+02 2.0220837423544555e+00
911 1.4348843696860379e+02 1.9852268848903660e+00
912 1.4354621071211224e+02 1.9860262105452884e+00
913 1.4480903271965693e+02 2.0034979194381624e+00
914 1.4191510763653173e+02 1.9634591678895912e+00
915 1.4277345953324473e+02 1.9753348513805484e+00
916 1.4323803333512186e+02 1.9817624383066224e+00
917 1.4056047189528070e+02 1.9447171748093171e+00
918 1.4191836219205985e+02 1.9635041961251012e+00
919 1.4164257367733430e+02 1.9596885383233724e+00
920 1.3927531106786176e+02 1.9269363983237646e+00
921 1.4111185731504108e+02 1.9523458394067603e+00
922 1.3986215059778169e+02 1.9350555864376360e+00
923 1.3828066637798395e+02 1.9131750429074328e+00
924 1.4008226518376762e+02 1.9381009704636072e+00
925 1.3815608594970868e+02 1.9114514168036980e+00
926 1.3738516799973490e+02 1.9007854211829680e+00
927 1.3894962492326792e+02 1.9224303844320287e+00
928 1.3643029185876867e+02 1.8875742814783707e+00
929 1.3673023781344966e+02 1.8917241682973143e+00
930 1.3748424641366515e+02 1.9021562154797214e+00
931 1.3497338052153185e+02 1.8674172596535601e+00
932 1.3603545990621453e+02 1.8821116043192645e+00
933 1.3588660532559632e+02 1.8800521344300845e+00
934 1.3368907178657881e+02 1.8496482722494656e+00
935 1.3535070729867772e+02 1.8726377448592280e+00
936 1.3405859396599115e+02 1.8547607773448636e+00
937 1.3279267664174833e+02 1.8372462433571164e+00
938 1.3435417953745687e+02 1.8588503363062441e+00
939 1.3232506515816232e+02 1.8307766287420966e+00
940 1.3206473157064104e+02 1.8271747967902978e+00
941 1.3312750710931672e+02 1.8418787730587440e+00
942 1.3068293684348532e+02 1.8080570469583059e+00
943 1.3154899559466921e+02 1.8200393582376533e+00
944 1.3149241544928537e+02 1.8192565465481543e+00
945 1.2944969468663959e+02 1.7909945885674181e+00
946 1.3087156304089481e+02 1.8106667750047123e+00
947 1.2974101416369513e+02 1.7950251241991457e+00
948 1.2851177223339369e+02 1.7780180107367356e+00
949 1.2999757170055651e+02 1.7985747127963783e+00
950 1.2792080611932745e+02 1.7698417294802871e+00
951 1.2796161220677460e+02 1.7704063000030323e+00
952 1.2863652358534208e+02 1.7797440016461532e+00
953 1.2643973166972079e+02 1.7493504001578644e+00
954 1.2742232524664729e+02 1.7629450230211821e+00
955 1.2699872973343241e+02 1.7570843890989021e+00
956 1.2529882133609306e+02 1.7335653939551514e+00
957 1.2677557754515473e+02 1.7539969784827569e+00
958 1.2513961739494545e+02 1.7313627360210080e+00
959 1.2465948592379216e+02 1.7247199017623560e+00
960 1.2562954555627267e+02 1.7381411118823642e+00
961 1.2353136033342331e+02 1.7091117782170204e+00
962 1.2416368591050666e+02 1.7178602861954322e+00
963 1.2410776703516321e+02 1.7170866234735438e+00
964 1.2227422543802625e+02 1.6917187530715716e+00
965 1.2363283430289324e+02 1.7105157160991533e+00
966 1.2226322534555834e+02 1.6915665618583635e+00
967 1.2158609720011050e+02 1.6821981902511578e+00
968 1.2259882188250803e+02 1.6962096904734896e+00
969 1.2061847400293397e+02 1.6688106893064039e+00
970 1.2111553317863681e+02 1.6756877259501486e+00
971 1.2112817060155076e+02 1.6758625703644758e+00
972 1.1934837014502094e+02 1.6512382327475272e+00
973 1.2062428295793720e+02 1.6688910588043870e+00
974 1.1929777631041392e+02 1.6505382443526886e+00
975 1.1868899552736993e+02 1.6421154891604497e+00
976 1.1959521798927405e+02 1.6546534833923978e+00
977 1.1768471975373150e+02 1.6282208833804221e+00
978 1.1825473162875825e+02 1.6361072533410725e+00
979 1.1809338156524122e+02 1.6338749028413395e+00
980 1.1650523225050760e+02 1.6119021447331776e+00
981 1.1773487082799171e+02 1.6289147459872697e+00
982 1.1627175662424423e+02 1.6086719047220881e+00
983 1.1595112542502144e+02 1.6042358282668754e+00
984 1.1660418813668915e+02 1.6132712438035697e+00
985 1.1476720412985718e+02 1.5878557461194296e+00
986 1.1554512906089649e+02 1.5986186864660696e+00
987 1.1500798526904455e+02 1.5911870611785928e+00
988 1.1378003135659284e+02 1.5741977680208532e+00
989 1.1490411877194441e+02 1.5897500216035663e+00
990 1.1323118077158131e+02 1.5666041739991194e+00
991 1.1337115141882911e+02 1.5685407306853747e+00
992 1.1357446242640633e+02 1.5713536296670867e+00
993 1.1194255500998389e+02 1.5487754585950673e+00
994 1.1292328286131659e+02 1.5623442683079534e+00
995 1.1188254254223541e+02 1.5479451591861404e+00
996 1.1122601915327768e+02 1.5388618636269071e+00
997 1.1203643858984505e+02 1.5500743800324157e+00
998 1.1026127745704980e+02 1.5255142295402289e+00
999 1.1091790646687950e+02 1.5345989864116003e+00
1000 1.1046280985445756e+02 1.5283025206524794e+00
1001 1.0931071052033876e+02 1.5123627096093264e+00
1002 1.1027517390571552e+02 1.5257064931405475e+00
1003 1.0878448925430047e+02 1.5050822023656043e+00
1004 1.0885948747584436e+02 1.5061198363999098e+00
1005 1.0903476375633376e+02 1.5085448623578361e+00
1006 1.0749465632141985e+02 1.4872367852053920e+00
1007 1.0847935700442969e+02 1.5008605608264809e+00
1008 1.0730337525838891e+02 1.4845903259023157e+00
1009 1.0694014043432846e+02 1.4795648091883031e+00
1010 1.0745349093441300e+02 1.4866672436120800e+00
1011 1.0586961812888478e+02 1.4647536529269343e+00
1012 1.0658452939161036e+02 1.4746447709086867e+00
1013 1.0588749890077020e+02 1.4650010414261014e+00
1014 1.0505676281645017e+02 1.4535074350862296e+00
1015 1.0586018802097030e+02 1.4646231831542140e+00
1016 1.0426777047387989e+02 1.4425913721369490e+00
1017 1.0476413690184191e+02 1.4494588243049784e+00
1018 1.0438549268668743e+02 1.4442201117535456e+00
1019 1.0332813331374197e+02 1.4295910705673109e+00
1020 1.0416156061631823e+02 1.4411219111188605e+00
1021 1.0277119772654565e+02 1.4218856169139531e+00
1022 1.0292598593807004e+02 1.4240271812481549e+00
1023 1.0290964290085842e+02 1.4238010679979256e+00
1024 1.0161856209274929e+02 1.4059383859242123e+00
1025 1.0250653120322953e+02 1.4182238368519640e+00
1026 1.0123540928552441e+02 1.4006372949792292e+00
1027 1.0120112862843958e+02 1.4001630067124233e+00
1028 1.0134790864773657e+02 1.4021937741152133e+00
1029 1.0002457385134274e+02 1.3838848436465736e+00
1030 1.0080163416476533e+02 1.3946358216206762e+00
1031 9.9759222374931468e+01 1.3802135869512884e+00
1032 9.9476337742391294e+01 1.3762997511767447e+00
1033 9.9824910009253060e+01 1.3811224048352591e+00
1034 9.8415943646443566e+01 1.3616287232365973e+00
1035 9.9176274849835153e+01 1.3721482464698478e+00
1036 9.8223443664634914e+01 1.3589653996455051e+00
1037 9.7860258387293825e+01 1.3539405684325785e+00
1038 9.8239885301541548e+01 1.3591928770667401e+00
1039 9.6890005893279877e+01 1.3405166899867502e+00
1040 9.7528407905331207e+01 1.3493492681684314e+00
1041 9.6735239404079763e+01 1.3383754261906482e+00
1042 9.6238252612953204e+01 1.3314993910199833e+00
1043 9.6710481148419021e+01 1.3380328846186644e+00
1044 9.5331235861418392e+01 1.3189504074347289e+00
1045 9.5970266063341654e+01 1.3277916769050524e+00
1046 9.5188996458249932e+01 1.3169824614926975e+00
1047 9.4711811922741234e+01 1.3103803994104890e+00
1048 9.5136346944095934e+01 1.3162540318492844e+00
1049 9.3840100825677141e+01 1.2983198853906202e+00
1050 9.4397115392330463e+01 1.3060264317601906e+00
1051 9.3690569574823385e+01 1.2962510534652216e+00
1052 9.3173529274220229e+01 1.2890975689962691e+00
1053 9.3623850566742533e+01 1.2953279660626855e+00
1054 9.2313655909941573e+01 1.2772008353191113e+00
1055 9.2910319008048603e+01 1.2854559369050547e+00
1056 9.2141117204094684e+01 1.2748136849342593e+00
1057 9.1722434258237925e+01 1.2690210185848321e+00
1058 9.2072298831826316e+01 1.2738615518865528e+00
1059 9.0852976764912015e+01 1.2569916841834987e+00
1060 9.1406571089568274e+01 1.2646509099709453e+00
1061 9.0641934313983299e+01 1.2540718172152041e+00
1062 9.0258967793725276e+01 1.2487733036339634e+00
1063 9.0578291629406152e+01 1.2531912921281771e+00
1064 8.9364770954809643e+01 1.2364016892899610e+00
1065 8.9978991499724529e+01 1.2448997060276012e+00
1066 8.9100021573279065e+01 1.2327387628474100e+00
1067 8.8878864190172123e+01 1.2296789512555395e+00
1068 8.9043009894682896e+01 1.2319499807023608e+00
1069 8.7948837799107011e+01 1.2168116189867797e+00
1070 8.8526218461406742e+01 1.2247999394245028e+00
1071 8.7613387784368584e+01 1.2121705175721667e+00
1072 8.7487401998242561e+01 1.2104274477122159e+00
1073 8.7556548919189680e+01 1.2113841263782581e+00
1074 8.6519279043127639e+01 1.1970330323922262e+00
1075 8.7133272057132729e+01 1.2055279011376741e+00
1076 8.6096880827095049e+01 1.1911889636134916e+00
1077 8.6173592472490796e+01 1.1922503036353160e+00
1078 8.6025737332713888e+01 1.1902046614584585e+00
1079 8.5172481330279183e+01 1.1783994819505230e+00
1080 8.5700576235164846e+01 1.1857059118280890e+00
1081 8.4647842597656791e+01 1.1711408697664301e+00
1082 8.4842859789952144e+01 1.1738390200936601e+00
1083 8.4539241810842896e+01 1.1696383291697241e+00
1084 8.3826050555959455e+01 1.1597710082679493e+00
1085 8.4306484923407382e+01 1.1664180332326970e+00
1086 8.3190352111721026e+01 1.1509758351596016e+00
1087 8.3573292531187548e+01 1.1562739876246848e+00
1088 8.3015117710185805e+01 1.1485513886157905e+00
1089 8.2567973931307407e+01 1.1423649538758602e+00
1090 8.2856668767824630e+01 1.1463591764284999e+00
1091 8.1820954236378768e+01 1.1320296013328575e+00
1092 8.2266946378946415e+01 1.1382001026678807e+00
1093 8.1546624257705901e+01 1.1282341230316204e+00
1094 8.1311947194431752e+01 1.1249872606006017e+00
1095 8.1429643063418155e+01 1.1266156357386168e+00
1096 8.0468966146568704e+01 1.1133242396978307e+00
1097 8.0990634203061106e+01 1.1205417512452163e+00
1098 8.0067206053505117e+01 1.1077657086072703e+00
1099 8.0129738877415079e+01 1.1086308782741565e+00
1100 7.9945952043726308e+01 1.1060881049954452e+00
1101 7.9222558019522893e+01 1.0960796242038406e+00
1102 7.9647425652346541e+01 1.1019578584714966e+00
1103 7.8675596745470287e+01 1.0885121696466438e+00
1104 7.8923822679827566e+01 1.0919464867862256e+00
1105 7.8495621652500091e+01 1.0860221335104687e+00
1106 7.8003665190856822e+01 1.0792156952044787e+00
1107 7.8303958851993713e+01 1.0833703926981977e+00
1108 7.7314701317597894e+01 1.0696835709942811e+00
1109 7.7747289614223362e+01 1.0756686241086149e+00
1110 7.7023223003814323e+01 1.0656508377851777e+00
1111 7.6877545942144792e+01 1.0636353302958776e+00
1112 7.6882019288660516e+01 1.0636972210513702e+00
1113 7.6075408293385578e+01 1.0525373961393576e+00
1114 7.6497516040091867e+01 1.0583774461446773e+00
1115 7.5633022201074226e+01 1.0464167861270661e+00
1116 7.5744809691712760e+01 1.0479634162005305e+00
1117 7.5469239783825799e+01 1.0441507829224661e+00
1118 7.4888089921456796e+01 1.0361103139111705e+00
1119 7.5227332502495187e+01 1.0408038871816381e+00
1120 7.4284065653191860e+01 1.0277533672343582e+00
1121 7.4642320852253633e+01 1.0327099886029831e+00
1122 7.4023562665860709e+01 1.0241491915602081e+00
1123 7.3810376585720334e+01 1.0211996665202798e+00
1124 7.3859725229917601e+01 1.0218824271472893e+00
1125 7.3071348675785543e+01 1.0109748839072537e+00
1126 7.3459405354185137e+01 1.0163438221094914e+00
1127 7.2657952687480886e+01 1.0052553649869396e+00
1128 7.2737386194023884e+01 1.0063543631785832e+00
1129 7.2483060760454151e+01 1.0028356567315648e+00
1130 7.1931277171037664e+01 9.9520148327833657e-01
1131 7.2236062741008709e+01 9.9941832834554956e-01
1132 7.1348451482661929e+01 9.8713782846257314e-01
1133 7.1687027162550265e+01 9.9182217485650193e-01
1134 7.1072824163044103e+01 9.8332440086746109e-01
1135 7.0909079330236182e+01 9.8105891766045328e-01
1136 7.0901190171902712e+01 9.8094976761635477e-01
1137 7.0191409130032596e+01 9.7112962854121543e-01
1138 7.0540665659442567e+01 9.7596174927899926e-01
1139 6.9753435889491172e+01 9.6507007231247455e-01
1140 6.9888140609451469e+01 9.6693377253276003e-01
1141 6.9551967057087211e+01 9.6228266065056256e-01
1142 6.9121157092599489e+01 9.5632221155899688e-01
1143 6.9332282870403830e+01 9.5924323139199064e-01
1144 6.8514722610370470e+01 9.4793191849092873e-01
1145 6.8865558633491602e+01 9.5278589223266297e-01
1146 6.8187612640561952e+01 9.4340620533871400e-01
1147 6.8160632256027725e+01 9.4303291961706559e-01
1148 6.8008669429206648e+01 9.4093044574751505e-01
1149 6.7444391226866585e+01 9.3312340372023161e-01
1150 6.7720929825912620e+01 9.3694943927497265e-01
1151 6.6943311354444432e+01 9.2619073893395654e-01
1152 6.7174575937926690e+01 9.2939038817644148e-01
1153 6.6688123965213819e+01 9.2266010694375333e-01
1154 6.6459316239951917e+01 9.1949444943673120e-01
1155 6.6498450230659174e+01 9.2003588575108797e-01
1156 6.5810730553319132e+01 9.1052097554949241e-01
1157 6.6144042945203438e+01 9.1513250199312224e-01
1158 6.5396483087457838e+01 9.0478967605526561e-01
1159 6.5548092035539227e+01 9.0688725385372593e-01
1160 6.5181313363062827e+01 9.0181270640734279e-01
1161 6.4849061832890584e+01 8.9721585746133170e-01
1162 6.4965657739526335e+01 8.9882901412685523e-01
1163 6.4267750101199624e+01 8.8917314891536314e-01
1164 6.4557854576361578e+01 8.9318687445092337e-01
1165 6.3917612005556499e+01 8.8432883131333129e-01
1166 6.3938572913638829e+01 8.8461883487832838e-01
1167 6.3720021097904230e+01 8.8159507247973967e-01
1168 6.3269722089150953e+01 8.7536498371926275e-01
1169 6.3475520650155346e+01 8.7821229911839194e-01
1170 6.2747301326718883e+01 8.6813705814758768e-01
1171 6.3031077683678575e+01 8.7206323132944408e-01
1172 6.2441430555451298e+01 8.6390519883368744e-01
1173 6.2407060923849663e+01 8.6342967956453365e-01
1174 6.2248864901395415e+01 8.6124096663759853e-01
1175 6.1771801871700859e+01 8.5464058564282808e-01
1176 6.1980582865001537e+01 8.5752916433049831e-01
1177 6.1295511757174914e+01 8.4805089827609414e-01
1178 6.1516081654526431e+01 8.5110258173903097e-01
1179 6.1017688915390117e+01 8.4420709464703581e-01
1180 6.0899767639907537e+01 8.4257560090904349e-01
1181 6.0824288769980654e+01 8.4153131688877236e-01
1182 6.0296453115429166e+01 8.3422847385586241e-01
1183 6.0540524670254932e+01 8.3760531329124577e-01
1184 5.9853966865523233e+01 8.2810647811832583e-01
1185 6.0069761174537305e+01 8.3109208917460076e-01
1186 5.9592773897220034e+01 8.2449275624794760e-01
1187 5.9467877876647009e+01 8.2276476378321928e-01
1188 5.9397547312002679e+01 8.2179170887572184e-01
1189 5.8891162219073891e+01 8.1478564398416609e-01
1190 5.9107892029615236e+01 8.1778419812367509e-01
1191 5.8470543438769901e+01 8.0896619449687412e-01
1192 5.8642420612931495e+01 8.1134419229414079e-01
1193 5.8217311983994826e+01 8.0546262373716626e-01
1194 5.8059178899807058e+01 8.0327478158937793e-01
1195 5.8021135244499511e+01 8.0274843055432854e-01
1196 5.7503679078048300e+01 7.9558919239483816e-01
1197 5.7734365635622098e+01 7.9878084438961550e-01
1198 5.7095293952899546e+01 7.8993900101382808e-01
1199 5.7283171205177766e+01 7.9253836706841585e-01
1200 5.6843892657353251e+01 7.8646075132793891e-01
1201 5.6720740116973481e+01 7.8475688069369420e-01
1202 5.6648501014080800e+01 7.8375742030348672e-01
1203 5.6180852661536250e+01 7.7728729558988863e-01
1204 5.6372420843349929e+01 7.7993772731010658e-01
1205 5.5776042565801305e+01 7.7168656634434041e-01
1206 5.5943357436129716e+01 7.7400144262172710e-01
1207 5.5520834301901907e+01 7.6815564554373172e-01
1208 5.5404392078018240e+01 7.6654461514801508e-01
1209 5.5326893831392340e+01 7.6547239214535423e-01
1210 5.4876663791629760e+01 7.5924325760179856e-01
1211 5.5067251260774533e+01 7.6188012072235933e-01
1212 5.4469001538002651e+01 7.5360306747252281e-01
1213 5.4666764953722911e+01 7.5633921303261076e-01
1214 5.4205013042491807e+01 7.4995066822933809e-01
1215 5.4154174891041876e+01 7.4924729960139336e-01
1216 5.4011937065777012e+01 7.4727937549036605e-01
1217 5.3636573255048624e+01 7.4208604880554097e-01
1218 5.3772586123572040e+01 7.4396784784794612e-01
1219 5.3220727567803927e+01 7.3633263720161835e-01
1220 5.3406570984898721e+01 7.3890386423419940e-01
1221 5.2942397876601689e+01 7.3248182108353055e-01
1222 5.2925076906486559e+01 7.3224217769294531e-01
1223 5.2747147627150198e+01 7.2978044630601135e-01
1224 5.2418861076201189e+01 7.2523845462598135e-01
1225 5.2528977206094716e+01 7.2676196067387655e-01
1226 5.1992219418510665e+01 7.1933567592858183e-01
1227 5.2201799729155681e+01 7.2223531353023196e-01
1228 5.1694469991014337e+01 7.1521617904845514e-01
1229 5.1756968496574416e+01 7.1608087390557795e-01
1230 5.1492062286656086e+01 7.1241577767193953e-01
1231 5.1265824777663909e+01 7.0928568025983818e-01
1232 5.1293022500027938e+01 7.0966197294784528e-01
1233 5.0827947399871228e+01 7.0322745033522394e-01
1234 5.1007379148204478e+01 7.0570996905463823e-01
1235 5.0505928621233842e+01 6.9877217609643372e-01
1236 5.0605949931450745e+01 7.0015601578623399e-01
1237 5.0289063795571892e+01 6.9577175396217228e-01
1238 5.0137238323315188e+01 6.9367118045462806e-01
1239 5.0103198349567705e+01 6.9320022214974908e-01
1240 4.9691842503785381e+01 6.8750892951630460e-01
1241 4.9858436721126402e+01 6.8981383523637341e-01
1242 4.9343066470088822e+01 6.8268345665223440e-01
1243 4.9506348065944401e+01 6.8494253076822909e-01
1244 4.9103766486627180e+01 6.7937263404688530e-01
1245 4.9069581299187071e+01 6.7889966664543555e-01
1246 4.8921777940223016e+01 6.7685474087934927e-01
1247 4.8624064969109369e+01 6.7273574838962891e-01
1248 4.8713231756202063e+01 6.7396941088338402e-01
1249 4.8248968977636338e+01 6.6754612710432759e-01
1250 4.8414464122626526e+01 6.6983582666545138e-01
1251 4.7979486955190673e+01 6.6381772245196657e-01
1252 4.8020945402101610e+01 6.6439131866049872e-01
1253 4.7788930570766638e+01 6.6118128940245979e-01
1254 4.7587604329738937e+01 6.5839585055619543e-01
1255 4.7606581408979707e+01 6.5865840695935496e-01
1256 4.7192132707748918e+01 6.5292432328353034e-01
1257 4.7360367092681471e+01 6.5525192145789879e-01
1258 4.6888027877488966e+01 6.4871689655555531e-01
1259 4.7020085127009480e+01 6.5054396783482615e-01
1260 4.6675727293485437e+01 6.4577962275185530e-01
1261 4.6614181584248520e+01 6.4492811025922492e-01
1262 4.6504833795092409e+01 6.4341523455005867e-01
1263 4.6209851536674819e+01 6.3933402269530548e-01
1264 4.6304156857151035e+01 6.4063877910322808e-01
1265 4.5871767568796955e+01 6.3465647935759106e-01
1266 4.6023280280043906e+01 6.3675272567628149e-01
1267 4.5626106524099846e+01 6.3125764861689748e-01
1268 4.5661513609636039e+01 6.3174752152656932e-01
1269 4.5448338495257147e+01 6.2879814820286961e-01
1270 4.5266205798710644e+01 6.2627826065345815e-01
1271 4.5278526836367334e+01 6.2644872773584170e-01
1272 4.4902970965249189e+01 6.2125274380937867e-01
1273 4.5055445650277854e+01 6.2336229946681698e-01
1274 4.4618269138481089e+01 6.1731376633761836e-01
1275 4.4751212124739915e+01 6.1915309218194670e-01
1276 4.4415670108231353e+01 6.1451071788157796e-01
1277 4.4386057941488517e+01 6.1410102027262992e-01
1278 4.4255969482848528e+01 6.1230118809826062e-01
1279 4.4014627818576813e+01 6.0896211792314103e-01
1280 4.4079390495743233e+01 6.0985813860999527e-01
1281 4.3693987090432799e+01 6.0452590963102892e-01
1282 4.3838501427651288e+01 6.0652533030602751e-01
1283 4.3453253763280919e+01 6.0119525607282209e-01
1284 4.3524061407227272e+01 6.0217491158644931e-01
1285 4.3280107030560352e+01 5.9879969336345196e-01
1286 4.3168664181229381e+01 5.9725783155706103e-01
1287 4.3128785610284368e+01 5.9670609364114535e-01
1288 4.2826869553907272e+01 5.9252894958157887e-01
1289 4.2944783175075912e+01 5.9416033741870455e-01
1290 4.2545175641849646e+01 5.8863158795898962e-01
1291 4.2693947595399791e+01 5.9068991466562204e-01
1292 4.2338848772403182e+01 5.8577696317560024e-01
1293 4.2380219088966939e+01 5.8634934006124972e-01
1294 4.2185875839670921e+01 5.8366051403770169e-01
1295 4.2041928713321717e+01 5.8166894097949307e-01
1296 4.2039268955615498e+01 5.8163214203863600e-01
1297 4.1729894658970608e+01 5.7735180987969081e-01
1298 4.1851513141619876e+01 5.7903445613715709e-01
1299 4.1480963526845869e+01 5.7390773601269096e-01
1300 4.1599146129441529e+01 5.7554284532850686e-01
1301 4.1300738523400987e+01 5.7141424225300552e-01
1302 4.1294234584277390e+01 5.7132425733799330e-01
1303 4.1162312874097246e+01 5.6949906130629047e-01
1304 4.0976555519257928e+01 5.6692902498361575e-01
1305 4.1020378355005157e+01 5.6753533357220654e-01
1306 4.0692009133055166e+01 5.6299219810179724e-01
1307 4.0834045862739849e+01 5.6495733996527453e-01
1308 4.0469881614303560e+01 5.5991896424814414e-01
1309 4.0587305072111938e+01 5.6154357045532577e-01
1310 4.0309883679330248e+01 5.5770532105328896e-01
1311 4.0296297664879368e+01 5.5751735244957279e-01
1312 4.0183555614140069e+01 5.5595751560896178e-01
1313 3.9999780272017624e+01 5.5341490132122484e-01
1314 4.0048535791620829e+01 5.5408945580343905e-01
1315 3.9739002139602732e+01 5.4980691889142941e-01
1316 3.9869240712380773e+01 5.5160882796222988e-01
1317 3.9538132005213726e+01 5.4702779048509054e-01
1318 3.9634094803313310e+01 5.4835547883936742e-01
1319 3.9394076492828646e+01 5.4503471785746072e-01
1320 3.9360397334818266e+01 5.4456875160014273e-01
1321 3.9279003069502835e+01 5.4344262543141564e-01
1322 3.9084618410929608e+01 5.4075322649194391e-01
1323 3.9153803031587728e+01 5.4171042675039749e-01
1324 3.8844162849545953e+01 5.3742641594772789e-01
1325 3.8986598119815469e+01 5.3939707179895535e-01
1326 3.8660266031803914e+01 5.3488212099030796e-01
1327 3.8767683455219540e+01 5.3636828922362012e-01
1328 3.8529391918109603e+01 5.3307141892586918e-01
1329 3.8513401487123964e+01 5.3285018414093233e-01
1330 3.8425775485333077e+01 5.3163783910292217e-01
1331 3.8257297840511121e+01 5.2930687531887355e-01
1332 3.8313491911357090e+01 5.3008434549397387e-01
1333 3.8033870452718652e+01 5.2621565719400487e-01
1334 3.8162940097193314e+01 5.2800139361742415e-01
1335 3.7863256226951677e+01 5.2385513285425289e-01
1336 3.7964308846993873e+01 5.2525324117806349e-01
1337 3.7743276968122046e+01 5.2219516599357885e-01
1338 3.7731464846163966e+01 5.2203173998815156e-01
1339 3.7651255193081589e+01 5.2092200346100748e-01
1340 3.7494601564104073e+01 5.1875463023963875e-01
1341 3.7554351186713816e+01 5.1958129306817646e-01
1342 3.7285982916022867e+01 5.1586829767089726e-01
1343 3.7424170310769497e+01 5.1778018225894940e-01
1344 3.7125960426117018e+01 5.1365431474753664e-01
1345 3.7249307418507080e+01 5.1536087571256206e-01
1346 3.7015054934978018e+01 5.1211988753275495e-01
1347 3.7039936509769767e+01 5.1246413528022883e-01
1348 3.6934536303814689e+01 5.1100587615527382e-01
1349 3.6822422746821744e+01 5.0945473480754433e-01
1350 3.6854773368856449e+01 5.0990232017374548e-01
1351 3.6627120783005331e+01 5.0675264453859070e-01
1352 3.6748016540136845e+01 5.0842529156435190e-01
1353 3.6475447545719710e+01 5.0465417727015394e-01
1354 3.6600315396083467e+01 5.0638177998740175e-01
1355 3.6371609184073684e+01 5.0321752696175470e-01
1356 3.6417192445628174e+01 5.0384819183099971e-01
1357 3.6301625395552364e+01 5.0224926985745999e-01
1358 3.6220529624658035e+01 5.0112727349293362e-01
1359 3.6239506889996761e+01 5.0138983247084201e-01
1360 3.6038577277069990e+01 4.9860988115225507e-01
1361 3.6158139629960630e+01 5.0026407993226674e-01
1362 3.5894076016987064e+01 4.9661064140529260e-01
1363 3.6040586658057642e+01 4.9863768183949475e-01
1364 3.5795510606172513e+01 4.9524694473674413e-01
1365 3.5886957078226267e+01 4.9651214769445151e-01
1366 3.5734416678047133e+01 4.9440168283843100e-01
1367 3.5713789528273153e+01 4.9411629696933185e-01
1368 3.5689219800247820e+01 4.9377636376174516e-01
1369 3.5546541977786148e+01 4.9180235209214629e-01
1370 3.5634033631570105e+01 4.9301283836522092e-01
1371 3.5408971276060441e+01 4.8989899972864631e-01
1372 3.5549124808940505e+01 4.9183808671965418e-01
1373 3.5314003411061478e+01 4.8858507672007784e-01
1374 3.5428804990012566e+01 4.9017340805726728e-01
1375 3.5259317381976473e+01 4.8782847097914833e-01
1376 3.5283341060774333e+01 4.8816084935075132e-01
1377 3.5228755920666643e+01 4.8740563945407506e-01
1378 3.5134218325421877e+01 4.8609766942054644e-01
1379 3.5198803943909837e+01 4.8699124042116743e-01
1380 3.5005207839298862e+01 4.8431275147945674e-01
1381 3.5147800089365191e+01 4.8628557921658389e-01
1382 3.4913224075608753e+01 4.8304011485096682e-01
1383 3.5064395334160736e+01 4.8513163701846923e-01
1384 3.4862385456123477e+01 4.8233673974754326e-01
1385 3.4951786966470237e+01 4.8357364974279970e-01
1386 3.4843002873825462e+01 4.8206857302770478e-01
1387 3.4825993605847103e+01 4.8183324217599072e-01
1388 3.4835510697848321e+01 4.8196491541256603e-01
1389 3.4709176813724859e+01 4.8021702946068689e-01
1390 3.4817916812691372e+01 4.8172149611996556e-01
1391 3.4621085382357855e+01 4.7899824499573018e-01
1392 3.4774140705397834e+01 4.8111583404049085e-01
1393 3.4572010315674426e+01 4.7831926943633341e-01
1394 3.4700040324737387e+01 4.8009062203752007e-01
1395 3.4559523506296365e+01 4.7814650882783050e-01
1396 3.4604680768222096e+01 4.7877127980113626e-01
1397 3.4569748270380593e+01 4.7828797302508919e-01
1398 3.4506460415944410e+01 4.7741235717221575e-01
1399 3.4582562427628908e+01 4.7846526263820366e-01
1400 3.4425963216712567e+01 4.7629864231511965e-01
1401 3.4578985162245530e+01 4.7841576956709980e-01
1402 3.4378527026364644e+01 4.7564234134491618e-01
1403 3.4548137504223327e+01 4.7798897838214194e-01
1404 3.4369150109764810e+01 4.7551260749789243e-01
1405 3.4491109725307304e+01 4.7719997348194609e-01
1406 3.4391161444447455e+01 4.7581714418605686e-01
1407 3.4420231959467337e+01 4.7621934780046871e-01
1408 3.4428823003045565e+01 4.7633820874174787e-01
1409 3.4354220380826504e+01 4.7530604800154125e-01
1410 3.4462956735983106e+01 4.7681046424707541e-01
1411 3.4311335482959173e+01 4.7471271620421579e-01
1412 3.4477759966192096e+01 4.7701527357676754e-01
1413 3.4303171352814800e+01 4.7459976180177921e-01
1414 3.4466406093239577e+01 4.7685818765187243e-01
1415 3.4331055622557820e+01 4.7498555318071439e-01
1416 3.4433313148650882e+01 4.7640033192017994e-01
1417 3.4385946885632464e+01 4.7574499842594498e-01
1418 3.4392265083453459e+01 4.7583241352672445e-01
1419 3.4451683544092965e+01 4.7665449458086651e-01
1420 3.4361299327541154e+01 4.7540398840448611e-01
1421 3.4510547967829240e+01 4.7746891028594801e-01
1422 3.4356456010072030e+01 4.7533697893490862e-01
1423 3.4549358966764920e+01 4.7800587786427229e-01
1424 3.4386595365912207e+01 4.7575397044148060e-01
1425 3.4563958276580472e+01 4.7820786586385594e-01
1426 3.4450771855489016e+01 4.7664188096010762e-01
1427 3.4560393484341688e+01 4.7815854536430219e-01
1428 3.4538661695930251e+01 4.7785787632418592e-01
1429 3.4552283140177231e+01 4.7804633511502254e-01
1430 3.4633553294274400e+01 4.7917074414937688e-01
1431 3.4555091010360975e+01 4.7808518325843963e-01
1432 3.4716335406106033e+01 4.8031607179715186e-01
1433 3.4578417746509423e+01 4.7840791911588559e-01
1434 3.4767649359128797e+01 4.8102602335326977e-01
1435 3.4616513355590214e+01 4.7893498895469083e-01
1436 3.4764204553309490e+01 4.8097836291964746e-01
1437 3.4635592060425139e+01 4.7919895139352814e-01
1438 3.4665272190007961e+01 4.7960958929885106e-01
1439 3.4556289748398903e+01 4.7810176833686902e-01
1440 3.4389146605426994e+01 4.7578926798448512e-01
1441 3.4235175629786283e+01 4.7365901047529213e-01
1442 3.3791464923509153e+01 4.6752007383464983e-01
1443 3.3465894848247252e+01 4.6301566581418246e-01
1444 3.2679664085128735e+01 4.5213781055527913e-01
1445 3.2042508551793929e+01 4.4332247796572916e-01
1446 3.0911446252095772e+01 4.2767372372960893e-01
1447 2.9915138699108127e+01 4.1388936185630215e-01
1448 2.8575041523064840e+01 3.9534851634671658e-01
1449 2.7368862328543511e+01 3.7866048617824322e-01
1450 2.6120167122534252e+01 3.6138422792096148e-01
1451 2.5043732201810656e+01 3.4649126797518620e-01
1452 2.4263141729050105e+01 3.3569144866324679e-01
1453 2.3697148598262675e+01 3.2786067983169054e-01
1454 2.3667317718310464e+01 3.2744795622739042e-01
1455 2.3822850038419237e+01 3.2959981563761503e-01
1456 2.4532566808316467e+01 3.3941906548118134e-01
1457 2.5224353550151537e+01 3.4899024534428197e-01
1458 2.6152037569421651e+01 3.6182516984862478e-01
1459 2.6668986105982711e+01 3.6897738472089564e-01
1460 2.6908450613014320e+01 3.7229048358362971e-01
1461 2.6559073914678340e+01 3.6745670025485472e-01
1462 2.5825771621017122e+01 3.5731113411110649e-01
1463 2.4981783259026301e+01 3.4563417656556311e-01
1464 2.4163097381129184e+01 3.3430729023647832e-01
1465 2.3871136157965068e+01 3.3026787575949362e-01
1466 2.3849596930196736e+01 3.2996987088224472e-01
1467 2.4457746787432889e+01 3.3838389693294046e-01
1468 2.5001203806015063e+01 3.4590286854392654e-01
1469 2.5616857292886731e+01 3.5442071067626196e-01
1470 2.5572161704543724e+01 3.5380232716404947e-01
1471 2.5186331642407140e+01 3.4846419519652327e-01
1472 2.4386224035899765e+01 3.3739434758510028e-01
1473 2.3712809026952609e+01 3.2807734888684909e-01
1474 2.3429187827858268e+01 3.2415332238365335e-01
1475 2.3568634124836702e+01 3.2608262444874286e-01
1476 2.4172551408447170e+01 3.3443809094487448e-01
1477 2.4589987740109375e+01 3.4021350982777127e-01
1478 2.4820593974597642e+01 3.4340405051663259e-01
1479 2.4306247769402557e+01 3.3628784006604384e-01
1480 2.3717368314607405e+01 3.2814042867654830e-01
1481 2.3052744519176631e+01 3.1894506036045361e-01
1482 2.2994726919343705e+01 3.1814236084390418e-01
1483 2.3280871185679437e+01 3.2210129511406571e-01
1484 2.3812903928794270e+01 3.2946220674978621e-01
1485 2.4066555857169938e+01 3.3297159495035489e-01
1486 2.3759773019181115e+01 3.2872711678427352e-01
1487 2.3191353821812964e+01 3.2086278223339981e-01
1488 2.2565551824779970e+01 3.1220453091103145e-01
1489 2.2554514755922298e+01 3.1205182811288590e-01
1490 2.2792420339770906e+01 3.1534335857415324e-01
1491 2.3348156936348342e+01 3.2303222365451090e-01
1492 2.3337309027762306e+01 3.2288213797356824e-01
1493 2.3017618697188023e+01 3.1845907885811892e-01
1494 2.2336152637765537e+01 3.0903069026537239e-01
1495 2.2049276992771073e+01 3.0506163704341915e-01
1496 2.2182151610209306e+01 3.0690001697444885e-01
1497 2.2603659142936415e+01 3.1273176275015030e-01
1498 2.2855801672927413e+01 3.1622026774705070e-01
1499 2.2518077203726310e+01 3.1154769823477668e-01
1500 2.2017531004211850e+01 3.0462241705254989e-01
1501 2.1556190169835997e+01 2.9823955968195148e-01
1502 2.1755003011786741e+01 3.0099022452464147e-01
1503 2.2053031717625007e+01 3.0511358534589472e-01
1504 2.2339956066427948e+01 3.0908331240688358e-01
1505 2.1958410001842136e+01 3.0380445146699053e-01
1506 2.1475313582630214e+01 2.9712059582206757e-01
1507 2.1143525072907146e+01 2.9253015297165119e-01
1508 2.1341428190897737e+01 2.9526823137531044e-01
1509 2.1716539250673740e+01 3.0045806113734191e-01
1510 2.1732284921272331e+01 3.0067590955254064e-01
1511 2.1371568357839326e+01 2.9568523410383424e-01
1512 2.0820375057541536e+01 2.8805922756532798e-01
1513 2.0816725653195235e+01 2.8800873641931529e-01
1514 2.1029264263610230e+01 2.9094930342518077e-01
1515 2.1371644204922724e+01 2.9568628348225307e-01
1516 2.1066243654501278e+01 2.9146092988466926e-01
1517 2.0653008426762746e+01 2.8574363515889400e-01
1518 2.0320901439435023e+01 2.8114878602796928e-01
1519 2.0554417592522046e+01 2.8437958674584152e-01
1520 2.0834654033157761e+01 2.8825678359758322e-01
1521 2.0773390648582932e+01 2.8740917719328501e-01
1522 2.0342698586694720e+01 2.8145035933706686e-01
1523 1.9960037200152900e+01 2.7615606741765275e-01
1524 2.0115680277760386e+01 2.7830945920755051e-01
1525 2.0349931074889700e+01 2.8155042405526065e-01
1526 2.0433851512505775e+01 2.8271150095084108e-01
1527 1.9938952675672830e+01 2.7586435356434674e-01
1528 1.9664807981685794e+01 2.7207143875984446e-01
1529 1.9656128692322589e+01 2.7195135689854893e-01
1530 2.0013823070368925e+01 2.7690021905687812e-01
1531 1.9962579602645476e+01 2.7619124269649126e-01
1532 1.9596947157223909e+01 2.7113255381553336e-01
1533 1.9256201163381377e+01 2.6641818015458885e-01
1534 1.9337693776605200e+01 2.6754566701074090e-01
1535 1.9639949634827662e+01 2.7172751238125070e-01
1536 1.9531763343905396e+01 2.7023070652112102e-01
1537 1.9188424709634688e+01 2.6548046251696555e-01
1538 1.8853852485282445e+01 2.6085150572606419e-01
1539 1.9090677307794625e+01 2.6412808336948390e-01
1540 1.9229734510652555e+01 2.6605200214289437e-01
1541 1.9149504725806445e+01 2.6494198708376931e-01
1542 1.8668560674181865e+01 2.5828791040982707e-01
1543 1.8589821783863215e+01 2.5719852254520614e-01
1544 1.8766836246951517e+01 2.5964759703902213e-01
1545 1.8916776295996797e+01 2.6172208487076015e-01
1546 1.8619861638202007e+01 2.5761413740387668e-01
1547 1.8260448334241794e+01 2.5264149313453244e-01
1548 1.8312319257013488e+01 2.5335915061694669e-01
1549 1.8504756815877965e+01 2.5602161055860750e-01
1550 1.8513007979441372e+01 2.5613576910743391e-01
1551 1.8072422570989904e+01 2.5004007236401171e-01
1552 1.7947500101651389e+01 2.4831171396874968e-01
1553 1.8048291446302880e+01 2.4970620743033903e-01
1554 1.8258823422979926e+01 2.5261901175839674e-01
1555 1.7942114502491005e+01 2.4823720178874192e-01
1556 1.7663509175128812e+01 2.4438257212074904e-01
1557 1.7648854352493515e+01 2.4417981607640479e-01
1558 1.7884852674776553e+01 2.4744495871844099e-01
1559 1.7795017569921491e+01 2.4620204974868032e-01
1560 1.7426509466220402e+01 2.4110357484559500e-01
1561 1.7325333998356253e+01 2.3970376686706624e-01
1562 1.7472814682846934e+01 2.4174422828708295e-01
1563 1.7586029533515699e+01 2.4331060652678499e-01
1564 1.7215762585987122e+01 2.3818779723044525e-01
1565 1.7045449840334708e+01 2.3583144400330230e-01
1566 1.7092096368798934e+01 2.3647681964715470e-01
1567 1.7304719291937396e+01 2.3941855315736646e-01
1568 1.7021056320828841e+01 2.3549394871961793e-01
1569 1.6774577359037643e+01 2.3208380172906415e-01
1570 1.6767837157118734e+01 2.3199054801230692e-01
1571 1.6973550717517604e+01 2.3483668738993296e-01
1572 1.6827610801795306e+01 2.3281754319691389e-01
1573 1.6502919466113461e+01 2.2832529293268108e-01
1574 1.6484778734681491e+01 2.2807430777658658e-01
1575 1.6633527349603959e+01 2.3013231158283684e-01
1576 1.6613532493189101e+01 2.2985567377596616e-01
1577 1.6241330373636746e+01 2.2470609050668716e-01
1578 1.6211664368147449e+01 2.2429564801453331e-01
1579 1.6320712223363859e+01 2.2580437400311326e-01
1580 1.6362722859021112e+01 2.2638560999062604e-01
1581 1.6000355637690721e+01 2.2137209694953328e-01
1582 1.5928074730794370e+01 2.2037205818218444e-01
1583 1.6048023347514434e+01 2.2203160109552864e-01
1584 1.6078531611518734e+01 2.2245369661201908e-01
1585 1.5774543396097480e+01 2.1824788330264305e-01
1586 1.5637196409698280e+01 2.1634762614102923e-01
1587 1.5803206448138642e+01 2.1864444948398334e-01
1588 1.5782777772304213e+01 2.1836180959086016e-01
1589 1.5543758938888242e+01 2.1505487682249819e-01
1590 1.5358326312292855e+01 2.1248933326072988e-01
1591 1.5562470437668683e+01 2.1531375880086731e-01
1592 1.5499842253041379e+01 2.1444726977568401e-01
1593 1.5288310954909203e+01 2.1152063938706503e-01
1594 1.5108575853413157e+01 2.0903392364057932e-01
1595 1.5309577977697590e+01 2.1181487818632325e-01
1596 1.5239414078845805e+01 2.1084412917482087e-01
1597 1.5004740607615259e+01 2.0759731644133658e-01
1598 1.4889469192299572e+01 2.0600248470730537e-01
1599 1.5046470750930343e+01 2.0817467169148512e-01
1600 1.4990867876555349e+01 2.0740538098473241e-01
1601 1.4709212291545448e+01 2.0350854963403950e-01
1602 1.4687131442884317e+01 2.0320305118880333e-01
1603 1.4787942453363700e+01 2.0459781673594235e-01
1604 1.4732243877603242e+01 2.0382720195759643e-01
1605 1.4426553477325362e+01 1.9959783815724133e-01
1606 1.4483869701445713e+01 2.0039083382621653e-01
1607 1.4546109112305512e+01 2.0125194399194818e-01
1608 1.4447104875047959e+01 1.9988217596273225e-01
1609 1.4174917059210559e+01 1.9611633544515641e-01
1610 1.4271207810319293e+01 1.9744856117641288e-01
1611 1.4317831313885307e+01 1.9809361826047106e-01
1612 1.4137526838269588e+01 1.9559902496765608e-01
1613 1.3957325528177673e+01 1.9310585901613617e-01
1614 1.4053493696440555e+01 1.9443638875873770e-01
1615 1.4084372035891052e+01 1.9486360443501766e-01
1616 1.3824419207999776e+01 1.9126704046348345e-01
1617 1.3763855671159074e+01 1.9042911676649232e-01
1618 1.3839234849583585e+01 1.9147202151011311e-01
1619 1.3823643749796521e+01 1.9125631165142210e-01
1620 1.3536167553145148e+01 1.8727894952792773e-01
1621 1.3580318177897466e+01 1.8788979322442842e-01
1622 1.3628370691398752e+01 1.8855462130190048e-01
1623 1.3527424400621751e+01 1.8715798409116613e-01
1624 1.3294140746500135e+01 1.8393040010076397e-01
1625 1.3395429310338269e+01 1.8533177281282018e-01
1626 1.3407356135084749e+01 1.8549678578277307e-01
1627 1.3211925184002258e+01 1.8279291091713809e-01
1628 1.3102766678478604e+01 1.8128265403192700e-01
1629 1.3200927086860659e+01 1.8264074731016455e-01
1630 1.3157856303280095e+01 1.8204484370062046e-01
1631 1.2913259072032481e+01 1.7866073129615712e-01
1632 1.2946786367587292e+01 1.7912459646828691e-01
1633 1.2987479865653386e+01 1.7968760926644514e-01
1634 1.2874348140143919e+01 1.7812238110060644e-01
1635 1.2668726019378134e+01 1.7527750683131790e-01
1636 1.2795216636970672e+01 1.7702756126104199e-01
1637 1.2745646067961756e+01 1.7634173020472249e-01
1638 1.2577177843532517e+01 1.7401089675603248e-01
1639 1.2493370224465055e+01 1.7285138075567505e-01
1640 1.2611752574676814e+01 1.7448925366935319e-01
1641 1.2476098571310533e+01 1.7261241968736010e-01
1642 1.2307096530539438e+01 1.7027420065014578e-01
1643 1.2364281025436130e+01 1.7106537378622663e-01
1644 1.2371979156648962e+01 1.7117188088442906e-01
1645 1.2199777458497648e+01 1.6878939315220459e-01
1646 1.2098972968619222e+01 1.6739471782050452e-01
1647 1.2225095286135296e+01 1.6913967665347568e-01
1648 1.2083176331080962e+01 1.6717616425483509e-01
1649 1.1952628966400189e+01 1.6536998290955662e-01
1650 1.1950293147420835e+01 1.6533766580628323e-01
1651 1.2018436373067312e+01 1.6628045789764970e-01
1652 1.1790839142419621e+01 1.6313154812656305e-01
1653 1.1760525226759128e+01 1.6271214150658100e-01
1654 1.1811343570064109e+01 1.6341523607995564e-01
1655 1.1733342797520118e+01 1.6233606040581802e-01
1656 1.1554368180887828e+01 1.5985986630852561e-01
1657 1.1609879047268972e+01 1.6062788404341471e-01
1658 1.1618404312951579e+01 1.6074583491800434e-01
1659 1.1426347359385701e+01 1.5808864082136401e-01
1660 1.1399243792720450e+01 1.5771365081968150e-01
1661 1.1445010841264965e+01 1.5834685846436813e-01
1662 1.1355251097243706e+01 1.5710499214554502e-01
1663 1.1181681756027658e+01 1.5470358245808566e-01
1664 1.1282562595737293e+01 1.5609931412394598e-01
1665 1.1215272060720404e+01 1.5516831938990053e-01
1666 1.1079271638436293e+01 1.5328669254679861e-01
1667 1.1033593436099652e+01 1.5265471412924847e-01
1668 1.1116075610070645e+01 1.5379589200218921e-01
1669 1.0939589863110140e+01 1.5135413253314839e-01
1670 1.0867032971799059e+01 1.5035027539763340e-01
1671 1.0922548292210902e+01 1.5111835475603499e-01
1672 1.0853888736263771e+01 1.5016841900336733e-01
1673 1.0701617802448421e+01 1.4806168233535458e-01
1674 1.0726182901392320e+01 1.4840155149752332e-01
1675 1.0747222489521320e+01 1.4869264363625675e-01
1676 1.0559362635383000e+01 1.4609351829273812e-01
1677 1.0554970745033049e+01 1.4603275451983480e-01
1678 1.0575207595168463e+01 1.4631274041837178e-01
1679 1.0485211137846397e+01 1.4506759906485805e-01
1680 1.0343899004116599e+01 1.4311248231142237e-01
1681 1.0443452923242415e+01 1.4448985543583667e-01
1682 1.0343097821893197e+01 1.4310139759600421e-01
1683 1.0229813548526620e+01 1.4153405886213949e-01
1684 1.0228639907339696e+01 1.4151782100990054e-01
1685 1.0253768195382124e+01 1.4186548214585681e-01
1686 1.0081016941716021e+01 1.3947539106659096e-01
1687 1.0064955416730941e+01 1.3925317266428375e-01
1688 1.0105548199896685e+01 1.3981479202662159e-01
1689 9.9739052312982057e+00 1.3799345250972617e-01
1690 9.9003559529921610e+00 1.3697586525501662e-01
1691 9.9400285324276680e+00 1.3752475318600405e-01
1692 9.8823926160072855e+00 1.3672733443066509e-01
1693 9.7290184777030451e+00 1.3460533443372391e-01
1694 9.7998284507877571e+00 1.3558502217202503e-01
1695 9.7394007542984617e+00 1.3474897788722462e-01
1696 9.6283905548681457e+00 1.3321310198626735e-01
1697 9.5985485638091053e+00 1.3280022465482058e-01
1698 9.6467962560397265e+00 1.3346775311755729e-01
1699 9.4793852717548823e+00 1.3115154706047305e-01
1700 9.4623932824757393e+00 1.3091645526731271e-01
1701 9.4860598525322004e+00 1.3124389287930305e-01
1702 9.3864852043807989e+00 1.2986623295952210e-01
1703 9.2961959566971313e+00 1.2861704072002922e-01
1704 9.3460982355545799e+00 1.2930746113088631e-01
1705 9.2750466368716395e+00 1.2832443039405642e-01
1706 9.1495411305048719e+00 1.2658800541999665e-01
1707 9.2047746612040644e+00 1.2735218609133148e-01
1708 9.1448631126785731e+00 1.2652328294512016e-01
1709 9.0406918893825789e+00 1.2508202734649396e-01
1710 9.0254276693424202e+00 1.2487084001571806e-01
1711 9.0538176827077006e+00 1.2526362858451043e-01
1712 8.8894029775301107e+00 1.2298887739280782e-01
1713 8.9050928851142270e+00 1.2320595430168968e-01
1714 8.8973479379624294e+00 1.2309879948397312e-01
1715 8.8028611960714791e+00 1.2179153302940400e-01
1716 8.7328211421373023e+00 1.2082249746788540e-01
1717 8.7888978742898249e+00 1.2159834420953150e-01
1718 8.6718090856175323e+00 1.1997836829995807e-01
1719 8.6068508095857013e+00 1.1907964141506813e-01
1720 8.6450851871472842e+00 1.1960863117804751e-01
1721 8.5632285704998381e+00 1.1847610817126174e-01
1722 8.4766398306159836e+00 1.1727811411698251e-01
1723 8.4996289194147980e+00 1.1759617847190001e-01
1724 8.4635164294565222e+00 1.1709654597565093e-01
1725 8.3326176034214257e+00 1.1528550200489306e-01
1726 8.3832282023499491e+00 1.1598572234163902e-01
1727 8.3253306671530769e+00 1.1518468397318243e-01
1728 8.2366040127935332e+00 1.1395711091320491e-01
1729 8.2201282784807308e+00 1.1372916173906175e-01
1730 8.2358434692825568e+00 1.1394658845260100e-01
1731 8.0932725102153533e+00 1.1197405528599645e-01
1732 8.1098755776734741e+00 1.1220376617131833e-01
1733 8.0965264235759857e+00 1.1201907463683129e-01
1734 7.9959016610908300e+00 1.1062688591423095e-01
1735 7.9656133022729243e+00 1.1020783288462921e-01
1736 7.9858951209141953e+00 1.1048844094261462e-01
1737 7.8789765610840039e+00 1.0900917471076418e-01
1738 7.8367296007857599e+00 1.0842466906584368e-01
1739 7.8714034555848098e+00 1.0890439739938822e-01
1740 7.7572185014646360e+00 1.0732459734331162e-01
1741 7.7266749937481274e+00 1.0690201421425477e-01
1742 7.7327211362978447e+00 1.0698566530833008e-01
1743 7.6674840118133005e+00 1.0608308043002386e-01
1744 7.5817260763307077e+00 1.0489658092728003e-01
1745 7.6375921036883154e+00 1.0566951247358025e-01
1746 7.5319110569587258e+00 1.0420736779054322e-01
1747 7.4876776104419474e+00 1.0359537821778286e-01
1748 7.4945094925708888e+00 1.0368990037136758e-01
1749 7.4438386258066362e+00 1.0298884620208212e-01
1750 7.3521065894719833e+00 1.0171969233446324e-01
1751 7.3925181320627944e+00 1.0227880415215433e-01
1752 7.3217714570646724e+00 1.0129999217127253e-01
1753 7.2458377621814529e+00 1.0024941544372609e-01
1754 7.2722378270997856e+00 1.0061467218319557e-01
1755 7.2119783337771901e+00 9.9780955064651289e-02
1756 7.1381757314082863e+00 9.8759862957907660e-02
1757 7.1485013864470197e+00 9.8902723026774969e-02
1758 7.1153093305447443e+00 9.8443496045604359e-02
1759 7.0118668388803824e+00 9.7012322775962626e-02
1760 7.0537084827482595e+00 9.7591220686270852e-02
1761 6.9865706592090726e+00 9.6662338784015672e-02
1762 6.9238768064437872e+00 9.5794941210689002e-02
1763 6.9204137344655834e+00 9.5747028056565334e-02
1764 6.9001946300870127e+00 9.5467287678533866e-02
1765 6.7954180453946389e+00 9.4017656633463620e-02
1766 6.8298349504070544e+00 9.4493829951459371e-02
1767 6.7758984789951606e+00 9.3747594677139390e-02
1768 6.7026183488649362e+00 9.2733731208164416e-02
1769 6.7113949443743932e+00 9.2855159343638458e-02
1770 6.6763572968905471e+00 9.2370397775126400e-02
1771 6.5938548346612373e+00 9.1228939205031903e-02
1772 6.6048068401712561e+00 9.1380465113608866e-02
1773 6.5743712108152987e+00 9.0959374530057341e-02
1774 6.4819563032441225e+00 8.9680772832590253e-02
1775 6.5116134739966602e+00 9.0091093092198385e-02
1776 6.4550825961439307e+00 8.9308963041090164e-02
1777 6.3954126968544802e+00 8.8483403220447357e-02
1778 6.3904092396670462e+00 8.8414178146038983e-02
1779 6.3701151901398960e+00 8.8133400868261477e-02
1780 6.2735902162046218e+00 8.6797934559142947e-02
1781 6.3095236319949315e+00 8.7295089483957380e-02
1782 6.2464832597504998e+00 8.6422897658210984e-02
1783 6.1917143750769990e+00 8.5665145573051091e-02
1784 6.1929096174131235e+00 8.5681682286878086e-02
1785 6.1579633379645422e+00 8.5198184836115590e-02
1786 6.0810790651336095e+00 8.4134456436296093e-02
1787 6.1032117118310687e+00 8.4440671530598019e-02
1788 6.0498791772977221e+00 8.3702791993878894e-02
1789 5.9860118149136374e+00 8.2819158388617295e-02
1790 6.0069387544356649e+00 8.3108691983346555e-02
1791 5.9441913436346026e+00 8.2240553410572320e-02
1792 5.8975864919205989e+00 8.1595754383252700e-02
1793 5.9004470725983325e+00 8.1635331799996588e-02
1794 5.8560069569325677e+00 8.1020482866861865e-02
1795 5.7890027590103772e+00 8.0093449734953456e-02
1796 5.8211146987571247e+00 8.0537732824643618e-02
1797 5.7392995507736950e+00 7.9405783555424603e-02
1798 5.7140544259261468e+00 7.9056505929864213e-02
1799 5.7088565854562541e+00 7.8984591475555532e-02
1800 5.6574242001739101e+00 7.8273001356005414e-02
1801 5.6078687700450800e+00 7.7587379752882185e-02
1802 5.6286166028028957e+00 7.7874435325193128e-02
1803 5.5479981363397544e+00 7.6759042681559558e-02
1804 5.5285112246297441e+00 7.6489432517510850e-02
1805 5.5275156720129131e+00 7.6475658600517887e-02
1806 5.4563879691454931e+00 7.5491574928160429e-02
1807 5.4399375543806254e+00 7.5263976061319612e-02
1808 5.4321437211230483e+00 7.5156144882402534e-02
1809 5.3665093389337484e+00 7.4248063765567460e-02
1810 5.3469845693033884e+00 7.3977929820210162e-02
1811 5.3478319872400366e+00 7.3989654227459373e-02
1812 5.2628105624694221e+00 7.2813344680765793e-02
1813 5.2757375004370912e+00 7.2992194665718532e-02
1814 5.2394026881102063e+00 7.2489486239780632e-02
1815 5.1883928062326294e+00 7.1783741644342564e-02
1816 5.1758474930374003e+00 7.1610171609288190e-02
1817 5.1619419863360525e+00 7.1417782686983733e-02
1818 5.0853787761398150e+00 7.0358496332722731e-02
1819 5.1072145861306337e+00 7.0660604558046944e-02
1820 5.0553274720049952e+00 6.9942723060988546e-02
1821 5.0121212204798509e+00 6.9344945191669213e-02
1822 5.0141650609728190e+00 6.9373222641621199e-02
1823 4.9704989343661348e+00 6.8769082194279213e-02
1824 4.9247278086260060e+00 6.8135818139762508e-02
1825 4.9331169403931927e+00 6.8251885540571613e-02
1826 4.8790914215169794e+00 6.7504418254641957e-02
1827 4.8424964885148452e+00 6.6998110942489031e-02
1828 4.8534394467813824e+00 6.7149511678394447e-02
1829 4.7828288518369657e+00 6.6172582426092169e-02
1830 4.7736743996374864e+00 6.6045926473830133e-02
1831 4.7574920723490726e+00 6.5822036717472387e-02
1832 4.7076429732935052e+00 6.5132352073027283e-02
1833 4.6845762554730612e+00 6.4813213685776291e-02
1834 4.6847764885159178e+00 6.4815983999735524e-02
1835 4.6098349600044815e+00 6.3779134338962970e-02
1836 4.6227961824983890e+00 6.3958458665713994e-02
1837 4.5848177361415470e+00 6.3433009825746026e-02
1838 4.5410261915596921e+00 6.2827134164463325e-02
1839 4.5366362688087056e+00 6.2766397614174213e-02
1840 4.5072611038830868e+00 6.2359979031670683e-02
1841 4.4560734628012915e+00 6.1651775057911223e-02
1842 4.4661705702811592e+00 6.1791473068790292e-02
1843 4.4174837429714158e+00 6.1117868975266956e-02
1844 4.3832067612004852e+00 6.0643631558077463e-02
1845 4.3895034479107515e+00 6.0730749042991507e-02
1846 4.3302262101780293e+00 5.9910621871108058e-02
1847 4.3166088013627455e+00 5.9722218912278982e-02
1848 4.3035324129188490e+00 5.9541301212954027e-02
1849 4.2569060903150939e+00 5.8896205126244272e-02
1850 4.2369152008695536e+00 5.8619622204173404e-02
1851 4.2337155910201467e+00 5.8575354166773341e-02
1852 4.1670280528442767e+00 5.7652702164487910e-02
1853 4.1799527257958795e+00 5.7831520811927432e-02
1854 4.1394281787109950e+00 5.7270845526374486e-02
1855 4.1051109725518167e+00 5.6796051586731580e-02
1856 4.0981282684564446e+00 5.6699442743592531e-02
1857 4.0687852882052118e+00 5.6293469450495050e-02
1858 4.0248711753014170e+00 5.5685898001502268e-02
1859 4.0351937145502523e+00 5.5828714962018799e-02
1860 3.9812090424833553e+00 5.5081812810017214e-02
1861 3.9633526327404804e+00 5.4834761372019251e-02
1862 3.9574056403150202e+00 5.4752482064385245e-02
1863 3.9057185001013175e+00 5.4037367296093548e-02
1864 3.8982607177672479e+00 5.3934185532433419e-02
1865 3.8795841545173504e+00 5.3675786902799144e-02
1866 3.8356037886116710e+00 5.3067298813808568e-02
1867 3.8285122160077134e+00 5.2969183726022023e-02
1868 3.8087006097120191e+00 5.2695081266743847e-02
1869 3.7586835885246530e+00 5.2003073344286541e-02
1870 3.7716699630499999e+00 5.2182745660674060e-02
1871 3.7217848119637691e+00 5.1492562220214172e-02
1872 3.7039343556436397e+00 5.1245593150490203e-02
1873 3.6930053083673764e+00 5.1094384879374788e-02
1874 3.6569689000410697e+00 5.0595805006629191e-02
1875 3.6318663924551240e+00 5.0248500554851742e-02
1876 3.6317974573269227e+00 5.0247546806433334e-02
1877 3.5764503080432419e+00 4.9481794171020312e-02
1878 3.5790898253213062e+00 4.9518313076475341e-02
1879 3.5520008424502576e+00 4.9143524848126965e-02
1880 3.5147624554500436e+00 4.8628315061299665e-02
1881 3.5138527527131314e+00 4.8615728915901962e-02
1882 3.4807855948702384e+00 4.8158229955403919e-02
1883 3.4516023229278185e+00 4.7754466298393458e-02
1884 3.4493604929044324e+00 4.7723449574483129e-02
1885 3.4108919915941223e+00 4.7191220604427667e-02
1886 3.3890236774999147e+00 4.6888662670253871e-02
1887 3.3876595702005350e+00 4.6869789633918572e-02
1888 3.3360290378678421e+00 4.6155458061051202e-02
1889 3.3391569969393808e+00 4.6198734777801655e-02
1890 3.3101654249327384e+00 4.5797623375386592e-02
1891 3.2809771970811799e+00 4.5393791151150303e-02
1892 3.2719692464399843e+00 4.5269162113658036e-02
1893 3.2494321535430144e+00 4.4957351324778051e-02
1894 3.2127270009631506e+00 4.4449519075330020e-02
1895 3.2204843243490422e+00 4.4556845123796422e-02
1896 3.1723406851946918e+00 4.3890756282041254e-02
1897 3.1652318156355888e+00 4.3792401883122001e-02
1898 3.1494590349757425e+00 4.3574178388066036e-02
1899 3.1137709317854507e+00 4.3080417473103871e-02
1900 3.1061630543119318e+00 4.2975159075866708e-02
1901 3.0868079620932827e+00 4.2707372693606499e-02
1902 3.0518309780454036e+00 4.2223450430940661e-02
1903 3.0517294103959629e+00 4.2222045196954112e-02
1904 3.0203214144265842e+00 4.1787501485166509e-02
1905 2.9955237549139948e+00 4.1444414743218645e-02
1906 2.9958570908404245e+00 4.1449026595273261e-02
1907 2.9521766146402122e+00 4.0844687614868529e-02
1908 2.9486612157420780e+00 4.0796050494337224e-02
1909 2.9279615206915488e+00 4.0509660928797993e-02
1910 2.8990938077689927e+00 4.0110263172366267e-02
1911 2.8897312520054017e+00 3.9980728013953235e-02
1912 2.8717343672511149e+00 3.9731733041164584e-02
1913 2.8369238604798173e+00 3.9250114066290955e-02
1914 2.8434083570894582e+00 3.9339829985401961e-02
1915 2.8012529012660488e+00 3.8756590345933643e-02
1916 2.7938983178718932e+00 3.8654836385895452e-02
1917 2.7787571022369058e+00 3.8445350876236746e-02
1918 2.7483731185558935e+00 3.8024974833762923e-02
1919 2.7396030408723071e+00 3.7903636875333269e-02
1920 2.7227299013215176e+00 3.7670189421472836e-02
1921 2.6911244154767870e+00 3.7232913348678828e-02
1922 2.6914961110048301e+00 3.7238055923027355e-02
1923 2.6606578899291353e+00 3.6811395302457230e-02
1924 2.6423195426695072e+00 3.6557676042749662e-02
1925 2.6383114733027799e+00 3.6502222605305966e-02
1926 2.6010288274472559e+00 3.5986400477363858e-02
1927 2.5986062040669990e+00 3.5952882396269266e-02
1928 2.5771105810624628e+00 3.5655480810485661e-02
1929 2.5530733923894684e+00 3.5322915523700552e-02
1930 2.5455733329021033e+00 3.5219148836661850e-02
1931 2.5248244003599338e+00 3.4932078048341079e-02
1932 2.4990982767903511e+00 3.4576145589717104e-02
1933 2.5014022312268938e+00 3.4608021832748359e-02
1934 2.4620935351434201e+00 3.4064168391150333e-02
1935 2.4612654798971141e+00 3.4052711875406837e-02
1936 2.4402341174896542e+00 3.3761733543220408e-02
1937 2.4174547604479635e+00 3.3446570921234521e-02
1938 2.4101416205694290e+00 3.3345390350823775e-02
1939 2.3898550713573035e+00 3.3064716843268768e-02
1940 2.3669454718296912e+00 3.2747752258071992e-02
1941 2.3657671813022096e+00 3.2731450080121023e-02
1942 2.3329947070245356e+00 3.2278028198923364e-02
1943 2.3264654982101978e+00 3.2187693666405441e-02
1944 2.3124296109060860e+00 3.1993500869981636e-02
1945 2.2845119831580591e+00 3.1607247968084937e-02
1946 2.2838755686538592e+00 3.1598442887965844e-02
1947 2.2576917962105090e+00 3.1236178651902251e-02
1948 2.2430228267323247e+00 3.1033226879641329e-02
1949 2.2345639747375095e+00 3.0916194868211098e-02
1950 2.2101161638085536e+00 3.0577948438336756e-02
1951 2.1979574388474785e+00 3.0409727024899833e-02
1952 2.1895251122868613e+00 3.0293062004749287e-02
1953 2.1585071286109034e+00 2.9863914287974899e-02
1954 2.1621112591589169e+00 2.9913779050681433e-02
1955 2.1328488979335254e+00 2.9508921157966831e-02
1956 2.1227924581814213e+00 2.9369785803342225e-02
1957 2.1118376392298357e+00 2.9218220969539258e-02
1958 2.0896176447942554e+00 2.8910797380102011e-02
1959 2.0789700604578556e+00 2.8763483275005278e-02
1960 2.0684048445693723e+00 2.8617308774330517e-02
1961 2.0419482355730785e+00 2.8251269722180502e-02
1962 2.0425553234676150e+00 2.8259669055500921e-02
1963 2.0168483388884613e+00 2.7904001393394013e-02
1964 2.0052436839148404e+00 2.7743445786752693e-02
1965 1.9976791470156716e+00 2.7638787025801376e-02
1966 1.9718877639635921e+00 2.7281951672965963e-02
1967 1.9683737982057559e+00 2.7233334380573494e-02
1968 1.9504142439922472e+00 2.6984855892560521e-02
1969 1.9329978514059483e+00 2.6743892289286406e-02
1970 1.9272459663451618e+00 2.6664312379554925e-02
1971 1.9071159715417374e+00 2.6385804872464263e-02
1972 1.8932787313322430e+00 2.6194360447694447e-02
1973 1.8886188486231636e+00 2.6129888880298921e-02
1974 1.8605299748220754e+00 2.5741266712448460e-02
1975 1.8623253349692506e+00 2.5766106325364534e-02
1976 1.8391234409228698e+00 2.5445097714396594e-02
1977 1.8281879240207450e+00 2.5293799933105536e-02
1978 1.8192234675625860e+00 2.5169772657144197e-02
1979 1.8006366523671047e+00 2.4912615732097812e-02
1980 1.7896038918366513e+00 2.4759972541591766e-02
1981 1.7818543997140406e+00 2.4652754842165440e-02
1982 1.7579729912914921e+00 2.4322344845017975e-02
1983 1.7585547851353249e+00 2.4330394223801670e-02
1984 1.7361020935876410e+00 2.4019751165445927e-02
1985 1.7264417489193999e+00 2.3886095963968641e-02
1986 1.7187311741379376e+00 2.3779416703412850e-02
1987 1.6975476314616080e+00 2.3486332888948597e-02
1988 1.6935315900137982e+00 2.3430769154187372e-02
1989 1.6781412026838354e+00 2.3217836242366726e-02
1990 1.6631641062688582e+00 2.3010621395729895e-02
1991 1.6581961954662239e+00 2.2941888121498992e-02
1992 1.6397602599367604e+00 2.2686818684306609e-02
1993 1.6297040572093535e+00 2.2547686609025001e-02
1994 1.6232084233184714e+00 2.2457816600632577e-02
1995 1.6007055132495389e+00 2.2146478746510646e-02
1996 1.6018815521196514e+00 2.2162749771771968e-02
1997 1.5804857827449812e+00 2.1866729705745300e-02
1998 1.5732465077398210e+00 2.1766571088988582e-02
1999 1.5636474121134816e+00 2.1633763295478278e-02
2000 1.5478208531574265e+00 2.1414795753572878e-02
