# step 1
# iter abs_residual rel_residual
0 7.2278104865846586e+01 1.0000000000000000e+00
1 1.1546600861374977e+03 1.5975240195915910e+01
2 1.1527745212176339e+03 1.5949152559509788e+01
3 1.1585072720811995e+03 1.6028467739040380e+01
4 1.2484330970662675e+03 1.7272631862490723e+01
5 1.4402468346343892e+03 1.9926460956711470e+01
6 1.2677694538271467e+03 1.7540159031289196e+01
7 1.4124522130195976e+03 1.9541909899840505e+01
8 1.3004236603879924e+03 1.7991944625577457e+01
9 1.3783981910462903e+03 1.9070757231456160e+01
10 1.3232324643114521e+03 1.8307514658380537e+01
11 1.3547601259471237e+03 1.8743713998335416e+01
12 1.3364428175034423e+03 1.8490285820083098e+01
13 1.3388396176553244e+03 1.8523446625230530e+01
14 1.3429152194676080e+03 1.8579834404349093e+01
15 1.3277325809240110e+03 1.8369775790170191e+01
16 1.3450051727494179e+03 1.8608749845417851e+01
17 1.3195692023761333e+03 1.8256831786408203e+01
18 1.3443069584353614e+03 1.8599089737210083e+01
19 1.3132163294697395e+03 1.8168936940269319e+01
20 1.3418458874598330e+03 1.8565039716389858e+01
21 1.3079856800742407e+03 1.8096568559758964e+01
22 1.3382737217512367e+03 1.8515617201573974e+01
23 1.3034526903345613e+03 1.8033852613510884e+01
24 1.3340055733957906e+03 1.8456565454667107e+01
25 1.2993510853111886e+03 1.7977105068303583e+01
26 1.3293075319972963e+03 1.8391565944688057e+01
27 1.2955114809386359e+03 1.7923982419616554e+01
28 1.3243513570126638e+03 1.8322995040763121e+01
29 1.2918249965163147e+03 1.7872978254120468e+01
30 1.3192485335202366e+03 1.8252395188956015e+01
31 1.2882212246140343e+03 1.7823118453438514e+01
32 1.3140716232937896e+03 1.8180770313953332e+01
33 1.2846546044813865e+03 1.7773772664153256e+01
34 1.3088677968927918e+03 1.8108773041602923e+01
35 1.2810958289431271e+03 1.7724535408349929e+01
36 1.3036675101298392e+03 1.8036824741732520e+01
37 1.2775263299658536e+03 1.7675149788958016e+01
38 1.2984901357303161e+03 1.7965193444687131e+01
39 1.2739346838621034e+03 1.7625457754137560e+01
40 1.2933476589213046e+03 1.7894044971459223e+01
41 1.2703142383687821e+03 1.7575367266844886e+01
42 1.2882471280015686e+03 1.7823476838423598e+01
43 1.2666615286057954e+03 1.7524830388909770e+01
44 1.2831922934637289e+03 1.7753540935327884e+01
45 1.2629752087399047e+03 1.7473828500125709e+01
46 1.2781847130489609e+03 1.7684258814219945e+01
47 1.2592553284049679e+03 1.7422362287199384e+01
48 1.2732245007417548e+03 1.7615632052126326e+01
49 1.2555028382783587e+03 1.7370444903178676e+01
50 1.2683108376859936e+03 1.7547649319805366e+01
51 1.2517192522233070e+03 1.7318097293040388e+01
52 1.2634423194692315e+03 1.7480291186580946e+01
53 1.2479064168627842e+03 1.7265345005641599e+01
54 1.2586171941788020e+03 1.7413533413955541e+01
55 1.2440663539091809e+03 1.7212216012280045e+01
56 1.2538335239662299e+03 1.7347349190926298e+01
57 1.2402011533676864e+03 1.7158739229114957e+01
58 1.2490892942249498e+03 1.7281710644507768e+01
59 1.2363129023457846e+03 1.7104943532214509e+01
60 1.2443824862358485e+03 1.7216589844815562e+01
61 1.2324036388438378e+03 1.7050857118227832e+01
62 1.2397111252414663e+03 1.7151959470194470e+01
63 1.2284753213145088e+03 1.6996507083225939e+01
64 1.2350733099349029e+03 1.7087793215210731e+01
65 1.2245298121545309e+03 1.6941919194302994e+01
66 1.2304672309105747e+03 1.7024066045926514e+01
67 1.2205688672036381e+03 1.6887117744289263e+01
68 1.2258911806678200e+03 1.6960754338304291e+01
69 1.2165941326643292e+03 1.6832125509134698e+01
70 1.2213435565444765e+03 1.6897835918794204e+01
71 1.2126071450135676e+03 1.6776963746687251e+01
72 1.2168228618979388e+03 1.6835290080674504e+01
73 1.2086093333597860e+03 1.6721652229303089e+01
74 1.2123277032839578e+03 1.6773097545019009e+01
75 1.2046020237669102e+03 1.6666209303671408e+01
76 1.2078567863336768e+03 1.6711240403654010e+01
77 1.2005864443566543e+03 1.6610651961406983e+01
78 1.2034089109102963e+03 1.6649702052148580e+01
79 1.1965637310968805e+03 1.6554995919134704e+01
80 1.1989829658861197e+03 1.6588467117552671e+01
81 1.1925349333546378e+03 1.6499255695318372e+01
82 1.1945779226433035e+03 1.6527521368477036e+01
83 1.1885010204051166e+03 1.6443444700314995e+01
84 1.1901928302489086e+03 1.6466851648337943e+01
85 1.1844628864413060e+03 1.6387575305685658e+01
86 1.1858268092572016e+03 1.6406445789609208e+01
87 1.1804213570169650e+03 1.6331658933336904e+01
88 1.1814790463302563e+03 1.6346292539395815e+01
89 1.1763771933524147e+03 1.6275706115093307e+01
90 1.1771487897182778e+03 1.6286381496902159e+01
91 1.1723310979355585e+03 1.6219726570190105e+01
92 1.1728353439171694e+03 1.6226703039517112e+01
93 1.1682837191230883e+03 1.6163729268932933e+01
94 1.1685380650383647e+03 1.6167248258753549e+01
95 1.1642356550319635e+03 1.6107722486538204e+01
96 1.1642563576320485e+03 1.6108008916296200e+01
97 1.1601874578350444e+03 1.6051713862565109e+01
98 1.1599896696504043e+03 1.6048977374315907e+01
99 1.1561396376452210e+03 1.5995710454654285e+01
100 1.1557374897055258e+03 1.5990146557531615e+01
101 1.1520926651051366e+03 1.5939718774357798e+01
102 1.1514993435988831e+03 1.5931509905193966e+01
103 1.1480469756785596e+03 1.5883744846512208e+01
104 1.1472747910266755e+03 1.5873061325502389e+01
105 1.1440029715529342e+03 1.5827794235561196e+01
106 1.1430634233290318e+03 1.5814795164464268e+01
107 1.1399610245723800e+03 1.5771872086134943e+01
108 1.1388648605587214e+03 1.5756706165339244e+01
109 1.1359214789445073e+03 1.5715983160500127e+01
110 1.1346787494226814e+03 1.5698789440159334e+01
111 1.1318846530403439e+03 1.5660131863462718e+01
112 1.1305047609337414e+03 1.5641040437239472e+01
113 1.1278508414169999e+03 1.5604322270352453e+01
114 1.1263425889436078e+03 1.5583454920880694e+01
115 1.1238203171284415e+03 1.5548558158993428e+01
116 1.1221919476107698e+03 1.5526028936337493e+01
117 1.1197933329737891e+03 1.5492843026974862e+01
118 1.1180525705924138e+03 1.5468758798637575e+01
119 1.1157701230423315e+03 1.5437180113027063e+01
120 1.1139242088677302e+03 1.5411641062466350e+01
121 1.1117509047697222e+03 1.5381572425469825e+01
122 1.1098066298867498e+03 1.5354672510390685e+01
123 1.1077358792263208e+03 1.5326022746201758e+01
124 1.1056996160754236e+03 1.5297850132176022e+01
125 1.1037252332627838e+03 1.5270533660385507e+01
126 1.1016029635331226e+03 1.5241171106765703e+01
127 1.0997191401756577e+03 1.5215107565656519e+01
128 1.0975164815434689e+03 1.5184632795513098e+01
129 1.0957177605424783e+03 1.5159746683677030e+01
130 1.0934399909869092e+03 1.5128232720218843e+01
131 1.0917212434670409e+03 1.5104453077364921e+01
132 1.0893733238513780e+03 1.5071968556360657e+01
133 1.0877297275776293e+03 1.5049228664704680e+01
134 1.0853163221769373e+03 1.5015838118491946e+01
135 1.0837433411672523e+03 1.4994075220687630e+01
136 1.0812688376701251e+03 1.4959839354906144e+01
137 1.0797622035142356e+03 1.4938994395582904e+01
138 1.0772307304171559e+03 1.4903970329833280e+01
139 1.0757864254724054e+03 1.4883987723102912e+01
140 1.0732018690391506e+03 1.4848229225587627e+01
141 1.0718161096221845e+03 1.4829056622493813e+01
142 1.0691821292847123e+03 1.4792614323095384e+01
143 1.0678513515703455e+03 1.4774202416518186e+01
144 1.0651713940624509e+03 1.4737124002344643e+01
145 1.0638922397488832e+03 1.4719426328672348e+01
146 1.0611695529637839e+03 1.4681756735783148e+01
147 1.0599388563581208e+03 1.4664729496234639e+01
148 1.0571765012101166e+03 1.4626511073752045e+01
149 1.0559912776355950e+03 1.4610112973985574e+01
150 1.0531921400327624e+03 1.4571385649742249e+01
151 1.0520495743119889e+03 1.4555577740515877e+01
152 1.0492163758017346e+03 1.4516379168340903e+01
153 1.0481138117914750e+03 1.4501124700721613e+01
154 1.0452491196661831e+03 1.4461490400256640e+01
155 1.0441840510120333e+03 1.4446754697707068e+01
156 1.0412902872589514e+03 1.4406718178232008e+01
157 1.0402603481843894e+03 1.4392468509172842e+01
158 1.0373397988397389e+03 1.4352061399024185e+01
159 1.0363427553355230e+03 1.4338266854935535e+01
160 1.0333975781028157e+03 1.4297519006909170e+01
161 1.0324313207363723e+03 1.4284150402845230e+01
162 1.0294635529043792e+03 1.4243090003745094e+01
163 1.0285260887849838e+03 1.4230119767168812e+01
164 1.0255376543609173e+03 1.4188773436497673e+01
165 1.0246271007435778e+03 1.4176175518787607e+01
166 1.0216198166709645e+03 1.4134568394774117e+01
167 1.0207343943747512e+03 1.4122318180164081e+01
168 1.0177099774288168e+03 1.4080474015163521e+01
169 1.0168480047090400e+03 1.4068548235961412e+01
170 1.0138080767374514e+03 1.4026489468963705e+01
171 1.0129679638450789e+03 1.4014866130278609e+01
172 1.0099140573907474e+03 1.3972613964702330e+01
173 1.0090943013406527e+03 1.3961272272060883e+01
174 1.0060278648026840e+03 1.3918846747157314e+01
175 1.0052270441557031e+03 1.3907767034311117e+01
176 1.0021494466798447e+03 1.3865187092825785e+01
177 1.0013662172156421e+03 1.3854350761883568e+01
178 9.9827875258438496e+02 1.3811634303877542e+01
179 9.9751184302708339e+02 1.3801023766167331e+01
180 9.9441573467234889e+02 1.3758187718369992e+01
181 9.9366394213122453e+02 1.3747786331359089e+01
182 9.9056034660988871e+02 1.3704846695253572e+01
183 9.8982253330705930e+02 1.3694638717274641e+01
184 9.8671254400468877e+02 1.3651610620340682e+01
185 9.8598763320226806e+02 1.3641581154242115e+01
186 9.8287228418039945e+02 1.3598478903184883e+01
187 9.8215925727246702e+02 1.3588613856096890e+01
188 9.7903952593272766e+02 1.3545450973706298e+01
189 9.7833741900910957e+02 1.3535737009499279e+01
190 9.7521422962345787e+02 1.3492526283492440e+01
191 9.7452213053177559e+02 1.3482950782129103e+01
192 9.7139635705761748e+02 1.3439704304098727e+01
193 9.7071340264641174e+02 1.3430255323491483e+01
194 9.6758587122231461e+02 1.3386984523435199e+01
195 9.6691124481875715e+02 1.3377650764549163e+01
196 9.6378273646060461e+02 1.3334366448172036e+01
197 9.6311566502273865e+02 1.3325137215624999e+01
198 9.5998691833298403e+02 1.3281849601823255e+01
199 9.5932667049512770e+02 1.3272714776842969e+01
200 9.5619838332443726e+02 1.3229433520693590e+01
201 9.5554426703442437e+02 1.3220383528427924e+01
202 9.5241709909076542e+02 1.3177117757286537e+01
203 9.5176845945148500e+02 1.3168143536940217e+01
204 9.4864303432157112e+02 1.3124901878408703e+01
205 9.4799925168136588e+02 1.3115994856823120e+01
206 9.4487615845603943e+02 1.3072785461237510e+01
207 9.4423664670845505e+02 1.3063937529366976e+01
208 9.4111644193163738e+02 1.3020768096762053e+01
209 9.4048064648318621e+02 1.3011971581556914e+01
210 9.3736385591350177e+02 1.2968849386039066e+01
211 9.3673125252509431e+02 1.2960097034416378e+01
212 9.3361837237646364e+02 1.2917028941327766e+01
213 9.3298846505351912e+02 1.2908313890980034e+01
214 9.2987996415305781e+02 1.2865306386754089e+01
215 9.2925228388302844e+02 1.2856622148682346e+01
216 9.2614860447996614e+02 1.2813681352035520e+01
217 9.2552270815984127e+02 1.2805021795710868e+01
218 9.2242426760255546e+02 1.2762153480845159e+01
219 9.2179973606370152e+02 1.2753512806881542e+01
220 9.1870692806530565e+02 1.2710722420994470e+01
221 9.1808336550766955e+02 1.2702095153320622e+01
222 9.1499656116709355e+02 1.2659387830732332e+01
223 9.1437359359199343e+02 1.2650768794908739e+01
224 9.1129314270472082e+02 1.2608149375196639e+01
225 9.1067041698925925e+02 1.2599533685609629e+01
226 9.0759664896091419e+02 1.2557006726248281e+01
227 9.0697383169900138e+02 1.2548389770075055e+01
228 9.0390705672537717e+02 1.2505959562762394e+01
229 9.0328383340705000e+02 1.2497336988616544e+01
230 9.0022434340344068e+02 1.2455007572131594e+01
231 8.9960041708216215e+02 1.2446375271624593e+01
232 8.9654848648817813e+02 1.2404150442962461e+01
233 8.9592357757058539e+02 1.2395504547794724e+01
234 8.9287946419379307e+02 1.2353387873838727e+01
235 8.9225330891535691e+02 1.2344724734709686e+01
236 8.8921725519014944e+02 1.2302719569648392e+01
237 8.8858960492053245e+02 1.2294035746645811e+01
238 8.8556183822505147e+02 1.2252145236357796e+01
239 8.8493245909436689e+02 1.2243437493786892e+01
240 8.8191319253666711e+02 1.2201664586717680e+01
241 8.8128186447250732e+02 1.2192929879777983e+01
242 8.7827129783256510e+02 1.2151277339973156e+01
243 8.7763781374641837e+02 1.2142512803502221e+01
244 8.7463613381011044e+02 1.2100983215228162e+01
245 8.7400029932631753e+02 1.2092186159951559e+01
246 8.7100768086113510e+02 1.2050781941194897e+01
247 8.7036931317654717e+02 1.2041949837949069e+01
248 8.6738591940299898e+02 1.2000673246938755e+01
249 8.6674484725050354e+02 1.1991803726166381e+01
250 8.6377083001925621e+02 1.1950656863824497e+01
251 8.6312689283101929e+02 1.1941747703997573e+01
252 8.6016239401657958e+02 1.1900732533221554e+01
253 8.5951544118127947e+02 1.1891781650564893e+01
254 8.5656059241358207e+02 1.1850899992513925e+01
255 8.5591048331279478e+02 1.1841905441508557e+01
256 8.5296540675314952e+02 1.1801158986339159e+01
257 8.5231200980648794e+02 1.1792118946511408e+01
258 8.4937681873222073e+02 1.1751509261466191e+01
259 8.4872001123447103e+02 1.1742422035134389e+01
260 8.4579481023409971e+02 1.1701950567242408e+01
261 8.4513447784207096e+02 1.1692814572417220e+01
262 8.4221936322887780e+02 1.1652482654215936e+01
263 8.4155539962065416e+02 1.1643296419885969e+01
264 8.3865046014701750e+02 1.1603105279304344e+01
265 8.3798276641919517e+02 1.1593867437096643e+01
266 8.3508808331828709e+02 1.1553818198032049e+01
267 8.3441656792430217e+02 1.1544527481358843e+01
268 8.3153221536827630e+02 1.1504621170016293e+01
269 8.3085679340980005e+02 1.1495276404271122e+01
270 8.2798283914367414e+02 1.1455513957933325e+01
271 8.2730343237762975e+02 1.1446114060588128e+01
272 8.2443993740006158e+02 1.1406496323198873e+01
273 8.2375647377240364e+02 1.1397040297353611e+01
274 8.2090349337138366e+02 1.1357568033847043e+01
275 8.2021590649488110e+02 1.1348054961004600e+01
276 8.1737349013479775e+02 1.1308728855742721e+01
277 8.1668171944377821e+02 1.1299157897949854e+01
278 8.1384991106400742e+02 1.1259978558853639e+01
279 8.1315390119859455e+02 1.1250348950181625e+01
280 8.1033273951055276e+02 1.1211316912840884e+01
281 8.0963244025451741e+02 1.1201627958525670e+01
282 8.0682195906200809e+02 1.1162743690631185e+01
283 8.0611732501052450e+02 1.1152994762476643e+01
284 8.0331755331971726e+02 1.1114258665341779e+01
285 8.0260854365390333e+02 1.1104449198600365e+01
286 7.9981950615327264e+02 1.1065861613801244e+01
287 7.9910608423091298e+02 1.1055991101511474e+01
288 7.9632780127290323e+02 1.1017552310633288e+01
289 7.9560993485287463e+02 1.1007620306724760e+01
290 7.9284242268566641e+02 1.0969330534568380e+01
291 7.9212008323976568e+02 1.0959336644340608e+01
292 7.8936335448916896e+02 1.0921196065589776e+01
293 7.8863651723989994e+02 1.0911139946234986e+01
294 7.8589058052279483e+02 1.0873148680108102e+01
295 7.8515922454888903e+02 1.0863030042171161e+01
296 7.8242408522138635e+02 1.0825188162772424e+01
297 7.8168819265309480e+02 1.0815006759017338e+01
298 7.7896385265707181e+02 1.0777314293213488e+01
299 7.7822340903319889e+02 1.0767069923563133e+01
300 7.7550986720970388e+02 1.0729526855319554e+01
301 7.7476486104828780e+02 1.0719219360915835e+01
302 7.7206211321011813e+02 1.0681825632300702e+01
303 7.7131253598779847e+02 1.0671454895219107e+01
304 7.6862057518728000e+02 1.0634210410108230e+01
305 7.6786642094211470e+02 1.0623776347862615e+01
306 7.6518523750136308e+02 1.0586680972358122e+01
307 7.6442650311670639e+02 1.0576183541828296e+01
308 7.6175608487710144e+02 1.0539237107710226e+01
309 7.6099276934690408e+02 1.0528676294977046e+01
310 7.5833310178249849e+02 1.0491878601272402e+01
311 7.5756520684462714e+02 1.0481254430380034e+01
312 7.5491627275340920e+02 1.0444605239091267e+01
313 7.5414380217748419e+02 1.0433917762194096e+01
314 7.5150558279949132e+02 1.0397416813768711e+01
315 7.5072854236001092e+02 1.0386666110759512e+01
316 7.4810101621295951e+02 1.0350313107980478e+01
317 7.4731941401709526e+02 1.0339499291025607e+01
318 7.4470255811396441e+02 1.0303293915857180e+01
319 7.4391640374404767e+02 1.0292417117532489e+01
320 7.4131019305225800e+02 1.0256359023637705e+01
321 7.4051949826659711e+02 1.0245419406624663e+01
322 7.3792390604526793e+02 1.0209508224031445e+01
323 7.3712868386958621e+02 1.0198505968546776e+01
324 7.3454368180308529e+02 1.0162741305495651e+01
325 7.3374394726867570e+02 1.0151676619504036e+01
326 7.3116950527673384e+02 1.0116058059820986e+01
327 7.3036527465612812e+02 1.0104931168460201e+01
328 7.2780136136170017e+02 1.0069458278029735e+01
329 7.2699265252854514e+02 1.0058269428589700e+01
330 7.2443923489457950e+02 1.0022941750329389e+01
331 7.2362606703670656e+02 1.0011691208282357e+01
332 7.2108311097146247e+02 9.9765082705176784e+00
333 7.2026550458765769e+02 9.9651963194735504e+00
334 7.1773297436959058e+02 9.9301576279809094e+00
335 7.1691095113183474e+02 9.9187845677812607e+00
336 7.1438881029780975e+02 9.8838896180768341e+00
337 7.1356239292389171e+02 9.8724557630324608e+00
338 7.1105060356950798e+02 9.8377040306918619e+00
339 7.1021981597403203e+02 9.8262097116720426e+00
340 7.0771833938705686e+02 9.7916006610941650e+00
341 7.0688320629444161e+02 9.7800462201723217e+00
342 7.0439200252742251e+02 9.7455792986662448e+00
343 7.0355254992903792e+02 9.7339650954446384e+00
344 7.0107157832382472e+02 9.6996397404866173e+00
345 7.0022783261137874e+02 9.6879661401063633e+00
346 6.9775705161307633e+02 9.6537817767657863e+00
347 6.9690904045655009e+02 9.6420491620534872e+00
348 6.9444840747022351e+02 9.6080052010103234e+00
349 6.9359615906145882e+02 9.5962139620127509e+00
350 6.9114563108607138e+02 9.5623098083283704e+00
351 6.9028917440083023e+02 9.5504603459381929e+00
352 6.8784870736094740e+02 9.5166953898091897e+00
353 6.8698807203411718e+02 9.5047881140383659e+00
354 6.8455762145570816e+02 9.4711617401465755e+00
355 6.8369283784533798e+02 9.4591970710123281e+00
356 6.8127235837672299e+02 9.4257086518969189e+00
357 6.8040345729551166e+02 9.4136870157067616e+00
358 6.7799290332588055e+02 9.3803359203217163e+00
359 6.7711991612040720e+02 9.3682577507696276e+00
360 6.7471924113838736e+02 9.3350433356092459e+00
361 6.7384219985954473e+02 9.3229090761337030e+00
362 6.7145135713622221e+02 9.2898306946825002e+00
363 6.7057029403974730e+02 9.2776407915560934e+00
364 6.6818923610340539e+02 9.2446977870215772e+00
365 6.6730418422701223e+02 9.2324526973358978e+00
366 6.6493286331424156e+02 9.1996444088898741e+00
367 6.6404385568633529e+02 9.1873445896077239e+00
368 6.6168222374605011e+02 9.1546703524418689e+00
369 6.6078929408126510e+02 9.1423162700203342e+00
370 6.5843730240255707e+02 9.1097754101973827e+00
371 6.5754048451988945e+02 9.0973675325374455e+00
372 6.5519808441162309e+02 9.0649593763937002e+00
373 6.5429741253380087e+02 9.0524981769821498e+00
374 6.5196455475746836e+02 9.0202220432807678e+00
375 6.5106006326766055e+02 9.0077079978241734e+00
376 6.4873669848812369e+02 8.9755632039913902e+00
377 6.4782842214742698e+02 8.9629967934251127e+00
378 6.4551450051206530e+02 8.9309826497275644e+00
379 6.4460247421810027e+02 8.9183643568758377e+00
380 6.4229794603214998e+02 8.8864801757641771e+00
381 6.4138220481191104e+02 8.8738104852411812e+00
382 6.3908701979256125e+02 8.8420555710301638e+00
383 6.3816759899550050e+02 8.8293349719114236e+00
384 6.3588170698044598e+02 8.7977086305830596e+00
385 6.3495864190212387e+02 8.7849376111984849e+00
386 6.3268199237023634e+02 8.7534391437703043e+00
387 6.3175531872188003e+02 8.7406181982007389e+00
388 6.2948786104188582e+02 8.7092469041663580e+00
389 6.2855761424997729e+02 8.6963765225530736e+00
390 6.2629929790455390e+02 8.6651317029826789e+00
391 6.2536551373048405e+02 8.6522123801005559e+00
392 6.2311628782984496e+02 8.6210933309111262e+00
393 6.2217900199910218e+02 8.6081255610383209e+00
394 6.1993881576351544e+02 8.5771315796694854e+00
395 6.1899806409470216e+02 8.5641158583724284e+00
396 6.1676686648749694e+02 8.5332462387089567e+00
397 6.1582268482356415e+02 8.5201830618909522e+00
398 6.1360042501110581e+02 8.4894371006267075e+00
399 6.1265284918068812e+02 8.4763269639929870e+00
400 6.1043947597812587e+02 8.4457039529625995e+00
401 6.0948854185839150e+02 8.4325473528898769e+00
402 6.0728400447027832e+02 8.4020465893155549e+00
403 6.0632974771331044e+02 8.3888440190663900e+00
404 6.0413399502056586e+02 8.3584647956927274e+00
405 6.0317645159937001e+02 8.3452167529697867e+00
406 6.0098943263591627e+02 8.3149583646582368e+00
407 6.0002863802606100e+02 8.3016653402819252e+00
408 5.9785030189012457e+02 8.2715270827836189e+00
409 5.9688629199448167e+02 8.2581895734862716e+00
410 5.9471658764012034e+02 8.2281707405577045e+00
411 5.9374939782376418e+02 8.2147892356309864e+00
412 5.9158827463073931e+02 8.1848891269184509e+00
413 5.9061794040957682e+02 8.1714641177408645e+00
414 5.8846534737123466e+02 8.1416820275444284e+00
415 5.8749190419285230e+02 8.1282140045492337e+00
416 5.8534779073276559e+02 8.0985492331213393e+00
417 5.8437127384064581e+02 8.0850386839179222e+00
418 5.8223558916671516e+02 8.0554905285270930e+00
419 5.8125603374200716e+02 8.0419379398624322e+00
420 5.7912872750045028e+02 8.0125057038415068e+00
421 5.7814616845632577e+02 7.9989115587549930e+00
422 5.7602719012677619e+02 7.9695945431320387e+00
423 5.7504166241585756e+02 7.9559593252088812e+00
424 5.7293096180228019e+02 7.9267568354992388e+00
425 5.7194249998238161e+02 7.9130810228622961e+00
426 5.6984002684749896e+02 7.8839923640106981e+00
427 5.6884866568148368e+02 7.8702764376197765e+00
428 5.6675436994530833e+02 7.8413009167471337e+00
429 5.6576014366028039e+02 7.8275453501495695e+00
430 5.6367397543468928e+02 7.7986822770313244e+00
431 5.6267691846892922e+02 7.7848875466961740e+00
432 5.6059882782519446e+02 7.7561362305459811e+00
433 5.5959897411048735e+02 7.7423028059347114e+00
434 5.5752891158005241e+02 7.7136625623329023e+00
435 5.5652629506250673e+02 7.6997909131051507e+00
436 5.5446421094627965e+02 7.6712610544424971e+00
437 5.5345886535633656e+02 7.6573516472740453e+00
438 5.5140471043233742e+02 7.6289314925423763e+00
439 5.5039666927513088e+02 7.6149847909917820e+00
440 5.4835039423471869e+02 7.5866736579839342e+00
441 5.4733969080394604e+02 7.5726901226844321e+00
442 5.4530124683699023e+02 7.5444873360903548e+00
443 5.4428791409990220e+02 7.5304674231586466e+00
444 5.4225725228314502e+02 7.5023723061031262e+00
445 5.4124132322860214e+02 7.4883164719548940e+00
446 5.3921839500088458e+02 7.4603283525725130e+00
447 5.3819990213943038e+02 7.4462370470057078e+00
448 5.3618465897523106e+02 7.4183552539241138e+00
449 5.3516363495329551e+02 7.4042289286167380e+00
450 5.3315602853078201e+02 7.3764527932817048e+00
451 5.3213250538236389e+02 7.3622918914384998e+00
452 5.3013248771676115e+02 7.3346207499591412e+00
453 5.2910649755364136e+02 7.3204257158609991e+00
454 5.2711402066302446e+02 7.2928589043858629e+00
455 5.2608559507531538e+02 7.2786301750961577e+00
456 5.2410061143616019e+02 7.2511670361159721e+00
457 5.2306978199004834e+02 7.2369050483670518e+00
458 5.2109224399005120e+02 7.2095449231442394e+00
459 5.2005904192620392e+02 7.1952501091647498e+00
460 5.1808890236787681e+02 7.1679923447008944e+00
461 5.1705335874378704e+02 7.1536651341851814e+00
462 5.1509057042562529e+02 7.1265090774262942e+00
463 5.1405271604229256e+02 7.1121498965200010e+00
464 5.1209723220916464e+02 7.0850949005878654e+00
465 5.1105709751058657e+02 7.0707041704973541e+00
466 5.0910887144406558e+02 7.0437495890215800e+00
467 5.0806648679510562e+02 7.0293277298583563e+00
468 5.0612547205771295e+02 7.0024729203555989e+00
469 5.0508086742108480e+02 6.9880203466672457e+00
470 5.0314701773858377e+02 6.9612646689126834e+00
471 5.0210022304932454e+02 6.9467817948638668e+00
472 5.0017349229870973e+02 6.9201246107250327e+00
473 4.9912453696357289e+02 6.9056118431713767e+00
474 4.9720487948387068e+02 6.8790525209082203e+00
475 4.9615379280135829e+02 6.8645102652076417e+00
476 4.9424116285693628e+02 6.8380481720471753e+00
477 4.9318797383237120e+02 6.8234768295013257e+00
478 4.9128232618391951e+02 6.7971113395374045e+00
479 4.9022706351126305e+02 6.7825113071401093e+00
480 4.8832835285522231e+02 6.7562417935776704e+00
481 4.8727104513335172e+02 6.7416134670072241e+00
482 4.8537922662513125e+02 6.7154393094012406e+00
483 4.8431990193463031e+02 6.7007830771651147e+00
484 4.8243493077052028e+02 6.6747036556361650e+00
485 4.8137361725471965e+02 6.6600199071099615e+00
486 4.7949544894143298e+02 6.6340346060734623e+00
487 4.7843217406722454e+02 6.6193237212739513e+00
488 4.7656076444617861e+02 6.5934319297761057e+00
489 4.7549555577822389e+02 6.5786942900727432e+00
490 4.7363086062857525e+02 6.5528953962983474e+00
491 4.7256374523994782e+02 6.5381313762592486e+00
492 4.7070572087832772e+02 6.5124247758293015e+00
493 4.6963672571615894e+02 6.4976347482801167e+00
494 4.6778532834154521e+02 6.4720198351878313e+00
495 4.6671448003231802e+02 6.4572041685178938e+00
496 4.6486966644012091e+02 6.4316803450083917e+00
497 4.6379699120428347e+02 6.4168394019893631e+00
498 4.6195871815819328e+02 6.3914060698689070e+00
499 4.6088424215472463e+02 6.3765402124219950e+00
500 4.5905246676178621e+02 6.3511967782473118e+00
501 4.5797621573749603e+02 6.3363063625911771e+00
502 4.5615089517988486e+02 6.3110522339584589e+00
503 4.5507289478215523e+02 6.2961376149361357e+00
504 4.5325398660040730e+02 6.2709722043996541e+00
505 4.5217426198723086e+02 6.2560337300832547e+00
506 4.5036172385011287e+02 6.2309564519714087e+00
507 4.4928030019229374e+02 6.2159944706102994e+00
508 4.4747408998377642e+02 6.1910047422289338e+00
509 4.4639099185386942e+02 6.1760195937954316e+00
510 4.4459106782815189e+02 6.1511168375726673e+00
511 4.4350631979914493e+02 6.1361088620450808e+00
512 4.4171264019147839e+02 6.1112925001468863e+00
513 4.4062626640857030e+02 6.0962620315848719e+00
514 4.3883878989434868e+02 6.0715314922667849e+00
515 4.3775081434660797e+02 6.0564788625698656e+00
516 4.3596949957359953e+02 6.0318335737052129e+00
517 4.3487994591753738e+02 6.0167591101718312e+00
518 4.3310475206463775e+02 5.9921985069823238e+00
519 4.3201364359217644e+02 5.9771025318666720e+00
520 4.3024452981029407e+02 5.9526260491868070e+00
521 4.2915188970298163e+02 5.9375088832159992e+00
522 4.2738881550332798e+02 5.9131159608652260e+00
523 4.2629466656223701e+02 5.8979779195023294e+00
524 4.2453759150012530e+02 5.8736679979102648e+00
525 4.2344195642657581e+02 5.8585093952382241e+00
526 4.2169084042027794e+02 5.8342819198561831e+00
527 4.2059374137984094e+02 5.8191030625456142e+00
528 4.1884854450759741e+02 5.7949574810381472e+00
529 4.1775000370061360e+02 5.7797586762407223e+00
530 4.1601068621663592e+02 5.7556944387070192e+00
531 4.1491072525695347e+02 5.7404759854600220e+00
532 4.1317724778811908e+02 5.7164925471552701e+00
533 4.1207588825634537e+02 5.7012547440360830e+00
534 4.1034821139275050e+02 5.6773515597065884e+00
535 4.0924547452876971e+02 5.6620947005785371e+00
536 4.0752355924128847e+02 5.6382712302388365e+00
537 4.0641946609097266e+02 5.6229956062809991e+00
538 4.0470327336875494e+02 5.5992513101984844e+00
539 4.0359784463668763e+02 5.5839572078680613e+00
540 4.0188733594863305e+02 5.5602915529476755e+00
541 4.0078059203977847e+02 5.5449792545564991e+00
542 3.9907572879850790e+02 5.5213917069245442e+00
543 3.9796768999663442e+02 5.5060614931076479e+00
544 3.9626843397242766e+02 5.4825515238387981e+00
545 3.9515912016081330e+02 5.4672036696902522e+00
546 3.9346543316934725e+02 5.4437707504872694e+00
547 3.9235486417509333e+02 5.4284055303239125e+00
548 3.9066670834786493e+02 5.4050491372590734e+00
549 3.8955490346166755e+02 5.3896668179763392e+00
550 3.8787224110987484e+02 5.3663864296081627e+00
551 3.8675921961497522e+02 5.3509872779983434e+00
552 3.8508201321589547e+02 5.3277823751831299e+00
553 3.8396779388067853e+02 5.3123666509152478e+00
554 3.8229600622980956e+02 5.2892367189120240e+00
555 3.8118060777599698e+02 5.2738046810094961e+00
556 3.7951420163608492e+02 5.2507492046241504e+00
557 3.7839764244558938e+02 5.2353011074089855e+00
558 3.7673658095656856e+02 5.2123195766659771e+00
559 3.7561887921183057e+02 5.1968556717003924e+00
560 3.7396312553049228e+02 5.1739475768574037e+00
561 3.7284429909029217e+02 5.1584681112256368e+00
562 3.7119381681111952e+02 5.1356329485960126e+00
563 3.7007388322528584e+02 5.1201381651078135e+00
564 3.6842863591486230e+02 5.0973754306188939e+00
565 3.6730761260829058e+02 5.0818655703555065e+00
566 3.6566756416452859e+02 5.0591747645187173e+00
567 3.6454546818849411e+02 5.0436500633921844e+00
568 3.6291058250982144e+02 5.0210306867260819e+00
569 3.6178743088603755e+02 5.0054913802394418e+00
570 3.6015767215634042e+02 4.9829429372120257e+00
571 3.5903348138560784e+02 4.9673892536612581e+00
572 3.5740881398408300e+02 4.9449112514427398e+00
573 3.5628360053908551e+02 4.9293434187348124e+00
574 3.5466398896039976e+02 4.9069353660929806e+00
575 3.5353776886657931e+02 4.8913536059470717e+00
576 3.5192317786929937e+02 4.8690150153008904e+00
577 3.5079596711212912e+02 4.8534195488831910e+00
578 3.4918636144313388e+02 4.8311499324899172e+00
579 3.4805817566465760e+02 4.8155409762151189e+00
580 3.4645352041659925e+02 4.7933398511159382e+00
581 3.4532437503479542e+02 4.7777176182986887e+00
582 3.4372463533282445e+02 4.7555845019844165e+00
583 3.4259454549192753e+02 4.7399492021519922e+00
584 3.4099968684165242e+02 4.7178836173772485e+00
585 3.3986866738071393e+02 4.7022354558345834e+00
586 3.3827865522832053e+02 4.6802369245318518e+00
587 3.3714672088802519e+02 4.6645761052229302e+00
588 3.3556152101832851e+02 4.6426441540097798e+00
589 3.3442868614237915e+02 4.6269708753861645e+00
590 3.3284826433949621e+02 4.6051050308705070e+00
591 3.3171454323857489e+02 4.5894194909269022e+00
592 3.3013886555197087e+02 4.5676192833878613e+00
593 3.2900427204093108e+02 4.5519216732589616e+00
594 3.2743330468299700e+02 4.5301866352298115e+00
595 3.2629785255475821e+02 4.5144771457468442e+00
596 3.2473156185202180e+02 4.4928068113399924e+00
597 3.2359526447154872e+02 4.4770856274132402e+00
598 3.2203361696062723e+02 4.4554795336477762e+00
599 3.2089648764779196e+02 4.4397468395636430e+00
600 3.1933944989427999e+02 4.4182045238595729e+00
601 3.1820150162070865e+02 4.4024604990863248e+00
602 3.1664904046808135e+02 4.3809815027082539e+00
603 3.1551028603030306e+02 4.3652263242916103e+00
604 3.1396236836391296e+02 4.3438101890835394e+00
605 3.1282282025282905e+02 4.3280440298407230e+00
606 3.1127941325237805e+02 4.3066903017191063e+00
607 3.1013908376483346e+02 4.2909133317824830e+00
608 3.0860015458915740e+02 4.2696215563750837e+00
609 3.0745905582909404e+02 4.2538339432081180e+00
610 3.0592457186919205e+02 4.2326036693547833e+00
611 3.0478271566472733e+02 4.2168055766047852e+00
612 3.0325264440590075e+02 4.1956363544500741e+00
613 3.0211004241096725e+02 4.1798279433544288e+00
614 3.0058435149678752e+02 4.1587193252326404e+00
615 2.9944101505371538e+02 4.1429007527175710e+00
616 2.9791967231206019e+02 4.1218522935129629e+00
617 2.9677561256685118e+02 4.1060237137884048e+00
618 2.9525858591085125e+02 4.0850349695647479e+00
619 2.9411381378712088e+02 4.0691965337638205e+00
620 2.9260107129473812e+02 4.0482670628654001e+00
621 2.9145559747525351e+02 4.0324189187889790e+00
622 2.8994710732939666e+02 4.0115482810120655e+00
623 2.8880094231101936e+02 3.9956905738889374e+00
624 2.8729667280824145e+02 3.9748783306021229e+00
625 2.8614982682790622e+02 3.9590112020648727e+00
626 2.8464974646040542e+02 3.9382569173435860e+00
627 2.8350222952084658e+02 3.9223805057845293e+00
628 2.8200630683711665e+02 3.9016837444830745e+00
629 2.8085812874012925e+02 3.8857981855144423e+00
630 2.7936633247403529e+02 3.8651585150518195e+00
631 2.7821750279066083e+02 3.8492639410932639e+00
632 2.7672980171829710e+02 3.8286809294727320e+00
633 2.7558032984180289e+02 3.8127774704843191e+00
634 2.7409669290680966e+02 3.7922506880272118e+00
635 2.7294658794429358e+02 3.7763384700097253e+00
636 2.7146698421015981e+02 3.7558674886955359e+00
637 2.7031625510313773e+02 3.7399466353588591e+00
638 2.6884065372422248e+02 3.7195310284243099e+00
639 2.6768930914316246e+02 3.7036016597282573e+00
640 2.6621767944958538e+02 3.6832410028417972e+00
641 2.6506572786718550e+02 3.6673032360099471e+00
642 2.6359803921394172e+02 3.6469971051841887e+00
643 2.6244548892440901e+02 3.6310510549706154e+00
644 2.6098171084327817e+02 3.6107990286640632e+00
645 2.5982856986241717e+02 3.5948448059710181e+00
646 2.5836867193571658e+02 3.5746464633413897e+00
647 2.5721494814056211e+02 3.5586841771511821e+00
648 2.5575890009986864e+02 3.5385390994212664e+00
649 2.5460460106075703e+02 3.5225688544728957e+00
650 2.5315237275098994e+02 3.5024766244336254e+00
651 2.5199750587472369e+02 3.4864985232035255e+00
652 2.5054906722074242e+02 3.4664587247518415e+00
653 2.4939363967488799e+02 3.4504728664065101e+00
654 2.4794896071213992e+02 3.4304850849693862e+00
655 2.4679297949528518e+02 3.4144915663374253e+00
656 2.4535203033359079e+02 3.3945553883708213e+00
657 2.4419550217049078e+02 3.3785543024922329e+00
658 2.4275825307005542e+02 3.3586693165327506e+00
659 2.4160118452543483e+02 3.3426607542334459e+00
660 2.4016760577143458e+02 3.3228265491631679e+00
661 2.3901000314689210e+02 3.3068105976285906e+00
662 2.3758006522259780e+02 3.2870267650703302e+00
663 2.3642193463658407e+02 3.2710035089519898e+00
664 2.3499560798099881e+02 3.2512696399160954e+00
665 2.3383695536141749e+02 3.2352391612291975e+00
666 2.3241421062395241e+02 3.2155548496371078e+00
667 2.3125504164449546e+02 3.1995172268797254e+00
668 2.2983584944917808e+02 3.1798820663016847e+00
669 2.2867616966416375e+02 3.1638373763203025e+00
670 2.2726050079634643e+02 3.1442509625585569e+00
671 2.2610031540722068e+02 3.1281992773175125e+00
672 2.2468814073895126e+02 3.1086612073737792e+00
673 2.2352745487761177e+02 3.0926025978751790e+00
674 2.2211874531363085e+02 3.0731124692034935e+00
675 2.2095756378214315e+02 3.0570470018860685e+00
676 2.1955229038099046e+02 3.0376044140683471e+00
677 2.1839061787074027e+02 3.0215321538395221e+00
678 2.1698875167276944e+02 3.0021367062060680e+00
679 2.1582659261242966e+02 2.9860577143385192e+00
680 2.1442810482485564e+02 2.9667090085282366e+00
681 2.1326546346759130e+02 2.9506233438664102e+00
682 2.1187032529172154e+02 2.9313209814364702e+00
683 2.1070720564744408e+02 2.9152286994592895e+00
684 2.0931538844757944e+02 2.8959722842219509e+00
685 2.0815179435452981e+02 2.8798734380332007e+00
686 2.0676326944779512e+02 2.8606625731480202e+00
687 2.0559920454577824e+02 2.8445572131060337e+00
688 2.0421394342987989e+02 2.8253915042309949e+00
689 2.0304941108808302e+02 2.8092796769499904e+00
690 2.0166738525346395e+02 2.7901587296425836e+00
691 2.0050238874112151e+02 2.7740404803538845e+00
692 1.9912356975978645e+02 2.7549639013000444e+00
693 1.9795811203225415e+02 2.7388392708923233e+00
694 1.9658247157552967e+02 2.7198066681521467e+00
695 1.9541655545262540e+02 2.7036756956388484e+00
696 1.9404406522608917e+02 2.6846866777463112e+00
697 1.9287769333589569e+02 2.6685493994881395e+00
698 1.9150832525595237e+02 2.6496035778941041e+00
699 1.9034150044266303e+02 2.6334600332417497e+00
700 1.8897522750943767e+02 2.6145570343908355e+00
701 1.8780795528148190e+02 2.5984072995558907e+00
702 1.8644475834205249e+02 2.5795468584588308e+00
703 1.8527706406207506e+02 2.5633912843448612e+00
704 1.8391697428860147e+02 2.5445738322824698e+00
705 1.8274900619073216e+02 2.5284144697751496e+00
706 1.8139234607599317e+02 2.5096444685796695e+00
707 1.8022492187738263e+02 2.4934926311625514e+00
708 1.7887350100055383e+02 2.4747951171735347e+00
709 1.7771064023526711e+02 2.4587064169033064e+00
710 1.7637290606481076e+02 2.4401982646359044e+00
711 1.7523193115560485e+02 2.4244123650011029e+00
712 1.7394189866297438e+02 2.4065641868422420e+00
713 1.7288744054528632e+02 2.3919752858238046e+00
714 1.7176261176788955e+02 2.3764127751646704e+00
715 1.7100033067268916e+02 2.3658662743036527e+00
716 1.7038368987012890e+02 2.3573347722159208e+00
717 1.7046154954733902e+02 2.3584119957728285e+00
718 1.7118245450422219e+02 2.3683860392016265e+00
719 1.7329606918114166e+02 2.3976288462846633e+00
720 1.7697318182968223e+02 2.4485033490869372e+00
721 1.8318501404476282e+02 2.5344468339999717e+00
722 1.9222031551617144e+02 2.6594542824960103e+00
723 2.0500909445274115e+02 2.8363927752844784e+00
724 2.2133038988611744e+02 3.0622052182597028e+00
725 2.4098495920395695e+02 3.3341350005128461e+00
726 2.6149492964947370e+02 3.6178996410438167e+00
727 2.7961444570762279e+02 3.8685912729257015e+00
728 2.8993145354085681e+02 4.0113317038263610e+00
729 2.8919292285389389e+02 4.0011138005161726e+00
730 2.7684028456301166e+02 3.8302095091846602e+00
731 2.5804592577546538e+02 3.5701811254517168e+00
732 2.3927389810330570e+02 3.3104617027164096e+00
733 2.2720072195973725e+02 3.1434238955412335e+00
734 2.2485735948838388e+02 3.1110024246725265e+00
735 2.3276040053698947e+02 3.2203445423618908e+00
736 2.4648145366771604e+02 3.4101814667831083e+00
737 2.5856469445686400e+02 3.5773585228442122e+00
738 2.6024233697209246e+02 3.6005694595219553e+00
739 2.5021722409356497e+02 3.4618675262444460e+00
740 2.3497745503546224e+02 3.2510184857723852e+00
741 2.2477896540968871e+02 3.1099178074313762e+00
742 2.2495805692228581e+02 3.1123956188367736e+00
743 2.3489211901392815e+02 3.2498378236383618e+00
744 2.4612620007619370e+02 3.4052663740011142e+00
745 2.4866702612838390e+02 3.4404198420798107e+00
746 2.3914328964194436e+02 3.3086546760711517e+00
747 2.2642790342560934e+02 3.1327316044862545e+00
748 2.2081328693905525e+02 3.0550508670488905e+00
749 2.2648801622248402e+02 3.1335632919936436e+00
750 2.3708693239886446e+02 3.2802040512671859e+00
751 2.4134343708772400e+02 3.3390947028242501e+00
752 2.3346302929075731e+02 3.2300657263230912e+00
753 2.2206205070700017e+02 3.0723280738913044e+00
754 2.1825006920044953e+02 3.0195875999452051e+00
755 2.2526678056034805e+02 3.1166669488423855e+00
756 2.3415178641915688e+02 3.2395949901254273e+00
757 2.3355674929437066e+02 3.2313623846096817e+00
758 2.2322789020900149e+02 3.0884579863200434e+00
759 2.1572056360283685e+02 2.9845907554331963e+00
760 2.1873649434143724e+02 3.0263175099489406e+00
761 2.2783921103545782e+02 3.1522576782878295e+00
762 2.2979596556478108e+02 3.1793302548717772e+00
763 2.2130581276302129e+02 3.0618651827379946e+00
764 2.1321713975228027e+02 2.9499547635902572e+00
765 2.1561186150423444e+02 2.9830868131424548e+00
766 2.2389458152380584e+02 3.0976819596940244e+00
767 2.2537816575411009e+02 3.1182080129581196e+00
768 2.1668758159395020e+02 2.9979698830806107e+00
769 2.1036954827688081e+02 2.9105570582867659e+00
770 2.1427307728218022e+02 2.9645641329402124e+00
771 2.2175006115691755e+02 3.0680115585280188e+00
772 2.1975400321782391e+02 3.0403952016409854e+00
773 2.1091216133139108e+02 2.9180643532762707e+00
774 2.0816624418046493e+02 2.8800733578562498e+00
775 2.1485853400324399e+02 2.9726641892733219e+00
776 2.1880735799713361e+02 3.0272979404102522e+00
777 2.1249541304417343e+02 2.9399693508646965e+00
778 2.0565795191440233e+02 2.8453700093011354e+00
779 2.0880235655315548e+02 2.8888742578503934e+00
780 2.1523449222359130e+02 2.9778657398818376e+00
781 2.1271919328102908e+02 2.9430654508146188e+00
782 2.0467097589529476e+02 2.8317147533845688e+00
783 2.0452582299815944e+02 2.8297064979467050e+00
784 2.1109726592678453e+02 2.9206253583792270e+00
785 2.1144690839227542e+02 2.9254628187157956e+00
786 2.0371755835651311e+02 2.8185237940954275e+00
787 2.0151748077651715e+02 2.7880847339667834e+00
788 2.0744490030915392e+02 2.8700932418494749e+00
789 2.0930222561118387e+02 2.8957901704764395e+00
790 2.0221529242284393e+02 2.7977392710859008e+00
791 1.9914803880784186e+02 2.7553024415550889e+00
792 2.0453374102330605e+02 2.8298160473761111e+00
793 2.0678940181618430e+02 2.8610241261859377e+00
794 2.0008687221300440e+02 2.7682916228141310e+00
795 1.9708162632275227e+02 2.7267126979678022e+00
796 2.0230160909165053e+02 2.7989335009147931e+00
797 2.0409142495636831e+02 2.8236964061962726e+00
798 1.9744099262418840e+02 2.7316846919361435e+00
799 1.9527427121107814e+02 2.7017071293377346e+00
800 2.0058645248957419e+02 2.7752035400191692e+00
801 2.0113790503558366e+02 2.7828331333383769e+00
802 1.9447587329538464e+02 2.6906609360655760e+00
803 1.9386618116189018e+02 2.6822255719310832e+00
804 1.9912921824489797e+02 2.7550420506250997e+00
805 1.9774636983634500e+02 2.7359097226383651e+00
806 1.9151877695243854e+02 2.6497481818029307e+00
807 1.9302883926569550e+02 2.6706405712209951e+00
808 1.9749764928582704e+02 2.7324685622623481e+00
809 1.9382743208803842e+02 2.6816894611140705e+00
810 1.8906495636848993e+02 2.6157984734022595e+00
811 1.9273608972612826e+02 2.6665902500329866e+00
812 1.9509960314163808e+02 2.6992905182524796e+00
813 1.8964585715695961e+02 2.6238354963644399e+00
814 1.8766189945030888e+02 2.5963865516206188e+00
815 1.9249059524195417e+02 2.6631937237318368e+00
816 1.9147549966980935e+02 2.6491494211864270e+00
817 1.8597753774933167e+02 2.5730826519942589e+00
818 1.8752118522393727e+02 2.5944397071836653e+00
819 1.9125910368551223e+02 2.6461554856827392e+00
820 1.8687288076206917e+02 2.5854701241671849e+00
821 1.8385952205802425e+02 2.5437789549031602e+00
822 1.8795278362455639e+02 2.6004110646427492e+00
823 1.8807096737479461e+02 2.6020461898367144e+00
824 1.8260339886103233e+02 2.5263999270589275e+00
825 1.8375403988537329e+02 2.5423195617322030e+00
826 1.8722812235415537e+02 2.5903850509315980e+00
827 1.8326005477616673e+02 2.5354850561772575e+00
828 1.8041173202194258e+02 2.4960772333032231e+00
829 1.8449883380392319e+02 2.5526241196606696e+00
830 1.8385432651895769e+02 2.5437070722897990e+00
831 1.7899595061309120e+02 2.4764892624857926e+00
832 1.8077088144241972e+02 2.5010462266262183e+00
833 1.8342789125702510e+02 2.5378071491702858e+00
834 1.7878967551785900e+02 2.4736353540218801e+00
835 1.7761587325336197e+02 2.4573952732024438e+00
836 1.8142430040840301e+02 2.5100865711011613e+00
837 1.7914833003346268e+02 2.4785975001139695e+00
838 1.7538063992952644e+02 2.4264698175892359e+00
839 1.7865255655545741e+02 2.4717382516745499e+00
840 1.7896051214650154e+02 2.4759989554051707e+00
841 1.7433117028437169e+02 2.4119499343257962e+00
842 1.7555548339049409e+02 2.4288888552949448e+00
843 1.7811079613190910e+02 2.4642427532168374e+00
844 1.7380497447323037e+02 2.4046697792619915e+00
845 1.7295277232845410e+02 2.3928791803474514e+00
846 1.7634168434001631e+02 2.4397662980693711e+00
847 1.7361837352011790e+02 2.4020880713788251e+00
848 1.7079234650832086e+02 2.3629887201016664e+00
849 1.7420285853405710e+02 2.4101746837080227e+00
850 1.7314488368973858e+02 2.3955371271992818e+00
851 1.6932446592294988e+02 2.3426799338088400e+00
852 1.7173563967725906e+02 2.3760396041929002e+00
853 1.7247239790387263e+02 2.3862329847191472e+00
854 1.6813431390241664e+02 2.3262136467812229e+00
855 1.6945412394289369e+02 2.3444738106707814e+00
856 1.7130154095312835e+02 2.3700336536365536e+00
857 1.6730464531844419e+02 2.3147348097874696e+00
858 1.6722740230080706e+02 2.3136661179923474e+00
859 1.6996228612847318e+02 2.3515044624362460e+00
860 1.6642340749925734e+02 2.3025424892939745e+00
861 1.6535885894824369e+02 2.2878139826045762e+00
862 1.6829402631507989e+02 2.3284233396468519e+00
863 1.6564183761329207e+02 2.2917291193610478e+00
864 1.6357642135550338e+02 2.2631531590253107e+00
865 1.6665529782018271e+02 2.3057507958946495e+00
866 1.6465060802880126e+02 2.2780150134595361e+00
867 1.6208749135298430e+02 2.2425531446048628e+00
868 1.6486862365853557e+02 2.2810313574843128e+00
869 1.6368058035866812e+02 2.2645942455529400e+00
870 1.6059411045855231e+02 2.2218915500984240e+00
871 1.6323722591252258e+02 2.2584602379310126e+00
872 1.6248828225222297e+02 2.2480982664641393e+00
873 1.5929449021692704e+02 2.2039107211317894e+00
874 1.6154288028071645e+02 2.2350182061435033e+00
875 1.6133284222660581e+02 2.2321122354556926e+00
876 1.5791387600685226e+02 2.1848093042831143e+00
877 1.6004275074503033e+02 2.2142632411583190e+00
878 1.5999069081046565e+02 2.2135429686129706e+00
879 1.5666492737107657e+02 2.1675295397113423e+00
880 1.5850011888786517e+02 2.1929202374917396e+00
881 1.5871506813434758e+02 2.1958941567288499e+00
882 1.5530103520222173e+02 2.1486594798033476e+00
883 1.5714936442174368e+02 2.1742319435937665e+00
884 1.5728203544085162e+02 2.1760675066505755e+00
885 1.5404669301128925e+02 2.1313050929767887e+00
886 1.5575257001761727e+02 2.1549066665030212e+00
887 1.5592865048132316e+02 2.1573428186964514e+00
888 1.5267704426349090e+02 2.1123553882170900e+00
889 1.5453289826645178e+02 2.1380319607615066e+00
890 1.5442814294404067e+02 2.1365826238896348e+00
891 1.5142260127026296e+02 2.0949996067455601e+00
892 1.5325569143990086e+02 2.1203612314456026e+00
893 1.5300338934489750e+02 2.1168705187951855e+00
894 1.5007509886680020e+02 2.0763563065931305e+00
895 1.5213346126268186e+02 2.1048346735854877e+00
896 1.5143035433151667e+02 2.0951068738255163e+00
897 1.4886723958851223e+02 2.0596450317121713e+00
898 1.5093118518384924e+02 2.0882006447732473e+00
899 1.4992560935630550e+02 2.0742880521643219e+00
900 1.4760286680781493e+02 2.0421518671771568e+00
901 1.4984612523533556e+02 2.0731883536993791e+00
902 1.4827807840623089e+02 2.0514937224965397e+00
903 1.4651143729021234e+02 2.0270514502579751e+00
904 1.4863807189904674e+02 2.0564743939389363e+00
905 1.4670964048521355e+02 2.0297936803616712e+00
906 1.4539955510474240e+02 2.0116680615051341e+00
907 1.4748729445446631e+02 2.0405528718304589e+00
908 1.4503411257801562e+02 2.0066120002345036e+00
909 1.4448076502822551e+02 1.9989561886880169e+00
910 1.4615238077742512e+02 2.0220837423545421e+00
911 1.4348843696860985e+02 1.9852268848904493e+00
912 1.4354621071211915e+02 1.9860262105453836e+00
913 1.4480903271966420e+02 2.0034979194382627e+00
914 1.4191510763653918e+02 1.9634591678896940e+00
915 1.4277345953325252e+02 1.9753348513806557e+00
916 1.4323803333512907e+02 1.9817624383067218e+00
917 1.4056047189528729e+02 1.9447171748094079e+00
918 1.4191836219206638e+02 1.9635041961251913e+00
919 1.4164257367734101e+02 1.9596885383234648e+00
920 1.3927531106786816e+02 1.9269363983238528e+00
921 1.4111185731504767e+02 1.9523458394068511e+00
922 1.3986215059778831e+02 1.9350555864377272e+00
923 1.3828066637799063e+02 1.9131750429075249e+00
924 1.4008226518377464e+02 1.9381009704637040e+00
925 1.3815608594971602e+02 1.9114514168037990e+00
926 1.3738516799974252e+02 1.9007854211830730e+00
927 1.3894962492327585e+02 1.9224303844321382e+00
928 1.3643029185877643e+02 1.8875742814784777e+00
929 1.3673023781345765e+02 1.8917241682974242e+00
930 1.3748424641367311e+02 1.9021562154798310e+00
931 1.3497338052153964e+02 1.8674172596536673e+00
932 1.3603545990622291e+02 1.8821116043193802e+00
933 1.3588660532560473e+02 1.8800521344302006e+00
934 1.3368907178658714e+02 1.8496482722495804e+00
935 1.3535070729868650e+02 1.8726377448593492e+00
936 1.3405859396600022e+02 1.8547607773449886e+00
937 1.3279267664175777e+02 1.8372462433572465e+00
938 1.3435417953746671e+02 1.8588503363063797e+00
939 1.3232506515817218e+02 1.8307766287422327e+00
940 1.3206473157065102e+02 1.8271747967904355e+00
941 1.3312750710932664e+02 1.8418787730588810e+00
942 1.3068293684349487e+02 1.8080570469584378e+00
943 1.3154899559467881e+02 1.8200393582377858e+00
944 1.3149241544929504e+02 1.8192565465482875e+00
945 1.2944969468664880e+02 1.7909945885675453e+00
946 1.3087156304090425e+02 1.8106667750048424e+00
947 1.2974101416370445e+02 1.7950251241992745e+00
948 1.2851177223340301e+02 1.7780180107368642e+00
949 1.2999757170056589e+02 1.7985747127965077e+00
950 1.2792080611933639e+02 1.7698417294804105e+00
951 1.2796161220678344e+02 1.7704063000031545e+00
952 1.2863652358535083e+02 1.7797440016462740e+00
953 1.2643973166972931e+02 1.7493504001579820e+00
954 1.2742232524665569e+02 1.7629450230212977e+00
955 1.2699872973344092e+02 1.7570843890990195e+00
956 1.2529882133610124e+02 1.7335653939552642e+00
957 1.2677557754516310e+02 1.7539969784828724e+00
958 1.2513961739495376e+02 1.7313627360211226e+00
959 1.2465948592380080e+02 1.7247199017624752e+00
960 1.2562954555628099e+02 1.7381411118824788e+00
961 1.2353136033343159e+02 1.7091117782171346e+00
962 1.2416368591051481e+02 1.7178602861955448e+00
963 1.2410776703517126e+02 1.7170866234736550e+00
964 1.2227422543803422e+02 1.6917187530716815e+00
965 1.2363283430290176e+02 1.7105157160992708e+00
966 1.2226322534556678e+02 1.6915665618584799e+00
967 1.2158609720011893e+02 1.6821981902512739e+00
968 1.2259882188251640e+02 1.6962096904736050e+00
969 1.2061847400294228e+02 1.6688106893065187e+00
970 1.2111553317864524e+02 1.6756877259502647e+00
971 1.2112817060155925e+02 1.6758625703645929e+00
972 1.1934837014502899e+02 1.6512382327476383e+00
973 1.2062428295794498e+02 1.6688910588044943e+00
974 1.1929777631042140e+02 1.6505382443527918e+00
975 1.1868899552737702e+02 1.6421154891605476e+00
976 1.1959521798928108e+02 1.6546534833924949e+00
977 1.1768471975373855e+02 1.6282208833805194e+00
978 1.1825473162876540e+02 1.6361072533411711e+00
979 1.1809338156524858e+02 1.6338749028414410e+00
980 1.1650523225051475e+02 1.6119021447332762e+00
981 1.1773487082799865e+02 1.6289147459873654e+00
982 1.1627175662425101e+02 1.6086719047221816e+00
983 1.1595112542502844e+02 1.6042358282669718e+00
984 1.1660418813669669e+02 1.6132712438036738e+00
985 1.1476720412986430e+02 1.5878557461195277e+00
986 1.1554512906090399e+02 1.5986186864661731e+00
987 1.1500798526905184e+02 1.5911870611786934e+00
988 1.1378003135660029e+02 1.5741977680209560e+00
989 1.1490411877195196e+02 1.5897500216036702e+00
990 1.1323118077158870e+02 1.5666041739992214e+00
991 1.1337115141883689e+02 1.5685407306854819e+00
992 1.1357446242641430e+02 1.5713536296671966e+00
993 1.1194255500999186e+02 1.5487754585951774e+00
994 1.1292328286132451e+02 1.5623442683080626e+00
995 1.1188254254224348e+02 1.5479451591862516e+00
996 1.1122601915328576e+02 1.5388618636270186e+00
997 1.1203643858985339e+02 1.5500743800325307e+00
998 1.1026127745705823e+02 1.5255142295403452e+00
999 1.1091790646688804e+02 1.5345989864117180e+00
1000 1.1046280985446641e+02 1.5283025206526017e+00
1001 1.0931071052034814e+02 1.5123627096094558e+00
1002 1.1027517390572490e+02 1.5257064931406770e+00
1003 1.0878448925430975e+02 1.5050822023657324e+00
1004 1.0885948747585375e+02 1.5061198364000394e+00
1005 1.0903476375634337e+02 1.5085448623579687e+00
1006 1.0749465632142929e+02 1.4872367852055222e+00
1007 1.0847935700443946e+02 1.5008605608266159e+00
1008 1.0730337525839852e+02 1.4845903259024482e+00
1009 1.0694014043433772e+02 1.4795648091884313e+00
1010 1.0745349093442201e+02 1.4866672436122044e+00
1011 1.0586961812889368e+02 1.4647536529270571e+00
1012 1.0658452939161953e+02 1.4746447709088133e+00
1013 1.0588749890077963e+02 1.4650010414262318e+00
1014 1.0505676281645985e+02 1.4535074350863630e+00
1015 1.0586018802098017e+02 1.4646231831543506e+00
1016 1.0426777047388967e+02 1.4425913721370840e+00
1017 1.0476413690185188e+02 1.4494588243051161e+00
1018 1.0438549268669748e+02 1.4442201117536844e+00
1019 1.0332813331375161e+02 1.4295910705674439e+00
1020 1.0416156061632790e+02 1.4411219111189941e+00
1021 1.0277119772655540e+02 1.4218856169140877e+00
1022 1.0292598593808005e+02 1.4240271812482930e+00
1023 1.0290964290086893e+02 1.4238010679980708e+00
1024 1.0161856209275975e+02 1.4059383859243568e+00
1025 1.0250653120323992e+02 1.4182238368521074e+00
1026 1.0123540928553413e+02 1.4006372949793635e+00
1027 1.0120112862844927e+02 1.4001630067125572e+00
1028 1.0134790864774683e+02 1.4021937741153552e+00
1029 1.0002457385135284e+02 1.3838848436467133e+00
1030 1.0080163416477548e+02 1.3946358216208163e+00
1031 9.9759222374941800e+01 1.3802135869514311e+00
1032 9.9476337742401554e+01 1.3762997511768864e+00
1033 9.9824910009263618e+01 1.3811224048354049e+00
1034 9.8415943646454082e+01 1.3616287232367426e+00
1035 9.9176274849845683e+01 1.3721482464699932e+00
1036 9.8223443664645174e+01 1.3589653996456468e+00
1037 9.7860258387304228e+01 1.3539405684327221e+00
1038 9.8239885301551922e+01 1.3591928770668833e+00
1039 9.6890005893290180e+01 1.3405166899868926e+00
1040 9.7528407905341780e+01 1.3493492681685773e+00
1041 9.6735239404090294e+01 1.3383754261907936e+00
1042 9.6238252612963464e+01 1.3314993910201249e+00
1043 9.6710481148429594e+01 1.3380328846188105e+00
1044 9.5331235861428937e+01 1.3189504074348744e+00
1045 9.5970266063352113e+01 1.3277916769051969e+00
1046 9.5188996458260334e+01 1.3169824614928411e+00
1047 9.4711811922751764e+01 1.3103803994106344e+00
1048 9.5136346944106592e+01 1.3162540318494316e+00
1049 9.3840100825687699e+01 1.2983198853907658e+00
1050 9.4397115392340936e+01 1.3060264317603352e+00
1051 9.3690569574833546e+01 1.2962510534653620e+00
1052 9.3173529274229949e+01 1.2890975689964035e+00
1053 9.3623850566752338e+01 1.2953279660628210e+00
1054 9.2313655909951322e+01 1.2772008353192461e+00
1055 9.2910319008058678e+01 1.2854559369051939e+00
1056 9.2141117204104702e+01 1.2748136849343976e+00
1057 9.1722434258247844e+01 1.2690210185849691e+00
1058 9.2072298831836221e+01 1.2738615518866896e+00
1059 9.0852976764922062e+01 1.2569916841836375e+00
1060 9.1406571089578179e+01 1.2646509099710821e+00
1061 9.0641934313992991e+01 1.2540718172153380e+00
1062 9.0258967793734953e+01 1.2487733036340971e+00
1063 9.0578291629415702e+01 1.2531912921283090e+00
1064 8.9364770954819221e+01 1.2364016892900931e+00
1065 8.9978991499734320e+01 1.2448997060277365e+00
1066 8.9100021573288601e+01 1.2327387628475417e+00
1067 8.8878864190181545e+01 1.2296789512556696e+00
1068 8.9043009894692176e+01 1.2319499807024890e+00
1069 8.7948837799116177e+01 1.2168116189869063e+00
1070 8.8526218461415937e+01 1.2247999394246298e+00
1071 8.7613387784377394e+01 1.2121705175722883e+00
1072 8.7487401998251116e+01 1.2104274477123340e+00
1073 8.7556548919198192e+01 1.2113841263783758e+00
1074 8.6519279043135853e+01 1.1970330323923395e+00
1075 8.7133272057141127e+01 1.2055279011377902e+00
1076 8.6096880827103675e+01 1.1911889636136108e+00
1077 8.6173592472499195e+01 1.1922503036354322e+00
1078 8.6025737332721917e+01 1.1902046614585695e+00
1079 8.5172481330287084e+01 1.1783994819506323e+00
1080 8.5700576235172932e+01 1.1857059118282007e+00
1081 8.4647842597664720e+01 1.1711408697665395e+00
1082 8.4842859789960102e+01 1.1738390200937698e+00
1083 8.4539241810850797e+01 1.1696383291698333e+00
1084 8.3826050555967328e+01 1.1597710082680581e+00
1085 8.4306484923415468e+01 1.1664180332328087e+00
1086 8.3190352111729055e+01 1.1509758351597126e+00
1087 8.3573292531195179e+01 1.1562739876247901e+00
1088 8.3015117710193564e+01 1.1485513886158976e+00
1089 8.2567973931315208e+01 1.1423649538759679e+00
1090 8.2856668767832332e+01 1.1463591764286063e+00
1091 8.1820954236386498e+01 1.1320296013329643e+00
1092 8.2266946378954657e+01 1.1382001026679944e+00
1093 8.1546624257713987e+01 1.1282341230317321e+00
1094 8.1311947194439526e+01 1.1249872606007090e+00
1095 8.1429643063425914e+01 1.1266156357387240e+00
1096 8.0468966146576179e+01 1.1133242396979337e+00
1097 8.0990634203068510e+01 1.1205417512453184e+00
1098 8.0067206053512166e+01 1.1077657086073676e+00
1099 8.0129738877422241e+01 1.1086308782742555e+00
1100 7.9945952043733158e+01 1.1060881049955398e+00
1101 7.9222558019529856e+01 1.0960796242039368e+00
1102 7.9647425652353604e+01 1.1019578584715941e+00
1103 7.8675596745477364e+01 1.0885121696467415e+00
1104 7.8923822679834842e+01 1.0919464867863260e+00
1105 7.8495621652507211e+01 1.0860221335105671e+00
1106 7.8003665190863643e+01 1.0792156952045728e+00
1107 7.8303958852000434e+01 1.0833703926982905e+00
1108 7.7314701317604374e+01 1.0696835709943706e+00
1109 7.7747289614229913e+01 1.0756686241087052e+00
1110 7.7023223003820789e+01 1.0656508377852669e+00
1111 7.6877545942151229e+01 1.0636353302959665e+00
1112 7.6882019288666868e+01 1.0636972210514579e+00
1113 7.6075408293391973e+01 1.0525373961394457e+00
1114 7.6497516040098233e+01 1.0583774461447653e+00
1115 7.5633022201080394e+01 1.0464167861271512e+00
1116 7.5744809691718942e+01 1.0479634162006157e+00
1117 7.5469239783831966e+01 1.0441507829225511e+00
1118 7.4888089921462850e+01 1.0361103139112542e+00
1119 7.5227332502501071e+01 1.0408038871817193e+00
1120 7.4284065653197814e+01 1.0277533672344403e+00
1121 7.4642320852259658e+01 1.0327099886030664e+00
1122 7.4023562665866550e+01 1.0241491915602887e+00
1123 7.3810376585726587e+01 1.0211996665203662e+00
1124 7.3859725229923924e+01 1.0218824271473768e+00
1125 7.3071348675791853e+01 1.0109748839073407e+00
1126 7.3459405354191659e+01 1.0163438221095815e+00
1127 7.2657952687487239e+01 1.0052553649870273e+00
1128 7.2737386194030265e+01 1.0063543631786713e+00
1129 7.2483060760460461e+01 1.0028356567316519e+00
1130 7.1931277171043789e+01 9.9520148327842106e-01
1131 7.2236062741014550e+01 9.9941832834563016e-01
1132 7.1348451482667741e+01 9.8713782846265341e-01
1133 7.1687027162556433e+01 9.9182217485658708e-01
1134 7.1072824163050484e+01 9.8332440086754913e-01
1135 7.0909079330242463e+01 9.8105891766053999e-01
1136 7.0901190171908979e+01 9.8094976761644126e-01
1137 7.0191409130038565e+01 9.7112962854129781e-01
1138 7.0540665659448436e+01 9.7596174927908019e-01
1139 6.9753435889496885e+01 9.6507007231255337e-01
1140 6.9888140609457025e+01 9.6693377253283674e-01
1141 6.9551967057092654e+01 9.6228266065063761e-01
1142 6.9121157092604790e+01 9.5632221155907005e-01
1143 6.9332282870409273e+01 9.5924323139206580e-01
1144 6.8514722610375827e+01 9.4793191849100267e-01
1145 6.8865558633497329e+01 9.5278589223274202e-01
1146 6.8187612640567679e+01 9.4340620533879305e-01
1147 6.8160632256033395e+01 9.4303291961714386e-01
1148 6.8008669429212134e+01 9.4093044574759066e-01
1149 6.7444391226872014e+01 9.3312340372030655e-01
1150 6.7720929825918148e+01 9.3694943927504892e-01
1151 6.6943311354449975e+01 9.2619073893403303e-01
1152 6.7174575937932346e+01 9.2939038817651953e-01
1153 6.6688123965219489e+01 9.2266010694383160e-01
1154 6.6459316239957687e+01 9.1949444943681091e-01
1155 6.6498450230664815e+01 9.2003588575116590e-01
1156 6.5810730553324973e+01 9.1052097554957301e-01
1157 6.6144042945209435e+01 9.1513250199320506e-01
1158 6.5396483087463949e+01 9.0478967605534999e-01
1159 6.5548092035545437e+01 9.0688725385381175e-01
1160 6.5181313363069094e+01 9.0181270640742928e-01
1161 6.4849061832896808e+01 8.9721585746141763e-01
1162 6.4965657739532702e+01 8.9882901412694316e-01
1163 6.4267750101205834e+01 8.8917314891544885e-01
1164 6.4557854576367561e+01 8.9318687445100597e-01
1165 6.3917612005562503e+01 8.8432883131341411e-01
1166 6.3938572913644713e+01 8.8461883487840953e-01
1167 6.3720021097909985e+01 8.8159507247981905e-01
1168 6.3269722089156616e+01 8.7536498371934102e-01
1169 6.3475520650161080e+01 8.7821229911847110e-01
1170 6.2747301326724653e+01 8.6813705814766728e-01
1171 6.3031077683684408e+01 8.7206323132952457e-01
1172 6.2441430555457003e+01 8.6390519883376626e-01
1173 6.2407060923855532e+01 8.6342967956461458e-01
1174 6.2248864901401156e+01 8.6124096663767780e-01
1175 6.1771801871706678e+01 8.5464058564290846e-01
1176 6.1980582865007456e+01 8.5752916433058002e-01
1177 6.1295511757180876e+01 8.4805089827617641e-01
1178 6.1516081654532456e+01 8.5110258173911413e-01
1179 6.1017688915396064e+01 8.4420709464711796e-01
1180 6.0899767639913598e+01 8.4257560090912720e-01
1181 6.0824288769986666e+01 8.4153131688885541e-01
1182 6.0296453115435298e+01 8.3422847385594701e-01
1183 6.0540524670261149e+01 8.3760531329133159e-01
1184 5.9853966865529387e+01 8.2810647811841076e-01
1185 6.0069761174543480e+01 8.3109208917468602e-01
1186 5.9592773897226230e+01 8.2449275624803320e-01
1187 5.9467877876653390e+01 8.2276476378330743e-01
1188 5.9397547312009259e+01 8.2179170887581265e-01
1189 5.8891162219080442e+01 8.1478564398425657e-01
1190 5.9107892029621915e+01 8.1778419812376735e-01
1191 5.8470543438776410e+01 8.0896619449696405e-01
1192 5.8642420612938018e+01 8.1134419229423094e-01
1193 5.8217311984001270e+01 8.0546262373725530e-01
1194 5.8059178899813553e+01 8.0327478158946763e-01
1195 5.8021135244505963e+01 8.0274843055441758e-01
1196 5.7503679078054809e+01 7.9558919239492809e-01
1197 5.7734365635628329e+01 7.9878084438970154e-01
1198 5.7095293952905621e+01 7.8993900101391190e-01
1199 5.7283171205183663e+01 7.9253836706849734e-01
1200 5.6843892657359099e+01 7.8646075132801962e-01
1201 5.6720740116979179e+01 7.8475688069377292e-01
1202 5.6648501014086435e+01 7.8375742030356454e-01
1203 5.6180852661541941e+01 7.7728729558996723e-01
1204 5.6372420843355492e+01 7.7993772731018340e-01
1205 5.5776042565806961e+01 7.7168656634441857e-01
1206 5.5943357436135329e+01 7.7400144262180459e-01
1207 5.5520834301907421e+01 7.6815564554380777e-01
1208 5.5404392078023868e+01 7.6654461514809280e-01
1209 5.5326893831397967e+01 7.6547239214543195e-01
1210 5.4876663791635238e+01 7.5924325760187417e-01
1211 5.5067251260780033e+01 7.6188012072243527e-01
1212 5.4469001538008015e+01 7.5360306747259687e-01
1213 5.4666764953728325e+01 7.5633921303268548e-01
1214 5.4205013042497363e+01 7.4995066822941481e-01
1215 5.4154174891047333e+01 7.4924729960146874e-01
1216 5.4011937065782497e+01 7.4727937549044177e-01
1217 5.3636573255053811e+01 7.4208604880561257e-01
1218 5.3772586123577277e+01 7.4396784784801850e-01
1219 5.3220727567809007e+01 7.3633263720168840e-01
1220 5.3406570984903894e+01 7.3890386423427079e-01
1221 5.2942397876606783e+01 7.3248182108360094e-01
1222 5.2925076906491739e+01 7.3224217769301680e-01
1223 5.2747147627155286e+01 7.2978044630608152e-01
1224 5.2418861076206049e+01 7.2523845462604841e-01
1225 5.2528977206099505e+01 7.2676196067394272e-01
1226 5.1992219418515475e+01 7.1933567592864822e-01
1227 5.2201799729160506e+01 7.2223531353029857e-01
1228 5.1694469991019275e+01 7.1521617904852330e-01
1229 5.1756968496579447e+01 7.1608087390564734e-01
1230 5.1492062286661131e+01 7.1241577767200925e-01
1231 5.1265824777668989e+01 7.0928568025990835e-01
1232 5.1293022500033032e+01 7.0966197294791566e-01
1233 5.0827947399876386e+01 7.0322745033529521e-01
1234 5.1007379148209601e+01 7.0570996905470895e-01
1235 5.0505928621239001e+01 6.9877217609650488e-01
1236 5.0605949931455825e+01 7.0015601578630404e-01
1237 5.0289063795576951e+01 6.9577175396224222e-01
1238 5.0137238323320204e+01 6.9367118045469733e-01
1239 5.0103198349572793e+01 6.9320022214981936e-01
1240 4.9691842503790326e+01 6.8750892951637288e-01
1241 4.9858436721131326e+01 6.8981383523644135e-01
1242 4.9343066470093625e+01 6.8268345665230068e-01
1243 4.9506348065949275e+01 6.8494253076829636e-01
1244 4.9103766486632118e+01 6.7937263404695347e-01
1245 4.9069581299192116e+01 6.7889966664550516e-01
1246 4.8921777940227898e+01 6.7685474087941666e-01
1247 4.8624064969114350e+01 6.7273574838969763e-01
1248 4.8713231756207065e+01 6.7396941088345308e-01
1249 4.8248968977641219e+01 6.6754612710439509e-01
1250 4.8414464122631486e+01 6.6983582666551988e-01
1251 4.7979486955195483e+01 6.6381772245203297e-01
1252 4.8020945402106335e+01 6.6439131866056389e-01
1253 4.7788930570771321e+01 6.6118128940252441e-01
1254 4.7587604329743591e+01 6.5839585055625960e-01
1255 4.7606581408984333e+01 6.5865840695941891e-01
1256 4.7192132707753593e+01 6.5292432328359495e-01
1257 4.7360367092686204e+01 6.5525192145796418e-01
1258 4.6888027877493769e+01 6.4871689655562159e-01
1259 4.7020085127014490e+01 6.5054396783489532e-01
1260 4.6675727293490368e+01 6.4577962275192335e-01
1261 4.6614181584253451e+01 6.4492811025929297e-01
1262 4.6504833795097376e+01 6.4341523455012728e-01
1263 4.6209851536679700e+01 6.3933402269537287e-01
1264 4.6304156857155895e+01 6.4063877910329514e-01
1265 4.5871767568801836e+01 6.3465647935765845e-01
1266 4.6023280280048816e+01 6.3675272567634922e-01
1267 4.5626106524104443e+01 6.3125764861696099e-01
1268 4.5661513609640750e+01 6.3174752152663438e-01
1269 4.5448338495261844e+01 6.2879814820293456e-01
1270 4.5266205798715312e+01 6.2627826065352266e-01
1271 4.5278526836371974e+01 6.2644872773590576e-01
1272 4.4902970965253729e+01 6.2125274380944140e-01
1273 4.5055445650282465e+01 6.2336229946688071e-01
1274 4.4618269138485580e+01 6.1731376633768043e-01
1275 4.4751212124744391e+01 6.1915309218200854e-01
1276 4.4415670108235815e+01 6.1451071788163958e-01
1277 4.4386057941492901e+01 6.1410102027269042e-01
1278 4.4255969482853018e+01 6.1230118809832257e-01
1279 4.4014627818581289e+01 6.0896211792320287e-01
1280 4.4079390495747660e+01 6.0985813861005644e-01
1281 4.3693987090437027e+01 6.0452590963108732e-01
1282 4.3838501427655480e+01 6.0652533030608546e-01
1283 4.3453253763284955e+01 6.0119525607287783e-01
1284 4.3524061407231358e+01 6.0217491158650571e-01
1285 4.3280107030564388e+01 5.9879969336350769e-01
1286 4.3168664181233453e+01 5.9725783155711720e-01
1287 4.3128785610288368e+01 5.9670609364120053e-01
1288 4.2826869553911244e+01 5.9252894958163371e-01
1289 4.2944783175080005e+01 5.9416033741876106e-01
1290 4.2545175641853731e+01 5.8863158795904613e-01
1291 4.2693947595403841e+01 5.9068991466567788e-01
1292 4.2338848772407218e+01 5.8577696317565597e-01
1293 4.2380219088970748e+01 5.8634934006130224e-01
1294 4.2185875839674701e+01 5.8366051403775387e-01
1295 4.2041928713325554e+01 5.8166894097954602e-01
1296 4.2039268955619285e+01 5.8163214203868818e-01
1297 4.1729894658974331e+01 5.7735180987974222e-01
1298 4.1851513141623606e+01 5.7903445613720861e-01
1299 4.1480963526849493e+01 5.7390773601274103e-01
1300 4.1599146129445117e+01 5.7554284532855637e-01
1301 4.1300738523404561e+01 5.7141424225305482e-01
1302 4.1294234584281121e+01 5.7132425733804482e-01
1303 4.1162312874100785e+01 5.6949906130633932e-01
1304 4.0976555519261410e+01 5.6692902498366382e-01
1305 4.1020378355008511e+01 5.6753533357225283e-01
1306 4.0692009133058527e+01 5.6299219810184364e-01
1307 4.0834045862743316e+01 5.6495733996532249e-01
1308 4.0469881614306892e+01 5.5991896424819010e-01
1309 4.0587305072115385e+01 5.6154357045537329e-01
1310 4.0309883679333687e+01 5.5770532105333637e-01
1311 4.0296297664882751e+01 5.5751735244961953e-01
1312 4.0183555614143501e+01 5.5595751560900908e-01
1313 3.9999780272020949e+01 5.5341490132127080e-01
1314 4.0048535791624190e+01 5.5408945580348545e-01
1315 3.9739002139606214e+01 5.4980691889147737e-01
1316 3.9869240712384226e+01 5.5160882796227750e-01
1317 3.9538132005217157e+01 5.4702779048513794e-01
1318 3.9634094803316749e+01 5.4835547883941493e-01
1319 3.9394076492832077e+01 5.4503471785750812e-01
1320 3.9360397334821620e+01 5.4456875160018903e-01
1321 3.9279003069506224e+01 5.4344262543146238e-01
1322 3.9084618410932890e+01 5.4075322649198931e-01
1323 3.9153803031591046e+01 5.4171042675044334e-01
1324 3.8844162849549228e+01 5.3742641594777307e-01
1325 3.8986598119818751e+01 5.3939707179900065e-01
1326 3.8660266031807261e+01 5.3488212099035415e-01
1327 3.8767683455222986e+01 5.3636828922366775e-01
1328 3.8529391918112978e+01 5.3307141892591581e-01
1329 3.8513401487127389e+01 5.3285018414097962e-01
1330 3.8425775485336573e+01 5.3163783910297047e-01
1331 3.8257297840514468e+01 5.2930687531891973e-01
1332 3.8313491911360479e+01 5.3008434549402073e-01
1333 3.8033870452722013e+01 5.2621565719405128e-01
1334 3.8162940097196632e+01 5.2800139361746989e-01
1335 3.7863256226955002e+01 5.2385513285429874e-01
1336 3.7964308846997241e+01 5.2525324117811001e-01
1337 3.7743276968125308e+01 5.2219516599362381e-01
1338 3.7731464846167306e+01 5.2203173998819763e-01
1339 3.7651255193084900e+01 5.2092200346105322e-01
1340 3.7494601564107384e+01 5.1875463023968449e-01
1341 3.7554351186717113e+01 5.1958129306822198e-01
1342 3.7285982916026221e+01 5.1586829767094355e-01
1343 3.7424170310772837e+01 5.1778018225899558e-01
1344 3.7125960426120329e+01 5.1365431474758239e-01
1345 3.7249307418510455e+01 5.1536087571260858e-01
1346 3.7015054934981364e+01 5.1211988753280124e-01
1347 3.7039936509773042e+01 5.1246413528027412e-01
1348 3.6934536303818000e+01 5.1100587615531956e-01
1349 3.6822422746825026e+01 5.0945473480758963e-01
1350 3.6854773368859803e+01 5.0990232017379178e-01
1351 3.6627120783008742e+01 5.0675264453863778e-01
1352 3.6748016540140270e+01 5.0842529156439920e-01
1353 3.6475447545723121e+01 5.0465417727020101e-01
1354 3.6600315396086906e+01 5.0638177998744915e-01
1355 3.6371609184077109e+01 5.0321752696180200e-01
1356 3.6417192445631606e+01 5.0384819183104701e-01
1357 3.6301625395555732e+01 5.0224926985750640e-01
1358 3.6220529624661296e+01 5.0112727349297870e-01
1359 3.6239506890000072e+01 5.0138983247088764e-01
1360 3.6038577277073301e+01 4.9860988115230082e-01
1361 3.6158139629963934e+01 5.0026407993231237e-01
1362 3.5894076016990304e+01 4.9661064140533728e-01
1363 3.6040586658060988e+01 4.9863768183954099e-01
1364 3.5795510606175810e+01 4.9524694473678965e-01
1365 3.5886957078229536e+01 4.9651214769449664e-01
1366 3.5734416678050330e+01 4.9440168283847513e-01
1367 3.5713789528276401e+01 4.9411629696937664e-01
1368 3.5689219800251166e+01 4.9377636376179135e-01
1369 3.5546541977789417e+01 4.9180235209219142e-01
1370 3.5634033631573452e+01 4.9301283836526716e-01
1371 3.5408971276063710e+01 4.8989899972869144e-01
1372 3.5549124808943795e+01 4.9183808671969959e-01
1373 3.5314003411064753e+01 4.8858507672012302e-01
1374 3.5428804990015820e+01 4.9017340805731219e-01
1375 3.5259317381979720e+01 4.8782847097919313e-01
1376 3.5283341060777516e+01 4.8816084935079523e-01
1377 3.5228755920669748e+01 4.8740563945411791e-01
1378 3.5134218325424960e+01 4.8609766942058902e-01
1379 3.5198803943912793e+01 4.8699124042120817e-01
1380 3.5005207839301818e+01 4.8431275147949754e-01
1381 3.5147800089368204e+01 4.8628557921662546e-01
1382 3.4913224075611708e+01 4.8304011485100762e-01
1383 3.5064395334163663e+01 4.8513163701850964e-01
1384 3.4862385456126390e+01 4.8233673974758345e-01
1385 3.4951786966473136e+01 4.8357364974283973e-01
1386 3.4843002873828404e+01 4.8206857302774536e-01
1387 3.4825993605850066e+01 4.8183324217603157e-01
1388 3.4835510697851355e+01 4.8196491541260794e-01
1389 3.4709176813727893e+01 4.8021702946072875e-01
1390 3.4817916812694357e+01 4.8172149612000675e-01
1391 3.4621085382360896e+01 4.7899824499577215e-01
1392 3.4774140705400839e+01 4.8111583404053232e-01
1393 3.4572010315677346e+01 4.7831926943637371e-01
1394 3.4700040324740350e+01 4.8009062203756098e-01
1395 3.4559523506299300e+01 4.7814650882787096e-01
1396 3.4604680768225101e+01 4.7877127980117773e-01
1397 3.4569748270383528e+01 4.7828797302512971e-01
1398 3.4506460415947302e+01 4.7741235717225566e-01
1399 3.4582562427631885e+01 4.7846526263824479e-01
1400 3.4425963216715381e+01 4.7629864231515850e-01
1401 3.4578985162248522e+01 4.7841576956714110e-01
1402 3.4378527026367507e+01 4.7564234134495570e-01
1403 3.4548137504226204e+01 4.7798897838218168e-01
1404 3.4369150109767737e+01 4.7551260749793284e-01
1405 3.4491109725310245e+01 4.7719997348198673e-01
1406 3.4391161444450354e+01 4.7581714418609689e-01
1407 3.4420231959470115e+01 4.7621934780050701e-01
1408 3.4428823003048215e+01 4.7633820874178440e-01
1409 3.4354220380829176e+01 4.7530604800157816e-01
1410 3.4462956735985799e+01 4.7681046424711260e-01
1411 3.4311335482961809e+01 4.7471271620425215e-01
1412 3.4477759966194697e+01 4.7701527357680346e-01
1413 3.4303171352817415e+01 4.7459976180181529e-01
1414 3.4466406093242242e+01 4.7685818765190918e-01
1415 3.4331055622560392e+01 4.7498555318074992e-01
1416 3.4433313148653419e+01 4.7640033192021497e-01
1417 3.4385946885634972e+01 4.7574499842597961e-01
1418 3.4392265083455953e+01 4.7583241352675887e-01
1419 3.4451683544095488e+01 4.7665449458090131e-01
1420 3.4361299327543563e+01 4.7540398840451931e-01
1421 3.4510547967831641e+01 4.7746891028598115e-01
1422 3.4356456010074417e+01 4.7533697893494159e-01
1423 3.4549358966767237e+01 4.7800587786430421e-01
1424 3.4386595365914651e+01 4.7575397044151435e-01
1425 3.4563958276582945e+01 4.7820786586389008e-01
1426 3.4450771855491531e+01 4.7664188096014232e-01
1427 3.4560393484344203e+01 4.7815854536433688e-01
1428 3.4538661695932674e+01 4.7785787632421933e-01
1429 3.4552283140179576e+01 4.7804633511505490e-01
1430 3.4633553294276872e+01 4.7917074414941097e-01
1431 3.4555091010363419e+01 4.7808518325847332e-01
1432 3.4716335406108527e+01 4.8031607179718627e-01
1433 3.4578417746511796e+01 4.7840791911591835e-01
1434 3.4767649359131241e+01 4.8102602335330352e-01
1435 3.4616513355592723e+01 4.7893498895472547e-01
1436 3.4764204553312034e+01 4.8097836291968254e-01
1437 3.4635592060427591e+01 4.7919895139356194e-01
1438 3.4665272190010320e+01 4.7960958929888359e-01
1439 3.4556289748401340e+01 4.7810176833690265e-01
1440 3.4389146605429303e+01 4.7578926798451698e-01
1441 3.4235175629788628e+01 4.7365901047532444e-01
1442 3.3791464923511491e+01 4.6752007383468208e-01
1443 3.3465894848249569e+01 4.6301566581421444e-01
1444 3.2679664085131087e+01 4.5213781055531155e-01
1445 3.2042508551796253e+01 4.4332247796576124e-01
1446 3.0911446252097960e+01 4.2767372372963913e-01
1447 2.9915138699110194e+01 4.1388936185633068e-01
1448 2.8575041523066808e+01 3.9534851634674373e-01
1449 2.7368862328545426e+01 3.7866048617826964e-01
1450 2.6120167122536007e+01 3.6138422792098568e-01
1451 2.5043732201812347e+01 3.4649126797520957e-01
1452 2.4263141729051782e+01 3.3569144866326994e-01
1453 2.3697148598264256e+01 3.2786067983171230e-01
1454 2.3667317718311992e+01 3.2744795622741152e-01
1455 2.3822850038420810e+01 3.2959981563763674e-01
1456 2.4532566808318133e+01 3.3941906548120432e-01
1457 2.5224353550153293e+01 3.4899024534430623e-01
1458 2.6152037569423459e+01 3.6182516984864976e-01
1459 2.6668986105984512e+01 3.6897738472092051e-01
1460 2.6908450613016054e+01 3.7229048358365363e-01
1461 2.6559073914680063e+01 3.6745670025487848e-01
1462 2.5825771621018777e+01 3.5731113411112930e-01
1463 2.4981783259027864e+01 3.4563417656558471e-01
1464 2.4163097381130637e+01 3.3430729023649836e-01
1465 2.3871136157966479e+01 3.3026787575951311e-01
1466 2.3849596930198146e+01 3.2996987088226415e-01
1467 2.4457746787434331e+01 3.3838389693296034e-01
1468 2.5001203806016505e+01 3.4590286854394642e-01
1469 2.5616857292888273e+01 3.5442071067628322e-01
1470 2.5572161704545227e+01 3.5380232716407017e-01
1471 2.5186331642408561e+01 3.4846419519654287e-01
1472 2.4386224035901083e+01 3.3739434758511844e-01
1473 2.3712809026954016e+01 3.2807734888686846e-01
1474 2.3429187827859689e+01 3.2415332238367295e-01
1475 2.3568634124838162e+01 3.2608262444876301e-01
1476 2.4172551408448648e+01 3.3443809094489485e-01
1477 2.4589987740110928e+01 3.4021350982779269e-01
1478 2.4820593974599166e+01 3.4340405051665357e-01
1479 2.4306247769404017e+01 3.3628784006606399e-01
1480 2.3717368314608876e+01 3.2814042867656856e-01
1481 2.3052744519178109e+01 3.1894506036047399e-01
1482 2.2994726919345162e+01 3.1814236084392428e-01
1483 2.3280871185680951e+01 3.2210129511408664e-01
1484 2.3812903928795869e+01 3.2946220674980825e-01
1485 2.4066555857171526e+01 3.3297159495037676e-01
1486 2.3759773019182663e+01 3.2872711678429489e-01
1487 2.3191353821814481e+01 3.2086278223342074e-01
1488 2.2565551824781394e+01 3.1220453091105110e-01
1489 2.2554514755923805e+01 3.1205182811290672e-01
1490 2.2792420339772466e+01 3.1534335857417478e-01
1491 2.3348156936349973e+01 3.2303222365453338e-01
1492 2.3337309027763919e+01 3.2288213797359050e-01
1493 2.3017618697189572e+01 3.1845907885814029e-01
1494 2.2336152637767025e+01 3.0903069026539293e-01
1495 2.2049276992772494e+01 3.0506163704343875e-01
1496 2.2182151610210742e+01 3.0690001697446861e-01
1497 2.2603659142937900e+01 3.1273176275017078e-01
1498 2.2855801672928930e+01 3.1622026774707163e-01
1499 2.2518077203727799e+01 3.1154769823479722e-01
1500 2.2017531004213293e+01 3.0462241705256982e-01
1501 2.1556190169837386e+01 2.9823955968197063e-01
1502 2.1755003011788173e+01 3.0099022452466123e-01
1503 2.2053031717626489e+01 3.0511358534591515e-01
1504 2.2339956066429462e+01 3.0908331240690445e-01
1505 2.1958410001843642e+01 3.0380445146701129e-01
1506 2.1475313582631681e+01 2.9712059582208783e-01
1507 2.1143525072908563e+01 2.9253015297167079e-01
1508 2.1341428190899187e+01 2.9526823137533043e-01
1509 2.1716539250675186e+01 3.0045806113736190e-01
1510 2.1732284921273664e+01 3.0067590955255902e-01
1511 2.1371568357840680e+01 2.9568523410385295e-01
1512 2.0820375057542826e+01 2.8805922756534574e-01
1513 2.0816725653196503e+01 2.8800873641933278e-01
1514 2.1029264263611516e+01 2.9094930342519854e-01
1515 2.1371644204924024e+01 2.9568628348227100e-01
1516 2.1066243654502557e+01 2.9146092988468686e-01
1517 2.0653008426764021e+01 2.8574363515891160e-01
1518 2.0320901439436298e+01 2.8114878602798687e-01
1519 2.0554417592523325e+01 2.8437958674585917e-01
1520 2.0834654033159040e+01 2.8825678359760087e-01
1521 2.0773390648584176e+01 2.8740917719330217e-01
1522 2.0342698586695917e+01 2.8145035933708340e-01
1523 1.9960037200154122e+01 2.7615606741766957e-01
1524 2.0115680277761630e+01 2.7830945920756767e-01
1525 2.0349931074890989e+01 2.8155042405527841e-01
1526 2.0433851512507083e+01 2.8271150095085912e-01
1527 1.9938952675674134e+01 2.7586435356436473e-01
1528 1.9664807981687034e+01 2.7207143875986162e-01
1529 1.9656128692323854e+01 2.7195135689856642e-01
1530 2.0013823070370186e+01 2.7690021905689555e-01
1531 1.9962579602646770e+01 2.7619124269650908e-01
1532 1.9596947157225216e+01 2.7113255381555140e-01
1533 1.9256201163382674e+01 2.6641818015460672e-01
1534 1.9337693776606582e+01 2.6754566701075999e-01
1535 1.9639949634829055e+01 2.7172751238126991e-01
1536 1.9531763343906803e+01 2.7023070652114045e-01
1537 1.9188424709636099e+01 2.6548046251698504e-01
1538 1.8853852485283845e+01 2.6085150572608351e-01
1539 1.9090677307796032e+01 2.6412808336950333e-01
1540 1.9229734510653937e+01 2.6605200214291341e-01
1541 1.9149504725807766e+01 2.6494198708378752e-01
1542 1.8668560674183109e+01 2.5828791040984422e-01
1543 1.8589821783864512e+01 2.5719852254522407e-01
1544 1.8766836246952799e+01 2.5964759703903983e-01
1545 1.8916776295998133e+01 2.6172208487077858e-01
1546 1.8619861638203243e+01 2.5761413740389372e-01
1547 1.8260448334243062e+01 2.5264149313454998e-01
1548 1.8312319257014764e+01 2.5335915061696429e-01
1549 1.8504756815879265e+01 2.5602161055862543e-01
1550 1.8513007979442623e+01 2.5613576910745117e-01
1551 1.8072422570991076e+01 2.5004007236402787e-01
1552 1.7947500101652526e+01 2.4831171396876536e-01
1553 1.8048291446304010e+01 2.4970620743035460e-01
1554 1.8258823422981084e+01 2.5261901175841267e-01
1555 1.7942114502492107e+01 2.4823720178875711e-01
1556 1.7663509175129899e+01 2.4438257212076403e-01
1557 1.7648854352494610e+01 2.4417981607641989e-01
1558 1.7884852674777655e+01 2.4744495871845618e-01
1559 1.7795017569922599e+01 2.4620204974869561e-01
1560 1.7426509466221475e+01 2.4110357484560979e-01
1561 1.7325333998357316e+01 2.3970376686708089e-01
1562 1.7472814682848018e+01 2.4174422828709788e-01
1563 1.7586029533516811e+01 2.4331060652680034e-01
1564 1.7215762585988216e+01 2.3818779723046035e-01
1565 1.7045449840335777e+01 2.3583144400331707e-01
1566 1.7092096368800014e+01 2.3647681964716960e-01
1567 1.7304719291938543e+01 2.3941855315738231e-01
1568 1.7021056320829953e+01 2.3549394871963328e-01
1569 1.6774577359038734e+01 2.3208380172907919e-01
1570 1.6767837157119814e+01 2.3199054801232183e-01
1571 1.6973550717518684e+01 2.3483668738994787e-01
1572 1.6827610801796347e+01 2.3281754319692824e-01
1573 1.6502919466114488e+01 2.2832529293269524e-01
1574 1.6484778734682536e+01 2.2807430777660098e-01
1575 1.6633527349604989e+01 2.3013231158285105e-01
1576 1.6613532493190174e+01 2.2985567377598096e-01
1577 1.6241330373637766e+01 2.2470609050670123e-01
1578 1.6211664368148455e+01 2.2429564801454716e-01
1579 1.6320712223364865e+01 2.2580437400312711e-01
1580 1.6362722859022117e+01 2.2638560999063989e-01
1581 1.6000355637691705e+01 2.2137209694954685e-01
1582 1.5928074730795384e+01 2.2037205818219843e-01
1583 1.6048023347515471e+01 2.2203160109554296e-01
1584 1.6078531611519807e+01 2.2245369661203390e-01
1585 1.5774543396098549e+01 2.1824788330265779e-01
1586 1.5637196409699310e+01 2.1634762614104344e-01
1587 1.5803206448139688e+01 2.1864444948399778e-01
1588 1.5782777772305218e+01 2.1836180959087403e-01
1589 1.5543758938889289e+01 2.1505487682251262e-01
1590 1.5358326312293860e+01 2.1248933326074376e-01
1591 1.5562470437669708e+01 2.1531375880088144e-01
1592 1.5499842253042384e+01 2.1444726977569789e-01
1593 1.5288310954910157e+01 2.1152063938707819e-01
1594 1.5108575853414093e+01 2.0903392364059223e-01
1595 1.5309577977698581e+01 2.1181487818633693e-01
1596 1.5239414078846794e+01 2.1084412917483453e-01
1597 1.5004740607616244e+01 2.0759731644135015e-01
1598 1.4889469192300554e+01 2.0600248470731891e-01
1599 1.5046470750931281e+01 2.0817467169149806e-01
1600 1.4990867876556269e+01 2.0740538098474509e-01
1601 1.4709212291546340e+01 2.0350854963405179e-01
1602 1.4687131442885192e+01 2.0320305118881540e-01
1603 1.4787942453364582e+01 2.0459781673595451e-01
1604 1.4732243877604146e+01 2.0382720195760889e-01
1605 1.4426553477326223e+01 1.9959783815725321e-01
1606 1.4483869701446569e+01 2.0039083382622833e-01
1607 1.4546109112306404e+01 2.0125194399196047e-01
1608 1.4447104875048799e+01 1.9988217596274385e-01
1609 1.4174917059211387e+01 1.9611633544516782e-01
1610 1.4271207810320131e+01 1.9744856117642445e-01
1611 1.4317831313886130e+01 1.9809361826048241e-01
1612 1.4137526838270414e+01 1.9559902496766748e-01
1613 1.3957325528178476e+01 1.9310585901614724e-01
1614 1.4053493696441393e+01 1.9443638875874925e-01
1615 1.4084372035891866e+01 1.9486360443502887e-01
1616 1.3824419208000588e+01 1.9126704046349463e-01
1617 1.3763855671159890e+01 1.9042911676650356e-01
1618 1.3839234849584384e+01 1.9147202151012413e-01
1619 1.3823643749797322e+01 1.9125631165143314e-01
1620 1.3536167553145965e+01 1.8727894952793900e-01
1621 1.3580318177898292e+01 1.8788979322443980e-01
1622 1.3628370691399565e+01 1.8855462130191172e-01
1623 1.3527424400622555e+01 1.8715798409117723e-01
1624 1.3294140746500918e+01 1.8393040010077477e-01
1625 1.3395429310339036e+01 1.8533177281283075e-01
1626 1.3407356135085527e+01 1.8549678578278378e-01
1627 1.3211925184003029e+01 1.8279291091714872e-01
1628 1.3102766678479364e+01 1.8128265403193750e-01
1629 1.3200927086861432e+01 1.8264074731017521e-01
1630 1.3157856303280880e+01 1.8204484370063129e-01
1631 1.2913259072033261e+01 1.7866073129616789e-01
1632 1.2946786367588082e+01 1.7912459646829781e-01
1633 1.2987479865654176e+01 1.7968760926645605e-01
1634 1.2874348140144681e+01 1.7812238110061693e-01
1635 1.2668726019378884e+01 1.7527750683132823e-01
1636 1.2795216636971432e+01 1.7702756126105249e-01
1637 1.2745646067962515e+01 1.7634173020473295e-01
1638 1.2577177843533285e+01 1.7401089675604306e-01
1639 1.2493370224465842e+01 1.7285138075568590e-01
1640 1.2611752574677599e+01 1.7448925366936402e-01
1641 1.2476098571311315e+01 1.7261241968737090e-01
1642 1.2307096530540207e+01 1.7027420065015639e-01
1643 1.2364281025436913e+01 1.7106537378623743e-01
1644 1.2371979156649731e+01 1.7117188088443966e-01
1645 1.2199777458498383e+01 1.6878939315221472e-01
1646 1.2098972968619975e+01 1.6739471782051490e-01
1647 1.2225095286136046e+01 1.6913967665348600e-01
1648 1.2083176331081681e+01 1.6717616425484499e-01
1649 1.1952628966400916e+01 1.6536998290956664e-01
1650 1.1950293147421570e+01 1.6533766580629339e-01
1651 1.2018436373068031e+01 1.6628045789765963e-01
1652 1.1790839142420348e+01 1.6313154812657307e-01
1653 1.1760525226759860e+01 1.6271214150659111e-01
1654 1.1811343570064858e+01 1.6341523607996600e-01
1655 1.1733342797520853e+01 1.6233606040582815e-01
1656 1.1554368180888551e+01 1.5985986630853558e-01
1657 1.1609879047269732e+01 1.6062788404342521e-01
1658 1.1618404312952347e+01 1.6074583491801492e-01
1659 1.1426347359386462e+01 1.5808864082137450e-01
1660 1.1399243792721208e+01 1.5771365081969196e-01
1661 1.1445010841265743e+01 1.5834685846437888e-01
1662 1.1355251097244478e+01 1.5710499214555568e-01
1663 1.1181681756028457e+01 1.5470358245809668e-01
1664 1.1282562595738089e+01 1.5609931412395697e-01
1665 1.1215272060721221e+01 1.5516831938991180e-01
1666 1.1079271638437078e+01 1.5328669254680946e-01
1667 1.1033593436100443e+01 1.5265471412925938e-01
1668 1.1116075610071416e+01 1.5379589200219984e-01
1669 1.0939589863110889e+01 1.5135413253315874e-01
1670 1.0867032971799819e+01 1.5035027539764390e-01
1671 1.0922548292211699e+01 1.5111835475604601e-01
1672 1.0853888736264540e+01 1.5016841900337793e-01
1673 1.0701617802449178e+01 1.4806168233536501e-01
1674 1.0726182901393116e+01 1.4840155149753428e-01
1675 1.0747222489522107e+01 1.4869264363626761e-01
1676 1.0559362635383771e+01 1.4609351829274875e-01
1677 1.0554970745033835e+01 1.4603275451984563e-01
1678 1.0575207595169232e+01 1.4631274041838238e-01
1679 1.0485211137847127e+01 1.4506759906486813e-01
1680 1.0343899004117334e+01 1.4311248231143253e-01
1681 1.0443452923243157e+01 1.4448985543584691e-01
1682 1.0343097821893915e+01 1.4310139759601412e-01
1683 1.0229813548527313e+01 1.4153405886214906e-01
1684 1.0228639907340371e+01 1.4151782100990984e-01
1685 1.0253768195382786e+01 1.4186548214586595e-01
1686 1.0081016941716676e+01 1.3947539106659998e-01
1687 1.0064955416731610e+01 1.3925317266429299e-01
1688 1.0105548199897360e+01 1.3981479202663091e-01
1689 9.9739052312988594e+00 1.3799345250973516e-01
1690 9.9003559529928040e+00 1.3697586525502548e-01
1691 9.9400285324283324e+00 1.3752475318601320e-01
1692 9.8823926160079587e+00 1.3672733443067436e-01
1693 9.7290184777037361e+00 1.3460533443373343e-01
1694 9.7998284507884339e+00 1.3558502217203436e-01
1695 9.7394007542991314e+00 1.3474897788723386e-01
1696 9.6283905548688047e+00 1.3321310198627645e-01
1697 9.5985485638097572e+00 1.3280022465482957e-01
1698 9.6467962560403748e+00 1.3346775311756623e-01
1699 9.4793852717555076e+00 1.3115154706048165e-01
1700 9.4623932824763717e+00 1.3091645526732143e-01
1701 9.4860598525328488e+00 1.3124389287931201e-01
1702 9.3864852043814668e+00 1.2986623295953131e-01
1703 9.2961959566977619e+00 1.2861704072003793e-01
1704 9.3460982355552176e+00 1.2930746113089511e-01
1705 9.2750466368722648e+00 1.2832443039406505e-01
1706 9.1495411305054866e+00 1.2658800542000512e-01
1707 9.2047746612046843e+00 1.2735218609134002e-01
1708 9.1448631126791486e+00 1.2652328294512810e-01
1709 9.0406918893831421e+00 1.2508202734650173e-01
1710 9.0254276693429993e+00 1.2487084001572604e-01
1711 9.0538176827082619e+00 1.2526362858451817e-01
1712 8.8894029775306720e+00 1.2298887739281557e-01
1713 8.9050928851148115e+00 1.2320595430169774e-01
1714 8.8973479379629978e+00 1.2309879948398096e-01
1715 8.8028611960720156e+00 1.2179153302941140e-01
1716 8.7328211421378494e+00 1.2082249746789293e-01
1717 8.7888978742904236e+00 1.2159834420953976e-01
1718 8.6718090856181149e+00 1.1997836829996612e-01
1719 8.6068508095862697e+00 1.1907964141507597e-01
1720 8.6450851871478704e+00 1.1960863117805560e-01
1721 8.5632285705004083e+00 1.1847610817126961e-01
1722 8.4766398306165769e+00 1.1727811411699070e-01
1723 8.4996289194154144e+00 1.1759617847190852e-01
1724 8.4635164294571528e+00 1.1709654597565963e-01
1725 8.3326176034220456e+00 1.1528550200490162e-01
1726 8.3832282023505780e+00 1.1598572234164771e-01
1727 8.3253306671537057e+00 1.1518468397319111e-01
1728 8.2366040127941673e+00 1.1395711091321366e-01
1729 8.2201282784813632e+00 1.1372916173907048e-01
1730 8.2358434692832070e+00 1.1394658845260996e-01
1731 8.0932725102159910e+00 1.1197405528600525e-01
1732 8.1098755776740745e+00 1.1220376617132662e-01
1733 8.0965264235765915e+00 1.1201907463683965e-01
1734 7.9959016610914224e+00 1.1062688591423912e-01
1735 7.9656133022735345e+00 1.1020783288463763e-01
1736 7.9858951209147788e+00 1.1048844094262267e-01
1737 7.8789765610845990e+00 1.0900917471077240e-01
1738 7.8367296007863656e+00 1.0842466906585203e-01
1739 7.8714034555853987e+00 1.0890439739939634e-01
1740 7.7572185014652177e+00 1.0732459734331966e-01
1741 7.7266749937486985e+00 1.0690201421426265e-01
1742 7.7327211362983936e+00 1.0698566530833764e-01
1743 7.6674840118138379e+00 1.0608308043003127e-01
1744 7.5817260763312326e+00 1.0489658092728728e-01
1745 7.6375921036888252e+00 1.0566951247358727e-01
1746 7.5319110569592329e+00 1.0420736779055022e-01
1747 7.4876776104424732e+00 1.0359537821779012e-01
1748 7.4945094925714342e+00 1.0368990037137510e-01
1749 7.4438386258072144e+00 1.0298884620209010e-01
1750 7.3521065894725579e+00 1.0171969233447116e-01
1751 7.3925181320633460e+00 1.0227880415216194e-01
1752 7.3217714570652088e+00 1.0129999217127993e-01
1753 7.2458377621819805e+00 1.0024941544373336e-01
1754 7.2722378271003105e+00 1.0061467218320282e-01
1755 7.2119783337777115e+00 9.9780955064658478e-02
1756 7.1381757314088015e+00 9.8759862957914765e-02
1757 7.1485013864475215e+00 9.8902723026781894e-02
1758 7.1153093305452435e+00 9.8443496045611242e-02
1759 7.0118668388808816e+00 9.7012322775969509e-02
1760 7.0537084827487755e+00 9.7591220686277971e-02
1761 6.9865706592095798e+00 9.6662338784022667e-02
1762 6.9238768064442748e+00 9.5794941210695733e-02
1763 6.9204137344660648e+00 9.5747028056571981e-02
1764 6.9001946300874941e+00 9.5467287678540499e-02
1765 6.7954180453951034e+00 9.4017656633470031e-02
1766 6.8298349504075162e+00 9.4493829951465741e-02
1767 6.7758984789956216e+00 9.3747594677145746e-02
1768 6.7026183488654061e+00 9.2733731208170897e-02
1769 6.7113949443748533e+00 9.2855159343644800e-02
1770 6.6763572968910170e+00 9.2370397775132881e-02
1771 6.5938548346617214e+00 9.1228939205038578e-02
1772 6.6048068401717632e+00 9.1380465113615861e-02
1773 6.5743712108158006e+00 9.0959374530064266e-02
1774 6.4819563032446190e+00 8.9680772832597108e-02
1775 6.5116134739971638e+00 9.0091093092205324e-02
1776 6.4550825961444191e+00 8.9308963041096909e-02
1777 6.3954126968549616e+00 8.8483403220454004e-02
1778 6.3904092396675303e+00 8.8414178146045672e-02
1779 6.3701151901403703e+00 8.8133400868268014e-02
1780 6.2735902162050916e+00 8.6797934559149428e-02
1781 6.3095236319953791e+00 8.7295089483963556e-02
1782 6.2464832597509394e+00 8.6422897658217049e-02
1783 6.1917143750774297e+00 8.5665145573057030e-02
1784 6.1929096174135658e+00 8.5681682286884192e-02
1785 6.1579633379649685e+00 8.5198184836121474e-02
1786 6.0810790651340234e+00 8.4134456436301810e-02
1787 6.1032117118314826e+00 8.4440671530603723e-02
1788 6.0498791772981191e+00 8.3702791993884376e-02
1789 5.9860118149140380e+00 8.2819158388622818e-02
1790 6.0069387544360664e+00 8.3108691983352093e-02
1791 5.9441913436349907e+00 8.2240553410577677e-02
1792 5.8975864919209897e+00 8.1595754383258098e-02
1793 5.9004470725987268e+00 8.1635331800002028e-02
1794 5.8560069569329469e+00 8.1020482866867097e-02
1795 5.7890027590107627e+00 8.0093449734958772e-02
1796 5.8211146987575155e+00 8.0537732824649003e-02
1797 5.7392995507740769e+00 7.9405783555429876e-02
1798 5.7140544259265136e+00 7.9056505929869264e-02
1799 5.7088565854566173e+00 7.8984591475560542e-02
1800 5.6574242001742663e+00 7.8273001356010327e-02
1801 5.6078687700454513e+00 7.7587379752887306e-02
1802 5.6286166028032856e+00 7.7874435325198513e-02
1803 5.5479981363401327e+00 7.6759042681564776e-02
1804 5.5285112246301207e+00 7.6489432517516040e-02
1805 5.5275156720132683e+00 7.6475658600522786e-02
1806 5.4563879691458466e+00 7.5491574928165300e-02
1807 5.4399375543809851e+00 7.5263976061324581e-02
1808 5.4321437211234009e+00 7.5156144882407391e-02
1809 5.3665093389341072e+00 7.4248063765572414e-02
1810 5.3469845693037472e+00 7.3977929820215116e-02
1811 5.3478319872403981e+00 7.3989654227464355e-02
1812 5.2628105624697854e+00 7.2813344680770817e-02
1813 5.2757375004374669e+00 7.2992194665723723e-02
1814 5.2394026881105749e+00 7.2489486239785711e-02
1815 5.1883928062329794e+00 7.1783741644347393e-02
1816 5.1758474930377529e+00 7.1610171609293047e-02
1817 5.1619419863364069e+00 7.1417782686988632e-02
1818 5.0853787761401641e+00 7.0358496332727546e-02
1819 5.1072145861310085e+00 7.0660604558052120e-02
1820 5.0553274720053549e+00 6.9942723060993500e-02
1821 5.0121212204802035e+00 6.9344945191674084e-02
1822 5.0141650609731867e+00 6.9373222641626278e-02
1823 4.9704989343665114e+00 6.8769082194284403e-02
1824 4.9247278086263941e+00 6.8135818139767865e-02
1825 4.9331169403935835e+00 6.8251885540577012e-02
1826 4.8790914215173595e+00 6.7504418254647203e-02
1827 4.8424964885152324e+00 6.6998110942494374e-02
1828 4.8534394467817634e+00 6.7149511678399693e-02
1829 4.7828288518373574e+00 6.6172582426097568e-02
1830 4.7736743996378692e+00 6.6045926473835406e-02
1831 4.7574920723494527e+00 6.5822036717477633e-02
1832 4.7076429732938649e+00 6.5132352073032251e-02
1833 4.6845762554734183e+00 6.4813213685781218e-02
1834 4.6847764885162757e+00 6.4815983999740465e-02
1835 4.6098349600048376e+00 6.3779134338967883e-02
1836 4.6227961824987487e+00 6.3958458665718948e-02
1837 4.5848177361418898e+00 6.3433009825750758e-02
1838 4.5410261915600270e+00 6.2827134164467946e-02
1839 4.5366362688090405e+00 6.2766397614178834e-02
1840 4.5072611038834101e+00 6.2359979031675138e-02
1841 4.4560734628016183e+00 6.1651775057915734e-02
1842 4.4661705702814922e+00 6.1791473068794893e-02
1843 4.4174837429717417e+00 6.1117868975271453e-02
1844 4.3832067612008059e+00 6.0643631558081883e-02
1845 4.3895034479110695e+00 6.0730749042995892e-02
1846 4.3302262101783588e+00 5.9910621871112603e-02
1847 4.3166088013630741e+00 5.9722218912283513e-02
1848 4.3035324129191617e+00 5.9541301212958343e-02
1849 4.2569060903154092e+00 5.8896205126248623e-02
1850 4.2369152008698734e+00 5.8619622204177817e-02
1851 4.2337155910204709e+00 5.8575354166777817e-02
1852 4.1670280528445902e+00 5.7652702164492232e-02
1853 4.1799527257961966e+00 5.7831520811931811e-02
1854 4.1394281787113032e+00 5.7270845526378740e-02
1855 4.1051109725521391e+00 5.6796051586736028e-02
1856 4.0981282684567697e+00 5.6699442743597020e-02
1857 4.0687852882055351e+00 5.6293469450499511e-02
1858 4.0248711753017394e+00 5.5685898001506716e-02
1859 4.0351937145505712e+00 5.5828714962023199e-02
1860 3.9812090424836653e+00 5.5081812810021495e-02
1861 3.9633526327407815e+00 5.4834761372023408e-02
1862 3.9574056403153106e+00 5.4752482064389249e-02
1863 3.9057185001016030e+00 5.4037367296097490e-02
1864 3.8982607177675339e+00 5.3934185532437368e-02
1865 3.8795841545176462e+00 5.3675786902803224e-02
1866 3.8356037886119627e+00 5.3067298813812593e-02
1867 3.8285122160080030e+00 5.2969183726026020e-02
1868 3.8087006097123042e+00 5.2695081266747781e-02
1869 3.7586835885249466e+00 5.2003073344290586e-02
1870 3.7716699630502855e+00 5.2182745660678001e-02
1871 3.7217848119640640e+00 5.1492562220218238e-02
1872 3.7039343556439337e+00 5.1245593150494262e-02
1873 3.6930053083676664e+00 5.1094384879378792e-02
1874 3.6569689000413583e+00 5.0595805006633174e-02
1875 3.6318663924554118e+00 5.0248500554855718e-02
1876 3.6317974573272047e+00 5.0247546806437227e-02
1877 3.5764503080435248e+00 4.9481794171024218e-02
1878 3.5790898253215722e+00 4.9518313076479012e-02
1879 3.5520008424505192e+00 4.9143524848130574e-02
1880 3.5147624554503087e+00 4.8628315061303329e-02
1881 3.5138527527133903e+00 4.8615728915905536e-02
1882 3.4807855948705031e+00 4.8158229955407576e-02
1883 3.4516023229280748e+00 4.7754466298396997e-02
1884 3.4493604929046979e+00 4.7723449574486793e-02
1885 3.4108919915943909e+00 4.7191220604431372e-02
1886 3.3890236775001776e+00 4.6888662670257500e-02
1887 3.3876595702007859e+00 4.6869789633922035e-02
1888 3.3360290378680864e+00 4.6155458061054568e-02
1889 3.3391569969396153e+00 4.6198734777804888e-02
1890 3.3101654249329742e+00 4.5797623375389847e-02
1891 3.2809771970814197e+00 4.5393791151153613e-02
1892 3.2719692464402201e+00 4.5269162113661290e-02
1893 3.2494321535432604e+00 4.4957351324781444e-02
1894 3.2127270009633877e+00 4.4449519075333288e-02
1895 3.2204843243492833e+00 4.4556845123799746e-02
1896 3.1723406851949276e+00 4.3890756282044509e-02
1897 3.1652318156358175e+00 4.3792401883125158e-02
1898 3.1494590349759797e+00 4.3574178388069311e-02
1899 3.1137709317856883e+00 4.3080417473107153e-02
1900 3.1061630543121734e+00 4.2975159075870038e-02
1901 3.0868079620935238e+00 4.2707372693609823e-02
1902 3.0518309780456434e+00 4.2223450430943971e-02
1903 3.0517294103962027e+00 4.2222045196957422e-02
1904 3.0203214144268227e+00 4.1787501485169798e-02
1905 2.9955237549142284e+00 4.1444414743221865e-02
1906 2.9958570908406443e+00 4.1449026595276300e-02
1907 2.9521766146404191e+00 4.0844687614871381e-02
1908 2.9486612157422787e+00 4.0796050494339993e-02
1909 2.9279615206917535e+00 4.0509660928800817e-02
1910 2.8990938077691917e+00 4.0110263172369008e-02
1911 2.8897312520056011e+00 3.9980728013955989e-02
1912 2.8717343672513120e+00 3.9731733041167304e-02
1913 2.8369238604800158e+00 3.9250114066293695e-02
1914 2.8434083570896469e+00 3.9339829985404563e-02
1915 2.8012529012662326e+00 3.8756590345936183e-02
1916 2.7938983178720704e+00 3.8654836385897895e-02
1917 2.7787571022370798e+00 3.8445350876239147e-02
1918 2.7483731185560689e+00 3.8024974833765345e-02
1919 2.7396030408724741e+00 3.7903636875335572e-02
1920 2.7227299013216819e+00 3.7670189421475098e-02
1921 2.6911244154769522e+00 3.7232913348681104e-02
1922 2.6914961110049989e+00 3.7238055923029680e-02
1923 2.6606578899293085e+00 3.6811395302459617e-02
1924 2.6423195426696857e+00 3.6557676042752126e-02
1925 2.6383114733029562e+00 3.6502222605308401e-02
1926 2.6010288274474247e+00 3.5986400477366183e-02
1927 2.5986062040671669e+00 3.5952882396271577e-02
1928 2.5771105810626262e+00 3.5655480810487916e-02
1929 2.5530733923896287e+00 3.5322915523702765e-02
1930 2.5455733329022645e+00 3.5219148836664070e-02
1931 2.5248244003600937e+00 3.4932078048343286e-02
1932 2.4990982767905074e+00 3.4576145589719255e-02
1933 2.5014022312270461e+00 3.4608021832750462e-02
1934 2.4620935351435675e+00 3.4064168391152366e-02
1935 2.4612654798972602e+00 3.4052711875408849e-02
1936 2.4402341174898066e+00 3.3761733543222504e-02
1937 2.4174547604481145e+00 3.3446570921236603e-02
1938 2.4101416205695827e+00 3.3345390350825892e-02
1939 2.3898550713574505e+00 3.3064716843270794e-02
1940 2.3669454718298306e+00 3.2747752258073914e-02
1941 2.3657671813023482e+00 3.2731450080122938e-02
1942 2.3329947070246746e+00 3.2278028198925279e-02
1943 2.3264654982103332e+00 3.2187693666407308e-02
1944 2.3124296109062121e+00 3.1993500869983371e-02
1945 2.2845119831581808e+00 3.1607247968086616e-02
1946 2.2838755686539822e+00 3.1598442887967544e-02
1947 2.2576917962106320e+00 3.1236178651903947e-02
1948 2.2430228267324508e+00 3.1033226879643071e-02
1949 2.2345639747376365e+00 3.0916194868212850e-02
1950 2.2101161638086793e+00 3.0577948438338491e-02
1951 2.1979574388476038e+00 3.0409727024901557e-02
1952 2.1895251122869879e+00 3.0293062004751032e-02
1953 2.1585071286110251e+00 2.9863914287976575e-02
1954 2.1621112591590332e+00 2.9913779050683036e-02
1955 2.1328488979336391e+00 2.9508921157968399e-02
1956 2.1227924581815367e+00 2.9369785803343817e-02
1957 2.1118376392299503e+00 2.9218220969540836e-02
1958 2.0896176447943668e+00 2.8910797380103544e-02
1959 2.0789700604579684e+00 2.8763483275006836e-02
1960 2.0684048445694838e+00 2.8617308774332054e-02
1961 2.0419482355731953e+00 2.8251269722182112e-02
1962 2.0425553234677349e+00 2.8259669055502576e-02
1963 2.0168483388885785e+00 2.7904001393395630e-02
1964 2.0052436839149599e+00 2.7743445786754341e-02
1965 1.9976791470157893e+00 2.7638787025803000e-02
1966 1.9718877639637067e+00 2.7281951672967542e-02
1967 1.9683737982058704e+00 2.7233334380575076e-02
1968 1.9504142439923575e+00 2.6984855892562044e-02
1969 1.9329978514060564e+00 2.6743892289287894e-02
1970 1.9272459663452683e+00 2.6664312379556392e-02
1971 1.9071159715418420e+00 2.6385804872465703e-02
1972 1.8932787313323436e+00 2.6194360447695835e-02
1973 1.8886188486232733e+00 2.6129888880300434e-02
1974 1.8605299748221873e+00 2.5741266712450004e-02
1975 1.8623253349693609e+00 2.5766106325366057e-02
1976 1.8391234409229744e+00 2.5445097714398034e-02
1977 1.8281879240208521e+00 2.5293799933107014e-02
1978 1.8192234675626908e+00 2.5169772657145643e-02
1979 1.8006366523672070e+00 2.4912615732099224e-02
1980 1.7896038918367478e+00 2.4759972541593095e-02
1981 1.7818543997141350e+00 2.4652754842166742e-02
1982 1.7579729912915871e+00 2.4322344845019286e-02
1983 1.7585547851354197e+00 2.4330394223802978e-02
1984 1.7361020935877374e+00 2.4019751165447255e-02
1985 1.7264417489194981e+00 2.3886095963969994e-02
1986 1.7187311741380300e+00 2.3779416703414123e-02
1987 1.6975476314616986e+00 2.3486332888949846e-02
1988 1.6935315900138836e+00 2.3430769154188551e-02
1989 1.6781412026839189e+00 2.3217836242367878e-02
1990 1.6631641062689433e+00 2.3010621395731068e-02
1991 1.6581961954663109e+00 2.2941888121500189e-02
1992 1.6397602599368466e+00 2.2686818684307795e-02
1993 1.6297040572094430e+00 2.2547686609026233e-02
1994 1.6232084233185649e+00 2.2457816600633864e-02
1995 1.6007055132496275e+00 2.2146478746511870e-02
1996 1.6018815521197385e+00 2.2162749771773169e-02
1997 1.5804857827450682e+00 2.1866729705746501e-02
1998 1.5732465077399078e+00 2.1766571088989779e-02
1999 1.5636474121135635e+00 2.1633763295479409e-02
2000 1.5478208531575046e+00 2.1414795753573957e-02
