# step 17
# iter abs_residual rel_residual
0 7.2278104865846572e+01 1.0000000000000000e+00
1 1.1546600861374973e+03 1.5975240195915907e+01
2 1.1527745212176269e+03 1.5949152559509693e+01
3 1.1585072720811895e+03 1.6028467739040245e+01
4 1.2484330970662572e+03 1.7272631862490584e+01
5 1.4402468346343712e+03 1.9926460956711225e+01
6 1.2677694538271255e+03 1.7540159031288908e+01
7 1.4124522130195801e+03 1.9541909899840267e+01
8 1.3004236603879783e+03 1.7991944625577268e+01
9 1.3783981910462740e+03 1.9070757231455936e+01
10 1.3232324643114396e+03 1.8307514658380370e+01
11 1.3547601259471198e+03 1.8743713998335366e+01
12 1.3364428175034384e+03 1.8490285820083049e+01
13 1.3388396176553163e+03 1.8523446625230424e+01
14 1.3429152194675949e+03 1.8579834404348915e+01
15 1.3277325809239949e+03 1.8369775790169975e+01
16 1.3450051727493997e+03 1.8608749845417602e+01
17 1.3195692023761112e+03 1.8256831786407901e+01
18 1.3443069584353373e+03 1.8599089737209752e+01
19 1.3132163294697173e+03 1.8168936940269013e+01
20 1.3418458874598093e+03 1.8565039716389535e+01
21 1.3079856800742132e+03 1.8096568559758587e+01
22 1.3382737217512104e+03 1.8515617201573615e+01
23 1.3034526903345341e+03 1.8033852613510511e+01
24 1.3340055733957558e+03 1.8456565454666631e+01
25 1.2993510853111513e+03 1.7977105068303072e+01
26 1.3293075319972534e+03 1.8391565944687468e+01
27 1.2955114809385959e+03 1.7923982419616003e+01
28 1.3243513570126377e+03 1.8322995040762763e+01
29 1.2918249965162888e+03 1.7872978254120113e+01
30 1.3192485335201977e+03 1.8252395188955482e+01
31 1.2882212246139927e+03 1.7823118453437942e+01
32 1.3140716232937505e+03 1.8180770313952795e+01
33 1.2846546044813504e+03 1.7773772664152759e+01
34 1.3088677968927659e+03 1.8108773041602568e+01
35 1.2810958289430935e+03 1.7724535408349468e+01
36 1.3036675101298010e+03 1.8036824741731994e+01
37 1.2775263299658309e+03 1.7675149788957704e+01
38 1.2984901357302826e+03 1.7965193444686673e+01
39 1.2739346838620688e+03 1.7625457754137084e+01
40 1.2933476589212682e+03 1.7894044971458726e+01
41 1.2703142383687380e+03 1.7575367266844278e+01
42 1.2882471280015304e+03 1.7823476838423073e+01
43 1.2666615286057634e+03 1.7524830388909329e+01
44 1.2831922934636975e+03 1.7753540935327454e+01
45 1.2629752087398820e+03 1.7473828500125396e+01
46 1.2781847130489414e+03 1.7684258814219678e+01
47 1.2592553284049443e+03 1.7422362287199061e+01
48 1.2732245007417266e+03 1.7615632052125939e+01
49 1.2555028382783328e+03 1.7370444903178321e+01
50 1.2683108376859673e+03 1.7547649319805004e+01
51 1.2517192522232913e+03 1.7318097293040172e+01
52 1.2634423194692131e+03 1.7480291186580693e+01
53 1.2479064168627597e+03 1.7265345005641265e+01
54 1.2586171941787820e+03 1.7413533413955268e+01
55 1.2440663539091663e+03 1.7212216012279846e+01
56 1.2538335239662117e+03 1.7347349190926050e+01
57 1.2402011533676614e+03 1.7158739229114612e+01
58 1.2490892942249113e+03 1.7281710644507243e+01
59 1.2363129023457477e+03 1.7104943532214001e+01
60 1.2443824862358090e+03 1.7216589844815019e+01
61 1.2324036388437980e+03 1.7050857118227285e+01
62 1.2397111252414295e+03 1.7151959470193962e+01
63 1.2284753213144743e+03 1.6996507083225467e+01
64 1.2350733099348622e+03 1.7087793215210169e+01
65 1.2245298121544956e+03 1.6941919194302510e+01
66 1.2304672309105345e+03 1.7024066045925959e+01
67 1.2205688672036022e+03 1.6887117744288769e+01
68 1.2258911806677850e+03 1.6960754338303811e+01
69 1.2165941326643033e+03 1.6832125509134343e+01
70 1.2213435565444490e+03 1.6897835918793827e+01
71 1.2126071450135375e+03 1.6776963746686839e+01
72 1.2168228618979135e+03 1.6835290080674159e+01
73 1.2086093333597596e+03 1.6721652229302727e+01
74 1.2123277032839264e+03 1.6773097545018576e+01
75 1.2046020237668677e+03 1.6666209303670826e+01
76 1.2078567863336284e+03 1.6711240403653342e+01
77 1.2005864443566084e+03 1.6610651961406351e+01
78 1.2034089109102490e+03 1.6649702052147930e+01
79 1.1965637310968298e+03 1.6554995919134008e+01
80 1.1989829658860729e+03 1.6588467117552025e+01
81 1.1925349333545989e+03 1.6499255695317839e+01
82 1.1945779226432585e+03 1.6527521368476418e+01
83 1.1885010204050652e+03 1.6443444700314288e+01
84 1.1901928302488498e+03 1.6466851648337133e+01
85 1.1844628864412541e+03 1.6387575305684944e+01
86 1.1858268092571534e+03 1.6406445789608544e+01
87 1.1804213570169265e+03 1.6331658933336374e+01
88 1.1814790463302320e+03 1.6346292539395481e+01
89 1.1763771933523894e+03 1.6275706115092962e+01
90 1.1771487897182517e+03 1.6286381496901800e+01
91 1.1723310979355354e+03 1.6219726570189788e+01
92 1.1728353439171428e+03 1.6226703039516750e+01
93 1.1682837191230669e+03 1.6163729268932642e+01
94 1.1685380650383433e+03 1.6167248258753258e+01
95 1.1642356550319498e+03 1.6107722486538020e+01
96 1.1642563576320290e+03 1.6108008916295933e+01
97 1.1601874578350260e+03 1.6051713862564860e+01
98 1.1599896696503840e+03 1.6048977374315630e+01
99 1.1561396376452039e+03 1.5995710454654052e+01
100 1.1557374897055076e+03 1.5990146557531366e+01
101 1.1520926651051307e+03 1.5939718774357720e+01
102 1.1514993435988818e+03 1.5931509905193950e+01
103 1.1480469756785599e+03 1.5883744846512213e+01
104 1.1472747910266726e+03 1.5873061325502352e+01
105 1.1440029715529338e+03 1.5827794235561193e+01
106 1.1430634233290382e+03 1.5814795164464359e+01
107 1.1399610245723866e+03 1.5771872086135037e+01
108 1.1388648605587271e+03 1.5756706165339326e+01
109 1.1359214789445161e+03 1.5715983160500253e+01
110 1.1346787494226858e+03 1.5698789440159398e+01
111 1.1318846530403473e+03 1.5660131863462770e+01
112 1.1305047609337460e+03 1.5641040437239537e+01
113 1.1278508414170037e+03 1.5604322270352510e+01
114 1.1263425889436244e+03 1.5583454920880927e+01
115 1.1238203171284511e+03 1.5548558158993563e+01
116 1.1221919476107787e+03 1.5526028936337619e+01
117 1.1197933329737953e+03 1.5492843026974949e+01
118 1.1180525705924210e+03 1.5468758798637680e+01
119 1.1157701230423438e+03 1.5437180113027235e+01
120 1.1139242088677411e+03 1.5411641062466504e+01
121 1.1117509047697311e+03 1.5381572425469949e+01
122 1.1098066298867543e+03 1.5354672510390751e+01
123 1.1077358792263285e+03 1.5326022746201868e+01
124 1.1056996160754313e+03 1.5297850132176132e+01
125 1.1037252332627907e+03 1.5270533660385604e+01
126 1.1016029635331304e+03 1.5241171106765814e+01
127 1.0997191401756647e+03 1.5215107565656620e+01
128 1.0975164815434757e+03 1.5184632795513195e+01
129 1.0957177605424893e+03 1.5159746683677183e+01
130 1.0934399909869228e+03 1.5128232720219035e+01
131 1.0917212434670591e+03 1.5104453077365175e+01
132 1.0893733238513976e+03 1.5071968556360931e+01
133 1.0877297275776530e+03 1.5049228664705010e+01
134 1.0853163221769560e+03 1.5015838118492207e+01
135 1.0837433411672807e+03 1.4994075220688027e+01
136 1.0812688376701526e+03 1.4959839354906528e+01
137 1.0797622035142654e+03 1.4938994395583318e+01
138 1.0772307304171861e+03 1.4903970329833701e+01
139 1.0757864254724325e+03 1.4883987723103289e+01
140 1.0732018690391801e+03 1.4848229225588039e+01
141 1.0718161096222138e+03 1.4829056622494221e+01
142 1.0691821292847408e+03 1.4792614323095780e+01
143 1.0678513515703776e+03 1.4774202416518632e+01
144 1.0651713940624772e+03 1.4737124002345011e+01
145 1.0638922397489075e+03 1.4719426328672688e+01
146 1.0611695529638018e+03 1.4681756735783400e+01
147 1.0599388563581369e+03 1.4664729496234864e+01
148 1.0571765012101298e+03 1.4626511073752230e+01
149 1.0559912776356152e+03 1.4610112973985856e+01
150 1.0531921400327844e+03 1.4571385649742558e+01
151 1.0520495743120080e+03 1.4555577740516144e+01
152 1.0492163758017548e+03 1.4516379168341185e+01
153 1.0481138117914925e+03 1.4501124700721858e+01
154 1.0452491196662006e+03 1.4461490400256885e+01
155 1.0441840510120517e+03 1.4446754697707325e+01
156 1.0412902872589659e+03 1.4406718178232213e+01
157 1.0402603481843964e+03 1.4392468509172943e+01
158 1.0373397988397496e+03 1.4352061399024336e+01
159 1.0363427553355352e+03 1.4338266854935709e+01
160 1.0333975781028244e+03 1.4297519006909292e+01
161 1.0324313207363782e+03 1.4284150402845315e+01
162 1.0294635529043860e+03 1.4243090003745191e+01
163 1.0285260887849963e+03 1.4230119767168988e+01
164 1.0255376543609293e+03 1.4188773436497844e+01
165 1.0246271007435878e+03 1.4176175518787748e+01
166 1.0216198166709792e+03 1.4134568394774323e+01
167 1.0207343943747672e+03 1.4122318180164307e+01
168 1.0177099774288337e+03 1.4080474015163755e+01
169 1.0168480047090570e+03 1.4068548235961652e+01
170 1.0138080767374681e+03 1.4026489468963938e+01
171 1.0129679638450957e+03 1.4014866130278845e+01
172 1.0099140573907586e+03 1.3972613964702486e+01
173 1.0090943013406650e+03 1.3961272272061056e+01
174 1.0060278648026880e+03 1.3918846747157373e+01
175 1.0052270441557074e+03 1.3907767034311179e+01
176 1.0021494466798496e+03 1.3865187092825856e+01
177 1.0013662172156475e+03 1.3854350761883644e+01
178 9.9827875258439360e+02 1.3811634303877664e+01
179 9.9751184302710033e+02 1.3801023766167569e+01
180 9.9441573467236287e+02 1.3758187718370188e+01
181 9.9366394213124181e+02 1.3747786331359331e+01
182 9.9056034660990144e+02 1.3704846695253751e+01
183 9.8982253330707147e+02 1.3694638717274811e+01
184 9.8671254400469775e+02 1.3651610620340808e+01
185 9.8598763320227613e+02 1.3641581154242228e+01
186 9.8287228418040320e+02 1.3598478903184938e+01
187 9.8215925727247100e+02 1.3588613856096948e+01
188 9.7903952593273141e+02 1.3545450973706354e+01
189 9.7833741900911514e+02 1.3535737009499359e+01
190 9.7521422962346992e+02 1.3492526283492609e+01
191 9.7452213053178855e+02 1.3482950782129285e+01
192 9.7139635705764010e+02 1.3439704304099042e+01
193 9.7071340264643015e+02 1.3430255323491741e+01
194 9.6758587122233234e+02 1.3386984523435448e+01
195 9.6691124481877625e+02 1.3377650764549429e+01
196 9.6378273646063008e+02 1.3334366448172389e+01
197 9.6311566502276651e+02 1.3325137215625388e+01
198 9.5998691833301609e+02 1.3281849601823703e+01
199 9.5932667049516090e+02 1.3272714776843431e+01
200 9.5619838332446568e+02 1.3229433520693986e+01
201 9.5554426703445779e+02 1.3220383528428389e+01
202 9.5241709909079896e+02 1.3177117757287002e+01
203 9.5176845945151501e+02 1.3168143536940635e+01
204 9.4864303432159511e+02 1.3124901878409037e+01
205 9.4799925168138930e+02 1.3115994856823445e+01
206 9.4487615845605762e+02 1.3072785461237764e+01
207 9.4423664670847165e+02 1.3063937529367209e+01
208 9.4111644193165796e+02 1.3020768096762341e+01
209 9.4048064648319951e+02 1.3011971581557100e+01
210 9.3736385591351382e+02 1.2968849386039237e+01
211 9.3673125252510170e+02 1.2960097034416483e+01
212 9.3361837237646444e+02 1.2917028941327780e+01
213 9.3298846505351071e+02 1.2908313890979921e+01
214 9.2987996415305292e+02 1.2865306386754023e+01
215 9.2925228388301446e+02 1.2856622148682154e+01
216 9.2614860447995238e+02 1.2813681352035331e+01
217 9.2552270815982263e+02 1.2805021795710612e+01
218 9.2242426760253318e+02 1.2762153480844853e+01
219 9.2179973606368594e+02 1.2753512806881329e+01
220 9.1870692806528905e+02 1.2710722420994243e+01
221 9.1808336550765068e+02 1.2702095153320363e+01
222 9.1499656116707581e+02 1.2659387830732088e+01
223 9.1437359359197194e+02 1.2650768794908444e+01
224 9.1129314270470388e+02 1.2608149375196408e+01
225 9.1067041698924174e+02 1.2599533685609389e+01
226 9.0759664896089555e+02 1.2557006726248025e+01
227 9.0697383169898274e+02 1.2548389770074801e+01
228 9.0390705672536023e+02 1.2505959562762161e+01
229 9.0328383340703783e+02 1.2497336988616379e+01
230 9.0022434340342932e+02 1.2455007572131439e+01
231 8.9960041708214840e+02 1.2446375271624406e+01
232 8.9654848648816539e+02 1.2404150442962287e+01
233 8.9592357757056948e+02 1.2395504547794507e+01
234 8.9287946419377147e+02 1.2353387873838431e+01
235 8.9225330891533406e+02 1.2344724734709374e+01
236 8.8921725519012909e+02 1.2302719569648113e+01
237 8.8858960492050937e+02 1.2294035746645495e+01
238 8.8556183822502544e+02 1.2252145236357437e+01
239 8.8493245909434529e+02 1.2243437493786596e+01
240 8.8191319253664676e+02 1.2201664586717401e+01
241 8.8128186447248095e+02 1.2192929879777621e+01
242 8.7827129783253599e+02 1.2151277339972756e+01
243 8.7763781374639586e+02 1.2142512803501912e+01
244 8.7463613381008952e+02 1.2100983215227874e+01
245 8.7400029932629843e+02 1.2092186159951297e+01
246 8.7100768086111577e+02 1.2050781941194632e+01
247 8.7036931317653136e+02 1.2041949837948854e+01
248 8.6738591940298056e+02 1.2000673246938502e+01
249 8.6674484725048603e+02 1.1991803726166141e+01
250 8.6377083001923802e+02 1.1950656863824246e+01
251 8.6312689283100065e+02 1.1941747703997317e+01
252 8.6016239401656151e+02 1.1900732533221307e+01
253 8.5951544118125867e+02 1.1891781650564607e+01
254 8.5656059241355979e+02 1.1850899992513620e+01
255 8.5591048331277693e+02 1.1841905441508311e+01
256 8.5296540675313599e+02 1.1801158986338974e+01
257 8.5231200980647407e+02 1.1792118946511218e+01
258 8.4937681873220356e+02 1.1751509261465955e+01
259 8.4872001123445102e+02 1.1742422035134114e+01
260 8.4579481023407914e+02 1.1701950567242125e+01
261 8.4513447784204561e+02 1.1692814572416871e+01
262 8.4221936322885119e+02 1.1652482654215570e+01
263 8.4155539962062983e+02 1.1643296419885635e+01
264 8.3865046014699215e+02 1.1603105279303994e+01
265 8.3798276641917266e+02 1.1593867437096334e+01
266 8.3508808331826390e+02 1.1553818198031731e+01
267 8.3441656792427602e+02 1.1544527481358482e+01
268 8.3153221536825151e+02 1.1504621170015954e+01
269 8.3085679340977720e+02 1.1495276404270808e+01
270 8.2798283914365095e+02 1.1455513957933006e+01
271 8.2730343237760280e+02 1.1446114060587757e+01
272 8.2443993740003475e+02 1.1406496323198503e+01
273 8.2375647377237328e+02 1.1397040297353193e+01
274 8.2090349337135126e+02 1.1357568033846597e+01
275 8.2021590649484551e+02 1.1348054961004109e+01
276 8.1737349013476035e+02 1.1308728855742206e+01
277 8.1668171944374342e+02 1.1299157897949375e+01
278 8.1384991106397479e+02 1.1259978558853190e+01
279 8.1315390119856420e+02 1.1250348950181207e+01
280 8.1033273951051933e+02 1.1211316912840422e+01
281 8.0963244025448648e+02 1.1201627958525245e+01
282 8.0682195906197830e+02 1.1162743690630775e+01
283 8.0611732501049278e+02 1.1152994762476206e+01
284 8.0331755331968418e+02 1.1114258665341325e+01
285 8.0260854365387172e+02 1.1104449198599930e+01
286 7.9981950615324160e+02 1.1065861613800816e+01
287 7.9910608423088456e+02 1.1055991101511083e+01
288 7.9632780127287231e+02 1.1017552310632864e+01
289 7.9560993485284610e+02 1.1007620306724368e+01
290 7.9284242268564128e+02 1.0969330534568035e+01
291 7.9212008323973930e+02 1.0959336644340246e+01
292 7.8936335448914440e+02 1.0921196065589438e+01
293 7.8863651723987243e+02 1.0911139946234607e+01
294 7.8589058052276914e+02 1.0873148680107748e+01
295 7.8515922454886243e+02 1.0863030042170795e+01
296 7.8242408522135531e+02 1.0825188162771996e+01
297 7.8168819265306377e+02 1.0815006759016912e+01
298 7.7896385265704009e+02 1.0777314293213053e+01
299 7.7822340903316569e+02 1.0767069923562676e+01
300 7.7550986720967182e+02 1.0729526855319113e+01
301 7.7476486104825528e+02 1.0719219360915387e+01
302 7.7206211321008345e+02 1.0681825632300225e+01
303 7.7131253598776198e+02 1.0671454895218604e+01
304 7.6862057518724225e+02 1.0634210410107709e+01
305 7.6786642094207889e+02 1.0623776347862121e+01
306 7.6518523750133056e+02 1.0586680972357675e+01
307 7.6442650311667296e+02 1.0576183541827836e+01
308 7.6175608487706700e+02 1.0539237107709752e+01
309 7.6099276934687271e+02 1.0528676294976615e+01
310 7.5833310178246199e+02 1.0491878601271900e+01
311 7.5756520684458985e+02 1.0481254430379519e+01
312 7.5491627275336964e+02 1.0444605239090722e+01
313 7.5414380217744360e+02 1.0433917762193536e+01
314 7.5150558279945164e+02 1.0397416813768164e+01
315 7.5072854235996931e+02 1.0386666110758938e+01
316 7.4810101621291813e+02 1.0350313107979908e+01
317 7.4731941401705080e+02 1.0339499291024994e+01
318 7.4470255811391723e+02 1.0303293915856530e+01
319 7.4391640374399822e+02 1.0292417117531807e+01
320 7.4131019305221355e+02 1.0256359023637092e+01
321 7.4051949826655118e+02 1.0245419406624031e+01
322 7.3792390604521961e+02 1.0209508224030779e+01
323 7.3712868386954005e+02 1.0198505968546140e+01
324 7.3454368180304209e+02 1.0162741305495055e+01
325 7.3374394726863102e+02 1.0151676619503419e+01
326 7.3116950527669417e+02 1.0116058059820439e+01
327 7.3036527465609663e+02 1.0104931168459768e+01
328 7.2780136136166539e+02 1.0069458278029256e+01
329 7.2699265252850682e+02 1.0058269428589172e+01
330 7.2443923489454255e+02 1.0022941750328879e+01
331 7.2362606703667166e+02 1.0011691208281876e+01
332 7.2108311097142666e+02 9.9765082705171846e+00
333 7.2026550458762267e+02 9.9651963194730673e+00
334 7.1773297436955818e+02 9.9301576279804635e+00
335 7.1691095113180165e+02 9.9187845677808042e+00
336 7.1438881029777622e+02 9.8838896180763722e+00
337 7.1356239292385783e+02 9.8724557630319936e+00
338 7.1105060356947411e+02 9.8377040306913948e+00
339 7.1021981597400008e+02 9.8262097116716021e+00
340 7.0771833938702946e+02 9.7916006610937885e+00
341 7.0688320629441739e+02 9.7800462201719895e+00
342 7.0439200252739977e+02 9.7455792986659322e+00
343 7.0355254992901212e+02 9.7339650954442831e+00
344 7.0107157832379607e+02 9.6996397404862229e+00
345 7.0022783261135066e+02 9.6879661401059778e+00
346 6.9775705161304791e+02 9.6537817767653955e+00
347 6.9690904045651860e+02 9.6420491620530520e+00
348 6.9444840747019691e+02 9.6080052010099557e+00
349 6.9359615906142983e+02 9.5962139620123530e+00
350 6.9114563108604170e+02 9.5623098083279618e+00
351 6.9028917440080068e+02 9.5504603459377861e+00
352 6.8784870736091727e+02 9.5166953898087758e+00
353 6.8698807203408558e+02 9.5047881140379307e+00
354 6.8455762145567530e+02 9.4711617401461226e+00
355 6.8369283784530467e+02 9.4591970710118698e+00
356 6.8127235837668957e+02 9.4257086518964588e+00
357 6.8040345729547732e+02 9.4136870157062873e+00
358 6.7799290332584349e+02 9.3803359203212047e+00
359 6.7711991612036843e+02 9.3682577507690930e+00
360 6.7471924113835087e+02 9.3350433356087432e+00
361 6.7384219985950403e+02 9.3229090761331417e+00
362 6.7145135713617776e+02 9.2898306946818874e+00
363 6.7057029403970284e+02 9.2776407915554806e+00
364 6.6818923610336014e+02 9.2446977870209519e+00
365 6.6730418422696823e+02 9.2324526973352921e+00
366 6.6493286331419506e+02 9.1996444088892328e+00
367 6.6404385568629084e+02 9.1873445896071093e+00
368 6.6168222374600850e+02 9.1546703524412951e+00
369 6.6078929408122679e+02 9.1423162700198048e+00
370 6.5843730240251887e+02 9.1097754101968569e+00
371 6.5754048451985238e+02 9.0973675325369339e+00
372 6.5519808441158818e+02 9.0649593763932188e+00
373 6.5429741253376596e+02 9.0524981769816684e+00
374 6.5196455475743289e+02 9.0202220432802793e+00
375 6.5106006326762304e+02 9.0077079978236547e+00
376 6.4873669848808686e+02 8.9755632039908821e+00
377 6.4782842214739026e+02 8.9629967934246064e+00
378 6.4551450051203119e+02 8.9309826497270937e+00
379 6.4460247421806719e+02 8.9183643568753812e+00
380 6.4229794603211678e+02 8.8864801757637188e+00
381 6.4138220481187852e+02 8.8738104852407318e+00
382 6.3908701979253067e+02 8.8420555710297428e+00
383 6.3816759899547128e+02 8.8293349719110203e+00
384 6.3588170698041836e+02 8.7977086305826795e+00
385 6.3495864190209556e+02 8.7849376111980941e+00
386 6.3268199237021008e+02 8.7534391437699419e+00
387 6.3175531872185582e+02 8.7406181982004050e+00
388 6.2948786104186024e+02 8.7092469041660063e+00
389 6.2855761424994967e+02 8.6963765225526934e+00
390 6.2629929790452854e+02 8.6651317029823307e+00
391 6.2536551373045768e+02 8.6522123801001918e+00
392 6.2311628782981893e+02 8.6210933309107673e+00
393 6.2217900199907638e+02 8.6081255610379657e+00
394 6.1993881576349065e+02 8.5771315796691443e+00
395 6.1899806409467715e+02 8.5641158583720838e+00
396 6.1676686648747273e+02 8.5332462387086228e+00
397 6.1582268482354004e+02 8.5201830618906218e+00
398 6.1360042501108296e+02 8.4894371006263931e+00
399 6.1265284918066504e+02 8.4763269639926691e+00
400 6.1043947597810165e+02 8.4457039529622673e+00
401 6.0948854185836728e+02 8.4325473528895429e+00
402 6.0728400447025649e+02 8.4020465893152547e+00
403 6.0632974771329134e+02 8.3888440190661271e+00
404 6.0413399502054483e+02 8.3584647956924378e+00
405 6.0317645159935012e+02 8.3452167529695132e+00
406 6.0098943263589706e+02 8.3149583646579721e+00
407 6.0002863802604043e+02 8.3016653402816427e+00
408 5.9785030189010638e+02 8.2715270827833702e+00
409 5.9688629199446382e+02 8.2581895734860264e+00
410 5.9471658764010169e+02 8.2281707405574487e+00
411 5.9374939782374599e+02 8.2147892356307359e+00
412 5.9158827463072043e+02 8.1848891269181916e+00
413 5.9061794040955635e+02 8.1714641177405838e+00
414 5.8846534737121476e+02 8.1416820275441548e+00
415 5.8749190419283332e+02 8.1282140045489726e+00
416 5.8534779073274797e+02 8.0985492331210960e+00
417 5.8437127384063069e+02 8.0850386839177144e+00
418 5.8223558916670072e+02 8.0554905285268941e+00
419 5.8125603374199193e+02 8.0419379398622226e+00
420 5.7912872750043493e+02 8.0125057038412955e+00
421 5.7814616845630894e+02 7.9989115587547621e+00
422 5.7602719012676209e+02 7.9695945431318451e+00
423 5.7504166241584392e+02 7.9559593252086938e+00
424 5.7293096180226394e+02 7.9267568354990150e+00
425 5.7194249998236489e+02 7.9130810228620660e+00
426 5.6984002684748077e+02 7.8839923640104477e+00
427 5.6884866568146492e+02 7.8702764376195180e+00
428 5.6675436994529070e+02 7.8413009167468921e+00
429 5.6576014366026300e+02 7.8275453501493297e+00
430 5.6367397543467587e+02 7.7986822770311397e+00
431 5.6267691846891682e+02 7.7848875466960044e+00
432 5.6059882782518275e+02 7.7561362305458204e+00
433 5.5959897411047518e+02 7.7423028059345445e+00
434 5.5752891158004093e+02 7.7136625623327451e+00
435 5.5652629506249218e+02 7.6997909131049509e+00
436 5.5446421094626317e+02 7.6712610544422706e+00
437 5.5345886535632008e+02 7.6573516472738188e+00
438 5.5140471043232151e+02 7.6289314925421579e+00
439 5.5039666927511428e+02 7.6149847909915538e+00
440 5.4835039423470141e+02 7.5866736579836962e+00
441 5.4733969080392740e+02 7.5726901226841754e+00
442 5.4530124683697284e+02 7.5444873360901159e+00
443 5.4428791409988389e+02 7.5304674231583952e+00
444 5.4225725228312501e+02 7.5023723061028509e+00
445 5.4124132322858202e+02 7.4883164719546169e+00
446 5.3921839500086253e+02 7.4603283525722093e+00
447 5.3819990213940787e+02 7.4462370470053978e+00
448 5.3618465897521196e+02 7.4183552539238509e+00
449 5.3516363495327482e+02 7.4042289286164529e+00
450 5.3315602853076280e+02 7.3764527932814401e+00
451 5.3213250538234104e+02 7.3622918914381845e+00
452 5.3013248771673693e+02 7.3346207499588081e+00
453 5.2910649755361794e+02 7.3204257158606767e+00
454 5.2711402066300036e+02 7.2928589043855307e+00
455 5.2608559507529151e+02 7.2786301750958291e+00
456 5.2410061143613814e+02 7.2511670361156684e+00
457 5.2306978199002640e+02 7.2369050483667499e+00
458 5.2109224399002801e+02 7.2095449231439197e+00
459 5.2005904192618266e+02 7.1952501091644576e+00
460 5.1808890236785680e+02 7.1679923447006191e+00
461 5.1705335874376658e+02 7.1536651341848998e+00
462 5.1509057042560460e+02 7.1265090774260091e+00
463 5.1405271604227187e+02 7.1121498965197159e+00
464 5.1209723220914270e+02 7.0850949005875634e+00
465 5.1105709751056332e+02 7.0707041704970344e+00
466 5.0910887144404148e+02 7.0437495890212487e+00
467 5.0806648679508191e+02 7.0293277298580303e+00
468 5.0612547205768931e+02 7.0024729203552729e+00
469 5.0508086742106235e+02 6.9880203466669366e+00
470 5.0314701773856115e+02 6.9612646689123725e+00
471 5.0210022304930123e+02 6.9467817948635462e+00
472 5.0017349229868694e+02 6.9201246107247192e+00
473 4.9912453696354987e+02 6.9056118431710596e+00
474 4.9720487948384749e+02 6.8790525209079014e+00
475 4.9615379280133510e+02 6.8645102652073220e+00
476 4.9424116285691343e+02 6.8380481720468600e+00
477 4.9318797383234852e+02 6.8234768295010131e+00
478 4.9128232618389706e+02 6.7971113395370955e+00
479 4.9022706351124123e+02 6.7825113071398091e+00
480 4.8832835285520031e+02 6.7562417935773675e+00
481 4.8727104513332978e+02 6.7416134670069221e+00
482 4.8537922662511039e+02 6.7154393094009537e+00
483 4.8431990193461240e+02 6.7007830771648678e+00
484 4.8243493077050294e+02 6.6747036556359260e+00
485 4.8137361725470311e+02 6.6600199071097341e+00
486 4.7949544894141542e+02 6.6340346060732207e+00
487 4.7843217406720731e+02 6.6193237212737150e+00
488 4.7656076444616025e+02 6.5934319297758535e+00
489 4.7549555577820644e+02 6.5786942900725034e+00
490 4.7363086062855871e+02 6.5528953962981191e+00
491 4.7256374523993202e+02 6.5381313762590310e+00
492 4.7070572087831289e+02 6.5124247758290981e+00
493 4.6963672571614507e+02 6.4976347482799257e+00
494 4.6778532834153287e+02 6.4720198351876617e+00
495 4.6671448003230557e+02 6.4572041685177224e+00
496 4.6486966644010954e+02 6.4316803450082363e+00
497 4.6379699120427290e+02 6.4168394019892183e+00
498 4.6195871815818339e+02 6.3914060698687720e+00
499 4.6088424215471338e+02 6.3765402124218404e+00
500 4.5905246676177472e+02 6.3511967782471546e+00
501 4.5797621573748484e+02 6.3363063625910234e+00
502 4.5615089517987360e+02 6.3110522339583044e+00
503 4.5507289478214403e+02 6.2961376149359820e+00
504 4.5325398660039576e+02 6.2709722043994951e+00
505 4.5217426198721904e+02 6.2560337300830922e+00
506 4.5036172385010133e+02 6.2309564519712506e+00
507 4.4928030019228146e+02 6.2159944706101307e+00
508 4.4747408998376380e+02 6.1910047422287606e+00
509 4.4639099185385624e+02 6.1760195937952505e+00
510 4.4459106782813893e+02 6.1511168375724896e+00
511 4.4350631979913175e+02 6.1361088620448996e+00
512 4.4171264019146452e+02 6.1112925001466953e+00
513 4.4062626640855626e+02 6.0962620315846783e+00
514 4.3883878989433538e+02 6.0715314922666019e+00
515 4.3775081434659518e+02 6.0564788625696897e+00
516 4.3596949957358765e+02 6.0318335737050495e+00
517 4.3487994591752414e+02 6.0167591101716491e+00
518 4.3310475206462371e+02 5.9921985069821311e+00
519 4.3201364359216291e+02 5.9771025318664854e+00
520 4.3024452981028230e+02 5.9526260491866454e+00
521 4.2915188970296947e+02 5.9375088832158323e+00
522 4.2738881550331666e+02 5.9131159608650705e+00
523 4.2629466656222564e+02 5.8979779195021731e+00
524 4.2453759150011268e+02 5.8736679979100916e+00
525 4.2344195642656319e+02 5.8585093952380509e+00
526 4.2169084042026537e+02 5.8342819198560099e+00
527 4.2059374137982826e+02 5.8191030625454401e+00
528 4.1884854450758456e+02 5.7949574810379714e+00
529 4.1775000370060138e+02 5.7797586762405544e+00
530 4.1601068621662358e+02 5.7556944387068496e+00
531 4.1491072525694034e+02 5.7404759854598408e+00
532 4.1317724778810600e+02 5.7164925471550907e+00
533 4.1207588825633229e+02 5.7012547440359036e+00
534 4.1034821139273589e+02 5.6773515597063877e+00
535 4.0924547452875510e+02 5.6620947005783355e+00
536 4.0752355924127289e+02 5.6382712302386224e+00
537 4.0641946609095754e+02 5.6229956062807913e+00
538 4.0470327336873942e+02 5.5992513101982704e+00
539 4.0359784463667285e+02 5.5839572078678579e+00
540 4.0188733594861719e+02 5.5602915529474570e+00
541 4.0078059203976329e+02 5.5449792545562904e+00
542 3.9907572879849351e+02 5.5213917069243461e+00
543 3.9796768999661924e+02 5.5060614931074392e+00
544 3.9626843397241208e+02 5.4825515238385840e+00
545 3.9515912016079778e+02 5.4672036696900381e+00
546 3.9346543316933202e+02 5.4437707504870598e+00
547 3.9235486417507929e+02 5.4284055303237198e+00
548 3.9066670834785094e+02 5.4050491372588807e+00
549 3.8955490346165453e+02 5.3896668179761607e+00
550 3.8787224110986227e+02 5.3663864296079904e+00
551 3.8675921961496283e+02 5.3509872779981729e+00
552 3.8508201321588314e+02 5.3277823751829603e+00
553 3.8396779388066687e+02 5.3123666509150880e+00
554 3.8229600622979751e+02 5.2892367189118579e+00
555 3.8118060777598356e+02 5.2738046810093113e+00
556 3.7951420163607133e+02 5.2507492046239639e+00
557 3.7839764244557512e+02 5.2353011074087883e+00
558 3.7673658095655395e+02 5.2123195766657755e+00
559 3.7561887921181665e+02 5.1968556717002006e+00
560 3.7396312553047790e+02 5.1739475768572056e+00
561 3.7284429909027813e+02 5.1584681112254440e+00
562 3.7119381681110553e+02 5.1356329485958199e+00
563 3.7007388322527095e+02 5.1201381651076083e+00
564 3.6842863591484712e+02 5.0973754306186851e+00
565 3.6730761260827541e+02 5.0818655703552977e+00
566 3.6566756416451329e+02 5.0591747645185068e+00
567 3.6454546818847905e+02 5.0436500633919774e+00
568 3.6291058250980564e+02 5.0210306867258643e+00
569 3.6178743088602295e+02 5.0054913802392411e+00
570 3.6015767215632496e+02 4.9829429372118135e+00
571 3.5903348138559221e+02 4.9673892536610431e+00
572 3.5740881398406600e+02 4.9449112514425053e+00
573 3.5628360053906846e+02 4.9293434187345779e+00
574 3.5466398896038294e+02 4.9069353660927488e+00
575 3.5353776886656277e+02 4.8913536059468443e+00
576 3.5192317786928214e+02 4.8690150153006533e+00
577 3.5079596711211184e+02 4.8534195488829530e+00
578 3.4918636144311648e+02 4.8311499324896774e+00
579 3.4805817566464026e+02 4.8155409762148800e+00
580 3.4645352041658197e+02 4.7933398511157002e+00
581 3.4532437503477888e+02 4.7777176182984613e+00
582 3.4372463533280711e+02 4.7555845019841776e+00
583 3.4259454549191065e+02 4.7399492021517595e+00
584 3.4099968684163554e+02 4.7178836173770158e+00
585 3.3986866738069818e+02 4.7022354558343666e+00
586 3.3827865522830433e+02 4.6802369245316289e+00
587 3.3714672088800921e+02 4.6645761052227099e+00
588 3.3556152101831259e+02 4.6426441540095613e+00
589 3.3442868614236335e+02 4.6269708753859460e+00
590 3.3284826433947990e+02 4.6051050308702823e+00
591 3.3171454323855892e+02 4.5894194909266819e+00
592 3.3013886555195415e+02 4.5676192833876312e+00
593 3.2900427204091494e+02 4.5519216732587395e+00
594 3.2743330468298103e+02 4.5301866352295912e+00
595 3.2629785255474212e+02 4.5144771457466231e+00
596 3.2473156185200651e+02 4.4928068113397819e+00
597 3.2359526447153411e+02 4.4770856274130386e+00
598 3.2203361696061290e+02 4.4554795336475790e+00
599 3.2089648764777706e+02 4.4397468395634379e+00
600 3.1933944989426453e+02 4.4182045238593597e+00
601 3.1820150162069353e+02 4.4024604990861160e+00
602 3.1664904046806686e+02 4.3809815027080541e+00
603 3.1551028603028931e+02 4.3652263242914211e+00
604 3.1396236836389988e+02 4.3438101890833591e+00
605 3.1282282025281722e+02 4.3280440298405605e+00
606 3.1127941325236657e+02 4.3066903017189482e+00
607 3.1013908376482340e+02 4.2909133317823445e+00
608 3.0860015458914779e+02 4.2696215563749513e+00
609 3.0745905582908472e+02 4.2538339432079901e+00
610 3.0592457186918369e+02 4.2326036693546678e+00
611 3.0478271566471869e+02 4.2168055766046662e+00
612 3.0325264440589251e+02 4.1956363544499613e+00
613 3.0211004241095890e+02 4.1798279433543142e+00
614 3.0058435149677871e+02 4.1587193252325187e+00
615 2.9944101505370702e+02 4.1429007527174564e+00
616 2.9791967231205143e+02 4.1218522935128421e+00
617 2.9677561256684226e+02 4.1060237137882822e+00
618 2.9525858591084238e+02 4.0850349695646262e+00
619 2.9411381378711224e+02 4.0691965337637024e+00
620 2.9260107129472925e+02 4.0482670628652775e+00
621 2.9145559747524555e+02 4.0324189187888697e+00
622 2.8994710732938893e+02 4.0115482810119589e+00
623 2.8880094231101231e+02 3.9956905738888406e+00
624 2.8729667280823344e+02 3.9748783306020128e+00
625 2.8614982682789804e+02 3.9590112020647603e+00
626 2.8464974646039781e+02 3.9382569173434816e+00
627 2.8350222952083891e+02 3.9223805057844241e+00
628 2.8200630683710796e+02 3.9016837444829551e+00
629 2.8085812874012106e+02 3.8857981855143300e+00
630 2.7936633247402739e+02 3.8651585150517112e+00
631 2.7821750279065236e+02 3.8492639410931471e+00
632 2.7672980171828908e+02 3.8286809294726218e+00
633 2.7558032984179414e+02 3.8127774704841988e+00
634 2.7409669290680137e+02 3.7922506880270976e+00
635 2.7294658794428489e+02 3.7763384700096059e+00
636 2.7146698421015117e+02 3.7558674886954169e+00
637 2.7031625510312927e+02 3.7399466353587427e+00
638 2.6884065372421401e+02 3.7195310284241936e+00
639 2.6768930914315450e+02 3.7036016597281480e+00
640 2.6621767944957679e+02 3.6832410028416795e+00
641 2.6506572786717766e+02 3.6673032360098397e+00
642 2.6359803921393456e+02 3.6469971051840901e+00
643 2.6244548892440241e+02 3.6310510549705248e+00
644 2.6098171084327191e+02 3.6107990286639775e+00
645 2.5982856986241012e+02 3.5948448059709213e+00
646 2.5836867193571010e+02 3.5746464633413004e+00
647 2.5721494814055660e+02 3.5586841771511066e+00
648 2.5575890009986327e+02 3.5385390994211927e+00
649 2.5460460106075175e+02 3.5225688544728233e+00
650 2.5315237275098494e+02 3.5024766244335570e+00
651 2.5199750587471866e+02 3.4864985232034567e+00
652 2.5054906722073721e+02 3.4664587247517700e+00
653 2.4939363967488191e+02 3.4504728664064266e+00
654 2.4794896071213438e+02 3.4304850849693103e+00
655 2.4679297949527984e+02 3.4144915663373521e+00
656 2.4535203033358547e+02 3.3945553883707480e+00
657 2.4419550217048587e+02 3.3785543024921658e+00
658 2.4275825307005007e+02 3.3586693165326773e+00
659 2.4160118452542955e+02 3.3426607542333731e+00
660 2.4016760577142901e+02 3.3228265491630915e+00
661 2.3901000314688667e+02 3.3068105976285165e+00
662 2.3758006522259299e+02 3.2870267650702645e+00
663 2.3642193463657901e+02 3.2710035089519205e+00
664 2.3499560798099373e+02 3.2512696399160257e+00
665 2.3383695536141312e+02 3.2352391612291376e+00
666 2.3241421062394838e+02 3.2155548496370523e+00
667 2.3125504164449123e+02 3.1995172268796677e+00
668 2.2983584944917393e+02 3.1798820663016278e+00
669 2.2867616966416014e+02 3.1638373763202532e+00
670 2.2726050079634271e+02 3.1442509625585058e+00
671 2.2610031540721698e+02 3.1281992773174618e+00
672 2.2468814073894816e+02 3.1086612073737370e+00
673 2.2352745487760927e+02 3.0926025978751452e+00
674 2.2211874531362875e+02 3.0731124692034650e+00
675 2.2095756378214145e+02 3.0570470018860454e+00
676 2.1955229038098901e+02 3.0376044140683276e+00
677 2.1839061787073842e+02 3.0215321538394972e+00
678 2.1698875167276742e+02 3.0021367062060405e+00
679 2.1582659261242716e+02 2.9860577143384854e+00
680 2.1442810482485245e+02 2.9667090085281931e+00
681 2.1326546346758775e+02 2.9506233438663614e+00
682 2.1187032529171805e+02 2.9313209814364227e+00
683 2.1070720564744047e+02 2.9152286994592402e+00
684 2.0931538844757623e+02 2.8959722842219069e+00
685 2.0815179435452603e+02 2.8798734380331488e+00
686 2.0676326944779157e+02 2.8606625731479713e+00
687 2.0559920454577460e+02 2.8445572131059840e+00
688 2.0421394342987625e+02 2.8253915042309452e+00
689 2.0304941108807924e+02 2.8092796769499384e+00
690 2.0166738525345988e+02 2.7901587296425276e+00
691 2.0050238874111744e+02 2.7740404803538290e+00
692 1.9912356975978273e+02 2.7549639012999938e+00
693 1.9795811203225051e+02 2.7388392708922735e+00
694 1.9658247157552580e+02 2.7198066681520938e+00
695 1.9541655545262185e+02 2.7036756956387999e+00
696 1.9404406522608593e+02 2.6846866777462672e+00
697 1.9287769333589281e+02 2.6685493994881004e+00
698 1.9150832525594922e+02 2.6496035778940610e+00
699 1.9034150044265999e+02 2.6334600332417084e+00
700 1.8897522750943463e+02 2.6145570343907938e+00
701 1.8780795528147868e+02 2.5984072995558467e+00
702 1.8644475834204923e+02 2.5795468584587860e+00
703 1.8527706406207156e+02 2.5633912843448137e+00
704 1.8391697428859754e+02 2.5445738322824161e+00
705 1.8274900619072793e+02 2.5284144697750914e+00
706 1.8139234607598934e+02 2.5096444685796166e+00
707 1.8022492187737834e+02 2.4934926311624928e+00
708 1.7887350100054928e+02 2.4747951171734721e+00
709 1.7771064023526239e+02 2.4587064169032415e+00
710 1.7637290606480644e+02 2.4401982646358453e+00
711 1.7523193115560088e+02 2.4244123650010483e+00
712 1.7394189866297054e+02 2.4065641868421892e+00
713 1.7288744054528226e+02 2.3919752858237491e+00
714 1.7176261176788523e+02 2.3764127751646109e+00
715 1.7100033067268456e+02 2.3658662743035892e+00
716 1.7038368987012433e+02 2.3573347722158582e+00
717 1.7046154954733450e+02 2.3584119957727663e+00
718 1.7118245450421745e+02 2.3683860392015612e+00
719 1.7329606918113649e+02 2.3976288462845923e+00
720 1.7697318182967723e+02 2.4485033490868688e+00
721 1.8318501404475782e+02 2.5344468339999029e+00
722 1.9222031551616601e+02 2.6594542824959357e+00
723 2.0500909445273484e+02 2.8363927752843914e+00
724 2.2133038988611108e+02 3.0622052182596153e+00
725 2.4098495920394933e+02 3.3341350005127413e+00
726 2.6149492964946523e+02 3.6178996410437003e+00
727 2.7961444570761427e+02 3.8685912729255842e+00
728 2.8993145354084817e+02 4.0113317038262428e+00
729 2.8919292285388548e+02 4.0011138005160571e+00
730 2.7684028456300450e+02 3.8302095091845620e+00
731 2.5804592577545770e+02 3.5701811254516116e+00
732 2.3927389810329845e+02 3.3104617027163101e+00
733 2.2720072195973066e+02 3.1434238955411429e+00
734 2.2485735948837660e+02 3.1110024246724266e+00
735 2.3276040053698210e+02 3.2203445423617896e+00
736 2.4648145366770763e+02 3.4101814667829928e+00
737 2.5856469445685406e+02 3.5773585228440750e+00
738 2.6024233697208240e+02 3.6005694595218167e+00
739 2.5021722409355525e+02 3.4618675262443119e+00
740 2.3497745503545391e+02 3.2510184857722706e+00
741 2.2477896540968047e+02 3.1099178074312630e+00
742 2.2495805692227810e+02 3.1123956188366675e+00
743 2.3489211901392048e+02 3.2498378236382561e+00
744 2.4612620007618600e+02 3.4052663740010085e+00
745 2.4866702612837611e+02 3.4404198420797036e+00
746 2.3914328964193658e+02 3.3086546760710447e+00
747 2.2642790342560161e+02 3.1327316044861484e+00
748 2.2081328693904811e+02 3.0550508670487924e+00
749 2.2648801622247680e+02 3.1335632919935446e+00
750 2.3708693239885653e+02 3.2802040512670767e+00
751 2.4134343708771613e+02 3.3390947028241418e+00
752 2.3346302929074960e+02 3.2300657263229851e+00
753 2.2206205070699320e+02 3.0723280738912089e+00
754 2.1825006920044257e+02 3.0195875999451092e+00
755 2.2526678056034078e+02 3.1166669488422856e+00
756 2.3415178641915023e+02 3.2395949901253358e+00
757 2.3355674929436424e+02 3.2313623846095934e+00
758 2.2322789020899495e+02 3.0884579863199537e+00
759 2.1572056360283005e+02 2.9845907554331030e+00
760 2.1873649434143024e+02 3.0263175099488442e+00
761 2.2783921103545089e+02 3.1522576782877341e+00
762 2.2979596556477381e+02 3.1793302548716773e+00
763 2.2130581276301459e+02 3.0618651827379022e+00
764 2.1321713975227334e+02 2.9499547635901617e+00
765 2.1561186150422733e+02 2.9830868131423571e+00
766 2.2389458152379791e+02 3.0976819596939151e+00
767 2.2537816575410176e+02 3.1182080129580050e+00
768 2.1668758159394241e+02 2.9979698830805033e+00
769 2.1036954827687333e+02 2.9105570582866629e+00
770 2.1427307728217301e+02 2.9645641329401129e+00
771 2.2175006115691011e+02 3.0680115585279162e+00
772 2.1975400321781638e+02 3.0403952016408815e+00
773 2.1091216133138406e+02 2.9180643532761739e+00
774 2.0816624418045760e+02 2.8800733578561490e+00
775 2.1485853400323660e+02 2.9726641892732202e+00
776 2.1880735799712602e+02 3.0272979404101479e+00
777 2.1249541304416621e+02 2.9399693508645970e+00
778 2.0565795191439514e+02 2.8453700093010363e+00
779 2.0880235655314837e+02 2.8888742578502957e+00
780 2.1523449222358431e+02 2.9778657398817416e+00
781 2.1271919328102237e+02 2.9430654508145264e+00
782 2.0467097589528819e+02 2.8317147533844782e+00
783 2.0452582299815319e+02 2.8297064979466189e+00
784 2.1109726592677831e+02 2.9206253583791413e+00
785 2.1144690839226931e+02 2.9254628187157117e+00
786 2.0371755835650720e+02 2.8185237940953463e+00
787 2.0151748077651118e+02 2.7880847339667012e+00
788 2.0744490030914838e+02 2.8700932418493985e+00
789 2.0930222561117861e+02 2.8957901704763676e+00
790 2.0221529242283893e+02 2.7977392710858320e+00
791 1.9914803880783714e+02 2.7553024415550245e+00
792 2.0453374102330162e+02 2.8298160473760503e+00
793 2.0678940181617969e+02 2.8610241261858746e+00
794 2.0008687221299954e+02 2.7682916228140644e+00
795 1.9708162632274733e+02 2.7267126979677343e+00
796 2.0230160909164476e+02 2.7989335009147140e+00
797 2.0409142495636200e+02 2.8236964061961856e+00
798 1.9744099262418220e+02 2.7316846919360582e+00
799 1.9527427121107232e+02 2.7017071293376547e+00
800 2.0058645248956736e+02 2.7752035400190755e+00
801 2.0113790503557667e+02 2.7828331333382810e+00
802 1.9447587329537808e+02 2.6906609360654858e+00
803 1.9386618116188311e+02 2.6822255719309860e+00
804 1.9912921824489104e+02 2.7550420506250042e+00
805 1.9774636983633840e+02 2.7359097226382745e+00
806 1.9151877695243186e+02 2.6497481818028388e+00
807 1.9302883926568879e+02 2.6706405712209027e+00
808 1.9749764928581999e+02 2.7324685622622509e+00
809 1.9382743208803126e+02 2.6816894611139719e+00
810 1.8906495636848302e+02 2.6157984734021644e+00
811 1.9273608972612081e+02 2.6665902500328840e+00
812 1.9509960314163069e+02 2.6992905182523779e+00
813 1.8964585715695208e+02 2.6238354963643360e+00
814 1.8766189945030143e+02 2.5963865516205162e+00
815 1.9249059524194666e+02 2.6631937237317338e+00
816 1.9147549966980174e+02 2.6491494211863222e+00
817 1.8597753774932403e+02 2.5730826519941536e+00
818 1.8752118522392965e+02 2.5944397071835605e+00
819 1.9125910368550461e+02 2.6461554856826344e+00
820 1.8687288076206147e+02 2.5854701241670788e+00
821 1.8385952205801593e+02 2.5437789549030456e+00
822 1.8795278362454795e+02 2.6004110646426328e+00
823 1.8807096737478673e+02 2.6020461898366061e+00
824 1.8260339886102514e+02 2.5263999270588284e+00
825 1.8375403988536598e+02 2.5423195617321022e+00
826 1.8722812235414790e+02 2.5903850509314950e+00
827 1.8326005477615925e+02 2.5354850561771545e+00
828 1.8041173202193542e+02 2.4960772333031245e+00
829 1.8449883380391586e+02 2.5526241196605683e+00
830 1.8385432651894990e+02 2.5437070722896915e+00
831 1.7899595061308358e+02 2.4764892624856878e+00
832 1.8077088144241191e+02 2.5010462266261109e+00
833 1.8342789125701714e+02 2.5378071491701761e+00
834 1.7878967551785149e+02 2.4736353540217766e+00
835 1.7761587325335412e+02 2.4573952732023359e+00
836 1.8142430040839511e+02 2.5100865711010525e+00
837 1.7914833003345470e+02 2.4785975001138594e+00
838 1.7538063992951882e+02 2.4264698175891311e+00
839 1.7865255655544993e+02 2.4717382516744468e+00
840 1.7896051214649404e+02 2.4759989554050676e+00
841 1.7433117028436382e+02 2.4119499343256878e+00
842 1.7555548339048624e+02 2.4288888552948369e+00
843 1.7811079613190114e+02 2.4642427532167281e+00
844 1.7380497447322239e+02 2.4046697792618814e+00
845 1.7295277232844583e+02 2.3928791803473373e+00
846 1.7634168434000759e+02 2.4397662980692507e+00
847 1.7361837352010943e+02 2.4020880713787083e+00
848 1.7079234650831179e+02 2.3629887201015416e+00
849 1.7420285853404746e+02 2.4101746837078899e+00
850 1.7314488368972894e+02 2.3955371271991490e+00
851 1.6932446592294033e+02 2.3426799338087085e+00
852 1.7173563967724940e+02 2.3760396041927669e+00
853 1.7247239790386359e+02 2.3862329847190229e+00
854 1.6813431390240848e+02 2.3262136467811105e+00
855 1.6945412394288550e+02 2.3444738106706686e+00
856 1.7130154095312034e+02 2.3700336536364430e+00
857 1.6730464531843552e+02 2.3147348097873501e+00
858 1.6722740230079822e+02 2.3136661179922253e+00
859 1.6996228612846417e+02 2.3515044624361217e+00
860 1.6642340749924838e+02 2.3025424892938511e+00
861 1.6535885894823437e+02 2.2878139826044479e+00
862 1.6829402631507043e+02 2.3284233396467213e+00
863 1.6564183761328192e+02 2.2917291193609080e+00
864 1.6357642135549347e+02 2.2631531590251739e+00
865 1.6665529782017279e+02 2.3057507958945127e+00
866 1.6465060802879191e+02 2.2780150134594068e+00
867 1.6208749135297549e+02 2.2425531446047415e+00
868 1.6486862365852679e+02 2.2810313574841921e+00
869 1.6368058035865957e+02 2.2645942455528218e+00
870 1.6059411045854370e+02 2.2218915500983054e+00
871 1.6323722591251405e+02 2.2584602379308953e+00
872 1.6248828225221405e+02 2.2480982664640163e+00
873 1.5929449021691852e+02 2.2039107211316717e+00
874 1.6154288028070806e+02 2.2350182061433874e+00
875 1.6133284222659705e+02 2.2321122354555722e+00
876 1.5791387600684322e+02 2.1848093042829899e+00
877 1.6004275074502095e+02 2.2142632411581897e+00
878 1.5999069081045621e+02 2.2135429686128405e+00
879 1.5666492737106756e+02 2.1675295397112180e+00
880 1.5850011888785639e+02 2.1929202374916188e+00
881 1.5871506813433842e+02 2.1958941567287238e+00
882 1.5530103520221289e+02 2.1486594798032255e+00
883 1.5714936442173453e+02 2.1742319435936404e+00
884 1.5728203544084229e+02 2.1760675066504471e+00
885 1.5404669301127998e+02 2.1313050929766608e+00
886 1.5575257001760812e+02 2.1549066665028951e+00
887 1.5592865048131412e+02 2.1573428186963266e+00
888 1.5267704426348203e+02 2.1123553882169674e+00
889 1.5453289826644297e+02 2.1380319607613854e+00
890 1.5442814294403195e+02 2.1365826238895145e+00
891 1.5142260127025457e+02 2.0949996067454446e+00
892 1.5325569143989219e+02 2.1203612314454827e+00
893 1.5300338934488934e+02 2.1168705187950732e+00
894 1.5007509886679247e+02 2.0763563065930239e+00
895 1.5213346126267371e+02 2.1048346735853753e+00
896 1.5143035433150854e+02 2.0951068738254039e+00
897 1.4886723958850433e+02 2.0596450317120625e+00
898 1.5093118518384111e+02 2.0882006447731354e+00
899 1.4992560935629737e+02 2.0742880521642095e+00
900 1.4760286680780695e+02 2.0421518671770467e+00
901 1.4984612523532772e+02 2.0731883536992708e+00
902 1.4827807840622330e+02 2.0514937224964354e+00
903 1.4651143729020455e+02 2.0270514502578680e+00
904 1.4863807189903881e+02 2.0564743939388270e+00
905 1.4670964048520619e+02 2.0297936803615699e+00
906 1.4539955510473521e+02 2.0116680615050351e+00
907 1.4748729445445878e+02 2.0405528718303549e+00
908 1.4503411257800838e+02 2.0066120002344037e+00
909 1.4448076502821806e+02 1.9989561886879144e+00
910 1.4615238077741793e+02 2.0220837423544431e+00
911 1.4348843696860283e+02 1.9852268848903525e+00
912 1.4354621071211187e+02 1.9860262105452833e+00
913 1.4480903271965656e+02 2.0034979194381570e+00
914 1.4191510763653162e+02 1.9634591678895896e+00
915 1.4277345953324479e+02 1.9753348513805493e+00
916 1.4323803333512180e+02 1.9817624383066217e+00
917 1.4056047189528010e+02 1.9447171748093088e+00
918 1.4191836219205913e+02 1.9635041961250914e+00
919 1.4164257367733384e+02 1.9596885383233660e+00
920 1.3927531106786162e+02 1.9269363983237626e+00
921 1.4111185731504099e+02 1.9523458394067592e+00
922 1.3986215059778146e+02 1.9350555864376329e+00
923 1.3828066637798364e+02 1.9131750429074286e+00
924 1.4008226518376784e+02 1.9381009704636105e+00
925 1.3815608594970911e+02 1.9114514168037038e+00
926 1.3738516799973544e+02 1.9007854211829756e+00
927 1.3894962492326880e+02 1.9224303844320410e+00
928 1.3643029185876918e+02 1.8875742814783778e+00
929 1.3673023781345040e+02 1.8917241682973245e+00
930 1.3748424641366594e+02 1.9021562154797322e+00
931 1.3497338052153276e+02 1.8674172596535727e+00
932 1.3603545990621581e+02 1.8821116043192823e+00
933 1.3588660532559732e+02 1.8800521344300982e+00
934 1.3368907178658009e+02 1.8496482722494834e+00
935 1.3535070729867931e+02 1.8726377448592499e+00
936 1.3405859396599303e+02 1.8547607773448895e+00
937 1.3279267664175043e+02 1.8372462433571455e+00
938 1.3435417953745920e+02 1.8588503363062763e+00
939 1.3232506515816462e+02 1.8307766287421285e+00
940 1.3206473157064306e+02 1.8271747967903258e+00
941 1.3312750710931866e+02 1.8418787730587709e+00
942 1.3068293684348677e+02 1.8080570469583261e+00
943 1.3154899559467086e+02 1.8200393582376762e+00
944 1.3149241544928719e+02 1.8192565465481794e+00
945 1.2944969468664155e+02 1.7909945885674454e+00
946 1.3087156304089658e+02 1.8106667750047367e+00
947 1.2974101416369703e+02 1.7950251241991722e+00
948 1.2851177223339531e+02 1.7780180107367580e+00
949 1.2999757170055835e+02 1.7985747127964038e+00
950 1.2792080611932917e+02 1.7698417294803108e+00
951 1.2796161220677624e+02 1.7704063000030550e+00
952 1.2863652358534367e+02 1.7797440016461752e+00
953 1.2643973166972235e+02 1.7493504001578859e+00
954 1.2742232524664843e+02 1.7629450230211976e+00
955 1.2699872973343375e+02 1.7570843890989207e+00
956 1.2529882133609405e+02 1.7335653939551652e+00
957 1.2677557754515598e+02 1.7539969784827742e+00
958 1.2513961739494668e+02 1.7313627360210251e+00
959 1.2465948592379358e+02 1.7247199017623756e+00
960 1.2562954555627356e+02 1.7381411118823764e+00
961 1.2353136033342395e+02 1.7091117782170293e+00
962 1.2416368591050727e+02 1.7178602861954406e+00
963 1.2410776703516368e+02 1.7170866234735502e+00
964 1.2227422543802649e+02 1.6917187530715749e+00
965 1.2363283430289378e+02 1.7105157160991606e+00
966 1.2226322534555891e+02 1.6915665618583713e+00
967 1.2158609720011133e+02 1.6821981902511691e+00
968 1.2259882188250906e+02 1.6962096904735038e+00
969 1.2061847400293499e+02 1.6688106893064181e+00
970 1.2111553317863803e+02 1.6756877259501655e+00
971 1.2112817060155196e+02 1.6758625703644923e+00
972 1.1934837014502185e+02 1.6512382327475397e+00
973 1.2062428295793799e+02 1.6688910588043979e+00
974 1.1929777631041468e+02 1.6505382443526990e+00
975 1.1868899552737062e+02 1.6421154891604595e+00
976 1.1959521798927516e+02 1.6546534833924131e+00
977 1.1768471975373254e+02 1.6282208833804366e+00
978 1.1825473162875922e+02 1.6361072533410861e+00
979 1.1809338156524220e+02 1.6338749028413531e+00
980 1.1650523225050858e+02 1.6119021447331912e+00
981 1.1773487082799252e+02 1.6289147459872810e+00
982 1.1627175662424517e+02 1.6086719047221012e+00
983 1.1595112542502233e+02 1.6042358282668874e+00
984 1.1660418813669017e+02 1.6132712438035839e+00
985 1.1476720412985813e+02 1.5878557461194427e+00
986 1.1554512906089766e+02 1.5986186864660861e+00
987 1.1500798526904593e+02 1.5911870611786119e+00
988 1.1378003135659421e+02 1.5741977680208721e+00
989 1.1490411877194553e+02 1.5897500216035818e+00
990 1.1323118077158216e+02 1.5666041739991312e+00
991 1.1337115141883001e+02 1.5685407306853871e+00
992 1.1357446242640727e+02 1.5713536296670996e+00
993 1.1194255500998496e+02 1.5487754585950821e+00
994 1.1292328286131770e+02 1.5623442683079689e+00
995 1.1188254254223675e+02 1.5479451591861588e+00
996 1.1122601915327897e+02 1.5388618636269249e+00
997 1.1203643858984628e+02 1.5500743800324328e+00
998 1.1026127745705104e+02 1.5255142295402460e+00
999 1.1091790646688072e+02 1.5345989864116172e+00
1000 1.1046280985445898e+02 1.5283025206524992e+00
1001 1.0931071052034029e+02 1.5123627096093477e+00
1002 1.1027517390571700e+02 1.5257064931405679e+00
1003 1.0878448925430227e+02 1.5050822023656294e+00
1004 1.0885948747584642e+02 1.5061198363999382e+00
1005 1.0903476375633603e+02 1.5085448623578674e+00
1006 1.0749465632142213e+02 1.4872367852054234e+00
1007 1.0847935700443207e+02 1.5008605608265140e+00
1008 1.0730337525839138e+02 1.4845903259023498e+00
1009 1.0694014043433073e+02 1.4795648091883347e+00
1010 1.0745349093441519e+02 1.4866672436121104e+00
1011 1.0586961812888700e+02 1.4647536529269649e+00
1012 1.0658452939161243e+02 1.4746447709087156e+00
1013 1.0588749890077227e+02 1.4650010414261301e+00
1014 1.0505676281645232e+02 1.4535074350862591e+00
1015 1.0586018802097244e+02 1.4646231831542438e+00
1016 1.0426777047388192e+02 1.4425913721369770e+00
1017 1.0476413690184421e+02 1.4494588243050102e+00
1018 1.0438549268668977e+02 1.4442201117535780e+00
1019 1.0332813331374409e+02 1.4295910705673402e+00
1020 1.0416156061632007e+02 1.4411219111188862e+00
1021 1.0277119772654736e+02 1.4218856169139766e+00
1022 1.0292598593807212e+02 1.4240271812481835e+00
1023 1.0290964290086093e+02 1.4238010679979605e+00
1024 1.0161856209275200e+02 1.4059383859242498e+00
1025 1.0250653120323196e+02 1.4182238368519975e+00
1026 1.0123540928552642e+02 1.4006372949792569e+00
1027 1.0120112862844151e+02 1.4001630067124502e+00
1028 1.0134790864773895e+02 1.4021937741152461e+00
1029 1.0002457385134491e+02 1.3838848436466038e+00
1030 1.0080163416476788e+02 1.3946358216207115e+00
1031 9.9759222374934239e+01 1.3802135869513268e+00
1032 9.9476337742394151e+01 1.3762997511767843e+00
1033 9.9824910009256087e+01 1.3811224048353010e+00
1034 9.8415943646446351e+01 1.3616287232366360e+00
1035 9.9176274849837924e+01 1.3721482464698862e+00
1036 9.8223443664637443e+01 1.3589653996455402e+00
1037 9.7860258387296483e+01 1.3539405684326153e+00
1038 9.8239885301544376e+01 1.3591928770667792e+00
1039 9.6890005893282890e+01 1.3405166899867920e+00
1040 9.7528407905334575e+01 1.3493492681684780e+00
1041 9.6735239404083288e+01 1.3383754261906968e+00
1042 9.6238252612956657e+01 1.3314993910200310e+00
1043 9.6710481148422716e+01 1.3380328846187157e+00
1044 9.5331235861421902e+01 1.3189504074347773e+00
1045 9.5970266063345335e+01 1.3277916769051035e+00
1046 9.5188996458253541e+01 1.3169824614927474e+00
1047 9.4711811922745156e+01 1.3103803994105432e+00
1048 9.5136346944100154e+01 1.3162540318493428e+00
1049 9.3840100825681347e+01 1.2983198853906783e+00
1050 9.4397115392334655e+01 1.3060264317602486e+00
1051 9.3690569574827521e+01 1.2962510534652789e+00
1052 9.3173529274224165e+01 1.2890975689963236e+00
1053 9.3623850566746427e+01 1.2953279660627395e+00
1054 9.2313655909945297e+01 1.2772008353191628e+00
1055 9.2910319008052355e+01 1.2854559369051066e+00
1056 9.2141117204098705e+01 1.2748136849343150e+00
1057 9.1722434258241989e+01 1.2690210185848882e+00
1058 9.2072298831830707e+01 1.2738615518866134e+00
1059 9.0852976764916676e+01 1.2569916841835631e+00
1060 9.1406571089572680e+01 1.2646509099710062e+00
1061 9.0641934313987562e+01 1.2540718172152632e+00
1062 9.0258967793729568e+01 1.2487733036340229e+00
1063 9.0578291629410188e+01 1.2531912921282329e+00
1064 8.9364770954813878e+01 1.2364016892900194e+00
1065 8.9978991499728636e+01 1.2448997060276581e+00
1066 8.9100021573282916e+01 1.2327387628474633e+00
1067 8.8878864190175889e+01 1.2296789512555917e+00
1068 8.9043009894686506e+01 1.2319499807024108e+00
1069 8.7948837799110876e+01 1.2168116189868332e+00
1070 8.8526218461410750e+01 1.2247999394245583e+00
1071 8.7613387784372691e+01 1.2121705175722235e+00
1072 8.7487401998246341e+01 1.2104274477122683e+00
1073 8.7556548919193517e+01 1.2113841263783112e+00
1074 8.6519279043131306e+01 1.1970330323922769e+00
1075 8.7133272057136296e+01 1.2055279011377236e+00
1076 8.6096880827098559e+01 1.1911889636135402e+00
1077 8.6173592472494164e+01 1.1922503036353627e+00
1078 8.6025737332717057e+01 1.1902046614585025e+00
1079 8.5172481330282366e+01 1.1783994819505672e+00
1080 8.5700576235168057e+01 1.1857059118281335e+00
1081 8.4647842597659888e+01 1.1711408697664729e+00
1082 8.4842859789955284e+01 1.1738390200937034e+00
1083 8.4539241810846022e+01 1.1696383291697674e+00
1084 8.3826050555962794e+01 1.1597710082679955e+00
1085 8.4306484923410594e+01 1.1664180332327414e+00
1086 8.3190352111724280e+01 1.1509758351596466e+00
1087 8.3573292531190631e+01 1.1562739876247274e+00
1088 8.3015117710188889e+01 1.1485513886158332e+00
1089 8.2567973931310547e+01 1.1423649538759038e+00
1090 8.2856668767827856e+01 1.1463591764285446e+00
1091 8.1820954236381908e+01 1.1320296013329010e+00
1092 8.2266946378949825e+01 1.1382001026679278e+00
1093 8.1546624257709055e+01 1.1282341230316639e+00
1094 8.1311947194434779e+01 1.1249872606006435e+00
1095 8.1429643063421139e+01 1.1266156357386581e+00
1096 8.0468966146571518e+01 1.1133242396978695e+00
1097 8.0990634203063962e+01 1.1205417512452558e+00
1098 8.0067206053507604e+01 1.1077657086073047e+00
1099 8.0129738877417580e+01 1.1086308782741912e+00
1100 7.9945952043728767e+01 1.1060881049954794e+00
1101 7.9222558019525465e+01 1.0960796242038762e+00
1102 7.9647425652349114e+01 1.1019578584715322e+00
1103 7.8675596745473015e+01 1.0885121696466815e+00
1104 7.8923822679830366e+01 1.0919464867862645e+00
1105 7.8495621652502791e+01 1.0860221335105062e+00
1106 7.8003665190859394e+01 1.0792156952045142e+00
1107 7.8303958851996185e+01 1.0833703926982319e+00
1108 7.7314701317600480e+01 1.0696835709943171e+00
1109 7.7747289614225863e+01 1.0756686241086495e+00
1110 7.7023223003816767e+01 1.0656508377852114e+00
1111 7.6877545942147265e+01 1.0636353302959118e+00
1112 7.6882019288663102e+01 1.0636972210514060e+00
1113 7.6075408293388222e+01 1.0525373961393940e+00
1114 7.6497516040094595e+01 1.0583774461447151e+00
1115 7.5633022201076741e+01 1.0464167861271010e+00
1116 7.5744809691715275e+01 1.0479634162005653e+00
1117 7.5469239783828471e+01 1.0441507829225030e+00
1118 7.4888089921459468e+01 1.0361103139112076e+00
1119 7.5227332502497717e+01 1.0408038871816732e+00
1120 7.4284065653194531e+01 1.0277533672343950e+00
1121 7.4642320852256489e+01 1.0327099886030227e+00
1122 7.4023562665863651e+01 1.0241491915602488e+00
1123 7.3810376585723404e+01 1.0211996665203222e+00
1124 7.3859725229920670e+01 1.0218824271473319e+00
1125 7.3071348675788542e+01 1.0109748839072952e+00
1126 7.3459405354188249e+01 1.0163438221095344e+00
1127 7.2657952687483927e+01 1.0052553649869815e+00
1128 7.2737386194026897e+01 1.0063543631786249e+00
1129 7.2483060760457150e+01 1.0028356567316061e+00
1130 7.1931277171040676e+01 9.9520148327837821e-01
1131 7.2236062741011452e+01 9.9941832834558741e-01
1132 7.1348451482664757e+01 9.8713782846261233e-01
1133 7.1687027162553321e+01 9.9182217485654423e-01
1134 7.1072824163047045e+01 9.8332440086750172e-01
1135 7.0909079330239123e+01 9.8105891766049402e-01
1136 7.0901190171905924e+01 9.8094976761639918e-01
1137 7.0191409130035780e+01 9.7112962854125950e-01
1138 7.0540665659445722e+01 9.7596174927904289e-01
1139 6.9753435889494355e+01 9.6507007231251862e-01
1140 6.9888140609454538e+01 9.6693377253280255e-01
1141 6.9551967057090366e+01 9.6228266065060619e-01
1142 6.9121157092602502e+01 9.5632221155903863e-01
1143 6.9332282870406971e+01 9.5924323139203416e-01
1144 6.8514722610373539e+01 9.4793191849097114e-01
1145 6.8865558633494871e+01 9.5278589223270815e-01
1146 6.8187612640565305e+01 9.4340620533876041e-01
1147 6.8160632256031022e+01 9.4303291961711122e-01
1148 6.8008669429209732e+01 9.4093044574755769e-01
1149 6.7444391226869456e+01 9.3312340372027125e-01
1150 6.7720929825915505e+01 9.3694943927501262e-01
1151 6.6943311354447204e+01 9.2619073893399484e-01
1152 6.7174575937929589e+01 9.2939038817648156e-01
1153 6.6688123965216704e+01 9.2266010694379330e-01
1154 6.6459316239954745e+01 9.1949444943677039e-01
1155 6.6498450230661774e+01 9.2003588575112394e-01
1156 6.5810730553321619e+01 9.1052097554952682e-01
1157 6.6144042945206081e+01 9.1513250199315888e-01
1158 6.5396483087460595e+01 9.0478967605530380e-01
1159 6.5548092035542226e+01 9.0688725385376745e-01
1160 6.5181313363065740e+01 9.0181270640738309e-01
1161 6.4849061832893426e+01 8.9721585746137100e-01
1162 6.4965657739529320e+01 8.9882901412689653e-01
1163 6.4267750101202552e+01 8.8917314891540356e-01
1164 6.4557854576364534e+01 8.9318687445096434e-01
1165 6.3917612005559562e+01 8.8432883131337359e-01
1166 6.3938572913641991e+01 8.8461883487837212e-01
1167 6.3720021097907235e+01 8.8159507247978119e-01
1168 6.3269722089153952e+01 8.7536498371930427e-01
1169 6.3475520650158309e+01 8.7821229911843290e-01
1170 6.2747301326721839e+01 8.6813705814762854e-01
1171 6.3031077683681609e+01 8.7206323132948604e-01
1172 6.2441430555454104e+01 8.6390519883372630e-01
1173 6.2407060923852470e+01 8.6342967956457239e-01
1174 6.2248864901398349e+01 8.6124096663763916e-01
1175 6.1771801871703950e+01 8.5464058564287093e-01
1176 6.1980582865004713e+01 8.5752916433054227e-01
1177 6.1295511757178176e+01 8.4805089827613922e-01
1178 6.1516081654529856e+01 8.5110258173907827e-01
1179 6.1017688915393457e+01 8.4420709464708199e-01
1180 6.0899767639910955e+01 8.4257560090909078e-01
1181 6.0824288769984292e+01 8.4153131688882277e-01
1182 6.0296453115432932e+01 8.3422847385591448e-01
1183 6.0540524670258698e+01 8.3760531329129784e-01
1184 5.9853966865526921e+01 8.2810647811837679e-01
1185 6.0069761174540915e+01 8.3109208917465072e-01
1186 5.9592773897223644e+01 8.2449275624799756e-01
1187 5.9467877876650675e+01 8.2276476378327001e-01
1188 5.9397547312006587e+01 8.2179170887577591e-01
1189 5.8891162219077778e+01 8.1478564398421993e-01
1190 5.9107892029619059e+01 8.1778419812372793e-01
1191 5.8470543438773547e+01 8.0896619449692453e-01
1192 5.8642420612935162e+01 8.1134419229419152e-01
1193 5.8217311983998442e+01 8.0546262373721633e-01
1194 5.8059178899810767e+01 8.0327478158942922e-01
1195 5.8021135244503270e+01 8.0274843055438050e-01
1196 5.7503679078052023e+01 7.9558919239488968e-01
1197 5.7734365635625615e+01 7.9878084438966412e-01
1198 5.7095293952903063e+01 7.8993900101387671e-01
1199 5.7283171205181183e+01 7.9253836706846315e-01
1200 5.6843892657356747e+01 7.8646075132798732e-01
1201 5.6720740116976984e+01 7.8475688069374272e-01
1202 5.6648501014084331e+01 7.8375742030353557e-01
1203 5.6180852661539760e+01 7.7728729558993714e-01
1204 5.6372420843353353e+01 7.7993772731015387e-01
1205 5.5776042565804659e+01 7.7168656634438682e-01
1206 5.5943357436132914e+01 7.7400144262177129e-01
1207 5.5520834301905197e+01 7.6815564554377713e-01
1208 5.5404392078021580e+01 7.6654461514806138e-01
1209 5.5326893831395822e+01 7.6547239214540241e-01
1210 5.4876663791633170e+01 7.5924325760184574e-01
1211 5.5067251260778100e+01 7.6188012072240863e-01
1212 5.4469001538006168e+01 7.5360306747257144e-01
1213 5.4666764953726585e+01 7.5633921303266161e-01
1214 5.4205013042495736e+01 7.4995066822939238e-01
1215 5.4154174891045777e+01 7.4924729960144731e-01
1216 5.4011937065781019e+01 7.4727937549042145e-01
1217 5.3636573255052348e+01 7.4208604880559248e-01
1218 5.3772586123575834e+01 7.4396784784799863e-01
1219 5.3220727567807664e+01 7.3633263720166997e-01
1220 5.3406570984902658e+01 7.3890386423425380e-01
1221 5.2942397876605497e+01 7.3248182108358328e-01
1222 5.2925076906490510e+01 7.3224217769299993e-01
1223 5.2747147627154106e+01 7.2978044630606542e-01
1224 5.2418861076205005e+01 7.2523845462603409e-01
1225 5.2528977206098453e+01 7.2676196067392829e-01
1226 5.1992219418514338e+01 7.1933567592863268e-01
1227 5.2201799729159326e+01 7.2223531353028236e-01
1228 5.1694469991017996e+01 7.1521617904850576e-01
1229 5.1756968496578182e+01 7.1608087390563002e-01
1230 5.1492062286659838e+01 7.1241577767199149e-01
1231 5.1265824777667710e+01 7.0928568025989081e-01
1232 5.1293022500031825e+01 7.0966197294789912e-01
1233 5.0827947399875214e+01 7.0322745033527911e-01
1234 5.1007379148208450e+01 7.0570996905469319e-01
1235 5.0505928621237842e+01 6.9877217609648901e-01
1236 5.0605949931454582e+01 7.0015601578628706e-01
1237 5.0289063795575622e+01 6.9577175396222390e-01
1238 5.0137238323318833e+01 6.9367118045467846e-01
1239 5.0103198349571308e+01 6.9320022214979893e-01
1240 4.9691842503788855e+01 6.8750892951635267e-01
1241 4.9858436721129948e+01 6.8981383523642237e-01
1242 4.9343066470092268e+01 6.8268345665228214e-01
1243 4.9506348065947904e+01 6.8494253076827749e-01
1244 4.9103766486630718e+01 6.7937263404693427e-01
1245 4.9069581299190723e+01 6.7889966664548607e-01
1246 4.8921777940226590e+01 6.7685474087939879e-01
1247 4.8624064969112972e+01 6.7273574838967876e-01
1248 4.8713231756205708e+01 6.7396941088343443e-01
1249 4.8248968977639855e+01 6.6754612710437633e-01
1250 4.8414464122630129e+01 6.6983582666550123e-01
1251 4.7979486955194226e+01 6.6381772245201576e-01
1252 4.8020945402105220e+01 6.6439131866054857e-01
1253 4.7788930570770198e+01 6.6118128940250898e-01
1254 4.7587604329742412e+01 6.5839585055624339e-01
1255 4.7606581408983160e+01 6.5865840695940281e-01
1256 4.7192132707752286e+01 6.5292432328357697e-01
1257 4.7360367092684946e+01 6.5525192145794686e-01
1258 4.6888027877492448e+01 6.4871689655560338e-01
1259 4.7020085127013104e+01 6.5054396783487622e-01
1260 4.6675727293489004e+01 6.4577962275190470e-01
1261 4.6614181584252108e+01 6.4492811025927455e-01
1262 4.6504833795095969e+01 6.4341523455010796e-01
1263 4.6209851536678329e+01 6.3933402269535400e-01
1264 4.6304156857154560e+01 6.4063877910327682e-01
1265 4.5871767568800557e+01 6.3465647935764091e-01
1266 4.6023280280047437e+01 6.3675272567633034e-01
1267 4.5626106524103285e+01 6.3125764861694511e-01
1268 4.5661513609639535e+01 6.3174752152661762e-01
1269 4.5448338495260778e+01 6.2879814820291990e-01
1270 4.5266205798714168e+01 6.2627826065350689e-01
1271 4.5278526836370787e+01 6.2644872773588944e-01
1272 4.4902970965252536e+01 6.2125274380942497e-01
1273 4.5055445650281200e+01 6.2336229946686328e-01
1274 4.4618269138484351e+01 6.1731376633766355e-01
1275 4.4751212124743155e+01 6.1915309218199155e-01
1276 4.4415670108234622e+01 6.1451071788162326e-01
1277 4.4386057941491728e+01 6.1410102027267433e-01
1278 4.4255969482851818e+01 6.1230118809830614e-01
1279 4.4014627818580074e+01 6.0896211792318611e-01
1280 4.4079390495746459e+01 6.0985813861003990e-01
1281 4.3693987090435918e+01 6.0452590963107211e-01
1282 4.3838501427654336e+01 6.0652533030606970e-01
1283 4.3453253763283854e+01 6.0119525607286273e-01
1284 4.3524061407230249e+01 6.0217491158649050e-01
1285 4.3280107030563229e+01 5.9879969336349181e-01
1286 4.3168664181232259e+01 5.9725783155710077e-01
1287 4.3128785610287153e+01 5.9670609364118388e-01
1288 4.2826869553910164e+01 5.9252894958161884e-01
1289 4.2944783175078804e+01 5.9416033741874463e-01
1290 4.2545175641852509e+01 5.8863158795902926e-01
1291 4.2693947595402619e+01 5.9068991466566112e-01
1292 4.2338848772406038e+01 5.8577696317563976e-01
1293 4.2380219088969667e+01 5.8634934006128747e-01
1294 4.2185875839673720e+01 5.8366051403774044e-01
1295 4.2041928713324602e+01 5.8166894097953292e-01
1296 4.2039268955618361e+01 5.8163214203867553e-01
1297 4.1729894658973471e+01 5.7735180987973045e-01
1298 4.1851513141622767e+01 5.7903445613719706e-01
1299 4.1480963526848782e+01 5.7390773601273126e-01
1300 4.1599146129444392e+01 5.7554284532854638e-01
1301 4.1300738523403744e+01 5.7141424225304360e-01
1302 4.1294234584280254e+01 5.7132425733803294e-01
1303 4.1162312874100017e+01 5.6949906130632877e-01
1304 4.0976555519260636e+01 5.6692902498365316e-01
1305 4.1020378355007708e+01 5.6753533357224184e-01
1306 4.0692009133057802e+01 5.6299219810183365e-01
1307 4.0834045862742599e+01 5.6495733996531261e-01
1308 4.0469881614306253e+01 5.5991896424818144e-01
1309 4.0587305072114624e+01 5.6154357045536296e-01
1310 4.0309883679332906e+01 5.5770532105332571e-01
1311 4.0296297664881997e+01 5.5751735244960920e-01
1312 4.0183555614142691e+01 5.5595751560899798e-01
1313 3.9999780272020168e+01 5.5341490132126003e-01
1314 4.0048535791623387e+01 5.5408945580347446e-01
1315 3.9739002139605375e+01 5.4980691889146593e-01
1316 3.9869240712383416e+01 5.5160882796226640e-01
1317 3.9538132005216482e+01 5.4702779048512873e-01
1318 3.9634094803316138e+01 5.4835547883940661e-01
1319 3.9394076492831481e+01 5.4503471785749991e-01
1320 3.9360397334821066e+01 5.4456875160018137e-01
1321 3.9279003069505677e+01 5.4344262543145494e-01
1322 3.9084618410932393e+01 5.4075322649198254e-01
1323 3.9153803031590606e+01 5.4171042675043735e-01
1324 3.8844162849548667e+01 5.3742641594776541e-01
1325 3.8986598119818126e+01 5.3939707179899210e-01
1326 3.8660266031806508e+01 5.3488212099034382e-01
1327 3.8767683455222155e+01 5.3636828922365631e-01
1328 3.8529391918112175e+01 5.3307141892590482e-01
1329 3.8513401487126600e+01 5.3285018414096885e-01
1330 3.8425775485335755e+01 5.3163783910295925e-01
1331 3.8257297840513651e+01 5.2930687531890863e-01
1332 3.8313491911359520e+01 5.3008434549400751e-01
1333 3.8033870452721061e+01 5.2621565719403818e-01
1334 3.8162940097195666e+01 5.2800139361745668e-01
1335 3.7863256226954022e+01 5.2385513285428531e-01
1336 3.7964308846996325e+01 5.2525324117809735e-01
1337 3.7743276968124455e+01 5.2219516599361215e-01
1338 3.7731464846166411e+01 5.2203173998818531e-01
1339 3.7651255193083969e+01 5.2092200346104045e-01
1340 3.7494601564106318e+01 5.1875463023966983e-01
1341 3.7554351186716055e+01 5.1958129306820744e-01
1342 3.7285982916025162e+01 5.1586829767092901e-01
1343 3.7424170310771757e+01 5.1778018225898070e-01
1344 3.7125960426119249e+01 5.1365431474756751e-01
1345 3.7249307418509275e+01 5.1536087571259237e-01
1346 3.7015054934980164e+01 5.1211988753278470e-01
1347 3.7039936509771849e+01 5.1246413528025769e-01
1348 3.6934536303816806e+01 5.1100587615530313e-01
1349 3.6822422746823861e+01 5.0945473480757364e-01
1350 3.6854773368858680e+01 5.0990232017377635e-01
1351 3.6627120783007541e+01 5.0675264453862123e-01
1352 3.6748016540139062e+01 5.0842529156438254e-01
1353 3.6475447545721998e+01 5.0465417727018558e-01
1354 3.6600315396085755e+01 5.0638177998743339e-01
1355 3.6371609184075972e+01 5.0321752696178634e-01
1356 3.6417192445630533e+01 5.0384819183103235e-01
1357 3.6301625395554673e+01 5.0224926985749185e-01
1358 3.6220529624660244e+01 5.0112727349296426e-01
1359 3.6239506889998964e+01 5.0138983247087243e-01
1360 3.6038577277072214e+01 4.9860988115228588e-01
1361 3.6158139629962783e+01 5.0026407993229660e-01
1362 3.5894076016989224e+01 4.9661064140532246e-01
1363 3.6040586658059787e+01 4.9863768183952445e-01
1364 3.5795510606174616e+01 4.9524694473677322e-01
1365 3.5886957078228363e+01 4.9651214769448049e-01
1366 3.5734416678049158e+01 4.9440168283845903e-01
1367 3.5713789528275157e+01 4.9411629696935955e-01
1368 3.5689219800249852e+01 4.9377636376177325e-01
1369 3.5546541977788145e+01 4.9180235209217393e-01
1370 3.5634033631572223e+01 4.9301283836525023e-01
1371 3.5408971276062474e+01 4.8989899972867446e-01
1372 3.5549124808942530e+01 4.9183808671968221e-01
1373 3.5314003411063560e+01 4.8858507672010665e-01
1374 3.5428804990014534e+01 4.9017340805729448e-01
1375 3.5259317381978462e+01 4.8782847097917587e-01
1376 3.5283341060776287e+01 4.8816084935077836e-01
1377 3.5228755920668441e+01 4.8740563945409993e-01
1378 3.5134218325423667e+01 4.8609766942057120e-01
1379 3.5198803943911571e+01 4.8699124042119141e-01
1380 3.5005207839300525e+01 4.8431275147947972e-01
1381 3.5147800089366896e+01 4.8628557921660748e-01
1382 3.4913224075610366e+01 4.8304011485098913e-01
1383 3.5064395334162320e+01 4.8513163701849116e-01
1384 3.4862385456125168e+01 4.8233673974756663e-01
1385 3.4951786966471921e+01 4.8357364974282302e-01
1386 3.4843002873827203e+01 4.8206857302772887e-01
1387 3.4825993605848900e+01 4.8183324217601559e-01
1388 3.4835510697850118e+01 4.8196491541259090e-01
1389 3.4709176813726671e+01 4.8021702946071193e-01
1390 3.4817916812693213e+01 4.8172149611999099e-01
1391 3.4621085382359773e+01 4.7899824499575672e-01
1392 3.4774140705399759e+01 4.8111583404051750e-01
1393 3.4572010315676401e+01 4.7831926943636072e-01
1394 3.4700040324739447e+01 4.8009062203754860e-01
1395 3.4559523506298405e+01 4.7814650882785870e-01
1396 3.4604680768224178e+01 4.7877127980116502e-01
1397 3.4569748270382682e+01 4.7828797302511811e-01
1398 3.4506460415946506e+01 4.7741235717224478e-01
1399 3.4582562427631025e+01 4.7846526263823297e-01
1400 3.4425963216714571e+01 4.7629864231514740e-01
1401 3.4578985162247712e+01 4.7841576956713000e-01
1402 3.4378527026366669e+01 4.7564234134494421e-01
1403 3.4548137504225366e+01 4.7798897838217019e-01
1404 3.4369150109766927e+01 4.7551260749792174e-01
1405 3.4491109725309443e+01 4.7719997348197568e-01
1406 3.4391161444449530e+01 4.7581714418608556e-01
1407 3.4420231959469298e+01 4.7621934780049580e-01
1408 3.4428823003047427e+01 4.7633820874177363e-01
1409 3.4354220380828430e+01 4.7530604800156789e-01
1410 3.4462956735985010e+01 4.7681046424710177e-01
1411 3.4311335482961113e+01 4.7471271620424266e-01
1412 3.4477759966194007e+01 4.7701527357679396e-01
1413 3.4303171352816769e+01 4.7459976180180641e-01
1414 3.4466406093241595e+01 4.7685818765190036e-01
1415 3.4331055622559695e+01 4.7498555318074037e-01
1416 3.4433313148652715e+01 4.7640033192020531e-01
1417 3.4385946885634240e+01 4.7574499842596957e-01
1418 3.4392265083455243e+01 4.7583241352674910e-01
1419 3.4451683544094763e+01 4.7665449458089137e-01
1420 3.4361299327542909e+01 4.7540398840451037e-01
1421 3.4510547967831023e+01 4.7746891028597271e-01
1422 3.4356456010073792e+01 4.7533697893493304e-01
1423 3.4549358966766675e+01 4.7800587786429655e-01
1424 3.4386595365913969e+01 4.7575397044150503e-01
1425 3.4563958276582262e+01 4.7820786586388070e-01
1426 3.4450771855490764e+01 4.7664188096013177e-01
1427 3.4560393484343471e+01 4.7815854536432684e-01
1428 3.4538661695931978e+01 4.7785787632420978e-01
1429 3.4552283140178950e+01 4.7804633511504629e-01
1430 3.4633553294276169e+01 4.7917074414940136e-01
1431 3.4555091010362688e+01 4.7808518325846333e-01
1432 3.4716335406107731e+01 4.8031607179717534e-01
1433 3.4578417746511050e+01 4.7840791911590808e-01
1434 3.4767649359130367e+01 4.8102602335329153e-01
1435 3.4616513355591813e+01 4.7893498895471298e-01
1436 3.4764204553311082e+01 4.8097836291966950e-01
1437 3.4635592060426731e+01 4.7919895139355012e-01
1438 3.4665272190009510e+01 4.7960958929887249e-01
1439 3.4556289748400452e+01 4.7810176833689044e-01
1440 3.4389146605428380e+01 4.7578926798450433e-01
1441 3.4235175629787740e+01 4.7365901047531228e-01
1442 3.3791464923510631e+01 4.6752007383467026e-01
1443 3.3465894848248773e+01 4.6301566581420350e-01
1444 3.2679664085130291e+01 4.5213781055530067e-01
1445 3.2042508551795514e+01 4.4332247796575108e-01
1446 3.0911446252097299e+01 4.2767372372963008e-01
1447 2.9915138699109470e+01 4.1388936185632075e-01
1448 2.8575041523066108e+01 3.9534851634673412e-01
1449 2.7368862328544719e+01 3.7866048617825993e-01
1450 2.6120167122535413e+01 3.6138422792097752e-01
1451 2.5043732201811768e+01 3.4649126797520158e-01
1452 2.4263141729051249e+01 3.3569144866326267e-01
1453 2.3697148598263745e+01 3.2786067983170530e-01
1454 2.3667317718311505e+01 3.2744795622740486e-01
1455 2.3822850038420302e+01 3.2959981563762980e-01
1456 2.4532566808317611e+01 3.3941906548119716e-01
1457 2.5224353550152792e+01 3.4899024534429934e-01
1458 2.6152037569422934e+01 3.6182516984864255e-01
1459 2.6668986105984093e+01 3.6897738472091479e-01
1460 2.6908450613015656e+01 3.7229048358364819e-01
1461 2.6559073914679711e+01 3.6745670025487370e-01
1462 2.5825771621018429e+01 3.5731113411112458e-01
1463 2.4981783259027551e+01 3.4563417656558043e-01
1464 2.4163097381130328e+01 3.3430729023649414e-01
1465 2.3871136157966141e+01 3.3026787575950850e-01
1466 2.3849596930197791e+01 3.2996987088225932e-01
1467 2.4457746787433969e+01 3.3838389693295540e-01
1468 2.5001203806016125e+01 3.4590286854394120e-01
1469 2.5616857292887818e+01 3.5442071067627701e-01
1470 2.5572161704544790e+01 3.5380232716406423e-01
1471 2.5186331642408128e+01 3.4846419519653699e-01
1472 2.4386224035900700e+01 3.3739434758511322e-01
1473 2.3712809026953508e+01 3.2807734888686152e-01
1474 2.3429187827859209e+01 3.2415332238366640e-01
1475 2.3568634124837612e+01 3.2608262444875546e-01
1476 2.4172551408448069e+01 3.3443809094488691e-01
1477 2.4589987740110324e+01 3.4021350982778442e-01
1478 2.4820593974598573e+01 3.4340405051664546e-01
1479 2.4306247769403473e+01 3.3628784006605650e-01
1480 2.3717368314608336e+01 3.2814042867656118e-01
1481 2.3052744519177569e+01 3.1894506036046660e-01
1482 2.2994726919344700e+01 3.1814236084391795e-01
1483 2.3280871185680461e+01 3.2210129511407987e-01
1484 2.3812903928795329e+01 3.2946220674980081e-01
1485 2.4066555857170954e+01 3.3297159495036893e-01
1486 2.3759773019182070e+01 3.2872711678428673e-01
1487 2.3191353821813951e+01 3.2086278223341347e-01
1488 2.2565551824780943e+01 3.1220453091104494e-01
1489 2.2554514755923414e+01 3.1205182811290139e-01
1490 2.2792420339772047e+01 3.1534335857416901e-01
1491 2.3348156936349504e+01 3.2303222365452700e-01
1492 2.3337309027763450e+01 3.2288213797358406e-01
1493 2.3017618697189118e+01 3.1845907885813407e-01
1494 2.2336152637766578e+01 3.0903069026538676e-01
1495 2.2049276992772086e+01 3.0506163704343314e-01
1496 2.2182151610210354e+01 3.0690001697446334e-01
1497 2.2603659142937559e+01 3.1273176275016612e-01
1498 2.2855801672928607e+01 3.1622026774706724e-01
1499 2.2518077203727511e+01 3.1154769823479328e-01
1500 2.2017531004212973e+01 3.0462241705256543e-01
1501 2.1556190169837095e+01 2.9823955968196669e-01
1502 2.1755003011787867e+01 3.0099022452465707e-01
1503 2.2053031717626162e+01 3.0511358534591071e-01
1504 2.2339956066429117e+01 3.0908331240689974e-01
1505 2.1958410001843305e+01 3.0380445146700669e-01
1506 2.1475313582631337e+01 2.9712059582208311e-01
1507 2.1143525072908254e+01 2.9253015297166657e-01
1508 2.1341428190898807e+01 2.9526823137532526e-01
1509 2.1716539250674806e+01 3.0045806113735668e-01
1510 2.1732284921273298e+01 3.0067590955255402e-01
1511 2.1371568357840314e+01 2.9568523410384795e-01
1512 2.0820375057542474e+01 2.8805922756534097e-01
1513 2.0816725653196155e+01 2.8800873641932800e-01
1514 2.1029264263611157e+01 2.9094930342519360e-01
1515 2.1371644204923665e+01 2.9568628348226611e-01
1516 2.1066243654502191e+01 2.9146092988468186e-01
1517 2.0653008426763613e+01 2.8574363515890600e-01
1518 2.0320901439435897e+01 2.8114878602798138e-01
1519 2.0554417592522942e+01 2.8437958674585390e-01
1520 2.0834654033158699e+01 2.8825678359759621e-01
1521 2.0773390648583906e+01 2.8740917719329845e-01
1522 2.0342698586695661e+01 2.8145035933707990e-01
1523 1.9960037200153867e+01 2.7615606741766613e-01
1524 2.0115680277761363e+01 2.7830945920756406e-01
1525 2.0349931074890712e+01 2.8155042405527464e-01
1526 2.0433851512506848e+01 2.8271150095085595e-01
1527 1.9938952675673871e+01 2.7586435356436118e-01
1528 1.9664807981686810e+01 2.7207143875985856e-01
1529 1.9656128692323591e+01 2.7195135689856281e-01
1530 2.0013823070369924e+01 2.7690021905689194e-01
1531 1.9962579602646422e+01 2.7619124269650436e-01
1532 1.9596947157224879e+01 2.7113255381554680e-01
1533 1.9256201163382379e+01 2.6641818015460272e-01
1534 1.9337693776606269e+01 2.6754566701075572e-01
1535 1.9639949634828735e+01 2.7172751238126558e-01
1536 1.9531763343906505e+01 2.7023070652113640e-01
1537 1.9188424709635814e+01 2.6548046251698115e-01
1538 1.8853852485283578e+01 2.6085150572607985e-01
1539 1.9090677307795740e+01 2.6412808336949933e-01
1540 1.9229734510653614e+01 2.6605200214290903e-01
1541 1.9149504725807468e+01 2.6494198708378347e-01
1542 1.8668560674182807e+01 2.5828791040984012e-01
1543 1.8589821783864167e+01 2.5719852254521935e-01
1544 1.8766836246952472e+01 2.5964759703903539e-01
1545 1.8916776295997749e+01 2.6172208487077331e-01
1546 1.8619861638202895e+01 2.5761413740388900e-01
1547 1.8260448334242700e+01 2.5264149313454498e-01
1548 1.8312319257014437e+01 2.5335915061695979e-01
1549 1.8504756815878917e+01 2.5602161055862066e-01
1550 1.8513007979442293e+01 2.5613576910744662e-01
1551 1.8072422570990771e+01 2.5004007236402370e-01
1552 1.7947500101652231e+01 2.4831171396876134e-01
1553 1.8048291446303718e+01 2.4970620743035060e-01
1554 1.8258823422980814e+01 2.5261901175840901e-01
1555 1.7942114502491886e+01 2.4823720178875411e-01
1556 1.7663509175129654e+01 2.4438257212076070e-01
1557 1.7648854352494368e+01 2.4417981607641662e-01
1558 1.7884852674777413e+01 2.4744495871845287e-01
1559 1.7795017569922351e+01 2.4620204974869223e-01
1560 1.7426509466221233e+01 2.4110357484560649e-01
1561 1.7325333998357081e+01 2.3970376686707770e-01
1562 1.7472814682847773e+01 2.4174422828709455e-01
1563 1.7586029533516548e+01 2.4331060652679673e-01
1564 1.7215762585987974e+01 2.3818779723045705e-01
1565 1.7045449840335554e+01 2.3583144400331402e-01
1566 1.7092096368799805e+01 2.3647681964716674e-01
1567 1.7304719291938294e+01 2.3941855315737889e-01
1568 1.7021056320829722e+01 2.3549394871963014e-01
1569 1.6774577359038517e+01 2.3208380172907625e-01
1570 1.6767837157119615e+01 2.3199054801231911e-01
1571 1.6973550717518503e+01 2.3483668738994540e-01
1572 1.6827610801796226e+01 2.3281754319692660e-01
1573 1.6502919466114378e+01 2.2832529293269377e-01
1574 1.6484778734682433e+01 2.2807430777659959e-01
1575 1.6633527349604879e+01 2.3013231158284958e-01
1576 1.6613532493190057e+01 2.2985567377597937e-01
1577 1.6241330373637695e+01 2.2470609050670029e-01
1578 1.6211664368148412e+01 2.2429564801454663e-01
1579 1.6320712223364858e+01 2.2580437400312706e-01
1580 1.6362722859022060e+01 2.2638560999063917e-01
1581 1.6000355637691683e+01 2.2137209694954660e-01
1582 1.5928074730795380e+01 2.2037205818219843e-01
1583 1.6048023347515446e+01 2.2203160109554265e-01
1584 1.6078531611519775e+01 2.2245369661203349e-01
1585 1.5774543396098526e+01 2.1824788330265754e-01
1586 1.5637196409699309e+01 2.1634762614104347e-01
1587 1.5803206448139697e+01 2.1864444948399794e-01
1588 1.5782777772305243e+01 2.1836180959087442e-01
1589 1.5543758938889322e+01 2.1505487682251315e-01
1590 1.5358326312293922e+01 2.1248933326074465e-01
1591 1.5562470437669749e+01 2.1531375880088205e-01
1592 1.5499842253042409e+01 2.1444726977569828e-01
1593 1.5288310954910235e+01 2.1152063938707932e-01
1594 1.5108575853414205e+01 2.0903392364059381e-01
1595 1.5309577977698638e+01 2.1181487818633776e-01
1596 1.5239414078846824e+01 2.1084412917483500e-01
1597 1.5004740607616279e+01 2.0759731644135068e-01
1598 1.4889469192300574e+01 2.0600248470731922e-01
1599 1.5046470750931366e+01 2.0817467169149928e-01
1600 1.4990867876556337e+01 2.0740538098474606e-01
1601 1.4709212291546381e+01 2.0350854963405240e-01
1602 1.4687131442885239e+01 2.0320305118881610e-01
1603 1.4787942453364664e+01 2.0459781673595570e-01
1604 1.4732243877604203e+01 2.0382720195760973e-01
1605 1.4426553477326289e+01 1.9959783815725415e-01
1606 1.4483869701446640e+01 2.0039083382622935e-01
1607 1.4546109112306450e+01 2.0125194399196117e-01
1608 1.4447104875048833e+01 1.9988217596274435e-01
1609 1.4174917059211447e+01 1.9611633544516871e-01
1610 1.4271207810320183e+01 1.9744856117642520e-01
1611 1.4317831313886217e+01 1.9809361826048366e-01
1612 1.4137526838270514e+01 1.9559902496766890e-01
1613 1.3957325528178583e+01 1.9310585901614874e-01
1614 1.4053493696441508e+01 1.9443638875875088e-01
1615 1.4084372035892015e+01 1.9486360443503098e-01
1616 1.3824419208000725e+01 1.9126704046349657e-01
1617 1.3763855671160016e+01 1.9042911676650537e-01
1618 1.3839234849584548e+01 1.9147202151012641e-01
1619 1.3823643749797494e+01 1.9125631165143558e-01
1620 1.3536167553146113e+01 1.8727894952794108e-01
1621 1.3580318177898441e+01 1.8788979322444191e-01
1622 1.3628370691399702e+01 1.8855462130191364e-01
1623 1.3527424400622690e+01 1.8715798409117915e-01
1624 1.3294140746501032e+01 1.8393040010077638e-01
1625 1.3395429310339148e+01 1.8533177281283233e-01
1626 1.3407356135085703e+01 1.8549678578278625e-01
1627 1.3211925184003183e+01 1.8279291091715089e-01
1628 1.3102766678479551e+01 1.8128265403194010e-01
1629 1.3200927086861610e+01 1.8264074731017771e-01
1630 1.3157856303281038e+01 1.8204484370063351e-01
1631 1.2913259072033410e+01 1.7866073129616997e-01
1632 1.2946786367588221e+01 1.7912459646829976e-01
1633 1.2987479865654317e+01 1.7968760926645802e-01
1634 1.2874348140144834e+01 1.7812238110061909e-01
1635 1.2668726019379040e+01 1.7527750683133045e-01
1636 1.2795216636971602e+01 1.7702756126105487e-01
1637 1.2745646067962678e+01 1.7634173020473526e-01
1638 1.2577177843533438e+01 1.7401089675604522e-01
1639 1.2493370224466002e+01 1.7285138075568815e-01
1640 1.2611752574677736e+01 1.7448925366936593e-01
1641 1.2476098571311436e+01 1.7261241968737259e-01
1642 1.2307096530540310e+01 1.7027420065015786e-01
1643 1.2364281025436998e+01 1.7106537378623865e-01
1644 1.2371979156649818e+01 1.7117188088444091e-01
1645 1.2199777458498462e+01 1.6878939315221583e-01
1646 1.2098972968620025e+01 1.6739471782051563e-01
1647 1.2225095286136078e+01 1.6913967665348650e-01
1648 1.2083176331081729e+01 1.6717616425484572e-01
1649 1.1952628966400971e+01 1.6536998290956745e-01
1650 1.1950293147421604e+01 1.6533766580629389e-01
1651 1.2018436373068056e+01 1.6628045789765999e-01
1652 1.1790839142420362e+01 1.6313154812657329e-01
1653 1.1760525226759869e+01 1.6271214150659125e-01
1654 1.1811343570064865e+01 1.6341523607996611e-01
1655 1.1733342797520866e+01 1.6233606040582835e-01
1656 1.1554368180888584e+01 1.5985986630853607e-01
1657 1.1609879047269786e+01 1.6062788404342598e-01
1658 1.1618404312952412e+01 1.6074583491801586e-01
1659 1.1426347359386515e+01 1.5808864082137528e-01
1660 1.1399243792721251e+01 1.5771365081969260e-01
1661 1.1445010841265765e+01 1.5834685846437921e-01
1662 1.1355251097244498e+01 1.5710499214555598e-01
1663 1.1181681756028492e+01 1.5470358245809721e-01
1664 1.1282562595738131e+01 1.5609931412395758e-01
1665 1.1215272060721263e+01 1.5516831938991241e-01
1666 1.1079271638437152e+01 1.5328669254681052e-01
1667 1.1033593436100523e+01 1.5265471412926052e-01
1668 1.1116075610071514e+01 1.5379589200220123e-01
1669 1.0939589863110962e+01 1.5135413253315977e-01
1670 1.0867032971799887e+01 1.5035027539764487e-01
1671 1.0922548292211752e+01 1.5111835475604676e-01
1672 1.0853888736264597e+01 1.5016841900337877e-01
1673 1.0701617802449228e+01 1.4806168233536574e-01
1674 1.0726182901393154e+01 1.4840155149753484e-01
1675 1.0747222489522121e+01 1.4869264363626786e-01
1676 1.0559362635383783e+01 1.4609351829274894e-01
1677 1.0554970745033843e+01 1.4603275451984579e-01
1678 1.0575207595169246e+01 1.4631274041838260e-01
1679 1.0485211137847157e+01 1.4506759906486857e-01
1680 1.0343899004117345e+01 1.4311248231143270e-01
1681 1.0443452923243175e+01 1.4448985543584719e-01
1682 1.0343097821893940e+01 1.4310139759601448e-01
1683 1.0229813548527362e+01 1.4153405886214976e-01
1684 1.0228639907340410e+01 1.4151782100991042e-01
1685 1.0253768195382833e+01 1.4186548214586664e-01
1686 1.0081016941716738e+01 1.3947539106660087e-01
1687 1.0064955416731653e+01 1.3925317266429360e-01
1688 1.0105548199897424e+01 1.3981479202663183e-01
1689 9.9739052312989216e+00 1.3799345250973605e-01
1690 9.9003559529928591e+00 1.3697586525502628e-01
1691 9.9400285324283875e+00 1.3752475318601401e-01
1692 9.8823926160080138e+00 1.3672733443067517e-01
1693 9.7290184777037769e+00 1.3460533443373404e-01
1694 9.7998284507884641e+00 1.3558502217203480e-01
1695 9.7394007542991403e+00 1.3474897788723400e-01
1696 9.6283905548688153e+00 1.3321310198627662e-01
1697 9.5985485638097749e+00 1.3280022465482985e-01
1698 9.6467962560403926e+00 1.3346775311756651e-01
1699 9.4793852717555449e+00 1.3115154706048221e-01
1700 9.4623932824763841e+00 1.3091645526732162e-01
1701 9.4860598525328488e+00 1.3124389287931201e-01
1702 9.3864852043814526e+00 1.2986623295953115e-01
1703 9.2961959566977495e+00 1.2861704072003777e-01
1704 9.3460982355552282e+00 1.2930746113089528e-01
1705 9.2750466368722666e+00 1.2832443039406510e-01
1706 9.1495411305054848e+00 1.2658800542000512e-01
1707 9.2047746612046932e+00 1.2735218609134019e-01
1708 9.1448631126791966e+00 1.2652328294512880e-01
1709 9.0406918893832007e+00 1.2508202734650256e-01
1710 9.0254276693430437e+00 1.2487084001572668e-01
1711 9.0538176827083205e+00 1.2526362858451900e-01
1712 8.8894029775307271e+00 1.2298887739281635e-01
1713 8.9050928851148683e+00 1.2320595430169855e-01
1714 8.8973479379630689e+00 1.2309879948398197e-01
1715 8.8028611960721115e+00 1.2179153302941276e-01
1716 8.7328211421379471e+00 1.2082249746789431e-01
1717 8.7888978742904857e+00 1.2159834420954065e-01
1718 8.6718090856181647e+00 1.1997836829996683e-01
1719 8.6068508095863017e+00 1.1907964141507645e-01
1720 8.6450851871478864e+00 1.1960863117805585e-01
1721 8.5632285705004403e+00 1.1847610817127008e-01
1722 8.4766398306166018e+00 1.1727811411699107e-01
1723 8.4996289194154517e+00 1.1759617847190905e-01
1724 8.4635164294571794e+00 1.1709654597566002e-01
1725 8.3326176034220456e+00 1.1528550200490163e-01
1726 8.3832282023505726e+00 1.1598572234164765e-01
1727 8.3253306671537004e+00 1.1518468397319107e-01
1728 8.2366040127941691e+00 1.1395711091321370e-01
1729 8.2201282784813792e+00 1.1372916173907072e-01
1730 8.2358434692832319e+00 1.1394658845261034e-01
1731 8.0932725102160070e+00 1.1197405528600550e-01
1732 8.1098755776741278e+00 1.1220376617132737e-01
1733 8.0965264235766305e+00 1.1201907463684020e-01
1734 7.9959016610914508e+00 1.1062688591423954e-01
1735 7.9656133022735425e+00 1.1020783288463776e-01
1736 7.9858951209148019e+00 1.1048844094262301e-01
1737 7.8789765610846239e+00 1.0900917471077276e-01
1738 7.8367296007864011e+00 1.0842466906585255e-01
1739 7.8714034555854386e+00 1.0890439739939690e-01
1740 7.7572185014652391e+00 1.0732459734331996e-01
1741 7.7266749937487216e+00 1.0690201421426300e-01
1742 7.7327211362984398e+00 1.0698566530833831e-01
1743 7.6674840118138752e+00 1.0608308043003181e-01
1744 7.5817260763312682e+00 1.0489658092728779e-01
1745 7.6375921036888830e+00 1.0566951247358809e-01
1746 7.5319110569592764e+00 1.0420736779055084e-01
1747 7.4876776104425327e+00 1.0359537821779095e-01
1748 7.4945094925714661e+00 1.0368990037137556e-01
1749 7.4438386258072029e+00 1.0298884620208996e-01
1750 7.3521065894725419e+00 1.0171969233447097e-01
1751 7.3925181320633282e+00 1.0227880415216171e-01
1752 7.3217714570651866e+00 1.0129999217127963e-01
1753 7.2458377621819539e+00 1.0024941544373302e-01
1754 7.2722378271002883e+00 1.0061467218320252e-01
1755 7.2119783337776919e+00 9.9780955064658228e-02
1756 7.1381757314087899e+00 9.8759862957914626e-02
1757 7.1485013864475162e+00 9.8902723026781839e-02
1758 7.1153093305452488e+00 9.8443496045611339e-02
1759 7.0118668388808745e+00 9.7012322775969426e-02
1760 7.0537084827487542e+00 9.7591220686277694e-02
1761 6.9865706592095487e+00 9.6662338784022250e-02
1762 6.9238768064442366e+00 9.5794941210695220e-02
1763 6.9204137344660248e+00 9.5747028056571440e-02
1764 6.9001946300874684e+00 9.5467287678540166e-02
1765 6.7954180453950874e+00 9.4017656633469823e-02
1766 6.8298349504075002e+00 9.4493829951465547e-02
1767 6.7758984789955958e+00 9.3747594677145413e-02
1768 6.7026183488653741e+00 9.2733731208170467e-02
1769 6.7113949443748391e+00 9.2855159343644619e-02
1770 6.6763572968910161e+00 9.2370397775132895e-02
1771 6.5938548346617036e+00 9.1228939205038356e-02
1772 6.6048068401717277e+00 9.1380465113615389e-02
1773 6.5743712108157686e+00 9.0959374530063850e-02
1774 6.4819563032445995e+00 8.9680772832596845e-02
1775 6.5116134739971336e+00 9.0091093092204935e-02
1776 6.4550825961443952e+00 8.9308963041096590e-02
1777 6.3954126968549261e+00 8.8483403220453519e-02
1778 6.3904092396675081e+00 8.8414178146045380e-02
1779 6.3701151901403463e+00 8.8133400868267708e-02
1780 6.2735902162050614e+00 8.6797934559149026e-02
1781 6.3095236319953454e+00 8.7295089483963098e-02
1782 6.2464832597509066e+00 8.6422897658216619e-02
1783 6.1917143750774022e+00 8.5665145573056670e-02
1784 6.1929096174135170e+00 8.5681682286883540e-02
1785 6.1579633379649295e+00 8.5198184836120947e-02
1786 6.0810790651339843e+00 8.4134456436301283e-02
1787 6.1032117118314755e+00 8.4440671530603639e-02
1788 6.0498791772981040e+00 8.3702791993884182e-02
1789 5.9860118149140362e+00 8.2819158388622804e-02
1790 6.0069387544360611e+00 8.3108691983352037e-02
1791 5.9441913436349836e+00 8.2240553410577594e-02
1792 5.8975864919209640e+00 8.1595754383257751e-02
1793 5.9004470725987019e+00 8.1635331800001695e-02
1794 5.8560069569329221e+00 8.1020482866866778e-02
1795 5.7890027590107422e+00 8.0093449734958508e-02
1796 5.8211146987574809e+00 8.0537732824648545e-02
1797 5.7392995507740556e+00 7.9405783555429599e-02
1798 5.7140544259264976e+00 7.9056505929869070e-02
1799 5.7088565854566138e+00 7.8984591475560514e-02
1800 5.6574242001742601e+00 7.8273001356010258e-02
1801 5.6078687700454362e+00 7.7587379752887112e-02
1802 5.6286166028032634e+00 7.7874435325198221e-02
1803 5.5479981363401230e+00 7.6759042681564651e-02
1804 5.5285112246300878e+00 7.6489432517515610e-02
1805 5.5275156720132506e+00 7.6475658600522550e-02
1806 5.4563879691458217e+00 7.5491574928164967e-02
1807 5.4399375543809603e+00 7.5263976061324248e-02
1808 5.4321437211233690e+00 7.5156144882406961e-02
1809 5.3665093389340557e+00 7.4248063765571720e-02
1810 5.3469845693037019e+00 7.3977929820214505e-02
1811 5.3478319872403430e+00 7.3989654227463605e-02
1812 5.2628105624697223e+00 7.2813344680769956e-02
1813 5.2757375004374065e+00 7.2992194665722904e-02
1814 5.2394026881105198e+00 7.2489486239784962e-02
1815 5.1883928062329359e+00 7.1783741644346796e-02
1816 5.1758474930376988e+00 7.1610171609292311e-02
1817 5.1619419863363731e+00 7.1417782686988174e-02
1818 5.0853787761401259e+00 7.0358496332727033e-02
1819 5.1072145861309703e+00 7.0660604558051607e-02
1820 5.0553274720053167e+00 6.9942723060992987e-02
1821 5.0121212204801759e+00 6.9344945191673724e-02
1822 5.0141650609731476e+00 6.9373222641625751e-02
1823 4.9704989343664518e+00 6.8769082194283598e-02
1824 4.9247278086263337e+00 6.8135818139767046e-02
1825 4.9331169403935418e+00 6.8251885540576443e-02
1826 4.8790914215173231e+00 6.7504418254646717e-02
1827 4.8424964885151844e+00 6.6998110942493735e-02
1828 4.8534394467817288e+00 6.7149511678399235e-02
1829 4.7828288518373183e+00 6.6172582426097040e-02
1830 4.7736743996378239e+00 6.6045926473834796e-02
1831 4.7574920723493985e+00 6.5822036717476898e-02
1832 4.7076429732938099e+00 6.5132352073031502e-02
1833 4.6845762554733623e+00 6.4813213685780455e-02
1834 4.6847764885162189e+00 6.4815983999739687e-02
1835 4.6098349600047870e+00 6.3779134338967189e-02
1836 4.6227961824987016e+00 6.3958458665718310e-02
1837 4.5848177361418587e+00 6.3433009825750342e-02
1838 4.5410261915600048e+00 6.2827134164467655e-02
1839 4.5366362688090085e+00 6.2766397614178404e-02
1840 4.5072611038833861e+00 6.2359979031674818e-02
1841 4.4560734628015881e+00 6.1651775057915324e-02
1842 4.4661705702814603e+00 6.1791473068794463e-02
1843 4.4174837429717133e+00 6.1117868975271071e-02
1844 4.3832067612007863e+00 6.0643631558081626e-02
1845 4.3895034479110508e+00 6.0730749042995649e-02
1846 4.3302262101783286e+00 5.9910621871112200e-02
1847 4.3166088013630466e+00 5.9722218912283145e-02
1848 4.3035324129191457e+00 5.9541301212958135e-02
1849 4.2569060903153897e+00 5.8896205126248366e-02
1850 4.2369152008698334e+00 5.8619622204177275e-02
1851 4.2337155910204345e+00 5.8575354166777324e-02
1852 4.1670280528445600e+00 5.7652702164491830e-02
1853 4.1799527257961628e+00 5.7831520811931353e-02
1854 4.1394281787112783e+00 5.7270845526378407e-02
1855 4.1051109725521115e+00 5.6796051586735660e-02
1856 4.0981282684567457e+00 5.6699442743596701e-02
1857 4.0687852882055129e+00 5.6293469450499220e-02
1858 4.0248711753017181e+00 5.5685898001506431e-02
1859 4.0351937145505588e+00 5.5828714962023039e-02
1860 3.9812090424836524e+00 5.5081812810021322e-02
1861 3.9633526327407647e+00 5.4834761372023186e-02
1862 3.9574056403153040e+00 5.4752482064389166e-02
1863 3.9057185001016013e+00 5.4037367296097476e-02
1864 3.8982607177675268e+00 5.3934185532437277e-02
1865 3.8795841545176364e+00 5.3675786902803099e-02
1866 3.8356037886119538e+00 5.3067298813812482e-02
1867 3.8285122160079950e+00 5.2969183726025916e-02
1868 3.8087006097122953e+00 5.2695081266747670e-02
1869 3.7586835885249297e+00 5.2003073344290364e-02
1870 3.7716699630502748e+00 5.2182745660677862e-02
1871 3.7217848119640493e+00 5.1492562220218044e-02
1872 3.7039343556439164e+00 5.1245593150494033e-02
1873 3.6930053083676482e+00 5.1094384879378549e-02
1874 3.6569689000413375e+00 5.0595805006632896e-02
1875 3.6318663924553878e+00 5.0248500554855392e-02
1876 3.6317974573271754e+00 5.0247546806436831e-02
1877 3.5764503080435057e+00 4.9481794171023961e-02
1878 3.5790898253215646e+00 4.9518313076478915e-02
1879 3.5520008424505174e+00 4.9143524848130560e-02
1880 3.5147624554503007e+00 4.8628315061303225e-02
1881 3.5138527527133863e+00 4.8615728915905487e-02
1882 3.4807855948704933e+00 4.8158229955407451e-02
1883 3.4516023229280695e+00 4.7754466298396935e-02
1884 3.4493604929046850e+00 4.7723449574486619e-02
1885 3.4108919915943750e+00 4.7191220604431164e-02
1886 3.3890236775001616e+00 4.6888662670257285e-02
1887 3.3876595702007806e+00 4.6869789633921966e-02
1888 3.3360290378680824e+00 4.6155458061054526e-02
1889 3.3391569969396162e+00 4.6198734777804909e-02
1890 3.3101654249329759e+00 4.5797623375389881e-02
1891 3.2809771970814210e+00 4.5393791151153641e-02
1892 3.2719692464402157e+00 4.5269162113661242e-02
1893 3.2494321535432484e+00 4.4957351324781292e-02
1894 3.2127270009633757e+00 4.4449519075333135e-02
1895 3.2204843243492758e+00 4.4556845123799656e-02
1896 3.1723406851949214e+00 4.3890756282044426e-02
1897 3.1652318156358117e+00 4.3792401883125082e-02
1898 3.1494590349759690e+00 4.3574178388069172e-02
1899 3.1137709317856754e+00 4.3080417473106980e-02
1900 3.1061630543121637e+00 4.2975159075869913e-02
1901 3.0868079620935212e+00 4.2707372693609795e-02
1902 3.0518309780456296e+00 4.2223450430943783e-02
1903 3.0517294103961925e+00 4.2222045196957290e-02
1904 3.0203214144268102e+00 4.1787501485169631e-02
1905 2.9955237549142146e+00 4.1444414743221684e-02
1906 2.9958570908406377e+00 4.1449026595276210e-02
1907 2.9521766146404245e+00 4.0844687614871464e-02
1908 2.9486612157422907e+00 4.0796050494340166e-02
1909 2.9279615206917637e+00 4.0509660928800963e-02
1910 2.8990938077692001e+00 4.0110263172369133e-02
1911 2.8897312520056064e+00 3.9980728013956066e-02
1912 2.8717343672513205e+00 3.9731733041167429e-02
1913 2.8369238604800167e+00 3.9250114066293716e-02
1914 2.8434083570896473e+00 3.9339829985404577e-02
1915 2.8012529012662379e+00 3.8756590345936259e-02
1916 2.7938983178720749e+00 3.8654836385897964e-02
1917 2.7787571022370834e+00 3.8445350876239202e-02
1918 2.7483731185560667e+00 3.8024974833765324e-02
1919 2.7396030408724714e+00 3.7903636875335545e-02
1920 2.7227299013216824e+00 3.7670189421475112e-02
1921 2.6911244154769505e+00 3.7232913348681090e-02
1922 2.6914961110050024e+00 3.7238055923029735e-02
1923 2.6606578899293090e+00 3.6811395302459630e-02
1924 2.6423195426696804e+00 3.6557676042752063e-02
1925 2.6383114733029531e+00 3.6502222605308360e-02
1926 2.6010288274474198e+00 3.5986400477366121e-02
1927 2.5986062040671634e+00 3.5952882396271535e-02
1928 2.5771105810626258e+00 3.5655480810487916e-02
1929 2.5530733923896287e+00 3.5322915523702772e-02
1930 2.5455733329022636e+00 3.5219148836664063e-02
1931 2.5248244003600977e+00 3.4932078048343349e-02
1932 2.4990982767905150e+00 3.4576145589719366e-02
1933 2.5014022312270567e+00 3.4608021832750614e-02
1934 2.4620935351435844e+00 3.4064168391152609e-02
1935 2.4612654798972771e+00 3.4052711875409092e-02
1936 2.4402341174898208e+00 3.3761733543222712e-02
1937 2.4174547604481287e+00 3.3446570921236811e-02
1938 2.4101416205695987e+00 3.3345390350826121e-02
1939 2.3898550713574638e+00 3.3064716843270989e-02
1940 2.3669454718298466e+00 3.2747752258074143e-02
1941 2.3657671813023686e+00 3.2731450080123223e-02
1942 2.3329947070246870e+00 3.2278028198925460e-02
1943 2.3264654982103448e+00 3.2187693666407474e-02
1944 2.3124296109062281e+00 3.1993500869983600e-02
1945 2.2845119831581995e+00 3.1607247968086880e-02
1946 2.2838755686540040e+00 3.1598442887967849e-02
1947 2.2576917962106524e+00 3.1236178651904235e-02
1948 2.2430228267324668e+00 3.1033226879643296e-02
1949 2.2345639747376502e+00 3.0916194868213048e-02
1950 2.2101161638086948e+00 3.0577948438338710e-02
1951 2.1979574388476184e+00 3.0409727024901766e-02
1952 2.1895251122870030e+00 3.0293062004751247e-02
1953 2.1585071286110415e+00 2.9863914287976807e-02
1954 2.1621112591590497e+00 2.9913779050683268e-02
1955 2.1328488979336542e+00 2.9508921157968614e-02
1956 2.1227924581815536e+00 2.9369785803344057e-02
1957 2.1118376392299707e+00 2.9218220969541124e-02
1958 2.0896176447943882e+00 2.8910797380103846e-02
1959 2.0789700604579866e+00 2.8763483275007093e-02
1960 2.0684048445695029e+00 2.8617308774332325e-02
1961 2.0419482355732126e+00 2.8251269722182358e-02
1962 2.0425553234677571e+00 2.8259669055502888e-02
1963 2.0168483388886047e+00 2.7904001393395998e-02
1964 2.0052436839149830e+00 2.7743445786754667e-02
1965 1.9976791470158139e+00 2.7638787025803347e-02
1966 1.9718877639637329e+00 2.7281951672967909e-02
1967 1.9683737982058958e+00 2.7233334380575430e-02
1968 1.9504142439923882e+00 2.6984855892562474e-02
1969 1.9329978514060877e+00 2.6743892289288335e-02
1970 1.9272459663452999e+00 2.6664312379556836e-02
1971 1.9071159715418737e+00 2.6385804872466150e-02
1972 1.8932787313323771e+00 2.6194360447696304e-02
1973 1.8886188486232989e+00 2.6129888880300791e-02
1974 1.8605299748222026e+00 2.5741266712450219e-02
1975 1.8623253349693809e+00 2.5766106325366338e-02
1976 1.8391234409229962e+00 2.5445097714398339e-02
1977 1.8281879240208747e+00 2.5293799933107330e-02
1978 1.8192234675627117e+00 2.5169772657145935e-02
1979 1.8006366523672324e+00 2.4912615732099578e-02
1980 1.7896038918367776e+00 2.4759972541593511e-02
1981 1.7818543997141658e+00 2.4652754842167172e-02
1982 1.7579729912916189e+00 2.4322344845019730e-02
1983 1.7585547851354522e+00 2.4330394223803432e-02
1984 1.7361020935877753e+00 2.4019751165447783e-02
1985 1.7264417489195367e+00 2.3886095963970531e-02
1986 1.7187311741380711e+00 2.3779416703414696e-02
1987 1.6975476314617426e+00 2.3486332888950461e-02
1988 1.6935315900139305e+00 2.3430769154189204e-02
1989 1.6781412026839673e+00 2.3217836242368551e-02
1990 1.6631641062689830e+00 2.3010621395731623e-02
1991 1.6581961954663507e+00 2.2941888121500744e-02
1992 1.6397602599368817e+00 2.2686818684308288e-02
1993 1.6297040572094699e+00 2.2547686609026611e-02
1994 1.6232084233185904e+00 2.2457816600634225e-02
1995 1.6007055132496559e+00 2.2146478746512266e-02
1996 1.6018815521197614e+00 2.2162749771773488e-02
1997 1.5804857827450880e+00 2.1866729705746778e-02
1998 1.5732465077399305e+00 2.1766571088990098e-02
1999 1.5636474121135830e+00 2.1633763295479683e-02
2000 1.5478208531575244e+00 2.1414795753574235e-02
