# step 2
# iter abs_residual rel_residual
0 7.2278104865846586e+01 1.0000000000000000e+00
1 1.1546600861374977e+03 1.5975240195915910e+01
2 1.1527745212176337e+03 1.5949152559509784e+01
3 1.1585072720811961e+03 1.6028467739040334e+01
4 1.2484330970662625e+03 1.7272631862490652e+01
5 1.4402468346343805e+03 1.9926460956711349e+01
6 1.2677694538271328e+03 1.7540159031289004e+01
7 1.4124522130195835e+03 1.9541909899840309e+01
8 1.3004236603879865e+03 1.7991944625577375e+01
9 1.3783981910462819e+03 1.9070757231456042e+01
10 1.3232324643114428e+03 1.8307514658380409e+01
11 1.3547601259471166e+03 1.8743713998335316e+01
12 1.3364428175034341e+03 1.8490285820082985e+01
13 1.3388396176553103e+03 1.8523446625230338e+01
14 1.3429152194675908e+03 1.8579834404348855e+01
15 1.3277325809239883e+03 1.8369775790169879e+01
16 1.3450051727493965e+03 1.8608749845417556e+01
17 1.3195692023761089e+03 1.8256831786407865e+01
18 1.3443069584353298e+03 1.8599089737209646e+01
19 1.3132163294697045e+03 1.8168936940268832e+01
20 1.3418458874598018e+03 1.8565039716389428e+01
21 1.3079856800742168e+03 1.8096568559758634e+01
22 1.3382737217512088e+03 1.8515617201573590e+01
23 1.3034526903345400e+03 1.8033852613510589e+01
24 1.3340055733957606e+03 1.8456565454666691e+01
25 1.2993510853111582e+03 1.7977105068303164e+01
26 1.3293075319972631e+03 1.8391565944687599e+01
27 1.2955114809386066e+03 1.7923982419616149e+01
28 1.3243513570126499e+03 1.8322995040762930e+01
29 1.2918249965163061e+03 1.7872978254120348e+01
30 1.3192485335202293e+03 1.8252395188955916e+01
31 1.2882212246140300e+03 1.7823118453438454e+01
32 1.3140716232937921e+03 1.8180770313953367e+01
33 1.2846546044813888e+03 1.7773772664153288e+01
34 1.3088677968928089e+03 1.8108773041603161e+01
35 1.2810958289431312e+03 1.7724535408349986e+01
36 1.3036675101298347e+03 1.8036824741732456e+01
37 1.2775263299658602e+03 1.7675149788958105e+01
38 1.2984901357303115e+03 1.7965193444687067e+01
39 1.2739346838620895e+03 1.7625457754137368e+01
40 1.2933476589212862e+03 1.7894044971458971e+01
41 1.2703142383687493e+03 1.7575367266844431e+01
42 1.2882471280015423e+03 1.7823476838423232e+01
43 1.2666615286057640e+03 1.7524830388909336e+01
44 1.2831922934636973e+03 1.7753540935327447e+01
45 1.2629752087398804e+03 1.7473828500125371e+01
46 1.2781847130489409e+03 1.7684258814219667e+01
47 1.2592553284049404e+03 1.7422362287199004e+01
48 1.2732245007417207e+03 1.7615632052125854e+01
49 1.2555028382783239e+03 1.7370444903178196e+01
50 1.2683108376859573e+03 1.7547649319804862e+01
51 1.2517192522232715e+03 1.7318097293039894e+01
52 1.2634423194691906e+03 1.7480291186580381e+01
53 1.2479064168627435e+03 1.7265345005641038e+01
54 1.2586171941787677e+03 1.7413533413955065e+01
55 1.2440663539091540e+03 1.7212216012279676e+01
56 1.2538335239662022e+03 1.7347349190925915e+01
57 1.2402011533676634e+03 1.7158739229114637e+01
58 1.2490892942249145e+03 1.7281710644507282e+01
59 1.2363129023457454e+03 1.7104943532213966e+01
60 1.2443824862358138e+03 1.7216589844815079e+01
61 1.2324036388438162e+03 1.7050857118227530e+01
62 1.2397111252414390e+03 1.7151959470194093e+01
63 1.2284753213144884e+03 1.6996507083225659e+01
64 1.2350733099348806e+03 1.7087793215210421e+01
65 1.2245298121545122e+03 1.6941919194302734e+01
66 1.2304672309105476e+03 1.7024066045926137e+01
67 1.2205688672036172e+03 1.6887117744288975e+01
68 1.2258911806677918e+03 1.6960754338303900e+01
69 1.2165941326643083e+03 1.6832125509134411e+01
70 1.2213435565444549e+03 1.6897835918793906e+01
71 1.2126071450135457e+03 1.6776963746686949e+01
72 1.2168228618979203e+03 1.6835290080674252e+01
73 1.2086093333597587e+03 1.6721652229302713e+01
74 1.2123277032839230e+03 1.6773097545018526e+01
75 1.2046020237668631e+03 1.6666209303670758e+01
76 1.2078567863336207e+03 1.6711240403653232e+01
77 1.2005864443566049e+03 1.6610651961406301e+01
78 1.2034089109102401e+03 1.6649702052147806e+01
79 1.1965637310968214e+03 1.6554995919133887e+01
80 1.1989829658860610e+03 1.6588467117551858e+01
81 1.1925349333545796e+03 1.6499255695317565e+01
82 1.1945779226432410e+03 1.6527521368476172e+01
83 1.1885010204050454e+03 1.6443444700314011e+01
84 1.1901928302488291e+03 1.6466851648336842e+01
85 1.1844628864412280e+03 1.6387575305684578e+01
86 1.1858268092571266e+03 1.6406445789608171e+01
87 1.1804213570168974e+03 1.6331658933335969e+01
88 1.1814790463301983e+03 1.6346292539395012e+01
89 1.1763771933523581e+03 1.6275706115092525e+01
90 1.1771487897182210e+03 1.6286381496901374e+01
91 1.1723310979355044e+03 1.6219726570189355e+01
92 1.1728353439171206e+03 1.6226703039516437e+01
93 1.1682837191230428e+03 1.6163729268932304e+01
94 1.1685380650383122e+03 1.6167248258752824e+01
95 1.1642356550319134e+03 1.6107722486537511e+01
96 1.1642563576319892e+03 1.6108008916295379e+01
97 1.1601874578349871e+03 1.6051713862564316e+01
98 1.1599896696503426e+03 1.6048977374315054e+01
99 1.1561396376451580e+03 1.5995710454653414e+01
100 1.1557374897054658e+03 1.5990146557530784e+01
101 1.1520926651050797e+03 1.5939718774357011e+01
102 1.1514993435988222e+03 1.5931509905193124e+01
103 1.1480469756784944e+03 1.5883744846511306e+01
104 1.1472747910266132e+03 1.5873061325501528e+01
105 1.1440029715528706e+03 1.5827794235560315e+01
106 1.1430634233289684e+03 1.5814795164463389e+01
107 1.1399610245723179e+03 1.5771872086134085e+01
108 1.1388648605586570e+03 1.5756706165338354e+01
109 1.1359214789444420e+03 1.5715983160499224e+01
110 1.1346787494226103e+03 1.5698789440158350e+01
111 1.1318846530402743e+03 1.5660131863461755e+01
112 1.1305047609336709e+03 1.5641040437238496e+01
113 1.1278508414169312e+03 1.5604322270351503e+01
114 1.1263425889435480e+03 1.5583454920879866e+01
115 1.1238203171283769e+03 1.5548558158992535e+01
116 1.1221919476107037e+03 1.5526028936336576e+01
117 1.1197933329737209e+03 1.5492843026973919e+01
118 1.1180525705923533e+03 1.5468758798636738e+01
119 1.1157701230422690e+03 1.5437180113026198e+01
120 1.1139242088676615e+03 1.5411641062465399e+01
121 1.1117509047696551e+03 1.5381572425468896e+01
122 1.1098066298866804e+03 1.5354672510389726e+01
123 1.1077358792262546e+03 1.5326022746200843e+01
124 1.1056996160753545e+03 1.5297850132175066e+01
125 1.1037252332627172e+03 1.5270533660384586e+01
126 1.1016029635330578e+03 1.5241171106764808e+01
127 1.0997191401755952e+03 1.5215107565655654e+01
128 1.0975164815434061e+03 1.5184632795512229e+01
129 1.0957177605424167e+03 1.5159746683676177e+01
130 1.0934399909868484e+03 1.5128232720218003e+01
131 1.0917212434669868e+03 1.5104453077364173e+01
132 1.0893733238513280e+03 1.5071968556359966e+01
133 1.0877297275775807e+03 1.5049228664704007e+01
134 1.0853163221768864e+03 1.5015838118491240e+01
135 1.0837433411672077e+03 1.4994075220687014e+01
136 1.0812688376700833e+03 1.4959839354905567e+01
137 1.0797622035141947e+03 1.4938994395582338e+01
138 1.0772307304171100e+03 1.4903970329832644e+01
139 1.0757864254723581e+03 1.4883987723102258e+01
140 1.0732018690391010e+03 1.4848229225586941e+01
141 1.0718161096221379e+03 1.4829056622493166e+01
142 1.0691821292846666e+03 1.4792614323094751e+01
143 1.0678513515703039e+03 1.4774202416517610e+01
144 1.0651713940624036e+03 1.4737124002343990e+01
145 1.0638922397488279e+03 1.4719426328671583e+01
146 1.0611695529637266e+03 1.4681756735782356e+01
147 1.0599388563580619e+03 1.4664729496233823e+01
148 1.0571765012100564e+03 1.4626511073751210e+01
149 1.0559912776355393e+03 1.4610112973984803e+01
150 1.0531921400327099e+03 1.4571385649741522e+01
151 1.0520495743119311e+03 1.4555577740515078e+01
152 1.0492163758016727e+03 1.4516379168340046e+01
153 1.0481138117914077e+03 1.4501124700720682e+01
154 1.0452491196661158e+03 1.4461490400255709e+01
155 1.0441840510119646e+03 1.4446754697706117e+01
156 1.0412902872588829e+03 1.4406718178231062e+01
157 1.0402603481843162e+03 1.4392468509171829e+01
158 1.0373397988396634e+03 1.4352061399023141e+01
159 1.0363427553354491e+03 1.4338266854934513e+01
160 1.0333975781027443e+03 1.4297519006908182e+01
161 1.0324313207362948e+03 1.4284150402844157e+01
162 1.0294635529042962e+03 1.4243090003743946e+01
163 1.0285260887849008e+03 1.4230119767167665e+01
164 1.0255376543608361e+03 1.4188773436496550e+01
165 1.0246271007434932e+03 1.4176175518786437e+01
166 1.0216198166708826e+03 1.4134568394772984e+01
167 1.0207343943746682e+03 1.4122318180162933e+01
168 1.0177099774287254e+03 1.4080474015162256e+01
169 1.0168480047089519e+03 1.4068548235960193e+01
170 1.0138080767373631e+03 1.4026489468962483e+01
171 1.0129679638449900e+03 1.4014866130277380e+01
172 1.0099140573906545e+03 1.3972613964701045e+01
173 1.0090943013405588e+03 1.3961272272059583e+01
174 1.0060278648025882e+03 1.3918846747155989e+01
175 1.0052270441556094e+03 1.3907767034309821e+01
176 1.0021494466797512e+03 1.3865187092824492e+01
177 1.0013662172155458e+03 1.3854350761882236e+01
178 9.9827875258429310e+02 1.3811634303876271e+01
179 9.9751184302699266e+02 1.3801023766166077e+01
180 9.9441573467226124e+02 1.3758187718368779e+01
181 9.9366394213113779e+02 1.3747786331357888e+01
182 9.9056034660980515e+02 1.3704846695252416e+01
183 9.8982253330697881e+02 1.3694638717273527e+01
184 9.8671254400460907e+02 1.3651610620339579e+01
185 9.8598763320218188e+02 1.3641581154240923e+01
186 9.8287228418031339e+02 1.3598478903183693e+01
187 9.8215925727238016e+02 1.3588613856095689e+01
188 9.7903952593264682e+02 1.3545450973705181e+01
189 9.7833741900903226e+02 1.3535737009498209e+01
190 9.7521422962338124e+02 1.3492526283491380e+01
191 9.7452213053169805e+02 1.3482950782128031e+01
192 9.7139635705754517e+02 1.3439704304097726e+01
193 9.7071340264633420e+02 1.3430255323490410e+01
194 9.6758587122223446e+02 1.3386984523434091e+01
195 9.6691124481867871e+02 1.3377650764548077e+01
196 9.6378273646053310e+02 1.3334366448171046e+01
197 9.6311566502267010e+02 1.3325137215624050e+01
198 9.5998691833292025e+02 1.3281849601822374e+01
199 9.5932667049506142e+02 1.3272714776842053e+01
200 9.5619838332436950e+02 1.3229433520692652e+01
201 9.5554426703436184e+02 1.3220383528427059e+01
202 9.5241709909070244e+02 1.3177117757285664e+01
203 9.5176845945142122e+02 1.3168143536939334e+01
204 9.4864303432150541e+02 1.3124901878407794e+01
205 9.4799925168130244e+02 1.3115994856822240e+01
206 9.4487615845596622e+02 1.3072785461236498e+01
207 9.4423664670838207e+02 1.3063937529365965e+01
208 9.4111644193156098e+02 1.3020768096760996e+01
209 9.4048064648310833e+02 1.3011971581555835e+01
210 9.3736385591342287e+02 1.2968849386037975e+01
211 9.3673125252501427e+02 1.2960097034415270e+01
212 9.3361837237638338e+02 1.2917028941326656e+01
213 9.3298846505344090e+02 1.2908313890978953e+01
214 9.2987996415298471e+02 1.2865306386753076e+01
215 9.2925228388295091e+02 1.2856622148681273e+01
216 9.2614860447988588e+02 1.2813681352034409e+01
217 9.2552270815975726e+02 1.2805021795709706e+01
218 9.2242426760246872e+02 1.2762153480843960e+01
219 9.2179973606361568e+02 1.2753512806880353e+01
220 9.1870692806521674e+02 1.2710722420993239e+01
221 9.1808336550757781e+02 1.2702095153319352e+01
222 9.1499656116699691e+02 1.2659387830730994e+01
223 9.1437359359189600e+02 1.2650768794907391e+01
224 9.1129314270462885e+02 1.2608149375195367e+01
225 9.1067041698916137e+02 1.2599533685608273e+01
226 9.0759664896082052e+02 1.2557006726246986e+01
227 9.0697383169890486e+02 1.2548389770073721e+01
228 9.0390705672528088e+02 1.2505959562761062e+01
229 9.0328383340694984e+02 1.2497336988615158e+01
230 9.0022434340333848e+02 1.2455007572130180e+01
231 8.9960041708206177e+02 1.2446375271623204e+01
232 8.9654848648807820e+02 1.2404150442961079e+01
233 8.9592357757048489e+02 1.2395504547793335e+01
234 8.9287946419368711e+02 1.2353387873837260e+01
235 8.9225330891524709e+02 1.2344724734708167e+01
236 8.8921725519003724e+02 1.2302719569646840e+01
237 8.8858960492041524e+02 1.2294035746644189e+01
238 8.8556183822494438e+02 1.2252145236356315e+01
239 8.8493245909426355e+02 1.2243437493785462e+01
240 8.8191319253657048e+02 1.2201664586716342e+01
241 8.8128186447240216e+02 1.2192929879776528e+01
242 8.7827129783245846e+02 1.2151277339971680e+01
243 8.7763781374631196e+02 1.2142512803500749e+01
244 8.7463613381000516e+02 1.2100983215226705e+01
245 8.7400029932621089e+02 1.2092186159950083e+01
246 8.7100768086102596e+02 1.2050781941193387e+01
247 8.7036931317644382e+02 1.2041949837947639e+01
248 8.6738591940289098e+02 1.2000673246937261e+01
249 8.6674484725039144e+02 1.1991803726164830e+01
250 8.6377083001914082e+02 1.1950656863822900e+01
251 8.6312689283090253e+02 1.1941747703995958e+01
252 8.6016239401646340e+02 1.1900732533219946e+01
253 8.5951544118115942e+02 1.1891781650563232e+01
254 8.5656059241346293e+02 1.1850899992512277e+01
255 8.5591048331267973e+02 1.1841905441506965e+01
256 8.5296540675304050e+02 1.1801158986337651e+01
257 8.5231200980637902e+02 1.1792118946509902e+01
258 8.4937681873210647e+02 1.1751509261464610e+01
259 8.4872001123435587e+02 1.1742422035132796e+01
260 8.4579481023398830e+02 1.1701950567240866e+01
261 8.4513447784196296e+02 1.1692814572415726e+01
262 8.4221936322876832e+02 1.1652482654214422e+01
263 8.4155539962054354e+02 1.1643296419884438e+01
264 8.3865046014691075e+02 1.1603105279302866e+01
265 8.3798276641908933e+02 1.1593867437095179e+01
266 8.3508808331818341e+02 1.1553818198030614e+01
267 8.3441656792419803e+02 1.1544527481357401e+01
268 8.3153221536817398e+02 1.1504621170014877e+01
269 8.3085679340969853e+02 1.1495276404269717e+01
270 8.2798283914357353e+02 1.1455513957931933e+01
271 8.2730343237752470e+02 1.1446114060586673e+01
272 8.2443993739995915e+02 1.1406496323197455e+01
273 8.2375647377230314e+02 1.1397040297352220e+01
274 8.2090349337128225e+02 1.1357568033845642e+01
275 8.2021590649477434e+02 1.1348054961003124e+01
276 8.1737349013469100e+02 1.1308728855741245e+01
277 8.1668171944366918e+02 1.1299157897948346e+01
278 8.1384991106389782e+02 1.1259978558852122e+01
279 8.1315390119848814e+02 1.1250348950180152e+01
280 8.1033273951044623e+02 1.1211316912839409e+01
281 8.0963244025441304e+02 1.1201627958524226e+01
282 8.0682195906190350e+02 1.1162743690629737e+01
283 8.0611732501041922e+02 1.1152994762475187e+01
284 8.0331755331961131e+02 1.1114258665340314e+01
285 8.0260854365379635e+02 1.1104449198598886e+01
286 7.9981950615316669e+02 1.1065861613799777e+01
287 7.9910608423080942e+02 1.1055991101510040e+01
288 7.9632780127280193e+02 1.1017552310631888e+01
289 7.9560993485277424e+02 1.1007620306723371e+01
290 7.9284242268556591e+02 1.0969330534566991e+01
291 7.9212008323966256e+02 1.0959336644339182e+01
292 7.8936335448906482e+02 1.0921196065588335e+01
293 7.8863651723979262e+02 1.0911139946233501e+01
294 7.8589058052268967e+02 1.0873148680106647e+01
295 7.8515922454878091e+02 1.0863030042169665e+01
296 7.8242408522127596e+02 1.0825188162770896e+01
297 7.8168819265298578e+02 1.0815006759015830e+01
298 7.7896385265696165e+02 1.0777314293211964e+01
299 7.7822340903308975e+02 1.0767069923561623e+01
300 7.7550986720959122e+02 1.0729526855317996e+01
301 7.7476486104817195e+02 1.0719219360914233e+01
302 7.7206211321000194e+02 1.0681825632299095e+01
303 7.7131253598768308e+02 1.0671454895217510e+01
304 7.6862057518716699e+02 1.0634210410106665e+01
305 7.6786642094200181e+02 1.0623776347861053e+01
306 7.6518523750125587e+02 1.0586680972356639e+01
307 7.6442650311659918e+02 1.0576183541826813e+01
308 7.6175608487699242e+02 1.0539237107708718e+01
309 7.6099276934680086e+02 1.0528676294975618e+01
310 7.5833310178239526e+02 1.0491878601270974e+01
311 7.5756520684451993e+02 1.0481254430378550e+01
312 7.5491627275330177e+02 1.0444605239089780e+01
313 7.5414380217737732e+02 1.0433917762192618e+01
314 7.5150558279938662e+02 1.0397416813767261e+01
315 7.5072854235990496e+02 1.0386666110758046e+01
316 7.4810101621285344e+02 1.0350313107979010e+01
317 7.4731941401698782e+02 1.0339499291024120e+01
318 7.4470255811385698e+02 1.0303293915855694e+01
319 7.4391640374393762e+02 1.0292417117530967e+01
320 7.4131019305214784e+02 1.0256359023636181e+01
321 7.4051949826648149e+02 1.0245419406623064e+01
322 7.3792390604515333e+02 1.0209508224029859e+01
323 7.3712868386947491e+02 1.0198505968545236e+01
324 7.3454368180297581e+02 1.0162741305494135e+01
325 7.3374394726856940e+02 1.0151676619502565e+01
326 7.3116950527662777e+02 1.0116058059819519e+01
327 7.3036527465602705e+02 1.0104931168458803e+01
328 7.2780136136159604e+02 1.0069458278028295e+01
329 7.2699265252844373e+02 1.0058269428588297e+01
330 7.2443923489447889e+02 1.0022941750327997e+01
331 7.2362606703660765e+02 1.0011691208280990e+01
332 7.2108311097136675e+02 9.9765082705163532e+00
333 7.2026550458756208e+02 9.9651963194722271e+00
334 7.1773297436949838e+02 9.9301576279796340e+00
335 7.1691095113174549e+02 9.9187845677800262e+00
336 7.1438881029771983e+02 9.8838896180755889e+00
337 7.1356239292380303e+02 9.8724557630312351e+00
338 7.1105060356941999e+02 9.8377040306906434e+00
339 7.1021981597394677e+02 9.8262097116708631e+00
340 7.0771833938697512e+02 9.7916006610930353e+00
341 7.0688320629435862e+02 9.7800462201711742e+00
342 7.0439200252733872e+02 9.7455792986650867e+00
343 7.0355254992895277e+02 9.7339650954434607e+00
344 7.0107157832374082e+02 9.6996397404854573e+00
345 7.0022783261129541e+02 9.6879661401052104e+00
346 6.9775705161299197e+02 9.6537817767646192e+00
347 6.9690904045646516e+02 9.6420491620523112e+00
348 6.9444840747014212e+02 9.6080052010091972e+00
349 6.9359615906137230e+02 9.5962139620115554e+00
350 6.9114563108598611e+02 9.5623098083271909e+00
351 6.9028917440074156e+02 9.5504603459369672e+00
352 6.8784870736085941e+02 9.5166953898079729e+00
353 6.8698807203403169e+02 9.5047881140371828e+00
354 6.8455762145562278e+02 9.4711617401453942e+00
355 6.8369283784525339e+02 9.4591970710111593e+00
356 6.8127235837663784e+02 9.4257086518957411e+00
357 6.8040345729542366e+02 9.4136870157055430e+00
358 6.7799290332579460e+02 9.3803359203205279e+00
359 6.7711991612032148e+02 9.3682577507684410e+00
360 6.7471924113830369e+02 9.3350433356080877e+00
361 6.7384219985945799e+02 9.3229090761325040e+00
362 6.7145135713613809e+02 9.2898306946813367e+00
363 6.7057029403966510e+02 9.2776407915549566e+00
364 6.6818923610332388e+02 9.2446977870204492e+00
365 6.6730418422693049e+02 9.2324526973347680e+00
366 6.6493286331416073e+02 9.1996444088887550e+00
367 6.6404385568625241e+02 9.1873445896065764e+00
368 6.6168222374596633e+02 9.1546703524407089e+00
369 6.6078929408118279e+02 9.1423162700191956e+00
370 6.5843730240247237e+02 9.1097754101962121e+00
371 6.5754048451980350e+02 9.0973675325362553e+00
372 6.5519808441153759e+02 9.0649593763925171e+00
373 6.5429741253371742e+02 9.0524981769809951e+00
374 6.5196455475738207e+02 9.0202220432795741e+00
375 6.5106006326757461e+02 9.0077079978229833e+00
376 6.4873669848803843e+02 8.9755632039902107e+00
377 6.4782842214734228e+02 8.9629967934239403e+00
378 6.4551450051198162e+02 8.9309826497264062e+00
379 6.4460247421801762e+02 8.9183643568746938e+00
380 6.4229794603206960e+02 8.8864801757630651e+00
381 6.4138220481183248e+02 8.8738104852400941e+00
382 6.3908701979248224e+02 8.8420555710290714e+00
383 6.3816759899542274e+02 8.8293349719103471e+00
384 6.3588170698037197e+02 8.7977086305820364e+00
385 6.3495864190205054e+02 8.7849376111974706e+00
386 6.3268199237016415e+02 8.7534391437693042e+00
387 6.3175531872180693e+02 8.7406181981997264e+00
388 6.2948786104181170e+02 8.7092469041653331e+00
389 6.2855761424990010e+02 8.6963765225520060e+00
390 6.2629929790447886e+02 8.6651317029816415e+00
391 6.2536551373040857e+02 8.6522123800995114e+00
392 6.2311628782976936e+02 8.6210933309100799e+00
393 6.2217900199902567e+02 8.6081255610372622e+00
394 6.1993881576344120e+02 8.5771315796684586e+00
395 6.1899806409462690e+02 8.5641158583713874e+00
396 6.1676686648742100e+02 8.5332462387079069e+00
397 6.1582268482348616e+02 8.5201830618898740e+00
398 6.1360042501102930e+02 8.4894371006256488e+00
399 6.1265284918061377e+02 8.4763269639919585e+00
400 6.1043947597805061e+02 8.4457039529615585e+00
401 6.0948854185831783e+02 8.4325473528888573e+00
402 6.0728400447020817e+02 8.4020465893145850e+00
403 6.0632974771324109e+02 8.3888440190654308e+00
404 6.0413399502049583e+02 8.3584647956917575e+00
405 6.0317645159930146e+02 8.3452167529688381e+00
406 6.0098943263584772e+02 8.3149583646572882e+00
407 6.0002863802599393e+02 8.3016653402809979e+00
408 5.9785030189005886e+02 8.2715270827827112e+00
409 5.9688629199441755e+02 8.2581895734853852e+00
410 5.9471658764005520e+02 8.2281707405568039e+00
411 5.9374939782369859e+02 8.2147892356300787e+00
412 5.9158827463067337e+02 8.1848891269175379e+00
413 5.9061794040951111e+02 8.1714641177399567e+00
414 5.8846534737116974e+02 8.1416820275435295e+00
415 5.8749190419278716e+02 8.1282140045483313e+00
416 5.8534779073270238e+02 8.0985492331204636e+00
417 5.8437127384058624e+02 8.0850386839170980e+00
418 5.8223558916665513e+02 8.0554905285262617e+00
419 5.8125603374194566e+02 8.0419379398615813e+00
420 5.7912872750039026e+02 8.0125057038406755e+00
421 5.7814616845626449e+02 7.9989115587541457e+00
422 5.7602719012671412e+02 7.9695945431311799e+00
423 5.7504166241579514e+02 7.9559593252080179e+00
424 5.7293096180221471e+02 7.9267568354983329e+00
425 5.7194249998231817e+02 7.9130810228614186e+00
426 5.6984002684743609e+02 7.8839923640098286e+00
427 5.6884866568141945e+02 7.8702764376188874e+00
428 5.6675436994524489e+02 7.8413009167462562e+00
429 5.6576014366021695e+02 7.8275453501486911e+00
430 5.6367397543462960e+02 7.7986822770304984e+00
431 5.6267691846886942e+02 7.7848875466953462e+00
432 5.6059882782513318e+02 7.7561362305451329e+00
433 5.5959897411042630e+02 7.7423028059338668e+00
434 5.5752891157999261e+02 7.7136625623320754e+00
435 5.5652629506244614e+02 7.6997909131043123e+00
436 5.5446421094621633e+02 7.6712610544416204e+00
437 5.5345886535627255e+02 7.6573516472731598e+00
438 5.5140471043227319e+02 7.6289314925414882e+00
439 5.5039666927506585e+02 7.6149847909908823e+00
440 5.4835039423465480e+02 7.5866736579830496e+00
441 5.4733969080388238e+02 7.5726901226835510e+00
442 5.4530124683692668e+02 7.5444873360894755e+00
443 5.4428791409983796e+02 7.5304674231577584e+00
444 5.4225725228308227e+02 7.5023723061022576e+00
445 5.4124132322854109e+02 7.4883164719540494e+00
446 5.3921839500082251e+02 7.4603283525716542e+00
447 5.3819990213936842e+02 7.4462370470048507e+00
448 5.3618465897516853e+02 7.4183552539232487e+00
449 5.3516363495323174e+02 7.4042289286158560e+00
450 5.3315602853071857e+02 7.3764527932808273e+00
451 5.3213250538229829e+02 7.3622918914375921e+00
452 5.3013248771669589e+02 7.3346207499582388e+00
453 5.2910649755357724e+02 7.3204257158601118e+00
454 5.2711402066296046e+02 7.2928589043849774e+00
455 5.2608559507525251e+02 7.2786301750952882e+00
456 5.2410061143609676e+02 7.2511670361150937e+00
457 5.2306978198998559e+02 7.2369050483661841e+00
458 5.2109224398998697e+02 7.2095449231433504e+00
459 5.2005904192614162e+02 7.1952501091638883e+00
460 5.1808890236781497e+02 7.1679923447000391e+00
461 5.1705335874372588e+02 7.1536651341843349e+00
462 5.1509057042556378e+02 7.1265090774254434e+00
463 5.1405271604223196e+02 7.1121498965191625e+00
464 5.1209723220910337e+02 7.0850949005870181e+00
465 5.1105709751052552e+02 7.0707041704965095e+00
466 5.0910887144400482e+02 7.0437495890207398e+00
467 5.0806648679504474e+02 7.0293277298575143e+00
468 5.0612547205765128e+02 7.0024729203547453e+00
469 5.0508086742102358e+02 6.9880203466663984e+00
470 5.0314701773852249e+02 6.9612646689118360e+00
471 5.0210022304926400e+02 6.9467817948630293e+00
472 5.0017349229864885e+02 6.9201246107241907e+00
473 4.9912453696351145e+02 6.9056118431705267e+00
474 4.9720487948380998e+02 6.8790525209073810e+00
475 4.9615379280129883e+02 6.8645102652068193e+00
476 4.9424116285687637e+02 6.8380481720463466e+00
477 4.9318797383231004e+02 6.8234768295004793e+00
478 4.9128232618385823e+02 6.7971113395365572e+00
479 4.9022706351120212e+02 6.7825113071392664e+00
480 4.8832835285516006e+02 6.7562417935768098e+00
481 4.8727104513328993e+02 6.7416134670063697e+00
482 4.8537922662507162e+02 6.7154393094004154e+00
483 4.8431990193457187e+02 6.7007830771643055e+00
484 4.8243493077046321e+02 6.6747036556353754e+00
485 4.8137361725466144e+02 6.6600199071091559e+00
486 4.7949544894137443e+02 6.6340346060726523e+00
487 4.7843217406716695e+02 6.6193237212731546e+00
488 4.7656076444612120e+02 6.5934319297753117e+00
489 4.7549555577816574e+02 6.5786942900719385e+00
490 4.7363086062851659e+02 6.5528953962975356e+00
491 4.7256374523989058e+02 6.5381313762584563e+00
492 4.7070572087827134e+02 6.5124247758285216e+00
493 4.6963672571610329e+02 6.4976347482793466e+00
494 4.6778532834149098e+02 6.4720198351870808e+00
495 4.6671448003226425e+02 6.4572041685171495e+00
496 4.6486966644006736e+02 6.4316803450076510e+00
497 4.6379699120423049e+02 6.4168394019886303e+00
498 4.6195871815814115e+02 6.3914060698681858e+00
499 4.6088424215467251e+02 6.3765402124212738e+00
500 4.5905246676173351e+02 6.3511967782465826e+00
501 4.5797621573744402e+02 6.3363063625904577e+00
502 4.5615089517983279e+02 6.3110522339577386e+00
503 4.5507289478210367e+02 6.2961376149354225e+00
504 4.5325398660035421e+02 6.2709722043989196e+00
505 4.5217426198717794e+02 6.2560337300825228e+00
506 4.5036172385006114e+02 6.2309564519706928e+00
507 4.4928030019224036e+02 6.2159944706095605e+00
508 4.4747408998372316e+02 6.1910047422281975e+00
509 4.4639099185381497e+02 6.1760195937946776e+00
510 4.4459106782809636e+02 6.1511168375718990e+00
511 4.4350631979908883e+02 6.1361088620443045e+00
512 4.4171264019142058e+02 6.1112925001460860e+00
513 4.4062626640851266e+02 6.0962620315840743e+00
514 4.3883878989429269e+02 6.0715314922660104e+00
515 4.3775081434655090e+02 6.0564788625690751e+00
516 4.3596949957354332e+02 6.0318335737044348e+00
517 4.3487994591747980e+02 6.0167591101710345e+00
518 4.3310475206458000e+02 5.9921985069815245e+00
519 4.3201364359211885e+02 5.9771025318658753e+00
520 4.3024452981023745e+02 5.9526260491860237e+00
521 4.2915188970292508e+02 5.9375088832152167e+00
522 4.2738881550327346e+02 5.9131159608644710e+00
523 4.2629466656218466e+02 5.8979779195016047e+00
524 4.2453759150007210e+02 5.8736679979095285e+00
525 4.2344195642652244e+02 5.8585093952374852e+00
526 4.2169084042022541e+02 5.8342819198554565e+00
527 4.2059374137978728e+02 5.8191030625448716e+00
528 4.1884854450754369e+02 5.7949574810374047e+00
529 4.1775000370056023e+02 5.7797586762399842e+00
530 4.1601068621658135e+02 5.7556944387062643e+00
531 4.1491072525689935e+02 5.7404759854592733e+00
532 4.1317724778806632e+02 5.7164925471545400e+00
533 4.1207588825629318e+02 5.7012547440353609e+00
534 4.1034821139269826e+02 5.6773515597058664e+00
535 4.0924547452871747e+02 5.6620947005778142e+00
536 4.0752355924123486e+02 5.6382712302380948e+00
537 4.0641946609091985e+02 5.6229956062802682e+00
538 4.0470327336870179e+02 5.5992513101977490e+00
539 4.0359784463663539e+02 5.5839572078673383e+00
540 4.0188733594858053e+02 5.5602915529469490e+00
541 4.0078059203972600e+02 5.5449792545557735e+00
542 3.9907572879845713e+02 5.5213917069238416e+00
543 3.9796768999658337e+02 5.5060614931069418e+00
544 3.9626843397237622e+02 5.4825515238380866e+00
545 3.9515912016076180e+02 5.4672036696895390e+00
546 3.9346543316929683e+02 5.4437707504865722e+00
547 3.9235486417504387e+02 5.4284055303232286e+00
548 3.9066670834781553e+02 5.4050491372583895e+00
549 3.8955490346161872e+02 5.3896668179756642e+00
550 3.8787224110982555e+02 5.3663864296074806e+00
551 3.8675921961492753e+02 5.3509872779976835e+00
552 3.8508201321584704e+02 5.3277823751824602e+00
553 3.8396779388063027e+02 5.3123666509145808e+00
554 3.8229600622976142e+02 5.2892367189113578e+00
555 3.8118060777594906e+02 5.2738046810088335e+00
556 3.7951420163603615e+02 5.2507492046234763e+00
557 3.7839764244554073e+02 5.2353011074083122e+00
558 3.7673658095652041e+02 5.2123195766653110e+00
559 3.7561887921178351e+02 5.1968556716997414e+00
560 3.7396312553044419e+02 5.1739475768567385e+00
561 3.7284429909024448e+02 5.1584681112249768e+00
562 3.7119381681107171e+02 5.1356329485953509e+00
563 3.7007388322523815e+02 5.1201381651071536e+00
564 3.6842863591481387e+02 5.0973754306182233e+00
565 3.6730761260824249e+02 5.0818655703548412e+00
566 3.6566756416448032e+02 5.0591747645180503e+00
567 3.6454546818844602e+02 5.0436500633915191e+00
568 3.6291058250977227e+02 5.0210306867254015e+00
569 3.6178743088598901e+02 5.0054913802387704e+00
570 3.6015767215629273e+02 4.9829429372113658e+00
571 3.5903348138556015e+02 4.9673892536605981e+00
572 3.5740881398403354e+02 4.9449112514420550e+00
573 3.5628360053903640e+02 4.9293434187341330e+00
574 3.5466398896035003e+02 4.9069353660922923e+00
575 3.5353776886653009e+02 4.8913536059463913e+00
576 3.5192317786925094e+02 4.8690150153002199e+00
577 3.5079596711208120e+02 4.8534195488825285e+00
578 3.4918636144308584e+02 4.8311499324892528e+00
579 3.4805817566461042e+02 4.8155409762144661e+00
580 3.4645352041655218e+02 4.7933398511152872e+00
581 3.4532437503474972e+02 4.7777176182980563e+00
582 3.4372463533277920e+02 4.7555845019837903e+00
583 3.4259454549188240e+02 4.7399492021513678e+00
584 3.4099968684160712e+02 4.7178836173766223e+00
585 3.3986866738066965e+02 4.7022354558339705e+00
586 3.3827865522827619e+02 4.6802369245312390e+00
587 3.3714672088798119e+02 4.6645761052223218e+00
588 3.3556152101828496e+02 4.6426441540091776e+00
589 3.3442868614233527e+02 4.6269708753855570e+00
590 3.3284826433945233e+02 4.6051050308699004e+00
591 3.3171454323853089e+02 4.5894194909262938e+00
592 3.3013886555192630e+02 4.5676192833872449e+00
593 3.2900427204088766e+02 4.5519216732583603e+00
594 3.2743330468295346e+02 4.5301866352292093e+00
595 3.2629785255471472e+02 4.5144771457462429e+00
596 3.2473156185197900e+02 4.4928068113394000e+00
597 3.2359526447150660e+02 4.4770856274126576e+00
598 3.2203361696058550e+02 4.4554795336471988e+00
599 3.2089648764775006e+02 4.4397468395630639e+00
600 3.1933944989423787e+02 4.4182045238589902e+00
601 3.1820150162066773e+02 4.4024604990857581e+00
602 3.1664904046804031e+02 4.3809815027076864e+00
603 3.1551028603026140e+02 4.3652263242910339e+00
604 3.1396236836387129e+02 4.3438101890829630e+00
605 3.1282282025278869e+02 4.3280440298401652e+00
606 3.1127941325233871e+02 4.3066903017185618e+00
607 3.1013908376479424e+02 4.2909133317819403e+00
608 3.0860015458911863e+02 4.2696215563745472e+00
609 3.0745905582905533e+02 4.2538339432075825e+00
610 3.0592457186915493e+02 4.2326036693542690e+00
611 3.0478271566468965e+02 4.2168055766042638e+00
612 3.0325264440586392e+02 4.1956363544495652e+00
613 3.0211004241093076e+02 4.1798279433539234e+00
614 3.0058435149675051e+02 4.1587193252321280e+00
615 2.9944101505367934e+02 4.1429007527170727e+00
616 2.9791967231202432e+02 4.1218522935124664e+00
617 2.9677561256681571e+02 4.1060237137879145e+00
618 2.9525858591081595e+02 4.0850349695642594e+00
619 2.9411381378708541e+02 4.0691965337633302e+00
620 2.9260107129470299e+02 4.0482670628649133e+00
621 2.9145559747521889e+02 4.0324189187884993e+00
622 2.8994710732936227e+02 4.0115482810115894e+00
623 2.8880094231098479e+02 3.9956905738884592e+00
624 2.8729667280820695e+02 3.9748783306016455e+00
625 2.8614982682787183e+02 3.9590112020643971e+00
626 2.8464974646037149e+02 3.9382569173431166e+00
627 2.8350222952081282e+02 3.9223805057840622e+00
628 2.8200630683708300e+02 3.9016837444826091e+00
629 2.8085812874009616e+02 3.8857981855139845e+00
630 2.7936633247400317e+02 3.8651585150513754e+00
631 2.7821750279062985e+02 3.8492639410928349e+00
632 2.7672980171826651e+02 3.8286809294723088e+00
633 2.7558032984177208e+02 3.8127774704838928e+00
634 2.7409669290677942e+02 3.7922506880267930e+00
635 2.7294658794426408e+02 3.7763384700093172e+00
636 2.7146698421013087e+02 3.7558674886951358e+00
637 2.7031625510310977e+02 3.7399466353584723e+00
638 2.6884065372419440e+02 3.7195310284239214e+00
639 2.6768930914313398e+02 3.7036016597278634e+00
640 2.6621767944955690e+02 3.6832410028414033e+00
641 2.6506572786715725e+02 3.6673032360095563e+00
642 2.6359803921391438e+02 3.6469971051838104e+00
643 2.6244548892438229e+02 3.6310510549702455e+00
644 2.6098171084325202e+02 3.6107990286637017e+00
645 2.5982856986239022e+02 3.5948448059706455e+00
646 2.5836867193569009e+02 3.5746464633410229e+00
647 2.5721494814053528e+02 3.5586841771508109e+00
648 2.5575890009984201e+02 3.5385390994208978e+00
649 2.5460460106073066e+02 3.5225688544725307e+00
650 2.5315237275096388e+02 3.5024766244332648e+00
651 2.5199750587469731e+02 3.4864985232031609e+00
652 2.5054906722071607e+02 3.4664587247514769e+00
653 2.4939363967486111e+02 3.4504728664061379e+00
654 2.4794896071211284e+02 3.4304850849690114e+00
655 2.4679297949525781e+02 3.4144915663370465e+00
656 2.4535203033356316e+02 3.3945553883704389e+00
657 2.4419550217046324e+02 3.3785543024918518e+00
658 2.4275825307002805e+02 3.3586693165323718e+00
659 2.4160118452540740e+02 3.3426607542330662e+00
660 2.4016760577140704e+02 3.3228265491627869e+00
661 2.3901000314686382e+02 3.3068105976281994e+00
662 2.3758006522257023e+02 3.2870267650699487e+00
663 2.3642193463655724e+02 3.2710035089516185e+00
664 2.3499560798097238e+02 3.2512696399157295e+00
665 2.3383695536139180e+02 3.2352391612288423e+00
666 2.3241421062392712e+02 3.2155548496367574e+00
667 2.3125504164447017e+02 3.1995172268793755e+00
668 2.2983584944915367e+02 3.1798820663013467e+00
669 2.2867616966413945e+02 3.1638373763199663e+00
670 2.2726050079632228e+02 3.1442509625582225e+00
671 2.2610031540719643e+02 3.1281992773171772e+00
672 2.2468814073892767e+02 3.1086612073734528e+00
673 2.2352745487758938e+02 3.0926025978748690e+00
674 2.2211874531360837e+02 3.0731124692031826e+00
675 2.2095756378212155e+02 3.0570470018857696e+00
676 2.1955229038096914e+02 3.0376044140680518e+00
677 2.1839061787071847e+02 3.0215321538392206e+00
678 2.1698875167274682e+02 3.0021367062057549e+00
679 2.1582659261240639e+02 2.9860577143381972e+00
680 2.1442810482483199e+02 2.9667090085279093e+00
681 2.1326546346756783e+02 2.9506233438660852e+00
682 2.1187032529169795e+02 2.9313209814361438e+00
683 2.1070720564742032e+02 2.9152286994589609e+00
684 2.0931538844755627e+02 2.8959722842216302e+00
685 2.0815179435450679e+02 2.8798734380328819e+00
686 2.0676326944777239e+02 2.8606625731477053e+00
687 2.0559920454575530e+02 2.8445572131057166e+00
688 2.0421394342985644e+02 2.8253915042306708e+00
689 2.0304941108805957e+02 2.8092796769496657e+00
690 2.0166738525344107e+02 2.7901587296422670e+00
691 2.0050238874109908e+02 2.7740404803535745e+00
692 1.9912356975976428e+02 2.7549639012997380e+00
693 1.9795811203223241e+02 2.7388392708920226e+00
694 1.9658247157550846e+02 2.7198066681518536e+00
695 1.9541655545260463e+02 2.7036756956385610e+00
696 1.9404406522606826e+02 2.6846866777460221e+00
697 1.9287769333587534e+02 2.6685493994878580e+00
698 1.9150832525593239e+02 2.6496035778938278e+00
699 1.9034150044264354e+02 2.6334600332414801e+00
700 1.8897522750941857e+02 2.6145570343905713e+00
701 1.8780795528146248e+02 2.5984072995556220e+00
702 1.8644475834203331e+02 2.5795468584585652e+00
703 1.8527706406205604e+02 2.5633912843445983e+00
704 1.8391697428858251e+02 2.5445738322822073e+00
705 1.8274900619071323e+02 2.5284144697748876e+00
706 1.8139234607597444e+02 2.5096444685794101e+00
707 1.8022492187736421e+02 2.4934926311622969e+00
708 1.7887350100053496e+02 2.4747951171732736e+00
709 1.7771064023524826e+02 2.4587064169030457e+00
710 1.7637290606479237e+02 2.4401982646356499e+00
711 1.7523193115558666e+02 2.4244123650008516e+00
712 1.7394189866295625e+02 2.4065641868419911e+00
713 1.7288744054526816e+02 2.3919752858235537e+00
714 1.7176261176787131e+02 2.3764127751644177e+00
715 1.7100033067267128e+02 2.3658662743034053e+00
716 1.7038368987011128e+02 2.3573347722156770e+00
717 1.7046154954732160e+02 2.3584119957725873e+00
718 1.7118245450420494e+02 2.3683860392013876e+00
719 1.7329606918112424e+02 2.3976288462844222e+00
720 1.7697318182966461e+02 2.4485033490866934e+00
721 1.8318501404474429e+02 2.5344468339997150e+00
722 1.9222031551615223e+02 2.6594542824957448e+00
723 2.0500909445272057e+02 2.8363927752841938e+00
724 2.2133038988609587e+02 3.0622052182594044e+00
725 2.4098495920393322e+02 3.3341350005125179e+00
726 2.6149492964944801e+02 3.6178996410434614e+00
727 2.7961444570759511e+02 3.8685912729253187e+00
728 2.8993145354082901e+02 4.0113317038259764e+00
729 2.8919292285386734e+02 4.0011138005158049e+00
730 2.7684028456298694e+02 3.8302095091843182e+00
731 2.5804592577544224e+02 3.5701811254513967e+00
732 2.3927389810328461e+02 3.3104617027161178e+00
733 2.2720072195971684e+02 3.1434238955409510e+00
734 2.2485735948836370e+02 3.1110024246722476e+00
735 2.3276040053696917e+02 3.2203445423616097e+00
736 2.4648145366769469e+02 3.4101814667828130e+00
737 2.5856469445684110e+02 3.5773585228438951e+00
738 2.6024233697206978e+02 3.6005694595216418e+00
739 2.5021722409354302e+02 3.4618675262441423e+00
740 2.3497745503544132e+02 3.2510184857720961e+00
741 2.2477896540966836e+02 3.1099178074310947e+00
742 2.2495805692226574e+02 3.1123956188364961e+00
743 2.3489211901390732e+02 3.2498378236380736e+00
744 2.4612620007617247e+02 3.4052663740008207e+00
745 2.4866702612836320e+02 3.4404198420795242e+00
746 2.3914328964192470e+02 3.3086546760708795e+00
747 2.2642790342559044e+02 3.1327316044859930e+00
748 2.2081328693903731e+02 3.0550508670486423e+00
749 2.2648801622246540e+02 3.1335632919933860e+00
750 2.3708693239884445e+02 3.2802040512669088e+00
751 2.4134343708770399e+02 3.3390947028239735e+00
752 2.3346302929073764e+02 3.2300657263228190e+00
753 2.2206205070698201e+02 3.0723280738910534e+00
754 2.1825006920043165e+02 3.0195875999449577e+00
755 2.2526678056032995e+02 3.1166669488421350e+00
756 2.3415178641913900e+02 3.2395949901251799e+00
757 2.3355674929435307e+02 3.2313623846094384e+00
758 2.2322789020898423e+02 3.0884579863198049e+00
759 2.1572056360281979e+02 2.9845907554329605e+00
760 2.1873649434141993e+02 3.0263175099487007e+00
761 2.2783921103544051e+02 3.1522576782875897e+00
762 2.2979596556476352e+02 3.1793302548715343e+00
763 2.2130581276300509e+02 3.0618651827377703e+00
764 2.1321713975226368e+02 2.9499547635900276e+00
765 2.1561186150421801e+02 2.9830868131422275e+00
766 2.2389458152378890e+02 3.0976819596937899e+00
767 2.2537816575409312e+02 3.1182080129578851e+00
768 2.1668758159393374e+02 2.9979698830803829e+00
769 2.1036954827686472e+02 2.9105570582865430e+00
770 2.1427307728216394e+02 2.9645641329399868e+00
771 2.2175006115690155e+02 3.0680115585277972e+00
772 2.1975400321780765e+02 3.0403952016407603e+00
773 2.1091216133137601e+02 2.9180643532760620e+00
774 2.0816624418044972e+02 2.8800733578560394e+00
775 2.1485853400322844e+02 2.9726641892731069e+00
776 2.1880735799711746e+02 3.0272979404100289e+00
777 2.1249541304415746e+02 2.9399693508644753e+00
778 2.0565795191438673e+02 2.8453700093009195e+00
779 2.0880235655313939e+02 2.8888742578501709e+00
780 2.1523449222357496e+02 2.9778657398816115e+00
781 2.1271919328101271e+02 2.9430654508143923e+00
782 2.0467097589527904e+02 2.8317147533843512e+00
783 2.0452582299814347e+02 2.8297064979464839e+00
784 2.1109726592676799e+02 2.9206253583789978e+00
785 2.1144690839225854e+02 2.9254628187155620e+00
786 2.0371755835649705e+02 2.8185237940952055e+00
787 2.0151748077650100e+02 2.7880847339665600e+00
788 2.0744490030913798e+02 2.8700932418492542e+00
789 2.0930222561116753e+02 2.8957901704762135e+00
790 2.0221529242282807e+02 2.7977392710856814e+00
791 1.9914803880782679e+02 2.7553024415548806e+00
792 2.0453374102329104e+02 2.8298160473759033e+00
793 2.0678940181616883e+02 2.8610241261857237e+00
794 2.0008687221298823e+02 2.7682916228139076e+00
795 1.9708162632273610e+02 2.7267126979675784e+00
796 2.0230160909163357e+02 2.7989335009145586e+00
797 2.0409142495635103e+02 2.8236964061960332e+00
798 1.9744099262417134e+02 2.7316846919359072e+00
799 1.9527427121106177e+02 2.7017071293375081e+00
800 2.0058645248955662e+02 2.7752035400189263e+00
801 2.0113790503556621e+02 2.7828331333381358e+00
802 1.9447587329536810e+02 2.6906609360653473e+00
803 1.9386618116187375e+02 2.6822255719308563e+00
804 1.9912921824488140e+02 2.7550420506248705e+00
805 1.9774636983632863e+02 2.7359097226381386e+00
806 1.9151877695242237e+02 2.6497481818027069e+00
807 1.9302883926567944e+02 2.6706405712207726e+00
808 1.9749764928581050e+02 2.7324685622621190e+00
809 1.9382743208802191e+02 2.6816894611138422e+00
810 1.8906495636847359e+02 2.6157984734020334e+00
811 1.9273608972611063e+02 2.6665902500327427e+00
812 1.9509960314162049e+02 2.6992905182522362e+00
813 1.8964585715694236e+02 2.6238354963642010e+00
814 1.8766189945029203e+02 2.5963865516203857e+00
815 1.9249059524193717e+02 2.6631937237316019e+00
816 1.9147549966979241e+02 2.6491494211861926e+00
817 1.8597753774931479e+02 2.5730826519940253e+00
818 1.8752118522391996e+02 2.5944397071834255e+00
819 1.9125910368549413e+02 2.6461554856824887e+00
820 1.8687288076205175e+02 2.5854701241669438e+00
821 1.8385952205800680e+02 2.5437789549029191e+00
822 1.8795278362453860e+02 2.6004110646425032e+00
823 1.8807096737477684e+02 2.6020461898364688e+00
824 1.8260339886101485e+02 2.5263999270586859e+00
825 1.8375403988535567e+02 2.5423195617319592e+00
826 1.8722812235413738e+02 2.5903850509313489e+00
827 1.8326005477614910e+02 2.5354850561770137e+00
828 1.8041173202192510e+02 2.4960772333029815e+00
829 1.8449883380390568e+02 2.5526241196604271e+00
830 1.8385432651893993e+02 2.5437070722895534e+00
831 1.7899595061307360e+02 2.4764892624855492e+00
832 1.8077088144240238e+02 2.5010462266259785e+00
833 1.8342789125700810e+02 2.5378071491700509e+00
834 1.7878967551784280e+02 2.4736353540216558e+00
835 1.7761587325334571e+02 2.4573952732022191e+00
836 1.8142430040838684e+02 2.5100865711009375e+00
837 1.7914833003344623e+02 2.4785975001137417e+00
838 1.7538063992951032e+02 2.4264698175890129e+00
839 1.7865255655544090e+02 2.4717382516743212e+00
840 1.7896051214648523e+02 2.4759989554049451e+00
841 1.7433117028435555e+02 2.4119499343255728e+00
842 1.7555548339047795e+02 2.4288888552947214e+00
843 1.7811079613189270e+02 2.4642427532166109e+00
844 1.7380497447321363e+02 2.4046697792617597e+00
845 1.7295277232843739e+02 2.3928791803472200e+00
846 1.7634168433999878e+02 2.4397662980691281e+00
847 1.7361837352010059e+02 2.4020880713785857e+00
848 1.7079234650830395e+02 2.3629887201014323e+00
849 1.7420285853403922e+02 2.4101746837077753e+00
850 1.7314488368972113e+02 2.3955371271990407e+00
851 1.6932446592293209e+02 2.3426799338085940e+00
852 1.7173563967724093e+02 2.3760396041926493e+00
853 1.7247239790385441e+02 2.3862329847188954e+00
854 1.6813431390239930e+02 2.3262136467809831e+00
855 1.6945412394287655e+02 2.3444738106705443e+00
856 1.7130154095311053e+02 2.3700336536363071e+00
857 1.6730464531842622e+02 2.3147348097872213e+00
858 1.6722740230078895e+02 2.3136661179920970e+00
859 1.6996228612845462e+02 2.3515044624359889e+00
860 1.6642340749923935e+02 2.3025424892937258e+00
861 1.6535885894822556e+02 2.2878139826043253e+00
862 1.6829402631506144e+02 2.3284233396465970e+00
863 1.6564183761327331e+02 2.2917291193607885e+00
864 1.6357642135548457e+02 2.2631531590250504e+00
865 1.6665529782016350e+02 2.3057507958943839e+00
866 1.6465060802878205e+02 2.2780150134592700e+00
867 1.6208749135296600e+02 2.2425531446046096e+00
868 1.6486862365851690e+02 2.2810313574840548e+00
869 1.6368058035864971e+02 2.2645942455526851e+00
870 1.6059411045853423e+02 2.2218915500981740e+00
871 1.6323722591250450e+02 2.2584602379307626e+00
872 1.6248828225220456e+02 2.2480982664638844e+00
873 1.5929449021690917e+02 2.2039107211315421e+00
874 1.6154288028069834e+02 2.2350182061432529e+00
875 1.6133284222658739e+02 2.2321122354554381e+00
876 1.5791387600683410e+02 2.1848093042828629e+00
877 1.6004275074501163e+02 2.2142632411580605e+00
878 1.5999069081044738e+02 2.2135429686127179e+00
879 1.5666492737105892e+02 2.1675295397110981e+00
880 1.5850011888784738e+02 2.1929202374914936e+00
881 1.5871506813432978e+02 2.1958941567286039e+00
882 1.5530103520220445e+02 2.1486594798031082e+00
883 1.5714936442172601e+02 2.1742319435935218e+00
884 1.5728203544083348e+02 2.1760675066503246e+00
885 1.5404669301127132e+02 2.1313050929765405e+00
886 1.5575257001759917e+02 2.1549066665027707e+00
887 1.5592865048130497e+02 2.1573428186961996e+00
888 1.5267704426347279e+02 2.1123553882168395e+00
889 1.5453289826643322e+02 2.1380319607612499e+00
890 1.5442814294402214e+02 2.1365826238893781e+00
891 1.5142260127024491e+02 2.0949996067453105e+00
892 1.5325569143988250e+02 2.1203612314453486e+00
893 1.5300338934487957e+02 2.1168705187949377e+00
894 1.5007509886678298e+02 2.0763563065928925e+00
895 1.5213346126266492e+02 2.1048346735852537e+00
896 1.5143035433149996e+02 2.0951068738252849e+00
897 1.4886723958849629e+02 2.0596450317119506e+00
898 1.5093118518383301e+02 2.0882006447730230e+00
899 1.4992560935628930e+02 2.0742880521640976e+00
900 1.4760286680779936e+02 2.0421518671769410e+00
901 1.4984612523532005e+02 2.0731883536991642e+00
902 1.4827807840621583e+02 2.0514937224963314e+00
903 1.4651143729019702e+02 2.0270514502577632e+00
904 1.4863807189903093e+02 2.0564743939387178e+00
905 1.4670964048519829e+02 2.0297936803614598e+00
906 1.4539955510472734e+02 2.0116680615049258e+00
907 1.4748729445445093e+02 2.0405528718302461e+00
908 1.4503411257800033e+02 2.0066120002342922e+00
909 1.4448076502821087e+02 1.9989561886878144e+00
910 1.4615238077741054e+02 2.0220837423543405e+00
911 1.4348843696859547e+02 1.9852268848902503e+00
912 1.4354621071210425e+02 1.9860262105451776e+00
913 1.4480903271964914e+02 2.0034979194380540e+00
914 1.4191510763652411e+02 1.9634591678894855e+00
915 1.4277345953323751e+02 1.9753348513804481e+00
916 1.4323803333511412e+02 1.9817624383065151e+00
917 1.4056047189527263e+02 1.9447171748092049e+00
918 1.4191836219205163e+02 1.9635041961249873e+00
919 1.4164257367732606e+02 1.9596885383232578e+00
920 1.3927531106785364e+02 1.9269363983236518e+00
921 1.4111185731503312e+02 1.9523458394066500e+00
922 1.3986215059777382e+02 1.9350555864375267e+00
923 1.3828066637797590e+02 1.9131750429073213e+00
924 1.4008226518375994e+02 1.9381009704635008e+00
925 1.3815608594970175e+02 1.9114514168036016e+00
926 1.3738516799972820e+02 1.9007854211828747e+00
927 1.3894962492326141e+02 1.9224303844319384e+00
928 1.3643029185876225e+02 1.8875742814782814e+00
929 1.3673023781344327e+02 1.8917241682972252e+00
930 1.3748424641365872e+02 1.9021562154796321e+00
931 1.3497338052152563e+02 1.8674172596534735e+00
932 1.3603545990620819e+02 1.8821116043191763e+00
933 1.3588660532558967e+02 1.8800521344299921e+00
934 1.3368907178657267e+02 1.8496482722493803e+00
935 1.3535070729867209e+02 1.8726377448591498e+00
936 1.3405859396598592e+02 1.8547607773447907e+00
937 1.3279267664174327e+02 1.8372462433570460e+00
938 1.3435417953745221e+02 1.8588503363061792e+00
939 1.3232506515815794e+02 1.8307766287420357e+00
940 1.3206473157063692e+02 1.8271747967902403e+00
941 1.3312750710931277e+02 1.8418787730586890e+00
942 1.3068293684348120e+02 1.8080570469582486e+00
943 1.3154899559466540e+02 1.8200393582376004e+00
944 1.3149241544928185e+02 1.8192565465481050e+00
945 1.2944969468663587e+02 1.7909945885673664e+00
946 1.3087156304089086e+02 1.8106667750046572e+00
947 1.2974101416369092e+02 1.7950251241990873e+00
948 1.2851177223338948e+02 1.7780180107366770e+00
949 1.2999757170055216e+02 1.7985747127963176e+00
950 1.2792080611932309e+02 1.7698417294802264e+00
951 1.2796161220677024e+02 1.7704063000029717e+00
952 1.2863652358533795e+02 1.7797440016460959e+00
953 1.2643973166971672e+02 1.7493504001578077e+00
954 1.2742232524664290e+02 1.7629450230211208e+00
955 1.2699872973342809e+02 1.7570843890988421e+00
956 1.2529882133608879e+02 1.7335653939550921e+00
957 1.2677557754515078e+02 1.7539969784827019e+00
958 1.2513961739494148e+02 1.7313627360209527e+00
959 1.2465948592378845e+02 1.7247199017623043e+00
960 1.2562954555626881e+02 1.7381411118823102e+00
961 1.2353136033341956e+02 1.7091117782169680e+00
962 1.2416368591050256e+02 1.7178602861953753e+00
963 1.2410776703515904e+02 1.7170866234734858e+00
964 1.2227422543802172e+02 1.6917187530715085e+00
965 1.2363283430288894e+02 1.7105157160990934e+00
966 1.2226322534555426e+02 1.6915665618583067e+00
967 1.2158609720010678e+02 1.6821981902511058e+00
968 1.2259882188250431e+02 1.6962096904734376e+00
969 1.2061847400293054e+02 1.6688106893063561e+00
970 1.2111553317863333e+02 1.6756877259501000e+00
971 1.2112817060154730e+02 1.6758625703644274e+00
972 1.1934837014501747e+02 1.6512382327474788e+00
973 1.2062428295793327e+02 1.6688910588043324e+00
974 1.1929777631040974e+02 1.6505382443526304e+00
975 1.1868899552736536e+02 1.6421154891603862e+00
976 1.1959521798926950e+02 1.6546534833923345e+00
977 1.1768471975372701e+02 1.6282208833803598e+00
978 1.1825473162875379e+02 1.6361072533410106e+00
979 1.1809338156523698e+02 1.6338749028412807e+00
980 1.1650523225050348e+02 1.6119021447331201e+00
981 1.1773487082798734e+02 1.6289147459872089e+00
982 1.1627175662423998e+02 1.6086719047220290e+00
983 1.1595112542501731e+02 1.6042358282668177e+00
984 1.1660418813668522e+02 1.6132712438035151e+00
985 1.1476720412985340e+02 1.5878557461193770e+00
986 1.1554512906089275e+02 1.5986186864660177e+00
987 1.1500798526904101e+02 1.5911870611785435e+00
988 1.1378003135658948e+02 1.5741977680208064e+00
989 1.1490411877194110e+02 1.5897500216035201e+00
990 1.1323118077157784e+02 1.5666041739990713e+00
991 1.1337115141882572e+02 1.5685407306853274e+00
992 1.1357446242640320e+02 1.5713536296670432e+00
993 1.1194255500998085e+02 1.5487754585950249e+00
994 1.1292328286131337e+02 1.5623442683079085e+00
995 1.1188254254223257e+02 1.5479451591861006e+00
996 1.1122601915327461e+02 1.5388618636268643e+00
997 1.1203643858984199e+02 1.5500743800323731e+00
998 1.1026127745704699e+02 1.5255142295401896e+00
999 1.1091790646687676e+02 1.5345989864115619e+00
1000 1.1046280985445510e+02 1.5283025206524452e+00
1001 1.0931071052033687e+02 1.5123627096093000e+00
1002 1.1027517390571371e+02 1.5257064931405222e+00
1003 1.0878448925429856e+02 1.5050822023655779e+00
1004 1.0885948747584283e+02 1.5061198363998882e+00
1005 1.0903476375633251e+02 1.5085448623578186e+00
1006 1.0749465632141873e+02 1.4872367852053761e+00
1007 1.0847935700442858e+02 1.5008605608264654e+00
1008 1.0730337525838789e+02 1.4845903259023012e+00
1009 1.0694014043432715e+02 1.4795648091882849e+00
1010 1.0745349093441149e+02 1.4866672436120589e+00
1011 1.0586961812888316e+02 1.4647536529269114e+00
1012 1.0658452939160885e+02 1.4746447709086656e+00
1013 1.0588749890076868e+02 1.4650010414260801e+00
1014 1.0505676281644888e+02 1.4535074350862114e+00
1015 1.0586018802096903e+02 1.4646231831541963e+00
1016 1.0426777047387861e+02 1.4425913721369310e+00
1017 1.0476413690184113e+02 1.4494588243049673e+00
1018 1.0438549268668679e+02 1.4442201117535365e+00
1019 1.0332813331374116e+02 1.4295910705672996e+00
1020 1.0416156061631735e+02 1.4411219111188480e+00
1021 1.0277119772654477e+02 1.4218856169139407e+00
1022 1.0292598593806949e+02 1.4240271812481469e+00
1023 1.0290964290085846e+02 1.4238010679979261e+00
1024 1.0161856209274931e+02 1.4059383859242125e+00
1025 1.0250653120322951e+02 1.4182238368519635e+00
1026 1.0123540928552411e+02 1.4006372949792250e+00
1027 1.0120112862843925e+02 1.4001630067124187e+00
1028 1.0134790864773646e+02 1.4021937741152115e+00
1029 1.0002457385134284e+02 1.3838848436465747e+00
1030 1.0080163416476560e+02 1.3946358216206798e+00
1031 9.9759222374931994e+01 1.3802135869512955e+00
1032 9.9476337742391678e+01 1.3762997511767496e+00
1033 9.9824910009253628e+01 1.3811224048352666e+00
1034 9.8415943646444234e+01 1.3616287232366064e+00
1035 9.9176274849835565e+01 1.3721482464698533e+00
1036 9.8223443664635127e+01 1.3589653996455078e+00
1037 9.7860258387293896e+01 1.3539405684325792e+00
1038 9.8239885301541733e+01 1.3591928770667423e+00
1039 9.6890005893280147e+01 1.3405166899867538e+00
1040 9.7528407905331349e+01 1.3493492681684329e+00
1041 9.6735239404080033e+01 1.3383754261906515e+00
1042 9.6238252612953318e+01 1.3314993910199846e+00
1043 9.6710481148419262e+01 1.3380328846186675e+00
1044 9.5331235861418648e+01 1.3189504074347320e+00
1045 9.5970266063341754e+01 1.3277916769050535e+00
1046 9.5188996458250031e+01 1.3169824614926986e+00
1047 9.4711811922741788e+01 1.3103803994104963e+00
1048 9.5136346944096687e+01 1.3162540318492946e+00
1049 9.3840100825678050e+01 1.2983198853906324e+00
1050 9.4397115392331202e+01 1.3060264317602004e+00
1051 9.3690569574823854e+01 1.2962510534652278e+00
1052 9.3173529274220357e+01 1.2890975689962707e+00
1053 9.3623850566742760e+01 1.2953279660626884e+00
1054 9.2313655909941502e+01 1.2772008353191102e+00
1055 9.2910319008048702e+01 1.2854559369050560e+00
1056 9.2141117204094840e+01 1.2748136849342613e+00
1057 9.1722434258238081e+01 1.2690210185848341e+00
1058 9.2072298831826529e+01 1.2738615518865555e+00
1059 9.0852976764912498e+01 1.2569916841835052e+00
1060 9.1406571089568487e+01 1.2646509099709480e+00
1061 9.0641934313983256e+01 1.2540718172152032e+00
1062 9.0258967793725219e+01 1.2487733036339626e+00
1063 9.0578291629405882e+01 1.2531912921281732e+00
1064 8.9364770954809615e+01 1.2364016892899603e+00
1065 8.9978991499724614e+01 1.2448997060276021e+00
1066 8.9100021573279108e+01 1.2327387628474102e+00
1067 8.8878864190172138e+01 1.2296789512555395e+00
1068 8.9043009894682953e+01 1.2319499807023613e+00
1069 8.7948837799107125e+01 1.2168116189867810e+00
1070 8.8526218461407140e+01 1.2247999394245082e+00
1071 8.7613387784369010e+01 1.2121705175721724e+00
1072 8.7487401998242703e+01 1.2104274477122177e+00
1073 8.7556548919189638e+01 1.2113841263782574e+00
1074 8.6519279043127597e+01 1.1970330323922254e+00
1075 8.7133272057132643e+01 1.2055279011376727e+00
1076 8.6096880827094651e+01 1.1911889636134860e+00
1077 8.6173592472490242e+01 1.1922503036353083e+00
1078 8.6025737332713376e+01 1.1902046614584514e+00
1079 8.5172481330278615e+01 1.1783994819505150e+00
1080 8.5700576235164434e+01 1.1857059118280830e+00
1081 8.4647842597656251e+01 1.1711408697664223e+00
1082 8.4842859789951731e+01 1.1738390200936542e+00
1083 8.4539241810842640e+01 1.1696383291697203e+00
1084 8.3826050555959341e+01 1.1597710082679475e+00
1085 8.4306484923407623e+01 1.1664180332327001e+00
1086 8.3190352111721111e+01 1.1509758351596027e+00
1087 8.3573292531187477e+01 1.1562739876246835e+00
1088 8.3015117710185720e+01 1.1485513886157892e+00
1089 8.2567973931307478e+01 1.1423649538758609e+00
1090 8.2856668767824686e+01 1.1463591764285004e+00
1091 8.1820954236379137e+01 1.1320296013328623e+00
1092 8.2266946378947182e+01 1.1382001026678912e+00
1093 8.1546624257706853e+01 1.1282341230316333e+00
1094 8.1311947194432591e+01 1.1249872606006130e+00
1095 8.1429643063418865e+01 1.1266156357386266e+00
1096 8.0468966146568988e+01 1.1133242396978342e+00
1097 8.0990634203061290e+01 1.1205417512452187e+00
1098 8.0067206053505132e+01 1.1077657086072703e+00
1099 8.0129738877415036e+01 1.1086308782741559e+00
1100 7.9945952043726138e+01 1.1060881049954427e+00
1101 7.9222558019522722e+01 1.0960796242038380e+00
1102 7.9647425652346229e+01 1.1019578584714920e+00
1103 7.8675596745470287e+01 1.0885121696466435e+00
1104 7.8923822679827552e+01 1.0919464867862252e+00
1105 7.8495621652499963e+01 1.0860221335104667e+00
1106 7.8003665190856537e+01 1.0792156952044745e+00
1107 7.8303958851993201e+01 1.0833703926981904e+00
1108 7.7314701317597368e+01 1.0696835709942738e+00
1109 7.7747289614222666e+01 1.0756686241086051e+00
1110 7.7023223003813598e+01 1.0656508377851674e+00
1111 7.6877545942144081e+01 1.0636353302958674e+00
1112 7.6882019288659990e+01 1.0636972210513627e+00
1113 7.6075408293385024e+01 1.0525373961393496e+00
1114 7.6497516040091142e+01 1.0583774461446671e+00
1115 7.5633022201073373e+01 1.0464167861270541e+00
1116 7.5744809691711808e+01 1.0479634162005171e+00
1117 7.5469239783824776e+01 1.0441507829224517e+00
1118 7.4888089921455659e+01 1.0361103139111547e+00
1119 7.5227332502493951e+01 1.0408038871816208e+00
1120 7.4284065653190666e+01 1.0277533672343415e+00
1121 7.4642320852252269e+01 1.0327099886029640e+00
1122 7.4023562665859274e+01 1.0241491915601881e+00
1123 7.3810376585719069e+01 1.0211996665202621e+00
1124 7.3859725229916307e+01 1.0218824271472713e+00
1125 7.3071348675784250e+01 1.0109748839072357e+00
1126 7.3459405354183843e+01 1.0163438221094734e+00
1127 7.2657952687479337e+01 1.0052553649869178e+00
1128 7.2737386194022534e+01 1.0063543631785643e+00
1129 7.2483060760452716e+01 1.0028356567315446e+00
1130 7.1931277171036172e+01 9.9520148327831570e-01
1131 7.2236062741007160e+01 9.9941832834552791e-01
1132 7.1348451482660465e+01 9.8713782846255271e-01
1133 7.1687027162549029e+01 9.9182217485648472e-01
1134 7.1072824163043137e+01 9.8332440086744755e-01
1135 7.0909079330235059e+01 9.8105891766043762e-01
1136 7.0901190171901703e+01 9.8094976761634056e-01
1137 7.0191409130031332e+01 9.7112962854119778e-01
1138 7.0540665659441231e+01 9.7596174927898061e-01
1139 6.9753435889489822e+01 9.6507007231245567e-01
1140 6.9888140609449991e+01 9.6693377253273949e-01
1141 6.9551967057085619e+01 9.6228266065054036e-01
1142 6.9121157092597898e+01 9.5632221155897468e-01
1143 6.9332282870402196e+01 9.5924323139196788e-01
1144 6.8514722610368821e+01 9.4793191849090574e-01
1145 6.8865558633490210e+01 9.5278589223264343e-01
1146 6.8187612640560459e+01 9.4340620533869313e-01
1147 6.8160632256026247e+01 9.4303291961704494e-01
1148 6.8008669429205071e+01 9.4093044574749296e-01
1149 6.7444391226864923e+01 9.3312340372020841e-01
1150 6.7720929825910957e+01 9.3694943927494945e-01
1151 6.6943311354442642e+01 9.2619073893393156e-01
1152 6.7174575937924871e+01 9.2939038817641617e-01
1153 6.6688123965212114e+01 9.2266010694372957e-01
1154 6.6459316239950070e+01 9.1949444943670544e-01
1155 6.6498450230657141e+01 9.2003588575105966e-01
1156 6.5810730553317256e+01 9.1052097554946620e-01
1157 6.6144042945201491e+01 9.1513250199309515e-01
1158 6.5396483087455849e+01 9.0478967605523797e-01
1159 6.5548092035537337e+01 9.0688725385369962e-01
1160 6.5181313363060880e+01 9.0181270640731570e-01
1161 6.4849061832888594e+01 8.9721585746130406e-01
1162 6.4965657739524332e+01 8.9882901412682736e-01
1163 6.4267750101197606e+01 8.8917314891533505e-01
1164 6.4557854576359290e+01 8.9318687445089162e-01
1165 6.3917612005554339e+01 8.8432883131330120e-01
1166 6.3938572913636698e+01 8.8461883487829873e-01
1167 6.3720021097902098e+01 8.8159507247970992e-01
1168 6.3269722089148729e+01 8.7536498371923188e-01
1169 6.3475520650153015e+01 8.7821229911835952e-01
1170 6.2747301326716645e+01 8.6813705814755648e-01
1171 6.3031077683676202e+01 8.7206323132941099e-01
1172 6.2441430555448768e+01 8.6390519883365235e-01
1173 6.2407060923847219e+01 8.6342967956449956e-01
1174 6.2248864901393084e+01 8.6124096663756611e-01
1175 6.1771801871698386e+01 8.5464058564279377e-01
1176 6.1980582864999050e+01 8.5752916433046378e-01
1177 6.1295511757172541e+01 8.4805089827606106e-01
1178 6.1516081654524235e+01 8.5110258173900033e-01
1179 6.1017688915387843e+01 8.4420709464700416e-01
1180 6.0899767639905328e+01 8.4257560090901273e-01
1181 6.0824288769978608e+01 8.4153131688874394e-01
1182 6.0296453115427205e+01 8.3422847385583510e-01
1183 6.0540524670253049e+01 8.3760531329121957e-01
1184 5.9853966865521322e+01 8.2810647811829918e-01
1185 6.0069761174535486e+01 8.3109208917457544e-01
1186 5.9592773897218365e+01 8.2449275624792440e-01
1187 5.9467877876645296e+01 8.2276476378319541e-01
1188 5.9397547312001031e+01 8.2179170887569886e-01
1189 5.8891162219072342e+01 8.1478564398414455e-01
1190 5.9107892029613701e+01 8.1778419812365366e-01
1191 5.8470543438768317e+01 8.0896619449685203e-01
1192 5.8642420612929726e+01 8.1134419229411614e-01
1193 5.8217311983993191e+01 8.0546262373714350e-01
1194 5.8059178899805268e+01 8.0327478158935295e-01
1195 5.8021135244497657e+01 8.0274843055430267e-01
1196 5.7503679078046666e+01 7.9558919239481540e-01
1197 5.7734365635620385e+01 7.9878084438959163e-01
1198 5.7095293952897755e+01 7.8993900101380310e-01
1199 5.7283171205175918e+01 7.9253836706839020e-01
1200 5.6843892657351439e+01 7.8646075132791371e-01
1201 5.6720740116971598e+01 7.8475688069366800e-01
1202 5.6648501014078875e+01 7.8375742030345996e-01
1203 5.6180852661534473e+01 7.7728729558986387e-01
1204 5.6372420843348031e+01 7.7993772731008015e-01
1205 5.5776042565799472e+01 7.7168656634431487e-01
1206 5.5943357436127549e+01 7.7400144262169690e-01
1207 5.5520834301899782e+01 7.6815564554370208e-01
1208 5.5404392078016222e+01 7.6654461514798711e-01
1209 5.5326893831390628e+01 7.6547239214533036e-01
1210 5.4876663791627976e+01 7.5924325760177380e-01
1211 5.5067251260772977e+01 7.6188012072233768e-01
1212 5.4469001538001010e+01 7.5360306747249994e-01
1213 5.4666764953721476e+01 7.5633921303259077e-01
1214 5.4205013042490378e+01 7.4995066822931811e-01
1215 5.4154174891040313e+01 7.4924729960137160e-01
1216 5.4011937065775598e+01 7.4727937549034629e-01
1217 5.3636573255047054e+01 7.4208604880551909e-01
1218 5.3772586123570505e+01 7.4396784784792480e-01
1219 5.3220727567802527e+01 7.3633263720159881e-01
1220 5.3406570984897300e+01 7.3890386423417953e-01
1221 5.2942397876600204e+01 7.3248182108350990e-01
1222 5.2925076906485032e+01 7.3224217769292399e-01
1223 5.2747147627148635e+01 7.2978044630598948e-01
1224 5.2418861076199384e+01 7.2523845462595626e-01
1225 5.2528977206092975e+01 7.2676196067385235e-01
1226 5.1992219418509031e+01 7.1933567592855907e-01
1227 5.2201799729154040e+01 7.2223531353020909e-01
1228 5.1694469991012831e+01 7.1521617904843415e-01
1229 5.1756968496573016e+01 7.1608087390555841e-01
1230 5.1492062286654757e+01 7.1241577767192110e-01
1231 5.1265824777662537e+01 7.0928568025981908e-01
1232 5.1293022500026538e+01 7.0966197294782585e-01
1233 5.0827947399869814e+01 7.0322745033520428e-01
1234 5.1007379148202915e+01 7.0570996905461647e-01
1235 5.0505928621232272e+01 6.9877217609641185e-01
1236 5.0605949931448940e+01 7.0015601578620879e-01
1237 5.0289063795570129e+01 6.9577175396214785e-01
1238 5.0137238323313447e+01 6.9367118045460385e-01
1239 5.0103198349566085e+01 6.9320022214972654e-01
1240 4.9691842503783697e+01 6.8750892951628118e-01
1241 4.9858436721124747e+01 6.8981383523635031e-01
1242 4.9343066470087287e+01 6.8268345665221308e-01
1243 4.9506348065943008e+01 6.8494253076820966e-01
1244 4.9103766486625823e+01 6.7937263404686632e-01
1245 4.9069581299185856e+01 6.7889966664541856e-01
1246 4.8921777940221752e+01 6.7685474087933162e-01
1247 4.8624064969108112e+01 6.7273574838961137e-01
1248 4.8713231756200763e+01 6.7396941088336582e-01
1249 4.8248968977635045e+01 6.6754612710430961e-01
1250 4.8414464122625255e+01 6.6983582666543373e-01
1251 4.7979486955189422e+01 6.6381772245194914e-01
1252 4.8020945402100359e+01 6.6439131866048129e-01
1253 4.7788930570765345e+01 6.6118128940244170e-01
1254 4.7587604329737609e+01 6.5839585055617689e-01
1255 4.7606581408978222e+01 6.5865840695933431e-01
1256 4.7192132707747497e+01 6.5292432328351058e-01
1257 4.7360367092680050e+01 6.5525192145787903e-01
1258 4.6888027877487566e+01 6.4871689655553577e-01
1259 4.7020085127008194e+01 6.5054396783480817e-01
1260 4.6675727293484044e+01 6.4577962275183587e-01
1261 4.6614181584247085e+01 6.4492811025920493e-01
1262 4.6504833795090974e+01 6.4341523455003868e-01
1263 4.6209851536673519e+01 6.3933402269528727e-01
1264 4.6304156857149778e+01 6.4063877910321054e-01
1265 4.5871767568795789e+01 6.3465647935757474e-01
1266 4.6023280280042634e+01 6.3675272567626373e-01
1267 4.5626106524098518e+01 6.3125764861687905e-01
1268 4.5661513609634788e+01 6.3174752152655189e-01
1269 4.5448338495255975e+01 6.2879814820285329e-01
1270 4.5266205798709464e+01 6.2627826065344172e-01
1271 4.5278526836366154e+01 6.2644872773582527e-01
1272 4.4902970965247953e+01 6.2125274380936146e-01
1273 4.5055445650276567e+01 6.2336229946679911e-01
1274 4.4618269138479711e+01 6.1731376633759916e-01
1275 4.4751212124738544e+01 6.1915309218192760e-01
1276 4.4415670108229847e+01 6.1451071788155709e-01
1277 4.4386057941487010e+01 6.1410102027260893e-01
1278 4.4255969482847114e+01 6.1230118809824097e-01
1279 4.4014627818575441e+01 6.0896211792312194e-01
1280 4.4079390495741670e+01 6.0985813860997351e-01
1281 4.3693987090431129e+01 6.0452590963100572e-01
1282 4.3838501427649682e+01 6.0652533030600519e-01
1283 4.3453253763279271e+01 6.0119525607279922e-01
1284 4.3524061407225616e+01 6.0217491158642633e-01
1285 4.3280107030558710e+01 5.9879969336342909e-01
1286 4.3168664181227790e+01 5.9725783155703882e-01
1287 4.3128785610282733e+01 5.9670609364112259e-01
1288 4.2826869553905823e+01 5.9252894958155866e-01
1289 4.2944783175074477e+01 5.9416033741868457e-01
1290 4.2545175641848253e+01 5.8863158795897030e-01
1291 4.2693947595398313e+01 5.9068991466560150e-01
1292 4.2338848772401668e+01 5.8577696317557926e-01
1293 4.2380219088965262e+01 5.8634934006122641e-01
1294 4.2185875839669194e+01 5.8366051403767771e-01
1295 4.2041928713320033e+01 5.8166894097946964e-01
1296 4.2039268955613906e+01 5.8163214203861380e-01
1297 4.1729894658968931e+01 5.7735180987966750e-01
1298 4.1851513141618106e+01 5.7903445613713245e-01
1299 4.1480963526844086e+01 5.7390773601266620e-01
1300 4.1599146129439710e+01 5.7554284532848154e-01
1301 4.1300738523399112e+01 5.7141424225297943e-01
1302 4.1294234584275578e+01 5.7132425733796810e-01
1303 4.1162312874095413e+01 5.6949906130626493e-01
1304 4.0976555519256067e+01 5.6692902498358988e-01
1305 4.1020378355003160e+01 5.6753533357217878e-01
1306 4.0692009133053233e+01 5.6299219810177037e-01
1307 4.0834045862738044e+01 5.6495733996524955e-01
1308 4.0469881614301691e+01 5.5991896424811816e-01
1309 4.0587305072110119e+01 5.6154357045530046e-01
1310 4.0309883679328500e+01 5.5770532105326465e-01
1311 4.0296297664877656e+01 5.5751735244954903e-01
1312 4.0183555614138378e+01 5.5595751560893825e-01
1313 3.9999780272015833e+01 5.5341490132119997e-01
1314 4.0048535791619102e+01 5.5408945580341507e-01
1315 3.9739002139601105e+01 5.4980691889140676e-01
1316 3.9869240712379074e+01 5.5160882796220623e-01
1317 3.9538132005212148e+01 5.4702779048506867e-01
1318 3.9634094803311747e+01 5.4835547883934566e-01
1319 3.9394076492827089e+01 5.4503471785743907e-01
1320 3.9360397334816604e+01 5.4456875160011953e-01
1321 3.9279003069501144e+01 5.4344262543139210e-01
1322 3.9084618410927959e+01 5.4075322649192104e-01
1323 3.9153803031586108e+01 5.4171042675037495e-01
1324 3.8844162849544290e+01 5.3742641594770479e-01
1325 3.8986598119813827e+01 5.3939707179893259e-01
1326 3.8660266031802323e+01 5.3488212099028587e-01
1327 3.8767683455217956e+01 5.3636828922359814e-01
1328 3.8529391918107947e+01 5.3307141892584620e-01
1329 3.8513401487122309e+01 5.3285018414090934e-01
1330 3.8425775485331478e+01 5.3163783910289997e-01
1331 3.8257297840509423e+01 5.2930687531885001e-01
1332 3.8313491911355456e+01 5.3008434549395123e-01
1333 3.8033870452717011e+01 5.2621565719398200e-01
1334 3.8162940097191665e+01 5.2800139361740117e-01
1335 3.7863256226950057e+01 5.2385513285423035e-01
1336 3.7964308846992353e+01 5.2525324117804240e-01
1337 3.7743276968120476e+01 5.2219516599355698e-01
1338 3.7731464846162439e+01 5.2203173998813024e-01
1339 3.7651255193080011e+01 5.2092200346098549e-01
1340 3.7494601564102389e+01 5.1875463023961532e-01
1341 3.7554351186712175e+01 5.1958129306815359e-01
1342 3.7285982916021318e+01 5.1586829767087572e-01
1343 3.7424170310767906e+01 5.1778018225892730e-01
1344 3.7125960426115412e+01 5.1365431474751433e-01
1345 3.7249307418505516e+01 5.1536087571254030e-01
1346 3.7015054934976447e+01 5.1211988753273319e-01
1347 3.7039936509768118e+01 5.1246413528020596e-01
1348 3.6934536303813076e+01 5.1100587615525139e-01
1349 3.6822422746820081e+01 5.0945473480752124e-01
1350 3.6854773368854829e+01 5.0990232017372294e-01
1351 3.6627120783003754e+01 5.0675264453856883e-01
1352 3.6748016540135197e+01 5.0842529156432903e-01
1353 3.6475447545718126e+01 5.0465417727013184e-01
1354 3.6600315396081847e+01 5.0638177998737921e-01
1355 3.6371609184072007e+01 5.0321752696173139e-01
1356 3.6417192445626462e+01 5.0384819183097584e-01
1357 3.6301625395550580e+01 5.0224926985743512e-01
1358 3.6220529624656116e+01 5.0112727349290698e-01
1359 3.6239506889994807e+01 5.0138983247081481e-01
1360 3.6038577277068157e+01 4.9860988115222965e-01
1361 3.6158139629958796e+01 5.0026407993224131e-01
1362 3.5894076016985181e+01 4.9661064140526645e-01
1363 3.6040586658055837e+01 4.9863768183946972e-01
1364 3.5795510606170630e+01 4.9524694473671799e-01
1365 3.5886957078224299e+01 4.9651214769442420e-01
1366 3.5734416678045150e+01 4.9440168283840347e-01
1367 3.5713789528271228e+01 4.9411629696930509e-01
1368 3.5689219800245894e+01 4.9377636376171841e-01
1369 3.5546541977784173e+01 4.9180235209211887e-01
1370 3.5634033631568144e+01 4.9301283836519372e-01
1371 3.5408971276058473e+01 4.8989899972861900e-01
1372 3.5549124808938508e+01 4.9183808671962648e-01
1373 3.5314003411059623e+01 4.8858507672005208e-01
1374 3.5428804990010676e+01 4.9017340805724102e-01
1375 3.5259317381974675e+01 4.8782847097912335e-01
1376 3.5283341060772443e+01 4.8816084935072507e-01
1377 3.5228755920664661e+01 4.8740563945404752e-01
1378 3.5134218325419859e+01 4.8609766942051841e-01
1379 3.5198803943907777e+01 4.8699124042113878e-01
1380 3.5005207839296858e+01 4.8431275147942887e-01
1381 3.5147800089363251e+01 4.8628557921655696e-01
1382 3.4913224075606820e+01 4.8304011485094001e-01
1383 3.5064395334158768e+01 4.8513163701844192e-01
1384 3.4862385456121480e+01 4.8233673974751551e-01
1385 3.4951786966468248e+01 4.8357364974277206e-01
1386 3.4843002873823508e+01 4.8206857302767764e-01
1387 3.4825993605845191e+01 4.8183324217596413e-01
1388 3.4835510697846388e+01 4.8196491541253922e-01
1389 3.4709176813722905e+01 4.8021702946065975e-01
1390 3.4817916812689404e+01 4.8172149611993820e-01
1391 3.4621085382355986e+01 4.7899824499570426e-01
1392 3.4774140705395908e+01 4.8111583404046410e-01
1393 3.4572010315672529e+01 4.7831926943630704e-01
1394 3.4700040324735589e+01 4.8009062203749509e-01
1395 3.4559523506294553e+01 4.7814650882780529e-01
1396 3.4604680768220355e+01 4.7877127980111206e-01
1397 3.4569748270378845e+01 4.7828797302506493e-01
1398 3.4506460415942726e+01 4.7741235717219238e-01
1399 3.4582562427627252e+01 4.7846526263818068e-01
1400 3.4425963216710798e+01 4.7629864231509511e-01
1401 3.4578985162243910e+01 4.7841576956707732e-01
1402 3.4378527026362988e+01 4.7564234134489319e-01
1403 3.4548137504221707e+01 4.7798897838211946e-01
1404 3.4369150109763225e+01 4.7551260749787039e-01
1405 3.4491109725305677e+01 4.7719997348192350e-01
1406 3.4391161444445757e+01 4.7581714418603327e-01
1407 3.4420231959465525e+01 4.7621934780044350e-01
1408 3.4428823003043746e+01 4.7633820874172256e-01
1409 3.4354220380824700e+01 4.7530604800151621e-01
1410 3.4462956735981308e+01 4.7681046424705048e-01
1411 3.4311335482957389e+01 4.7471271620419103e-01
1412 3.4477759966190305e+01 4.7701527357674267e-01
1413 3.4303171352813052e+01 4.7459976180175489e-01
1414 3.4466406093237822e+01 4.7685818765184801e-01
1415 3.4331055622556036e+01 4.7498555318068963e-01
1416 3.4433313148649027e+01 4.7640033192015424e-01
1417 3.4385946885630673e+01 4.7574499842592011e-01
1418 3.4392265083451598e+01 4.7583241352669858e-01
1419 3.4451683544091154e+01 4.7665449458084136e-01
1420 3.4361299327539278e+01 4.7540398840446008e-01
1421 3.4510547967827378e+01 4.7746891028592214e-01
1422 3.4356456010070204e+01 4.7533697893488330e-01
1423 3.4549358966763030e+01 4.7800587786424603e-01
1424 3.4386595365910402e+01 4.7575397044145556e-01
1425 3.4563958276578710e+01 4.7820786586383146e-01
1426 3.4450771855487240e+01 4.7664188096008292e-01
1427 3.4560393484339947e+01 4.7815854536427799e-01
1428 3.4538661695928425e+01 4.7785787632416055e-01
1429 3.4552283140175355e+01 4.7804633511499650e-01
1430 3.4633553294272645e+01 4.7917074414935251e-01
1431 3.4555091010359298e+01 4.7808518325841631e-01
1432 3.4716335406104335e+01 4.8031607179712826e-01
1433 3.4578417746507682e+01 4.7840791911586139e-01
1434 3.4767649359127020e+01 4.8102602335324512e-01
1435 3.4616513355588495e+01 4.7893498895466696e-01
1436 3.4764204553307806e+01 4.8097836291962409e-01
1437 3.4635592060423413e+01 4.7919895139350416e-01
1438 3.4665272190006114e+01 4.7960958929882536e-01
1439 3.4556289748397099e+01 4.7810176833684398e-01
1440 3.4389146605425097e+01 4.7578926798445881e-01
1441 3.4235175629784401e+01 4.7365901047526598e-01
1442 3.3791464923507306e+01 4.6752007383462418e-01
1443 3.3465894848245448e+01 4.6301566581415743e-01
1444 3.2679664085127015e+01 4.5213781055525526e-01
1445 3.2042508551792295e+01 4.4332247796570645e-01
1446 3.0911446252094173e+01 4.2767372372958673e-01
1447 2.9915138699106521e+01 4.1388936185627989e-01
1448 2.8575041523063263e+01 3.9534851634669471e-01
1449 2.7368862328542086e+01 3.7866048617822345e-01
1450 2.6120167122532880e+01 3.6138422792094244e-01
1451 2.5043732201809330e+01 3.4649126797516783e-01
1452 2.4263141729048794e+01 3.3569144866322864e-01
1453 2.3697148598261386e+01 3.2786067983167261e-01
1454 2.3667317718309203e+01 3.2744795622737294e-01
1455 2.3822850038418018e+01 3.2959981563759810e-01
1456 2.4532566808315245e+01 3.3941906548116435e-01
1457 2.5224353550150362e+01 3.4899024534426565e-01
1458 2.6152037569420454e+01 3.6182516984860819e-01
1459 2.6668986105981514e+01 3.6897738472087904e-01
1460 2.6908450613013077e+01 3.7229048358361244e-01
1461 2.6559073914677182e+01 3.6745670025483862e-01
1462 2.5825771621015932e+01 3.5731113411108995e-01
1463 2.4981783259025200e+01 3.4563417656554779e-01
1464 2.4163097381128036e+01 3.3430729023646233e-01
1465 2.3871136157963910e+01 3.3026787575947752e-01
1466 2.3849596930195517e+01 3.2996987088222779e-01
1467 2.4457746787431681e+01 3.3838389693292370e-01
1468 2.5001203806013784e+01 3.4590286854390878e-01
1469 2.5616857292885491e+01 3.5442071067624475e-01
1470 2.5572161704542498e+01 3.5380232716403243e-01
1471 2.5186331642405865e+01 3.4846419519650557e-01
1472 2.4386224035898501e+01 3.3739434758508269e-01
1473 2.3712809026951444e+01 3.2807734888683288e-01
1474 2.3429187827857167e+01 3.2415332238363803e-01
1475 2.3568634124835576e+01 3.2608262444872721e-01
1476 2.4172551408446076e+01 3.3443809094485927e-01
1477 2.4589987740108334e+01 3.4021350982775678e-01
1478 2.4820593974596523e+01 3.4340405051661699e-01
1479 2.4306247769401462e+01 3.3628784006602863e-01
1480 2.3717368314606318e+01 3.2814042867653320e-01
1481 2.3052744519175636e+01 3.1894506036043979e-01
1482 2.2994726919342749e+01 3.1814236084389086e-01
1483 2.3280871185678450e+01 3.2210129511405200e-01
1484 2.3812903928793265e+01 3.2946220674977222e-01
1485 2.4066555857168886e+01 3.3297159495034023e-01
1486 2.3759773019180106e+01 3.2872711678425948e-01
1487 2.3191353821812001e+01 3.2086278223338643e-01
1488 2.2565551824779064e+01 3.1220453091101885e-01
1489 2.2554514755921460e+01 3.1205182811287424e-01
1490 2.2792420339770064e+01 3.1534335857414153e-01
1491 2.3348156936347525e+01 3.2303222365449952e-01
1492 2.3337309027761492e+01 3.2288213797355692e-01
1493 2.3017618697187181e+01 3.1845907885810720e-01
1494 2.2336152637764705e+01 3.0903069026536084e-01
1495 2.2049276992770199e+01 3.0506163704340700e-01
1496 2.2182151610208475e+01 3.0690001697443731e-01
1497 2.2603659142935541e+01 3.1273176275013814e-01
1498 2.2855801672926543e+01 3.1622026774703860e-01
1499 2.2518077203725483e+01 3.1154769823476514e-01
1500 2.2017531004210976e+01 3.0462241705253773e-01
1501 2.1556190169835158e+01 2.9823955968193983e-01
1502 2.1755003011785924e+01 3.0099022452463009e-01
1503 2.2053031717624240e+01 3.0511358534588406e-01
1504 2.2339956066427231e+01 3.0908331240687359e-01
1505 2.1958410001841436e+01 3.0380445146698076e-01
1506 2.1475313582629489e+01 2.9712059582205746e-01
1507 2.1143525072906382e+01 2.9253015297164059e-01
1508 2.1341428190896934e+01 2.9526823137529928e-01
1509 2.1716539250672902e+01 3.0045806113733026e-01
1510 2.1732284921271404e+01 3.0067590955252776e-01
1511 2.1371568357838495e+01 2.9568523410382269e-01
1512 2.0820375057540712e+01 2.8805922756531649e-01
1513 2.0816725653194350e+01 2.8800873641930297e-01
1514 2.1029264263609335e+01 2.9094930342516834e-01
1515 2.1371644204921804e+01 2.9568628348224030e-01
1516 2.1066243654500333e+01 2.9146092988465611e-01
1517 2.0653008426761783e+01 2.8574363515888063e-01
1518 2.0320901439434092e+01 2.8114878602795634e-01
1519 2.0554417592521123e+01 2.8437958674582869e-01
1520 2.0834654033156784e+01 2.8825678359756962e-01
1521 2.0773390648581977e+01 2.8740917719327175e-01
1522 2.0342698586693750e+01 2.8145035933705342e-01
1523 1.9960037200152012e+01 2.7615606741764037e-01
1524 2.0115680277759459e+01 2.7830945920753764e-01
1525 2.0349931074888818e+01 2.8155042405524838e-01
1526 2.0433851512504926e+01 2.8271150095082931e-01
1527 1.9938952675672002e+01 2.7586435356433525e-01
1528 1.9664807981684930e+01 2.7207143875983247e-01
1529 1.9656128692321712e+01 2.7195135689853678e-01
1530 2.0013823070368026e+01 2.7690021905686563e-01
1531 1.9962579602644563e+01 2.7619124269647860e-01
1532 1.9596947157223028e+01 2.7113255381552109e-01
1533 1.9256201163380521e+01 2.6641818015457697e-01
1534 1.9337693776604379e+01 2.6754566701072952e-01
1535 1.9639949634826827e+01 2.7172751238123910e-01
1536 1.9531763343904569e+01 2.7023070652110953e-01
1537 1.9188424709633882e+01 2.6548046251695434e-01
1538 1.8853852485281667e+01 2.6085150572605337e-01
1539 1.9090677307793847e+01 2.6412808336947308e-01
1540 1.9229734510651763e+01 2.6605200214288333e-01
1541 1.9149504725805613e+01 2.6494198708375771e-01
1542 1.8668560674180998e+01 2.5828791040981502e-01
1543 1.8589821783862359e+01 2.5719852254519426e-01
1544 1.8766836246950611e+01 2.5964759703900958e-01
1545 1.8916776295995952e+01 2.6172208487074838e-01
1546 1.8619861638201154e+01 2.5761413740386485e-01
1547 1.8260448334240973e+01 2.5264149313452106e-01
1548 1.8312319257012657e+01 2.5335915061693515e-01
1549 1.8504756815877126e+01 2.5602161055859585e-01
1550 1.8513007979440484e+01 2.5613576910742158e-01
1551 1.8072422570989048e+01 2.5004007236399983e-01
1552 1.7947500101650551e+01 2.4831171396873805e-01
1553 1.8048291446302084e+01 2.4970620743032795e-01
1554 1.8258823422979162e+01 2.5261901175838608e-01
1555 1.7942114502490277e+01 2.4823720178873179e-01
1556 1.7663509175128130e+01 2.4438257212073955e-01
1557 1.7648854352492858e+01 2.4417981607639566e-01
1558 1.7884852674775878e+01 2.4744495871843158e-01
1559 1.7795017569920834e+01 2.4620204974867119e-01
1560 1.7426509466219755e+01 2.4110357484558601e-01
1561 1.7325333998355642e+01 2.3970376686705774e-01
1562 1.7472814682846352e+01 2.4174422828707484e-01
1563 1.7586029533515152e+01 2.4331060652677738e-01
1564 1.7215762585986582e+01 2.3818779723043773e-01
1565 1.7045449840334147e+01 2.3583144400329450e-01
1566 1.7092096368798412e+01 2.3647681964714742e-01
1567 1.7304719291936859e+01 2.3941855315735899e-01
1568 1.7021056320828293e+01 2.3549394871961032e-01
1569 1.6774577359037139e+01 2.3208380172905713e-01
1570 1.6767837157118226e+01 2.3199054801229985e-01
1571 1.6973550717517064e+01 2.3483668738992544e-01
1572 1.6827610801794748e+01 2.3281754319690612e-01
1573 1.6502919466112935e+01 2.2832529293267376e-01
1574 1.6484778734680980e+01 2.2807430777657944e-01
1575 1.6633527349603405e+01 2.3013231158282912e-01
1576 1.6613532493188576e+01 2.2985567377595884e-01
1577 1.6241330373636266e+01 2.2470609050668050e-01
1578 1.6211664368146934e+01 2.2429564801452612e-01
1579 1.6320712223363333e+01 2.2580437400310593e-01
1580 1.6362722859020536e+01 2.2638560999061802e-01
1581 1.6000355637690195e+01 2.2137209694952598e-01
1582 1.5928074730793860e+01 2.2037205818217734e-01
1583 1.6048023347513951e+01 2.2203160109552192e-01
1584 1.6078531611518269e+01 2.2245369661201261e-01
1585 1.5774543396097005e+01 2.1824788330263645e-01
1586 1.5637196409697784e+01 2.1634762614102232e-01
1587 1.5803206448138164e+01 2.1864444948397668e-01
1588 1.5782777772303715e+01 2.1836180959085325e-01
1589 1.5543758938887809e+01 2.1505487682249216e-01
1590 1.5358326312292441e+01 2.1248933326072411e-01
1591 1.5562470437668287e+01 2.1531375880086179e-01
1592 1.5499842253040962e+01 2.1444726977567818e-01
1593 1.5288310954908740e+01 2.1152063938705859e-01
1594 1.5108575853412713e+01 2.0903392364057313e-01
1595 1.5309577977697156e+01 2.1181487818631722e-01
1596 1.5239414078845398e+01 2.1084412917481521e-01
1597 1.5004740607614851e+01 2.0759731644133086e-01
1598 1.4889469192299156e+01 2.0600248470729957e-01
1599 1.5046470750929888e+01 2.0817467169147880e-01
1600 1.4990867876554857e+01 2.0740538098472555e-01
1601 1.4709212291544986e+01 2.0350854963403306e-01
1602 1.4687131442883803e+01 2.0320305118879620e-01
1603 1.4787942453363197e+01 2.0459781673593536e-01
1604 1.4732243877602739e+01 2.0382720195758944e-01
1605 1.4426553477324864e+01 1.9959783815723442e-01
1606 1.4483869701445178e+01 2.0039083382620909e-01
1607 1.4546109112304995e+01 2.0125194399194099e-01
1608 1.4447104875047390e+01 1.9988217596272434e-01
1609 1.4174917059210012e+01 1.9611633544514881e-01
1610 1.4271207810318751e+01 1.9744856117640536e-01
1611 1.4317831313884790e+01 1.9809361826046387e-01
1612 1.4137526838269071e+01 1.9559902496764889e-01
1613 1.3957325528177140e+01 1.9310585901612876e-01
1614 1.4053493696440054e+01 1.9443638875873073e-01
1615 1.4084372035890530e+01 1.9486360443501041e-01
1616 1.3824419207999281e+01 1.9126704046347656e-01
1617 1.3763855671158586e+01 1.9042911676648552e-01
1618 1.3839234849583065e+01 1.9147202151010587e-01
1619 1.3823643749796025e+01 1.9125631165141521e-01
1620 1.3536167553144644e+01 1.8727894952792071e-01
1621 1.3580318177896944e+01 1.8788979322442115e-01
1622 1.3628370691398223e+01 1.8855462130189313e-01
1623 1.3527424400621195e+01 1.8715798409115841e-01
1624 1.3294140746499597e+01 1.8393040010075648e-01
1625 1.3395429310337729e+01 1.8533177281281266e-01
1626 1.3407356135084241e+01 1.8549678578276599e-01
1627 1.3211925184001784e+01 1.8279291091713148e-01
1628 1.3102766678478153e+01 1.8128265403192073e-01
1629 1.3200927086860206e+01 1.8264074731015825e-01
1630 1.3157856303279614e+01 1.8204484370061377e-01
1631 1.2913259072032009e+01 1.7866073129615057e-01
1632 1.2946786367586800e+01 1.7912459646828005e-01
1633 1.2987479865652901e+01 1.7968760926643840e-01
1634 1.2874348140143436e+01 1.7812238110059972e-01
1635 1.2668726019377651e+01 1.7527750683131119e-01
1636 1.2795216636970178e+01 1.7702756126103514e-01
1637 1.2745646067961271e+01 1.7634173020471575e-01
1638 1.2577177843532043e+01 1.7401089675602591e-01
1639 1.2493370224464584e+01 1.7285138075566850e-01
1640 1.2611752574676334e+01 1.7448925366934653e-01
1641 1.2476098571310068e+01 1.7261241968735364e-01
1642 1.2307096530538946e+01 1.7027420065013896e-01
1643 1.2364281025435654e+01 1.7106537378622000e-01
1644 1.2371979156648489e+01 1.7117188088442248e-01
1645 1.2199777458497152e+01 1.6878939315219768e-01
1646 1.2098972968618741e+01 1.6739471782049783e-01
1647 1.2225095286134765e+01 1.6913967665346830e-01
1648 1.2083176331080413e+01 1.6717616425482745e-01
1649 1.1952628966399640e+01 1.6536998290954899e-01
1650 1.1950293147420295e+01 1.6533766580627574e-01
1651 1.2018436373066734e+01 1.6628045789764170e-01
1652 1.1790839142419051e+01 1.6313154812655514e-01
1653 1.1760525226758558e+01 1.6271214150657309e-01
1654 1.1811343570063523e+01 1.6341523607994751e-01
1655 1.1733342797519548e+01 1.6233606040581008e-01
1656 1.1554368180887266e+01 1.5985986630851781e-01
1657 1.1609879047268416e+01 1.6062788404340700e-01
1658 1.1618404312951014e+01 1.6074583491799649e-01
1659 1.1426347359385158e+01 1.5808864082135646e-01
1660 1.1399243792719894e+01 1.5771365081967378e-01
1661 1.1445010841264402e+01 1.5834685846436031e-01
1662 1.1355251097243141e+01 1.5710499214553719e-01
1663 1.1181681756027141e+01 1.5470358245807847e-01
1664 1.1282562595736772e+01 1.5609931412393876e-01
1665 1.1215272060719927e+01 1.5516831938989389e-01
1666 1.1079271638435797e+01 1.5328669254679173e-01
1667 1.1033593436099171e+01 1.5265471412924178e-01
1668 1.1116075610070148e+01 1.5379589200218230e-01
1669 1.0939589863109662e+01 1.5135413253314176e-01
1670 1.0867032971798595e+01 1.5035027539762696e-01
1671 1.0922548292210465e+01 1.5111835475602892e-01
1672 1.0853888736263297e+01 1.5016841900336075e-01
1673 1.0701617802447959e+01 1.4806168233534817e-01
1674 1.0726182901391860e+01 1.4840155149751691e-01
1675 1.0747222489520853e+01 1.4869264363625026e-01
1676 1.0559362635382533e+01 1.4609351829273162e-01
1677 1.0554970745032588e+01 1.4603275451982839e-01
1678 1.0575207595167980e+01 1.4631274041836506e-01
1679 1.0485211137845893e+01 1.4506759906485106e-01
1680 1.0343899004116119e+01 1.4311248231141571e-01
1681 1.0443452923241956e+01 1.4448985543583032e-01
1682 1.0343097821892712e+01 1.4310139759599746e-01
1683 1.0229813548526133e+01 1.4153405886213274e-01
1684 1.0228639907339215e+01 1.4151782100989385e-01
1685 1.0253768195381653e+01 1.4186548214585029e-01
1686 1.0081016941715566e+01 1.3947539106658463e-01
1687 1.0064955416730474e+01 1.3925317266427728e-01
1688 1.0105548199896218e+01 1.3981479202661509e-01
1689 9.9739052312977421e+00 1.3799345250971970e-01
1690 9.9003559529916796e+00 1.3697586525500993e-01
1691 9.9400285324272222e+00 1.3752475318599786e-01
1692 9.8823926160068361e+00 1.3672733443065885e-01
1693 9.7290184777026187e+00 1.3460533443371797e-01
1694 9.7998284507873112e+00 1.3558502217201882e-01
1695 9.7394007542980177e+00 1.3474897788721846e-01
1696 9.6283905548676998e+00 1.3321310198626116e-01
1697 9.5985485638086665e+00 1.3280022465481447e-01
1698 9.6467962560392664e+00 1.3346775311755091e-01
1699 9.4793852717544294e+00 1.3115154706046675e-01
1700 9.4623932824752988e+00 1.3091645526730658e-01
1701 9.4860598525317741e+00 1.3124389287929714e-01
1702 9.3864852043804081e+00 1.2986623295951666e-01
1703 9.2961959566967245e+00 1.2861704072002358e-01
1704 9.3460982355541713e+00 1.2930746113088062e-01
1705 9.2750466368712221e+00 1.2832443039405061e-01
1706 9.1495411305044243e+00 1.2658800541999043e-01
1707 9.2047746612036221e+00 1.2735218609132534e-01
1708 9.1448631126781024e+00 1.2652328294511364e-01
1709 9.0406918893820887e+00 1.2508202734648716e-01
1710 9.0254276693419442e+00 1.2487084001571144e-01
1711 9.0538176827072174e+00 1.2526362858450371e-01
1712 8.8894029775296382e+00 1.2298887739280126e-01
1713 8.9050928851137474e+00 1.2320595430168302e-01
1714 8.8973479379619320e+00 1.2309879948396622e-01
1715 8.8028611960709835e+00 1.2179153302939712e-01
1716 8.7328211421368209e+00 1.2082249746787871e-01
1717 8.7888978742893613e+00 1.2159834420952506e-01
1718 8.6718090856170580e+00 1.1997836829995150e-01
1719 8.6068508095852359e+00 1.1907964141506168e-01
1720 8.6450851871468313e+00 1.1960863117804123e-01
1721 8.5632285704993887e+00 1.1847610817125551e-01
1722 8.4766398306155342e+00 1.1727811411697628e-01
1723 8.4996289194143593e+00 1.1759617847189392e-01
1724 8.4635164294560870e+00 1.1709654597564488e-01
1725 8.3326176034209816e+00 1.1528550200488689e-01
1726 8.3832282023495122e+00 1.1598572234163296e-01
1727 8.3253306671526559e+00 1.1518468397317659e-01
1728 8.2366040127931228e+00 1.1395711091319921e-01
1729 8.2201282784803347e+00 1.1372916173905624e-01
1730 8.2358434692821696e+00 1.1394658845259562e-01
1731 8.0932725102149750e+00 1.1197405528599119e-01
1732 8.1098755776730922e+00 1.1220376617131302e-01
1733 8.0965264235756020e+00 1.1201907463682595e-01
1734 7.9959016610904410e+00 1.1062688591422555e-01
1735 7.9656133022725220e+00 1.1020783288462362e-01
1736 7.9858951209137610e+00 1.1048844094260858e-01
1737 7.8789765610835802e+00 1.0900917471075830e-01
1738 7.8367296007853477e+00 1.0842466906583795e-01
1739 7.8714034555843622e+00 1.0890439739938200e-01
1740 7.7572185014641928e+00 1.0732459734330548e-01
1741 7.7266749937476717e+00 1.0690201421424844e-01
1742 7.7327211362973953e+00 1.0698566530832383e-01
1743 7.6674840118128502e+00 1.0608308043001760e-01
1744 7.5817260763302556e+00 1.0489658092727376e-01
1745 7.6375921036878607e+00 1.0566951247357394e-01
1746 7.5319110569582914e+00 1.0420736779053720e-01
1747 7.4876776104415352e+00 1.0359537821777713e-01
1748 7.4945094925704776e+00 1.0368990037136186e-01
1749 7.4438386258062330e+00 1.0298884620207653e-01
1750 7.3521065894715800e+00 1.0171969233445763e-01
1751 7.3925181320623894e+00 1.0227880415214871e-01
1752 7.3217714570642425e+00 1.0129999217126656e-01
1753 7.2458377621810026e+00 1.0024941544371983e-01
1754 7.2722378270993229e+00 1.0061467218318915e-01
1755 7.2119783337767345e+00 9.9780955064644961e-02
1756 7.1381757314078316e+00 9.8759862957901345e-02
1757 7.1485013864465659e+00 9.8902723026768669e-02
1758 7.1153093305443189e+00 9.8443496045598461e-02
1759 7.0118668388799623e+00 9.7012322775956797e-02
1760 7.0537084827478402e+00 9.7591220686265023e-02
1761 6.9865706592086383e+00 9.6662338784009635e-02
1762 6.9238768064433467e+00 9.5794941210682896e-02
1763 6.9204137344651260e+00 9.5747028056558992e-02
1764 6.9001946300865695e+00 9.5467287678527704e-02
1765 6.7954180453942055e+00 9.4017656633457597e-02
1766 6.8298349504066307e+00 9.4493829951453501e-02
1767 6.7758984789947538e+00 9.3747594677133742e-02
1768 6.7026183488645481e+00 9.2733731208159018e-02
1769 6.7113949443739989e+00 9.2855159343632976e-02
1770 6.6763572968901608e+00 9.2370397775121044e-02
1771 6.5938548346608785e+00 9.1228939205026921e-02
1772 6.6048068401708999e+00 9.1380465113603926e-02
1773 6.5743712108149293e+00 9.0959374530052220e-02
1774 6.4819563032437619e+00 8.9680772832585243e-02
1775 6.5116134739962810e+00 9.0091093092193111e-02
1776 6.4550825961435541e+00 8.9308963041084932e-02
1777 6.3954126968540921e+00 8.8483403220441972e-02
1778 6.3904092396666563e+00 8.8414178146033570e-02
1779 6.3701151901395070e+00 8.8133400868256079e-02
1780 6.2735902162042523e+00 8.6797934559137813e-02
1781 6.3095236319945451e+00 8.7295089483952010e-02
1782 6.2464832597500983e+00 8.6422897658205419e-02
1783 6.1917143750766028e+00 8.5665145573045595e-02
1784 6.1929096174127336e+00 8.5681682286872687e-02
1785 6.1579633379641807e+00 8.5198184836110580e-02
1786 6.0810790651332729e+00 8.4134456436291430e-02
1787 6.1032117118307392e+00 8.4440671530593439e-02
1788 6.0498791772973721e+00 8.3702791993874037e-02
1789 5.9860118149133079e+00 8.2819158388612715e-02
1790 6.0069387544353336e+00 8.3108691983341962e-02
1791 5.9441913436342650e+00 8.2240553410567643e-02
1792 5.8975864919202685e+00 8.1595754383248120e-02
1793 5.9004470725980056e+00 8.1635331799992050e-02
1794 5.8560069569322364e+00 8.1020482866857271e-02
1795 5.7890027590100663e+00 8.0093449734949140e-02
1796 5.8211146987568219e+00 8.0537732824639413e-02
1797 5.7392995507734028e+00 7.9405783555420550e-02
1798 5.7140544259258341e+00 7.9056505929859869e-02
1799 5.7088565854559370e+00 7.8984591475551133e-02
1800 5.6574242001735824e+00 7.8273001356000863e-02
1801 5.6078687700447531e+00 7.7587379752877647e-02
1802 5.6286166028025768e+00 7.7874435325188701e-02
1803 5.5479981363394506e+00 7.6759042681555339e-02
1804 5.5285112246294332e+00 7.6489432517506534e-02
1805 5.5275156720125880e+00 7.6475658600513377e-02
1806 5.4563879691451822e+00 7.5491574928156113e-02
1807 5.4399375543803341e+00 7.5263976061315574e-02
1808 5.4321437211227535e+00 7.5156144882398440e-02
1809 5.3665093389334491e+00 7.4248063765563310e-02
1810 5.3469845693030909e+00 7.3977929820206026e-02
1811 5.3478319872397337e+00 7.3989654227455168e-02
1812 5.2628105624691139e+00 7.2813344680761519e-02
1813 5.2757375004367901e+00 7.2992194665714355e-02
1814 5.2394026881098918e+00 7.2489486239776260e-02
1815 5.1883928062323053e+00 7.1783741644338067e-02
1816 5.1758474930370735e+00 7.1610171609283652e-02
1817 5.1619419863357354e+00 7.1417782686979334e-02
1818 5.0853787761394971e+00 7.0358496332718318e-02
1819 5.1072145861303380e+00 7.0660604558042850e-02
1820 5.0553274720046941e+00 6.9942723060984369e-02
1821 5.0121212204795356e+00 6.9344945191664842e-02
1822 5.0141650609725090e+00 6.9373222641616897e-02
1823 4.9704989343658372e+00 6.8769082194275077e-02
1824 4.9247278086257253e+00 6.8135818139758622e-02
1825 4.9331169403929156e+00 6.8251885540567769e-02
1826 4.8790914215166961e+00 6.7504418254638029e-02
1827 4.8424964885145645e+00 6.6998110942485145e-02
1828 4.8534394467811071e+00 6.7149511678390617e-02
1829 4.7828288518367081e+00 6.6172582426088589e-02
1830 4.7736743996372351e+00 6.6045926473826636e-02
1831 4.7574920723488221e+00 6.5822036717468904e-02
1832 4.7076429732932468e+00 6.5132352073023689e-02
1833 4.6845762554728090e+00 6.4813213685772794e-02
1834 4.6847764885156682e+00 6.4815983999732055e-02
1835 4.6098349600042487e+00 6.3779134338959736e-02
1836 4.6227961824981501e+00 6.3958458665710663e-02
1837 4.5848177361413063e+00 6.3433009825742681e-02
1838 4.5410261915594585e+00 6.2827134164460077e-02
1839 4.5366362688084685e+00 6.2766397614170910e-02
1840 4.5072611038828487e+00 6.2359979031667373e-02
1841 4.4560734628010676e+00 6.1651775057908115e-02
1842 4.4661705702809327e+00 6.1791473068787149e-02
1843 4.4174837429711813e+00 6.1117868975263702e-02
1844 4.3832067612002454e+00 6.0643631558074132e-02
1845 4.3895034479105144e+00 6.0730749042988218e-02
1846 4.3302262101778028e+00 5.9910621871104915e-02
1847 4.3166088013625217e+00 5.9722218912275873e-02
1848 4.3035324129186199e+00 5.9541301212950849e-02
1849 4.2569060903148737e+00 5.8896205126241212e-02
1850 4.2369152008693378e+00 5.8619622204170406e-02
1851 4.2337155910199442e+00 5.8575354166770531e-02
1852 4.1670280528440706e+00 5.7652702164485044e-02
1853 4.1799527257956735e+00 5.7831520811924574e-02
1854 4.1394281787107872e+00 5.7270845526371600e-02
1855 4.1051109725516257e+00 5.6796051586728923e-02
1856 4.0981282684562590e+00 5.6699442743589956e-02
1857 4.0687852882050350e+00 5.6293469450492593e-02
1858 4.0248711753012438e+00 5.5685898001499860e-02
1859 4.0351937145500729e+00 5.5828714962016308e-02
1860 3.9812090424831887e+00 5.5081812810014896e-02
1861 3.9633526327402993e+00 5.4834761372016733e-02
1862 3.9574056403148399e+00 5.4752482064382740e-02
1863 3.9057185001011381e+00 5.4037367296091057e-02
1864 3.8982607177670632e+00 5.3934185532430859e-02
1865 3.8795841545171581e+00 5.3675786902796473e-02
1866 3.8356037886114729e+00 5.3067298813805813e-02
1867 3.8285122160075180e+00 5.2969183726019310e-02
1868 3.8087006097118219e+00 5.2695081266741113e-02
1869 3.7586835885244612e+00 5.2003073344283876e-02
1870 3.7716699630498178e+00 5.2182745660671534e-02
1871 3.7217848119635950e+00 5.1492562220211750e-02
1872 3.7039343556434643e+00 5.1245593150487767e-02
1873 3.6930053083671908e+00 5.1094384879372207e-02
1874 3.6569689000408836e+00 5.0595805006626610e-02
1875 3.6318663924549366e+00 5.0248500554849140e-02
1876 3.6317974573267273e+00 5.0247546806430621e-02
1877 3.5764503080430528e+00 4.9481794171017689e-02
1878 3.5790898253211076e+00 4.9518313076472580e-02
1879 3.5520008424500595e+00 4.9143524848124218e-02
1880 3.5147624554498464e+00 4.8628315061296931e-02
1881 3.5138527527129346e+00 4.8615728915899228e-02
1882 3.4807855948700355e+00 4.8158229955401102e-02
1883 3.4516023229276080e+00 4.7754466298390537e-02
1884 3.4493604929042290e+00 4.7723449574480305e-02
1885 3.4108919915939224e+00 4.7191220604424891e-02
1886 3.3890236774997069e+00 4.6888662670250984e-02
1887 3.3876595702003174e+00 4.6869789633915547e-02
1888 3.3360290378676241e+00 4.6155458061048177e-02
1889 3.3391569969391557e+00 4.6198734777798525e-02
1890 3.3101654249325252e+00 4.5797623375383636e-02
1891 3.2809771970809680e+00 4.5393791151147361e-02
1892 3.2719692464397676e+00 4.5269162113655032e-02
1893 3.2494321535428066e+00 4.4957351324775172e-02
1894 3.2127270009629463e+00 4.4449519075327182e-02
1895 3.2204843243488468e+00 4.4556845123793709e-02
1896 3.1723406851944937e+00 4.3890756282038500e-02
1897 3.1652318156353880e+00 4.3792401883119211e-02
1898 3.1494590349755485e+00 4.3574178388063343e-02
1899 3.1137709317852629e+00 4.3080417473101262e-02
1900 3.1061630543117413e+00 4.2975159075864064e-02
1901 3.0868079620930962e+00 4.2707372693603904e-02
1902 3.0518309780452180e+00 4.2223450430938080e-02
1903 3.0517294103957830e+00 4.2222045196951614e-02
1904 3.0203214144264092e+00 4.1787501485164080e-02
1905 2.9955237549138221e+00 4.1444414743216244e-02
1906 2.9958570908402407e+00 4.1449026595270715e-02
1907 2.9521766146400248e+00 4.0844687614865927e-02
1908 2.9486612157418901e+00 4.0796050494334622e-02
1909 2.9279615206913645e+00 4.0509660928795432e-02
1910 2.8990938077688022e+00 4.0110263172363624e-02
1911 2.8897312520052081e+00 3.9980728013950549e-02
1912 2.8717343672509306e+00 3.9731733041162023e-02
1913 2.8369238604796396e+00 3.9250114066288491e-02
1914 2.8434083570892787e+00 3.9339829985399470e-02
1915 2.8012529012658720e+00 3.8756590345931194e-02
1916 2.7938983178717165e+00 3.8654836385893003e-02
1917 2.7787571022367263e+00 3.8445350876234255e-02
1918 2.7483731185557190e+00 3.8024974833760501e-02
1919 2.7396030408721415e+00 3.7903636875330972e-02
1920 2.7227299013213528e+00 3.7670189421470546e-02
1921 2.6911244154766214e+00 3.7232913348676532e-02
1922 2.6914961110046636e+00 3.7238055923025044e-02
1923 2.6606578899289746e+00 3.6811395302454995e-02
1924 2.6423195426693531e+00 3.6557676042747525e-02
1925 2.6383114733026263e+00 3.6502222605303836e-02
1926 2.6010288274470996e+00 3.5986400477361687e-02
1927 2.5986062040668436e+00 3.5952882396267108e-02
1928 2.5771105810623030e+00 3.5655480810483441e-02
1929 2.5530733923893085e+00 3.5322915523698338e-02
1930 2.5455733329019399e+00 3.5219148836659581e-02
1931 2.5248244003597731e+00 3.4932078048338852e-02
1932 2.4990982767901921e+00 3.4576145589714898e-02
1933 2.5014022312267365e+00 3.4608021832746180e-02
1934 2.4620935351432598e+00 3.4064168391148113e-02
1935 2.4612654798969529e+00 3.4052711875404595e-02
1936 2.4402341174895015e+00 3.3761733543218285e-02
1937 2.4174547604478156e+00 3.3446570921232474e-02
1938 2.4101416205692852e+00 3.3345390350821777e-02
1939 2.3898550713571600e+00 3.3064716843266777e-02
1940 2.3669454718295468e+00 3.2747752258069987e-02
1941 2.3657671813020666e+00 3.2731450080119039e-02
1942 2.3329947070243895e+00 3.2278028198921338e-02
1943 2.3264654982100490e+00 3.2187693666403373e-02
1944 2.3124296109059346e+00 3.1993500869979534e-02
1945 2.2845119831579073e+00 3.1607247968082827e-02
1946 2.2838755686537104e+00 3.1598442887963783e-02
1947 2.2576917962103589e+00 3.1236178651900169e-02
1948 2.2430228267321874e+00 3.1033226879639424e-02
1949 2.2345639747373749e+00 3.0916194868209231e-02
1950 2.2101161638084217e+00 3.0577948438334928e-02
1951 2.1979574388473453e+00 3.0409727024897984e-02
1952 2.1895251122867303e+00 3.0293062004747469e-02
1953 2.1585071286107733e+00 2.9863914287973092e-02
1954 2.1621112591587841e+00 2.9913779050679590e-02
1955 2.1328488979333882e+00 2.9508921157964930e-02
1956 2.1227924581812871e+00 2.9369785803340365e-02
1957 2.1118376392297007e+00 2.9218220969537384e-02
1958 2.0896176447941244e+00 2.8910797380100193e-02
1959 2.0789700604577304e+00 2.8763483275003540e-02
1960 2.0684048445692462e+00 2.8617308774328765e-02
1961 2.0419482355729603e+00 2.8251269722178861e-02
1962 2.0425553234674982e+00 2.8259669055499301e-02
1963 2.0168483388883467e+00 2.7904001393392421e-02
1964 2.0052436839147263e+00 2.7743445786751107e-02
1965 1.9976791470155590e+00 2.7638787025799815e-02
1966 1.9718877639634820e+00 2.7281951672964433e-02
1967 1.9683737982056466e+00 2.7233334380571978e-02
1968 1.9504142439921381e+00 2.6984855892559008e-02
1969 1.9329978514058408e+00 2.6743892289284910e-02
1970 1.9272459663450563e+00 2.6664312379553461e-02
1971 1.9071159715416324e+00 2.6385804872462806e-02
1972 1.8932787313321378e+00 2.6194360447692987e-02
1973 1.8886188486230635e+00 2.6129888880297530e-02
1974 1.8605299748219755e+00 2.5741266712447072e-02
1975 1.8623253349691524e+00 2.5766106325363171e-02
1976 1.8391234409227712e+00 2.5445097714395223e-02
1977 1.8281879240206533e+00 2.5293799933104263e-02
1978 1.8192234675624916e+00 2.5169772657142885e-02
1979 1.8006366523670114e+00 2.4912615732096518e-02
1980 1.7896038918365622e+00 2.4759972541590528e-02
1981 1.7818543997139515e+00 2.4652754842164205e-02
1982 1.7579729912914062e+00 2.4322344845016781e-02
1983 1.7585547851352359e+00 2.4330394223800435e-02
1984 1.7361020935875573e+00 2.4019751165444761e-02
1985 1.7264417489193196e+00 2.3886095963967523e-02
1986 1.7187311741378488e+00 2.3779416703411618e-02
1987 1.6975476314615197e+00 2.3486332888947369e-02
1988 1.6935315900137056e+00 2.3430769154186088e-02
1989 1.6781412026837443e+00 2.3217836242365463e-02
1990 1.6631641062687668e+00 2.3010621395728625e-02
1991 1.6581961954661335e+00 2.2941888121497736e-02
1992 1.6397602599366699e+00 2.2686818684305349e-02
1993 1.6297040572092654e+00 2.2547686609023777e-02
1994 1.6232084233183850e+00 2.2457816600631376e-02
1995 1.6007055132494523e+00 2.2146478746509445e-02
1996 1.6018815521195635e+00 2.2162749771770747e-02
1997 1.5804857827448915e+00 2.1866729705744055e-02
1998 1.5732465077397313e+00 2.1766571088987337e-02
1999 1.5636474121133837e+00 2.1633763295476921e-02
2000 1.5478208531573323e+00 2.1414795753571574e-02
