# step 16
# iter abs_residual rel_residual
0 7.2278104865846572e+01 1.0000000000000000e+00
1 1.1546600861374968e+03 1.5975240195915902e+01
2 1.1527745212176242e+03 1.5949152559509656e+01
3 1.1585072720811872e+03 1.6028467739040213e+01
4 1.2484330970662470e+03 1.7272631862490442e+01
5 1.4402468346343683e+03 1.9926460956711182e+01
6 1.2677694538271214e+03 1.7540159031288852e+01
7 1.4124522130195646e+03 1.9541909899840054e+01
8 1.3004236603879588e+03 1.7991944625576995e+01
9 1.3783981910462549e+03 1.9070757231455673e+01
10 1.3232324643114191e+03 1.8307514658380086e+01
11 1.3547601259470925e+03 1.8743713998334986e+01
12 1.3364428175034104e+03 1.8490285820082661e+01
13 1.3388396176553024e+03 1.8523446625230232e+01
14 1.3429152194675789e+03 1.8579834404348695e+01
15 1.3277325809239803e+03 1.8369775790169772e+01
16 1.3450051727493885e+03 1.8608749845417449e+01
17 1.3195692023760955e+03 1.8256831786407684e+01
18 1.3443069584353188e+03 1.8599089737209496e+01
19 1.3132163294696943e+03 1.8168936940268694e+01
20 1.3418458874597923e+03 1.8565039716389300e+01
21 1.3079856800742048e+03 1.8096568559758470e+01
22 1.3382737217512047e+03 1.8515617201573537e+01
23 1.3034526903345291e+03 1.8033852613510444e+01
24 1.3340055733957511e+03 1.8456565454666563e+01
25 1.2993510853111368e+03 1.7977105068302869e+01
26 1.3293075319972415e+03 1.8391565944687304e+01
27 1.2955114809385880e+03 1.7923982419615893e+01
28 1.3243513570126265e+03 1.8322995040762610e+01
29 1.2918249965162863e+03 1.7872978254120078e+01
30 1.3192485335202002e+03 1.8252395188955514e+01
31 1.2882212246139989e+03 1.7823118453438028e+01
32 1.3140716232937641e+03 1.8180770313952983e+01
33 1.2846546044813583e+03 1.7773772664152869e+01
34 1.3088677968927686e+03 1.8108773041602607e+01
35 1.2810958289430973e+03 1.7724535408349521e+01
36 1.3036675101298060e+03 1.8036824741732062e+01
37 1.2775263299658300e+03 1.7675149788957693e+01
38 1.2984901357302904e+03 1.7965193444686779e+01
39 1.2739346838620816e+03 1.7625457754137262e+01
40 1.2933476589212767e+03 1.7894044971458840e+01
41 1.2703142383687523e+03 1.7575367266844477e+01
42 1.2882471280015452e+03 1.7823476838423279e+01
43 1.2666615286057709e+03 1.7524830388909436e+01
44 1.2831922934637132e+03 1.7753540935327671e+01
45 1.2629752087398983e+03 1.7473828500125624e+01
46 1.2781847130489593e+03 1.7684258814219927e+01
47 1.2592553284049607e+03 1.7422362287199288e+01
48 1.2732245007417416e+03 1.7615632052126145e+01
49 1.2555028382783421e+03 1.7370444903178448e+01
50 1.2683108376859802e+03 1.7547649319805181e+01
51 1.2517192522232992e+03 1.7318097293040282e+01
52 1.2634423194692174e+03 1.7480291186580754e+01
53 1.2479064168627731e+03 1.7265345005641450e+01
54 1.2586171941787886e+03 1.7413533413955356e+01
55 1.2440663539091770e+03 1.7212216012279995e+01
56 1.2538335239662199e+03 1.7347349190926163e+01
57 1.2402011533676825e+03 1.7158739229114907e+01
58 1.2490892942249413e+03 1.7281710644507655e+01
59 1.2363129023457730e+03 1.7104943532214349e+01
60 1.2443824862358370e+03 1.7216589844815406e+01
61 1.2324036388438342e+03 1.7050857118227782e+01
62 1.2397111252414609e+03 1.7151959470194399e+01
63 1.2284753213145100e+03 1.6996507083225961e+01
64 1.2350733099349004e+03 1.7087793215210699e+01
65 1.2245298121545297e+03 1.6941919194302979e+01
66 1.2304672309105626e+03 1.7024066045926350e+01
67 1.2205688672036313e+03 1.6887117744289174e+01
68 1.2258911806678075e+03 1.6960754338304120e+01
69 1.2165941326643181e+03 1.6832125509134549e+01
70 1.2213435565444604e+03 1.6897835918793984e+01
71 1.2126071450135514e+03 1.6776963746687031e+01
72 1.2168228618979253e+03 1.6835290080674323e+01
73 1.2086093333597685e+03 1.6721652229302851e+01
74 1.2123277032839328e+03 1.6773097545018665e+01
75 1.2046020237668808e+03 1.6666209303671007e+01
76 1.2078567863336323e+03 1.6711240403653395e+01
77 1.2005864443566147e+03 1.6610651961406440e+01
78 1.2034089109102542e+03 1.6649702052148005e+01
79 1.1965637310968391e+03 1.6554995919134136e+01
80 1.1989829658860804e+03 1.6588467117552128e+01
81 1.1925349333546039e+03 1.6499255695317906e+01
82 1.1945779226432694e+03 1.6527521368476567e+01
83 1.1885010204050764e+03 1.6443444700314444e+01
84 1.1901928302488548e+03 1.6466851648337201e+01
85 1.1844628864412555e+03 1.6387575305684962e+01
86 1.1858268092571491e+03 1.6406445789608487e+01
87 1.1804213570169218e+03 1.6331658933336310e+01
88 1.1814790463302179e+03 1.6346292539395286e+01
89 1.1763771933523847e+03 1.6275706115092895e+01
90 1.1771487897182481e+03 1.6286381496901750e+01
91 1.1723310979355340e+03 1.6219726570189767e+01
92 1.1728353439171437e+03 1.6226703039516760e+01
93 1.1682837191230697e+03 1.6163729268932677e+01
94 1.1685380650383443e+03 1.6167248258753268e+01
95 1.1642356550319491e+03 1.6107722486538009e+01
96 1.1642563576320292e+03 1.6108008916295937e+01
97 1.1601874578350200e+03 1.6051713862564778e+01
98 1.1599896696503738e+03 1.6048977374315488e+01
99 1.1561396376451939e+03 1.5995710454653914e+01
100 1.1557374897054967e+03 1.5990146557531215e+01
101 1.1520926651051054e+03 1.5939718774357370e+01
102 1.1514993435988517e+03 1.5931509905193536e+01
103 1.1480469756785305e+03 1.5883744846511808e+01
104 1.1472747910266455e+03 1.5873061325501977e+01
105 1.1440029715529067e+03 1.5827794235560818e+01
106 1.1430634233289979e+03 1.5814795164463801e+01
107 1.1399610245723468e+03 1.5771872086134486e+01
108 1.1388648605586893e+03 1.5756706165338805e+01
109 1.1359214789444738e+03 1.5715983160499668e+01
110 1.1346787494226480e+03 1.5698789440158876e+01
111 1.1318846530403048e+03 1.5660131863462180e+01
112 1.1305047609337025e+03 1.5641040437238935e+01
113 1.1278508414169644e+03 1.5604322270351965e+01
114 1.1263425889435773e+03 1.5583454920880275e+01
115 1.1238203171284040e+03 1.5548558158992911e+01
116 1.1221919476107250e+03 1.5526028936336877e+01
117 1.1197933329737398e+03 1.5492843026974182e+01
118 1.1180525705923676e+03 1.5468758798636941e+01
119 1.1157701230422840e+03 1.5437180113026409e+01
120 1.1139242088676783e+03 1.5411641062465636e+01
121 1.1117509047696674e+03 1.5381572425469070e+01
122 1.1098066298866925e+03 1.5354672510389895e+01
123 1.1077358792262694e+03 1.5326022746201051e+01
124 1.1056996160753702e+03 1.5297850132175286e+01
125 1.1037252332627345e+03 1.5270533660384828e+01
126 1.1016029635330756e+03 1.5241171106765057e+01
127 1.0997191401756099e+03 1.5215107565655861e+01
128 1.0975164815434223e+03 1.5184632795512456e+01
129 1.0957177605424365e+03 1.5159746683676454e+01
130 1.0934399909868680e+03 1.5128232720218277e+01
131 1.0917212434670037e+03 1.5104453077364408e+01
132 1.0893733238513403e+03 1.5071968556360138e+01
133 1.0877297275775936e+03 1.5049228664704190e+01
134 1.0853163221768948e+03 1.5015838118491359e+01
135 1.0837433411672134e+03 1.4994075220687096e+01
136 1.0812688376700858e+03 1.4959839354905604e+01
137 1.0797622035141985e+03 1.4938994395582395e+01
138 1.0772307304171181e+03 1.4903970329832759e+01
139 1.0757864254723697e+03 1.4883987723102420e+01
140 1.0732018690391139e+03 1.4848229225587124e+01
141 1.0718161096221495e+03 1.4829056622493329e+01
142 1.0691821292846773e+03 1.4792614323094902e+01
143 1.0678513515703139e+03 1.4774202416517753e+01
144 1.0651713940624131e+03 1.4737124002344125e+01
145 1.0638922397488491e+03 1.4719426328671879e+01
146 1.0611695529637457e+03 1.4681756735782622e+01
147 1.0599388563580796e+03 1.4664729496234072e+01
148 1.0571765012100768e+03 1.4626511073751496e+01
149 1.0559912776355602e+03 1.4610112973985094e+01
150 1.0531921400327301e+03 1.4571385649741805e+01
151 1.0520495743119584e+03 1.4555577740515458e+01
152 1.0492163758017059e+03 1.4516379168340508e+01
153 1.0481138117914425e+03 1.4501124700721167e+01
154 1.0452491196661499e+03 1.4461490400256183e+01
155 1.0441840510119962e+03 1.4446754697706558e+01
156 1.0412902872589102e+03 1.4406718178231442e+01
157 1.0402603481843421e+03 1.4392468509172192e+01
158 1.0373397988396871e+03 1.4352061399023471e+01
159 1.0363427553354702e+03 1.4338266854934808e+01
160 1.0333975781027641e+03 1.4297519006908459e+01
161 1.0324313207363184e+03 1.4284150402844487e+01
162 1.0294635529043233e+03 1.4243090003744323e+01
163 1.0285260887849317e+03 1.4230119767168095e+01
164 1.0255376543608600e+03 1.4188773436496882e+01
165 1.0246271007435087e+03 1.4176175518786653e+01
166 1.0216198166708983e+03 1.4134568394773204e+01
167 1.0207343943746820e+03 1.4122318180163127e+01
168 1.0177099774287396e+03 1.4080474015162455e+01
169 1.0168480047089635e+03 1.4068548235960357e+01
170 1.0138080767373650e+03 1.4026489468962511e+01
171 1.0129679638449909e+03 1.4014866130277396e+01
172 1.0099140573906571e+03 1.3972613964701084e+01
173 1.0090943013405564e+03 1.3961272272059553e+01
174 1.0060278648025846e+03 1.3918846747155943e+01
175 1.0052270441556079e+03 1.3907767034309803e+01
176 1.0021494466797506e+03 1.3865187092824486e+01
177 1.0013662172155492e+03 1.3854350761882285e+01
178 9.9827875258429492e+02 1.3811634303876298e+01
179 9.9751184302699221e+02 1.3801023766166074e+01
180 9.9441573467226021e+02 1.3758187718368768e+01
181 9.9366394213113063e+02 1.3747786331357792e+01
182 9.9056034660979242e+02 1.3704846695252243e+01
183 9.8982253330696335e+02 1.3694638717273316e+01
184 9.8671254400459225e+02 1.3651610620339349e+01
185 9.8598763320216733e+02 1.3641581154240724e+01
186 9.8287228418029542e+02 1.3598478903183446e+01
187 9.8215925727235947e+02 1.3588613856095405e+01
188 9.7903952593261567e+02 1.3545450973704753e+01
189 9.7833741900899111e+02 1.3535737009497643e+01
190 9.7521422962333986e+02 1.3492526283490809e+01
191 9.7452213053165337e+02 1.3482950782127416e+01
192 9.7139635705749220e+02 1.3439704304096995e+01
193 9.7071340264628304e+02 1.3430255323489705e+01
194 9.6758587122218478e+02 1.3386984523433405e+01
195 9.6691124481862664e+02 1.3377650764547360e+01
196 9.6378273646047990e+02 1.3334366448170313e+01
197 9.6311566502261871e+02 1.3325137215623341e+01
198 9.5998691833286625e+02 1.3281849601821628e+01
199 9.5932667049500458e+02 1.3272714776841269e+01
200 9.5619838332430959e+02 1.3229433520691826e+01
201 9.5554426703430136e+02 1.3220383528426224e+01
202 9.5241709909064264e+02 1.3177117757284840e+01
203 9.5176845945135551e+02 1.3168143536938429e+01
204 9.4864303432143936e+02 1.3124901878406883e+01
205 9.4799925168123673e+02 1.3115994856821334e+01
206 9.4487615845590449e+02 1.3072785461235647e+01
207 9.4423664670831727e+02 1.3063937529365072e+01
208 9.4111644193150505e+02 1.3020768096760225e+01
209 9.4048064648304864e+02 1.3011971581555013e+01
210 9.3736385591336409e+02 1.2968849386037164e+01
211 9.3673125252495527e+02 1.2960097034414456e+01
212 9.3361837237631880e+02 1.2917028941325766e+01
213 9.3298846505338020e+02 1.2908313890978116e+01
214 9.2987996415292116e+02 1.2865306386752200e+01
215 9.2925228388288667e+02 1.2856622148680387e+01
216 9.2614860447982414e+02 1.2813681352033557e+01
217 9.2552270815969564e+02 1.2805021795708855e+01
218 9.2242426760240642e+02 1.2762153480843100e+01
219 9.2179973606355679e+02 1.2753512806879542e+01
220 9.1870692806515524e+02 1.2710722420992390e+01
221 9.1808336550751437e+02 1.2702095153318478e+01
222 9.1499656116694416e+02 1.2659387830730267e+01
223 9.1437359359185041e+02 1.2650768794906762e+01
224 9.1129314270458246e+02 1.2608149375194728e+01
225 9.1067041698911862e+02 1.2599533685607685e+01
226 9.0759664896077470e+02 1.2557006726246353e+01
227 9.0697383169886268e+02 1.2548389770073138e+01
228 9.0390705672524030e+02 1.2505959562760502e+01
229 9.0328383340691619e+02 1.2497336988614697e+01
230 9.0022434340331188e+02 1.2455007572129816e+01
231 8.9960041708202618e+02 1.2446375271622715e+01
232 8.9654848648804307e+02 1.2404150442960594e+01
233 8.9592357757045011e+02 1.2395504547792855e+01
234 8.9287946419365028e+02 1.2353387873836754e+01
235 8.9225330891521548e+02 1.2344724734707732e+01
236 8.8921725519001200e+02 1.2302719569646493e+01
237 8.8858960492039535e+02 1.2294035746643916e+01
238 8.8556183822491562e+02 1.2252145236355918e+01
239 8.8493245909423013e+02 1.2243437493785002e+01
240 8.8191319253652921e+02 1.2201664586715774e+01
241 8.8128186447235942e+02 1.2192929879775940e+01
242 8.7827129783241674e+02 1.2151277339971106e+01
243 8.7763781374627695e+02 1.2142512803500267e+01
244 8.7463613380996730e+02 1.2100983215226183e+01
245 8.7400029932617508e+02 1.2092186159949591e+01
246 8.7100768086099129e+02 1.2050781941192911e+01
247 8.7036931317641063e+02 1.2041949837947183e+01
248 8.6738591940286051e+02 1.2000673246936842e+01
249 8.6674484725036586e+02 1.1991803726164479e+01
250 8.6377083001911649e+02 1.1950656863822566e+01
251 8.6312689283088173e+02 1.1941747703995672e+01
252 8.6016239401644270e+02 1.1900732533219662e+01
253 8.5951544118114077e+02 1.1891781650562976e+01
254 8.5656059241344110e+02 1.1850899992511978e+01
255 8.5591048331265608e+02 1.1841905441506640e+01
256 8.5296540675301776e+02 1.1801158986337338e+01
257 8.5231200980635140e+02 1.1792118946509522e+01
258 8.4937681873208078e+02 1.1751509261464257e+01
259 8.4872001123433085e+02 1.1742422035132451e+01
260 8.4579481023396181e+02 1.1701950567240502e+01
261 8.4513447784193784e+02 1.1692814572415381e+01
262 8.4221936322874683e+02 1.1652482654214126e+01
263 8.4155539962052660e+02 1.1643296419884207e+01
264 8.3865046014689119e+02 1.1603105279302598e+01
265 8.3798276641907000e+02 1.1593867437094914e+01
266 8.3508808331816431e+02 1.1553818198030353e+01
267 8.3441656792418144e+02 1.1544527481357173e+01
268 8.3153221536815977e+02 1.1504621170014683e+01
269 8.3085679340968159e+02 1.1495276404269486e+01
270 8.2798283914355625e+02 1.1455513957931696e+01
271 8.2730343237751367e+02 1.1446114060586524e+01
272 8.2443993739994494e+02 1.1406496323197260e+01
273 8.2375647377228665e+02 1.1397040297351994e+01
274 8.2090349337126929e+02 1.1357568033845464e+01
275 8.2021590649476298e+02 1.1348054961002969e+01
276 8.1737349013468190e+02 1.1308728855741121e+01
277 8.1668171944366532e+02 1.1299157897948295e+01
278 8.1384991106389964e+02 1.1259978558852151e+01
279 8.1315390119849292e+02 1.1250348950180221e+01
280 8.1033273951045476e+02 1.1211316912839530e+01
281 8.0963244025442305e+02 1.1201627958524368e+01
282 8.0682195906191669e+02 1.1162743690629922e+01
283 8.0611732501042934e+02 1.1152994762475329e+01
284 8.0331755331962438e+02 1.1114258665340497e+01
285 8.0260854365381545e+02 1.1104449198599152e+01
286 7.9981950615318385e+02 1.1065861613800017e+01
287 7.9910608423082874e+02 1.1055991101510310e+01
288 7.9632780127281762e+02 1.1017552310632107e+01
289 7.9560993485278846e+02 1.1007620306723570e+01
290 7.9284242268557989e+02 1.0969330534567186e+01
291 7.9212008323967768e+02 1.0959336644339393e+01
292 7.8936335448907971e+02 1.0921196065588543e+01
293 7.8863651723981195e+02 1.0911139946233769e+01
294 7.8589058052270730e+02 1.0873148680106894e+01
295 7.8515922454879956e+02 1.0863030042169925e+01
296 7.8242408522129801e+02 1.0825188162771203e+01
297 7.8168819265300795e+02 1.0815006759016139e+01
298 7.7896385265698359e+02 1.0777314293212271e+01
299 7.7822340903310931e+02 1.0767069923561895e+01
300 7.7550986720961430e+02 1.0729526855318317e+01
301 7.7476486104819537e+02 1.0719219360914559e+01
302 7.7206211321002843e+02 1.0681825632299462e+01
303 7.7131253598771025e+02 1.0671454895217888e+01
304 7.6862057518718916e+02 1.0634210410106974e+01
305 7.6786642094202534e+02 1.0623776347861380e+01
306 7.6518523750127531e+02 1.0586680972356911e+01
307 7.6442650311661555e+02 1.0576183541827042e+01
308 7.6175608487700970e+02 1.0539237107708960e+01
309 7.6099276934681427e+02 1.0528676294975806e+01
310 7.5833310178240367e+02 1.0491878601271093e+01
311 7.5756520684453005e+02 1.0481254430378691e+01
312 7.5491627275331405e+02 1.0444605239089952e+01
313 7.5414380217738994e+02 1.0433917762192793e+01
314 7.5150558279939639e+02 1.0397416813767398e+01
315 7.5072854235991406e+02 1.0386666110758174e+01
316 7.4810101621286242e+02 1.0350313107979137e+01
317 7.4731941401700158e+02 1.0339499291024312e+01
318 7.4470255811387005e+02 1.0303293915855877e+01
319 7.4391640374395206e+02 1.0292417117531167e+01
320 7.4131019305216250e+02 1.0256359023636387e+01
321 7.4051949826649752e+02 1.0245419406623288e+01
322 7.3792390604516333e+02 1.0209508224029999e+01
323 7.3712868386948355e+02 1.0198505968545359e+01
324 7.3454368180298525e+02 1.0162741305494269e+01
325 7.3374394726857054e+02 1.0151676619502583e+01
326 7.3116950527662925e+02 1.0116058059819542e+01
327 7.3036527465602592e+02 1.0104931168458789e+01
328 7.2780136136159410e+02 1.0069458278028270e+01
329 7.2699265252844202e+02 1.0058269428588275e+01
330 7.2443923489447695e+02 1.0022941750327972e+01
331 7.2362606703660674e+02 1.0011691208280979e+01
332 7.2108311097136095e+02 9.9765082705162751e+00
333 7.2026550458755844e+02 9.9651963194721791e+00
334 7.1773297436949474e+02 9.9301576279795860e+00
335 7.1691095113173731e+02 9.9187845677799142e+00
336 7.1438881029771198e+02 9.8838896180754823e+00
337 7.1356239292379234e+02 9.8724557630310876e+00
338 7.1105060356940976e+02 9.8377040306905048e+00
339 7.1021981597393449e+02 9.8262097116706943e+00
340 7.0771833938696102e+02 9.7916006610928417e+00
341 7.0688320629434804e+02 9.7800462201710285e+00
342 7.0439200252733031e+02 9.7455792986649712e+00
343 7.0355254992894277e+02 9.7339650954433239e+00
344 7.0107157832372718e+02 9.6996397404852708e+00
345 7.0022783261127938e+02 9.6879661401049901e+00
346 6.9775705161297572e+02 9.6537817767643972e+00
347 6.9690904045644595e+02 9.6420491620520465e+00
348 6.9444840747012597e+02 9.6080052010089751e+00
349 6.9359615906136116e+02 9.5962139620114026e+00
350 6.9114563108597360e+02 9.5623098083270204e+00
351 6.9028917440073246e+02 9.5504603459368429e+00
352 6.8784870736084974e+02 9.5166953898078415e+00
353 6.8698807203402021e+02 9.5047881140370265e+00
354 6.8455762145560868e+02 9.4711617401452006e+00
355 6.8369283784523884e+02 9.4591970710109585e+00
356 6.8127235837662408e+02 9.4257086518955528e+00
357 6.8040345729540979e+02 9.4136870157053529e+00
358 6.7799290332578062e+02 9.3803359203203360e+00
359 6.7711991612030647e+02 9.3682577507682350e+00
360 6.7471924113828914e+02 9.3350433356078888e+00
361 6.7384219985944685e+02 9.3229090761323512e+00
362 6.7145135713612592e+02 9.2898306946811697e+00
363 6.7057029403965350e+02 9.2776407915547985e+00
364 6.6818923610331058e+02 9.2446977870202662e+00
365 6.6730418422691923e+02 9.2324526973346135e+00
366 6.6493286331414845e+02 9.1996444088885880e+00
367 6.6404385568623900e+02 9.1873445896063934e+00
368 6.6168222374595575e+02 9.1546703524405650e+00
369 6.6078929408117415e+02 9.1423162700190765e+00
370 6.5843730240246452e+02 9.1097754101961055e+00
371 6.5754048451979418e+02 9.0973675325361292e+00
372 6.5519808441152986e+02 9.0649593763924123e+00
373 6.5429741253370537e+02 9.0524981769808299e+00
374 6.5196455475737400e+02 9.0202220432794658e+00
375 6.5106006326756460e+02 9.0077079978228465e+00
376 6.4873669848802854e+02 8.9755632039900757e+00
377 6.4782842214733216e+02 8.9629967934238017e+00
378 6.4551450051197105e+02 8.9309826497262623e+00
379 6.4460247421800716e+02 8.9183643568745516e+00
380 6.4229794603205607e+02 8.8864801757628786e+00
381 6.4138220481181952e+02 8.8738104852399164e+00
382 6.3908701979246848e+02 8.8420555710288831e+00
383 6.3816759899541034e+02 8.8293349719101784e+00
384 6.3588170698035958e+02 8.7977086305818659e+00
385 6.3495864190203679e+02 8.7849376111972806e+00
386 6.3268199237015210e+02 8.7534391437691390e+00
387 6.3175531872179693e+02 8.7406181981995914e+00
388 6.2948786104179760e+02 8.7092469041651395e+00
389 6.2855761424988759e+02 8.6963765225518337e+00
390 6.2629929790446454e+02 8.6651317029814443e+00
391 6.2536551373039310e+02 8.6522123800992983e+00
392 6.2311628782975606e+02 8.6210933309098969e+00
393 6.2217900199901476e+02 8.6081255610371130e+00
394 6.1993881576343028e+02 8.5771315796683094e+00
395 6.1899806409461621e+02 8.5641158583712418e+00
396 6.1676686648740883e+02 8.5332462387077399e+00
397 6.1582268482347786e+02 8.5201830618897603e+00
398 6.1360042501101987e+02 8.4894371006255209e+00
399 6.1265284918060513e+02 8.4763269639918395e+00
400 6.1043947597804379e+02 8.4457039529614661e+00
401 6.0948854185831146e+02 8.4325473528887702e+00
402 6.0728400447020078e+02 8.4020465893144838e+00
403 6.0632974771323507e+02 8.3888440190653490e+00
404 6.0413399502049117e+02 8.3584647956916953e+00
405 6.0317645159929771e+02 8.3452167529687884e+00
406 6.0098943263584647e+02 8.3149583646572722e+00
407 6.0002863802599177e+02 8.3016653402809695e+00
408 5.9785030189005624e+02 8.2715270827826757e+00
409 5.9688629199441471e+02 8.2581895734853479e+00
410 5.9471658764005281e+02 8.2281707405567719e+00
411 5.9374939782369665e+02 8.2147892356300538e+00
412 5.9158827463067064e+02 8.1848891269175024e+00
413 5.9061794040950906e+02 8.1714641177399301e+00
414 5.8846534737116599e+02 8.1416820275434798e+00
415 5.8749190419278341e+02 8.1282140045482816e+00
416 5.8534779073269920e+02 8.0985492331204227e+00
417 5.8437127384058169e+02 8.0850386839170358e+00
418 5.8223558916665093e+02 8.0554905285262048e+00
419 5.8125603374194225e+02 8.0419379398615369e+00
420 5.7912872750038616e+02 8.0125057038406204e+00
421 5.7814616845626153e+02 7.9989115587541058e+00
422 5.7602719012670923e+02 7.9695945431311133e+00
423 5.7504166241579094e+02 7.9559593252079610e+00
424 5.7293096180220937e+02 7.9267568354982600e+00
425 5.7194249998231078e+02 7.9130810228613173e+00
426 5.6984002684743041e+02 7.8839923640097513e+00
427 5.6884866568141467e+02 7.8702764376188226e+00
428 5.6675436994524068e+02 7.8413009167461993e+00
429 5.6576014366021332e+02 7.8275453501486423e+00
430 5.6367397543462369e+02 7.7986822770304185e+00
431 5.6267691846886396e+02 7.7848875466952725e+00
432 5.6059882782512796e+02 7.7561362305450618e+00
433 5.5959897411042004e+02 7.7423028059337815e+00
434 5.5752891157998613e+02 7.7136625623319874e+00
435 5.5652629506243920e+02 7.6997909131042181e+00
436 5.5446421094621178e+02 7.6712610544415591e+00
437 5.5345886535626607e+02 7.6573516472730718e+00
438 5.5140471043226648e+02 7.6289314925413967e+00
439 5.5039666927505925e+02 7.6149847909907926e+00
440 5.4835039423464673e+02 7.5866736579829395e+00
441 5.4733969080387374e+02 7.5726901226834329e+00
442 5.4530124683691815e+02 7.5444873360893592e+00
443 5.4428791409982989e+02 7.5304674231576483e+00
444 5.4225725228307135e+02 7.5023723061021084e+00
445 5.4124132322852893e+02 7.4883164719538824e+00
446 5.3921839500080932e+02 7.4603283525714730e+00
447 5.3819990213935546e+02 7.4462370470046730e+00
448 5.3618465897515523e+02 7.4183552539230657e+00
449 5.3516363495322003e+02 7.4042289286156953e+00
450 5.3315602853070811e+02 7.3764527932806834e+00
451 5.3213250538228885e+02 7.3622918914374633e+00
452 5.3013248771668657e+02 7.3346207499581109e+00
453 5.2910649755356997e+02 7.3204257158600123e+00
454 5.2711402066295238e+02 7.2928589043848673e+00
455 5.2608559507524478e+02 7.2786301750951825e+00
456 5.2410061143609187e+02 7.2511670361150280e+00
457 5.2306978198998081e+02 7.2369050483661193e+00
458 5.2109224398998094e+02 7.2095449231432687e+00
459 5.2005904192613548e+02 7.1952501091638048e+00
460 5.1808890236780894e+02 7.1679923446999574e+00
461 5.1705335874371804e+02 7.1536651341842283e+00
462 5.1509057042555582e+02 7.1265090774253341e+00
463 5.1405271604222446e+02 7.1121498965190604e+00
464 5.1209723220909564e+02 7.0850949005869124e+00
465 5.1105709751051688e+02 7.0707041704963913e+00
466 5.0910887144399652e+02 7.0437495890206261e+00
467 5.0806648679503866e+02 7.0293277298574317e+00
468 5.0612547205764474e+02 7.0024729203546565e+00
469 5.0508086742101813e+02 6.9880203466663247e+00
470 5.0314701773851715e+02 6.9612646689117632e+00
471 5.0210022304925837e+02 6.9467817948629529e+00
472 5.0017349229864419e+02 6.9201246107241277e+00
473 4.9912453696350656e+02 6.9056118431704601e+00
474 4.9720487948380469e+02 6.8790525209073090e+00
475 4.9615379280129150e+02 6.8645102652067189e+00
476 4.9424116285686910e+02 6.8380481720462472e+00
477 4.9318797383230395e+02 6.8234768295003967e+00
478 4.9128232618385272e+02 6.7971113395364817e+00
479 4.9022706351119700e+02 6.7825113071391971e+00
480 4.8832835285515483e+02 6.7562417935767387e+00
481 4.8727104513328379e+02 6.7416134670062853e+00
482 4.8537922662506395e+02 6.7154393094003106e+00
483 4.8431990193456460e+02 6.7007830771642061e+00
484 4.8243493077045434e+02 6.6747036556352537e+00
485 4.8137361725465377e+02 6.6600199071090511e+00
486 4.7949544894136568e+02 6.6340346060725324e+00
487 4.7843217406715706e+02 6.6193237212730196e+00
488 4.7656076444611000e+02 6.5934319297751580e+00
489 4.7549555577815681e+02 6.5786942900718168e+00
490 4.7363086062850857e+02 6.5528953962974255e+00
491 4.7256374523988114e+02 6.5381313762583275e+00
492 4.7070572087826196e+02 6.5124247758283929e+00
493 4.6963672571609192e+02 6.4976347482791903e+00
494 4.6778532834147990e+02 6.4720198351869289e+00
495 4.6671448003225350e+02 6.4572041685170021e+00
496 4.6486966644005770e+02 6.4316803450075186e+00
497 4.6379699120422157e+02 6.4168394019885078e+00
498 4.6195871815813058e+02 6.3914060698680411e+00
499 4.6088424215466284e+02 6.3765402124211414e+00
500 4.5905246676172322e+02 6.3511967782464422e+00
501 4.5797621573743174e+02 6.3363063625902889e+00
502 4.5615089517981994e+02 6.3110522339575619e+00
503 4.5507289478209162e+02 6.2961376149352573e+00
504 4.5325398660034301e+02 6.2709722043987650e+00
505 4.5217426198716652e+02 6.2560337300823656e+00
506 4.5036172385005068e+02 6.2309564519705498e+00
507 4.4928030019223058e+02 6.2159944706094263e+00
508 4.4747408998371213e+02 6.1910047422280456e+00
509 4.4639099185380468e+02 6.1760195937945364e+00
510 4.4459106782808817e+02 6.1511168375717871e+00
511 4.4350631979908104e+02 6.1361088620441979e+00
512 4.4171264019141302e+02 6.1112925001459830e+00
513 4.4062626640850556e+02 6.0962620315839766e+00
514 4.3883878989428422e+02 6.0715314922658941e+00
515 4.3775081434654322e+02 6.0564788625689703e+00
516 4.3596949957353468e+02 6.0318335737043167e+00
517 4.3487994591747173e+02 6.0167591101709235e+00
518 4.3310475206457244e+02 5.9921985069814214e+00
519 4.3201364359211152e+02 5.9771025318657749e+00
520 4.3024452981022949e+02 5.9526260491859144e+00
521 4.2915188970291791e+02 5.9375088832151190e+00
522 4.2738881550326670e+02 5.9131159608643786e+00
523 4.2629466656217545e+02 5.8979779195014785e+00
524 4.2453759150006431e+02 5.8736679979094220e+00
525 4.2344195642651584e+02 5.8585093952373954e+00
526 4.2169084042021836e+02 5.8342819198553597e+00
527 4.2059374137978182e+02 5.8191030625447979e+00
528 4.1884854450753767e+02 5.7949574810373221e+00
529 4.1775000370055511e+02 5.7797586762399149e+00
530 4.1601068621657748e+02 5.7556944387062119e+00
531 4.1491072525689475e+02 5.7404759854592102e+00
532 4.1317724778806087e+02 5.7164925471544663e+00
533 4.1207588825628756e+02 5.7012547440352845e+00
534 4.1034821139269252e+02 5.6773515597057873e+00
535 4.0924547452870996e+02 5.6620947005777111e+00
536 4.0752355924122793e+02 5.6382712302379998e+00
537 4.0641946609091303e+02 5.6229956062801749e+00
538 4.0470327336869440e+02 5.5992513101976478e+00
539 4.0359784463662749e+02 5.5839572078672299e+00
540 4.0188733594857291e+02 5.5602915529468442e+00
541 4.0078059203971918e+02 5.5449792545556802e+00
542 3.9907572879844997e+02 5.5213917069237439e+00
543 3.9796768999657650e+02 5.5060614931068477e+00
544 3.9626843397236934e+02 5.4825515238379925e+00
545 3.9515912016075549e+02 5.4672036696894528e+00
546 3.9346543316928944e+02 5.4437707504864710e+00
547 3.9235486417503660e+02 5.4284055303231291e+00
548 3.9066670834780734e+02 5.4050491372582776e+00
549 3.8955490346161025e+02 5.3896668179755478e+00
550 3.8787224110981674e+02 5.3663864296073598e+00
551 3.8675921961491724e+02 5.3509872779975423e+00
552 3.8508201321583698e+02 5.3277823751823217e+00
553 3.8396779388061987e+02 5.3123666509144378e+00
554 3.8229600622975107e+02 5.2892367189112157e+00
555 3.8118060777593837e+02 5.2738046810086860e+00
556 3.7951420163602705e+02 5.2507492046233510e+00
557 3.7839764244553106e+02 5.2353011074081790e+00
558 3.7673658095651172e+02 5.2123195766651911e+00
559 3.7561887921177447e+02 5.1968556716996170e+00
560 3.7396312553043504e+02 5.1739475768566132e+00
561 3.7284429909023532e+02 5.1584681112248516e+00
562 3.7119381681106290e+02 5.1356329485952301e+00
563 3.7007388322522962e+02 5.1201381651070363e+00
564 3.6842863591480653e+02 5.0973754306181229e+00
565 3.6730761260823584e+02 5.0818655703547506e+00
566 3.6566756416447390e+02 5.0591747645179623e+00
567 3.6454546818844017e+02 5.0436500633914392e+00
568 3.6291058250976613e+02 5.0210306867253172e+00
569 3.6178743088598253e+02 5.0054913802386816e+00
570 3.6015767215628591e+02 4.9829429372112726e+00
571 3.5903348138555356e+02 4.9673892536605084e+00
572 3.5740881398402689e+02 4.9449112514419644e+00
573 3.5628360053902941e+02 4.9293434187340370e+00
574 3.5466398896034343e+02 4.9069353660922026e+00
575 3.5353776886652292e+02 4.8913536059462928e+00
576 3.5192317786924281e+02 4.8690150153001088e+00
577 3.5079596711207279e+02 4.8534195488824130e+00
578 3.4918636144307817e+02 4.8311499324891471e+00
579 3.4805817566460212e+02 4.8155409762143524e+00
580 3.4645352041654456e+02 4.7933398511151823e+00
581 3.4532437503474165e+02 4.7777176182979462e+00
582 3.4372463533277107e+02 4.7555845019836784e+00
583 3.4259454549187370e+02 4.7399492021512479e+00
584 3.4099968684159796e+02 4.7178836173764962e+00
585 3.3986866738066095e+02 4.7022354558338515e+00
586 3.3827865522826841e+02 4.6802369245311324e+00
587 3.3714672088797317e+02 4.6645761052222117e+00
588 3.3556152101827678e+02 4.6426441540090657e+00
589 3.3442868614232668e+02 4.6269708753854388e+00
590 3.3284826433944380e+02 4.6051050308697832e+00
591 3.3171454323852316e+02 4.5894194909261872e+00
592 3.3013886555191897e+02 4.5676192833871436e+00
593 3.2900427204088004e+02 4.5519216732582564e+00
594 3.2743330468294550e+02 4.5301866352291000e+00
595 3.2629785255470580e+02 4.5144771457461204e+00
596 3.2473156185197013e+02 4.4928068113392783e+00
597 3.2359526447149779e+02 4.4770856274125359e+00
598 3.2203361696057715e+02 4.4554795336470843e+00
599 3.2089648764774137e+02 4.4397468395629440e+00
600 3.1933944989422878e+02 4.4182045238588650e+00
601 3.1820150162065778e+02 4.4024604990856213e+00
602 3.1664904046803031e+02 4.3809815027075487e+00
603 3.1551028603025208e+02 4.3652263242909060e+00
604 3.1396236836386214e+02 4.3438101890828369e+00
605 3.1282282025277982e+02 4.3280440298400427e+00
606 3.1127941325232979e+02 4.3066903017184393e+00
607 3.1013908376478611e+02 4.2909133317818284e+00
608 3.0860015458910993e+02 4.2696215563744273e+00
609 3.0745905582904658e+02 4.2538339432074617e+00
610 3.0592457186914550e+02 4.2326036693541393e+00
611 3.0478271566468067e+02 4.2168055766041403e+00
612 3.0325264440585460e+02 4.1956363544494364e+00
613 3.0211004241092110e+02 4.1798279433537910e+00
614 3.0058435149674102e+02 4.1587193252319974e+00
615 2.9944101505366956e+02 4.1429007527169386e+00
616 2.9791967231201392e+02 4.1218522935123234e+00
617 2.9677561256680497e+02 4.1060237137877662e+00
618 2.9525858591080492e+02 4.0850349695641075e+00
619 2.9411381378707489e+02 4.0691965337631855e+00
620 2.9260107129469191e+02 4.0482670628647615e+00
621 2.9145559747520821e+02 4.0324189187883528e+00
622 2.8994710732935198e+02 4.0115482810114482e+00
623 2.8880094231097479e+02 3.9956905738883219e+00
624 2.8729667280819700e+02 3.9748783306015087e+00
625 2.8614982682786217e+02 3.9590112020642643e+00
626 2.8464974646036154e+02 3.9382569173429798e+00
627 2.8350222952080230e+02 3.9223805057839174e+00
628 2.8200630683707254e+02 3.9016837444824652e+00
629 2.8085812874008496e+02 3.8857981855138304e+00
630 2.7936633247399124e+02 3.8651585150512107e+00
631 2.7821750279061700e+02 3.8492639410926581e+00
632 2.7672980171825390e+02 3.8286809294721351e+00
633 2.7558032984175964e+02 3.8127774704837214e+00
634 2.7409669290676754e+02 3.7922506880266296e+00
635 2.7294658794425209e+02 3.7763384700091520e+00
636 2.7146698421011922e+02 3.7558674886949750e+00
637 2.7031625510309709e+02 3.7399466353582977e+00
638 2.6884065372418172e+02 3.7195310284237468e+00
639 2.6768930914312176e+02 3.7036016597276951e+00
640 2.6621767944954445e+02 3.6832410028412319e+00
641 2.6506572786714486e+02 3.6673032360093858e+00
642 2.6359803921390187e+02 3.6469971051836381e+00
643 2.6244548892436973e+02 3.6310510549700723e+00
644 2.6098171084323968e+02 3.6107990286635316e+00
645 2.5982856986237795e+02 3.5948448059704763e+00
646 2.5836867193567787e+02 3.5746464633408546e+00
647 2.5721494814052392e+02 3.5586841771506545e+00
648 2.5575890009983104e+02 3.5385390994207468e+00
649 2.5460460106071989e+02 3.5225688544723823e+00
650 2.5315237275095296e+02 3.5024766244331142e+00
651 2.5199750587468682e+02 3.4864985232030161e+00
652 2.5054906722070575e+02 3.4664587247513348e+00
653 2.4939363967485079e+02 3.4504728664059958e+00
654 2.4794896071210255e+02 3.4304850849688697e+00
655 2.4679297949524798e+02 3.4144915663369111e+00
656 2.4535203033355435e+02 3.3945553883703177e+00
657 2.4419550217045514e+02 3.3785543024917404e+00
658 2.4275825307001992e+02 3.3586693165322599e+00
659 2.4160118452539982e+02 3.3426607542329618e+00
660 2.4016760577139954e+02 3.3228265491626838e+00
661 2.3901000314685717e+02 3.3068105976281079e+00
662 2.3758006522256383e+02 3.2870267650698608e+00
663 2.3642193463654999e+02 3.2710035089515190e+00
664 2.3499560798096456e+02 3.2512696399156220e+00
665 2.3383695536138370e+02 3.2352391612287308e+00
666 2.3241421062391910e+02 3.2155548496366473e+00
667 2.3125504164446244e+02 3.1995172268792693e+00
668 2.2983584944914514e+02 3.1798820663012295e+00
669 2.2867616966413112e+02 3.1638373763198517e+00
670 2.2726050079631355e+02 3.1442509625581025e+00
671 2.2610031540718856e+02 3.1281992773170688e+00
672 2.2468814073891954e+02 3.1086612073733408e+00
673 2.2352745487758088e+02 3.0926025978747522e+00
674 2.2211874531360075e+02 3.0731124692030778e+00
675 2.2095756378211303e+02 3.0570470018856519e+00
676 2.1955229038095985e+02 3.0376044140679239e+00
677 2.1839061787070955e+02 3.0215321538390976e+00
678 2.1698875167273860e+02 3.0021367062056417e+00
679 2.1582659261239888e+02 2.9860577143380942e+00
680 2.1442810482482437e+02 2.9667090085278045e+00
681 2.1326546346756047e+02 2.9506233438659839e+00
682 2.1187032529169045e+02 2.9313209814360408e+00
683 2.1070720564741296e+02 2.9152286994588597e+00
684 2.0931538844754866e+02 2.8959722842215254e+00
685 2.0815179435449909e+02 2.8798734380327762e+00
686 2.0676326944776523e+02 2.8606625731476067e+00
687 2.0559920454574734e+02 2.8445572131056069e+00
688 2.0421394342984919e+02 2.8253915042305708e+00
689 2.0304941108805261e+02 2.8092796769495703e+00
690 2.0166738525343393e+02 2.7901587296421688e+00
691 2.0050238874109198e+02 2.7740404803534764e+00
692 1.9912356975975678e+02 2.7549639012996345e+00
693 1.9795811203222490e+02 2.7388392708919191e+00
694 1.9658247157550085e+02 2.7198066681517483e+00
695 1.9541655545259695e+02 2.7036756956384553e+00
696 1.9404406522606104e+02 2.6846866777459226e+00
697 1.9287769333586752e+02 2.6685493994877505e+00
698 1.9150832525592438e+02 2.6496035778937173e+00
699 1.9034150044263589e+02 2.6334600332413749e+00
700 1.8897522750941076e+02 2.6145570343904638e+00
701 1.8780795528145481e+02 2.5984072995555163e+00
702 1.8644475834202552e+02 2.5795468584584582e+00
703 1.8527706406204828e+02 2.5633912843444913e+00
704 1.8391697428857486e+02 2.5445738322821021e+00
705 1.8274900619070547e+02 2.5284144697747810e+00
706 1.8139234607596680e+02 2.5096444685793049e+00
707 1.8022492187735628e+02 2.4934926311621877e+00
708 1.7887350100052711e+02 2.4747951171731657e+00
709 1.7771064023524067e+02 2.4587064169029413e+00
710 1.7637290606478453e+02 2.4401982646355420e+00
711 1.7523193115557891e+02 2.4244123650007445e+00
712 1.7394189866294866e+02 2.4065641868418863e+00
713 1.7288744054526052e+02 2.3919752858234484e+00
714 1.7176261176786338e+02 2.3764127751643085e+00
715 1.7100033067266315e+02 2.3658662743032930e+00
716 1.7038368987010318e+02 2.3573347722155655e+00
717 1.7046154954731333e+02 2.3584119957724732e+00
718 1.7118245450419658e+02 2.3683860392012726e+00
719 1.7329606918111577e+02 2.3976288462843054e+00
720 1.7697318182965597e+02 2.4485033490865744e+00
721 1.8318501404473548e+02 2.5344468339995938e+00
722 1.9222031551614293e+02 2.6594542824956164e+00
723 2.0500909445271060e+02 2.8363927752840561e+00
724 2.2133038988608436e+02 3.0622052182592459e+00
725 2.4098495920392062e+02 3.3341350005123442e+00
726 2.6149492964943431e+02 3.6178996410432722e+00
727 2.7961444570758096e+02 3.8685912729251237e+00
728 2.8993145354081412e+02 4.0113317038257712e+00
729 2.8919292285385194e+02 4.0011138005155926e+00
730 2.7684028456297204e+02 3.8302095091841131e+00
731 2.5804592577542780e+02 3.5701811254511977e+00
732 2.3927389810327057e+02 3.3104617027159242e+00
733 2.2720072195970434e+02 3.1434238955407787e+00
734 2.2485735948835128e+02 3.1110024246720762e+00
735 2.3276040053695547e+02 3.2203445423614210e+00
736 2.4648145366767963e+02 3.4101814667826056e+00
737 2.5856469445682455e+02 3.5773585228436668e+00
738 2.6024233697205329e+02 3.6005694595214144e+00
739 2.5021722409352702e+02 3.4618675262439216e+00
740 2.3497745503542745e+02 3.2510184857719047e+00
741 2.2477896540965506e+02 3.1099178074309113e+00
742 2.2495805692225258e+02 3.1123956188363144e+00
743 2.3489211901389356e+02 3.2498378236378840e+00
744 2.4612620007615757e+02 3.4052663740006150e+00
745 2.4866702612834763e+02 3.4404198420793093e+00
746 2.3914328964190906e+02 3.3086546760706637e+00
747 2.2642790342557623e+02 3.1327316044857971e+00
748 2.2081328693902316e+02 3.0550508670484473e+00
749 2.2648801622245151e+02 3.1335632919931942e+00
750 2.3708693239883016e+02 3.2802040512667117e+00
751 2.4134343708768947e+02 3.3390947028237732e+00
752 2.3346302929072417e+02 3.2300657263226333e+00
753 2.2206205070696853e+02 3.0723280738908674e+00
754 2.1825006920041849e+02 3.0195875999447761e+00
755 2.2526678056031614e+02 3.1166669488419445e+00
756 2.3415178641912445e+02 3.2395949901249792e+00
757 2.3355674929433818e+02 3.2313623846092328e+00
758 2.2322789020897036e+02 3.0884579863196135e+00
759 2.1572056360280610e+02 2.9845907554327713e+00
760 2.1873649434140583e+02 3.0263175099485067e+00
761 2.2783921103542539e+02 3.1522576782873815e+00
762 2.2979596556474786e+02 3.1793302548713185e+00
763 2.2130581276298938e+02 3.0618651827375536e+00
764 2.1321713975224938e+02 2.9499547635898300e+00
765 2.1561186150420269e+02 2.9830868131420161e+00
766 2.2389458152377316e+02 3.0976819596935727e+00
767 2.2537816575407675e+02 3.1182080129576590e+00
768 2.1668758159391825e+02 2.9979698830801693e+00
769 2.1036954827684991e+02 2.9105570582863387e+00
770 2.1427307728214902e+02 2.9645641329397812e+00
771 2.2175006115688510e+02 3.0680115585275702e+00
772 2.1975400321779188e+02 3.0403952016405427e+00
773 2.1091216133136055e+02 2.9180643532758488e+00
774 2.0816624418043460e+02 2.8800733578558306e+00
775 2.1485853400321253e+02 2.9726641892728871e+00
776 2.1880735799710163e+02 3.0272979404098104e+00
777 2.1249541304414234e+02 2.9399693508642666e+00
778 2.0565795191437218e+02 2.8453700093007188e+00
779 2.0880235655312472e+02 2.8888742578499689e+00
780 2.1523449222356015e+02 2.9778657398814072e+00
781 2.1271919328099861e+02 2.9430654508141978e+00
782 2.0467097589526568e+02 2.8317147533841669e+00
783 2.0452582299813054e+02 2.8297064979463058e+00
784 2.1109726592675455e+02 2.9206253583788127e+00
785 2.1144690839224506e+02 2.9254628187153764e+00
786 2.0371755835648321e+02 2.8185237940950145e+00
787 2.0151748077648759e+02 2.7880847339663748e+00
788 2.0744490030912365e+02 2.8700932418490566e+00
789 2.0930222561115289e+02 2.8957901704760118e+00
790 2.0221529242281380e+02 2.7977392710854847e+00
791 1.9914803880781204e+02 2.7553024415546772e+00
792 2.0453374102327513e+02 2.8298160473756839e+00
793 2.0678940181615280e+02 2.8610241261855025e+00
794 2.0008687221297302e+02 2.7682916228136976e+00
795 1.9708162632272132e+02 2.7267126979673746e+00
796 2.0230160909161876e+02 2.7989335009143539e+00
797 2.0409142495633566e+02 2.8236964061958210e+00
798 1.9744099262415656e+02 2.7316846919357034e+00
799 1.9527427121104679e+02 2.7017071293373016e+00
800 2.0058645248954190e+02 2.7752035400187229e+00
801 2.0113790503555137e+02 2.7828331333379310e+00
802 1.9447587329535409e+02 2.6906609360651537e+00
803 1.9386618116185971e+02 2.6822255719306622e+00
804 1.9912921824486716e+02 2.7550420506246738e+00
805 1.9774636983631515e+02 2.7359097226379525e+00
806 1.9151877695240964e+02 2.6497481818025310e+00
807 1.9302883926566696e+02 2.6706405712206007e+00
808 1.9749764928579759e+02 2.7324685622619409e+00
809 1.9382743208800974e+02 2.6816894611136743e+00
810 1.8906495636846202e+02 2.6157984734018740e+00
811 1.9273608972609904e+02 2.6665902500325824e+00
812 1.9509960314160884e+02 2.6992905182520754e+00
813 1.8964585715693110e+02 2.6238354963640460e+00
814 1.8766189945028052e+02 2.5963865516202267e+00
815 1.9249059524192506e+02 2.6631937237314349e+00
816 1.9147549966978042e+02 2.6491494211860274e+00
817 1.8597753774930334e+02 2.5730826519938672e+00
818 1.8752118522390924e+02 2.5944397071832781e+00
819 1.9125910368548418e+02 2.6461554856823515e+00
820 1.8687288076204203e+02 2.5854701241668097e+00
821 1.8385952205799731e+02 2.5437789549027880e+00
822 1.8795278362452856e+02 2.6004110646423646e+00
823 1.8807096737476658e+02 2.6020461898363272e+00
824 1.8260339886100510e+02 2.5263999270585513e+00
825 1.8375403988534580e+02 2.5423195617318228e+00
826 1.8722812235412704e+02 2.5903850509312063e+00
827 1.8326005477613867e+02 2.5354850561768698e+00
828 1.8041173202191470e+02 2.4960772333028380e+00
829 1.8449883380389488e+02 2.5526241196602784e+00
830 1.8385432651892910e+02 2.5437070722894037e+00
831 1.7899595061306354e+02 2.4764892624854107e+00
832 1.8077088144239161e+02 2.5010462266258302e+00
833 1.8342789125699696e+02 2.5378071491698972e+00
834 1.7878967551783171e+02 2.4736353540215030e+00
835 1.7761587325333511e+02 2.4573952732020730e+00
836 1.8142430040837579e+02 2.5100865711007851e+00
837 1.7914833003343577e+02 2.4785975001135978e+00
838 1.7538063992950012e+02 2.4264698175888721e+00
839 1.7865255655543072e+02 2.4717382516741808e+00
840 1.7896051214647500e+02 2.4759989554048039e+00
841 1.7433117028434529e+02 2.4119499343254316e+00
842 1.7555548339046712e+02 2.4288888552945722e+00
843 1.7811079613188164e+02 2.4642427532164581e+00
844 1.7380497447320357e+02 2.4046697792616212e+00
845 1.7295277232842690e+02 2.3928791803470753e+00
846 1.7634168433998852e+02 2.4397662980689869e+00
847 1.7361837352009078e+02 2.4020880713784503e+00
848 1.7079234650829392e+02 2.3629887201012942e+00
849 1.7420285853402922e+02 2.4101746837076377e+00
850 1.7314488368971098e+02 2.3955371271989008e+00
851 1.6932446592292243e+02 2.3426799338084607e+00
852 1.7173563967723089e+02 2.3760396041925111e+00
853 1.7247239790384489e+02 2.3862329847187640e+00
854 1.6813431390238981e+02 2.3262136467808521e+00
855 1.6945412394286711e+02 2.3444738106704142e+00
856 1.7130154095310132e+02 2.3700336536361801e+00
857 1.6730464531841730e+02 2.3147348097870983e+00
858 1.6722740230078045e+02 2.3136661179919797e+00
859 1.6996228612844601e+02 2.3515044624358703e+00
860 1.6642340749923065e+02 2.3025424892936059e+00
861 1.6535885894821695e+02 2.2878139826042068e+00
862 1.6829402631505289e+02 2.3284233396464789e+00
863 1.6564183761326490e+02 2.2917291193606726e+00
864 1.6357642135547604e+02 2.2631531590249327e+00
865 1.6665529782015466e+02 2.3057507958942618e+00
866 1.6465060802877366e+02 2.2780150134591546e+00
867 1.6208749135295733e+02 2.2425531446044902e+00
868 1.6486862365850851e+02 2.2810313574839389e+00
869 1.6368058035864138e+02 2.2645942455525705e+00
870 1.6059411045852602e+02 2.2218915500980607e+00
871 1.6323722591249631e+02 2.2584602379306498e+00
872 1.6248828225219685e+02 2.2480982664637783e+00
873 1.5929449021690147e+02 2.2039107211314359e+00
874 1.6154288028069095e+02 2.2350182061431507e+00
875 1.6133284222658031e+02 2.2321122354553404e+00
876 1.5791387600682677e+02 2.1848093042827621e+00
877 1.6004275074500461e+02 2.2142632411579637e+00
878 1.5999069081044024e+02 2.2135429686126193e+00
879 1.5666492737105170e+02 2.1675295397109986e+00
880 1.5850011888784016e+02 2.1929202374913941e+00
881 1.5871506813432231e+02 2.1958941567285009e+00
882 1.5530103520219706e+02 2.1486594798030065e+00
883 1.5714936442171890e+02 2.1742319435934241e+00
884 1.5728203544082643e+02 2.1760675066502277e+00
885 1.5404669301126478e+02 2.1313050929764508e+00
886 1.5575257001759235e+02 2.1549066665026770e+00
887 1.5592865048129838e+02 2.1573428186961086e+00
888 1.5267704426346648e+02 2.1123553882167525e+00
889 1.5453289826642703e+02 2.1380319607611646e+00
890 1.5442814294401609e+02 2.1365826238892951e+00
891 1.5142260127023886e+02 2.0949996067452270e+00
892 1.5325569143987641e+02 2.1203612314452647e+00
893 1.5300338934487334e+02 2.1168705187948520e+00
894 1.5007509886677667e+02 2.0763563065928055e+00
895 1.5213346126265847e+02 2.1048346735851649e+00
896 1.5143035433149353e+02 2.0951068738251966e+00
897 1.4886723958848961e+02 2.0596450317118586e+00
898 1.5093118518382624e+02 2.0882006447729298e+00
899 1.4992560935628239e+02 2.0742880521640026e+00
900 1.4760286680779228e+02 2.0421518671768437e+00
901 1.4984612523531288e+02 2.0731883536990656e+00
902 1.4827807840620864e+02 2.0514937224962324e+00
903 1.4651143729019012e+02 2.0270514502576682e+00
904 1.4863807189902377e+02 2.0564743939386187e+00
905 1.4670964048519130e+02 2.0297936803613639e+00
906 1.4539955510472043e+02 2.0116680615048304e+00
907 1.4748729445444394e+02 2.0405528718301498e+00
908 1.4503411257799385e+02 2.0066120002342029e+00
909 1.4448076502820413e+02 1.9989561886877216e+00
910 1.4615238077740347e+02 2.0220837423542433e+00
911 1.4348843696858847e+02 1.9852268848901540e+00
912 1.4354621071209758e+02 1.9860262105450854e+00
913 1.4480903271964223e+02 2.0034979194379590e+00
914 1.4191510763651709e+02 1.9634591678893887e+00
915 1.4277345953323012e+02 1.9753348513803464e+00
916 1.4323803333510725e+02 1.9817624383064203e+00
917 1.4056047189526635e+02 1.9447171748091185e+00
918 1.4191836219204541e+02 1.9635041961249016e+00
919 1.4164257367731989e+02 1.9596885383231730e+00
920 1.3927531106784735e+02 1.9269363983235652e+00
921 1.4111185731502664e+02 1.9523458394065607e+00
922 1.3986215059776748e+02 1.9350555864374395e+00
923 1.3828066637796996e+02 1.9131750429072394e+00
924 1.4008226518375386e+02 1.9381009704634169e+00
925 1.3815608594969538e+02 1.9114514168035139e+00
926 1.3738516799972166e+02 1.9007854211827848e+00
927 1.3894962492325482e+02 1.9224303844318475e+00
928 1.3643029185875579e+02 1.8875742814781926e+00
929 1.3673023781343696e+02 1.8917241682971384e+00
930 1.3748424641365239e+02 1.9021562154795448e+00
931 1.3497338052151923e+02 1.8674172596533856e+00
932 1.3603545990620214e+02 1.8821116043190931e+00
933 1.3588660532558367e+02 1.8800521344299095e+00
934 1.3368907178656690e+02 1.8496482722493008e+00
935 1.3535070729866607e+02 1.8726377448590668e+00
936 1.3405859396597990e+02 1.8547607773447079e+00
937 1.3279267664173716e+02 1.8372462433569619e+00
938 1.3435417953744627e+02 1.8588503363060973e+00
939 1.3232506515815214e+02 1.8307766287419558e+00
940 1.3206473157063081e+02 1.8271747967901562e+00
941 1.3312750710930652e+02 1.8418787730586028e+00
942 1.3068293684347506e+02 1.8080570469581640e+00
943 1.3154899559465892e+02 1.8200393582375110e+00
944 1.3149241544927560e+02 1.8192565465480188e+00
945 1.2944969468662998e+02 1.7909945885672853e+00
946 1.3087156304088501e+02 1.8106667750045766e+00
947 1.2974101416368532e+02 1.7950251241990101e+00
948 1.2851177223338405e+02 1.7780180107366022e+00
949 1.2999757170054681e+02 1.7985747127962441e+00
950 1.2792080611931787e+02 1.7698417294801545e+00
951 1.2796161220676490e+02 1.7704063000028982e+00
952 1.2863652358533218e+02 1.7797440016460164e+00
953 1.2643973166971118e+02 1.7493504001577316e+00
954 1.2742232524663727e+02 1.7629450230210433e+00
955 1.2699872973342255e+02 1.7570843890987657e+00
956 1.2529882133608321e+02 1.7335653939550151e+00
957 1.2677557754514513e+02 1.7539969784826239e+00
958 1.2513961739493620e+02 1.7313627360208799e+00
959 1.2465948592378344e+02 1.7247199017622352e+00
960 1.2562954555626391e+02 1.7381411118822427e+00
961 1.2353136033341447e+02 1.7091117782168981e+00
962 1.2416368591049734e+02 1.7178602861953032e+00
963 1.2410776703515391e+02 1.7170866234734152e+00
964 1.2227422543801688e+02 1.6917187530714419e+00
965 1.2363283430288392e+02 1.7105157160990243e+00
966 1.2226322534554895e+02 1.6915665618582336e+00
967 1.2158609720010155e+02 1.6821981902510339e+00
968 1.2259882188249895e+02 1.6962096904733639e+00
969 1.2061847400292508e+02 1.6688106893062811e+00
970 1.2111553317862774e+02 1.6756877259500231e+00
971 1.2112817060154185e+02 1.6758625703643526e+00
972 1.1934837014501176e+02 1.6512382327474002e+00
973 1.2062428295792748e+02 1.6688910588042525e+00
974 1.1929777631040406e+02 1.6505382443525523e+00
975 1.1868899552735999e+02 1.6421154891603122e+00
976 1.1959521798926397e+02 1.6546534833922584e+00
977 1.1768471975372159e+02 1.6282208833802851e+00
978 1.1825473162874825e+02 1.6361072533409342e+00
979 1.1809338156523134e+02 1.6338749028412030e+00
980 1.1650523225049808e+02 1.6119021447330457e+00
981 1.1773487082798175e+02 1.6289147459871318e+00
982 1.1627175662423485e+02 1.6086719047219584e+00
983 1.1595112542501226e+02 1.6042358282667484e+00
984 1.1660418813668007e+02 1.6132712438034440e+00
985 1.1476720412984794e+02 1.5878557461193017e+00
986 1.1554512906088752e+02 1.5986186864659455e+00
987 1.1500798526903593e+02 1.5911870611784735e+00
988 1.1378003135658440e+02 1.5741977680207364e+00
989 1.1490411877193594e+02 1.5897500216034490e+00
990 1.1323118077157271e+02 1.5666041739990004e+00
991 1.1337115141882035e+02 1.5685407306852532e+00
992 1.1357446242639772e+02 1.5713536296669675e+00
993 1.1194255500997572e+02 1.5487754585949542e+00
994 1.1292328286130811e+02 1.5623442683078361e+00
995 1.1188254254222700e+02 1.5479451591860238e+00
996 1.1122601915326932e+02 1.5388618636267914e+00
997 1.1203643858983648e+02 1.5500743800322971e+00
998 1.1026127745704129e+02 1.5255142295401112e+00
999 1.1091790646687080e+02 1.5345989864114800e+00
1000 1.1046280985444902e+02 1.5283025206523613e+00
1001 1.0931071052033084e+02 1.5123627096092169e+00
1002 1.1027517390570732e+02 1.5257064931404341e+00
1003 1.0878448925429245e+02 1.5050822023654935e+00
1004 1.0885948747583646e+02 1.5061198363998005e+00
1005 1.0903476375632623e+02 1.5085448623577318e+00
1006 1.0749465632141246e+02 1.4872367852052897e+00
1007 1.0847935700442220e+02 1.5008605608263774e+00
1008 1.0730337525838179e+02 1.4845903259022171e+00
1009 1.0694014043432108e+02 1.4795648091882012e+00
1010 1.0745349093440547e+02 1.4866672436119759e+00
1011 1.0586961812887775e+02 1.4647536529268368e+00
1012 1.0658452939160314e+02 1.4746447709085870e+00
1013 1.0588749890076306e+02 1.4650010414260026e+00
1014 1.0505676281644328e+02 1.4535074350861341e+00
1015 1.0586018802096351e+02 1.4646231831541201e+00
1016 1.0426777047387351e+02 1.4425913721368606e+00
1017 1.0476413690183583e+02 1.4494588243048943e+00
1018 1.0438549268668125e+02 1.4442201117534601e+00
1019 1.0332813331373561e+02 1.4295910705672230e+00
1020 1.0416156061631177e+02 1.4411219111187712e+00
1021 1.0277119772653946e+02 1.4218856169138674e+00
1022 1.0292598593806407e+02 1.4240271812480723e+00
1023 1.0290964290085267e+02 1.4238010679978461e+00
1024 1.0161856209274350e+02 1.4059383859241323e+00
1025 1.0250653120322363e+02 1.4182238368518822e+00
1026 1.0123540928551814e+02 1.4006372949791426e+00
1027 1.0120112862843332e+02 1.4001630067123370e+00
1028 1.0134790864773078e+02 1.4021937741151331e+00
1029 1.0002457385133695e+02 1.3838848436464937e+00
1030 1.0080163416475980e+02 1.3946358216205998e+00
1031 9.9759222374926125e+01 1.3802135869512144e+00
1032 9.9476337742385809e+01 1.3762997511766688e+00
1033 9.9824910009247589e+01 1.3811224048351833e+00
1034 9.8415943646438080e+01 1.3616287232365214e+00
1035 9.9176274849829284e+01 1.3721482464697667e+00
1036 9.8223443664628874e+01 1.3589653996454216e+00
1037 9.7860258387287729e+01 1.3539405684324941e+00
1038 9.8239885301535139e+01 1.3591928770666515e+00
1039 9.6890005893273454e+01 1.3405166899866614e+00
1040 9.7528407905324897e+01 1.3493492681683441e+00
1041 9.6735239404073567e+01 1.3383754261905625e+00
1042 9.6238252612946951e+01 1.3314993910198969e+00
1043 9.6710481148412697e+01 1.3380328846185769e+00
1044 9.5331235861412225e+01 1.3189504074346434e+00
1045 9.5970266063335330e+01 1.3277916769049649e+00
1046 9.5188996458243537e+01 1.3169824614926089e+00
1047 9.4711811922735052e+01 1.3103803994104033e+00
1048 9.5136346944089908e+01 1.3162540318492011e+00
1049 9.3840100825671300e+01 1.2983198853905393e+00
1050 9.4397115392324437e+01 1.3060264317601071e+00
1051 9.3690569574817204e+01 1.2962510534651361e+00
1052 9.3173529274213735e+01 1.2890975689961792e+00
1053 9.3623850566735783e+01 1.2953279660625920e+00
1054 9.2313655909934837e+01 1.2772008353190183e+00
1055 9.2910319008042094e+01 1.2854559369049647e+00
1056 9.2141117204088303e+01 1.2748136849341709e+00
1057 9.1722434258231416e+01 1.2690210185847421e+00
1058 9.2072298831819680e+01 1.2738615518864609e+00
1059 9.0852976764905520e+01 1.2569916841834088e+00
1060 9.1406571089561410e+01 1.2646509099708503e+00
1061 9.0641934313976307e+01 1.2540718172151073e+00
1062 9.0258967793718526e+01 1.2487733036338702e+00
1063 9.0578291629399132e+01 1.2531912921280799e+00
1064 8.9364770954802694e+01 1.2364016892898648e+00
1065 8.9978991499717409e+01 1.2448997060275027e+00
1066 8.9100021573271690e+01 1.2327387628473079e+00
1067 8.8878864190164848e+01 1.2296789512554389e+00
1068 8.9043009894675578e+01 1.2319499807022596e+00
1069 8.7948837799099863e+01 1.2168116189866809e+00
1070 8.8526218461399679e+01 1.2247999394244051e+00
1071 8.7613387784361677e+01 1.2121705175720712e+00
1072 8.7487401998235370e+01 1.2104274477121164e+00
1073 8.7556548919182347e+01 1.2113841263781566e+00
1074 8.6519279043120306e+01 1.1970330323921248e+00
1075 8.7133272057125197e+01 1.2055279011375699e+00
1076 8.6096880827087375e+01 1.1911889636133854e+00
1077 8.6173592472483023e+01 1.1922503036352086e+00
1078 8.6025737332705987e+01 1.1902046614583492e+00
1079 8.5172481330271452e+01 1.1783994819504162e+00
1080 8.5700576235157371e+01 1.1857059118279856e+00
1081 8.4647842597649088e+01 1.1711408697663235e+00
1082 8.4842859789944512e+01 1.1738390200935545e+00
1083 8.4539241810835293e+01 1.1696383291696191e+00
1084 8.3826050555951781e+01 1.1597710082678432e+00
1085 8.4306484923399807e+01 1.1664180332325922e+00
1086 8.3190352111713466e+01 1.1509758351594970e+00
1087 8.3573292531179689e+01 1.1562739876245760e+00
1088 8.3015117710177961e+01 1.1485513886156820e+00
1089 8.2567973931299662e+01 1.1423649538757530e+00
1090 8.2856668767816828e+01 1.1463591764283920e+00
1091 8.1820954236371236e+01 1.1320296013327533e+00
1092 8.2266946378939366e+01 1.1382001026677833e+00
1093 8.1546624257698980e+01 1.1282341230315247e+00
1094 8.1311947194424860e+01 1.1249872606005062e+00
1095 8.1429643063411092e+01 1.1266156357385191e+00
1096 8.0468966146561570e+01 1.1133242396977319e+00
1097 8.0990634203054000e+01 1.1205417512451179e+00
1098 8.0067206053497969e+01 1.1077657086071713e+00
1099 8.0129738877408059e+01 1.1086308782740595e+00
1100 7.9945952043719430e+01 1.1060881049953502e+00
1101 7.9222558019515972e+01 1.0960796242037449e+00
1102 7.9647425652339464e+01 1.1019578584713987e+00
1103 7.8675596745463494e+01 1.0885121696465496e+00
1104 7.8923822679820830e+01 1.0919464867861324e+00
1105 7.8495621652493412e+01 1.0860221335103764e+00
1106 7.8003665190849901e+01 1.0792156952043830e+00
1107 7.8303958851986678e+01 1.0833703926981004e+00
1108 7.7314701317590774e+01 1.0696835709941828e+00
1109 7.7747289614216328e+01 1.0756686241085176e+00
1110 7.7023223003807530e+01 1.0656508377850837e+00
1111 7.6877545942138070e+01 1.0636353302957846e+00
1112 7.6882019288653865e+01 1.0636972210512781e+00
1113 7.6075408293379027e+01 1.0525373961392668e+00
1114 7.6497516040085245e+01 1.0583774461445856e+00
1115 7.5633022201067547e+01 1.0464167861269738e+00
1116 7.5744809691706109e+01 1.0479634162004385e+00
1117 7.5469239783819148e+01 1.0441507829223740e+00
1118 7.4888089921450188e+01 1.0361103139110792e+00
1119 7.5227332502488267e+01 1.0408038871815424e+00
1120 7.4284065653184967e+01 1.0277533672342627e+00
1121 7.4642320852246485e+01 1.0327099886028843e+00
1122 7.4023562665853476e+01 1.0241491915601080e+00
1123 7.3810376585713229e+01 1.0211996665201815e+00
1124 7.3859725229910509e+01 1.0218824271471914e+00
1125 7.3071348675778324e+01 1.0109748839071537e+00
1126 7.3459405354177903e+01 1.0163438221093914e+00
1127 7.2657952687473639e+01 1.0052553649868392e+00
1128 7.2737386194016736e+01 1.0063543631784844e+00
1129 7.2483060760446961e+01 1.0028356567314651e+00
1130 7.1931277171030700e+01 9.9520148327824021e-01
1131 7.2236062741001504e+01 9.9941832834544986e-01
1132 7.1348451482654767e+01 9.8713782846247411e-01
1133 7.1687027162543387e+01 9.9182217485640678e-01
1134 7.1072824163037353e+01 9.8332440086736772e-01
1135 7.0909079330229488e+01 9.8105891766036069e-01
1136 7.0901190171896218e+01 9.8094976761626484e-01
1137 7.0191409130025960e+01 9.7112962854112361e-01
1138 7.0540665659435831e+01 9.7596174927890600e-01
1139 6.9753435889484436e+01 9.6507007231238140e-01
1140 6.9888140609444676e+01 9.6693377253266610e-01
1141 6.9551967057080617e+01 9.6228266065047130e-01
1142 6.9121157092592881e+01 9.5632221155890551e-01
1143 6.9332282870397165e+01 9.5924323139189849e-01
1144 6.8514722610363890e+01 9.4793191849083769e-01
1145 6.8865558633485179e+01 9.5278589223257404e-01
1146 6.8187612640555670e+01 9.4340620533862707e-01
1147 6.8160632256021501e+01 9.4303291961697944e-01
1148 6.8008669429200395e+01 9.4093044574742846e-01
1149 6.7444391226860319e+01 9.3312340372014491e-01
1150 6.7720929825906495e+01 9.3694943927488794e-01
1151 6.6943311354438279e+01 9.2619073893387138e-01
1152 6.7174575937920665e+01 9.2939038817635811e-01
1153 6.6688123965207964e+01 9.2266010694367240e-01
1154 6.6459316239946261e+01 9.1949444943665293e-01
1155 6.6498450230653702e+01 9.2003588575101225e-01
1156 6.5810730553313832e+01 9.1052097554941902e-01
1157 6.6144042945198038e+01 9.1513250199304752e-01
1158 6.5396483087452495e+01 9.0478967605519167e-01
1159 6.5548092035534054e+01 9.0688725385365443e-01
1160 6.5181313363057754e+01 9.0181270640727262e-01
1161 6.4849061832885567e+01 8.9721585746126231e-01
1162 6.4965657739521319e+01 8.9882901412678584e-01
1163 6.4267750101194764e+01 8.8917314891529586e-01
1164 6.4557854576356505e+01 8.9318687445085321e-01
1165 6.3917612005551568e+01 8.8432883131326301e-01
1166 6.3938572913633934e+01 8.8461883487826065e-01
1167 6.3720021097899235e+01 8.8159507247967051e-01
1168 6.3269722089145951e+01 8.7536498371919358e-01
1169 6.3475520650150322e+01 8.7821229911832244e-01
1170 6.2747301326714137e+01 8.6813705814752196e-01
1171 6.3031077683673814e+01 8.7206323132937813e-01
1172 6.2441430555446551e+01 8.6390519883362182e-01
1173 6.2407060923845016e+01 8.6342967956446937e-01
1174 6.2248864901390895e+01 8.6124096663753602e-01
1175 6.1771801871696404e+01 8.5464058564276646e-01
1176 6.1980582864997203e+01 8.5752916433043835e-01
1177 6.1295511757170615e+01 8.4805089827603464e-01
1178 6.1516081654522267e+01 8.5110258173897335e-01
1179 6.1017688915386003e+01 8.4420709464697885e-01
1180 6.0899767639903530e+01 8.4257560090898809e-01
1181 6.0824288769976654e+01 8.4153131688871707e-01
1182 6.0296453115425138e+01 8.3422847385580667e-01
1183 6.0540524670250861e+01 8.3760531329118937e-01
1184 5.9853966865519183e+01 8.2810647811826976e-01
1185 6.0069761174533262e+01 8.3109208917454480e-01
1186 5.9592773897216041e+01 8.2449275624789242e-01
1187 5.9467877876643094e+01 8.2276476378316510e-01
1188 5.9397547311998999e+01 8.2179170887567088e-01
1189 5.8891162219070360e+01 8.1478564398411724e-01
1190 5.9107892029611740e+01 8.1778419812362668e-01
1191 5.8470543438766470e+01 8.0896619449682661e-01
1192 5.8642420612928014e+01 8.1134419229409260e-01
1193 5.8217311983991365e+01 8.0546262373711841e-01
1194 5.8059178899803570e+01 8.0327478158932963e-01
1195 5.8021135244495945e+01 8.0274843055427914e-01
1196 5.7503679078044733e+01 7.9558919239478887e-01
1197 5.7734365635618467e+01 7.9878084438956520e-01
1198 5.7095293952895879e+01 7.8993900101377734e-01
1199 5.7283171205173979e+01 7.9253836706836345e-01
1200 5.6843892657349564e+01 7.8646075132788784e-01
1201 5.6720740116969843e+01 7.8475688069364391e-01
1202 5.6648501014077198e+01 7.8375742030343687e-01
1203 5.6180852661532782e+01 7.7728729558984067e-01
1204 5.6372420843346305e+01 7.7993772731005639e-01
1205 5.5776042565797809e+01 7.7168656634429200e-01
1206 5.5943357436126064e+01 7.7400144262167647e-01
1207 5.5520834301898319e+01 7.6815564554368199e-01
1208 5.5404392078014894e+01 7.6654461514796879e-01
1209 5.5326893831389150e+01 7.6547239214531004e-01
1210 5.4876663791626562e+01 7.5924325760175437e-01
1211 5.5067251260771471e+01 7.6188012072231692e-01
1212 5.4469001537999453e+01 7.5360306747247852e-01
1213 5.4666764953719870e+01 7.5633921303256868e-01
1214 5.4205013042488908e+01 7.4995066822929790e-01
1215 5.4154174891038906e+01 7.4924729960135228e-01
1216 5.4011937065774134e+01 7.4727937549032619e-01
1217 5.3636573255045526e+01 7.4208604880549811e-01
1218 5.3772586123568900e+01 7.4396784784790271e-01
1219 5.3220727567800829e+01 7.3633263720157549e-01
1220 5.3406570984895730e+01 7.3890386423415799e-01
1221 5.2942397876598584e+01 7.3248182108348758e-01
1222 5.2925076906483589e+01 7.3224217769290423e-01
1223 5.2747147627147157e+01 7.2978044630596928e-01
1224 5.2418861076198105e+01 7.2523845462593861e-01
1225 5.2528977206091611e+01 7.2676196067383370e-01
1226 5.1992219418507531e+01 7.1933567592853853e-01
1227 5.2201799729152455e+01 7.2223531353018733e-01
1228 5.1694469991011204e+01 7.1521617904841173e-01
1229 5.1756968496571403e+01 7.1608087390553621e-01
1230 5.1492062286653102e+01 7.1241577767189834e-01
1231 5.1265824777660988e+01 7.0928568025979777e-01
1232 5.1293022500024954e+01 7.0966197294780409e-01
1233 5.0827947399868407e+01 7.0322745033518486e-01
1234 5.1007379148201586e+01 7.0570996905459815e-01
1235 5.0505928621230936e+01 6.9877217609639353e-01
1236 5.0605949931447732e+01 7.0015601578619224e-01
1237 5.0289063795568801e+01 6.9577175396212954e-01
1238 5.0137238323312090e+01 6.9367118045458520e-01
1239 5.0103198349564643e+01 6.9320022214970678e-01
1240 4.9691842503782269e+01 6.8750892951626152e-01
1241 4.9858436721123205e+01 6.8981383523632911e-01
1242 4.9343066470085589e+01 6.8268345665218966e-01
1243 4.9506348065941189e+01 6.8494253076818457e-01
1244 4.9103766486624082e+01 6.7937263404684234e-01
1245 4.9069581299184229e+01 6.7889966664539625e-01
1246 4.8921777940220075e+01 6.7685474087930864e-01
1247 4.8624064969106477e+01 6.7273574838958883e-01
1248 4.8713231756199150e+01 6.7396941088334372e-01
1249 4.8248968977633275e+01 6.6754612710428529e-01
1250 4.8414464122623414e+01 6.6983582666540842e-01
1251 4.7979486955187490e+01 6.6381772245192250e-01
1252 4.8020945402098413e+01 6.6439131866045442e-01
1253 4.7788930570763547e+01 6.6118128940241705e-01
1254 4.7587604329735868e+01 6.5839585055615291e-01
1255 4.7606581408976581e+01 6.5865840695931177e-01
1256 4.7192132707745841e+01 6.5292432328348782e-01
1257 4.7360367092678324e+01 6.5525192145785527e-01
1258 4.6888027877485783e+01 6.4871689655551124e-01
1259 4.7020085127006439e+01 6.5054396783478408e-01
1260 4.6675727293482403e+01 6.4577962275181333e-01
1261 4.6614181584245472e+01 6.4492811025918273e-01
1262 4.6504833795089446e+01 6.4341523455001770e-01
1263 4.6209851536671934e+01 6.3933402269526551e-01
1264 4.6304156857148172e+01 6.4063877910318845e-01
1265 4.5871767568794219e+01 6.3465647935755320e-01
1266 4.6023280280041206e+01 6.3675272567624408e-01
1267 4.5626106524096990e+01 6.3125764861685796e-01
1268 4.5661513609633417e+01 6.3174752152653302e-01
1269 4.5448338495254561e+01 6.2879814820283386e-01
1270 4.5266205798708093e+01 6.2627826065342285e-01
1271 4.5278526836364719e+01 6.2644872773580551e-01
1272 4.4902970965246517e+01 6.2125274380934170e-01
1273 4.5055445650275232e+01 6.2336229946678068e-01
1274 4.4618269138478404e+01 6.1731376633758128e-01
1275 4.4751212124737279e+01 6.1915309218191028e-01
1276 4.4415670108228746e+01 6.1451071788154188e-01
1277 4.4386057941485809e+01 6.1410102027259250e-01
1278 4.4255969482845884e+01 6.1230118809822409e-01
1279 4.4014627818574233e+01 6.0896211792310528e-01
1280 4.4079390495740668e+01 6.0985813860995974e-01
1281 4.3693987090430063e+01 6.0452590963099107e-01
1282 4.3838501427648694e+01 6.0652533030599165e-01
1283 4.3453253763278177e+01 6.0119525607278412e-01
1284 4.3524061407224572e+01 6.0217491158641201e-01
1285 4.3280107030557673e+01 5.9879969336341488e-01
1286 4.3168664181226745e+01 5.9725783155702450e-01
1287 4.3128785610281646e+01 5.9670609364110772e-01
1288 4.2826869553904658e+01 5.9252894958154267e-01
1289 4.2944783175073205e+01 5.9416033741866714e-01
1290 4.2545175641847017e+01 5.8863158795895332e-01
1291 4.2693947595397105e+01 5.9068991466558485e-01
1292 4.2338848772400482e+01 5.8577696317556294e-01
1293 4.2380219088964090e+01 5.8634934006121031e-01
1294 4.2185875839668014e+01 5.8366051403766150e-01
1295 4.2041928713318917e+01 5.8166894097945432e-01
1296 4.2039268955612677e+01 5.8163214203859692e-01
1297 4.1729894658967744e+01 5.7735180987965118e-01
1298 4.1851513141616906e+01 5.7903445613711602e-01
1299 4.1480963526842828e+01 5.7390773601264888e-01
1300 4.1599146129438516e+01 5.7554284532846511e-01
1301 4.1300738523397797e+01 5.7141424225296134e-01
1302 4.1294234584274420e+01 5.7132425733795222e-01
1303 4.1162312874094170e+01 5.6949906130624783e-01
1304 4.0976555519254930e+01 5.6692902498357423e-01
1305 4.1020378355002059e+01 5.6753533357216368e-01
1306 4.0692009133052103e+01 5.6299219810175483e-01
1307 4.0834045862736886e+01 5.6495733996523356e-01
1308 4.0469881614300590e+01 5.5991896424810306e-01
1309 4.0587305072108997e+01 5.6154357045528502e-01
1310 4.0309883679327356e+01 5.5770532105324888e-01
1311 4.0296297664876398e+01 5.5751735244953171e-01
1312 4.0183555614137077e+01 5.5595751560892037e-01
1313 3.9999780272014632e+01 5.5341490132118354e-01
1314 4.0048535791617908e+01 5.5408945580339863e-01
1315 3.9739002139599890e+01 5.4980691889139000e-01
1316 3.9869240712377909e+01 5.5160882796219024e-01
1317 3.9538132005211040e+01 5.4702779048505346e-01
1318 3.9634094803310497e+01 5.4835547883932856e-01
1319 3.9394076492825860e+01 5.4503471785742219e-01
1320 3.9360397334815396e+01 5.4456875160010298e-01
1321 3.9279003069499879e+01 5.4344262543137467e-01
1322 3.9084618410926666e+01 5.4075322649190327e-01
1323 3.9153803031584786e+01 5.4171042675035674e-01
1324 3.8844162849542890e+01 5.3742641594768548e-01
1325 3.8986598119812349e+01 5.3939707179891216e-01
1326 3.8660266031800880e+01 5.3488212099026600e-01
1327 3.8767683455216648e+01 5.3636828922358015e-01
1328 3.8529391918106590e+01 5.3307141892582754e-01
1329 3.8513401487121087e+01 5.3285018414089258e-01
1330 3.8425775485330185e+01 5.3163783910288220e-01
1331 3.8257297840508215e+01 5.2930687531883336e-01
1332 3.8313491911354177e+01 5.3008434549393357e-01
1333 3.8033870452715796e+01 5.2621565719396535e-01
1334 3.8162940097190379e+01 5.2800139361738352e-01
1335 3.7863256226948820e+01 5.2385513285421337e-01
1336 3.7964308846991031e+01 5.2525324117802419e-01
1337 3.7743276968119126e+01 5.2219516599353843e-01
1338 3.7731464846161167e+01 5.2203173998811281e-01
1339 3.7651255193078654e+01 5.2092200346096684e-01
1340 3.7494601564101075e+01 5.1875463023959723e-01
1341 3.7554351186710889e+01 5.1958129306813594e-01
1342 3.7285982916020032e+01 5.1586829767085807e-01
1343 3.7424170310766556e+01 5.1778018225890876e-01
1344 3.7125960426114048e+01 5.1365431474749557e-01
1345 3.7249307418504181e+01 5.1536087571252187e-01
1346 3.7015054934975232e+01 5.1211988753271642e-01
1347 3.7039936509766889e+01 5.1246413528018908e-01
1348 3.6934536303811889e+01 5.1100587615523507e-01
1349 3.6822422746818944e+01 5.0945473480750558e-01
1350 3.6854773368853699e+01 5.0990232017370740e-01
1351 3.6627120783002567e+01 5.0675264453855251e-01
1352 3.6748016540134053e+01 5.0842529156431326e-01
1353 3.6475447545716946e+01 5.0465417727011563e-01
1354 3.6600315396080653e+01 5.0638177998736278e-01
1355 3.6371609184070877e+01 5.0321752696171596e-01
1356 3.6417192445625325e+01 5.0384819183096030e-01
1357 3.6301625395549458e+01 5.0224926985741969e-01
1358 3.6220529624655022e+01 5.0112727349289199e-01
1359 3.6239506889993748e+01 5.0138983247080027e-01
1360 3.6038577277067063e+01 4.9860988115221461e-01
1361 3.6158139629957674e+01 5.0026407993222588e-01
1362 3.5894076016984158e+01 4.9661064140525235e-01
1363 3.6040586658054785e+01 4.9863768183945523e-01
1364 3.5795510606169607e+01 4.9524694473670389e-01
1365 3.5886957078223276e+01 4.9651214769441010e-01
1366 3.5734416678044148e+01 4.9440168283838970e-01
1367 3.5713789528270283e+01 4.9411629696929210e-01
1368 3.5689219800245027e+01 4.9377636376170653e-01
1369 3.5546541977783320e+01 4.9180235209210715e-01
1370 3.5634033631567313e+01 4.9301283836518228e-01
1371 3.5408971276057564e+01 4.8989899972860651e-01
1372 3.5549124808937535e+01 4.9183808671961310e-01
1373 3.5314003411058508e+01 4.8858507672003676e-01
1374 3.5428804990009510e+01 4.9017340805722498e-01
1375 3.5259317381973474e+01 4.8782847097910681e-01
1376 3.5283341060771299e+01 4.8816084935070930e-01
1377 3.5228755920663524e+01 4.8740563945403192e-01
1378 3.5134218325418807e+01 4.8609766942050397e-01
1379 3.5198803943906611e+01 4.8699124042112280e-01
1380 3.5005207839295707e+01 4.8431275147941305e-01
1381 3.5147800089362072e+01 4.8628557921654075e-01
1382 3.4913224075605619e+01 4.8304011485092346e-01
1383 3.5064395334157496e+01 4.8513163701842443e-01
1384 3.4862385456120343e+01 4.8233673974749991e-01
1385 3.4951786966467104e+01 4.8357364974275635e-01
1386 3.4843002873822407e+01 4.8206857302766248e-01
1387 3.4825993605843998e+01 4.8183324217594775e-01
1388 3.4835510697845280e+01 4.8196491541252395e-01
1389 3.4709176813721747e+01 4.8021702946064382e-01
1390 3.4817916812688196e+01 4.8172149611992160e-01
1391 3.4621085382354728e+01 4.7899824499568694e-01
1392 3.4774140705394601e+01 4.8111583404044611e-01
1393 3.4572010315671193e+01 4.7831926943628866e-01
1394 3.4700040324734147e+01 4.8009062203747527e-01
1395 3.4559523506293033e+01 4.7814650882778437e-01
1396 3.4604680768218778e+01 4.7877127980109035e-01
1397 3.4569748270377225e+01 4.7828797302504261e-01
1398 3.4506460415941007e+01 4.7741235717216868e-01
1399 3.4582562427625554e+01 4.7846526263815731e-01
1400 3.4425963216709086e+01 4.7629864231507152e-01
1401 3.4578985162242148e+01 4.7841576956705301e-01
1402 3.4378527026361226e+01 4.7564234134486894e-01
1403 3.4548137504219902e+01 4.7798897838209459e-01
1404 3.4369150109761449e+01 4.7551260749784591e-01
1405 3.4491109725303843e+01 4.7719997348189824e-01
1406 3.4391161444443881e+01 4.7581714418600740e-01
1407 3.4420231959463642e+01 4.7621934780041758e-01
1408 3.4428823003041920e+01 4.7633820874169741e-01
1409 3.4354220380822873e+01 4.7530604800149101e-01
1410 3.4462956735979461e+01 4.7681046424702500e-01
1411 3.4311335482955563e+01 4.7471271620416589e-01
1412 3.4477759966188458e+01 4.7701527357671719e-01
1413 3.4303171352811241e+01 4.7459976180172991e-01
1414 3.4466406093236039e+01 4.7685818765182347e-01
1415 3.4331055622554146e+01 4.7498555318066360e-01
1416 3.4433313148647173e+01 4.7640033192012865e-01
1417 3.4385946885628748e+01 4.7574499842589357e-01
1418 3.4392265083449765e+01 4.7583241352667333e-01
1419 3.4451683544089263e+01 4.7665449458081527e-01
1420 3.4361299327537381e+01 4.7540398840443387e-01
1421 3.4510547967825424e+01 4.7746891028589522e-01
1422 3.4356456010068186e+01 4.7533697893485544e-01
1423 3.4549358966760941e+01 4.7800587786421722e-01
1424 3.4386595365908256e+01 4.7575397044142598e-01
1425 3.4563958276576500e+01 4.7820786586380098e-01
1426 3.4450771855484980e+01 4.7664188096005178e-01
1427 3.4560393484337581e+01 4.7815854536424535e-01
1428 3.4538661695926088e+01 4.7785787632412829e-01
1429 3.4552283140173053e+01 4.7804633511496475e-01
1430 3.4633553294270193e+01 4.7917074414931865e-01
1431 3.4555091010356698e+01 4.7808518325838045e-01
1432 3.4716335406101706e+01 4.8031607179709201e-01
1433 3.4578417746505032e+01 4.7840791911582481e-01
1434 3.4767649359124434e+01 4.8102602335320943e-01
1435 3.4616513355585894e+01 4.7893498895463105e-01
1436 3.4764204553305198e+01 4.8097836291958806e-01
1437 3.4635592060420841e+01 4.7919895139346863e-01
1438 3.4665272190003456e+01 4.7960958929878872e-01
1439 3.4556289748394505e+01 4.7810176833680817e-01
1440 3.4389146605422525e+01 4.7578926798442328e-01
1441 3.4235175629781857e+01 4.7365901047523085e-01
1442 3.3791464923504840e+01 4.6752007383459016e-01
1443 3.3465894848242975e+01 4.6301566581412329e-01
1444 3.2679664085124614e+01 4.5213781055522212e-01
1445 3.2042508551789865e+01 4.4332247796567292e-01
1446 3.0911446252091796e+01 4.2767372372955398e-01
1447 2.9915138699104233e+01 4.1388936185624831e-01
1448 2.8575041523061138e+01 3.9534851634666540e-01
1449 2.7368862328539951e+01 3.7866048617819398e-01
1450 2.6120167122530784e+01 3.6138422792091351e-01
1451 2.5043732201807288e+01 3.4649126797513963e-01
1452 2.4263141729046900e+01 3.3569144866320250e-01
1453 2.3697148598259485e+01 3.2786067983164635e-01
1454 2.3667317718307238e+01 3.2744795622734579e-01
1455 2.3822850038416092e+01 3.2959981563757151e-01
1456 2.4532566808313216e+01 3.3941906548113632e-01
1457 2.5224353550148283e+01 3.4899024534423695e-01
1458 2.6152037569418265e+01 3.6182516984857799e-01
1459 2.6668986105979265e+01 3.6897738472084796e-01
1460 2.6908450613010743e+01 3.7229048358358025e-01
1461 2.6559073914674833e+01 3.6745670025480620e-01
1462 2.5825771621013676e+01 3.5731113411105880e-01
1463 2.4981783259022961e+01 3.4563417656551693e-01
1464 2.4163097381125915e+01 3.3430729023643307e-01
1465 2.3871136157961825e+01 3.3026787575944877e-01
1466 2.3849596930193453e+01 3.2996987088219926e-01
1467 2.4457746787429528e+01 3.3838389693289395e-01
1468 2.5001203806011642e+01 3.4590286854387919e-01
1469 2.5616857292883182e+01 3.5442071067621289e-01
1470 2.5572161704540118e+01 3.5380232716399956e-01
1471 2.5186331642403491e+01 3.4846419519647281e-01
1472 2.4386224035896216e+01 3.3739434758505116e-01
1473 2.3712809026949188e+01 3.2807734888680173e-01
1474 2.3429187827854850e+01 3.2415332238360606e-01
1475 2.3568634124833270e+01 3.2608262444869540e-01
1476 2.4172551408443649e+01 3.3443809094482574e-01
1477 2.4589987740105826e+01 3.4021350982772219e-01
1478 2.4820593974594097e+01 3.4340405051658351e-01
1479 2.4306247769399086e+01 3.3628784006599582e-01
1480 2.3717368314604027e+01 3.2814042867650156e-01
1481 2.3052744519173380e+01 3.1894506036040865e-01
1482 2.2994726919340469e+01 3.1814236084385938e-01
1483 2.3280871185676222e+01 3.2210129511402125e-01
1484 2.3812903928790988e+01 3.2946220674974075e-01
1485 2.4066555857166549e+01 3.3297159495030798e-01
1486 2.3759773019177768e+01 3.2872711678422722e-01
1487 2.3191353821809720e+01 3.2086278223335496e-01
1488 2.2565551824776843e+01 3.1220453091098821e-01
1489 2.2554514755919282e+01 3.1205182811284421e-01
1490 2.2792420339767872e+01 3.1534335857411128e-01
1491 2.3348156936345223e+01 3.2303222365446776e-01
1492 2.3337309027759151e+01 3.2288213797352455e-01
1493 2.3017618697184894e+01 3.1845907885807562e-01
1494 2.2336152637762488e+01 3.0903069026533020e-01
1495 2.2049276992768043e+01 3.0506163704337719e-01
1496 2.2182151610206326e+01 3.0690001697440761e-01
1497 2.2603659142933395e+01 3.1273176275010856e-01
1498 2.2855801672924397e+01 3.1622026774700901e-01
1499 2.2518077203723383e+01 3.1154769823473616e-01
1500 2.2017531004208983e+01 3.0462241705251025e-01
1501 2.1556190169833172e+01 2.9823955968191240e-01
1502 2.1755003011783916e+01 3.0099022452460239e-01
1503 2.2053031717622162e+01 3.0511358534585536e-01
1504 2.2339956066425092e+01 3.0908331240684406e-01
1505 2.1958410001839415e+01 3.0380445146695284e-01
1506 2.1475313582627539e+01 2.9712059582203054e-01
1507 2.1143525072904534e+01 2.9253015297161511e-01
1508 2.1341428190895112e+01 2.9526823137527414e-01
1509 2.1716539250671083e+01 3.0045806113730517e-01
1510 2.1732284921269557e+01 3.0067590955250223e-01
1511 2.1371568357836651e+01 2.9568523410379727e-01
1512 2.0820375057538946e+01 2.8805922756529212e-01
1513 2.0816725653192663e+01 2.8800873641927971e-01
1514 2.1029264263607647e+01 2.9094930342514508e-01
1515 2.1371644204920052e+01 2.9568628348221609e-01
1516 2.1066243654498624e+01 2.9146092988463251e-01
1517 2.0653008426760071e+01 2.8574363515885703e-01
1518 2.0320901439432411e+01 2.8114878602793314e-01
1519 2.0554417592519378e+01 2.8437958674580460e-01
1520 2.0834654033155061e+01 2.8825678359754586e-01
1521 2.0773390648580268e+01 2.8740917719324816e-01
1522 2.0342698586692105e+01 2.8145035933703072e-01
1523 1.9960037200150367e+01 2.7615606741761767e-01
1524 2.0115680277757811e+01 2.7830945920751488e-01
1525 2.0349931074887103e+01 2.8155042405522468e-01
1526 2.0433851512503153e+01 2.8271150095080483e-01
1527 1.9938952675670283e+01 2.7586435356431149e-01
1528 1.9664807981683204e+01 2.7207143875980866e-01
1529 1.9656128692320021e+01 2.7195135689851341e-01
1530 2.0013823070366303e+01 2.7690021905684187e-01
1531 1.9962579602642876e+01 2.7619124269645529e-01
1532 1.9596947157221404e+01 2.7113255381549872e-01
1533 1.9256201163378940e+01 2.6641818015455515e-01
1534 1.9337693776602809e+01 2.6754566701070781e-01
1535 1.9639949634825207e+01 2.7172751238121673e-01
1536 1.9531763343902981e+01 2.7023070652108760e-01
1537 1.9188424709632312e+01 2.6548046251693269e-01
1538 1.8853852485280150e+01 2.6085150572603244e-01
1539 1.9090677307792276e+01 2.6412808336945143e-01
1540 1.9229734510650164e+01 2.6605200214286129e-01
1541 1.9149504725804057e+01 2.6494198708373623e-01
1542 1.8668560674179538e+01 2.5828791040979487e-01
1543 1.8589821783860877e+01 2.5719852254517384e-01
1544 1.8766836246949147e+01 2.5964759703898938e-01
1545 1.8916776295994449e+01 2.6172208487072762e-01
1546 1.8619861638199673e+01 2.5761413740384437e-01
1547 1.8260448334239534e+01 2.5264149313450118e-01
1548 1.8312319257011254e+01 2.5335915061691577e-01
1549 1.8504756815875705e+01 2.5602161055857625e-01
1550 1.8513007979439102e+01 2.5613576910740249e-01
1551 1.8072422570987662e+01 2.5004007236398068e-01
1552 1.7947500101649162e+01 2.4831171396871887e-01
1553 1.8048291446300642e+01 2.4970620743030805e-01
1554 1.8258823422977663e+01 2.5261901175836543e-01
1555 1.7942114502488788e+01 2.4823720178871125e-01
1556 1.7663509175126634e+01 2.4438257212071890e-01
1557 1.7648854352491330e+01 2.4417981607637457e-01
1558 1.7884852674774336e+01 2.4744495871841030e-01
1559 1.7795017569919253e+01 2.4620204974864934e-01
1560 1.7426509466218192e+01 2.4110357484556441e-01
1561 1.7325333998354076e+01 2.3970376686703612e-01
1562 1.7472814682844749e+01 2.4174422828705272e-01
1563 1.7586029533513475e+01 2.4331060652675424e-01
1564 1.7215762585984930e+01 2.3818779723041492e-01
1565 1.7045449840332552e+01 2.3583144400327247e-01
1566 1.7092096368796824e+01 2.3647681964712550e-01
1567 1.7304719291935267e+01 2.3941855315733704e-01
1568 1.7021056320826762e+01 2.3549394871958917e-01
1569 1.6774577359035600e+01 2.3208380172903589e-01
1570 1.6767837157116706e+01 2.3199054801227886e-01
1571 1.6973550717515568e+01 2.3483668738990479e-01
1572 1.6827610801793281e+01 2.3281754319688586e-01
1573 1.6502919466111461e+01 2.2832529293265341e-01
1574 1.6484778734679484e+01 2.2807430777655882e-01
1575 1.6633527349601920e+01 2.3013231158280864e-01
1576 1.6613532493187108e+01 2.2985567377593857e-01
1577 1.6241330373634842e+01 2.2470609050666082e-01
1578 1.6211664368145566e+01 2.2429564801450724e-01
1579 1.6320712223361930e+01 2.2580437400308656e-01
1580 1.6362722859019122e+01 2.2638560999059851e-01
1581 1.6000355637688763e+01 2.2137209694950619e-01
1582 1.5928074730792403e+01 2.2037205818215724e-01
1583 1.6048023347512419e+01 2.2203160109550077e-01
1584 1.6078531611516759e+01 2.2245369661199177e-01
1585 1.5774543396095535e+01 2.1824788330261613e-01
1586 1.5637196409696340e+01 2.1634762614100239e-01
1587 1.5803206448136690e+01 2.1864444948395634e-01
1588 1.5782777772302241e+01 2.1836180959083287e-01
1589 1.5543758938886343e+01 2.1505487682247193e-01
1590 1.5358326312290988e+01 2.1248933326070404e-01
1591 1.5562470437666773e+01 2.1531375880084089e-01
1592 1.5499842253039443e+01 2.1444726977565723e-01
1593 1.5288310954907287e+01 2.1152063938703852e-01
1594 1.5108575853411265e+01 2.0903392364055315e-01
1595 1.5309577977695675e+01 2.1181487818629677e-01
1596 1.5239414078843875e+01 2.1084412917479420e-01
1597 1.5004740607613327e+01 2.0759731644130983e-01
1598 1.4889469192297625e+01 2.0600248470727842e-01
1599 1.5046470750928348e+01 2.0817467169145751e-01
1600 1.4990867876553336e+01 2.0740538098470454e-01
1601 1.4709212291543450e+01 2.0350854963401183e-01
1602 1.4687131442882274e+01 2.0320305118877507e-01
1603 1.4787942453361644e+01 2.0459781673591390e-01
1604 1.4732243877601217e+01 2.0382720195756840e-01
1605 1.4426553477323361e+01 1.9959783815721366e-01
1606 1.4483869701443691e+01 2.0039083382618855e-01
1607 1.4546109112303498e+01 2.0125194399192031e-01
1608 1.4447104875045975e+01 1.9988217596270480e-01
1609 1.4174917059208640e+01 1.9611633544512988e-01
1610 1.4271207810317355e+01 1.9744856117638607e-01
1611 1.4317831313883389e+01 1.9809361826044453e-01
1612 1.4137526838267696e+01 1.9559902496762990e-01
1613 1.3957325528175753e+01 1.9310585901610960e-01
1614 1.4053493696438666e+01 1.9443638875871158e-01
1615 1.4084372035889125e+01 1.9486360443499101e-01
1616 1.3824419207997886e+01 1.9126704046345730e-01
1617 1.3763855671157206e+01 1.9042911676646648e-01
1618 1.3839234849581707e+01 1.9147202151008713e-01
1619 1.3823643749794639e+01 1.9125631165139609e-01
1620 1.3536167553143315e+01 1.8727894952790236e-01
1621 1.3580318177895638e+01 1.8788979322440313e-01
1622 1.3628370691396901e+01 1.8855462130187489e-01
1623 1.3527424400619907e+01 1.8715798409114062e-01
1624 1.3294140746498316e+01 1.8393040010073880e-01
1625 1.3395429310336439e+01 1.8533177281279486e-01
1626 1.3407356135082930e+01 1.8549678578274789e-01
1627 1.3211925184000455e+01 1.8279291091711314e-01
1628 1.3102766678476796e+01 1.8128265403190200e-01
1629 1.3200927086858872e+01 1.8264074731013982e-01
1630 1.3157856303278312e+01 1.8204484370059579e-01
1631 1.2913259072030723e+01 1.7866073129613280e-01
1632 1.2946786367585526e+01 1.7912459646826248e-01
1633 1.2987479865651668e+01 1.7968760926642138e-01
1634 1.2874348140142260e+01 1.7812238110058348e-01
1635 1.2668726019376486e+01 1.7527750683129509e-01
1636 1.2795216636969029e+01 1.7702756126101926e-01
1637 1.2745646067960099e+01 1.7634173020469956e-01
1638 1.2577177843530901e+01 1.7401089675601011e-01
1639 1.2493370224463474e+01 1.7285138075565318e-01
1640 1.2611752574675203e+01 1.7448925366933091e-01
1641 1.2476098571308942e+01 1.7261241968733809e-01
1642 1.2307096530537875e+01 1.7027420065012416e-01
1643 1.2364281025434556e+01 1.7106537378620484e-01
1644 1.2371979156647363e+01 1.7117188088440694e-01
1645 1.2199777458496044e+01 1.6878939315218239e-01
1646 1.2098972968617611e+01 1.6739471782048224e-01
1647 1.2225095286133611e+01 1.6913967665345236e-01
1648 1.2083176331079272e+01 1.6717616425481172e-01
1649 1.1952628966398553e+01 1.6536998290953397e-01
1650 1.1950293147419220e+01 1.6533766580626089e-01
1651 1.2018436373065652e+01 1.6628045789762674e-01
1652 1.1790839142418015e+01 1.6313154812654082e-01
1653 1.1760525226757522e+01 1.6271214150655877e-01
1654 1.1811343570062514e+01 1.6341523607993358e-01
1655 1.1733342797518539e+01 1.6233606040579615e-01
1656 1.1554368180886280e+01 1.5985986630850421e-01
1657 1.1609879047267421e+01 1.6062788404339326e-01
1658 1.1618404312950057e+01 1.6074583491798328e-01
1659 1.1426347359384188e+01 1.5808864082134308e-01
1660 1.1399243792718936e+01 1.5771365081966057e-01
1661 1.1445010841263421e+01 1.5834685846434679e-01
1662 1.1355251097242181e+01 1.5710499214552395e-01
1663 1.1181681756026203e+01 1.5470358245806554e-01
1664 1.1282562595735820e+01 1.5609931412392561e-01
1665 1.1215272060718965e+01 1.5516831938988060e-01
1666 1.1079271638434880e+01 1.5328669254677907e-01
1667 1.1033593436098272e+01 1.5265471412922937e-01
1668 1.1116075610069238e+01 1.5379589200216973e-01
1669 1.0939589863108724e+01 1.5135413253312879e-01
1670 1.0867032971797688e+01 1.5035027539761442e-01
1671 1.0922548292209543e+01 1.5111835475601620e-01
1672 1.0853888736262402e+01 1.5016841900334837e-01
1673 1.0701617802447043e+01 1.4806168233533551e-01
1674 1.0726182901390947e+01 1.4840155149750431e-01
1675 1.0747222489519956e+01 1.4869264363623788e-01
1676 1.0559362635381648e+01 1.4609351829271941e-01
1677 1.0554970745031715e+01 1.4603275451981634e-01
1678 1.0575207595167111e+01 1.4631274041835307e-01
1679 1.0485211137845031e+01 1.4506759906483915e-01
1680 1.0343899004115263e+01 1.4311248231140389e-01
1681 1.0443452923241056e+01 1.4448985543581788e-01
1682 1.0343097821891856e+01 1.4310139759598567e-01
1683 1.0229813548525286e+01 1.4153405886212103e-01
1684 1.0228639907338341e+01 1.4151782100988178e-01
1685 1.0253768195380776e+01 1.4186548214583816e-01
1686 1.0081016941714710e+01 1.3947539106657281e-01
1687 1.0064955416729644e+01 1.3925317266426582e-01
1688 1.0105548199895402e+01 1.3981479202660385e-01
1689 9.9739052312969338e+00 1.3799345250970857e-01
1690 9.9003559529908873e+00 1.3697586525499900e-01
1691 9.9400285324264228e+00 1.3752475318598681e-01
1692 9.8823926160060527e+00 1.3672733443064802e-01
1693 9.7290184777018638e+00 1.3460533443370756e-01
1694 9.7998284507865616e+00 1.3558502217200849e-01
1695 9.7394007542972716e+00 1.3474897788720816e-01
1696 9.6283905548669591e+00 1.3321310198625094e-01
1697 9.5985485638079417e+00 1.3280022465480448e-01
1698 9.6467962560385576e+00 1.3346775311754111e-01
1699 9.4793852717537277e+00 1.3115154706045706e-01
1700 9.4623932824745900e+00 1.3091645526729681e-01
1701 9.4860598525310316e+00 1.3124389287928689e-01
1702 9.3864852043796638e+00 1.2986623295950639e-01
1703 9.2961959566959802e+00 1.2861704072001331e-01
1704 9.3460982355534057e+00 1.2930746113087005e-01
1705 9.2750466368704494e+00 1.2832443039403996e-01
1706 9.1495411305036800e+00 1.2658800541998017e-01
1707 9.2047746612028725e+00 1.2735218609131499e-01
1708 9.1448631126773599e+00 1.2652328294510340e-01
1709 9.0406918893813408e+00 1.2508202734647683e-01
1710 9.0254276693411786e+00 1.2487084001570088e-01
1711 9.0538176827064429e+00 1.2526362858449303e-01
1712 8.8894029775288903e+00 1.2298887739279094e-01
1713 8.9050928851130102e+00 1.2320595430167285e-01
1714 8.8973479379612108e+00 1.2309879948395626e-01
1715 8.8028611960702605e+00 1.2179153302938714e-01
1716 8.7328211421361210e+00 1.2082249746786905e-01
1717 8.7888978742886668e+00 1.2159834420951547e-01
1718 8.6718090856163776e+00 1.1997836829994210e-01
1719 8.6068508095845484e+00 1.1907964141505219e-01
1720 8.6450851871461261e+00 1.1960863117803150e-01
1721 8.5632285704987066e+00 1.1847610817124608e-01
1722 8.4766398306148698e+00 1.1727811411696711e-01
1723 8.4996289194137340e+00 1.1759617847188529e-01
1724 8.4635164294554901e+00 1.1709654597563665e-01
1725 8.3326176034204007e+00 1.1528550200487887e-01
1726 8.3832282023489331e+00 1.1598572234162496e-01
1727 8.3253306671520733e+00 1.1518468397316854e-01
1728 8.2366040127925384e+00 1.1395711091319115e-01
1729 8.2201282784797325e+00 1.1372916173904794e-01
1730 8.2358434692815745e+00 1.1394658845258740e-01
1731 8.0932725102143976e+00 1.1197405528598323e-01
1732 8.1098755776724882e+00 1.1220376617130469e-01
1733 8.0965264235750194e+00 1.1201907463681791e-01
1734 7.9959016610898761e+00 1.1062688591421775e-01
1735 7.9656133022719890e+00 1.1020783288461627e-01
1736 7.9858951209132316e+00 1.1048844094260128e-01
1737 7.8789765610830553e+00 1.0900917471075106e-01
1738 7.8367296007848326e+00 1.0842466906583084e-01
1739 7.8714034555838808e+00 1.0890439739937535e-01
1740 7.7572185014637158e+00 1.0732459734329890e-01
1741 7.7266749937471868e+00 1.0690201421424177e-01
1742 7.7327211362969068e+00 1.0698566530831710e-01
1743 7.6674840118123608e+00 1.0608308043001086e-01
1744 7.5817260763297787e+00 1.0489658092726718e-01
1745 7.6375921036873669e+00 1.0566951247356712e-01
1746 7.5319110569577967e+00 1.0420736779053037e-01
1747 7.4876776104410219e+00 1.0359537821777005e-01
1748 7.4945094925699793e+00 1.0368990037135499e-01
1749 7.4438386258057285e+00 1.0298884620206956e-01
1750 7.3521065894710977e+00 1.0171969233445098e-01
1751 7.3925181320618911e+00 1.0227880415214183e-01
1752 7.3217714570637842e+00 1.0129999217126023e-01
1753 7.2458377621805665e+00 1.0024941544371382e-01
1754 7.2722378270988912e+00 1.0061467218318319e-01
1755 7.2119783337762886e+00 9.9780955064638813e-02
1756 7.1381757314073928e+00 9.8759862957895295e-02
1757 7.1485013864461342e+00 9.8902723026762715e-02
1758 7.1153093305438819e+00 9.8443496045592424e-02
1759 7.0118668388795387e+00 9.7012322775950954e-02
1760 7.0537084827474157e+00 9.7591220686259167e-02
1761 6.9865706592082324e+00 9.6662338784004043e-02
1762 6.9238768064429275e+00 9.5794941210677109e-02
1763 6.9204137344647059e+00 9.5747028056553191e-02
1764 6.9001946300861317e+00 9.5467287678521667e-02
1765 6.7954180453937703e+00 9.4017656633451602e-02
1766 6.8298349504061830e+00 9.4493829951447325e-02
1767 6.7758984789943009e+00 9.3747594677127496e-02
1768 6.7026183488641005e+00 9.2733731208152842e-02
1769 6.7113949443735477e+00 9.2855159343626759e-02
1770 6.6763572968897140e+00 9.2370397775114882e-02
1771 6.5938548346604229e+00 9.1228939205020634e-02
1772 6.6048068401704354e+00 9.1380465113597514e-02
1773 6.5743712108144639e+00 9.0959374530045795e-02
1774 6.4819563032433098e+00 8.9680772832579012e-02
1775 6.5116134739958316e+00 9.0091093092186922e-02
1776 6.4550825961431064e+00 8.9308963041078757e-02
1777 6.3954126968536471e+00 8.8483403220435825e-02
1778 6.3904092396662140e+00 8.8414178146027478e-02
1779 6.3701151901390691e+00 8.8133400868250028e-02
1780 6.2735902162038046e+00 8.6797934559131637e-02
1781 6.3095236319941197e+00 8.7295089483946139e-02
1782 6.2464832597496871e+00 8.6422897658199743e-02
1783 6.1917143750761925e+00 8.5665145573039933e-02
1784 6.1929096174123055e+00 8.5681682286866775e-02
1785 6.1579633379637411e+00 8.5198184836104515e-02
1786 6.0810790651328341e+00 8.4134456436285365e-02
1787 6.1032117118302880e+00 8.4440671530587222e-02
1788 6.0498791772969307e+00 8.3702791993867945e-02
1789 5.9860118149128745e+00 8.2819158388606734e-02
1790 6.0069387544349109e+00 8.3108691983336133e-02
1791 5.9441913436338520e+00 8.2240553410561940e-02
1792 5.8975864919198591e+00 8.1595754383242472e-02
1793 5.9004470725976050e+00 8.1635331799986513e-02
1794 5.8560069569318403e+00 8.1020482866851803e-02
1795 5.7890027590096587e+00 8.0093449734943520e-02
1796 5.8211146987564097e+00 8.0537732824633723e-02
1797 5.7392995507729925e+00 7.9405783555414888e-02
1798 5.7140544259254344e+00 7.9056505929854359e-02
1799 5.7088565854555462e+00 7.8984591475545735e-02
1800 5.6574242001732058e+00 7.8273001355995672e-02
1801 5.6078687700443846e+00 7.7587379752872568e-02
1802 5.6286166028022144e+00 7.7874435325183705e-02
1803 5.5479981363390918e+00 7.6759042681550385e-02
1804 5.5285112246290780e+00 7.6489432517501635e-02
1805 5.5275156720122389e+00 7.6475658600508561e-02
1806 5.4563879691448278e+00 7.5491574928151214e-02
1807 5.4399375543799904e+00 7.5263976061310828e-02
1808 5.4321437211224186e+00 7.5156144882393819e-02
1809 5.3665093389331142e+00 7.4248063765558689e-02
1810 5.3469845693027489e+00 7.3977929820201321e-02
1811 5.3478319872393811e+00 7.3989654227450297e-02
1812 5.2628105624687684e+00 7.2813344680756759e-02
1813 5.2757375004364375e+00 7.2992194665709498e-02
1814 5.2394026881095517e+00 7.2489486239771569e-02
1815 5.1883928062319775e+00 7.1783741644333543e-02
1816 5.1758474930367466e+00 7.1610171609279141e-02
1817 5.1619419863354103e+00 7.1417782686974851e-02
1818 5.0853787761391800e+00 7.0358496332713946e-02
1819 5.1072145861300156e+00 7.0660604558038395e-02
1820 5.0553274720043637e+00 6.9942723060979803e-02
1821 5.0121212204792043e+00 6.9344945191660276e-02
1822 5.0141650609721724e+00 6.9373222641612262e-02
1823 4.9704989343654811e+00 6.8769082194270165e-02
1824 4.9247278086253710e+00 6.8135818139753723e-02
1825 4.9331169403925665e+00 6.8251885540562954e-02
1826 4.8790914215163488e+00 6.7504418254633242e-02
1827 4.8424964885142163e+00 6.6998110942480329e-02
1828 4.8534394467807589e+00 6.7149511678385815e-02
1829 4.7828288518363591e+00 6.6172582426083773e-02
1830 4.7736743996368807e+00 6.6045926473821751e-02
1831 4.7574920723484686e+00 6.5822036717464033e-02
1832 4.7076429732929004e+00 6.5132352073018915e-02
1833 4.6845762554724661e+00 6.4813213685768062e-02
1834 4.6847764885153209e+00 6.4815983999727267e-02
1835 4.6098349600039041e+00 6.3779134338954976e-02
1836 4.6227961824978108e+00 6.3958458665705986e-02
1837 4.5848177361409714e+00 6.3433009825738060e-02
1838 4.5410261915591263e+00 6.2827134164455498e-02
1839 4.5366362688081363e+00 6.2766397614166330e-02
1840 4.5072611038825219e+00 6.2359979031662863e-02
1841 4.4560734628007337e+00 6.1651775057903507e-02
1842 4.4661705702806094e+00 6.1791473068782687e-02
1843 4.4174837429708651e+00 6.1117868975259337e-02
1844 4.3832067611999346e+00 6.0643631558069844e-02
1845 4.3895034479102053e+00 6.0730749042983950e-02
1846 4.3302262101774849e+00 5.9910621871100522e-02
1847 4.3166088013622037e+00 5.9722218912271481e-02
1848 4.3035324129182966e+00 5.9541301212946388e-02
1849 4.2569060903145406e+00 5.8896205126236618e-02
1850 4.2369152008690021e+00 5.8619622204165778e-02
1851 4.2337155910196005e+00 5.8575354166765785e-02
1852 4.1670280528437331e+00 5.7652702164480388e-02
1853 4.1799527257953422e+00 5.7831520811920001e-02
1854 4.1394281787104603e+00 5.7270845526367090e-02
1855 4.1051109725513033e+00 5.6796051586724475e-02
1856 4.0981282684559419e+00 5.6699442743585578e-02
1857 4.0687852882047100e+00 5.6293469450488111e-02
1858 4.0248711753009312e+00 5.5685898001495544e-02
1859 4.0351937145497576e+00 5.5828714962011958e-02
1860 3.9812090424828632e+00 5.5081812810010407e-02
1861 3.9633526327399839e+00 5.4834761372012382e-02
1862 3.9574056403145232e+00 5.4752482064378369e-02
1863 3.9057185001008272e+00 5.4037367296086762e-02
1864 3.8982607177667585e+00 5.3934185532426654e-02
1865 3.8795841545168619e+00 5.3675786902792386e-02
1866 3.8356037886111851e+00 5.3067298813801844e-02
1867 3.8285122160072205e+00 5.2969183726015202e-02
1868 3.8087006097115301e+00 5.2695081266737082e-02
1869 3.7586835885241769e+00 5.2003073344279949e-02
1870 3.7716699630495292e+00 5.2182745660667551e-02
1871 3.7217848119633072e+00 5.1492562220207781e-02
1872 3.7039343556431819e+00 5.1245593150483867e-02
1873 3.6930053083669150e+00 5.1094384879368404e-02
1874 3.6569689000406140e+00 5.0595805006622883e-02
1875 3.6318663924546737e+00 5.0248500554845511e-02
1876 3.6317974573264658e+00 5.0247546806427013e-02
1877 3.5764503080427947e+00 4.9481794171014129e-02
1878 3.5790898253208567e+00 4.9518313076469124e-02
1879 3.5520008424498131e+00 4.9143524848120818e-02
1880 3.5147624554496035e+00 4.8628315061293580e-02
1881 3.5138527527126890e+00 4.8615728915895842e-02
1882 3.4807855948698099e+00 4.8158229955397994e-02
1883 3.4516023229273927e+00 4.7754466298387567e-02
1884 3.4493604929040051e+00 4.7723449574477217e-02
1885 3.4108919915936897e+00 4.7191220604421678e-02
1886 3.3890236774994675e+00 4.6888662670247681e-02
1887 3.3876595702000794e+00 4.6869789633912265e-02
1888 3.3360290378673914e+00 4.6155458061044964e-02
1889 3.3391569969389279e+00 4.6198734777795382e-02
1890 3.3101654249322876e+00 4.5797623375380354e-02
1891 3.2809771970807295e+00 4.5393791151144072e-02
1892 3.2719692464395296e+00 4.5269162113651749e-02
1893 3.2494321535425721e+00 4.4957351324771931e-02
1894 3.2127270009627118e+00 4.4449519075323948e-02
1895 3.2204843243486065e+00 4.4556845123790392e-02
1896 3.1723406851942682e+00 4.3890756282035391e-02
1897 3.1652318156351522e+00 4.3792401883115957e-02
1898 3.1494590349753091e+00 4.3574178388060041e-02
1899 3.1137709317850168e+00 4.3080417473097869e-02
1900 3.1061630543115055e+00 4.2975159075860810e-02
1901 3.0868079620928595e+00 4.2707372693600643e-02
1902 3.0518309780449786e+00 4.2223450430934777e-02
1903 3.0517294103955499e+00 4.2222045196948395e-02
1904 3.0203214144261787e+00 4.1787501485160895e-02
1905 2.9955237549135854e+00 4.1444414743212976e-02
1906 2.9958570908400075e+00 4.1449026595267495e-02
1907 2.9521766146398005e+00 4.0844687614862832e-02
1908 2.9486612157416654e+00 4.0796050494331521e-02
1909 2.9279615206911416e+00 4.0509660928792358e-02
1910 2.8990938077685877e+00 4.0110263172360661e-02
1911 2.8897312520049967e+00 3.9980728013947635e-02
1912 2.8717343672507165e+00 3.9731733041159074e-02
1913 2.8369238604794300e+00 3.9250114066285598e-02
1914 2.8434083570890647e+00 3.9339829985396514e-02
1915 2.8012529012656597e+00 3.8756590345928259e-02
1916 2.7938983178714936e+00 3.8654836385889922e-02
1917 2.7787571022365034e+00 3.8445350876231174e-02
1918 2.7483731185554934e+00 3.8024974833757386e-02
1919 2.7396030408718968e+00 3.7903636875327593e-02
1920 2.7227299013211059e+00 3.7670189421467139e-02
1921 2.6911244154763776e+00 3.7232913348673166e-02
1922 2.6914961110044175e+00 3.7238055923021644e-02
1923 2.6606578899287276e+00 3.6811395302451588e-02
1924 2.6423195426691124e+00 3.6557676042744201e-02
1925 2.6383114733023825e+00 3.6502222605300470e-02
1926 2.6010288274468554e+00 3.5986400477358314e-02
1927 2.5986062040665896e+00 3.5952882396263597e-02
1928 2.5771105810620565e+00 3.5655480810480041e-02
1929 2.5530733923890661e+00 3.5322915523694987e-02
1930 2.5455733329017027e+00 3.5219148836656305e-02
1931 2.5248244003595373e+00 3.4932078048335598e-02
1932 2.4990982767899625e+00 3.4576145589711726e-02
1933 2.5014022312265056e+00 3.4608021832742988e-02
1934 2.4620935351430417e+00 3.4064168391145101e-02
1935 2.4612654798967375e+00 3.4052711875401626e-02
1936 2.4402341174892843e+00 3.3761733543215287e-02
1937 2.4174547604475962e+00 3.3446570921229442e-02
1938 2.4101416205690644e+00 3.3345390350818731e-02
1939 2.3898550713569389e+00 3.3064716843263724e-02
1940 2.3669454718293208e+00 3.2747752258066865e-02
1941 2.3657671813018388e+00 3.2731450080115895e-02
1942 2.3329947070241626e+00 3.2278028198918202e-02
1943 2.3264654982098207e+00 3.2187693666400223e-02
1944 2.3124296109057054e+00 3.1993500869976370e-02
1945 2.2845119831576746e+00 3.1607247968079615e-02
1946 2.2838755686534764e+00 3.1598442887960550e-02
1947 2.2576917962101293e+00 3.1236178651896998e-02
1948 2.2430228267319436e+00 3.1033226879636059e-02
1949 2.2345639747371253e+00 3.0916194868205783e-02
1950 2.2101161638081743e+00 3.0577948438331511e-02
1951 2.1979574388471010e+00 3.0409727024894608e-02
1952 2.1895251122864887e+00 3.0293062004744131e-02
1953 2.1585071286105380e+00 2.9863914287969841e-02
1954 2.1621112591585483e+00 2.9913779050676333e-02
1955 2.1328488979331572e+00 2.9508921157961738e-02
1956 2.1227924581810580e+00 2.9369785803337198e-02
1957 2.1118376392294791e+00 2.9218220969534324e-02
1958 2.0896176447939050e+00 2.8910797380097161e-02
1959 2.0789700604575145e+00 2.8763483275000560e-02
1960 2.0684048445690331e+00 2.8617308774325823e-02
1961 2.0419482355727454e+00 2.8251269722175894e-02
1962 2.0425553234672869e+00 2.8259669055496383e-02
1963 2.0168483388881331e+00 2.7904001393389471e-02
1964 2.0052436839145105e+00 2.7743445786748127e-02
1965 1.9976791470153443e+00 2.7638787025796849e-02
1966 1.9718877639632706e+00 2.7281951672961515e-02
1967 1.9683737982054339e+00 2.7233334380569039e-02
1968 1.9504142439919230e+00 2.6984855892556035e-02
1969 1.9329978514056219e+00 2.6743892289281888e-02
1970 1.9272459663448347e+00 2.6664312379550401e-02
1971 1.9071159715414101e+00 2.6385804872459735e-02
1972 1.8932787313319142e+00 2.6194360447689899e-02
1973 1.8886188486228364e+00 2.6129888880294393e-02
1974 1.8605299748217536e+00 2.5741266712444009e-02
1975 1.8623253349689257e+00 2.5766106325360041e-02
1976 1.8391234409225483e+00 2.5445097714392143e-02
1977 1.8281879240204320e+00 2.5293799933101206e-02
1978 1.8192234675622700e+00 2.5169772657139825e-02
1979 1.8006366523667912e+00 2.4912615732093475e-02
1980 1.7896038918363395e+00 2.4759972541587450e-02
1981 1.7818543997137295e+00 2.4652754842161138e-02
1982 1.7579729912911892e+00 2.4322344845013787e-02
1983 1.7585547851350241e+00 2.4330394223797510e-02
1984 1.7361020935873521e+00 2.4019751165441930e-02
1985 1.7264417489191124e+00 2.3886095963964661e-02
1986 1.7187311741376483e+00 2.3779416703408850e-02
1987 1.6975476314613194e+00 2.3486332888944604e-02
1988 1.6935315900135079e+00 2.3430769154183358e-02
1989 1.6781412026835438e+00 2.3217836242362691e-02
1990 1.6631641062685651e+00 2.3010621395725839e-02
1991 1.6581961954659337e+00 2.2941888121494974e-02
1992 1.6397602599364756e+00 2.2686818684302668e-02
1993 1.6297040572090717e+00 2.2547686609021102e-02
1994 1.6232084233181912e+00 2.2457816600628702e-02
1995 1.6007055132492616e+00 2.2146478746506812e-02
1996 1.6018815521193710e+00 2.2162749771768086e-02
1997 1.5804857827447034e+00 2.1866729705741456e-02
1998 1.5732465077395432e+00 2.1766571088984738e-02
1999 1.5636474121131987e+00 2.1633763295474364e-02
2000 1.5478208531571467e+00 2.1414795753569010e-02
