# step 14
# iter abs_residual rel_residual
0 7.2278104865846586e+01 1.0000000000000000e+00
1 1.1546600861374977e+03 1.5975240195915910e+01
2 1.1527745212176324e+03 1.5949152559509766e+01
3 1.1585072720811945e+03 1.6028467739040309e+01
4 1.2484330970662647e+03 1.7272631862490684e+01
5 1.4402468346343858e+03 1.9926460956711420e+01
6 1.2677694538271380e+03 1.7540159031289079e+01
7 1.4124522130195830e+03 1.9541909899840302e+01
8 1.3004236603879774e+03 1.7991944625577251e+01
9 1.3783981910462714e+03 1.9070757231455897e+01
10 1.3232324643114389e+03 1.8307514658380356e+01
11 1.3547601259471205e+03 1.8743713998335370e+01
12 1.3364428175034398e+03 1.8490285820083063e+01
13 1.3388396176553235e+03 1.8523446625230520e+01
14 1.3429152194676030e+03 1.8579834404349025e+01
15 1.3277325809240122e+03 1.8369775790170209e+01
16 1.3450051727494251e+03 1.8608749845417950e+01
17 1.3195692023761392e+03 1.8256831786408284e+01
18 1.3443069584353682e+03 1.8599089737210178e+01
19 1.3132163294697564e+03 1.8168936940269550e+01
20 1.3418458874598559e+03 1.8565039716390178e+01
21 1.3079856800742600e+03 1.8096568559759231e+01
22 1.3382737217512561e+03 1.8515617201574244e+01
23 1.3034526903345843e+03 1.8033852613511204e+01
24 1.3340055733958047e+03 1.8456565454667302e+01
25 1.2993510853111986e+03 1.7977105068303722e+01
26 1.3293075319973045e+03 1.8391565944688171e+01
27 1.2955114809386482e+03 1.7923982419616724e+01
28 1.3243513570126897e+03 1.8322995040763480e+01
29 1.2918249965163418e+03 1.7872978254120842e+01
30 1.3192485335202603e+03 1.8252395188956342e+01
31 1.2882212246140432e+03 1.7823118453438635e+01
32 1.3140716232938100e+03 1.8180770313953616e+01
33 1.2846546044814017e+03 1.7773772664153466e+01
34 1.3088677968928080e+03 1.8108773041603147e+01
35 1.2810958289431303e+03 1.7724535408349972e+01
36 1.3036675101298410e+03 1.8036824741732545e+01
37 1.2775263299658691e+03 1.7675149788958230e+01
38 1.2984901357303277e+03 1.7965193444687291e+01
39 1.2739346838621104e+03 1.7625457754137656e+01
40 1.2933476589213028e+03 1.7894044971459198e+01
41 1.2703142383687791e+03 1.7575367266844843e+01
42 1.2882471280015682e+03 1.7823476838423591e+01
43 1.2666615286057984e+03 1.7524830388909812e+01
44 1.2831922934637314e+03 1.7753540935327919e+01
45 1.2629752087399063e+03 1.7473828500125730e+01
46 1.2781847130489650e+03 1.7684258814220001e+01
47 1.2592553284049632e+03 1.7422362287199320e+01
48 1.2732245007417464e+03 1.7615632052126209e+01
49 1.2555028382783469e+03 1.7370444903178512e+01
50 1.2683108376859841e+03 1.7547649319805231e+01
51 1.2517192522233115e+03 1.7318097293040449e+01
52 1.2634423194692297e+03 1.7480291186580921e+01
53 1.2479064168627851e+03 1.7265345005641613e+01
54 1.2586171941788002e+03 1.7413533413955516e+01
55 1.2440663539091813e+03 1.7212216012280052e+01
56 1.2538335239662297e+03 1.7347349190926295e+01
57 1.2402011533676864e+03 1.7158739229114957e+01
58 1.2490892942249400e+03 1.7281710644507633e+01
59 1.2363129023457723e+03 1.7104943532214339e+01
60 1.2443824862358467e+03 1.7216589844815537e+01
61 1.2324036388438403e+03 1.7050857118227864e+01
62 1.2397111252414761e+03 1.7151959470194605e+01
63 1.2284753213145223e+03 1.6996507083226128e+01
64 1.2350733099349136e+03 1.7087793215210876e+01
65 1.2245298121545438e+03 1.6941919194303171e+01
66 1.2304672309105833e+03 1.7024066045926631e+01
67 1.2205688672036536e+03 1.6887117744289480e+01
68 1.2258911806678298e+03 1.6960754338304426e+01
69 1.2165941326643385e+03 1.6832125509134830e+01
70 1.2213435565444788e+03 1.6897835918794236e+01
71 1.2126071450135673e+03 1.6776963746687247e+01
72 1.2168228618979426e+03 1.6835290080674561e+01
73 1.2086093333597923e+03 1.6721652229303178e+01
74 1.2123277032839519e+03 1.6773097545018928e+01
75 1.2046020237669020e+03 1.6666209303671298e+01
76 1.2078567863336634e+03 1.6711240403653822e+01
77 1.2005864443566447e+03 1.6610651961406852e+01
78 1.2034089109102881e+03 1.6649702052148470e+01
79 1.1965637310968680e+03 1.6554995919134530e+01
80 1.1989829658861099e+03 1.6588467117552533e+01
81 1.1925349333546346e+03 1.6499255695318329e+01
82 1.1945779226432926e+03 1.6527521368476886e+01
83 1.1885010204050998e+03 1.6443444700314764e+01
84 1.1901928302488741e+03 1.6466851648337467e+01
85 1.1844628864412723e+03 1.6387575305685193e+01
86 1.1858268092571614e+03 1.6406445789608654e+01
87 1.1804213570169293e+03 1.6331658933336410e+01
88 1.1814790463302252e+03 1.6346292539395382e+01
89 1.1763771933523835e+03 1.6275706115092877e+01
90 1.1771487897182435e+03 1.6286381496901686e+01
91 1.1723310979355265e+03 1.6219726570189660e+01
92 1.1728353439171383e+03 1.6226703039516682e+01
93 1.1682837191230603e+03 1.6163729268932546e+01
94 1.1685380650383368e+03 1.6167248258753162e+01
95 1.1642356550319382e+03 1.6107722486537856e+01
96 1.1642563576320251e+03 1.6108008916295876e+01
97 1.1601874578350182e+03 1.6051713862564750e+01
98 1.1599896696503747e+03 1.6048977374315498e+01
99 1.1561396376451921e+03 1.5995710454653885e+01
100 1.1557374897054958e+03 1.5990146557531199e+01
101 1.1520926651051097e+03 1.5939718774357427e+01
102 1.1514993435988538e+03 1.5931509905193561e+01
103 1.1480469756785294e+03 1.5883744846511789e+01
104 1.1472747910266485e+03 1.5873061325502015e+01
105 1.1440029715529104e+03 1.5827794235560866e+01
106 1.1430634233290098e+03 1.5814795164463963e+01
107 1.1399610245723604e+03 1.5771872086134673e+01
108 1.1388648605587002e+03 1.5756706165338953e+01
109 1.1359214789444836e+03 1.5715983160499800e+01
110 1.1346787494226544e+03 1.5698789440158961e+01
111 1.1318846530403216e+03 1.5660131863462411e+01
112 1.1305047609337146e+03 1.5641040437239100e+01
113 1.1278508414169719e+03 1.5604322270352066e+01
114 1.1263425889435832e+03 1.5583454920880353e+01
115 1.1238203171284088e+03 1.5548558158992975e+01
116 1.1221919476107366e+03 1.5526028936337033e+01
117 1.1197933329737502e+03 1.5492843026974324e+01
118 1.1180525705923731e+03 1.5468758798637012e+01
119 1.1157701230422933e+03 1.5437180113026535e+01
120 1.1139242088676890e+03 1.5411641062465781e+01
121 1.1117509047696783e+03 1.5381572425469217e+01
122 1.1098066298867025e+03 1.5354672510390030e+01
123 1.1077358792262746e+03 1.5326022746201120e+01
124 1.1056996160753729e+03 1.5297850132175320e+01
125 1.1037252332627386e+03 1.5270533660384881e+01
126 1.1016029635330758e+03 1.5241171106765057e+01
127 1.0997191401756115e+03 1.5215107565655881e+01
128 1.0975164815434268e+03 1.5184632795512517e+01
129 1.0957177605424388e+03 1.5159746683676483e+01
130 1.0934399909868766e+03 1.5128232720218394e+01
131 1.0917212434670132e+03 1.5104453077364537e+01
132 1.0893733238513496e+03 1.5071968556360265e+01
133 1.0877297275776052e+03 1.5049228664704348e+01
134 1.0853163221769114e+03 1.5015838118491587e+01
135 1.0837433411672293e+03 1.4994075220687312e+01
136 1.0812688376701012e+03 1.4959839354905816e+01
137 1.0797622035142138e+03 1.4938994395582602e+01
138 1.0772307304171350e+03 1.4903970329832990e+01
139 1.0757864254723822e+03 1.4883987723102591e+01
140 1.0732018690391217e+03 1.4848229225587227e+01
141 1.0718161096221536e+03 1.4829056622493384e+01
142 1.0691821292846830e+03 1.4792614323094977e+01
143 1.0678513515703141e+03 1.4774202416517753e+01
144 1.0651713940624118e+03 1.4737124002344101e+01
145 1.0638922397488427e+03 1.4719426328671789e+01
146 1.0611695529637398e+03 1.4681756735782539e+01
147 1.0599388563580794e+03 1.4664729496234067e+01
148 1.0571765012100805e+03 1.4626511073751544e+01
149 1.0559912776355668e+03 1.4610112973985183e+01
150 1.0531921400327369e+03 1.4571385649741897e+01
151 1.0520495743119632e+03 1.4555577740515522e+01
152 1.0492163758017080e+03 1.4516379168340533e+01
153 1.0481138117914484e+03 1.4501124700721245e+01
154 1.0452491196661533e+03 1.4461490400256228e+01
155 1.0441840510120107e+03 1.4446754697706757e+01
156 1.0412902872589198e+03 1.4406718178231571e+01
157 1.0402603481843530e+03 1.4392468509172339e+01
158 1.0373397988397021e+03 1.4352061399023675e+01
159 1.0363427553354845e+03 1.4338266854935004e+01
160 1.0333975781027800e+03 1.4297519006908676e+01
161 1.0324313207363384e+03 1.4284150402844761e+01
162 1.0294635529043408e+03 1.4243090003744562e+01
163 1.0285260887849495e+03 1.4230119767168338e+01
164 1.0255376543608832e+03 1.4188773436497200e+01
165 1.0246271007435441e+03 1.4176175518787142e+01
166 1.0216198166709370e+03 1.4134568394773737e+01
167 1.0207343943747269e+03 1.4122318180163745e+01
168 1.0177099774287894e+03 1.4080474015163141e+01
169 1.0168480047090131e+03 1.4068548235961041e+01
170 1.0138080767374252e+03 1.4026489468963341e+01
171 1.0129679638450501e+03 1.4014866130278211e+01
172 1.0099140573907094e+03 1.3972613964701804e+01
173 1.0090943013406161e+03 1.3961272272060375e+01
174 1.0060278648026457e+03 1.3918846747156785e+01
175 1.0052270441556677e+03 1.3907767034310627e+01
176 1.0021494466798107e+03 1.3865187092825314e+01
177 1.0013662172156077e+03 1.3854350761883092e+01
178 9.9827875258435017e+02 1.3811634303877060e+01
179 9.9751184302705553e+02 1.3801023766166946e+01
180 9.9441573467231615e+02 1.3758187718369539e+01
181 9.9366394213119020e+02 1.3747786331358613e+01
182 9.9056034660985677e+02 1.3704846695253130e+01
183 9.8982253330703293e+02 1.3694638717274277e+01
184 9.8671254400465978e+02 1.3651610620340280e+01
185 9.8598763320224145e+02 1.3641581154241747e+01
186 9.8287228418037080e+02 1.3598478903184487e+01
187 9.8215925727243553e+02 1.3588613856096455e+01
188 9.7903952593269423e+02 1.3545450973705837e+01
189 9.7833741900908137e+02 1.3535737009498890e+01
190 9.7521422962343161e+02 1.3492526283492076e+01
191 9.7452213053175137e+02 1.3482950782128768e+01
192 9.7139635705759792e+02 1.3439704304098456e+01
193 9.7071340264638661e+02 1.3430255323491135e+01
194 9.6758587122229108e+02 1.3386984523434874e+01
195 9.6691124481873635e+02 1.3377650764548875e+01
196 9.6378273646059529e+02 1.3334366448171906e+01
197 9.6311566502272478e+02 1.3325137215624807e+01
198 9.5998691833297733e+02 1.3281849601823163e+01
199 9.5932667049512395e+02 1.3272714776842918e+01
200 9.5619838332443260e+02 1.3229433520693524e+01
201 9.5554426703442084e+02 1.3220383528427876e+01
202 9.5241709909076565e+02 1.3177117757286538e+01
203 9.5176845945148045e+02 1.3168143536940155e+01
204 9.4864303432156669e+02 1.3124901878408643e+01
205 9.4799925168136065e+02 1.3115994856823047e+01
206 9.4487615845602670e+02 1.3072785461237334e+01
207 9.4423664670843709e+02 1.3063937529366727e+01
208 9.4111644193162340e+02 1.3020768096761859e+01
209 9.4048064648316699e+02 1.3011971581556647e+01
210 9.3736385591348289e+02 1.2968849386038805e+01
211 9.3673125252507441e+02 1.2960097034416103e+01
212 9.3361837237644204e+02 1.2917028941327468e+01
213 9.3298846505349661e+02 1.2908313890979723e+01
214 9.2987996415304087e+02 1.2865306386753854e+01
215 9.2925228388300570e+02 1.2856622148682032e+01
216 9.2614860447994249e+02 1.2813681352035193e+01
217 9.2552270815981126e+02 1.2805021795710452e+01
218 9.2242426760252226e+02 1.2762153480844701e+01
219 9.2179973606367162e+02 1.2753512806881128e+01
220 9.1870692806527018e+02 1.2710722420993978e+01
221 9.1808336550763022e+02 1.2702095153320077e+01
222 9.1499656116705285e+02 1.2659387830731768e+01
223 9.1437359359195023e+02 1.2650768794908140e+01
224 9.1129314270468126e+02 1.2608149375196092e+01
225 9.1067041698921764e+02 1.2599533685609053e+01
226 9.0759664896087531e+02 1.2557006726247742e+01
227 9.0697383169896159e+02 1.2548389770074504e+01
228 9.0390705672534068e+02 1.2505959562761888e+01
229 9.0328383340701077e+02 1.2497336988616002e+01
230 9.0022434340339839e+02 1.2455007572131009e+01
231 8.9960041708211531e+02 1.2446375271623946e+01
232 8.9654848648812822e+02 1.2404150442961770e+01
233 8.9592357757053617e+02 1.2395504547794044e+01
234 8.9287946419373770e+02 1.2353387873837960e+01
235 8.9225330891529200e+02 1.2344724734708789e+01
236 8.8921725519008214e+02 1.2302719569647461e+01
237 8.8858960492046288e+02 1.2294035746644848e+01
238 8.8556183822498190e+02 1.2252145236356833e+01
239 8.8493245909430163e+02 1.2243437493785990e+01
240 8.8191319253660197e+02 1.2201664586716779e+01
241 8.8128186447243593e+02 1.2192929879776996e+01
242 8.7827129783249291e+02 1.2151277339972157e+01
243 8.7763781374634823e+02 1.2142512803501251e+01
244 8.7463613381003836e+02 1.2100983215227163e+01
245 8.7400029932624250e+02 1.2092186159950520e+01
246 8.7100768086105290e+02 1.2050781941193760e+01
247 8.7036931317646713e+02 1.2041949837947962e+01
248 8.6738591940291440e+02 1.2000673246937584e+01
249 8.6674484725041805e+02 1.1991803726165198e+01
250 8.6377083001916606e+02 1.1950656863823248e+01
251 8.6312689283093152e+02 1.1941747703996359e+01
252 8.6016239401649557e+02 1.1900732533220392e+01
253 8.5951544118119307e+02 1.1891781650563697e+01
254 8.5656059241349999e+02 1.1850899992512790e+01
255 8.5591048331271429e+02 1.1841905441507443e+01
256 8.5296540675306994e+02 1.1801158986338057e+01
257 8.5231200980640745e+02 1.1792118946510294e+01
258 8.4937681873213717e+02 1.1751509261465035e+01
259 8.4872001123439020e+02 1.1742422035133270e+01
260 8.4579481023401843e+02 1.1701950567241283e+01
261 8.4513447784199047e+02 1.1692814572416106e+01
262 8.4221936322879674e+02 1.1652482654214815e+01
263 8.4155539962057583e+02 1.1643296419884885e+01
264 8.3865046014694030e+02 1.1603105279303275e+01
265 8.3798276641911912e+02 1.1593867437095591e+01
266 8.3508808331820933e+02 1.1553818198030973e+01
267 8.3441656792422361e+02 1.1544527481357756e+01
268 8.3153221536819626e+02 1.1504621170015186e+01
269 8.3085679340971831e+02 1.1495276404269990e+01
270 8.2798283914359604e+02 1.1455513957932244e+01
271 8.2730343237755164e+02 1.1446114060587046e+01
272 8.2443993739998723e+02 1.1406496323197842e+01
273 8.2375647377232758e+02 1.1397040297352559e+01
274 8.2090349337130624e+02 1.1357568033845972e+01
275 8.2021590649479856e+02 1.1348054961003458e+01
276 8.1737349013471294e+02 1.1308728855741549e+01
277 8.1668171944369192e+02 1.1299157897948660e+01
278 8.1384991106392692e+02 1.1259978558852525e+01
279 8.1315390119851634e+02 1.1250348950180543e+01
280 8.1033273951047181e+02 1.1211316912839763e+01
281 8.0963244025443908e+02 1.1201627958524586e+01
282 8.0682195906193101e+02 1.1162743690630117e+01
283 8.0611732501044503e+02 1.1152994762475544e+01
284 8.0331755331963905e+02 1.1114258665340698e+01
285 8.0260854365382215e+02 1.1104449198599243e+01
286 7.9981950615319374e+02 1.1065861613800152e+01
287 7.9910608423083511e+02 1.1055991101510395e+01
288 7.9632780127282467e+02 1.1017552310632203e+01
289 7.9560993485279516e+02 1.1007620306723661e+01
290 7.9284242268558887e+02 1.0969330534567307e+01
291 7.9212008323968587e+02 1.0959336644339503e+01
292 7.8936335448908699e+02 1.0921196065588642e+01
293 7.8863651723981764e+02 1.0911139946233847e+01
294 7.8589058052271048e+02 1.0873148680106935e+01
295 7.8515922454880456e+02 1.0863030042169992e+01
296 7.8242408522129949e+02 1.0825188162771221e+01
297 7.8168819265300988e+02 1.0815006759016164e+01
298 7.7896385265698723e+02 1.0777314293212319e+01
299 7.7822340903311454e+02 1.0767069923561966e+01
300 7.7550986720961839e+02 1.0729526855318371e+01
301 7.7476486104820060e+02 1.0719219360914629e+01
302 7.7206211321002581e+02 1.0681825632299425e+01
303 7.7131253598770468e+02 1.0671454895217808e+01
304 7.6862057518718427e+02 1.0634210410106904e+01
305 7.6786642094201875e+02 1.0623776347861288e+01
306 7.6518523750127065e+02 1.0586680972356843e+01
307 7.6442650311661555e+02 1.0576183541827040e+01
308 7.6175608487700845e+02 1.0539237107708940e+01
309 7.6099276934681325e+02 1.0528676294975790e+01
310 7.5833310178240799e+02 1.0491878601271150e+01
311 7.5756520684453551e+02 1.0481254430378765e+01
312 7.5491627275331609e+02 1.0444605239089977e+01
313 7.5414380217739244e+02 1.0433917762192827e+01
314 7.5150558279940412e+02 1.0397416813767503e+01
315 7.5072854235992054e+02 1.0386666110758261e+01
316 7.4810101621286799e+02 1.0350313107979211e+01
317 7.4731941401700522e+02 1.0339499291024362e+01
318 7.4470255811387653e+02 1.0303293915855965e+01
319 7.4391640374395718e+02 1.0292417117531237e+01
320 7.4131019305216955e+02 1.0256359023636483e+01
321 7.4051949826650332e+02 1.0245419406623366e+01
322 7.3792390604517345e+02 1.0209508224030138e+01
323 7.3712868386949401e+02 1.0198505968545501e+01
324 7.3454368180299525e+02 1.0162741305494405e+01
325 7.3374394726858532e+02 1.0151676619502785e+01
326 7.3116950527664665e+02 1.0116058059819780e+01
327 7.3036527465604490e+02 1.0104931168459050e+01
328 7.2780136136161013e+02 1.0069458278028490e+01
329 7.2699265252845362e+02 1.0058269428588433e+01
330 7.2443923489448980e+02 1.0022941750328147e+01
331 7.2362606703662061e+02 1.0011691208281169e+01
332 7.2108311097137573e+02 9.9765082705164776e+00
333 7.2026550458756878e+02 9.9651963194723194e+00
334 7.1773297436950463e+02 9.9301576279797210e+00
335 7.1691095113174993e+02 9.9187845677800865e+00
336 7.1438881029772165e+02 9.8838896180756155e+00
337 7.1356239292380337e+02 9.8724557630312386e+00
338 7.1105060356941817e+02 9.8377040306906185e+00
339 7.1021981597394404e+02 9.8262097116708258e+00
340 7.0771833938696875e+02 9.7916006610929465e+00
341 7.0688320629435543e+02 9.7800462201711298e+00
342 7.0439200252733860e+02 9.7455792986650849e+00
343 7.0355254992895198e+02 9.7339650954434482e+00
344 7.0107157832373696e+02 9.6996397404854040e+00
345 7.0022783261129007e+02 9.6879661401051376e+00
346 6.9775705161298561e+02 9.6537817767645322e+00
347 6.9690904045646027e+02 9.6420491620522437e+00
348 6.9444840747013825e+02 9.6080052010091439e+00
349 6.9359615906136867e+02 9.5962139620115039e+00
350 6.9114563108598156e+02 9.5623098083271287e+00
351 6.9028917440073815e+02 9.5504603459369193e+00
352 6.8784870736085600e+02 9.5166953898079250e+00
353 6.8698807203402578e+02 9.5047881140371011e+00
354 6.8455762145561835e+02 9.4711617401453321e+00
355 6.8369283784524896e+02 9.4591970710110971e+00
356 6.8127235837663079e+02 9.4257086518956434e+00
357 6.8040345729541900e+02 9.4136870157054791e+00
358 6.7799290332579062e+02 9.3803359203204728e+00
359 6.7711991612031750e+02 9.3682577507683860e+00
360 6.7471924113829948e+02 9.3350433356080291e+00
361 6.7384219985945447e+02 9.3229090761324542e+00
362 6.7145135713613456e+02 9.2898306946812870e+00
363 6.7057029403965771e+02 9.2776407915548553e+00
364 6.6818923610331751e+02 9.2446977870203604e+00
365 6.6730418422692719e+02 9.2324526973347218e+00
366 6.6493286331415766e+02 9.1996444088887142e+00
367 6.6404385568625196e+02 9.1873445896065711e+00
368 6.6168222374596951e+02 9.1546703524407533e+00
369 6.6078929408118518e+02 9.1423162700192275e+00
370 6.5843730240247430e+02 9.1097754101962387e+00
371 6.5754048451980429e+02 9.0973675325362660e+00
372 6.5519808441154203e+02 9.0649593763925775e+00
373 6.5429741253371992e+02 9.0524981769810307e+00
374 6.5196455475738742e+02 9.0202220432796487e+00
375 6.5106006326757893e+02 9.0077079978230437e+00
376 6.4873669848804263e+02 8.9755632039902693e+00
377 6.4782842214734580e+02 8.9629967934239900e+00
378 6.4551450051198537e+02 8.9309826497264577e+00
379 6.4460247421802194e+02 8.9183643568747542e+00
380 6.4229794603207290e+02 8.8864801757631096e+00
381 6.4138220481183623e+02 8.8738104852401456e+00
382 6.3908701979248781e+02 8.8420555710291477e+00
383 6.3816759899542740e+02 8.8293349719104128e+00
384 6.3588170698037447e+02 8.7977086305820702e+00
385 6.3495864190205191e+02 8.7849376111974884e+00
386 6.3268199237016688e+02 8.7534391437693415e+00
387 6.3175531872181045e+02 8.7406181981997761e+00
388 6.2948786104181295e+02 8.7092469041653509e+00
389 6.2855761424990158e+02 8.6963765225520255e+00
390 6.2629929790447886e+02 8.6651317029816415e+00
391 6.2536551373040857e+02 8.6522123800995114e+00
392 6.2311628782976948e+02 8.6210933309100817e+00
393 6.2217900199902704e+02 8.6081255610372800e+00
394 6.1993881576344234e+02 8.5771315796684746e+00
395 6.1899806409462906e+02 8.5641158583714176e+00
396 6.1676686648742509e+02 8.5332462387079637e+00
397 6.1582268482349195e+02 8.5201830618899539e+00
398 6.1360042501103567e+02 8.4894371006257376e+00
399 6.1265284918061764e+02 8.4763269639920118e+00
400 6.1043947597805573e+02 8.4457039529616296e+00
401 6.0948854185832158e+02 8.4325473528889088e+00
402 6.0728400447021170e+02 8.4020465893146330e+00
403 6.0632974771324552e+02 8.3888440190654912e+00
404 6.0413399502050061e+02 8.3584647956918232e+00
405 6.0317645159930657e+02 8.3452167529689092e+00
406 6.0098943263585193e+02 8.3149583646573468e+00
407 6.0002863802599563e+02 8.3016653402810210e+00
408 5.9785030189006011e+02 8.2715270827827272e+00
409 5.9688629199441971e+02 8.2581895734854154e+00
410 5.9471658764005781e+02 8.2281707405568394e+00
411 5.9374939782370097e+02 8.2147892356301124e+00
412 5.9158827463067496e+02 8.1848891269175610e+00
413 5.9061794040951406e+02 8.1714641177399976e+00
414 5.8846534737117292e+02 8.1416820275435740e+00
415 5.8749190419278875e+02 8.1282140045483544e+00
416 5.8534779073270499e+02 8.0985492331205009e+00
417 5.8437127384058749e+02 8.0850386839171140e+00
418 5.8223558916665706e+02 8.0554905285262883e+00
419 5.8125603374194600e+02 8.0419379398615867e+00
420 5.7912872750038969e+02 8.0125057038406684e+00
421 5.7814616845626551e+02 7.9989115587541590e+00
422 5.7602719012671582e+02 7.9695945431312030e+00
423 5.7504166241579867e+02 7.9559593252080667e+00
424 5.7293096180221971e+02 7.9267568354984013e+00
425 5.7194249998232090e+02 7.9130810228614559e+00
426 5.6984002684743814e+02 7.8839923640098561e+00
427 5.6884866568142240e+02 7.8702764376189283e+00
428 5.6675436994524807e+02 7.8413009167463006e+00
429 5.6576014366021946e+02 7.8275453501487258e+00
430 5.6367397543463153e+02 7.7986822770305251e+00
431 5.6267691846887021e+02 7.7848875466953578e+00
432 5.6059882782513512e+02 7.7561362305451595e+00
433 5.5959897411042732e+02 7.7423028059338810e+00
434 5.5752891157999420e+02 7.7136625623320976e+00
435 5.5652629506244625e+02 7.6997909131043141e+00
436 5.5446421094621883e+02 7.6712610544416551e+00
437 5.5345886535627551e+02 7.6573516472732006e+00
438 5.5140471043227626e+02 7.6289314925415308e+00
439 5.5039666927507005e+02 7.6149847909909409e+00
440 5.4835039423465787e+02 7.5866736579830922e+00
441 5.4733969080388613e+02 7.5726901226836034e+00
442 5.4530124683693100e+02 7.5444873360895350e+00
443 5.4428791409984399e+02 7.5304674231578419e+00
444 5.4225725228308625e+02 7.5023723061023126e+00
445 5.4124132322854450e+02 7.4883164719540964e+00
446 5.3921839500082558e+02 7.4603283525716968e+00
447 5.3819990213937285e+02 7.4462370470049120e+00
448 5.3618465897517353e+02 7.4183552539233180e+00
449 5.3516363495323765e+02 7.4042289286159377e+00
450 5.3315602853072335e+02 7.3764527932808930e+00
451 5.3213250538230318e+02 7.3622918914376596e+00
452 5.3013248771670055e+02 7.3346207499583027e+00
453 5.2910649755358361e+02 7.3204257158601997e+00
454 5.2711402066296716e+02 7.2928589043850707e+00
455 5.2608559507525865e+02 7.2786301750953726e+00
456 5.2410061143610415e+02 7.2511670361151968e+00
457 5.2306978198999320e+02 7.2369050483662889e+00
458 5.2109224398999550e+02 7.2095449231434685e+00
459 5.2005904192614912e+02 7.1952501091639922e+00
460 5.1808890236782258e+02 7.1679923447001439e+00
461 5.1705335874373338e+02 7.1536651341844388e+00
462 5.1509057042557197e+02 7.1265090774255562e+00
463 5.1405271604224072e+02 7.1121498965192833e+00
464 5.1209723220911167e+02 7.0850949005871326e+00
465 5.1105709751053286e+02 7.0707041704966107e+00
466 5.0910887144401306e+02 7.0437495890208535e+00
467 5.0806648679505275e+02 7.0293277298576253e+00
468 5.0612547205765867e+02 7.0024729203548475e+00
469 5.0508086742103080e+02 6.9880203466664987e+00
470 5.0314701773853005e+02 6.9612646689119408e+00
471 5.0210022304927224e+02 6.9467817948631430e+00
472 5.0017349229865687e+02 6.9201246107243017e+00
473 4.9912453696351844e+02 6.9056118431706235e+00
474 4.9720487948381708e+02 6.8790525209074787e+00
475 4.9615379280130594e+02 6.8645102652069179e+00
476 4.9424116285688393e+02 6.8380481720464505e+00
477 4.9318797383231959e+02 6.8234768295006116e+00
478 4.9128232618386818e+02 6.7971113395366949e+00
479 4.9022706351121383e+02 6.7825113071394290e+00
480 4.8832835285517245e+02 6.7562417935769812e+00
481 4.8727104513330113e+02 6.7416134670065242e+00
482 4.8537922662508078e+02 6.7154393094005425e+00
483 4.8431990193458176e+02 6.7007830771644423e+00
484 4.8243493077047140e+02 6.6747036556354882e+00
485 4.8137361725467002e+02 6.6600199071092749e+00
486 4.7949544894138432e+02 6.6340346060727891e+00
487 4.7843217406717594e+02 6.6193237212732789e+00
488 4.7656076444612836e+02 6.5934319297754103e+00
489 4.7549555577817307e+02 6.5786942900720398e+00
490 4.7363086062852540e+02 6.5528953962976573e+00
491 4.7256374523989666e+02 6.5381313762585407e+00
492 4.7070572087827742e+02 6.5124247758286060e+00
493 4.6963672571610925e+02 6.4976347482794292e+00
494 4.6778532834149536e+02 6.4720198351871412e+00
495 4.6671448003226823e+02 6.4572041685172046e+00
496 4.6486966644007060e+02 6.4316803450076963e+00
497 4.6379699120423305e+02 6.4168394019886650e+00
498 4.6195871815814257e+02 6.3914060698682063e+00
499 4.6088424215467313e+02 6.3765402124212827e+00
500 4.5905246676173380e+02 6.3511967782465870e+00
501 4.5797621573744425e+02 6.3363063625904603e+00
502 4.5615089517983341e+02 6.3110522339577475e+00
503 4.5507289478210527e+02 6.2961376149354447e+00
504 4.5325398660035637e+02 6.2709722043989489e+00
505 4.5217426198717993e+02 6.2560337300825504e+00
506 4.5036172385006375e+02 6.2309564519707292e+00
507 4.4928030019224360e+02 6.2159944706096057e+00
508 4.4747408998372811e+02 6.1910047422282659e+00
509 4.4639099185381997e+02 6.1760195937947469e+00
510 4.4459106782810244e+02 6.1511168375719834e+00
511 4.4350631979909582e+02 6.1361088620444013e+00
512 4.4171264019142973e+02 6.1112925001462131e+00
513 4.4062626640852278e+02 6.0962620315842138e+00
514 4.3883878989430252e+02 6.0715314922661463e+00
515 4.3775081434656255e+02 6.0564788625692367e+00
516 4.3596949957355406e+02 6.0318335737045832e+00
517 4.3487994591749123e+02 6.0167591101711926e+00
518 4.3310475206459188e+02 5.9921985069816888e+00
519 4.3201364359213170e+02 5.9771025318660529e+00
520 4.3024452981024973e+02 5.9526260491861933e+00
521 4.2915188970293747e+02 5.9375088832153882e+00
522 4.2738881550328466e+02 5.9131159608646264e+00
523 4.2629466656219455e+02 5.8979779195017414e+00
524 4.2453759150008142e+02 5.8736679979096582e+00
525 4.2344195642653222e+02 5.8585093952376210e+00
526 4.2169084042023462e+02 5.8342819198555835e+00
527 4.2059374137979921e+02 5.8191030625450368e+00
528 4.1884854450755512e+02 5.7949574810375628e+00
529 4.1775000370057154e+02 5.7797586762401405e+00
530 4.1601068621659266e+02 5.7556944387064206e+00
531 4.1491072525691004e+02 5.7404759854594207e+00
532 4.1317724778807639e+02 5.7164925471546795e+00
533 4.1207588825630290e+02 5.7012547440354959e+00
534 4.1034821139270730e+02 5.6773515597059907e+00
535 4.0924547452872707e+02 5.6620947005779465e+00
536 4.0752355924124521e+02 5.6382712302382378e+00
537 4.0641946609093020e+02 5.6229956062804121e+00
538 4.0470327336871196e+02 5.5992513101978894e+00
539 4.0359784463664556e+02 5.5839572078674795e+00
540 4.0188733594859144e+02 5.5602915529471000e+00
541 4.0078059203973834e+02 5.5449792545559440e+00
542 3.9907572879846902e+02 5.5213917069240068e+00
543 3.9796768999659577e+02 5.5060614931071132e+00
544 3.9626843397238798e+02 5.4825515238382492e+00
545 3.9515912016077266e+02 5.4672036696896891e+00
546 3.9346543316930786e+02 5.4437707504867250e+00
547 3.9235486417505518e+02 5.4284055303233849e+00
548 3.9066670834782650e+02 5.4050491372585414e+00
549 3.8955490346162873e+02 5.3896668179758027e+00
550 3.8787224110983595e+02 5.3663864296076245e+00
551 3.8675921961493725e+02 5.3509872779978176e+00
552 3.8508201321585705e+02 5.3277823751825988e+00
553 3.8396779388064010e+02 5.3123666509147167e+00
554 3.8229600622977182e+02 5.2892367189115017e+00
555 3.8118060777595872e+02 5.2738046810089667e+00
556 3.7951420163604689e+02 5.2507492046236246e+00
557 3.7839764244555101e+02 5.2353011074084543e+00
558 3.7673658095653053e+02 5.2123195766654504e+00
559 3.7561887921179340e+02 5.1968556716998782e+00
560 3.7396312553045391e+02 5.1739475768568735e+00
561 3.7284429909025403e+02 5.1584681112251092e+00
562 3.7119381681108177e+02 5.1356329485954904e+00
563 3.7007388322524804e+02 5.1201381651072904e+00
564 3.6842863591482472e+02 5.0973754306183734e+00
565 3.6730761260825358e+02 5.0818655703549949e+00
566 3.6566756416449135e+02 5.0591747645182021e+00
567 3.6454546818845802e+02 5.0436500633916852e+00
568 3.6291058250978369e+02 5.0210306867255596e+00
569 3.6178743088600044e+02 5.0054913802389285e+00
570 3.6015767215630240e+02 4.9829429372114999e+00
571 3.5903348138557027e+02 4.9673892536607385e+00
572 3.5740881398404417e+02 4.9449112514422024e+00
573 3.5628360053904737e+02 4.9293434187342848e+00
574 3.5466398896036213e+02 4.9069353660924602e+00
575 3.5353776886654185e+02 4.8913536059465539e+00
576 3.5192317786926219e+02 4.8690150153003762e+00
577 3.5079596711209251e+02 4.8534195488826848e+00
578 3.4918636144309698e+02 4.8311499324894065e+00
579 3.4805817566462156e+02 4.8155409762146197e+00
580 3.4645352041656355e+02 4.7933398511154444e+00
581 3.4532437503476064e+02 4.7777176182982073e+00
582 3.4372463533279017e+02 4.7555845019839422e+00
583 3.4259454549189383e+02 4.7399492021515259e+00
584 3.4099968684161900e+02 4.7178836173767866e+00
585 3.3986866738068136e+02 4.7022354558341322e+00
586 3.3827865522828796e+02 4.6802369245314015e+00
587 3.3714672088799239e+02 4.6645761052224763e+00
588 3.3556152101829565e+02 4.6426441540093260e+00
589 3.3442868614234686e+02 4.6269708753857177e+00
590 3.3284826433946364e+02 4.6051050308700567e+00
591 3.3171454323854277e+02 4.5894194909264581e+00
592 3.3013886555193807e+02 4.5676192833874074e+00
593 3.2900427204089976e+02 4.5519216732585281e+00
594 3.2743330468296557e+02 4.5301866352293763e+00
595 3.2629785255472666e+02 4.5144771457464081e+00
596 3.2473156185199025e+02 4.4928068113395563e+00
597 3.2359526447151711e+02 4.4770856274128024e+00
598 3.2203361696059653e+02 4.4554795336473516e+00
599 3.2089648764776064e+02 4.4397468395632096e+00
600 3.1933944989424788e+02 4.4182045238591288e+00
601 3.1820150162067722e+02 4.4024604990858895e+00
602 3.1664904046804992e+02 4.3809815027078196e+00
603 3.1551028603027191e+02 4.3652263242911795e+00
604 3.1396236836388204e+02 4.3438101890831113e+00
605 3.1282282025279898e+02 4.3280440298403073e+00
606 3.1127941325234849e+02 4.3066903017186977e+00
607 3.1013908376480452e+02 4.2909133317820825e+00
608 3.0860015458912881e+02 4.2696215563746875e+00
609 3.0745905582906528e+02 4.2538339432077201e+00
610 3.0592457186916414e+02 4.2326036693543969e+00
611 3.0478271566469925e+02 4.2168055766043961e+00
612 3.0325264440587370e+02 4.1956363544497002e+00
613 3.0211004241094025e+02 4.1798279433540548e+00
614 3.0058435149676058e+02 4.1587193252322674e+00
615 2.9944101505368860e+02 4.1429007527172006e+00
616 2.9791967231203341e+02 4.1218522935125925e+00
617 2.9677561256682480e+02 4.1060237137880398e+00
618 2.9525858591082459e+02 4.0850349695643793e+00
619 2.9411381378709450e+02 4.0691965337634555e+00
620 2.9260107129471191e+02 4.0482670628650368e+00
621 2.9145559747522765e+02 4.0324189187886210e+00
622 2.8994710732937165e+02 4.0115482810117191e+00
623 2.8880094231099406e+02 3.9956905738885875e+00
624 2.8729667280821553e+02 3.9748783306017641e+00
625 2.8614982682788087e+02 3.9590112020645218e+00
626 2.8464974646038030e+02 3.9382569173432382e+00
627 2.8350222952082186e+02 3.9223805057841874e+00
628 2.8200630683709176e+02 3.9016837444827304e+00
629 2.8085812874010514e+02 3.8857981855141088e+00
630 2.7936633247401119e+02 3.8651585150514860e+00
631 2.7821750279063667e+02 3.8492639410929295e+00
632 2.7672980171827322e+02 3.8286809294724016e+00
633 2.7558032984177862e+02 3.8127774704839830e+00
634 2.7409669290678630e+02 3.7922506880268885e+00
635 2.7294658794427050e+02 3.7763384700094060e+00
636 2.7146698421013764e+02 3.7558674886952290e+00
637 2.7031625510311522e+02 3.7399466353585478e+00
638 2.6884065372420025e+02 3.7195310284240026e+00
639 2.6768930914313995e+02 3.7036016597279460e+00
640 2.6621767944956270e+02 3.6832410028414837e+00
641 2.6506572786716339e+02 3.6673032360096411e+00
642 2.6359803921392080e+02 3.6469971051838992e+00
643 2.6244548892438848e+02 3.6310510549703312e+00
644 2.6098171084325816e+02 3.6107990286637865e+00
645 2.5982856986239688e+02 3.5948448059707374e+00
646 2.5836867193569651e+02 3.5746464633411117e+00
647 2.5721494814054222e+02 3.5586841771509068e+00
648 2.5575890009984860e+02 3.5385390994209893e+00
649 2.5460460106073745e+02 3.5225688544726248e+00
650 2.5315237275097044e+02 3.5024766244333554e+00
651 2.5199750587470348e+02 3.4864985232032462e+00
652 2.5054906722072195e+02 3.4664587247515581e+00
653 2.4939363967486716e+02 3.4504728664062219e+00
654 2.4794896071211909e+02 3.4304850849690980e+00
655 2.4679297949526418e+02 3.4144915663371345e+00
656 2.4535203033356913e+02 3.3945553883705215e+00
657 2.4419550217047009e+02 3.3785543024919469e+00
658 2.4275825307003453e+02 3.3586693165324615e+00
659 2.4160118452541394e+02 3.3426607542331568e+00
660 2.4016760577141341e+02 3.3228265491628748e+00
661 2.3901000314687107e+02 3.3068105976282998e+00
662 2.3758006522257745e+02 3.2870267650700487e+00
663 2.3642193463656363e+02 3.2710035089517069e+00
664 2.3499560798097878e+02 3.2512696399158183e+00
665 2.3383695536139771e+02 3.2352391612289240e+00
666 2.3241421062393331e+02 3.2155548496368431e+00
667 2.3125504164447645e+02 3.1995172268794625e+00
668 2.2983584944915953e+02 3.1798820663014280e+00
669 2.2867616966414499e+02 3.1638373763200431e+00
670 2.2726050079632745e+02 3.1442509625582939e+00
671 2.2610031540720166e+02 3.1281992773172496e+00
672 2.2468814073893202e+02 3.1086612073735127e+00
673 2.2352745487759310e+02 3.0926025978749205e+00
674 2.2211874531361244e+02 3.0731124692032390e+00
675 2.2095756378212516e+02 3.0570470018858193e+00
676 2.1955229038097249e+02 3.0376044140680984e+00
677 2.1839061787072242e+02 3.0215321538392752e+00
678 2.1698875167275116e+02 3.0021367062058149e+00
679 2.1582659261241156e+02 2.9860577143382687e+00
680 2.1442810482483659e+02 2.9667090085279733e+00
681 2.1326546346757286e+02 2.9506233438661549e+00
682 2.1187032529170310e+02 2.9313209814362153e+00
683 2.1070720564742572e+02 2.9152286994590355e+00
684 2.0931538844756170e+02 2.8959722842217053e+00
685 2.0815179435451188e+02 2.8798734380329525e+00
686 2.0676326944777747e+02 2.8606625731477759e+00
687 2.0559920454576016e+02 2.8445572131057837e+00
688 2.0421394342986164e+02 2.8253915042307427e+00
689 2.0304941108806474e+02 2.8092796769497372e+00
690 2.0166738525344618e+02 2.7901587296423376e+00
691 2.0050238874110414e+02 2.7740404803536443e+00
692 1.9912356975976911e+02 2.7549639012998046e+00
693 1.9795811203223744e+02 2.7388392708920919e+00
694 1.9658247157551321e+02 2.7198066681519188e+00
695 1.9541655545260861e+02 2.7036756956386161e+00
696 1.9404406522607215e+02 2.6846866777460758e+00
697 1.9287769333587886e+02 2.6685493994879068e+00
698 1.9150832525593566e+02 2.6496035778938727e+00
699 1.9034150044264649e+02 2.6334600332415210e+00
700 1.8897522750942142e+02 2.6145570343906108e+00
701 1.8780795528146521e+02 2.5984072995556597e+00
702 1.8644475834203649e+02 2.5795468584586096e+00
703 1.8527706406205883e+02 2.5633912843446369e+00
704 1.8391697428858507e+02 2.5445738322822429e+00
705 1.8274900619071579e+02 2.5284144697749231e+00
706 1.8139234607597703e+02 2.5096444685794461e+00
707 1.8022492187736668e+02 2.4934926311623311e+00
708 1.7887350100053783e+02 2.4747951171733131e+00
709 1.7771064023525159e+02 2.4587064169030919e+00
710 1.7637290606479579e+02 2.4401982646356974e+00
711 1.7523193115558982e+02 2.4244123650008951e+00
712 1.7394189866295926e+02 2.4065641868420329e+00
713 1.7288744054527135e+02 2.3919752858235976e+00
714 1.7176261176787423e+02 2.3764127751644586e+00
715 1.7100033067267398e+02 2.3658662743034427e+00
716 1.7038368987011384e+02 2.3573347722157125e+00
717 1.7046154954732427e+02 2.3584119957726242e+00
718 1.7118245450420770e+02 2.3683860392014258e+00
719 1.7329606918112700e+02 2.3976288462844604e+00
720 1.7697318182966762e+02 2.4485033490867352e+00
721 1.8318501404474773e+02 2.5344468339997630e+00
722 1.9222031551615598e+02 2.6594542824957967e+00
723 2.0500909445272427e+02 2.8363927752842448e+00
724 2.2133038988609928e+02 3.0622052182594519e+00
725 2.4098495920393708e+02 3.3341350005125712e+00
726 2.6149492964945165e+02 3.6178996410435116e+00
727 2.7961444570759932e+02 3.8685912729253769e+00
728 2.8993145354083219e+02 4.0113317038260208e+00
729 2.8919292285387075e+02 4.0011138005158520e+00
730 2.7684028456299058e+02 3.8302095091843684e+00
731 2.5804592577544491e+02 3.5701811254514335e+00
732 2.3927389810328708e+02 3.3104617027161520e+00
733 2.2720072195971912e+02 3.1434238955409826e+00
734 2.2485735948836580e+02 3.1110024246722765e+00
735 2.3276040053697116e+02 3.2203445423616373e+00
736 2.4648145366769648e+02 3.4101814667828378e+00
737 2.5856469445684223e+02 3.5773585228439111e+00
738 2.6024233697207092e+02 3.6005694595216573e+00
739 2.5021722409354311e+02 3.4618675262441436e+00
740 2.3497745503544201e+02 3.2510184857721054e+00
741 2.2477896540966890e+02 3.1099178074311022e+00
742 2.2495805692226651e+02 3.1123956188365067e+00
743 2.3489211901390783e+02 3.2498378236380807e+00
744 2.4612620007617272e+02 3.4052663740008242e+00
745 2.4866702612836204e+02 3.4404198420795082e+00
746 2.3914328964192339e+02 3.3086546760708613e+00
747 2.2642790342558925e+02 3.1327316044859765e+00
748 2.2081328693903612e+02 3.0550508670486258e+00
749 2.2648801622246424e+02 3.1335632919933700e+00
750 2.3708693239884306e+02 3.2802040512668897e+00
751 2.4134343708770274e+02 3.3390947028239562e+00
752 2.3346302929073653e+02 3.2300657263228039e+00
753 2.2206205070698090e+02 3.0723280738910379e+00
754 2.1825006920043043e+02 3.0195875999449409e+00
755 2.2526678056032833e+02 3.1166669488421124e+00
756 2.3415178641913727e+02 3.2395949901251559e+00
757 2.3355674929435125e+02 3.2313623846094131e+00
758 2.2322789020898301e+02 3.0884579863197881e+00
759 2.1572056360281886e+02 2.9845907554329476e+00
760 2.1873649434141905e+02 3.0263175099486888e+00
761 2.2783921103543929e+02 3.1522576782875729e+00
762 2.2979596556476247e+02 3.1793302548715201e+00
763 2.2130581276300282e+02 3.0618651827377388e+00
764 2.1321713975226155e+02 2.9499547635899979e+00
765 2.1561186150421534e+02 2.9830868131421906e+00
766 2.2389458152378600e+02 3.0976819596937499e+00
767 2.2537816575409005e+02 3.1182080129578424e+00
768 2.1668758159393076e+02 2.9979698830803416e+00
769 2.1036954827686239e+02 2.9105570582865110e+00
770 2.1427307728216138e+02 2.9645641329399517e+00
771 2.2175006115689837e+02 3.0680115585277532e+00
772 2.1975400321780546e+02 3.0403952016407301e+00
773 2.1091216133137377e+02 2.9180643532760309e+00
774 2.0816624418044790e+02 2.8800733578560145e+00
775 2.1485853400322617e+02 2.9726641892730754e+00
776 2.1880735799711562e+02 3.0272979404100036e+00
777 2.1249541304415570e+02 2.9399693508644509e+00
778 2.0565795191438460e+02 2.8453700093008898e+00
779 2.0880235655313808e+02 2.8888742578501527e+00
780 2.1523449222357340e+02 2.9778657398815902e+00
781 2.1271919328101143e+02 2.9430654508143745e+00
782 2.0467097589527779e+02 2.8317147533843339e+00
783 2.0452582299814281e+02 2.8297064979464750e+00
784 2.1109726592676719e+02 2.9206253583789872e+00
785 2.1144690839225740e+02 2.9254628187155465e+00
786 2.0371755835649589e+02 2.8185237940951895e+00
787 2.0151748077650009e+02 2.7880847339665475e+00
788 2.0744490030913647e+02 2.8700932418492333e+00
789 2.0930222561116588e+02 2.8957901704761908e+00
790 2.0221529242282656e+02 2.7977392710856606e+00
791 1.9914803880782483e+02 2.7553024415548535e+00
792 2.0453374102328851e+02 2.8298160473758687e+00
793 2.0678940181616628e+02 2.8610241261856881e+00
794 2.0008687221298609e+02 2.7682916228138779e+00
795 1.9708162632273411e+02 2.7267126979675509e+00
796 2.0230160909163183e+02 2.7989335009145346e+00
797 2.0409142495634859e+02 2.8236964061959995e+00
798 1.9744099262416856e+02 2.7316846919358690e+00
799 1.9527427121105870e+02 2.7017071293374659e+00
800 2.0058645248955392e+02 2.7752035400188890e+00
801 2.0113790503556319e+02 2.7828331333380940e+00
802 1.9447587329536518e+02 2.6906609360653069e+00
803 1.9386618116187049e+02 2.6822255719308110e+00
804 1.9912921824487785e+02 2.7550420506248212e+00
805 1.9774636983632536e+02 2.7359097226380933e+00
806 1.9151877695241913e+02 2.6497481818026620e+00
807 1.9302883926567620e+02 2.6706405712207277e+00
808 1.9749764928580748e+02 2.7324685622620772e+00
809 1.9382743208801898e+02 2.6816894611138018e+00
810 1.8906495636847092e+02 2.6157984734019966e+00
811 1.9273608972610850e+02 2.6665902500327130e+00
812 1.9509960314161808e+02 2.6992905182522025e+00
813 1.8964585715694000e+02 2.6238354963641686e+00
814 1.8766189945028918e+02 2.5963865516203462e+00
815 1.9249059524193382e+02 2.6631937237315553e+00
816 1.9147549966978909e+02 2.6491494211861464e+00
817 1.8597753774931118e+02 2.5730826519939751e+00
818 1.8752118522391669e+02 2.5944397071833807e+00
819 1.9125910368549140e+02 2.6461554856824510e+00
820 1.8687288076204871e+02 2.5854701241669016e+00
821 1.8385952205800388e+02 2.5437789549028782e+00
822 1.8795278362453575e+02 2.6004110646424636e+00
823 1.8807096737477360e+02 2.6020461898364240e+00
824 1.8260339886101224e+02 2.5263999270586495e+00
825 1.8375403988535291e+02 2.5423195617319210e+00
826 1.8722812235413451e+02 2.5903850509313093e+00
827 1.8326005477614643e+02 2.5354850561769764e+00
828 1.8041173202192277e+02 2.4960772333029491e+00
829 1.8449883380390318e+02 2.5526241196603925e+00
830 1.8385432651893780e+02 2.5437070722895236e+00
831 1.7899595061307178e+02 2.4764892624855239e+00
832 1.8077088144240057e+02 2.5010462266259532e+00
833 1.8342789125700625e+02 2.5378071491700251e+00
834 1.7878967551784095e+02 2.4736353540216305e+00
835 1.7761587325334389e+02 2.4573952732021938e+00
836 1.8142430040838457e+02 2.5100865711009059e+00
837 1.7914833003344415e+02 2.4785975001137133e+00
838 1.7538063992950828e+02 2.4264698175889849e+00
839 1.7865255655543928e+02 2.4717382516742989e+00
840 1.7896051214648341e+02 2.4759989554049198e+00
841 1.7433117028435342e+02 2.4119499343255435e+00
842 1.7555548339047544e+02 2.4288888552946868e+00
843 1.7811079613189005e+02 2.4642427532165740e+00
844 1.7380497447321150e+02 2.4046697792617304e+00
845 1.7295277232843492e+02 2.3928791803471858e+00
846 1.7634168433999668e+02 2.4397662980690993e+00
847 1.7361837352009880e+02 2.4020880713785608e+00
848 1.7079234650830185e+02 2.3629887201014035e+00
849 1.7420285853403695e+02 2.4101746837077438e+00
850 1.7314488368971891e+02 2.3955371271990100e+00
851 1.6932446592293056e+02 2.3426799338085726e+00
852 1.7173563967723933e+02 2.3760396041926275e+00
853 1.7247239790385319e+02 2.3862329847188786e+00
854 1.6813431390239808e+02 2.3262136467809662e+00
855 1.6945412394287516e+02 2.3444738106705247e+00
856 1.7130154095310948e+02 2.3700336536362925e+00
857 1.6730464531842526e+02 2.3147348097872080e+00
858 1.6722740230078838e+02 2.3136661179920890e+00
859 1.6996228612845459e+02 2.3515044624359889e+00
860 1.6642340749923935e+02 2.3025424892937258e+00
861 1.6535885894822530e+02 2.2878139826043222e+00
862 1.6829402631506127e+02 2.3284233396465943e+00
863 1.6564183761327297e+02 2.2917291193607836e+00
864 1.6357642135548383e+02 2.2631531590250402e+00
865 1.6665529782016250e+02 2.3057507958943702e+00
866 1.6465060802878159e+02 2.2780150134592638e+00
867 1.6208749135296540e+02 2.2425531446046012e+00
868 1.6486862365851692e+02 2.2810313574840553e+00
869 1.6368058035864956e+02 2.2645942455526833e+00
870 1.6059411045853375e+02 2.2218915500981673e+00
871 1.6323722591250419e+02 2.2584602379307586e+00
872 1.6248828225220456e+02 2.2480982664638844e+00
873 1.5929449021690920e+02 2.2039107211315425e+00
874 1.6154288028069848e+02 2.2350182061432546e+00
875 1.6133284222658756e+02 2.2321122354554404e+00
876 1.5791387600683399e+02 2.1848093042828616e+00
877 1.6004275074501203e+02 2.2142632411580658e+00
878 1.5999069081044757e+02 2.2135429686127206e+00
879 1.5666492737105881e+02 2.1675295397110963e+00
880 1.5850011888784732e+02 2.1929202374914927e+00
881 1.5871506813432944e+02 2.1958941567285990e+00
882 1.5530103520220419e+02 2.1486594798031047e+00
883 1.5714936442172581e+02 2.1742319435935191e+00
884 1.5728203544083354e+02 2.1760675066503254e+00
885 1.5404669301127163e+02 2.1313050929765449e+00
886 1.5575257001759954e+02 2.1549066665027761e+00
887 1.5592865048130517e+02 2.1573428186962023e+00
888 1.5267704426347322e+02 2.1123553882168453e+00
889 1.5453289826643396e+02 2.1380319607612601e+00
890 1.5442814294402316e+02 2.1365826238893924e+00
891 1.5142260127024548e+02 2.0949996067453185e+00
892 1.5325569143988315e+02 2.1203612314453575e+00
893 1.5300338934487993e+02 2.1168705187949426e+00
894 1.5007509886678278e+02 2.0763563065928898e+00
895 1.5213346126266441e+02 2.1048346735852466e+00
896 1.5143035433149947e+02 2.0951068738252783e+00
897 1.4886723958849586e+02 2.0596450317119448e+00
898 1.5093118518383247e+02 2.0882006447730155e+00
899 1.4992560935628828e+02 2.0742880521640834e+00
900 1.4760286680779814e+02 2.0421518671769241e+00
901 1.4984612523531871e+02 2.0731883536991460e+00
902 1.4827807840621432e+02 2.0514937224963106e+00
903 1.4651143729019543e+02 2.0270514502577415e+00
904 1.4863807189902923e+02 2.0564743939386938e+00
905 1.4670964048519659e+02 2.0297936803614363e+00
906 1.4539955510472547e+02 2.0116680615048996e+00
907 1.4748729445444906e+02 2.0405528718302199e+00
908 1.4503411257799891e+02 2.0066120002342722e+00
909 1.4448076502820876e+02 1.9989561886877854e+00
910 1.4615238077740815e+02 2.0220837423543077e+00
911 1.4348843696859339e+02 1.9852268848902217e+00
912 1.4354621071210201e+02 1.9860262105451465e+00
913 1.4480903271964641e+02 2.0034979194380163e+00
914 1.4191510763652138e+02 1.9634591678894477e+00
915 1.4277345953323453e+02 1.9753348513804068e+00
916 1.4323803333511171e+02 1.9817624383064816e+00
917 1.4056047189527018e+02 1.9447171748091712e+00
918 1.4191836219204936e+02 1.9635041961249557e+00
919 1.4164257367732404e+02 1.9596885383232301e+00
920 1.3927531106785187e+02 1.9269363983236274e+00
921 1.4111185731503127e+02 1.9523458394066244e+00
922 1.3986215059777214e+02 1.9350555864375034e+00
923 1.3828066637797460e+02 1.9131750429073031e+00
924 1.4008226518375866e+02 1.9381009704634831e+00
925 1.3815608594970027e+02 1.9114514168035812e+00
926 1.3738516799972678e+02 1.9007854211828552e+00
927 1.3894962492325985e+02 1.9224303844319168e+00
928 1.3643029185876057e+02 1.8875742814782581e+00
929 1.3673023781344193e+02 1.8917241682972068e+00
930 1.3748424641365730e+02 1.9021562154796123e+00
931 1.3497338052152432e+02 1.8674172596534555e+00
932 1.3603545990620734e+02 1.8821116043191646e+00
933 1.3588660532558907e+02 1.8800521344299839e+00
934 1.3368907178657176e+02 1.8496482722493677e+00
935 1.3535070729867067e+02 1.8726377448591300e+00
936 1.3405859396598456e+02 1.8547607773447718e+00
937 1.3279267664174191e+02 1.8372462433570271e+00
938 1.3435417953745068e+02 1.8588503363061579e+00
939 1.3232506515815595e+02 1.8307766287420082e+00
940 1.3206473157063473e+02 1.8271747967902101e+00
941 1.3312750710931033e+02 1.8418787730586552e+00
942 1.3068293684347887e+02 1.8080570469582165e+00
943 1.3154899559466264e+02 1.8200393582375622e+00
944 1.3149241544927918e+02 1.8192565465480681e+00
945 1.2944969468663322e+02 1.7909945885673297e+00
946 1.3087156304088836e+02 1.8106667750046226e+00
947 1.2974101416368893e+02 1.7950251241990598e+00
948 1.2851177223338755e+02 1.7780180107366501e+00
949 1.2999757170055048e+02 1.7985747127962946e+00
950 1.2792080611932134e+02 1.7698417294802022e+00
951 1.2796161220676822e+02 1.7704063000029437e+00
952 1.2863652358533548e+02 1.7797440016460617e+00
953 1.2643973166971418e+02 1.7493504001577727e+00
954 1.2742232524664053e+02 1.7629450230210881e+00
955 1.2699872973342596e+02 1.7570843890988126e+00
956 1.2529882133608653e+02 1.7335653939550608e+00
957 1.2677557754514800e+02 1.7539969784826632e+00
958 1.2513961739493887e+02 1.7313627360209165e+00
959 1.2465948592378621e+02 1.7247199017622732e+00
960 1.2562954555626662e+02 1.7381411118822800e+00
961 1.2353136033341725e+02 1.7091117782169363e+00
962 1.2416368591050035e+02 1.7178602861953447e+00
963 1.2410776703515678e+02 1.7170866234734545e+00
964 1.2227422543801981e+02 1.6917187530714821e+00
965 1.2363283430288692e+02 1.7105157160990654e+00
966 1.2226322534555220e+02 1.6915665618582783e+00
967 1.2158609720010494e+02 1.6821981902510805e+00
968 1.2259882188250245e+02 1.6962096904734119e+00
969 1.2061847400292875e+02 1.6688106893063315e+00
970 1.2111553317863162e+02 1.6756877259500764e+00
971 1.2112817060154582e+02 1.6758625703644070e+00
972 1.1934837014501595e+02 1.6512382327474577e+00
973 1.2062428295793215e+02 1.6688910588043169e+00
974 1.1929777631040916e+02 1.6505382443526224e+00
975 1.1868899552736512e+02 1.6421154891603829e+00
976 1.1959521798926916e+02 1.6546534833923299e+00
977 1.1768471975372663e+02 1.6282208833803544e+00
978 1.1825473162875309e+02 1.6361072533410008e+00
979 1.1809338156523624e+02 1.6338749028412705e+00
980 1.1650523225050270e+02 1.6119021447331094e+00
981 1.1773487082798671e+02 1.6289147459872002e+00
982 1.1627175662423961e+02 1.6086719047220239e+00
983 1.1595112542501680e+02 1.6042358282668108e+00
984 1.1660418813668454e+02 1.6132712438035057e+00
985 1.1476720412985286e+02 1.5878557461193694e+00
986 1.1554512906089246e+02 1.5986186864660137e+00
987 1.1500798526904063e+02 1.5911870611785381e+00
988 1.1378003135658902e+02 1.5741977680207999e+00
989 1.1490411877194030e+02 1.5897500216035090e+00
990 1.1323118077157710e+02 1.5666041739990610e+00
991 1.1337115141882501e+02 1.5685407306853174e+00
992 1.1357446242640239e+02 1.5713536296670318e+00
993 1.1194255500997971e+02 1.5487754585950093e+00
994 1.1292328286131244e+02 1.5623442683078956e+00
995 1.1188254254223150e+02 1.5479451591860860e+00
996 1.1122601915327367e+02 1.5388618636268514e+00
997 1.1203643858984078e+02 1.5500743800323564e+00
998 1.1026127745704530e+02 1.5255142295401662e+00
999 1.1091790646687500e+02 1.5345989864115377e+00
1000 1.1046280985445331e+02 1.5283025206524203e+00
1001 1.0931071052033505e+02 1.5123627096092747e+00
1002 1.1027517390571178e+02 1.5257064931404956e+00
1003 1.0878448925429669e+02 1.5050822023655519e+00
1004 1.0885948747584096e+02 1.5061198363998625e+00
1005 1.0903476375633051e+02 1.5085448623577908e+00
1006 1.0749465632141647e+02 1.4872367852053450e+00
1007 1.0847935700442643e+02 1.5008605608264356e+00
1008 1.0730337525838591e+02 1.4845903259022739e+00
1009 1.0694014043432517e+02 1.4795648091882576e+00
1010 1.0745349093440987e+02 1.4866672436120365e+00
1011 1.0586961812888157e+02 1.4647536529268894e+00
1012 1.0658452939160722e+02 1.4746447709086430e+00
1013 1.0588749890076721e+02 1.4650010414260599e+00
1014 1.0505676281644722e+02 1.4535074350861883e+00
1015 1.0586018802096750e+02 1.4646231831541752e+00
1016 1.0426777047387762e+02 1.4425913721369172e+00
1017 1.0476413690183999e+02 1.4494588243049515e+00
1018 1.0438549268668551e+02 1.4442201117535187e+00
1019 1.0332813331373985e+02 1.4295910705672814e+00
1020 1.0416156061631598e+02 1.4411219111188291e+00
1021 1.0277119772654342e+02 1.4218856169139220e+00
1022 1.0292598593806811e+02 1.4240271812481278e+00
1023 1.0290964290085704e+02 1.4238010679979063e+00
1024 1.0161856209274814e+02 1.4059383859241961e+00
1025 1.0250653120322835e+02 1.4182238368519473e+00
1026 1.0123540928552322e+02 1.4006372949792125e+00
1027 1.0120112862843816e+02 1.4001630067124036e+00
1028 1.0134790864773547e+02 1.4021937741151977e+00
1029 1.0002457385134163e+02 1.3838848436465581e+00
1030 1.0080163416476438e+02 1.3946358216206629e+00
1031 9.9759222374930573e+01 1.3802135869512757e+00
1032 9.9476337742390257e+01 1.3762997511767301e+00
1033 9.9824910009252008e+01 1.3811224048352442e+00
1034 9.8415943646442472e+01 1.3616287232365820e+00
1035 9.9176274849833888e+01 1.3721482464698300e+00
1036 9.8223443664633152e+01 1.3589653996454805e+00
1037 9.7860258387292077e+01 1.3539405684325541e+00
1038 9.8239885301539815e+01 1.3591928770667159e+00
1039 9.6890005893278129e+01 1.3405166899867258e+00
1040 9.7528407905329559e+01 1.3493492681684083e+00
1041 9.6735239404078257e+01 1.3383754261906271e+00
1042 9.6238252612951641e+01 1.3314993910199615e+00
1043 9.6710481148417429e+01 1.3380328846186422e+00
1044 9.5331235861416815e+01 1.3189504074347067e+00
1045 9.5970266063340063e+01 1.3277916769050302e+00
1046 9.5188996458247999e+01 1.3169824614926704e+00
1047 9.4711811922739756e+01 1.3103803994104681e+00
1048 9.5136346944094612e+01 1.3162540318492659e+00
1049 9.3840100825675862e+01 1.2983198853906022e+00
1050 9.4397115392328999e+01 1.3060264317601700e+00
1051 9.3690569574821666e+01 1.2962510534651976e+00
1052 9.3173529274218197e+01 1.2890975689962407e+00
1053 9.3623850566740558e+01 1.2953279660626580e+00
1054 9.2313655909939513e+01 1.2772008353190827e+00
1055 9.2910319008046841e+01 1.2854559369050302e+00
1056 9.2141117204092836e+01 1.2748136849342335e+00
1057 9.1722434258236007e+01 1.2690210185848052e+00
1058 9.2072298831824440e+01 1.2738615518865266e+00
1059 9.0852976764910423e+01 1.2569916841834765e+00
1060 9.1406571089566597e+01 1.2646509099709218e+00
1061 9.0641934313981764e+01 1.2540718172151826e+00
1062 9.0258967793723983e+01 1.2487733036339455e+00
1063 9.0578291629404688e+01 1.2531912921281567e+00
1064 8.9364770954808392e+01 1.2364016892899434e+00
1065 8.9978991499723563e+01 1.2448997060275875e+00
1066 8.9100021573277971e+01 1.2327387628473945e+00
1067 8.8878864190171171e+01 1.2296789512555262e+00
1068 8.9043009894681887e+01 1.2319499807023466e+00
1069 8.7948837799106158e+01 1.2168116189867677e+00
1070 8.8526218461405819e+01 1.2247999394244897e+00
1071 8.7613387784367546e+01 1.2121705175721522e+00
1072 8.7487401998241253e+01 1.2104274477121977e+00
1073 8.7556548919188387e+01 1.2113841263782401e+00
1074 8.6519279043126446e+01 1.1970330323922094e+00
1075 8.7133272057131322e+01 1.2055279011376545e+00
1076 8.6096880827093628e+01 1.1911889636134718e+00
1077 8.6173592472489275e+01 1.1922503036352949e+00
1078 8.6025737332712424e+01 1.1902046614584381e+00
1079 8.5172481330277861e+01 1.1783994819505046e+00
1080 8.5700576235163737e+01 1.1857059118280735e+00
1081 8.4647842597655696e+01 1.1711408697664145e+00
1082 8.4842859789951333e+01 1.1738390200936486e+00
1083 8.4539241810842142e+01 1.1696383291697134e+00
1084 8.3826050555958844e+01 1.1597710082679407e+00
1085 8.4306484923406742e+01 1.1664180332326879e+00
1086 8.3190352111720273e+01 1.1509758351595909e+00
1087 8.3573292531186695e+01 1.1562739876246728e+00
1088 8.3015117710185066e+01 1.1485513886157801e+00
1089 8.2567973931306796e+01 1.1423649538758516e+00
1090 8.2856668767824104e+01 1.1463591764284924e+00
1091 8.1820954236378370e+01 1.1320296013328519e+00
1092 8.2266946378946486e+01 1.1382001026678814e+00
1093 8.1546624257705943e+01 1.1282341230316209e+00
1094 8.1311947194431752e+01 1.1249872606006015e+00
1095 8.1429643063417998e+01 1.1266156357386146e+00
1096 8.0468966146568505e+01 1.1133242396978276e+00
1097 8.0990634203061006e+01 1.1205417512452147e+00
1098 8.0067206053504862e+01 1.1077657086072665e+00
1099 8.0129738877414738e+01 1.1086308782741516e+00
1100 7.9945952043725953e+01 1.1060881049954401e+00
1101 7.9222558019522637e+01 1.0960796242038369e+00
1102 7.9647425652346186e+01 1.1019578584714913e+00
1103 7.8675596745470060e+01 1.0885121696466404e+00
1104 7.8923822679827424e+01 1.0919464867862234e+00
1105 7.8495621652499807e+01 1.0860221335104647e+00
1106 7.8003665190856452e+01 1.0792156952044734e+00
1107 7.8303958851993286e+01 1.0833703926981915e+00
1108 7.7314701317597439e+01 1.0696835709942747e+00
1109 7.7747289614222964e+01 1.0756686241086091e+00
1110 7.7023223003814124e+01 1.0656508377851746e+00
1111 7.6877545942144764e+01 1.0636353302958770e+00
1112 7.6882019288660402e+01 1.0636972210513684e+00
1113 7.6075408293385451e+01 1.0525373961393556e+00
1114 7.6497516040091824e+01 1.0583774461446764e+00
1115 7.5633022201074056e+01 1.0464167861270635e+00
1116 7.5744809691712533e+01 1.0479634162005271e+00
1117 7.5469239783825486e+01 1.0441507829224614e+00
1118 7.4888089921456398e+01 1.0361103139111649e+00
1119 7.5227332502494590e+01 1.0408038871816296e+00
1120 7.4284065653191419e+01 1.0277533672343517e+00
1121 7.4642320852253178e+01 1.0327099886029767e+00
1122 7.4023562665860240e+01 1.0241491915602015e+00
1123 7.3810376585719965e+01 1.0211996665202745e+00
1124 7.3859725229917231e+01 1.0218824271472839e+00
1125 7.3071348675785259e+01 1.0109748839072494e+00
1126 7.3459405354184980e+01 1.0163438221094891e+00
1127 7.2657952687480702e+01 1.0052553649869367e+00
1128 7.2737386194023628e+01 1.0063543631785794e+00
1129 7.2483060760453782e+01 1.0028356567315595e+00
1130 7.1931277171037294e+01 9.9520148327833124e-01
1131 7.2236062741008368e+01 9.9941832834554456e-01
1132 7.1348451482661531e+01 9.8713782846256748e-01
1133 7.1687027162550010e+01 9.9182217485649826e-01
1134 7.1072824163043990e+01 9.8332440086745931e-01
1135 7.0909079330235855e+01 9.8105891766044862e-01
1136 7.0901190171902442e+01 9.8094976761635078e-01
1137 7.0191409130032213e+01 9.7112962854120988e-01
1138 7.0540665659442055e+01 9.7596174927899193e-01
1139 6.9753435889490518e+01 9.6507007231246533e-01
1140 6.9888140609450744e+01 9.6693377253274981e-01
1141 6.9551967057086344e+01 9.6228266065055035e-01
1142 6.9121157092598651e+01 9.5632221155898511e-01
1143 6.9332282870403006e+01 9.5924323139197909e-01
1144 6.8514722610369660e+01 9.4793191849091729e-01
1145 6.8865558633491261e+01 9.5278589223265797e-01
1146 6.8187612640561696e+01 9.4340620533871022e-01
1147 6.8160632256027370e+01 9.4303291961706048e-01
1148 6.8008669429206236e+01 9.4093044574750917e-01
1149 6.7444391226866202e+01 9.3312340372022606e-01
1150 6.7720929825912307e+01 9.3694943927496821e-01
1151 6.6943311354444177e+01 9.2619073893395276e-01
1152 6.7174575937926463e+01 9.2939038817643815e-01
1153 6.6688123965213705e+01 9.2266010694375167e-01
1154 6.6459316239951761e+01 9.1949444943672887e-01
1155 6.6498450230658932e+01 9.2003588575108441e-01
1156 6.5810730553318947e+01 9.1052097554948963e-01
1157 6.6144042945203225e+01 9.1513250199311913e-01
1158 6.5396483087457668e+01 9.0478967605526306e-01
1159 6.5548092035539028e+01 9.0688725385372304e-01
1160 6.5181313363062785e+01 9.0181270640734201e-01
1161 6.4849061832890314e+01 8.9721585746132781e-01
1162 6.4965657739526051e+01 8.9882901412685112e-01
1163 6.4267750101199297e+01 8.8917314891535837e-01
1164 6.4557854576361336e+01 8.9318687445091993e-01
1165 6.3917612005556343e+01 8.8432883131332896e-01
1166 6.3938572913638644e+01 8.8461883487832560e-01
1167 6.3720021097904095e+01 8.8159507247973756e-01
1168 6.3269722089150726e+01 8.7536498371925942e-01
1169 6.3475520650155175e+01 8.7821229911838938e-01
1170 6.2747301326718741e+01 8.6813705814758546e-01
1171 6.3031077683678511e+01 8.7206323132944297e-01
1172 6.2441430555451007e+01 8.6390519883368333e-01
1173 6.2407060923849421e+01 8.6342967956453009e-01
1174 6.2248864901395159e+01 8.6124096663759475e-01
1175 6.1771801871700816e+01 8.5464058564282741e-01
1176 6.1980582865001537e+01 8.5752916433049819e-01
1177 6.1295511757175035e+01 8.4805089827609559e-01
1178 6.1516081654526452e+01 8.5110258173903108e-01
1179 6.1017688915390089e+01 8.4420709464703525e-01
1180 6.0899767639907573e+01 8.4257560090904382e-01
1181 6.0824288769980690e+01 8.4153131688877270e-01
1182 6.0296453115429145e+01 8.3422847385586196e-01
1183 6.0540524670254946e+01 8.3760531329124577e-01
1184 5.9853966865523226e+01 8.2810647811832561e-01
1185 6.0069761174537284e+01 8.3109208917460031e-01
1186 5.9592773897220127e+01 8.2449275624794871e-01
1187 5.9467877876647201e+01 8.2276476378322183e-01
1188 5.9397547312003027e+01 8.2179170887572650e-01
1189 5.8891162219074161e+01 8.1478564398416975e-01
1190 5.9107892029615627e+01 8.1778419812368031e-01
1191 5.8470543438770235e+01 8.0896619449687857e-01
1192 5.8642420612931737e+01 8.1134419229414401e-01
1193 5.8217311983995067e+01 8.0546262373716948e-01
1194 5.8059178899807193e+01 8.0327478158937959e-01
1195 5.8021135244499739e+01 8.0274843055433154e-01
1196 5.7503679078048549e+01 7.9558919239484149e-01
1197 5.7734365635622076e+01 7.9878084438961494e-01
1198 5.7095293952899297e+01 7.8993900101382442e-01
1199 5.7283171205177339e+01 7.9253836706840985e-01
1200 5.6843892657352832e+01 7.8646075132793292e-01
1201 5.6720740116972934e+01 7.8475688069368654e-01
1202 5.6648501014080338e+01 7.8375742030348017e-01
1203 5.6180852661535951e+01 7.7728729558988430e-01
1204 5.6372420843349552e+01 7.7993772731010114e-01
1205 5.5776042565801028e+01 7.7168656634433641e-01
1206 5.5943357436129233e+01 7.7400144262172021e-01
1207 5.5520834301901395e+01 7.6815564554372440e-01
1208 5.5404392078017771e+01 7.6654461514800853e-01
1209 5.5326893831392063e+01 7.6547239214535023e-01
1210 5.4876663791629539e+01 7.5924325760179534e-01
1211 5.5067251260774398e+01 7.6188012072235733e-01
1212 5.4469001538002374e+01 7.5360306747251882e-01
1213 5.4666764953722854e+01 7.5633921303260987e-01
1214 5.4205013042491956e+01 7.4995066822933998e-01
1215 5.4154174891041805e+01 7.4924729960139225e-01
1216 5.4011937065777019e+01 7.4727937549036594e-01
1217 5.3636573255048454e+01 7.4208604880553841e-01
1218 5.3772586123571934e+01 7.4396784784794456e-01
1219 5.3220727567803934e+01 7.3633263720161823e-01
1220 5.3406570984898750e+01 7.3890386423419963e-01
1221 5.2942397876601660e+01 7.3248182108352999e-01
1222 5.2925076906486623e+01 7.3224217769294608e-01
1223 5.2747147627150277e+01 7.2978044630601224e-01
1224 5.2418861076201104e+01 7.2523845462598002e-01
1225 5.2528977206094424e+01 7.2676196067387244e-01
1226 5.1992219418510381e+01 7.1933567592857772e-01
1227 5.2201799729155375e+01 7.2223531353022752e-01
1228 5.1694469991014032e+01 7.1521617904845070e-01
1229 5.1756968496574196e+01 7.1608087390557473e-01
1230 5.1492062286655759e+01 7.1241577767193487e-01
1231 5.1265824777663624e+01 7.0928568025983418e-01
1232 5.1293022500027625e+01 7.0966197294784084e-01
1233 5.0827947399871086e+01 7.0322745033522183e-01
1234 5.1007379148204315e+01 7.0570996905463579e-01
1235 5.0505928621233679e+01 6.9877217609643127e-01
1236 5.0605949931450489e+01 7.0015601578623021e-01
1237 5.0289063795571629e+01 6.9577175396216850e-01
1238 5.0137238323314939e+01 6.9367118045462450e-01
1239 5.0103198349567393e+01 6.9320022214974464e-01
1240 4.9691842503785047e+01 6.8750892951629983e-01
1241 4.9858436721126054e+01 6.8981383523636841e-01
1242 4.9343066470088459e+01 6.8268345665222929e-01
1243 4.9506348065944110e+01 6.8494253076822487e-01
1244 4.9103766486627002e+01 6.7937263404688264e-01
1245 4.9069581299187092e+01 6.7889966664543566e-01
1246 4.8921777940222952e+01 6.7685474087934827e-01
1247 4.8624064969109298e+01 6.7273574838962780e-01
1248 4.8713231756201999e+01 6.7396941088338291e-01
1249 4.8248968977636224e+01 6.6754612710432593e-01
1250 4.8414464122626562e+01 6.6983582666545183e-01
1251 4.7979486955190666e+01 6.6381772245196635e-01
1252 4.8020945402101646e+01 6.6439131866049905e-01
1253 4.7788930570766730e+01 6.6118128940246090e-01
1254 4.7587604329738966e+01 6.5839585055619565e-01
1255 4.7606581408979721e+01 6.5865840695935507e-01
1256 4.7192132707748975e+01 6.5292432328353101e-01
1257 4.7360367092681592e+01 6.5525192145790034e-01
1258 4.6888027877489044e+01 6.4871689655555620e-01
1259 4.7020085127009722e+01 6.5054396783482926e-01
1260 4.6675727293485629e+01 6.4577962275185785e-01
1261 4.6614181584248549e+01 6.4492811025922525e-01
1262 4.6504833795092388e+01 6.4341523455005822e-01
1263 4.6209851536674790e+01 6.3933402269530493e-01
1264 4.6304156857150957e+01 6.4063877910322686e-01
1265 4.5871767568796955e+01 6.3465647935759095e-01
1266 4.6023280280043963e+01 6.3675272567628216e-01
1267 4.5626106524099789e+01 6.3125764861689659e-01
1268 4.5661513609636074e+01 6.3174752152656966e-01
1269 4.5448338495257254e+01 6.2879814820287105e-01
1270 4.5266205798710750e+01 6.2627826065345948e-01
1271 4.5278526836367419e+01 6.2644872773584270e-01
1272 4.4902970965249082e+01 6.2125274380937712e-01
1273 4.5055445650277626e+01 6.2336229946681376e-01
1274 4.4618269138480677e+01 6.1731376633761259e-01
1275 4.4751212124739588e+01 6.1915309218194203e-01
1276 4.4415670108231005e+01 6.1451071788157308e-01
1277 4.4386057941488069e+01 6.1410102027262359e-01
1278 4.4255969482848158e+01 6.1230118809825540e-01
1279 4.4014627818576436e+01 6.0896211792313570e-01
1280 4.4079390495742814e+01 6.0985813860998939e-01
1281 4.3693987090432309e+01 6.0452590963102204e-01
1282 4.3838501427650812e+01 6.0652533030602085e-01
1283 4.3453253763280465e+01 6.0119525607281565e-01
1284 4.3524061407226753e+01 6.0217491158644199e-01
1285 4.3280107030559776e+01 5.9879969336344385e-01
1286 4.3168664181228912e+01 5.9725783155705436e-01
1287 4.3128785610283828e+01 5.9670609364113780e-01
1288 4.2826869553906754e+01 5.9252894958157154e-01
1289 4.2944783175075372e+01 5.9416033741869700e-01
1290 4.2545175641849092e+01 5.8863158795898185e-01
1291 4.2693947595399081e+01 5.9068991466561205e-01
1292 4.2338848772402521e+01 5.8577696317559103e-01
1293 4.2380219088966193e+01 5.8634934006123929e-01
1294 4.2185875839670253e+01 5.8366051403769237e-01
1295 4.2041928713321035e+01 5.8166894097948352e-01
1296 4.2039268955614894e+01 5.8163214203862745e-01
1297 4.1729894658969997e+01 5.7735180987968227e-01
1298 4.1851513141619165e+01 5.7903445613714710e-01
1299 4.1480963526845180e+01 5.7390773601268130e-01
1300 4.1599146129440811e+01 5.7554284532849675e-01
1301 4.1300738523400227e+01 5.7141424225299486e-01
1302 4.1294234584276822e+01 5.7132425733798531e-01
1303 4.1162312874096628e+01 5.6949906130628181e-01
1304 4.0976555519257268e+01 5.6692902498360642e-01
1305 4.1020378355004475e+01 5.6753533357219699e-01
1306 4.0692009133054547e+01 5.6299219810178858e-01
1307 4.0834045862739337e+01 5.6495733996526742e-01
1308 4.0469881614303077e+01 5.5991896424813736e-01
1309 4.0587305072111427e+01 5.6154357045531855e-01
1310 4.0309883679329793e+01 5.5770532105328252e-01
1311 4.0296297664878942e+01 5.5751735244956679e-01
1312 4.0183555614139593e+01 5.5595751560895501e-01
1313 3.9999780272017055e+01 5.5341490132121685e-01
1314 4.0048535791620260e+01 5.5408945580343105e-01
1315 3.9739002139602206e+01 5.4980691889142197e-01
1316 3.9869240712380233e+01 5.5160882796222233e-01
1317 3.9538132005213392e+01 5.4702779048508587e-01
1318 3.9634094803312941e+01 5.4835547883936220e-01
1319 3.9394076492828177e+01 5.4503471785745417e-01
1320 3.9360397334817762e+01 5.4456875160013563e-01
1321 3.9279003069502458e+01 5.4344262543141031e-01
1322 3.9084618410929210e+01 5.4075322649193835e-01
1323 3.9153803031587394e+01 5.4171042675039272e-01
1324 3.8844162849545540e+01 5.3742641594772200e-01
1325 3.8986598119815014e+01 5.3939707179894891e-01
1326 3.8660266031803410e+01 5.3488212099030086e-01
1327 3.8767683455219078e+01 5.3636828922361368e-01
1328 3.8529391918109070e+01 5.3307141892586174e-01
1329 3.8513401487123453e+01 5.3285018414092511e-01
1330 3.8425775485332643e+01 5.3163783910291607e-01
1331 3.8257297840510581e+01 5.2930687531886600e-01
1332 3.8313491911356479e+01 5.3008434549396533e-01
1333 3.8033870452718084e+01 5.2621565719399688e-01
1334 3.8162940097192738e+01 5.2800139361741605e-01
1335 3.7863256226951052e+01 5.2385513285424412e-01
1336 3.7964308846993283e+01 5.2525324117805516e-01
1337 3.7743276968121393e+01 5.2219516599356963e-01
1338 3.7731464846163384e+01 5.2203173998814334e-01
1339 3.7651255193080935e+01 5.2092200346099837e-01
1340 3.7494601564103476e+01 5.1875463023963042e-01
1341 3.7554351186713220e+01 5.1958129306816803e-01
1342 3.7285982916022334e+01 5.1586829767088982e-01
1343 3.7424170310768851e+01 5.1778018225894040e-01
1344 3.7125960426116357e+01 5.1365431474752743e-01
1345 3.7249307418506433e+01 5.1536087571255296e-01
1346 3.7015054934977357e+01 5.1211988753274573e-01
1347 3.7039936509768992e+01 5.1246413528021806e-01
1348 3.6934536303813871e+01 5.1100587615526238e-01
1349 3.6822422746820884e+01 5.0945473480753234e-01
1350 3.6854773368855682e+01 5.0990232017373471e-01
1351 3.6627120783004500e+01 5.0675264453857916e-01
1352 3.6748016540136071e+01 5.0842529156434113e-01
1353 3.6475447545718936e+01 5.0465417727014306e-01
1354 3.6600315396082621e+01 5.0638177998738987e-01
1355 3.6371609184072852e+01 5.0321752696174316e-01
1356 3.6417192445627542e+01 5.0384819183099083e-01
1357 3.6301625395551746e+01 5.0224926985745133e-01
1358 3.6220529624657360e+01 5.0112727349292419e-01
1359 3.6239506889996157e+01 5.0138983247083357e-01
1360 3.6038577277069436e+01 4.9860988115224736e-01
1361 3.6158139629960075e+01 5.0026407993225896e-01
1362 3.5894076016986432e+01 4.9661064140528371e-01
1363 3.6040586658057059e+01 4.9863768183948659e-01
1364 3.5795510606171945e+01 4.9524694473673614e-01
1365 3.5886957078225656e+01 4.9651214769444296e-01
1366 3.5734416678046479e+01 4.9440168283842184e-01
1367 3.5713789528272578e+01 4.9411629696932380e-01
1368 3.5689219800247287e+01 4.9377636376173767e-01
1369 3.5546541977785530e+01 4.9180235209213763e-01
1370 3.5634033631569636e+01 4.9301283836521437e-01
1371 3.5408971276059873e+01 4.8989899972863837e-01
1372 3.5549124808939908e+01 4.9183808671964580e-01
1373 3.5314003411060988e+01 4.8858507672007095e-01
1374 3.5428804990012033e+01 4.9017340805725979e-01
1375 3.5259317381975997e+01 4.8782847097914162e-01
1376 3.5283341060773800e+01 4.8816084935074383e-01
1377 3.5228755920665961e+01 4.8740563945406551e-01
1378 3.5134218325421223e+01 4.8609766942053728e-01
1379 3.5198803943909063e+01 4.8699124042115660e-01
1380 3.5005207839298038e+01 4.8431275147944519e-01
1381 3.5147800089364445e+01 4.8628557921657345e-01
1382 3.4913224075607957e+01 4.8304011485095572e-01
1383 3.5064395334159883e+01 4.8513163701845735e-01
1384 3.4862385456122652e+01 4.8233673974753172e-01
1385 3.4951786966469442e+01 4.8357364974278860e-01
1386 3.4843002873824787e+01 4.8206857302769535e-01
1387 3.4825993605846449e+01 4.8183324217598156e-01
1388 3.4835510697847674e+01 4.8196491541255698e-01
1389 3.4709176813724177e+01 4.8021702946067735e-01
1390 3.4817916812690605e+01 4.8172149611995485e-01
1391 3.4621085382357286e+01 4.7899824499572224e-01
1392 3.4774140705397286e+01 4.8111583404048319e-01
1393 3.4572010315673850e+01 4.7831926943632536e-01
1394 3.4700040324736932e+01 4.8009062203751368e-01
1395 3.4559523506295854e+01 4.7814650882782334e-01
1396 3.4604680768221549e+01 4.7877127980112860e-01
1397 3.4569748270380011e+01 4.7828797302508103e-01
1398 3.4506460415943842e+01 4.7741235717220781e-01
1399 3.4582562427628375e+01 4.7846526263819622e-01
1400 3.4425963216711956e+01 4.7629864231511110e-01
1401 3.4578985162245068e+01 4.7841576956709336e-01
1402 3.4378527026364196e+01 4.7564234134490990e-01
1403 3.4548137504222836e+01 4.7798897838213511e-01
1404 3.4369150109764306e+01 4.7551260749788538e-01
1405 3.4491109725306799e+01 4.7719997348193904e-01
1406 3.4391161444446787e+01 4.7581714418604754e-01
1407 3.4420231959466520e+01 4.7621934780045727e-01
1408 3.4428823003044762e+01 4.7633820874173666e-01
1409 3.4354220380825758e+01 4.7530604800153087e-01
1410 3.4462956735982303e+01 4.7681046424706425e-01
1411 3.4311335482958313e+01 4.7471271620420380e-01
1412 3.4477759966191215e+01 4.7701527357675527e-01
1413 3.4303171352813969e+01 4.7459976180176761e-01
1414 3.4466406093238739e+01 4.7685818765186072e-01
1415 3.4331055622556924e+01 4.7498555318070190e-01
1416 3.4433313148649916e+01 4.7640033192016651e-01
1417 3.4385946885631469e+01 4.7574499842593115e-01
1418 3.4392265083452450e+01 4.7583241352671035e-01
1419 3.4451683544092035e+01 4.7665449458085352e-01
1420 3.4361299327540223e+01 4.7540398840447312e-01
1421 3.4510547967828352e+01 4.7746891028593563e-01
1422 3.4356456010071120e+01 4.7533697893489596e-01
1423 3.4549358966763926e+01 4.7800587786425841e-01
1424 3.4386595365911326e+01 4.7575397044146833e-01
1425 3.4563958276579598e+01 4.7820786586384378e-01
1426 3.4450771855488149e+01 4.7664188096009552e-01
1427 3.4560393484340750e+01 4.7815854536428909e-01
1428 3.4538661695929342e+01 4.7785787632417326e-01
1429 3.4552283140176336e+01 4.7804633511501005e-01
1430 3.4633553294273554e+01 4.7917074414936506e-01
1431 3.4555091010360151e+01 4.7808518325842814e-01
1432 3.4716335406105202e+01 4.8031607179714025e-01
1433 3.4578417746508542e+01 4.7840791911587333e-01
1434 3.4767649359127908e+01 4.8102602335325739e-01
1435 3.4616513355589326e+01 4.7893498895467845e-01
1436 3.4764204553308659e+01 4.8097836291963586e-01
1437 3.4635592060424322e+01 4.7919895139351670e-01
1438 3.4665272190007130e+01 4.7960958929883946e-01
1439 3.4556289748398143e+01 4.7810176833685841e-01
1440 3.4389146605426156e+01 4.7578926798447346e-01
1441 3.4235175629785473e+01 4.7365901047528081e-01
1442 3.3791464923508357e+01 4.6752007383463873e-01
1443 3.3465894848246499e+01 4.6301566581417197e-01
1444 3.2679664085128060e+01 4.5213781055526969e-01
1445 3.2042508551793262e+01 4.4332247796571983e-01
1446 3.0911446252095033e+01 4.2767372372959866e-01
1447 2.9915138699107391e+01 4.1388936185629194e-01
1448 2.8575041523064055e+01 3.9534851634670565e-01
1449 2.7368862328542807e+01 3.7866048617823345e-01
1450 2.6120167122533577e+01 3.6138422792095204e-01
1451 2.5043732201810027e+01 3.4649126797517743e-01
1452 2.4263141729049529e+01 3.3569144866323880e-01
1453 2.3697148598262029e+01 3.2786067983168149e-01
1454 2.3667317718309739e+01 3.2744795622738032e-01
1455 2.3822850038418558e+01 3.2959981563760560e-01
1456 2.4532566808315789e+01 3.3941906548117184e-01
1457 2.5224353550150905e+01 3.4899024534427320e-01
1458 2.6152037569421026e+01 3.6182516984861607e-01
1459 2.6668986105982125e+01 3.6897738472088748e-01
1460 2.6908450613013670e+01 3.7229048358362066e-01
1461 2.6559073914677693e+01 3.6745670025484567e-01
1462 2.5825771621016496e+01 3.5731113411109777e-01
1463 2.4981783259025629e+01 3.4563417656555379e-01
1464 2.4163097381128516e+01 3.3430729023646899e-01
1465 2.3871136157964362e+01 3.3026787575948380e-01
1466 2.3849596930196068e+01 3.2996987088223539e-01
1467 2.4457746787432225e+01 3.3838389693293119e-01
1468 2.5001203806014363e+01 3.4590286854391677e-01
1469 2.5616857292886024e+01 3.5442071067625214e-01
1470 2.5572161704542950e+01 3.5380232716403870e-01
1471 2.5186331642406294e+01 3.4846419519651151e-01
1472 2.4386224035898884e+01 3.3739434758508802e-01
1473 2.3712809026951792e+01 3.2807734888683771e-01
1474 2.3429187827857486e+01 3.2415332238364247e-01
1475 2.3568634124835917e+01 3.2608262444873193e-01
1476 2.4172551408446399e+01 3.3443809094486376e-01
1477 2.4589987740108636e+01 3.4021350982776100e-01
1478 2.4820593974596825e+01 3.4340405051662121e-01
1479 2.4306247769401718e+01 3.3628784006603218e-01
1480 2.3717368314606606e+01 3.2814042867653720e-01
1481 2.3052744519175878e+01 3.1894506036044312e-01
1482 2.2994726919343016e+01 3.1814236084389458e-01
1483 2.3280871185678759e+01 3.2210129511405627e-01
1484 2.3812903928793570e+01 3.2946220674977644e-01
1485 2.4066555857169199e+01 3.3297159495034456e-01
1486 2.3759773019180329e+01 3.2872711678426259e-01
1487 2.3191353821812228e+01 3.2086278223338960e-01
1488 2.2565551824779266e+01 3.1220453091102168e-01
1489 2.2554514755921662e+01 3.1205182811287707e-01
1490 2.2792420339770274e+01 3.1534335857414442e-01
1491 2.3348156936347745e+01 3.2303222365450257e-01
1492 2.3337309027761719e+01 3.2288213797356002e-01
1493 2.3017618697187412e+01 3.1845907885811042e-01
1494 2.2336152637764958e+01 3.0903069026536434e-01
1495 2.2049276992770469e+01 3.0506163704341072e-01
1496 2.2182151610208713e+01 3.0690001697444058e-01
1497 2.2603659142935825e+01 3.1273176275014208e-01
1498 2.2855801672926848e+01 3.1622026774704287e-01
1499 2.2518077203725785e+01 3.1154769823476930e-01
1500 2.2017531004211332e+01 3.0462241705254267e-01
1501 2.1556190169835478e+01 2.9823955968194427e-01
1502 2.1755003011786254e+01 3.0099022452463470e-01
1503 2.2053031717624517e+01 3.0511358534588789e-01
1504 2.2339956066427504e+01 3.0908331240687736e-01
1505 2.1958410001841717e+01 3.0380445146698465e-01
1506 2.1475313582629781e+01 2.9712059582206152e-01
1507 2.1143525072906723e+01 2.9253015297164531e-01
1508 2.1341428190897304e+01 2.9526823137530439e-01
1509 2.1716539250673257e+01 3.0045806113733520e-01
1510 2.1732284921271752e+01 3.0067590955253254e-01
1511 2.1371568357838811e+01 2.9568523410382708e-01
1512 2.0820375057541003e+01 2.8805922756532054e-01
1513 2.0816725653194666e+01 2.8800873641930735e-01
1514 2.1029264263609626e+01 2.9094930342517239e-01
1515 2.1371644204922092e+01 2.9568628348224424e-01
1516 2.1066243654500596e+01 2.9146092988465971e-01
1517 2.0653008426762074e+01 2.8574363515888468e-01
1518 2.0320901439434390e+01 2.8114878602796045e-01
1519 2.0554417592521421e+01 2.8437958674583280e-01
1520 2.0834654033157136e+01 2.8825678359757451e-01
1521 2.0773390648582321e+01 2.8740917719327647e-01
1522 2.0342698586694059e+01 2.8145035933705770e-01
1523 1.9960037200152307e+01 2.7615606741764448e-01
1524 2.0115680277759779e+01 2.7830945920754208e-01
1525 2.0349931074889099e+01 2.8155042405525227e-01
1526 2.0433851512505200e+01 2.8271150095083308e-01
1527 1.9938952675672272e+01 2.7586435356433897e-01
1528 1.9664807981685243e+01 2.7207143875983680e-01
1529 1.9656128692322064e+01 2.7195135689854161e-01
1530 2.0013823070368339e+01 2.7690021905686996e-01
1531 1.9962579602644915e+01 2.7619124269648343e-01
1532 1.9596947157223362e+01 2.7113255381552570e-01
1533 1.9256201163380833e+01 2.6641818015458130e-01
1534 1.9337693776604709e+01 2.6754566701073407e-01
1535 1.9639949634827101e+01 2.7172751238124287e-01
1536 1.9531763343904874e+01 2.7023070652111375e-01
1537 1.9188424709634145e+01 2.6548046251695800e-01
1538 1.8853852485281934e+01 2.6085150572605709e-01
1539 1.9090677307794127e+01 2.6412808336947696e-01
1540 1.9229734510652015e+01 2.6605200214288682e-01
1541 1.9149504725805873e+01 2.6494198708376132e-01
1542 1.8668560674181304e+01 2.5828791040981924e-01
1543 1.8589821783862632e+01 2.5719852254519804e-01
1544 1.8766836246950955e+01 2.5964759703901436e-01
1545 1.8916776295996307e+01 2.6172208487075327e-01
1546 1.8619861638201527e+01 2.5761413740387001e-01
1547 1.8260448334241357e+01 2.5264149313452638e-01
1548 1.8312319257013041e+01 2.5335915061694042e-01
1549 1.8504756815877514e+01 2.5602161055860123e-01
1550 1.8513007979440875e+01 2.5613576910742697e-01
1551 1.8072422570989364e+01 2.5004007236400416e-01
1552 1.7947500101650849e+01 2.4831171396874216e-01
1553 1.8048291446302368e+01 2.4970620743033189e-01
1554 1.8258823422979447e+01 2.5261901175839002e-01
1555 1.7942114502490526e+01 2.4823720178873523e-01
1556 1.7663509175128343e+01 2.4438257212074252e-01
1557 1.7648854352493064e+01 2.4417981607639852e-01
1558 1.7884852674776088e+01 2.4744495871843450e-01
1559 1.7795017569921040e+01 2.4620204974867402e-01
1560 1.7426509466219951e+01 2.4110357484558870e-01
1561 1.7325333998355788e+01 2.3970376686705977e-01
1562 1.7472814682846469e+01 2.4174422828707645e-01
1563 1.7586029533515266e+01 2.4331060652677894e-01
1564 1.7215762585986685e+01 2.3818779723043915e-01
1565 1.7045449840334264e+01 2.3583144400329611e-01
1566 1.7092096368798501e+01 2.3647681964714864e-01
1567 1.7304719291936944e+01 2.3941855315736019e-01
1568 1.7021056320828393e+01 2.3549394871961171e-01
1569 1.6774577359037195e+01 2.3208380172905790e-01
1570 1.6767837157118286e+01 2.3199054801230068e-01
1571 1.6973550717517188e+01 2.3483668738992716e-01
1572 1.6827610801794908e+01 2.3281754319690834e-01
1573 1.6502919466113074e+01 2.2832529293267570e-01
1574 1.6484778734681097e+01 2.2807430777658108e-01
1575 1.6633527349603558e+01 2.3013231158283123e-01
1576 1.6613532493188760e+01 2.2985567377596139e-01
1577 1.6241330373636444e+01 2.2470609050668294e-01
1578 1.6211664368147140e+01 2.2429564801452898e-01
1579 1.6320712223363557e+01 2.2580437400310904e-01
1580 1.6362722859020774e+01 2.2638560999062132e-01
1581 1.6000355637690387e+01 2.2137209694952861e-01
1582 1.5928074730794014e+01 2.2037205818217948e-01
1583 1.6048023347514079e+01 2.2203160109552370e-01
1584 1.6078531611518390e+01 2.2245369661201428e-01
1585 1.5774543396097179e+01 2.1824788330263886e-01
1586 1.5637196409697943e+01 2.1634762614102451e-01
1587 1.5803206448138322e+01 2.1864444948397888e-01
1588 1.5782777772303874e+01 2.1836180959085544e-01
1589 1.5543758938887930e+01 2.1505487682249383e-01
1590 1.5358326312292572e+01 2.1248933326072594e-01
1591 1.5562470437668367e+01 2.1531375880086290e-01
1592 1.5499842253041049e+01 2.1444726977567941e-01
1593 1.5288310954908876e+01 2.1152063938706048e-01
1594 1.5108575853412862e+01 2.0903392364057521e-01
1595 1.5309577977697300e+01 2.1181487818631919e-01
1596 1.5239414078845513e+01 2.1084412917481682e-01
1597 1.5004740607614975e+01 2.0759731644133259e-01
1598 1.4889469192299252e+01 2.0600248470730090e-01
1599 1.5046470750930025e+01 2.0817467169148068e-01
1600 1.4990867876555013e+01 2.0740538098472772e-01
1601 1.4709212291545120e+01 2.0350854963403489e-01
1602 1.4687131442883958e+01 2.0320305118879833e-01
1603 1.4787942453363382e+01 2.0459781673593791e-01
1604 1.4732243877602910e+01 2.0382720195759180e-01
1605 1.4426553477325013e+01 1.9959783815723647e-01
1606 1.4483869701445382e+01 2.0039083382621192e-01
1607 1.4546109112305219e+01 2.0125194399194410e-01
1608 1.4447104875047645e+01 1.9988217596272786e-01
1609 1.4174917059210257e+01 1.9611633544515220e-01
1610 1.4271207810318989e+01 1.9744856117640866e-01
1611 1.4317831313885012e+01 1.9809361826046695e-01
1612 1.4137526838269309e+01 1.9559902496765219e-01
1613 1.3957325528177382e+01 1.9310585901613209e-01
1614 1.4053493696440293e+01 1.9443638875873404e-01
1615 1.4084372035890789e+01 1.9486360443501399e-01
1616 1.3824419207999540e+01 1.9126704046348014e-01
1617 1.3763855671158845e+01 1.9042911676648913e-01
1618 1.3839234849583342e+01 1.9147202151010970e-01
1619 1.3823643749796293e+01 1.9125631165141893e-01
1620 1.3536167553144935e+01 1.8727894952792476e-01
1621 1.3580318177897247e+01 1.8788979322442537e-01
1622 1.3628370691398493e+01 1.8855462130189687e-01
1623 1.3527424400621474e+01 1.8715798409116227e-01
1624 1.3294140746499856e+01 1.8393040010076009e-01
1625 1.3395429310337956e+01 1.8533177281281582e-01
1626 1.3407356135084470e+01 1.8549678578276915e-01
1627 1.3211925184001934e+01 1.8279291091713359e-01
1628 1.3102766678478284e+01 1.8128265403192254e-01
1629 1.3200927086860331e+01 1.8264074731015997e-01
1630 1.3157856303279781e+01 1.8204484370061608e-01
1631 1.2913259072032190e+01 1.7866073129615306e-01
1632 1.2946786367586983e+01 1.7912459646828260e-01
1633 1.2987479865653071e+01 1.7968760926644076e-01
1634 1.2874348140143640e+01 1.7812238110060252e-01
1635 1.2668726019377846e+01 1.7527750683131388e-01
1636 1.2795216636970386e+01 1.7702756126103800e-01
1637 1.2745646067961486e+01 1.7634173020471872e-01
1638 1.2577177843532231e+01 1.7401089675602849e-01
1639 1.2493370224464789e+01 1.7285138075567133e-01
1640 1.2611752574676508e+01 1.7448925366934892e-01
1641 1.2476098571310279e+01 1.7261241968735655e-01
1642 1.2307096530539209e+01 1.7027420065014259e-01
1643 1.2364281025435901e+01 1.7106537378622344e-01
1644 1.2371979156648720e+01 1.7117188088442567e-01
1645 1.2199777458497383e+01 1.6878939315220087e-01
1646 1.2098972968618936e+01 1.6739471782050053e-01
1647 1.2225095286134966e+01 1.6913967665347107e-01
1648 1.2083176331080606e+01 1.6717616425483015e-01
1649 1.1952628966399855e+01 1.6536998290955196e-01
1650 1.1950293147420508e+01 1.6533766580627868e-01
1651 1.2018436373066976e+01 1.6628045789764503e-01
1652 1.1790839142419276e+01 1.6313154812655825e-01
1653 1.1760525226758791e+01 1.6271214150657631e-01
1654 1.1811343570063794e+01 1.6341523607995126e-01
1655 1.1733342797519798e+01 1.6233606040581355e-01
1656 1.1554368180887513e+01 1.5985986630852123e-01
1657 1.1609879047268659e+01 1.6062788404341036e-01
1658 1.1618404312951270e+01 1.6074583491800004e-01
1659 1.1426347359385387e+01 1.5808864082135962e-01
1660 1.1399243792720128e+01 1.5771365081967703e-01
1661 1.1445010841264638e+01 1.5834685846436358e-01
1662 1.1355251097243366e+01 1.5710499214554030e-01
1663 1.1181681756027356e+01 1.5470358245808144e-01
1664 1.1282562595736973e+01 1.5609931412394154e-01
1665 1.1215272060720132e+01 1.5516831938989673e-01
1666 1.1079271638436017e+01 1.5328669254679478e-01
1667 1.1033593436099396e+01 1.5265471412924492e-01
1668 1.1116075610070368e+01 1.5379589200218532e-01
1669 1.0939589863109831e+01 1.5135413253314409e-01
1670 1.0867032971798796e+01 1.5035027539762974e-01
1671 1.0922548292210646e+01 1.5111835475603144e-01
1672 1.0853888736263498e+01 1.5016841900336353e-01
1673 1.0701617802448135e+01 1.4806168233535058e-01
1674 1.0726182901392045e+01 1.4840155149751946e-01
1675 1.0747222489521034e+01 1.4869264363625279e-01
1676 1.0559362635382710e+01 1.4609351829273406e-01
1677 1.0554970745032787e+01 1.4603275451983114e-01
1678 1.0575207595168189e+01 1.4631274041836795e-01
1679 1.0485211137846097e+01 1.4506759906485389e-01
1680 1.0343899004116350e+01 1.4311248231141890e-01
1681 1.0443452923242171e+01 1.4448985543583329e-01
1682 1.0343097821892952e+01 1.4310139759600080e-01
1683 1.0229813548526392e+01 1.4153405886213632e-01
1684 1.0228639907339451e+01 1.4151782100989713e-01
1685 1.0253768195381873e+01 1.4186548214585332e-01
1686 1.0081016941715768e+01 1.3947539106658743e-01
1687 1.0064955416730701e+01 1.3925317266428042e-01
1688 1.0105548199896457e+01 1.3981479202661842e-01
1689 9.9739052312979553e+00 1.3799345250972267e-01
1690 9.9003559529919034e+00 1.3697586525501301e-01
1691 9.9400285324274353e+00 1.3752475318600080e-01
1692 9.8823926160070723e+00 1.3672733443066210e-01
1693 9.7290184777028639e+00 1.3460533443372139e-01
1694 9.7998284507875812e+00 1.3558502217202256e-01
1695 9.7394007542982699e+00 1.3474897788722193e-01
1696 9.6283905548679503e+00 1.3321310198626463e-01
1697 9.5985485638089099e+00 1.3280022465481786e-01
1698 9.6467962560395257e+00 1.3346775311755449e-01
1699 9.4793852717546780e+00 1.3115154706047019e-01
1700 9.4623932824755617e+00 1.3091645526731022e-01
1701 9.4860598525320370e+00 1.3124389287930077e-01
1702 9.3864852043806586e+00 1.2986623295952013e-01
1703 9.2961959566969981e+00 1.2861704072002736e-01
1704 9.3460982355544360e+00 1.2930746113088429e-01
1705 9.2750466368714726e+00 1.2832443039405408e-01
1706 9.1495411305046996e+00 1.2658800541999424e-01
1707 9.2047746612039258e+00 1.2735218609132953e-01
1708 9.1448631126784257e+00 1.2652328294511811e-01
1709 9.0406918893824120e+00 1.2508202734649163e-01
1710 9.0254276693422515e+00 1.2487084001571570e-01
1711 9.0538176827075425e+00 1.2526362858450821e-01
1712 8.8894029775299686e+00 1.2298887739280584e-01
1713 8.9050928851140796e+00 1.2320595430168761e-01
1714 8.8973479379622837e+00 1.2309879948397108e-01
1715 8.8028611960713281e+00 1.2179153302940189e-01
1716 8.7328211421371709e+00 1.2082249746788355e-01
1717 8.7888978742897237e+00 1.2159834420953007e-01
1718 8.6718090856174275e+00 1.1997836829995660e-01
1719 8.6068508095855929e+00 1.1907964141506662e-01
1720 8.6450851871471777e+00 1.1960863117804602e-01
1721 8.5632285704997333e+00 1.1847610817126027e-01
1722 8.4766398306158681e+00 1.1727811411698090e-01
1723 8.4996289194147057e+00 1.1759617847189871e-01
1724 8.4635164294564316e+00 1.1709654597564965e-01
1725 8.3326176034213297e+00 1.1528550200489171e-01
1726 8.3832282023498657e+00 1.1598572234163784e-01
1727 8.3253306671530112e+00 1.1518468397318150e-01
1728 8.2366040127934710e+00 1.1395711091320403e-01
1729 8.2201282784806633e+00 1.1372916173906079e-01
1730 8.2358434692824982e+00 1.1394658845260017e-01
1731 8.0932725102152840e+00 1.1197405528599547e-01
1732 8.1098755776733729e+00 1.1220376617131690e-01
1733 8.0965264235758969e+00 1.1201907463683003e-01
1734 7.9959016610907447e+00 1.1062688591422976e-01
1735 7.9656133022728621e+00 1.1020783288462832e-01
1736 7.9858951209141287e+00 1.1048844094261367e-01
1737 7.8789765610839337e+00 1.0900917471076320e-01
1738 7.8367296007857030e+00 1.0842466906584286e-01
1739 7.8714034555847467e+00 1.0890439739938731e-01
1740 7.7572185014645587e+00 1.0732459734331054e-01
1741 7.7266749937480421e+00 1.0690201421425358e-01
1742 7.7327211362977568e+00 1.0698566530832884e-01
1743 7.6674840118131931e+00 1.0608308043002235e-01
1744 7.5817260763305914e+00 1.0489658092727841e-01
1745 7.6375921036882009e+00 1.0566951247357864e-01
1746 7.5319110569586272e+00 1.0420736779054184e-01
1747 7.4876776104418665e+00 1.0359537821778173e-01
1748 7.4945094925708160e+00 1.0368990037136655e-01
1749 7.4438386258065758e+00 1.0298884620208126e-01
1750 7.3521065894719273e+00 1.0171969233446244e-01
1751 7.3925181320627349e+00 1.0227880415215349e-01
1752 7.3217714570645942e+00 1.0129999217127142e-01
1753 7.2458377621813641e+00 1.0024941544372484e-01
1754 7.2722378270997021e+00 1.0061467218319439e-01
1755 7.2119783337770986e+00 9.9780955064649998e-02
1756 7.1381757314081993e+00 9.8759862957906439e-02
1757 7.1485013864469424e+00 9.8902723026773887e-02
1758 7.1153093305446786e+00 9.8443496045603429e-02
1759 7.0118668388803167e+00 9.7012322775961696e-02
1760 7.0537084827482026e+00 9.7591220686270033e-02
1761 6.9865706592090184e+00 9.6662338784014895e-02
1762 6.9238768064437037e+00 9.5794941210687837e-02
1763 6.9204137344654777e+00 9.5747028056563863e-02
1764 6.9001946300869044e+00 9.5467287678532339e-02
1765 6.7954180453945225e+00 9.4017656633461982e-02
1766 6.8298349504069469e+00 9.4493829951457872e-02
1767 6.7758984789950620e+00 9.3747594677138002e-02
1768 6.7026183488648661e+00 9.2733731208163417e-02
1769 6.7113949443743168e+00 9.2855159343637375e-02
1770 6.6763572968904823e+00 9.2370397775125485e-02
1771 6.5938548346611805e+00 9.1228939205031098e-02
1772 6.6048068401712046e+00 9.1380465113608131e-02
1773 6.5743712108152339e+00 9.0959374530056439e-02
1774 6.4819563032440612e+00 8.9680772832589392e-02
1775 6.5116134739965918e+00 9.0091093092197413e-02
1776 6.4550825961438614e+00 8.9308963041089193e-02
1777 6.3954126968544163e+00 8.8483403220446455e-02
1778 6.3904092396669814e+00 8.8414178146038067e-02
1779 6.3701151901398188e+00 8.8133400868260381e-02
1780 6.2735902162045525e+00 8.6797934559141962e-02
1781 6.3095236319948480e+00 8.7295089483956201e-02
1782 6.2464832597504145e+00 8.6422897658209791e-02
1783 6.1917143750769199e+00 8.5665145573049981e-02
1784 6.1929096174130445e+00 8.5681682286876976e-02
1785 6.1579633379644720e+00 8.5198184836114604e-02
1786 6.0810790651335491e+00 8.4134456436295246e-02
1787 6.1032117118309994e+00 8.4440671530597047e-02
1788 6.0498791772976359e+00 8.3702791993877687e-02
1789 5.9860118149135637e+00 8.2819158388616254e-02
1790 6.0069387544355912e+00 8.3108691983345528e-02
1791 5.9441913436345271e+00 8.2240553410571265e-02
1792 5.8975864919205163e+00 8.1595754383251548e-02
1793 5.9004470725982650e+00 8.1635331799995631e-02
1794 5.8560069569324869e+00 8.1020482866860741e-02
1795 5.7890027590102955e+00 8.0093449734952304e-02
1796 5.8211146987570359e+00 8.0537732824642369e-02
1797 5.7392995507736213e+00 7.9405783555423576e-02
1798 5.7140544259260633e+00 7.9056505929863033e-02
1799 5.7088565854561741e+00 7.8984591475554408e-02
1800 5.6574242001738178e+00 7.8273001356004124e-02
1801 5.6078687700449921e+00 7.7587379752880964e-02
1802 5.6286166028028273e+00 7.7874435325192171e-02
1803 5.5479981363396966e+00 7.6759042681558740e-02
1804 5.5285112246296721e+00 7.6489432517509837e-02
1805 5.5275156720128242e+00 7.6475658600516638e-02
1806 5.4563879691453998e+00 7.5491574928159125e-02
1807 5.4399375543805633e+00 7.5263976061318738e-02
1808 5.4321437211229906e+00 7.5156144882401715e-02
1809 5.3665093389336862e+00 7.4248063765566585e-02
1810 5.3469845693033244e+00 7.3977929820209259e-02
1811 5.3478319872399673e+00 7.3989654227458401e-02
1812 5.2628105624693617e+00 7.2813344680764946e-02
1813 5.2757375004370353e+00 7.2992194665717755e-02
1814 5.2394026881101441e+00 7.2489486239779757e-02
1815 5.1883928062325584e+00 7.1783741644341564e-02
1816 5.1758474930373373e+00 7.1610171609287301e-02
1817 5.1619419863359903e+00 7.1417782686982859e-02
1818 5.0853787761397413e+00 7.0358496332721704e-02
1819 5.1072145861305751e+00 7.0660604558046125e-02
1820 5.0553274720049286e+00 6.9942723060987602e-02
1821 5.0121212204797700e+00 6.9344945191668089e-02
1822 5.0141650609727417e+00 6.9373222641620116e-02
1823 4.9704989343660539e+00 6.8769082194278075e-02
1824 4.9247278086259429e+00 6.8135818139761634e-02
1825 4.9331169403931474e+00 6.8251885540570975e-02
1826 4.8790914215169261e+00 6.7504418254641207e-02
1827 4.8424964885147785e+00 6.6998110942488101e-02
1828 4.8534394467813176e+00 6.7149511678393531e-02
1829 4.7828288518369177e+00 6.6172582426091489e-02
1830 4.7736743996374287e+00 6.6045926473829314e-02
1831 4.7574920723490060e+00 6.5822036717471458e-02
1832 4.7076429732934271e+00 6.5132352073026187e-02
1833 4.6845762554729902e+00 6.4813213685775292e-02
1834 4.6847764885158494e+00 6.4815983999734567e-02
1835 4.6098349600044140e+00 6.3779134338962026e-02
1836 4.6227961824983224e+00 6.3958458665713050e-02
1837 4.5848177361414750e+00 6.3433009825745013e-02
1838 4.5410261915596175e+00 6.2827134164462284e-02
1839 4.5366362688086346e+00 6.2766397614173214e-02
1840 4.5072611038830201e+00 6.2359979031669746e-02
1841 4.4560734628012204e+00 6.1651775057910224e-02
1842 4.4661705702810748e+00 6.1791473068789113e-02
1843 4.4174837429713305e+00 6.1117868975265763e-02
1844 4.3832067612004115e+00 6.0643631558076429e-02
1845 4.3895034479106743e+00 6.0730749042990424e-02
1846 4.3302262101779574e+00 5.9910621871107052e-02
1847 4.3166088013626691e+00 5.9722218912277913e-02
1848 4.3035324129187549e+00 5.9541301212952716e-02
1849 4.2569060903149918e+00 5.8896205126242850e-02
1850 4.2369152008694426e+00 5.8619622204171856e-02
1851 4.2337155910200366e+00 5.8575354166771808e-02
1852 4.1670280528441710e+00 5.7652702164486432e-02
1853 4.1799527257957747e+00 5.7831520811925975e-02
1854 4.1394281787108822e+00 5.7270845526372911e-02
1855 4.1051109725517163e+00 5.6796051586730179e-02
1856 4.0981282684563487e+00 5.6699442743591198e-02
1857 4.0687852882051203e+00 5.6293469450493773e-02
1858 4.0248711753013424e+00 5.5685898001501227e-02
1859 4.0351937145501742e+00 5.5828714962017710e-02
1860 3.9812090424832660e+00 5.5081812810015972e-02
1861 3.9633526327403810e+00 5.4834761372017864e-02
1862 3.9574056403149260e+00 5.4752482064383927e-02
1863 3.9057185001012229e+00 5.4037367296092230e-02
1864 3.8982607177671547e+00 5.3934185532432122e-02
1865 3.8795841545172629e+00 5.3675786902797923e-02
1866 3.8356037886115750e+00 5.3067298813807229e-02
1867 3.8285122160076104e+00 5.2969183726020587e-02
1868 3.8087006097119187e+00 5.2695081266742452e-02
1869 3.7586835885245646e+00 5.2003073344285305e-02
1870 3.7716699630499204e+00 5.2182745660672950e-02
1871 3.7217848119637043e+00 5.1492562220213263e-02
1872 3.7039343556435744e+00 5.1245593150489287e-02
1873 3.6930053083673049e+00 5.1094384879373789e-02
1874 3.6569689000409915e+00 5.0595805006628101e-02
1875 3.6318663924550436e+00 5.0248500554850618e-02
1876 3.6317974573268281e+00 5.0247546806432015e-02
1877 3.5764503080431491e+00 4.9481794171019021e-02
1878 3.5790898253212031e+00 4.9518313076473905e-02
1879 3.5520008424501586e+00 4.9143524848125585e-02
1880 3.5147624554499526e+00 4.8628315061298395e-02
1881 3.5138527527130412e+00 4.8615728915900706e-02
1882 3.4807855948701576e+00 4.8158229955402795e-02
1883 3.4516023229277315e+00 4.7754466298392244e-02
1884 3.4493604929043462e+00 4.7723449574481921e-02
1885 3.4108919915940330e+00 4.7191220604426425e-02
1886 3.3890236774998219e+00 4.6888662670252573e-02
1887 3.3876595702004324e+00 4.6869789633917143e-02
1888 3.3360290378677453e+00 4.6155458061049849e-02
1889 3.3391569969392738e+00 4.6198734777800163e-02
1890 3.3101654249326318e+00 4.5797623375385108e-02
1891 3.2809771970810755e+00 4.5393791151148853e-02
1892 3.2719692464398693e+00 4.5269162113656440e-02
1893 3.2494321535429092e+00 4.4957351324776587e-02
1894 3.2127270009630404e+00 4.4449519075328486e-02
1895 3.2204843243489347e+00 4.4556845123794923e-02
1896 3.1723406851945857e+00 4.3890756282039776e-02
1897 3.1652318156354764e+00 4.3792401883120433e-02
1898 3.1494590349756351e+00 4.3574178388064544e-02
1899 3.1137709317853499e+00 4.3080417473102470e-02
1900 3.1061630543118302e+00 4.2975159075865292e-02
1901 3.0868079620931868e+00 4.2707372693605160e-02
1902 3.0518309780453015e+00 4.2223450430939238e-02
1903 3.0517294103958599e+00 4.2222045196952676e-02
1904 3.0203214144264781e+00 4.1787501485165031e-02
1905 2.9955237549138864e+00 4.1444414743217133e-02
1906 2.9958570908403011e+00 4.1449026595271547e-02
1907 2.9521766146400839e+00 4.0844687614866745e-02
1908 2.9486612157419465e+00 4.0796050494335399e-02
1909 2.9279615206914209e+00 4.0509660928796216e-02
1910 2.8990938077688622e+00 4.0110263172364449e-02
1911 2.8897312520052743e+00 3.9980728013951465e-02
1912 2.8717343672510016e+00 3.9731733041163009e-02
1913 2.8369238604797049e+00 3.9250114066289393e-02
1914 2.8434083570893431e+00 3.9339829985400358e-02
1915 2.8012529012659337e+00 3.8756590345932047e-02
1916 2.7938983178717729e+00 3.8654836385893780e-02
1917 2.7787571022367765e+00 3.8445350876234949e-02
1918 2.7483731185557576e+00 3.8024974833761035e-02
1919 2.7396030408721668e+00 3.7903636875331319e-02
1920 2.7227299013213737e+00 3.7670189421470837e-02
1921 2.6911244154766445e+00 3.7232913348676851e-02
1922 2.6914961110046844e+00 3.7238055923025329e-02
1923 2.6606578899289910e+00 3.6811395302455224e-02
1924 2.6423195426693766e+00 3.6557676042747851e-02
1925 2.6383114733026551e+00 3.6502222605304231e-02
1926 2.6010288274471245e+00 3.5986400477362034e-02
1927 2.5986062040668627e+00 3.5952882396267372e-02
1928 2.5771105810623234e+00 3.5655480810483725e-02
1929 2.5530733923893254e+00 3.5322915523698567e-02
1930 2.5455733329019576e+00 3.5219148836659823e-02
1931 2.5248244003597868e+00 3.4932078048339039e-02
1932 2.4990982767902090e+00 3.4576145589715127e-02
1933 2.5014022312267596e+00 3.4608021832746499e-02
1934 2.4620935351432895e+00 3.4064168391148522e-02
1935 2.4612654798969769e+00 3.4052711875404928e-02
1936 2.4402341174895197e+00 3.3761733543218535e-02
1937 2.4174547604478365e+00 3.3446570921232759e-02
1938 2.4101416205693074e+00 3.3345390350822082e-02
1939 2.3898550713571738e+00 3.3064716843266964e-02
1940 2.3669454718295593e+00 3.2747752258070160e-02
1941 2.3657671813020782e+00 3.2731450080119198e-02
1942 2.3329947070244028e+00 3.2278028198921518e-02
1943 2.3264654982100570e+00 3.2187693666403484e-02
1944 2.3124296109059412e+00 3.1993500869979624e-02
1945 2.2845119831579104e+00 3.1607247968082876e-02
1946 2.2838755686537073e+00 3.1598442887963742e-02
1947 2.2576917962103527e+00 3.1236178651900082e-02
1948 2.2430228267321688e+00 3.1033226879639168e-02
1949 2.2345639747373505e+00 3.0916194868208895e-02
1950 2.2101161638084017e+00 3.0577948438334650e-02
1951 2.1979574388473258e+00 3.0409727024897713e-02
1952 2.1895251122867152e+00 3.0293062004747261e-02
1953 2.1585071286107613e+00 2.9863914287972925e-02
1954 2.1621112591587752e+00 2.9913779050679466e-02
1955 2.1328488979333842e+00 2.9508921157964874e-02
1956 2.1227924581812885e+00 2.9369785803340383e-02
1957 2.1118376392297051e+00 2.9218220969537443e-02
1958 2.0896176447941230e+00 2.8910797380100172e-02
1959 2.0789700604577286e+00 2.8763483275003516e-02
1960 2.0684048445692436e+00 2.8617308774328731e-02
1961 2.0419482355729581e+00 2.8251269722178830e-02
1962 2.0425553234674969e+00 2.8259669055499283e-02
1963 2.0168483388883418e+00 2.7904001393392355e-02
1964 2.0052436839147187e+00 2.7743445786751003e-02
1965 1.9976791470155526e+00 2.7638787025799725e-02
1966 1.9718877639634733e+00 2.7281951672964311e-02
1967 1.9683737982056366e+00 2.7233334380571839e-02
1968 1.9504142439921299e+00 2.6984855892558893e-02
1969 1.9329978514058288e+00 2.6743892289284747e-02
1970 1.9272459663450419e+00 2.6664312379553259e-02
1971 1.9071159715416164e+00 2.6385804872462584e-02
1972 1.8932787313321204e+00 2.6194360447692747e-02
1973 1.8886188486230442e+00 2.6129888880297263e-02
1974 1.8605299748219606e+00 2.5741266712446868e-02
1975 1.8623253349691316e+00 2.5766106325362883e-02
1976 1.8391234409227484e+00 2.5445097714394908e-02
1977 1.8281879240206333e+00 2.5293799933103989e-02
1978 1.8192234675624719e+00 2.5169772657142615e-02
1979 1.8006366523669897e+00 2.4912615732096216e-02
1980 1.7896038918365353e+00 2.4759972541590156e-02
1981 1.7818543997139269e+00 2.4652754842163862e-02
1982 1.7579729912913877e+00 2.4322344845016528e-02
1983 1.7585547851352268e+00 2.4330394223800310e-02
1984 1.7361020935875513e+00 2.4019751165444681e-02
1985 1.7264417489193105e+00 2.3886095963967399e-02
1986 1.7187311741378459e+00 2.3779416703411577e-02
1987 1.6975476314615170e+00 2.3486332888947335e-02
1988 1.6935315900137036e+00 2.3430769154186060e-02
1989 1.6781412026837428e+00 2.3217836242365442e-02
1990 1.6631641062687670e+00 2.3010621395728629e-02
1991 1.6581961954661362e+00 2.2941888121497774e-02
1992 1.6397602599366758e+00 2.2686818684305433e-02
1993 1.6297040572092725e+00 2.2547686609023874e-02
1994 1.6232084233183910e+00 2.2457816600631460e-02
1995 1.6007055132494579e+00 2.2146478746509522e-02
1996 1.6018815521195686e+00 2.2162749771770816e-02
1997 1.5804857827449006e+00 2.1866729705744180e-02
1998 1.5732465077397428e+00 2.1766571088987496e-02
1999 1.5636474121133990e+00 2.1633763295477133e-02
2000 1.5478208531573396e+00 2.1414795753571674e-02
