# step 2
# iter abs_residual rel_residual
0 7.2278104865846402e+01 1.0000000000000000e+00
1 1.1546600861374693e+03 1.5975240195915559e+01
2 1.1527745212176039e+03 1.5949152559509413e+01
3 1.1585072720811575e+03 1.6028467739039840e+01
4 1.2484330970662174e+03 1.7272631862490073e+01
5 1.4402468346342966e+03 1.9926460956710240e+01
6 1.2677694538270418e+03 1.7540159031287793e+01
7 1.4124522130195026e+03 1.9541909899839240e+01
8 1.3004236603879085e+03 1.7991944625576345e+01
9 1.3783981910461741e+03 1.9070757231454600e+01
10 1.3232324643113459e+03 1.8307514658379116e+01
11 1.3547601259470862e+03 1.8743713998334943e+01
12 1.3364428175034470e+03 1.8490285820083212e+01
13 1.3388396176553545e+03 1.8523446625230996e+01
14 1.3429152194676276e+03 1.8579834404349413e+01
15 1.3277325809240770e+03 1.8369775790171150e+01
16 1.3450051727494808e+03 1.8608749845418771e+01
17 1.3195692023761869e+03 1.8256831786408991e+01
18 1.3443069584354155e+03 1.8599089737210878e+01
19 1.3132163294698071e+03 1.8168936940270299e+01
20 1.3418458874598932e+03 1.8565039716390739e+01
21 1.3079856800742725e+03 1.8096568559759451e+01
22 1.3382737217512597e+03 1.8515617201574340e+01
23 1.3034526903345857e+03 1.8033852613511268e+01
24 1.3340055733958156e+03 1.8456565454667501e+01
25 1.2993510853112180e+03 1.7977105068304034e+01
26 1.3293075319973314e+03 1.8391565944688590e+01
27 1.2955114809386625e+03 1.7923982419616969e+01
28 1.3243513570126827e+03 1.8322995040763431e+01
29 1.2918249965163327e+03 1.7872978254120760e+01
30 1.3192485335202416e+03 1.8252395188956132e+01
31 1.2882212246140177e+03 1.7823118453438330e+01
32 1.3140716232937837e+03 1.8180770313953296e+01
33 1.2846546044813883e+03 1.7773772664153327e+01
34 1.3088677968928009e+03 1.8108773041603097e+01
35 1.2810958289431205e+03 1.7724535408349883e+01
36 1.3036675101298167e+03 1.8036824741732254e+01
37 1.2775263299658386e+03 1.7675149788957853e+01
38 1.2984901357302908e+03 1.7965193444686825e+01
39 1.2739346838620886e+03 1.7625457754137400e+01
40 1.2933476589212912e+03 1.7894044971459085e+01
41 1.2703142383687796e+03 1.7575367266844896e+01
42 1.2882471280015802e+03 1.7823476838423804e+01
43 1.2666615286058066e+03 1.7524830388909969e+01
44 1.2831922934637362e+03 1.7753540935328029e+01
45 1.2629752087399265e+03 1.7473828500126054e+01
46 1.2781847130489814e+03 1.7684258814220271e+01
47 1.2592553284049825e+03 1.7422362287199633e+01
48 1.2732245007417648e+03 1.7615632052126507e+01
49 1.2555028382783701e+03 1.7370444903178878e+01
50 1.2683108376860059e+03 1.7547649319805579e+01
51 1.2517192522233211e+03 1.7318097293040626e+01
52 1.2634423194692358e+03 1.7480291186581052e+01
53 1.2479064168627822e+03 1.7265345005641617e+01
54 1.2586171941788034e+03 1.7413533413955605e+01
55 1.2440663539091713e+03 1.7212216012279956e+01
56 1.2538335239662038e+03 1.7347349190925982e+01
57 1.2402011533676587e+03 1.7158739229114616e+01
58 1.2490892942249095e+03 1.7281710644507257e+01
59 1.2363129023457323e+03 1.7104943532213827e+01
60 1.2443824862357988e+03 1.7216589844814916e+01
61 1.2324036388437853e+03 1.7050857118227146e+01
62 1.2397111252414074e+03 1.7151959470193699e+01
63 1.2284753213144438e+03 1.6996507083225083e+01
64 1.2350733099348240e+03 1.7087793215209683e+01
65 1.2245298121544445e+03 1.6941919194301843e+01
66 1.2304672309104844e+03 1.7024066045925306e+01
67 1.2205688672035546e+03 1.6887117744288151e+01
68 1.2258911806677238e+03 1.6960754338303005e+01
69 1.2165941326642419e+03 1.6832125509133537e+01
70 1.2213435565443913e+03 1.6897835918793067e+01
71 1.2126071450134882e+03 1.6776963746686196e+01
72 1.2168228618978630e+03 1.6835290080673502e+01
73 1.2086093333597100e+03 1.6721652229302080e+01
74 1.2123277032838714e+03 1.6773097545017855e+01
75 1.2046020237668195e+03 1.6666209303670197e+01
76 1.2078567863335809e+03 1.6711240403652724e+01
77 1.2005864443565588e+03 1.6610651961405704e+01
78 1.2034089109101917e+03 1.6649702052147177e+01
79 1.1965637310967729e+03 1.6554995919133258e+01
80 1.1989829658860142e+03 1.6588467117551254e+01
81 1.1925349333545314e+03 1.6499255695316943e+01
82 1.1945779226431923e+03 1.6527521368475540e+01
83 1.1885010204049963e+03 1.6443444700313375e+01
84 1.1901928302487852e+03 1.6466851648336277e+01
85 1.1844628864411902e+03 1.6387575305684098e+01
86 1.1858268092571000e+03 1.6406445789607844e+01
87 1.1804213570168679e+03 1.6331658933335603e+01
88 1.1814790463301747e+03 1.6346292539394728e+01
89 1.1763771933523403e+03 1.6275706115092323e+01
90 1.1771487897182087e+03 1.6286381496901246e+01
91 1.1723310979354831e+03 1.6219726570189103e+01
92 1.1728353439170883e+03 1.6226703039516032e+01
93 1.1682837191230071e+03 1.6163729268931853e+01
94 1.1685380650382936e+03 1.6167248258752608e+01
95 1.1642356550318941e+03 1.6107722486537288e+01
96 1.1642563576319858e+03 1.6108008916295372e+01
97 1.1601874578349821e+03 1.6051713862564288e+01
98 1.1599896696503477e+03 1.6048977374315164e+01
99 1.1561396376451662e+03 1.5995710454653567e+01
100 1.1557374897054744e+03 1.5990146557530945e+01
101 1.1520926651050975e+03 1.5939718774357297e+01
102 1.1514993435988285e+03 1.5931509905193252e+01
103 1.1480469756785019e+03 1.5883744846511449e+01
104 1.1472747910266221e+03 1.5873061325501691e+01
105 1.1440029715528888e+03 1.5827794235560608e+01
106 1.1430634233289893e+03 1.5814795164463719e+01
107 1.1399610245723450e+03 1.5771872086134499e+01
108 1.1388648605586832e+03 1.5756706165338757e+01
109 1.1359214789444618e+03 1.5715983160499539e+01
110 1.1346787494226319e+03 1.5698789440158690e+01
111 1.1318846530402980e+03 1.5660131863462123e+01
112 1.1305047609336948e+03 1.5641040437238866e+01
113 1.1278508414169601e+03 1.5604322270351942e+01
114 1.1263425889435623e+03 1.5583454920880104e+01
115 1.1238203171283806e+03 1.5548558158992625e+01
116 1.1221919476107041e+03 1.5526028936336623e+01
117 1.1197933329737223e+03 1.5492843026973977e+01
118 1.1180525705923410e+03 1.5468758798636609e+01
119 1.1157701230422531e+03 1.5437180113026017e+01
120 1.1139242088676478e+03 1.5411641062465250e+01
121 1.1117509047696383e+03 1.5381572425468702e+01
122 1.1098066298866663e+03 1.5354672510389570e+01
123 1.1077358792262410e+03 1.5326022746200694e+01
124 1.1056996160753447e+03 1.5297850132174970e+01
125 1.1037252332627049e+03 1.5270533660384455e+01
126 1.1016029635330399e+03 1.5241171106764599e+01
127 1.0997191401755740e+03 1.5215107565655401e+01
128 1.0975164815433857e+03 1.5184632795511986e+01
129 1.0957177605423940e+03 1.5159746683675902e+01
130 1.0934399909868314e+03 1.5128232720217806e+01
131 1.0917212434669607e+03 1.5104453077363850e+01
132 1.0893733238513012e+03 1.5071968556359634e+01
133 1.0877297275775538e+03 1.5049228664703675e+01
134 1.0853163221768571e+03 1.5015838118490873e+01
135 1.0837433411671755e+03 1.4994075220686605e+01
136 1.0812688376700401e+03 1.4959839354905007e+01
137 1.0797622035141517e+03 1.4938994395581782e+01
138 1.0772307304170743e+03 1.4903970329832188e+01
139 1.0757864254723229e+03 1.4883987723101807e+01
140 1.0732018690390719e+03 1.4848229225586577e+01
141 1.0718161096221042e+03 1.4829056622492740e+01
142 1.0691821292846303e+03 1.4792614323094286e+01
143 1.0678513515702696e+03 1.4774202416517173e+01
144 1.0651713940623647e+03 1.4737124002343489e+01
145 1.0638922397487902e+03 1.4719426328671100e+01
146 1.0611695529636768e+03 1.4681756735781704e+01
147 1.0599388563580055e+03 1.4664729496233081e+01
148 1.0571765012100007e+03 1.4626511073750477e+01
149 1.0559912776354804e+03 1.4610112973984025e+01
150 1.0531921400326487e+03 1.4571385649740714e+01
151 1.0520495743118711e+03 1.4555577740514284e+01
152 1.0492163758016150e+03 1.4516379168339284e+01
153 1.0481138117913551e+03 1.4501124700719993e+01
154 1.0452491196660710e+03 1.4461490400255126e+01
155 1.0441840510119207e+03 1.4446754697705547e+01
156 1.0412902872588397e+03 1.4406718178230500e+01
157 1.0402603481842718e+03 1.4392468509171254e+01
158 1.0373397988396111e+03 1.4352061399022453e+01
159 1.0363427553354011e+03 1.4338266854933886e+01
160 1.0333975781026979e+03 1.4297519006907576e+01
161 1.0324313207362534e+03 1.4284150402843622e+01
162 1.0294635529042589e+03 1.4243090003743466e+01
163 1.0285260887848649e+03 1.4230119767167203e+01
164 1.0255376543607931e+03 1.4188773436495993e+01
165 1.0246271007434527e+03 1.4176175518785913e+01
166 1.0216198166708425e+03 1.4134568394772465e+01
167 1.0207343943746353e+03 1.4122318180162514e+01
168 1.0177099774287049e+03 1.4080474015162007e+01
169 1.0168480047089273e+03 1.4068548235959890e+01
170 1.0138080767373303e+03 1.4026489468962065e+01
171 1.0129679638449528e+03 1.4014866130276902e+01
172 1.0099140573906118e+03 1.3972613964700489e+01
173 1.0090943013405163e+03 1.3961272272059031e+01
174 1.0060278648025472e+03 1.3918846747155458e+01
175 1.0052270441555704e+03 1.3907767034309316e+01
176 1.0021494466797111e+03 1.3865187092823973e+01
177 1.0013662172155065e+03 1.3854350761881728e+01
178 9.9827875258425536e+02 1.3811634303875783e+01
179 9.9751184302695549e+02 1.3801023766165597e+01
180 9.9441573467222031e+02 1.3758187718368248e+01
181 9.9366394213109982e+02 1.3747786331357398e+01
182 9.9056034660976479e+02 1.3704846695251893e+01
183 9.8982253330693493e+02 1.3694638717272955e+01
184 9.8671254400457087e+02 1.3651610620339085e+01
185 9.8598763320215039e+02 1.3641581154240521e+01
186 9.8287228418029133e+02 1.3598478903183421e+01
187 9.8215925727235970e+02 1.3588613856095440e+01
188 9.7903952593262136e+02 1.3545450973704863e+01
189 9.7833741900901020e+02 1.3535737009497939e+01
190 9.7521422962335282e+02 1.3492526283491021e+01
191 9.7452213053166770e+02 1.3482950782127645e+01
192 9.7139635705751050e+02 1.3439704304097281e+01
193 9.7071340264630567e+02 1.3430255323490050e+01
194 9.6758587122220786e+02 1.3386984523433757e+01
195 9.6691124481864517e+02 1.3377650764547647e+01
196 9.6378273646049502e+02 1.3334366448170552e+01
197 9.6311566502262986e+02 1.3325137215623528e+01
198 9.5998691833287626e+02 1.3281849601821799e+01
199 9.5932667049502311e+02 1.3272714776841555e+01
200 9.5619838332433358e+02 1.3229433520692188e+01
201 9.5554426703431488e+02 1.3220383528426442e+01
202 9.5241709909065241e+02 1.3177117757285005e+01
203 9.5176845945135733e+02 1.3168143536938485e+01
204 9.4864303432143811e+02 1.3124901878406897e+01
205 9.4799925168123207e+02 1.3115994856821301e+01
206 9.4487615845590062e+02 1.3072785461235624e+01
207 9.4423664670831647e+02 1.3063937529365091e+01
208 9.4111644193150812e+02 1.3020768096760298e+01
209 9.4048064648304774e+02 1.3011971581555031e+01
210 9.3736385591336432e+02 1.2968849386037197e+01
211 9.3673125252495117e+02 1.2960097034414430e+01
212 9.3361837237631642e+02 1.2917028941325762e+01
213 9.3298846505337895e+02 1.2908313890978128e+01
214 9.2987996415292969e+02 1.2865306386752348e+01
215 9.2925228388289975e+02 1.2856622148680598e+01
216 9.2614860447983972e+02 1.2813681352033804e+01
217 9.2552270815970905e+02 1.2805021795709072e+01
218 9.2242426760242540e+02 1.2762153480843393e+01
219 9.2179973606357214e+02 1.2753512806879785e+01
220 9.1870692806517377e+02 1.2710722420992678e+01
221 9.1808336550753063e+02 1.2702095153318732e+01
222 9.1499656116695451e+02 1.2659387830730440e+01
223 9.1437359359185723e+02 1.2650768794906886e+01
224 9.1129314270459281e+02 1.2608149375194900e+01
225 9.1067041698912692e+02 1.2599533685607829e+01
226 9.0759664896078175e+02 1.2557006726246481e+01
227 9.0697383169887178e+02 1.2548389770073294e+01
228 9.0390705672525007e+02 1.2505959562760667e+01
229 9.0328383340692039e+02 1.2497336988614784e+01
230 9.0022434340331063e+02 1.2455007572129826e+01
231 8.9960041708202891e+02 1.2446375271622781e+01
232 8.9654848648804466e+02 1.2404150442960646e+01
233 8.9592357757045704e+02 1.2395504547792981e+01
234 8.9287946419366108e+02 1.2353387873836931e+01
235 8.9225330891523015e+02 1.2344724734707965e+01
236 8.8921725519002439e+02 1.2302719569646692e+01
237 8.8858960492040615e+02 1.2294035746644095e+01
238 8.8556183822492847e+02 1.2252145236356125e+01
239 8.8493245909424763e+02 1.2243437493785274e+01
240 8.8191319253655286e+02 1.2201664586716131e+01
241 8.8128186447238352e+02 1.2192929879776303e+01
242 8.7827129783244402e+02 1.2151277339971511e+01
243 8.7763781374629582e+02 1.2142512803500557e+01
244 8.7463613380999152e+02 1.2100983215226547e+01
245 8.7400029932619202e+02 1.2092186159949854e+01
246 8.7100768086100516e+02 1.2050781941193131e+01
247 8.7036931317642177e+02 1.2041949837947366e+01
248 8.6738591940286744e+02 1.2000673246936966e+01
249 8.6674484725036746e+02 1.1991803726164528e+01
250 8.6377083001911535e+02 1.1950656863822578e+01
251 8.6312689283087889e+02 1.1941747703995661e+01
252 8.6016239401644134e+02 1.1900732533219673e+01
253 8.5951544118114089e+02 1.1891781650563004e+01
254 8.5656059241343758e+02 1.1850899992511957e+01
255 8.5591048331265199e+02 1.1841905441506611e+01
256 8.5296540675300866e+02 1.1801158986337240e+01
257 8.5231200980634810e+02 1.1792118946509504e+01
258 8.4937681873207987e+02 1.1751509261464273e+01
259 8.4872001123432699e+02 1.1742422035132426e+01
260 8.4579481023395635e+02 1.1701950567240454e+01
261 8.4513447784192874e+02 1.1692814572415282e+01
262 8.4221936322873637e+02 1.1652482654214008e+01
263 8.4155539962051307e+02 1.1643296419884047e+01
264 8.3865046014687812e+02 1.1603105279302445e+01
265 8.3798276641905773e+02 1.1593867437094771e+01
266 8.3508808331814566e+02 1.1553818198030122e+01
267 8.3441656792415552e+02 1.1544527481356843e+01
268 8.3153221536812976e+02 1.1504621170014294e+01
269 8.3085679340965396e+02 1.1495276404269131e+01
270 8.2798283914352987e+02 1.1455513957931359e+01
271 8.2730343237748320e+02 1.1446114060586130e+01
272 8.2443993739991686e+02 1.1406496323196899e+01
273 8.2375647377225755e+02 1.1397040297351619e+01
274 8.2090349337123530e+02 1.1357568033845020e+01
275 8.2021590649473217e+02 1.1348054961002569e+01
276 8.1737349013465189e+02 1.1308728855740734e+01
277 8.1668171944363166e+02 1.1299157897947856e+01
278 8.1384991106386371e+02 1.1259978558851680e+01
279 8.1315390119845654e+02 1.1250348950179744e+01
280 8.1033273951041645e+02 1.1211316912839026e+01
281 8.0963244025438360e+02 1.1201627958523847e+01
282 8.0682195906187496e+02 1.1162743690629371e+01
283 8.0611732501039239e+02 1.1152994762474844e+01
284 8.0331755331958732e+02 1.1114258665340010e+01
285 8.0260854365377577e+02 1.1104449198598630e+01
286 7.9981950615314702e+02 1.1065861613799534e+01
287 7.9910608423078850e+02 1.1055991101509779e+01
288 7.9632780127278068e+02 1.1017552310631622e+01
289 7.9560993485275173e+02 1.1007620306723089e+01
290 7.9284242268554453e+02 1.0969330534566723e+01
291 7.9212008323964176e+02 1.0959336644338920e+01
292 7.8936335448904561e+02 1.0921196065588097e+01
293 7.8863651723977364e+02 1.0911139946233266e+01
294 7.8589058052266580e+02 1.0873148680106345e+01
295 7.8515922454875647e+02 1.0863030042169354e+01
296 7.8242408522125459e+02 1.0825188162770628e+01
297 7.8168819265296793e+02 1.0815006759015610e+01
298 7.7896385265694437e+02 1.0777314293211752e+01
299 7.7822340903307020e+02 1.0767069923561380e+01
300 7.7550986720957633e+02 1.0729526855317816e+01
301 7.7476486104815888e+02 1.0719219360914080e+01
302 7.7206211320998932e+02 1.0681825632298947e+01
303 7.7131253598767023e+02 1.0671454895217359e+01
304 7.6862057518715255e+02 1.0634210410106492e+01
305 7.6786642094199044e+02 1.0623776347860922e+01
306 7.6518523750124132e+02 1.0586680972356465e+01
307 7.6442650311658110e+02 1.0576183541826591e+01
308 7.6175608487697309e+02 1.0539237107708479e+01
309 7.6099276934678267e+02 1.0528676294975394e+01
310 7.5833310178237514e+02 1.0491878601270722e+01
311 7.5756520684449799e+02 1.0481254430378273e+01
312 7.5491627275327846e+02 1.0444605239089483e+01
313 7.5414380217735618e+02 1.0433917762192351e+01
314 7.5150558279936376e+02 1.0397416813766972e+01
315 7.5072854235988075e+02 1.0386666110757737e+01
316 7.4810101621282809e+02 1.0350313107978687e+01
317 7.4731941401696349e+02 1.0339499291023811e+01
318 7.4470255811383436e+02 1.0303293915855408e+01
319 7.4391640374391568e+02 1.0292417117530690e+01
320 7.4131019305212897e+02 1.0256359023635946e+01
321 7.4051949826646683e+02 1.0245419406622887e+01
322 7.3792390604513707e+02 1.0209508224029660e+01
323 7.3712868386945502e+02 1.0198505968544987e+01
324 7.3454368180295580e+02 1.0162741305493885e+01
325 7.3374394726854962e+02 1.0151676619502318e+01
326 7.3116950527660993e+02 1.0116058059819299e+01
327 7.3036527465600932e+02 1.0104931168458585e+01
328 7.2780136136158285e+02 1.0069458278028138e+01
329 7.2699265252843247e+02 1.0058269428588167e+01
330 7.2443923489446797e+02 1.0022941750327872e+01
331 7.2362606703659901e+02 1.0011691208280896e+01
332 7.2108311097135504e+02 9.9765082705162165e+00
333 7.2026550458754537e+02 9.9651963194720210e+00
334 7.1773297436948201e+02 9.9301576279794332e+00
335 7.1691095113172526e+02 9.9187845677797704e+00
336 7.1438881029769743e+02 9.8838896180753046e+00
337 7.1356239292378041e+02 9.8724557630309473e+00
338 7.1105060356939782e+02 9.8377040306903627e+00
339 7.1021981597392664e+02 9.8262097116706091e+00
340 7.0771833938695374e+02 9.7916006610927635e+00
341 7.0688320629433792e+02 9.7800462201709131e+00
342 7.0439200252732030e+02 9.7455792986648557e+00
343 7.0355254992893379e+02 9.7339650954432226e+00
344 7.0107157832371809e+02 9.6996397404851677e+00
345 7.0022783261127461e+02 9.6879661401049475e+00
346 6.9775705161296730e+02 9.6537817767643030e+00
347 6.9690904045644152e+02 9.6420491620520092e+00
348 6.9444840747012245e+02 9.6080052010089485e+00
349 6.9359615906135650e+02 9.5962139620113600e+00
350 6.9114563108596769e+02 9.5623098083269618e+00
351 6.9028917440072451e+02 9.5504603459367559e+00
352 6.8784870736084144e+02 9.5166953898077491e+00
353 6.8698807203401077e+02 9.5047881140369181e+00
354 6.8455762145560072e+02 9.4711617401451118e+00
355 6.8369283784522997e+02 9.4591970710108590e+00
356 6.8127235837661021e+02 9.4257086518953823e+00
357 6.8040345729539706e+02 9.4136870157052002e+00
358 6.7799290332576845e+02 9.3803359203201886e+00
359 6.7711991612029624e+02 9.3682577507681160e+00
360 6.7471924113827902e+02 9.3350433356077698e+00
361 6.7384219985943537e+02 9.3229090761322144e+00
362 6.7145135713611876e+02 9.2898306946810933e+00
363 6.7057029403964634e+02 9.2776407915547203e+00
364 6.6818923610330398e+02 9.2446977870201970e+00
365 6.6730418422690980e+02 9.2324526973345051e+00
366 6.6493286331413981e+02 9.1996444088884903e+00
367 6.6404385568623275e+02 9.1873445896063277e+00
368 6.6168222374594632e+02 9.1546703524404567e+00
369 6.6078929408116448e+02 9.1423162700189646e+00
370 6.5843730240245975e+02 9.1097754101960593e+00
371 6.5754048451979509e+02 9.0973675325361629e+00
372 6.5519808441153498e+02 9.0649593763925029e+00
373 6.5429741253371424e+02 9.0524981769809738e+00
374 6.5196455475738344e+02 9.0202220432796167e+00
375 6.5106006326757472e+02 9.0077079978230081e+00
376 6.4873669848803684e+02 8.9755632039902125e+00
377 6.4782842214733955e+02 8.9629967934239261e+00
378 6.4551450051197855e+02 8.9309826497263867e+00
379 6.4460247421801319e+02 8.9183643568746565e+00
380 6.4229794603206369e+02 8.8864801757630065e+00
381 6.4138220481182736e+02 8.8738104852400461e+00
382 6.3908701979247883e+02 8.8420555710290465e+00
383 6.3816759899541853e+02 8.8293349719103116e+00
384 6.3588170698036572e+02 8.7977086305819725e+00
385 6.3495864190204065e+02 8.7849376111973552e+00
386 6.3268199237015358e+02 8.7534391437691799e+00
387 6.3175531872179704e+02 8.7406181981996127e+00
388 6.2948786104179965e+02 8.7092469041651892e+00
389 6.2855761424988850e+02 8.6963765225518674e+00
390 6.2629929790446556e+02 8.6651317029814798e+00
391 6.2536551373039595e+02 8.6522123800993587e+00
392 6.2311628782976084e+02 8.6210933309099840e+00
393 6.2217900199901953e+02 8.6081255610371983e+00
394 6.1993881576343279e+02 8.5771315796683645e+00
395 6.1899806409461860e+02 8.5641158583712951e+00
396 6.1676686648741065e+02 8.5332462387077843e+00
397 6.1582268482347945e+02 8.5201830618898029e+00
398 6.1360042501102487e+02 8.4894371006256097e+00
399 6.1265284918060763e+02 8.4763269639918946e+00
400 6.1043947597804390e+02 8.4457039529614875e+00
401 6.0948854185830999e+02 8.4325473528887702e+00
402 6.0728400447019771e+02 8.4020465893144607e+00
403 6.0632974771323336e+02 8.3888440190653437e+00
404 6.0413399502048730e+02 8.3584647956916616e+00
405 6.0317645159928952e+02 8.3452167529686943e+00
406 6.0098943263583737e+02 8.3149583646571656e+00
407 6.0002863802598108e+02 8.3016653402808416e+00
408 5.9785030189004760e+02 8.2715270827825762e+00
409 5.9688629199440641e+02 8.2581895734852520e+00
410 5.9471658764004462e+02 8.2281707405566777e+00
411 5.9374939782368801e+02 8.2147892356299543e+00
412 5.9158827463066211e+02 8.1848891269174047e+00
413 5.9061794040949906e+02 8.1714641177398111e+00
414 5.8846534737115496e+02 8.1416820275433466e+00
415 5.8749190419276920e+02 8.1282140045481039e+00
416 5.8534779073268408e+02 8.0985492331202327e+00
417 5.8437127384056578e+02 8.0850386839168351e+00
418 5.8223558916663706e+02 8.0554905285260325e+00
419 5.8125603374192860e+02 8.0419379398613664e+00
420 5.7912872750037013e+02 8.0125057038404179e+00
421 5.7814616845624380e+02 7.9989115587538793e+00
422 5.7602719012669536e+02 7.9695945431309401e+00
423 5.7504166241577968e+02 7.9559593252078242e+00
424 5.7293096180220095e+02 7.9267568354981623e+00
425 5.7194249998230248e+02 7.9130810228612214e+00
426 5.6984002684742063e+02 7.8839923640096341e+00
427 5.6884866568140558e+02 7.8702764376187160e+00
428 5.6675436994523193e+02 7.8413009167460972e+00
429 5.6576014366020286e+02 7.8275453501485162e+00
430 5.6367397543461470e+02 7.7986822770303119e+00
431 5.6267691846885577e+02 7.7848875466951775e+00
432 5.6059882782511886e+02 7.7561362305449544e+00
433 5.5959897411041095e+02 7.7423028059336740e+00
434 5.5752891157997794e+02 7.7136625623318924e+00
435 5.5652629506243306e+02 7.6997909131041515e+00
436 5.5446421094620450e+02 7.6712610544414765e+00
437 5.5345886535625982e+02 7.6573516472730034e+00
438 5.5140471043225909e+02 7.6289314925413123e+00
439 5.5039666927505380e+02 7.6149847909907349e+00
440 5.4835039423464059e+02 7.5866736579828729e+00
441 5.4733969080386771e+02 7.5726901226833681e+00
442 5.4530124683691270e+02 7.5444873360893014e+00
443 5.4428791409982273e+02 7.5304674231575666e+00
444 5.4225725228306487e+02 7.5023723061020364e+00
445 5.4124132322852108e+02 7.4883164719537909e+00
446 5.3921839500080068e+02 7.4603283525713708e+00
447 5.3819990213934489e+02 7.4462370470045443e+00
448 5.3618465897514375e+02 7.4183552539229245e+00
449 5.3516363495320763e+02 7.4042289286155407e+00
450 5.3315602853069493e+02 7.3764527932805182e+00
451 5.3213250538227419e+02 7.3622918914372777e+00
452 5.3013248771667202e+02 7.3346207499579270e+00
453 5.2910649755355553e+02 7.3204257158598303e+00
454 5.2711402066294056e+02 7.2928589043847207e+00
455 5.2608559507523228e+02 7.2786301750950262e+00
456 5.2410061143607629e+02 7.2511670361148299e+00
457 5.2306978198996558e+02 7.2369050483659256e+00
458 5.2109224398996764e+02 7.2095449231431017e+00
459 5.2005904192612240e+02 7.1952501091636405e+00
460 5.1808890236779791e+02 7.1679923446998215e+00
461 5.1705335874371019e+02 7.1536651341841369e+00
462 5.1509057042554844e+02 7.1265090774252489e+00
463 5.1405271604221423e+02 7.1121498965189351e+00
464 5.1209723220908586e+02 7.0850949005867934e+00
465 5.1105709751050767e+02 7.0707041704962803e+00
466 5.0910887144398771e+02 7.0437495890205213e+00
467 5.0806648679502962e+02 7.0293277298573233e+00
468 5.0612547205763707e+02 7.0024729203545668e+00
469 5.0508086742100926e+02 6.9880203466662181e+00
470 5.0314701773850874e+02 6.9612646689116637e+00
471 5.0210022304925008e+02 6.9467817948628543e+00
472 5.0017349229863578e+02 6.9201246107240273e+00
473 4.9912453696349758e+02 6.9056118431703526e+00
474 4.9720487948379525e+02 6.8790525209071944e+00
475 4.9615379280128462e+02 6.8645102652066399e+00
476 4.9424116285686193e+02 6.8380481720461637e+00
477 4.9318797383229662e+02 6.8234768295003114e+00
478 4.9128232618384413e+02 6.7971113395363796e+00
479 4.9022706351118825e+02 6.7825113071390923e+00
480 4.8832835285514722e+02 6.7562417935766490e+00
481 4.8727104513327725e+02 6.7416134670062107e+00
482 4.8537922662505798e+02 6.7154393094002440e+00
483 4.8431990193455903e+02 6.7007830771641448e+00
484 4.8243493077044928e+02 6.6747036556351995e+00
485 4.8137361725464746e+02 6.6600199071089801e+00
486 4.7949544894136216e+02 6.6340346060724995e+00
487 4.7843217406715473e+02 6.6193237212730027e+00
488 4.7656076444610773e+02 6.5934319297751420e+00
489 4.7549555577815306e+02 6.5786942900717804e+00
490 4.7363086062850346e+02 6.5528953962973704e+00
491 4.7256374523987557e+02 6.5381313762582653e+00
492 4.7070572087825701e+02 6.5124247758283405e+00
493 4.6963672571608930e+02 6.4976347482791699e+00
494 4.6778532834147649e+02 6.4720198351868969e+00
495 4.6671448003224964e+02 6.4572041685169639e+00
496 4.6486966644005179e+02 6.4316803450074520e+00
497 4.6379699120421611e+02 6.4168394019884474e+00
498 4.6195871815812592e+02 6.3914060698679913e+00
499 4.6088424215465750e+02 6.3765402124210828e+00
500 4.5905246676171896e+02 6.3511967782463978e+00
501 4.5797621573743015e+02 6.3363063625902818e+00
502 4.5615089517982142e+02 6.3110522339575974e+00
503 4.5507289478209333e+02 6.2961376149352954e+00
504 4.5325398660034438e+02 6.2709722043987988e+00
505 4.5217426198716760e+02 6.2560337300823958e+00
506 4.5036172385005045e+02 6.2309564519705614e+00
507 4.4928030019222956e+02 6.2159944706094272e+00
508 4.4747408998371139e+02 6.1910047422280501e+00
509 4.4639099185380348e+02 6.1760195937945346e+00
510 4.4459106782808561e+02 6.1511168375717666e+00
511 4.4350631979907865e+02 6.1361088620441802e+00
512 4.4171264019141148e+02 6.1112925001459759e+00
513 4.4062626640850408e+02 6.0962620315839713e+00
514 4.3883878989428337e+02 6.0715314922658967e+00
515 4.3775081434654277e+02 6.0564788625689783e+00
516 4.3596949957353445e+02 6.0318335737043274e+00
517 4.3487994591747218e+02 6.0167591101709439e+00
518 4.3310475206457278e+02 5.9921985069814401e+00
519 4.3201364359211243e+02 5.9771025318658015e+00
520 4.3024452981023040e+02 5.9526260491859411e+00
521 4.2915188970291740e+02 5.9375088832151253e+00
522 4.2738881550326545e+02 5.9131159608643760e+00
523 4.2629466656217477e+02 5.8979779195014830e+00
524 4.2453759150006283e+02 5.8736679979094157e+00
525 4.2344195642651340e+02 5.8585093952373750e+00
526 4.2169084042021541e+02 5.8342819198553331e+00
527 4.2059374137977812e+02 5.8191030625447597e+00
528 4.1884854450753460e+02 5.7949574810372937e+00
529 4.1775000370055113e+02 5.7797586762398732e+00
530 4.1601068621657186e+02 5.7556944387061471e+00
531 4.1491072525689049e+02 5.7404759854591649e+00
532 4.1317724778805666e+02 5.7164925471544210e+00
533 4.1207588825628363e+02 5.7012547440352437e+00
534 4.1034821139268769e+02 5.6773515597057340e+00
535 4.0924547452870718e+02 5.6620947005776863e+00
536 4.0752355924122583e+02 5.6382712302379838e+00
537 4.0641946609091048e+02 5.6229956062801536e+00
538 4.0470327336869309e+02 5.5992513101976424e+00
539 4.0359784463662839e+02 5.5839572078672557e+00
540 4.0188733594857365e+02 5.5602915529468682e+00
541 4.0078059203972111e+02 5.5449792545557193e+00
542 3.9907572879845105e+02 5.5213917069237723e+00
543 3.9796768999657780e+02 5.5060614931068788e+00
544 3.9626843397237161e+02 5.4825515238380369e+00
545 3.9515912016075652e+02 5.4672036696894803e+00
546 3.9346543316929058e+02 5.4437707504864994e+00
547 3.9235486417503716e+02 5.4284055303231495e+00
548 3.9066670834780695e+02 5.4050491372582847e+00
549 3.8955490346160894e+02 5.3896668179755425e+00
550 3.8787224110981447e+02 5.3663864296073411e+00
551 3.8675921961491537e+02 5.3509872779975289e+00
552 3.8508201321583647e+02 5.3277823751823270e+00
553 3.8396779388062015e+02 5.3123666509144538e+00
554 3.8229600622975232e+02 5.2892367189112450e+00
555 3.8118060777594008e+02 5.2738046810087225e+00
556 3.7951420163602802e+02 5.2507492046233768e+00
557 3.7839764244553299e+02 5.2353011074082181e+00
558 3.7673658095651382e+02 5.2123195766652328e+00
559 3.7561887921177612e+02 5.1968556716996526e+00
560 3.7396312553043703e+02 5.1739475768566523e+00
561 3.7284429909023771e+02 5.1584681112248969e+00
562 3.7119381681106614e+02 5.1356329485952870e+00
563 3.7007388322523229e+02 5.1201381651070852e+00
564 3.6842863591480886e+02 5.0973754306181673e+00
565 3.6730761260823812e+02 5.0818655703547941e+00
566 3.6566756416447640e+02 5.0591747645180085e+00
567 3.6454546818844221e+02 5.0436500633914800e+00
568 3.6291058250976766e+02 5.0210306867253509e+00
569 3.6178743088598418e+02 5.0054913802387162e+00
570 3.6015767215628802e+02 4.9829429372113134e+00
571 3.5903348138555657e+02 4.9673892536605617e+00
572 3.5740881398403064e+02 4.9449112514420275e+00
573 3.5628360053903339e+02 4.9293434187341045e+00
574 3.5466398896034627e+02 4.9069353660922532e+00
575 3.5353776886652628e+02 4.8913536059463505e+00
576 3.5192317786924639e+02 4.8690150153001701e+00
577 3.5079596711207569e+02 4.8534195488824645e+00
578 3.4918636144308067e+02 4.8311499324891933e+00
579 3.4805817566460564e+02 4.8155409762144119e+00
580 3.4645352041654775e+02 4.7933398511152383e+00
581 3.4532437503474506e+02 4.7777176182980039e+00
582 3.4372463533277460e+02 4.7555845019837388e+00
583 3.4259454549187723e+02 4.7399492021513083e+00
584 3.4099968684160166e+02 4.7178836173765584e+00
585 3.3986866738066516e+02 4.7022354558339208e+00
586 3.3827865522827233e+02 4.6802369245311972e+00
587 3.3714672088797772e+02 4.6645761052222854e+00
588 3.3556152101828070e+02 4.6426441540091306e+00
589 3.3442868614233180e+02 4.6269708753855205e+00
590 3.3284826433944909e+02 4.6051050308698676e+00
591 3.3171454323852811e+02 4.5894194909262662e+00
592 3.3013886555192386e+02 4.5676192833872227e+00
593 3.2900427204088476e+02 4.5519216732583319e+00
594 3.2743330468295011e+02 4.5301866352291738e+00
595 3.2629785255470949e+02 4.5144771457461816e+00
596 3.2473156185197325e+02 4.4928068113393325e+00
597 3.2359526447150046e+02 4.4770856274125839e+00
598 3.2203361696058005e+02 4.4554795336471349e+00
599 3.2089648764774449e+02 4.4397468395629982e+00
600 3.1933944989423202e+02 4.4182045238589200e+00
601 3.1820150162066142e+02 4.4024604990856817e+00
602 3.1664904046803400e+02 4.3809815027076100e+00
603 3.1551028603025617e+02 4.3652263242909726e+00
604 3.1396236836386663e+02 4.3438101890829097e+00
605 3.1282282025278511e+02 4.3280440298401262e+00
606 3.1127941325233502e+02 4.3066903017185219e+00
607 3.1013908376479105e+02 4.2909133317819075e+00
608 3.0860015458911647e+02 4.2696215563745286e+00
609 3.0745905582905385e+02 4.2538339432075727e+00
610 3.0592457186915311e+02 4.2326036693542548e+00
611 3.0478271566468771e+02 4.2168055766042478e+00
612 3.0325264440586204e+02 4.1956363544495492e+00
613 3.0211004241092917e+02 4.1798279433539127e+00
614 3.0058435149674875e+02 4.1587193252321146e+00
615 2.9944101505367706e+02 4.1429007527170514e+00
616 2.9791967231202131e+02 4.1218522935124353e+00
617 2.9677561256681270e+02 4.1060237137878826e+00
618 2.9525858591081294e+02 4.0850349695642283e+00
619 2.9411381378708313e+02 4.0691965337633089e+00
620 2.9260107129470038e+02 4.0482670628648876e+00
621 2.9145559747521639e+02 4.0324189187884754e+00
622 2.8994710732935971e+02 4.0115482810115646e+00
623 2.8880094231098224e+02 3.9956905738884343e+00
624 2.8729667280820348e+02 3.9748783306016078e+00
625 2.8614982682786984e+02 3.9590112020643797e+00
626 2.8464974646036990e+02 3.9382569173431046e+00
627 2.8350222952081026e+02 3.9223805057840369e+00
628 2.8200630683707999e+02 3.9016837444825776e+00
629 2.8085812874009309e+02 3.8857981855139521e+00
630 2.7936633247399988e+02 3.8651585150513394e+00
631 2.7821750279062479e+02 3.8492639410927749e+00
632 2.7672980171826117e+02 3.8286809294722448e+00
633 2.7558032984176663e+02 3.8127774704838271e+00
634 2.7409669290677385e+02 3.7922506880267259e+00
635 2.7294658794425794e+02 3.7763384700092417e+00
636 2.7146698421012474e+02 3.7558674886950603e+00
637 2.7031625510310323e+02 3.7399466353583914e+00
638 2.6884065372418809e+02 3.7195310284238436e+00
639 2.6768930914312818e+02 3.7036016597277928e+00
640 2.6621767944955081e+02 3.6832410028413287e+00
641 2.6506572786715094e+02 3.6673032360094786e+00
642 2.6359803921390784e+02 3.6469971051837291e+00
643 2.6244548892437541e+02 3.6310510549701598e+00
644 2.6098171084324474e+02 3.6107990286636102e+00
645 2.5982856986238374e+02 3.5948448059705647e+00
646 2.5836867193568349e+02 3.5746464633409412e+00
647 2.5721494814052937e+02 3.5586841771507380e+00
648 2.5575890009983695e+02 3.5385390994208370e+00
649 2.5460460106072617e+02 3.5225688544724778e+00
650 2.5315237275095927e+02 3.5024766244332102e+00
651 2.5199750587469339e+02 3.4864985232031156e+00
652 2.5054906722071220e+02 3.4664587247514320e+00
653 2.4939363967485718e+02 3.4504728664060926e+00
654 2.4794896071210940e+02 3.4304850849689723e+00
655 2.4679297949525477e+02 3.4144915663370132e+00
656 2.4535203033356049e+02 3.3945553883704105e+00
657 2.4419550217046026e+02 3.3785543024918194e+00
658 2.4275825307002521e+02 3.3586693165323411e+00
659 2.4160118452540493e+02 3.3426607542330404e+00
660 2.4016760577140508e+02 3.3228265491627682e+00
661 2.3901000314686218e+02 3.3068105976281852e+00
662 2.3758006522256883e+02 3.2870267650699381e+00
663 2.3642193463655551e+02 3.2710035089516030e+00
664 2.3499560798097031e+02 3.2512696399157095e+00
665 2.3383695536138887e+02 3.2352391612288098e+00
666 2.3241421062392342e+02 3.2155548496367148e+00
667 2.3125504164446639e+02 3.1995172268793315e+00
668 2.2983584944914952e+02 3.1798820663012974e+00
669 2.2867616966413507e+02 3.1638373763199139e+00
670 2.2726050079631761e+02 3.1442509625581661e+00
671 2.2610031540719243e+02 3.1281992773171297e+00
672 2.2468814073892335e+02 3.1086612073734008e+00
673 2.2352745487758477e+02 3.0926025978748135e+00
674 2.2211874531360422e+02 3.0731124692031329e+00
675 2.2095756378211672e+02 3.0570470018857105e+00
676 2.1955229038096417e+02 3.0376044140679910e+00
677 2.1839061787071356e+02 3.0215321538391602e+00
678 2.1698875167274252e+02 3.0021367062057034e+00
679 2.1582659261240300e+02 2.9860577143381581e+00
680 2.1442810482482847e+02 2.9667090085278680e+00
681 2.1326546346756402e+02 2.9506233438660403e+00
682 2.1187032529169443e+02 2.9313209814361025e+00
683 2.1070720564741694e+02 2.9152286994589214e+00
684 2.0931538844755349e+02 2.8959722842215991e+00
685 2.0815179435450361e+02 2.8798734380328455e+00
686 2.0676326944776932e+02 2.8606625731476703e+00
687 2.0559920454575155e+02 2.8445572131056718e+00
688 2.0421394342985303e+02 2.8253915042306308e+00
689 2.0304941108805602e+02 2.8092796769496240e+00
690 2.0166738525343706e+02 2.7901587296422186e+00
691 2.0050238874109493e+02 2.7740404803535239e+00
692 1.9912356975976010e+02 2.7549639012996869e+00
693 1.9795811203222834e+02 2.7388392708919733e+00
694 1.9658247157550414e+02 2.7198066681518007e+00
695 1.9541655545260042e+02 2.7036756956385095e+00
696 1.9404406522606425e+02 2.6846866777459732e+00
697 1.9287769333587096e+02 2.6685493994878042e+00
698 1.9150832525592779e+02 2.6496035778937705e+00
699 1.9034150044263916e+02 2.6334600332414264e+00
700 1.8897522750941422e+02 2.6145570343905180e+00
701 1.8780795528145839e+02 2.5984072995555718e+00
702 1.8644475834202899e+02 2.5795468584585124e+00
703 1.8527706406205115e+02 2.5633912843445374e+00
704 1.8391697428857728e+02 2.5445738322821416e+00
705 1.8274900619070758e+02 2.5284144697748161e+00
706 1.8139234607596924e+02 2.5096444685793449e+00
707 1.8022492187735941e+02 2.4934926311622365e+00
708 1.7887350100053055e+02 2.4747951171732190e+00
709 1.7771064023524374e+02 2.4587064169029897e+00
710 1.7637290606478760e+02 2.4401982646355904e+00
711 1.7523193115558186e+02 2.4244123650007912e+00
712 1.7394189866295122e+02 2.4065641868419276e+00
713 1.7288744054526293e+02 2.3919752858234871e+00
714 1.7176261176786576e+02 2.3764127751643471e+00
715 1.7100033067266548e+02 2.3658662743033312e+00
716 1.7038368987010523e+02 2.3573347722155993e+00
717 1.7046154954731526e+02 2.3584119957725056e+00
718 1.7118245450419838e+02 2.3683860392013028e+00
719 1.7329606918111730e+02 2.3976288462843325e+00
720 1.7697318182965773e+02 2.4485033490866046e+00
721 1.8318501404473719e+02 2.5344468339996236e+00
722 1.9222031551614501e+02 2.6594542824956515e+00
723 2.0500909445271262e+02 2.8363927752840907e+00
724 2.2133038988608652e+02 3.0622052182592832e+00
725 2.4098495920392301e+02 3.3341350005123851e+00
726 2.6149492964943664e+02 3.6178996410433131e+00
727 2.7961444570758397e+02 3.8685912729251744e+00
728 2.8993145354081707e+02 4.0113317038258218e+00
729 2.8919292285385507e+02 4.0011138005156459e+00
730 2.7684028456297506e+02 3.8302095091841637e+00
731 2.5804592577543093e+02 3.5701811254512492e+00
732 2.3927389810327398e+02 3.3104617027159793e+00
733 2.2720072195970724e+02 3.1434238955408262e+00
734 2.2485735948835381e+02 3.1110024246721184e+00
735 2.3276040053695809e+02 3.2203445423614649e+00
736 2.4648145366768216e+02 3.4101814667826482e+00
737 2.5856469445682706e+02 3.5773585228437099e+00
738 2.6024233697205540e+02 3.6005694595214517e+00
739 2.5021722409352901e+02 3.4618675262439571e+00
740 2.3497745503542887e+02 3.2510184857719318e+00
741 2.2477896540965662e+02 3.1099178074309402e+00
742 2.2495805692225380e+02 3.1123956188363389e+00
743 2.3489211901389467e+02 3.2498378236379066e+00
744 2.4612620007615877e+02 3.4052663740006395e+00
745 2.4866702612834891e+02 3.4404198420793350e+00
746 2.3914328964191066e+02 3.3086546760706939e+00
747 2.2642790342557740e+02 3.1327316044858207e+00
748 2.2081328693902461e+02 3.0550508670484744e+00
749 2.2648801622245242e+02 3.1335632919932142e+00
750 2.3708693239883090e+02 3.2802040512667299e+00
751 2.4134343708769029e+02 3.3390947028237923e+00
752 2.3346302929072388e+02 3.2300657263226369e+00
753 2.2206205070696822e+02 3.0723280738908705e+00
754 2.1825006920041818e+02 3.0195875999447788e+00
755 2.2526678056031605e+02 3.1166669488419507e+00
756 2.3415178641912459e+02 3.2395949901249890e+00
757 2.3355674929433880e+02 3.2313623846092492e+00
758 2.2322789020897090e+02 3.0884579863196282e+00
759 2.1572056360280732e+02 2.9845907554327953e+00
760 2.1873649434140694e+02 3.0263175099485289e+00
761 2.2783921103542596e+02 3.1522576782873966e+00
762 2.2979596556474911e+02 3.1793302548713434e+00
763 2.2130581276299054e+02 3.0618651827375771e+00
764 2.1321713975225020e+02 2.9499547635898486e+00
765 2.1561186150420374e+02 2.9830868131420378e+00
766 2.2389458152377361e+02 3.0976819596935861e+00
767 2.2537816575407780e+02 3.1182080129576808e+00
768 2.1668758159391928e+02 2.9979698830801902e+00
769 2.1036954827685130e+02 2.9105570582863649e+00
770 2.1427307728215087e+02 2.9645641329398136e+00
771 2.2175006115688714e+02 3.0680115585276058e+00
772 2.1975400321779389e+02 3.0403952016405777e+00
773 2.1091216133136240e+02 2.9180643532758812e+00
774 2.0816624418043668e+02 2.8800733578558662e+00
775 2.1485853400321463e+02 2.9726641892729235e+00
776 2.1880735799710425e+02 3.0272979404098539e+00
777 2.1249541304414532e+02 2.9399693508643150e+00
778 2.0565795191437482e+02 2.8453700093007619e+00
779 2.0880235655312728e+02 2.8888742578500111e+00
780 2.1523449222356254e+02 2.9778657398814476e+00
781 2.1271919328100074e+02 2.9430654508142342e+00
782 2.0467097589526733e+02 2.8317147533841966e+00
783 2.0452582299813233e+02 2.8297064979463369e+00
784 2.1109726592675642e+02 2.9206253583788455e+00
785 2.1144690839224651e+02 2.9254628187154030e+00
786 2.0371755835648474e+02 2.8185237940950425e+00
787 2.0151748077648844e+02 2.7880847339663934e+00
788 2.0744490030912462e+02 2.8700932418490765e+00
789 2.0930222561115434e+02 2.8957901704760385e+00
790 2.0221529242281542e+02 2.7977392710855136e+00
791 1.9914803880781417e+02 2.7553024415547132e+00
792 2.0453374102327749e+02 2.8298160473757230e+00
793 2.0678940181615530e+02 2.8610241261855438e+00
794 2.0008687221297583e+02 2.7682916228137429e+00
795 1.9708162632272379e+02 2.7267126979674150e+00
796 2.0230160909162112e+02 2.7989335009143934e+00
797 2.0409142495633779e+02 2.8236964061958574e+00
798 1.9744099262415850e+02 2.7316846919357367e+00
799 1.9527427121104816e+02 2.7017071293373269e+00
800 2.0058645248954258e+02 2.7752035400187389e+00
801 2.0113790503555148e+02 2.7828331333379390e+00
802 1.9447587329535372e+02 2.6906609360651550e+00
803 1.9386618116185926e+02 2.6822255719306622e+00
804 1.9912921824486591e+02 2.7550420506246631e+00
805 1.9774636983631331e+02 2.7359097226379334e+00
806 1.9151877695240742e+02 2.6497481818025066e+00
807 1.9302883926566443e+02 2.6706405712205719e+00
808 1.9749764928579484e+02 2.7324685622619094e+00
809 1.9382743208800682e+02 2.6816894611136401e+00
810 1.8906495636845889e+02 2.6157984734018367e+00
811 1.9273608972609574e+02 2.6665902500325434e+00
812 1.9509960314160517e+02 2.6992905182520310e+00
813 1.8964585715692718e+02 2.6238354963639976e+00
814 1.8766189945027617e+02 2.5963865516201730e+00
815 1.9249059524192114e+02 2.6631937237313870e+00
816 1.9147549966977675e+02 2.6491494211859825e+00
817 1.8597753774930035e+02 2.5730826519938321e+00
818 1.8752118522390543e+02 2.5944397071832315e+00
819 1.9125910368547969e+02 2.6461554856822955e+00
820 1.8687288076203703e+02 2.5854701241667466e+00
821 1.8385952205799217e+02 2.5437789549027228e+00
822 1.8795278362452382e+02 2.6004110646423051e+00
823 1.8807096737476206e+02 2.6020461898362708e+00
824 1.8260339886100093e+02 2.5263999270584994e+00
825 1.8375403988534160e+02 2.5423195617317709e+00
826 1.8722812235412286e+02 2.5903850509311543e+00
827 1.8326005477613452e+02 2.5354850561768183e+00
828 1.8041173202191069e+02 2.4960772333027883e+00
829 1.8449883380389133e+02 2.5526241196602353e+00
830 1.8385432651892597e+02 2.5437070722893664e+00
831 1.7899595061306024e+02 2.4764892624853707e+00
832 1.8077088144238826e+02 2.5010462266257893e+00
833 1.8342789125699338e+02 2.5378071491698537e+00
834 1.7878967551782853e+02 2.4736353540214648e+00
835 1.7761587325333139e+02 2.4573952732020272e+00
836 1.8142430040837178e+02 2.5100865711007354e+00
837 1.7914833003343205e+02 2.4785975001135521e+00
838 1.7538063992949648e+02 2.4264698175888277e+00
839 1.7865255655542683e+02 2.4717382516741329e+00
840 1.7896051214647079e+02 2.4759989554047519e+00
841 1.7433117028434100e+02 2.4119499343253779e+00
842 1.7555548339046302e+02 2.4288888552945211e+00
843 1.7811079613187783e+02 2.4642427532164115e+00
844 1.7380497447319922e+02 2.4046697792615666e+00
845 1.7295277232842241e+02 2.3928791803470189e+00
846 1.7634168433998357e+02 2.4397662980689243e+00
847 1.7361837352008587e+02 2.4020880713783881e+00
848 1.7079234650828909e+02 2.3629887201012330e+00
849 1.7420285853402459e+02 2.4101746837075790e+00
850 1.7314488368970640e+02 2.3955371271988430e+00
851 1.6932446592291842e+02 2.3426799338084106e+00
852 1.7173563967722680e+02 2.3760396041924601e+00
853 1.7247239790384037e+02 2.3862329847187072e+00
854 1.6813431390238534e+02 2.3262136467807957e+00
855 1.6945412394286259e+02 2.3444738106703573e+00
856 1.7130154095309666e+02 2.3700336536361211e+00
857 1.6730464531841253e+02 2.3147348097870375e+00
858 1.6722740230077514e+02 2.3136661179919118e+00
859 1.6996228612844052e+02 2.3515044624358001e+00
860 1.6642340749922559e+02 2.3025424892935411e+00
861 1.6535885894821189e+02 2.2878139826041424e+00
862 1.6829402631504752e+02 2.3284233396464100e+00
863 1.6564183761325987e+02 2.2917291193606082e+00
864 1.6357642135547115e+02 2.2631531590248706e+00
865 1.6665529782014991e+02 2.3057507958942018e+00
866 1.6465060802876917e+02 2.2780150134590977e+00
867 1.6208749135295304e+02 2.2425531446044360e+00
868 1.6486862365850419e+02 2.2810313574838847e+00
869 1.6368058035863694e+02 2.2645942455525141e+00
870 1.6059411045852173e+02 2.2218915500980065e+00
871 1.6323722591249225e+02 2.2584602379305991e+00
872 1.6248828225219293e+02 2.2480982664637295e+00
873 1.5929449021689751e+02 2.2039107211313866e+00
874 1.6154288028068692e+02 2.2350182061431005e+00
875 1.6133284222657645e+02 2.2321122354552920e+00
876 1.5791387600682344e+02 2.1848093042827212e+00
877 1.6004275074500114e+02 2.2142632411579211e+00
878 1.5999069081043677e+02 2.2135429686125767e+00
879 1.5666492737104829e+02 2.1675295397109564e+00
880 1.5850011888783706e+02 2.1929202374913563e+00
881 1.5871506813431935e+02 2.1958941567284649e+00
882 1.5530103520219376e+02 2.1486594798029661e+00
883 1.5714936442171532e+02 2.1742319435933797e+00
884 1.5728203544082297e+02 2.1760675066501847e+00
885 1.5404669301126140e+02 2.1313050929764090e+00
886 1.5575257001758911e+02 2.1549066665026371e+00
887 1.5592865048129528e+02 2.1573428186960708e+00
888 1.5267704426346359e+02 2.1123553882167174e+00
889 1.5453289826642410e+02 2.1380319607611291e+00
890 1.5442814294401302e+02 2.1365826238892573e+00
891 1.5142260127023579e+02 2.0949996067451897e+00
892 1.5325569143987281e+02 2.1203612314452198e+00
893 1.5300338934486962e+02 2.1168705187948054e+00
894 1.5007509886677315e+02 2.0763563065927615e+00
895 1.5213346126265463e+02 2.1048346735851164e+00
896 1.5143035433148967e+02 2.0951068738251477e+00
897 1.4886723958848566e+02 2.0596450317118089e+00
898 1.5093118518382201e+02 2.0882006447728760e+00
899 1.4992560935627870e+02 2.0742880521639564e+00
900 1.4760286680778907e+02 2.0421518671768042e+00
901 1.4984612523530916e+02 2.0731883536990190e+00
902 1.4827807840620483e+02 2.0514937224961844e+00
903 1.4651143729018631e+02 2.0270514502576202e+00
904 1.4863807189902064e+02 2.0564743939385806e+00
905 1.4670964048518823e+02 2.0297936803613261e+00
906 1.4539955510471722e+02 2.0116680615047908e+00
907 1.4748729445444070e+02 2.0405528718301098e+00
908 1.4503411257799038e+02 2.0066120002341594e+00
909 1.4448076502820021e+02 1.9989561886876721e+00
910 1.4615238077739966e+02 2.0220837423541953e+00
911 1.4348843696858506e+02 1.9852268848901116e+00
912 1.4354621071209411e+02 1.9860262105450424e+00
913 1.4480903271963862e+02 2.0034979194379137e+00
914 1.4191510763651365e+02 1.9634591678893458e+00
915 1.4277345953322623e+02 1.9753348513802971e+00
916 1.4323803333510276e+02 1.9817624383063628e+00
917 1.4056047189526140e+02 1.9447171748090546e+00
918 1.4191836219204052e+02 1.9635041961248385e+00
919 1.4164257367731568e+02 1.9596885383231195e+00
920 1.3927531106784383e+02 1.9269363983235210e+00
921 1.4111185731502343e+02 1.9523458394065207e+00
922 1.3986215059776453e+02 1.9350555864374031e+00
923 1.3828066637796749e+02 1.9131750429072096e+00
924 1.4008226518375139e+02 1.9381009704633874e+00
925 1.3815608594969322e+02 1.9114514168034884e+00
926 1.3738516799971927e+02 1.9007854211827562e+00
927 1.3894962492325237e+02 1.9224303844318182e+00
928 1.3643029185875349e+02 1.8875742814781651e+00
929 1.3673023781343494e+02 1.8917241682971149e+00
930 1.3748424641365077e+02 1.9021562154795268e+00
931 1.3497338052151801e+02 1.8674172596533729e+00
932 1.3603545990620100e+02 1.8821116043190818e+00
933 1.3588660532558285e+02 1.8800521344299026e+00
934 1.3368907178656590e+02 1.8496482722492915e+00
935 1.3535070729866487e+02 1.8726377448590548e+00
936 1.3405859396597862e+02 1.8547607773446946e+00
937 1.3279267664173619e+02 1.8372462433569527e+00
938 1.3435417953744508e+02 1.8588503363060853e+00
939 1.3232506515815103e+02 1.8307766287419449e+00
940 1.3206473157063033e+02 1.8271747967901539e+00
941 1.3312750710930570e+02 1.8418787730585959e+00
942 1.3068293684347429e+02 1.8080570469581576e+00
943 1.3154899559465807e+02 1.8200393582375036e+00
944 1.3149241544927457e+02 1.8192565465480091e+00
945 1.2944969468662913e+02 1.7909945885672778e+00
946 1.3087156304088435e+02 1.8106667750045717e+00
947 1.2974101416368470e+02 1.7950251241990056e+00
948 1.2851177223338337e+02 1.7780180107365970e+00
949 1.2999757170054627e+02 1.7985747127962408e+00
950 1.2792080611931736e+02 1.7698417294801516e+00
951 1.2796161220676456e+02 1.7704063000028976e+00
952 1.2863652358533207e+02 1.7797440016460191e+00
953 1.2643973166971074e+02 1.7493504001577296e+00
954 1.2742232524663690e+02 1.7629450230210424e+00
955 1.2699872973342215e+02 1.7570843890987644e+00
956 1.2529882133608260e+02 1.7335653939550109e+00
957 1.2677557754514440e+02 1.7539969784826179e+00
958 1.2513961739493497e+02 1.7313627360208670e+00
959 1.2465948592378206e+02 1.7247199017622201e+00
960 1.2562954555626256e+02 1.7381411118822283e+00
961 1.2353136033341306e+02 1.7091117782168828e+00
962 1.2416368591049601e+02 1.7178602861952890e+00
963 1.2410776703515239e+02 1.7170866234733981e+00
964 1.2227422543801549e+02 1.6917187530714266e+00
965 1.2363283430288256e+02 1.7105157160990094e+00
966 1.2226322534554788e+02 1.6915665618582227e+00
967 1.2158609720010010e+02 1.6821981902510177e+00
968 1.2259882188249698e+02 1.6962096904733406e+00
969 1.2061847400292295e+02 1.6688106893062555e+00
970 1.2111553317862587e+02 1.6756877259500012e+00
971 1.2112817060153968e+02 1.6758625703643264e+00
972 1.1934837014500953e+02 1.6512382327473731e+00
973 1.2062428295792540e+02 1.6688910588042276e+00
974 1.1929777631040220e+02 1.6505382443525303e+00
975 1.1868899552735796e+02 1.6421154891602880e+00
976 1.1959521798926197e+02 1.6546534833922346e+00
977 1.1768471975371958e+02 1.6282208833802612e+00
978 1.1825473162874631e+02 1.6361072533409113e+00
979 1.1809338156522952e+02 1.6338749028411816e+00
980 1.1650523225049595e+02 1.6119021447330202e+00
981 1.1773487082797961e+02 1.6289147459871061e+00
982 1.1627175662423251e+02 1.6086719047219298e+00
983 1.1595112542500975e+02 1.6042358282667173e+00
984 1.1660418813667775e+02 1.6132712438034158e+00
985 1.1476720412984587e+02 1.5878557461192768e+00
986 1.1554512906088556e+02 1.5986186864659222e+00
987 1.1500798526903384e+02 1.5911870611784482e+00
988 1.1378003135658248e+02 1.5741977680207135e+00
989 1.1490411877193408e+02 1.5897500216034270e+00
990 1.1323118077157125e+02 1.5666041739989840e+00
991 1.1337115141881905e+02 1.5685407306852392e+00
992 1.1357446242639647e+02 1.5713536296669539e+00
993 1.1194255500997416e+02 1.5487754585949363e+00
994 1.1292328286130659e+02 1.5623442683078188e+00
995 1.1188254254222558e+02 1.5479451591860078e+00
996 1.1122601915326771e+02 1.5388618636267728e+00
997 1.1203643858983482e+02 1.5500743800322778e+00
998 1.1026127745703950e+02 1.5255142295400899e+00
999 1.1091790646686917e+02 1.5345989864114609e+00
1000 1.1046280985444734e+02 1.5283025206523417e+00
1001 1.0931071052032881e+02 1.5123627096091923e+00
1002 1.1027517390570536e+02 1.5257064931404105e+00
1003 1.0878448925429039e+02 1.5050822023654686e+00
1004 1.0885948747583458e+02 1.5061198363997781e+00
1005 1.0903476375632391e+02 1.5085448623577034e+00
1006 1.0749465632141022e+02 1.4872367852052621e+00
1007 1.0847935700442014e+02 1.5008605608263523e+00
1008 1.0730337525837940e+02 1.4845903259021875e+00
1009 1.0694014043431865e+02 1.4795648091881710e+00
1010 1.0745349093440318e+02 1.4866672436119477e+00
1011 1.0586961812887523e+02 1.4647536529268055e+00
1012 1.0658452939160063e+02 1.4746447709085555e+00
1013 1.0588749890076096e+02 1.4650010414259771e+00
1014 1.0505676281644095e+02 1.4535074350861052e+00
1015 1.0586018802096102e+02 1.4646231831540892e+00
1016 1.0426777047387111e+02 1.4425913721368309e+00
1017 1.0476413690183345e+02 1.4494588243048647e+00
1018 1.0438549268667859e+02 1.4442201117534268e+00
1019 1.0332813331373299e+02 1.4295910705671901e+00
1020 1.0416156061630893e+02 1.4411219111187354e+00
1021 1.0277119772653650e+02 1.4218856169138299e+00
1022 1.0292598593806095e+02 1.4240271812480325e+00
1023 1.0290964290084963e+02 1.4238010679978075e+00
1024 1.0161856209274072e+02 1.4059383859240970e+00
1025 1.0250653120322072e+02 1.4182238368518454e+00
1026 1.0123540928551529e+02 1.4006372949791064e+00
1027 1.0120112862843040e+02 1.4001630067122997e+00
1028 1.0134790864772782e+02 1.4021937741150956e+00
1029 1.0002457385133403e+02 1.3838848436464564e+00
1030 1.0080163416475675e+02 1.3946358216205608e+00
1031 9.9759222374923070e+01 1.3802135869511754e+00
1032 9.9476337742382725e+01 1.3762997511766293e+00
1033 9.9824910009244576e+01 1.3811224048351449e+00
1034 9.8415943646435338e+01 1.3616287232364868e+00
1035 9.9176274849826626e+01 1.3721482464697332e+00
1036 9.8223443664626060e+01 1.3589653996453859e+00
1037 9.7860258387284929e+01 1.3539405684324586e+00
1038 9.8239885301532638e+01 1.3591928770666200e+00
1039 9.6890005893271265e+01 1.3405166899866343e+00
1040 9.7528407905322794e+01 1.3493492681683181e+00
1041 9.6735239404071493e+01 1.3383754261905370e+00
1042 9.6238252612944891e+01 1.3314993910198714e+00
1043 9.6710481148410778e+01 1.3380328846185536e+00
1044 9.5331235861410320e+01 1.3189504074346203e+00
1045 9.5970266063333298e+01 1.3277916769049400e+00
1046 9.5188996458241633e+01 1.3169824614925858e+00
1047 9.4711811922733347e+01 1.3103803994103829e+00
1048 9.5136346944088245e+01 1.3162540318491811e+00
1049 9.3840100825669623e+01 1.2983198853905191e+00
1050 9.4397115392322988e+01 1.3060264317600903e+00
1051 9.3690569574815640e+01 1.2962510534651177e+00
1052 9.3173529274212299e+01 1.2890975689961626e+00
1053 9.3623850566734433e+01 1.2953279660625765e+00
1054 9.2313655909933601e+01 1.2772008353190041e+00
1055 9.2910319008040801e+01 1.2854559369049499e+00
1056 9.2141117204086839e+01 1.2748136849341538e+00
1057 9.1722434258230422e+01 1.2690210185847313e+00
1058 9.2072298831818856e+01 1.2738615518864527e+00
1059 9.0852976764905037e+01 1.2569916841834050e+00
1060 9.1406571089561268e+01 1.2646509099708514e+00
1061 9.0641934313976606e+01 1.2540718172151144e+00
1062 9.0258967793718796e+01 1.2487733036338768e+00
1063 9.0578291629399772e+01 1.2531912921280919e+00
1064 8.9364770954803504e+01 1.2364016892898788e+00
1065 8.9978991499718248e+01 1.2448997060275173e+00
1066 8.9100021573272514e+01 1.2327387628473223e+00
1067 8.8878864190165572e+01 1.2296789512554518e+00
1068 8.9043009894676146e+01 1.2319499807022702e+00
1069 8.7948837799100517e+01 1.2168116189866929e+00
1070 8.8526218461400347e+01 1.2247999394244171e+00
1071 8.7613387784362118e+01 1.2121705175720801e+00
1072 8.7487401998235853e+01 1.2104274477121260e+00
1073 8.7556548919182958e+01 1.2113841263781679e+00
1074 8.6519279043120889e+01 1.1970330323921357e+00
1075 8.7133272057126106e+01 1.2055279011375852e+00
1076 8.6096880827088654e+01 1.1911889636134061e+00
1077 8.6173592472484287e+01 1.1922503036352290e+00
1078 8.6025737332707166e+01 1.1902046614583683e+00
1079 8.5172481330272419e+01 1.1783994819504322e+00
1080 8.5700576235157925e+01 1.1857059118279960e+00
1081 8.4647842597649742e+01 1.1711408697663352e+00
1082 8.4842859789945066e+01 1.1738390200935649e+00
1083 8.4539241810836032e+01 1.1696383291696320e+00
1084 8.3826050555952520e+01 1.1597710082678561e+00
1085 8.4306484923400504e+01 1.1664180332326046e+00
1086 8.3190352111714233e+01 1.1509758351595103e+00
1087 8.3573292531180599e+01 1.1562739876245913e+00
1088 8.3015117710178913e+01 1.1485513886156979e+00
1089 8.2567973931300600e+01 1.1423649538757688e+00
1090 8.2856668767817780e+01 1.1463591764284078e+00
1091 8.1820954236371918e+01 1.1320296013327655e+00
1092 8.2266946378939920e+01 1.1382001026677935e+00
1093 8.1546624257699563e+01 1.1282341230315354e+00
1094 8.1311947194425457e+01 1.1249872606005171e+00
1095 8.1429643063411490e+01 1.1266156357385273e+00
1096 8.0468966146561883e+01 1.1133242396977387e+00
1097 8.0990634203054100e+01 1.1205417512451219e+00
1098 8.0067206053497884e+01 1.1077657086071728e+00
1099 8.0129738877407803e+01 1.1086308782740586e+00
1100 7.9945952043718776e+01 1.1060881049953437e+00
1101 7.9222558019515517e+01 1.0960796242037412e+00
1102 7.9647425652339265e+01 1.1019578584713985e+00
1103 7.8675596745463523e+01 1.0885121696465527e+00
1104 7.8923822679820944e+01 1.0919464867861366e+00
1105 7.8495621652493625e+01 1.0860221335103819e+00
1106 7.8003665190850242e+01 1.0792156952043901e+00
1107 7.8303958851987147e+01 1.0833703926981093e+00
1108 7.7314701317591584e+01 1.0696835709941965e+00
1109 7.7747289614217166e+01 1.0756686241085316e+00
1110 7.7023223003808113e+01 1.0656508377850942e+00
1111 7.6877545942138312e+01 1.0636353302957904e+00
1112 7.6882019288654149e+01 1.0636972210512845e+00
1113 7.6075408293379326e+01 1.0525373961392734e+00
1114 7.6497516040085429e+01 1.0583774461445907e+00
1115 7.5633022201067675e+01 1.0464167861269780e+00
1116 7.5744809691706209e+01 1.0479634162004423e+00
1117 7.5469239783819376e+01 1.0441507829223795e+00
1118 7.4888089921450302e+01 1.0361103139110832e+00
1119 7.5227332502488537e+01 1.0408038871815486e+00
1120 7.4284065653185507e+01 1.0277533672342727e+00
1121 7.4642320852247323e+01 1.0327099886028983e+00
1122 7.4023562665854456e+01 1.0241491915601240e+00
1123 7.3810376585714337e+01 1.0211996665201992e+00
1124 7.3859725229911788e+01 1.0218824271472113e+00
1125 7.3071348675779561e+01 1.0109748839071733e+00
1126 7.3459405354179154e+01 1.0163438221094110e+00
1127 7.2657952687474662e+01 1.0052553649868559e+00
1128 7.2737386194017645e+01 1.0063543631784992e+00
1129 7.2483060760447970e+01 1.0028356567314816e+00
1130 7.1931277171031539e+01 9.9520148327825420e-01
1131 7.2236062741002314e+01 9.9941832834546340e-01
1132 7.1348451482655705e+01 9.8713782846248943e-01
1133 7.1687027162544084e+01 9.9182217485641877e-01
1134 7.1072824163038192e+01 9.8332440086738160e-01
1135 7.0909079330230313e+01 9.8105891766037445e-01
1136 7.0901190171896985e+01 9.8094976761627783e-01
1137 7.0191409130026685e+01 9.7112962854113594e-01
1138 7.0540665659436698e+01 9.7596174927892032e-01
1139 6.9753435889485331e+01 9.6507007231239605e-01
1140 6.9888140609445486e+01 9.6693377253267954e-01
1141 6.9551967057081129e+01 9.6228266065048063e-01
1142 6.9121157092593407e+01 9.5632221155891506e-01
1143 6.9332282870397691e+01 9.5924323139190804e-01
1144 6.8514722610364331e+01 9.4793191849084601e-01
1145 6.8865558633485421e+01 9.5278589223257970e-01
1146 6.8187612640555727e+01 9.4340620533863007e-01
1147 6.8160632256021429e+01 9.4303291961698066e-01
1148 6.8008669429200410e+01 9.4093044574743090e-01
1149 6.7444391226860461e+01 9.3312340372014901e-01
1150 6.7720929825906623e+01 9.3694943927489194e-01
1151 6.6943311354438492e+01 9.2619073893387649e-01
1152 6.7174575937920849e+01 9.2939038817636288e-01
1153 6.6688123965208135e+01 9.2266010694367695e-01
1154 6.6459316239946162e+01 9.1949444943665370e-01
1155 6.6498450230653262e+01 9.2003588575100836e-01
1156 6.5810730553313221e+01 9.1052097554941269e-01
1157 6.6144042945197469e+01 9.1513250199304186e-01
1158 6.5396483087451983e+01 9.0478967605518679e-01
1159 6.5548092035533458e+01 9.0688725385364832e-01
1160 6.5181313363057200e+01 9.0181270640726707e-01
1161 6.4849061832885084e+01 8.9721585746125776e-01
1162 6.4965657739520850e+01 8.9882901412678151e-01
1163 6.4267750101194039e+01 8.8917314891528798e-01
1164 6.4557854576355837e+01 8.9318687445084610e-01
1165 6.3917612005551014e+01 8.8432883131325746e-01
1166 6.3938572913633379e+01 8.8461883487825499e-01
1167 6.3720021097898830e+01 8.8159507247966695e-01
1168 6.3269722089145560e+01 8.7536498371919025e-01
1169 6.3475520650149932e+01 8.7821229911831900e-01
1170 6.2747301326713689e+01 8.6813705814751785e-01
1171 6.3031077683673253e+01 8.7206323132937247e-01
1172 6.2441430555445947e+01 8.6390519883361550e-01
1173 6.2407060923844284e+01 8.6342967956446126e-01
1174 6.2248864901390121e+01 8.6124096663752736e-01
1175 6.1771801871695637e+01 8.5464058564275791e-01
1176 6.1980582864996364e+01 8.5752916433042881e-01
1177 6.1295511757169812e+01 8.4805089827602553e-01
1178 6.1516081654521379e+01 8.5110258173896303e-01
1179 6.1017688915385193e+01 8.4420709464696964e-01
1180 6.0899767639902805e+01 8.4257560090897998e-01
1181 6.0824288769975936e+01 8.4153131688870908e-01
1182 6.0296453115424605e+01 8.3422847385580123e-01
1183 6.0540524670250342e+01 8.3760531329118426e-01
1184 5.9853966865518714e+01 8.2810647811826521e-01
1185 6.0069761174532836e+01 8.3109208917454092e-01
1186 5.9592773897215700e+01 8.2449275624788965e-01
1187 5.9467877876642731e+01 8.2276476378316210e-01
1188 5.9397547311998636e+01 8.2179170887566777e-01
1189 5.8891162219070068e+01 8.1478564398411513e-01
1190 5.9107892029611335e+01 8.1778419812362302e-01
1191 5.8470543438765972e+01 8.0896619449682161e-01
1192 5.8642420612927417e+01 8.1134419229408627e-01
1193 5.8217311983990776e+01 8.0546262373711219e-01
1194 5.8059178899803015e+01 8.0327478158932386e-01
1195 5.8021135244495611e+01 8.0274843055427647e-01
1196 5.7503679078044470e+01 7.9558919239478709e-01
1197 5.7734365635618104e+01 7.9878084438956209e-01
1198 5.7095293952895673e+01 7.8993900101377634e-01
1199 5.7283171205173872e+01 7.9253836706836389e-01
1200 5.6843892657349464e+01 7.8646075132788840e-01
1201 5.6720740116969445e+01 7.8475688069364025e-01
1202 5.6648501014076672e+01 7.8375742030343143e-01
1203 5.6180852661532171e+01 7.7728729558983400e-01
1204 5.6372420843345829e+01 7.7993772731005162e-01
1205 5.5776042565797297e+01 7.7168656634428678e-01
1206 5.5943357436125545e+01 7.7400144262167114e-01
1207 5.5520834301897821e+01 7.6815564554367699e-01
1208 5.5404392078014219e+01 7.6654461514796135e-01
1209 5.5326893831388425e+01 7.6547239214530183e-01
1210 5.4876663791625795e+01 7.5924325760174549e-01
1211 5.5067251260770782e+01 7.6188012072230926e-01
1212 5.4469001537998857e+01 7.5360306747247208e-01
1213 5.4666764953719181e+01 7.5633921303256091e-01
1214 5.4205013042488233e+01 7.4995066822929035e-01
1215 5.4154174891038153e+01 7.4924729960134362e-01
1216 5.4011937065773388e+01 7.4727937549031764e-01
1217 5.3636573255044794e+01 7.4208604880548967e-01
1218 5.3772586123568288e+01 7.4396784784789605e-01
1219 5.3220727567800267e+01 7.3633263720156938e-01
1220 5.3406570984895005e+01 7.3890386423414967e-01
1221 5.2942397876597902e+01 7.3248182108347992e-01
1222 5.2925076906482772e+01 7.3224217769289457e-01
1223 5.2747147627146290e+01 7.2978044630595895e-01
1224 5.2418861076197217e+01 7.2523845462592806e-01
1225 5.2528977206090637e+01 7.2676196067382193e-01
1226 5.1992219418506600e+01 7.1933567592852732e-01
1227 5.2201799729151617e+01 7.2223531353017745e-01
1228 5.1694469991010379e+01 7.1521617904840207e-01
1229 5.1756968496570444e+01 7.1608087390552466e-01
1230 5.1492062286652221e+01 7.1241577767188780e-01
1231 5.1265824777660058e+01 7.0928568025978656e-01
1232 5.1293022500024087e+01 7.0966197294779376e-01
1233 5.0827947399867575e+01 7.0322745033517509e-01
1234 5.1007379148200684e+01 7.0570996905458738e-01
1235 5.0505928621230055e+01 6.9877217609638298e-01
1236 5.0605949931446858e+01 7.0015601578618181e-01
1237 5.0289063795567991e+01 6.9577175396211999e-01
1238 5.0137238323311223e+01 6.9367118045457488e-01
1239 5.0103198349563769e+01 6.9320022214969623e-01
1240 4.9691842503781338e+01 6.8750892951625020e-01
1241 4.9858436721122274e+01 6.8981383523631790e-01
1242 4.9343066470084779e+01 6.8268345665218011e-01
1243 4.9506348065940486e+01 6.8494253076817646e-01
1244 4.9103766486623506e+01 6.7937263404683601e-01
1245 4.9069581299183561e+01 6.7889966664538859e-01
1246 4.8921777940219499e+01 6.7685474087930220e-01
1247 4.8624064969105895e+01 6.7273574838958239e-01
1248 4.8713231756198610e+01 6.7396941088333784e-01
1249 4.8248968977632813e+01 6.6754612710428041e-01
1250 4.8414464122623002e+01 6.6983582666540431e-01
1251 4.7979486955187184e+01 6.6381772245191983e-01
1252 4.8020945402098178e+01 6.6439131866045276e-01
1253 4.7788930570763249e+01 6.6118128940241438e-01
1254 4.7587604329735456e+01 6.5839585055614880e-01
1255 4.7606581408976140e+01 6.5865840695930722e-01
1256 4.7192132707745330e+01 6.5292432328348227e-01
1257 4.7360367092677912e+01 6.5525192145785105e-01
1258 4.6888027877485449e+01 6.4871689655550813e-01
1259 4.7020085127006084e+01 6.5054396783478063e-01
1260 4.6675727293482034e+01 6.4577962275180978e-01
1261 4.6614181584245081e+01 6.4492811025917884e-01
1262 4.6504833795088906e+01 6.4341523455001171e-01
1263 4.6209851536671316e+01 6.3933402269525852e-01
1264 4.6304156857147390e+01 6.4063877910317912e-01
1265 4.5871767568793459e+01 6.3465647935754421e-01
1266 4.6023280280040368e+01 6.3675272567623398e-01
1267 4.5626106524096180e+01 6.3125764861684830e-01
1268 4.5661513609632372e+01 6.3174752152652003e-01
1269 4.5448338495253566e+01 6.2879814820282154e-01
1270 4.5266205798707162e+01 6.2627826065341152e-01
1271 4.5278526836363739e+01 6.2644872773579341e-01
1272 4.4902970965245515e+01 6.2125274380932938e-01
1273 4.5055445650274166e+01 6.2336229946676747e-01
1274 4.4618269138477352e+01 6.1731376633756818e-01
1275 4.4751212124736220e+01 6.1915309218189707e-01
1276 4.4415670108227587e+01 6.1451071788152734e-01
1277 4.4386057941484644e+01 6.1410102027257774e-01
1278 4.4255969482844762e+01 6.1230118809820999e-01
1279 4.4014627818573089e+01 6.0896211792309096e-01
1280 4.4079390495739425e+01 6.0985813860994398e-01
1281 4.3693987090428926e+01 6.0452590963097685e-01
1282 4.3838501427647500e+01 6.0652533030597655e-01
1283 4.3453253763277111e+01 6.0119525607277080e-01
1284 4.3524061407223492e+01 6.0217491158639846e-01
1285 4.3280107030556621e+01 5.9879969336340177e-01
1286 4.3168664181225616e+01 5.9725783155701029e-01
1287 4.3128785610280545e+01 5.9670609364109384e-01
1288 4.2826869553903478e+01 5.9252894958152780e-01
1289 4.2944783175072097e+01 5.9416033741865315e-01
1290 4.2545175641845887e+01 5.8863158795893911e-01
1291 4.2693947595395947e+01 5.9068991466557019e-01
1292 4.2338848772399487e+01 5.8577696317555050e-01
1293 4.2380219088963081e+01 5.8634934006119777e-01
1294 4.2185875839667119e+01 5.8366051403765051e-01
1295 4.2041928713317930e+01 5.8166894097944200e-01
1296 4.2039268955611576e+01 5.8163214203858304e-01
1297 4.1729894658966685e+01 5.7735180987963797e-01
1298 4.1851513141615904e+01 5.7903445613710347e-01
1299 4.1480963526841890e+01 5.7390773601263723e-01
1300 4.1599146129437543e+01 5.7554284532845301e-01
1301 4.1300738523397044e+01 5.7141424225295223e-01
1302 4.1294234584273603e+01 5.7132425733794223e-01
1303 4.1162312874093402e+01 5.6949906130623862e-01
1304 4.0976555519254099e+01 5.6692902498356412e-01
1305 4.1020378355001249e+01 5.6753533357215380e-01
1306 4.0692009133051378e+01 5.6299219810174617e-01
1307 4.0834045862736247e+01 5.6495733996522612e-01
1308 4.0469881614299915e+01 5.5991896424809506e-01
1309 4.0587305072108265e+01 5.6154357045527625e-01
1310 4.0309883679326681e+01 5.5770532105324089e-01
1311 4.0296297664875773e+01 5.5751735244952438e-01
1312 4.0183555614136488e+01 5.5595751560891349e-01
1313 3.9999780272014014e+01 5.5341490132117621e-01
1314 4.0048535791617198e+01 5.5408945580339020e-01
1315 3.9739002139599236e+01 5.4980691889138233e-01
1316 3.9869240712377163e+01 5.5160882796218125e-01
1317 3.9538132005210294e+01 5.4702779048504435e-01
1318 3.9634094803309885e+01 5.4835547883932134e-01
1319 3.9394076492825235e+01 5.4503471785741486e-01
1320 3.9360397334814898e+01 5.4456875160009732e-01
1321 3.9279003069499460e+01 5.4344262543137012e-01
1322 3.9084618410926176e+01 5.4075322649189772e-01
1323 3.9153803031584260e+01 5.4171042675035075e-01
1324 3.8844162849542393e+01 5.3742641594767993e-01
1325 3.8986598119811809e+01 5.3939707179890606e-01
1326 3.8660266031800312e+01 5.3488212099025945e-01
1327 3.8767683455216009e+01 5.3636828922357249e-01
1328 3.8529391918106064e+01 5.3307141892582155e-01
1329 3.8513401487120511e+01 5.3285018414088581e-01
1330 3.8425775485329709e+01 5.3163783910287687e-01
1331 3.8257297840507675e+01 5.2930687531882714e-01
1332 3.8313491911353573e+01 5.3008434549392647e-01
1333 3.8033870452715178e+01 5.2621565719395802e-01
1334 3.8162940097189832e+01 5.2800139361737719e-01
1335 3.7863256226948202e+01 5.2385513285420604e-01
1336 3.7964308846990377e+01 5.2525324117801631e-01
1337 3.7743276968118515e+01 5.2219516599353122e-01
1338 3.7731464846160506e+01 5.2203173998810481e-01
1339 3.7651255193078043e+01 5.2092200346095963e-01
1340 3.7494601564100421e+01 5.1875463023958945e-01
1341 3.7554351186710214e+01 5.1958129306812784e-01
1342 3.7285982916019407e+01 5.1586829767085063e-01
1343 3.7424170310766002e+01 5.1778018225890232e-01
1344 3.7125960426113465e+01 5.1365431474748879e-01
1345 3.7249307418503562e+01 5.1536087571251454e-01
1346 3.7015054934974387e+01 5.1211988753270599e-01
1347 3.7039936509766150e+01 5.1246413528018009e-01
1348 3.6934536303811093e+01 5.1100587615522530e-01
1349 3.6822422746818191e+01 5.0945473480749637e-01
1350 3.6854773368852925e+01 5.0990232017369796e-01
1351 3.6627120783001757e+01 5.0675264453854241e-01
1352 3.6748016540133264e+01 5.0842529156430361e-01
1353 3.6475447545716172e+01 5.0465417727010620e-01
1354 3.6600315396079850e+01 5.0638177998735290e-01
1355 3.6371609184070074e+01 5.0321752696170596e-01
1356 3.6417192445624586e+01 5.0384819183095120e-01
1357 3.6301625395548783e+01 5.0224926985741158e-01
1358 3.6220529624654375e+01 5.0112727349288422e-01
1359 3.6239506889993130e+01 5.0138983247079294e-01
1360 3.6038577277066416e+01 4.9860988115220684e-01
1361 3.6158139629957020e+01 5.0026407993221800e-01
1362 3.5894076016983405e+01 4.9661064140524314e-01
1363 3.6040586658054060e+01 4.9863768183944640e-01
1364 3.5795510606168889e+01 4.9524694473669517e-01
1365 3.5886957078222665e+01 4.9651214769440283e-01
1366 3.5734416678043473e+01 4.9440168283838154e-01
1367 3.5713789528269480e+01 4.9411629696928216e-01
1368 3.5689219800244167e+01 4.9377636376169581e-01
1369 3.5546541977782418e+01 4.9180235209209583e-01
1370 3.5634033631566510e+01 4.9301283836517235e-01
1371 3.5408971276056832e+01 4.8989899972859757e-01
1372 3.5549124808936909e+01 4.9183808671960560e-01
1373 3.5314003411057961e+01 4.8858507672003032e-01
1374 3.5428804990009027e+01 4.9017340805721943e-01
1375 3.5259317381972963e+01 4.8782847097910093e-01
1376 3.5283341060770766e+01 4.8816084935070309e-01
1377 3.5228755920662934e+01 4.8740563945402487e-01
1378 3.5134218325418232e+01 4.8609766942049715e-01
1379 3.5198803943906135e+01 4.8699124042111736e-01
1380 3.5005207839295132e+01 4.8431275147940622e-01
1381 3.5147800089361454e+01 4.8628557921653331e-01
1382 3.4913224075604965e+01 4.8304011485091558e-01
1383 3.5064395334156885e+01 4.8513163701841711e-01
1384 3.4862385456119711e+01 4.8233673974749225e-01
1385 3.4951786966466479e+01 4.8357364974274886e-01
1386 3.4843002873821852e+01 4.8206857302765599e-01
1387 3.4825993605843550e+01 4.8183324217594270e-01
1388 3.4835510697844825e+01 4.8196491541251879e-01
1389 3.4709176813721413e+01 4.8021702946064032e-01
1390 3.4817916812687834e+01 4.8172149611991771e-01
1391 3.4621085382354352e+01 4.7899824499568283e-01
1392 3.4774140705394338e+01 4.8111583404044361e-01
1393 3.4572010315670845e+01 4.7831926943628494e-01
1394 3.4700040324733806e+01 4.8009062203747166e-01
1395 3.4559523506292649e+01 4.7814650882778020e-01
1396 3.4604680768218380e+01 4.7877127980108597e-01
1397 3.4569748270376842e+01 4.7828797302503839e-01
1398 3.4506460415940666e+01 4.7741235717216507e-01
1399 3.4582562427625213e+01 4.7846526263815370e-01
1400 3.4425963216708823e+01 4.7629864231506897e-01
1401 3.4578985162241864e+01 4.7841576956705023e-01
1402 3.4378527026360970e+01 4.7564234134486649e-01
1403 3.4548137504219632e+01 4.7798897838209198e-01
1404 3.4369150109761151e+01 4.7551260749784291e-01
1405 3.4491109725303595e+01 4.7719997348189591e-01
1406 3.4391161444443718e+01 4.7581714418600624e-01
1407 3.4420231959463500e+01 4.7621934780041675e-01
1408 3.4428823003041728e+01 4.7633820874169586e-01
1409 3.4354220380822667e+01 4.7530604800148929e-01
1410 3.4462956735979247e+01 4.7681046424702317e-01
1411 3.4311335482955315e+01 4.7471271620416355e-01
1412 3.4477759966188152e+01 4.7701527357671408e-01
1413 3.4303171352810899e+01 4.7459976180172636e-01
1414 3.4466406093235697e+01 4.7685818765181986e-01
1415 3.4331055622553883e+01 4.7498555318066105e-01
1416 3.4433313148646832e+01 4.7640033192012504e-01
1417 3.4385946885628449e+01 4.7574499842589058e-01
1418 3.4392265083449431e+01 4.7583241352666983e-01
1419 3.4451683544088958e+01 4.7665449458081216e-01
1420 3.4361299327537090e+01 4.7540398840443099e-01
1421 3.4510547967825168e+01 4.7746891028589283e-01
1422 3.4356456010067980e+01 4.7533697893485372e-01
1423 3.4549358966760835e+01 4.7800587786421689e-01
1424 3.4386595365908327e+01 4.7575397044142809e-01
1425 3.4563958276576550e+01 4.7820786586380282e-01
1426 3.4450771855485044e+01 4.7664188096005378e-01
1427 3.4560393484337638e+01 4.7815854536424729e-01
1428 3.4538661695926088e+01 4.7785787632412946e-01
1429 3.4552283140173088e+01 4.7804633511496636e-01
1430 3.4633553294270300e+01 4.7917074414932126e-01
1431 3.4555091010356875e+01 4.7808518325838401e-01
1432 3.4716335406101919e+01 4.8031607179709607e-01
1433 3.4578417746505245e+01 4.7840791911582892e-01
1434 3.4767649359124569e+01 4.8102602335321243e-01
1435 3.4616513355586036e+01 4.7893498895463416e-01
1436 3.4764204553305255e+01 4.8097836291959001e-01
1437 3.4635592060421004e+01 4.7919895139347202e-01
1438 3.4665272190003748e+01 4.7960958929879388e-01
1439 3.4556289748394711e+01 4.7810176833681217e-01
1440 3.4389146605422852e+01 4.7578926798442894e-01
1441 3.4235175629782184e+01 4.7365901047523651e-01
1442 3.3791464923505195e+01 4.6752007383459621e-01
1443 3.3465894848243288e+01 4.6301566581412873e-01
1444 3.2679664085124926e+01 4.5213781055522750e-01
1445 3.2042508551790263e+01 4.4332247796567947e-01
1446 3.0911446252092198e+01 4.2767372372956053e-01
1447 2.9915138699104624e+01 4.1388936185625469e-01
1448 2.8575041523061437e+01 3.9534851634667045e-01
1449 2.7368862328540292e+01 3.7866048617819958e-01
1450 2.6120167122531157e+01 3.6138422792091951e-01
1451 2.5043732201807728e+01 3.4649126797514651e-01
1452 2.4263141729047287e+01 3.3569144866320866e-01
1453 2.3697148598259894e+01 3.2786067983165279e-01
1454 2.3667317718307636e+01 3.2744795622735207e-01
1455 2.3822850038416487e+01 3.2959981563757779e-01
1456 2.4532566808313643e+01 3.3941906548114303e-01
1457 2.5224353550148660e+01 3.4899024534424300e-01
1458 2.6152037569418606e+01 3.6182516984858354e-01
1459 2.6668986105979549e+01 3.6897738472085279e-01
1460 2.6908450613011055e+01 3.7229048358358541e-01
1461 2.6559073914675182e+01 3.6745670025481186e-01
1462 2.5825771621014024e+01 3.5731113411106447e-01
1463 2.4981783259023274e+01 3.4563417656552203e-01
1464 2.4163097381126171e+01 3.3430729023643740e-01
1465 2.3871136157962077e+01 3.3026787575945304e-01
1466 2.3849596930193666e+01 3.2996987088220303e-01
1467 2.4457746787429709e+01 3.3838389693289728e-01
1468 2.5001203806011787e+01 3.4590286854388202e-01
1469 2.5616857292883406e+01 3.5442071067621683e-01
1470 2.5572161704540367e+01 3.5380232716400384e-01
1471 2.5186331642403772e+01 3.4846419519647753e-01
1472 2.4386224035896458e+01 3.3739434758505532e-01
1473 2.3712809026949380e+01 3.2807734888680518e-01
1474 2.3429187827855095e+01 3.2415332238361022e-01
1475 2.3568634124833558e+01 3.2608262444870012e-01
1476 2.4172551408443958e+01 3.3443809094483085e-01
1477 2.4589987740106174e+01 3.4021350982772780e-01
1478 2.4820593974594345e+01 3.4340405051658779e-01
1479 2.4306247769399345e+01 3.3628784006600021e-01
1480 2.3717368314604272e+01 3.2814042867650572e-01
1481 2.3052744519173594e+01 3.1894506036041237e-01
1482 2.2994726919340682e+01 3.1814236084386310e-01
1483 2.3280871185676418e+01 3.2210129511402474e-01
1484 2.3812903928791204e+01 3.2946220674974452e-01
1485 2.4066555857166808e+01 3.3297159495031237e-01
1486 2.3759773019178056e+01 3.2872711678423200e-01
1487 2.3191353821810001e+01 3.2086278223335957e-01
1488 2.2565551824777089e+01 3.1220453091099232e-01
1489 2.2554514755919470e+01 3.1205182811284754e-01
1490 2.2792420339768086e+01 3.1534335857411494e-01
1491 2.3348156936345497e+01 3.2303222365447226e-01
1492 2.3337309027759435e+01 3.2288213797352927e-01
1493 2.3017618697185164e+01 3.1845907885808011e-01
1494 2.2336152637762723e+01 3.0903069026533420e-01
1495 2.2049276992768256e+01 3.0506163704338085e-01
1496 2.2182151610206521e+01 3.0690001697441105e-01
1497 2.2603659142933612e+01 3.1273176275011227e-01
1498 2.2855801672924667e+01 3.1622026774701345e-01
1499 2.2518077203723610e+01 3.1154769823474004e-01
1500 2.2017531004209175e+01 3.0462241705251358e-01
1501 2.1556190169833386e+01 2.9823955968191607e-01
1502 2.1755003011784147e+01 3.0099022452460628e-01
1503 2.2053031717622446e+01 3.0511358534586003e-01
1504 2.2339956066425358e+01 3.0908331240684850e-01
1505 2.1958410001839642e+01 3.0380445146695673e-01
1506 2.1475313582627805e+01 2.9712059582203493e-01
1507 2.1143525072904779e+01 2.9253015297161916e-01
1508 2.1341428190895368e+01 2.9526823137527836e-01
1509 2.1716539250671307e+01 3.0045806113730894e-01
1510 2.1732284921269798e+01 3.0067590955250628e-01
1511 2.1371568357836871e+01 2.9568523410380099e-01
1512 2.0820375057539131e+01 2.8805922756529539e-01
1513 2.0816725653192787e+01 2.8800873641928210e-01
1514 2.1029264263607732e+01 2.9094930342514691e-01
1515 2.1371644204920173e+01 2.9568628348221848e-01
1516 2.1066243654498752e+01 2.9146092988463496e-01
1517 2.0653008426760234e+01 2.8574363515885992e-01
1518 2.0320901439432618e+01 2.8114878602793664e-01
1519 2.0554417592519602e+01 2.8437958674580838e-01
1520 2.0834654033155296e+01 2.8825678359754980e-01
1521 2.0773390648580474e+01 2.8740917719325165e-01
1522 2.0342698586692297e+01 2.8145035933703400e-01
1523 1.9960037200150580e+01 2.7615606741762128e-01
1524 2.0115680277758084e+01 2.7830945920751932e-01
1525 2.0349931074887376e+01 2.8155042405522918e-01
1526 2.0433851512503431e+01 2.8271150095080932e-01
1527 1.9938952675670532e+01 2.7586435356431560e-01
1528 1.9664807981683524e+01 2.7207143875981371e-01
1529 1.9656128692320326e+01 2.7195135689851829e-01
1530 2.0013823070366588e+01 2.7690021905684642e-01
1531 1.9962579602643121e+01 2.7619124269645934e-01
1532 1.9596947157221621e+01 2.7113255381550233e-01
1533 1.9256201163379192e+01 2.6641818015455926e-01
1534 1.9337693776603082e+01 2.6754566701071225e-01
1535 1.9639949634825491e+01 2.7172751238122134e-01
1536 1.9531763343903247e+01 2.7023070652109193e-01
1537 1.9188424709632589e+01 2.6548046251693713e-01
1538 1.8853852485280388e+01 2.6085150572603633e-01
1539 1.9090677307792536e+01 2.6412808336945565e-01
1540 1.9229734510650395e+01 2.6605200214286512e-01
1541 1.9149504725804277e+01 2.6494198708373995e-01
1542 1.8668560674179734e+01 2.5828791040979820e-01
1543 1.8589821783861094e+01 2.5719852254517744e-01
1544 1.8766836246949349e+01 2.5964759703899276e-01
1545 1.8916776295994683e+01 2.6172208487073151e-01
1546 1.8619861638199868e+01 2.5761413740384770e-01
1547 1.8260448334239683e+01 2.5264149313450385e-01
1548 1.8312319257011364e+01 2.5335915061691788e-01
1549 1.8504756815875819e+01 2.5602161055857842e-01
1550 1.8513007979439159e+01 2.5613576910740388e-01
1551 1.8072422570987708e+01 2.5004007236398190e-01
1552 1.7947500101649190e+01 2.4831171396871984e-01
1553 1.8048291446300674e+01 2.4970620743030908e-01
1554 1.8258823422977692e+01 2.5261901175836637e-01
1555 1.7942114502488845e+01 2.4823720178871264e-01
1556 1.7663509175126684e+01 2.4438257212072018e-01
1557 1.7648854352491394e+01 2.4417981607637604e-01
1558 1.7884852674774343e+01 2.4744495871841099e-01
1559 1.7795017569919285e+01 2.4620204974865037e-01
1560 1.7426509466218199e+01 2.4110357484556508e-01
1561 1.7325333998354047e+01 2.3970376686703629e-01
1562 1.7472814682844710e+01 2.4174422828705275e-01
1563 1.7586029533513511e+01 2.4331060652675529e-01
1564 1.7215762585985001e+01 2.3818779723041647e-01
1565 1.7045449840332626e+01 2.3583144400327408e-01
1566 1.7092096368796881e+01 2.3647681964712686e-01
1567 1.7304719291935353e+01 2.3941855315733876e-01
1568 1.7021056320826837e+01 2.3549394871959078e-01
1569 1.6774577359035671e+01 2.3208380172903742e-01
1570 1.6767837157116769e+01 2.3199054801228031e-01
1571 1.6973550717515639e+01 2.3483668738990635e-01
1572 1.6827610801793348e+01 2.3281754319688736e-01
1573 1.6502919466111543e+01 2.2832529293265508e-01
1574 1.6484778734679558e+01 2.2807430777656038e-01
1575 1.6633527349602026e+01 2.3013231158281064e-01
1576 1.6613532493187229e+01 2.2985567377594079e-01
1577 1.6241330373634941e+01 2.2470609050666274e-01
1578 1.6211664368145623e+01 2.2429564801450858e-01
1579 1.6320712223361980e+01 2.2580437400308778e-01
1580 1.6362722859019186e+01 2.2638560999059992e-01
1581 1.6000355637688884e+01 2.2137209694950838e-01
1582 1.5928074730792524e+01 2.2037205818215944e-01
1583 1.6048023347512583e+01 2.2203160109550354e-01
1584 1.6078531611516887e+01 2.2245369661199405e-01
1585 1.5774543396095691e+01 2.1824788330261882e-01
1586 1.5637196409696513e+01 2.1634762614100528e-01
1587 1.5803206448136878e+01 2.1864444948395947e-01
1588 1.5782777772302442e+01 2.1836180959083618e-01
1589 1.5543758938886548e+01 2.1505487682247526e-01
1590 1.5358326312291197e+01 2.1248933326070746e-01
1591 1.5562470437667006e+01 2.1531375880084461e-01
1592 1.5499842253039699e+01 2.1444726977566128e-01
1593 1.5288310954907516e+01 2.1152063938704219e-01
1594 1.5108575853411487e+01 2.0903392364055670e-01
1595 1.5309577977695939e+01 2.1181487818630093e-01
1596 1.5239414078844144e+01 2.1084412917479839e-01
1597 1.5004740607613600e+01 2.0759731644131410e-01
1598 1.4889469192297929e+01 2.0600248470728311e-01
1599 1.5046470750928673e+01 2.0817467169146250e-01
1600 1.4990867876553661e+01 2.0740538098470954e-01
1601 1.4709212291543810e+01 2.0350854963401732e-01
1602 1.4687131442882626e+01 2.0320305118878043e-01
1603 1.4787942453362012e+01 2.0459781673591948e-01
1604 1.4732243877601569e+01 2.0382720195757376e-01
1605 1.4426553477323722e+01 1.9959783815721913e-01
1606 1.4483869701444039e+01 2.0039083382619385e-01
1607 1.4546109112303842e+01 2.0125194399192556e-01
1608 1.4447104875046270e+01 1.9988217596270935e-01
1609 1.4174917059208909e+01 1.9611633544513404e-01
1610 1.4271207810317630e+01 1.9744856117639034e-01
1611 1.4317831313883675e+01 1.9809361826044894e-01
1612 1.4137526838267995e+01 1.9559902496763451e-01
1613 1.3957325528176069e+01 1.9310585901611443e-01
1614 1.4053493696438965e+01 1.9443638875871616e-01
1615 1.4084372035889425e+01 1.9486360443499562e-01
1616 1.3824419207998194e+01 1.9126704046346199e-01
1617 1.3763855671157501e+01 1.9042911676647101e-01
1618 1.3839234849582008e+01 1.9147202151009174e-01
1619 1.3823643749794917e+01 1.9125631165140036e-01
1620 1.3536167553143601e+01 1.8727894952790677e-01
1621 1.3580318177895919e+01 1.8788979322440746e-01
1622 1.3628370691397196e+01 1.8855462130187942e-01
1623 1.3527424400620177e+01 1.8715798409114481e-01
1624 1.3294140746498595e+01 1.8393040010074310e-01
1625 1.3395429310336688e+01 1.8533177281279872e-01
1626 1.3407356135083193e+01 1.8549678578275197e-01
1627 1.3211925184000727e+01 1.8279291091711733e-01
1628 1.3102766678477087e+01 1.8128265403190644e-01
1629 1.3200927086859144e+01 1.8264074731014401e-01
1630 1.3157856303278583e+01 1.8204484370059998e-01
1631 1.2913259072031007e+01 1.7866073129613716e-01
1632 1.2946786367585807e+01 1.7912459646826678e-01
1633 1.2987479865651881e+01 1.7968760926642474e-01
1634 1.2874348140142434e+01 1.7812238110058631e-01
1635 1.2668726019376679e+01 1.7527750683129820e-01
1636 1.2795216636969217e+01 1.7702756126102229e-01
1637 1.2745646067960342e+01 1.7634173020470334e-01
1638 1.2577177843531111e+01 1.7401089675601344e-01
1639 1.2493370224463648e+01 1.7285138075565598e-01
1640 1.2611752574675354e+01 1.7448925366933341e-01
1641 1.2476098571309077e+01 1.7261241968734037e-01
1642 1.2307096530537995e+01 1.7027420065012625e-01
1643 1.2364281025434687e+01 1.7106537378620709e-01
1644 1.2371979156647491e+01 1.7117188088440913e-01
1645 1.2199777458496190e+01 1.6878939315218480e-01
1646 1.2098972968617778e+01 1.6739471782048493e-01
1647 1.2225095286133808e+01 1.6913967665345547e-01
1648 1.2083176331079487e+01 1.6717616425481507e-01
1649 1.1952628966398764e+01 1.6536998290953731e-01
1650 1.1950293147419416e+01 1.6533766580626399e-01
1651 1.2018436373065875e+01 1.6628045789763021e-01
1652 1.1790839142418211e+01 1.6313154812654393e-01
1653 1.1760525226757725e+01 1.6271214150656196e-01
1654 1.1811343570062697e+01 1.6341523607993649e-01
1655 1.1733342797518711e+01 1.6233606040579893e-01
1656 1.1554368180886444e+01 1.5985986630850685e-01
1657 1.1609879047267613e+01 1.6062788404339629e-01
1658 1.1618404312950235e+01 1.6074583491798611e-01
1659 1.1426347359384360e+01 1.5808864082134583e-01
1660 1.1399243792719107e+01 1.5771365081966329e-01
1661 1.1445010841263597e+01 1.5834685846434959e-01
1662 1.1355251097242368e+01 1.5710499214552689e-01
1663 1.1181681756026366e+01 1.5470358245806815e-01
1664 1.1282562595735973e+01 1.5609931412392808e-01
1665 1.1215272060719139e+01 1.5516831938988337e-01
1666 1.1079271638435040e+01 1.5328669254678165e-01
1667 1.1033593436098418e+01 1.5265471412923176e-01
1668 1.1116075610069375e+01 1.5379589200217200e-01
1669 1.0939589863108873e+01 1.5135413253313124e-01
1670 1.0867032971797828e+01 1.5035027539761672e-01
1671 1.0922548292209694e+01 1.5111835475601865e-01
1672 1.0853888736262554e+01 1.5016841900335084e-01
1673 1.0701617802447204e+01 1.4806168233533809e-01
1674 1.0726182901391104e+01 1.4840155149750683e-01
1675 1.0747222489520107e+01 1.4869264363624032e-01
1676 1.0559362635381806e+01 1.4609351829272194e-01
1677 1.0554970745031854e+01 1.4603275451981859e-01
1678 1.0575207595167269e+01 1.4631274041835560e-01
1679 1.0485211137845175e+01 1.4506759906484148e-01
1680 1.0343899004115418e+01 1.4311248231140636e-01
1681 1.0443452923241241e+01 1.4448985543582077e-01
1682 1.0343097821892036e+01 1.4310139759598847e-01
1683 1.0229813548525479e+01 1.4153405886212406e-01
1684 1.0228639907338538e+01 1.4151782100988483e-01
1685 1.0253768195380955e+01 1.4186548214584099e-01
1686 1.0081016941714882e+01 1.3947539106657553e-01
1687 1.0064955416729811e+01 1.3925317266426845e-01
1688 1.0105548199895541e+01 1.3981479202660610e-01
1689 9.9739052312970813e+00 1.3799345250971093e-01
1690 9.9003559529910437e+00 1.3697586525500149e-01
1691 9.9400285324265685e+00 1.3752475318598917e-01
1692 9.8823926160062001e+00 1.3672733443065038e-01
1693 9.7290184777019846e+00 1.3460533443370956e-01
1694 9.7998284507866735e+00 1.3558502217201035e-01
1695 9.7394007542973853e+00 1.3474897788721005e-01
1696 9.6283905548670887e+00 1.3321310198625305e-01
1697 9.5985485638080483e+00 1.3280022465480626e-01
1698 9.6467962560386695e+00 1.3346775311754297e-01
1699 9.4793852717538289e+00 1.3115154706045878e-01
1700 9.4623932824747001e+00 1.3091645526729864e-01
1701 9.4860598525311755e+00 1.3124389287928917e-01
1702 9.3864852043797971e+00 1.2986623295950855e-01
1703 9.2961959566961152e+00 1.2861704072001548e-01
1704 9.3460982355535620e+00 1.2930746113087252e-01
1705 9.2750466368706164e+00 1.2832443039404257e-01
1706 9.1495411305038452e+00 1.2658800541998275e-01
1707 9.2047746612030323e+00 1.2735218609131752e-01
1708 9.1448631126775428e+00 1.2652328294510623e-01
1709 9.0406918893815522e+00 1.2508202734648005e-01
1710 9.0254276693413971e+00 1.2487084001570420e-01
1711 9.0538176827066579e+00 1.2526362858449630e-01
1712 8.8894029775290893e+00 1.2298887739279399e-01
1713 8.9050928851132056e+00 1.2320595430167583e-01
1714 8.8973479379613973e+00 1.2309879948395913e-01
1715 8.8028611960704435e+00 1.2179153302938997e-01
1716 8.7328211421362880e+00 1.2082249746787165e-01
1717 8.7888978742888337e+00 1.2159834420951807e-01
1718 8.6718090856165393e+00 1.1997836829994463e-01
1719 8.6068508095847100e+00 1.1907964141505470e-01
1720 8.6450851871463126e+00 1.1960863117803436e-01
1721 8.5632285704988576e+00 1.1847610817124846e-01
1722 8.4766398306150297e+00 1.1727811411696959e-01
1723 8.4996289194138637e+00 1.1759617847188736e-01
1724 8.4635164294556073e+00 1.1709654597563855e-01
1725 8.3326176034205215e+00 1.1528550200488082e-01
1726 8.3832282023490556e+00 1.1598572234162693e-01
1727 8.3253306671522065e+00 1.1518468397317067e-01
1728 8.2366040127926823e+00 1.1395711091319341e-01
1729 8.2201282784798888e+00 1.1372916173905037e-01
1730 8.2358434692817148e+00 1.1394658845258962e-01
1731 8.0932725102145184e+00 1.1197405528598517e-01
1732 8.1098755776726250e+00 1.1220376617130684e-01
1733 8.0965264235751366e+00 1.1201907463681980e-01
1734 7.9959016610899720e+00 1.1062688591421935e-01
1735 7.9656133022720708e+00 1.1020783288461766e-01
1736 7.9858951209133267e+00 1.1048844094260286e-01
1737 7.8789765610831450e+00 1.0900917471075255e-01
1738 7.8367296007849356e+00 1.0842466906583252e-01
1739 7.8714034555839705e+00 1.0890439739937685e-01
1740 7.7572185014638144e+00 1.0732459734330051e-01
1741 7.7266749937472827e+00 1.0690201421424333e-01
1742 7.7327211362969850e+00 1.0698566530831843e-01
1743 7.6674840118124470e+00 1.0608308043001230e-01
1744 7.5817260763298586e+00 1.0489658092726853e-01
1745 7.6375921036874450e+00 1.0566951247356846e-01
1746 7.5319110569578793e+00 1.0420736779053176e-01
1747 7.4876776104411302e+00 1.0359537821777180e-01
1748 7.4945094925700850e+00 1.0368990037135670e-01
1749 7.4438386258058458e+00 1.0298884620207142e-01
1750 7.3521065894711990e+00 1.0171969233445262e-01
1751 7.3925181320620048e+00 1.0227880415214365e-01
1752 7.3217714570638881e+00 1.0129999217126191e-01
1753 7.2458377621806589e+00 1.0024941544371534e-01
1754 7.2722378270989783e+00 1.0061467218318464e-01
1755 7.2119783337763845e+00 9.9780955064640367e-02
1756 7.1381757314074905e+00 9.8759862957896877e-02
1757 7.1485013864462212e+00 9.8902723026764158e-02
1758 7.1153093305439556e+00 9.8443496045593687e-02
1759 7.0118668388795991e+00 9.7012322775952009e-02
1760 7.0537084827474894e+00 9.7591220686260416e-02
1761 6.9865706592082972e+00 9.6662338784005167e-02
1762 6.9238768064429950e+00 9.5794941210678275e-02
1763 6.9204137344647867e+00 9.5747028056554537e-02
1764 6.9001946300862187e+00 9.5467287678523097e-02
1765 6.7954180453938440e+00 9.4017656633452837e-02
1766 6.8298349504062621e+00 9.4493829951448630e-02
1767 6.7758984789943737e+00 9.3747594677128718e-02
1768 6.7026183488641680e+00 9.2733731208153994e-02
1769 6.7113949443736249e+00 9.2855159343628035e-02
1770 6.6763572968898117e+00 9.2370397775116450e-02
1771 6.5938548346605153e+00 9.1228939205022119e-02
1772 6.6048068401705269e+00 9.1380465113598999e-02
1773 6.5743712108145713e+00 9.0959374530047502e-02
1774 6.4819563032433996e+00 8.9680772832580455e-02
1775 6.5116134739959248e+00 9.0091093092188421e-02
1776 6.4550825961431997e+00 8.9308963041080255e-02
1777 6.3954126968537537e+00 8.8483403220437518e-02
1778 6.3904092396663206e+00 8.8414178146029157e-02
1779 6.3701151901391739e+00 8.8133400868251693e-02
1780 6.2735902162039201e+00 8.6797934559133441e-02
1781 6.3095236319942138e+00 8.7295089483947652e-02
1782 6.2464832597497777e+00 8.6422897658201200e-02
1783 6.1917143750762742e+00 8.5665145573041265e-02
1784 6.1929096174124005e+00 8.5681682286868288e-02
1785 6.1579633379638254e+00 8.5198184836105875e-02
1786 6.0810790651329052e+00 8.4134456436286559e-02
1787 6.1032117118303644e+00 8.4440671530588471e-02
1788 6.0498791772970026e+00 8.3702791993869138e-02
1789 5.9860118149129455e+00 8.2819158388607914e-02
1790 6.0069387544349651e+00 8.3108691983337077e-02
1791 5.9441913436338991e+00 8.2240553410562786e-02
1792 5.8975864919198884e+00 8.1595754383243069e-02
1793 5.9004470725976326e+00 8.1635331799987096e-02
1794 5.8560069569318678e+00 8.1020482866852372e-02
1795 5.7890027590096951e+00 8.0093449734944214e-02
1796 5.8211146987564497e+00 8.0537732824634459e-02
1797 5.7392995507730431e+00 7.9405783555415776e-02
1798 5.7140544259254860e+00 7.9056505929855247e-02
1799 5.7088565854555879e+00 7.8984591475546498e-02
1800 5.6574242001732387e+00 7.8273001355996311e-02
1801 5.6078687700444112e+00 7.7587379752873123e-02
1802 5.6286166028022304e+00 7.7874435325184108e-02
1803 5.5479981363390944e+00 7.6759042681550607e-02
1804 5.5285112246290744e+00 7.6489432517501760e-02
1805 5.5275156720122443e+00 7.6475658600508811e-02
1806 5.4563879691448305e+00 7.5491574928151436e-02
1807 5.4399375543799877e+00 7.5263976061310967e-02
1808 5.4321437211224097e+00 7.5156144882393874e-02
1809 5.3665093389331116e+00 7.4248063765558828e-02
1810 5.3469845693027551e+00 7.3977929820201571e-02
1811 5.3478319872393945e+00 7.3989654227450657e-02
1812 5.2628105624687924e+00 7.2813344680757258e-02
1813 5.2757375004364597e+00 7.2992194665709970e-02
1814 5.2394026881095828e+00 7.2489486239772166e-02
1815 5.1883928062320006e+00 7.1783741644334029e-02
1816 5.1758474930367697e+00 7.1610171609279627e-02
1817 5.1619419863354405e+00 7.1417782686975448e-02
1818 5.0853787761392208e+00 7.0358496332714682e-02
1819 5.1072145861300493e+00 7.0660604558039034e-02
1820 5.0553274720044072e+00 6.9942723060980566e-02
1821 5.0121212204792576e+00 6.9344945191661178e-02
1822 5.0141650609722408e+00 6.9373222641613372e-02
1823 4.9704989343655619e+00 6.8769082194271441e-02
1824 4.9247278086254536e+00 6.8135818139755028e-02
1825 4.9331169403926438e+00 6.8251885540564189e-02
1826 4.8790914215164252e+00 6.7504418254634449e-02
1827 4.8424964885142883e+00 6.6998110942481481e-02
1828 4.8534394467808353e+00 6.7149511678387022e-02
1829 4.7828288518364230e+00 6.6172582426084814e-02
1830 4.7736743996369437e+00 6.6045926473822777e-02
1831 4.7574920723485254e+00 6.5822036717464977e-02
1832 4.7076429732929634e+00 6.5132352073019942e-02
1833 4.6845762554725265e+00 6.4813213685769047e-02
1834 4.6847764885153866e+00 6.4815983999728335e-02
1835 4.6098349600039690e+00 6.3779134338956031e-02
1836 4.6227961824978703e+00 6.3958458665706958e-02
1837 4.5848177361410309e+00 6.3433009825739031e-02
1838 4.5410261915591903e+00 6.2827134164456525e-02
1839 4.5366362688082020e+00 6.2766397614167385e-02
1840 4.5072611038825814e+00 6.2359979031663834e-02
1841 4.4560734628007861e+00 6.1651775057904375e-02
1842 4.4661705702806520e+00 6.1791473068783423e-02
1843 4.4174837429709157e+00 6.1117868975260184e-02
1844 4.3832067611999905e+00 6.0643631558070760e-02
1845 4.3895034479102524e+00 6.0730749042984741e-02
1846 4.3302262101775444e+00 5.9910621871101487e-02
1847 4.3166088013622677e+00 5.9722218912272508e-02
1848 4.3035324129183596e+00 5.9541301212947401e-02
1849 4.2569060903146063e+00 5.8896205126237666e-02
1850 4.2369152008690634e+00 5.8619622204166763e-02
1851 4.2337155910196600e+00 5.8575354166766749e-02
1852 4.1670280528437980e+00 5.7652702164481422e-02
1853 4.1799527257954017e+00 5.7831520811920958e-02
1854 4.1394281787105180e+00 5.7270845526368019e-02
1855 4.1051109725513566e+00 5.6796051586725349e-02
1856 4.0981282684559890e+00 5.6699442743586362e-02
1857 4.0687852882047677e+00 5.6293469450489041e-02
1858 4.0248711753009827e+00 5.5685898001496391e-02
1859 4.0351937145498145e+00 5.5828714962012874e-02
1860 3.9812090424829267e+00 5.5081812810011413e-02
1861 3.9633526327400506e+00 5.4834761372013437e-02
1862 3.9574056403145921e+00 5.4752482064379451e-02
1863 3.9057185001008938e+00 5.4037367296087817e-02
1864 3.8982607177668172e+00 5.3934185532427591e-02
1865 3.8795841545169214e+00 5.3675786902793336e-02
1866 3.8356037886112406e+00 5.3067298813802739e-02
1867 3.8285122160072773e+00 5.2969183726016111e-02
1868 3.8087006097115741e+00 5.2695081266737817e-02
1869 3.7586835885242209e+00 5.2003073344280684e-02
1870 3.7716699630495665e+00 5.2182745660668189e-02
1871 3.7217848119633477e+00 5.1492562220208461e-02
1872 3.7039343556432271e+00 5.1245593150484617e-02
1873 3.6930053083669638e+00 5.1094384879369202e-02
1874 3.6569689000406544e+00 5.0595805006623563e-02
1875 3.6318663924547123e+00 5.0248500554846164e-02
1876 3.6317974573264986e+00 5.0247546806427588e-02
1877 3.5764503080428214e+00 4.9481794171014615e-02
1878 3.5790898253208825e+00 4.9518313076469596e-02
1879 3.5520008424498504e+00 4.9143524848121449e-02
1880 3.5147624554496382e+00 4.8628315061294169e-02
1881 3.5138527527127303e+00 4.8615728915896529e-02
1882 3.4807855948698494e+00 4.8158229955398653e-02
1883 3.4516023229274255e+00 4.7754466298388136e-02
1884 3.4493604929040349e+00 4.7723449574477737e-02
1885 3.4108919915937248e+00 4.7191220604422275e-02
1886 3.3890236774995093e+00 4.6888662670248368e-02
1887 3.3876595702001246e+00 4.6869789633913000e-02
1888 3.3360290378674402e+00 4.6155458061045748e-02
1889 3.3391569969389812e+00 4.6198734777796228e-02
1890 3.3101654249323462e+00 4.5797623375381277e-02
1891 3.2809771970807908e+00 4.5393791151145030e-02
1892 3.2719692464395873e+00 4.5269162113652651e-02
1893 3.2494321535426329e+00 4.4957351324772882e-02
1894 3.2127270009627744e+00 4.4449519075324920e-02
1895 3.2204843243486745e+00 4.4556845123791440e-02
1896 3.1723406851943339e+00 4.3890756282036404e-02
1897 3.1652318156352282e+00 4.3792401883117116e-02
1898 3.1494590349753917e+00 4.3574178388061290e-02
1899 3.1137709317850990e+00 4.3080417473099111e-02
1900 3.1061630543115815e+00 4.2975159075861961e-02
1901 3.0868079620929394e+00 4.2707372693601850e-02
1902 3.0518309780450625e+00 4.2223450430936040e-02
1903 3.0517294103956272e+00 4.2222045196949567e-02
1904 3.0203214144262520e+00 4.1787501485162012e-02
1905 2.9955237549136617e+00 4.1444414743214135e-02
1906 2.9958570908400826e+00 4.1449026595268633e-02
1907 2.9521766146398702e+00 4.0844687614863893e-02
1908 2.9486612157417342e+00 4.0796050494332568e-02
1909 2.9279615206912073e+00 4.0509660928793365e-02
1910 2.8990938077686508e+00 4.0110263172361632e-02
1911 2.8897312520050615e+00 3.9980728013948620e-02
1912 2.8717343672507800e+00 3.9731733041160046e-02
1913 2.8369238604794851e+00 3.9250114066286451e-02
1914 2.8434083570891193e+00 3.9339829985397361e-02
1915 2.8012529012657184e+00 3.8756590345929161e-02
1916 2.7938983178715606e+00 3.8654836385890942e-02
1917 2.7787571022365740e+00 3.8445350876232243e-02
1918 2.7483731185555653e+00 3.8024974833758475e-02
1919 2.7396030408719736e+00 3.7903636875328744e-02
1920 2.7227299013211854e+00 3.7670189421468325e-02
1921 2.6911244154764571e+00 3.7232913348674353e-02
1922 2.6914961110045015e+00 3.7238055923022893e-02
1923 2.6606578899288120e+00 3.6811395302452837e-02
1924 2.6423195426691874e+00 3.6557676042745325e-02
1925 2.6383114733024691e+00 3.6502222605301754e-02
1926 2.6010288274469433e+00 3.5986400477359619e-02
1927 2.5986062040666815e+00 3.5952882396264957e-02
1928 2.5771105810621449e+00 3.5655480810481345e-02
1929 2.5530733923891544e+00 3.5322915523696291e-02
1930 2.5455733329017876e+00 3.5219148836657561e-02
1931 2.5248244003596199e+00 3.4932078048336819e-02
1932 2.4990982767900447e+00 3.4576145589712941e-02
1933 2.5014022312265900e+00 3.4608021832744237e-02
1934 2.4620935351431221e+00 3.4064168391146295e-02
1935 2.4612654798968165e+00 3.4052711875402798e-02
1936 2.4402341174893669e+00 3.3761733543216509e-02
1937 2.4174547604476841e+00 3.3446570921230739e-02
1938 2.4101416205691599e+00 3.3345390350820125e-02
1939 2.3898550713570348e+00 3.3064716843265132e-02
1940 2.3669454718294269e+00 3.2747752258068412e-02
1941 2.3657671813019467e+00 3.2731450080117463e-02
1942 2.3329947070242771e+00 3.2278028198919860e-02
1943 2.3264654982099380e+00 3.2187693666401916e-02
1944 2.3124296109058200e+00 3.1993500869978028e-02
1945 2.2845119831577896e+00 3.1607247968081280e-02
1946 2.2838755686535888e+00 3.1598442887962180e-02
1947 2.2576917962102394e+00 3.1236178651898597e-02
1948 2.2430228267320547e+00 3.1033226879637669e-02
1949 2.2345639747372399e+00 3.0916194868207441e-02
1950 2.2101161638082885e+00 3.0577948438333162e-02
1951 2.1979574388472130e+00 3.0409727024896228e-02
1952 2.1895251122865989e+00 3.0293062004745727e-02
1953 2.1585071286106419e+00 2.9863914287971350e-02
1954 2.1621112591586562e+00 2.9913779050677897e-02
1955 2.1328488979332727e+00 2.9508921157963407e-02
1956 2.1227924581811735e+00 2.9369785803338867e-02
1957 2.1118376392295879e+00 2.9218220969535896e-02
1958 2.0896176447940138e+00 2.8910797380098736e-02
1959 2.0789700604576233e+00 2.8763483275002135e-02
1960 2.0684048445691396e+00 2.8617308774327364e-02
1961 2.0419482355728547e+00 2.8251269722177473e-02
1962 2.0425553234673997e+00 2.8259669055498010e-02
1963 2.0168483388882481e+00 2.7904001393391130e-02
1964 2.0052436839146246e+00 2.7743445786749771e-02
1965 1.9976791470154514e+00 2.7638787025798396e-02
1966 1.9718877639633725e+00 2.7281951672962986e-02
1967 1.9683737982055429e+00 2.7233334380570615e-02
1968 1.9504142439920342e+00 2.6984855892557637e-02
1969 1.9329978514057355e+00 2.6743892289283522e-02
1970 1.9272459663449502e+00 2.6664312379552059e-02
1971 1.9071159715415260e+00 2.6385804872461401e-02
1972 1.8932787313320323e+00 2.6194360447691592e-02
1973 1.8886188486229565e+00 2.6129888880296118e-02
1974 1.8605299748218680e+00 2.5741266712445650e-02
1975 1.8623253349690432e+00 2.5766106325361728e-02
1976 1.8391234409226627e+00 2.5445097714393787e-02
1977 1.8281879240205450e+00 2.5293799933102830e-02
1978 1.8192234675623822e+00 2.5169772657141435e-02
1979 1.8006366523669051e+00 2.4912615732095109e-02
1980 1.7896038918364541e+00 2.4759972541589095e-02
1981 1.7818543997138481e+00 2.4652754842162835e-02
1982 1.7579729912913060e+00 2.4322344845015460e-02
1983 1.7585547851351442e+00 2.4330394223799227e-02
1984 1.7361020935874669e+00 2.4019751165443574e-02
1985 1.7264417489192330e+00 2.3886095963966385e-02
1986 1.7187311741377684e+00 2.3779416703410567e-02
1987 1.6975476314614377e+00 2.3486332888946297e-02
1988 1.6935315900136261e+00 2.3430769154185047e-02
1989 1.6781412026836651e+00 2.3217836242364426e-02
1990 1.6631641062686895e+00 2.3010621395727616e-02
1991 1.6581961954660562e+00 2.2941888121496726e-02
1992 1.6397602599365930e+00 2.2686818684304347e-02
1993 1.6297040572091912e+00 2.2547686609022809e-02
1994 1.6232084233183111e+00 2.2457816600630412e-02
1995 1.6007055132493742e+00 2.2146478746508422e-02
1996 1.6018815521194807e+00 2.2162749771769658e-02
1997 1.5804857827448127e+00 2.1866729705743021e-02
1998 1.5732465077396560e+00 2.1766571088986351e-02
1999 1.5636474121133168e+00 2.1633763295476050e-02
2000 1.5478208531572621e+00 2.1414795753570658e-02
