# step 5
# iter abs_residual rel_residual
0 7.2278104865846402e+01 1.0000000000000000e+00
1 1.1546600861374702e+03 1.5975240195915571e+01
2 1.1527745212176062e+03 1.5949152559509445e+01
3 1.1585072720811611e+03 1.6028467739039890e+01
4 1.2484330970662133e+03 1.7272631862490019e+01
5 1.4402468346342964e+03 1.9926460956710237e+01
6 1.2677694538270414e+03 1.7540159031287786e+01
7 1.4124522130195044e+03 1.9541909899839265e+01
8 1.3004236603879085e+03 1.7991944625576345e+01
9 1.3783981910461766e+03 1.9070757231454635e+01
10 1.3232324643113507e+03 1.8307514658379183e+01
11 1.3547601259470900e+03 1.8743713998334997e+01
12 1.3364428175034448e+03 1.8490285820083180e+01
13 1.3388396176553456e+03 1.8523446625230871e+01
14 1.3429152194676180e+03 1.8579834404349281e+01
15 1.3277325809240583e+03 1.8369775790170895e+01
16 1.3450051727494565e+03 1.8608749845418433e+01
17 1.3195692023761521e+03 1.8256831786408508e+01
18 1.3443069584353766e+03 1.8599089737210342e+01
19 1.3132163294697705e+03 1.8168936940269791e+01
20 1.3418458874598659e+03 1.8565039716390363e+01
21 1.3079856800742546e+03 1.8096568559759202e+01
22 1.3382737217512386e+03 1.8515617201574049e+01
23 1.3034526903345666e+03 1.8033852613511005e+01
24 1.3340055733957934e+03 1.8456565454667192e+01
25 1.2993510853111893e+03 1.7977105068303640e+01
26 1.3293075319972993e+03 1.8391565944688146e+01
27 1.2955114809386387e+03 1.7923982419616639e+01
28 1.3243513570126606e+03 1.8322995040763125e+01
29 1.2918249965163102e+03 1.7872978254120451e+01
30 1.3192485335202200e+03 1.8252395188955834e+01
31 1.2882212246140020e+03 1.7823118453438113e+01
32 1.3140716232937593e+03 1.8180770313952962e+01
33 1.2846546044813620e+03 1.7773772664152961e+01
34 1.3088677968927705e+03 1.8108773041602674e+01
35 1.2810958289430951e+03 1.7724535408349531e+01
36 1.3036675101297901e+03 1.8036824741731884e+01
37 1.2775263299658131e+03 1.7675149788957501e+01
38 1.2984901357302649e+03 1.7965193444686470e+01
39 1.2739346838620665e+03 1.7625457754137095e+01
40 1.2933476589212771e+03 1.7894044971458889e+01
41 1.2703142383687641e+03 1.7575367266844680e+01
42 1.2882471280015691e+03 1.7823476838423652e+01
43 1.2666615286057947e+03 1.7524830388909805e+01
44 1.2831922934637323e+03 1.7753540935327976e+01
45 1.2629752087399154e+03 1.7473828500125901e+01
46 1.2781847130489723e+03 1.7684258814220147e+01
47 1.2592553284049832e+03 1.7422362287199640e+01
48 1.2732245007417703e+03 1.7615632052126585e+01
49 1.2555028382783671e+03 1.7370444903178836e+01
50 1.2683108376860012e+03 1.7547649319805512e+01
51 1.2517192522233097e+03 1.7318097293040470e+01
52 1.2634423194692299e+03 1.7480291186580970e+01
53 1.2479064168627690e+03 1.7265345005641432e+01
54 1.2586171941787850e+03 1.7413533413955349e+01
55 1.2440663539091549e+03 1.7212216012279729e+01
56 1.2538335239661940e+03 1.7347349190925847e+01
57 1.2402011533676468e+03 1.7158739229114452e+01
58 1.2490892942249029e+03 1.7281710644507164e+01
59 1.2363129023457273e+03 1.7104943532213760e+01
60 1.2443824862357881e+03 1.7216589844814770e+01
61 1.2324036388437810e+03 1.7050857118227086e+01
62 1.2397111252414106e+03 1.7151959470193741e+01
63 1.2284753213144570e+03 1.6996507083225268e+01
64 1.2350733099348397e+03 1.7087793215209899e+01
65 1.2245298121544629e+03 1.6941919194302095e+01
66 1.2304672309104965e+03 1.7024066045925473e+01
67 1.2205688672035608e+03 1.6887117744288236e+01
68 1.2258911806677329e+03 1.6960754338303129e+01
69 1.2165941326642505e+03 1.6832125509133654e+01
70 1.2213435565443915e+03 1.6897835918793071e+01
71 1.2126071450134832e+03 1.6776963746686128e+01
72 1.2168228618978585e+03 1.6835290080673438e+01
73 1.2086093333597078e+03 1.6721652229302048e+01
74 1.2123277032838744e+03 1.6773097545017897e+01
75 1.2046020237668206e+03 1.6666209303670215e+01
76 1.2078567863335791e+03 1.6711240403652699e+01
77 1.2005864443565595e+03 1.6610651961405715e+01
78 1.2034089109101917e+03 1.6649702052147177e+01
79 1.1965637310967722e+03 1.6554995919133251e+01
80 1.1989829658860158e+03 1.6588467117551275e+01
81 1.1925349333545312e+03 1.6499255695316940e+01
82 1.1945779226431896e+03 1.6527521368475501e+01
83 1.1885010204049943e+03 1.6443444700313346e+01
84 1.1901928302487756e+03 1.6466851648336146e+01
85 1.1844628864411754e+03 1.6387575305683896e+01
86 1.1858268092570845e+03 1.6406445789607631e+01
87 1.1804213570168570e+03 1.6331658933335451e+01
88 1.1814790463301649e+03 1.6346292539394589e+01
89 1.1763771933523290e+03 1.6275706115092163e+01
90 1.1771487897181987e+03 1.6286381496901107e+01
91 1.1723310979354767e+03 1.6219726570189014e+01
92 1.1728353439170767e+03 1.6226703039515872e+01
93 1.1682837191229967e+03 1.6163729268931707e+01
94 1.1685380650382838e+03 1.6167248258752473e+01
95 1.1642356550318859e+03 1.6107722486537174e+01
96 1.1642563576319753e+03 1.6108008916295226e+01
97 1.1601874578349652e+03 1.6051713862564057e+01
98 1.1599896696503286e+03 1.6048977374314898e+01
99 1.1561396376451507e+03 1.5995710454653354e+01
100 1.1557374897054628e+03 1.5990146557530784e+01
101 1.1520926651050802e+03 1.5939718774357059e+01
102 1.1514993435988183e+03 1.5931509905193110e+01
103 1.1480469756784944e+03 1.5883744846511346e+01
104 1.1472747910266214e+03 1.5873061325501681e+01
105 1.1440029715528924e+03 1.5827794235560658e+01
106 1.1430634233289898e+03 1.5814795164463726e+01
107 1.1399610245723363e+03 1.5771872086134380e+01
108 1.1388648605586795e+03 1.5756706165338706e+01
109 1.1359214789444559e+03 1.5715983160499457e+01
110 1.1346787494226223e+03 1.5698789440158558e+01
111 1.1318846530402900e+03 1.5660131863462013e+01
112 1.1305047609336821e+03 1.5641040437238690e+01
113 1.1278508414169478e+03 1.5604322270351773e+01
114 1.1263425889435589e+03 1.5583454920880056e+01
115 1.1238203171283790e+03 1.5548558158992602e+01
116 1.1221919476107025e+03 1.5526028936336601e+01
117 1.1197933329737255e+03 1.5492843026974020e+01
118 1.1180525705923478e+03 1.5468758798636703e+01
119 1.1157701230422640e+03 1.5437180113026168e+01
120 1.1139242088676585e+03 1.5411641062465399e+01
121 1.1117509047696510e+03 1.5381572425468878e+01
122 1.1098066298866775e+03 1.5354672510389724e+01
123 1.1077358792262528e+03 1.5326022746200858e+01
124 1.1056996160753536e+03 1.5297850132175093e+01
125 1.1037252332627224e+03 1.5270533660384697e+01
126 1.1016029635330588e+03 1.5241171106764860e+01
127 1.0997191401755933e+03 1.5215107565655668e+01
128 1.0975164815434027e+03 1.5184632795512222e+01
129 1.0957177605424160e+03 1.5159746683676206e+01
130 1.0934399909868469e+03 1.5128232720218021e+01
131 1.0917212434669761e+03 1.5104453077364063e+01
132 1.0893733238513175e+03 1.5071968556359860e+01
133 1.0877297275775707e+03 1.5049228664703907e+01
134 1.0853163221768696e+03 1.5015838118491047e+01
135 1.0837433411671871e+03 1.4994075220686765e+01
136 1.0812688376700573e+03 1.4959839354905245e+01
137 1.0797622035141765e+03 1.4938994395582124e+01
138 1.0772307304170947e+03 1.4903970329832472e+01
139 1.0757864254723424e+03 1.4883987723102079e+01
140 1.0732018690390903e+03 1.4848229225586831e+01
141 1.0718161096221218e+03 1.4829056622492981e+01
142 1.0691821292846473e+03 1.4792614323094522e+01
143 1.0678513515702823e+03 1.4774202416517349e+01
144 1.0651713940623779e+03 1.4737124002343672e+01
145 1.0638922397488011e+03 1.4719426328671251e+01
146 1.0611695529636884e+03 1.4681756735781864e+01
147 1.0599388563580187e+03 1.4664729496233264e+01
148 1.0571765012100182e+03 1.4626511073750720e+01
149 1.0559912776355018e+03 1.4610112973984320e+01
150 1.0531921400326657e+03 1.4571385649740950e+01
151 1.0520495743118931e+03 1.4555577740514590e+01
152 1.0492163758016384e+03 1.4516379168339608e+01
153 1.0481138117913797e+03 1.4501124700720332e+01
154 1.0452491196660940e+03 1.4461490400255443e+01
155 1.0441840510119432e+03 1.4446754697705860e+01
156 1.0412902872588645e+03 1.4406718178230843e+01
157 1.0402603481842962e+03 1.4392468509171589e+01
158 1.0373397988396382e+03 1.4352061399022828e+01
159 1.0363427553354250e+03 1.4338266854934217e+01
160 1.0333975781027193e+03 1.4297519006907873e+01
161 1.0324313207362754e+03 1.4284150402843926e+01
162 1.0294635529042812e+03 1.4243090003743776e+01
163 1.0285260887848824e+03 1.4230119767167446e+01
164 1.0255376543608104e+03 1.4188773436496231e+01
165 1.0246271007434709e+03 1.4176175518786165e+01
166 1.0216198166708583e+03 1.4134568394772684e+01
167 1.0207343943746521e+03 1.4122318180162747e+01
168 1.0177099774287202e+03 1.4080474015162219e+01
169 1.0168480047089440e+03 1.4068548235960121e+01
170 1.0138080767373432e+03 1.4026489468962243e+01
171 1.0129679638449653e+03 1.4014866130277074e+01
172 1.0099140573906229e+03 1.3972613964700644e+01
173 1.0090943013405283e+03 1.3961272272059198e+01
174 1.0060278648025653e+03 1.3918846747155708e+01
175 1.0052270441555871e+03 1.3907767034309549e+01
176 1.0021494466797277e+03 1.3865187092824202e+01
177 1.0013662172155238e+03 1.3854350761881966e+01
178 9.9827875258427150e+02 1.3811634303876007e+01
179 9.9751184302697004e+02 1.3801023766165798e+01
180 9.9441573467223623e+02 1.3758187718368468e+01
181 9.9366394213111391e+02 1.3747786331357593e+01
182 9.9056034660978037e+02 1.3704846695252108e+01
183 9.8982253330694925e+02 1.3694638717273154e+01
184 9.8671254400458611e+02 1.3651610620339296e+01
185 9.8598763320216665e+02 1.3641581154240747e+01
186 9.8287228418030270e+02 1.3598478903183580e+01
187 9.8215925727237027e+02 1.3588613856095586e+01
188 9.7903952593263284e+02 1.3545450973705023e+01
189 9.7833741900902157e+02 1.3535737009498096e+01
190 9.7521422962337169e+02 1.3492526283491282e+01
191 9.7452213053169294e+02 1.3482950782127995e+01
192 9.7139635705753585e+02 1.3439704304097631e+01
193 9.7071340264633398e+02 1.3430255323490440e+01
194 9.6758587122223366e+02 1.3386984523434114e+01
195 9.6691124481866768e+02 1.3377650764547958e+01
196 9.6378273646051889e+02 1.3334366448170883e+01
197 9.6311566502265782e+02 1.3325137215623915e+01
198 9.5998691833290820e+02 1.3281849601822241e+01
199 9.5932667049505199e+02 1.3272714776841955e+01
200 9.5619838332436257e+02 1.3229433520692590e+01
201 9.5554426703434842e+02 1.3220383528426906e+01
202 9.5241709909068163e+02 1.3177117757285410e+01
203 9.5176845945139087e+02 1.3168143536938949e+01
204 9.4864303432146926e+02 1.3124901878407329e+01
205 9.4799925168126481e+02 1.3115994856821754e+01
206 9.4487615845592632e+02 1.3072785461235979e+01
207 9.4423664670834285e+02 1.3063937529365457e+01
208 9.4111644193153541e+02 1.3020768096760676e+01
209 9.4048064648307582e+02 1.3011971581555418e+01
210 9.3736385591339058e+02 1.2968849386037562e+01
211 9.3673125252497834e+02 1.2960097034414806e+01
212 9.3361837237634472e+02 1.2917028941326155e+01
213 9.3298846505340759e+02 1.2908313890978524e+01
214 9.2987996415295231e+02 1.2865306386752660e+01
215 9.2925228388292032e+02 1.2856622148680882e+01
216 9.2614860447986143e+02 1.2813681352034104e+01
217 9.2552270815973191e+02 1.2805021795709388e+01
218 9.2242426760244928e+02 1.2762153480843724e+01
219 9.2179973606359727e+02 1.2753512806880131e+01
220 9.1870692806520071e+02 1.2710722420993051e+01
221 9.1808336550756235e+02 1.2702095153319171e+01
222 9.1499656116698657e+02 1.2659387830730884e+01
223 9.1437359359188770e+02 1.2650768794907307e+01
224 9.1129314270462248e+02 1.2608149375195310e+01
225 9.1067041698915887e+02 1.2599533685608272e+01
226 9.0759664896081370e+02 1.2557006726246923e+01
227 9.0697383169890441e+02 1.2548389770073745e+01
228 9.0390705672528031e+02 1.2505959562761085e+01
229 9.0328383340694904e+02 1.2497336988615180e+01
230 9.0022434340333496e+02 1.2455007572130164e+01
231 8.9960041708205404e+02 1.2446375271623129e+01
232 8.9654848648806740e+02 1.2404150442960960e+01
233 8.9592357757048183e+02 1.2395504547793324e+01
234 8.9287946419368529e+02 1.2353387873837267e+01
235 8.9225330891525118e+02 1.2344724734708256e+01
236 8.8921725519004815e+02 1.2302719569647021e+01
237 8.8858960492043047e+02 1.2294035746644431e+01
238 8.8556183822495120e+02 1.2252145236356439e+01
239 8.8493245909427060e+02 1.2243437493785590e+01
240 8.8191319253657218e+02 1.2201664586716397e+01
241 8.8128186447240410e+02 1.2192929879776587e+01
242 8.7827129783246278e+02 1.2151277339971770e+01
243 8.7763781374631583e+02 1.2142512803500834e+01
244 8.7463613381001335e+02 1.2100983215226849e+01
245 8.7400029932621544e+02 1.2092186159950177e+01
246 8.7100768086102948e+02 1.2050781941193467e+01
247 8.7036931317644314e+02 1.2041949837947660e+01
248 8.6738591940288541e+02 1.2000673246937215e+01
249 8.6674484725038531e+02 1.1991803726164775e+01
250 8.6377083001913286e+02 1.1950656863822820e+01
251 8.6312689283089719e+02 1.1941747703995915e+01
252 8.6016239401646078e+02 1.1900732533219941e+01
253 8.5951544118116135e+02 1.1891781650563289e+01
254 8.5656059241345940e+02 1.1850899992512259e+01
255 8.5591048331267189e+02 1.1841905441506887e+01
256 8.5296540675303004e+02 1.1801158986337535e+01
257 8.5231200980636868e+02 1.1792118946509788e+01
258 8.4937681873209851e+02 1.1751509261464530e+01
259 8.4872001123434688e+02 1.1742422035132702e+01
260 8.4579481023397466e+02 1.1701950567240708e+01
261 8.4513447784194773e+02 1.1692814572415545e+01
262 8.4221936322875717e+02 1.1652482654214298e+01
263 8.4155539962053456e+02 1.1643296419884344e+01
264 8.3865046014690222e+02 1.1603105279302778e+01
265 8.3798276641908512e+02 1.1593867437095151e+01
266 8.3508808331817306e+02 1.1553818198030502e+01
267 8.3441656792418371e+02 1.1544527481357234e+01
268 8.3153221536815408e+02 1.1504621170014632e+01
269 8.3085679340967977e+02 1.1495276404269488e+01
270 8.2798283914355545e+02 1.1455513957931712e+01
271 8.2730343237751049e+02 1.1446114060586506e+01
272 8.2443993739994244e+02 1.1406496323197253e+01
273 8.2375647377228017e+02 1.1397040297351932e+01
274 8.2090349337126156e+02 1.1357568033845384e+01
275 8.2021590649476002e+02 1.1348054961002955e+01
276 8.1737349013467838e+02 1.1308728855741100e+01
277 8.1668171944365736e+02 1.1299157897948211e+01
278 8.1384991106388952e+02 1.1259978558852037e+01
279 8.1315390119848325e+02 1.1250348950180115e+01
280 8.1033273951044134e+02 1.1211316912839370e+01
281 8.0963244025441054e+02 1.1201627958524220e+01
282 8.0682195906190054e+02 1.1162743690629725e+01
283 8.0611732501041649e+02 1.1152994762475176e+01
284 8.0331755331961313e+02 1.1114258665340367e+01
285 8.0260854365379998e+02 1.1104449198598964e+01
286 7.9981950615317317e+02 1.1065861613799896e+01
287 7.9910608423081476e+02 1.1055991101510143e+01
288 7.9632780127280455e+02 1.1017552310631952e+01
289 7.9560993485277595e+02 1.1007620306723423e+01
290 7.9284242268557148e+02 1.0969330534567096e+01
291 7.9212008323966597e+02 1.0959336644339256e+01
292 7.8936335448907096e+02 1.0921196065588447e+01
293 7.8863651723980081e+02 1.0911139946233641e+01
294 7.8589058052269343e+02 1.0873148680106727e+01
295 7.8515922454878341e+02 1.0863030042169727e+01
296 7.8242408522128073e+02 1.0825188162770990e+01
297 7.8168819265299328e+02 1.0815006759015962e+01
298 7.7896385265696790e+02 1.0777314293212079e+01
299 7.7822340903309362e+02 1.0767069923561703e+01
300 7.7550986720960077e+02 1.0729526855318156e+01
301 7.7476486104818025e+02 1.0719219360914375e+01
302 7.7206211321001012e+02 1.0681825632299235e+01
303 7.7131253598769229e+02 1.0671454895217664e+01
304 7.6862057518717495e+02 1.0634210410106803e+01
305 7.6786642094201341e+02 1.0623776347861240e+01
306 7.6518523750126246e+02 1.0586680972356758e+01
307 7.6442650311660339e+02 1.0576183541826898e+01
308 7.6175608487699685e+02 1.0539237107708807e+01
309 7.6099276934680711e+02 1.0528676294975732e+01
310 7.5833310178240038e+02 1.0491878601271072e+01
311 7.5756520684452198e+02 1.0481254430378605e+01
312 7.5491627275330245e+02 1.0444605239089816e+01
313 7.5414380217738028e+02 1.0433917762192685e+01
314 7.5150558279938991e+02 1.0397416813767334e+01
315 7.5072854235990644e+02 1.0386666110758092e+01
316 7.4810101621285514e+02 1.0350313107979060e+01
317 7.4731941401698930e+02 1.0339499291024168e+01
318 7.4470255811385971e+02 1.0303293915855757e+01
319 7.4391640374393899e+02 1.0292417117531011e+01
320 7.4131019305214977e+02 1.0256359023636234e+01
321 7.4051949826648706e+02 1.0245419406623167e+01
322 7.3792390604515617e+02 1.0209508224029925e+01
323 7.3712868386947309e+02 1.0198505968545238e+01
324 7.3454368180297308e+02 1.0162741305494125e+01
325 7.3374394726856588e+02 1.0151676619502542e+01
326 7.3116950527662596e+02 1.0116058059819521e+01
327 7.3036527465602330e+02 1.0104931168458776e+01
328 7.2780136136159615e+02 1.0069458278028321e+01
329 7.2699265252844361e+02 1.0058269428588321e+01
330 7.2443923489447934e+02 1.0022941750328028e+01
331 7.2362606703661186e+02 1.0011691208281073e+01
332 7.2108311097136766e+02 9.9765082705163906e+00
333 7.2026550458756014e+02 9.9651963194722253e+00
334 7.1773297436949338e+02 9.9301576279795896e+00
335 7.1691095113173571e+02 9.9187845677799160e+00
336 7.1438881029770778e+02 9.8838896180754485e+00
337 7.1356239292379178e+02 9.8724557630311036e+00
338 7.1105060356941055e+02 9.8377040306905386e+00
339 7.1021981597393926e+02 9.8262097116707832e+00
340 7.0771833938696807e+02 9.7916006610929625e+00
341 7.0688320629435145e+02 9.7800462201710996e+00
342 7.0439200252733417e+02 9.7455792986650476e+00
343 7.0355254992894800e+02 9.7339650954434180e+00
344 7.0107157832373514e+02 9.6996397404854022e+00
345 7.0022783261129166e+02 9.6879661401051838e+00
346 6.9775705161298583e+02 9.6537817767645588e+00
347 6.9690904045646005e+02 9.6420491620522650e+00
348 6.9444840747014098e+02 9.6080052010092061e+00
349 6.9359615906137526e+02 9.5962139620116194e+00
350 6.9114563108598770e+02 9.5623098083272371e+00
351 6.9028917440074611e+02 9.5504603459370543e+00
352 6.8784870736086339e+02 9.5166953898080529e+00
353 6.8698807203403248e+02 9.5047881140372183e+00
354 6.8455762145562198e+02 9.4711617401454067e+00
355 6.8369283784524907e+02 9.4591970710111237e+00
356 6.8127235837662954e+02 9.4257086518956505e+00
357 6.8040345729541627e+02 9.4136870157054648e+00
358 6.7799290332578767e+02 9.3803359203204550e+00
359 6.7711991612031500e+02 9.3682577507683753e+00
360 6.7471924113829755e+02 9.3350433356080273e+00
361 6.7384219985945617e+02 9.3229090761325022e+00
362 6.7145135713614025e+02 9.2898306946813900e+00
363 6.7057029403966919e+02 9.2776407915550365e+00
364 6.6818923610332899e+02 9.2446977870205433e+00
365 6.6730418422693515e+02 9.2324526973348551e+00
366 6.6493286331416414e+02 9.1996444088888261e+00
367 6.6404385568625446e+02 9.1873445896066279e+00
368 6.6168222374596724e+02 9.1546703524407462e+00
369 6.6078929408118427e+02 9.1423162700192382e+00
370 6.5843730240247965e+02 9.1097754101963346e+00
371 6.5754048451981453e+02 9.0973675325364312e+00
372 6.5519808441155305e+02 9.0649593763927534e+00
373 6.5429741253373072e+02 9.0524981769812030e+00
374 6.5196455475740049e+02 9.0202220432798530e+00
375 6.5106006326759166e+02 9.0077079978232426e+00
376 6.4873669848805241e+02 8.9755632039904274e+00
377 6.4782842214735501e+02 8.9629967934241392e+00
378 6.4551450051199436e+02 8.9309826497266052e+00
379 6.4460247421802774e+02 8.9183643568748572e+00
380 6.4229794603207949e+02 8.8864801757632250e+00
381 6.4138220481184180e+02 8.8738104852402451e+00
382 6.3908701979249281e+02 8.8420555710292401e+00
383 6.3816759899543240e+02 8.8293349719105034e+00
384 6.3588170698038050e+02 8.7977086305821768e+00
385 6.3495864190205657e+02 8.7849376111975754e+00
386 6.3268199237016881e+02 8.7534391437693913e+00
387 6.3175531872181080e+02 8.7406181981998028e+00
388 6.2948786104181534e+02 8.7092469041654059e+00
389 6.2855761424990430e+02 8.6963765225520859e+00
390 6.2629929790448159e+02 8.6651317029817001e+00
391 6.2536551373041164e+02 8.6522123800995754e+00
392 6.2311628782977573e+02 8.6210933309101900e+00
393 6.2217900199903397e+02 8.6081255610373990e+00
394 6.1993881576344745e+02 8.5771315796685670e+00
395 6.1899806409463258e+02 8.5641158583714887e+00
396 6.1676686648742520e+02 8.5332462387079868e+00
397 6.1582268482349286e+02 8.5201830618899876e+00
398 6.1360042501103737e+02 8.4894371006257838e+00
399 6.1265284918061968e+02 8.4763269639920615e+00
400 6.1043947597805595e+02 8.4457039529616544e+00
401 6.0948854185832158e+02 8.4325473528889301e+00
402 6.0728400447020908e+02 8.4020465893146188e+00
403 6.0632974771324450e+02 8.3888440190654983e+00
404 6.0413399502049799e+02 8.3584647956918090e+00
405 6.0317645159930112e+02 8.3452167529688559e+00
406 6.0098943263584829e+02 8.3149583646573166e+00
407 6.0002863802599290e+02 8.3016653402810050e+00
408 5.9785030189005920e+02 8.2715270827827361e+00
409 5.9688629199441868e+02 8.2581895734854225e+00
410 5.9471658764005610e+02 8.2281707405568376e+00
411 5.9374939782369938e+02 8.2147892356301107e+00
412 5.9158827463067234e+02 8.1848891269175450e+00
413 5.9061794040950633e+02 8.1714641177399105e+00
414 5.8846534737116360e+02 8.1416820275434656e+00
415 5.8749190419277954e+02 8.1282140045482478e+00
416 5.8534779073269601e+02 8.0985492331203979e+00
417 5.8437127384057771e+02 8.0850386839170003e+00
418 5.8223558916664877e+02 8.0554905285261942e+00
419 5.8125603374193895e+02 8.0419379398615103e+00
420 5.7912872750037957e+02 8.0125057038405476e+00
421 5.7814616845625403e+02 7.9989115587540214e+00
422 5.7602719012670457e+02 7.9695945431310680e+00
423 5.7504166241578855e+02 7.9559593252079468e+00
424 5.7293096180221096e+02 7.9267568354983009e+00
425 5.7194249998231169e+02 7.9130810228613493e+00
426 5.6984002684742848e+02 7.8839923640097433e+00
427 5.6884866568141456e+02 7.8702764376188403e+00
428 5.6675436994524000e+02 7.8413009167462091e+00
429 5.6576014366021013e+02 7.8275453501486174e+00
430 5.6367397543462300e+02 7.7986822770304274e+00
431 5.6267691846886248e+02 7.7848875466952707e+00
432 5.6059882782512625e+02 7.7561362305450574e+00
433 5.5959897411041868e+02 7.7423028059337815e+00
434 5.5752891157998590e+02 7.7136625623320016e+00
435 5.5652629506244159e+02 7.6997909131042697e+00
436 5.5446421094621178e+02 7.6712610544415778e+00
437 5.5345886535626710e+02 7.6573516472731038e+00
438 5.5140471043226546e+02 7.6289314925414002e+00
439 5.5039666927505846e+02 7.6149847909907997e+00
440 5.4835039423464696e+02 7.5866736579829608e+00
441 5.4733969080387374e+02 7.5726901226834515e+00
442 5.4530124683691815e+02 7.5444873360893769e+00
443 5.4428791409982796e+02 7.5304674231576394e+00
444 5.4225725228306999e+02 7.5023723061021066e+00
445 5.4124132322852745e+02 7.4883164719538797e+00
446 5.3921839500080603e+02 7.4603283525714446e+00
447 5.3819990213935239e+02 7.4462370470046482e+00
448 5.3618465897515193e+02 7.4183552539230382e+00
449 5.3516363495321536e+02 7.4042289286156482e+00
450 5.3315602853070220e+02 7.3764527932806194e+00
451 5.3213250538228158e+02 7.3622918914373798e+00
452 5.3013248771668100e+02 7.3346207499580514e+00
453 5.2910649755356462e+02 7.3204257158599564e+00
454 5.2711402066294909e+02 7.2928589043848389e+00
455 5.2608559507524024e+02 7.2786301750951363e+00
456 5.2410061143608516e+02 7.2511670361149525e+00
457 5.2306978198997354e+02 7.2369050483660358e+00
458 5.2109224398997605e+02 7.2095449231432180e+00
459 5.2005904192612979e+02 7.1952501091637435e+00
460 5.1808890236780564e+02 7.1679923446999281e+00
461 5.1705335874371701e+02 7.1536651341842310e+00
462 5.1509057042555492e+02 7.1265090774253386e+00
463 5.1405271604222150e+02 7.1121498965190355e+00
464 5.1209723220909336e+02 7.0850949005868973e+00
465 5.1105709751051569e+02 7.0707041704963913e+00
466 5.0910887144399680e+02 7.0437495890206465e+00
467 5.0806648679503832e+02 7.0293277298574433e+00
468 5.0612547205764486e+02 7.0024729203546743e+00
469 5.0508086742101619e+02 6.9880203466663140e+00
470 5.0314701773851539e+02 6.9612646689117552e+00
471 5.0210022304925604e+02 6.9467817948629369e+00
472 5.0017349229864163e+02 6.9201246107241090e+00
473 4.9912453696350343e+02 6.9056118431704334e+00
474 4.9720487948380134e+02 6.8790525209072788e+00
475 4.9615379280128894e+02 6.8645102652067003e+00
476 4.9424116285686608e+02 6.8380481720462214e+00
477 4.9318797383230037e+02 6.8234768295003629e+00
478 4.9128232618384840e+02 6.7971113395364382e+00
479 4.9022706351119172e+02 6.7825113071391403e+00
480 4.8832835285515091e+02 6.7562417935767005e+00
481 4.8727104513328027e+02 6.7416134670062524e+00
482 4.8537922662506185e+02 6.7154393094002973e+00
483 4.8431990193456380e+02 6.7007830771642114e+00
484 4.8243493077045429e+02 6.6747036556352688e+00
485 4.8137361725465286e+02 6.6600199071090547e+00
486 4.7949544894136648e+02 6.6340346060725599e+00
487 4.7843217406715985e+02 6.6193237212730738e+00
488 4.7656076444611335e+02 6.5934319297752202e+00
489 4.7549555577815801e+02 6.5786942900718488e+00
490 4.7363086062850772e+02 6.5528953962974290e+00
491 4.7256374523988040e+02 6.5381313762583320e+00
492 4.7070572087826110e+02 6.5124247758283964e+00
493 4.6963672571609294e+02 6.4976347482792196e+00
494 4.6778532834148058e+02 6.4720198351869538e+00
495 4.6671448003225311e+02 6.4572041685170118e+00
496 4.6486966644005531e+02 6.4316803450075009e+00
497 4.6379699120421895e+02 6.4168394019884865e+00
498 4.6195871815812848e+02 6.3914060698680268e+00
499 4.6088424215466000e+02 6.3765402124211175e+00
500 4.5905246676172254e+02 6.3511967782464476e+00
501 4.5797621573743413e+02 6.3363063625903369e+00
502 4.5615089517982489e+02 6.3110522339576454e+00
503 4.5507289478209736e+02 6.2961376149353514e+00
504 4.5325398660034858e+02 6.2709722043988574e+00
505 4.5217426198717163e+02 6.2560337300824509e+00
506 4.5036172385005489e+02 6.2309564519706226e+00
507 4.4928030019223337e+02 6.2159944706094796e+00
508 4.4747408998371549e+02 6.1910047422281069e+00
509 4.4639099185380735e+02 6.1760195937945879e+00
510 4.4459106782809022e+02 6.1511168375718297e+00
511 4.4350631979908337e+02 6.1361088620442450e+00
512 4.4171264019141626e+02 6.1112925001460416e+00
513 4.4062626640850891e+02 6.0962620315840379e+00
514 4.3883878989428820e+02 6.0715314922659633e+00
515 4.3775081434654800e+02 6.0564788625690511e+00
516 4.3596949957353934e+02 6.0318335737043949e+00
517 4.3487994591747730e+02 6.0167591101710149e+00
518 4.3310475206457738e+02 5.9921985069815040e+00
519 4.3201364359211760e+02 5.9771025318658726e+00
520 4.3024452981023467e+02 5.9526260491859997e+00
521 4.2915188970292257e+02 5.9375088832151972e+00
522 4.2738881550327091e+02 5.9131159608644515e+00
523 4.2629466656217937e+02 5.8979779195015469e+00
524 4.2453759150006761e+02 5.8736679979094815e+00
525 4.2344195642651761e+02 5.8585093952374336e+00
526 4.2169084042021979e+02 5.8342819198553935e+00
527 4.2059374137978250e+02 5.8191030625448210e+00
528 4.1884854450753903e+02 5.7949574810373550e+00
529 4.1775000370055500e+02 5.7797586762399265e+00
530 4.1601068621657538e+02 5.7556944387061959e+00
531 4.1491072525689333e+02 5.7404759854592040e+00
532 4.1317724778805888e+02 5.7164925471544521e+00
533 4.1207588825628591e+02 5.7012547440352757e+00
534 4.1034821139269025e+02 5.6773515597057695e+00
535 4.0924547452870922e+02 5.6620947005777147e+00
536 4.0752355924122810e+02 5.6382712302380158e+00
537 4.0641946609091258e+02 5.6229956062801820e+00
538 4.0470327336869514e+02 5.5992513101976709e+00
539 4.0359784463662942e+02 5.5839572078672699e+00
540 4.0188733594857501e+02 5.5602915529468868e+00
541 4.0078059203972236e+02 5.5449792545557370e+00
542 3.9907572879845293e+02 5.5213917069237981e+00
543 3.9796768999657945e+02 5.5060614931069018e+00
544 3.9626843397237315e+02 5.4825515238380582e+00
545 3.9515912016075816e+02 5.4672036696895026e+00
546 3.9346543316929194e+02 5.4437707504865180e+00
547 3.9235486417503876e+02 5.4284055303231717e+00
548 3.9066670834780848e+02 5.4050491372583060e+00
549 3.8955490346161002e+02 5.3896668179755576e+00
550 3.8787224110981651e+02 5.3663864296073696e+00
551 3.8675921961491787e+02 5.3509872779975636e+00
552 3.8508201321583766e+02 5.3277823751823439e+00
553 3.8396779388062106e+02 5.3123666509144662e+00
554 3.8229600622975272e+02 5.2892367189112504e+00
555 3.8118060777594064e+02 5.2738046810087305e+00
556 3.7951420163602899e+02 5.2507492046233901e+00
557 3.7839764244553328e+02 5.2353011074082225e+00
558 3.7673658095651422e+02 5.2123195766652382e+00
559 3.7561887921177635e+02 5.1968556716996552e+00
560 3.7396312553043742e+02 5.1739475768566585e+00
561 3.7284429909023834e+02 5.1584681112249058e+00
562 3.7119381681106734e+02 5.1356329485953038e+00
563 3.7007388322523451e+02 5.1201381651071163e+00
564 3.6842863591481091e+02 5.0973754306181958e+00
565 3.6730761260823942e+02 5.0818655703548119e+00
566 3.6566756416447782e+02 5.0591747645180281e+00
567 3.6454546818844284e+02 5.0436500633914880e+00
568 3.6291058250976897e+02 5.0210306867253687e+00
569 3.6178743088598526e+02 5.0054913802387313e+00
570 3.6015767215628875e+02 4.9829429372113241e+00
571 3.5903348138555771e+02 4.9673892536605777e+00
572 3.5740881398403189e+02 4.9449112514420452e+00
573 3.5628360053903396e+02 4.9293434187341116e+00
574 3.5466398896034815e+02 4.9069353660922790e+00
575 3.5353776886652798e+02 4.8913536059463745e+00
576 3.5192317786924838e+02 4.8690150153001976e+00
577 3.5079596711207785e+02 4.8534195488824938e+00
578 3.4918636144308340e+02 4.8311499324892306e+00
579 3.4805817566460837e+02 4.8155409762144501e+00
580 3.4645352041655059e+02 4.7933398511152774e+00
581 3.4532437503474767e+02 4.7777176182980403e+00
582 3.4372463533277732e+02 4.7555845019837761e+00
583 3.4259454549187967e+02 4.7399492021513421e+00
584 3.4099968684160456e+02 4.7178836173765983e+00
585 3.3986866738066789e+02 4.7022354558339581e+00
586 3.3827865522827489e+02 4.6802369245312327e+00
587 3.3714672088797994e+02 4.6645761052223165e+00
588 3.3556152101828332e+02 4.6426441540091670e+00
589 3.3442868614233413e+02 4.6269708753855534e+00
590 3.3284826433945153e+02 4.6051050308699013e+00
591 3.3171454323853021e+02 4.5894194909262955e+00
592 3.3013886555192636e+02 4.5676192833872573e+00
593 3.2900427204088680e+02 4.5519216732583603e+00
594 3.2743330468295255e+02 4.5301866352292084e+00
595 3.2629785255471251e+02 4.5144771457462234e+00
596 3.2473156185197661e+02 4.4928068113393786e+00
597 3.2359526447150364e+02 4.4770856274126274e+00
598 3.2203361696058329e+02 4.4554795336471802e+00
599 3.2089648764774751e+02 4.4397468395630391e+00
600 3.1933944989423532e+02 4.4182045238589662e+00
601 3.1820150162066489e+02 4.4024604990857297e+00
602 3.1664904046803770e+02 4.3809815027076615e+00
603 3.1551028603026009e+02 4.3652263242910267e+00
604 3.1396236836387101e+02 4.3438101890829701e+00
605 3.1282282025278937e+02 4.3280440298401857e+00
606 3.1127941325233940e+02 4.3066903017185822e+00
607 3.1013908376479594e+02 4.2909133317819750e+00
608 3.0860015458912108e+02 4.2696215563745916e+00
609 3.0745905582905857e+02 4.2538339432076384e+00
610 3.0592457186915772e+02 4.2326036693543188e+00
611 3.0478271566469317e+02 4.2168055766043233e+00
612 3.0325264440586756e+02 4.1956363544496256e+00
613 3.0211004241093411e+02 4.1798279433539811e+00
614 3.0058435149675392e+02 4.1587193252321857e+00
615 2.9944101505368229e+02 4.1429007527171242e+00
616 2.9791967231202619e+02 4.1218522935125028e+00
617 2.9677561256681724e+02 4.1060237137879456e+00
618 2.9525858591081715e+02 4.0850349695642860e+00
619 2.9411381378708722e+02 4.0691965337633658e+00
620 2.9260107129470447e+02 4.0482670628649444e+00
621 2.9145559747522077e+02 4.0324189187885358e+00
622 2.8994710732936426e+02 4.0115482810116267e+00
623 2.8880094231098633e+02 3.9956905738884907e+00
624 2.8729667280820763e+02 3.9748783306016651e+00
625 2.8614982682787303e+02 3.9590112020644237e+00
626 2.8464974646037268e+02 3.9382569173431432e+00
627 2.8350222952081333e+02 3.9223805057840795e+00
628 2.8200630683708374e+02 3.9016837444826296e+00
629 2.8085812874009690e+02 3.8857981855140049e+00
630 2.7936633247400340e+02 3.8651585150513883e+00
631 2.7821750279062860e+02 3.8492639410928278e+00
632 2.7672980171826543e+02 3.8286809294723039e+00
633 2.7558032984177044e+02 3.8127774704838795e+00
634 2.7409669290677766e+02 3.7922506880267783e+00
635 2.7294658794426135e+02 3.7763384700092892e+00
636 2.7146698421012837e+02 3.7558674886951104e+00
637 2.7031625510310676e+02 3.7399466353584403e+00
638 2.6884065372419178e+02 3.7195310284238947e+00
639 2.6768930914313165e+02 3.7036016597278407e+00
640 2.6621767944955462e+02 3.6832410028413811e+00
641 2.6506572786715498e+02 3.6673032360095341e+00
642 2.6359803921391193e+02 3.6469971051837859e+00
643 2.6244548892437939e+02 3.6310510549702149e+00
644 2.6098171084324866e+02 3.6107990286636644e+00
645 2.5982856986238755e+02 3.5948448059706175e+00
646 2.5836867193568719e+02 3.5746464633409922e+00
647 2.5721494814053307e+02 3.5586841771507896e+00
648 2.5575890009983991e+02 3.5385390994208779e+00
649 2.5460460106072910e+02 3.5225688544725182e+00
650 2.5315237275096214e+02 3.5024766244332497e+00
651 2.5199750587469606e+02 3.4864985232031525e+00
652 2.5054906722071496e+02 3.4664587247514702e+00
653 2.4939363967486003e+02 3.4504728664061322e+00
654 2.4794896071211238e+02 3.4304850849690136e+00
655 2.4679297949525778e+02 3.4144915663370550e+00
656 2.4535203033356350e+02 3.3945553883704522e+00
657 2.4419550217046353e+02 3.3785543024918647e+00
658 2.4275825307002813e+02 3.3586693165323815e+00
659 2.4160118452540829e+02 3.3426607542330871e+00
660 2.4016760577140832e+02 3.3228265491628131e+00
661 2.3901000314686550e+02 3.3068105976282309e+00
662 2.3758006522257247e+02 3.2870267650699883e+00
663 2.3642193463655869e+02 3.2710035089516469e+00
664 2.3499560798097357e+02 3.2512696399157544e+00
665 2.3383695536139263e+02 3.2352391612288618e+00
666 2.3241421062392769e+02 3.2155548496367738e+00
667 2.3125504164447074e+02 3.1995172268793914e+00
668 2.2983584944915359e+02 3.1798820663013538e+00
669 2.2867616966413914e+02 3.1638373763199699e+00
670 2.2726050079632154e+02 3.1442509625582202e+00
671 2.2610031540719640e+02 3.1281992773171847e+00
672 2.2468814073892725e+02 3.1086612073734545e+00
673 2.2352745487758901e+02 3.0926025978748721e+00
674 2.2211874531360831e+02 3.0731124692031897e+00
675 2.2095756378212087e+02 3.0570470018857678e+00
676 2.1955229038096817e+02 3.0376044140680465e+00
677 2.1839061787071748e+02 3.0215321538392144e+00
678 2.1698875167274628e+02 3.0021367062057549e+00
679 2.1582659261240701e+02 2.9860577143382137e+00
680 2.1442810482483250e+02 2.9667090085279240e+00
681 2.1326546346756820e+02 2.9506233438660980e+00
682 2.1187032529169861e+02 2.9313209814361607e+00
683 2.1070720564742095e+02 2.9152286994589769e+00
684 2.0931538844755690e+02 2.8959722842216462e+00
685 2.0815179435450725e+02 2.8798734380328956e+00
686 2.0676326944777281e+02 2.8606625731477187e+00
687 2.0559920454575550e+02 2.8445572131057264e+00
688 2.0421394342985701e+02 2.8253915042306859e+00
689 2.0304941108806005e+02 2.8092796769496799e+00
690 2.0166738525344132e+02 2.7901587296422776e+00
691 2.0050238874109903e+02 2.7740404803535808e+00
692 1.9912356975976431e+02 2.7549639012997451e+00
693 1.9795811203223249e+02 2.7388392708920306e+00
694 1.9658247157550827e+02 2.7198066681518576e+00
695 1.9541655545260468e+02 2.7036756956385686e+00
696 1.9404406522606914e+02 2.6846866777460412e+00
697 1.9287769333587596e+02 2.6685493994878735e+00
698 1.9150832525593256e+02 2.6496035778938367e+00
699 1.9034150044264388e+02 2.6334600332414917e+00
700 1.8897522750941900e+02 2.6145570343905837e+00
701 1.8780795528146299e+02 2.5984072995556358e+00
702 1.8644475834203351e+02 2.5795468584585746e+00
703 1.8527706406205579e+02 2.5633912843446014e+00
704 1.8391697428858180e+02 2.5445738322822042e+00
705 1.8274900619071227e+02 2.5284144697748809e+00
706 1.8139234607597388e+02 2.5096444685794088e+00
707 1.8022492187736384e+02 2.4934926311622982e+00
708 1.7887350100053504e+02 2.4747951171732812e+00
709 1.7771064023524841e+02 2.4587064169030541e+00
710 1.7637290606479226e+02 2.4401982646356548e+00
711 1.7523193115558641e+02 2.4244123650008542e+00
712 1.7394189866295599e+02 2.4065641868419938e+00
713 1.7288744054526808e+02 2.3919752858235586e+00
714 1.7176261176787111e+02 2.3764127751644213e+00
715 1.7100033067267069e+02 2.3658662743034031e+00
716 1.7038368987011040e+02 2.3573347722156708e+00
717 1.7046154954732049e+02 2.3584119957725780e+00
718 1.7118245450420366e+02 2.3683860392013760e+00
719 1.7329606918112287e+02 2.3976288462844093e+00
720 1.7697318182966330e+02 2.4485033490866819e+00
721 1.8318501404474310e+02 2.5344468339997053e+00
722 1.9222031551615086e+02 2.6594542824957328e+00
723 2.0500909445271887e+02 2.8363927752841773e+00
724 2.2133038988609349e+02 3.0622052182593791e+00
725 2.4098495920393052e+02 3.3341350005124890e+00
726 2.6149492964944500e+02 3.6178996410434290e+00
727 2.7961444570759249e+02 3.8685912729252925e+00
728 2.8993145354082526e+02 4.0113317038259355e+00
729 2.8919292285386331e+02 4.0011138005157596e+00
730 2.7684028456298245e+02 3.8302095091842658e+00
731 2.5804592577543758e+02 3.5701811254513416e+00
732 2.3927389810328029e+02 3.3104617027160663e+00
733 2.2720072195971355e+02 3.1434238955409133e+00
734 2.2485735948835992e+02 3.1110024246722032e+00
735 2.3276040053696471e+02 3.2203445423615564e+00
736 2.4648145366768910e+02 3.4101814667827446e+00
737 2.5856469445683456e+02 3.5773585228438138e+00
738 2.6024233697206267e+02 3.6005694595215525e+00
739 2.5021722409353615e+02 3.4618675262440561e+00
740 2.3497745503543567e+02 3.2510184857720259e+00
741 2.2477896540966279e+02 3.1099178074310259e+00
742 2.2495805692226000e+02 3.1123956188364246e+00
743 2.3489211901390061e+02 3.2498378236379888e+00
744 2.4612620007616505e+02 3.4052663740007265e+00
745 2.4866702612835547e+02 3.4404198420794261e+00
746 2.3914328964191694e+02 3.3086546760707805e+00
747 2.2642790342558311e+02 3.1327316044858997e+00
748 2.2081328693903029e+02 3.0550508670485530e+00
749 2.2648801622245816e+02 3.1335632919932936e+00
750 2.3708693239883695e+02 3.2802040512668134e+00
751 2.4134343708769626e+02 3.3390947028238749e+00
752 2.3346302929073005e+02 3.2300657263227222e+00
753 2.2206205070697405e+02 3.0723280738909509e+00
754 2.1825006920042409e+02 3.0195875999448605e+00
755 2.2526678056032213e+02 3.1166669488420347e+00
756 2.3415178641913039e+02 3.2395949901250694e+00
757 2.3355674929434488e+02 3.2313623846093331e+00
758 2.2322789020897685e+02 3.0884579863197104e+00
759 2.1572056360281300e+02 2.9845907554328739e+00
760 2.1873649434141296e+02 3.0263175099486124e+00
761 2.2783921103543227e+02 3.1522576782874840e+00
762 2.2979596556475516e+02 3.1793302548714268e+00
763 2.2130581276299662e+02 3.0618651827376611e+00
764 2.1321713975225620e+02 2.9499547635899317e+00
765 2.1561186150420991e+02 2.9830868131421231e+00
766 2.2389458152378023e+02 3.0976819596936780e+00
767 2.2537816575408465e+02 3.1182080129577758e+00
768 2.1668758159392573e+02 2.9979698830802795e+00
769 2.1036954827685742e+02 2.9105570582864497e+00
770 2.1427307728215649e+02 2.9645641329398917e+00
771 2.2175006115689359e+02 3.0680115585276950e+00
772 2.1975400321780003e+02 3.0403952016406626e+00
773 2.1091216133136845e+02 2.9180643532759647e+00
774 2.0816624418044259e+02 2.8800733578559483e+00
775 2.1485853400322071e+02 2.9726641892730075e+00
776 2.1880735799711022e+02 3.0272979404099365e+00
777 2.1249541304415084e+02 2.9399693508643914e+00
778 2.0565795191437999e+02 2.8453700093008334e+00
779 2.0880235655313265e+02 2.8888742578500852e+00
780 2.1523449222356794e+02 2.9778657398815223e+00
781 2.1271919328100617e+02 2.9430654508143093e+00
782 2.0467097589527276e+02 2.8317147533842717e+00
783 2.0452582299813736e+02 2.8297064979464066e+00
784 2.1109726592676159e+02 2.9206253583789170e+00
785 2.1144690839225194e+02 2.9254628187154781e+00
786 2.0371755835648997e+02 2.8185237940951149e+00
787 2.0151748077649384e+02 2.7880847339664681e+00
788 2.0744490030912996e+02 2.8700932418491507e+00
789 2.0930222561115957e+02 2.8957901704761109e+00
790 2.0221529242282094e+02 2.7977392710855900e+00
791 1.9914803880781952e+02 2.7553024415547869e+00
792 2.0453374102328348e+02 2.8298160473758061e+00
793 2.0678940181616093e+02 2.8610241261856215e+00
794 2.0008687221298135e+02 2.7682916228138192e+00
795 1.9708162632272948e+02 2.7267126979674936e+00
796 2.0230160909162689e+02 2.7989335009144733e+00
797 2.0409142495634404e+02 2.8236964061959440e+00
798 1.9744099262416432e+02 2.7316846919358171e+00
799 1.9527427121105379e+02 2.7017071293374046e+00
800 2.0058645248954872e+02 2.7752035400188237e+00
801 2.0113790503555796e+02 2.7828331333380287e+00
802 1.9447587329536000e+02 2.6906609360652420e+00
803 1.9386618116186577e+02 2.6822255719307524e+00
804 1.9912921824487248e+02 2.7550420506247542e+00
805 1.9774636983631964e+02 2.7359097226380213e+00
806 1.9151877695241359e+02 2.6497481818025923e+00
807 1.9302883926567083e+02 2.6706405712206602e+00
808 1.9749764928580169e+02 2.7324685622620040e+00
809 1.9382743208801355e+02 2.6816894611137334e+00
810 1.8906495636846572e+02 2.6157984734019313e+00
811 1.9273608972610290e+02 2.6665902500326424e+00
812 1.9509960314161256e+02 2.6992905182521332e+00
813 1.8964585715693462e+02 2.6238354963641006e+00
814 1.8766189945028387e+02 2.5963865516202791e+00
815 1.9249059524192904e+02 2.6631937237314962e+00
816 1.9147549966978460e+02 2.6491494211860913e+00
817 1.8597753774930766e+02 2.5730826519939329e+00
818 1.8752118522391291e+02 2.5944397071833349e+00
819 1.9125910368548728e+02 2.6461554856824008e+00
820 1.8687288076204487e+02 2.5854701241668550e+00
821 1.8385952205799970e+02 2.5437789549028271e+00
822 1.8795278362453143e+02 2.6004110646424103e+00
823 1.8807096737476988e+02 2.6020461898363791e+00
824 1.8260339886100854e+02 2.5263999270586051e+00
825 1.8375403988534904e+02 2.5423195617318739e+00
826 1.8722812235413042e+02 2.5903850509312591e+00
827 1.8326005477614189e+02 2.5354850561769200e+00
828 1.8041173202191806e+02 2.4960772333028904e+00
829 1.8449883380389855e+02 2.5526241196603352e+00
830 1.8385432651893314e+02 2.5437070722894659e+00
831 1.7899595061306718e+02 2.4764892624854666e+00
832 1.8077088144239590e+02 2.5010462266258955e+00
833 1.8342789125700148e+02 2.5378071491699656e+00
834 1.7878967551783643e+02 2.4736353540215741e+00
835 1.7761587325333915e+02 2.4573952732021347e+00
836 1.8142430040837979e+02 2.5100865711008464e+00
837 1.7914833003344023e+02 2.4785975001136653e+00
838 1.7538063992950475e+02 2.4264698175889423e+00
839 1.7865255655543555e+02 2.4717382516742537e+00
840 1.7896051214647954e+02 2.4759989554048727e+00
841 1.7433117028434961e+02 2.4119499343254969e+00
842 1.7555548339047158e+02 2.4288888552946397e+00
843 1.7811079613188676e+02 2.4642427532165350e+00
844 1.7380497447320818e+02 2.4046697792616905e+00
845 1.7295277232843134e+02 2.3928791803471423e+00
846 1.7634168433999272e+02 2.4397662980690509e+00
847 1.7361837352009493e+02 2.4020880713785133e+00
848 1.7079234650829815e+02 2.3629887201013582e+00
849 1.7420285853403348e+02 2.4101746837077020e+00
850 1.7314488368971539e+02 2.3955371271989674e+00
851 1.6932446592292712e+02 2.3426799338085309e+00
852 1.7173563967723570e+02 2.3760396041925831e+00
853 1.7247239790384927e+02 2.3862329847188302e+00
854 1.6813431390239404e+02 2.3262136467809160e+00
855 1.6945412394287129e+02 2.3444738106704777e+00
856 1.7130154095310536e+02 2.3700336536362414e+00
857 1.6730464531842117e+02 2.3147348097871570e+00
858 1.6722740230078401e+02 2.3136661179920344e+00
859 1.6996228612844936e+02 2.3515044624359223e+00
860 1.6642340749923420e+02 2.3025424892936606e+00
861 1.6535885894822047e+02 2.2878139826042609e+00
862 1.6829402631505585e+02 2.3284233396465250e+00
863 1.6564183761326780e+02 2.2917291193607179e+00
864 1.6357642135547914e+02 2.2631531590249812e+00
865 1.6665529782015790e+02 2.3057507958943120e+00
866 1.6465060802877710e+02 2.2780150134592074e+00
867 1.6208749135296091e+02 2.2425531446045448e+00
868 1.6486862365851215e+02 2.2810313574839949e+00
869 1.6368058035864513e+02 2.2645942455526273e+00
870 1.6059411045852985e+02 2.2218915500981189e+00
871 1.6323722591250038e+02 2.2584602379307115e+00
872 1.6248828225220069e+02 2.2480982664638365e+00
873 1.5929449021690530e+02 2.2039107211314941e+00
874 1.6154288028069465e+02 2.2350182061432071e+00
875 1.6133284222658381e+02 2.2321122354553942e+00
876 1.5791387600683049e+02 2.1848093042828189e+00
877 1.6004275074500868e+02 2.2142632411580250e+00
878 1.5999069081044419e+02 2.2135429686126793e+00
879 1.5666492737105565e+02 2.1675295397110581e+00
880 1.5850011888784445e+02 2.1929202374914589e+00
881 1.5871506813432674e+02 2.1958941567285675e+00
882 1.5530103520220081e+02 2.1486594798030634e+00
883 1.5714936442172237e+02 2.1742319435934769e+00
884 1.5728203544082996e+02 2.1760675066502815e+00
885 1.5404669301126819e+02 2.1313050929765027e+00
886 1.5575257001759621e+02 2.1549066665027357e+00
887 1.5592865048130238e+02 2.1573428186961694e+00
888 1.5267704426347069e+02 2.1123553882168156e+00
889 1.5453289826643135e+02 2.1380319607612295e+00
890 1.5442814294402007e+02 2.1365826238893550e+00
891 1.5142260127024286e+02 2.0949996067452874e+00
892 1.5325569143987994e+02 2.1203612314453184e+00
893 1.5300338934487681e+02 2.1168705187949048e+00
894 1.5007509886678042e+02 2.0763563065928623e+00
895 1.5213346126266191e+02 2.1048346735852173e+00
896 1.5143035433149680e+02 2.0951068738252467e+00
897 1.4886723958849279e+02 2.0596450317119075e+00
898 1.5093118518382920e+02 2.0882006447729755e+00
899 1.4992560935628575e+02 2.0742880521640537e+00
900 1.4760286680779583e+02 2.0421518671768975e+00
901 1.4984612523531629e+02 2.0731883536991176e+00
902 1.4827807840621168e+02 2.0514937224962795e+00
903 1.4651143729019321e+02 2.0270514502577157e+00
904 1.4863807189902761e+02 2.0564743939386769e+00
905 1.4670964048519525e+02 2.0297936803614229e+00
906 1.4539955510472390e+02 2.0116680615048832e+00
907 1.4748729445444732e+02 2.0405528718302013e+00
908 1.4503411257799698e+02 2.0066120002342509e+00
909 1.4448076502820692e+02 1.9989561886877649e+00
910 1.4615238077740622e+02 2.0220837423542859e+00
911 1.4348843696859166e+02 1.9852268848902028e+00
912 1.4354621071210062e+02 1.9860262105451323e+00
913 1.4480903271964524e+02 2.0034979194380056e+00
914 1.4191510763652053e+02 1.9634591678894411e+00
915 1.4277345953323331e+02 1.9753348513803950e+00
916 1.4323803333510980e+02 1.9817624383064605e+00
917 1.4056047189526856e+02 1.9447171748091538e+00
918 1.4191836219204768e+02 1.9635041961249375e+00
919 1.4164257367732293e+02 1.9596885383232197e+00
920 1.3927531106785102e+02 1.9269363983236205e+00
921 1.4111185731503059e+02 1.9523458394066200e+00
922 1.3986215059777146e+02 1.9350555864374990e+00
923 1.3828066637797434e+02 1.9131750429073044e+00
924 1.4008226518375844e+02 1.9381009704634848e+00
925 1.3815608594969996e+02 1.9114514168035817e+00
926 1.3738516799972624e+02 1.9007854211828525e+00
927 1.3894962492325931e+02 1.9224303844319142e+00
928 1.3643029185876020e+02 1.8875742814782579e+00
929 1.3673023781344151e+02 1.8917241682972057e+00
930 1.3748424641365742e+02 1.9021562154796188e+00
931 1.3497338052152463e+02 1.8674172596534646e+00
932 1.3603545990620768e+02 1.8821116043191741e+00
933 1.3588660532558944e+02 1.8800521344299936e+00
934 1.3368907178657236e+02 1.8496482722493808e+00
935 1.3535070729867149e+02 1.8726377448591462e+00
936 1.3405859396598530e+02 1.8547607773447869e+00
937 1.3279267664174290e+02 1.8372462433570456e+00
938 1.3435417953745190e+02 1.8588503363061797e+00
939 1.3232506515815768e+02 1.8307766287420368e+00
940 1.3206473157063652e+02 1.8271747967902396e+00
941 1.3312750710931186e+02 1.8418787730586812e+00
942 1.3068293684348018e+02 1.8080570469582391e+00
943 1.3154899559466432e+02 1.8200393582375900e+00
944 1.3149241544928074e+02 1.8192565465480943e+00
945 1.2944969468663507e+02 1.7909945885673599e+00
946 1.3087156304089018e+02 1.8106667750046523e+00
947 1.2974101416369052e+02 1.7950251241990862e+00
948 1.2851177223338928e+02 1.7780180107366788e+00
949 1.2999757170055224e+02 1.7985747127963234e+00
950 1.2792080611932349e+02 1.7698417294802364e+00
951 1.2796161220677064e+02 1.7704063000029817e+00
952 1.2863652358533807e+02 1.7797440016461019e+00
953 1.2643973166971654e+02 1.7493504001578097e+00
954 1.2742232524664279e+02 1.7629450230211239e+00
955 1.2699872973342819e+02 1.7570843890988479e+00
956 1.2529882133608848e+02 1.7335653939550921e+00
957 1.2677557754515038e+02 1.7539969784827008e+00
958 1.2513961739494104e+02 1.7313627360209511e+00
959 1.2465948592378814e+02 1.7247199017623043e+00
960 1.2562954555626833e+02 1.7381411118823080e+00
961 1.2353136033341872e+02 1.7091117782169609e+00
962 1.2416368591050166e+02 1.7178602861953671e+00
963 1.2410776703515772e+02 1.7170866234734719e+00
964 1.2227422543802068e+02 1.6917187530714985e+00
965 1.2363283430288791e+02 1.7105157160990836e+00
966 1.2226322534555301e+02 1.6915665618582938e+00
967 1.2158609720010510e+02 1.6821981902510870e+00
968 1.2259882188250214e+02 1.6962096904734119e+00
969 1.2061847400292793e+02 1.6688106893063244e+00
970 1.2111553317863097e+02 1.6756877259500718e+00
971 1.2112817060154497e+02 1.6758625703643997e+00
972 1.1934837014501487e+02 1.6512382327474471e+00
973 1.2062428295793082e+02 1.6688910588043027e+00
974 1.1929777631040763e+02 1.6505382443526053e+00
975 1.1868899552736333e+02 1.6421154891603624e+00
976 1.1959521798926751e+02 1.6546534833923112e+00
977 1.1768471975372505e+02 1.6282208833803369e+00
978 1.1825473162875184e+02 1.6361072533409877e+00
979 1.1809338156523509e+02 1.6338749028412587e+00
980 1.1650523225050173e+02 1.6119021447331001e+00
981 1.1773487082798563e+02 1.6289147459871893e+00
982 1.1627175662423841e+02 1.6086719047220113e+00
983 1.1595112542501573e+02 1.6042358282668001e+00
984 1.1660418813668383e+02 1.6132712438035000e+00
985 1.1476720412985188e+02 1.5878557461193599e+00
986 1.1554512906089155e+02 1.5986186864660052e+00
987 1.1500798526904013e+02 1.5911870611785355e+00
988 1.1378003135658859e+02 1.5741977680207981e+00
989 1.1490411877194018e+02 1.5897500216035114e+00
990 1.1323118077157720e+02 1.5666041739990664e+00
991 1.1337115141882508e+02 1.5685407306853225e+00
992 1.1357446242640216e+02 1.5713536296670327e+00
993 1.1194255500997991e+02 1.5487754585950160e+00
994 1.1292328286131256e+02 1.5623442683079014e+00
995 1.1188254254223145e+02 1.5479451591860891e+00
996 1.1122601915327355e+02 1.5388618636268536e+00
997 1.1203643858984067e+02 1.5500743800323586e+00
998 1.1026127745704517e+02 1.5255142295401685e+00
999 1.1091790646687470e+02 1.5345989864115375e+00
1000 1.1046280985445301e+02 1.5283025206524201e+00
1001 1.0931071052033442e+02 1.5123627096092700e+00
1002 1.1027517390571094e+02 1.5257064931404878e+00
1003 1.0878448925429601e+02 1.5050822023655461e+00
1004 1.0885948747584023e+02 1.5061198363998560e+00
1005 1.0903476375632978e+02 1.5085448623577846e+00
1006 1.0749465632141590e+02 1.4872367852053407e+00
1007 1.0847935700442588e+02 1.5008605608264318e+00
1008 1.0730337525838533e+02 1.4845903259022697e+00
1009 1.0694014043432455e+02 1.4795648091882527e+00
1010 1.0745349093440906e+02 1.4866672436120292e+00
1011 1.0586961812888092e+02 1.4647536529268841e+00
1012 1.0658452939160648e+02 1.4746447709086365e+00
1013 1.0588749890076666e+02 1.4650010414260559e+00
1014 1.0505676281644674e+02 1.4535074350861854e+00
1015 1.0586018802096693e+02 1.4646231831541709e+00
1016 1.0426777047387687e+02 1.4425913721369104e+00
1017 1.0476413690183921e+02 1.4494588243049444e+00
1018 1.0438549268668437e+02 1.4442201117535067e+00
1019 1.0332813331373852e+02 1.4295910705672665e+00
1020 1.0416156061631467e+02 1.4411219111188147e+00
1021 1.0277119772654225e+02 1.4218856169139096e+00
1022 1.0292598593806686e+02 1.4240271812481142e+00
1023 1.0290964290085569e+02 1.4238010679978912e+00
1024 1.0161856209274684e+02 1.4059383859241819e+00
1025 1.0250653120322710e+02 1.4182238368519335e+00
1026 1.0123540928552158e+02 1.4006372949791934e+00
1027 1.0120112862843662e+02 1.4001630067123858e+00
1028 1.0134790864773392e+02 1.4021937741151800e+00
1029 1.0002457385134016e+02 1.3838848436465414e+00
1030 1.0080163416476282e+02 1.3946358216206447e+00
1031 9.9759222374929152e+01 1.3802135869512595e+00
1032 9.9476337742389063e+01 1.3762997511767170e+00
1033 9.9824910009251028e+01 1.3811224048352342e+00
1034 9.8415943646441733e+01 1.3616287232365754e+00
1035 9.9176274849833320e+01 1.3721482464698258e+00
1036 9.8223443664632683e+01 1.3589653996454774e+00
1037 9.7860258387291651e+01 1.3539405684325516e+00
1038 9.8239885301539360e+01 1.3591928770667130e+00
1039 9.6890005893277831e+01 1.3405166899867251e+00
1040 9.7528407905329445e+01 1.3493492681684101e+00
1041 9.6735239404078101e+01 1.3383754261906282e+00
1042 9.6238252612951385e+01 1.3314993910199613e+00
1043 9.6710481148417486e+01 1.3380328846186464e+00
1044 9.5331235861416857e+01 1.3189504074347107e+00
1045 9.5970266063340006e+01 1.3277916769050329e+00
1046 9.5188996458248127e+01 1.3169824614926755e+00
1047 9.4711811922739770e+01 1.3103803994104717e+00
1048 9.5136346944094711e+01 1.3162540318492706e+00
1049 9.3840100825676060e+01 1.2983198853906082e+00
1050 9.4397115392329326e+01 1.3060264317601780e+00
1051 9.3690569574822035e+01 1.2962510534652061e+00
1052 9.3173529274218623e+01 1.2890975689962501e+00
1053 9.3623850566741083e+01 1.2953279660626684e+00
1054 9.2313655909940294e+01 1.2772008353190967e+00
1055 9.2910319008047423e+01 1.2854559369050416e+00
1056 9.2141117204093376e+01 1.2748136849342442e+00
1057 9.1722434258236802e+01 1.2690210185848196e+00
1058 9.2072298831825236e+01 1.2738615518865408e+00
1059 9.0852976764911190e+01 1.2569916841834903e+00
1060 9.1406571089567336e+01 1.2646509099709353e+00
1061 9.0641934313982617e+01 1.2540718172151977e+00
1062 9.0258967793724551e+01 1.2487733036339563e+00
1063 9.0578291629405498e+01 1.2531912921281709e+00
1064 8.9364770954809018e+01 1.2364016892899552e+00
1065 8.9978991499723818e+01 1.2448997060275944e+00
1066 8.9100021573278070e+01 1.2327387628473991e+00
1067 8.8878864190171072e+01 1.2296789512555280e+00
1068 8.9043009894681646e+01 1.2319499807023464e+00
1069 8.7948837799105959e+01 1.2168116189867682e+00
1070 8.8526218461405819e+01 1.2247999394244928e+00
1071 8.7613387784367617e+01 1.2121705175721562e+00
1072 8.7487401998241197e+01 1.2104274477121999e+00
1073 8.7556548919188330e+01 1.2113841263782423e+00
1074 8.6519279043126303e+01 1.1970330323922105e+00
1075 8.7133272057131464e+01 1.2055279011376594e+00
1076 8.6096880827093898e+01 1.1911889636134785e+00
1077 8.6173592472489531e+01 1.1922503036353014e+00
1078 8.6025737332712396e+01 1.1902046614584407e+00
1079 8.5172481330277492e+01 1.1783994819505024e+00
1080 8.5700576235163169e+01 1.1857059118280686e+00
1081 8.4647842597654872e+01 1.1711408697664063e+00
1082 8.4842859789950268e+01 1.1738390200936368e+00
1083 8.4539241810841034e+01 1.1696383291697012e+00
1084 8.3826050555957679e+01 1.1597710082679276e+00
1085 8.4306484923405662e+01 1.1664180332326759e+00
1086 8.3190352111719250e+01 1.1509758351595798e+00
1087 8.3573292531185587e+01 1.1562739876246604e+00
1088 8.3015117710183944e+01 1.1485513886157674e+00
1089 8.2567973931305559e+01 1.1423649538758374e+00
1090 8.2856668767822796e+01 1.1463591764284773e+00
1091 8.1820954236376849e+01 1.1320296013328337e+00
1092 8.2266946378944866e+01 1.1382001026678619e+00
1093 8.1546624257704423e+01 1.1282341230316026e+00
1094 8.1311947194430218e+01 1.1249872606005831e+00
1095 8.1429643063416236e+01 1.1266156357385930e+00
1096 8.0468966146566657e+01 1.1133242396978049e+00
1097 8.0990634203058818e+01 1.1205417512451872e+00
1098 8.0067206053502659e+01 1.1077657086072388e+00
1099 8.0129738877412535e+01 1.1086308782741241e+00
1100 7.9945952043723508e+01 1.1060881049954092e+00
1101 7.9222558019520108e+01 1.0960796242038047e+00
1102 7.9647425652343898e+01 1.1019578584714627e+00
1103 7.8675596745468027e+01 1.0885121696466149e+00
1104 7.8923822679825491e+01 1.0919464867861994e+00
1105 7.8495621652498045e+01 1.0860221335104430e+00
1106 7.8003665190854676e+01 1.0792156952044516e+00
1107 7.8303958851991553e+01 1.0833703926981704e+00
1108 7.7314701317595905e+01 1.0696835709942563e+00
1109 7.7747289614221401e+01 1.0756686241085902e+00
1110 7.7023223003812276e+01 1.0656508377851519e+00
1111 7.6877545942142731e+01 1.0636353302958514e+00
1112 7.6882019288658583e+01 1.0636972210513460e+00
1113 7.6075408293383816e+01 1.0525373961393356e+00
1114 7.6497516040089934e+01 1.0583774461446531e+00
1115 7.5633022201072208e+01 1.0464167861270406e+00
1116 7.5744809691710785e+01 1.0479634162005056e+00
1117 7.5469239783823795e+01 1.0441507829224408e+00
1118 7.4888089921454736e+01 1.0361103139111445e+00
1119 7.5227332502493070e+01 1.0408038871816112e+00
1120 7.4284065653189941e+01 1.0277533672343340e+00
1121 7.4642320852251757e+01 1.0327099886029596e+00
1122 7.4023562665858904e+01 1.0241491915601855e+00
1123 7.3810376585718913e+01 1.0211996665202625e+00
1124 7.3859725229916208e+01 1.0218824271472724e+00
1125 7.3071348675784009e+01 1.0109748839072348e+00
1126 7.3459405354183673e+01 1.0163438221094736e+00
1127 7.2657952687479238e+01 1.0052553649869191e+00
1128 7.2737386194022235e+01 1.0063543631785627e+00
1129 7.2483060760452517e+01 1.0028356567315444e+00
1130 7.1931277171035916e+01 9.9520148327831470e-01
1131 7.2236062741006663e+01 9.9941832834552358e-01
1132 7.1348451482659954e+01 9.8713782846254816e-01
1133 7.1687027162548290e+01 9.9182217485647695e-01
1134 7.1072824163042185e+01 9.8332440086743689e-01
1135 7.0909079330234363e+01 9.8105891766043041e-01
1136 7.0901190171901106e+01 9.8094976761633479e-01
1137 7.0191409130030820e+01 9.7112962854119311e-01
1138 7.0540665659440734e+01 9.7596174927897617e-01
1139 6.9753435889489396e+01 9.6507007231245223e-01
1140 6.9888140609449565e+01 9.6693377253273605e-01
1141 6.9551967057085193e+01 9.6228266065053691e-01
1142 6.9121157092597443e+01 9.5632221155897090e-01
1143 6.9332282870401642e+01 9.5924323139196266e-01
1144 6.8514722610368281e+01 9.4793191849090064e-01
1145 6.8865558633489485e+01 9.5278589223263588e-01
1146 6.8187612640559749e+01 9.4340620533868569e-01
1147 6.8160632256025480e+01 9.4303291961703672e-01
1148 6.8008669429204403e+01 9.4093044574748619e-01
1149 6.7444391226864340e+01 9.3312340372020275e-01
1150 6.7720929825910474e+01 9.3694943927494523e-01
1151 6.6943311354442343e+01 9.2619073893392978e-01
1152 6.7174575937924672e+01 9.2939038817641573e-01
1153 6.6688123965211872e+01 9.2266010694372858e-01
1154 6.6459316239949885e+01 9.1949444943670522e-01
1155 6.6498450230656971e+01 9.2003588575105966e-01
1156 6.5810730553316887e+01 9.1052097554946343e-01
1157 6.6144042945201136e+01 9.1513250199309260e-01
1158 6.5396483087455678e+01 9.0478967605523786e-01
1159 6.5548092035537138e+01 9.0688725385369917e-01
1160 6.5181313363060895e+01 9.0181270640731814e-01
1161 6.4849061832888694e+01 8.9721585746130772e-01
1162 6.4965657739524374e+01 8.9882901412683025e-01
1163 6.4267750101197521e+01 8.8917314891533605e-01
1164 6.4557854576359276e+01 8.9318687445089362e-01
1165 6.3917612005554361e+01 8.8432883131330375e-01
1166 6.3938572913636705e+01 8.8461883487830106e-01
1167 6.3720021097902205e+01 8.8159507247971369e-01
1168 6.3269722089148964e+01 8.7536498371923732e-01
1169 6.3475520650153371e+01 8.7821229911836662e-01
1170 6.2747301326717057e+01 8.6813705814756448e-01
1171 6.3031077683676742e+01 8.7206323132942076e-01
1172 6.2441430555449294e+01 8.6390519883366179e-01
1173 6.2407060923847688e+01 8.6342967956450833e-01
1174 6.2248864901393596e+01 8.6124096663757543e-01
1175 6.1771801871698955e+01 8.5464058564280376e-01
1176 6.1980582864999676e+01 8.5752916433047466e-01
1177 6.1295511757173131e+01 8.4805089827607139e-01
1178 6.1516081654524619e+01 8.5110258173900788e-01
1179 6.1017688915388341e+01 8.4420709464701327e-01
1180 6.0899767639905868e+01 8.4257560090902239e-01
1181 6.0824288769979077e+01 8.4153131688875260e-01
1182 6.0296453115427511e+01 8.3422847385584142e-01
1183 6.0540524670253220e+01 8.3760531329122401e-01
1184 5.9853966865521514e+01 8.2810647811830396e-01
1185 6.0069761174535678e+01 8.3109208917458022e-01
1186 5.9592773897218571e+01 8.2449275624792928e-01
1187 5.9467877876645552e+01 8.2276476378320107e-01
1188 5.9397547312001478e+01 8.2179170887570718e-01
1189 5.8891162219072861e+01 8.1478564398415376e-01
1190 5.9107892029614192e+01 8.1778419812366254e-01
1191 5.8470543438768857e+01 8.0896619449686158e-01
1192 5.8642420612930472e+01 8.1134419229412857e-01
1193 5.8217311983993646e+01 8.0546262373715183e-01
1194 5.8059178899805794e+01 8.0327478158936227e-01
1195 5.8021135244498360e+01 8.0274843055431444e-01
1196 5.7503679078047305e+01 7.9558919239482628e-01
1197 5.7734365635621103e+01 7.9878084438960362e-01
1198 5.7095293952898565e+01 7.8993900101381631e-01
1199 5.7283171205176892e+01 7.9253836706840564e-01
1200 5.6843892657352399e+01 7.8646075132792892e-01
1201 5.6720740116972514e+01 7.8475688069368277e-01
1202 5.6648501014079791e+01 7.8375742030347462e-01
1203 5.6180852661535340e+01 7.7728729558987786e-01
1204 5.6372420843348984e+01 7.7993772731009525e-01
1205 5.5776042565800466e+01 7.7168656634433064e-01
1206 5.5943357436128728e+01 7.7400144262171522e-01
1207 5.5520834301901125e+01 7.6815564554372262e-01
1208 5.5404392078017644e+01 7.6654461514800865e-01
1209 5.5326893831391807e+01 7.6547239214534857e-01
1210 5.4876663791629134e+01 7.5924325760179168e-01
1211 5.5067251260774029e+01 7.6188012072235411e-01
1212 5.4469001538002139e+01 7.5360306747251748e-01
1213 5.4666764953722428e+01 7.5633921303260587e-01
1214 5.4205013042491395e+01 7.4995066822933409e-01
1215 5.4154174891041372e+01 7.4924729960138814e-01
1216 5.4011937065776564e+01 7.4727937549036161e-01
1217 5.3636573255047935e+01 7.4208604880553319e-01
1218 5.3772586123571536e+01 7.4396784784794090e-01
1219 5.3220727567803422e+01 7.3633263720161302e-01
1220 5.3406570984898238e+01 7.3890386423419441e-01
1221 5.2942397876601113e+01 7.3248182108352433e-01
1222 5.2925076906486062e+01 7.3224217769294009e-01
1223 5.2747147627149580e+01 7.2978044630600447e-01
1224 5.2418861076200542e+01 7.2523845462597414e-01
1225 5.2528977206093913e+01 7.2676196067386722e-01
1226 5.1992219418509926e+01 7.1933567592857328e-01
1227 5.2201799729154963e+01 7.2223531353022374e-01
1228 5.1694469991013712e+01 7.1521617904844814e-01
1229 5.1756968496573840e+01 7.1608087390557162e-01
1230 5.1492062286655496e+01 7.1241577767193309e-01
1231 5.1265824777663219e+01 7.0928568025983041e-01
1232 5.1293022500027320e+01 7.0966197294783850e-01
1233 5.0827947399870645e+01 7.0322745033521750e-01
1234 5.1007379148203761e+01 7.0570996905462990e-01
1235 5.0505928621233160e+01 6.9877217609642595e-01
1236 5.0605949931449949e+01 7.0015601578622455e-01
1237 5.0289063795571060e+01 6.9577175396216251e-01
1238 5.0137238323314357e+01 6.9367118045461817e-01
1239 5.0103198349566853e+01 6.9320022214973898e-01
1240 4.9691842503784414e+01 6.8750892951629283e-01
1241 4.9858436721125344e+01 6.8981383523636031e-01
1242 4.9343066470087784e+01 6.8268345665222163e-01
1243 4.9506348065943442e+01 6.8494253076821743e-01
1244 4.9103766486626355e+01 6.7937263404687542e-01
1245 4.9069581299186417e+01 6.7889966664542811e-01
1246 4.8921777940222306e+01 6.7685474087934105e-01
1247 4.8624064969108694e+01 6.7273574838962114e-01
1248 4.8713231756201274e+01 6.7396941088337470e-01
1249 4.8248968977635535e+01 6.6754612710431815e-01
1250 4.8414464122625830e+01 6.6983582666544339e-01
1251 4.7979486955190040e+01 6.6381772245195936e-01
1252 4.8020945402101020e+01 6.6439131866049206e-01
1253 4.7788930570766070e+01 6.6118128940245346e-01
1254 4.7587604329738213e+01 6.5839585055618688e-01
1255 4.7606581408978933e+01 6.5865840695934585e-01
1256 4.7192132707748172e+01 6.5292432328352157e-01
1257 4.7360367092680782e+01 6.5525192145789080e-01
1258 4.6888027877488284e+01 6.4871689655554732e-01
1259 4.7020085127008947e+01 6.5054396783482027e-01
1260 4.6675727293484890e+01 6.4577962275184930e-01
1261 4.6614181584247916e+01 6.4492811025921815e-01
1262 4.6504833795091770e+01 6.4341523455005134e-01
1263 4.6209851536674165e+01 6.3933402269529793e-01
1264 4.6304156857150303e+01 6.4063877910321942e-01
1265 4.5871767568796365e+01 6.3465647935758440e-01
1266 4.6023280280043288e+01 6.3675272567627439e-01
1267 4.5626106524099072e+01 6.3125764861688827e-01
1268 4.5661513609635371e+01 6.3174752152656155e-01
1269 4.5448338495256564e+01 6.2879814820286306e-01
1270 4.5266205798710104e+01 6.2627826065345216e-01
1271 4.5278526836366702e+01 6.2644872773583438e-01
1272 4.4902970965248507e+01 6.2125274380937068e-01
1273 4.5055445650277214e+01 6.2336229946680966e-01
1274 4.4618269138480315e+01 6.1731376633760915e-01
1275 4.4751212124739205e+01 6.1915309218193837e-01
1276 4.4415670108230550e+01 6.1451071788156830e-01
1277 4.4386057941487621e+01 6.1410102027261892e-01
1278 4.4255969482847739e+01 6.1230118809825118e-01
1279 4.4014627818576002e+01 6.0896211792313126e-01
1280 4.4079390495742381e+01 6.0985813860998495e-01
1281 4.3693987090431861e+01 6.0452590963101738e-01
1282 4.3838501427650449e+01 6.0652533030601741e-01
1283 4.3453253763280067e+01 6.0119525607281177e-01
1284 4.3524061407226434e+01 6.0217491158643910e-01
1285 4.3280107030559506e+01 5.9879969336344163e-01
1286 4.3168664181228543e+01 5.9725783155705081e-01
1287 4.3128785610283522e+01 5.9670609364113503e-01
1288 4.2826869553906469e+01 5.9252894958156910e-01
1289 4.2944783175075081e+01 5.9416033741869445e-01
1290 4.2545175641848900e+01 5.8863158795898074e-01
1291 4.2693947595398960e+01 5.9068991466561194e-01
1292 4.2338848772402393e+01 5.8577696317559069e-01
1293 4.2380219088966015e+01 5.8634934006123829e-01
1294 4.2185875839670004e+01 5.8366051403769037e-01
1295 4.2041928713320765e+01 5.8166894097948119e-01
1296 4.2039268955614475e+01 5.8163214203862312e-01
1297 4.1729894658969528e+01 5.7735180987967727e-01
1298 4.1851513141618689e+01 5.7903445613714200e-01
1299 4.1480963526844640e+01 5.7390773601267531e-01
1300 4.1599146129440356e+01 5.7554284532849198e-01
1301 4.1300738523399787e+01 5.7141424225299020e-01
1302 4.1294234584276346e+01 5.7132425733798020e-01
1303 4.1162312874096244e+01 5.6949906130627792e-01
1304 4.0976555519256905e+01 5.6692902498360287e-01
1305 4.1020378355004041e+01 5.6753533357219244e-01
1306 4.0692009133054142e+01 5.6299219810178436e-01
1307 4.0834045862739039e+01 5.6495733996526476e-01
1308 4.0469881614302672e+01 5.5991896424813314e-01
1309 4.0587305072111050e+01 5.6154357045531478e-01
1310 4.0309883679329438e+01 5.5770532105327908e-01
1311 4.0296297664878544e+01 5.5751735244956280e-01
1312 4.0183555614139237e+01 5.5595751560895157e-01
1313 3.9999780272016771e+01 5.5341490132121440e-01
1314 4.0048535791619962e+01 5.5408945580342839e-01
1315 3.9739002139601986e+01 5.4980691889142030e-01
1316 3.9869240712379984e+01 5.5160882796222033e-01
1317 3.9538132005213086e+01 5.4702779048508299e-01
1318 3.9634094803312607e+01 5.4835547883935898e-01
1319 3.9394076492827928e+01 5.4503471785745206e-01
1320 3.9360397334817527e+01 5.4456875160013374e-01
1321 3.9279003069502060e+01 5.4344262543140620e-01
1322 3.9084618410928741e+01 5.4075322649193325e-01
1323 3.9153803031586833e+01 5.4171042675038639e-01
1324 3.8844162849545008e+01 5.3742641594771601e-01
1325 3.8986598119814460e+01 5.3939707179894270e-01
1326 3.8660266031803019e+01 5.3488212099029686e-01
1327 3.8767683455218737e+01 5.3636828922361024e-01
1328 3.8529391918108757e+01 5.3307141892585874e-01
1329 3.8513401487123176e+01 5.3285018414092267e-01
1330 3.8425775485332352e+01 5.3163783910291340e-01
1331 3.8257297840510290e+01 5.2930687531886333e-01
1332 3.8313491911356166e+01 5.3008434549396233e-01
1333 3.8033870452717757e+01 5.2621565719399366e-01
1334 3.8162940097192418e+01 5.2800139361741294e-01
1335 3.7863256226950782e+01 5.2385513285424168e-01
1336 3.7964308846993028e+01 5.2525324117805305e-01
1337 3.7743276968121194e+01 5.2219516599356819e-01
1338 3.7731464846163178e+01 5.2203173998814179e-01
1339 3.7651255193080708e+01 5.2092200346099649e-01
1340 3.7494601564103100e+01 5.1875463023962654e-01
1341 3.7554351186712857e+01 5.1958129306816436e-01
1342 3.7285982916022057e+01 5.1586829767088727e-01
1343 3.7424170310768659e+01 5.1778018225893907e-01
1344 3.7125960426116116e+01 5.1365431474752543e-01
1345 3.7249307418506234e+01 5.1536087571255151e-01
1346 3.7015054934977080e+01 5.1211988753274318e-01
1347 3.7039936509768822e+01 5.1246413528021706e-01
1348 3.6934536303813836e+01 5.1100587615526327e-01
1349 3.6822422746820926e+01 5.0945473480753423e-01
1350 3.6854773368855689e+01 5.0990232017373616e-01
1351 3.6627120783004521e+01 5.0675264453858071e-01
1352 3.6748016540136085e+01 5.0842529156434257e-01
1353 3.6475447545718929e+01 5.0465417727014428e-01
1354 3.6600315396082649e+01 5.0638177998739153e-01
1355 3.6371609184072909e+01 5.0321752696174515e-01
1356 3.6417192445627450e+01 5.0384819183099083e-01
1357 3.6301625395551618e+01 5.0224926985745078e-01
1358 3.6220529624657274e+01 5.0112727349292430e-01
1359 3.6239506889995923e+01 5.0138983247083158e-01
1360 3.6038577277069280e+01 4.9860988115224647e-01
1361 3.6158139629959834e+01 5.0026407993225697e-01
1362 3.5894076016986283e+01 4.9661064140528294e-01
1363 3.6040586658056938e+01 4.9863768183948620e-01
1364 3.5795510606171739e+01 4.9524694473673458e-01
1365 3.5886957078225478e+01 4.9651214769444174e-01
1366 3.5734416678046280e+01 4.9440168283842034e-01
1367 3.5713789528272329e+01 4.9411629696932158e-01
1368 3.5689219800247052e+01 4.9377636376173573e-01
1369 3.5546541977785346e+01 4.9180235209213635e-01
1370 3.5634033631569430e+01 4.9301283836521276e-01
1371 3.5408971276059759e+01 4.8989899972863804e-01
1372 3.5549124808939879e+01 4.9183808671964668e-01
1373 3.5314003411060888e+01 4.8858507672007084e-01
1374 3.5428804990011933e+01 4.9017340805725967e-01
1375 3.5259317381975890e+01 4.8782847097914139e-01
1376 3.5283341060773665e+01 4.8816084935074322e-01
1377 3.5228755920665812e+01 4.8740563945406473e-01
1378 3.5134218325421081e+01 4.8609766942053656e-01
1379 3.5198803943908985e+01 4.8699124042115677e-01
1380 3.5005207839298002e+01 4.8431275147944597e-01
1381 3.5147800089364324e+01 4.8628557921657306e-01
1382 3.4913224075607850e+01 4.8304011485095549e-01
1383 3.5064395334159826e+01 4.8513163701845780e-01
1384 3.4862385456122603e+01 4.8233673974753227e-01
1385 3.4951786966469420e+01 4.8357364974278955e-01
1386 3.4843002873824759e+01 4.8206857302769618e-01
1387 3.4825993605846421e+01 4.8183324217598239e-01
1388 3.4835510697847667e+01 4.8196491541255815e-01
1389 3.4709176813724191e+01 4.8021702946067879e-01
1390 3.4817916812690640e+01 4.8172149611995657e-01
1391 3.4621085382357229e+01 4.7899824499572269e-01
1392 3.4774140705397215e+01 4.8111583404048341e-01
1393 3.4572010315673737e+01 4.7831926943632497e-01
1394 3.4700040324736655e+01 4.8009062203751107e-01
1395 3.4559523506295527e+01 4.7814650882782000e-01
1396 3.4604680768221222e+01 4.7877127980112527e-01
1397 3.4569748270379684e+01 4.7828797302507775e-01
1398 3.4506460415943536e+01 4.7741235717220482e-01
1399 3.4582562427628048e+01 4.7846526263819289e-01
1400 3.4425963216711608e+01 4.7629864231510755e-01
1401 3.4578985162244706e+01 4.7841576956708953e-01
1402 3.4378527026363741e+01 4.7564234134490485e-01
1403 3.4548137504222431e+01 4.7798897838213072e-01
1404 3.4369150109763972e+01 4.7551260749788193e-01
1405 3.4491109725306437e+01 4.7719997348193521e-01
1406 3.4391161444446510e+01 4.7581714418604487e-01
1407 3.4420231959466278e+01 4.7621934780045516e-01
1408 3.4428823003044485e+01 4.7633820874173405e-01
1409 3.4354220380825438e+01 4.7530604800152765e-01
1410 3.4462956735982011e+01 4.7681046424706142e-01
1411 3.4311335482958043e+01 4.7471271620420130e-01
1412 3.4477759966190973e+01 4.7701527357675316e-01
1413 3.4303171352813735e+01 4.7459976180176555e-01
1414 3.4466406093238575e+01 4.7685818765185967e-01
1415 3.4331055622556704e+01 4.7498555318070007e-01
1416 3.4433313148649724e+01 4.7640033192016507e-01
1417 3.4385946885631292e+01 4.7574499842592988e-01
1418 3.4392265083452287e+01 4.7583241352670935e-01
1419 3.4451683544091821e+01 4.7665449458085180e-01
1420 3.4361299327539896e+01 4.7540398840446985e-01
1421 3.4510547967827954e+01 4.7746891028593136e-01
1422 3.4356456010070765e+01 4.7533697893489224e-01
1423 3.4549358966763556e+01 4.7800587786425452e-01
1424 3.4386595365911035e+01 4.7575397044146550e-01
1425 3.4563958276579243e+01 4.7820786586384006e-01
1426 3.4450771855487758e+01 4.7664188096009130e-01
1427 3.4560393484340395e+01 4.7815854536428543e-01
1428 3.4538661695928816e+01 4.7785787632416721e-01
1429 3.4552283140175810e+01 4.7804633511500400e-01
1430 3.4633553294273057e+01 4.7917074414935945e-01
1431 3.4555091010359604e+01 4.7808518325842175e-01
1432 3.4716335406104655e+01 4.8031607179713393e-01
1433 3.4578417746508030e+01 4.7840791911586744e-01
1434 3.4767649359127368e+01 4.8102602335325118e-01
1435 3.4616513355588779e+01 4.7893498895467213e-01
1436 3.4764204553308019e+01 4.8097836291962826e-01
1437 3.4635592060423718e+01 4.7919895139350960e-01
1438 3.4665272190006462e+01 4.7960958929883141e-01
1439 3.4556289748397433e+01 4.7810176833684981e-01
1440 3.4389146605425495e+01 4.7578926798446552e-01
1441 3.4235175629784855e+01 4.7365901047527348e-01
1442 3.3791464923507810e+01 4.6752007383463234e-01
1443 3.3465894848245917e+01 4.6301566581416509e-01
1444 3.2679664085127449e+01 4.5213781055526236e-01
1445 3.2042508551792750e+01 4.4332247796571389e-01
1446 3.0911446252094603e+01 4.2767372372959378e-01
1447 2.9915138699106944e+01 4.1388936185628677e-01
1448 2.8575041523063710e+01 3.9534851634670187e-01
1449 2.7368862328542434e+01 3.7866048617822923e-01
1450 2.6120167122533214e+01 3.6138422792094799e-01
1451 2.5043732201809632e+01 3.4649126797517288e-01
1452 2.4263141729049106e+01 3.3569144866323380e-01
1453 2.3697148598261684e+01 3.2786067983167755e-01
1454 2.3667317718309469e+01 3.2744795622737743e-01
1455 2.3822850038418288e+01 3.2959981563760271e-01
1456 2.4532566808315512e+01 3.3941906548116890e-01
1457 2.5224353550150582e+01 3.4899024534426959e-01
1458 2.6152037569420603e+01 3.6182516984861118e-01
1459 2.6668986105981606e+01 3.6897738472088126e-01
1460 2.6908450613013134e+01 3.7229048358361416e-01
1461 2.6559073914677199e+01 3.6745670025483979e-01
1462 2.5825771621015999e+01 3.5731113411109178e-01
1463 2.4981783259025168e+01 3.4563417656554823e-01
1464 2.4163097381128026e+01 3.3430729023646305e-01
1465 2.3871136157963861e+01 3.3026787575947769e-01
1466 2.3849596930195482e+01 3.2996987088222812e-01
1467 2.4457746787431564e+01 3.3838389693292292e-01
1468 2.5001203806013695e+01 3.4590286854390839e-01
1469 2.5616857292885328e+01 3.5442071067624342e-01
1470 2.5572161704542317e+01 3.5380232716403082e-01
1471 2.5186331642405658e+01 3.4846419519650362e-01
1472 2.4386224035898238e+01 3.3739434758507991e-01
1473 2.3712809026951085e+01 3.2807734888682877e-01
1474 2.3429187827856762e+01 3.2415332238363326e-01
1475 2.3568634124835206e+01 3.2608262444872294e-01
1476 2.4172551408445660e+01 3.3443809094485438e-01
1477 2.4589987740107905e+01 3.4021350982775173e-01
1478 2.4820593974596139e+01 3.4340405051661260e-01
1479 2.4306247769401075e+01 3.3628784006602414e-01
1480 2.3717368314606002e+01 3.2814042867652965e-01
1481 2.3052744519175242e+01 3.1894506036043513e-01
1482 2.2994726919342323e+01 3.1814236084388581e-01
1483 2.3280871185678080e+01 3.2210129511404773e-01
1484 2.3812903928792888e+01 3.2946220674976784e-01
1485 2.4066555857168520e+01 3.3297159495033601e-01
1486 2.3759773019179740e+01 3.2872711678425526e-01
1487 2.3191353821811646e+01 3.2086278223338233e-01
1488 2.2565551824778684e+01 3.1220453091101441e-01
1489 2.2554514755921101e+01 3.1205182811287008e-01
1490 2.2792420339769713e+01 3.1534335857413748e-01
1491 2.3348156936347149e+01 3.2303222365449513e-01
1492 2.3337309027761080e+01 3.2288213797355203e-01
1493 2.3017618697186752e+01 3.1845907885810210e-01
1494 2.2336152637764261e+01 3.0903069026535546e-01
1495 2.2049276992769759e+01 3.0506163704340167e-01
1496 2.2182151610208024e+01 3.0690001697443181e-01
1497 2.2603659142935115e+01 3.1273176275013304e-01
1498 2.2855801672926148e+01 3.1622026774703399e-01
1499 2.2518077203725074e+01 3.1154769823476031e-01
1500 2.2017531004210571e+01 3.0462241705253290e-01
1501 2.1556190169834728e+01 2.9823955968193466e-01
1502 2.1755003011785522e+01 3.0099022452462532e-01
1503 2.2053031717623806e+01 3.0511358534587885e-01
1504 2.2339956066426758e+01 3.0908331240686787e-01
1505 2.1958410001841006e+01 3.0380445146697560e-01
1506 2.1475313582629163e+01 2.9712059582205369e-01
1507 2.1143525072906115e+01 2.9253015297163765e-01
1508 2.1341428190896732e+01 2.9526823137529723e-01
1509 2.1716539250672721e+01 3.0045806113732854e-01
1510 2.1732284921271255e+01 3.0067590955252643e-01
1511 2.1371568357838289e+01 2.9568523410382058e-01
1512 2.0820375057540485e+01 2.8805922756531410e-01
1513 2.0816725653194140e+01 2.8800873641930080e-01
1514 2.1029264263609118e+01 2.9094930342516606e-01
1515 2.1371644204921559e+01 2.9568628348223763e-01
1516 2.1066243654500088e+01 2.9146092988465344e-01
1517 2.0653008426761541e+01 2.8574363515887802e-01
1518 2.0320901439433896e+01 2.8114878602795434e-01
1519 2.0554417592520906e+01 2.8437958674582642e-01
1520 2.0834654033156610e+01 2.8825678359756796e-01
1521 2.0773390648581774e+01 2.8740917719326964e-01
1522 2.0342698586693562e+01 2.8145035933705154e-01
1523 1.9960037200151788e+01 2.7615606741763798e-01
1524 2.0115680277759267e+01 2.7830945920753569e-01
1525 2.0349931074888616e+01 2.8155042405524633e-01
1526 2.0433851512504699e+01 2.8271150095082687e-01
1527 1.9938952675671743e+01 2.7586435356433237e-01
1528 1.9664807981684671e+01 2.7207143875982959e-01
1529 1.9656128692321474e+01 2.7195135689853417e-01
1530 2.0013823070367764e+01 2.7690021905686274e-01
1531 1.9962579602644276e+01 2.7619124269647533e-01
1532 1.9596947157222775e+01 2.7113255381551832e-01
1533 1.9256201163380297e+01 2.6641818015457452e-01
1534 1.9337693776604166e+01 2.6754566701072724e-01
1535 1.9639949634826600e+01 2.7172751238123666e-01
1536 1.9531763343904370e+01 2.7023070652110748e-01
1537 1.9188424709633676e+01 2.6548046251695218e-01
1538 1.8853852485281475e+01 2.6085150572605137e-01
1539 1.9090677307793626e+01 2.6412808336947075e-01
1540 1.9229734510651504e+01 2.6605200214288044e-01
1541 1.9149504725805382e+01 2.6494198708375521e-01
1542 1.8668560674180799e+01 2.5828791040981292e-01
1543 1.8589821783862174e+01 2.5719852254519238e-01
1544 1.8766836246950430e+01 2.5964759703900769e-01
1545 1.8916776295995756e+01 2.6172208487074633e-01
1546 1.8619861638200913e+01 2.5761413740386213e-01
1547 1.8260448334240689e+01 2.5264149313451778e-01
1548 1.8312319257012380e+01 2.5335915061693193e-01
1549 1.8504756815876849e+01 2.5602161055859268e-01
1550 1.8513007979440221e+01 2.5613576910741859e-01
1551 1.8072422570988724e+01 2.5004007236399600e-01
1552 1.7947500101650203e+01 2.4831171396873386e-01
1553 1.8048291446301697e+01 2.4970620743032323e-01
1554 1.8258823422978747e+01 2.5261901175838097e-01
1555 1.7942114502489854e+01 2.4823720178872657e-01
1556 1.7663509175127665e+01 2.4438257212073375e-01
1557 1.7648854352492350e+01 2.4417981607638925e-01
1558 1.7884852674775335e+01 2.4744495871842470e-01
1559 1.7795017569920262e+01 2.4620204974866389e-01
1560 1.7426509466219180e+01 2.4110357484557865e-01
1561 1.7325333998355042e+01 2.3970376686705006e-01
1562 1.7472814682845744e+01 2.4174422828706704e-01
1563 1.7586029533514527e+01 2.4331060652676934e-01
1564 1.7215762585985974e+01 2.3818779723042993e-01
1565 1.7045449840333585e+01 2.3583144400328734e-01
1566 1.7092096368797840e+01 2.3647681964714012e-01
1567 1.7304719291936312e+01 2.3941855315735205e-01
1568 1.7021056320827785e+01 2.3549394871960388e-01
1569 1.6774577359036620e+01 2.3208380172905055e-01
1570 1.6767837157117729e+01 2.3199054801229357e-01
1571 1.6973550717516602e+01 2.3483668738991964e-01
1572 1.6827610801794304e+01 2.3281754319690057e-01
1573 1.6502919466112484e+01 2.2832529293266812e-01
1574 1.6484778734680525e+01 2.2807430777657375e-01
1575 1.6633527349602986e+01 2.3013231158282391e-01
1576 1.6613532493188185e+01 2.2985567377595401e-01
1577 1.6241330373635851e+01 2.2470609050667531e-01
1578 1.6211664368146558e+01 2.2429564801452148e-01
1579 1.6320712223362943e+01 2.2580437400310110e-01
1580 1.6362722859020163e+01 2.2638560999061344e-01
1581 1.6000355637689832e+01 2.2137209694952151e-01
1582 1.5928074730793472e+01 2.2037205818217256e-01
1583 1.6048023347513535e+01 2.2203160109551673e-01
1584 1.6078531611517860e+01 2.2245369661200753e-01
1585 1.5774543396096632e+01 2.1824788330263184e-01
1586 1.5637196409697458e+01 2.1634762614101835e-01
1587 1.5803206448137850e+01 2.1864444948397291e-01
1588 1.5782777772303412e+01 2.1836180959084961e-01
1589 1.5543758938887494e+01 2.1505487682248836e-01
1590 1.5358326312292107e+01 2.1248933326072003e-01
1591 1.5562470437667947e+01 2.1531375880085765e-01
1592 1.5499842253040624e+01 2.1444726977567408e-01
1593 1.5288310954908445e+01 2.1152063938705504e-01
1594 1.5108575853412431e+01 2.0903392364056977e-01
1595 1.5309577977696861e+01 2.1181487818631367e-01
1596 1.5239414078845101e+01 2.1084412917481166e-01
1597 1.5004740607614554e+01 2.0759731644132731e-01
1598 1.4889469192298860e+01 2.0600248470729599e-01
1599 1.5046470750929601e+01 2.0817467169147533e-01
1600 1.4990867876554571e+01 2.0740538098472214e-01
1601 1.4709212291544681e+01 2.0350854963402934e-01
1602 1.4687131442883524e+01 2.0320305118879287e-01
1603 1.4787942453362906e+01 2.0459781673593183e-01
1604 1.4732243877602484e+01 2.0382720195758641e-01
1605 1.4426553477324616e+01 1.9959783815723148e-01
1606 1.4483869701444927e+01 2.0039083382620612e-01
1607 1.4546109112304732e+01 2.0125194399193788e-01
1608 1.4447104875047138e+01 1.9988217596272137e-01
1609 1.4174917059209772e+01 1.9611633544514601e-01
1610 1.4271207810318508e+01 1.9744856117640250e-01
1611 1.4317831313884549e+01 1.9809361826046104e-01
1612 1.4137526838268839e+01 1.9559902496764617e-01
1613 1.3957325528176908e+01 1.9310585901612604e-01
1614 1.4053493696439798e+01 1.9443638875872768e-01
1615 1.4084372035890263e+01 1.9486360443500722e-01
1616 1.3824419207999000e+01 1.9126704046347315e-01
1617 1.3763855671158284e+01 1.9042911676648183e-01
1618 1.3839234849582795e+01 1.9147202151010262e-01
1619 1.3823643749795737e+01 1.9125631165141171e-01
1620 1.3536167553144397e+01 1.8727894952791779e-01
1621 1.3580318177896716e+01 1.8788979322441848e-01
1622 1.3628370691397979e+01 1.8855462130189024e-01
1623 1.3527424400620959e+01 1.8715798409115561e-01
1624 1.3294140746499346e+01 1.8393040010075348e-01
1625 1.3395429310337455e+01 1.8533177281280935e-01
1626 1.3407356135083960e+01 1.8549678578276257e-01
1627 1.3211925184001483e+01 1.8279291091712782e-01
1628 1.3102766678477829e+01 1.8128265403191671e-01
1629 1.3200927086859897e+01 1.8264074731015445e-01
1630 1.3157856303279354e+01 1.8204484370061064e-01
1631 1.2913259072031757e+01 1.7866073129614751e-01
1632 1.2946786367586537e+01 1.7912459646827689e-01
1633 1.2987479865652604e+01 1.7968760926643473e-01
1634 1.2874348140143168e+01 1.7812238110059644e-01
1635 1.2668726019377401e+01 1.7527750683130816e-01
1636 1.2795216636969952e+01 1.7702756126103247e-01
1637 1.2745646067961074e+01 1.7634173020471347e-01
1638 1.2577177843531832e+01 1.7401089675602341e-01
1639 1.2493370224464366e+01 1.7285138075566592e-01
1640 1.2611752574676077e+01 1.7448925366934340e-01
1641 1.2476098571309791e+01 1.7261241968735025e-01
1642 1.2307096530538686e+01 1.7027420065013579e-01
1643 1.2364281025435400e+01 1.7106537378621695e-01
1644 1.2371979156648232e+01 1.7117188088441937e-01
1645 1.2199777458496918e+01 1.6878939315219488e-01
1646 1.2098972968618494e+01 1.6739471782049484e-01
1647 1.2225095286134536e+01 1.6913967665346555e-01
1648 1.2083176331080214e+01 1.6717616425482512e-01
1649 1.1952628966399466e+01 1.6536998290954702e-01
1650 1.1950293147420126e+01 1.6533766580627382e-01
1651 1.2018436373066578e+01 1.6628045789763995e-01
1652 1.1790839142418893e+01 1.6313154812655337e-01
1653 1.1760525226758391e+01 1.6271214150657118e-01
1654 1.1811343570063370e+01 1.6341523607994582e-01
1655 1.1733342797519361e+01 1.6233606040580792e-01
1656 1.1554368180887074e+01 1.5985986630851556e-01
1657 1.1609879047268230e+01 1.6062788404340483e-01
1658 1.1618404312950842e+01 1.6074583491799452e-01
1659 1.1426347359384941e+01 1.5808864082135388e-01
1660 1.1399243792719702e+01 1.5771365081967154e-01
1661 1.1445010841264198e+01 1.5834685846435789e-01
1662 1.1355251097242967e+01 1.5710499214553517e-01
1663 1.1181681756026965e+01 1.5470358245807644e-01
1664 1.1282562595736586e+01 1.5609931412393657e-01
1665 1.1215272060719743e+01 1.5516831938989173e-01
1666 1.1079271638435637e+01 1.5328669254678992e-01
1667 1.1033593436099000e+01 1.5265471412923981e-01
1668 1.1116075610069968e+01 1.5379589200218019e-01
1669 1.0939589863109443e+01 1.5135413253313912e-01
1670 1.0867032971798380e+01 1.5035027539762436e-01
1671 1.0922548292210246e+01 1.5111835475602628e-01
1672 1.0853888736263096e+01 1.5016841900335834e-01
1673 1.0701617802447757e+01 1.4806168233534572e-01
1674 1.0726182901391660e+01 1.4840155149751452e-01
1675 1.0747222489520658e+01 1.4869264363624796e-01
1676 1.0559362635382346e+01 1.4609351829272940e-01
1677 1.0554970745032401e+01 1.4603275451982617e-01
1678 1.0575207595167814e+01 1.4631274041836315e-01
1679 1.0485211137845734e+01 1.4506759906484923e-01
1680 1.0343899004115970e+01 1.4311248231141402e-01
1681 1.0443452923241789e+01 1.4448985543582837e-01
1682 1.0343097821892581e+01 1.4310139759599602e-01
1683 1.0229813548526034e+01 1.4153405886213172e-01
1684 1.0228639907339110e+01 1.4151782100989277e-01
1685 1.0253768195381523e+01 1.4186548214584885e-01
1686 1.0081016941715456e+01 1.3947539106658347e-01
1687 1.0064955416730381e+01 1.3925317266427634e-01
1688 1.0105548199896116e+01 1.3981479202661407e-01
1689 9.9739052312976373e+00 1.3799345250971862e-01
1690 9.9003559529916156e+00 1.3697586525500940e-01
1691 9.9400285324271511e+00 1.3752475318599722e-01
1692 9.8823926160067845e+00 1.3672733443065849e-01
1693 9.7290184777025690e+00 1.3460533443371764e-01
1694 9.7998284507872544e+00 1.3558502217201840e-01
1695 9.7394007542979590e+00 1.3474897788721799e-01
1696 9.6283905548676696e+00 1.3321310198626107e-01
1697 9.5985485638086470e+00 1.3280022465481456e-01
1698 9.6467962560392699e+00 1.3346775311755130e-01
1699 9.4793852717544134e+00 1.3115154706046686e-01
1700 9.4623932824752846e+00 1.3091645526730672e-01
1701 9.4860598525317474e+00 1.3124389287929711e-01
1702 9.3864852043803726e+00 1.2986623295951652e-01
1703 9.2961959566966925e+00 1.2861704072002347e-01
1704 9.3460982355541518e+00 1.2930746113088068e-01
1705 9.2750466368711901e+00 1.2832443039405050e-01
1706 9.1495411305044207e+00 1.2658800541999071e-01
1707 9.2047746612036097e+00 1.2735218609132548e-01
1708 9.1448631126781024e+00 1.2652328294511397e-01
1709 9.0406918893820940e+00 1.2508202734648755e-01
1710 9.0254276693419442e+00 1.2487084001571176e-01
1711 9.0538176827072228e+00 1.2526362858450410e-01
1712 8.8894029775296630e+00 1.2298887739280193e-01
1713 8.9050928851137758e+00 1.2320595430168373e-01
1714 8.8973479379619516e+00 1.2309879948396681e-01
1715 8.8028611960709906e+00 1.2179153302939753e-01
1716 8.7328211421368298e+00 1.2082249746787914e-01
1717 8.7888978742893755e+00 1.2159834420952556e-01
1718 8.6718090856170651e+00 1.1997836829995190e-01
1719 8.6068508095852323e+00 1.1907964141506193e-01
1720 8.6450851871468259e+00 1.1960863117804146e-01
1721 8.5632285704993727e+00 1.1847610817125558e-01
1722 8.4766398306155413e+00 1.1727811411697667e-01
1723 8.4996289194143824e+00 1.1759617847189453e-01
1724 8.4635164294561278e+00 1.1709654597564574e-01
1725 8.3326176034210349e+00 1.1528550200488792e-01
1726 8.3832282023495743e+00 1.1598572234163411e-01
1727 8.3253306671527216e+00 1.1518468397317778e-01
1728 8.2366040127931903e+00 1.1395711091320043e-01
1729 8.2201282784803862e+00 1.1372916173905726e-01
1730 8.2358434692822158e+00 1.1394658845259655e-01
1731 8.0932725102150140e+00 1.1197405528599202e-01
1732 8.1098755776731188e+00 1.1220376617131368e-01
1733 8.0965264235756340e+00 1.1201907463682668e-01
1734 7.9959016610904676e+00 1.1062688591422620e-01
1735 7.9656133022725708e+00 1.1020783288462457e-01
1736 7.9858951209138231e+00 1.1048844094260973e-01
1737 7.8789765610836362e+00 1.0900917471075935e-01
1738 7.8367296007854090e+00 1.0842466906583907e-01
1739 7.8714034555844412e+00 1.0890439739938337e-01
1740 7.7572185014642683e+00 1.0732459734330679e-01
1741 7.7266749937477535e+00 1.0690201421424986e-01
1742 7.7327211362974584e+00 1.0698566530832498e-01
1743 7.6674840118129097e+00 1.0608308043001870e-01
1744 7.5817260763303098e+00 1.0489658092727477e-01
1745 7.6375921036878998e+00 1.0566951247357474e-01
1746 7.5319110569583234e+00 1.0420736779053791e-01
1747 7.4876776104415734e+00 1.0359537821777794e-01
1748 7.4945094925705229e+00 1.0368990037136275e-01
1749 7.4438386258062863e+00 1.0298884620207753e-01
1750 7.3521065894716360e+00 1.0171969233445867e-01
1751 7.3925181320624329e+00 1.0227880415214957e-01
1752 7.3217714570643189e+00 1.0129999217126788e-01
1753 7.2458377621810950e+00 1.0024941544372137e-01
1754 7.2722378270994188e+00 1.0061467218319073e-01
1755 7.2119783337768117e+00 9.9780955064646279e-02
1756 7.1381757314079035e+00 9.8759862957902594e-02
1757 7.1485013864466254e+00 9.8902723026769751e-02
1758 7.1153093305443518e+00 9.8443496045599169e-02
1759 7.0118668388799863e+00 9.7012322775957380e-02
1760 7.0537084827478642e+00 9.7591220686265606e-02
1761 6.9865706592086720e+00 9.6662338784010357e-02
1762 6.9238768064433609e+00 9.5794941210683326e-02
1763 6.9204137344651588e+00 9.5747028056559685e-02
1764 6.9001946300865882e+00 9.5467287678528218e-02
1765 6.7954180453942126e+00 9.4017656633457944e-02
1766 6.8298349504066298e+00 9.4493829951453723e-02
1767 6.7758984789947423e+00 9.3747594677133825e-02
1768 6.7026183488645348e+00 9.2733731208159073e-02
1769 6.7113949443739864e+00 9.2855159343633045e-02
1770 6.6763572968901714e+00 9.2370397775121418e-02
1771 6.5938548346608830e+00 9.1228939205027212e-02
1772 6.6048068401709017e+00 9.1380465113604176e-02
1773 6.5743712108149319e+00 9.0959374530052484e-02
1774 6.4819563032437628e+00 8.9680772832585492e-02
1775 6.5116134739962890e+00 9.0091093092193458e-02
1776 6.4550825961435621e+00 8.9308963041085279e-02
1777 6.3954126968541063e+00 8.8483403220442389e-02
1778 6.3904092396666812e+00 8.8414178146034139e-02
1779 6.3701151901395194e+00 8.8133400868256467e-02
1780 6.2735902162042585e+00 8.6797934559138118e-02
1781 6.3095236319945576e+00 8.7295089483952412e-02
1782 6.2464832597501161e+00 8.6422897658205877e-02
1783 6.1917143750766082e+00 8.5665145573045887e-02
1784 6.1929096174127318e+00 8.5681682286872882e-02
1785 6.1579633379641585e+00 8.5198184836110483e-02
1786 6.0810790651332329e+00 8.4134456436291083e-02
1787 6.1032117118307045e+00 8.4440671530593175e-02
1788 6.0498791772973322e+00 8.3702791993873704e-02
1789 5.9860118149132742e+00 8.2819158388612465e-02
1790 6.0069387544352972e+00 8.3108691983341670e-02
1791 5.9441913436342215e+00 8.2240553410567255e-02
1792 5.8975864919202090e+00 8.1595754383247496e-02
1793 5.9004470725979434e+00 8.1635331799991398e-02
1794 5.8560069569321813e+00 8.1020482866856716e-02
1795 5.7890027590100015e+00 8.0093449734948446e-02
1796 5.8211146987567597e+00 8.0537732824638747e-02
1797 5.7392995507733433e+00 7.9405783555419926e-02
1798 5.7140544259257906e+00 7.9056505929859466e-02
1799 5.7088565854558855e+00 7.8984591475550620e-02
1800 5.6574242001735335e+00 7.8273001356000391e-02
1801 5.6078687700447132e+00 7.7587379752877300e-02
1802 5.6286166028025324e+00 7.7874435325188285e-02
1803 5.5479981363394018e+00 7.6759042681554854e-02
1804 5.5285112246293826e+00 7.6489432517506034e-02
1805 5.5275156720125453e+00 7.6475658600512975e-02
1806 5.4563879691451254e+00 7.5491574928155517e-02
1807 5.4399375543802835e+00 7.5263976061315060e-02
1808 5.4321437211227037e+00 7.5156144882397941e-02
1809 5.3665093389334055e+00 7.4248063765562894e-02
1810 5.3469845693030535e+00 7.3977929820205707e-02
1811 5.3478319872397000e+00 7.3989654227454890e-02
1812 5.2628105624690908e+00 7.2813344680761394e-02
1813 5.2757375004367590e+00 7.2992194665714119e-02
1814 5.2394026881098750e+00 7.2489486239776219e-02
1815 5.1883928062322973e+00 7.1783741644338137e-02
1816 5.1758474930370681e+00 7.1610171609283763e-02
1817 5.1619419863357399e+00 7.1417782686979583e-02
1818 5.0853787761395175e+00 7.0358496332718776e-02
1819 5.1072145861303504e+00 7.0660604558043197e-02
1820 5.0553274720046977e+00 6.9942723060984591e-02
1821 5.0121212204795365e+00 6.9344945191665036e-02
1822 5.0141650609725108e+00 6.9373222641617105e-02
1823 4.9704989343658390e+00 6.8769082194275272e-02
1824 4.9247278086257191e+00 6.8135818139758705e-02
1825 4.9331169403928987e+00 6.8251885540567714e-02
1826 4.8790914215166863e+00 6.7504418254638071e-02
1827 4.8424964885145521e+00 6.6998110942485131e-02
1828 4.8534394467810955e+00 6.7149511678390630e-02
1829 4.7828288518366966e+00 6.6172582426088603e-02
1830 4.7736743996372137e+00 6.6045926473826511e-02
1831 4.7574920723487928e+00 6.5822036717468668e-02
1832 4.7076429732932210e+00 6.5132352073023508e-02
1833 4.6845762554727886e+00 6.4813213685772669e-02
1834 4.6847764885156531e+00 6.4815983999732013e-02
1835 4.6098349600042292e+00 6.3779134338959625e-02
1836 4.6227961824981341e+00 6.3958458665710607e-02
1837 4.5848177361412956e+00 6.3433009825742695e-02
1838 4.5410261915594470e+00 6.2827134164460077e-02
1839 4.5366362688084561e+00 6.2766397614170910e-02
1840 4.5072611038828319e+00 6.2359979031667297e-02
1841 4.4560734628010374e+00 6.1651775057907851e-02
1842 4.4661705702809087e+00 6.1791473068786976e-02
1843 4.4174837429711706e+00 6.1117868975263709e-02
1844 4.3832067612002517e+00 6.0643631558074375e-02
1845 4.3895034479105126e+00 6.0730749042988343e-02
1846 4.3302262101777993e+00 5.9910621871105019e-02
1847 4.3166088013625279e+00 5.9722218912276109e-02
1848 4.3035324129186279e+00 5.9541301212951113e-02
1849 4.2569060903148817e+00 5.8896205126241476e-02
1850 4.2369152008693316e+00 5.8619622204170475e-02
1851 4.2337155910199273e+00 5.8575354166770448e-02
1852 4.1670280528440635e+00 5.7652702164485092e-02
1853 4.1799527257956637e+00 5.7831520811924580e-02
1854 4.1394281787107747e+00 5.7270845526371572e-02
1855 4.1051109725516044e+00 5.6796051586728777e-02
1856 4.0981282684562421e+00 5.6699442743589866e-02
1857 4.0687852882050191e+00 5.6293469450492517e-02
1858 4.0248711753012376e+00 5.5685898001499916e-02
1859 4.0351937145500720e+00 5.5828714962016440e-02
1860 3.9812090424831781e+00 5.5081812810014896e-02
1861 3.9633526327403055e+00 5.4834761372016962e-02
1862 3.9574056403148510e+00 5.4752482064383032e-02
1863 3.9057185001011496e+00 5.4037367296091356e-02
1864 3.8982607177670738e+00 5.3934185532431143e-02
1865 3.8795841545171807e+00 5.3675786902796924e-02
1866 3.8356037886114982e+00 5.3067298813806299e-02
1867 3.8285122160075375e+00 5.2969183726019713e-02
1868 3.8087006097118299e+00 5.2695081266741356e-02
1869 3.7586835885244754e+00 5.2003073344284202e-02
1870 3.7716699630498254e+00 5.2182745660671770e-02
1871 3.7217848119636066e+00 5.1492562220212042e-02
1872 3.7039343556434785e+00 5.1245593150488093e-02
1873 3.6930053083672072e+00 5.1094384879372567e-02
1874 3.6569689000408987e+00 5.0595805006626943e-02
1875 3.6318663924549517e+00 5.0248500554849480e-02
1876 3.6317974573267486e+00 5.0247546806431044e-02
1877 3.5764503080430705e+00 4.9481794171018056e-02
1878 3.5790898253211303e+00 4.9518313076473024e-02
1879 3.5520008424500928e+00 4.9143524848124800e-02
1880 3.5147624554498851e+00 4.8628315061297590e-02
1881 3.5138527527129693e+00 4.8615728915899832e-02
1882 3.4807855948700812e+00 4.8158229955401859e-02
1883 3.4516023229276604e+00 4.7754466298391383e-02
1884 3.4493604929042765e+00 4.7723449574481082e-02
1885 3.4108919915939708e+00 4.7191220604425682e-02
1886 3.3890236774997522e+00 4.6888662670251734e-02
1887 3.3876595702003645e+00 4.6869789633916324e-02
1888 3.3360290378676720e+00 4.6155458061048954e-02
1889 3.3391569969392019e+00 4.6198734777799282e-02
1890 3.3101654249325612e+00 4.5797623375384247e-02
1891 3.2809771970809996e+00 4.5393791151147916e-02
1892 3.2719692464397965e+00 4.5269162113655545e-02
1893 3.2494321535428368e+00 4.4957351324775699e-02
1894 3.2127270009629769e+00 4.4449519075327723e-02
1895 3.2204843243488694e+00 4.4556845123794139e-02
1896 3.1723406851945199e+00 4.3890756282038978e-02
1897 3.1652318156354191e+00 4.3792401883119753e-02
1898 3.1494590349755840e+00 4.3574178388063947e-02
1899 3.1137709317852917e+00 4.3080417473101776e-02
1900 3.1061630543117715e+00 4.2975159075864591e-02
1901 3.0868079620931295e+00 4.2707372693604480e-02
1902 3.0518309780452499e+00 4.2223450430938635e-02
1903 3.0517294103958159e+00 4.2222045196952177e-02
1904 3.0203214144264421e+00 4.1787501485164642e-02
1905 2.9955237549138545e+00 4.1444414743216799e-02
1906 2.9958570908402713e+00 4.1449026595271242e-02
1907 2.9521766146400523e+00 4.0844687614866412e-02
1908 2.9486612157419123e+00 4.0796050494335032e-02
1909 2.9279615206913836e+00 4.0509660928795800e-02
1910 2.8990938077688240e+00 4.0110263172364026e-02
1911 2.8897312520052298e+00 3.9980728013950952e-02
1912 2.8717343672509488e+00 3.9731733041162377e-02
1913 2.8369238604796516e+00 3.9250114066288755e-02
1914 2.8434083570892890e+00 3.9339829985399713e-02
1915 2.8012529012658836e+00 3.8756590345931451e-02
1916 2.7938983178717258e+00 3.8654836385893225e-02
1917 2.7787571022367348e+00 3.8445350876234470e-02
1918 2.7483731185557199e+00 3.8024974833760612e-02
1919 2.7396030408721281e+00 3.7903636875330882e-02
1920 2.7227299013213382e+00 3.7670189421470442e-02
1921 2.6911244154766103e+00 3.7232913348676469e-02
1922 2.6914961110046547e+00 3.7238055923025017e-02
1923 2.6606578899289621e+00 3.6811395302454919e-02
1924 2.6423195426693358e+00 3.6557676042747379e-02
1925 2.6383114733026165e+00 3.6502222605303794e-02
1926 2.6010288274470912e+00 3.5986400477361659e-02
1927 2.5986062040668299e+00 3.5952882396267011e-02
1928 2.5771105810622887e+00 3.5655480810483337e-02
1929 2.5530733923893010e+00 3.5322915523698317e-02
1930 2.5455733329019377e+00 3.5219148836659636e-02
1931 2.5248244003597660e+00 3.4932078048338845e-02
1932 2.4990982767901815e+00 3.4576145589714835e-02
1933 2.5014022312267219e+00 3.4608021832746062e-02
1934 2.4620935351432536e+00 3.4064168391148113e-02
1935 2.4612654798969520e+00 3.4052711875404672e-02
1936 2.4402341174894975e+00 3.3761733543218320e-02
1937 2.4174547604478098e+00 3.3446570921232474e-02
1938 2.4101416205692838e+00 3.3345390350821839e-02
1939 2.3898550713571582e+00 3.3064716843266839e-02
1940 2.3669454718295468e+00 3.2747752258070070e-02
1941 2.3657671813020653e+00 3.2731450080119108e-02
1942 2.3329947070243908e+00 3.2278028198921435e-02
1943 2.3264654982100459e+00 3.2187693666403415e-02
1944 2.3124296109059306e+00 3.1993500869979555e-02
1945 2.2845119831579024e+00 3.1607247968082841e-02
1946 2.2838755686536998e+00 3.1598442887963714e-02
1947 2.2576917962103482e+00 3.1236178651900100e-02
1948 2.2430228267321648e+00 3.1033226879639192e-02
1949 2.2345639747373460e+00 3.0916194868208912e-02
1950 2.2101161638083919e+00 3.0577948438334591e-02
1951 2.1979574388473178e+00 3.0409727024897679e-02
1952 2.1895251122867005e+00 3.0293062004747132e-02
1953 2.1585071286107431e+00 2.9863914287972752e-02
1954 2.1621112591587579e+00 2.9913779050679302e-02
1955 2.1328488979333682e+00 2.9508921157964729e-02
1956 2.1227924581812680e+00 2.9369785803340175e-02
1957 2.1118376392296865e+00 2.9218220969537263e-02
1958 2.0896176447941088e+00 2.8910797380100051e-02
1959 2.0789700604577157e+00 2.8763483275003412e-02
1960 2.0684048445692271e+00 2.8617308774328575e-02
1961 2.0419482355729399e+00 2.8251269722178653e-02
1962 2.0425553234674814e+00 2.8259669055499141e-02
1963 2.0168483388883285e+00 2.7904001393392240e-02
1964 2.0052436839147050e+00 2.7743445786750885e-02
1965 1.9976791470155362e+00 2.7638787025799569e-02
1966 1.9718877639634582e+00 2.7281951672964173e-02
1967 1.9683737982056253e+00 2.7233334380571753e-02
1968 1.9504142439921157e+00 2.6984855892558765e-02
1969 1.9329978514058175e+00 2.6743892289284657e-02
1970 1.9272459663450259e+00 2.6664312379553107e-02
1971 1.9071159715416020e+00 2.6385804872462452e-02
1972 1.8932787313321142e+00 2.6194360447692727e-02
1973 1.8886188486230411e+00 2.6129888880297287e-02
1974 1.8605299748219508e+00 2.5741266712446798e-02
1975 1.8623253349691278e+00 2.5766106325362897e-02
1976 1.8391234409227457e+00 2.5445097714394935e-02
1977 1.8281879240206242e+00 2.5293799933103926e-02
1978 1.8192234675624626e+00 2.5169772657142549e-02
1979 1.8006366523669861e+00 2.4912615732096230e-02
1980 1.7896038918365331e+00 2.4759972541590188e-02
1981 1.7818543997139233e+00 2.4652754842163876e-02
1982 1.7579729912913811e+00 2.4322344845016497e-02
1983 1.7585547851352190e+00 2.4330394223800265e-02
1984 1.7361020935875404e+00 2.4019751165444591e-02
1985 1.7264417489193020e+00 2.3886095963967343e-02
1986 1.7187311741378364e+00 2.3779416703411507e-02
1987 1.6975476314615070e+00 2.3486332888947255e-02
1988 1.6935315900136989e+00 2.3430769154186057e-02
1989 1.6781412026837379e+00 2.3217836242365432e-02
1990 1.6631641062687599e+00 2.3010621395728591e-02
1991 1.6581961954661275e+00 2.2941888121497712e-02
1992 1.6397602599366652e+00 2.2686818684305346e-02
1993 1.6297040572092596e+00 2.2547686609023756e-02
1994 1.6232084233183794e+00 2.2457816600631359e-02
1995 1.6007055132494423e+00 2.2146478746509362e-02
1996 1.6018815521195513e+00 2.2162749771770632e-02
1997 1.5804857827448824e+00 2.1866729705743986e-02
1998 1.5732465077397222e+00 2.1766571088987267e-02
1999 1.5636474121133799e+00 2.1633763295476924e-02
2000 1.5478208531573261e+00 2.1414795753571542e-02
