# step 24
# iter abs_residual rel_residual
0 7.2278104865846402e+01 1.0000000000000000e+00
1 1.1546600861374693e+03 1.5975240195915559e+01
2 1.1527745212176037e+03 1.5949152559509411e+01
3 1.1585072720811565e+03 1.6028467739039826e+01
4 1.2484330970662138e+03 1.7272631862490023e+01
5 1.4402468346342980e+03 1.9926460956710258e+01
6 1.2677694538270464e+03 1.7540159031287853e+01
7 1.4124522130195023e+03 1.9541909899839236e+01
8 1.3004236603879112e+03 1.7991944625576380e+01
9 1.3783981910461714e+03 1.9070757231454561e+01
10 1.3232324643113395e+03 1.8307514658379027e+01
11 1.3547601259470794e+03 1.8743713998334847e+01
12 1.3364428175034329e+03 1.8490285820083017e+01
13 1.3388396176553319e+03 1.8523446625230683e+01
14 1.3429152194676069e+03 1.8579834404349125e+01
15 1.3277325809240531e+03 1.8369775790170820e+01
16 1.3450051727494595e+03 1.8608749845418473e+01
17 1.3195692023761537e+03 1.8256831786408533e+01
18 1.3443069584353802e+03 1.8599089737210392e+01
19 1.3132163294697777e+03 1.8168936940269891e+01
20 1.3418458874598728e+03 1.8565039716390455e+01
21 1.3079856800742575e+03 1.8096568559759241e+01
22 1.3382737217512470e+03 1.8515617201574166e+01
23 1.3034526903345763e+03 1.8033852613511140e+01
24 1.3340055733958054e+03 1.8456565454667359e+01
25 1.2993510853111984e+03 1.7977105068303764e+01
26 1.3293075319973093e+03 1.8391565944688285e+01
27 1.2955114809386405e+03 1.7923982419616664e+01
28 1.3243513570126622e+03 1.8322995040763146e+01
29 1.2918249965163150e+03 1.7872978254120515e+01
30 1.3192485335202250e+03 1.8252395188955902e+01
31 1.2882212246139991e+03 1.7823118453438070e+01
32 1.3140716232937577e+03 1.8180770313952941e+01
33 1.2846546044813588e+03 1.7773772664152919e+01
34 1.3088677968927664e+03 1.8108773041602618e+01
35 1.2810958289430857e+03 1.7724535408349404e+01
36 1.3036675101297726e+03 1.8036824741731643e+01
37 1.2775263299657945e+03 1.7675149788957242e+01
38 1.2984901357302458e+03 1.7965193444686204e+01
39 1.2739346838620443e+03 1.7625457754136786e+01
40 1.2933476589212517e+03 1.7894044971458538e+01
41 1.2703142383687464e+03 1.7575367266844435e+01
42 1.2882471280015513e+03 1.7823476838423407e+01
43 1.2666615286057795e+03 1.7524830388909596e+01
44 1.2831922934637184e+03 1.7753540935327784e+01
45 1.2629752087399104e+03 1.7473828500125830e+01
46 1.2781847130489689e+03 1.7684258814220101e+01
47 1.2592553284049795e+03 1.7422362287199590e+01
48 1.2732245007417703e+03 1.7615632052126585e+01
49 1.2555028382783671e+03 1.7370444903178836e+01
50 1.2683108376860089e+03 1.7547649319805618e+01
51 1.2517192522233213e+03 1.7318097293040630e+01
52 1.2634423194692381e+03 1.7480291186581084e+01
53 1.2479064168627772e+03 1.7265345005641546e+01
54 1.2586171941787973e+03 1.7413533413955520e+01
55 1.2440663539091695e+03 1.7212216012279931e+01
56 1.2538335239662078e+03 1.7347349190926039e+01
57 1.2402011533676634e+03 1.7158739229114683e+01
58 1.2490892942249188e+03 1.7281710644507385e+01
59 1.2363129023457450e+03 1.7104943532214005e+01
60 1.2443824862358078e+03 1.7216589844815044e+01
61 1.2324036388438028e+03 1.7050857118227388e+01
62 1.2397111252414265e+03 1.7151959470193962e+01
63 1.2284753213144647e+03 1.6996507083225374e+01
64 1.2350733099348458e+03 1.7087793215209985e+01
65 1.2245298121544658e+03 1.6941919194302137e+01
66 1.2304672309105024e+03 1.7024066045925554e+01
67 1.2205688672035669e+03 1.6887117744288322e+01
68 1.2258911806677363e+03 1.6960754338303175e+01
69 1.2165941326642501e+03 1.6832125509133647e+01
70 1.2213435565443942e+03 1.6897835918793106e+01
71 1.2126071450134937e+03 1.6776963746686270e+01
72 1.2168228618978624e+03 1.6835290080673492e+01
73 1.2086093333597150e+03 1.6721652229302151e+01
74 1.2123277032838760e+03 1.6773097545017919e+01
75 1.2046020237668238e+03 1.6666209303670257e+01
76 1.2078567863335845e+03 1.6711240403652774e+01
77 1.2005864443565617e+03 1.6610651961405747e+01
78 1.2034089109101940e+03 1.6649702052147209e+01
79 1.1965637310967754e+03 1.6554995919133294e+01
80 1.1989829658860178e+03 1.6588467117551303e+01
81 1.1925349333545337e+03 1.6499255695316972e+01
82 1.1945779226431955e+03 1.6527521368475583e+01
83 1.1885010204050018e+03 1.6443444700313449e+01
84 1.1901928302487840e+03 1.6466851648336263e+01
85 1.1844628864411902e+03 1.6387575305684098e+01
86 1.1858268092570981e+03 1.6406445789607819e+01
87 1.1804213570168652e+03 1.6331658933335564e+01
88 1.1814790463301729e+03 1.6346292539394700e+01
89 1.1763771933523399e+03 1.6275706115092316e+01
90 1.1771487897182092e+03 1.6286381496901253e+01
91 1.1723310979354842e+03 1.6219726570189117e+01
92 1.1728353439170851e+03 1.6226703039515986e+01
93 1.1682837191230053e+03 1.6163729268931824e+01
94 1.1685380650382956e+03 1.6167248258752636e+01
95 1.1642356550318939e+03 1.6107722486537284e+01
96 1.1642563576319869e+03 1.6108008916295390e+01
97 1.1601874578349821e+03 1.6051713862564288e+01
98 1.1599896696503492e+03 1.6048977374315186e+01
99 1.1561396376451748e+03 1.5995710454653688e+01
100 1.1557374897054847e+03 1.5990146557531085e+01
101 1.1520926651051013e+03 1.5939718774357351e+01
102 1.1514993435988360e+03 1.5931509905193357e+01
103 1.1480469756785117e+03 1.5883744846511584e+01
104 1.1472747910266346e+03 1.5873061325501864e+01
105 1.1440029715529020e+03 1.5827794235560789e+01
106 1.1430634233290007e+03 1.5814795164463877e+01
107 1.1399610245723518e+03 1.5771872086134593e+01
108 1.1388648605586968e+03 1.5756706165338946e+01
109 1.1359214789444786e+03 1.5715983160499771e+01
110 1.1346787494226508e+03 1.5698789440158951e+01
111 1.1318846530403202e+03 1.5660131863462432e+01
112 1.1305047609337150e+03 1.5641040437239146e+01
113 1.1278508414169783e+03 1.5604322270352194e+01
114 1.1263425889435896e+03 1.5583454920880481e+01
115 1.1238203171284092e+03 1.5548558158993021e+01
116 1.1221919476107382e+03 1.5526028936337095e+01
117 1.1197933329737582e+03 1.5492843026974473e+01
118 1.1180525705923787e+03 1.5468758798637131e+01
119 1.1157701230422892e+03 1.5437180113026518e+01
120 1.1139242088676851e+03 1.5411641062465767e+01
121 1.1117509047696760e+03 1.5381572425469225e+01
122 1.1098066298867020e+03 1.5354672510390063e+01
123 1.1077358792262769e+03 1.5326022746201190e+01
124 1.1056996160753754e+03 1.5297850132175395e+01
125 1.1037252332627429e+03 1.5270533660384981e+01
126 1.1016029635330792e+03 1.5241171106765142e+01
127 1.0997191401756104e+03 1.5215107565655904e+01
128 1.0975164815434173e+03 1.5184632795512423e+01
129 1.0957177605424292e+03 1.5159746683676389e+01
130 1.0934399909868632e+03 1.5128232720218246e+01
131 1.0917212434669941e+03 1.5104453077364312e+01
132 1.0893733238513378e+03 1.5071968556360140e+01
133 1.0877297275775907e+03 1.5049228664704184e+01
134 1.0853163221768923e+03 1.5015838118491361e+01
135 1.0837433411672127e+03 1.4994075220687121e+01
136 1.0812688376700801e+03 1.4959839354905560e+01
137 1.0797622035141958e+03 1.4938994395582391e+01
138 1.0772307304171156e+03 1.4903970329832761e+01
139 1.0757864254723625e+03 1.4883987723102356e+01
140 1.0732018690391069e+03 1.4848229225587060e+01
141 1.0718161096221365e+03 1.4829056622493185e+01
142 1.0691821292846648e+03 1.4792614323094764e+01
143 1.0678513515703057e+03 1.4774202416517674e+01
144 1.0651713940624009e+03 1.4737124002343990e+01
145 1.0638922397488257e+03 1.4719426328671590e+01
146 1.0611695529637134e+03 1.4681756735782210e+01
147 1.0599388563580421e+03 1.4664729496233587e+01
148 1.0571765012100395e+03 1.4626511073751015e+01
149 1.0559912776355209e+03 1.4610112973984585e+01
150 1.0531921400326883e+03 1.4571385649741261e+01
151 1.0520495743119138e+03 1.4555577740514876e+01
152 1.0492163758016566e+03 1.4516379168339860e+01
153 1.0481138117913993e+03 1.4501124700720602e+01
154 1.0452491196661147e+03 1.4461490400255730e+01
155 1.0441840510119666e+03 1.4446754697706183e+01
156 1.0412902872588820e+03 1.4406718178231085e+01
157 1.0402603481843150e+03 1.4392468509171850e+01
158 1.0373397988396587e+03 1.4352061399023112e+01
159 1.0363427553354461e+03 1.4338266854934508e+01
160 1.0333975781027368e+03 1.4297519006908114e+01
161 1.0324313207362954e+03 1.4284150402844203e+01
162 1.0294635529043051e+03 1.4243090003744106e+01
163 1.0285260887849079e+03 1.4230119767167798e+01
164 1.0255376543608375e+03 1.4188773436496605e+01
165 1.0246271007434968e+03 1.4176175518786524e+01
166 1.0216198166708814e+03 1.4134568394773003e+01
167 1.0207343943746790e+03 1.4122318180163118e+01
168 1.0177099774287442e+03 1.4080474015162551e+01
169 1.0168480047089658e+03 1.4068548235960423e+01
170 1.0138080767373675e+03 1.4026489468962579e+01
171 1.0129679638449935e+03 1.4014866130277465e+01
172 1.0099140573906503e+03 1.3972613964701022e+01
173 1.0090943013405549e+03 1.3961272272059565e+01
174 1.0060278648025914e+03 1.3918846747156067e+01
175 1.0052270441556151e+03 1.3907767034309934e+01
176 1.0021494466797565e+03 1.3865187092824600e+01
177 1.0013662172155475e+03 1.3854350761882296e+01
178 9.9827875258429276e+02 1.3811634303876302e+01
179 9.9751184302698948e+02 1.3801023766166068e+01
180 9.9441573467225192e+02 1.3758187718368687e+01
181 9.9366394213113358e+02 1.3747786331357865e+01
182 9.9056034660979810e+02 1.3704846695252353e+01
183 9.8982253330696983e+02 1.3694638717273438e+01
184 9.8671254400460498e+02 1.3651610620339557e+01
185 9.8598763320218234e+02 1.3641581154240964e+01
186 9.8287228418032032e+02 1.3598478903183823e+01
187 9.8215925727239028e+02 1.3588613856095863e+01
188 9.7903952593265285e+02 1.3545450973705298e+01
189 9.7833741900903851e+02 1.3535737009498330e+01
190 9.7521422962338340e+02 1.3492526283491443e+01
191 9.7452213053170044e+02 1.3482950782128098e+01
192 9.7139635705754336e+02 1.3439704304097736e+01
193 9.7071340264633830e+02 1.3430255323490501e+01
194 9.6758587122223935e+02 1.3386984523434192e+01
195 9.6691124481867701e+02 1.3377650764548088e+01
196 9.6378273646052605e+02 1.3334366448170982e+01
197 9.6311566502266476e+02 1.3325137215624011e+01
198 9.5998691833291059e+02 1.3281849601822273e+01
199 9.5932667049505756e+02 1.3272714776842033e+01
200 9.5619838332436404e+02 1.3229433520692611e+01
201 9.5554426703434990e+02 1.3220383528426927e+01
202 9.5241709909068766e+02 1.3177117757285494e+01
203 9.5176845945139405e+02 1.3168143536938993e+01
204 9.4864303432147688e+02 1.3124901878407433e+01
205 9.4799925168126833e+02 1.3115994856821803e+01
206 9.4487615845593018e+02 1.3072785461236032e+01
207 9.4423664670834512e+02 1.3063937529365488e+01
208 9.4111644193153404e+02 1.3020768096760657e+01
209 9.4048064648307366e+02 1.3011971581555390e+01
210 9.3736385591339240e+02 1.2968849386037586e+01
211 9.3673125252498357e+02 1.2960097034414879e+01
212 9.3361837237634768e+02 1.2917028941326196e+01
213 9.3298846505341191e+02 1.2908313890978585e+01
214 9.2987996415296448e+02 1.2865306386752829e+01
215 9.2925228388293624e+02 1.2856622148681103e+01
216 9.2614860447987508e+02 1.2813681352034292e+01
217 9.2552270815974293e+02 1.2805021795709541e+01
218 9.2242426760245826e+02 1.2762153480843848e+01
219 9.2179973606360375e+02 1.2753512806880222e+01
220 9.1870692806520435e+02 1.2710722420993100e+01
221 9.1808336550756212e+02 1.2702095153319167e+01
222 9.1499656116698361e+02 1.2659387830730843e+01
223 9.1437359359188576e+02 1.2650768794907281e+01
224 9.1129314270462373e+02 1.2608149375195328e+01
225 9.1067041698916012e+02 1.2599533685608289e+01
226 9.0759664896081040e+02 1.2557006726246877e+01
227 9.0697383169889986e+02 1.2548389770073683e+01
228 9.0390705672527565e+02 1.2505959562761021e+01
229 9.0328383340694654e+02 1.2497336988615146e+01
230 9.0022434340333552e+02 1.2455007572130171e+01
231 8.9960041708205142e+02 1.2446375271623094e+01
232 8.9654848648806785e+02 1.2404150442960967e+01
233 8.9592357757048080e+02 1.2395504547793310e+01
234 8.9287946419368302e+02 1.2353387873837235e+01
235 8.9225330891524857e+02 1.2344724734708219e+01
236 8.8921725519004383e+02 1.2302719569646962e+01
237 8.8858960492042559e+02 1.2294035746644363e+01
238 8.8556183822494484e+02 1.2252145236356352e+01
239 8.8493245909425968e+02 1.2243437493785439e+01
240 8.8191319253656229e+02 1.2201664586716261e+01
241 8.8128186447239716e+02 1.2192929879776491e+01
242 8.7827129783245846e+02 1.2151277339971712e+01
243 8.7763781374630992e+02 1.2142512803500752e+01
244 8.7463613381000312e+02 1.2100983215226707e+01
245 8.7400029932620521e+02 1.2092186159950035e+01
246 8.7100768086101664e+02 1.2050781941193289e+01
247 8.7036931317643257e+02 1.2041949837947515e+01
248 8.6738591940287711e+02 1.2000673246937099e+01
249 8.6674484725038019e+02 1.1991803726164704e+01
250 8.6377083001912683e+02 1.1950656863822736e+01
251 8.6312689283089014e+02 1.1941747703995818e+01
252 8.6016239401645441e+02 1.1900732533219852e+01
253 8.5951544118115123e+02 1.1891781650563148e+01
254 8.5656059241344997e+02 1.1850899992512129e+01
255 8.5591048331266450e+02 1.1841905441506784e+01
256 8.5296540675302128e+02 1.1801158986337414e+01
257 8.5231200980635913e+02 1.1792118946509657e+01
258 8.4937681873208999e+02 1.1751509261464411e+01
259 8.4872001123433938e+02 1.1742422035132597e+01
260 8.4579481023396636e+02 1.1701950567240592e+01
261 8.4513447784193954e+02 1.1692814572415433e+01
262 8.4221936322875069e+02 1.1652482654214207e+01
263 8.4155539962052637e+02 1.1643296419884230e+01
264 8.3865046014688983e+02 1.1603105279302607e+01
265 8.3798276641907125e+02 1.1593867437094959e+01
266 8.3508808331816044e+02 1.1553818198030326e+01
267 8.3441656792417257e+02 1.1544527481357079e+01
268 8.3153221536814556e+02 1.1504621170014515e+01
269 8.3085679340967101e+02 1.1495276404269367e+01
270 8.2798283914354795e+02 1.1455513957931608e+01
271 8.2730343237750355e+02 1.1446114060586410e+01
272 8.2443993739993607e+02 1.1406496323197164e+01
273 8.2375647377227529e+02 1.1397040297351865e+01
274 8.2090349337125531e+02 1.1357568033845297e+01
275 8.2021590649475218e+02 1.1348054961002846e+01
276 8.1737349013467190e+02 1.1308728855741009e+01
277 8.1668171944364974e+02 1.1299157897948104e+01
278 8.1384991106388338e+02 1.1259978558851952e+01
279 8.1315390119847700e+02 1.1250348950180028e+01
280 8.1033273951043645e+02 1.1211316912839303e+01
281 8.0963244025440565e+02 1.1201627958524153e+01
282 8.0682195906189429e+02 1.1162743690629638e+01
283 8.0611732501041024e+02 1.1152994762475091e+01
284 8.0331755331960585e+02 1.1114258665340266e+01
285 8.0260854365379305e+02 1.1104449198598868e+01
286 7.9981950615316373e+02 1.1065861613799765e+01
287 7.9910608423080635e+02 1.1055991101510026e+01
288 7.9632780127279818e+02 1.1017552310631864e+01
289 7.9560993485276913e+02 1.1007620306723329e+01
290 7.9284242268556443e+02 1.0969330534566998e+01
291 7.9212008323966074e+02 1.0959336644339183e+01
292 7.8936335448906470e+02 1.0921196065588362e+01
293 7.8863651723979274e+02 1.0911139946233529e+01
294 7.8589058052268797e+02 1.0873148680106652e+01
295 7.8515922454877932e+02 1.0863030042169671e+01
296 7.8242408522127562e+02 1.0825188162770919e+01
297 7.8168819265298919e+02 1.0815006759015905e+01
298 7.7896385265696483e+02 1.0777314293212036e+01
299 7.7822340903309134e+02 1.0767069923561673e+01
300 7.7550986720959611e+02 1.0729526855318090e+01
301 7.7476486104817741e+02 1.0719219360914336e+01
302 7.7206211321000615e+02 1.0681825632299180e+01
303 7.7131253598768660e+02 1.0671454895217586e+01
304 7.6862057518717063e+02 1.0634210410106743e+01
305 7.6786642094200818e+02 1.0623776347861167e+01
306 7.6518523750126064e+02 1.0586680972356731e+01
307 7.6442650311660145e+02 1.0576183541826872e+01
308 7.6175608487699469e+02 1.0539237107708777e+01
309 7.6099276934680518e+02 1.0528676294975705e+01
310 7.5833310178239640e+02 1.0491878601271017e+01
311 7.5756520684451868e+02 1.0481254430378559e+01
312 7.5491627275329836e+02 1.0444605239089759e+01
313 7.5414380217737278e+02 1.0433917762192580e+01
314 7.5150558279938105e+02 1.0397416813767212e+01
315 7.5072854235989757e+02 1.0386666110757970e+01
316 7.4810101621284628e+02 1.0350313107978938e+01
317 7.4731941401698055e+02 1.0339499291024046e+01
318 7.4470255811385198e+02 1.0303293915855651e+01
319 7.4391640374393330e+02 1.0292417117530933e+01
320 7.4131019305214500e+02 1.0256359023636168e+01
321 7.4051949826648001e+02 1.0245419406623069e+01
322 7.3792390604514981e+02 1.0209508224029836e+01
323 7.3712868386946673e+02 1.0198505968545149e+01
324 7.3454368180296535e+02 1.0162741305494018e+01
325 7.3374394726855905e+02 1.0151676619502448e+01
326 7.3116950527661845e+02 1.0116058059819416e+01
327 7.3036527465601750e+02 1.0104931168458696e+01
328 7.2780136136158717e+02 1.0069458278028197e+01
329 7.2699265252843463e+02 1.0058269428588197e+01
330 7.2443923489446797e+02 1.0022941750327872e+01
331 7.2362606703659776e+02 1.0011691208280878e+01
332 7.2108311097135265e+02 9.9765082705161845e+00
333 7.2026550458754377e+02 9.9651963194719997e+00
334 7.1773297436948053e+02 9.9301576279794119e+00
335 7.1691095113172298e+02 9.9187845677797402e+00
336 7.1438881029769720e+02 9.8838896180753011e+00
337 7.1356239292378132e+02 9.8724557630309597e+00
338 7.1105060356939862e+02 9.8377040306903734e+00
339 7.1021981597392801e+02 9.8262097116706286e+00
340 7.0771833938695545e+02 9.7916006610927884e+00
341 7.0688320629433895e+02 9.7800462201709273e+00
342 7.0439200252732144e+02 9.7455792986648717e+00
343 7.0355254992893492e+02 9.7339650954432386e+00
344 7.0107157832372116e+02 9.6996397404852104e+00
345 7.0022783261127756e+02 9.6879661401049884e+00
346 6.9775705161297083e+02 9.6537817767643528e+00
347 6.9690904045644515e+02 9.6420491620520590e+00
348 6.9444840747012688e+02 9.6080052010090107e+00
349 6.9359615906136048e+02 9.5962139620114151e+00
350 6.9114563108597247e+02 9.5623098083270275e+00
351 6.9028917440072883e+02 9.5504603459368145e+00
352 6.8784870736084645e+02 9.5166953898078184e+00
353 6.8698807203401691e+02 9.5047881140370016e+00
354 6.8455762145560595e+02 9.4711617401451846e+00
355 6.8369283784523600e+02 9.4591970710109425e+00
356 6.8127235837661556e+02 9.4257086518954569e+00
357 6.8040345729540081e+02 9.4136870157052517e+00
358 6.7799290332577345e+02 9.3803359203202579e+00
359 6.7711991612030283e+02 9.3682577507682065e+00
360 6.7471924113828584e+02 9.3350433356078657e+00
361 6.7384219985944276e+02 9.3229090761323157e+00
362 6.7145135713612638e+02 9.2898306946811982e+00
363 6.7057029403965271e+02 9.2776407915548091e+00
364 6.6818923610331126e+02 9.2446977870202982e+00
365 6.6730418422691685e+02 9.2324526973346028e+00
366 6.6493286331414686e+02 9.1996444088885880e+00
367 6.6404385568623877e+02 9.1873445896064112e+00
368 6.6168222374595371e+02 9.1546703524405579e+00
369 6.6078929408117062e+02 9.1423162700190499e+00
370 6.5843730240246600e+02 9.1097754101961463e+00
371 6.5754048451980032e+02 9.0973675325362358e+00
372 6.5519808441153816e+02 9.0649593763925473e+00
373 6.5429741253371719e+02 9.0524981769810147e+00
374 6.5196455475738776e+02 9.0202220432796771e+00
375 6.5106006326757893e+02 9.0077079978230667e+00
376 6.4873669848804036e+02 8.9755632039902604e+00
377 6.4782842214734239e+02 8.9629967934239652e+00
378 6.4551450051197958e+02 8.9309826497264009e+00
379 6.4460247421801478e+02 8.9183643568746778e+00
380 6.4229794603206437e+02 8.8864801757630154e+00
381 6.4138220481182611e+02 8.8738104852400284e+00
382 6.3908701979247633e+02 8.8420555710290127e+00
383 6.3816759899541546e+02 8.8293349719102689e+00
384 6.3588170698036060e+02 8.7977086305819014e+00
385 6.3495864190203702e+02 8.7849376111973054e+00
386 6.3268199237014790e+02 8.7534391437691017e+00
387 6.3175531872179170e+02 8.7406181981995381e+00
388 6.2948786104179658e+02 8.7092469041651466e+00
389 6.2855761424988441e+02 8.6963765225518106e+00
390 6.2629929790446283e+02 8.6651317029814408e+00
391 6.2536551373039322e+02 8.6522123800993214e+00
392 6.2311628782975686e+02 8.6210933309099289e+00
393 6.2217900199901544e+02 8.6081255610371414e+00
394 6.1993881576342835e+02 8.5771315796683023e+00
395 6.1899806409461326e+02 8.5641158583712205e+00
396 6.1676686648740497e+02 8.5332462387077062e+00
397 6.1582268482347240e+02 8.5201830618897052e+00
398 6.1360042501101702e+02 8.4894371006255014e+00
399 6.1265284918059979e+02 8.4763269639917862e+00
400 6.1043947597803663e+02 8.4457039529613880e+00
401 6.0948854185830248e+02 8.4325473528886654e+00
402 6.0728400447019123e+02 8.4020465893143719e+00
403 6.0632974771322756e+02 8.3888440190652638e+00
404 6.0413399502048037e+02 8.3584647956915656e+00
405 6.0317645159928361e+02 8.3452167529686125e+00
406 6.0098943263583249e+02 8.3149583646570981e+00
407 6.0002863802597687e+02 8.3016653402807830e+00
408 5.9785030189004249e+02 8.2715270827825051e+00
409 5.9688629199440209e+02 8.2581895734851916e+00
410 5.9471658764003962e+02 8.2281707405566085e+00
411 5.9374939782368426e+02 8.2147892356299028e+00
412 5.9158827463065722e+02 8.1848891269173354e+00
413 5.9061794040949235e+02 8.1714641177397169e+00
414 5.8846534737114871e+02 8.1416820275432595e+00
415 5.8749190419276488e+02 8.1282140045480453e+00
416 5.8534779073268066e+02 8.0985492331201847e+00
417 5.8437127384056180e+02 8.0850386839167800e+00
418 5.8223558916663183e+02 8.0554905285259597e+00
419 5.8125603374192349e+02 8.0419379398612953e+00
420 5.7912872750036615e+02 8.0125057038403629e+00
421 5.7814616845624028e+02 7.9989115587538304e+00
422 5.7602719012669218e+02 7.9695945431308965e+00
423 5.7504166241577559e+02 7.9559593252077674e+00
424 5.7293096180219732e+02 7.9267568354981117e+00
425 5.7194249998229850e+02 7.9130810228611663e+00
426 5.6984002684741586e+02 7.8839923640095684e+00
427 5.6884866568140183e+02 7.8702764376186636e+00
428 5.6675436994522852e+02 7.8413009167460501e+00
429 5.6576014366019967e+02 7.8275453501484726e+00
430 5.6367397543461209e+02 7.7986822770302764e+00
431 5.6267691846885202e+02 7.7848875466951259e+00
432 5.6059882782511511e+02 7.7561362305449029e+00
433 5.5959897411040731e+02 7.7423028059336243e+00
434 5.5752891157997442e+02 7.7136625623318436e+00
435 5.5652629506242852e+02 7.6997909131040885e+00
436 5.5446421094620052e+02 7.6712610544414215e+00
437 5.5345886535625630e+02 7.6573516472729546e+00
438 5.5140471043225568e+02 7.6289314925412652e+00
439 5.5039666927504970e+02 7.6149847909906789e+00
440 5.4835039423463809e+02 7.5866736579828382e+00
441 5.4733969080386555e+02 7.5726901226833379e+00
442 5.4530124683691020e+02 7.5444873360892668e+00
443 5.4428791409982034e+02 7.5304674231575337e+00
444 5.4225725228306203e+02 7.5023723061019965e+00
445 5.4124132322851915e+02 7.4883164719537643e+00
446 5.3921839500079795e+02 7.4603283525713335e+00
447 5.3819990213934216e+02 7.4462370470045061e+00
448 5.3618465897514182e+02 7.4183552539228979e+00
449 5.3516363495320456e+02 7.4042289286154990e+00
450 5.3315602853069322e+02 7.3764527932804951e+00
451 5.3213250538227305e+02 7.3622918914372617e+00
452 5.3013248771667077e+02 7.3346207499579092e+00
453 5.2910649755355382e+02 7.3204257158598063e+00
454 5.2711402066293783e+02 7.2928589043846834e+00
455 5.2608559507523034e+02 7.2786301750949995e+00
456 5.2410061143607447e+02 7.2511670361148042e+00
457 5.2306978198996364e+02 7.2369050483658990e+00
458 5.2109224398996548e+02 7.2095449231430715e+00
459 5.2005904192611979e+02 7.1952501091636050e+00
460 5.1808890236779496e+02 7.1679923446997806e+00
461 5.1705335874370508e+02 7.1536651341840658e+00
462 5.1509057042554196e+02 7.1265090774251592e+00
463 5.1405271604220866e+02 7.1121498965188579e+00
464 5.1209723220908108e+02 7.0850949005867276e+00
465 5.1105709751050222e+02 7.0707041704962048e+00
466 5.0910887144398185e+02 7.0437495890204396e+00
467 5.0806648679502365e+02 7.0293277298572407e+00
468 5.0612547205763053e+02 7.0024729203544762e+00
469 5.0508086742100437e+02 6.9880203466661506e+00
470 5.0314701773850322e+02 6.9612646689115873e+00
471 5.0210022304924399e+02 6.9467817948627699e+00
472 5.0017349229862947e+02 6.9201246107239403e+00
473 4.9912453696349178e+02 6.9056118431702718e+00
474 4.9720487948379082e+02 6.8790525209071332e+00
475 4.9615379280127826e+02 6.8645102652065519e+00
476 4.9424116285685540e+02 6.8380481720460731e+00
477 4.9318797383229003e+02 6.8234768295002199e+00
478 4.9128232618383686e+02 6.7971113395362783e+00
479 4.9022706351118092e+02 6.7825113071389902e+00
480 4.8832835285513994e+02 6.7562417935765486e+00
481 4.8727104513326947e+02 6.7416134670061032e+00
482 4.8537922662504957e+02 6.7154393094001277e+00
483 4.8431990193455096e+02 6.7007830771640338e+00
484 4.8243493077044184e+02 6.6747036556350965e+00
485 4.8137361725463995e+02 6.6600199071088761e+00
486 4.7949544894135397e+02 6.6340346060723867e+00
487 4.7843217406714592e+02 6.6193237212728810e+00
488 4.7656076444609914e+02 6.5934319297750230e+00
489 4.7549555577814448e+02 6.5786942900716614e+00
490 4.7363086062849436e+02 6.5528953962972443e+00
491 4.7256374523986750e+02 6.5381313762581534e+00
492 4.7070572087824769e+02 6.5124247758282108e+00
493 4.6963672571607947e+02 6.4976347482790331e+00
494 4.6778532834146677e+02 6.4720198351867628e+00
495 4.6671448003224009e+02 6.4572041685168315e+00
496 4.6486966644004292e+02 6.4316803450073294e+00
497 4.6379699120420685e+02 6.4168394019883195e+00
498 4.6195871815811705e+02 6.3914060698678687e+00
499 4.6088424215464846e+02 6.3765402124209576e+00
500 4.5905246676171038e+02 6.3511967782462788e+00
501 4.5797621573742128e+02 6.3363063625901592e+00
502 4.5615089517981272e+02 6.3110522339574766e+00
503 4.5507289478208452e+02 6.2961376149351738e+00
504 4.5325398660033551e+02 6.2709722043986762e+00
505 4.5217426198715907e+02 6.2560337300822777e+00
506 4.5036172385004204e+02 6.2309564519704450e+00
507 4.4928030019222103e+02 6.2159944706093091e+00
508 4.4747408998370310e+02 6.1910047422279355e+00
509 4.4639099185379553e+02 6.1760195937944244e+00
510 4.4459106782807851e+02 6.1511168375716681e+00
511 4.4350631979907189e+02 6.1361088620440860e+00
512 4.4171264019140386e+02 6.1112925001458702e+00
513 4.4062626640849629e+02 6.0962620315838629e+00
514 4.3883878989427626e+02 6.0715314922657981e+00
515 4.3775081434653475e+02 6.0564788625688672e+00
516 4.3596949957352621e+02 6.0318335737042137e+00
517 4.3487994591746366e+02 6.0167591101708258e+00
518 4.3310475206456408e+02 5.9921985069813202e+00
519 4.3201364359210442e+02 5.9771025318656905e+00
520 4.3024452981022188e+02 5.9526260491858229e+00
521 4.2915188970290882e+02 5.9375088832150071e+00
522 4.2738881550325704e+02 5.9131159608642596e+00
523 4.2629466656216624e+02 5.8979779195013649e+00
524 4.2453759150005351e+02 5.8736679979092870e+00
525 4.2344195642650413e+02 5.8585093952372471e+00
526 4.2169084042020683e+02 5.8342819198552140e+00
527 4.2059374137976982e+02 5.8191030625446452e+00
528 4.1884854450752601e+02 5.7949574810371747e+00
529 4.1775000370054249e+02 5.7797586762397533e+00
530 4.1601068621656339e+02 5.7556944387060298e+00
531 4.1491072525688151e+02 5.7404759854590406e+00
532 4.1317724778804723e+02 5.7164925471542904e+00
533 4.1207588825627386e+02 5.7012547440351087e+00
534 4.1034821139267757e+02 5.6773515597055946e+00
535 4.0924547452869706e+02 5.6620947005775459e+00
536 4.0752355924121611e+02 5.6382712302378497e+00
537 4.0641946609090047e+02 5.6229956062800150e+00
538 4.0470327336868280e+02 5.5992513101975003e+00
539 4.0359784463661668e+02 5.5839572078670940e+00
540 4.0188733594856234e+02 5.5602915529467110e+00
541 4.0078059203970935e+02 5.5449792545555567e+00
542 3.9907572879843968e+02 5.5213917069236143e+00
543 3.9796768999656626e+02 5.5060614931067189e+00
544 3.9626843397235939e+02 5.4825515238378681e+00
545 3.9515912016074441e+02 5.4672036696893125e+00
546 3.9346543316927847e+02 5.4437707504863324e+00
547 3.9235486417502455e+02 5.4284055303229755e+00
548 3.9066670834779399e+02 5.4050491372581053e+00
549 3.8955490346159604e+02 5.3896668179753640e+00
550 3.8787224110980276e+02 5.3663864296071795e+00
551 3.8675921961490474e+02 5.3509872779973815e+00
552 3.8508201321582459e+02 5.3277823751821627e+00
553 3.8396779388060764e+02 5.3123666509142806e+00
554 3.8229600622973942e+02 5.2892367189110665e+00
555 3.8118060777592757e+02 5.2738046810085493e+00
556 3.7951420163601586e+02 5.2507492046232089e+00
557 3.7839764244552032e+02 5.2353011074080431e+00
558 3.7673658095650023e+02 5.2123195766650445e+00
559 3.7561887921176270e+02 5.1968556716994669e+00
560 3.7396312553042304e+02 5.1739475768564596e+00
561 3.7284429909022373e+02 5.1584681112247033e+00
562 3.7119381681105142e+02 5.1356329485950836e+00
563 3.7007388322521797e+02 5.1201381651068871e+00
564 3.6842863591479482e+02 5.0973754306179728e+00
565 3.6730761260822362e+02 5.0818655703545934e+00
566 3.6566756416446179e+02 5.0591747645178069e+00
567 3.6454546818842721e+02 5.0436500633912722e+00
568 3.6291058250975271e+02 5.0210306867251440e+00
569 3.6178743088596980e+02 5.0054913802385173e+00
570 3.6015767215627392e+02 4.9829429372111189e+00
571 3.5903348138554264e+02 4.9673892536603690e+00
572 3.5740881398401660e+02 4.9449112514418339e+00
573 3.5628360053901872e+02 4.9293434187339011e+00
574 3.5466398896033257e+02 4.9069353660920632e+00
575 3.5353776886651286e+02 4.8913536059461649e+00
576 3.5192317786923292e+02 4.8690150152999836e+00
577 3.5079596711206290e+02 4.8534195488822869e+00
578 3.4918636144306788e+02 4.8311499324890166e+00
579 3.4805817566459280e+02 4.8155409762142343e+00
580 3.4645352041653496e+02 4.7933398511150607e+00
581 3.4532437503473221e+02 4.7777176182978263e+00
582 3.4372463533276073e+02 4.7555845019835470e+00
583 3.4259454549186341e+02 4.7399492021511174e+00
584 3.4099968684158836e+02 4.7178836173763745e+00
585 3.3986866738065180e+02 4.7022354558337360e+00
586 3.3827865522825920e+02 4.6802369245310160e+00
587 3.3714672088796414e+02 4.6645761052220971e+00
588 3.3556152101826763e+02 4.6426441540089503e+00
589 3.3442868614231844e+02 4.6269708753853358e+00
590 3.3284826433943601e+02 4.6051050308696864e+00
591 3.3171454323851486e+02 4.5894194909260833e+00
592 3.3013886555191038e+02 4.5676192833870362e+00
593 3.2900427204087094e+02 4.5519216732581409e+00
594 3.2743330468293630e+02 4.5301866352289828e+00
595 3.2629785255469585e+02 4.5144771457459933e+00
596 3.2473156185195933e+02 4.4928068113391397e+00
597 3.2359526447148676e+02 4.4770856274123938e+00
598 3.2203361696056680e+02 4.4554795336469519e+00
599 3.2089648764773148e+02 4.4397468395628179e+00
600 3.1933944989421906e+02 4.4182045238587415e+00
601 3.1820150162064806e+02 4.4024604990854970e+00
602 3.1664904046802087e+02 4.3809815027074288e+00
603 3.1551028603024315e+02 4.3652263242907932e+00
604 3.1396236836385390e+02 4.3438101890827339e+00
605 3.1282282025277260e+02 4.3280440298399530e+00
606 3.1127941325232325e+02 4.3066903017183593e+00
607 3.1013908376477872e+02 4.2909133317817361e+00
608 3.0860015458910408e+02 4.2696215563743571e+00
609 3.0745905582904197e+02 4.2538339432074084e+00
610 3.0592457186914112e+02 4.2326036693540887e+00
611 3.0478271566467538e+02 4.2168055766040773e+00
612 3.0325264440584920e+02 4.1956363544493716e+00
613 3.0211004241091621e+02 4.1798279433537333e+00
614 3.0058435149673562e+02 4.1587193252319326e+00
615 2.9944101505366439e+02 4.1429007527168764e+00
616 2.9791967231200874e+02 4.1218522935122612e+00
617 2.9677561256680002e+02 4.1060237137877076e+00
618 2.9525858591079992e+02 4.0850349695640480e+00
619 2.9411381378707017e+02 4.0691965337631295e+00
620 2.9260107129468781e+02 4.0482670628647144e+00
621 2.9145559747520440e+02 4.0324189187883093e+00
622 2.8994710732934789e+02 4.0115482810114003e+00
623 2.8880094231096996e+02 3.9956905738882642e+00
624 2.8729667280819132e+02 3.9748783306014395e+00
625 2.8614982682785677e+02 3.9590112020641985e+00
626 2.8464974646035682e+02 3.9382569173429238e+00
627 2.8350222952079787e+02 3.9223805057838654e+00
628 2.8200630683706737e+02 3.9016837444824031e+00
629 2.8085812874008076e+02 3.8857981855137815e+00
630 2.7936633247398743e+02 3.8651585150511671e+00
631 2.7821750279061246e+02 3.8492639410926044e+00
632 2.7672980171824889e+02 3.8286809294720747e+00
633 2.7558032984175424e+02 3.8127774704836557e+00
634 2.7409669290676152e+02 3.7922506880265550e+00
635 2.7294658794424606e+02 3.7763384700090774e+00
636 2.7146698421011257e+02 3.7558674886948920e+00
637 2.7031625510309141e+02 3.7399466353582280e+00
638 2.6884065372417683e+02 3.7195310284236878e+00
639 2.6768930914311682e+02 3.7036016597276356e+00
640 2.6621767944953967e+02 3.6832410028411746e+00
641 2.6506572786714014e+02 3.6673032360093289e+00
642 2.6359803921389704e+02 3.6469971051835799e+00
643 2.6244548892436450e+02 3.6310510549700088e+00
644 2.6098171084323417e+02 3.6107990286634637e+00
645 2.5982856986237317e+02 3.5948448059704186e+00
646 2.5836867193567281e+02 3.5746464633407933e+00
647 2.5721494814051891e+02 3.5586841771505937e+00
648 2.5575890009982589e+02 3.5385390994206842e+00
649 2.5460460106071514e+02 3.5225688544723250e+00
650 2.5315237275094887e+02 3.5024766244330658e+00
651 2.5199750587468267e+02 3.4864985232029673e+00
652 2.5054906722070123e+02 3.4664587247512806e+00
653 2.4939363967484650e+02 3.4504728664059447e+00
654 2.4794896071209854e+02 3.4304850849688222e+00
655 2.4679297949524369e+02 3.4144915663368596e+00
656 2.4535203033354941e+02 3.3945553883702573e+00
657 2.4419550217044946e+02 3.3785543024916698e+00
658 2.4275825307001381e+02 3.3586693165321835e+00
659 2.4160118452539365e+02 3.3426607542328846e+00
660 2.4016760577139405e+02 3.3228265491626154e+00
661 2.3901000314685123e+02 3.3068105976280338e+00
662 2.3758006522255806e+02 3.2870267650697889e+00
663 2.3642193463654462e+02 3.2710035089514524e+00
664 2.3499560798095948e+02 3.2512696399155594e+00
665 2.3383695536137802e+02 3.2352391612286597e+00
666 2.3241421062391311e+02 3.2155548496365718e+00
667 2.3125504164445607e+02 3.1995172268791885e+00
668 2.2983584944913943e+02 3.1798820663011580e+00
669 2.2867616966412504e+02 3.1638373763197749e+00
670 2.2726050079630789e+02 3.1442509625580315e+00
671 2.2610031540718282e+02 3.1281992773169969e+00
672 2.2468814073891375e+02 3.1086612073732680e+00
673 2.2352745487757480e+02 3.0926025978746754e+00
674 2.2211874531359445e+02 3.0731124692029979e+00
675 2.2095756378210689e+02 3.0570470018855742e+00
676 2.1955229038095419e+02 3.0376044140678529e+00
677 2.1839061787070358e+02 3.0215321538390221e+00
678 2.1698875167273277e+02 3.0021367062055684e+00
679 2.1582659261239294e+02 2.9860577143380187e+00
680 2.1442810482481852e+02 2.9667090085277308e+00
681 2.1326546346755444e+02 2.9506233438659075e+00
682 2.1187032529168485e+02 2.9313209814359702e+00
683 2.1070720564740756e+02 2.9152286994587917e+00
684 2.0931538844754371e+02 2.8959722842214641e+00
685 2.0815179435449426e+02 2.8798734380327162e+00
686 2.0676326944775968e+02 2.8606625731475370e+00
687 2.0559920454574223e+02 2.8445572131055430e+00
688 2.0421394342984365e+02 2.8253915042305011e+00
689 2.0304941108804644e+02 2.8092796769494912e+00
690 2.0166738525342745e+02 2.7901587296420858e+00
691 2.0050238874108558e+02 2.7740404803533947e+00
692 1.9912356975975098e+02 2.7549639012995608e+00
693 1.9795811203221885e+02 2.7388392708918419e+00
694 1.9658247157549485e+02 2.7198066681516719e+00
695 1.9541655545259144e+02 2.7036756956383856e+00
696 1.9404406522605552e+02 2.6846866777458525e+00
697 1.9287769333586232e+02 2.6685493994876848e+00
698 1.9150832525591923e+02 2.6496035778936524e+00
699 1.9034150044263069e+02 2.6334600332413092e+00
700 1.8897522750940610e+02 2.6145570343904052e+00
701 1.8780795528145015e+02 2.5984072995554577e+00
702 1.8644475834202055e+02 2.5795468584583956e+00
703 1.8527706406204308e+02 2.5633912843444255e+00
704 1.8391697428856963e+02 2.5445738322820359e+00
705 1.8274900619070024e+02 2.5284144697747144e+00
706 1.8139234607596191e+02 2.5096444685792432e+00
707 1.8022492187735202e+02 2.4934926311621344e+00
708 1.7887350100052359e+02 2.4747951171731226e+00
709 1.7771064023523681e+02 2.4587064169028938e+00
710 1.7637290606478058e+02 2.4401982646354932e+00
711 1.7523193115557464e+02 2.4244123650006912e+00
712 1.7394189866294403e+02 2.4065641868418282e+00
713 1.7288744054525606e+02 2.3919752858233920e+00
714 1.7176261176785877e+02 2.3764127751642508e+00
715 1.7100033067265855e+02 2.3658662743032348e+00
716 1.7038368987009844e+02 2.3573347722155051e+00
717 1.7046154954730855e+02 2.3584119957724128e+00
718 1.7118245450419184e+02 2.3683860392012126e+00
719 1.7329606918111071e+02 2.3976288462842414e+00
720 1.7697318182965108e+02 2.4485033490865127e+00
721 1.8318501404473002e+02 2.5344468339995241e+00
722 1.9222031551613716e+02 2.6594542824955432e+00
723 2.0500909445270463e+02 2.8363927752839801e+00
724 2.2133038988607771e+02 3.0622052182591610e+00
725 2.4098495920391315e+02 3.3341350005122488e+00
726 2.6149492964942618e+02 3.6178996410431683e+00
727 2.7961444570757305e+02 3.8685912729250234e+00
728 2.8993145354080576e+02 4.0113317038256655e+00
729 2.8919292285384324e+02 4.0011138005154816e+00
730 2.7684028456296369e+02 3.8302095091840065e+00
731 2.5804592577542030e+02 3.5701811254511022e+00
732 2.3927389810326369e+02 3.3104617027158367e+00
733 2.2720072195969777e+02 3.1434238955406952e+00
734 2.2485735948834457e+02 3.1110024246719910e+00
735 2.3276040053694854e+02 3.2203445423613326e+00
736 2.4648145366767162e+02 3.4101814667825026e+00
737 2.5856469445681603e+02 3.5773585228435576e+00
738 2.6024233697204392e+02 3.6005694595212931e+00
739 2.5021722409351801e+02 3.4618675262438052e+00
740 2.3497745503541867e+02 3.2510184857717910e+00
741 2.2477896540964682e+02 3.1099178074308047e+00
742 2.2495805692224394e+02 3.1123956188362025e+00
743 2.3489211901388433e+02 3.2498378236377636e+00
744 2.4612620007614802e+02 3.4052663740004911e+00
745 2.4866702612833851e+02 3.4404198420791912e+00
746 2.3914328964190091e+02 3.3086546760705589e+00
747 2.2642790342556816e+02 3.1327316044856928e+00
748 2.2081328693901563e+02 3.0550508670483500e+00
749 2.2648801622244324e+02 3.1335632919930871e+00
750 2.3708693239882101e+02 3.2802040512665931e+00
751 2.4134343708768034e+02 3.3390947028236546e+00
752 2.3346302929071467e+02 3.2300657263225094e+00
753 2.2206205070695967e+02 3.0723280738907519e+00
754 2.1825006920041028e+02 3.0195875999446695e+00
755 2.2526678056030798e+02 3.1166669488418388e+00
756 2.3415178641911575e+02 3.2395949901248668e+00
757 2.3355674929432999e+02 3.2313623846091271e+00
758 2.2322789020896249e+02 3.0884579863195118e+00
759 2.1572056360279893e+02 2.9845907554326794e+00
760 2.1873649434139892e+02 3.0263175099484183e+00
761 2.2783921103541766e+02 3.1522576782872820e+00
762 2.2979596556474041e+02 3.1793302548712230e+00
763 2.2130581276298184e+02 3.0618651827374568e+00
764 2.1321713975224179e+02 2.9499547635897323e+00
765 2.1561186150419533e+02 2.9830868131419210e+00
766 2.2389458152376503e+02 3.0976819596934675e+00
767 2.2537816575406927e+02 3.1182080129575631e+00
768 2.1668758159391101e+02 2.9979698830800761e+00
769 2.1036954827684352e+02 2.9105570582862574e+00
770 2.1427307728214245e+02 2.9645641329396972e+00
771 2.2175006115687893e+02 3.0680115585274921e+00
772 2.1975400321778591e+02 3.0403952016404672e+00
773 2.1091216133135472e+02 2.9180643532757751e+00
774 2.0816624418042915e+02 2.8800733578557622e+00
775 2.1485853400320667e+02 2.9726641892728134e+00
776 2.1880735799709626e+02 3.0272979404097433e+00
777 2.1249541304413728e+02 2.9399693508642035e+00
778 2.0565795191436678e+02 2.8453700093006504e+00
779 2.0880235655311915e+02 2.8888742578498983e+00
780 2.1523449222355359e+02 2.9778657398813237e+00
781 2.1271919328099216e+02 2.9430654508141156e+00
782 2.0467097589525901e+02 2.8317147533840812e+00
783 2.0452582299812403e+02 2.8297064979462223e+00
784 2.1109726592674789e+02 2.9206253583787274e+00
785 2.1144690839223779e+02 2.9254628187152827e+00
786 2.0371755835647653e+02 2.8185237940949288e+00
787 2.0151748077648028e+02 2.7880847339662806e+00
788 2.0744490030911646e+02 2.8700932418489637e+00
789 2.0930222561114604e+02 2.8957901704759239e+00
790 2.0221529242280758e+02 2.7977392710854052e+00
791 1.9914803880780670e+02 2.7553024415546097e+00
792 2.0453374102326970e+02 2.8298160473756155e+00
793 2.0678940181614752e+02 2.8610241261854359e+00
794 2.0008687221296805e+02 2.7682916228136354e+00
795 1.9708162632271629e+02 2.7267126979673111e+00
796 2.0230160909161322e+02 2.7989335009142842e+00
797 2.0409142495632986e+02 2.8236964061957477e+00
798 1.9744099262415079e+02 2.7316846919356301e+00
799 1.9527427121104071e+02 2.7017071293372239e+00
800 2.0058645248953513e+02 2.7752035400186359e+00
801 2.0113790503554381e+02 2.7828331333378329e+00
802 1.9447587329534628e+02 2.6906609360650520e+00
803 1.9386618116185170e+02 2.6822255719305579e+00
804 1.9912921824485832e+02 2.7550420506245583e+00
805 1.9774636983630566e+02 2.7359097226378277e+00
806 1.9151877695240000e+02 2.6497481818024040e+00
807 1.9302883926565698e+02 2.6706405712204688e+00
808 1.9749764928578736e+02 2.7324685622618059e+00
809 1.9382743208799928e+02 2.6816894611135362e+00
810 1.8906495636845202e+02 2.6157984734017417e+00
811 1.9273608972608898e+02 2.6665902500324496e+00
812 1.9509960314159866e+02 2.6992905182519409e+00
813 1.8964585715692095e+02 2.6238354963639119e+00
814 1.8766189945027006e+02 2.5963865516200881e+00
815 1.9249059524191483e+02 2.6631937237312995e+00
816 1.9147549966977041e+02 2.6491494211858950e+00
817 1.8597753774929402e+02 2.5730826519937442e+00
818 1.8752118522389924e+02 2.5944397071831458e+00
819 1.9125910368547338e+02 2.6461554856822085e+00
820 1.8687288076203106e+02 2.5854701241666640e+00
821 1.8385952205798591e+02 2.5437789549026362e+00
822 1.8795278362451725e+02 2.6004110646422145e+00
823 1.8807096737475555e+02 2.6020461898361811e+00
824 1.8260339886099482e+02 2.5263999270584150e+00
825 1.8375403988533532e+02 2.5423195617316838e+00
826 1.8722812235411655e+02 2.5903850509310673e+00
827 1.8326005477612813e+02 2.5354850561767299e+00
828 1.8041173202190467e+02 2.4960772333027053e+00
829 1.8449883380388468e+02 2.5526241196601434e+00
830 1.8385432651891932e+02 2.5437070722892745e+00
831 1.7899595061305365e+02 2.4764892624852797e+00
832 1.8077088144238198e+02 2.5010462266257028e+00
833 1.8342789125698727e+02 2.5378071491697689e+00
834 1.7878967551782227e+02 2.4736353540213782e+00
835 1.7761587325332516e+02 2.4573952732019411e+00
836 1.8142430040836584e+02 2.5100865711006533e+00
837 1.7914833003342605e+02 2.4785975001134690e+00
838 1.7538063992949080e+02 2.4264698175887491e+00
839 1.7865255655542134e+02 2.4717382516740569e+00
840 1.7896051214646536e+02 2.4759989554046764e+00
841 1.7433117028433563e+02 2.4119499343253037e+00
842 1.7555548339045743e+02 2.4288888552944439e+00
843 1.7811079613187243e+02 2.4642427532163365e+00
844 1.7380497447319397e+02 2.4046697792614937e+00
845 1.7295277232841715e+02 2.3928791803469460e+00
846 1.7634168433997834e+02 2.4397662980688519e+00
847 1.7361837352008092e+02 2.4020880713783197e+00
848 1.7079234650828408e+02 2.3629887201011637e+00
849 1.7420285853401944e+02 2.4101746837075080e+00
850 1.7314488368970132e+02 2.3955371271987724e+00
851 1.6932446592291342e+02 2.3426799338083417e+00
852 1.7173563967722171e+02 2.3760396041923895e+00
853 1.7247239790383563e+02 2.3862329847186414e+00
854 1.6813431390238060e+02 2.3262136467807304e+00
855 1.6945412394285739e+02 2.3444738106702854e+00
856 1.7130154095309121e+02 2.3700336536360456e+00
857 1.6730464531840718e+02 2.3147348097869638e+00
858 1.6722740230077000e+02 2.3136661179918403e+00
859 1.6996228612843521e+02 2.3515044624357264e+00
860 1.6642340749922042e+02 2.3025424892934696e+00
861 1.6535885894820672e+02 2.2878139826040709e+00
862 1.6829402631504215e+02 2.3284233396463359e+00
863 1.6564183761325444e+02 2.2917291193605331e+00
864 1.6357642135546601e+02 2.2631531590247995e+00
865 1.6665529782014482e+02 2.3057507958941312e+00
866 1.6465060802876414e+02 2.2780150134590280e+00
867 1.6208749135294815e+02 2.2425531446043685e+00
868 1.6486862365849939e+02 2.2810313574838181e+00
869 1.6368058035863226e+02 2.2645942455524493e+00
870 1.6059411045851692e+02 2.2218915500979399e+00
871 1.6323722591248742e+02 2.2584602379305321e+00
872 1.6248828225218784e+02 2.2480982664636588e+00
873 1.5929449021689257e+02 2.2039107211313178e+00
874 1.6154288028068191e+02 2.2350182061430313e+00
875 1.6133284222657116e+02 2.2321122354552192e+00
876 1.5791387600681824e+02 2.1848093042826493e+00
877 1.6004275074499617e+02 2.2142632411578522e+00
878 1.5999069081043177e+02 2.2135429686125074e+00
879 1.5666492737104355e+02 2.1675295397108907e+00
880 1.5850011888783186e+02 2.1929202374912844e+00
881 1.5871506813431421e+02 2.1958941567283938e+00
882 1.5530103520218861e+02 2.1486594798028951e+00
883 1.5714936442170986e+02 2.1742319435933037e+00
884 1.5728203544081765e+02 2.1760675066501114e+00
885 1.5404669301125594e+02 2.1313050929763335e+00
886 1.5575257001758374e+02 2.1549066665025629e+00
887 1.5592865048128974e+02 2.1573428186959944e+00
888 1.5267704426345821e+02 2.1123553882166433e+00
889 1.5453289826641873e+02 2.1380319607610550e+00
890 1.5442814294400742e+02 2.1365826238891801e+00
891 1.5142260127023067e+02 2.0949996067451186e+00
892 1.5325569143986783e+02 2.1203612314451510e+00
893 1.5300338934486487e+02 2.1168705187947396e+00
894 1.5007509886676857e+02 2.0763563065926984e+00
895 1.5213346126264992e+02 2.1048346735850512e+00
896 1.5143035433148461e+02 2.0951068738250780e+00
897 1.4886723958848074e+02 2.0596450317117410e+00
898 1.5093118518381686e+02 2.0882006447728050e+00
899 1.4992560935627361e+02 2.0742880521638858e+00
900 1.4760286680778367e+02 2.0421518671767291e+00
901 1.4984612523530390e+02 2.0731883536989462e+00
902 1.4827807840619957e+02 2.0514937224961121e+00
903 1.4651143729018099e+02 2.0270514502575465e+00
904 1.4863807189901505e+02 2.0564743939385028e+00
905 1.4670964048518260e+02 2.0297936803612480e+00
906 1.4539955510471140e+02 2.0116680615047104e+00
907 1.4748729445443470e+02 2.0405528718300268e+00
908 1.4503411257798453e+02 2.0066120002340786e+00
909 1.4448076502819455e+02 1.9989561886875939e+00
910 1.4615238077739403e+02 2.0220837423541171e+00
911 1.4348843696857929e+02 1.9852268848900316e+00
912 1.4354621071208837e+02 1.9860262105449629e+00
913 1.4480903271963311e+02 2.0034979194378377e+00
914 1.4191510763650842e+02 1.9634591678892734e+00
915 1.4277345953322103e+02 1.9753348513802251e+00
916 1.4323803333509770e+02 1.9817624383062928e+00
917 1.4056047189525665e+02 1.9447171748089891e+00
918 1.4191836219203572e+02 1.9635041961247721e+00
919 1.4164257367731071e+02 1.9596885383230507e+00
920 1.3927531106783889e+02 1.9269363983234526e+00
921 1.4111185731501817e+02 1.9523458394064481e+00
922 1.3986215059775918e+02 1.9350555864373291e+00
923 1.3828066637796198e+02 1.9131750429071335e+00
924 1.4008226518374576e+02 1.9381009704633094e+00
925 1.3815608594968776e+02 1.9114514168034129e+00
926 1.3738516799971413e+02 1.9007854211826851e+00
927 1.3894962492324737e+02 1.9224303844317490e+00
928 1.3643029185874877e+02 1.8875742814780998e+00
929 1.3673023781342997e+02 1.8917241682970460e+00
930 1.3748424641364576e+02 1.9021562154794576e+00
931 1.3497338052151306e+02 1.8674172596533045e+00
932 1.3603545990619591e+02 1.8821116043190114e+00
933 1.3588660532557788e+02 1.8800521344298338e+00
934 1.3368907178656102e+02 1.8496482722492238e+00
935 1.3535070729865996e+02 1.8726377448589866e+00
936 1.3405859396597390e+02 1.8547607773446293e+00
937 1.3279267664173148e+02 1.8372462433568875e+00
938 1.3435417953744025e+02 1.8588503363060183e+00
939 1.3232506515814654e+02 1.8307766287418827e+00
940 1.3206473157062553e+02 1.8271747967900873e+00
941 1.3312750710930092e+02 1.8418787730585298e+00
942 1.3068293684346969e+02 1.8080570469580941e+00
943 1.3154899559465360e+02 1.8200393582374419e+00
944 1.3149241544926980e+02 1.8192565465479429e+00
945 1.2944969468662424e+02 1.7909945885672101e+00
946 1.3087156304087924e+02 1.8106667750045011e+00
947 1.2974101416367972e+02 1.7950251241989368e+00
948 1.2851177223337845e+02 1.7780180107365289e+00
949 1.2999757170054133e+02 1.7985747127961724e+00
950 1.2792080611931252e+02 1.7698417294800846e+00
951 1.2796161220675972e+02 1.7704063000028307e+00
952 1.2863652358532710e+02 1.7797440016459503e+00
953 1.2643973166970576e+02 1.7493504001576607e+00
954 1.2742232524663181e+02 1.7629450230209720e+00
955 1.2699872973341715e+02 1.7570843890986951e+00
956 1.2529882133607772e+02 1.7335653939549434e+00
957 1.2677557754513938e+02 1.7539969784825487e+00
958 1.2513961739493030e+02 1.7313627360208024e+00
959 1.2465948592377727e+02 1.7247199017621540e+00
960 1.2562954555625745e+02 1.7381411118821577e+00
961 1.2353136033340802e+02 1.7091117782168128e+00
962 1.2416368591049086e+02 1.7178602861952177e+00
963 1.2410776703514698e+02 1.7170866234733233e+00
964 1.2227422543801022e+02 1.6917187530713538e+00
965 1.2363283430287721e+02 1.7105157160989355e+00
966 1.2226322534554259e+02 1.6915665618581497e+00
967 1.2158609720009471e+02 1.6821981902509433e+00
968 1.2259882188249188e+02 1.6962096904732700e+00
969 1.2061847400291813e+02 1.6688106893061889e+00
970 1.2111553317862104e+02 1.6756877259499343e+00
971 1.2112817060153482e+02 1.6758625703642591e+00
972 1.1934837014500496e+02 1.6512382327473101e+00
973 1.2062428295792091e+02 1.6688910588041657e+00
974 1.1929777631039788e+02 1.6505382443524705e+00
975 1.1868899552735365e+02 1.6421154891602285e+00
976 1.1959521798925748e+02 1.6546534833921724e+00
977 1.1768471975371524e+02 1.6282208833802012e+00
978 1.1825473162874189e+02 1.6361072533408503e+00
979 1.1809338156522500e+02 1.6338749028411190e+00
980 1.1650523225049166e+02 1.6119021447329607e+00
981 1.1773487082797544e+02 1.6289147459870486e+00
982 1.1627175662422832e+02 1.6086719047218718e+00
983 1.1595112542500556e+02 1.6042358282666593e+00
984 1.1660418813667346e+02 1.6132712438033565e+00
985 1.1476720412984169e+02 1.5878557461192189e+00
986 1.1554512906088132e+02 1.5986186864658636e+00
987 1.1500798526902963e+02 1.5911870611783900e+00
988 1.1378003135657794e+02 1.5741977680206507e+00
989 1.1490411877192933e+02 1.5897500216033613e+00
990 1.1323118077156683e+02 1.5666041739989229e+00
991 1.1337115141881465e+02 1.5685407306851782e+00
992 1.1357446242639186e+02 1.5713536296668902e+00
993 1.1194255500996957e+02 1.5487754585948728e+00
994 1.1292328286130207e+02 1.5623442683077562e+00
995 1.1188254254222100e+02 1.5479451591859446e+00
996 1.1122601915326297e+02 1.5388618636267073e+00
997 1.1203643858983015e+02 1.5500743800322132e+00
998 1.1026127745703499e+02 1.5255142295400277e+00
999 1.1091790646686445e+02 1.5345989864113956e+00
1000 1.1046280985444280e+02 1.5283025206522789e+00
1001 1.0931071052032431e+02 1.5123627096091299e+00
1002 1.1027517390570081e+02 1.5257064931403477e+00
1003 1.0878448925428606e+02 1.5050822023654087e+00
1004 1.0885948747583016e+02 1.5061198363997168e+00
1005 1.0903476375631971e+02 1.5085448623576452e+00
1006 1.0749465632140590e+02 1.4872367852052024e+00
1007 1.0847935700441607e+02 1.5008605608262962e+00
1008 1.0730337525837560e+02 1.4845903259021349e+00
1009 1.0694014043431488e+02 1.4795648091881191e+00
1010 1.0745349093439906e+02 1.4866672436118906e+00
1011 1.0586961812887110e+02 1.4647536529267482e+00
1012 1.0658452939159646e+02 1.4746447709084980e+00
1013 1.0588749890075661e+02 1.4650010414259169e+00
1014 1.0505676281643692e+02 1.4535074350860495e+00
1015 1.0586018802095695e+02 1.4646231831540331e+00
1016 1.0426777047386697e+02 1.4425913721367736e+00
1017 1.0476413690182929e+02 1.4494588243048072e+00
1018 1.0438549268667491e+02 1.4442201117533759e+00
1019 1.0332813331372925e+02 1.4295910705671384e+00
1020 1.0416156061630515e+02 1.4411219111186830e+00
1021 1.0277119772653276e+02 1.4218856169137781e+00
1022 1.0292598593805727e+02 1.4240271812479814e+00
1023 1.0290964290084605e+02 1.4238010679977580e+00
1024 1.0161856209273714e+02 1.4059383859240475e+00
1025 1.0250653120321725e+02 1.4182238368517974e+00
1026 1.0123540928551189e+02 1.4006372949790593e+00
1027 1.0120112862842684e+02 1.4001630067122506e+00
1028 1.0134790864772435e+02 1.4021937741150476e+00
1029 1.0002457385133049e+02 1.3838848436464075e+00
1030 1.0080163416475322e+02 1.3946358216205119e+00
1031 9.9759222374919716e+01 1.3802135869511289e+00
1032 9.9476337742379428e+01 1.3762997511765838e+00
1033 9.9824910009241293e+01 1.3811224048350996e+00
1034 9.8415943646431955e+01 1.3616287232364399e+00
1035 9.9176274849823344e+01 1.3721482464696877e+00
1036 9.8223443664622977e+01 1.3589653996453432e+00
1037 9.7860258387281945e+01 1.3539405684324173e+00
1038 9.8239885301529426e+01 1.3591928770665755e+00
1039 9.6890005893268238e+01 1.3405166899865923e+00
1040 9.7528407905319796e+01 1.3493492681682766e+00
1041 9.6735239404068565e+01 1.3383754261904963e+00
1042 9.6238252612941963e+01 1.3314993910198309e+00
1043 9.6710481148407922e+01 1.3380328846185141e+00
1044 9.5331235861407450e+01 1.3189504074345806e+00
1045 9.5970266063330385e+01 1.3277916769048996e+00
1046 9.5188996458238449e+01 1.3169824614925416e+00
1047 9.4711811922729950e+01 1.3103803994103358e+00
1048 9.5136346944084877e+01 1.3162540318491345e+00
1049 9.3840100825666212e+01 1.2983198853904721e+00
1050 9.4397115392319662e+01 1.3060264317600441e+00
1051 9.3690569574812500e+01 1.2962510534650742e+00
1052 9.3173529274209116e+01 1.2890975689961184e+00
1053 9.3623850566731079e+01 1.2953279660625301e+00
1054 9.2313655909930361e+01 1.2772008353189592e+00
1055 9.2910319008037547e+01 1.2854559369049048e+00
1056 9.2141117204083912e+01 1.2748136849341132e+00
1057 9.1722434258227423e+01 1.2690210185846897e+00
1058 9.2072298831815971e+01 1.2738615518864127e+00
1059 9.0852976764902181e+01 1.2569916841833657e+00
1060 9.1406571089558341e+01 1.2646509099708108e+00
1061 9.0641934313973536e+01 1.2540718172150720e+00
1062 9.0258967793715712e+01 1.2487733036338342e+00
1063 9.0578291629396460e+01 1.2531912921280459e+00
1064 8.9364770954800193e+01 1.2364016892898331e+00
1065 8.9978991499714880e+01 1.2448997060274707e+00
1066 8.9100021573269345e+01 1.2327387628472783e+00
1067 8.8878864190162247e+01 1.2296789512554058e+00
1068 8.9043009894672878e+01 1.2319499807022252e+00
1069 8.7948837799097120e+01 1.2168116189866458e+00
1070 8.8526218461396894e+01 1.2247999394243694e+00
1071 8.7613387784358707e+01 1.2121705175720330e+00
1072 8.7487401998232500e+01 1.2104274477120796e+00
1073 8.7556548919179619e+01 1.2113841263781218e+00
1074 8.6519279043117635e+01 1.1970330323920906e+00
1075 8.7133272057122838e+01 1.2055279011375402e+00
1076 8.6096880827085471e+01 1.1911889636133619e+00
1077 8.6173592472481033e+01 1.1922503036351839e+00
1078 8.6025737332703955e+01 1.1902046614583239e+00
1079 8.5172481330269164e+01 1.1783994819503874e+00
1080 8.5700576235154728e+01 1.1857059118279518e+00
1081 8.4647842597646601e+01 1.1711408697662917e+00
1082 8.4842859789941855e+01 1.1738390200935205e+00
1083 8.4539241810832664e+01 1.1696383291695853e+00
1084 8.3826050555949294e+01 1.1597710082678114e+00
1085 8.4306484923397363e+01 1.1664180332325611e+00
1086 8.3190352111711036e+01 1.1509758351594661e+00
1087 8.3573292531177387e+01 1.1562739876245469e+00
1088 8.3015117710175829e+01 1.1485513886156551e+00
1089 8.2567973931297729e+01 1.1423649538757290e+00
1090 8.2856668767814995e+01 1.1463591764283694e+00
1091 8.1820954236369190e+01 1.1320296013327278e+00
1092 8.2266946378937092e+01 1.1382001026677544e+00
1093 8.1546624257696777e+01 1.1282341230314967e+00
1094 8.1311947194422629e+01 1.1249872606004780e+00
1095 8.1429643063408761e+01 1.1266156357384896e+00
1096 8.0468966146559239e+01 1.1133242396977023e+00
1097 8.0990634203051371e+01 1.1205417512450841e+00
1098 8.0067206053495269e+01 1.1077657086071366e+00
1099 8.0129738877405330e+01 1.1086308782740244e+00
1100 7.9945952043716275e+01 1.1060881049953091e+00
1101 7.9222558019513045e+01 1.0960796242037070e+00
1102 7.9647425652336878e+01 1.1019578584713654e+00
1103 7.8675596745461206e+01 1.0885121696465205e+00
1104 7.8923822679818770e+01 1.0919464867861066e+00
1105 7.8495621652491366e+01 1.0860221335103506e+00
1106 7.8003665190847983e+01 1.0792156952043590e+00
1107 7.8303958851984760e+01 1.0833703926980764e+00
1108 7.7314701317589083e+01 1.0696835709941619e+00
1109 7.7747289614214779e+01 1.0756686241084987e+00
1110 7.7023223003805754e+01 1.0656508377850615e+00
1111 7.6877545942136038e+01 1.0636353302957589e+00
1112 7.6882019288651904e+01 1.0636972210512536e+00
1113 7.6075408293377194e+01 1.0525373961392439e+00
1114 7.6497516040083369e+01 1.0583774461445623e+00
1115 7.5633022201065657e+01 1.0464167861269500e+00
1116 7.5744809691704262e+01 1.0479634162004154e+00
1117 7.5469239783817372e+01 1.0441507829223520e+00
1118 7.4888089921448326e+01 1.0361103139110559e+00
1119 7.5227332502486561e+01 1.0408038871815213e+00
1120 7.4284065653183518e+01 1.0277533672342452e+00
1121 7.4642320852245334e+01 1.0327099886028708e+00
1122 7.4023562665852594e+01 1.0241491915600982e+00
1123 7.3810376585712476e+01 1.0211996665201735e+00
1124 7.3859725229909770e+01 1.0218824271471834e+00
1125 7.3071348675777642e+01 1.0109748839071466e+00
1126 7.3459405354177207e+01 1.0163438221093841e+00
1127 7.2657952687472800e+01 1.0052553649868301e+00
1128 7.2737386194015841e+01 1.0063543631784744e+00
1129 7.2483060760446122e+01 1.0028356567314560e+00
1130 7.1931277171029691e+01 9.9520148327822866e-01
1131 7.2236062741000481e+01 9.9941832834543798e-01
1132 7.1348451482653857e+01 9.8713782846246378e-01
1133 7.1687027162542208e+01 9.9182217485639279e-01
1134 7.1072824163036358e+01 9.8332440086735629e-01
1135 7.0909079330228408e+01 9.8105891766034803e-01
1136 7.0901190171895180e+01 9.8094976761625285e-01
1137 7.0191409130024880e+01 9.7112962854111096e-01
1138 7.0540665659434765e+01 9.7596174927889356e-01
1139 6.9753435889483399e+01 9.6507007231236930e-01
1140 6.9888140609443539e+01 9.6693377253265267e-01
1141 6.9551967057079253e+01 9.6228266065045476e-01
1142 6.9121157092591574e+01 9.5632221155888963e-01
1143 6.9332282870395872e+01 9.5924323139188283e-01
1144 6.8514722610362526e+01 9.4793191849082103e-01
1145 6.8865558633483715e+01 9.5278589223255605e-01
1146 6.8187612640554207e+01 9.4340620533860908e-01
1147 6.8160632256019994e+01 9.4303291961696079e-01
1148 6.8008669429198903e+01 9.4093044574741003e-01
1149 6.7444391226858826e+01 9.3312340372012648e-01
1150 6.7720929825904875e+01 9.3694943927486773e-01
1151 6.6943311354436759e+01 9.2619073893385251e-01
1152 6.7174575937919059e+01 9.2939038817633812e-01
1153 6.6688123965206444e+01 9.2266010694365352e-01
1154 6.6459316239944442e+01 9.1949444943662995e-01
1155 6.6498450230651486e+01 9.2003588575098383e-01
1156 6.5810730553311515e+01 9.1052097554938916e-01
1157 6.6144042945195736e+01 9.1513250199301788e-01
1158 6.5396483087450264e+01 9.0478967605516292e-01
1159 6.5548092035531795e+01 9.0688725385362534e-01
1160 6.5181313363055594e+01 9.0181270640724487e-01
1161 6.4849061832883493e+01 8.9721585746123567e-01
1162 6.4965657739519173e+01 8.9882901412675831e-01
1163 6.4267750101192419e+01 8.8917314891526555e-01
1164 6.4557854576354117e+01 8.9318687445082223e-01
1165 6.3917612005549231e+01 8.8432883131323281e-01
1166 6.3938572913631624e+01 8.8461883487823079e-01
1167 6.3720021097897103e+01 8.8159507247964308e-01
1168 6.3269722089143883e+01 8.7536498371916704e-01
1169 6.3475520650148297e+01 8.7821229911829646e-01
1170 6.2747301326711977e+01 8.6813705814749409e-01
1171 6.3031077683671448e+01 8.7206323132934749e-01
1172 6.2441430555444157e+01 8.6390519883359074e-01
1173 6.2407060923842572e+01 8.6342967956443750e-01
1174 6.2248864901388338e+01 8.6124096663750260e-01
1175 6.1771801871693775e+01 8.5464058564273215e-01
1176 6.1980582864994574e+01 8.5752916433040405e-01
1177 6.1295511757168136e+01 8.4805089827600233e-01
1178 6.1516081654519645e+01 8.5110258173893905e-01
1179 6.1017688915383417e+01 8.4420709464694510e-01
1180 6.0899767639900908e+01 8.4257560090895378e-01
1181 6.0824288769974046e+01 8.4153131688868299e-01
1182 6.0296453115422608e+01 8.3422847385577359e-01
1183 6.0540524670248331e+01 8.3760531329115639e-01
1184 5.9853966865516654e+01 8.2810647811823679e-01
1185 6.0069761174530768e+01 8.3109208917451227e-01
1186 5.9592773897213661e+01 8.2449275624786134e-01
1187 5.9467877876640614e+01 8.2276476378313279e-01
1188 5.9397547311996512e+01 8.2179170887563846e-01
1189 5.8891162219067937e+01 8.1478564398408571e-01
1190 5.9107892029609175e+01 8.1778419812359315e-01
1191 5.8470543438763784e+01 8.0896619449679141e-01
1192 5.8642420612925228e+01 8.1134419229405597e-01
1193 5.8217311983988502e+01 8.0546262373708066e-01
1194 5.8059178899800770e+01 8.0327478158929277e-01
1195 5.8021135244493387e+01 8.0274843055424572e-01
1196 5.7503679078042346e+01 7.9558919239475767e-01
1197 5.7734365635615994e+01 7.9878084438953290e-01
1198 5.7095293952893549e+01 7.8993900101374692e-01
1199 5.7283171205171769e+01 7.9253836706833480e-01
1200 5.6843892657347347e+01 7.8646075132785909e-01
1201 5.6720740116967455e+01 7.8475688069361271e-01
1202 5.6648501014074668e+01 7.8375742030340367e-01
1203 5.6180852661530224e+01 7.7728729558980703e-01
1204 5.6372420843343811e+01 7.7993772731002375e-01
1205 5.5776042565795329e+01 7.7168656634425958e-01
1206 5.5943357436123549e+01 7.7400144262164350e-01
1207 5.5520834301895889e+01 7.6815564554365023e-01
1208 5.5404392078012300e+01 7.6654461514793470e-01
1209 5.5326893831386442e+01 7.6547239214527441e-01
1210 5.4876663791623770e+01 7.5924325760171751e-01
1211 5.5067251260768735e+01 7.6188012072228095e-01
1212 5.4469001537996974e+01 7.5360306747244599e-01
1213 5.4666764953717212e+01 7.5633921303253371e-01
1214 5.4205013042486222e+01 7.4995066822926260e-01
1215 5.4154174891036185e+01 7.4924729960131642e-01
1216 5.4011937065771356e+01 7.4727937549028955e-01
1217 5.3636573255042762e+01 7.4208604880546158e-01
1218 5.3772586123566263e+01 7.4396784784786796e-01
1219 5.3220727567798242e+01 7.3633263720154141e-01
1220 5.3406570984893065e+01 7.3890386423412291e-01
1221 5.2942397876595940e+01 7.3248182108345272e-01
1222 5.2925076906480761e+01 7.3224217769286681e-01
1223 5.2747147627144315e+01 7.2978044630593164e-01
1224 5.2418861076195249e+01 7.2523845462590086e-01
1225 5.2528977206088655e+01 7.2676196067379450e-01
1226 5.1992219418504682e+01 7.1933567592850078e-01
1227 5.2201799729149677e+01 7.2223531353015058e-01
1228 5.1694469991008361e+01 7.1521617904837409e-01
1229 5.1756968496568476e+01 7.1608087390549746e-01
1230 5.1492062286650118e+01 7.1241577767185871e-01
1231 5.1265824777657961e+01 7.0928568025975758e-01
1232 5.1293022500022019e+01 7.0966197294776512e-01
1233 5.0827947399865465e+01 7.0322745033514589e-01
1234 5.1007379148198666e+01 7.0570996905455941e-01
1235 5.0505928621228115e+01 6.9877217609635611e-01
1236 5.0605949931444947e+01 7.0015601578615538e-01
1237 5.0289063795566122e+01 6.9577175396209412e-01
1238 5.0137238323309361e+01 6.9367118045454912e-01
1239 5.0103198349561914e+01 6.9320022214967059e-01
1240 4.9691842503779483e+01 6.8750892951622455e-01
1241 4.9858436721120469e+01 6.8981383523629292e-01
1242 4.9343066470082903e+01 6.8268345665215413e-01
1243 4.9506348065938539e+01 6.8494253076814959e-01
1244 4.9103766486621488e+01 6.7937263404680814e-01
1245 4.9069581299181600e+01 6.7889966664536150e-01
1246 4.8921777940217524e+01 6.7685474087927489e-01
1247 4.8624064969103912e+01 6.7273574838955497e-01
1248 4.8713231756196592e+01 6.7396941088330986e-01
1249 4.8248968977630803e+01 6.6754612710425265e-01
1250 4.8414464122620977e+01 6.6983582666537622e-01
1251 4.7979486955185180e+01 6.6381772245189208e-01
1252 4.8020945402096146e+01 6.6439131866042467e-01
1253 4.7788930570761373e+01 6.6118128940238852e-01
1254 4.7587604329733544e+01 6.5839585055612226e-01
1255 4.7606581408974229e+01 6.5865840695928080e-01
1256 4.7192132707743603e+01 6.5292432328345840e-01
1257 4.7360367092676135e+01 6.5525192145782651e-01
1258 4.6888027877483708e+01 6.4871689655548403e-01
1259 4.7020085127004243e+01 6.5054396783475521e-01
1260 4.6675727293480257e+01 6.4577962275178513e-01
1261 4.6614181584243283e+01 6.4492811025915397e-01
1262 4.6504833795087158e+01 6.4341523454998750e-01
1263 4.6209851536669603e+01 6.3933402269523476e-01
1264 4.6304156857145820e+01 6.4063877910315736e-01
1265 4.5871767568791931e+01 6.3465647935752301e-01
1266 4.6023280280038911e+01 6.3675272567621388e-01
1267 4.5626106524094752e+01 6.3125764861682854e-01
1268 4.5661513609631015e+01 6.3174752152650127e-01
1269 4.5448338495252216e+01 6.2879814820280289e-01
1270 4.5266205798705819e+01 6.2627826065339287e-01
1271 4.5278526836362438e+01 6.2644872773577542e-01
1272 4.4902970965244265e+01 6.2125274380931206e-01
1273 4.5055445650272901e+01 6.2336229946674993e-01
1274 4.4618269138476101e+01 6.1731376633755086e-01
1275 4.4751212124734913e+01 6.1915309218187897e-01
1276 4.4415670108226280e+01 6.1451071788150924e-01
1277 4.4386057941483330e+01 6.1410102027255964e-01
1278 4.4255969482843362e+01 6.1230118809819056e-01
1279 4.4014627818571661e+01 6.0896211792307120e-01
1280 4.4079390495738046e+01 6.0985813860992499e-01
1281 4.3693987090427669e+01 6.0452590963095942e-01
1282 4.3838501427646285e+01 6.0652533030595979e-01
1283 4.3453253763275981e+01 6.0119525607275526e-01
1284 4.3524061407222263e+01 6.0217491158638148e-01
1285 4.3280107030555385e+01 5.9879969336338468e-01
1286 4.3168664181224464e+01 5.9725783155699441e-01
1287 4.3128785610279401e+01 5.9670609364107807e-01
1288 4.2826869553902455e+01 5.9252894958151359e-01
1289 4.2944783175071009e+01 5.9416033741863816e-01
1290 4.2545175641844779e+01 5.8863158795892367e-01
1291 4.2693947595394846e+01 5.9068991466555498e-01
1292 4.2338848772398322e+01 5.8577696317553440e-01
1293 4.2380219088961944e+01 5.8634934006118200e-01
1294 4.2185875839665933e+01 5.8366051403763408e-01
1295 4.2041928713316693e+01 5.8166894097942490e-01
1296 4.2039268955610424e+01 5.8163214203856717e-01
1297 4.1729894658965570e+01 5.7735180987962254e-01
1298 4.1851513141614745e+01 5.7903445613708748e-01
1299 4.1480963526840746e+01 5.7390773601262146e-01
1300 4.1599146129436399e+01 5.7554284532843714e-01
1301 4.1300738523395864e+01 5.7141424225293591e-01
1302 4.1294234584272466e+01 5.7132425733792647e-01
1303 4.1162312874092265e+01 5.6949906130622285e-01
1304 4.0976555519252997e+01 5.6692902498354880e-01
1305 4.1020378355000112e+01 5.6753533357213803e-01
1306 4.0692009133050249e+01 5.6299219810173051e-01
1307 4.0834045862735124e+01 5.6495733996521058e-01
1308 4.0469881614298856e+01 5.5991896424808041e-01
1309 4.0587305072107199e+01 5.6154357045526149e-01
1310 4.0309883679325601e+01 5.5770532105322601e-01
1311 4.0296297664874686e+01 5.5751735244950940e-01
1312 4.0183555614135365e+01 5.5595751560889795e-01
1313 3.9999780272012927e+01 5.5341490132116122e-01
1314 4.0048535791616111e+01 5.5408945580337510e-01
1315 3.9739002139598114e+01 5.4980691889136679e-01
1316 3.9869240712376190e+01 5.5160882796216781e-01
1317 3.9538132005209391e+01 5.4702779048503192e-01
1318 3.9634094803308933e+01 5.4835547883930813e-01
1319 3.9394076492824389e+01 5.4503471785740309e-01
1320 3.9360397334813946e+01 5.4456875160008422e-01
1321 3.9279003069498515e+01 5.4344262543135713e-01
1322 3.9084618410925266e+01 5.4075322649188517e-01
1323 3.9153803031583408e+01 5.4171042675033898e-01
1324 3.8844162849541583e+01 5.3742641594766871e-01
1325 3.8986598119811049e+01 5.3939707179889551e-01
1326 3.8660266031799509e+01 5.3488212099024834e-01
1327 3.8767683455215249e+01 5.3636828922356206e-01
1328 3.8529391918105269e+01 5.3307141892581045e-01
1329 3.8513401487119722e+01 5.3285018414087493e-01
1330 3.8425775485328920e+01 5.3163783910286588e-01
1331 3.8257297840506908e+01 5.2930687531881648e-01
1332 3.8313491911352806e+01 5.3008434549391592e-01
1333 3.8033870452714432e+01 5.2621565719394769e-01
1334 3.8162940097189079e+01 5.2800139361736675e-01
1335 3.7863256226947435e+01 5.2385513285419538e-01
1336 3.7964308846989617e+01 5.2525324117800587e-01
1337 3.7743276968117740e+01 5.2219516599352045e-01
1338 3.7731464846159717e+01 5.2203173998809393e-01
1339 3.7651255193077269e+01 5.2092200346094897e-01
1340 3.7494601564099717e+01 5.1875463023957968e-01
1341 3.7554351186709461e+01 5.1958129306811740e-01
1342 3.7285982916018689e+01 5.1586829767084064e-01
1343 3.7424170310765305e+01 5.1778018225889266e-01
1344 3.7125960426112819e+01 5.1365431474747980e-01
1345 3.7249307418502845e+01 5.1536087571250466e-01
1346 3.7015054934973755e+01 5.1211988753269722e-01
1347 3.7039936509765482e+01 5.1246413528017076e-01
1348 3.6934536303810440e+01 5.1100587615521620e-01
1349 3.6822422746817516e+01 5.0945473480748704e-01
1350 3.6854773368852278e+01 5.0990232017368897e-01
1351 3.6627120783001160e+01 5.0675264453853419e-01
1352 3.6748016540132674e+01 5.0842529156429539e-01
1353 3.6475447545715518e+01 5.0465417727009709e-01
1354 3.6600315396079218e+01 5.0638177998734413e-01
1355 3.6371609184069442e+01 5.0321752696169719e-01
1356 3.6417192445623954e+01 5.0384819183094243e-01
1357 3.6301625395548136e+01 5.0224926985740259e-01
1358 3.6220529624653764e+01 5.0112727349287578e-01
1359 3.6239506889992441e+01 5.0138983247078339e-01
1360 3.6038577277065734e+01 4.9860988115219740e-01
1361 3.6158139629956295e+01 5.0026407993220801e-01
1362 3.5894076016982751e+01 4.9661064140523409e-01
1363 3.6040586658053364e+01 4.9863768183943674e-01
1364 3.5795510606168214e+01 4.9524694473668579e-01
1365 3.5886957078221933e+01 4.9651214769439272e-01
1366 3.5734416678042813e+01 4.9440168283837238e-01
1367 3.5713789528268876e+01 4.9411629696927384e-01
1368 3.5689219800243549e+01 4.9377636376168726e-01
1369 3.5546541977781821e+01 4.9180235209208761e-01
1370 3.5634033631565927e+01 4.9301283836516430e-01
1371 3.5408971276056270e+01 4.8989899972858980e-01
1372 3.5549124808936362e+01 4.9183808671959800e-01
1373 3.5314003411057378e+01 4.8858507672002227e-01
1374 3.5428804990008459e+01 4.9017340805721160e-01
1375 3.5259317381972423e+01 4.8782847097909343e-01
1376 3.5283341060770233e+01 4.8816084935069576e-01
1377 3.5228755920662401e+01 4.8740563945401755e-01
1378 3.5134218325417706e+01 4.8609766942048988e-01
1379 3.5198803943905631e+01 4.8699124042111036e-01
1380 3.5005207839294634e+01 4.8431275147939934e-01
1381 3.5147800089360977e+01 4.8628557921652676e-01
1382 3.4913224075604496e+01 4.8304011485090909e-01
1383 3.5064395334156451e+01 4.8513163701841111e-01
1384 3.4862385456119277e+01 4.8233673974748625e-01
1385 3.4951786966466052e+01 4.8357364974274292e-01
1386 3.4843002873821412e+01 4.8206857302764988e-01
1387 3.4825993605843081e+01 4.8183324217593620e-01
1388 3.4835510697844342e+01 4.8196491541251213e-01
1389 3.4709176813720894e+01 4.8021702946063316e-01
1390 3.4817916812687301e+01 4.8172149611991033e-01
1391 3.4621085382353890e+01 4.7899824499567645e-01
1392 3.4774140705393883e+01 4.8111583404043734e-01
1393 3.4572010315670404e+01 4.7831926943627889e-01
1394 3.4700040324733259e+01 4.8009062203746411e-01
1395 3.4559523506292166e+01 4.7814650882777349e-01
1396 3.4604680768217875e+01 4.7877127980107897e-01
1397 3.4569748270376301e+01 4.7828797302503095e-01
1398 3.4506460415940168e+01 4.7741235717215819e-01
1399 3.4582562427624673e+01 4.7846526263814620e-01
1400 3.4425963216708247e+01 4.7629864231506103e-01
1401 3.4578985162241281e+01 4.7841576956704218e-01
1402 3.4378527026360381e+01 4.7564234134485833e-01
1403 3.4548137504219035e+01 4.7798897838208371e-01
1404 3.4369150109760568e+01 4.7551260749783486e-01
1405 3.4491109725303033e+01 4.7719997348188814e-01
1406 3.4391161444443107e+01 4.7581714418599780e-01
1407 3.4420231959462882e+01 4.7621934780040820e-01
1408 3.4428823003041089e+01 4.7633820874168703e-01
1409 3.4354220380822014e+01 4.7530604800148024e-01
1410 3.4462956735978594e+01 4.7681046424701412e-01
1411 3.4311335482954703e+01 4.7471271620415506e-01
1412 3.4477759966187556e+01 4.7701527357670587e-01
1413 3.4303171352810359e+01 4.7459976180171887e-01
1414 3.4466406093235207e+01 4.7685818765181309e-01
1415 3.4331055622553329e+01 4.7498555318065339e-01
1416 3.4433313148646299e+01 4.7640033192011766e-01
1417 3.4385946885627881e+01 4.7574499842588269e-01
1418 3.4392265083448898e+01 4.7583241352666245e-01
1419 3.4451683544088411e+01 4.7665449458080461e-01
1420 3.4361299327536507e+01 4.7540398840442294e-01
1421 3.4510547967824593e+01 4.7746891028588484e-01
1422 3.4356456010067433e+01 4.7533697893484617e-01
1423 3.4549358966760224e+01 4.7800587786420845e-01
1424 3.4386595365907681e+01 4.7575397044141915e-01
1425 3.4563958276575917e+01 4.7820786586379405e-01
1426 3.4450771855484419e+01 4.7664188096004512e-01
1427 3.4560393484337048e+01 4.7815854536423913e-01
1428 3.4538661695925562e+01 4.7785787632412213e-01
1429 3.4552283140172555e+01 4.7804633511495898e-01
1430 3.4633553294269731e+01 4.7917074414931343e-01
1431 3.4555091010356300e+01 4.7808518325837607e-01
1432 3.4716335406101379e+01 4.8031607179708857e-01
1433 3.4578417746504741e+01 4.7840791911582192e-01
1434 3.4767649359124071e+01 4.8102602335320555e-01
1435 3.4616513355585525e+01 4.7893498895462711e-01
1436 3.4764204553304786e+01 4.8097836291958351e-01
1437 3.4635592060420521e+01 4.7919895139346536e-01
1438 3.4665272190003215e+01 4.7960958929878650e-01
1439 3.4556289748394171e+01 4.7810176833680468e-01
1440 3.4389146605422233e+01 4.7578926798442039e-01
1441 3.4235175629781615e+01 4.7365901047522863e-01
1442 3.3791464923504620e+01 4.6752007383458821e-01
1443 3.3465894848242776e+01 4.6301566581412162e-01
1444 3.2679664085124401e+01 4.5213781055522023e-01
1445 3.2042508551789730e+01 4.4332247796567215e-01
1446 3.0911446252091753e+01 4.2767372372955437e-01
1447 2.9915138699104169e+01 4.1388936185624842e-01
1448 2.8575041523061024e+01 3.9534851634666474e-01
1449 2.7368862328539915e+01 3.7866048617819437e-01
1450 2.6120167122530820e+01 3.6138422792091485e-01
1451 2.5043732201807352e+01 3.4649126797514135e-01
1452 2.4263141729046893e+01 3.3569144866320316e-01
1453 2.3697148598259531e+01 3.2786067983164779e-01
1454 2.3667317718307292e+01 3.2744795622734729e-01
1455 2.3822850038416099e+01 3.2959981563757240e-01
1456 2.4532566808313234e+01 3.3941906548113737e-01
1457 2.5224353550148219e+01 3.4899024534423689e-01
1458 2.6152037569418130e+01 3.6182516984857693e-01
1459 2.6668986105979073e+01 3.6897738472084618e-01
1460 2.6908450613010540e+01 3.7229048358357830e-01
1461 2.6559073914674645e+01 3.6745670025480448e-01
1462 2.5825771621013512e+01 3.5731113411105736e-01
1463 2.4981783259022738e+01 3.4563417656551465e-01
1464 2.4163097381125663e+01 3.3430729023643035e-01
1465 2.3871136157961573e+01 3.3026787575944605e-01
1466 2.3849596930193179e+01 3.2996987088219626e-01
1467 2.4457746787429191e+01 3.3838389693289012e-01
1468 2.5001203806011294e+01 3.4590286854387520e-01
1469 2.5616857292882912e+01 3.5442071067621000e-01
1470 2.5572161704539862e+01 3.5380232716399684e-01
1471 2.5186331642403282e+01 3.4846419519647076e-01
1472 2.4386224035895975e+01 3.3739434758504860e-01
1473 2.3712809026948921e+01 3.2807734888679885e-01
1474 2.3429187827854651e+01 3.2415332238360406e-01
1475 2.3568634124833093e+01 3.2608262444869368e-01
1476 2.4172551408443503e+01 3.3443809094482452e-01
1477 2.4589987740105727e+01 3.4021350982772158e-01
1478 2.4820593974593958e+01 3.4340405051658240e-01
1479 2.4306247769398944e+01 3.3628784006599466e-01
1480 2.3717368314603895e+01 3.2814042867650051e-01
1481 2.3052744519173224e+01 3.1894506036040721e-01
1482 2.2994726919340305e+01 3.1814236084385789e-01
1483 2.3280871185676045e+01 3.2210129511401958e-01
1484 2.3812903928790821e+01 3.2946220674973925e-01
1485 2.4066555857166428e+01 3.3297159495030709e-01
1486 2.3759773019177640e+01 3.2872711678422623e-01
1487 2.3191353821809596e+01 3.2086278223335396e-01
1488 2.2565551824776691e+01 3.1220453091098682e-01
1489 2.2554514755919076e+01 3.1205182811284210e-01
1490 2.2792420339767688e+01 3.1534335857410944e-01
1491 2.3348156936345070e+01 3.2303222365446638e-01
1492 2.3337309027759030e+01 3.2288213797352366e-01
1493 2.3017618697184748e+01 3.1845907885807434e-01
1494 2.2336152637762314e+01 3.0903069026532853e-01
1495 2.2049276992767833e+01 3.0506163704337502e-01
1496 2.2182151610206105e+01 3.0690001697440528e-01
1497 2.2603659142933164e+01 3.1273176275010606e-01
1498 2.2855801672924180e+01 3.1622026774700673e-01
1499 2.2518077203723134e+01 3.1154769823473344e-01
1500 2.2017531004208703e+01 3.0462241705250709e-01
1501 2.1556190169832874e+01 2.9823955968190896e-01
1502 2.1755003011783632e+01 3.0099022452459917e-01
1503 2.2053031717621916e+01 3.0511358534585270e-01
1504 2.2339956066424843e+01 3.0908331240684134e-01
1505 2.1958410001839102e+01 3.0380445146694923e-01
1506 2.1475313582627248e+01 2.9712059582202721e-01
1507 2.1143525072904243e+01 2.9253015297161172e-01
1508 2.1341428190894799e+01 2.9526823137527047e-01
1509 2.1716539250670735e+01 3.0045806113730106e-01
1510 2.1732284921269283e+01 3.0067590955249918e-01
1511 2.1371568357836352e+01 2.9568523410379383e-01
1512 2.0820375057538612e+01 2.8805922756528818e-01
1513 2.0816725653192258e+01 2.8800873641927477e-01
1514 2.1029264263607214e+01 2.9094930342513975e-01
1515 2.1371644204919626e+01 2.9568628348221088e-01
1516 2.1066243654498184e+01 2.9146092988462713e-01
1517 2.0653008426759676e+01 2.8574363515885220e-01
1518 2.0320901439432060e+01 2.8114878602792892e-01
1519 2.0554417592519030e+01 2.8437958674580049e-01
1520 2.0834654033154735e+01 2.8825678359754203e-01
1521 2.0773390648579912e+01 2.8740917719324388e-01
1522 2.0342698586691750e+01 2.8145035933702645e-01
1523 1.9960037200150026e+01 2.7615606741761362e-01
1524 2.0115680277757495e+01 2.7830945920751116e-01
1525 2.0349931074886818e+01 2.8155042405522146e-01
1526 2.0433851512502898e+01 2.8271150095080194e-01
1527 1.9938952675670020e+01 2.7586435356430850e-01
1528 1.9664807981683030e+01 2.7207143875980688e-01
1529 1.9656128692319847e+01 2.7195135689851163e-01
1530 2.0013823070366108e+01 2.7690021905683981e-01
1531 1.9962579602642656e+01 2.7619124269645290e-01
1532 1.9596947157221180e+01 2.7113255381549622e-01
1533 1.9256201163378734e+01 2.6641818015455293e-01
1534 1.9337693776602613e+01 2.6754566701070576e-01
1535 1.9639949634825008e+01 2.7172751238121462e-01
1536 1.9531763343902789e+01 2.7023070652108561e-01
1537 1.9188424709632091e+01 2.6548046251693025e-01
1538 1.8853852485279923e+01 2.6085150572602989e-01
1539 1.9090677307792095e+01 2.6412808336944954e-01
1540 1.9229734510649962e+01 2.6605200214285912e-01
1541 1.9149504725803823e+01 2.6494198708373362e-01
1542 1.8668560674179275e+01 2.5828791040979182e-01
1543 1.8589821783860639e+01 2.5719852254517112e-01
1544 1.8766836246948920e+01 2.5964759703898682e-01
1545 1.8916776295994229e+01 2.6172208487072524e-01
1546 1.8619861638199421e+01 2.5761413740384154e-01
1547 1.8260448334239282e+01 2.5264149313449830e-01
1548 1.8312319257010952e+01 2.5335915061691217e-01
1549 1.8504756815875396e+01 2.5602161055857259e-01
1550 1.8513007979438793e+01 2.5613576910739883e-01
1551 1.8072422570987353e+01 2.5004007236397702e-01
1552 1.7947500101648863e+01 2.4831171396871532e-01
1553 1.8048291446300368e+01 2.4970620743030486e-01
1554 1.8258823422977411e+01 2.5261901175836249e-01
1555 1.7942114502488547e+01 2.4823720178870851e-01
1556 1.7663509175126404e+01 2.4438257212071629e-01
1557 1.7648854352491110e+01 2.4417981607637210e-01
1558 1.7884852674774088e+01 2.4744495871840747e-01
1559 1.7795017569919004e+01 2.4620204974864648e-01
1560 1.7426509466217954e+01 2.4110357484556169e-01
1561 1.7325333998353788e+01 2.3970376686703271e-01
1562 1.7472814682844486e+01 2.4174422828704964e-01
1563 1.7586029533513258e+01 2.4331060652675179e-01
1564 1.7215762585984738e+01 2.3818779723041283e-01
1565 1.7045449840332353e+01 2.3583144400327027e-01
1566 1.7092096368796597e+01 2.3647681964712292e-01
1567 1.7304719291935051e+01 2.3941855315733460e-01
1568 1.7021056320826535e+01 2.3549394871958659e-01
1569 1.6774577359035366e+01 2.3208380172903320e-01
1570 1.6767837157116485e+01 2.3199054801227637e-01
1571 1.6973550717515369e+01 2.3483668738990260e-01
1572 1.6827610801793089e+01 2.3281754319688375e-01
1573 1.6502919466111280e+01 2.2832529293265144e-01
1574 1.6484778734679306e+01 2.2807430777655688e-01
1575 1.6633527349601756e+01 2.3013231158280692e-01
1576 1.6613532493186963e+01 2.2985567377593710e-01
1577 1.6241330373634675e+01 2.2470609050665905e-01
1578 1.6211664368145374e+01 2.2429564801450513e-01
1579 1.6320712223361742e+01 2.2580437400308448e-01
1580 1.6362722859018970e+01 2.2638560999059693e-01
1581 1.6000355637688653e+01 2.2137209694950519e-01
1582 1.5928074730792313e+01 2.2037205818215649e-01
1583 1.6048023347512363e+01 2.2203160109550052e-01
1584 1.6078531611516677e+01 2.2245369661199116e-01
1585 1.5774543396095467e+01 2.1824788330261571e-01
1586 1.5637196409696278e+01 2.1634762614100206e-01
1587 1.5803206448136672e+01 2.1864444948395662e-01
1588 1.5782777772302248e+01 2.1836180959083351e-01
1589 1.5543758938886340e+01 2.1505487682247237e-01
1590 1.5358326312290989e+01 2.1248933326070457e-01
1591 1.5562470437666828e+01 2.1531375880084216e-01
1592 1.5499842253039516e+01 2.1444726977565873e-01
1593 1.5288310954907345e+01 2.1152063938703983e-01
1594 1.5108575853411322e+01 2.0903392364055443e-01
1595 1.5309577977695735e+01 2.1181487818629810e-01
1596 1.5239414078843970e+01 2.1084412917479600e-01
1597 1.5004740607613432e+01 2.0759731644131177e-01
1598 1.4889469192297771e+01 2.0600248470728094e-01
1599 1.5046470750928512e+01 2.0817467169146026e-01
1600 1.4990867876553510e+01 2.0740538098470745e-01
1601 1.4709212291543656e+01 2.0350854963401518e-01
1602 1.4687131442882476e+01 2.0320305118877835e-01
1603 1.4787942453361870e+01 2.0459781673591751e-01
1604 1.4732243877601434e+01 2.0382720195757190e-01
1605 1.4426553477323587e+01 1.9959783815721727e-01
1606 1.4483869701443904e+01 2.0039083382619197e-01
1607 1.4546109112303713e+01 2.0125194399192375e-01
1608 1.4447104875046133e+01 1.9988217596270746e-01
1609 1.4174917059208770e+01 1.9611633544513213e-01
1610 1.4271207810317472e+01 1.9744856117638818e-01
1611 1.4317831313883504e+01 1.9809361826044658e-01
1612 1.4137526838267831e+01 1.9559902496763223e-01
1613 1.3957325528175907e+01 1.9310585901611219e-01
1614 1.4053493696438835e+01 1.9443638875871436e-01
1615 1.4084372035889301e+01 1.9486360443499390e-01
1616 1.3824419207998046e+01 1.9126704046345996e-01
1617 1.3763855671157367e+01 1.9042911676646918e-01
1618 1.3839234849581874e+01 1.9147202151008988e-01
1619 1.3823643749794831e+01 1.9125631165139920e-01
1620 1.3536167553143478e+01 1.8727894952790508e-01
1621 1.3580318177895800e+01 1.8788979322440580e-01
1622 1.3628370691397073e+01 1.8855462130187772e-01
1623 1.3527424400620070e+01 1.8715798409114334e-01
1624 1.3294140746498504e+01 1.8393040010074185e-01
1625 1.3395429310336606e+01 1.8533177281279761e-01
1626 1.3407356135083088e+01 1.8549678578275053e-01
1627 1.3211925184000618e+01 1.8279291091711583e-01
1628 1.3102766678476986e+01 1.8128265403190505e-01
1629 1.3200927086859028e+01 1.8264074731014243e-01
1630 1.3157856303278470e+01 1.8204484370059842e-01
1631 1.2913259072030893e+01 1.7866073129613558e-01
1632 1.2946786367585686e+01 1.7912459646826512e-01
1633 1.2987479865651782e+01 1.7968760926642338e-01
1634 1.2874348140142333e+01 1.7812238110058490e-01
1635 1.2668726019376592e+01 1.7527750683129698e-01
1636 1.2795216636969110e+01 1.7702756126102082e-01
1637 1.2745646067960223e+01 1.7634173020470170e-01
1638 1.2577177843531008e+01 1.7401089675601200e-01
1639 1.2493370224463554e+01 1.7285138075565468e-01
1640 1.2611752574675261e+01 1.7448925366933213e-01
1641 1.2476098571308970e+01 1.7261241968733890e-01
1642 1.2307096530537871e+01 1.7027420065012452e-01
1643 1.2364281025434556e+01 1.7106537378620526e-01
1644 1.2371979156647383e+01 1.7117188088440760e-01
1645 1.2199777458496081e+01 1.6878939315218330e-01
1646 1.2098972968617650e+01 1.6739471782048318e-01
1647 1.2225095286133685e+01 1.6913967665345378e-01
1648 1.2083176331079372e+01 1.6717616425481349e-01
1649 1.1952628966398612e+01 1.6536998290953520e-01
1650 1.1950293147419243e+01 1.6533766580626161e-01
1651 1.2018436373065713e+01 1.6628045789762799e-01
1652 1.1790839142418037e+01 1.6313154812654151e-01
1653 1.1760525226757540e+01 1.6271214150655941e-01
1654 1.1811343570062517e+01 1.6341523607993402e-01
1655 1.1733342797518532e+01 1.6233606040579646e-01
1656 1.1554368180886247e+01 1.5985986630850413e-01
1657 1.1609879047267418e+01 1.6062788404339359e-01
1658 1.1618404312950037e+01 1.6074583491798339e-01
1659 1.1426347359384183e+01 1.5808864082134338e-01
1660 1.1399243792718924e+01 1.5771365081966077e-01
1661 1.1445010841263409e+01 1.5834685846434698e-01
1662 1.1355251097242171e+01 1.5710499214552417e-01
1663 1.1181681756026185e+01 1.5470358245806565e-01
1664 1.1282562595735786e+01 1.5609931412392553e-01
1665 1.1215272060718959e+01 1.5516831938988090e-01
1666 1.1079271638434875e+01 1.5328669254677937e-01
1667 1.1033593436098252e+01 1.5265471412922949e-01
1668 1.1116075610069219e+01 1.5379589200216984e-01
1669 1.0939589863108713e+01 1.5135413253312902e-01
1670 1.0867032971797656e+01 1.5035027539761434e-01
1671 1.0922548292209521e+01 1.5111835475601626e-01
1672 1.0853888736262391e+01 1.5016841900334860e-01
1673 1.0701617802447082e+01 1.4806168233533640e-01
1674 1.0726182901390979e+01 1.4840155149750511e-01
1675 1.0747222489519979e+01 1.4869264363623855e-01
1676 1.0559362635381676e+01 1.4609351829272016e-01
1677 1.0554970745031744e+01 1.4603275451981707e-01
1678 1.0575207595167154e+01 1.4631274041835399e-01
1679 1.0485211137845070e+01 1.4506759906484004e-01
1680 1.0343899004115293e+01 1.4311248231140464e-01
1681 1.0443452923241120e+01 1.4448985543581910e-01
1682 1.0343097821891911e+01 1.4310139759598675e-01
1683 1.0229813548525360e+01 1.4153405886212239e-01
1684 1.0228639907338412e+01 1.4151782100988311e-01
1685 1.0253768195380831e+01 1.4186548214583927e-01
1686 1.0081016941714747e+01 1.3947539106657367e-01
1687 1.0064955416729678e+01 1.3925317266426662e-01
1688 1.0105548199895411e+01 1.3981479202660430e-01
1689 9.9739052312969587e+00 1.3799345250970924e-01
1690 9.9003559529909229e+00 1.3697586525499980e-01
1691 9.9400285324264477e+00 1.3752475318598748e-01
1692 9.8823926160060758e+00 1.3672733443064866e-01
1693 9.7290184777018780e+00 1.3460533443370809e-01
1694 9.7998284507865652e+00 1.3558502217200885e-01
1695 9.7394007542972751e+00 1.3474897788720852e-01
1696 9.6283905548669662e+00 1.3321310198625133e-01
1697 9.5985485638079453e+00 1.3280022465480484e-01
1698 9.6467962560385541e+00 1.3346775311754139e-01
1699 9.4793852717537401e+00 1.3115154706045756e-01
1700 9.4623932824746131e+00 1.3091645526729742e-01
1701 9.4860598525310813e+00 1.3124389287928789e-01
1702 9.3864852043796940e+00 1.2986623295950711e-01
1703 9.2961959566960282e+00 1.2861704072001426e-01
1704 9.3460982355534856e+00 1.2930746113087146e-01
1705 9.2750466368705364e+00 1.2832443039404146e-01
1706 9.1495411305037706e+00 1.2658800541998172e-01
1707 9.2047746612029737e+00 1.2735218609131668e-01
1708 9.1448631126774771e+00 1.2652328294510531e-01
1709 9.0406918893814918e+00 1.2508202734647922e-01
1710 9.0254276693413402e+00 1.2487084001570341e-01
1711 9.0538176827066188e+00 1.2526362858449575e-01
1712 8.8894029775290555e+00 1.2298887739279352e-01
1713 8.9050928851131665e+00 1.2320595430167529e-01
1714 8.8973479379613529e+00 1.2309879948395852e-01
1715 8.8028611960704097e+00 1.2179153302938950e-01
1716 8.7328211421362649e+00 1.2082249746787133e-01
1717 8.7888978742888053e+00 1.2159834420951768e-01
1718 8.6718090856165109e+00 1.1997836829994424e-01
1719 8.6068508095846745e+00 1.1907964141505421e-01
1720 8.6450851871462699e+00 1.1960863117803376e-01
1721 8.5632285704988220e+00 1.1847610817124796e-01
1722 8.4766398306149853e+00 1.1727811411696898e-01
1723 8.4996289194138157e+00 1.1759617847188669e-01
1724 8.4635164294555647e+00 1.1709654597563796e-01
1725 8.3326176034204824e+00 1.1528550200488027e-01
1726 8.3832282023490041e+00 1.1598572234162623e-01
1727 8.3253306671521603e+00 1.1518468397317003e-01
1728 8.2366040127926308e+00 1.1395711091319269e-01
1729 8.2201282784798355e+00 1.1372916173904964e-01
1730 8.2358434692816633e+00 1.1394658845258890e-01
1731 8.0932725102144545e+00 1.1197405528598428e-01
1732 8.1098755776725593e+00 1.1220376617130594e-01
1733 8.0965264235750798e+00 1.1201907463681901e-01
1734 7.9959016610899321e+00 1.1062688591421879e-01
1735 7.9656133022720308e+00 1.1020783288461711e-01
1736 7.9858951209132947e+00 1.1048844094260242e-01
1737 7.8789765610831246e+00 1.0900917471075228e-01
1738 7.8367296007849108e+00 1.0842466906583217e-01
1739 7.8714034555839465e+00 1.0890439739937652e-01
1740 7.7572185014637922e+00 1.0732459734330020e-01
1741 7.7266749937472605e+00 1.0690201421424303e-01
1742 7.7327211362969699e+00 1.0698566530831823e-01
1743 7.6674840118124186e+00 1.0608308043001190e-01
1744 7.5817260763298426e+00 1.0489658092726831e-01
1745 7.6375921036874335e+00 1.0566951247356829e-01
1746 7.5319110569578713e+00 1.0420736779053165e-01
1747 7.4876776104411258e+00 1.0359537821777173e-01
1748 7.4945094925700708e+00 1.0368990037135650e-01
1749 7.4438386258058271e+00 1.0298884620207117e-01
1750 7.3521065894711768e+00 1.0171969233445231e-01
1751 7.3925181320619746e+00 1.0227880415214323e-01
1752 7.3217714570638597e+00 1.0129999217126152e-01
1753 7.2458377621806420e+00 1.0024941544371510e-01
1754 7.2722378270989712e+00 1.0061467218318454e-01
1755 7.2119783337763730e+00 9.9780955064640214e-02
1756 7.1381757314074834e+00 9.8759862957896780e-02
1757 7.1485013864462115e+00 9.8902723026764019e-02
1758 7.1153093305439379e+00 9.8443496045593437e-02
1759 7.0118668388795831e+00 9.7012322775951801e-02
1760 7.0537084827474654e+00 9.7591220686260097e-02
1761 6.9865706592082857e+00 9.6662338784005014e-02
1762 6.9238768064429825e+00 9.5794941210678095e-02
1763 6.9204137344647689e+00 9.5747028056554301e-02
1764 6.9001946300862045e+00 9.5467287678522902e-02
1765 6.7954180453938431e+00 9.4017656633452823e-02
1766 6.8298349504062488e+00 9.4493829951448449e-02
1767 6.7758984789943568e+00 9.3747594677128482e-02
1768 6.7026183488641617e+00 9.2733731208153911e-02
1769 6.7113949443736205e+00 9.2855159343627980e-02
1770 6.6763572968897957e+00 9.2370397775116228e-02
1771 6.5938548346604993e+00 9.1228939205021911e-02
1772 6.6048068401705109e+00 9.1380465113598777e-02
1773 6.5743712108145580e+00 9.0959374530047307e-02
1774 6.4819563032433880e+00 8.9680772832580302e-02
1775 6.5116134739959239e+00 9.0091093092188407e-02
1776 6.4550825961431988e+00 8.9308963041080255e-02
1777 6.3954126968537599e+00 8.8483403220437601e-02
1778 6.3904092396663277e+00 8.8414178146029254e-02
1779 6.3701151901391810e+00 8.8133400868251791e-02
1780 6.2735902162039281e+00 8.6797934559133552e-02
1781 6.3095236319942192e+00 8.7295089483947721e-02
1782 6.2464832597497795e+00 8.6422897658201228e-02
1783 6.1917143750762778e+00 8.5665145573041321e-02
1784 6.1929096174124032e+00 8.5681682286868330e-02
1785 6.1579633379638334e+00 8.5198184836105986e-02
1786 6.0810790651329150e+00 8.4134456436286684e-02
1787 6.1032117118303875e+00 8.4440671530588790e-02
1788 6.0498791772970231e+00 8.3702791993869430e-02
1789 5.9860118149129722e+00 8.2819158388608288e-02
1790 6.0069387544349802e+00 8.3108691983337285e-02
1791 5.9441913436339062e+00 8.2240553410562883e-02
1792 5.8975864919199070e+00 8.1595754383243319e-02
1793 5.9004470725976494e+00 8.1635331799987332e-02
1794 5.8560069569318776e+00 8.1020482866852511e-02
1795 5.7890027590097173e+00 8.0093449734944519e-02
1796 5.8211146987564675e+00 8.0537732824634709e-02
1797 5.7392995507730555e+00 7.9405783555415943e-02
1798 5.7140544259254948e+00 7.9056505929855372e-02
1799 5.7088565854555897e+00 7.8984591475546526e-02
1800 5.6574242001732431e+00 7.8273001355996366e-02
1801 5.6078687700444254e+00 7.7587379752873317e-02
1802 5.6286166028022517e+00 7.7874435325184399e-02
1803 5.5479981363391095e+00 7.6759042681550815e-02
1804 5.5285112246290948e+00 7.6489432517502051e-02
1805 5.5275156720122567e+00 7.6475658600508992e-02
1806 5.4563879691448474e+00 7.5491574928151672e-02
1807 5.4399375543799975e+00 7.5263976061311105e-02
1808 5.4321437211224231e+00 7.5156144882394055e-02
1809 5.3665093389331240e+00 7.4248063765559008e-02
1810 5.3469845693027791e+00 7.3977929820201904e-02
1811 5.3478319872394220e+00 7.3989654227451046e-02
1812 5.2628105624688164e+00 7.2813344680757591e-02
1813 5.2757375004364784e+00 7.2992194665710233e-02
1814 5.2394026881096032e+00 7.2489486239772458e-02
1815 5.1883928062320281e+00 7.1783741644334417e-02
1816 5.1758474930367964e+00 7.1610171609280002e-02
1817 5.1619419863354592e+00 7.1417782686975698e-02
1818 5.0853787761392333e+00 7.0358496332714848e-02
1819 5.1072145861300697e+00 7.0660604558039311e-02
1820 5.0553274720044286e+00 6.9942723060980871e-02
1821 5.0121212204792736e+00 6.9344945191661400e-02
1822 5.0141650609722568e+00 6.9373222641613594e-02
1823 4.9704989343655885e+00 6.8769082194271816e-02
1824 4.9247278086254695e+00 6.8135818139755250e-02
1825 4.9331169403926518e+00 6.8251885540564300e-02
1826 4.8790914215164465e+00 6.7504418254634754e-02
1827 4.8424964885143105e+00 6.6998110942481801e-02
1828 4.8534394467808530e+00 6.7149511678387272e-02
1829 4.7828288518364541e+00 6.6172582426085244e-02
1830 4.7736743996369757e+00 6.6045926473823222e-02
1831 4.7574920723485583e+00 6.5822036717465421e-02
1832 4.7076429732929883e+00 6.5132352073020289e-02
1833 4.6845762554725541e+00 6.4813213685769436e-02
1834 4.6847764885154106e+00 6.4815983999728655e-02
1835 4.6098349600039947e+00 6.3779134338956378e-02
1836 4.6227961824979023e+00 6.3958458665707402e-02
1837 4.5848177361410611e+00 6.3433009825739448e-02
1838 4.5410261915592169e+00 6.2827134164456899e-02
1839 4.5366362688082305e+00 6.2766397614167788e-02
1840 4.5072611038826098e+00 6.2359979031664230e-02
1841 4.4560734628008190e+00 6.1651775057904833e-02
1842 4.4661705702806946e+00 6.1791473068784013e-02
1843 4.4174837429709521e+00 6.1117868975260684e-02
1844 4.3832067612000269e+00 6.0643631558071266e-02
1845 4.3895034479102915e+00 6.0730749042985283e-02
1846 4.3302262101775799e+00 5.9910621871101979e-02
1847 4.3166088013623067e+00 5.9722218912273049e-02
1848 4.3035324129184049e+00 5.9541301212948025e-02
1849 4.2569060903146516e+00 5.8896205126238291e-02
1850 4.2369152008691069e+00 5.8619622204167367e-02
1851 4.2337155910196991e+00 5.8575354166767291e-02
1852 4.1670280528438290e+00 5.7652702164481852e-02
1853 4.1799527257954310e+00 5.7831520811921361e-02
1854 4.1394281787105474e+00 5.7270845526368429e-02
1855 4.1051109725513841e+00 5.6796051586725731e-02
1856 4.0981282684560147e+00 5.6699442743586723e-02
1857 4.0687852882047890e+00 5.6293469450489339e-02
1858 4.0248711753010040e+00 5.5685898001496689e-02
1859 4.0351937145498473e+00 5.5828714962013325e-02
1860 3.9812090424829631e+00 5.5081812810011919e-02
1861 3.9633526327400865e+00 5.4834761372013929e-02
1862 3.9574056403146236e+00 5.4752482064379888e-02
1863 3.9057185001009262e+00 5.4037367296088261e-02
1864 3.8982607177668491e+00 5.3934185532428035e-02
1865 3.8795841545169591e+00 5.3675786902793857e-02
1866 3.8356037886112739e+00 5.3067298813803197e-02
1867 3.8285122160073084e+00 5.2969183726016542e-02
1868 3.8087006097116087e+00 5.2695081266738296e-02
1869 3.7586835885242498e+00 5.2003073344281080e-02
1870 3.7716699630496002e+00 5.2182745660668654e-02
1871 3.7217848119633832e+00 5.1492562220208954e-02
1872 3.7039343556432542e+00 5.1245593150484992e-02
1873 3.6930053083669856e+00 5.1094384879369500e-02
1874 3.6569689000406811e+00 5.0595805006623931e-02
1875 3.6318663924547399e+00 5.0248500554846545e-02
1876 3.6317974573265297e+00 5.0247546806428019e-02
1877 3.5764503080428538e+00 4.9481794171015059e-02
1878 3.5790898253209131e+00 4.9518313076470019e-02
1879 3.5520008424498819e+00 4.9143524848121886e-02
1880 3.5147624554496684e+00 4.8628315061294593e-02
1881 3.5138527527127570e+00 4.8615728915896897e-02
1882 3.4807855948698747e+00 4.8158229955399007e-02
1883 3.4516023229274495e+00 4.7754466298388469e-02
1884 3.4493604929040607e+00 4.7723449574478098e-02
1885 3.4108919915937461e+00 4.7191220604422573e-02
1886 3.3890236774995324e+00 4.6888662670248688e-02
1887 3.3876595702001482e+00 4.6869789633913327e-02
1888 3.3360290378674557e+00 4.6155458061045963e-02
1889 3.3391569969389918e+00 4.6198734777796381e-02
1890 3.3101654249323591e+00 4.5797623375381451e-02
1891 3.2809771970808028e+00 4.5393791151145196e-02
1892 3.2719692464396046e+00 4.5269162113652894e-02
1893 3.2494321535426489e+00 4.4957351324773104e-02
1894 3.2127270009627913e+00 4.4449519075325149e-02
1895 3.2204843243486834e+00 4.4556845123791558e-02
1896 3.1723406851943392e+00 4.3890756282036474e-02
1897 3.1652318156352317e+00 4.3792401883117164e-02
1898 3.1494590349753975e+00 4.3574178388061366e-02
1899 3.1137709317851079e+00 4.3080417473099229e-02
1900 3.1061630543115881e+00 4.2975159075862052e-02
1901 3.0868079620929412e+00 4.2707372693601871e-02
1902 3.0518309780450661e+00 4.2223450430936088e-02
1903 3.0517294103956307e+00 4.2222045196949616e-02
1904 3.0203214144262542e+00 4.1787501485162040e-02
1905 2.9955237549136662e+00 4.1444414743214197e-02
1906 2.9958570908400883e+00 4.1449026595268709e-02
1907 2.9521766146398787e+00 4.0844687614864011e-02
1908 2.9486612157417391e+00 4.0796050494332638e-02
1909 2.9279615206912188e+00 4.0509660928793524e-02
1910 2.8990938077686641e+00 4.0110263172361812e-02
1911 2.8897312520050726e+00 3.9980728013948780e-02
1912 2.8717343672507858e+00 3.9731733041160122e-02
1913 2.8369238604794980e+00 3.9250114066286632e-02
1914 2.8434083570891304e+00 3.9339829985397513e-02
1915 2.8012529012657255e+00 3.8756590345929265e-02
1916 2.7938983178715686e+00 3.8654836385891053e-02
1917 2.7787571022365860e+00 3.8445350876232409e-02
1918 2.7483731185555760e+00 3.8024974833758621e-02
1919 2.7396030408719914e+00 3.7903636875328987e-02
1920 2.7227299013211983e+00 3.7670189421468506e-02
1921 2.6911244154764673e+00 3.7232913348674491e-02
1922 2.6914961110045095e+00 3.7238055923023004e-02
1923 2.6606578899288182e+00 3.6811395302452928e-02
1924 2.6423195426691946e+00 3.6557676042745423e-02
1925 2.6383114733024748e+00 3.6502222605301830e-02
1926 2.6010288274469522e+00 3.5986400477359737e-02
1927 2.5986062040666935e+00 3.5952882396265123e-02
1928 2.5771105810621564e+00 3.5655480810481505e-02
1929 2.5530733923891598e+00 3.5322915523696367e-02
1930 2.5455733329017982e+00 3.5219148836657707e-02
1931 2.5248244003596301e+00 3.4932078048336965e-02
1932 2.4990982767900523e+00 3.4576145589713045e-02
1933 2.5014022312265971e+00 3.4608021832744341e-02
1934 2.4620935351431306e+00 3.4064168391146413e-02
1935 2.4612654798968268e+00 3.4052711875402937e-02
1936 2.4402341174893740e+00 3.3761733543216606e-02
1937 2.4174547604476895e+00 3.3446570921230809e-02
1938 2.4101416205691617e+00 3.3345390350820153e-02
1939 2.3898550713570370e+00 3.3064716843265160e-02
1940 2.3669454718294261e+00 3.2747752258068398e-02
1941 2.3657671813019459e+00 3.2731450080117450e-02
1942 2.3329947070242718e+00 3.2278028198919791e-02
1943 2.3264654982099304e+00 3.2187693666401812e-02
1944 2.3124296109058160e+00 3.1993500869977973e-02
1945 2.2845119831577838e+00 3.1607247968081204e-02
1946 2.2838755686535821e+00 3.1598442887962083e-02
1947 2.2576917962102359e+00 3.1236178651898545e-02
1948 2.2430228267320524e+00 3.1033226879637638e-02
1949 2.2345639747372346e+00 3.0916194868207368e-02
1950 2.2101161638082814e+00 3.0577948438333065e-02
1951 2.1979574388472058e+00 3.0409727024896131e-02
1952 2.1895251122865900e+00 3.0293062004745602e-02
1953 2.1585071286106343e+00 2.9863914287971246e-02
1954 2.1621112591586451e+00 2.9913779050677741e-02
1955 2.1328488979332567e+00 2.9508921157963185e-02
1956 2.1227924581811535e+00 2.9369785803338589e-02
1957 2.1118376392295692e+00 2.9218220969535639e-02
1958 2.0896176447939920e+00 2.8910797380098434e-02
1959 2.0789700604575958e+00 2.8763483275001753e-02
1960 2.0684048445691130e+00 2.8617308774326996e-02
1961 2.0419482355728258e+00 2.8251269722177074e-02
1962 2.0425553234673659e+00 2.8259669055497542e-02
1963 2.0168483388882139e+00 2.7904001393390655e-02
1964 2.0052436839145953e+00 2.7743445786749366e-02
1965 1.9976791470154263e+00 2.7638787025798049e-02
1966 1.9718877639633494e+00 2.7281951672962667e-02
1967 1.9683737982055178e+00 2.7233334380570264e-02
1968 1.9504142439920105e+00 2.6984855892557311e-02
1969 1.9329978514057087e+00 2.6743892289283151e-02
1970 1.9272459663449195e+00 2.6664312379551636e-02
1971 1.9071159715414998e+00 2.6385804872461036e-02
1972 1.8932787313320085e+00 2.6194360447691266e-02
1973 1.8886188486229343e+00 2.6129888880295809e-02
1974 1.8605299748218485e+00 2.5741266712445379e-02
1975 1.8623253349690241e+00 2.5766106325361464e-02
1976 1.8391234409226418e+00 2.5445097714393499e-02
1977 1.8281879240205203e+00 2.5293799933102486e-02
1978 1.8192234675623606e+00 2.5169772657141140e-02
1979 1.8006366523668793e+00 2.4912615732094752e-02
1980 1.7896038918364292e+00 2.4759972541588751e-02
1981 1.7818543997138241e+00 2.4652754842162502e-02
1982 1.7579729912912831e+00 2.4322344845015144e-02
1983 1.7585547851351200e+00 2.4330394223798894e-02
1984 1.7361020935874425e+00 2.4019751165443234e-02
1985 1.7264417489192079e+00 2.3886095963966038e-02
1986 1.7187311741377405e+00 2.3779416703410178e-02
1987 1.6975476314614131e+00 2.3486332888945957e-02
1988 1.6935315900136036e+00 2.3430769154184738e-02
1989 1.6781412026836457e+00 2.3217836242364159e-02
1990 1.6631641062686700e+00 2.3010621395727345e-02
1991 1.6581961954660365e+00 2.2941888121496452e-02
1992 1.6397602599365699e+00 2.2686818684304028e-02
1993 1.6297040572091650e+00 2.2547686609022444e-02
1994 1.6232084233182846e+00 2.2457816600630048e-02
1995 1.6007055132493497e+00 2.2146478746508082e-02
1996 1.6018815521194585e+00 2.2162749771769349e-02
1997 1.5804857827447925e+00 2.1866729705742740e-02
1998 1.5732465077396365e+00 2.1766571088986081e-02
1999 1.5636474121132957e+00 2.1633763295475759e-02
2000 1.5478208531572411e+00 2.1414795753570366e-02
