# step 24
# iter abs_residual rel_residual
0 7.2278104865856122e+01 1.0000000000000000e+00
1 1.1546600861378695e+03 1.5975240195918946e+01
2 1.1527745212178302e+03 1.5949152559510399e+01
3 1.1585072720811820e+03 1.6028467739038025e+01
4 1.2484330970660308e+03 1.7272631862485170e+01
5 1.4402468346335756e+03 1.9926460956697582e+01
6 1.2677694538265623e+03 1.7540159031278797e+01
7 1.4124522130187429e+03 1.9541909899826102e+01
8 1.3004236603872334e+03 1.7991944625564585e+01
9 1.3783981910459388e+03 1.9070757231448781e+01
10 1.3232324643110499e+03 1.8307514658372558e+01
11 1.3547601259457604e+03 1.8743713998314078e+01
12 1.3364428175016149e+03 1.8490285820055377e+01
13 1.3388396176532729e+03 1.8523446625199703e+01
14 1.3429152194657795e+03 1.8579834404321343e+01
15 1.3277325809219553e+03 1.8369775790139329e+01
16 1.3450051727474395e+03 1.8608749845388022e+01
17 1.3195692023744225e+03 1.8256831786382126e+01
18 1.3443069584335076e+03 1.8599089737181981e+01
19 1.3132163294674347e+03 1.8168936940235032e+01
20 1.3418458874577113e+03 1.8565039716358054e+01
21 1.3079856800725124e+03 1.8096568559732663e+01
22 1.3382737217493413e+03 1.8515617201545311e+01
23 1.3034526903327815e+03 1.8033852613483880e+01
24 1.3340055733937418e+03 1.8456565454636326e+01
25 1.2993510853093210e+03 1.7977105068275375e+01
26 1.3293075319953957e+03 1.8391565944659337e+01
27 1.2955114809363711e+03 1.7923982419582853e+01
28 1.3243513570100260e+03 1.8322995040724209e+01
29 1.2918249965136472e+03 1.7872978254081204e+01
30 1.3192485335175272e+03 1.8252395188916122e+01
31 1.2882212246110203e+03 1.7823118453394461e+01
32 1.3140716232907255e+03 1.8180770313908543e+01
33 1.2846546044785921e+03 1.7773772664112251e+01
34 1.3088677968898480e+03 1.8108773041559807e+01
35 1.2810958289401260e+03 1.7724535408306068e+01
36 1.3036675101268556e+03 1.8036824741688861e+01
37 1.2775263299631488e+03 1.7675149788918262e+01
38 1.2984901357278427e+03 1.7965193444650541e+01
39 1.2739346838597296e+03 1.7625457754102392e+01
40 1.2933476589189684e+03 1.7894044971424542e+01
41 1.2703142383669867e+03 1.7575367266817725e+01
42 1.2882471280002721e+03 1.7823476838403309e+01
43 1.2666615286043777e+03 1.7524830388887846e+01
44 1.2831922934622037e+03 1.7753540935304439e+01
45 1.2629752087378297e+03 1.7473828500094694e+01
46 1.2781847130467718e+03 1.7684258814187324e+01
47 1.2592553284026003e+03 1.7422362287164329e+01
48 1.2732245007398922e+03 1.7615632052098231e+01
49 1.2555028382766891e+03 1.7370444903153285e+01
50 1.2683108376849282e+03 1.7547649319788309e+01
51 1.2517192522217042e+03 1.7318097293015928e+01
52 1.2634423194676567e+03 1.7480291186556851e+01
53 1.2479064168612956e+03 1.7265345005618727e+01
54 1.2586171941772541e+03 1.7413533413931827e+01
55 1.2440663539077586e+03 1.7212216012258096e+01
56 1.2538335239644846e+03 1.7347349190899862e+01
57 1.2402011533659311e+03 1.7158739229088408e+01
58 1.2490892942225371e+03 1.7281710644472110e+01
59 1.2363129023430463e+03 1.7104943532174367e+01
60 1.2443824862332683e+03 1.7216589844777591e+01
61 1.2324036388411341e+03 1.7050857118188173e+01
62 1.2397111252390880e+03 1.7151959470159301e+01
63 1.2284753213127099e+03 1.6996507083198807e+01
64 1.2350733099328761e+03 1.7087793215180433e+01
65 1.2245298121527912e+03 1.6941919194276689e+01
66 1.2304672309085040e+03 1.7024066045895616e+01
67 1.2205688672015315e+03 1.6887117744257889e+01
68 1.2258911806658832e+03 1.6960754338275258e+01
69 1.2165941326626169e+03 1.6832125509108788e+01
70 1.2213435565422305e+03 1.6897835918760901e+01
71 1.2126071450108150e+03 1.6776963746646953e+01
72 1.2168228618949793e+03 1.6835290080631339e+01
73 1.2086093333569215e+03 1.6721652229261252e+01
74 1.2123277032811516e+03 1.6773097544977968e+01
75 1.2046020237641173e+03 1.6666209303630570e+01
76 1.2078567863310232e+03 1.6711240403615090e+01
77 1.2005864443538396e+03 1.6610651961365850e+01
78 1.2034089109069471e+03 1.6649702052100047e+01
79 1.1965637310936570e+03 1.6554995919087922e+01
80 1.1989829658829758e+03 1.6588467117506983e+01
81 1.1925349333514337e+03 1.6499255695271863e+01
82 1.1945779226397585e+03 1.6527521368425809e+01
83 1.1885010204013984e+03 1.6443444700261384e+01
84 1.1901928302455610e+03 1.6466851648289456e+01
85 1.1844628864377787e+03 1.6387575305634694e+01
86 1.1858268092537573e+03 1.6406445789559392e+01
87 1.1804213570134739e+03 1.6331658933286448e+01
88 1.1814790463265178e+03 1.6346292539341935e+01
89 1.1763771933487346e+03 1.6275706115040247e+01
90 1.1771487897148286e+03 1.6286381496852290e+01
91 1.1723310979322200e+03 1.6219726570141773e+01
92 1.1728353439137638e+03 1.6226703039467854e+01
93 1.1682837191198325e+03 1.6163729268885756e+01
94 1.1685380650351965e+03 1.6167248258707584e+01
95 1.1642356550287395e+03 1.6107722486491475e+01
96 1.1642563576284506e+03 1.6108008916244295e+01
97 1.1601874578317843e+03 1.6051713862517886e+01
98 1.1599896696474655e+03 1.6048977374273129e+01
99 1.1561396376420801e+03 1.5995710454608719e+01
100 1.1557374897020227e+03 1.5990146557481037e+01
101 1.1520926651015984e+03 1.5939718774306744e+01
102 1.1514993435952633e+03 1.5931509905141784e+01
103 1.1480469756752902e+03 1.5883744846464879e+01
104 1.1472747910233109e+03 1.5873061325453744e+01
105 1.1440029715496946e+03 1.5827794235514286e+01
106 1.1430634233257094e+03 1.5814795164416214e+01
107 1.1399610245693075e+03 1.5771872086090353e+01
108 1.1388648605553005e+03 1.5756706165289836e+01
109 1.1359214789410548e+03 1.5715983160450287e+01
110 1.1346787494188611e+03 1.5698789440104408e+01
111 1.1318846530364212e+03 1.5660131863406381e+01
112 1.1305047609299145e+03 1.5641040437184460e+01
113 1.1278508414131795e+03 1.5604322270297539e+01
114 1.1263425889396710e+03 1.5583454920824170e+01
115 1.1238203171244475e+03 1.5548558158936117e+01
116 1.1221919476068467e+03 1.5526028936281167e+01
117 1.1197933329698078e+03 1.5492843026917734e+01
118 1.1180525705882862e+03 1.5468758798578429e+01
119 1.1157701230381269e+03 1.5437180112966853e+01
120 1.1139242088634451e+03 1.5411641062405032e+01
121 1.1117509047653211e+03 1.5381572425406905e+01
122 1.1098066298823724e+03 1.5354672510328095e+01
123 1.1077358792218627e+03 1.5326022746138056e+01
124 1.1056996160709441e+03 1.5297850132112028e+01
125 1.1037252332583100e+03 1.5270533660321595e+01
126 1.1016029635286766e+03 1.5241171106702181e+01
127 1.0997191401711746e+03 1.5215107565592486e+01
128 1.0975164815389646e+03 1.5184632795448776e+01
129 1.0957177605381119e+03 1.5159746683614618e+01
130 1.0934399909824385e+03 1.5128232720154996e+01
131 1.0917212434624096e+03 1.5104453077298851e+01
132 1.0893733238468615e+03 1.5071968556296181e+01
133 1.0877297275731701e+03 1.5049228664640999e+01
134 1.0853163221727414e+03 1.5015838118431912e+01
135 1.0837433411632319e+03 1.4994075220630027e+01
136 1.0812688376661067e+03 1.4959839354848576e+01
137 1.0797622035101892e+03 1.4938994395524951e+01
138 1.0772307304131168e+03 1.4903970329775431e+01
139 1.0757864254685528e+03 1.4883987723047646e+01
140 1.0732018690353780e+03 1.4848229225533473e+01
141 1.0718161096183894e+03 1.4829056622439348e+01
142 1.0691821292809677e+03 1.4792614323041624e+01
143 1.0678513515667805e+03 1.4774202416466913e+01
144 1.0651713940588595e+03 1.4737124002293010e+01
145 1.0638922397452141e+03 1.4719426328619642e+01
146 1.0611695529599624e+03 1.4681756735728341e+01
147 1.0599388563543080e+03 1.4664729496179952e+01
148 1.0571765012063863e+03 1.4626511073698504e+01
149 1.0559912776318322e+03 1.4610112973931585e+01
150 1.0531921400290798e+03 1.4571385649689377e+01
151 1.0520495743083950e+03 1.4555577740464233e+01
152 1.0492163757980049e+03 1.4516379168287386e+01
153 1.0481138117877140e+03 1.4501124700667665e+01
154 1.0452491196622802e+03 1.4461490400200734e+01
155 1.0441840510081543e+03 1.4446754697651494e+01
156 1.0412902872551874e+03 1.4406718178178032e+01
157 1.0402603481806482e+03 1.4392468509119182e+01
158 1.0373397988359575e+03 1.4352061398969974e+01
159 1.0363427553318259e+03 1.4338266854882493e+01
160 1.0333975780990590e+03 1.4297519006855309e+01
161 1.0324313207328019e+03 1.4284150402793946e+01
162 1.0294635529009122e+03 1.4243090003695247e+01
163 1.0285260887815616e+03 1.4230119767119588e+01
164 1.0255376543574332e+03 1.4188773436447597e+01
165 1.0246271007400676e+03 1.4176175518737171e+01
166 1.0216198166675791e+03 1.4134568394725415e+01
167 1.0207343943714776e+03 1.4122318180116928e+01
168 1.0177099774255288e+03 1.4080474015116170e+01
169 1.0168480047058620e+03 1.4068548235915587e+01
170 1.0138080767343044e+03 1.4026489468918314e+01
171 1.0129679638420173e+03 1.4014866130234402e+01
172 1.0099140573877625e+03 1.3972613964659187e+01
173 1.0090943013377034e+03 1.3961272272018237e+01
174 1.0060278647997288e+03 1.3918846747114593e+01
175 1.0052270441526668e+03 1.3907767034267275e+01
176 1.0021494466766555e+03 1.3865187092779832e+01
177 1.0013662172123743e+03 1.3854350761836528e+01
178 9.9827875258109350e+02 1.3811634303830180e+01
179 9.9751184302377851e+02 1.3801023766119787e+01
180 9.9441573466895943e+02 1.3758187718321283e+01
181 9.9366394212787247e+02 1.3747786331310898e+01
182 9.9056034660653245e+02 1.3704846695205328e+01
183 9.8982253330369792e+02 1.3694638717226328e+01
184 9.8671254400135626e+02 1.3651610620292773e+01
185 9.8598763319902980e+02 1.3641581154195512e+01
186 9.8287228417741255e+02 1.3598478903141764e+01
187 9.8215925726948990e+02 1.3588613856053907e+01
188 9.7903952592974099e+02 1.3545450973663190e+01
189 9.7833741900620089e+02 1.3535737009457250e+01
190 9.7521422962037161e+02 1.3492526283447960e+01
191 9.7452213052859565e+02 1.3482950782083329e+01
192 9.7139635705446130e+02 1.3439704304053286e+01
193 9.7071340264327284e+02 1.3430255323446282e+01
194 9.6758587121916491e+02 1.3386984523389856e+01
195 9.6691124481565328e+02 1.3377650764504454e+01
196 9.6378273645757099e+02 1.3334366448128304e+01
197 9.6311566501980747e+02 1.3325137215582686e+01
198 9.5998691833025430e+02 1.3281849601783737e+01
199 9.5932667049238864e+02 1.3272714776803323e+01
200 9.5619838332156667e+02 1.3229433520652128e+01
201 9.5554426703153240e+02 1.3220383528386169e+01
202 9.5241709908804478e+02 1.3177117757247157e+01
203 9.5176845944894660e+02 1.3168143536903360e+01
204 9.4864303431910298e+02 1.3124901878372825e+01
205 9.4799925167892104e+02 1.3115994856787562e+01
206 9.4487615845354787e+02 1.3072785461201315e+01
207 9.4423664670601204e+02 1.3063937529331453e+01
208 9.4111644192931726e+02 1.3020768096728236e+01
209 9.4048064648083755e+02 1.3011971581522701e+01
210 9.3736385591128021e+02 1.2968849386006619e+01
211 9.3673125252287025e+02 1.2960097034383898e+01
212 9.3361837237420923e+02 1.2917028941294872e+01
213 9.3298846505121912e+02 1.2908313890946511e+01
214 9.2987996415078010e+02 1.2865306386720878e+01
215 9.2925228388069252e+02 1.2856622148648331e+01
216 9.2614860447766591e+02 1.2813681352002003e+01
217 9.2552270815755571e+02 1.2805021795677558e+01
218 9.2242426760030423e+02 1.2762153480812328e+01
219 9.2179973606148337e+02 1.2753512806849169e+01
220 9.1870692806308398e+02 1.2710722420962055e+01
221 9.1808336550546153e+02 1.2702095153288397e+01
222 9.1499656116484960e+02 1.2659387830699615e+01
223 9.1437359358976096e+02 1.2650768794876182e+01
224 9.1129314270249938e+02 1.2608149375164242e+01
225 9.1067041698706726e+02 1.2599533685577638e+01
226 9.0759664895869355e+02 1.2557006726215901e+01
227 9.0697383169679949e+02 1.2548389770042936e+01
228 9.0390705672327238e+02 1.2505959562731622e+01
229 9.0328383340485482e+02 1.2497336988584525e+01
230 9.0022434340122027e+02 1.2455007572099230e+01
231 8.9960041708004894e+02 1.2446375271593714e+01
232 8.9654848648600773e+02 1.2404150442930796e+01
233 8.9592357756849367e+02 1.2395504547764149e+01
234 8.9287946419162927e+02 1.2353387873807160e+01
235 8.9225330891325325e+02 1.2344724734678953e+01
236 8.8921725518800724e+02 1.2302719569617130e+01
237 8.8858960491840980e+02 1.2294035746614821e+01
238 8.8556183822295066e+02 1.2252145236327113e+01
239 8.8493245909225448e+02 1.2243437493756051e+01
240 8.8191319253456891e+02 1.2201664586687041e+01
241 8.8128186447040127e+02 1.2192929879747236e+01
242 8.7827129783054625e+02 1.2151277339943620e+01
243 8.7763781374439225e+02 1.2142512803472586e+01
244 8.7463613380813297e+02 1.2100983215199205e+01
245 8.7400029932429254e+02 1.2092186159921948e+01
246 8.7100768085911534e+02 1.2050781941165363e+01
247 8.7036931317456401e+02 1.2041949837920043e+01
248 8.6738591940101958e+02 1.2000673246909786e+01
249 8.6674484724842819e+02 1.1991803726136085e+01
250 8.6377083001722792e+02 1.1950656863794856e+01
251 8.6312689282898361e+02 1.1941747703967833e+01
252 8.6016239401448036e+02 1.1900732533190940e+01
253 8.5951544117913568e+02 1.1891781650533662e+01
254 8.5656059241139576e+02 1.1850899992482114e+01
255 8.5591048331062530e+02 1.1841905441476978e+01
256 8.5296540675099743e+02 1.1801158986307827e+01
257 8.5231200980436950e+02 1.1792118946480542e+01
258 8.4937681873008171e+02 1.1751509261435046e+01
259 8.4872001123236510e+02 1.1742422035103703e+01
260 8.4579481023203641e+02 1.1701950567212318e+01
261 8.4513447784000198e+02 1.1692814572387052e+01
262 8.4221936322685758e+02 1.1652482654186448e+01
263 8.4155539961861746e+02 1.1643296419856254e+01
264 8.3865046014499080e+02 1.1603105279274773e+01
265 8.3798276641719053e+02 1.1593867437067379e+01
266 8.3508808331626176e+02 1.1553818198002503e+01
267 8.3441656792226524e+02 1.1544527481329137e+01
268 8.3153221536625961e+02 1.1504621169986875e+01
269 8.3085679340772765e+02 1.1495276404240933e+01
270 8.2798283914151261e+02 1.1455513957901909e+01
271 8.2730343237542695e+02 1.1446114060556141e+01
272 8.2443993739785924e+02 1.1406496323166897e+01
273 8.2375647377019538e+02 1.1397040297321555e+01
274 8.2090349336918996e+02 1.1357568033815195e+01
275 8.2021590649274890e+02 1.1348054960973604e+01
276 8.1737349013266828e+02 1.1308728855711768e+01
277 8.1668171944171104e+02 1.1299157897919763e+01
278 8.1384991106197947e+02 1.1259978558824095e+01
279 8.1315390119655819e+02 1.1250348950151967e+01
280 8.1033273950849491e+02 1.1211316912810933e+01
281 8.0963244025251208e+02 1.1201627958496449e+01
282 8.0682195906004335e+02 1.1162743690602529e+01
283 8.0611732500858704e+02 1.1152994762448365e+01
284 8.0331755331779186e+02 1.1114258665313674e+01
285 8.0260854365199691e+02 1.1104449198572524e+01
286 7.9981950615133439e+02 1.1065861613772967e+01
287 7.9910608422894052e+02 1.1055991101482725e+01
288 7.9632780127091587e+02 1.1017552310604339e+01
289 7.9560993485090046e+02 1.1007620306695996e+01
290 7.9284242268369985e+02 1.0969330534539726e+01
291 7.9212008323781242e+02 1.0959336644312138e+01
292 7.8936335448724162e+02 1.0921196065561670e+01
293 7.8863651723796875e+02 1.0911139946206827e+01
294 7.8589058052084340e+02 1.0873148680079670e+01
295 7.8515922454691224e+02 1.0863030042142379e+01
296 7.8242408521939149e+02 1.0825188162743395e+01
297 7.8168819265110358e+02 1.0815006758988362e+01
298 7.7896385265505353e+02 1.0777314293184142e+01
299 7.7822340903119880e+02 1.0767069923534040e+01
300 7.7550986720772607e+02 1.0729526855290775e+01
301 7.7476486104632716e+02 1.0719219360887296e+01
302 7.7206211320817681e+02 1.0681825632272433e+01
303 7.7131253598583112e+02 1.0671454895190479e+01
304 7.6862057518528707e+02 1.0634210410079254e+01
305 7.6786642094014121e+02 1.0623776347833909e+01
306 7.6518523749940528e+02 1.0586680972329638e+01
307 7.6442650311475984e+02 1.0576183541799971e+01
308 7.6175608487516934e+02 1.0539237107682105e+01
309 7.6099276934501290e+02 1.0528676294949491e+01
310 7.5833310178062140e+02 1.0491878601245048e+01
311 7.5756520684273778e+02 1.0481254430352509e+01
312 7.5491627275153030e+02 1.0444605239063893e+01
313 7.5414380217562507e+02 1.0433917762166997e+01
314 7.5150558279764186e+02 1.0397416813741751e+01
315 7.5072854235816408e+02 1.0386666110732589e+01
316 7.4810101621112233e+02 1.0350313107953694e+01
317 7.4731941401528968e+02 1.0339499290999262e+01
318 7.4470255811218885e+02 1.0303293915831256e+01
319 7.4391640374231019e+02 1.0292417117507092e+01
320 7.4131019305054645e+02 1.0256359023612672e+01
321 7.4051949826489908e+02 1.0245419406599819e+01
322 7.3792390604359093e+02 1.0209508224006896e+01
323 7.3712868386793195e+02 1.0198505968522543e+01
324 7.3454368180143501e+02 1.0162741305471478e+01
325 7.3374394726702360e+02 1.0151676619479840e+01
326 7.3116950527507197e+02 1.0116058059796659e+01
327 7.3036527465447784e+02 1.0104931168436035e+01
328 7.2780136136006627e+02 1.0069458278005801e+01
329 7.2699265252694147e+02 1.0058269428566184e+01
330 7.2443923489302392e+02 1.0022941750306545e+01
331 7.2362606703517395e+02 1.0011691208259831e+01
332 7.2108311096993259e+02 9.9765082704951951e+00
333 7.2026550458611553e+02 9.9651963194508983e+00
334 7.1773297436804705e+02 9.9301576279582449e+00
335 7.1691095113029405e+02 9.9187845677586353e+00
336 7.1438881029628737e+02 9.8838896180544662e+00
337 7.1356239292234932e+02 9.8724557630098193e+00
338 7.1105060356796923e+02 9.8377040306692738e+00
339 7.1021981597248816e+02 9.8262097116493852e+00
340 7.0771833938552379e+02 9.7916006610716639e+00
341 7.0688320629293537e+02 9.7800462201501919e+00
342 7.0439200252592138e+02 9.7455792986441914e+00
343 7.0355254992752725e+02 9.7339650954224535e+00
344 7.0107157832230916e+02 9.6996397404643702e+00
345 7.0022783260983601e+02 9.6879661400837414e+00
346 6.9775705161156225e+02 9.6537817767435659e+00
347 6.9690904045505590e+02 9.6420491620315421e+00
348 6.9444840746876844e+02 9.6080052009889236e+00
349 6.9359615906001557e+02 9.5962139619915181e+00
350 6.9114563108466109e+02 9.5623098083075977e+00
351 6.9028917439941767e+02 9.5504603459173900e+00
352 6.8784870735953416e+02 9.5166953897883815e+00
353 6.8698807203273316e+02 9.5047881140179626e+00
354 6.8455762145431481e+02 9.4711617401260479e+00
355 6.8369283784392530e+02 9.4591970709915358e+00
356 6.8127235837530554e+02 9.4257086518760644e+00
357 6.8040345729409603e+02 9.4136870156859338e+00
358 6.7799290332450880e+02 9.3803359203014995e+00
359 6.7711991611906672e+02 9.3682577507498443e+00
360 6.7471924113707644e+02 9.3350433355898765e+00
361 6.7384219985822801e+02 9.3229090761142555e+00
362 6.7145135713488423e+02 9.2898306946627631e+00
363 6.7057029403843501e+02 9.2776407915367134e+00
364 6.6818923610209833e+02 9.2446977870022735e+00
365 6.6730418422569289e+02 9.2324526973164271e+00
366 6.6493286331296622e+02 9.1996444088710163e+00
367 6.6404385568505734e+02 9.1873445895888306e+00
368 6.6168222374479319e+02 9.1546703524232704e+00
369 6.6078929408005308e+02 9.1423162700023592e+00
370 6.5843730240132720e+02 9.1097754101791661e+00
371 6.5754048451863832e+02 9.0973675325189340e+00
372 6.5519808441040004e+02 9.0649593763755814e+00
373 6.5429741253258680e+02 9.0524981769641588e+00
374 6.5196455475627977e+02 9.0202220432631339e+00
375 6.5106006326648924e+02 9.0077079978067793e+00
376 6.4873669848697148e+02 8.9755632039742643e+00
377 6.4782842214628192e+02 8.9629967934080881e+00
378 6.4551450051092877e+02 8.9309826497106624e+00
379 6.4460247421695192e+02 8.9183643568587740e+00
380 6.4229794603098537e+02 8.8864801757468914e+00
381 6.4138220481076576e+02 8.8738104852241637e+00
382 6.3908701979144257e+02 8.8420555710135211e+00
383 6.3816759899435272e+02 8.8293349718943794e+00
384 6.3588170697928990e+02 8.7977086305659054e+00
385 6.3495864190098041e+02 8.7849376111815047e+00
386 6.3268199236908208e+02 8.7534391437531784e+00
387 6.3175531872075237e+02 8.7406181981839843e+00
388 6.2948786104073974e+02 8.7092469041493530e+00
389 6.2855761424884554e+02 8.6963765225362675e+00
390 6.2629929790342760e+02 8.6651317029659527e+00
391 6.2536551372935662e+02 8.6522123800838155e+00
392 6.2311628782868343e+02 8.6210933308939168e+00
393 6.2217900199795076e+02 8.6081255610212537e+00
394 6.1993881576235174e+02 8.5771315796522529e+00
395 6.1899806409353232e+02 8.5641158583551142e+00
396 6.1676686648630505e+02 8.5332462386913406e+00
397 6.1582268482231973e+02 8.5201830618726113e+00
398 6.1360042500985753e+02 8.4894371006083169e+00
399 6.1265284917943814e+02 8.4763269639745751e+00
400 6.1043947597689282e+02 8.4457039529444256e+00
401 6.0948854185716766e+02 8.4325473528718309e+00
402 6.0728400446909268e+02 8.4020465892980418e+00
403 6.0632974771209490e+02 8.3888440190484648e+00
404 6.0413399501933088e+02 8.3584647956745375e+00
405 6.0317645159810468e+02 8.3452167529511794e+00
406 6.0098943263462365e+02 8.3149583646392564e+00
407 6.0002863802481443e+02 8.3016653402635843e+00
408 5.9785030188891005e+02 8.2715270827657257e+00
409 5.9688629199332524e+02 8.2581895734691830e+00
410 5.9471658763898677e+02 8.2281707405409357e+00
411 5.9374939782262095e+02 8.2147892356140861e+00
412 5.9158827462957163e+02 8.1848891269012150e+00
413 5.9061794040844609e+02 8.1714641177241436e+00
414 5.8846534737009836e+02 8.1416820275276329e+00
415 5.8749190419175727e+02 8.1282140045330102e+00
416 5.8534779073168500e+02 8.0985492331053202e+00
417 5.8437127383959876e+02 8.0850386839023685e+00
418 5.8223558916567720e+02 8.0554905285116689e+00
419 5.8125603374095067e+02 8.0419379398467541e+00
420 5.7912872749935002e+02 8.0125057038252265e+00
421 5.7814616845523153e+02 7.9989115587387989e+00
422 5.7602719012571845e+02 7.9695945431163526e+00
423 5.7504166241483347e+02 7.9559593251936631e+00
424 5.7293096180127668e+02 7.9267568354843085e+00
425 5.7194249998137411e+02 7.9130810228473134e+00
426 5.6984002684646532e+02 7.8839923639953566e+00
427 5.6884866568043674e+02 7.8702764376042529e+00
428 5.6675436994425786e+02 7.8413009167315657e+00
429 5.6576014365917729e+02 7.8275453501332741e+00
430 5.6367397543359925e+02 7.7986822770152138e+00
431 5.6267691846778996e+02 7.7848875466793848e+00
432 5.6059882782401178e+02 7.7561362305285950e+00
433 5.5959897410934445e+02 7.7423028059178778e+00
434 5.5752891157894567e+02 7.7136625623165722e+00
435 5.5652629506145615e+02 7.6997909130895996e+00
436 5.5446421094519314e+02 7.6712610544264521e+00
437 5.5345886535526847e+02 7.6573516472582579e+00
438 5.5140471043130526e+02 7.6289314925270899e+00
439 5.5039666927410974e+02 7.6149847909766493e+00
440 5.4835039423371700e+02 7.5866736579690741e+00
441 5.4733969080294980e+02 7.5726901226696501e+00
442 5.4530124683596750e+02 7.5444873360752096e+00
443 5.4428791409888845e+02 7.5304674231436275e+00
444 5.4225725228213525e+02 7.5023723060881657e+00
445 5.4124132322756066e+02 7.4883164719394966e+00
446 5.3921839499979376e+02 7.4603283525564361e+00
447 5.3819990213828100e+02 7.4462370469888235e+00
448 5.3618465897409681e+02 7.4183552539074418e+00
449 5.3516363495218252e+02 7.4042289286003626e+00
450 5.3315602852969221e+02 7.3764527932656536e+00
451 5.3213250538132854e+02 7.3622918914232036e+00
452 5.3013248771575945e+02 7.3346207499443148e+00
453 5.2910649755262921e+02 7.3204257158460297e+00
454 5.2711402066205119e+02 7.2928589043714354e+00
455 5.2608559507428311e+02 7.2786301750809157e+00
456 5.2410061143514849e+02 7.2511670361010179e+00
457 5.2306978198903175e+02 7.2369050483520319e+00
458 5.2109224398904632e+02 7.2095449231293856e+00
459 5.2005904192519631e+02 7.1952501091498604e+00
460 5.1808890236688603e+02 7.1679923446862412e+00
461 5.1705335874279785e+02 7.1536651341705522e+00
462 5.1509057042460620e+02 7.1265090774112538e+00
463 5.1405271604119810e+02 7.1121498965039196e+00
464 5.1209723220805188e+02 7.0850949005715353e+00
465 5.1105709750948404e+02 7.0707041704811671e+00
466 5.0910887144295128e+02 7.0437495890052340e+00
467 5.0806648679398427e+02 7.0293277298419152e+00
468 5.0612547205658376e+02 7.0024729203390521e+00
469 5.0508086741995913e+02 6.9880203466507496e+00
470 5.0314701773747174e+02 6.9612646688963800e+00
471 5.0210022304823087e+02 6.9467817948478192e+00
472 5.0017349229763505e+02 6.9201246107092516e+00
473 4.9912453696246808e+02 6.9056118431551798e+00
474 4.9720487948278713e+02 6.8790525208923219e+00
475 4.9615379280027389e+02 6.8645102651917327e+00
476 4.9424116285586342e+02 6.8380481720314297e+00
477 4.9318797383128236e+02 6.8234768294853607e+00
478 4.9128232618284716e+02 6.7971113395216713e+00
479 4.9022706351012420e+02 6.7825113071234586e+00
480 4.8832835285406856e+02 6.7562417935608163e+00
481 4.8727104513216648e+02 6.7416134669899366e+00
482 4.8537922662395442e+02 6.7154393093840730e+00
483 4.8431990193352721e+02 6.7007830771489685e+00
484 4.8243493076938353e+02 6.6747036556195569e+00
485 4.8137361725359472e+02 6.6600199070935187e+00
486 4.7949544894029401e+02 6.6340346060568294e+00
487 4.7843217406609159e+02 6.6193237212574036e+00
488 4.7656076444507187e+02 6.5934319297599240e+00
489 4.7549555577711044e+02 6.5786942900564700e+00
490 4.7363086062753803e+02 6.5528953962831320e+00
491 4.7256374523891981e+02 6.5381313762441629e+00
492 4.7070572087732222e+02 6.5124247758145311e+00
493 4.6963672571513428e+02 6.4976347482650825e+00
494 4.6778532834049571e+02 6.4720198351724569e+00
495 4.6671448003126170e+02 6.4572041685024271e+00
496 4.6486966643906317e+02 6.4316803449929090e+00
497 4.6379699120327240e+02 6.4168394019745278e+00
498 4.6195871815720852e+02 6.3914060698544395e+00
499 4.6088424215376119e+02 6.3765402124078241e+00
500 4.5905246676086711e+02 6.3511967782337582e+00
501 4.5797621573656983e+02 6.3363063625775267e+00
502 4.5615089517891710e+02 6.3110522339442365e+00
503 4.5507289478120344e+02 6.2961376149221371e+00
504 4.5325398659947757e+02 6.2709722043859628e+00
505 4.5217426198631659e+02 6.2560337300697801e+00
506 4.5036172384920684e+02 6.2309564519580514e+00
507 4.4928030019138100e+02 6.2159944705968506e+00
508 4.4747408998288620e+02 6.1910047422158012e+00
509 4.4639099185299557e+02 6.1760195937825264e+00
510 4.4459106782731533e+02 6.1511168375602816e+00
511 4.4350631979828296e+02 6.1361088620323461e+00
512 4.4171264019057747e+02 6.1112925001336151e+00
513 4.4062626640761874e+02 6.0962620315709017e+00
514 4.3883878989338888e+02 6.0715314922527046e+00
515 4.3775081434562878e+02 6.0564788625555188e+00
516 4.3596949957265025e+02 6.0318335736912827e+00
517 4.3487994591659361e+02 6.0167591101579792e+00
518 4.3310475206370052e+02 5.9921985069685659e+00
519 4.3201364359123079e+02 5.9771025318527995e+00
520 4.3024452980937360e+02 5.9526260491732863e+00
521 4.2915188970206799e+02 5.9375088832025753e+00
522 4.2738881550241507e+02 5.9131159608518153e+00
523 4.2629466656132320e+02 5.8979779194889081e+00
524 4.2453759149920876e+02 5.8736679978968089e+00
525 4.2344195642566945e+02 5.8585093952249112e+00
526 4.2169084041941795e+02 5.8342819198435150e+00
527 4.2059374137897919e+02 5.8191030625329239e+00
528 4.1884854450674402e+02 5.7949574810255760e+00
529 4.1775000369973048e+02 5.7797586762277415e+00
530 4.1601068621575286e+02 5.7556944386940421e+00
531 4.1491072525606376e+02 5.7404759854469551e+00
532 4.1317724778724283e+02 5.7164925471423924e+00
533 4.1207588825553290e+02 5.7012547440240899e+00
534 4.1034821139192735e+02 5.6773515596944515e+00
535 4.0924547452798163e+02 5.6620947005668860e+00
536 4.0752355924050431e+02 5.6382712302272431e+00
537 4.0641946609019203e+02 5.6229956062694573e+00
538 4.0470327336794571e+02 5.5992513101865500e+00
539 4.0359784463586823e+02 5.5839572078559874e+00
540 4.0188733594780547e+02 5.5602915529354915e+00
541 4.0078059203897328e+02 5.5449792545446277e+00
542 3.9907572879773744e+02 5.5213917069131560e+00
543 3.9796768999589159e+02 5.5060614930966443e+00
544 3.9626843397168102e+02 5.4825515238277447e+00
545 3.9515912016006217e+02 5.4672036696791384e+00
546 3.9346543316863028e+02 5.4437707504766317e+00
547 3.9235486417436755e+02 5.4284055303131549e+00
548 3.9066670834712102e+02 5.4050491372480680e+00
549 3.8955490346092591e+02 5.3896668179653675e+00
550 3.8787224110912115e+02 5.3663864295970267e+00
551 3.8675921961421142e+02 5.3509872779870697e+00
552 3.8508201321515168e+02 5.3277823751721360e+00
553 3.8396779387997532e+02 5.3123666509048180e+00
554 3.8229600622911175e+02 5.2892367189016714e+00
555 3.8118060777531701e+02 5.2738046809993930e+00
556 3.7951420163534823e+02 5.2507492046132658e+00
557 3.7839764244485121e+02 5.2353011073980813e+00
558 3.7673658095583426e+02 5.2123195766551298e+00
559 3.7561887921106893e+02 5.1968556716891694e+00
560 3.7396312552974302e+02 5.1739475768463548e+00
561 3.7284429908953780e+02 5.1584681112145194e+00
562 3.7119381681040784e+02 5.1356329485854886e+00
563 3.7007388322458371e+02 5.1201381650974236e+00
564 3.6842863591415573e+02 5.0973754306084453e+00
565 3.6730761260756424e+02 5.0818655703447870e+00
566 3.6566756416385107e+02 5.0591747645086764e+00
567 3.6454546818782603e+02 5.0436500633822758e+00
568 3.6291058250914926e+02 5.0210306867161192e+00
569 3.6178743088536822e+02 5.0054913802295209e+00
570 3.6015767215567888e+02 4.9829429372022158e+00
571 3.5903348138493800e+02 4.9673892536513353e+00
572 3.5740881398341980e+02 4.9449112514329112e+00
573 3.5628360053839918e+02 4.9293434187246667e+00
574 3.5466398895970718e+02 4.9069353660827515e+00
575 3.5353776886586127e+02 4.8913536059364926e+00
576 3.5192317786859314e+02 4.8690150152904765e+00
577 3.5079596711141545e+02 4.8534195488726768e+00
578 3.4918636144245937e+02 4.8311499324799474e+00
579 3.4805817566400646e+02 4.8155409762054751e+00
580 3.4645352041596726e+02 4.7933398511065617e+00
581 3.4532437503417776e+02 4.7777176182895129e+00
582 3.4372463533221509e+02 4.7555845019753580e+00
583 3.4259454549134387e+02 4.7399492021432916e+00
584 3.4099968684103760e+02 4.7178836173681198e+00
585 3.3986866738010593e+02 4.7022354558255506e+00
586 3.3827865522774016e+02 4.6802369245232054e+00
587 3.3714672088743635e+02 4.6645761052141683e+00
588 3.3556152101773336e+02 4.6426441540009336e+00
589 3.3442868614180810e+02 4.6269708753776531e+00
590 3.3284826433892198e+02 4.6051050308619548e+00
591 3.3171454323797286e+02 4.5894194909179671e+00
592 3.3013886555134587e+02 4.5676192833786118e+00
593 3.2900427204028972e+02 4.5519216732494874e+00
594 3.2743330468233404e+02 4.5301866352200415e+00
595 3.2629785255410559e+02 4.5144771457372199e+00
596 3.2473156185139203e+02 4.4928068113306869e+00
597 3.2359526447089996e+02 4.4770856274036737e+00
598 3.2203361695997438e+02 4.4554795336381563e+00
599 3.2089648764715537e+02 4.4397468395542496e+00
600 3.1933944989363334e+02 4.4182045238500436e+00
601 3.1820150162007673e+02 4.4024604990770007e+00
602 3.1664904046746392e+02 4.3809815026991341e+00
603 3.1551028602969677e+02 4.3652263242826459e+00
604 3.1396236836331099e+02 4.3438101890746381e+00
605 3.1282282025223969e+02 4.3280440298319984e+00
606 3.1127941325179336e+02 4.3066903017104492e+00
607 3.1013908376424223e+02 4.2909133317737371e+00
608 3.0860015458856725e+02 4.2696215563663555e+00
609 3.0745905582850236e+02 4.2538339431993704e+00
610 3.0592457186861293e+02 4.2326036693462123e+00
611 3.0478271566414884e+02 4.2168055765962249e+00
612 3.0325264440532385e+02 4.1956363544415387e+00
613 3.0211004241038398e+02 4.1798279433458072e+00
614 3.0058435149621266e+02 4.1587193252241379e+00
615 2.9944101505314268e+02 4.1429007527091013e+00
616 2.9791967231149249e+02 4.1218522935045643e+00
617 2.9677561256627536e+02 4.1060237137798961e+00
618 2.9525858591028680e+02 4.0850349695563990e+00
619 2.9411381378656796e+02 4.0691965337556342e+00
620 2.9260107129417435e+02 4.0482670628570654e+00
621 2.9145559747468445e+02 4.0324189187805732e+00
622 2.8994710732881958e+02 4.0115482810035523e+00
623 2.8880094231045149e+02 3.9956905738805539e+00
624 2.8729667280766398e+02 3.9748783305936088e+00
625 2.8614982682733569e+02 3.9590112020564567e+00
626 2.8464974645985086e+02 3.9382569173353938e+00
627 2.8350222952029816e+02 3.9223805057764243e+00
628 2.8200630683657454e+02 3.9016837444750596e+00
629 2.8085812873960811e+02 3.8857981855067196e+00
630 2.7936633247350829e+02 3.8651585150440186e+00
631 2.7821750279012707e+02 3.8492639410853711e+00
632 2.7672980171775924e+02 3.8286809294647854e+00
633 2.7558032984126135e+02 3.8127774704763233e+00
634 2.7409669290627227e+02 3.7922506880192763e+00
635 2.7294658794376028e+02 3.7763384700018485e+00
636 2.7146698420963429e+02 3.7558674886877697e+00
637 2.7031625510260932e+02 3.7399466353510551e+00
638 2.6884065372369332e+02 3.7195310284164980e+00
639 2.6768930914262774e+02 3.7036016597203707e+00
640 2.6621767944905497e+02 3.6832410028339733e+00
641 2.6506572786665981e+02 3.6673032360021902e+00
642 2.6359803921340887e+02 3.6469971051763355e+00
643 2.6244548892387320e+02 3.6310510549627231e+00
644 2.6098171084275577e+02 3.6107990286563596e+00
645 2.5982856986190427e+02 3.5948448059634477e+00
646 2.5836867193521351e+02 3.5746464633339579e+00
647 2.5721494814006445e+02 3.5586841771438271e+00
648 2.5575890009937970e+02 3.5385390994140349e+00
649 2.5460460106026392e+02 3.5225688544656086e+00
650 2.5315237275050245e+02 3.5024766244264187e+00
651 2.5199750587423674e+02 3.4864985231963286e+00
652 2.5054906722026240e+02 3.4664587247447427e+00
653 2.4939363967441130e+02 3.4504728663994597e+00
654 2.4794896071166923e+02 3.4304850849624211e+00
655 2.4679297949482037e+02 3.4144915663305437e+00
656 2.4535203033312584e+02 3.3945553883639406e+00
657 2.4419550217002319e+02 3.3785543024853180e+00
658 2.4275825306958924e+02 3.3586693165258574e+00
659 2.4160118452497781e+02 3.3426607542266815e+00
660 2.4016760577098651e+02 3.3228265491565301e+00
661 2.3901000314644693e+02 3.3068105976219955e+00
662 2.3758006522215470e+02 3.2870267650637661e+00
663 2.3642193463614510e+02 3.2710035089454848e+00
664 2.3499560798056075e+02 3.2512696399096055e+00
665 2.3383695536097832e+02 3.2352391612226947e+00
666 2.3241421062351981e+02 3.2155548496306983e+00
667 2.3125504164406533e+02 3.1995172268733523e+00
668 2.2983584944875264e+02 3.1798820662953786e+00
669 2.2867616966374126e+02 3.1638373763140399e+00
670 2.2726050079592798e+02 3.1442509625523525e+00
671 2.2610031540680939e+02 3.1281992773114093e+00
672 2.2468814073854440e+02 3.1086612073677400e+00
673 2.2352745487720924e+02 3.0926025978692020e+00
674 2.2211874531323488e+02 3.0731124691976097e+00
675 2.2095756378175085e+02 3.0570470018802371e+00
676 2.1955229038059818e+02 3.0376044140625189e+00
677 2.1839061787034643e+02 3.0215321538336744e+00
678 2.1698875167237543e+02 3.0021367062002207e+00
679 2.1582659261203855e+02 2.9860577143327141e+00
680 2.1442810482446336e+02 2.9667090085224177e+00
681 2.1326546346719604e+02 2.9506233438605523e+00
682 2.1187032529133060e+02 2.9313209814306749e+00
683 2.1070720564705184e+02 2.9152286994534777e+00
684 2.0931538844718858e+02 2.8959722842161613e+00
685 2.0815179435414086e+02 2.8798734380274391e+00
686 2.0676326944741001e+02 2.8606625731423145e+00
687 2.0559920454539585e+02 2.8445572131003680e+00
688 2.0421394342949986e+02 2.8253915042253643e+00
689 2.0304941108770279e+02 2.8092796769443589e+00
690 2.0166738525308261e+02 2.7901587296369397e+00
691 2.0050238874074333e+02 2.7740404803482863e+00
692 1.9912356975941555e+02 2.7549639012945497e+00
693 1.9795811203188774e+02 2.7388392708868925e+00
694 1.9658247157516865e+02 2.7198066681467932e+00
695 1.9541655545226891e+02 2.7036756956335593e+00
696 1.9404406522573794e+02 2.6846866777410976e+00
697 1.9287769333554743e+02 2.6685493994829694e+00
698 1.9150832525560662e+02 2.6496035778889708e+00
699 1.9034150044232069e+02 2.6334600332366662e+00
700 1.8897522750909724e+02 2.6145570343857805e+00
701 1.8780795528114160e+02 2.5984072995508396e+00
702 1.8644475834171456e+02 2.5795468584538148e+00
703 1.8527706406173772e+02 2.5633912843398559e+00
704 1.8391697428826276e+02 2.5445738322774480e+00
705 1.8274900619039187e+02 2.5284144697701079e+00
706 1.8139234607565655e+02 2.5096444685746810e+00
707 1.8022492187704933e+02 2.4934926311576113e+00
708 1.7887350100022584e+02 2.4747951171686702e+00
709 1.7771064023494552e+02 2.4587064168985329e+00
710 1.7637290606449008e+02 2.4401982646311460e+00
711 1.7523193115528406e+02 2.4244123649963449e+00
712 1.7394189866265117e+02 2.4065641868374525e+00
713 1.7288744054496178e+02 2.3919752858189991e+00
714 1.7176261176756600e+02 2.3764127751598805e+00
715 1.7100033067236743e+02 2.3658662742988890e+00
716 1.7038368986980879e+02 2.3573347722111810e+00
717 1.7046154954701873e+02 2.3584119957680860e+00
718 1.7118245450390035e+02 2.3683860391968610e+00
719 1.7329606918081433e+02 2.3976288462798183e+00
720 1.7697318182934487e+02 2.4485033490819466e+00
721 1.8318501404441096e+02 2.5344468339947692e+00
722 1.9222031551580153e+02 2.6594542824905418e+00
723 2.0500909445234433e+02 2.8363927752786138e+00
724 2.2133038988568984e+02 3.0622052182533830e+00
725 2.4098495920349006e+02 3.3341350005059467e+00
726 2.6149492964896541e+02 3.6178996410363067e+00
727 2.7961444570708068e+02 3.8685912729176910e+00
728 2.8993145354029775e+02 4.0113317038180973e+00
729 2.8919292285333722e+02 4.0011138005079427e+00
730 2.7684028456247893e+02 3.8302095091767843e+00
731 2.5804592577497436e+02 3.5701811254444524e+00
732 2.3927389810285322e+02 3.3104617027097127e+00
733 2.2720072195930351e+02 3.1434238955348177e+00
734 2.2485735948795153e+02 3.1110024246661343e+00
735 2.3276040053653955e+02 3.2203445423552410e+00
736 2.4648145366723793e+02 3.4101814667760437e+00
737 2.5856469445636162e+02 3.5773585228367897e+00
738 2.6024233697158502e+02 3.6005694595144599e+00
739 2.5021722409308157e+02 3.4618675262373011e+00
740 2.3497745503501051e+02 3.2510184857657065e+00
741 2.2477896540925650e+02 3.1099178074249862e+00
742 2.2495805692185726e+02 3.1123956188304338e+00
743 2.3489211901348153e+02 3.2498378236317538e+00
744 2.4612620007572812e+02 3.4052663739942237e+00
745 2.4866702612791477e+02 3.4404198420728660e+00
746 2.3914328964149229e+02 3.3086546760644606e+00
747 2.2642790342517878e+02 3.1327316044798845e+00
748 2.2081328693863392e+02 3.0550508670426582e+00
749 2.2648801622205238e+02 3.1335632919872585e+00
750 2.3708693239841344e+02 3.2802040512605131e+00
751 2.4134343708726576e+02 3.3390947028174698e+00
752 2.3346302929031373e+02 3.2300657263165280e+00
753 2.2206205070657566e+02 3.0723280738850258e+00
754 2.1825006920003369e+02 3.0195875999390531e+00
755 2.2526678055991650e+02 3.1166669488360035e+00
756 2.3415178641870824e+02 3.2395949901187930e+00
757 2.3355674929392603e+02 3.2313623846031039e+00
758 2.2322789020858309e+02 3.0884579863138475e+00
759 2.1572056360243357e+02 2.9845907554272233e+00
760 2.1873649434102927e+02 3.0263175099428969e+00
761 2.2783921103503303e+02 3.1522576782815364e+00
762 2.2979596556434936e+02 3.1793302548653850e+00
763 2.2130581276260332e+02 3.0618651827318080e+00
764 2.1321713975187677e+02 2.9499547635842851e+00
765 2.1561186150382383e+02 2.9830868131363801e+00
766 2.2389458152337727e+02 3.0976819596876859e+00
767 2.2537816575367594e+02 3.1182080129517016e+00
768 2.1668758159353095e+02 2.9979698830744144e+00
769 2.1036954827647492e+02 2.9105570582807658e+00
770 2.1427307728176828e+02 2.9645641329341217e+00
771 2.2175006115649265e+02 3.0680115585217353e+00
772 2.1975400321740193e+02 3.0403952016347460e+00
773 2.1091216133098871e+02 2.9180643532703185e+00
774 2.0816624418006907e+02 2.8800733578503932e+00
775 2.1485853400283682e+02 2.9726641892672965e+00
776 2.1880735799672243e+02 3.0272979404041642e+00
777 2.1249541304377308e+02 2.9399693508587692e+00
778 2.0565795191401133e+02 2.8453700092953502e+00
779 2.0880235655275692e+02 2.8888742578444981e+00
780 2.1523449222318311e+02 2.9778657398757975e+00
781 2.1271919328063041e+02 2.9430654508087146e+00
782 2.0467097589491058e+02 2.8317147533788800e+00
783 2.0452582299777606e+02 2.8297064979410274e+00
784 2.1109726592638609e+02 2.9206253583733290e+00
785 2.1144690839187558e+02 2.9254628187098777e+00
786 2.0371755835613280e+02 2.8185237940897938e+00
787 2.0151748077614246e+02 2.7880847339612318e+00
788 2.0744490030876577e+02 2.8700932418437257e+00
789 2.0930222561079489e+02 2.8957901704706761e+00
790 2.0221529242246791e+02 2.7977392710803293e+00
791 1.9914803880746751e+02 2.7553024415495462e+00
792 2.0453374102292062e+02 2.8298160473704050e+00
793 2.0678940181579614e+02 2.8610241261801899e+00
794 2.0008687221262807e+02 2.7682916228085594e+00
795 1.9708162632238000e+02 2.7267126979622920e+00
796 2.0230160909126508e+02 2.7989335009090910e+00
797 2.0409142495597922e+02 2.8236964061905168e+00
798 1.9744099262381255e+02 2.7316846919305831e+00
799 1.9527427121070519e+02 2.7017071293322186e+00
800 2.0058645248919083e+02 2.7752035400134991e+00
801 2.0113790503519692e+02 2.7828331333326592e+00
802 1.9447587329501252e+02 2.6906609360600724e+00
803 1.9386618116151831e+02 2.6822255719255845e+00
804 1.9912921824451874e+02 2.7550420506194895e+00
805 1.9774636983596835e+02 2.7359097226327931e+00
806 1.9151877695207574e+02 2.6497481817975617e+00
807 1.9302883926533369e+02 2.6706405712156367e+00
808 1.9749764928545767e+02 2.7324685622568770e+00
809 1.9382743208767607e+02 2.6816894611087037e+00
810 1.8906495636813833e+02 2.6157984733970499e+00
811 1.9273608972576892e+02 2.6665902500276628e+00
812 1.9509960314127397e+02 2.6992905182470857e+00
813 1.8964585715660826e+02 2.6238354963592325e+00
814 1.8766189944996253e+02 2.5963865516154843e+00
815 1.9249059524159713e+02 2.6631937237265459e+00
816 1.9147549966945192e+02 2.6491494211811322e+00
817 1.8597753774898371e+02 2.5730826519891052e+00
818 1.8752118522358958e+02 2.5944397071785126e+00
819 1.9125910368515747e+02 2.6461554856774820e+00
820 1.8687288076172479e+02 2.5854701241620788e+00
821 1.8385952205768569e+02 2.5437789548981407e+00
822 1.8795278362421021e+02 2.6004110646376164e+00
823 1.8807096737444712e+02 2.6020461898315634e+00
824 1.8260339886069539e+02 2.5263999270539323e+00
825 1.8375403988503467e+02 2.5423195617271825e+00
826 1.8722812235381139e+02 2.5903850509264967e+00
827 1.8326005477582643e+02 2.5354850561722149e+00
828 1.8041173202160635e+02 2.4960772332982422e+00
829 1.8449883380358020e+02 2.5526241196555870e+00
830 1.8385432651861234e+02 2.5437070722846853e+00
831 1.7899595061275355e+02 2.4764892624807944e+00
832 1.8077088144208216e+02 2.5010462266212179e+00
833 1.8342789125668259e+02 2.5378071491652121e+00
834 1.7878967551752268e+02 2.4736353540169005e+00
835 1.7761587325302460e+02 2.4573952731974522e+00
836 1.8142430040805695e+02 2.5100865710960423e+00
837 1.7914833003312108e+02 2.4785975001089162e+00
838 1.7538063992919169e+02 2.4264698175842843e+00
839 1.7865255655512038e+02 2.4717382516695610e+00
840 1.7896051214616364e+02 2.4759989554001689e+00
841 1.7433117028404223e+02 2.4119499343209196e+00
842 1.7555548339016178e+02 2.4288888552900265e+00
843 1.7811079613156676e+02 2.4642427532117761e+00
844 1.7380497447289790e+02 2.4046697792570741e+00
845 1.7295277232812245e+02 2.3928791803425469e+00
846 1.7634168433968068e+02 2.4397662980644053e+00
847 1.7361837351978986e+02 2.4020880713739694e+00
848 1.7079234650800069e+02 2.3629887200969253e+00
849 1.7420285853373085e+02 2.4101746837031910e+00
850 1.7314488368941244e+02 2.3955371271944537e+00
851 1.6932446592263233e+02 2.3426799338041375e+00
852 1.7173563967693960e+02 2.3760396041881671e+00
853 1.7247239790355289e+02 2.3862329847144088e+00
854 1.6813431390210499e+02 2.3262136467766044e+00
855 1.6945412394257522e+02 2.3444738106660661e+00
856 1.7130154095280335e+02 2.3700336536317446e+00
857 1.6730464531812706e+02 2.3147348097827769e+00
858 1.6722740230049169e+02 2.3136661179876787e+00
859 1.6996228612815557e+02 2.3515044624315413e+00
860 1.6642340749894720e+02 2.3025424892893800e+00
861 1.6535885894793452e+02 2.2878139825999972e+00
862 1.6829402631476449e+02 2.3284233396421810e+00
863 1.6564183761298415e+02 2.2917291193564853e+00
864 1.6357642135519785e+02 2.2631531590207850e+00
865 1.6665529781986891e+02 2.3057507958900039e+00
866 1.6465060802849061e+02 2.2780150134549375e+00
867 1.6208749135267837e+02 2.2425531446003344e+00
868 1.6486862365822205e+02 2.2810313574796743e+00
869 1.6368058035835421e+02 2.2645942455482979e+00
870 1.6059411045824390e+02 2.2218915500938641e+00
871 1.6323722591221147e+02 2.2584602379264105e+00
872 1.6248828225191332e+02 2.2480982664595586e+00
873 1.5929449021662586e+02 2.2039107211273317e+00
874 1.6154288028040841e+02 2.2350182061389465e+00
875 1.6133284222629860e+02 2.2321122354511478e+00
876 1.5791387600655128e+02 2.1848093042786618e+00
877 1.6004275074472795e+02 2.2142632411538434e+00
878 1.5999069081016157e+02 2.2135429686084716e+00
879 1.5666492737078403e+02 2.1675295397070089e+00
880 1.5850011888756654e+02 2.1929202374873187e+00
881 1.5871506813404599e+02 2.1958941567243877e+00
882 1.5530103520192415e+02 2.1486594797989471e+00
883 1.5714936442144349e+02 2.1742319435893260e+00
884 1.5728203544055185e+02 2.1760675066461412e+00
885 1.5404669301099798e+02 2.1313050929724779e+00
886 1.5575257001732521e+02 2.1549066664986962e+00
887 1.5592865048103445e+02 2.1573428186921721e+00
888 1.5267704426320790e+02 2.1123553882128960e+00
889 1.5453289826616657e+02 2.1380319607572789e+00
890 1.5442814294376012e+02 2.1365826238854715e+00
891 1.5142260126999085e+02 2.0949996067415189e+00
892 1.5325569143962508e+02 2.1203612314415072e+00
893 1.5300338934462295e+02 2.1168705187911079e+00
894 1.5007509886652988e+02 2.0763563065891169e+00
895 1.5213346126240791e+02 2.1048346735814198e+00
896 1.5143035433124285e+02 2.0951068738214516e+00
897 1.4886723958824189e+02 2.0596450317081594e+00
898 1.5093118518357380e+02 2.0882006447691612e+00
899 1.4992560935603257e+02 2.0742880521602718e+00
900 1.4760286680754868e+02 2.0421518671732035e+00
901 1.4984612523506388e+02 2.0731883536953468e+00
902 1.4827807840596174e+02 2.0514937224925456e+00
903 1.4651143728994742e+02 2.0270514502540427e+00
904 1.4863807189877681e+02 2.0564743939349306e+00
905 1.4670964048495057e+02 2.0297936803577650e+00
906 1.4539955510448175e+02 2.0116680615012625e+00
907 1.4748729445420221e+02 2.0405528718265358e+00
908 1.4503411257775704e+02 2.0066120002306613e+00
909 1.4448076502796647e+02 1.9989561886841694e+00
910 1.4615238077716381e+02 2.0220837423506604e+00
911 1.4348843696835408e+02 1.9852268848866488e+00
912 1.4354621071186386e+02 1.9860262105415896e+00
913 1.4480903271940753e+02 2.0034979194344471e+00
914 1.4191510763628838e+02 1.9634591678859650e+00
915 1.4277345953299826e+02 1.9753348513768774e+00
916 1.4323803333487515e+02 1.9817624383029473e+00
917 1.4056047189503892e+02 1.9447171748057150e+00
918 1.4191836219181550e+02 1.9635041961214612e+00
919 1.4164257367709172e+02 1.9596885383197573e+00
920 1.3927531106762217e+02 1.9269363983201953e+00
921 1.4111185731479839e+02 1.9523458394031448e+00
922 1.3986215059754079e+02 1.9350555864340473e+00
923 1.3828066637774518e+02 1.9131750429038765e+00
924 1.4008226518352592e+02 1.9381009704600072e+00
925 1.3815608594946943e+02 1.9114514168001351e+00
926 1.3738516799949534e+02 1.9007854211794024e+00
927 1.3894962492302753e+02 1.9224303844284489e+00
928 1.3643029185853638e+02 1.8875742814749075e+00
929 1.3673023781321754e+02 1.8917241682938528e+00
930 1.3748424641342876e+02 1.9021562154761995e+00
931 1.3497338052129982e+02 1.8674172596501031e+00
932 1.3603545990597979e+02 1.8821116043157682e+00
933 1.3588660532536247e+02 1.8800521344266006e+00
934 1.3368907178634669e+02 1.8496482722460097e+00
935 1.3535070729844207e+02 1.8726377448557203e+00
936 1.3405859396576005e+02 1.8547607773414212e+00
937 1.3279267664152184e+02 1.8372462433537400e+00
938 1.3435417953722816e+02 1.8588503363028341e+00
939 1.3232506515793830e+02 1.8307766287387552e+00
940 1.3206473157041614e+02 1.8271747967869447e+00
941 1.3312750710908693e+02 1.8418787730553214e+00
942 1.3068293684325863e+02 1.8080570469549309e+00
943 1.3154899559444235e+02 1.8200393582342742e+00
944 1.3149241544906081e+02 1.8192565465448070e+00
945 1.2944969468641801e+02 1.7909945885641159e+00
946 1.3087156304066798e+02 1.8106667750013348e+00
947 1.2974101416347065e+02 1.7950251241958028e+00
948 1.2851177223317328e+02 1.7780180107334511e+00
949 1.2999757170033502e+02 1.7985747127930762e+00
950 1.2792080611910706e+02 1.7698417294770039e+00
951 1.2796161220655542e+02 1.7704062999997658e+00
952 1.2863652358512067e+02 1.7797440016428547e+00
953 1.2643973166950208e+02 1.7493504001546074e+00
954 1.2742232524642523e+02 1.7629450230178767e+00
955 1.2699872973321425e+02 1.7570843890956516e+00
956 1.2529882133587866e+02 1.7335653939519560e+00
957 1.2677557754493823e+02 1.7539969784795297e+00
958 1.2513961739472929e+02 1.7313627360177886e+00
959 1.2465948592357651e+02 1.7247199017591444e+00
960 1.2562954555605724e+02 1.7381411118791539e+00
961 1.2353136033321189e+02 1.7091117782138696e+00
962 1.2416368591029317e+02 1.7178602861922516e+00
963 1.2410776703494912e+02 1.7170866234703550e+00
964 1.2227422543781576e+02 1.6917187530684357e+00
965 1.2363283430268109e+02 1.7105157160959921e+00
966 1.2226322534534700e+02 1.6915665618552160e+00
967 1.2158609719990287e+02 1.6821981902480627e+00
968 1.2259882188229821e+02 1.6962096904703625e+00
969 1.2061847400272792e+02 1.6688106893033328e+00
970 1.2111553317842913e+02 1.6756877259470540e+00
971 1.2112817060134239e+02 1.6758625703613714e+00
972 1.1934837014481353e+02 1.6512382327444395e+00
973 1.2062428295772645e+02 1.6688910588012507e+00
974 1.1929777631020593e+02 1.6505382443495928e+00
975 1.1868899552716081e+02 1.6421154891573395e+00
976 1.1959521798906216e+02 1.6546534833892477e+00
977 1.1768471975352192e+02 1.6282208833773075e+00
978 1.1825473162854684e+02 1.6361072533379315e+00
979 1.1809338156502938e+02 1.6338749028381927e+00
980 1.1650523225029666e+02 1.6119021447300461e+00
981 1.1773487082777598e+02 1.6289147459840698e+00
982 1.1627175662403155e+02 1.6086719047189331e+00
983 1.1595112542481343e+02 1.6042358282637854e+00
984 1.1660418813648165e+02 1.6132712438004859e+00
985 1.1476720412965341e+02 1.5878557461164005e+00
986 1.1554512906069282e+02 1.5986186864630405e+00
987 1.1500798526884229e+02 1.5911870611755841e+00
988 1.1378003135639442e+02 1.5741977680178998e+00
989 1.1490411877174489e+02 1.5897500216005958e+00
990 1.1323118077138626e+02 1.5666041739962140e+00
991 1.1337115141863516e+02 1.5685407306824841e+00
992 1.1357446242621231e+02 1.5713536296641946e+00
993 1.1194255500979303e+02 1.5487754585922220e+00
994 1.1292328286112502e+02 1.5623442683050965e+00
995 1.1188254254204523e+02 1.5479451591833044e+00
996 1.1122601915308600e+02 1.5388618636240519e+00
997 1.1203643858965177e+02 1.5500743800295367e+00
998 1.1026127745686115e+02 1.5255142295374173e+00
999 1.1091790646668706e+02 1.5345989864087350e+00
1000 1.1046280985426513e+02 1.5283025206496152e+00
1001 1.0931071052015058e+02 1.5123627096065231e+00
1002 1.1027517390552778e+02 1.5257064931377484e+00
1003 1.0878448925411548e+02 1.5050822023628463e+00
1004 1.0885948747565735e+02 1.5061198363971233e+00
1005 1.0903476375614588e+02 1.5085448623550373e+00
1006 1.0749465632123680e+02 1.4872367852026629e+00
1007 1.0847935700424611e+02 1.5008605608237429e+00
1008 1.0730337525820705e+02 1.4845903258996034e+00
1009 1.0694014043414563e+02 1.4795648091855784e+00
1010 1.0745349093423010e+02 1.4866672436093533e+00
1011 1.0586961812870585e+02 1.4647536529242651e+00
1012 1.0658452939142832e+02 1.4746447709059733e+00
1013 1.0588749890058925e+02 1.4650010414234045e+00
1014 1.0505676281627014e+02 1.4535074350835466e+00
1015 1.0586018802078789e+02 1.4646231831514969e+00
1016 1.0426777047370047e+02 1.4425913721342758e+00
1017 1.0476413690166009e+02 1.4494588243022715e+00
1018 1.0438549268650625e+02 1.4442201117508482e+00
1019 1.0332813331356158e+02 1.4295910705646264e+00
1020 1.0416156061613613e+02 1.4411219111161508e+00
1021 1.0277119772636404e+02 1.4218856169112526e+00
1022 1.0292598593788780e+02 1.4240271812454455e+00
1023 1.0290964290067690e+02 1.4238010679952262e+00
1024 1.0161856209257026e+02 1.4059383859215495e+00
1025 1.0250653120304932e+02 1.4182238368492832e+00
1026 1.0123540928534631e+02 1.4006372949765800e+00
1027 1.0120112862826230e+02 1.4001630067097857e+00
1028 1.0134790864755921e+02 1.4021937741125743e+00
1029 1.0002457385116787e+02 1.3838848436439715e+00
1030 1.0080163416459091e+02 1.3946358216180788e+00
1031 9.9759222374759659e+01 1.3802135869487289e+00
1032 9.9476337742220153e+01 1.3762997511741950e+00
1033 9.9824910009079602e+01 1.3811224048326767e+00
1034 9.8415943646272595e+01 1.3616287232340520e+00
1035 9.9176274849664026e+01 1.3721482464672989e+00
1036 9.8223443664465464e+01 1.3589653996429811e+00
1037 9.7860258387123764e+01 1.3539405684300467e+00
1038 9.8239885301369569e+01 1.3591928770641810e+00
1039 9.6890005893111251e+01 1.3405166899842402e+00
1040 9.7528407905162254e+01 1.3493492681659156e+00
1041 9.6735239403912459e+01 1.3383754261881566e+00
1042 9.6238252612787477e+01 1.3314993910175146e+00
1043 9.6710481148252114e+01 1.3380328846161784e+00
1044 9.5331235861253973e+01 1.3189504074322798e+00
1045 9.5970266063176084e+01 1.3277916769025864e+00
1046 9.5188996458085839e+01 1.3169824614902532e+00
1047 9.4711811922577908e+01 1.3103803994080561e+00
1048 9.5136346943933376e+01 1.3162540318468614e+00
1049 9.3840100825519400e+01 1.2983198853882660e+00
1050 9.4397115392174086e+01 1.3060264317578545e+00
1051 9.3690569574669738e+01 1.2962510534629246e+00
1052 9.3173529274067718e+01 1.2890975689939888e+00
1053 9.3623850566589468e+01 1.2953279660603967e+00
1054 9.2313655909789404e+01 1.2772008353168374e+00
1055 9.2910319007893918e+01 1.2854559369027447e+00
1056 9.2141117203940553e+01 1.2748136849319585e+00
1057 9.1722434258084704e+01 1.2690210185825446e+00
1058 9.2072298831672668e+01 1.2738615518842586e+00
1059 9.0852976764761237e+01 1.2569916841812465e+00
1060 9.1406571089417540e+01 1.2646509099686927e+00
1061 9.0641934313833488e+01 1.2540718172129657e+00
1062 9.0258967793576190e+01 1.2487733036317359e+00
1063 9.0578291629257905e+01 1.2531912921259605e+00
1064 8.9364770954663626e+01 1.2364016892877774e+00
1065 8.9978991499577916e+01 1.2448997060254083e+00
1066 8.9100021573134057e+01 1.2327387628452409e+00
1067 8.8878864190027898e+01 1.2296789512533817e+00
1068 8.9043009894539381e+01 1.2319499807002126e+00
1069 8.7948837798964831e+01 1.2168116189846518e+00
1070 8.8526218461264421e+01 1.2247999394223719e+00
1071 8.7613387784228038e+01 1.2121705175700621e+00
1072 8.7487401998101475e+01 1.2104274477101040e+00
1073 8.7556548919049561e+01 1.2113841263761596e+00
1074 8.6519279042989552e+01 1.1970330323901575e+00
1075 8.7133272056992894e+01 1.2055279011355802e+00
1076 8.6096880826956749e+01 1.1911889636114208e+00
1077 8.6173592472352880e+01 1.1922503036332506e+00
1078 8.6025737332574877e+01 1.1902046614563782e+00
1079 8.5172481330143157e+01 1.1783994819484853e+00
1080 8.5700576235026645e+01 1.1857059118260203e+00
1081 8.4647842597522242e+01 1.1711408697644137e+00
1082 8.4842859789816927e+01 1.1738390200916342e+00
1083 8.4539241810709569e+01 1.1696383291677250e+00
1084 8.3826050555827891e+01 1.1597710082659758e+00
1085 8.4306484923276614e+01 1.1664180332307337e+00
1086 8.3190352111590471e+01 1.1509758351576433e+00
1087 8.3573292531056680e+01 1.1562739876227215e+00
1088 8.3015117710057439e+01 1.1485513886138627e+00
1089 8.2567973931177960e+01 1.1423649538739182e+00
1090 8.2856668767693805e+01 1.1463591764265384e+00
1091 8.1820954236248070e+01 1.1320296013308997e+00
1092 8.2266946378815234e+01 1.1382001026659154e+00
1093 8.1546624257574621e+01 1.1282341230296551e+00
1094 8.1311947194299904e+01 1.1249872605986289e+00
1095 8.1429643063285909e+01 1.1266156357366384e+00
1096 8.0468966146436884e+01 1.1133242396958596e+00
1097 8.0990634202927055e+01 1.1205417512432136e+00
1098 8.0067206053371621e+01 1.1077657086052770e+00
1099 8.0129738877282151e+01 1.1086308782721710e+00
1100 7.9945952043592001e+01 1.1060881049934410e+00
1101 7.9222558019390888e+01 1.0960796242018693e+00
1102 7.9647425652214167e+01 1.1019578584695195e+00
1103 7.8675596745339803e+01 1.0885121696446947e+00
1104 7.8923822679698276e+01 1.0919464867842925e+00
1105 7.8495621652372662e+01 1.0860221335085622e+00
1106 7.8003665190731155e+01 1.0792156952025975e+00
1107 7.8303958851866923e+01 1.0833703926963003e+00
1108 7.7314701317472512e+01 1.0696835709924051e+00
1109 7.7747289614096758e+01 1.0756686241067210e+00
1110 7.7023223003687534e+01 1.0656508377832827e+00
1111 7.6877545942017917e+01 1.0636353302939816e+00
1112 7.6882019288533996e+01 1.0636972210494793e+00
1113 7.6075408293260793e+01 1.0525373961374920e+00
1114 7.6497516039965689e+01 1.0583774461427917e+00
1115 7.5633022200949199e+01 1.0464167861251981e+00
1116 7.5744809691588131e+01 1.0479634161986677e+00
1117 7.5469239783702079e+01 1.0441507829206162e+00
1118 7.4888089921334682e+01 1.0361103139093442e+00
1119 7.5227332502371212e+01 1.0408038871797853e+00
1120 7.4284065653069121e+01 1.0277533672325241e+00
1121 7.4642320852130325e+01 1.0327099886011406e+00
1122 7.4023562665739206e+01 1.0241491915583918e+00
1123 7.3810376585600096e+01 1.0211996665184813e+00
1124 7.3859725229796894e+01 1.0218824271454843e+00
1125 7.3071348675666286e+01 1.0109748839054702e+00
1126 7.3459405354065197e+01 1.0163438221076977e+00
1127 7.2657952687362325e+01 1.0052553649851663e+00
1128 7.2737386193905380e+01 1.0063543631768106e+00
1129 7.2483060760335349e+01 1.0028356567297885e+00
1130 7.1931277170920993e+01 9.9520148327659086e-01
1131 7.2236062740891470e+01 9.9941832834379540e-01
1132 7.1348451482545471e+01 9.8713782846083153e-01
1133 7.1687027162433694e+01 9.9182217485475810e-01
1134 7.1072824162929194e+01 9.8332440086574135e-01
1135 7.0909079330122566e+01 9.8105891765875175e-01
1136 7.0901190171788940e+01 9.8094976761465102e-01
1137 7.0191409129919094e+01 9.7112962853951679e-01
1138 7.0540665659328752e+01 9.7596174927729562e-01
1139 6.9753435889378949e+01 9.6507007231079445e-01
1140 6.9888140609339942e+01 9.6693377253108925e-01
1141 6.9551967056977020e+01 9.6228266064891088e-01
1142 6.9121157092490179e+01 9.5632221155735819e-01
1143 6.9332282870293454e+01 9.5924323139033685e-01
1144 6.8514722610262623e+01 9.4793191848931135e-01
1145 6.8865558633384637e+01 9.5278589223105714e-01
1146 6.8187612640457289e+01 9.4340620533714126e-01
1147 6.8160632255922337e+01 9.4303291961548286e-01
1148 6.8008669429103264e+01 9.4093044574596030e-01
1149 6.7444391226764182e+01 9.3312340371869151e-01
1150 6.7720929825810074e+01 9.3694943927343011e-01
1151 6.6943311354342853e+01 9.2619073893242876e-01
1152 6.7174575937824272e+01 9.2939038817490172e-01
1153 6.6688123965111984e+01 9.2266010694222256e-01
1154 6.6459316239851120e+01 9.1949444943521519e-01
1155 6.6498450230557708e+01 9.2003588574956263e-01
1156 6.5810730553219116e+01 9.1052097554798828e-01
1157 6.6144042945102612e+01 9.1513250199160634e-01
1158 6.5396483087357112e+01 9.0478967605375249e-01
1159 6.5548092035438970e+01 9.0688725385221902e-01
1160 6.5181313362962285e+01 9.0181270640583255e-01
1161 6.4849061832789644e+01 8.9721585745981658e-01
1162 6.4965657739425438e+01 8.9882901412534055e-01
1163 6.4267750101098727e+01 8.8917314891384969e-01
1164 6.4557854576260468e+01 8.9318687444940648e-01
1165 6.3917612005457457e+01 8.8432883131184414e-01
1166 6.3938572913539268e+01 8.8461883487683401e-01
1167 6.3720021097804931e+01 8.8159507247824931e-01
1168 6.3269722089053467e+01 8.7536498371779836e-01
1169 6.3475520650057639e+01 8.7821229911692400e-01
1170 6.2747301326623749e+01 8.6813705814615671e-01
1171 6.3031077683582744e+01 8.7206323132800301e-01
1172 6.2441430555354714e+01 8.6390519883223704e-01
1173 6.2407060923753185e+01 8.6342967956308470e-01
1174 6.2248864901300067e+01 8.6124096663616556e-01
1175 6.1771801871606762e+01 8.5464058564141332e-01
1176 6.1980582864907170e+01 8.5752916432907944e-01
1177 6.1295511757082252e+01 8.4805089827470004e-01
1178 6.1516081654434323e+01 8.5110258173764408e-01
1179 6.1017688915298294e+01 8.4420709464565391e-01
1180 6.0899767639815657e+01 8.4257560090766104e-01
1181 6.0824288769888305e+01 8.4153131688738347e-01
1182 6.0296453115336732e+01 8.3422847385447330e-01
1183 6.0540524670161503e+01 8.3760531328984245e-01
1184 5.9853966865430387e+01 8.2810647811693183e-01
1185 6.0069761174444004e+01 8.3109208917320010e-01
1186 5.9592773897126456e+01 8.2449275624654395e-01
1187 5.9467877876553771e+01 8.2276476378182062e-01
1188 5.9397547311910436e+01 8.2179170887433706e-01
1189 5.8891162218983247e+01 8.1478564398280440e-01
1190 5.9107892029525068e+01 8.1778419812231951e-01
1191 5.8470543438680401e+01 8.0896619449552898e-01
1192 5.8642420612841569e+01 8.1134419229278942e-01
1193 5.8217311983906484e+01 8.0546262373583766e-01
1194 5.8059178899719306e+01 8.0327478158805765e-01
1195 5.8021135244412157e+01 8.0274843055301393e-01
1196 5.7503679077962140e+01 7.9558919239354098e-01
1197 5.7734365635535006e+01 7.9878084438830499e-01
1198 5.7095293952814458e+01 7.8993900101254644e-01
1199 5.7283171205092884e+01 7.9253836706713676e-01
1200 5.6843892657269024e+01 7.8646075132666970e-01
1201 5.6720740116888194e+01 7.8475688069241056e-01
1202 5.6648501013995194e+01 7.8375742030219875e-01
1203 5.6180852661452732e+01 7.7728729558863041e-01
1204 5.6372420843266099e+01 7.7993772730884370e-01
1205 5.5776042565718143e+01 7.7168656634308785e-01
1206 5.5943357436045403e+01 7.7400144262045822e-01
1207 5.5520834301817473e+01 7.6815564554246196e-01
1208 5.5404392077934645e+01 7.6654461514675731e-01
1209 5.5326893831309043e+01 7.6547239214410057e-01
1210 5.4876663791546179e+01 7.5924325760054190e-01
1211 5.5067251260691300e+01 7.6188012072110711e-01
1212 5.4469001537920583e+01 7.5360306747128780e-01
1213 5.4666764953641255e+01 7.5633921303138107e-01
1214 5.4205013042412141e+01 7.4995066822813672e-01
1215 5.4154174890961620e+01 7.4924729960018399e-01
1216 5.4011937065696756e+01 7.4727937548915691e-01
1217 5.3636573254968383e+01 7.4208604880433271e-01
1218 5.3772586123491756e+01 7.4396784784673708e-01
1219 5.3220727567724822e+01 7.3633263720042652e-01
1220 5.3406570984818693e+01 7.3890386423299448e-01
1221 5.2942397876522740e+01 7.3248182108234150e-01
1222 5.2925076906407675e+01 7.3224217769175715e-01
1223 5.2747147627071499e+01 7.2978044630482608e-01
1224 5.2418861076122887e+01 7.2523845462480219e-01
1225 5.2528977206015789e+01 7.2676196067268861e-01
1226 5.1992219418431858e+01 7.1933567592739645e-01
1227 5.2201799729076328e+01 7.2223531352903858e-01
1228 5.1694469990935829e+01 7.1521617904727441e-01
1229 5.1756968496495119e+01 7.1608087390438624e-01
1230 5.1492062286577116e+01 7.1241577767075293e-01
1231 5.1265824777585316e+01 7.0928568025865713e-01
1232 5.1293022499948599e+01 7.0966197294665390e-01
1233 5.0827947399792301e+01 7.0322745033403899e-01
1234 5.1007379148123860e+01 7.0570996905342953e-01
1235 5.0505928621154148e+01 6.9877217609523878e-01
1236 5.0605949931371065e+01 7.0015601578503905e-01
1237 5.0289063795492375e+01 6.9577175396098023e-01
1238 5.0137238323235437e+01 6.9367118045343301e-01
1239 5.0103198349488174e+01 6.9320022214855714e-01
1240 4.9691842503705956e+01 6.8750892951511489e-01
1241 4.9858436721047752e+01 6.8981383523519402e-01
1242 4.9343066470011337e+01 6.8268345665107222e-01
1243 4.9506348065866923e+01 6.8494253076706657e-01
1244 4.9103766486550391e+01 6.7937263404573311e-01
1245 4.9069581299111043e+01 6.7889966664429402e-01
1246 4.8921777940146683e+01 6.7685474087820374e-01
1247 4.8624064969033462e+01 6.7273574838848982e-01
1248 4.8713231756126277e+01 6.7396941088224638e-01
1249 4.8248968977562285e+01 6.6754612710321493e-01
1250 4.8414464122552829e+01 6.6983582666434327e-01
1251 4.7979486955117849e+01 6.6381772245087134e-01
1252 4.8020945402028289e+01 6.6439131865939649e-01
1253 4.7788930570693495e+01 6.6118128940136045e-01
1254 4.7587604329666021e+01 6.5839585055509953e-01
1255 4.7606581408905654e+01 6.5865840695824340e-01
1256 4.7192132707674894e+01 6.5292432328242000e-01
1257 4.7360367092607774e+01 6.5525192145679256e-01
1258 4.6888027877415929e+01 6.4871689655445908e-01
1259 4.7020085126937360e+01 6.5054396783374235e-01
1260 4.6675727293413367e+01 6.4577962275077283e-01
1261 4.6614181584176933e+01 6.4492811025814933e-01
1262 4.6504833795021170e+01 6.4341523454898808e-01
1263 4.6209851536602756e+01 6.3933402269422390e-01
1264 4.6304156857079249e+01 6.4063877910215017e-01
1265 4.5871767568726355e+01 6.3465647935653036e-01
1266 4.6023280279973058e+01 6.3675272567521712e-01
1267 4.5626106524029609e+01 6.3125764861584233e-01
1268 4.5661513609565738e+01 6.3174752152551317e-01
1269 4.5448338495187180e+01 6.2879814820181856e-01
1270 4.5266205798641600e+01 6.2627826065242020e-01
1271 4.5278526836298141e+01 6.2644872773480165e-01
1272 4.4902970965179598e+01 6.2125274380833384e-01
1273 4.5055445650207325e+01 6.2336229946575883e-01
1274 4.4618269138410717e+01 6.1731376633656321e-01
1275 4.4751212124668669e+01 6.1915309218087922e-01
1276 4.4415670108160704e+01 6.1451071788051936e-01
1277 4.4386057941417747e+01 6.1410102027156965e-01
1278 4.4255969482778490e+01 6.1230118809721068e-01
1279 4.4014627818507215e+01 6.0896211792209765e-01
1280 4.4079390495672790e+01 6.0985813860894011e-01
1281 4.3693987090362981e+01 6.0452590962998309e-01
1282 4.3838501427581264e+01 6.0652533030497857e-01
1283 4.3453253763212054e+01 6.0119525607178992e-01
1284 4.3524061407159579e+01 6.0217491158543324e-01
1285 4.3280107030492637e+01 5.9879969336243599e-01
1286 4.3168664181162363e+01 5.9725783155605483e-01
1287 4.3128785610217371e+01 5.9670609364013960e-01
1288 4.2826869553839991e+01 5.9252894958056967e-01
1289 4.2944783175008524e+01 5.9416033741769370e-01
1290 4.2545175641782599e+01 5.8863158795798431e-01
1291 4.2693947595332020e+01 5.9068991466460630e-01
1292 4.2338848772335197e+01 5.8577696317458228e-01
1293 4.2380219088898045e+01 5.8634934006021910e-01
1294 4.2185875839601955e+01 5.8366051403667041e-01
1295 4.2041928713252510e+01 5.8166894097845867e-01
1296 4.2039268955546021e+01 5.8163214203759783e-01
1297 4.1729894658901522e+01 5.7735180987865875e-01
1298 4.1851513141550612e+01 5.7903445613612226e-01
1299 4.1480963526776861e+01 5.7390773601166034e-01
1300 4.1599146129372386e+01 5.7554284532747413e-01
1301 4.1300738523333017e+01 5.7141424225198956e-01
1302 4.1294234584209470e+01 5.7132425733697811e-01
1303 4.1162312874029581e+01 5.6949906130527905e-01
1304 4.0976555519190114e+01 5.6692902498260256e-01
1305 4.1020378354936341e+01 5.6753533357117947e-01
1306 4.0692009132986904e+01 5.6299219810077838e-01
1307 4.0834045862671516e+01 5.6495733996425457e-01
1308 4.0469881614236229e+01 5.5991896424713861e-01
1309 4.0587305072044749e+01 5.6154357045432202e-01
1310 4.0309883679263237e+01 5.5770532105228809e-01
1311 4.0296297664812577e+01 5.5751735244857503e-01
1312 4.0183555614073995e+01 5.5595751560797413e-01
1313 3.9999780271952694e+01 5.5341490132025339e-01
1314 4.0048535791555800e+01 5.5408945580246616e-01
1315 3.9739002139538769e+01 5.4980691889047173e-01
1316 3.9869240712316781e+01 5.5160882796127164e-01
1317 3.9538132005149876e+01 5.4702779048413497e-01
1318 3.9634094803249106e+01 5.4835547883840663e-01
1319 3.9394076492765237e+01 5.4503471785651147e-01
1320 3.9360397334754772e+01 5.4456875159919227e-01
1321 3.9279003069439497e+01 5.4344262543046751e-01
1322 3.9084618410866781e+01 5.4075322649100332e-01
1323 3.9153803031525420e+01 5.4171042674946390e-01
1324 3.8844162849483773e+01 5.3742641594679652e-01
1325 3.8986598119753104e+01 5.3939707179802121e-01
1326 3.8660266031741727e+01 5.3488212098937693e-01
1327 3.8767683455157432e+01 5.3636828922268998e-01
1328 3.8529391918047722e+01 5.3307141892494259e-01
1329 3.8513401487062509e+01 5.3285018414001173e-01
1330 3.8425775485272027e+01 5.3163783910200724e-01
1331 3.8257297840450029e+01 5.2930687531795839e-01
1332 3.8313491911296104e+01 5.3008434549306005e-01
1333 3.8033870452657908e+01 5.2621565719309493e-01
1334 3.8162940097131674e+01 5.2800139361650156e-01
1335 3.7863256226890471e+01 5.2385513285333685e-01
1336 3.7964308846932155e+01 5.2525324117714023e-01
1337 3.7743276968060734e+01 5.2219516599266147e-01
1338 3.7731464846102462e+01 5.2203173998723162e-01
1339 3.7651255193020418e+01 5.2092200346009232e-01
1340 3.7494601564043045e+01 5.1875463023872581e-01
1341 3.7554351186652973e+01 5.1958129306726597e-01
1342 3.7285982915962798e+01 5.1586829766999798e-01
1343 3.7424170310708909e+01 5.1778018225804279e-01
1344 3.7125960426056771e+01 5.1365431474663525e-01
1345 3.7249307418447160e+01 5.1536087571166489e-01
1346 3.7015054934918624e+01 5.1211988753186555e-01
1347 3.7039936509710749e+01 5.1246413527934465e-01
1348 3.6934536303755593e+01 5.1100587615438875e-01
1349 3.6822422746762882e+01 5.0945473480666259e-01
1350 3.6854773368797495e+01 5.0990232017286241e-01
1351 3.6627120782946328e+01 5.0675264453770741e-01
1352 3.6748016540077749e+01 5.0842529156346716e-01
1353 3.6475447545660906e+01 5.0465417726927364e-01
1354 3.6600315396025032e+01 5.0638177998652634e-01
1355 3.6371609184015874e+01 5.0321752696088839e-01
1356 3.6417192445569832e+01 5.0384819183012586e-01
1357 3.6301625395493382e+01 5.0224926985657758e-01
1358 3.6220529624598939e+01 5.0112727349204989e-01
1359 3.6239506889936820e+01 5.0138983246994639e-01
1360 3.6038577277010667e+01 4.9860988115136845e-01
1361 3.6158139629901264e+01 5.0026407993137934e-01
1362 3.5894076016927897e+01 4.9661064140440836e-01
1363 3.6040586657998325e+01 4.9863768183860824e-01
1364 3.5795510606113396e+01 4.9524694473586078e-01
1365 3.5886957078166859e+01 4.9651214769356394e-01
1366 3.5734416677987817e+01 4.9440168283754499e-01
1367 3.5713789528213965e+01 4.9411629696844767e-01
1368 3.5689219800189107e+01 4.9377636376086759e-01
1369 3.5546541977728090e+01 4.9180235209127804e-01
1370 3.5634033631511343e+01 4.9301283836434279e-01
1371 3.5408971276001914e+01 4.8989899972777184e-01
1372 3.5549124808882532e+01 4.9183808671878709e-01
1373 3.5314003411004265e+01 4.8858507671922169e-01
1374 3.5428804989954820e+01 4.9017340805640353e-01
1375 3.5259317381918791e+01 4.8782847097828580e-01
1376 3.5283341060716445e+01 4.8816084934988591e-01
1377 3.5228755920608414e+01 4.8740563945320503e-01
1378 3.5134218325363499e+01 4.8609766941967453e-01
1379 3.5198803943851658e+01 4.8699124042029812e-01
1380 3.5005207839241137e+01 4.8431275147859409e-01
1381 3.5147800089307026e+01 4.8628557921571491e-01
1382 3.4913224075550488e+01 4.8304011485009690e-01
1383 3.5064395334102343e+01 4.8513163701759726e-01
1384 3.4862385456065397e+01 4.8233673974667596e-01
1385 3.4951786966411618e+01 4.8357364974192479e-01
1386 3.4843002873766928e+01 4.8206857302683120e-01
1387 3.4825993605788383e+01 4.8183324217511464e-01
1388 3.4835510697789218e+01 4.8196491541168462e-01
1389 3.4709176813666438e+01 4.8021702945981515e-01
1390 3.4817916812632845e+01 4.8172149611909215e-01
1391 3.4621085382299384e+01 4.7899824499485794e-01
1392 3.4774140705338795e+01 4.8111583403961045e-01
1393 3.4572010315615870e+01 4.7831926943546005e-01
1394 3.4700040324678703e+01 4.8009062203664471e-01
1395 3.4559523506237916e+01 4.7814650882695864e-01
1396 3.4604680768164300e+01 4.7877127980027334e-01
1397 3.4569748270322904e+01 4.7828797302422782e-01
1398 3.4506460415886885e+01 4.7741235717135677e-01
1399 3.4582562427571574e+01 4.7846526263734723e-01
1400 3.4425963216656420e+01 4.7629864231427993e-01
1401 3.4578985162189191e+01 4.7841576956625714e-01
1402 3.4378527026307992e+01 4.7564234134406957e-01
1403 3.4548137504166156e+01 4.7798897838128784e-01
1404 3.4369150109708706e+01 4.7551260749705337e-01
1405 3.4491109725250972e+01 4.7719997348110366e-01
1406 3.4391161444391024e+01 4.7581714418521320e-01
1407 3.4420231959411083e+01 4.7621934779962749e-01
1408 3.4428823002989787e+01 4.7633820874091320e-01
1409 3.4354220380770549e+01 4.7530604800070431e-01
1410 3.4462956735926952e+01 4.7681046424623552e-01
1411 3.4311335482903829e+01 4.7471271620338734e-01
1412 3.4477759966136404e+01 4.7701527357593398e-01
1413 3.4303171352759691e+01 4.7459976180095403e-01
1414 3.4466406093184439e+01 4.7685818765104654e-01
1415 3.4331055622503037e+01 4.7498555317989372e-01
1416 3.4433313148595474e+01 4.7640033191935044e-01
1417 3.4385946885577418e+01 4.7574499842512052e-01
1418 3.4392265083398172e+01 4.7583241352589661e-01
1419 3.4451683544037600e+01 4.7665449458003750e-01
1420 3.4361299327485852e+01 4.7540398840365816e-01
1421 3.4510547967773881e+01 4.7746891028511901e-01
1422 3.4356456010016515e+01 4.7533697893407778e-01
1423 3.4549358966708745e+01 4.7800587786343190e-01
1424 3.4386595365856046e+01 4.7575397044064077e-01
1425 3.4563958276523991e+01 4.7820786586301134e-01
1426 3.4450771855432343e+01 4.7664188095926052e-01
1427 3.4560393484284930e+01 4.7815854536345370e-01
1428 3.4538661695873415e+01 4.7785787632333643e-01
1429 3.4552283140120046e+01 4.7804633511416822e-01
1430 3.4633553294216640e+01 4.7917074414851440e-01
1431 3.4555091010303201e+01 4.7808518325757715e-01
1432 3.4716335406048053e+01 4.8031607179628621e-01
1433 3.4578417746452146e+01 4.7840791911502994e-01
1434 3.4767649359071449e+01 4.8102602335241279e-01
1435 3.4616513355532959e+01 4.7893498895383541e-01
1436 3.4764204553252931e+01 4.8097836291880142e-01
1437 3.4635592060368730e+01 4.7919895139268437e-01
1438 3.4665272189951445e+01 4.7960958929800573e-01
1439 3.4556289748342110e+01 4.7810176833602008e-01
1440 3.4389146605370264e+01 4.7578926798363741e-01
1441 3.4235175629729397e+01 4.7365901047444248e-01
1442 3.3791464923453056e+01 4.6752007383381194e-01
1443 3.3465894848191489e+01 4.6301566581334980e-01
1444 3.2679664085074535e+01 4.5213781055446950e-01
1445 3.2042508551741101e+01 4.4332247796493968e-01
1446 3.0911446252044460e+01 4.2767372372884255e-01
1447 2.9915138699058517e+01 4.1388936185556113e-01
1448 2.8575041523017539e+01 3.9534851634600993e-01
1449 2.7368862328497990e+01 3.7866048617756337e-01
1450 2.6120167122490976e+01 3.6138422792031499e-01
1451 2.5043732201769487e+01 3.4649126797457086e-01
1452 2.4263141729010208e+01 3.3569144866265049e-01
1453 2.3697148598223613e+01 3.2786067983110673e-01
1454 2.3667317718271608e+01 3.2744795622680956e-01
1455 2.3822850038380636e+01 3.2959981563703744e-01
1456 2.4532566808276634e+01 3.3941906548058537e-01
1457 2.5224353550110393e+01 3.4899024534366663e-01
1458 2.6152037569379452e+01 3.6182516984799318e-01
1459 2.6668986105940139e+01 3.6897738472025787e-01
1460 2.6908450612971247e+01 3.7229048358298461e-01
1461 2.6559073914635782e+01 3.6745670025421734e-01
1462 2.5825771620975718e+01 3.5731113411048643e-01
1463 2.4981783258986656e+01 3.4563417656496898e-01
1464 2.4163097381091088e+01 3.3430729023590705e-01
1465 2.3871136157927168e+01 3.3026787575892563e-01
1466 2.3849596930159052e+01 3.2996987088167973e-01
1467 2.4457746787393983e+01 3.3838389693235749e-01
1468 2.5001203805975003e+01 3.4590286854332658e-01
1469 2.5616857292845246e+01 3.5442071067564118e-01
1470 2.5572161704501987e+01 3.5380232716342525e-01
1471 2.5186331642365758e+01 3.4846419519590471e-01
1472 2.4386224035859740e+01 3.3739434758450193e-01
1473 2.3712809026913668e+01 3.2807734888626694e-01
1474 2.3429187827820126e+01 3.2415332238308281e-01
1475 2.3568634124798777e+01 3.2608262444817510e-01
1476 2.4172551408407973e+01 3.3443809094428795e-01
1477 2.4589987740069791e+01 3.4021350982717863e-01
1478 2.4820593974557550e+01 3.4340405051603251e-01
1479 2.4306247769363452e+01 3.3628784006545837e-01
1480 2.3717368314569612e+01 3.2814042867598203e-01
1481 2.3052744519139921e+01 3.1894506035990355e-01
1482 2.2994726919307023e+01 3.1814236084335462e-01
1483 2.3280871185642706e+01 3.2210129511351498e-01
1484 2.3812903928756640e+01 3.2946220674922200e-01
1485 2.4066555857132283e+01 3.3297159494978990e-01
1486 2.3759773019144699e+01 3.2872711678372629e-01
1487 2.3191353821777682e+01 3.2086278223286929e-01
1488 2.2565551824745970e+01 3.1220453091051981e-01
1489 2.2554514755888516e+01 3.1205182811237731e-01
1490 2.2792420339737074e+01 3.1534335857364348e-01
1491 2.3348156936313856e+01 3.2303222365399109e-01
1492 2.3337309027728043e+01 3.2288213797305154e-01
1493 2.3017618697154148e+01 3.1845907885760816e-01
1494 2.2336152637732777e+01 3.0903069026487828e-01
1495 2.2049276992738204e+01 3.0506163704292405e-01
1496 2.2182151610176270e+01 3.0690001697395120e-01
1497 2.2603659142902952e+01 3.1273176274964604e-01
1498 2.2855801672893726e+01 3.1622026774654288e-01
1499 2.2518077203693078e+01 3.1154769823427569e-01
1500 2.2017531004179215e+01 3.0462241705205811e-01
1501 2.1556190169804275e+01 2.9823955968147320e-01
1502 2.1755003011754635e+01 3.0099022452415752e-01
1503 2.2053031717592432e+01 3.0511358534540373e-01
1504 2.2339956066394787e+01 3.0908331240638393e-01
1505 2.1958410001809632e+01 3.0380445146650065e-01
1506 2.1475313582598549e+01 2.9712059582159023e-01
1507 2.1143525072875889e+01 2.9253015297118012e-01
1508 2.1341428190866019e+01 2.9526823137483260e-01
1509 2.1716539250641617e+01 3.0045806113685780e-01
1510 2.1732284921240225e+01 3.0067590955205670e-01
1511 2.1371568357807593e+01 2.9568523410335618e-01
1512 2.0820375057510113e+01 2.8805922756485514e-01
1513 2.0816725653163768e+01 2.8800873641884189e-01
1514 2.1029264263578618e+01 2.9094930342470499e-01
1515 2.1371644204890206e+01 2.9568628348176407e-01
1516 2.1066243654469091e+01 2.9146092988418537e-01
1517 2.0653008426731098e+01 2.8574363515841839e-01
1518 2.0320901439403897e+01 2.8114878602750148e-01
1519 2.0554417592490466e+01 2.8437958674536706e-01
1520 2.0834654033125677e+01 2.8825678359710122e-01
1521 2.0773390648551022e+01 2.8740917719280551e-01
1522 2.0342698586663502e+01 2.8145035933659779e-01
1523 1.9960037200122560e+01 2.7615606741719650e-01
1524 2.0115680277729926e+01 2.7830945920709232e-01
1525 2.0349931074859104e+01 2.8155042405480013e-01
1526 2.0433851512475002e+01 2.8271150095037795e-01
1527 1.9938952675642696e+01 2.7586435356389338e-01
1528 1.9664807981655709e+01 2.7207143875939233e-01
1529 1.9656128692292295e+01 2.7195135689809391e-01
1530 2.0013823070337999e+01 2.7690021905641365e-01
1531 1.9962579602614419e+01 2.7619124269602507e-01
1532 1.9596947157193359e+01 2.7113255381507484e-01
1533 1.9256201163351800e+01 2.6641818015414442e-01
1534 1.9337693776575478e+01 2.6754566701029436e-01
1535 1.9639949634797603e+01 2.7172751238079895e-01
1536 1.9531763343875546e+01 2.7023070652067238e-01
1537 1.9188424709605314e+01 2.6548046251652413e-01
1538 1.8853852485253501e+01 2.6085150572562926e-01
1539 1.9090677307764921e+01 2.6412808336903804e-01
1540 1.9229734510622585e+01 2.6605200214244457e-01
1541 1.9149504725776897e+01 2.6494198708332545e-01
1542 1.8668560674153202e+01 2.5828791040939636e-01
1543 1.8589821783835241e+01 2.5719852254478515e-01
1544 1.8766836246923305e+01 2.5964759703859752e-01
1545 1.8916776295968610e+01 2.6172208487033555e-01
1546 1.8619861638174161e+01 2.5761413740345740e-01
1547 1.8260448334214257e+01 2.5264149313411810e-01
1548 1.8312319256985919e+01 2.5335915061653175e-01
1549 1.8504756815850111e+01 2.5602161055818828e-01
1550 1.8513007979413665e+01 2.5613576910701669e-01
1551 1.8072422570962740e+01 2.5004007236360287e-01
1552 1.7947500101624218e+01 2.4831171396834095e-01
1553 1.8048291446275840e+01 2.4970620742993191e-01
1554 1.8258823422952325e+01 2.5261901175798146e-01
1555 1.7942114502463468e+01 2.4823720178832814e-01
1556 1.7663509175101506e+01 2.4438257212033895e-01
1557 1.7648854352466032e+01 2.4417981607599229e-01
1558 1.7884852674748522e+01 2.4744495871802047e-01
1559 1.7795017569893364e+01 2.4620204974825866e-01
1560 1.7426509466193039e+01 2.4110357484518455e-01
1561 1.7325333998328745e+01 2.3970376686665398e-01
1562 1.7472814682819354e+01 2.4174422828666942e-01
1563 1.7586029533487707e+01 2.4331060652636557e-01
1564 1.7215762585959457e+01 2.3818779723003103e-01
1565 1.7045449840307047e+01 2.3583144400288844e-01
1566 1.7092096368771013e+01 2.3647681964673717e-01
1567 1.7304719291909326e+01 2.3941855315694646e-01
1568 1.7021056320801055e+01 2.3549394871920240e-01
1569 1.6774577359010301e+01 2.3208380172865520e-01
1570 1.6767837157091300e+01 2.3199054801189672e-01
1571 1.6973550717490049e+01 2.3483668738952071e-01
1572 1.6827610801768277e+01 2.3281754319650916e-01
1573 1.6502919466086908e+01 2.2832529293228354e-01
1574 1.6484778734654920e+01 2.2807430777618884e-01
1575 1.6633527349577182e+01 2.3013231158243597e-01
1576 1.6613532493162303e+01 2.2985567377556501e-01
1577 1.6241330373610534e+01 2.2470609050629484e-01
1578 1.6211664368121305e+01 2.2429564801414195e-01
1579 1.6320712223337537e+01 2.2580437400271924e-01
1580 1.6362722858994488e+01 2.2638560999022778e-01
1581 1.6000355637664722e+01 2.2137209694914434e-01
1582 1.5928074730768477e+01 2.2037205818179709e-01
1583 1.6048023347488513e+01 2.2203160109514070e-01
1584 1.6078531611492426e+01 2.2245369661162573e-01
1585 1.5774543396071685e+01 2.1824788330225733e-01
1586 1.5637196409672706e+01 2.1634762614064681e-01
1587 1.5803206448113018e+01 2.1864444948359996e-01
1588 1.5782777772278875e+01 2.1836180959048077e-01
1589 1.5543758938863443e+01 2.1505487682212668e-01
1590 1.5358326312268233e+01 2.1248933326036115e-01
1591 1.5562470437643888e+01 2.1531375880049583e-01
1592 1.5499842253016537e+01 2.1444726977531198e-01
1593 1.5288310954884700e+01 2.1152063938669807e-01
1594 1.5108575853389121e+01 2.0903392364021917e-01
1595 1.5309577977673483e+01 2.1181487818596173e-01
1596 1.5239414078821982e+01 2.1084412917446343e-01
1597 1.5004740607591867e+01 2.0759731644098550e-01
1598 1.4889469192276342e+01 2.0600248470695676e-01
1599 1.5046470750906666e+01 2.0817467169113002e-01
1600 1.4990867876531619e+01 2.0740538098437666e-01
1601 1.4709212291522340e+01 2.0350854963369289e-01
1602 1.4687131442861133e+01 2.0320305118845575e-01
1603 1.4787942453340243e+01 2.0459781673559077e-01
1604 1.4732243877579856e+01 2.0382720195724593e-01
1605 1.4426553477302470e+01 1.9959783815689824e-01
1606 1.4483869701422568e+01 2.0039083382586984e-01
1607 1.4546109112282386e+01 2.0125194399160162e-01
1608 1.4447104875024776e+01 1.9988217596238508e-01
1609 1.4174917059187774e+01 1.9611633544481527e-01
1610 1.4271207810296426e+01 1.9744856117607043e-01
1611 1.4317831313862625e+01 1.9809361826013108e-01
1612 1.4137526838247187e+01 1.9559902496732029e-01
1613 1.3957325528155492e+01 1.9310585901580377e-01
1614 1.4053493696418245e+01 1.9443638875840336e-01
1615 1.4084372035868785e+01 1.9486360443468384e-01
1616 1.3824419207978142e+01 1.9126704046315887e-01
1617 1.3763855671137222e+01 1.9042911676616484e-01
1618 1.3839234849561427e+01 1.9147202150978124e-01
1619 1.3823643749774169e+01 1.9125631165108758e-01
1620 1.3536167553123459e+01 1.8727894952760291e-01
1621 1.3580318177875618e+01 1.8788979322410132e-01
1622 1.3628370691376714e+01 1.8855462130157069e-01
1623 1.3527424400599878e+01 1.8715798409083881e-01
1624 1.3294140746478686e+01 1.8393040010044290e-01
1625 1.3395429310316707e+01 1.8533177281249738e-01
1626 1.3407356135063031e+01 1.8549678578244808e-01
1627 1.3211925183980787e+01 1.8279291091681688e-01
1628 1.3102766678457403e+01 1.8128265403160973e-01
1629 1.3200927086839265e+01 1.8264074730984442e-01
1630 1.3157856303258871e+01 1.8204484370030277e-01
1631 1.2913259072011515e+01 1.7866073129584345e-01
1632 1.2946786367566183e+01 1.7912459646797119e-01
1633 1.2987479865632411e+01 1.7968760926613120e-01
1634 1.2874348140123244e+01 1.7812238110029685e-01
1635 1.2668726019357921e+01 1.7527750683101509e-01
1636 1.2795216636950153e+01 1.7702756126073471e-01
1637 1.2745646067941255e+01 1.7634173020441554e-01
1638 1.2577177843512091e+01 1.7401089675572690e-01
1639 1.2493370224444652e+01 1.7285138075536993e-01
1640 1.2611752574655965e+01 1.7448925366904169e-01
1641 1.2476098571289739e+01 1.7261241968704960e-01
1642 1.2307096530518942e+01 1.7027420064983972e-01
1643 1.2364281025415389e+01 1.7106537378591707e-01
1644 1.2371979156628273e+01 1.7117188088412019e-01
1645 1.2199777458477065e+01 1.6878939315189750e-01
1646 1.2098972968598842e+01 1.6739471782020043e-01
1647 1.2225095286114922e+01 1.6913967665317145e-01
1648 1.2083176331061212e+01 1.6717616425453977e-01
1649 1.1952628966380686e+01 1.6536998290926494e-01
1650 1.1950293147401288e+01 1.6533766580599096e-01
1651 1.2018436373047534e+01 1.6628045789735410e-01
1652 1.1790839142400200e+01 1.6313154812627281e-01
1653 1.1760525226739977e+01 1.6271214150629454e-01
1654 1.1811343570044874e+01 1.6341523607966793e-01
1655 1.1733342797500979e+01 1.6233606040553178e-01
1656 1.1554368180869002e+01 1.5985986630824403e-01
1657 1.1609879047249926e+01 1.6062788404312997e-01
1658 1.1618404312932476e+01 1.6074583491771879e-01
1659 1.1426347359367012e+01 1.5808864082108456e-01
1660 1.1399243792701876e+01 1.5771365081940369e-01
1661 1.1445010841246306e+01 1.5834685846408905e-01
1662 1.1355251097225116e+01 1.5710499214526708e-01
1663 1.1181681756009480e+01 1.5470358245781374e-01
1664 1.1282562595718927e+01 1.5609931412367126e-01
1665 1.1215272060702095e+01 1.5516831938962669e-01
1666 1.1079271638418307e+01 1.5328669254652952e-01
1667 1.1033593436081770e+01 1.5265471412898091e-01
1668 1.1116075610052359e+01 1.5379589200191587e-01
1669 1.0939589863091946e+01 1.5135413253287669e-01
1670 1.0867032971780887e+01 1.5035027539736212e-01
1671 1.0922548292192628e+01 1.5111835475576221e-01
1672 1.0853888736245549e+01 1.5016841900309538e-01
1673 1.0701617802430370e+01 1.4806168233508527e-01
1674 1.0726182901374047e+01 1.4840155149725087e-01
1675 1.0747222489502720e+01 1.4869264363597978e-01
1676 1.0559362635364746e+01 1.4609351829246625e-01
1677 1.0554970745014829e+01 1.4603275451956341e-01
1678 1.0575207595150101e+01 1.4631274041809839e-01
1679 1.0485211137828248e+01 1.4506759906458780e-01
1680 1.0343899004098661e+01 1.4311248231115528e-01
1681 1.0443452923224251e+01 1.4448985543556628e-01
1682 1.0343097821875270e+01 1.4310139759573728e-01
1683 1.0229813548508979e+01 1.4153405886187673e-01
1684 1.0228639907322126e+01 1.4151782100963875e-01
1685 1.0253768195364453e+01 1.4186548214559358e-01
1686 1.0081016941698660e+01 1.3947539106633233e-01
1687 1.0064955416713609e+01 1.3925317266402557e-01
1688 1.0105548199879461e+01 1.3981479202636482e-01
1689 9.9739052312812877e+00 1.3799345250947384e-01
1690 9.9003559529754579e+00 1.3697586525476743e-01
1691 9.9400285324108850e+00 1.3752475318575369e-01
1692 9.8823926159907316e+00 1.3672733443041798e-01
1693 9.7290184776867346e+00 1.3460533443348047e-01
1694 9.7998284507712281e+00 1.3558502217177842e-01
1695 9.7394007542821370e+00 1.3474897788698095e-01
1696 9.6283905548520146e+00 1.3321310198602657e-01
1697 9.5985485637930008e+00 1.3280022465458022e-01
1698 9.6467962560235332e+00 1.3346775311731562e-01
1699 9.4793852717391722e+00 1.3115154706023835e-01
1700 9.4623932824601162e+00 1.3091645526707926e-01
1701 9.4860598525164708e+00 1.3124389287906810e-01
1702 9.3864852043653624e+00 1.2986623295929137e-01
1703 9.2961959566817232e+00 1.2861704071979907e-01
1704 9.3460982355391291e+00 1.2930746113065544e-01
1705 9.2750466368561781e+00 1.2832443039382554e-01
1706 9.1495411304895580e+00 1.2658800541976806e-01
1707 9.2047746611886350e+00 1.2735218609110119e-01
1708 9.1448631126633018e+00 1.2652328294489218e-01
1709 9.0406918893674693e+00 1.2508202734626839e-01
1710 9.0254276693273816e+00 1.2487084001549349e-01
1711 9.0538176826926904e+00 1.2526362858428619e-01
1712 8.8894029775155392e+00 1.2298887739258997e-01
1713 8.9050928850996947e+00 1.2320595430147234e-01
1714 8.8973479379480800e+00 1.2309879948375833e-01
1715 8.8028611960571954e+00 1.2179153302919030e-01
1716 8.7328211421232744e+00 1.2082249746767534e-01
1717 8.7888978742757118e+00 1.2159834420932017e-01
1718 8.6718090856036518e+00 1.1997836829975018e-01
1719 8.6068508095720055e+00 1.1907964141486292e-01
1720 8.6450851871336738e+00 1.1960863117784341e-01
1721 8.5632285704863573e+00 1.1847610817105958e-01
1722 8.4766398306026112e+00 1.1727811411678200e-01
1723 8.4996289194015073e+00 1.1759617847170059e-01
1724 8.4635164294432510e+00 1.1709654597545184e-01
1725 8.3326176034084103e+00 1.1528550200469775e-01
1726 8.3832282023369515e+00 1.1598572234144387e-01
1727 8.3253306671402232e+00 1.1518468397298938e-01
1728 8.2366040127808109e+00 1.1395711091301383e-01
1729 8.2201282784680103e+00 1.1372916173887072e-01
1730 8.2358434692698079e+00 1.1394658845240956e-01
1731 8.0932725102027643e+00 1.1197405528580748e-01
1732 8.1098755776608407e+00 1.1220376617112872e-01
1733 8.0965264235633185e+00 1.1201907463664124e-01
1734 7.9959016610783005e+00 1.1062688591404299e-01
1735 7.9656133022605005e+00 1.1020783288444276e-01
1736 7.9858951209017626e+00 1.1048844094242800e-01
1737 7.8789765610716032e+00 1.0900917471057821e-01
1738 7.8367296007732072e+00 1.0842466906565568e-01
1739 7.8714034555722421e+00 1.0890439739919994e-01
1740 7.7572185014522503e+00 1.0732459734312608e-01
1741 7.7266749937358448e+00 1.0690201421407071e-01
1742 7.7327211362855923e+00 1.0698566530814642e-01
1743 7.6674840118010872e+00 1.0608308042984087e-01
1744 7.5817260763186090e+00 1.0489658092709878e-01
1745 7.6375921036761643e+00 1.0566951247339816e-01
1746 7.5319110569466634e+00 1.0420736779036258e-01
1747 7.4876776104300635e+00 1.0359537821760476e-01
1748 7.4945094925589490e+00 1.0368990037118868e-01
1749 7.4438386257947444e+00 1.0298884620190399e-01
1750 7.3521065894602371e+00 1.0171969233428728e-01
1751 7.3925181320509950e+00 1.0227880415197757e-01
1752 7.3217714570528809e+00 1.0129999217109600e-01
1753 7.2458377621696508e+00 1.0024941544354955e-01
1754 7.2722378270880110e+00 1.0061467218301937e-01
1755 7.2119783337656500e+00 9.9780955064478441e-02
1756 7.1381757313968821e+00 9.8759862957736824e-02
1757 7.1485013864354183e+00 9.8902723026601386e-02
1758 7.1153093305331492e+00 9.8443496045430928e-02
1759 7.0118668388689187e+00 9.7012322775791207e-02
1760 7.0537084827367620e+00 9.7591220686098878e-02
1761 6.9865706591976622e+00 9.6662338783845031e-02
1762 6.9238768064325908e+00 9.5794941210521442e-02
1763 6.9204137344543000e+00 9.5747028056396580e-02
1764 6.9001946300756893e+00 9.5467287678364585e-02
1765 6.7954180453834567e+00 9.4017656633296490e-02
1766 6.8298349503958349e+00 9.4493829951291658e-02
1767 6.7758984789841046e+00 9.3747594676974036e-02
1768 6.7026183488541422e+00 9.2733731208002823e-02
1769 6.7113949443636773e+00 9.2855159343477919e-02
1770 6.6763572968799609e+00 9.2370397774967736e-02
1771 6.5938548346508599e+00 9.1228939204876264e-02
1772 6.6048068401609052e+00 9.1380465113453588e-02
1773 6.5743712108049861e+00 9.0959374529902645e-02
1774 6.4819563032339813e+00 8.9680772832438096e-02
1775 6.5116134739866025e+00 9.0091093092047325e-02
1776 6.4550825961339413e+00 8.9308963040940159e-02
1777 6.3954126968445175e+00 8.8483403220297824e-02
1778 6.3904092396568819e+00 8.8414178145886674e-02
1779 6.3701151901297823e+00 8.8133400868109904e-02
1780 6.2735902161947346e+00 8.6797934558994677e-02
1781 6.3095236319849510e+00 8.7295089483807764e-02
1782 6.2464832597404900e+00 8.6422897658061076e-02
1783 6.1917143750669510e+00 8.5665145572900753e-02
1784 6.1929096174030249e+00 8.5681682286727054e-02
1785 6.1579633379544427e+00 8.5198184835964613e-02
1786 6.0810790651236841e+00 8.4134456436147656e-02
1787 6.1032117118211060e+00 8.4440671530449027e-02
1788 6.0498791772878651e+00 8.3702791993731471e-02
1789 5.9860118149039554e+00 8.2819158388472397e-02
1790 6.0069387544258408e+00 8.3108691983199659e-02
1791 5.9441913436248690e+00 8.2240553410426798e-02
1792 5.8975864919109462e+00 8.1595754383108371e-02
1793 5.9004470725887348e+00 8.1635331799853009e-02
1794 5.8560069569229434e+00 8.1020482866718008e-02
1795 5.7890027590008453e+00 8.0093449734811001e-02
1796 5.8211146987475413e+00 8.0537732824500385e-02
1797 5.7392995507643549e+00 7.9405783555284895e-02
1798 5.7140544259168724e+00 7.9056505929725449e-02
1799 5.7088565854469167e+00 7.8984591475415908e-02
1800 5.6574242001646544e+00 7.8273001355867011e-02
1801 5.6078687700358918e+00 7.7587379752744809e-02
1802 5.6286166027936337e+00 7.7874435325054697e-02
1803 5.5479981363305093e+00 7.6759042681421502e-02
1804 5.5285112246204653e+00 7.6489432517372363e-02
1805 5.5275156720036716e+00 7.6475658600379914e-02
1806 5.4563879691364239e+00 7.5491574928024968e-02
1807 5.4399375543716477e+00 7.5263976061185470e-02
1808 5.4321437211140955e+00 7.5156144882268738e-02
1809 5.3665093389248435e+00 7.4248063765434455e-02
1810 5.3469845692945066e+00 7.3977929820077504e-02
1811 5.3478319872311522e+00 7.3989654227326673e-02
1812 5.2628105624607562e+00 7.2813344680636286e-02
1813 5.2757375004283675e+00 7.2992194665588192e-02
1814 5.2394026881015510e+00 7.2489486239651305e-02
1815 5.1883928062240345e+00 7.1783741644214166e-02
1816 5.1758474930288800e+00 7.1610171609160847e-02
1817 5.1619419863275748e+00 7.1417782686857015e-02
1818 5.0853787761314866e+00 7.0358496332598205e-02
1819 5.1072145861222706e+00 7.0660604557921905e-02
1820 5.0553274719967289e+00 6.9942723060864936e-02
1821 5.0121212204716405e+00 6.9344945191546464e-02
1822 5.0141650609646566e+00 6.9373222641499102e-02
1823 4.9704989343580452e+00 6.8769082194158199e-02
1824 4.9247278086180675e+00 6.8135818139643672e-02
1825 4.9331169403853599e+00 6.8251885540454235e-02
1826 4.8790914215092771e+00 6.7504418254526480e-02
1827 4.8424964885072743e+00 6.6998110942375441e-02
1828 4.8534394467737618e+00 6.7149511678280135e-02
1829 4.7828288518294828e+00 6.6172582425979898e-02
1830 4.7736743996300071e+00 6.6045926473717917e-02
1831 4.7574920723416865e+00 6.5822036717361504e-02
1832 4.7076429732861902e+00 6.5132352072917468e-02
1833 4.6845762554657648e+00 6.4813213685666782e-02
1834 4.6847764885085219e+00 6.4815983999624641e-02
1835 4.6098349599972659e+00 6.3779134338854709e-02
1836 4.6227961824912187e+00 6.3958458665606330e-02
1837 4.5848177361344584e+00 6.3433009825639569e-02
1838 4.5410261915527244e+00 6.2827134164358617e-02
1839 4.5366362688016943e+00 6.2766397614068908e-02
1840 4.5072611038761465e+00 6.2359979031566419e-02
1841 4.4560734627944170e+00 6.1651775057807966e-02
1842 4.4661705702742553e+00 6.1791473068686611e-02
1843 4.4174837429646283e+00 6.1117868975164975e-02
1844 4.3832067611938417e+00 6.0643631557977529e-02
1845 4.3895034479041986e+00 6.0730749042892822e-02
1846 4.3302262101716300e+00 5.9910621871011607e-02
1847 4.3166088013564341e+00 5.9722218912183767e-02
1848 4.3035324129125643e+00 5.9541301212859207e-02
1849 4.2569060903088607e+00 5.8896205126150250e-02
1850 4.2369152008633160e+00 5.8619622204079361e-02
1851 4.2337155910138886e+00 5.8575354166679021e-02
1852 4.1670280528381038e+00 5.7652702164394887e-02
1853 4.1799527257897298e+00 5.7831520811834708e-02
1854 4.1394281787049456e+00 5.7270845526283219e-02
1855 4.1051109725458090e+00 5.6796051586640958e-02
1856 4.0981282684504325e+00 5.6699442743501860e-02
1857 4.0687852881992415e+00 5.6293469450405011e-02
1858 4.0248711752955408e+00 5.5685898001413610e-02
1859 4.0351937145443539e+00 5.5828714961929815e-02
1860 3.9812090424776185e+00 5.5081812809930568e-02
1861 3.9633526327347988e+00 5.4834761371933397e-02
1862 3.9574056403094597e+00 5.4752482064301077e-02
1863 3.9057185000958143e+00 5.4037367296010268e-02
1864 3.8982607177617936e+00 5.3934185532350833e-02
1865 3.8795841545118828e+00 5.3675786902716405e-02
1866 3.8356037886062273e+00 5.3067298813726238e-02
1867 3.8285122160023080e+00 5.2969183725940235e-02
1868 3.8087006097066261e+00 5.2695081266662273e-02
1869 3.7586835885193528e+00 5.2003073344206334e-02
1870 3.7716699630446957e+00 5.2182745660593777e-02
1871 3.7217848119585084e+00 5.1492562220134583e-02
1872 3.7039343556384243e+00 5.1245593150411273e-02
1873 3.6930053083621743e+00 5.1094384879296066e-02
1874 3.6569689000359467e+00 5.0595805006551628e-02
1875 3.6318663924501049e+00 5.0248500554775664e-02
1876 3.6317974573219183e+00 5.0247546806357457e-02
1877 3.5764503080383125e+00 4.9481794170945580e-02
1878 3.5790898253163577e+00 4.9518313076400332e-02
1879 3.5520008424453779e+00 4.9143524848052962e-02
1880 3.5147624554452026e+00 4.8628315061226265e-02
1881 3.5138527527082886e+00 4.8615728915828535e-02
1882 3.4807855948655027e+00 4.8158229955332039e-02
1883 3.4516023229231134e+00 4.7754466298322057e-02
1884 3.4493604928996455e+00 4.7723449574410590e-02
1885 3.4108919915894504e+00 4.7191220604356793e-02
1886 3.3890236774953308e+00 4.6888662670184253e-02
1887 3.3876595701959067e+00 4.6869789633848344e-02
1888 3.3360290378632884e+00 4.6155458060982098e-02
1889 3.3391569969348516e+00 4.6198734777732883e-02
1890 3.3101654249283166e+00 4.5797623375319362e-02
1891 3.2809771970767336e+00 4.5393791151082788e-02
1892 3.2719692464354795e+00 4.5269162113589730e-02
1893 3.2494321535384620e+00 4.4957351324709127e-02
1894 3.2127270009585902e+00 4.4449519075261047e-02
1895 3.2204843243444716e+00 4.4556845123727297e-02
1896 3.1723406851902207e+00 4.3890756281973593e-02
1897 3.1652318156311616e+00 4.3792401883054964e-02
1898 3.1494590349712852e+00 4.3574178387998611e-02
1899 3.1137709317810520e+00 4.3080417473037320e-02
1900 3.1061630543074941e+00 4.2975159075799629e-02
1901 3.0868079620888662e+00 4.2707372693539747e-02
1902 3.0518309780410351e+00 4.2223450430874637e-02
1903 3.0517294103915815e+00 4.2222045196887915e-02
1904 3.0203214144222459e+00 4.1787501485100964e-02
1905 2.9955237549096942e+00 4.1444414743153669e-02
1906 2.9958570908361328e+00 4.1449026595208410e-02
1907 2.9521766146359814e+00 4.0844687614804594e-02
1908 2.9486612157378724e+00 4.0796050494273650e-02
1909 2.9279615206874618e+00 4.0509660928736091e-02
1910 2.8990938077649129e+00 4.0110263172304518e-02
1911 2.8897312520013183e+00 3.9980728013891458e-02
1912 2.8717343672470768e+00 3.9731733041103466e-02
1913 2.8369238604758351e+00 3.9250114066230676e-02
1914 2.8434083570854511e+00 3.9339829985341322e-02
1915 2.8012529012620919e+00 3.8756590345873781e-02
1916 2.7938983178679728e+00 3.8654836385836104e-02
1917 2.7787571022330293e+00 3.8445350876178029e-02
1918 2.7483731185520686e+00 3.8024974833704983e-02
1919 2.7396030408685097e+00 3.7903636875275724e-02
1920 2.7227299013177588e+00 3.7670189421415853e-02
1921 2.6911244154730714e+00 3.7232913348622498e-02
1922 2.6914961110011295e+00 3.7238055922971233e-02
1923 2.6606578899255120e+00 3.6811395302402232e-02
1924 2.6423195426659247e+00 3.6557676042695268e-02
1925 2.6383114732992343e+00 3.6502222605252085e-02
1926 2.6010288274437690e+00 3.5986400477310859e-02
1927 2.5986062040635196e+00 3.5952882396216371e-02
1928 2.5771105810589692e+00 3.5655480810432613e-02
1929 2.5530733923859734e+00 3.5322915523647531e-02
1930 2.5455733328985781e+00 3.5219148836608420e-02
1931 2.5248244003563660e+00 3.4932078048287102e-02
1932 2.4990982767867993e+00 3.4576145589663390e-02
1933 2.5014022312233255e+00 3.4608021832694423e-02
1934 2.4620935351399362e+00 3.4064168391097632e-02
1935 2.4612654798935956e+00 3.4052711875353657e-02
1936 2.4402341174861819e+00 3.3761733543167902e-02
1937 2.4174547604445538e+00 3.3446570921182930e-02
1938 2.4101416205660313e+00 3.3345390350772358e-02
1939 2.3898550713538991e+00 3.3064716843217296e-02
1940 2.3669454718263321e+00 3.2747752258021186e-02
1941 2.3657671812988825e+00 3.2731450080070668e-02
1942 2.3329947070212689e+00 3.2278028198873904e-02
1943 2.3264654982069390e+00 3.2187693666356099e-02
1944 2.3124296109028295e+00 3.1993500869932349e-02
1945 2.2845119831548431e+00 3.1607247968036267e-02
1946 2.2838755686506338e+00 3.1598442887917043e-02
1947 2.2576917962073355e+00 3.1236178651854220e-02
1948 2.2430228267292320e+00 3.1033226879594443e-02
1949 2.2345639747344377e+00 3.0916194868164514e-02
1950 2.2101161638055644e+00 3.0577948438291362e-02
1951 2.1979574388445378e+00 3.0409727024855126e-02
1952 2.1895251122839454e+00 3.0293062004704940e-02
1953 2.1585071286080124e+00 2.9863914287930955e-02
1954 2.1621112591560205e+00 2.9913779050637409e-02
1955 2.1328488979306823e+00 2.9508921157923598e-02
1956 2.1227924581786084e+00 2.9369785803299426e-02
1957 2.1118376392270286e+00 2.9218220969496559e-02
1958 2.0896176447915114e+00 2.8910797380060225e-02
1959 2.0789700604551009e+00 2.8763483274963367e-02
1960 2.0684048445666532e+00 2.8617308774289116e-02
1961 2.0419482355704064e+00 2.8251269722139798e-02
1962 2.0425553234649696e+00 2.8259669055460589e-02
1963 2.0168483388858620e+00 2.7904001393354364e-02
1964 2.0052436839122532e+00 2.7743445786713231e-02
1965 1.9976791470130668e+00 2.7638787025761686e-02
1966 1.9718877639610453e+00 2.7281951672927119e-02
1967 1.9683737982032363e+00 2.7233334380535039e-02
1968 1.9504142439897596e+00 2.6984855892522541e-02
1969 1.9329978514034847e+00 2.6743892289248786e-02
1970 1.9272459663427168e+00 2.6664312379517576e-02
1971 1.9071159715393100e+00 2.6385804872427192e-02
1972 1.8932787313298665e+00 2.6194360447658105e-02
1973 1.8886188486208002e+00 2.6129888880262769e-02
1974 1.8605299748197361e+00 2.5741266712412694e-02
1975 1.8623253349669064e+00 2.5766106325328698e-02
1976 1.8391234409205386e+00 2.5445097714360976e-02
1977 1.8281879240184176e+00 2.5293799933069995e-02
1978 1.8192234675602439e+00 2.5169772657108468e-02
1979 1.8006366523647768e+00 2.4912615732062313e-02
1980 1.7896038918343513e+00 2.4759972541556673e-02
1981 1.7818543997117560e+00 2.4652754842130576e-02
1982 1.7579729912892248e+00 2.4322344844983395e-02
1983 1.7585547851330920e+00 2.4330394223767565e-02
1984 1.7361020935854459e+00 2.4019751165412381e-02
1985 1.7264417489172299e+00 2.3886095963935462e-02
1986 1.7187311741358107e+00 2.3779416703380282e-02
1987 1.6975476314594837e+00 2.3486332888916103e-02
1988 1.6935315900116819e+00 2.3430769154154998e-02
1989 1.6781412026817544e+00 2.3217836242334866e-02
1990 1.6631641062667857e+00 2.3010621395698181e-02
1991 1.6581961954641342e+00 2.2941888121467049e-02
1992 1.6397602599347010e+00 2.2686818684275117e-02
1993 1.6297040572072945e+00 2.2547686608993533e-02
1994 1.6232084233163979e+00 2.2457816600600922e-02
1995 1.6007055132475088e+00 2.2146478746479632e-02
1996 1.6018815521176129e+00 2.2162749771740833e-02
1997 1.5804857827429895e+00 2.1866729705714856e-02
1998 1.5732465077378299e+00 2.1766571088958159e-02
1999 1.5636474121115276e+00 2.1633763295448385e-02
2000 1.5478208531554640e+00 2.1414795753542899e-02
