# step 18
# iter abs_residual rel_residual
0 7.2278104865856122e+01 1.0000000000000000e+00
1 1.1546600861378695e+03 1.5975240195918946e+01
2 1.1527745212178302e+03 1.5949152559510399e+01
3 1.1585072720811820e+03 1.6028467739038025e+01
4 1.2484330970660308e+03 1.7272631862485170e+01
5 1.4402468346335761e+03 1.9926460956697589e+01
6 1.2677694538265769e+03 1.7540159031279000e+01
7 1.4124522130187727e+03 1.9541909899826514e+01
8 1.3004236603872573e+03 1.7991944625564916e+01
9 1.3783981910459786e+03 1.9070757231449328e+01
10 1.3232324643110408e+03 1.8307514658372433e+01
11 1.3547601259457469e+03 1.8743713998313893e+01
12 1.3364428175015662e+03 1.8490285820054702e+01
13 1.3388396176531587e+03 1.8523446625198126e+01
14 1.3429152194656554e+03 1.8579834404319627e+01
15 1.3277325809218069e+03 1.8369775790137272e+01
16 1.3450051727472364e+03 1.8608749845385216e+01
17 1.3195692023741817e+03 1.8256831786378793e+01
18 1.3443069584332959e+03 1.8599089737179053e+01
19 1.3132163294672710e+03 1.8168936940232765e+01
20 1.3418458874574787e+03 1.8565039716354839e+01
21 1.3079856800722837e+03 1.8096568559729501e+01
22 1.3382737217490405e+03 1.8515617201541147e+01
23 1.3034526903324027e+03 1.8033852613478640e+01
24 1.3340055733933245e+03 1.8456565454630553e+01
25 1.2993510853089088e+03 1.7977105068269669e+01
26 1.3293075319949644e+03 1.8391565944653369e+01
27 1.2955114809359904e+03 1.7923982419577587e+01
28 1.3243513570096379e+03 1.8322995040718840e+01
29 1.2918249965133139e+03 1.7872978254076589e+01
30 1.3192485335171953e+03 1.8252395188911528e+01
31 1.2882212246106333e+03 1.7823118453389107e+01
32 1.3140716232903160e+03 1.8180770313902876e+01
33 1.2846546044781562e+03 1.7773772664106218e+01
34 1.3088677968893517e+03 1.8108773041552940e+01
35 1.2810958289396006e+03 1.7724535408298799e+01
36 1.3036675101263511e+03 1.8036824741681880e+01
37 1.2775263299626517e+03 1.7675149788911384e+01
38 1.2984901357273056e+03 1.7965193444643109e+01
39 1.2739346838592073e+03 1.7625457754095166e+01
40 1.2933476589185673e+03 1.7894044971418992e+01
41 1.2703142383666682e+03 1.7575367266813320e+01
42 1.2882471279999031e+03 1.7823476838398204e+01
43 1.2666615286039378e+03 1.7524830388881757e+01
44 1.2831922934617171e+03 1.7753540935297707e+01
45 1.2629752087374291e+03 1.7473828500089152e+01
46 1.2781847130464650e+03 1.7684258814183078e+01
47 1.2592553284021985e+03 1.7422362287158769e+01
48 1.2732245007394347e+03 1.7615632052091900e+01
49 1.2555028382762998e+03 1.7370444903147899e+01
50 1.2683108376844602e+03 1.7547649319781833e+01
51 1.2517192522212795e+03 1.7318097293010052e+01
52 1.2634423194672052e+03 1.7480291186550605e+01
53 1.2479064168608413e+03 1.7265345005612442e+01
54 1.2586171941767484e+03 1.7413533413924831e+01
55 1.2440663539072902e+03 1.7212216012251616e+01
56 1.2538335239640196e+03 1.7347349190893429e+01
57 1.2402011533654309e+03 1.7158739229081487e+01
58 1.2490892942220567e+03 1.7281710644465463e+01
59 1.2363129023425583e+03 1.7104943532167617e+01
60 1.2443824862327324e+03 1.7216589844770176e+01
61 1.2324036388405866e+03 1.7050857118180598e+01
62 1.2397111252384896e+03 1.7151959470151020e+01
63 1.2284753213121178e+03 1.6996507083190618e+01
64 1.2350733099322920e+03 1.7087793215172351e+01
65 1.2245298121521369e+03 1.6941919194267637e+01
66 1.2304672309078749e+03 1.7024066045886912e+01
67 1.2205688672009564e+03 1.6887117744249935e+01
68 1.2258911806651674e+03 1.6960754338265353e+01
69 1.2165941326618818e+03 1.6832125509098617e+01
70 1.2213435565414100e+03 1.6897835918749546e+01
71 1.2126071450100169e+03 1.6776963746635911e+01
72 1.2168228618942294e+03 1.6835290080620965e+01
73 1.2086093333561937e+03 1.6721652229251180e+01
74 1.2123277032804110e+03 1.6773097544967722e+01
75 1.2046020237634634e+03 1.6666209303621525e+01
76 1.2078567863303654e+03 1.6711240403605988e+01
77 1.2005864443532168e+03 1.6610651961357235e+01
78 1.2034089109063284e+03 1.6649702052091488e+01
79 1.1965637310930890e+03 1.6554995919080064e+01
80 1.1989829658824424e+03 1.6588467117499604e+01
81 1.1925349333508491e+03 1.6499255695263777e+01
82 1.1945779226392053e+03 1.6527521368418157e+01
83 1.1885010204008483e+03 1.6443444700253774e+01
84 1.1901928302450503e+03 1.6466851648282390e+01
85 1.1844628864372521e+03 1.6387575305627411e+01
86 1.1858268092532282e+03 1.6406445789552070e+01
87 1.1804213570129530e+03 1.6331658933279243e+01
88 1.1814790463259308e+03 1.6346292539333810e+01
89 1.1763771933481289e+03 1.6275706115031866e+01
90 1.1771487897142388e+03 1.6286381496844129e+01
91 1.1723310979317775e+03 1.6219726570135652e+01
92 1.1728353439133070e+03 1.6226703039461533e+01
93 1.1682837191193235e+03 1.6163729268878711e+01
94 1.1685380650346947e+03 1.6167248258700642e+01
95 1.1642356550282323e+03 1.6107722486484455e+01
96 1.1642563576279631e+03 1.6108008916237551e+01
97 1.1601874578313220e+03 1.6051713862511491e+01
98 1.1599896696470587e+03 1.6048977374267501e+01
99 1.1561396376417320e+03 1.5995710454603902e+01
100 1.1557374897016987e+03 1.5990146557476555e+01
101 1.1520926651012808e+03 1.5939718774302349e+01
102 1.1514993435949732e+03 1.5931509905137769e+01
103 1.1480469756750063e+03 1.5883744846460949e+01
104 1.1472747910230567e+03 1.5873061325450227e+01
105 1.1440029715494852e+03 1.5827794235511389e+01
106 1.1430634233255123e+03 1.5814795164413487e+01
107 1.1399610245690671e+03 1.5771872086087027e+01
108 1.1388648605550372e+03 1.5756706165286195e+01
109 1.1359214789407611e+03 1.5715983160446223e+01
110 1.1346787494185760e+03 1.5698789440100462e+01
111 1.1318846530361659e+03 1.5660131863402848e+01
112 1.1305047609295932e+03 1.5641040437180015e+01
113 1.1278508414127946e+03 1.5604322270292212e+01
114 1.1263425889392890e+03 1.5583454920818886e+01
115 1.1238203171240459e+03 1.5548558158930561e+01
116 1.1221919476064668e+03 1.5526028936275910e+01
117 1.1197933329694645e+03 1.5492843026912984e+01
118 1.1180525705880002e+03 1.5468758798574472e+01
119 1.1157701230378468e+03 1.5437180112962979e+01
120 1.1139242088631670e+03 1.5411641062401184e+01
121 1.1117509047650176e+03 1.5381572425402705e+01
122 1.1098066298820818e+03 1.5354672510324075e+01
123 1.1077358792215655e+03 1.5326022746133944e+01
124 1.1056996160706265e+03 1.5297850132107634e+01
125 1.1037252332579924e+03 1.5270533660317200e+01
126 1.1016029635283526e+03 1.5241171106697697e+01
127 1.0997191401708435e+03 1.5215107565587905e+01
128 1.0975164815386904e+03 1.5184632795444982e+01
129 1.0957177605378133e+03 1.5159746683610487e+01
130 1.0934399909821504e+03 1.5128232720151010e+01
131 1.0917212434621363e+03 1.5104453077295069e+01
132 1.0893733238465875e+03 1.5071968556292390e+01
133 1.0877297275729204e+03 1.5049228664637546e+01
134 1.0853163221724399e+03 1.5015838118427739e+01
135 1.0837433411629136e+03 1.4994075220625623e+01
136 1.0812688376657466e+03 1.4959839354843592e+01
137 1.0797622035098336e+03 1.4938994395520030e+01
138 1.0772307304127855e+03 1.4903970329770846e+01
139 1.0757864254682286e+03 1.4883987723043159e+01
140 1.0732018690350865e+03 1.4848229225529440e+01
141 1.0718161096180791e+03 1.4829056622435054e+01
142 1.0691821292806919e+03 1.4792614323037808e+01
143 1.0678513515664731e+03 1.4774202416462661e+01
144 1.0651713940585544e+03 1.4737124002288789e+01
145 1.0638922397449221e+03 1.4719426328615603e+01
146 1.0611695529597077e+03 1.4681756735724816e+01
147 1.0599388563540399e+03 1.4664729496176243e+01
148 1.0571765012061853e+03 1.4626511073695724e+01
149 1.0559912776316398e+03 1.4610112973928924e+01
150 1.0531921400288820e+03 1.4571385649686640e+01
151 1.0520495743082117e+03 1.4555577740461699e+01
152 1.0492163757978301e+03 1.4516379168284967e+01
153 1.0481138117875603e+03 1.4501124700665539e+01
154 1.0452491196621274e+03 1.4461490400198620e+01
155 1.0441840510080117e+03 1.4446754697649522e+01
156 1.0412902872550110e+03 1.4406718178175590e+01
157 1.0402603481804831e+03 1.4392468509116899e+01
158 1.0373397988358051e+03 1.4352061398967866e+01
159 1.0363427553316722e+03 1.4338266854880366e+01
160 1.0333975780988721e+03 1.4297519006852722e+01
161 1.0324313207325738e+03 1.4284150402790791e+01
162 1.0294635529006748e+03 1.4243090003691965e+01
163 1.0285260887813020e+03 1.4230119767115994e+01
164 1.0255376543571267e+03 1.4188773436443357e+01
165 1.0246271007397347e+03 1.4176175518732567e+01
166 1.0216198166672069e+03 1.4134568394720265e+01
167 1.0207343943711179e+03 1.4122318180111950e+01
168 1.0177099774251900e+03 1.4080474015111484e+01
169 1.0168480047055280e+03 1.4068548235910965e+01
170 1.0138080767340147e+03 1.4026489468914304e+01
171 1.0129679638417429e+03 1.4014866130230605e+01
172 1.0099140573874674e+03 1.3972613964655107e+01
173 1.0090943013374375e+03 1.3961272272014558e+01
174 1.0060278647994307e+03 1.3918846747110468e+01
175 1.0052270441523737e+03 1.3907767034263218e+01
176 1.0021494466763374e+03 1.3865187092775432e+01
177 1.0013662172120576e+03 1.3854350761832148e+01
178 9.9827875258079689e+02 1.3811634303826077e+01
179 9.9751184302343711e+02 1.3801023766115064e+01
180 9.9441573466861814e+02 1.3758187718316561e+01
181 9.9366394212754085e+02 1.3747786331306310e+01
182 9.9056034660616876e+02 1.3704846695200297e+01
183 9.8982253330331503e+02 1.3694638717221030e+01
184 9.8671254400100133e+02 1.3651610620287864e+01
185 9.8598763319868692e+02 1.3641581154190767e+01
186 9.8287228417706342e+02 1.3598478903136934e+01
187 9.8215925726915202e+02 1.3588613856049234e+01
188 9.7903952592939504e+02 1.3545450973658404e+01
189 9.7833741900585824e+02 1.3535737009452509e+01
190 9.7521422962002316e+02 1.3492526283443139e+01
191 9.7452213052826073e+02 1.3482950782078696e+01
192 9.7139635705406999e+02 1.3439704304047872e+01
193 9.7071340264287949e+02 1.3430255323440841e+01
194 9.6758587121879725e+02 1.3386984523384768e+01
195 9.6691124481528254e+02 1.3377650764499325e+01
196 9.6378273645718912e+02 1.3334366448123021e+01
197 9.6311566501939922e+02 1.3325137215577039e+01
198 9.5998691832983070e+02 1.3281849601777877e+01
199 9.5932667049196857e+02 1.3272714776797510e+01
200 9.5619838332111783e+02 1.3229433520645918e+01
201 9.5554426703109607e+02 1.3220383528380131e+01
202 9.5241709908761436e+02 1.3177117757241200e+01
203 9.5176845944852141e+02 1.3168143536897478e+01
204 9.4864303431868279e+02 1.3124901878367011e+01
205 9.4799925167847687e+02 1.3115994856781418e+01
206 9.4487615845309676e+02 1.3072785461195073e+01
207 9.4423664670554001e+02 1.3063937529324921e+01
208 9.4111644192881079e+02 1.3020768096721229e+01
209 9.4048064648036097e+02 1.3011971581516107e+01
210 9.3736385591081125e+02 1.2968849386000132e+01
211 9.3673125252241243e+02 1.2960097034377563e+01
212 9.3361837237375676e+02 1.2917028941288612e+01
213 9.3298846505075130e+02 1.2908313890940038e+01
214 9.2987996415033047e+02 1.2865306386714657e+01
215 9.2925228388024652e+02 1.2856622148642160e+01
216 9.2614860447720685e+02 1.2813681351995653e+01
217 9.2552270815711688e+02 1.2805021795671486e+01
218 9.2242426759985381e+02 1.2762153480806097e+01
219 9.2179973606102158e+02 1.2753512806842782e+01
220 9.1870692806261309e+02 1.2710722420955539e+01
221 9.1808336550500894e+02 1.2702095153282135e+01
222 9.1499656116438700e+02 1.2659387830693214e+01
223 9.1437359358926949e+02 1.2650768794869382e+01
224 9.1129314270200450e+02 1.2608149375157394e+01
225 9.1067041698658295e+02 1.2599533685570938e+01
226 9.0759664895825540e+02 1.2557006726209838e+01
227 9.0697383169635975e+02 1.2548389770036852e+01
228 9.0390705672281319e+02 1.2505959562725270e+01
229 9.0328383340439939e+02 1.2497336988578223e+01
230 9.0022434340079280e+02 1.2455007572093317e+01
231 8.9960041707965240e+02 1.2446375271588227e+01
232 8.9654848648562643e+02 1.2404150442925520e+01
233 8.9592357756809599e+02 1.2395504547758648e+01
234 8.9287946419124683e+02 1.2353387873801868e+01
235 8.9225330891284364e+02 1.2344724734673285e+01
236 8.8921725518759843e+02 1.2302719569611474e+01
237 8.8858960491803066e+02 1.2294035746609575e+01
238 8.8556183822256526e+02 1.2252145236321782e+01
239 8.8493245909186237e+02 1.2243437493750626e+01
240 8.8191319253416611e+02 1.2201664586681467e+01
241 8.8128186447002679e+02 1.2192929879742056e+01
242 8.7827129783017131e+02 1.2151277339938433e+01
243 8.7763781374400526e+02 1.2142512803467232e+01
244 8.7463613380775450e+02 1.2100983215193969e+01
245 8.7400029932391647e+02 1.2092186159916745e+01
246 8.7100768085871812e+02 1.2050781941159867e+01
247 8.7036931317414462e+02 1.2041949837914240e+01
248 8.6738591940059564e+02 1.2000673246903920e+01
249 8.6674484724801357e+02 1.1991803726130350e+01
250 8.6377083001678352e+02 1.1950656863788709e+01
251 8.6312689282851500e+02 1.1941747703961349e+01
252 8.6016239401401492e+02 1.1900732533184501e+01
253 8.5951544117862113e+02 1.1891781650526545e+01
254 8.5656059241086984e+02 1.1850899992474838e+01
255 8.5591048331007630e+02 1.1841905441469383e+01
256 8.5296540675043275e+02 1.1801158986300013e+01
257 8.5231200980382357e+02 1.1792118946472989e+01
258 8.4937681872954522e+02 1.1751509261427623e+01
259 8.4872001123182520e+02 1.1742422035096233e+01
260 8.4579481023148549e+02 1.1701950567204696e+01
261 8.4513447783946981e+02 1.1692814572379689e+01
262 8.4221936322631836e+02 1.1652482654178987e+01
263 8.4155539961807108e+02 1.1643296419848694e+01
264 8.3865046014446841e+02 1.1603105279267545e+01
265 8.3798276641666587e+02 1.1593867437060119e+01
266 8.3508808331574710e+02 1.1553818197995383e+01
267 8.3441656792174183e+02 1.1544527481321897e+01
268 8.3153221536573255e+02 1.1504621169979581e+01
269 8.3085679340721470e+02 1.1495276404233836e+01
270 8.2798283914099807e+02 1.1455513957894789e+01
271 8.2730343237490104e+02 1.1446114060548863e+01
272 8.2443993739732605e+02 1.1406496323159519e+01
273 8.2375647376966390e+02 1.1397040297314202e+01
274 8.2090349336868201e+02 1.1357568033808167e+01
275 8.2021590649223185e+02 1.1348054960966449e+01
276 8.1737349013212918e+02 1.1308728855704310e+01
277 8.1668171944113692e+02 1.1299157897911819e+01
278 8.1384991106140205e+02 1.1259978558816107e+01
279 8.1315390119598896e+02 1.1250348950144092e+01
280 8.1033273950790772e+02 1.1211316912802809e+01
281 8.0963244025192068e+02 1.1201627958488265e+01
282 8.0682195905942774e+02 1.1162743690594011e+01
283 8.0611732500796654e+02 1.1152994762439780e+01
284 8.0331755331716408e+02 1.1114258665304989e+01
285 8.0260854365134855e+02 1.1104449198563554e+01
286 7.9981950615071980e+02 1.1065861613764465e+01
287 7.9910608422832695e+02 1.1055991101474236e+01
288 7.9632780127031833e+02 1.1017552310596072e+01
289 7.9560993485033418e+02 1.1007620306688160e+01
290 7.9284242268312971e+02 1.0969330534531837e+01
291 7.9212008323724422e+02 1.0959336644304276e+01
292 7.8936335448669263e+02 1.0921196065554074e+01
293 7.8863651723742487e+02 1.0911139946199302e+01
294 7.8589058052028145e+02 1.0873148680071894e+01
295 7.8515922454635700e+02 1.0863030042134696e+01
296 7.8242408521885795e+02 1.0825188162736014e+01
297 7.8168819265055663e+02 1.0815006758980795e+01
298 7.7896385265451852e+02 1.0777314293176740e+01
299 7.7822340903065481e+02 1.0767069923526513e+01
300 7.7550986720719413e+02 1.0729526855283416e+01
301 7.7476486104578919e+02 1.0719219360879853e+01
302 7.7206211320765328e+02 1.0681825632265189e+01
303 7.7131253598531521e+02 1.0671454895183341e+01
304 7.6862057518476911e+02 1.0634210410072086e+01
305 7.6786642093961416e+02 1.0623776347826617e+01
306 7.6518523749888254e+02 1.0586680972322407e+01
307 7.6442650311423256e+02 1.0576183541792675e+01
308 7.6175608487464183e+02 1.0539237107674806e+01
309 7.6099276934446425e+02 1.0528676294941901e+01
310 7.5833310178007116e+02 1.0491878601237435e+01
311 7.5756520684217799e+02 1.0481254430344764e+01
312 7.5491627275096710e+02 1.0444605239056100e+01
313 7.5414380217504856e+02 1.0433917762159021e+01
314 7.5150558279706127e+02 1.0397416813733718e+01
315 7.5072854235759576e+02 1.0386666110724727e+01
316 7.4810101621056049e+02 1.0350313107945921e+01
317 7.4731941401471749e+02 1.0339499290991345e+01
318 7.4470255811160155e+02 1.0303293915823129e+01
319 7.4391640374169958e+02 1.0292417117498644e+01
320 7.4131019304993276e+02 1.0256359023604182e+01
321 7.4051949826426096e+02 1.0245419406590990e+01
322 7.3792390604295281e+02 1.0209508223998068e+01
323 7.3712868386732157e+02 1.0198505968514098e+01
324 7.3454368180084646e+02 1.0162741305463335e+01
325 7.3374394726644573e+02 1.0151676619471845e+01
326 7.3116950527450911e+02 1.0116058059788871e+01
327 7.3036527465391009e+02 1.0104931168428180e+01
328 7.2780136135947521e+02 1.0069458277997622e+01
329 7.2699265252634268e+02 1.0058269428557901e+01
330 7.2443923489240797e+02 1.0022941750298022e+01
331 7.2362606703457186e+02 1.0011691208251502e+01
332 7.2108311096933551e+02 9.9765082704869332e+00
333 7.2026550458551003e+02 9.9651963194425210e+00
334 7.1773297436745941e+02 9.9301576279501145e+00
335 7.1691095112972232e+02 9.9187845677507251e+00
336 7.1438881029572678e+02 9.8838896180467106e+00
337 7.1356239292178645e+02 9.8724557630020318e+00
338 7.1105060356741490e+02 9.8377040306616053e+00
339 7.1021981597193587e+02 9.8262097116417451e+00
340 7.0771833938496263e+02 9.7916006610638995e+00
341 7.0688320629237637e+02 9.7800462201424576e+00
342 7.0439200252535613e+02 9.7455792986363701e+00
343 7.0355254992699167e+02 9.7339650954150425e+00
344 7.0107157832176495e+02 9.6996397404568402e+00
345 7.0022783260930169e+02 9.6879661400763482e+00
346 6.9775705161102383e+02 9.6537817767361158e+00
347 6.9690904045452521e+02 9.6420491620241986e+00
348 6.9444840746822240e+02 9.6080052009813688e+00
349 6.9359615905946464e+02 9.5962139619838958e+00
350 6.9114563108406992e+02 9.5623098082994193e+00
351 6.9028917439884424e+02 9.5504603459094568e+00
352 6.8784870735896209e+02 9.5166953897804660e+00
353 6.8698807203213948e+02 9.5047881140097488e+00
354 6.8455762145372967e+02 9.4711617401179513e+00
355 6.8369283784335380e+02 9.4591970709836293e+00
356 6.8127235837475178e+02 9.4257086518684030e+00
357 6.8040345729354658e+02 9.4136870156783310e+00
358 6.7799290332392331e+02 9.3803359202933994e+00
359 6.7711991611848350e+02 9.3682577507417761e+00
360 6.7471924113649266e+02 9.3350433355817994e+00
361 6.7384219985764128e+02 9.3229090761061375e+00
362 6.7145135713430182e+02 9.2898306946547056e+00
363 6.7057029403784531e+02 9.2776407915285546e+00
364 6.6818923610149579e+02 9.2446977869939371e+00
365 6.6730418422508365e+02 9.2324526973079966e+00
366 6.6493286331233912e+02 9.1996444088623388e+00
367 6.6404385568443695e+02 9.1873445895802472e+00
368 6.6168222374417314e+02 9.1546703524146924e+00
369 6.6078929407941314e+02 9.1423162699935041e+00
370 6.5843730240067839e+02 9.1097754101701884e+00
371 6.5754048451800611e+02 9.0973675325101873e+00
372 6.5519808440978079e+02 9.0649593763670140e+00
373 6.5429741253196266e+02 9.0524981769555239e+00
374 6.5196455475564096e+02 9.0202220432542966e+00
375 6.5106006326584895e+02 9.0077079977979206e+00
376 6.4873669848632517e+02 8.9755632039653221e+00
377 6.4782842214562856e+02 8.9629967933990482e+00
378 6.4551450051028007e+02 8.9309826497016864e+00
379 6.4460247421630140e+02 8.9183643568497732e+00
380 6.4229794603033099e+02 8.8864801757378373e+00
381 6.4138220481009830e+02 8.8738104852149302e+00
382 6.3908701979076852e+02 8.8420555710041953e+00
383 6.3816759899368765e+02 8.8293349718851779e+00
384 6.3588170697863791e+02 8.7977086305568832e+00
385 6.3495864190032728e+02 8.7849376111724684e+00
386 6.3268199236843861e+02 8.7534391437442753e+00
387 6.3175531872010208e+02 8.7406181981749871e+00
388 6.2948786104009912e+02 8.7092469041404907e+00
389 6.2855761424818456e+02 8.6963765225271228e+00
390 6.2629929790274753e+02 8.6651317029565433e+00
391 6.2536551372864835e+02 8.6522123800740172e+00
392 6.2311628782798948e+02 8.6210933308843174e+00
393 6.2217900199725375e+02 8.6081255610116099e+00
394 6.1993881576165256e+02 8.5771315796425807e+00
395 6.1899806409282758e+02 8.5641158583453638e+00
396 6.1676686648558427e+02 8.5332462386813681e+00
397 6.1582268482160919e+02 8.5201830618627810e+00
398 6.1360042500915483e+02 8.4894371005985949e+00
399 6.1265284917871929e+02 8.4763269639646293e+00
400 6.1043947597615931e+02 8.4457039529342772e+00
401 6.0948854185646690e+02 8.4325473528621355e+00
402 6.0728400446837793e+02 8.4020465892881528e+00
403 6.0632974771140539e+02 8.3888440190389257e+00
404 6.0413399501864626e+02 8.3584647956650659e+00
405 6.0317645159747644e+02 8.3452167529424877e+00
406 6.0098943263398087e+02 8.3149583646303622e+00
407 6.0002863802416005e+02 8.3016653402545302e+00
408 5.9785030188827739e+02 8.2715270827569718e+00
409 5.9688629199267734e+02 8.2581895734602195e+00
410 5.9471658763833602e+02 8.2281707405319331e+00
411 5.9374939782197475e+02 8.2147892356051457e+00
412 5.9158827462894487e+02 8.1848891268925446e+00
413 5.9061794040780205e+02 8.1714641177152334e+00
414 5.8846534736945205e+02 8.1416820275186907e+00
415 5.8749190419108402e+02 8.1282140045236950e+00
416 5.8534779073101413e+02 8.0985492330960387e+00
417 5.8437127383891755e+02 8.0850386838929431e+00
418 5.8223558916497325e+02 8.0554905285019291e+00
419 5.8125603374024615e+02 8.0419379398370072e+00
420 5.7912872749862447e+02 8.0125057038151883e+00
421 5.7814616845451769e+02 7.9989115587289223e+00
422 5.7602719012500847e+02 7.9695945431065303e+00
423 5.7504166241411076e+02 7.9559593251836640e+00
424 5.7293096180054022e+02 7.9267568354741194e+00
425 5.7194249998063594e+02 7.9130810228371002e+00
426 5.6984002684573716e+02 7.8839923639852829e+00
427 5.6884866567973393e+02 7.8702764375945291e+00
428 5.6675436994357881e+02 7.8413009167221706e+00
429 5.6576014365850256e+02 7.8275453501239394e+00
430 5.6367397543292054e+02 7.7986822770058239e+00
431 5.6267691846711034e+02 7.7848875466699816e+00
432 5.6059882782337820e+02 7.7561362305198287e+00
433 5.5959897410869360e+02 7.7423028059088725e+00
434 5.5752891157828890e+02 7.7136625623074861e+00
435 5.5652629506080439e+02 7.6997909130805819e+00
436 5.5446421094455775e+02 7.6712610544176618e+00
437 5.5345886535463353e+02 7.6573516472494729e+00
438 5.5140471043066816e+02 7.6289314925182756e+00
439 5.5039666927345115e+02 7.6149847909675374e+00
440 5.4835039423305489e+02 7.5866736579599134e+00
441 5.4733969080225938e+02 7.5726901226600978e+00
442 5.4530124683527731e+02 7.5444873360656608e+00
443 5.4428791409819394e+02 7.5304674231340192e+00
444 5.4225725228143210e+02 7.5023723060784375e+00
445 5.4124132322687308e+02 7.4883164719299833e+00
446 5.3921839499912869e+02 7.4603283525472346e+00
447 5.3819990213763731e+02 7.4462370469799177e+00
448 5.3618465897347585e+02 7.4183552538988504e+00
449 5.3516363495155792e+02 7.4042289285917207e+00
450 5.3315602852906932e+02 7.3764527932570356e+00
451 5.3213250538070236e+02 7.3622918914145403e+00
452 5.3013248771516794e+02 7.3346207499361311e+00
453 5.2910649755206509e+02 7.3204257158382253e+00
454 5.2711402066149140e+02 7.2928589043636904e+00
455 5.2608559507372934e+02 7.2786301750732534e+00
456 5.2410061143457051e+02 7.2511670360930216e+00
457 5.2306978198845070e+02 7.2369050483439930e+00
458 5.2109224398846004e+02 7.2095449231212738e+00
459 5.2005904192460275e+02 7.1952501091416483e+00
460 5.1808890236627349e+02 7.1679923446777662e+00
461 5.1705335874217349e+02 7.1536651341619137e+00
462 5.1509057042395534e+02 7.1265090774022495e+00
463 5.1405271604051427e+02 7.1121498964944587e+00
464 5.1209723220741091e+02 7.0850949005626669e+00
465 5.1105709750882858e+02 7.0707041704720988e+00
466 5.0910887144229258e+02 7.0437495889961212e+00
467 5.0806648679335126e+02 7.0293277298331569e+00
468 5.0612547205594643e+02 7.0024729203302343e+00
469 5.0508086741932408e+02 6.9880203466419637e+00
470 5.0314701773685181e+02 6.9612646688878028e+00
471 5.0210022304760071e+02 6.9467817948391009e+00
472 5.0017349229699801e+02 6.9201246107004373e+00
473 4.9912453696183013e+02 6.9056118431463540e+00
474 4.9720487948216828e+02 6.8790525208837598e+00
475 4.9615379279964179e+02 6.8645102651829877e+00
476 4.9424116285523871e+02 6.8380481720227859e+00
477 4.9318797383064418e+02 6.8234768294765313e+00
478 4.9128232618216560e+02 6.7971113395122424e+00
479 4.9022706350945265e+02 6.7825113071141674e+00
480 4.8832835285339365e+02 6.7562417935514789e+00
481 4.8727104513150329e+02 6.7416134669807608e+00
482 4.8537922662332267e+02 6.7154393093753324e+00
483 4.8431990193288300e+02 6.7007830771400556e+00
484 4.8243493076878082e+02 6.6747036556112178e+00
485 4.8137361725299007e+02 6.6600199070851538e+00
486 4.7949544893969448e+02 6.6340346060485347e+00
487 4.7843217406550087e+02 6.6193237212492306e+00
488 4.7656076444448809e+02 6.5934319297518469e+00
489 4.7549555577649932e+02 6.5786942900480145e+00
490 4.7363086062690553e+02 6.5528953962743808e+00
491 4.7256374523827554e+02 6.5381313762352491e+00
492 4.7070572087669802e+02 6.5124247758058953e+00
493 4.6963672571450445e+02 6.4976347482563686e+00
494 4.6778532833987077e+02 6.4720198351638105e+00
495 4.6671448003063222e+02 6.4572041684937176e+00
496 4.6486966643843874e+02 6.4316803449842697e+00
497 4.6379699120264752e+02 6.4168394019658823e+00
498 4.6195871815659052e+02 6.3914060698458890e+00
499 4.6088424215312193e+02 6.3765402123989796e+00
500 4.5905246676022261e+02 6.3511967782248409e+00
501 4.5797621573595228e+02 6.3363063625689824e+00
502 4.5615089517830745e+02 6.3110522339358024e+00
503 4.5507289478060432e+02 6.2961376149138477e+00
504 4.5325398659887293e+02 6.2709722043775979e+00
505 4.5217426198570462e+02 6.2560337300613131e+00
506 4.5036172384860112e+02 6.2309564519496714e+00
507 4.4928030019077437e+02 6.2159944705884582e+00
508 4.4747408998226780e+02 6.1910047422072454e+00
509 4.4639099185234375e+02 6.1760195937735078e+00
510 4.4459106782664617e+02 6.1511168375510241e+00
511 4.4350631979764665e+02 6.1361088620235424e+00
512 4.4171264018998465e+02 6.1112925001254128e+00
513 4.4062626640704144e+02 6.0962620315629152e+00
514 4.3883878989279384e+02 6.0715314922444721e+00
515 4.3775081434502096e+02 6.0564788625471087e+00
516 4.3596949957205555e+02 6.0318335736830555e+00
517 4.3487994591600204e+02 6.0167591101497946e+00
518 4.3310475206313049e+02 5.9921985069606798e+00
519 4.3201364359067168e+02 5.9771025318450643e+00
520 4.3024452980880517e+02 5.9526260491654215e+00
521 4.2915188970147489e+02 5.9375088831943694e+00
522 4.2738881550182884e+02 5.9131159608437045e+00
523 4.2629466656075874e+02 5.8979779194810984e+00
524 4.2453759149866704e+02 5.8736679978893145e+00
525 4.2344195642513540e+02 5.8585093952175225e+00
526 4.2169084041886981e+02 5.8342819198359308e+00
527 4.2059374137843048e+02 5.8191030625253326e+00
528 4.1884854450620674e+02 5.7949574810181428e+00
529 4.1775000369919707e+02 5.7797586762203617e+00
530 4.1601068621521000e+02 5.7556944386865316e+00
531 4.1491072525551772e+02 5.7404759854394003e+00
532 4.1317724778670254e+02 5.7164925471349175e+00
533 4.1207588825496725e+02 5.7012547440162642e+00
534 4.1034821139136380e+02 5.6773515596866542e+00
535 4.0924547452739938e+02 5.6620947005588302e+00
536 4.0752355923993917e+02 5.6382712302194244e+00
537 4.0641946608964065e+02 5.6229956062618287e+00
538 4.0470327336739638e+02 5.5992513101789489e+00
539 4.0359784463530940e+02 5.5839572078482558e+00
540 4.0188733594725011e+02 5.5602915529278079e+00
541 4.0078059203839899e+02 5.5449792545366821e+00
542 3.9907572879716196e+02 5.5213917069051943e+00
543 3.9796768999532884e+02 5.5060614930888585e+00
544 3.9626843397113743e+02 5.4825515238202236e+00
545 3.9515912015952006e+02 5.4672036696716377e+00
546 3.9346543316810795e+02 5.4437707504694055e+00
547 3.9235486417386301e+02 5.4284055303061747e+00
548 3.9066670834661022e+02 5.4050491372410008e+00
549 3.8955490346041165e+02 5.3896668179582523e+00
550 3.8787224110862201e+02 5.3663864295901211e+00
551 3.8675921961370523e+02 5.3509872779800665e+00
552 3.8508201321465185e+02 5.3277823751652207e+00
553 3.8396779387945128e+02 5.3123666508975678e+00
554 3.8229600622858857e+02 5.2892367188944327e+00
555 3.8118060777478661e+02 5.2738046809920549e+00
556 3.7951420163483783e+02 5.2507492046062039e+00
557 3.7839764244433337e+02 5.2353011073909173e+00
558 3.7673658095531198e+02 5.2123195766479036e+00
559 3.7561887921054563e+02 5.1968556716819290e+00
560 3.7396312552923922e+02 5.1739475768393843e+00
561 3.7284429908903570e+02 5.1584681112075730e+00
562 3.7119381680989824e+02 5.1356329485784382e+00
563 3.7007388322407002e+02 5.1201381650903164e+00
564 3.6842863591365301e+02 5.0973754306014900e+00
565 3.6730761260705486e+02 5.0818655703377393e+00
566 3.6566756416332385e+02 5.0591747645013818e+00
567 3.6454546818729534e+02 5.0436500633749342e+00
568 3.6291058250861613e+02 5.0210306867087438e+00
569 3.6178743088481616e+02 5.0054913802218834e+00
570 3.6015767215514234e+02 4.9829429371947924e+00
571 3.5903348138441260e+02 4.9673892536440665e+00
572 3.5740881398289014e+02 4.9449112514255837e+00
573 3.5628360053788947e+02 4.9293434187176146e+00
574 3.5466398895920378e+02 4.9069353660757864e+00
575 3.5353776886534962e+02 4.8913536059294129e+00
576 3.5192317786807502e+02 4.8690150152833080e+00
577 3.5079596711088317e+02 4.8534195488653129e+00
578 3.4918636144192169e+02 4.8311499324725089e+00
579 3.4805817566346678e+02 4.8155409761980081e+00
580 3.4645352041543833e+02 4.7933398510992440e+00
581 3.4532437503365315e+02 4.7777176182822547e+00
582 3.4372463533169707e+02 4.7555845019681913e+00
583 3.4259454549082687e+02 4.7399492021361382e+00
584 3.4099968684051504e+02 4.7178836173608900e+00
585 3.3986866737957911e+02 4.7022354558182622e+00
586 3.3827865522723033e+02 4.6802369245161515e+00
587 3.3714672088694596e+02 4.6645761052073835e+00
588 3.3556152101726838e+02 4.6426441539945005e+00
589 3.3442868614133073e+02 4.6269708753710486e+00
590 3.3284826433845330e+02 4.6051050308554711e+00
591 3.3171454323748242e+02 4.5894194909111814e+00
592 3.3013886555086015e+02 4.5676192833718909e+00
593 3.2900427203981155e+02 4.5519216732428722e+00
594 3.2743330468186593e+02 4.5301866352135649e+00
595 3.2629785255364715e+02 4.5144771457308766e+00
596 3.2473156185093183e+02 4.4928068113243196e+00
597 3.2359526447044107e+02 4.4770856273973241e+00
598 3.2203361695952202e+02 4.4554795336318973e+00
599 3.2089648764670943e+02 4.4397468395480804e+00
600 3.1933944989319474e+02 4.4182045238439747e+00
601 3.1820150161963994e+02 4.4024604990709575e+00
602 3.1664904046702202e+02 4.3809815026930199e+00
603 3.1551028602924629e+02 4.3652263242764135e+00
604 3.1396236836287898e+02 4.3438101890686607e+00
605 3.1282282025179961e+02 4.3280440298259100e+00
606 3.1127941325135981e+02 4.3066903017044504e+00
607 3.1013908376381755e+02 4.2909133317678609e+00
608 3.0860015458814019e+02 4.2696215563604465e+00
609 3.0745905582808007e+02 4.2538339431935279e+00
610 3.0592457186818365e+02 4.2326036693402731e+00
611 3.0478271566372564e+02 4.2168055765903700e+00
612 3.0325264440490366e+02 4.1956363544357256e+00
613 3.0211004240997266e+02 4.1798279433401166e+00
614 3.0058435149579714e+02 4.1587193252183887e+00
615 2.9944101505273358e+02 4.1429007527034409e+00
616 2.9791967231109743e+02 4.1218522934990984e+00
617 2.9677561256587620e+02 4.1060237137743743e+00
618 2.9525858590988867e+02 4.0850349695508905e+00
619 2.9411381378617028e+02 4.0691965337501319e+00
620 2.9260107129378673e+02 4.0482670628517026e+00
621 2.9145559747429968e+02 4.0324189187752504e+00
622 2.8994710732843379e+02 4.0115482809982144e+00
623 2.8880094231006370e+02 3.9956905738751884e+00
624 2.8729667280728052e+02 3.9748783305883033e+00
625 2.8614982682695734e+02 3.9590112020512223e+00
626 2.8464974645947512e+02 3.9382569173301953e+00
627 2.8350222951991526e+02 3.9223805057711267e+00
628 2.8200630683619232e+02 3.9016837444697714e+00
629 2.8085812873922538e+02 3.8857981855014243e+00
630 2.7936633247312591e+02 3.8651585150387282e+00
631 2.7821750278974679e+02 3.8492639410801095e+00
632 2.7672980171738271e+02 3.8286809294595758e+00
633 2.7558032984088601e+02 3.8127774704711306e+00
634 2.7409669290590028e+02 3.7922506880141293e+00
635 2.7294658794339449e+02 3.7763384699967877e+00
636 2.7146698420926992e+02 3.7558674886827284e+00
637 2.7031625510224535e+02 3.7399466353460191e+00
638 2.6884065372332907e+02 3.7195310284114584e+00
639 2.6768930914226610e+02 3.7036016597153671e+00
640 2.6621767944869384e+02 3.6832410028289768e+00
641 2.6506572786630289e+02 3.6673032359972524e+00
642 2.6359803921305490e+02 3.6469971051714380e+00
643 2.6244548892351463e+02 3.6310510549577621e+00
644 2.6098171084240056e+02 3.6107990286514449e+00
645 2.5982856986155554e+02 3.5948448059586227e+00
646 2.5836867193486108e+02 3.5746464633290818e+00
647 2.5721494813971339e+02 3.5586841771389701e+00
648 2.5575890009903080e+02 3.5385390994092076e+00
649 2.5460460105991842e+02 3.5225688544608285e+00
650 2.5315237275015815e+02 3.5024766244216550e+00
651 2.5199750587389218e+02 3.4864985231915613e+00
652 2.5054906721991773e+02 3.4664587247399741e+00
653 2.4939363967406896e+02 3.4504728663947231e+00
654 2.4794896071132885e+02 3.4304850849577120e+00
655 2.4679297949448059e+02 3.4144915663258426e+00
656 2.4535203033278802e+02 3.3945553883592665e+00
657 2.4419550216968835e+02 3.3785543024806852e+00
658 2.4275825306925458e+02 3.3586693165212274e+00
659 2.4160118452464113e+02 3.3426607542220235e+00
660 2.4016760577064957e+02 3.3228265491518685e+00
661 2.3901000314611130e+02 3.3068105976173516e+00
662 2.3758006522182396e+02 3.2870267650591902e+00
663 2.3642193463581461e+02 3.2710035089409124e+00
664 2.3499560798023114e+02 3.2512696399050456e+00
665 2.3383695536065323e+02 3.2352391612181970e+00
666 2.3241421062319432e+02 3.2155548496261948e+00
667 2.3125504164374325e+02 3.1995172268688963e+00
668 2.2983584944843199e+02 3.1798820662909426e+00
669 2.2867616966341924e+02 3.1638373763095844e+00
670 2.2726050079560991e+02 3.1442509625479520e+00
671 2.2610031540649589e+02 3.1281992773070719e+00
672 2.2468814073823776e+02 3.1086612073634972e+00
673 2.2352745487690285e+02 3.0926025978649627e+00
674 2.2211874531292673e+02 3.0731124691933465e+00
675 2.2095756378144566e+02 3.0570470018760147e+00
676 2.1955229038030328e+02 3.0376044140584386e+00
677 2.1839061787005377e+02 3.0215321538296256e+00
678 2.1698875167208655e+02 3.0021367061962239e+00
679 2.1582659261175044e+02 2.9860577143287279e+00
680 2.1442810482417826e+02 2.9667090085184733e+00
681 2.1326546346691526e+02 2.9506233438566674e+00
682 2.1187032529105133e+02 2.9313209814268109e+00
683 2.1070720564677666e+02 2.9152286994496706e+00
684 2.0931538844691477e+02 2.8959722842123727e+00
685 2.0815179435387003e+02 2.8798734380236923e+00
686 2.0676326944713898e+02 2.8606625731385646e+00
687 2.0559920454512243e+02 2.8445572130965853e+00
688 2.0421394342922673e+02 2.8253915042215856e+00
689 2.0304941108743282e+02 2.8092796769406236e+00
690 2.0166738525281784e+02 2.7901587296332764e+00
691 2.0050238874048208e+02 2.7740404803446719e+00
692 1.9912356975915566e+02 2.7549639012909539e+00
693 1.9795811203162648e+02 2.7388392708832781e+00
694 1.9658247157490592e+02 2.7198066681431583e+00
695 1.9541655545200763e+02 2.7036756956299444e+00
696 1.9404406522547731e+02 2.6846866777374916e+00
697 1.9287769333528689e+02 2.6685493994793648e+00
698 1.9150832525534574e+02 2.6496035778853617e+00
699 1.9034150044206149e+02 2.6334600332330798e+00
700 1.8897522750883869e+02 2.6145570343822033e+00
701 1.8780795528088615e+02 2.5984072995473051e+00
702 1.8644475834146047e+02 2.5795468584502994e+00
703 1.8527706406148607e+02 2.5633912843363742e+00
704 1.8391697428801547e+02 2.5445738322740263e+00
705 1.8274900619014758e+02 2.5284144697667283e+00
706 1.8139234607541650e+02 2.5096444685713597e+00
707 1.8022492187681257e+02 2.4934926311543357e+00
708 1.7887350099998790e+02 2.4747951171653781e+00
709 1.7771064023470805e+02 2.4587064168952475e+00
710 1.7637290606425253e+02 2.4401982646278593e+00
711 1.7523193115504540e+02 2.4244123649930427e+00
712 1.7394189866241425e+02 2.4065641868341747e+00
713 1.7288744054472289e+02 2.3919752858156937e+00
714 1.7176261176732808e+02 2.3764127751565889e+00
715 1.7100033067213025e+02 2.3658662742956076e+00
716 1.7038368986957229e+02 2.3573347722079090e+00
717 1.7046154954678275e+02 2.3584119957648211e+00
718 1.7118245450366121e+02 2.3683860391935525e+00
719 1.7329606918057220e+02 2.3976288462764681e+00
720 1.7697318182910104e+02 2.4485033490785733e+00
721 1.8318501404415719e+02 2.5344468339912578e+00
722 1.9222031551553340e+02 2.6594542824868319e+00
723 2.0500909445205892e+02 2.8363927752746649e+00
724 2.2133038988538317e+02 3.0622052182491402e+00
725 2.4098495920315796e+02 3.3341350005013517e+00
726 2.6149492964860531e+02 3.6178996410313249e+00
727 2.7961444570669374e+02 3.8685912729123375e+00
728 2.8993145353989473e+02 4.0113317038125214e+00
729 2.8919292285293704e+02 4.0011138005024058e+00
730 2.7684028456209859e+02 3.8302095091715223e+00
731 2.5804592577461699e+02 3.5701811254395079e+00
732 2.3927389810251719e+02 3.3104617027050636e+00
733 2.2720072195898422e+02 3.1434238955303999e+00
734 2.2485735948763588e+02 3.1110024246617671e+00
735 2.3276040053621014e+02 3.2203445423506833e+00
736 2.4648145366689067e+02 3.4101814667712391e+00
737 2.5856469445599782e+02 3.5773585228317564e+00
738 2.6024233697122440e+02 3.6005694595094706e+00
739 2.5021722409273289e+02 3.4618675262324770e+00
740 2.3497745503468184e+02 3.2510184857611590e+00
741 2.2477896540894170e+02 3.1099178074206311e+00
742 2.2495805692153584e+02 3.1123956188259871e+00
743 2.3489211901314502e+02 3.2498378236270979e+00
744 2.4612620007537075e+02 3.4052663739892792e+00
745 2.4866702612754946e+02 3.4404198420678118e+00
746 2.3914328964114299e+02 3.3086546760596276e+00
747 2.2642790342484574e+02 3.1327316044752767e+00
748 2.2081328693830892e+02 3.0550508670381618e+00
749 2.2648801622171928e+02 3.1335632919826497e+00
750 2.3708693239806161e+02 3.2802040512556450e+00
751 2.4134343708690696e+02 3.3390947028125058e+00
752 2.3346302928996772e+02 3.2300657263117407e+00
753 2.2206205070624949e+02 3.0723280738805134e+00
754 2.1825006919970960e+02 3.0195875999345692e+00
755 2.2526678055958448e+02 3.1166669488314098e+00
756 2.3415178641836741e+02 3.2395949901140773e+00
757 2.3355674929358872e+02 3.2313623845984369e+00
758 2.2322789020826008e+02 3.0884579863093782e+00
759 2.1572056360212230e+02 2.9845907554229165e+00
760 2.1873649434071137e+02 3.0263175099384987e+00
761 2.2783921103470394e+02 3.1522576782769831e+00
762 2.2979596556401901e+02 3.1793302548608144e+00
763 2.2130581276228696e+02 3.0618651827274310e+00
764 2.1321713975157189e+02 2.9499547635800671e+00
765 2.1561186150351028e+02 2.9830868131320423e+00
766 2.2389458152305033e+02 3.0976819596831628e+00
767 2.2537816575334543e+02 3.1182080129471288e+00
768 2.1668758159321061e+02 2.9979698830699824e+00
769 2.1036954827616390e+02 2.9105570582764630e+00
770 2.1427307728145090e+02 2.9645641329297305e+00
771 2.2175006115616441e+02 3.0680115585171936e+00
772 2.1975400321707670e+02 3.0403952016302460e+00
773 2.1091216133067962e+02 2.9180643532660424e+00
774 2.0816624417976539e+02 2.8800733578461912e+00
775 2.1485853400252498e+02 2.9726641892629817e+00
776 2.1880735799640317e+02 3.0272979403997469e+00
777 2.1249541304346747e+02 2.9399693508545410e+00
778 2.0565795191371367e+02 2.8453700092912322e+00
779 2.0880235655245627e+02 2.8888742578403388e+00
780 2.1523449222287320e+02 2.9778657398715098e+00
781 2.1271919328032169e+02 2.9430654508044434e+00
782 2.0467097589461304e+02 2.8317147533747633e+00
783 2.0452582299747860e+02 2.8297064979369120e+00
784 2.1109726592607950e+02 2.9206253583690871e+00
785 2.1144690839157280e+02 2.9254628187056886e+00
786 2.0371755835584119e+02 2.8185237940857597e+00
787 2.0151748077585611e+02 2.7880847339572696e+00
788 2.0744490030847396e+02 2.8700932418396885e+00
789 2.0930222561050059e+02 2.8957901704666043e+00
790 2.0221529242218602e+02 2.7977392710764293e+00
791 1.9914803880719154e+02 2.7553024415457279e+00
792 2.0453374102263652e+02 2.8298160473664744e+00
793 2.0678940181550925e+02 2.8610241261762206e+00
794 2.0008687221234996e+02 2.7682916228047114e+00
795 1.9708162632210784e+02 2.7267126979585266e+00
796 2.0230160909098763e+02 2.7989335009052523e+00
797 2.0409142495569935e+02 2.8236964061866443e+00
798 1.9744099262354382e+02 2.7316846919268651e+00
799 1.9527427121044403e+02 2.7017071293286050e+00
800 2.0058645248892634e+02 2.7752035400098398e+00
801 2.0113790503493465e+02 2.7828331333290306e+00
802 1.9447587329476011e+02 2.6906609360565805e+00
803 1.9386618116126641e+02 2.6822255719220993e+00
804 1.9912921824426121e+02 2.7550420506159261e+00
805 1.9774636983571159e+02 2.7359097226292408e+00
806 1.9151877695182435e+02 2.6497481817940836e+00
807 1.9302883926507587e+02 2.6706405712120698e+00
808 1.9749764928519238e+02 2.7324685622532066e+00
809 1.9382743208741735e+02 2.6816894611051243e+00
810 1.8906495636788586e+02 2.6157984733935566e+00
811 1.9273608972551307e+02 2.6665902500241230e+00
812 1.9509960314101676e+02 2.6992905182435267e+00
813 1.8964585715635815e+02 2.6238354963557722e+00
814 1.8766189944971643e+02 2.5963865516120794e+00
815 1.9249059524134651e+02 2.6631937237230785e+00
816 1.9147549966920437e+02 2.6491494211777074e+00
817 1.8597753774874062e+02 2.5730826519857417e+00
818 1.8752118522335005e+02 2.5944397071751983e+00
819 1.9125910368491748e+02 2.6461554856741616e+00
820 1.8687288076149088e+02 2.5854701241588427e+00
821 1.8385952205745434e+02 2.5437789548949397e+00
822 1.8795278362397292e+02 2.6004110646343337e+00
823 1.8807096737421236e+02 2.6020461898283154e+00
824 1.8260339886046822e+02 2.5263999270507895e+00
825 1.8375403988480721e+02 2.5423195617240353e+00
826 1.8722812235357881e+02 2.5903850509232789e+00
827 1.8326005477560054e+02 2.5354850561690894e+00
828 1.8041173202138299e+02 2.4960772332951517e+00
829 1.8449883380335288e+02 2.5526241196524424e+00
830 1.8385432651838784e+02 2.5437070722815793e+00
831 1.7899595061253351e+02 2.4764892624777501e+00
832 1.8077088144185905e+02 2.5010462266181315e+00
833 1.8342789125645504e+02 2.5378071491620640e+00
834 1.7878967551730659e+02 2.4736353540139109e+00
835 1.7761587325280829e+02 2.4573952731944595e+00
836 1.8142430040783586e+02 2.5100865710929834e+00
837 1.7914833003290232e+02 2.4785975001058898e+00
838 1.7538063992897742e+02 2.4264698175813200e+00
839 1.7865255655490060e+02 2.4717382516665198e+00
840 1.7896051214594027e+02 2.4759989553970789e+00
841 1.7433117028382279e+02 2.4119499343178838e+00
842 1.7555548338994507e+02 2.4288888552870285e+00
843 1.7811079613134871e+02 2.4642427532087594e+00
844 1.7380497447268397e+02 2.4046697792541143e+00
845 1.7295277232791159e+02 2.3928791803396297e+00
846 1.7634168433946627e+02 2.4397662980614392e+00
847 1.7361837351957774e+02 2.4020880713710349e+00
848 1.7079234650779074e+02 2.3629887200940205e+00
849 1.7420285853351501e+02 2.4101746837002049e+00
850 1.7314488368919888e+02 2.3955371271914991e+00
851 1.6932446592242601e+02 2.3426799338012829e+00
852 1.7173563967672885e+02 2.3760396041852512e+00
853 1.7247239790334177e+02 2.3862329847114880e+00
854 1.6813431390189578e+02 2.3262136467737098e+00
855 1.6945412394236601e+02 2.3444738106631715e+00
856 1.7130154095258925e+02 2.3700336536287820e+00
857 1.6730464531791765e+02 2.3147348097798792e+00
858 1.6722740230028589e+02 2.3136661179848312e+00
859 1.6996228612794491e+02 2.3515044624286268e+00
860 1.6642340749874313e+02 2.3025424892865565e+00
861 1.6535885894773477e+02 2.2878139825972337e+00
862 1.6829402631456378e+02 2.3284233396394041e+00
863 1.6564183761278676e+02 2.2917291193537546e+00
864 1.6357642135499989e+02 2.2631531590180463e+00
865 1.6665529781966998e+02 2.3057507958872514e+00
866 1.6465060802829652e+02 2.2780150134522521e+00
867 1.6208749135248985e+02 2.2425531445977258e+00
868 1.6486862365803222e+02 2.2810313574770480e+00
869 1.6368058035816821e+02 2.2645942455457249e+00
870 1.6059411045806152e+02 2.2218915500913408e+00
871 1.6323722591202457e+02 2.2584602379238246e+00
872 1.6248828225172755e+02 2.2480982664569882e+00
873 1.5929449021644393e+02 2.2039107211248146e+00
874 1.6154288028022580e+02 2.2350182061364201e+00
875 1.6133284222611681e+02 2.2321122354486329e+00
876 1.5791387600637199e+02 2.1848093042761816e+00
877 1.6004275074454526e+02 2.2142632411513157e+00
878 1.5999069080997967e+02 2.2135429686059549e+00
879 1.5666492737060366e+02 2.1675295397045131e+00
880 1.5850011888738857e+02 2.1929202374848566e+00
881 1.5871506813386964e+02 2.1958941567219479e+00
882 1.5530103520175169e+02 2.1486594797965610e+00
883 1.5714936442127077e+02 2.1742319435869364e+00
884 1.5728203544037851e+02 2.1760675066437427e+00
885 1.5404669301082708e+02 2.1313050929701132e+00
886 1.5575257001715198e+02 2.1549066664962995e+00
887 1.5592865048085827e+02 2.1573428186897345e+00
888 1.5267704426303490e+02 2.1123553882105024e+00
889 1.5453289826598811e+02 2.1380319607548097e+00
890 1.5442814294358024e+02 2.1365826238829824e+00
891 1.5142260126981407e+02 2.0949996067390733e+00
892 1.5325569143944773e+02 2.1203612314390536e+00
893 1.5300338934444818e+02 2.1168705187886898e+00
894 1.5007509886636217e+02 2.0763563065867965e+00
895 1.5213346126223777e+02 2.1048346735790662e+00
896 1.5143035433107494e+02 2.0951068738191281e+00
897 1.4886723958807599e+02 2.0596450317058639e+00
898 1.5093118518340606e+02 2.0882006447668404e+00
899 1.4992560935586678e+02 2.0742880521579781e+00
900 1.4760286680738614e+02 2.0421518671709546e+00
901 1.4984612523489864e+02 2.0731883536930606e+00
902 1.4827807840580127e+02 2.0514937224903251e+00
903 1.4651143728978724e+02 2.0270514502518262e+00
904 1.4863807189861615e+02 2.0564743939327075e+00
905 1.4670964048478916e+02 2.0297936803555316e+00
906 1.4539955510432341e+02 2.0116680614990718e+00
907 1.4748729445404140e+02 2.0405528718243109e+00
908 1.4503411257759640e+02 2.0066120002284387e+00
909 1.4448076502780830e+02 1.9989561886819811e+00
910 1.4615238077700550e+02 2.0220837423484701e+00
911 1.4348843696820018e+02 1.9852268848845194e+00
912 1.4354621071170837e+02 1.9860262105394382e+00
913 1.4480903271924899e+02 2.0034979194322537e+00
914 1.4191510763613030e+02 1.9634591678837778e+00
915 1.4277345953283850e+02 1.9753348513746671e+00
916 1.4323803333471290e+02 1.9817624383007024e+00
917 1.4056047189487742e+02 1.9447171748034806e+00
918 1.4191836219165199e+02 1.9635041961191990e+00
919 1.4164257367692676e+02 1.9596885383174749e+00
920 1.3927531106746190e+02 1.9269363983179777e+00
921 1.4111185731463942e+02 1.9523458394009454e+00
922 1.3986215059738379e+02 1.9350555864318753e+00
923 1.3828066637759125e+02 1.9131750429017469e+00
924 1.4008226518337065e+02 1.9381009704578591e+00
925 1.3815608594931621e+02 1.9114514167980152e+00
926 1.3738516799934519e+02 1.9007854211773250e+00
927 1.3894962492287701e+02 1.9224303844263664e+00
928 1.3643029185838660e+02 1.8875742814728351e+00
929 1.3673023781306699e+02 1.8917241682917698e+00
930 1.3748424641328182e+02 1.9021562154741665e+00
931 1.3497338052115381e+02 1.8674172596480829e+00
932 1.3603545990583302e+02 1.8821116043137376e+00
933 1.3588660532521709e+02 1.8800521344245893e+00
934 1.3368907178620449e+02 1.8496482722440424e+00
935 1.3535070729829636e+02 1.8726377448537042e+00
936 1.3405859396561564e+02 1.8547607773394232e+00
937 1.3279267664137546e+02 1.8372462433517149e+00
938 1.3435417953708031e+02 1.8588503363007884e+00
939 1.3232506515779372e+02 1.8307766287367551e+00
940 1.3206473157026991e+02 1.8271747967849217e+00
941 1.3312750710893832e+02 1.8418787730532653e+00
942 1.3068293684311348e+02 1.8080570469529225e+00
943 1.3154899559429370e+02 1.8200393582322176e+00
944 1.3149241544891171e+02 1.8192565465427442e+00
945 1.2944969468626945e+02 1.7909945885620606e+00
946 1.3087156304051916e+02 1.8106667749992758e+00
947 1.2974101416332229e+02 1.7950251241937503e+00
948 1.2851177223302216e+02 1.7780180107313603e+00
949 1.2999757170018222e+02 1.7985747127909621e+00
950 1.2792080611895814e+02 1.7698417294749436e+00
951 1.2796161220640553e+02 1.7704062999976922e+00
952 1.2863652358497143e+02 1.7797440016407899e+00
953 1.2643973166935545e+02 1.7493504001525788e+00
954 1.2742232524627873e+02 1.7629450230158499e+00
955 1.2699872973306636e+02 1.7570843890936054e+00
956 1.2529882133573305e+02 1.7335653939499416e+00
957 1.2677557754479022e+02 1.7539969784774820e+00
958 1.2513961739458495e+02 1.7313627360157915e+00
959 1.2465948592343261e+02 1.7247199017571535e+00
960 1.2562954555590883e+02 1.7381411118771006e+00
961 1.2353136033306754e+02 1.7091117782118723e+00
962 1.2416368591014741e+02 1.7178602861902350e+00
963 1.2410776703480512e+02 1.7170866234683626e+00
964 1.2227422543767312e+02 1.6917187530664624e+00
965 1.2363283430253941e+02 1.7105157160940319e+00
966 1.2226322534520716e+02 1.6915665618532814e+00
967 1.2158609719976229e+02 1.6821981902461178e+00
968 1.2259882188215821e+02 1.6962096904684254e+00
969 1.2061847400258898e+02 1.6688106893014105e+00
970 1.2111553317828968e+02 1.6756877259451244e+00
971 1.2112817060120204e+02 1.6758625703594296e+00
972 1.1934837014467655e+02 1.6512382327425443e+00
973 1.2062428295758831e+02 1.6688910587993393e+00
974 1.1929777631006803e+02 1.6505382443476850e+00
975 1.1868899552702547e+02 1.6421154891554670e+00
976 1.1959521798892895e+02 1.6546534833874047e+00
977 1.1768471975339176e+02 1.6282208833755067e+00
978 1.1825473162841672e+02 1.6361072533361312e+00
979 1.1809338156490094e+02 1.6338749028364157e+00
980 1.1650523225017071e+02 1.6119021447283035e+00
981 1.1773487082764768e+02 1.6289147459822948e+00
982 1.1627175662390401e+02 1.6086719047171685e+00
983 1.1595112542468300e+02 1.6042358282619809e+00
984 1.1660418813635191e+02 1.6132712437986907e+00
985 1.1476720412952547e+02 1.5878557461146303e+00
986 1.1554512906056051e+02 1.5986186864612102e+00
987 1.1500798526871174e+02 1.5911870611737780e+00
988 1.1378003135626325e+02 1.5741977680160852e+00
989 1.1490411877161429e+02 1.5897500215987888e+00
990 1.1323118077125584e+02 1.5666041739944094e+00
991 1.1337115141850215e+02 1.5685407306806438e+00
992 1.1357446242608030e+02 1.5713536296623682e+00
993 1.1194255500966318e+02 1.5487754585904254e+00
994 1.1292328286099496e+02 1.5623442683032971e+00
995 1.1188254254191810e+02 1.5479451591815456e+00
996 1.1122601915296077e+02 1.5388618636223192e+00
997 1.1203643858952648e+02 1.5500743800278034e+00
998 1.1026127745673837e+02 1.5255142295357185e+00
999 1.1091790646656632e+02 1.5345989864070646e+00
1000 1.1046280985414364e+02 1.5283025206479344e+00
1001 1.0931071052003097e+02 1.5123627096048682e+00
1002 1.1027517390540537e+02 1.5257064931360549e+00
1003 1.0878448925399447e+02 1.5050822023611719e+00
1004 1.0885948747553765e+02 1.5061198363954673e+00
1005 1.0903476375602604e+02 1.5085448623533793e+00
1006 1.0749465632111844e+02 1.4872367852010253e+00
1007 1.0847935700412657e+02 1.5008605608220889e+00
1008 1.0730337525808822e+02 1.4845903258979594e+00
1009 1.0694014043402896e+02 1.4795648091839642e+00
1010 1.0745349093411085e+02 1.4866672436077033e+00
1011 1.0586961812858694e+02 1.4647536529226197e+00
1012 1.0658452939131000e+02 1.4746447709043364e+00
1013 1.0588749890047086e+02 1.4650010414217665e+00
1014 1.0505676281615300e+02 1.4535074350819259e+00
1015 1.0586018802067122e+02 1.4646231831498826e+00
1016 1.0426777047358647e+02 1.4425913721326986e+00
1017 1.0476413690154696e+02 1.4494588243007061e+00
1018 1.0438549268639255e+02 1.4442201117492750e+00
1019 1.0332813331344937e+02 1.4295910705630739e+00
1020 1.0416156061602436e+02 1.4411219111146043e+00
1021 1.0277119772625427e+02 1.4218856169097338e+00
1022 1.0292598593777674e+02 1.4240271812439089e+00
1023 1.0290964290056628e+02 1.4238010679936957e+00
1024 1.0161856209246044e+02 1.4059383859200303e+00
1025 1.0250653120293876e+02 1.4182238368477535e+00
1026 1.0123540928523857e+02 1.4006372949750896e+00
1027 1.0120112862815226e+02 1.4001630067082633e+00
1028 1.0134790864744977e+02 1.4021937741110602e+00
1029 1.0002457385105799e+02 1.3838848436424513e+00
1030 1.0080163416447819e+02 1.3946358216165191e+00
1031 9.9759222374648786e+01 1.3802135869471950e+00
1032 9.9476337742108441e+01 1.3762997511726494e+00
1033 9.9824910008967336e+01 1.3811224048311235e+00
1034 9.8415943646162290e+01 1.3616287232325259e+00
1035 9.9176274849551362e+01 1.3721482464657402e+00
1036 9.8223443664352544e+01 1.3589653996414188e+00
1037 9.7860258387011896e+01 1.3539405684284991e+00
1038 9.8239885301257573e+01 1.3591928770626316e+00
1039 9.6890005893000051e+01 1.3405166899827017e+00
1040 9.7528407905048951e+01 1.3493492681643480e+00
1041 9.6735239403798886e+01 1.3383754261865852e+00
1042 9.6238252612675595e+01 1.3314993910159665e+00
1043 9.6710481148140943e+01 1.3380328846146403e+00
1044 9.5331235861144563e+01 1.3189504074307661e+00
1045 9.5970266063066532e+01 1.3277916769010707e+00
1046 9.5188996457975563e+01 1.3169824614887273e+00
1047 9.4711811922467675e+01 1.3103803994065311e+00
1048 9.5136346943820271e+01 1.3162540318452967e+00
1049 9.3840100825407362e+01 1.2983198853867159e+00
1050 9.4397115392060897e+01 1.3060264317562884e+00
1051 9.3690569574556704e+01 1.2962510534613607e+00
1052 9.3173529273955978e+01 1.2890975689924429e+00
1053 9.3623850566477245e+01 1.2953279660588439e+00
1054 9.2313655909680023e+01 1.2772008353153239e+00
1055 9.2910319007785802e+01 1.2854559369012490e+00
1056 9.2141117203834185e+01 1.2748136849304867e+00
1057 9.1722434257979032e+01 1.2690210185810824e+00
1058 9.2072298831567409e+01 1.2738615518828025e+00
1059 9.0852976764657214e+01 1.2569916841798072e+00
1060 9.1406571089313928e+01 1.2646509099672592e+00
1061 9.0641934313731014e+01 1.2540718172115479e+00
1062 9.0258967793474241e+01 1.2487733036303252e+00
1063 9.0578291629154407e+01 1.2531912921245285e+00
1064 8.9364770954563596e+01 1.2364016892863934e+00
1065 8.9978991499477658e+01 1.2448997060240212e+00
1066 8.9100021573034951e+01 1.2327387628438697e+00
1067 8.8878864189929018e+01 1.2296789512520137e+00
1068 8.9043009894440488e+01 1.2319499806988443e+00
1069 8.7948837798865483e+01 1.2168116189832774e+00
1070 8.8526218461163964e+01 1.2247999394209821e+00
1071 8.7613387784128051e+01 1.2121705175686788e+00
1072 8.7487401998002042e+01 1.2104274477087282e+00
1073 8.7556548918949801e+01 1.2113841263747793e+00
1074 8.6519279042891228e+01 1.1970330323887972e+00
1075 8.7133272056893816e+01 1.2055279011342093e+00
1076 8.6096880826859348e+01 1.1911889636100732e+00
1077 8.6173592472255294e+01 1.1922503036319003e+00
1078 8.6025737332478130e+01 1.1902046614550394e+00
1079 8.5172481330046068e+01 1.1783994819471422e+00
1080 8.5700576234931390e+01 1.1857059118247024e+00
1081 8.4647842597427356e+01 1.1711408697631009e+00
1082 8.4842859789721246e+01 1.1738390200903104e+00
1083 8.4539241810611188e+01 1.1696383291663639e+00
1084 8.3826050555730575e+01 1.1597710082646295e+00
1085 8.4306484923178772e+01 1.1664180332293799e+00
1086 8.3190352111492558e+01 1.1509758351562887e+00
1087 8.3573292530957119e+01 1.1562739876213439e+00
1088 8.3015117709955987e+01 1.1485513886124592e+00
1089 8.2567973931077006e+01 1.1423649538725216e+00
1090 8.2856668767592382e+01 1.1463591764251353e+00
1091 8.1820954236149618e+01 1.1320296013295377e+00
1092 8.2266946378715815e+01 1.1382001026645399e+00
1093 8.1546624257475941e+01 1.1282341230282897e+00
1094 8.1311947194202546e+01 1.1249872605972819e+00
1095 8.1429643063188081e+01 1.1266156357352848e+00
1096 8.0468966146340833e+01 1.1133242396945309e+00
1097 8.0990634202831814e+01 1.1205417512418958e+00
1098 8.0067206053279918e+01 1.1077657086040082e+00
1099 8.0129738877190050e+01 1.1086308782708967e+00
1100 7.9945952043499830e+01 1.1060881049921658e+00
1101 7.9222558019299171e+01 1.0960796242006006e+00
1102 7.9647425652121399e+01 1.1019578584682359e+00
1103 7.8675596745248640e+01 1.0885121696434332e+00
1104 7.8923822679606829e+01 1.0919464867830273e+00
1105 7.8495621652281685e+01 1.0860221335073035e+00
1106 7.8003665190640788e+01 1.0792156952013472e+00
1107 7.8303958851777423e+01 1.0833703926950620e+00
1108 7.7314701317383808e+01 1.0696835709911778e+00
1109 7.7747289614007911e+01 1.0756686241054918e+00
1110 7.7023223003600336e+01 1.0656508377820761e+00
1111 7.6877545941930478e+01 1.0636353302927719e+00
1112 7.6882019288446784e+01 1.0636972210482725e+00
1113 7.6075408293173709e+01 1.0525373961362872e+00
1114 7.6497516039879770e+01 1.0583774461416029e+00
1115 7.5633022200863735e+01 1.0464167861240157e+00
1116 7.5744809691502979e+01 1.0479634161974896e+00
1117 7.5469239783616786e+01 1.0441507829194363e+00
1118 7.4888089921249758e+01 1.0361103139081691e+00
1119 7.5227332502286927e+01 1.0408038871786192e+00
1120 7.4284065652984950e+01 1.0277533672313597e+00
1121 7.4642320852045131e+01 1.0327099885999620e+00
1122 7.4023562665655035e+01 1.0241491915572272e+00
1123 7.3810376585516266e+01 1.0211996665173215e+00
1124 7.3859725229713689e+01 1.0218824271443332e+00
1125 7.3071348675584574e+01 1.0109748839043395e+00
1126 7.3459405353983499e+01 1.0163438221065675e+00
1127 7.2657952687281622e+01 1.0052553649840499e+00
1128 7.2737386193824079e+01 1.0063543631756859e+00
1129 7.2483060760254318e+01 1.0028356567286674e+00
1130 7.1931277170839792e+01 9.9520148327546742e-01
1131 7.2236062740810908e+01 9.9941832834268085e-01
1132 7.1348451482465691e+01 9.8713782845972775e-01
1133 7.1687027162353047e+01 9.9182217485364232e-01
1134 7.1072824162849813e+01 9.8332440086464301e-01
1135 7.0909079330042943e+01 9.8105891765765019e-01
1136 7.0901190171710013e+01 9.8094976761355901e-01
1137 7.0191409129842327e+01 9.7112962853845464e-01
1138 7.0540665659251360e+01 9.7596174927622481e-01
1139 6.9753435889302438e+01 9.6507007230973585e-01
1140 6.9888140609262862e+01 9.6693377253002288e-01
1141 6.9551967056899286e+01 9.6228266064783541e-01
1142 6.9121157092411664e+01 9.5632221155627195e-01
1143 6.9332282870215124e+01 9.5924323138925305e-01
1144 6.8514722610185729e+01 9.4793191848824743e-01
1145 6.8865558633308069e+01 9.5278589222999777e-01
1146 6.8187612640380763e+01 9.4340620533608244e-01
1147 6.8160632255845542e+01 9.4303291961442037e-01
1148 6.8008669429026199e+01 9.4093044574489404e-01
1149 6.7444391226688921e+01 9.3312340371765023e-01
1150 6.7720929825734828e+01 9.3694943927238905e-01
1151 6.6943311354268317e+01 9.2619073893139747e-01
1152 6.7174575937749381e+01 9.2939038817386554e-01
1153 6.6688123965037903e+01 9.2266010694119760e-01
1154 6.6459316239777905e+01 9.1949444943420222e-01
1155 6.6498450230484835e+01 9.2003588574855433e-01
1156 6.5810730553146982e+01 9.1052097554699030e-01
1157 6.6144042945030549e+01 9.1513250199060936e-01
1158 6.5396483087286057e+01 9.0478967605276939e-01
1159 6.5548092035368015e+01 9.0688725385123736e-01
1160 6.5181313362892283e+01 9.0181270640486411e-01
1161 6.4849061832720466e+01 8.9721585745885946e-01
1162 6.4965657739355677e+01 8.9882901412437544e-01
1163 6.4267750101029492e+01 8.8917314891289179e-01
1164 6.4557854576190834e+01 8.9318687444844302e-01
1165 6.3917612005387952e+01 8.8432883131088247e-01
1166 6.3938572913470239e+01 8.8461883487587889e-01
1167 6.3720021097734289e+01 8.8159507247727198e-01
1168 6.3269722088982292e+01 8.7536498371681359e-01
1169 6.3475520649986343e+01 8.7821229911593768e-01
1170 6.2747301326553043e+01 8.6813705814517850e-01
1171 6.3031077683512045e+01 8.7206323132702479e-01
1172 6.2441430555285422e+01 8.6390519883127836e-01
1173 6.2407060923685009e+01 8.6342967956214145e-01
1174 6.2248864901232984e+01 8.6124096663523741e-01
1175 6.1771801871541101e+01 8.5464058564050482e-01
1176 6.1980582864841281e+01 8.5752916432816784e-01
1177 6.1295511757017664e+01 8.4805089827380642e-01
1178 6.1516081654370019e+01 8.5110258173675446e-01
1179 6.1017688915235468e+01 8.4420709464478461e-01
1180 6.0899767639752149e+01 8.4257560090678230e-01
1181 6.0824288769825849e+01 8.4153131688651939e-01
1182 6.0296453115273948e+01 8.3422847385360466e-01
1183 6.0540524670097717e+01 8.3760531328895993e-01
1184 5.9853966865366175e+01 8.2810647811604343e-01
1185 6.0069761174379614e+01 8.3109208917230926e-01
1186 5.9592773897062358e+01 8.2449275624565721e-01
1187 5.9467877876491130e+01 8.2276476378095398e-01
1188 5.9397547311847703e+01 8.2179170887346908e-01
1189 5.8891162218921181e+01 8.1478564398194564e-01
1190 5.9107892029462228e+01 8.1778419812145009e-01
1191 5.8470543438618130e+01 8.0896619449466745e-01
1192 5.8642420612779631e+01 8.1134419229193244e-01
1193 5.8217311983844780e+01 8.0546262373498390e-01
1194 5.8059178899657418e+01 8.0327478158720145e-01
1195 5.8021135244350226e+01 8.0274843055215706e-01
1196 5.7503679077900863e+01 7.9558919239269321e-01
1197 5.7734365635473807e+01 7.9878084438745822e-01
1198 5.7095293952754268e+01 7.8993900101171366e-01
1199 5.7283171205033170e+01 7.9253836706631065e-01
1200 5.6843892657210169e+01 7.8646075132585536e-01
1201 5.6720740116830079e+01 7.8475688069160654e-01
1202 5.6648501013937391e+01 7.8375742030139905e-01
1203 5.6180852661393402e+01 7.7728729558780951e-01
1204 5.6372420843206513e+01 7.7993772730801925e-01
1205 5.5776042565659793e+01 7.7168656634228061e-01
1206 5.5943357435986840e+01 7.7400144261964798e-01
1207 5.5520834301761234e+01 7.6815564554168392e-01
1208 5.5404392077878242e+01 7.6654461514597694e-01
1209 5.5326893831253159e+01 7.6547239214332741e-01
1210 5.4876663791491751e+01 7.5924325759978883e-01
1211 5.5067251260635572e+01 7.6188012072033606e-01
1212 5.4469001537865630e+01 7.5360306747052741e-01
1213 5.4666764953586451e+01 7.5633921303062290e-01
1214 5.4205013042357550e+01 7.4995066822738143e-01
1215 5.4154174890908003e+01 7.4924729959944225e-01
1216 5.4011937065644219e+01 7.4727937548843004e-01
1217 5.3636573254917451e+01 7.4208604880362805e-01
1218 5.3772586123441670e+01 7.4396784784604419e-01
1219 5.3220727567675219e+01 7.3633263719974029e-01
1220 5.3406570984769154e+01 7.3890386423230914e-01
1221 5.2942397876472576e+01 7.3248182108164750e-01
1222 5.2925076906357411e+01 7.3224217769106170e-01
1223 5.2747147627021270e+01 7.2978044630413108e-01
1224 5.2418861076073036e+01 7.2523845462411241e-01
1225 5.2528977205966576e+01 7.2676196067200771e-01
1226 5.1992219418382945e+01 7.1933567592671976e-01
1227 5.2201799729026895e+01 7.2223531352835468e-01
1228 5.1694469990886354e+01 7.1521617904658996e-01
1229 5.1756968496446589e+01 7.1608087390371478e-01
1230 5.1492062286529546e+01 7.1241577767009467e-01
1231 5.1265824777538143e+01 7.0928568025800443e-01
1232 5.1293022499901753e+01 7.0966197294600575e-01
1233 5.0827947399746670e+01 7.0322745033340772e-01
1234 5.1007379148079330e+01 7.0570996905281347e-01
1235 5.0505928621110030e+01 6.9877217609462838e-01
1236 5.0605949931326712e+01 7.0015601578442543e-01
1237 5.0289063795448207e+01 6.9577175396036917e-01
1238 5.0137238323191269e+01 6.9367118045282194e-01
1239 5.0103198349443737e+01 6.9320022214794230e-01
1240 4.9691842503662954e+01 6.8750892951451992e-01
1241 4.9858436721004466e+01 6.8981383523459516e-01
1242 4.9343066469968790e+01 6.8268345665048347e-01
1243 4.9506348065823964e+01 6.8494253076647227e-01
1244 4.9103766486507347e+01 6.7937263404513759e-01
1245 4.9069581299068119e+01 6.7889966664370005e-01
1246 4.8921777940104676e+01 6.7685474087762254e-01
1247 4.8624064968992315e+01 6.7273574838792050e-01
1248 4.8713231756085115e+01 6.7396941088167694e-01
1249 4.8248968977520931e+01 6.6754612710264272e-01
1250 4.8414464122511205e+01 6.6983582666376740e-01
1251 4.7979486955076652e+01 6.6381772245030135e-01
1252 4.8020945401987809e+01 6.6439131865883638e-01
1253 4.7788930570653214e+01 6.6118128940080312e-01
1254 4.7587604329625464e+01 6.5839585055453842e-01
1255 4.7606581408865388e+01 6.5865840695768629e-01
1256 4.7192132707634798e+01 6.5292432328186523e-01
1257 4.7360367092567600e+01 6.5525192145623679e-01
1258 4.6888027877376956e+01 6.4871689655391984e-01
1259 4.7020085126897676e+01 6.5054396783319324e-01
1260 4.6675727293374479e+01 6.4577962275023482e-01
1261 4.6614181584138144e+01 6.4492811025761265e-01
1262 4.6504833794982346e+01 6.4341523454845084e-01
1263 4.6209851536564443e+01 6.3933402269369388e-01
1264 4.6304156857040077e+01 6.4063877910160827e-01
1265 4.5871767568687495e+01 6.3465647935599279e-01
1266 4.6023280279933260e+01 6.3675272567466645e-01
1267 4.5626106523990437e+01 6.3125764861530043e-01
1268 4.5661513609526772e+01 6.3174752152497404e-01
1269 4.5448338495148079e+01 6.2879814820127755e-01
1270 4.5266205798601661e+01 6.2627826065186765e-01
1271 4.5278526836258003e+01 6.2644872773424631e-01
1272 4.4902970965140796e+01 6.2125274380779694e-01
1273 4.5055445650169020e+01 6.2336229946522892e-01
1274 4.4618269138373350e+01 6.1731376633604618e-01
1275 4.4751212124632119e+01 6.1915309218037351e-01
1276 4.4415670108123322e+01 6.1451071788000211e-01
1277 4.4386057941380308e+01 6.1410102027105162e-01
1278 4.4255969482740490e+01 6.1230118809668499e-01
1279 4.4014627818469272e+01 6.0896211792157273e-01
1280 4.4079390495635607e+01 6.0985813860842564e-01
1281 4.3693987090326040e+01 6.0452590962947206e-01
1282 4.3838501427544855e+01 6.0652533030447486e-01
1283 4.3453253763176292e+01 6.0119525607129509e-01
1284 4.3524061407123156e+01 6.0217491158492931e-01
1285 4.3280107030456747e+01 5.9879969336193939e-01
1286 4.3168664181126026e+01 5.9725783155555212e-01
1287 4.3128785610181154e+01 5.9670609363963845e-01
1288 4.2826869553804940e+01 5.9252894958008473e-01
1289 4.2944783174973324e+01 5.9416033741720675e-01
1290 4.2545175641748173e+01 5.8863158795750803e-01
1291 4.2693947595297040e+01 5.9068991466412235e-01
1292 4.2338848772300295e+01 5.8577696317409944e-01
1293 4.2380219088862916e+01 5.8634934005973305e-01
1294 4.2185875839567231e+01 5.8366051403619001e-01
1295 4.2041928713217651e+01 5.8166894097797639e-01
1296 4.2039268955510927e+01 5.8163214203711233e-01
1297 4.1729894658866932e+01 5.7735180987818013e-01
1298 4.1851513141515937e+01 5.7903445613564253e-01
1299 4.1480963526742393e+01 5.7390773601118350e-01
1300 4.1599146129338266e+01 5.7554284532700206e-01
1301 4.1300738523298335e+01 5.7141424225150972e-01
1302 4.1294234584175790e+01 5.7132425733651204e-01
1303 4.1162312873996513e+01 5.6949906130482153e-01
1304 4.0976555519157266e+01 5.6692902498214814e-01
1305 4.1020378354903492e+01 5.6753533357072494e-01
1306 4.0692009132953736e+01 5.6299219810031953e-01
1307 4.0834045862638462e+01 5.6495733996379716e-01
1308 4.0469881614202215e+01 5.5991896424666798e-01
1309 4.0587305072010224e+01 5.6154357045384429e-01
1310 4.0309883679228236e+01 5.5770532105180382e-01
1311 4.0296297664777299e+01 5.5751735244808698e-01
1312 4.0183555614038482e+01 5.5595751560748274e-01
1313 3.9999780271917587e+01 5.5341490131976767e-01
1314 4.0048535791520230e+01 5.5408945580197400e-01
1315 3.9739002139503071e+01 5.4980691888997790e-01
1316 3.9869240712280451e+01 5.5160882796076904e-01
1317 3.9538132005113567e+01 5.4702779048363259e-01
1318 3.9634094803212825e+01 5.4835547883790470e-01
1319 3.9394076492729013e+01 5.4503471785601021e-01
1320 3.9360397334718272e+01 5.4456875159868723e-01
1321 3.9279003069402869e+01 5.4344262542996069e-01
1322 3.9084618410830529e+01 5.4075322649050173e-01
1323 3.9153803031489048e+01 5.4171042674896064e-01
1324 3.8844162849447876e+01 5.3742641594629992e-01
1325 3.8986598119716717e+01 5.3939707179751784e-01
1326 3.8660266031705802e+01 5.3488212098887988e-01
1327 3.8767683455121897e+01 5.3636828922219837e-01
1328 3.8529391918012564e+01 5.3307141892445620e-01
1329 3.8513401487026876e+01 5.3285018413951868e-01
1330 3.8425775485236116e+01 5.3163783910151041e-01
1331 3.8257297840413955e+01 5.2930687531745935e-01
1332 3.8313491911259590e+01 5.3008434549255490e-01
1333 3.8033870452621670e+01 5.2621565719259356e-01
1334 3.8162940097096381e+01 5.2800139361601328e-01
1335 3.7863256226855476e+01 5.2385513285285268e-01
1336 3.7964308846897310e+01 5.2525324117665806e-01
1337 3.7743276968025967e+01 5.2219516599218052e-01
1338 3.7731464846067993e+01 5.2203173998675467e-01
1339 3.7651255192985253e+01 5.2092200345960582e-01
1340 3.7494601564008718e+01 5.1875463023825097e-01
1341 3.7554351186618234e+01 5.1958129306678535e-01
1342 3.7285982915928102e+01 5.1586829766951803e-01
1343 3.7424170310673460e+01 5.1778018225755229e-01
1344 3.7125960426022061e+01 5.1365431474615508e-01
1345 3.7249307418411654e+01 5.1536087571117362e-01
1346 3.7015054934883125e+01 5.1211988753137450e-01
1347 3.7039936509675236e+01 5.1246413527885326e-01
1348 3.6934536303719987e+01 5.1100587615389603e-01
1349 3.6822422746727170e+01 5.0945473480616854e-01
1350 3.6854773368761450e+01 5.0990232017236370e-01
1351 3.6627120782910538e+01 5.0675264453721225e-01
1352 3.6748016540042045e+01 5.0842529156297311e-01
1353 3.6475447545625272e+01 5.0465417726878059e-01
1354 3.6600315395989369e+01 5.0638177998603295e-01
1355 3.6371609183980333e+01 5.0321752696039668e-01
1356 3.6417192445533530e+01 5.0384819182962370e-01
1357 3.6301625395457087e+01 5.0224926985607543e-01
1358 3.6220529624563120e+01 5.0112727349155428e-01
1359 3.6239506889901023e+01 5.0138983246945112e-01
1360 3.6038577276975431e+01 4.9860988115088095e-01
1361 3.6158139629865339e+01 5.0026407993088229e-01
1362 3.5894076016892363e+01 4.9661064140391675e-01
1363 3.6040586657962926e+01 4.9863768183811846e-01
1364 3.5795510606077741e+01 4.9524694473536746e-01
1365 3.5886957078130962e+01 4.9651214769306729e-01
1366 3.5734416677952098e+01 4.9440168283705083e-01
1367 3.5713789528178111e+01 4.9411629696795162e-01
1368 3.5689219800152948e+01 4.9377636376036732e-01
1369 3.5546541977691383e+01 4.9180235209077022e-01
1370 3.5634033631474473e+01 4.9301283836383269e-01
1371 3.5408971275965705e+01 4.8989899972727091e-01
1372 3.5549124808846031e+01 4.9183808671828211e-01
1373 3.5314003410968560e+01 4.8858507671872770e-01
1374 3.5428804989919115e+01 4.9017340805590959e-01
1375 3.5259317381882958e+01 4.8782847097779003e-01
1376 3.5283341060680783e+01 4.8816084934939252e-01
1377 3.5228755920573050e+01 4.8740563945271576e-01
1378 3.5134218325328312e+01 4.8609766941918769e-01
1379 3.5198803943815804e+01 4.8699124041980207e-01
1380 3.5005207839205539e+01 4.8431275147810154e-01
1381 3.5147800089271307e+01 4.8628557921522070e-01
1382 3.4913224075515295e+01 4.8304011484960996e-01
1383 3.5064395334067015e+01 4.8513163701710849e-01
1384 3.4862385456029806e+01 4.8233673974618352e-01
1385 3.4951786966376289e+01 4.8357364974143602e-01
1386 3.4843002873731876e+01 4.8206857302634626e-01
1387 3.4825993605753311e+01 4.8183324217462936e-01
1388 3.4835510697753797e+01 4.8196491541119457e-01
1389 3.4709176813630641e+01 4.8021702945931988e-01
1390 3.4817916812597048e+01 4.8172149611859688e-01
1391 3.4621085382264361e+01 4.7899824499437338e-01
1392 3.4774140705303651e+01 4.8111583403912422e-01
1393 3.4572010315580272e+01 4.7831926943496755e-01
1394 3.4700040324642728e+01 4.8009062203614700e-01
1395 3.4559523506201941e+01 4.7814650882646093e-01
1396 3.4604680768127658e+01 4.7877127979976636e-01
1397 3.4569748270286027e+01 4.7828797302371762e-01
1398 3.4506460415850484e+01 4.7741235717085317e-01
1399 3.4582562427535294e+01 4.7846526263684530e-01
1400 3.4425963216619856e+01 4.7629864231377406e-01
1401 3.4578985162152378e+01 4.7841576956574783e-01
1402 3.4378527026271819e+01 4.7564234134356909e-01
1403 3.4548137504129535e+01 4.7798897838078114e-01
1404 3.4369150109671487e+01 4.7551260749653845e-01
1405 3.4491109725213271e+01 4.7719997348058207e-01
1406 3.4391161444353280e+01 4.7581714418469101e-01
1407 3.4420231959373083e+01 4.7621934779910174e-01
1408 3.4428823002950871e+01 4.7633820874037480e-01
1409 3.4354220380731519e+01 4.7530604800016429e-01
1410 3.4462956735887829e+01 4.7681046424569423e-01
1411 3.4311335482864457e+01 4.7471271620284267e-01
1412 3.4477759966097338e+01 4.7701527357539347e-01
1413 3.4303171352720490e+01 4.7459976180041163e-01
1414 3.4466406093144428e+01 4.7685818765049298e-01
1415 3.4331055622462934e+01 4.7498555317933888e-01
1416 3.4433313148555911e+01 4.7640033191880304e-01
1417 3.4385946885537976e+01 4.7574499842457485e-01
1418 3.4392265083358801e+01 4.7583241352535194e-01
1419 3.4451683543998136e+01 4.7665449457949149e-01
1420 3.4361299327446439e+01 4.7540398840311288e-01
1421 3.4510547967734517e+01 4.7746891028457439e-01
1422 3.4356456009977592e+01 4.7533697893353927e-01
1423 3.4549358966669672e+01 4.7800587786289134e-01
1424 3.4386595365817684e+01 4.7575397044010997e-01
1425 3.4563958276485778e+01 4.7820786586248265e-01
1426 3.4450771855394585e+01 4.7664188095873811e-01
1427 3.4560393484246653e+01 4.7815854536292413e-01
1428 3.4538661695835259e+01 4.7785787632280852e-01
1429 3.4552283140082075e+01 4.7804633511364286e-01
1430 3.4633553294178945e+01 4.7917074414799293e-01
1431 3.4555091010265699e+01 4.7808518325705829e-01
1432 3.4716335406010309e+01 4.8031607179576402e-01
1433 3.4578417746414821e+01 4.7840791911451352e-01
1434 3.4767649359034031e+01 4.8102602335189515e-01
1435 3.4616513355495492e+01 4.7893498895331704e-01
1436 3.4764204553214405e+01 4.8097836291826840e-01
1437 3.4635592060330332e+01 4.7919895139215307e-01
1438 3.4665272189913232e+01 4.7960958929747705e-01
1439 3.4556289748303740e+01 4.7810176833548923e-01
1440 3.4389146605332371e+01 4.7578926798311311e-01
1441 3.4235175629691533e+01 4.7365901047391862e-01
1442 3.3791464923415688e+01 4.6752007383329491e-01
1443 3.3465894848154733e+01 4.6301566581284126e-01
1444 3.2679664085038723e+01 4.5213781055397401e-01
1445 3.2042508551705744e+01 4.4332247796445051e-01
1446 3.0911446252010666e+01 4.2767372372837498e-01
1447 2.9915138699026354e+01 4.1388936185511610e-01
1448 2.8575041522986780e+01 3.9534851634558438e-01
1449 2.7368862328469024e+01 3.7866048617716264e-01
1450 2.6120167122463375e+01 3.6138422791993313e-01
1451 2.5043732201742444e+01 3.4649126797419671e-01
1452 2.4263141728984067e+01 3.3569144866228878e-01
1453 2.3697148598197927e+01 3.2786067983075140e-01
1454 2.3667317718246036e+01 3.2744795622645578e-01
1455 2.3822850038354279e+01 3.2959981563667279e-01
1456 2.4532566808249641e+01 3.3941906548021189e-01
1457 2.5224353550082689e+01 3.4899024534328332e-01
1458 2.6152037569350771e+01 3.6182516984759633e-01
1459 2.6668986105909916e+01 3.6897738471983976e-01
1460 2.6908450612940253e+01 3.7229048358255579e-01
1461 2.6559073914605193e+01 3.6745670025379412e-01
1462 2.5825771620946071e+01 3.5731113411007626e-01
1463 2.4981783258958025e+01 3.4563417656457285e-01
1464 2.4163097381063260e+01 3.3430729023552203e-01
1465 2.3871136157899620e+01 3.3026787575854449e-01
1466 2.3849596930131380e+01 3.2996987088129687e-01
1467 2.4457746787365600e+01 3.3838389693196480e-01
1468 2.5001203805945902e+01 3.4590286854292396e-01
1469 2.5616857292815226e+01 3.5442071067522585e-01
1470 2.5572161704472173e+01 3.5380232716301274e-01
1471 2.5186331642336516e+01 3.4846419519550015e-01
1472 2.4386224035831411e+01 3.3739434758410997e-01
1473 2.3712809026886312e+01 3.2807734888588846e-01
1474 2.3429187827793079e+01 3.2415332238270861e-01
1475 2.3568634124771261e+01 3.2608262444779440e-01
1476 2.4172551408380684e+01 3.3443809094391042e-01
1477 2.4589987740042083e+01 3.4021350982679532e-01
1478 2.4820593974530169e+01 3.4340405051565365e-01
1479 2.4306247769336796e+01 3.3628784006508955e-01
1480 2.3717368314543457e+01 3.2814042867562015e-01
1481 2.3052744519114665e+01 3.1894506035955417e-01
1482 2.2994726919281614e+01 3.1814236084300307e-01
1483 2.3280871185616430e+01 3.2210129511315144e-01
1484 2.3812903928730030e+01 3.2946220674885385e-01
1485 2.4066555857105087e+01 3.3297159494941364e-01
1486 2.3759773019117901e+01 3.2872711678335548e-01
1487 2.3191353821751388e+01 3.2086278223250547e-01
1488 2.2565551824720369e+01 3.1220453091016559e-01
1489 2.2554514755862957e+01 3.1205182811202370e-01
1490 2.2792420339710851e+01 3.1534335857328072e-01
1491 2.3348156936286578e+01 3.2303222365361367e-01
1492 2.3337309027700321e+01 3.2288213797266796e-01
1493 2.3017618697126608e+01 3.1845907885722713e-01
1494 2.2336152637706093e+01 3.0903069026450913e-01
1495 2.2049276992712578e+01 3.0506163704256950e-01
1496 2.2182151610150644e+01 3.0690001697359665e-01
1497 2.2603659142876694e+01 3.1273176274928272e-01
1498 2.2855801672867084e+01 3.1622026774617429e-01
1499 2.2518077203666945e+01 3.1154769823391415e-01
1500 2.2017531004154023e+01 3.0462241705170956e-01
1501 2.1556190169779523e+01 2.9823955968113075e-01
1502 2.1755003011729865e+01 3.0099022452381480e-01
1503 2.2053031717567382e+01 3.0511358534505717e-01
1504 2.2339956066368991e+01 3.0908331240602704e-01
1505 2.1958410001784372e+01 3.0380445146615120e-01
1506 2.1475313582573744e+01 2.9712059582124700e-01
1507 2.1143525072851745e+01 2.9253015297084606e-01
1508 2.1341428190841651e+01 2.9526823137449543e-01
1509 2.1716539250616584e+01 3.0045806113651147e-01
1510 2.1732284921215072e+01 3.0067590955170870e-01
1511 2.1371568357782706e+01 2.9568523410301184e-01
1512 2.0820375057486284e+01 2.8805922756452546e-01
1513 2.0816725653140228e+01 2.8800873641851621e-01
1514 2.1029264263554946e+01 2.9094930342437747e-01
1515 2.1371644204866563e+01 2.9568628348143700e-01
1516 2.1066243654445746e+01 2.9146092988386241e-01
1517 2.0653008426708279e+01 2.8574363515810269e-01
1518 2.0320901439381341e+01 2.8114878602718940e-01
1519 2.0554417592467633e+01 2.8437958674505115e-01
1520 2.0834654033102520e+01 2.8825678359678086e-01
1521 2.0773390648528057e+01 2.8740917719248782e-01
1522 2.0342698586640555e+01 2.8145035933628032e-01
1523 1.9960037200100022e+01 2.7615606741688464e-01
1524 2.0115680277707295e+01 2.7830945920677924e-01
1525 2.0349931074836029e+01 2.8155042405448089e-01
1526 2.0433851512451973e+01 2.8271150095005937e-01
1527 1.9938952675620413e+01 2.7586435356358507e-01
1528 1.9664807981634180e+01 2.7207143875909445e-01
1529 1.9656128692270762e+01 2.7195135689779598e-01
1530 2.0013823070315983e+01 2.7690021905610906e-01
1531 1.9962579602592843e+01 2.7619124269572654e-01
1532 1.9596947157172401e+01 2.7113255381478490e-01
1533 1.9256201163330818e+01 2.6641818015385416e-01
1534 1.9337693776554364e+01 2.6754566701000221e-01
1535 1.9639949634775867e+01 2.7172751238049819e-01
1536 1.9531763343854212e+01 2.7023070652037717e-01
1537 1.9188424709584332e+01 2.6548046251623381e-01
1538 1.8853852485232665e+01 2.6085150572534099e-01
1539 1.9090677307743860e+01 2.6412808336874666e-01
1540 1.9229734510601382e+01 2.6605200214215119e-01
1541 1.9149504725755193e+01 2.6494198708302519e-01
1542 1.8668560674131594e+01 2.5828791040909743e-01
1543 1.8589821783813292e+01 2.5719852254448150e-01
1544 1.8766836246901267e+01 2.5964759703829260e-01
1545 1.8916776295946253e+01 2.6172208487002624e-01
1546 1.8619861638152337e+01 2.5761413740315542e-01
1547 1.8260448334193420e+01 2.5264149313382978e-01
1548 1.8312319256965026e+01 2.5335915061624270e-01
1549 1.8504756815829005e+01 2.5602161055789630e-01
1550 1.8513007979392260e+01 2.5613576910672059e-01
1551 1.8072422570942027e+01 2.5004007236331627e-01
1552 1.7947500101603694e+01 2.4831171396805701e-01
1553 1.8048291446254787e+01 2.4970620742964064e-01
1554 1.8258823422931275e+01 2.5261901175769025e-01
1555 1.7942114502443083e+01 2.4823720178804609e-01
1556 1.7663509175081664e+01 2.4438257212006445e-01
1557 1.7648854352446502e+01 2.4417981607572209e-01
1558 1.7884852674728990e+01 2.4744495871775021e-01
1559 1.7795017569873835e+01 2.4620204974798846e-01
1560 1.7426509466173627e+01 2.4110357484491599e-01
1561 1.7325333998309681e+01 2.3970376686639022e-01
1562 1.7472814682800475e+01 2.4174422828640824e-01
1563 1.7586029533469091e+01 2.4331060652610800e-01
1564 1.7215762585941267e+01 2.3818779722977937e-01
1565 1.7045449840289002e+01 2.3583144400263878e-01
1566 1.7092096368752792e+01 2.3647681964648504e-01
1567 1.7304719291890539e+01 2.3941855315668656e-01
1568 1.7021056320782652e+01 2.3549394871894777e-01
1569 1.6774577358992229e+01 2.3208380172840518e-01
1570 1.6767837157073654e+01 2.3199054801165256e-01
1571 1.6973550717472197e+01 2.3483668738927371e-01
1572 1.6827610801750421e+01 2.3281754319626211e-01
1573 1.6502919466069358e+01 2.2832529293204074e-01
1574 1.6484778734637416e+01 2.2807430777594664e-01
1575 1.6633527349559515e+01 2.3013231158219152e-01
1576 1.6613532493144731e+01 2.2985567377532190e-01
1577 1.6241330373593094e+01 2.2470609050605353e-01
1578 1.6211664368103673e+01 2.2429564801389801e-01
1579 1.6320712223320012e+01 2.2580437400247677e-01
1580 1.6362722858976714e+01 2.2638560998998186e-01
1581 1.6000355637647019e+01 2.2137209694889939e-01
1582 1.5928074730750872e+01 2.2037205818155353e-01
1583 1.6048023347470618e+01 2.2203160109489309e-01
1584 1.6078531611474578e+01 2.2245369661137876e-01
1585 1.5774543396054231e+01 2.1824788330201586e-01
1586 1.5637196409655562e+01 2.1634762614040962e-01
1587 1.5803206448095606e+01 2.1864444948335904e-01
1588 1.5782777772261172e+01 2.1836180959023582e-01
1589 1.5543758938845970e+01 2.1505487682188493e-01
1590 1.5358326312250995e+01 2.1248933326012265e-01
1591 1.5562470437626256e+01 2.1531375880025189e-01
1592 1.5499842252998892e+01 2.1444726977506784e-01
1593 1.5288310954867089e+01 2.1152063938645443e-01
1594 1.5108575853371642e+01 2.0903392363997733e-01
1595 1.5309577977655596e+01 2.1181487818571426e-01
1596 1.5239414078804112e+01 2.1084412917421619e-01
1597 1.5004740607574320e+01 2.0759731644074272e-01
1598 1.4889469192259131e+01 2.0600248470671864e-01
1599 1.5046470750889412e+01 2.0817467169089132e-01
1600 1.4990867876514375e+01 2.0740538098413810e-01
1601 1.4709212291505176e+01 2.0350854963345541e-01
1602 1.4687131442844192e+01 2.0320305118822135e-01
1603 1.4787942453323428e+01 2.0459781673535812e-01
1604 1.4732243877563143e+01 2.0382720195701470e-01
1605 1.4426553477286298e+01 1.9959783815667451e-01
1606 1.4483869701406391e+01 2.0039083382564601e-01
1607 1.4546109112266231e+01 2.0125194399137813e-01
1608 1.4447104875008915e+01 1.9988217596216565e-01
1609 1.4174917059172458e+01 1.9611633544460336e-01
1610 1.4271207810281222e+01 1.9744856117586007e-01
1611 1.4317831313847206e+01 1.9809361825991775e-01
1612 1.4137526838231908e+01 1.9559902496710893e-01
1613 1.3957325528140410e+01 1.9310585901559510e-01
1614 1.4053493696403098e+01 1.9443638875819377e-01
1615 1.4084372035853276e+01 1.9486360443446926e-01
1616 1.3824419207962734e+01 1.9126704046294568e-01
1617 1.3763855671121965e+01 1.9042911676595373e-01
1618 1.3839234849546150e+01 1.9147202150956988e-01
1619 1.3823643749759025e+01 1.9125631165087806e-01
1620 1.3536167553108600e+01 1.8727894952739732e-01
1621 1.3580318177860805e+01 1.8788979322389637e-01
1622 1.3628370691361804e+01 1.8855462130136438e-01
1623 1.3527424400584856e+01 1.8715798409063095e-01
1624 1.3294140746463684e+01 1.8393040010023534e-01
1625 1.3395429310301473e+01 1.8533177281228660e-01
1626 1.3407356135048229e+01 1.8549678578224327e-01
1627 1.3211925183966159e+01 1.8279291091661448e-01
1628 1.3102766678442901e+01 1.8128265403140909e-01
1629 1.3200927086824597e+01 1.8264074730964150e-01
1630 1.3157856303244085e+01 1.8204484370009819e-01
1631 1.2913259071997162e+01 1.7866073129564486e-01
1632 1.2946786367551811e+01 1.7912459646777235e-01
1633 1.2987479865617955e+01 1.7968760926593119e-01
1634 1.2874348140108649e+01 1.7812238110009493e-01
1635 1.2668726019343604e+01 1.7527750683081700e-01
1636 1.2795216636935804e+01 1.7702756126053620e-01
1637 1.2745646067926934e+01 1.7634173020421742e-01
1638 1.2577177843498186e+01 1.7401089675553449e-01
1639 1.2493370224430967e+01 1.7285138075518058e-01
1640 1.2611752574642283e+01 1.7448925366885240e-01
1641 1.2476098571276287e+01 1.7261241968686350e-01
1642 1.2307096530505746e+01 1.7027420064965715e-01
1643 1.2364281025402262e+01 1.7106537378573544e-01
1644 1.2371979156614964e+01 1.7117188088393606e-01
1645 1.2199777458464142e+01 1.6878939315171870e-01
1646 1.2098972968586054e+01 1.6739471782002352e-01
1647 1.2225095286101848e+01 1.6913967665299057e-01
1648 1.2083176331048088e+01 1.6717616425435819e-01
1649 1.1952628966367735e+01 1.6536998290908575e-01
1650 1.1950293147388201e+01 1.6533766580580989e-01
1651 1.2018436373034291e+01 1.6628045789717089e-01
1652 1.1790839142387128e+01 1.6313154812609193e-01
1653 1.1760525226726772e+01 1.6271214150611185e-01
1654 1.1811343570031546e+01 1.6341523607948355e-01
1655 1.1733342797487872e+01 1.6233606040535042e-01
1656 1.1554368180856017e+01 1.5985986630806437e-01
1657 1.1609879047237001e+01 1.6062788404295117e-01
1658 1.1618404312919662e+01 1.6074583491754152e-01
1659 1.1426347359354223e+01 1.5808864082090759e-01
1660 1.1399243792688939e+01 1.5771365081922470e-01
1661 1.1445010841233252e+01 1.5834685846390845e-01
1662 1.1355251097212173e+01 1.5710499214508800e-01
1663 1.1181681755996825e+01 1.5470358245763866e-01
1664 1.1282562595706150e+01 1.5609931412349448e-01
1665 1.1215272060689415e+01 1.5516831938945128e-01
1666 1.1079271638405901e+01 1.5328669254635788e-01
1667 1.1033593436069376e+01 1.5265471412880943e-01
1668 1.1116075610040019e+01 1.5379589200174515e-01
1669 1.0939589863079810e+01 1.5135413253270877e-01
1670 1.0867032971768664e+01 1.5035027539719301e-01
1671 1.0922548292180284e+01 1.5111835475559143e-01
1672 1.0853888736233461e+01 1.5016841900292813e-01
1673 1.0701617802418408e+01 1.4806168233491976e-01
1674 1.0726182901362062e+01 1.4840155149708506e-01
1675 1.0747222489490854e+01 1.4869264363581561e-01
1676 1.0559362635353240e+01 1.4609351829230707e-01
1677 1.0554970745003383e+01 1.4603275451940503e-01
1678 1.0575207595138622e+01 1.4631274041793957e-01
1679 1.0485211137816862e+01 1.4506759906443026e-01
1680 1.0343899004087348e+01 1.4311248231099877e-01
1681 1.0443452923213036e+01 1.4448985543541112e-01
1682 1.0343097821864214e+01 1.4310139759558432e-01
1683 1.0229813548497980e+01 1.4153405886172454e-01
1684 1.0228639907311138e+01 1.4151782100948671e-01
1685 1.0253768195353528e+01 1.4186548214544245e-01
1686 1.0081016941688002e+01 1.3947539106618487e-01
1687 1.0064955416702915e+01 1.3925317266387760e-01
1688 1.0105548199868567e+01 1.3981479202621411e-01
1689 9.9739052312705976e+00 1.3799345250932596e-01
1690 9.9003559529647394e+00 1.3697586525461913e-01
1691 9.9400285324001896e+00 1.3752475318560570e-01
1692 9.8823926159800664e+00 1.3672733443027044e-01
1693 9.7290184776761990e+00 1.3460533443333469e-01
1694 9.7998284507606144e+00 1.3558502217163157e-01
1695 9.7394007542717080e+00 1.3474897788683665e-01
1696 9.6283905548417223e+00 1.3321310198588418e-01
1697 9.5985485637826748e+00 1.3280022465443736e-01
1698 9.6467962560131859e+00 1.3346775311717246e-01
1699 9.4793852717290417e+00 1.3115154706009818e-01
1700 9.4623932824501384e+00 1.3091645526694121e-01
1701 9.4860598525067150e+00 1.3124389287893312e-01
1702 9.3864852043556066e+00 1.2986623295915639e-01
1703 9.2961959566722285e+00 1.2861704071966770e-01
1704 9.3460982355295457e+00 1.2930746113052285e-01
1705 9.2750466368466373e+00 1.2832443039369357e-01
1706 9.1495411304802214e+00 1.2658800541963888e-01
1707 9.2047746611791972e+00 1.2735218609097060e-01
1708 9.1448631126538018e+00 1.2652328294476073e-01
1709 9.0406918893580421e+00 1.2508202734613796e-01
1710 9.0254276693179492e+00 1.2487084001536299e-01
1711 9.0538176826832579e+00 1.2526362858415568e-01
1712 8.8894029775061334e+00 1.2298887739245984e-01
1713 8.9050928850901965e+00 1.2320595430134093e-01
1714 8.8973479379385054e+00 1.2309879948362586e-01
1715 8.8028611960477878e+00 1.2179153302906014e-01
1716 8.7328211421137372e+00 1.2082249746754339e-01
1717 8.7888978742660484e+00 1.2159834420918647e-01
1718 8.6718090855939955e+00 1.1997836829961658e-01
1719 8.6068508095622995e+00 1.1907964141472863e-01
1720 8.6450851871238719e+00 1.1960863117770779e-01
1721 8.5632285704767135e+00 1.1847610817092614e-01
1722 8.4766398305930704e+00 1.1727811411665001e-01
1723 8.4996289193918138e+00 1.1759617847156648e-01
1724 8.4635164294336658e+00 1.1709654597531922e-01
1725 8.3326176033989157e+00 1.1528550200456639e-01
1726 8.3832282023274125e+00 1.1598572234131189e-01
1727 8.3253306671307783e+00 1.1518468397285871e-01
1728 8.2366040127715081e+00 1.1395711091288513e-01
1729 8.2201282784586969e+00 1.1372916173874187e-01
1730 8.2358434692604678e+00 1.1394658845228033e-01
1731 8.0932725101936676e+00 1.1197405528568162e-01
1732 8.1098755776516480e+00 1.1220376617100153e-01
1733 8.0965264235541046e+00 1.1201907463651375e-01
1734 7.9959016610692437e+00 1.1062688591391769e-01
1735 7.9656133022514144e+00 1.1020783288431706e-01
1736 7.9858951208925628e+00 1.1048844094230073e-01
1737 7.8789765610625153e+00 1.0900917471045247e-01
1738 7.8367296007642535e+00 1.0842466906553180e-01
1739 7.8714034555631933e+00 1.0890439739907475e-01
1740 7.7572185014433854e+00 1.0732459734300344e-01
1741 7.7266749937268999e+00 1.0690201421394696e-01
1742 7.7327211362765667e+00 1.0698566530802155e-01
1743 7.6674840117922187e+00 1.0608308042971816e-01
1744 7.5817260763099332e+00 1.0489658092697875e-01
1745 7.6375921036674574e+00 1.0566951247327770e-01
1746 7.5319110569380356e+00 1.0420736779024320e-01
1747 7.4876776104213763e+00 1.0359537821748456e-01
1748 7.4945094925503746e+00 1.0368990037107005e-01
1749 7.4438386257863716e+00 1.0298884620178815e-01
1750 7.3521065894520108e+00 1.0171969233417347e-01
1751 7.3925181320427429e+00 1.0227880415186340e-01
1752 7.3217714570448313e+00 1.0129999217098463e-01
1753 7.2458377621617664e+00 1.0024941544344047e-01
1754 7.2722378270799695e+00 1.0061467218290811e-01
1755 7.2119783337576653e+00 9.9780955064367960e-02
1756 7.1381757313890510e+00 9.8759862957628480e-02
1757 7.1485013864278555e+00 9.8902723026496761e-02
1758 7.1153093305256379e+00 9.8443496045327011e-02
1759 7.0118668388615504e+00 9.7012322775689261e-02
1760 7.0537084827293475e+00 9.7591220685996294e-02
1761 6.9865706591903276e+00 9.6662338783743557e-02
1762 6.9238768064253300e+00 9.5794941210420981e-02
1763 6.9204137344471421e+00 9.5747028056297548e-02
1764 6.9001946300685315e+00 9.5467287678265553e-02
1765 6.7954180453764925e+00 9.4017656633200136e-02
1766 6.8298349503887854e+00 9.4493829951194125e-02
1767 6.7758984789770178e+00 9.3747594676875989e-02
1768 6.7026183488469968e+00 9.2733731207903958e-02
1769 6.7113949443565071e+00 9.2855159343378721e-02
1770 6.6763572968727880e+00 9.2370397774868496e-02
1771 6.5938548346437491e+00 9.1228939204777884e-02
1772 6.6048068401537252e+00 9.1380465113354251e-02
1773 6.5743712107977590e+00 9.0959374529802656e-02
1774 6.4819563032267622e+00 8.9680772832338218e-02
1775 6.5116134739792741e+00 9.0091093091945934e-02
1776 6.4550825961266671e+00 8.9308963040839517e-02
1777 6.3954126968373934e+00 8.8483403220199264e-02
1778 6.3904092396499150e+00 8.8414178145790293e-02
1779 6.3701151901229149e+00 8.8133400868014883e-02
1780 6.2735902161879418e+00 8.6797934558900697e-02
1781 6.3095236319780277e+00 8.7295089483711966e-02
1782 6.2464832597336635e+00 8.6422897657966624e-02
1783 6.1917143750602639e+00 8.5665145572808230e-02
1784 6.1929096173964133e+00 8.5681682286635585e-02
1785 6.1579633379479803e+00 8.5198184835875199e-02
1786 6.0810790651173887e+00 8.4134456436060559e-02
1787 6.1032117118147706e+00 8.4440671530361375e-02
1788 6.0498791772815190e+00 8.3702791993643666e-02
1789 5.9860118148977843e+00 8.2819158388387021e-02
1790 6.0069387544197168e+00 8.3108691983114935e-02
1791 5.9441913436187823e+00 8.2240553410342573e-02
1792 5.8975864919048959e+00 8.1595754383024660e-02
1793 5.9004470725826543e+00 8.1635331799768882e-02
1794 5.8560069569170050e+00 8.1020482866635851e-02
1795 5.7890027589951254e+00 8.0093449734731856e-02
1796 5.8211146987416935e+00 8.0537732824419478e-02
1797 5.7392995507584432e+00 7.9405783555203099e-02
1798 5.7140544259110655e+00 7.9056505929645110e-02
1799 5.7088565854412181e+00 7.8984591475337068e-02
1800 5.6574242001589772e+00 7.8273001355788463e-02
1801 5.6078687700302678e+00 7.7587379752667010e-02
1802 5.6286166027880862e+00 7.7874435324977939e-02
1803 5.5479981363251305e+00 7.6759042681347089e-02
1804 5.5285112246151451e+00 7.6489432517298755e-02
1805 5.5275156719983025e+00 7.6475658600305640e-02
1806 5.4563879691310699e+00 7.5491574927950902e-02
1807 5.4399375543662991e+00 7.5263976061111459e-02
1808 5.4321437211086687e+00 7.5156144882193660e-02
1809 5.3665093389196139e+00 7.4248063765362096e-02
1810 5.3469845692893685e+00 7.3977929820006422e-02
1811 5.3478319872259750e+00 7.3989654227255050e-02
1812 5.2628105624555968e+00 7.2813344680564898e-02
1813 5.2757375004231273e+00 7.2992194665515694e-02
1814 5.2394026880963569e+00 7.2489486239579431e-02
1815 5.1883928062189257e+00 7.1783741644143487e-02
1816 5.1758474930237668e+00 7.1610171609090098e-02
1817 5.1619419863224802e+00 7.1417782686786530e-02
1818 5.0853787761264488e+00 7.0358496332528511e-02
1819 5.1072145861172755e+00 7.0660604557852794e-02
1820 5.0553274719917134e+00 6.9942723060795547e-02
1821 5.0121212204666978e+00 6.9344945191478075e-02
1822 5.0141650609596633e+00 6.9373222641430018e-02
1823 4.9704989343530528e+00 6.8769082194089129e-02
1824 4.9247278086130475e+00 6.8135818139574228e-02
1825 4.9331169403802519e+00 6.8251885540383556e-02
1826 4.8790914215042624e+00 6.7504418254457105e-02
1827 4.8424964885022375e+00 6.6998110942305747e-02
1828 4.8534394467688333e+00 6.7149511678211940e-02
1829 4.7828288518246271e+00 6.6172582425912715e-02
1830 4.7736743996252038e+00 6.6045926473651470e-02
1831 4.7574920723369116e+00 6.5822036717295432e-02
1832 4.7076429732814997e+00 6.5132352072852576e-02
1833 4.6845762554611170e+00 6.4813213685602472e-02
1834 4.6847764885038972e+00 6.4815983999560650e-02
1835 4.6098349599926340e+00 6.3779134338790622e-02
1836 4.6227961824864616e+00 6.3958458665540521e-02
1837 4.5848177361297440e+00 6.3433009825574344e-02
1838 4.5410261915479495e+00 6.2827134164292558e-02
1839 4.5366362687969364e+00 6.2766397614003086e-02
1840 4.5072611038713655e+00 6.2359979031500271e-02
1841 4.4560734627897256e+00 6.1651775057743059e-02
1842 4.4661705702696066e+00 6.1791473068622295e-02
1843 4.4174837429600089e+00 6.1117868975101061e-02
1844 4.3832067611892853e+00 6.0643631557914489e-02
1845 4.3895034478995472e+00 6.0730749042828464e-02
1846 4.3302262101670452e+00 5.9910621870948172e-02
1847 4.3166088013519293e+00 5.9722218912121441e-02
1848 4.3035324129080346e+00 5.9541301212796542e-02
1849 4.2569060903044367e+00 5.8896205126089042e-02
1850 4.2369152008589470e+00 5.8619622204018916e-02
1851 4.2337155910095516e+00 5.8575354166619020e-02
1852 4.1670280528339596e+00 5.7652702164337551e-02
1853 4.1799527257855926e+00 5.7831520811777469e-02
1854 4.1394281787007934e+00 5.7270845526225772e-02
1855 4.1051109725417172e+00 5.6796051586584344e-02
1856 4.0981282684464002e+00 5.6699442743446071e-02
1857 4.0687852881952384e+00 5.6293469450349631e-02
1858 4.0248711752915671e+00 5.5685898001358633e-02
1859 4.0351937145403687e+00 5.5828714961874679e-02
1860 3.9812090424736484e+00 5.5081812809875640e-02
1861 3.9633526327307944e+00 5.4834761371877996e-02
1862 3.9574056403054430e+00 5.4752482064245503e-02
1863 3.9057185000919286e+00 5.4037367295956505e-02
1864 3.8982607177579536e+00 5.3934185532297702e-02
1865 3.8795841545080130e+00 5.3675786902662864e-02
1866 3.8356037886025045e+00 5.3067298813674731e-02
1867 3.8285122159985474e+00 5.2969183725888207e-02
1868 3.8087006097029357e+00 5.2695081266611210e-02
1869 3.7586835885157206e+00 5.2003073344156082e-02
1870 3.7716699630410142e+00 5.2182745660542845e-02
1871 3.7217848119549362e+00 5.1492562220085157e-02
1872 3.7039343556348867e+00 5.1245593150362333e-02
1873 3.6930053083586420e+00 5.1094384879247196e-02
1874 3.6569689000324357e+00 5.0595805006503049e-02
1875 3.6318663924465957e+00 5.0248500554727113e-02
1876 3.6317974573183291e+00 5.0247546806307802e-02
1877 3.5764503080347607e+00 4.9481794170896438e-02
1878 3.5790898253127845e+00 4.9518313076350899e-02
1879 3.5520008424417560e+00 4.9143524848002849e-02
1880 3.5147624554416121e+00 4.8628315061176590e-02
1881 3.5138527527047034e+00 4.8615728915778936e-02
1882 3.4807855948618887e+00 4.8158229955282038e-02
1883 3.4516023229195278e+00 4.7754466298272444e-02
1884 3.4493604928961115e+00 4.7723449574361698e-02
1885 3.4108919915859315e+00 4.7191220604308109e-02
1886 3.3890236774917701e+00 4.6888662670134994e-02
1887 3.3876595701923637e+00 4.6869789633799327e-02
1888 3.3360290378597313e+00 4.6155458060932887e-02
1889 3.3391569969312695e+00 4.6198734777683326e-02
1890 3.3101654249246977e+00 4.5797623375269297e-02
1891 3.2809771970731694e+00 4.5393791151033480e-02
1892 3.2719692464319556e+00 4.5269162113540977e-02
1893 3.2494321535350159e+00 4.4957351324661450e-02
1894 3.2127270009552062e+00 4.4449519075214231e-02
1895 3.2204843243411032e+00 4.4556845123680695e-02
1896 3.1723406851868758e+00 4.3890756281927318e-02
1897 3.1652318156278207e+00 4.3792401883008737e-02
1898 3.1494590349679887e+00 4.3574178387953008e-02
1899 3.1137709317777840e+00 4.3080417472992107e-02
1900 3.1061630543042900e+00 4.2975159075755297e-02
1901 3.0868079620857194e+00 4.2707372693496212e-02
1902 3.0518309780379007e+00 4.2223450430831276e-02
1903 3.0517294103884351e+00 4.2222045196844381e-02
1904 3.0203214144191128e+00 4.1787501485057617e-02
1905 2.9955237549065719e+00 4.1444414743110468e-02
1906 2.9958570908329576e+00 4.1449026595164480e-02
1907 2.9521766146328337e+00 4.0844687614761045e-02
1908 2.9486612157347918e+00 4.0796050494231031e-02
1909 2.9279615206843919e+00 4.0509660928693618e-02
1910 2.8990938077619375e+00 4.0110263172263357e-02
1911 2.8897312519983642e+00 3.9980728013850587e-02
1912 2.8717343672441284e+00 3.9731733041062672e-02
1913 2.8369238604729197e+00 3.9250114066190341e-02
1914 2.8434083570825783e+00 3.9339829985301576e-02
1915 2.8012529012592329e+00 3.8756590345834223e-02
1916 2.7938983178651164e+00 3.8654836385796587e-02
1917 2.7787571022301925e+00 3.8445350876138783e-02
1918 2.7483731185492477e+00 3.8024974833665952e-02
1919 2.7396030408656937e+00 3.7903636875236763e-02
1920 2.7227299013149455e+00 3.7670189421376926e-02
1921 2.6911244154702567e+00 3.7232913348583557e-02
1922 2.6914961109983242e+00 3.7238055922932424e-02
1923 2.6606578899227089e+00 3.6811395302363450e-02
1924 2.6423195426630994e+00 3.6557676042656181e-02
1925 2.6383114732963655e+00 3.6502222605212395e-02
1926 2.6010288274409614e+00 3.5986400477272015e-02
1927 2.5986062040607170e+00 3.5952882396177596e-02
1928 2.5771105810562274e+00 3.5655480810394678e-02
1929 2.5530733923832312e+00 3.5322915523609590e-02
1930 2.5455733328958505e+00 3.5219148836570686e-02
1931 2.5248244003537561e+00 3.4932078048250999e-02
1932 2.4990982767842440e+00 3.4576145589628036e-02
1933 2.5014022312208084e+00 3.4608021832659597e-02
1934 2.4620935351374245e+00 3.4064168391062882e-02
1935 2.4612654798911415e+00 3.4052711875319705e-02
1936 2.4402341174837319e+00 3.3761733543134005e-02
1937 2.4174547604420966e+00 3.3446570921148937e-02
1938 2.4101416205636057e+00 3.3345390350738802e-02
1939 2.3898550713515210e+00 3.3064716843184398e-02
1940 2.3669454718239824e+00 3.2747752257988677e-02
1941 2.3657671812965342e+00 3.2731450080038180e-02
1942 2.3329947070189543e+00 3.2278028198841881e-02
1943 2.3264654982046342e+00 3.2187693666324207e-02
1944 2.3124296109005749e+00 3.1993500869901159e-02
1945 2.2845119831526222e+00 3.1607247968005542e-02
1946 2.2838755686483778e+00 3.1598442887885832e-02
1947 2.2576917962050582e+00 3.1236178651822710e-02
1948 2.2430228267269547e+00 3.1033226879562933e-02
1949 2.2345639747321346e+00 3.0916194868132650e-02
1950 2.2101161638032529e+00 3.0577948438259381e-02
1951 2.1979574388422303e+00 3.0409727024823204e-02
1952 2.1895251122816668e+00 3.0293062004673417e-02
1953 2.1585071286058040e+00 2.9863914287900400e-02
1954 2.1621112591538036e+00 2.9913779050606736e-02
1955 2.1328488979284663e+00 2.9508921157892939e-02
1956 2.1227924581764150e+00 2.9369785803269082e-02
1957 2.1118376392248610e+00 2.9218220969466569e-02
1958 2.0896176447893886e+00 2.8910797380030856e-02
1959 2.0789700604530461e+00 2.8763483274934939e-02
1960 2.0684048445646064e+00 2.8617308774260795e-02
1961 2.0419482355683667e+00 2.8251269722111578e-02
1962 2.0425553234629263e+00 2.8259669055432320e-02
1963 2.0168483388838570e+00 2.7904001393326622e-02
1964 2.0052436839102556e+00 2.7743445786685594e-02
1965 1.9976791470110893e+00 2.7638787025734326e-02
1966 1.9718877639590588e+00 2.7281951672899638e-02
1967 1.9683737982012197e+00 2.7233334380507138e-02
1968 1.9504142439877661e+00 2.6984855892494958e-02
1969 1.9329978514015360e+00 2.6743892289221825e-02
1970 1.9272459663407879e+00 2.6664312379490886e-02
1971 1.9071159715373980e+00 2.6385804872400737e-02
1972 1.8932787313279107e+00 2.6194360447631047e-02
1973 1.8886188486188791e+00 2.6129888880236190e-02
1974 1.8605299748178492e+00 2.5741266712386586e-02
1975 1.8623253349650235e+00 2.5766106325302646e-02
1976 1.8391234409186838e+00 2.5445097714335316e-02
1977 1.8281879240166019e+00 2.5293799933044873e-02
1978 1.8192234675584522e+00 2.5169772657083679e-02
1979 1.8006366523630324e+00 2.4912615732038179e-02
1980 1.7896038918326544e+00 2.4759972541533195e-02
1981 1.7818543997100298e+00 2.4652754842106692e-02
1982 1.7579729912875470e+00 2.4322344844960181e-02
1983 1.7585547851313854e+00 2.4330394223743952e-02
1984 1.7361020935837623e+00 2.4019751165389090e-02
1985 1.7264417489155832e+00 2.3886095963912678e-02
1986 1.7187311741341611e+00 2.3779416703357460e-02
1987 1.6975476314578930e+00 2.3486332888894096e-02
1988 1.6935315900100789e+00 2.3430769154132822e-02
1989 1.6781412026801505e+00 2.3217836242312679e-02
1990 1.6631641062652214e+00 2.3010621395676539e-02
1991 1.6581961954625926e+00 2.2941888121445719e-02
1992 1.6397602599331733e+00 2.2686818684253981e-02
1993 1.6297040572057495e+00 2.2547686608972158e-02
1994 1.6232084233148807e+00 2.2457816600579932e-02
1995 1.6007055132460122e+00 2.2146478746458927e-02
1996 1.6018815521161440e+00 2.2162749771720513e-02
1997 1.5804857827415419e+00 2.1866729705694827e-02
1998 1.5732465077364288e+00 2.1766571088938775e-02
1999 1.5636474121101003e+00 2.1633763295428640e-02
2000 1.5478208531540725e+00 2.1414795753523647e-02
