# step 23
# iter abs_residual rel_residual
0 7.2278104865845847e+01 1.0000000000000000e+00
1 1.1546600861375248e+03 1.5975240195916449e+01
2 1.1527745212176285e+03 1.5949152559509876e+01
3 1.1585072720811713e+03 1.6028467739040153e+01
4 1.2484330970662108e+03 1.7272631862490115e+01
5 1.4402468346342791e+03 1.9926460956710148e+01
6 1.2677694538270925e+03 1.7540159031288628e+01
7 1.4124522130195410e+03 1.9541909899839922e+01
8 1.3004236603879108e+03 1.7991944625576512e+01
9 1.3783981910462489e+03 1.9070757231455779e+01
10 1.3232324643114316e+03 1.8307514658380441e+01
11 1.3547601259469516e+03 1.8743713998333224e+01
12 1.3364428175032306e+03 1.8490285820080359e+01
13 1.3388396176551000e+03 1.8523446625227617e+01
14 1.3429152194674218e+03 1.8579834404346709e+01
15 1.3277325809237739e+03 1.8369775790167100e+01
16 1.3450051727492021e+03 1.8608749845415055e+01
17 1.3195692023759566e+03 1.8256831786405943e+01
18 1.3443069584351763e+03 1.8599089737207713e+01
19 1.3132163294695008e+03 1.8168936940266200e+01
20 1.3418458874596074e+03 1.8565039716386927e+01
21 1.3079856800740833e+03 1.8096568559756971e+01
22 1.3382737217510321e+03 1.8515617201571335e+01
23 1.3034526903343676e+03 1.8033852613508390e+01
24 1.3340055733955301e+03 1.8456565454663689e+01
25 1.2993510853109415e+03 1.7977105068300350e+01
26 1.3293075319970728e+03 1.8391565944685155e+01
27 1.2955114809383776e+03 1.7923982419613164e+01
28 1.3243513570123459e+03 1.8322995040758912e+01
29 1.2918249965159798e+03 1.7872978254116017e+01
30 1.3192485335199062e+03 1.8252395188951631e+01
31 1.2882212246136346e+03 1.7823118453433164e+01
32 1.3140716232934167e+03 1.8180770313948361e+01
33 1.2846546044810441e+03 1.7773772664148701e+01
34 1.3088677968924533e+03 1.8108773041598425e+01
35 1.2810958289427888e+03 1.7724535408345428e+01
36 1.3036675101295143e+03 1.8036824741728207e+01
37 1.2775263299655437e+03 1.7675149788953910e+01
38 1.2984901357300052e+03 1.7965193444683013e+01
39 1.2739346838617857e+03 1.7625457754133343e+01
40 1.2933476589209845e+03 1.7894044971454978e+01
41 1.2703142383685245e+03 1.7575367266841500e+01
42 1.2882471280013681e+03 1.7823476838421005e+01
43 1.2666615286055760e+03 1.7524830388906913e+01
44 1.2831922934634567e+03 1.7753540935324299e+01
45 1.2629752087396139e+03 1.7473828500121865e+01
46 1.2781847130486606e+03 1.7684258814215969e+01
47 1.2592553284046573e+03 1.7422362287195266e+01
48 1.2732245007414840e+03 1.7615632052122759e+01
49 1.2555028382781215e+03 1.7370444903175571e+01
50 1.2683108376857733e+03 1.7547649319802495e+01
51 1.2517192522230448e+03 1.7318097293036935e+01
52 1.2634423194689398e+03 1.7480291186577087e+01
53 1.2479064168624982e+03 1.7265345005637819e+01
54 1.2586171941785328e+03 1.7413533413951992e+01
55 1.2440663539089051e+03 1.7212216012276404e+01
56 1.2538335239659709e+03 1.7347349190922891e+01
57 1.2402011533674231e+03 1.7158739229111490e+01
58 1.2490892942246799e+03 1.7281710644504212e+01
59 1.2363129023455374e+03 1.7104943532211262e+01
60 1.2443824862356214e+03 1.7216589844812596e+01
61 1.2324036388436091e+03 1.7050857118224840e+01
62 1.2397111252412540e+03 1.7151959470191706e+01
63 1.2284753213143294e+03 1.6996507083223634e+01
64 1.2350733099347060e+03 1.7087793215208180e+01
65 1.2245298121543360e+03 1.6941919194300471e+01
66 1.2304672309103903e+03 1.7024066045924133e+01
67 1.2205688672034712e+03 1.6887117744287128e+01
68 1.2258911806676419e+03 1.6960754338302003e+01
69 1.2165941326641860e+03 1.6832125509132890e+01
70 1.2213435565443428e+03 1.6897835918792527e+01
71 1.2126071450134459e+03 1.6776963746685741e+01
72 1.2168228618978303e+03 1.6835290080673179e+01
73 1.2086093333596591e+03 1.6721652229301505e+01
74 1.2123277032838344e+03 1.6773097545017471e+01
75 1.2046020237667803e+03 1.6666209303669785e+01
76 1.2078567863335070e+03 1.6711240403651829e+01
77 1.2005864443564872e+03 1.6610651961404841e+01
78 1.2034089109101444e+03 1.6649702052146651e+01
79 1.1965637310967525e+03 1.6554995919133102e+01
80 1.1989829658859871e+03 1.6588467117551005e+01
81 1.1925349333545028e+03 1.6499255695316673e+01
82 1.1945779226431871e+03 1.6527521368475593e+01
83 1.1885010204050134e+03 1.6443444700313737e+01
84 1.1901928302488300e+03 1.6466851648337023e+01
85 1.1844628864412493e+03 1.6387575305685044e+01
86 1.1858268092571493e+03 1.6406445789608654e+01
87 1.1804213570169277e+03 1.6331658933336556e+01
88 1.1814790463302184e+03 1.6346292539395456e+01
89 1.1763771933523735e+03 1.6275706115092905e+01
90 1.1771487897182178e+03 1.6286381496901495e+01
91 1.1723310979354992e+03 1.6219726570189451e+01
92 1.1728353439171117e+03 1.6226703039516480e+01
93 1.1682837191230356e+03 1.6163729268932368e+01
94 1.1685380650383149e+03 1.6167248258753027e+01
95 1.1642356550319132e+03 1.6107722486537675e+01
96 1.1642563576319985e+03 1.6108008916295674e+01
97 1.1601874578349968e+03 1.6051713862564615e+01
98 1.1599896696503506e+03 1.6048977374315328e+01
99 1.1561396376451639e+03 1.5995710454653659e+01
100 1.1557374897054758e+03 1.5990146557531085e+01
101 1.1520926651050877e+03 1.5939718774357285e+01
102 1.1514993435988131e+03 1.5931509905193160e+01
103 1.1480469756784805e+03 1.5883744846511275e+01
104 1.1472747910265916e+03 1.5873061325501391e+01
105 1.1440029715528592e+03 1.5827794235560321e+01
106 1.1430634233289516e+03 1.5814795164463318e+01
107 1.1399610245722979e+03 1.5771872086133969e+01
108 1.1388648605586511e+03 1.5756706165338434e+01
109 1.1359214789444536e+03 1.5715983160499546e+01
110 1.1346787494226307e+03 1.5698789440158794e+01
111 1.1318846530403068e+03 1.5660131863462366e+01
112 1.1305047609336993e+03 1.5641040437239049e+01
113 1.1278508414169708e+03 1.5604322270352210e+01
114 1.1263425889435878e+03 1.5583454920880577e+01
115 1.1238203171284033e+03 1.5548558158993059e+01
116 1.1221919476107541e+03 1.5526028936337434e+01
117 1.1197933329737853e+03 1.5492843026974967e+01
118 1.1180525705924056e+03 1.5468758798637621e+01
119 1.1157701230423183e+03 1.5437180113027038e+01
120 1.1139242088677033e+03 1.5411641062466137e+01
121 1.1117509047696940e+03 1.5381572425469592e+01
122 1.1098066298867177e+03 1.5354672510390397e+01
123 1.1077358792263012e+03 1.5326022746201645e+01
124 1.1056996160754020e+03 1.5297850132175880e+01
125 1.1037252332627472e+03 1.5270533660385157e+01
126 1.1016029635330726e+03 1.5241171106765169e+01
127 1.0997191401756072e+03 1.5215107565655977e+01
128 1.0975164815434250e+03 1.5184632795512647e+01
129 1.0957177605424429e+03 1.5159746683676694e+01
130 1.0934399909868628e+03 1.5128232720218357e+01
131 1.0917212434669873e+03 1.5104453077364333e+01
132 1.0893733238513246e+03 1.5071968556360073e+01
133 1.0877297275775786e+03 1.5049228664704133e+01
134 1.0853163221769080e+03 1.5015838118491693e+01
135 1.0837433411672514e+03 1.4994075220687771e+01
136 1.0812688376701369e+03 1.4959839354906462e+01
137 1.0797622035142558e+03 1.4938994395583336e+01
138 1.0772307304171811e+03 1.4903970329833781e+01
139 1.0757864254724498e+03 1.4883987723103678e+01
140 1.0732018690391992e+03 1.4848229225588453e+01
141 1.0718161096222343e+03 1.4829056622494653e+01
142 1.0691821292847719e+03 1.4792614323096359e+01
143 1.0678513515704183e+03 1.4774202416519344e+01
144 1.0651713940625107e+03 1.4737124002345622e+01
145 1.0638922397489343e+03 1.4719426328673206e+01
146 1.0611695529638239e+03 1.4681756735783852e+01
147 1.0599388563581499e+03 1.4664729496235191e+01
148 1.0571765012101421e+03 1.4626511073752546e+01
149 1.0559912776356343e+03 1.4610112973986267e+01
150 1.0531921400327926e+03 1.4571385649742817e+01
151 1.0520495743120355e+03 1.4555577740516670e+01
152 1.0492163758017821e+03 1.4516379168341707e+01
153 1.0481138117915223e+03 1.4501124700722416e+01
154 1.0452491196662381e+03 1.4461490400257549e+01
155 1.0441840510120776e+03 1.4446754697707830e+01
156 1.0412902872589625e+03 1.4406718178232309e+01
157 1.0402603481843717e+03 1.4392468509172744e+01
158 1.0373397988397198e+03 1.4352061399024068e+01
159 1.0363427553355125e+03 1.4338266854935537e+01
160 1.0333975781028037e+03 1.4297519006909150e+01
161 1.0324313207363427e+03 1.4284150402844967e+01
162 1.0294635529043478e+03 1.4243090003744806e+01
163 1.0285260887849470e+03 1.4230119767168448e+01
164 1.0255376543608754e+03 1.4188773436497240e+01
165 1.0246271007435439e+03 1.4176175518787282e+01
166 1.0216198166709133e+03 1.4134568394773554e+01
167 1.0207343943746988e+03 1.4122318180163500e+01
168 1.0177099774287524e+03 1.4080474015162773e+01
169 1.0168480047089618e+03 1.4068548235960474e+01
170 1.0138080767373739e+03 1.4026489468962774e+01
171 1.0129679638450044e+03 1.4014866130277722e+01
172 1.0099140573906700e+03 1.3972613964701400e+01
173 1.0090943013405702e+03 1.3961272272059883e+01
174 1.0060278648026077e+03 1.3918846747156401e+01
175 1.0052270441556366e+03 1.3907767034310339e+01
176 1.0021494466797850e+03 1.3865187092825101e+01
177 1.0013662172155931e+03 1.3854350761883031e+01
178 9.9827875258434813e+02 1.3811634303877174e+01
179 9.9751184302704519e+02 1.3801023766166944e+01
180 9.9441573467230182e+02 1.3758187718369483e+01
181 9.9366394213116882e+02 1.3747786331358459e+01
182 9.9056034660982891e+02 1.3704846695252884e+01
183 9.8982253330699871e+02 1.3694638717273943e+01
184 9.8671254400463636e+02 1.3651610620340096e+01
185 9.8598763320220576e+02 1.3641581154241392e+01
186 9.8287228418033590e+02 1.3598478903184143e+01
187 9.8215925727242200e+02 1.3588613856096407e+01
188 9.7903952593269867e+02 1.3545450973706037e+01
189 9.7833741900908694e+02 1.3535737009499105e+01
190 9.7521422962343161e+02 1.3492526283492214e+01
191 9.7452213053175376e+02 1.3482950782128940e+01
192 9.7139635705760850e+02 1.3439704304098740e+01
193 9.7071340264641378e+02 1.3430255323491648e+01
194 9.6758587122230801e+02 1.3386984523435245e+01
195 9.6691124481875170e+02 1.3377650764549225e+01
196 9.6378273646061280e+02 1.3334366448172284e+01
197 9.6311566502273956e+02 1.3325137215625148e+01
198 9.5998691833298892e+02 1.3281849601823460e+01
199 9.5932667049511520e+02 1.3272714776842932e+01
200 9.5619838332441316e+02 1.3229433520693391e+01
201 9.5554426703439913e+02 1.3220383528427709e+01
202 9.5241709909073813e+02 1.3177117757286293e+01
203 9.5176845945144851e+02 1.3168143536939848e+01
204 9.4864303432151792e+02 1.3124901878408101e+01
205 9.4799925168129153e+02 1.3115994856822224e+01
206 9.4487615845595008e+02 1.3072785461236409e+01
207 9.4423664670837309e+02 1.3063937529365976e+01
208 9.4111644193156974e+02 1.3020768096761250e+01
209 9.4048064648311890e+02 1.3011971581556114e+01
210 9.3736385591343878e+02 1.2968849386038327e+01
211 9.3673125252502848e+02 1.2960097034415600e+01
212 9.3361837237641180e+02 1.2917028941327182e+01
213 9.3298846505348081e+02 1.2908313890979636e+01
214 9.2987996415302860e+02 1.2865306386753815e+01
215 9.2925228388300650e+02 1.2856622148682174e+01
216 9.2614860447996045e+02 1.2813681352035571e+01
217 9.2552270815983638e+02 1.2805021795710932e+01
218 9.2242426760254898e+02 1.2762153480845200e+01
219 9.2179973606370459e+02 1.2753512806881714e+01
220 9.1870692806529200e+02 1.2710722420994410e+01
221 9.1808336550764727e+02 1.2702095153320442e+01
222 9.1499656116707274e+02 1.2659387830732172e+01
223 9.1437359359196546e+02 1.2650768794908481e+01
224 9.1129314270470888e+02 1.2608149375196604e+01
225 9.1067041698925664e+02 1.2599533685609721e+01
226 9.0759664896091681e+02 1.2557006726248446e+01
227 9.0697383169899672e+02 1.2548389770075119e+01
228 9.0390705672537194e+02 1.2505959562762449e+01
229 9.0328383340704465e+02 1.2497336988616599e+01
230 9.0022434340343750e+02 1.2455007572131677e+01
231 8.9960041708216511e+02 1.2446375271624762e+01
232 8.9654848648817483e+02 1.2404150442962543e+01
233 8.9592357757058039e+02 1.2395504547794783e+01
234 8.9287946419379000e+02 1.2353387873838811e+01
235 8.9225330891534179e+02 1.2344724734709605e+01
236 8.8921725519013762e+02 1.2302719569648353e+01
237 8.8858960492052233e+02 1.2294035746645797e+01
238 8.8556183822504386e+02 1.2252145236357816e+01
239 8.8493245909436564e+02 1.2243437493786999e+01
240 8.8191319253666791e+02 1.2201664586717815e+01
241 8.8128186447249573e+02 1.2192929879777948e+01
242 8.7827129783255384e+02 1.2151277339973124e+01
243 8.7763781374641258e+02 1.2142512803502266e+01
244 8.7463613381010191e+02 1.2100983215228167e+01
245 8.7400029932630605e+02 1.2092186159951524e+01
246 8.7100768086111475e+02 1.2050781941194739e+01
247 8.7036931317653114e+02 1.2041949837948971e+01
248 8.6738591940298204e+02 1.2000673246938643e+01
249 8.6674484725048535e+02 1.1991803726166252e+01
250 8.6377083001924689e+02 1.1950656863824490e+01
251 8.6312689283100644e+02 1.1941747703997518e+01
252 8.6016239401656946e+02 1.1900732533221536e+01
253 8.5951544118126787e+02 1.1891781650564853e+01
254 8.5656059241355968e+02 1.1850899992513737e+01
255 8.5591048331276875e+02 1.1841905441508318e+01
256 8.5296540675312792e+02 1.1801158986338981e+01
257 8.5231200980646577e+02 1.1792118946511222e+01
258 8.4937681873220197e+02 1.1751509261466051e+01
259 8.4872001123444772e+02 1.1742422035134187e+01
260 8.4579481023407050e+02 1.1701950567242124e+01
261 8.4513447784205005e+02 1.1692814572417051e+01
262 8.4221936322885233e+02 1.1652482654215703e+01
263 8.4155539962062505e+02 1.1643296419885685e+01
264 8.3865046014699431e+02 1.1603105279304142e+01
265 8.3798276641917448e+02 1.1593867437096476e+01
266 8.3508808331826833e+02 1.1553818198031907e+01
267 8.3441656792427079e+02 1.1544527481358527e+01
268 8.3153221536824265e+02 1.1504621170015945e+01
269 8.3085679340976390e+02 1.1495276404270740e+01
270 8.2798283914364299e+02 1.1455513957933011e+01
271 8.2730343237759223e+02 1.1446114060587725e+01
272 8.2443993740001804e+02 1.1406496323198386e+01
273 8.2375647377235623e+02 1.1397040297353071e+01
274 8.2090349337133864e+02 1.1357568033846537e+01
275 8.2021590649482926e+02 1.1348054961003999e+01
276 8.1737349013474534e+02 1.1308728855742112e+01
277 8.1668171944372352e+02 1.1299157897949213e+01
278 8.1384991106395717e+02 1.1259978558853058e+01
279 8.1315390119856102e+02 1.1250348950181277e+01
280 8.1033273951051660e+02 1.1211316912840497e+01
281 8.0963244025447875e+02 1.1201627958525251e+01
282 8.0682195906197103e+02 1.1162743690630785e+01
283 8.0611732501049232e+02 1.1152994762476311e+01
284 8.0331755331968623e+02 1.1114258665341463e+01
285 8.0260854365387775e+02 1.1104449198600125e+01
286 7.9981950615324911e+02 1.1065861613801031e+01
287 7.9910608423089286e+02 1.1055991101511308e+01
288 7.9632780127288618e+02 1.1017552310633166e+01
289 7.9560993485285780e+02 1.1007620306724641e+01
290 7.9284242268565208e+02 1.0969330534568295e+01
291 7.9212008323974328e+02 1.0959336644340411e+01
292 7.8936335448913849e+02 1.0921196065589466e+01
293 7.8863651723987368e+02 1.0911139946234734e+01
294 7.8589058052277335e+02 1.0873148680107917e+01
295 7.8515922454886800e+02 1.0863030042170982e+01
296 7.8242408522135599e+02 1.0825188162772115e+01
297 7.8168819265305149e+02 1.0815006759016850e+01
298 7.7896385265702622e+02 1.0777314293212967e+01
299 7.7822340903314910e+02 1.0767069923562554e+01
300 7.7550986720965795e+02 1.0729526855319028e+01
301 7.7476486104823118e+02 1.0719219360915162e+01
302 7.7206211321004946e+02 1.0681825632299860e+01
303 7.7131253598772685e+02 1.0671454895218224e+01
304 7.6862057518720098e+02 1.0634210410107244e+01
305 7.6786642094203478e+02 1.0623776347861618e+01
306 7.6518523750128554e+02 1.0586680972357158e+01
307 7.6442650311663601e+02 1.0576183541827431e+01
308 7.6175608487703403e+02 1.0539237107709402e+01
309 7.6099276934684349e+02 1.0528676294976316e+01
310 7.5833310178243812e+02 1.0491878601271674e+01
311 7.5756520684456268e+02 1.0481254430379249e+01
312 7.5491627275334895e+02 1.0444605239090539e+01
313 7.5414380217742269e+02 1.0433917762193351e+01
314 7.5150558279942516e+02 1.0397416813767901e+01
315 7.5072854235994305e+02 1.0386666110758679e+01
316 7.4810101621289436e+02 1.0350313107979682e+01
317 7.4731941401702954e+02 1.0339499291024804e+01
318 7.4470255811389552e+02 1.0303293915856333e+01
319 7.4391640374397764e+02 1.0292417117531626e+01
320 7.4131019305219240e+02 1.0256359023636904e+01
321 7.4051949826652992e+02 1.0245419406623839e+01
322 7.3792390604519971e+02 1.0209508224030605e+01
323 7.3712868386952221e+02 1.0198505968545994e+01
324 7.3454368180301776e+02 1.0162741305494821e+01
325 7.3374394726860885e+02 1.0151676619503215e+01
326 7.3116950527666449e+02 1.0116058059820130e+01
327 7.3036527465605946e+02 1.0104931168459355e+01
328 7.2780136136163219e+02 1.0069458278028897e+01
329 7.2699265252847954e+02 1.0058269428588895e+01
330 7.2443923489451197e+02 1.0022941750328558e+01
331 7.2362606703663357e+02 1.0011691208281450e+01
332 7.2108311097139017e+02 9.9765082705167796e+00
333 7.2026550458758845e+02 9.9651963194726942e+00
334 7.1773297436952566e+02 9.9301576279801136e+00
335 7.1691095113176436e+02 9.9187845677803885e+00
336 7.1438881029773438e+02 9.8838896180758926e+00
337 7.1356239292382088e+02 9.8724557630315815e+00
338 7.1105060356942806e+02 9.8377040306908565e+00
339 7.1021981597395484e+02 9.8262097116710745e+00
340 7.0771833938698205e+02 9.7916006610932307e+00
341 7.0688320629436816e+02 9.7800462201714051e+00
342 7.0439200252735031e+02 9.7455792986653460e+00
343 7.0355254992896630e+02 9.7339650954437467e+00
344 7.0107157832376106e+02 9.6996397404858357e+00
345 7.0022783261131519e+02 9.6879661401055834e+00
346 6.9775705161300709e+02 9.6537817767649283e+00
347 6.9690904045648369e+02 9.6420491620526665e+00
348 6.9444840747016963e+02 9.6080052010096750e+00
349 6.9359615906140516e+02 9.5962139620121079e+00
350 6.9114563108602056e+02 9.5623098083277664e+00
351 6.9028917440077373e+02 9.5504603459375090e+00
352 6.8784870736089067e+02 9.5166953898085023e+00
353 6.8698807203405579e+02 9.5047881140376127e+00
354 6.8455762145565359e+02 9.4711617401459165e+00
355 6.8369283784528864e+02 9.4591970710117437e+00
356 6.8127235837666979e+02 9.4257086518962794e+00
357 6.8040345729546289e+02 9.4136870157061825e+00
358 6.7799290332583530e+02 9.3803359203211869e+00
359 6.7711991612036832e+02 9.3682577507691853e+00
360 6.7471924113835246e+02 9.3350433356088587e+00
361 6.7384219985950506e+02 9.3229090761332500e+00
362 6.7145135713618447e+02 9.2898306946820739e+00
363 6.7057029403971228e+02 9.2776407915557044e+00
364 6.6818923610337470e+02 9.2446977870212468e+00
365 6.6730418422698517e+02 9.2324526973356189e+00
366 6.6493286331420882e+02 9.1996444088895153e+00
367 6.6404385568629823e+02 9.1873445896073047e+00
368 6.6168222374600987e+02 9.1546703524414053e+00
369 6.6078929408123179e+02 9.1423162700199665e+00
370 6.5843730240253183e+02 9.1097754101971269e+00
371 6.5754048451986864e+02 9.0973675325372501e+00
372 6.5519808441160239e+02 9.0649593763935066e+00
373 6.5429741253378074e+02 9.0524981769819632e+00
374 6.5196455475745336e+02 9.0202220432806541e+00
375 6.5106006326764839e+02 9.0077079978240970e+00
376 6.4873669848810687e+02 8.9755632039912498e+00
377 6.4782842214741174e+02 8.9629967934249937e+00
378 6.4551450051205393e+02 8.9309826497274987e+00
379 6.4460247421808481e+02 8.9183643568757152e+00
380 6.4229794603212656e+02 8.8864801757639444e+00
381 6.4138220481189887e+02 8.8738104852411031e+00
382 6.3908701979255045e+02 8.8420555710301052e+00
383 6.3816759899548924e+02 8.8293349719113579e+00
384 6.3588170698043552e+02 8.7977086305830046e+00
385 6.3495864190211444e+02 8.7849376111984441e+00
386 6.3268199237023214e+02 8.7534391437703345e+00
387 6.3175531872187844e+02 8.7406181982008064e+00
388 6.2948786104188309e+02 8.7092469041664096e+00
389 6.2855761424998002e+02 8.6963765225531997e+00
390 6.2629929790455685e+02 8.6651317029828085e+00
391 6.2536551373049247e+02 8.6522123801007602e+00
392 6.2311628782985542e+02 8.6210933309113589e+00
393 6.2217900199911423e+02 8.6081255610385750e+00
394 6.1993881576352385e+02 8.5771315796696896e+00
395 6.1899806409470818e+02 8.5641158583725989e+00
396 6.1676686648750160e+02 8.5332462387091095e+00
397 6.1582268482356289e+02 8.5201830618910233e+00
398 6.1360042501111229e+02 8.4894371006268852e+00
399 6.1265284918069722e+02 8.4763269639932002e+00
400 6.1043947597813894e+02 8.4457039529628677e+00
401 6.0948854185840651e+02 8.4325473528901700e+00
402 6.0728400447030367e+02 8.4020465893159919e+00
403 6.0632974771333727e+02 8.3888440190668465e+00
404 6.0413399502058849e+02 8.3584647956931253e+00
405 6.0317645159938934e+02 8.3452167529701402e+00
406 6.0098943263594094e+02 8.3149583646586631e+00
407 6.0002863802608772e+02 8.3016653402823799e+00
408 5.9785030189015436e+02 8.2715270827841163e+00
409 5.9688629199450918e+02 8.2581895734867370e+00
410 5.9471658764014740e+02 8.2281707405581628e+00
411 5.9374939782378920e+02 8.2147892356314163e+00
412 5.9158827463075784e+02 8.1848891269187902e+00
413 5.9061794040960342e+02 8.1714641177413174e+00
414 5.8846534737126592e+02 8.1416820275449435e+00
415 5.8749190419288527e+02 8.1282140045497719e+00
416 5.8534779073280424e+02 8.0985492331219557e+00
417 5.8437127384068708e+02 8.0850386839185759e+00
418 5.8223558916675836e+02 8.0554905285277734e+00
419 5.8125603374205070e+02 8.0419379398631179e+00
420 5.7912872750049951e+02 8.0125057038422689e+00
421 5.7814616845637556e+02 7.9989115587557640e+00
422 5.7602719012682417e+02 7.9695945431327839e+00
423 5.7504166241590553e+02 7.9559593252096263e+00
424 5.7293096180232465e+02 7.9267568354999343e+00
425 5.7194249998242390e+02 7.9130810228629622e+00
426 5.6984002684753784e+02 7.8839923640113163e+00
427 5.6884866568152370e+02 7.8702764376204106e+00
428 5.6675436994535187e+02 7.8413009167478167e+00
429 5.6576014366032177e+02 7.8275453501502215e+00
430 5.6367397543472850e+02 7.7986822770319462e+00
431 5.6267691846896730e+02 7.7848875466967806e+00
432 5.6059882782523391e+02 7.7561362305466064e+00
433 5.5959897411052839e+02 7.7423028059353580e+00
434 5.5752891158009697e+02 7.7136625623335977e+00
435 5.5652629506255130e+02 7.6997909131058462e+00
436 5.5446421094632331e+02 7.6712610544431792e+00
437 5.5345886535638022e+02 7.6573516472747274e+00
438 5.5140471043238006e+02 7.6289314925430443e+00
439 5.5039666927517283e+02 7.6149847909924402e+00
440 5.4835039423475689e+02 7.5866736579845400e+00
441 5.4733969080398367e+02 7.5726901226850298e+00
442 5.4530124683702536e+02 7.5444873360909179e+00
443 5.4428791409992823e+02 7.5304674231590836e+00
444 5.4225725228316708e+02 7.5023723061035081e+00
445 5.4124132322862613e+02 7.4883164719553017e+00
446 5.3921839500090687e+02 7.4603283525728976e+00
447 5.3819990213945175e+02 7.4462370470060799e+00
448 5.3618465897525721e+02 7.4183552539245508e+00
449 5.3516363495332462e+02 7.4042289286172167e+00
450 5.3315602853081532e+02 7.3764527932822403e+00
451 5.3213250538239436e+02 7.3622918914389963e+00
452 5.3013248771679048e+02 7.3346207499596217e+00
453 5.2910649755367081e+02 7.3204257158614814e+00
454 5.2711402066305038e+02 7.2928589043862964e+00
455 5.2608559507534437e+02 7.2786301750966329e+00
456 5.2410061143618736e+02 7.2511670361164215e+00
457 5.2306978199007813e+02 7.2369050483675377e+00
458 5.2109224399007928e+02 7.2095449231447013e+00
459 5.2005904192623257e+02 7.1952501091652206e+00
460 5.1808890236790842e+02 7.1679923447014051e+00
461 5.1705335874381967e+02 7.1536651341857063e+00
462 5.1509057042565917e+02 7.1265090774268351e+00
463 5.1405271604232450e+02 7.1121498965205152e+00
464 5.1209723220919693e+02 7.0850949005883850e+00
465 5.1105709751062255e+02 7.0707041704979243e+00
466 5.0910887144410475e+02 7.0437495890221946e+00
467 5.0806648679514865e+02 7.0293277298590233e+00
468 5.0612547205775269e+02 7.0024729203562197e+00
469 5.0508086742112357e+02 6.9880203466678532e+00
470 5.0314701773862186e+02 6.9612646689132820e+00
471 5.0210022304936285e+02 6.9467817948644681e+00
472 5.0017349229874890e+02 6.9201246107256456e+00
473 4.9912453696361479e+02 6.9056118431720268e+00
474 4.9720487948391263e+02 6.8790525209088713e+00
475 4.9615379280139985e+02 6.8645102652082866e+00
476 4.9424116285697880e+02 6.8380481720478334e+00
477 4.9318797383241571e+02 6.8234768295020114e+00
478 4.9128232618396629e+02 6.7971113395381213e+00
479 4.9022706351131370e+02 6.7825113071408794e+00
480 4.8832835285527426e+02 6.7562417935784582e+00
481 4.8727104513340504e+02 6.7416134670080305e+00
482 4.8537922662518844e+02 6.7154393094021003e+00
483 4.8431990193468988e+02 6.7007830771660073e+00
484 4.8243493077058065e+02 6.6747036556370682e+00
485 4.8137361725477967e+02 6.6600199071108603e+00
486 4.7949544894149102e+02 6.6340346060743336e+00
487 4.7843217406728206e+02 6.6193237212748155e+00
488 4.7656076444623534e+02 6.5934319297769584e+00
489 4.7549555577828147e+02 6.5786942900736074e+00
490 4.7363086062862556e+02 6.5528953962991103e+00
491 4.7256374523999585e+02 6.5381313762599795e+00
492 4.7070572087837530e+02 6.5124247758300271e+00
493 4.6963672571621015e+02 6.4976347482808912e+00
494 4.6778532834159779e+02 6.4720198351886253e+00
495 4.6671448003237043e+02 6.4572041685186843e+00
496 4.6486966644017213e+02 6.4316803450091662e+00
497 4.6379699120433673e+02 6.4168394019901651e+00
498 4.6195871815824751e+02 6.3914060698697233e+00
499 4.6088424215477858e+02 6.3765402124228068e+00
500 4.5905246676184038e+02 6.3511967782481262e+00
501 4.5797621573755180e+02 6.3363063625920129e+00
502 4.5615089517994079e+02 6.3110522339592974e+00
503 4.5507289478221679e+02 6.2961376149370514e+00
504 4.5325398660046920e+02 6.2709722044005742e+00
505 4.5217426198729436e+02 6.2560337300841971e+00
506 4.5036172385017449e+02 6.2309564519723253e+00
507 4.4928030019234996e+02 6.2159944706111405e+00
508 4.4747408998382826e+02 6.1910047422297145e+00
509 4.4639099185392092e+02 6.1760195937962070e+00
510 4.4459106782820368e+02 6.1511168375734471e+00
511 4.4350631979919353e+02 6.1361088620458162e+00
512 4.4171264019152454e+02 6.1112925001475871e+00
513 4.4062626640861754e+02 6.0962620315855878e+00
514 4.3883878989439643e+02 6.0715314922675070e+00
515 4.3775081434665367e+02 6.0564788625705592e+00
516 4.3596949957364467e+02 6.0318335737058986e+00
517 4.3487994591758172e+02 6.0167591101725062e+00
518 4.3310475206468010e+02 5.9921985069829713e+00
519 4.3201364359221816e+02 5.9771025318673097e+00
520 4.3024452981033693e+02 5.9526260491874607e+00
521 4.2915188970302290e+02 5.9375088832166307e+00
522 4.2738881550336765e+02 5.9131159608658352e+00
523 4.2629466656227686e+02 5.8979779195029405e+00
524 4.2453759150016009e+02 5.8736679979108066e+00
525 4.2344195642660776e+02 5.8585093952387259e+00
526 4.2169084042030988e+02 5.8342819198566849e+00
527 4.2059374137987373e+02 5.8191030625461275e+00
528 4.1884854450762657e+02 5.7949574810386100e+00
529 4.1775000370064242e+02 5.7797586762411806e+00
530 4.1601068621666275e+02 5.7556944387074491e+00
531 4.1491072525697922e+02 5.7404759854604368e+00
532 4.1317724778814403e+02 5.7164925471556742e+00
533 4.1207588825637214e+02 5.7012547440365120e+00
534 4.1034821139277835e+02 5.6773515597070325e+00
535 4.0924547452879852e+02 5.6620947005789937e+00
536 4.0752355924131632e+02 5.6382712302392797e+00
537 4.0641946609099972e+02 5.6229956062814308e+00
538 4.0470327336877989e+02 5.5992513101988868e+00
539 4.0359784463671002e+02 5.5839572078684281e+00
540 4.0188733594865312e+02 5.5602915529480095e+00
541 4.0078059203979927e+02 5.5449792545568437e+00
542 3.9907572879852989e+02 5.5213917069249048e+00
543 3.9796768999665744e+02 5.5060614931080227e+00
544 3.9626843397244858e+02 5.4825515238391436e+00
545 3.9515912016083479e+02 5.4672036696906048e+00
546 3.9346543316936743e+02 5.4437707504876043e+00
547 3.9235486417511333e+02 5.4284055303242456e+00
548 3.9066670834788141e+02 5.4050491372593568e+00
549 3.8955490346168347e+02 5.3896668179766145e+00
550 3.8787224110988768e+02 5.3663864296083954e+00
551 3.8675921961499040e+02 5.3509872779986081e+00
552 3.8508201321591093e+02 5.3277823751833981e+00
553 3.8396779388069410e+02 5.3123666509155179e+00
554 3.8229600622982451e+02 5.2892367189122842e+00
555 3.8118060777601193e+02 5.2738046810097572e+00
556 3.7951420163609851e+02 5.2507492046243920e+00
557 3.7839764244560098e+02 5.2353011074091986e+00
558 3.7673658095658067e+02 5.2123195766661974e+00
559 3.7561887921184569e+02 5.1968556717006553e+00
560 3.7396312553050740e+02 5.1739475768576657e+00
561 3.7284429909030786e+02 5.1584681112259068e+00
562 3.7119381681113532e+02 5.1356329485962835e+00
563 3.7007388322530318e+02 5.1201381651081057e+00
564 3.6842863591487952e+02 5.0973754306191843e+00
565 3.6730761260830940e+02 5.0818655703558191e+00
566 3.6566756416454615e+02 5.0591747645190122e+00
567 3.6454546818850923e+02 5.0436500633924455e+00
568 3.6291058250983514e+02 5.0210306867263226e+00
569 3.6178743088605063e+02 5.0054913802396737e+00
570 3.6015767215635390e+02 4.9829429372122638e+00
571 3.5903348138562154e+02 4.9673892536614987e+00
572 3.5740881398409789e+02 4.9449112514429956e+00
573 3.5628360053910143e+02 4.9293434187350833e+00
574 3.5466398896041278e+02 4.9069353660932107e+00
575 3.5353776886659296e+02 4.8913536059473106e+00
576 3.5192317786931255e+02 4.8690150153011222e+00
577 3.5079596711214054e+02 4.8534195488833989e+00
578 3.4918636144314530e+02 4.8311499324901241e+00
579 3.4805817566467204e+02 4.8155409762153676e+00
580 3.4645352041661693e+02 4.7933398511162322e+00
581 3.4532437503481395e+02 4.7777176182989942e+00
582 3.4372463533284400e+02 4.7555845019847354e+00
583 3.4259454549194595e+02 4.7399492021522951e+00
584 3.4099968684166936e+02 4.7178836173775318e+00
585 3.3986866738073172e+02 4.7022354558348773e+00
586 3.3827865522833730e+02 4.6802369245321325e+00
587 3.3714672088804264e+02 4.6645761052232189e+00
588 3.3556152101834681e+02 4.6426441540100809e+00
589 3.3442868614239700e+02 4.6269708753864585e+00
590 3.3284826433951270e+02 4.6051050308707824e+00
591 3.3171454323859012e+02 4.5894194909271597e+00
592 3.3013886555198519e+02 4.5676192833881064e+00
593 3.2900427204094598e+02 4.5519216732592138e+00
594 3.2743330468300968e+02 4.5301866352300335e+00
595 3.2629785255476986e+02 4.5144771457470521e+00
596 3.2473156185203152e+02 4.4928068113401727e+00
597 3.2359526447155758e+02 4.4770856274134081e+00
598 3.2203361696063575e+02 4.4554795336479396e+00
599 3.2089648764780037e+02 4.4397468395638047e+00
600 3.1933944989428807e+02 4.4182045238597301e+00
601 3.1820150162071832e+02 4.4024604990865033e+00
602 3.1664904046809221e+02 4.3809815027084493e+00
603 3.1551028603031330e+02 4.3652263242917968e+00
604 3.1396236836392313e+02 4.3438101890837251e+00
605 3.1282282025284030e+02 4.3280440298409228e+00
606 3.1127941325239112e+02 4.3066903017193310e+00
607 3.1013908376484642e+02 4.2909133317827060e+00
608 3.0860015458916973e+02 4.2696215563752977e+00
609 3.0745905582910956e+02 4.2538339432083765e+00
610 3.0592457186920853e+02 4.2326036693550542e+00
611 3.0478271566474405e+02 4.2168055766050596e+00
612 3.0325264440591752e+02 4.1956363544503494e+00
613 3.0211004241098493e+02 4.1798279433547156e+00
614 3.0058435149680520e+02 4.1587193252329273e+00
615 2.9944101505373385e+02 4.1429007527178694e+00
616 2.9791967231207883e+02 4.1218522935132631e+00
617 2.9677561256687142e+02 4.1060237137887272e+00
618 2.9525858591087092e+02 4.0850349695650614e+00
619 2.9411381378714037e+02 4.0691965337641323e+00
620 2.9260107129475756e+02 4.0482670628657100e+00
621 2.9145559747527301e+02 4.0324189187892898e+00
622 2.8994710732941655e+02 4.0115482810123817e+00
623 2.8880094231103953e+02 3.9956905738892576e+00
624 2.8729667280826226e+02 3.9748783306024515e+00
625 2.8614982682792714e+02 3.9590112020652026e+00
626 2.8464974646042441e+02 3.9382569173438888e+00
627 2.8350222952086540e+02 3.9223805057848296e+00
628 2.8200630683713507e+02 3.9016837444833694e+00
629 2.8085812874014800e+02 3.8857981855147417e+00
630 2.7936633247405342e+02 3.8651585150521099e+00
631 2.7821750279067896e+02 3.8492639410935539e+00
632 2.7672980171831739e+02 3.8286809294730517e+00
633 2.7558032984182188e+02 3.8127774704846207e+00
634 2.7409669290682922e+02 3.7922506880275209e+00
635 2.7294658794431263e+02 3.7763384700100273e+00
636 2.7146698421018039e+02 3.7558674886958587e+00
637 2.7031625510315837e+02 3.7399466353591828e+00
638 2.6884065372424368e+02 3.7195310284246412e+00
639 2.6768930914318173e+02 3.7036016597285619e+00
640 2.6621767944960470e+02 3.6832410028421023e+00
641 2.6506572786720471e+02 3.6673032360102504e+00
642 2.6359803921396167e+02 3.6469971051845018e+00
643 2.6244548892443049e+02 3.6310510549709498e+00
644 2.6098171084330050e+02 3.6107990286644092e+00
645 2.5982856986243735e+02 3.5948448059713338e+00
646 2.5836867193573858e+02 3.5746464633417303e+00
647 2.5721494814058474e+02 3.5586841771515316e+00
648 2.5575890009989158e+02 3.5385390994216199e+00
649 2.5460460106078145e+02 3.5225688544732696e+00
650 2.5315237275101526e+02 3.5024766244340113e+00
651 2.5199750587474793e+02 3.4864985232038967e+00
652 2.5054906722076564e+02 3.4664587247521981e+00
653 2.4939363967491028e+02 3.4504728664068538e+00
654 2.4794896071216183e+02 3.4304850849697242e+00
655 2.4679297949530758e+02 3.4144915663377700e+00
656 2.4535203033361225e+02 3.3945553883711526e+00
657 2.4419550217051156e+02 3.3785543024925548e+00
658 2.4275825307007602e+02 3.3586693165330699e+00
659 2.4160118452545686e+02 3.3426607542337847e+00
660 2.4016760577145658e+02 3.3228265491635063e+00
661 2.3901000314691385e+02 3.3068105976289255e+00
662 2.3758006522262028e+02 3.2870267650706748e+00
663 2.3642193463660621e+02 3.2710035089523295e+00
664 2.3499560798101976e+02 3.2512696399164183e+00
665 2.3383695536143952e+02 3.2352391612295355e+00
666 2.3241421062397444e+02 3.2155548496374453e+00
667 2.3125504164451783e+02 3.1995172268800678e+00
668 2.2983584944920037e+02 3.1798820663020253e+00
669 2.2867616966418629e+02 3.1638373763206467e+00
670 2.2726050079636821e+02 3.1442509625588899e+00
671 2.2610031540724322e+02 3.1281992773178562e+00
672 2.2468814073897335e+02 3.1086612073741162e+00
673 2.2352745487763431e+02 3.0926025978755227e+00
674 2.2211874531365316e+02 3.0731124692038336e+00
675 2.2095756378216618e+02 3.0570470018864180e+00
676 2.1955229038101237e+02 3.0376044140686811e+00
677 2.1839061787076150e+02 3.0215321538398467e+00
678 2.1698875167278968e+02 3.0021367062063784e+00
679 2.1582659261245078e+02 2.9860577143388420e+00
680 2.1442810482487636e+02 2.9667090085285537e+00
681 2.1326546346761322e+02 2.9506233438667433e+00
682 2.1187032529174340e+02 2.9313209814368029e+00
683 2.1070720564746560e+02 2.9152286994596168e+00
684 2.0931538844760036e+02 2.8959722842222697e+00
685 2.0815179435455050e+02 2.8798734380335165e+00
686 2.0676326944781587e+02 2.8606625731483364e+00
687 2.0559920454579805e+02 2.8445572131063370e+00
688 2.0421394342989942e+02 2.8253915042312943e+00
689 2.0304941108810274e+02 2.8092796769502919e+00
690 2.0166738525348424e+02 2.7901587296428927e+00
691 2.0050238874114248e+02 2.7740404803542034e+00
692 1.9912356975980688e+02 2.7549639013003553e+00
693 1.9795811203227495e+02 2.7388392708926390e+00
694 1.9658247157555127e+02 2.7198066681524735e+00
695 1.9541655545264695e+02 2.7036756956391743e+00
696 1.9404406522611083e+02 2.6846866777466385e+00
697 1.9287769333591717e+02 2.6685493994884641e+00
698 1.9150832525597355e+02 2.6496035778944242e+00
699 1.9034150044268381e+02 2.6334600332420641e+00
700 1.8897522750945748e+02 2.6145570343911362e+00
701 1.8780795528150099e+02 2.5984072995561811e+00
702 1.8644475834207068e+02 2.5795468584591088e+00
703 1.8527706406209313e+02 2.5633912843451379e+00
704 1.8391697428861897e+02 2.5445738322827380e+00
705 1.8274900619074916e+02 2.5284144697754107e+00
706 1.8139234607601037e+02 2.5096444685799328e+00
707 1.8022492187740147e+02 2.4934926311628378e+00
708 1.7887350100057353e+02 2.4747951171738323e+00
709 1.7771064023528737e+02 2.4587064169036119e+00
710 1.7637290606483126e+02 2.4401982646362130e+00
711 1.7523193115562503e+02 2.4244123650014071e+00
712 1.7394189866299453e+02 2.4065641868425454e+00
713 1.7288744054530770e+02 2.3919752858241248e+00
714 1.7176261176791107e+02 2.3764127751649924e+00
715 1.7100033067271113e+02 2.3658662743039804e+00
716 1.7038368987015005e+02 2.3573347722162374e+00
717 1.7046154954736014e+02 2.3584119957731446e+00
718 1.7118245450424331e+02 2.3683860392019427e+00
719 1.7329606918116320e+02 2.3976288462849857e+00
720 1.7697318182970429e+02 2.4485033490872676e+00
721 1.8318501404478610e+02 2.5344468340003194e+00
722 1.9222031551619597e+02 2.6594542824963772e+00
723 2.0500909445276804e+02 2.8363927752848794e+00
724 2.2133038988614581e+02 3.0622052182601269e+00
725 2.4098495920398801e+02 3.3341350005133101e+00
726 2.6149492964950809e+02 3.6178996410443296e+00
727 2.7961444570766008e+02 3.8685912729262570e+00
728 2.8993145354089529e+02 4.0113317038269347e+00
729 2.8919292285393402e+02 4.0011138005167686e+00
730 2.7684028456305066e+02 3.8302095091852388e+00
731 2.5804592577550125e+02 3.5701811254522497e+00
732 2.3927389810333841e+02 3.3104617027168959e+00
733 2.2720072195976977e+02 3.1434238955417153e+00
734 2.2485735948841565e+02 3.1110024246729981e+00
735 2.3276040053702204e+02 3.2203445423623740e+00
736 2.4648145366774821e+02 3.4101814667835884e+00
737 2.5856469445689663e+02 3.5773585228447002e+00
738 2.6024233697212583e+02 3.6005694595224540e+00
739 2.5021722409359637e+02 3.4618675262449159e+00
740 2.3497745503549160e+02 3.2510184857728248e+00
741 2.2477896540971682e+02 3.1099178074317972e+00
742 2.2495805692231451e+02 3.1123956188372026e+00
743 2.3489211901395672e+02 3.2498378236387899e+00
744 2.4612620007622425e+02 3.4052663740015716e+00
745 2.4866702612841635e+02 3.4404198420802947e+00
746 2.3914328964197540e+02 3.3086546760716149e+00
747 2.2642790342563885e+02 3.1327316044866946e+00
748 2.2081328693908608e+02 3.0550508670493484e+00
749 2.2648801622251571e+02 3.1335632919941143e+00
750 2.3708693239889610e+02 3.2802040512676571e+00
751 2.4134343708775666e+02 3.3390947028247360e+00
752 2.3346302929078817e+02 3.2300657263235513e+00
753 2.2206205070702939e+02 3.0723280738917400e+00
754 2.1825006920047716e+02 3.0195875999456181e+00
755 2.2526678056037625e+02 3.1166669488428074e+00
756 2.3415178641918743e+02 3.2395949901258834e+00
757 2.3355674929440121e+02 3.2313623846101374e+00
758 2.2322789020903042e+02 3.0884579863204755e+00
759 2.1572056360286450e+02 2.9845907554336093e+00
760 2.1873649434146526e+02 3.0263175099493589e+00
761 2.2783921103548712e+02 3.1522576782882670e+00
762 2.2979596556481005e+02 3.1793302548722107e+00
763 2.2130581276305011e+02 3.0618651827384245e+00
764 2.1321713975230668e+02 2.9499547635906525e+00
765 2.1561186150426127e+02 2.9830868131428563e+00
766 2.2389458152383327e+02 3.0976819596944352e+00
767 2.2537816575413731e+02 3.1182080129585281e+00
768 2.1668758159397564e+02 2.9979698830809931e+00
769 2.1036954827690622e+02 2.9105570582871469e+00
770 2.1427307728220643e+02 2.9645641329406049e+00
771 2.2175006115694535e+02 3.0680115585284344e+00
772 2.1975400321785119e+02 3.0403952016413940e+00
773 2.1091216133141791e+02 2.9180643532766717e+00
774 2.0816624418049045e+02 2.8800733578566322e+00
775 2.1485853400326982e+02 2.9726641892737096e+00
776 2.1880735799715907e+02 3.0272979404106355e+00
777 2.1249541304419785e+02 2.9399693508650642e+00
778 2.0565795191442578e+02 2.8453700093014889e+00
779 2.0880235655317949e+02 2.8888742578507554e+00
780 2.1523449222361592e+02 2.9778657398822088e+00
781 2.1271919328105344e+02 2.9430654508149861e+00
782 2.0467097589531906e+02 2.8317147533849338e+00
783 2.0452582299818312e+02 2.8297064979470616e+00
784 2.1109726592680943e+02 2.9206253583796014e+00
785 2.1144690839230108e+02 2.9254628187161806e+00
786 2.0371755835653687e+02 2.8185237940957850e+00
787 2.0151748077653966e+02 2.7880847339671231e+00
788 2.0744490030917748e+02 2.8700932418498302e+00
789 2.0930222561120712e+02 2.8957901704767908e+00
790 2.0221529242286613e+02 2.7977392710862365e+00
791 1.9914803880786431e+02 2.7553024415554277e+00
792 2.0453374102332955e+02 2.8298160473764651e+00
793 2.0678940181620814e+02 2.8610241261862970e+00
794 2.0008687221302668e+02 2.7682916228144676e+00
795 1.9708162632277364e+02 2.7267126979681255e+00
796 2.0230160909167205e+02 2.7989335009151195e+00
797 2.0409142495639000e+02 2.8236964061966012e+00
798 1.9744099262420892e+02 2.7316846919364552e+00
799 1.9527427121109767e+02 2.7017071293380326e+00
800 2.0058645248959402e+02 2.7752035400194721e+00
801 2.0113790503560276e+02 2.7828331333386700e+00
802 1.9447587329540332e+02 2.6906609360658620e+00
803 1.9386618116190851e+02 2.6822255719313643e+00
804 1.9912921824491579e+02 2.7550420506253746e+00
805 1.9774636983636313e+02 2.7359097226386440e+00
806 1.9151877695245486e+02 2.6497481818031834e+00
807 1.9302883926571212e+02 2.6706405712212522e+00
808 1.9749764928584429e+02 2.7324685622626146e+00
809 1.9382743208805582e+02 2.6816894611143387e+00
810 1.8906495636850687e+02 2.6157984734025206e+00
811 1.9273608972614437e+02 2.6665902500332366e+00
812 1.9509960314165519e+02 2.6992905182527438e+00
813 1.8964585715697655e+02 2.6238354963647010e+00
814 1.8766189945032460e+02 2.5963865516208626e+00
815 1.9249059524196988e+02 2.6631937237320815e+00
816 1.9147549966982461e+02 2.6491494211866651e+00
817 1.8597753774934492e+02 2.5730826519944685e+00
818 1.8752118522394940e+02 2.5944397071838599e+00
819 1.9125910368552417e+02 2.6461554856829315e+00
820 1.8687288076208077e+02 2.5854701241673714e+00
821 1.8385952205803596e+02 2.5437789549033485e+00
822 1.8795278362456824e+02 2.6004110646429397e+00
823 1.8807096737480595e+02 2.6020461898368978e+00
824 1.8260339886104285e+02 2.5263999270590989e+00
825 1.8375403988538318e+02 2.5423195617323655e+00
826 1.8722812235416615e+02 2.5903850509317734e+00
827 1.8326005477617784e+02 2.5354850561774369e+00
828 1.8041173202195279e+02 2.4960772333033900e+00
829 1.8449883380393402e+02 2.5526241196608455e+00
830 1.8385432651896792e+02 2.5437070722899664e+00
831 1.7899595061310214e+02 2.4764892624859693e+00
832 1.8077088144243112e+02 2.5010462266264017e+00
833 1.8342789125703658e+02 2.5378071491704706e+00
834 1.7878967551787082e+02 2.4736353540220688e+00
835 1.7761587325337379e+02 2.4573952732026325e+00
836 1.8142430040841515e+02 2.5100865711013549e+00
837 1.7914833003347402e+02 2.4785975001141516e+00
838 1.7538063992953801e+02 2.4264698175894210e+00
839 1.7865255655546909e+02 2.4717382516747368e+00
840 1.7896051214651177e+02 2.4759989554053377e+00
841 1.7433117028437979e+02 2.4119499343259330e+00
842 1.7555548339050245e+02 2.4288888552950851e+00
843 1.7811079613191779e+02 2.4642427532169831e+00
844 1.7380497447323842e+02 2.4046697792621274e+00
845 1.7295277232846064e+02 2.3928791803475660e+00
846 1.7634168434002234e+02 2.4397662980694794e+00
847 1.7361837352012552e+02 2.4020880713789552e+00
848 1.7079234650832757e+02 2.3629887201017836e+00
849 1.7420285853406364e+02 2.4101746837081377e+00
850 1.7314488368974543e+02 2.3955371271994013e+00
851 1.6932446592295676e+02 2.3426799338089590e+00
852 1.7173563967726469e+02 2.3760396041930023e+00
853 1.7247239790387860e+02 2.3862329847192543e+00
854 1.6813431390242224e+02 2.3262136467813241e+00
855 1.6945412394289923e+02 2.3444738106708818e+00
856 1.7130154095313392e+02 2.3700336536366549e+00
857 1.6730464531844910e+02 2.3147348097875615e+00
858 1.6722740230081178e+02 2.3136661179924363e+00
859 1.6996228612847779e+02 2.3515044624363335e+00
860 1.6642340749926183e+02 2.3025424892940602e+00
861 1.6535885894824801e+02 2.2878139826046597e+00
862 1.6829402631508452e+02 2.3284233396469398e+00
863 1.6564183761329619e+02 2.2917291193611282e+00
864 1.6357642135550805e+02 2.2631531590253982e+00
865 1.6665529782018729e+02 2.3057507958947365e+00
866 1.6465060802880544e+02 2.2780150134596169e+00
867 1.6208749135298811e+02 2.2425531446049383e+00
868 1.6486862365853938e+02 2.2810313574843892e+00
869 1.6368058035867074e+02 2.2645942455529990e+00
870 1.6059411045855441e+02 2.2218915500984759e+00
871 1.6323722591252545e+02 2.2584602379310756e+00
872 1.6248828225222510e+02 2.2480982664641918e+00
873 1.5929449021692898e+02 2.2039107211318387e+00
874 1.6154288028071838e+02 2.2350182061435526e+00
875 1.6133284222660768e+02 2.2321122354557414e+00
876 1.5791387600685442e+02 2.1848093042831667e+00
877 1.6004275074503221e+02 2.2142632411583678e+00
878 1.5999069081046727e+02 2.2135429686130155e+00
879 1.5666492737107893e+02 2.1675295397113969e+00
880 1.5850011888786750e+02 2.1929202374917947e+00
881 1.5871506813434962e+02 2.1958941567289005e+00
882 1.5530103520222409e+02 2.1486594798034022e+00
883 1.5714936442174650e+02 2.1742319435938273e+00
884 1.5728203544085392e+02 2.1760675066506296e+00
885 1.5404669301129101e+02 2.1313050929768349e+00
886 1.5575257001761793e+02 2.1549066665030523e+00
887 1.5592865048132398e+02 2.1573428186964847e+00
888 1.5267704426349204e+02 2.1123553882171273e+00
889 1.5453289826645261e+02 2.1380319607615399e+00
890 1.5442814294404192e+02 2.1365826238896739e+00
891 1.5142260127026393e+02 2.0949996067455952e+00
892 1.5325569143990165e+02 2.1203612314456350e+00
893 1.5300338934489886e+02 2.1168705187952264e+00
894 1.5007509886680160e+02 2.0763563065931709e+00
895 1.5213346126268365e+02 2.1048346735855343e+00
896 1.5143035433151798e+02 2.0951068738255558e+00
897 1.4886723958851303e+02 2.0596450317122033e+00
898 1.5093118518384924e+02 2.0882006447732686e+00
899 1.4992560935630505e+02 2.0742880521643365e+00
900 1.4760286680781462e+02 2.0421518671771732e+00
901 1.4984612523533593e+02 2.0731883536994054e+00
902 1.4827807840623259e+02 2.0514937224965846e+00
903 1.4651143729021450e+02 2.0270514502580257e+00
904 1.4863807189904833e+02 2.0564743939389794e+00
905 1.4670964048521458e+02 2.0297936803617063e+00
906 1.4539955510474437e+02 2.0116680615051816e+00
907 1.4748729445446929e+02 2.0405528718305210e+00
908 1.4503411257801895e+02 2.0066120002345702e+00
909 1.4448076502822832e+02 1.9989561886880762e+00
910 1.4615238077742748e+02 2.0220837423545959e+00
911 1.4348843696861240e+02 1.9852268848905050e+00
912 1.4354621071212208e+02 1.9860262105454445e+00
913 1.4480903271966648e+02 2.0034979194383147e+00
914 1.4191510763654054e+02 1.9634591678897328e+00
915 1.4277345953325249e+02 1.9753348513806757e+00
916 1.4323803333512939e+02 1.9817624383067465e+00
917 1.4056047189528735e+02 1.9447171748094285e+00
918 1.4191836219206590e+02 1.9635041961252047e+00
919 1.4164257367733993e+02 1.9596885383234699e+00
920 1.3927531106786714e+02 1.9269363983238583e+00
921 1.4111185731504730e+02 1.9523458394068660e+00
922 1.3986215059778786e+02 1.9350555864377408e+00
923 1.3828066637799120e+02 1.9131750429075522e+00
924 1.4008226518377529e+02 1.9381009704637329e+00
925 1.3815608594971641e+02 1.9114514168038241e+00
926 1.3738516799974172e+02 1.9007854211830815e+00
927 1.3894962492327494e+02 1.9224303844321453e+00
928 1.3643029185877495e+02 1.8875742814784764e+00
929 1.3673023781345526e+02 1.8917241682974106e+00
930 1.3748424641367086e+02 1.9021562154798195e+00
931 1.3497338052153736e+02 1.8674172596536551e+00
932 1.3603545990622032e+02 1.8821116043193635e+00
933 1.3588660532560201e+02 1.8800521344301819e+00
934 1.3368907178658455e+02 1.8496482722495635e+00
935 1.3535070729868383e+02 1.8726377448593312e+00
936 1.3405859396599720e+02 1.8547607773449659e+00
937 1.3279267664175507e+02 1.8372462433572281e+00
938 1.3435417953746435e+02 1.8588503363063660e+00
939 1.3232506515816888e+02 1.8307766287422058e+00
940 1.3206473157064755e+02 1.8271747967904062e+00
941 1.3312750710932320e+02 1.8418787730588522e+00
942 1.3068293684349129e+02 1.8080570469584067e+00
943 1.3154899559467518e+02 1.8200393582377543e+00
944 1.3149241544929185e+02 1.8192565465482622e+00
945 1.2944969468664610e+02 1.7909945885675262e+00
946 1.3087156304090169e+02 1.8106667750048255e+00
947 1.2974101416370149e+02 1.7950251241992519e+00
948 1.2851177223339965e+02 1.7780180107368360e+00
949 1.2999757170056304e+02 1.7985747127964866e+00
950 1.2792080611933483e+02 1.7698417294804070e+00
951 1.2796161220678258e+02 1.7704063000031605e+00
952 1.2863652358535026e+02 1.7797440016462842e+00
953 1.2643973166972810e+02 1.7493504001579832e+00
954 1.2742232524665442e+02 1.7629450230212984e+00
955 1.2699872973343935e+02 1.7570843890990158e+00
956 1.2529882133609988e+02 1.7335653939552631e+00
957 1.2677557754516215e+02 1.7539969784828771e+00
958 1.2513961739495338e+02 1.7313627360211350e+00
959 1.2465948592379971e+02 1.7247199017624777e+00
960 1.2562954555628026e+02 1.7381411118824865e+00
961 1.2353136033343121e+02 1.7091117782171468e+00
962 1.2416368591051484e+02 1.7178602861955627e+00
963 1.2410776703517134e+02 1.7170866234736735e+00
964 1.2227422543803449e+02 1.6917187530717026e+00
965 1.2363283430290164e+02 1.7105157160992865e+00
966 1.2226322534556679e+02 1.6915665618584974e+00
967 1.2158609720011896e+02 1.6821981902512917e+00
968 1.2259882188251609e+02 1.6962096904736181e+00
969 1.2061847400294164e+02 1.6688106893065269e+00
970 1.2111553317864541e+02 1.6756877259502843e+00
971 1.2112817060155960e+02 1.6758625703646148e+00
972 1.1934837014502924e+02 1.6512382327476585e+00
973 1.2062428295794521e+02 1.6688910588045145e+00
974 1.1929777631042205e+02 1.6505382443528176e+00
975 1.1868899552737781e+02 1.6421154891605754e+00
976 1.1959521798928202e+02 1.6546534833925246e+00
977 1.1768471975373940e+02 1.6282208833805478e+00
978 1.1825473162876645e+02 1.6361072533412024e+00
979 1.1809338156524980e+02 1.6338749028414747e+00
980 1.1650523225051595e+02 1.6119021447333091e+00
981 1.1773487082799990e+02 1.6289147459873994e+00
982 1.1627175662425198e+02 1.6086719047222113e+00
983 1.1595112542502916e+02 1.6042358282669982e+00
984 1.1660418813669720e+02 1.6132712438036974e+00
985 1.1476720412986506e+02 1.5878557461195546e+00
986 1.1554512906090518e+02 1.5986186864662060e+00
987 1.1500798526905326e+02 1.5911870611787293e+00
988 1.1378003135660164e+02 1.5741977680209907e+00
989 1.1490411877195309e+02 1.5897500216037022e+00
990 1.1323118077158942e+02 1.5666041739992476e+00
991 1.1337115141883707e+02 1.5685407306855004e+00
992 1.1357446242641423e+02 1.5713536296672117e+00
993 1.1194255500999158e+02 1.5487754585951892e+00
994 1.1292328286132403e+02 1.5623442683080719e+00
995 1.1188254254224265e+02 1.5479451591862559e+00
996 1.1122601915328433e+02 1.5388618636270146e+00
997 1.1203643858985134e+02 1.5500743800325183e+00
998 1.1026127745705601e+02 1.5255142295403301e+00
999 1.1091790646688526e+02 1.5345989864116953e+00
1000 1.1046280985446343e+02 1.5283025206525760e+00
1001 1.0931071052034471e+02 1.5123627096094239e+00
1002 1.1027517390572160e+02 1.5257064931406470e+00
1003 1.0878448925430666e+02 1.5050822023657053e+00
1004 1.0885948747585103e+02 1.5061198364000170e+00
1005 1.0903476375634071e+02 1.5085448623579474e+00
1006 1.0749465632142744e+02 1.4872367852055119e+00
1007 1.0847935700443743e+02 1.5008605608266032e+00
1008 1.0730337525839707e+02 1.4845903259024433e+00
1009 1.0694014043433646e+02 1.4795648091884288e+00
1010 1.0745349093442074e+02 1.4866672436122021e+00
1011 1.0586961812889231e+02 1.4647536529270531e+00
1012 1.0658452939161803e+02 1.4746447709088077e+00
1013 1.0588749890077852e+02 1.4650010414262313e+00
1014 1.0505676281645805e+02 1.4535074350863531e+00
1015 1.0586018802097824e+02 1.4646231831543388e+00
1016 1.0426777047388832e+02 1.4425913721370800e+00
1017 1.0476413690185022e+02 1.4494588243051079e+00
1018 1.0438549268669586e+02 1.4442201117536768e+00
1019 1.0332813331375054e+02 1.4295910705674439e+00
1020 1.0416156061632644e+02 1.4411219111189886e+00
1021 1.0277119772655377e+02 1.4218856169140797e+00
1022 1.0292598593807877e+02 1.4240271812482899e+00
1023 1.0290964290086782e+02 1.4238010679980702e+00
1024 1.0161856209275841e+02 1.4059383859243526e+00
1025 1.0250653120323865e+02 1.4182238368521043e+00
1026 1.0123540928553335e+02 1.4006372949793671e+00
1027 1.0120112862844836e+02 1.4001630067125590e+00
1028 1.0134790864774612e+02 1.4021937741153596e+00
1029 1.0002457385135209e+02 1.3838848436467168e+00
1030 1.0080163416477536e+02 1.3946358216208290e+00
1031 9.9759222374941558e+01 1.3802135869514418e+00
1032 9.9476337742401128e+01 1.3762997511768944e+00
1033 9.9824910009262496e+01 1.3811224048354036e+00
1034 9.8415943646452448e+01 1.3616287232367339e+00
1035 9.9176274849844617e+01 1.3721482464699926e+00
1036 9.8223443664644208e+01 1.3589653996456472e+00
1037 9.7860258387303418e+01 1.3539405684327248e+00
1038 9.8239885301551411e+01 1.3591928770668902e+00
1039 9.6890005893289327e+01 1.3405166899868945e+00
1040 9.7528407905340359e+01 1.3493492681685715e+00
1041 9.6735239404089299e+01 1.3383754261907934e+00
1042 9.6238252612962228e+01 1.3314993910201216e+00
1043 9.6710481148427661e+01 1.3380328846187974e+00
1044 9.5331235861426748e+01 1.3189504074348577e+00
1045 9.5970266063350081e+01 1.3277916769051823e+00
1046 9.5188996458258146e+01 1.3169824614928243e+00
1047 9.4711811922750087e+01 1.3103803994106245e+00
1048 9.5136346944105256e+01 1.3162540318494267e+00
1049 9.3840100825686022e+01 1.2983198853907560e+00
1050 9.4397115392339018e+01 1.3060264317603221e+00
1051 9.3690569574831599e+01 1.2962510534653484e+00
1052 9.3173529274228301e+01 1.2890975689963937e+00
1053 9.3623850566750576e+01 1.2953279660628099e+00
1054 9.2313655909950000e+01 1.2772008353192408e+00
1055 9.2910319008057400e+01 1.2854559369051894e+00
1056 9.2141117204103708e+01 1.2748136849343970e+00
1057 9.1722434258246963e+01 1.2690210185849700e+00
1058 9.2072298831835482e+01 1.2738615518866925e+00
1059 9.0852976764922033e+01 1.2569916841836499e+00
1060 9.1406571089578819e+01 1.2646509099711039e+00
1061 9.0641934313993403e+01 1.2540718172153564e+00
1062 9.0258967793735309e+01 1.2487733036341149e+00
1063 9.0578291629415673e+01 1.2531912921283215e+00
1064 8.9364770954819107e+01 1.2364016892901042e+00
1065 8.9978991499733823e+01 1.2448997060277422e+00
1066 8.9100021573287833e+01 1.2327387628475437e+00
1067 8.8878864190180551e+01 1.2296789512556685e+00
1068 8.9043009894691210e+01 1.2319499807024883e+00
1069 8.7948837799114926e+01 1.2168116189869014e+00
1070 8.8526218461414786e+01 1.2247999394246263e+00
1071 8.7613387784376570e+01 1.2121705175722894e+00
1072 8.7487401998250292e+01 1.2104274477123351e+00
1073 8.7556548919197695e+01 1.2113841263783811e+00
1074 8.6519279043135427e+01 1.1970330323923459e+00
1075 8.7133272057140161e+01 1.2055279011377891e+00
1076 8.6096880827102623e+01 1.1911889636136084e+00
1077 8.6173592472498257e+01 1.1922503036354313e+00
1078 8.6025737332721519e+01 1.1902046614585762e+00
1079 8.5172481330286359e+01 1.1783994819506343e+00
1080 8.5700576235171368e+01 1.1857059118281912e+00
1081 8.4647842597663015e+01 1.1711408697665278e+00
1082 8.4842859789958382e+01 1.1738390200937581e+00
1083 8.4539241810849063e+01 1.1696383291698211e+00
1084 8.3826050555965580e+01 1.1597710082680457e+00
1085 8.4306484923413919e+01 1.1664180332327991e+00
1086 8.3190352111727520e+01 1.1509758351597030e+00
1087 8.3573292531194284e+01 1.1562739876247896e+00
1088 8.3015117710192996e+01 1.1485513886159016e+00
1089 8.2567973931315194e+01 1.1423649538759795e+00
1090 8.2856668767832389e+01 1.1463591764286187e+00
1091 8.1820954236386697e+01 1.1320296013329787e+00
1092 8.2266946378954657e+01 1.1382001026680062e+00
1093 8.1546624257714257e+01 1.1282341230317472e+00
1094 8.1311947194439867e+01 1.1249872606007252e+00
1095 8.1429643063426013e+01 1.1266156357387369e+00
1096 8.0468966146576463e+01 1.1133242396979490e+00
1097 8.0990634203068851e+01 1.1205417512453346e+00
1098 8.0067206053512493e+01 1.1077657086073833e+00
1099 8.0129738877422284e+01 1.1086308782742673e+00
1100 7.9945952043733485e+01 1.1060881049955558e+00
1101 7.9222558019529984e+01 1.0960796242039497e+00
1102 7.9647425652353959e+01 1.1019578584716103e+00
1103 7.8675596745478131e+01 1.0885121696467632e+00
1104 7.8923822679835538e+01 1.0919464867863469e+00
1105 7.8495621652508149e+01 1.0860221335105911e+00
1106 7.8003665190864893e+01 1.0792156952046013e+00
1107 7.8303958852001472e+01 1.0833703926983158e+00
1108 7.7314701317605625e+01 1.0696835709943988e+00
1109 7.7747289614231477e+01 1.0756686241087379e+00
1110 7.7023223003822523e+01 1.0656508377853018e+00
1111 7.6877545942152636e+01 1.0636353302959967e+00
1112 7.6882019288668559e+01 1.0636972210514921e+00
1113 7.6075408293393380e+01 1.0525373961394759e+00
1114 7.6497516040099470e+01 1.0583774461447930e+00
1115 7.5633022201081630e+01 1.0464167861271789e+00
1116 7.5744809691719979e+01 1.0479634162006408e+00
1117 7.5469239783833700e+01 1.0441507829225858e+00
1118 7.4888089921464740e+01 1.0361103139112908e+00
1119 7.5227332502503032e+01 1.0408038871817571e+00
1120 7.4284065653199647e+01 1.0277533672344761e+00
1121 7.4642320852261619e+01 1.0327099886031039e+00
1122 7.4023562665868923e+01 1.0241491915603320e+00
1123 7.3810376585728932e+01 1.0211996665204091e+00
1124 7.3859725229925900e+01 1.0218824271474145e+00
1125 7.3071348675793757e+01 1.0109748839073773e+00
1126 7.3459405354193308e+01 1.0163438221096146e+00
1127 7.2657952687489029e+01 1.0052553649870624e+00
1128 7.2737386194032240e+01 1.0063543631787089e+00
1129 7.2483060760462010e+01 1.0028356567316834e+00
1130 7.1931277171045139e+01 9.9520148327844993e-01
1131 7.2236062741016326e+01 9.9941832834566491e-01
1132 7.1348451482669674e+01 9.8713782846269027e-01
1133 7.1687027162558053e+01 9.9182217485661972e-01
1134 7.1072824163051905e+01 9.8332440086757888e-01
1135 7.0909079330244182e+01 9.8105891766057385e-01
1136 7.0901190171911111e+01 9.8094976761648078e-01
1137 7.0191409130040725e+01 9.7112962854133766e-01
1138 7.0540665659450923e+01 9.7596174927912460e-01
1139 6.9753435889499286e+01 9.6507007231259656e-01
1140 6.9888140609459498e+01 9.6693377253288082e-01
1141 6.9551967057095226e+01 9.6228266065068313e-01
1142 6.9121157092607575e+01 9.5632221155911834e-01
1143 6.9332282870412158e+01 9.5924323139211554e-01
1144 6.8514722610378769e+01 9.4793191849105307e-01
1145 6.8865558633500328e+01 9.5278589223279320e-01
1146 6.8187612640570535e+01 9.4340620533884212e-01
1147 6.8160632256036266e+01 9.4303291961719315e-01
1148 6.8008669429214962e+01 9.4093044574763951e-01
1149 6.7444391226875027e+01 9.3312340372035774e-01
1150 6.7720929825921260e+01 9.3694943927510166e-01
1151 6.6943311354452888e+01 9.2619073893408277e-01
1152 6.7174575937935558e+01 9.2939038817657349e-01
1153 6.6688123965222999e+01 9.2266010694388967e-01
1154 6.6459316239961126e+01 9.1949444943686787e-01
1155 6.6498450230668183e+01 9.2003588575122186e-01
1156 6.5810730553327829e+01 9.1052097554962186e-01
1157 6.6144042945211908e+01 9.1513250199324858e-01
1158 6.5396483087466706e+01 9.0478967605539740e-01
1159 6.5548092035548038e+01 9.0688725385385693e-01
1160 6.5181313363071652e+01 9.0181270640747391e-01
1161 6.4849061832899906e+01 8.9721585746146970e-01
1162 6.4965657739536056e+01 8.9882901412699878e-01
1163 6.4267750101209216e+01 8.8917314891550470e-01
1164 6.4557854576371241e+01 8.9318687445106604e-01
1165 6.3917612005566447e+01 8.8432883131347773e-01
1166 6.3938572913648535e+01 8.8461883487847148e-01
1167 6.3720021097913495e+01 8.8159507247987667e-01
1168 6.3269722089160197e+01 8.7536498371939941e-01
1169 6.3475520650164569e+01 8.7821229911852827e-01
1170 6.2747301326728014e+01 8.6813705814772268e-01
1171 6.3031077683687755e+01 8.7206323132957986e-01
1172 6.2441430555460038e+01 8.6390519883381711e-01
1173 6.2407060923858182e+01 8.6342967956466010e-01
1174 6.2248864901404026e+01 8.6124096663772631e-01
1175 6.1771801871709442e+01 8.5464058564295542e-01
1176 6.1980582865010120e+01 8.5752916433062565e-01
1177 6.1295511757183434e+01 8.4805089827622049e-01
1178 6.1516081654535085e+01 8.5110258173915920e-01
1179 6.1017688915398729e+01 8.4420709464716348e-01
1180 6.0899767639916199e+01 8.4257560090917183e-01
1181 6.0824288769989238e+01 8.4153131688889959e-01
1182 6.0296453115437522e+01 8.3422847385598631e-01
1183 6.0540524670263011e+01 8.3760531329136589e-01
1184 5.9853966865531142e+01 8.2810647811844351e-01
1185 6.0069761174544801e+01 8.3109208917471278e-01
1186 5.9592773897227595e+01 8.2449275624806051e-01
1187 5.9467877876654505e+01 8.2276476378333130e-01
1188 5.9397547312010332e+01 8.2179170887583597e-01
1189 5.8891162219081707e+01 8.1478564398428244e-01
1190 5.9107892029623002e+01 8.1778419812379077e-01
1191 5.8470543438777888e+01 8.0896619449699270e-01
1192 5.8642420612939674e+01 8.1134419229426213e-01
1193 5.8217311984002876e+01 8.0546262373728572e-01
1194 5.8059178899814803e+01 8.0327478158949317e-01
1195 5.8021135244507164e+01 8.0274843055444245e-01
1196 5.7503679078056074e+01 7.9558919239495374e-01
1197 5.7734365635629317e+01 7.9878084438972330e-01
1198 5.7095293952906417e+01 7.8993900101393100e-01
1199 5.7283171205184395e+01 7.9253836706851555e-01
1200 5.6843892657359753e+01 7.8646075132803672e-01
1201 5.6720740116979911e+01 7.8475688069379113e-01
1202 5.6648501014087181e+01 7.8375742030358286e-01
1203 5.6180852661542446e+01 7.7728729558998211e-01
1204 5.6372420843355926e+01 7.7993772731019728e-01
1205 5.5776042565807423e+01 7.7168656634443278e-01
1206 5.5943357436135713e+01 7.7400144262181780e-01
1207 5.5520834301907904e+01 7.6815564554382232e-01
1208 5.5404392078024294e+01 7.6654461514810657e-01
1209 5.5326893831398493e+01 7.6547239214544704e-01
1210 5.4876663791635949e+01 7.5924325760189182e-01
1211 5.5067251260780807e+01 7.6188012072245381e-01
1212 5.4469001538008960e+01 7.5360306747261763e-01
1213 5.4666764953729668e+01 7.5633921303271179e-01
1214 5.4205013042498813e+01 7.4995066822944245e-01
1215 5.4154174891048804e+01 7.4924729960149672e-01
1216 5.4011937065784295e+01 7.4727937549047430e-01
1217 5.3636573255055708e+01 7.4208604880564633e-01
1218 5.3772586123579266e+01 7.4396784784805359e-01
1219 5.3220727567811188e+01 7.3633263720172615e-01
1220 5.3406570984905976e+01 7.3890386423430721e-01
1221 5.2942397876608908e+01 7.3248182108363780e-01
1222 5.2925076906493778e+01 7.3224217769305255e-01
1223 5.2747147627157304e+01 7.2978044630611694e-01
1224 5.2418861076208231e+01 7.2523845462608605e-01
1225 5.2528977206101679e+01 7.2676196067398025e-01
1226 5.1992219418517770e+01 7.1933567592868741e-01
1227 5.2201799729162907e+01 7.2223531353033910e-01
1228 5.1694469991021577e+01 7.1521617904856249e-01
1229 5.1756968496581806e+01 7.1608087390568731e-01
1230 5.1492062286663540e+01 7.1241577767204989e-01
1231 5.1265824777671355e+01 7.0928568025994831e-01
1232 5.1293022500035491e+01 7.0966197294795696e-01
1233 5.0827947399878958e+01 7.0322745033533796e-01
1234 5.1007379148212038e+01 7.0570996905474981e-01
1235 5.0505928621241068e+01 6.9877217609654063e-01
1236 5.0605949931457872e+01 7.0015601578633957e-01
1237 5.0289063795578876e+01 6.9577175396227597e-01
1238 5.0137238323322109e+01 6.9367118045473075e-01
1239 5.0103198349574313e+01 6.9320022214984744e-01
1240 4.9691842503791698e+01 6.8750892951639886e-01
1241 4.9858436721132811e+01 6.8981383523646889e-01
1242 4.9343066470095216e+01 6.8268345665232977e-01
1243 4.9506348065950995e+01 6.8494253076832712e-01
1244 4.9103766486633802e+01 6.7937263404698367e-01
1245 4.9069581299193928e+01 6.7889966664553725e-01
1246 4.8921777940229774e+01 6.7685474087944952e-01
1247 4.8624064969115999e+01 6.7273574838972738e-01
1248 4.8713231756208977e+01 6.7396941088348639e-01
1249 4.8248968977643081e+01 6.6754612710442762e-01
1250 4.8414464122633213e+01 6.6983582666555064e-01
1251 4.7979486955197288e+01 6.6381772245206472e-01
1252 4.8020945402108282e+01 6.6439131866059764e-01
1253 4.7788930570773339e+01 6.6118128940255916e-01
1254 4.7587604329745282e+01 6.5839585055628980e-01
1255 4.7606581408986024e+01 6.5865840695944899e-01
1256 4.7192132707755313e+01 6.5292432328362537e-01
1257 4.7360367092688136e+01 6.5525192145799760e-01
1258 4.6888027877495460e+01 6.4871689655565157e-01
1259 4.7020085127016024e+01 6.5054396783492319e-01
1260 4.6675727293492109e+01 6.4577962275195411e-01
1261 4.6614181584255356e+01 6.4492811025932595e-01
1262 4.6504833795099103e+01 6.4341523455015770e-01
1263 4.6209851536681555e+01 6.3933402269540507e-01
1264 4.6304156857158013e+01 6.4063877910333100e-01
1265 4.5871767568804188e+01 6.3465647935769742e-01
1266 4.6023280280051154e+01 6.3675272567638808e-01
1267 4.5626106524106980e+01 6.3125764861700251e-01
1268 4.5661513609642959e+01 6.3174752152667135e-01
1269 4.5448338495264018e+01 6.2879814820297097e-01
1270 4.5266205798717621e+01 6.2627826065356096e-01
1271 4.5278526836374354e+01 6.2644872773594507e-01
1272 4.4902970965256500e+01 6.2125274380948614e-01
1273 4.5055445650285073e+01 6.2336229946692312e-01
1274 4.4618269138488166e+01 6.1731376633772250e-01
1275 4.4751212124747234e+01 6.1915309218205417e-01
1276 4.4415670108238544e+01 6.1451071788168365e-01
1277 4.4386057941495551e+01 6.1410102027273339e-01
1278 4.4255969482855697e+01 6.1230118809836598e-01
1279 4.4014627818583982e+01 6.0896211792324628e-01
1280 4.4079390495750332e+01 6.0985813861009963e-01
1281 4.3693987090440082e+01 6.0452590963113573e-01
1282 4.3838501427658706e+01 6.0652533030613620e-01
1283 4.3453253763288259e+01 6.0119525607292967e-01
1284 4.3524061407234441e+01 6.0217491158655456e-01
1285 4.3280107030567649e+01 5.9879969336355887e-01
1286 4.3168664181236501e+01 5.9725783155716550e-01
1287 4.3128785610291494e+01 5.9670609364124994e-01
1288 4.2826869553914435e+01 5.9252894958168389e-01
1289 4.2944783175083224e+01 5.9416033741881169e-01
1290 4.2545175641857092e+01 5.8863158795909865e-01
1291 4.2693947595407060e+01 5.9068991466572851e-01
1292 4.2338848772410401e+01 5.8577696317570604e-01
1293 4.2380219088974023e+01 5.8634934006135364e-01
1294 4.2185875839678054e+01 5.8366051403780628e-01
1295 4.2041928713328801e+01 5.8166894097959687e-01
1296 4.2039268955622362e+01 5.8163214203873670e-01
1297 4.1729894658977415e+01 5.7735180987979084e-01
1298 4.1851513141626810e+01 5.7903445613725879e-01
1299 4.1480963526852904e+01 5.7390773601279410e-01
1300 4.1599146129448684e+01 5.7554284532861155e-01
1301 4.1300738523407951e+01 5.7141424225310755e-01
1302 4.1294234584284595e+01 5.7132425733809866e-01
1303 4.1162312874104586e+01 5.6949906130639771e-01
1304 4.0976555519265425e+01 5.6692902498372511e-01
1305 4.1020378355012490e+01 5.6753533357231367e-01
1306 4.0692009133062605e+01 5.6299219810190582e-01
1307 4.0834045862747423e+01 5.6495733996538500e-01
1308 4.0469881614310992e+01 5.5991896424825260e-01
1309 4.0587305072119428e+01 5.6154357045543501e-01
1310 4.0309883679337723e+01 5.5770532105339798e-01
1311 4.0296297664886794e+01 5.5751735244968115e-01
1312 4.0183555614147302e+01 5.5595751560906737e-01
1313 3.9999780272024765e+01 5.5341490132132920e-01
1314 4.0048535791627828e+01 5.5408945580354141e-01
1315 3.9739002139609717e+01 5.4980691889153155e-01
1316 3.9869240712387921e+01 5.5160882796233435e-01
1317 3.9538132005220930e+01 5.4702779048519579e-01
1318 3.9634094803320352e+01 5.4835547883947033e-01
1319 3.9394076492835659e+01 5.4503471785756319e-01
1320 3.9360397334825265e+01 5.4456875160024498e-01
1321 3.9279003069509827e+01 5.4344262543151778e-01
1322 3.9084618410936599e+01 5.4075322649204616e-01
1323 3.9153803031594762e+01 5.4171042675050030e-01
1324 3.8844162849552738e+01 5.3742641594782714e-01
1325 3.8986598119822261e+01 5.3939707179905472e-01
1326 3.8660266031810551e+01 5.3488212099040511e-01
1327 3.8767683455226333e+01 5.3636828922371949e-01
1328 3.8529391918116339e+01 5.3307141892596777e-01
1329 3.8513401487130849e+01 5.3285018414103291e-01
1330 3.8425775485340047e+01 5.3163783910302398e-01
1331 3.8257297840518021e+01 5.2930687531897436e-01
1332 3.8313491911363975e+01 5.3008434549407446e-01
1333 3.8033870452725509e+01 5.2621565719410501e-01
1334 3.8162940097200213e+01 5.2800139361752485e-01
1335 3.7863256226958732e+01 5.2385513285435570e-01
1336 3.7964308847000844e+01 5.2525324117816519e-01
1337 3.7743276968128711e+01 5.2219516599367621e-01
1338 3.7731464846170638e+01 5.2203173998824903e-01
1339 3.7651255193088261e+01 5.2092200346110495e-01
1340 3.7494601564110759e+01 5.1875463023973645e-01
1341 3.7554351186720652e+01 5.1958129306827616e-01
1342 3.7285982916029738e+01 5.1586829767099751e-01
1343 3.7424170310776432e+01 5.1778018225905054e-01
1344 3.7125960426123783e+01 5.1365431474763545e-01
1345 3.7249307418513901e+01 5.1536087571266154e-01
1346 3.7015054934984590e+01 5.1211988753285109e-01
1347 3.7039936509776261e+01 5.1246413528032386e-01
1348 3.6934536303821247e+01 5.1100587615536974e-01
1349 3.6822422746828060e+01 5.0945473480763681e-01
1350 3.6854773368862887e+01 5.0990232017383963e-01
1351 3.6627120783011641e+01 5.0675264453868307e-01
1352 3.6748016540143169e+01 5.0842529156444449e-01
1353 3.6475447545725892e+01 5.0465417727024453e-01
1354 3.6600315396089414e+01 5.0638177998748901e-01
1355 3.6371609184079517e+01 5.0321752696184052e-01
1356 3.6417192445634107e+01 5.0384819183108676e-01
1357 3.6301625395558212e+01 5.0224926985754592e-01
1358 3.6220529624663691e+01 5.0112727349301689e-01
1359 3.6239506890002467e+01 5.0138983247092594e-01
1360 3.6038577277075746e+01 4.9860988115233973e-01
1361 3.6158139629966321e+01 5.0026407993235056e-01
1362 3.5894076016992720e+01 4.9661064140537581e-01
1363 3.6040586658063241e+01 4.9863768183957724e-01
1364 3.5795510606178027e+01 4.9524694473682535e-01
1365 3.5886957078231703e+01 4.9651214769453167e-01
1366 3.5734416678052412e+01 4.9440168283850899e-01
1367 3.5713789528278468e+01 4.9411629696941034e-01
1368 3.5689219800253078e+01 4.9377636376182288e-01
1369 3.5546541977791392e+01 4.9180235209222378e-01
1370 3.5634033631575605e+01 4.9301283836530196e-01
1371 3.5408971276065898e+01 4.8989899972872675e-01
1372 3.5549124808945940e+01 4.9183808671973434e-01
1373 3.5314003411067027e+01 4.8858507672015949e-01
1374 3.5428804990018044e+01 4.9017340805734794e-01
1375 3.5259317381982093e+01 4.8782847097923099e-01
1376 3.5283341060779890e+01 4.8816084935083309e-01
1377 3.5228755920672171e+01 4.8740563945415644e-01
1378 3.5134218325427483e+01 4.8609766942062888e-01
1379 3.5198803943915500e+01 4.8699124042125064e-01
1380 3.5005207839304518e+01 4.8431275147953984e-01
1381 3.5147800089370890e+01 4.8628557921666760e-01
1382 3.4913224075614352e+01 4.8304011485104914e-01
1383 3.5064395334166548e+01 4.8513163701855455e-01
1384 3.4862385456129317e+01 4.8233673974762886e-01
1385 3.4951786966476085e+01 4.8357364974288547e-01
1386 3.4843002873831487e+01 4.8206857302779299e-01
1387 3.4825993605853071e+01 4.8183324217607809e-01
1388 3.4835510697854325e+01 4.8196491541265396e-01
1389 3.4709176813730771e+01 4.8021702946077349e-01
1390 3.4817916812697305e+01 4.8172149612005244e-01
1391 3.4621085382363830e+01 4.7899824499581767e-01
1392 3.4774140705403802e+01 4.8111583404057823e-01
1393 3.4572010315680267e+01 4.7831926943641900e-01
1394 3.4700040324743192e+01 4.8009062203760522e-01
1395 3.4559523506302092e+01 4.7814650882791448e-01
1396 3.4604680768227858e+01 4.7877127980122075e-01
1397 3.4569748270386235e+01 4.7828797302517206e-01
1398 3.4506460415949995e+01 4.7741235717229785e-01
1399 3.4582562427634542e+01 4.7846526263828643e-01
1400 3.4425963216718124e+01 4.7629864231520130e-01
1401 3.4578985162251328e+01 4.7841576956718485e-01
1402 3.4378527026370428e+01 4.7564234134500100e-01
1403 3.4548137504229132e+01 4.7798897838222709e-01
1404 3.4369150109770580e+01 4.7551260749797702e-01
1405 3.4491109725313031e+01 4.7719997348203014e-01
1406 3.4391161444453118e+01 4.7581714418613996e-01
1407 3.4420231959472915e+01 4.7621934780055064e-01
1408 3.4428823003051143e+01 4.7633820874182980e-01
1409 3.4354220380832039e+01 4.7530604800162263e-01
1410 3.4462956735988804e+01 4.7681046424715906e-01
1411 3.4311335482964843e+01 4.7471271620429900e-01
1412 3.4477759966197766e+01 4.7701527357685075e-01
1413 3.4303171352820470e+01 4.7459976180186242e-01
1414 3.4466406093245311e+01 4.7685818765195653e-01
1415 3.4331055622563490e+01 4.7498555318079760e-01
1416 3.4433313148656332e+01 4.7640033192026016e-01
1417 3.4385946885637964e+01 4.7574499842602586e-01
1418 3.4392265083459073e+01 4.7583241352680689e-01
1419 3.4451683544098636e+01 4.7665449458094972e-01
1420 3.4361299327546853e+01 4.7540398840456971e-01
1421 3.4510547967834874e+01 4.7746891028603078e-01
1422 3.4356456010077764e+01 4.7533697893499277e-01
1423 3.4549358966770598e+01 4.7800587786435561e-01
1424 3.4386595365917948e+01 4.7575397044156481e-01
1425 3.4563958276586376e+01 4.7820786586394243e-01
1426 3.4450771855494878e+01 4.7664188096019350e-01
1427 3.4560393484347522e+01 4.7815854536438768e-01
1428 3.4538661695936007e+01 4.7785787632427035e-01
1429 3.4552283140183050e+01 4.7804633511510786e-01
1430 3.4633553294280304e+01 4.7917074414946337e-01
1431 3.4555091010366922e+01 4.7808518325852672e-01
1432 3.4716335406112080e+01 4.8031607179724034e-01
1433 3.4578417746515335e+01 4.7840791911597219e-01
1434 3.4767649359134786e+01 4.8102602335335748e-01
1435 3.4616513355596190e+01 4.7893498895477832e-01
1436 3.4764204553315537e+01 4.8097836291973595e-01
1437 3.4635592060431129e+01 4.7919895139361579e-01
1438 3.4665272190013965e+01 4.7960958929893893e-01
1439 3.4556289748405007e+01 4.7810176833695828e-01
1440 3.4389146605433012e+01 4.7578926798457316e-01
1441 3.4235175629792288e+01 4.7365901047537995e-01
1442 3.3791464923515235e+01 4.6752007383473870e-01
1443 3.3465894848253427e+01 4.6301566581427256e-01
1444 3.2679664085134874e+01 4.5213781055536856e-01
1445 3.2042508551799955e+01 4.4332247796581697e-01
1446 3.0911446252101552e+01 4.2767372372969320e-01
1447 2.9915138699113651e+01 4.1388936185638275e-01
1448 2.8575041523070087e+01 3.9534851634679319e-01
1449 2.7368862328548538e+01 3.7866048617831660e-01
1450 2.6120167122539126e+01 3.6138422792103253e-01
1451 2.5043732201815445e+01 3.4649126797525598e-01
1452 2.4263141729054791e+01 3.3569144866331502e-01
1453 2.3697148598267294e+01 3.2786067983175771e-01
1454 2.3667317718314987e+01 3.2744795622745632e-01
1455 2.3822850038423820e+01 3.2959981563768176e-01
1456 2.4532566808321217e+01 3.3941906548125045e-01
1457 2.5224353550156355e+01 3.4899024534435213e-01
1458 2.6152037569426689e+01 3.6182516984869811e-01
1459 2.6668986105987816e+01 3.6897738472096997e-01
1460 2.6908450613019333e+01 3.7229048358370281e-01
1461 2.6559073914683328e+01 3.6745670025492744e-01
1462 2.5825771621021971e+01 3.5731113411117715e-01
1463 2.4981783259031019e+01 3.4563417656563183e-01
1464 2.4163097381133756e+01 3.3430729023654493e-01
1465 2.3871136157969527e+01 3.3026787575955863e-01
1466 2.3849596930201194e+01 3.2996987088230967e-01
1467 2.4457746787437515e+01 3.3838389693300785e-01
1468 2.5001203806019884e+01 3.4590286854399671e-01
1469 2.5616857292891741e+01 3.5442071067633485e-01
1470 2.5572161704548787e+01 3.5380232716412308e-01
1471 2.5186331642412188e+01 3.4846419519659666e-01
1472 2.4386224035904711e+01 3.3739434758517206e-01
1473 2.3712809026957423e+01 3.2807734888691897e-01
1474 2.3429187827863071e+01 3.2415332238372307e-01
1475 2.3568634124841452e+01 3.2608262444881186e-01
1476 2.4172551408451945e+01 3.3443809094494387e-01
1477 2.4589987740114204e+01 3.4021350982784149e-01
1478 2.4820593974602549e+01 3.4340405051670386e-01
1479 2.4306247769407292e+01 3.3628784006611273e-01
1480 2.3717368314612070e+01 3.2814042867661614e-01
1481 2.3052744519181182e+01 3.1894506036051978e-01
1482 2.2994726919348270e+01 3.1814236084397052e-01
1483 2.3280871185684028e+01 3.2210129511413249e-01
1484 2.3812903928798917e+01 3.2946220674985377e-01
1485 2.4066555857174581e+01 3.3297159495042244e-01
1486 2.3759773019185808e+01 3.2872711678434174e-01
1487 2.3191353821817607e+01 3.2086278223346726e-01
1488 2.2565551824784443e+01 3.1220453091109646e-01
1489 2.2554514755926796e+01 3.1205182811295129e-01
1490 2.2792420339775497e+01 3.1534335857421991e-01
1491 2.3348156936353089e+01 3.2303222365457979e-01
1492 2.3337309027767038e+01 3.2288213797363691e-01
1493 2.3017618697192695e+01 3.1845907885818675e-01
1494 2.2336152637770127e+01 3.0903069026543900e-01
1495 2.2049276992775525e+01 3.0506163704348377e-01
1496 2.2182151610213694e+01 3.0690001697451263e-01
1497 2.2603659142940991e+01 3.1273176275021675e-01
1498 2.2855801672932174e+01 3.1622026774711975e-01
1499 2.2518077203731089e+01 3.1154769823484590e-01
1500 2.2017531004216480e+01 3.0462241705261700e-01
1501 2.1556190169840590e+01 2.9823955968201804e-01
1502 2.1755003011791398e+01 3.0099022452470892e-01
1503 2.2053031717629761e+01 3.0511358534596356e-01
1504 2.2339956066432855e+01 3.0908331240695458e-01
1505 2.1958410001847049e+01 3.0380445146706153e-01
1506 2.1475313582634989e+01 2.9712059582213662e-01
1507 2.1143525072911814e+01 2.9253015297171875e-01
1508 2.1341428190902398e+01 2.9526823137537789e-01
1509 2.1716539250678380e+01 3.0045806113740914e-01
1510 2.1732284921276964e+01 3.0067590955260776e-01
1511 2.1371568357843959e+01 2.9568523410390135e-01
1512 2.0820375057546009e+01 2.8805922756539276e-01
1513 2.0816725653199651e+01 2.8800873641937924e-01
1514 2.1029264263614689e+01 2.9094930342524539e-01
1515 2.1371644204927200e+01 2.9568628348231796e-01
1516 2.1066243654505691e+01 2.9146092988473321e-01
1517 2.0653008426767027e+01 2.8574363515895612e-01
1518 2.0320901439439254e+01 2.8114878602803062e-01
1519 2.0554417592526335e+01 2.8437958674590369e-01
1520 2.0834654033162096e+01 2.8825678359764606e-01
1521 2.0773390648587306e+01 2.8740917719334841e-01
1522 2.0342698586698948e+01 2.8145035933712820e-01
1523 1.9960037200157064e+01 2.7615606741771309e-01
1524 2.0115680277764628e+01 2.7830945920761202e-01
1525 2.0349931074894041e+01 2.8155042405532354e-01
1526 2.0433851512510131e+01 2.8271150095090419e-01
1527 1.9938952675677083e+01 2.7586435356440836e-01
1528 1.9664807981689968e+01 2.7207143875990497e-01
1529 1.9656128692326849e+01 2.7195135689861061e-01
1530 2.0013823070373185e+01 2.7690021905693984e-01
1531 1.9962579602649839e+01 2.7619124269655437e-01
1532 1.9596947157228229e+01 2.7113255381559587e-01
1533 1.9256201163385615e+01 2.6641818015465013e-01
1534 1.9337693776609484e+01 2.6754566701080290e-01
1535 1.9639949634831982e+01 2.7172751238131321e-01
1536 1.9531763343909663e+01 2.7023070652118281e-01
1537 1.9188424709638813e+01 2.6548046251702528e-01
1538 1.8853852485286563e+01 2.6085150572612376e-01
1539 1.9090677307798710e+01 2.6412808336954308e-01
1540 1.9229734510656659e+01 2.6605200214295383e-01
1541 1.9149504725810448e+01 2.6494198708382732e-01
1542 1.8668560674185844e+01 2.5828791040988469e-01
1543 1.8589821783867130e+01 2.5719852254526293e-01
1544 1.8766836246955357e+01 2.5964759703907786e-01
1545 1.8916776296000680e+01 2.6172208487081650e-01
1546 1.8619861638205716e+01 2.5761413740393058e-01
1547 1.8260448334245414e+01 2.5264149313458506e-01
1548 1.8312319257017105e+01 2.5335915061699926e-01
1549 1.8504756815881684e+01 2.5602161055866152e-01
1550 1.8513007979445103e+01 2.5613576910748809e-01
1551 1.8072422570993545e+01 2.5004007236406461e-01
1552 1.7947500101655031e+01 2.4831171396880256e-01
1553 1.8048291446306607e+01 2.4970620743039307e-01
1554 1.8258823422983692e+01 2.5261901175845136e-01
1555 1.7942114502494828e+01 2.4823720178879730e-01
1556 1.7663509175132514e+01 2.4438257212080272e-01
1557 1.7648854352497299e+01 2.4417981607645961e-01
1558 1.7884852674780451e+01 2.4744495871849739e-01
1559 1.7795017569925374e+01 2.4620204974873652e-01
1560 1.7426509466224172e+01 2.4110357484564957e-01
1561 1.7325333998359906e+01 2.3970376686711919e-01
1562 1.7472814682850633e+01 2.4174422828713654e-01
1563 1.7586029533519440e+01 2.4331060652683920e-01
1564 1.7215762585990785e+01 2.3818779723049832e-01
1565 1.7045449840338279e+01 2.3583144400335407e-01
1566 1.7092096368802565e+01 2.3647681964720729e-01
1567 1.7304719291941133e+01 2.3941855315742058e-01
1568 1.7021056320832411e+01 2.3549394871966969e-01
1569 1.6774577359041256e+01 2.3208380172911647e-01
1570 1.6767837157122408e+01 2.3199054801236008e-01
1571 1.6973550717521313e+01 2.3483668738998664e-01
1572 1.6827610801799047e+01 2.3281754319696799e-01
1573 1.6502919466117170e+01 2.2832529293273471e-01
1574 1.6484778734685168e+01 2.2807430777663973e-01
1575 1.6633527349607668e+01 2.3013231158289046e-01
1576 1.6613532493192867e+01 2.2985567377602056e-01
1577 1.6241330373640459e+01 2.2470609050674079e-01
1578 1.6211664368151141e+01 2.2429564801458662e-01
1579 1.6320712223367579e+01 2.2580437400316697e-01
1580 1.6362722859024753e+01 2.2638560999067869e-01
1581 1.6000355637694319e+01 2.2137209694958529e-01
1582 1.5928074730797986e+01 2.2037205818223671e-01
1583 1.6048023347518043e+01 2.2203160109558082e-01
1584 1.6078531611522358e+01 2.2245369661207146e-01
1585 1.5774543396101040e+01 2.1824788330269448e-01
1586 1.5637196409701819e+01 2.1634762614108036e-01
1587 1.5803206448142165e+01 2.1864444948403428e-01
1588 1.5782777772307726e+01 2.1836180959091098e-01
1589 1.5543758938891679e+01 2.1505487682254790e-01
1590 1.5358326312296210e+01 2.1248933326077843e-01
1591 1.5562470437672127e+01 2.1531375880091713e-01
1592 1.5499842253044779e+01 2.1444726977573320e-01
1593 1.5288310954912502e+01 2.1152063938711280e-01
1594 1.5108575853416445e+01 2.0903392364062692e-01
1595 1.5309577977700902e+01 2.1181487818637121e-01
1596 1.5239414078849006e+01 2.1084412917486728e-01
1597 1.5004740607618352e+01 2.0759731644138144e-01
1598 1.4889469192302586e+01 2.0600248470734914e-01
1599 1.5046470750933379e+01 2.0817467169152920e-01
1600 1.4990867876558275e+01 2.0740538098477496e-01
1601 1.4709212291548315e+01 2.0350854963408119e-01
1602 1.4687131442887113e+01 2.0320305118884405e-01
1603 1.4787942453366522e+01 2.0459781673598346e-01
1604 1.4732243877606019e+01 2.0382720195763687e-01
1605 1.4426553477328095e+01 1.9959783815728116e-01
1606 1.4483869701448427e+01 2.0039083382625608e-01
1607 1.4546109112308249e+01 2.0125194399198806e-01
1608 1.4447104875050659e+01 1.9988217596277161e-01
1609 1.4174917059213243e+01 1.9611633544519552e-01
1610 1.4271207810321975e+01 1.9744856117645199e-01
1611 1.4317831313888012e+01 1.9809361826051047e-01
1612 1.4137526838272276e+01 1.9559902496769524e-01
1613 1.3957325528180332e+01 1.9310585901617489e-01
1614 1.4053493696443288e+01 1.9443638875877747e-01
1615 1.4084372035893756e+01 1.9486360443505701e-01
1616 1.3824419208002414e+01 1.9126704046352186e-01
1617 1.3763855671161748e+01 1.9042911676653124e-01
1618 1.3839234849586303e+01 1.9147202151015263e-01
1619 1.3823643749799167e+01 1.9125631165146065e-01
1620 1.3536167553147740e+01 1.8727894952796548e-01
1621 1.3580318177900184e+01 1.8788979322446789e-01
1622 1.3628370691401503e+01 1.8855462130194045e-01
1623 1.3527424400624421e+01 1.8715798409120496e-01
1624 1.3294140746502684e+01 1.8393040010080108e-01
1625 1.3395429310340806e+01 1.8533177281285712e-01
1626 1.3407356135087349e+01 1.8549678578281090e-01
1627 1.3211925184004821e+01 1.8279291091717539e-01
1628 1.3102766678481135e+01 1.8128265403196384e-01
1629 1.3200927086863240e+01 1.8264074731020211e-01
1630 1.3157856303282625e+01 1.8204484370065729e-01
1631 1.2913259072034933e+01 1.7866073129619284e-01
1632 1.2946786367589773e+01 1.7912459646832304e-01
1633 1.2987479865655953e+01 1.7968760926648245e-01
1634 1.2874348140146479e+01 1.7812238110064363e-01
1635 1.2668726019380646e+01 1.7527750683135440e-01
1636 1.2795216636973139e+01 1.7702756126107791e-01
1637 1.2745646067964188e+01 1.7634173020475791e-01
1638 1.2577177843534932e+01 1.7401089675606762e-01
1639 1.2493370224467430e+01 1.7285138075570963e-01
1640 1.2611752574679194e+01 1.7448925366938786e-01
1641 1.2476098571312930e+01 1.7261241968739499e-01
1642 1.2307096530541743e+01 1.7027420065017940e-01
1643 1.2364281025438462e+01 1.7106537378626060e-01
1644 1.2371979156651298e+01 1.7117188088446308e-01
1645 1.2199777458499925e+01 1.6878939315223779e-01
1646 1.2098972968621410e+01 1.6739471782053647e-01
1647 1.2225095286137487e+01 1.6913967665350768e-01
1648 1.2083176331083131e+01 1.6717616425486678e-01
1649 1.1952628966402370e+01 1.6536998290958846e-01
1650 1.1950293147423007e+01 1.6533766580631495e-01
1651 1.2018436373069447e+01 1.6628045789768092e-01
1652 1.1790839142421706e+01 1.6313154812659353e-01
1653 1.1760525226761262e+01 1.6271214150661215e-01
1654 1.1811343570066249e+01 1.6341523607998690e-01
1655 1.1733342797522278e+01 1.6233606040584952e-01
1656 1.1554368180889988e+01 1.5985986630855711e-01
1657 1.1609879047271161e+01 1.6062788404344661e-01
1658 1.1618404312953730e+01 1.6074583491803571e-01
1659 1.1426347359387806e+01 1.5808864082139473e-01
1660 1.1399243792722581e+01 1.5771365081971259e-01
1661 1.1445010841267129e+01 1.5834685846439966e-01
1662 1.1355251097245880e+01 1.5710499214557669e-01
1663 1.1181681756029825e+01 1.5470358245811719e-01
1664 1.1282562595739442e+01 1.5609931412397729e-01
1665 1.1215272060722542e+01 1.5516831938993167e-01
1666 1.1079271638438382e+01 1.5328669254682906e-01
1667 1.1033593436101746e+01 1.5265471412927900e-01
1668 1.1116075610072752e+01 1.5379589200221988e-01
1669 1.0939589863112182e+01 1.5135413253317817e-01
1670 1.0867032971801109e+01 1.5035027539766327e-01
1671 1.0922548292213005e+01 1.5111835475606561e-01
1672 1.0853888736265811e+01 1.5016841900339706e-01
1673 1.0701617802450409e+01 1.4806168233538355e-01
1674 1.0726182901394285e+01 1.4840155149755199e-01
1675 1.0747222489523253e+01 1.4869264363628498e-01
1676 1.0559362635384929e+01 1.4609351829276626e-01
1677 1.0554970745034980e+01 1.4603275451986297e-01
1678 1.0575207595170360e+01 1.4631274041839948e-01
1679 1.0485211137848221e+01 1.4506759906488476e-01
1680 1.0343899004118434e+01 1.4311248231144919e-01
1681 1.0443452923244266e+01 1.4448985543586373e-01
1682 1.0343097821895087e+01 1.4310139759603180e-01
1683 1.0229813548528528e+01 1.4153405886216730e-01
1684 1.0228639907341632e+01 1.4151782100992874e-01
1685 1.0253768195384039e+01 1.4186548214588474e-01
1686 1.0081016941717907e+01 1.3947539106661844e-01
1687 1.0064955416732792e+01 1.3925317266431075e-01
1688 1.0105548199898562e+01 1.3981479202664898e-01
1689 9.9739052313000602e+00 1.3799345250975320e-01
1690 9.9003559529939906e+00 1.3697586525504329e-01
1691 9.9400285324295208e+00 1.3752475318603105e-01
1692 9.8823926160091382e+00 1.3672733443069210e-01
1693 9.7290184777049138e+00 1.3460533443375111e-01
1694 9.7998284507896418e+00 1.3558502217205246e-01
1695 9.7394007543003536e+00 1.3474897788725215e-01
1696 9.6283905548700428e+00 1.3321310198629494e-01
1697 9.5985485638110521e+00 1.3280022465484884e-01
1698 9.6467962560416769e+00 1.3346775311758560e-01
1699 9.4793852717568132e+00 1.3115154706050108e-01
1700 9.4623932824776382e+00 1.3091645526734028e-01
1701 9.4860598525340922e+00 1.3124389287933055e-01
1702 9.3864852043826517e+00 1.2986623295954905e-01
1703 9.2961959566989005e+00 1.2861704072005500e-01
1704 9.3460982355563562e+00 1.2930746113091218e-01
1705 9.2750466368734141e+00 1.2832443039408226e-01
1706 9.1495411305066536e+00 1.2658800542002258e-01
1707 9.2047746612059029e+00 1.2735218609135820e-01
1708 9.1448631126803690e+00 1.2652328294514628e-01
1709 9.0406918893843446e+00 1.2508202734651963e-01
1710 9.0254276693441753e+00 1.2487084001574360e-01
1711 9.0538176827094290e+00 1.2526362858453560e-01
1712 8.8894029775318000e+00 1.2298887739283243e-01
1713 8.9050928851159288e+00 1.2320595430171445e-01
1714 8.8973479379641010e+00 1.2309879948399749e-01
1715 8.8028611960730991e+00 1.2179153302942763e-01
1716 8.7328211421388886e+00 1.2082249746790855e-01
1717 8.7888978742914272e+00 1.2159834420955488e-01
1718 8.6718090856191061e+00 1.1997836829998106e-01
1719 8.6068508095872538e+00 1.1907964141509081e-01
1720 8.6450851871488599e+00 1.1960863117807051e-01
1721 8.5632285705013693e+00 1.1847610817128411e-01
1722 8.4766398306174828e+00 1.1727811411700444e-01
1723 8.4996289194163630e+00 1.1759617847192284e-01
1724 8.4635164294580729e+00 1.1709654597567355e-01
1725 8.3326176034229853e+00 1.1528550200491579e-01
1726 8.3832282023514804e+00 1.1598572234166138e-01
1727 8.3253306671546099e+00 1.1518468397320480e-01
1728 8.2366040127950590e+00 1.1395711091322716e-01
1729 8.2201282784822780e+00 1.1372916173908429e-01
1730 8.2358434692840916e+00 1.1394658845262337e-01
1731 8.0932725102168419e+00 1.1197405528601817e-01
1732 8.1098755776749218e+00 1.1220376617133948e-01
1733 8.0965264235774264e+00 1.1201907463685234e-01
1734 7.9959016610922609e+00 1.1062688591425186e-01
1735 7.9656133022743623e+00 1.1020783288465021e-01
1736 7.9858951209156155e+00 1.1048844094263538e-01
1737 7.8789765610854161e+00 1.0900917471078482e-01
1738 7.8367296007871925e+00 1.0842466906586458e-01
1739 7.8714034555862540e+00 1.0890439739940928e-01
1740 7.7572185014660766e+00 1.0732459734333263e-01
1741 7.7266749937495263e+00 1.0690201421427520e-01
1742 7.7327211362992028e+00 1.0698566530834994e-01
1743 7.6674840118146532e+00 1.0608308043004364e-01
1744 7.5817260763320400e+00 1.0489658092729952e-01
1745 7.6375921036896308e+00 1.0566951247359950e-01
1746 7.5319110569600438e+00 1.0420736779056251e-01
1747 7.4876776104432672e+00 1.0359537821780215e-01
1748 7.4945094925721909e+00 1.0368990037138663e-01
1749 7.4438386258079454e+00 1.0298884620210128e-01
1750 7.3521065894732773e+00 1.0171969233448215e-01
1751 7.3925181320640680e+00 1.0227880415217297e-01
1752 7.3217714570659345e+00 1.0129999217129100e-01
1753 7.2458377621826902e+00 1.0024941544374420e-01
1754 7.2722378271010273e+00 1.0061467218321377e-01
1755 7.2119783337784211e+00 9.9780955064669316e-02
1756 7.1381757314094898e+00 9.8759862957925298e-02
1757 7.1485013864482170e+00 9.8902723026792524e-02
1758 7.1153093305459354e+00 9.8443496045621831e-02
1759 7.0118668388815211e+00 9.7012322775979348e-02
1760 7.0537084827494123e+00 9.7591220686287769e-02
1761 6.9865706592102175e+00 9.6662338784032478e-02
1762 6.9238768064448744e+00 9.5794941210705004e-02
1763 6.9204137344666954e+00 9.5747028056581682e-02
1764 6.9001946300880990e+00 9.5467287678549853e-02
1765 6.7954180453956816e+00 9.4017656633478983e-02
1766 6.8298349504080917e+00 9.4493829951474678e-02
1767 6.7758984789961998e+00 9.3747594677154711e-02
1768 6.7026183488659603e+00 9.2733731208179515e-02
1769 6.7113949443754235e+00 9.2855159343653640e-02
1770 6.6763572968915952e+00 9.2370397775141833e-02
1771 6.5938548346623014e+00 9.1228939205047543e-02
1772 6.6048068401723388e+00 9.1380465113624770e-02
1773 6.5743712108163574e+00 9.0959374530072912e-02
1774 6.4819563032451804e+00 8.9680772832605782e-02
1775 6.5116134739977216e+00 9.0091093092213970e-02
1776 6.4550825961449760e+00 8.9308963041105527e-02
1777 6.3954126968555016e+00 8.8483403220462373e-02
1778 6.3904092396680552e+00 8.8414178146053832e-02
1779 6.3701151901408934e+00 8.8133400868276160e-02
1780 6.2735902162055881e+00 8.6797934559157186e-02
1781 6.3095236319958765e+00 8.7295089483971328e-02
1782 6.2464832597514048e+00 8.6422897658224376e-02
1783 6.1917143750778996e+00 8.5665145573064413e-02
1784 6.1929096174140037e+00 8.5681682286891131e-02
1785 6.1579633379654135e+00 8.5198184836128510e-02
1786 6.0810790651344586e+00 8.4134456436308694e-02
1787 6.1032117118319400e+00 8.4440671530610925e-02
1788 6.0498791772985454e+00 8.3702791993891135e-02
1789 5.9860118149144856e+00 8.2819158388629854e-02
1790 6.0069387544365149e+00 8.3108691983359156e-02
1791 5.9441913436354126e+00 8.2240553410584352e-02
1792 5.8975864919213929e+00 8.1595754383264510e-02
1793 5.9004470725991229e+00 8.1635331800008343e-02
1794 5.8560069569333306e+00 8.1020482866873231e-02
1795 5.7890027590111508e+00 8.0093449734964961e-02
1796 5.8211146987578903e+00 8.0537732824655012e-02
1797 5.7392995507744402e+00 7.9405783555435719e-02
1798 5.7140544259268893e+00 7.9056505929875273e-02
1799 5.7088565854570019e+00 7.8984591475566676e-02
1800 5.6574242001746375e+00 7.8273001356016267e-02
1801 5.6078687700458234e+00 7.7587379752893260e-02
1802 5.6286166028036693e+00 7.7874435325204619e-02
1803 5.5479981363405377e+00 7.6759042681571160e-02
1804 5.5285112246305212e+00 7.6489432517522368e-02
1805 5.5275156720137026e+00 7.6475658600529572e-02
1806 5.4563879691462667e+00 7.5491574928171878e-02
1807 5.4399375543814159e+00 7.5263976061331311e-02
1808 5.4321437211238504e+00 7.5156144882414386e-02
1809 5.3665093389345548e+00 7.4248063765579367e-02
1810 5.3469845693042144e+00 7.3977929820222332e-02
1811 5.3478319872408697e+00 7.3989654227471641e-02
1812 5.2628105624702446e+00 7.2813344680777908e-02
1813 5.2757375004379288e+00 7.2992194665730856e-02
1814 5.2394026881110474e+00 7.2489486239792997e-02
1815 5.1883928062334572e+00 7.1783741644354734e-02
1816 5.1758474930382166e+00 7.1610171609300194e-02
1817 5.1619419863368803e+00 7.1417782686995904e-02
1818 5.0853787761406481e+00 7.0358496332734957e-02
1819 5.1072145861315041e+00 7.0660604558059698e-02
1820 5.0553274720058639e+00 6.9942723061001258e-02
1821 5.0121212204806991e+00 6.9344945191681648e-02
1822 5.0141650609736805e+00 6.9373222641633814e-02
1823 4.9704989343669848e+00 6.8769082194291661e-02
1824 4.9247278086268498e+00 6.8135818139774873e-02
1825 4.9331169403940383e+00 6.8251885540584006e-02
1826 4.8790914215178107e+00 6.7504418254654142e-02
1827 4.8424964885156898e+00 6.6998110942501396e-02
1828 4.8534394467822617e+00 6.7149511678407284e-02
1829 4.7828288518378663e+00 6.6172582426105298e-02
1830 4.7736743996383719e+00 6.6045926473843039e-02
1831 4.7574920723499261e+00 6.5822036717484850e-02
1832 4.7076429732943490e+00 6.5132352073039607e-02
1833 4.6845762554738970e+00 6.4813213685788504e-02
1834 4.6847764885167358e+00 6.4815983999747487e-02
1835 4.6098349600052888e+00 6.3779134338974780e-02
1836 4.6227961824991866e+00 6.3958458665725665e-02
1837 4.5848177361423375e+00 6.3433009825757600e-02
1838 4.5410261915604577e+00 6.2827134164474552e-02
1839 4.5366362688094810e+00 6.2766397614185565e-02
1840 4.5072611038838506e+00 6.2359979031681875e-02
1841 4.4560734628020411e+00 6.1651775057922215e-02
1842 4.4661705702819079e+00 6.1791473068801270e-02
1843 4.4174837429721689e+00 6.1117868975277989e-02
1844 4.3832067612012446e+00 6.0643631558088572e-02
1845 4.3895034479115100e+00 6.0730749043002609e-02
1846 4.3302262101787781e+00 5.9910621871119014e-02
1847 4.3166088013635040e+00 5.9722218912290070e-02
1848 4.3035324129195791e+00 5.9541301212964727e-02
1849 4.2569060903158205e+00 5.8896205126254916e-02
1850 4.2369152008702606e+00 5.8619622204183777e-02
1851 4.2337155910208493e+00 5.8575354166783652e-02
1852 4.1670280528449570e+00 5.7652702164497902e-02
1853 4.1799527257965750e+00 5.7831520811937633e-02
1854 4.1394281787116949e+00 5.7270845526384742e-02
1855 4.1051109725525139e+00 5.6796051586741794e-02
1856 4.0981282684571454e+00 5.6699442743602800e-02
1857 4.0687852882059223e+00 5.6293469450505444e-02
1858 4.0248711753021045e+00 5.5685898001512336e-02
1859 4.0351937145509318e+00 5.5828714962028757e-02
1860 3.9812090424840250e+00 5.5081812810027032e-02
1861 3.9633526327411488e+00 5.4834761372029049e-02
1862 3.9574056403156814e+00 5.4752482064394939e-02
1863 3.9057185001019512e+00 5.4037367296102860e-02
1864 3.8982607177678803e+00 5.3934185532442711e-02
1865 3.8795841545179743e+00 5.3675786902808310e-02
1866 3.8356037886122878e+00 5.3067298813817630e-02
1867 3.8285122160083249e+00 5.2969183726031016e-02
1868 3.8087006097126226e+00 5.2695081266752729e-02
1869 3.7586835885252459e+00 5.2003073344295263e-02
1870 3.7716699630505910e+00 5.2182745660682761e-02
1871 3.7217848119643708e+00 5.1492562220223012e-02
1872 3.7039343556442446e+00 5.1245593150499084e-02
1873 3.6930053083679732e+00 5.1094384879383559e-02
1874 3.6569689000416621e+00 5.0595805006637892e-02
1875 3.6318663924557097e+00 5.0248500554860354e-02
1876 3.6317974573275151e+00 5.0247546806442035e-02
1877 3.5764503080438246e+00 4.9481794171028874e-02
1878 3.5790898253218688e+00 4.9518313076483619e-02
1879 3.5520008424508061e+00 4.9143524848135049e-02
1880 3.5147624554505783e+00 4.8628315061307555e-02
1881 3.5138527527136647e+00 4.8615728915909824e-02
1882 3.4807855948707656e+00 4.8158229955411698e-02
1883 3.4516023229283253e+00 4.7754466298400952e-02
1884 3.4493604929049480e+00 4.7723449574490741e-02
1885 3.4108919915946241e+00 4.7191220604435084e-02
1886 3.3890236775003943e+00 4.6888662670260976e-02
1887 3.3876595702010115e+00 4.6869789633925629e-02
1888 3.3360290378683048e+00 4.6155458061058065e-02
1889 3.3391569969398351e+00 4.6198734777808399e-02
1890 3.3101654249332011e+00 4.5797623375393455e-02
1891 3.2809771970816333e+00 4.5393791151157034e-02
1892 3.2719692464404337e+00 4.5269162113664711e-02
1893 3.2494321535434794e+00 4.4957351324784935e-02
1894 3.2127270009635982e+00 4.4449519075336653e-02
1895 3.2204843243494894e+00 4.4556845123803056e-02
1896 3.1723406851951292e+00 4.3890756282047742e-02
1897 3.1652318156360169e+00 4.3792401883128364e-02
1898 3.1494590349761666e+00 4.3574178388072343e-02
1899 3.1137709317858584e+00 4.3080417473109943e-02
1900 3.1061630543123275e+00 4.2975159075872613e-02
1901 3.0868079620936735e+00 4.2707372693612328e-02
1902 3.0518309780457993e+00 4.2223450430946559e-02
1903 3.0517294103963724e+00 4.2222045196960198e-02
1904 3.0203214144269772e+00 4.1787501485172365e-02
1905 2.9955237549143758e+00 4.1444414743224328e-02
1906 2.9958570908407838e+00 4.1449026595278653e-02
1907 2.9521766146405581e+00 4.0844687614873726e-02
1908 2.9486612157424217e+00 4.0796050494342394e-02
1909 2.9279615206918956e+00 4.0509660928803197e-02
1910 2.8990938077693280e+00 4.0110263172371305e-02
1911 2.8897312520057423e+00 3.9980728013958348e-02
1912 2.8717343672514568e+00 3.9731733041169712e-02
1913 2.8369238604801490e+00 3.9250114066295937e-02
1914 2.8434083570897895e+00 3.9339829985406936e-02
1915 2.8012529012663769e+00 3.8756590345938570e-02
1916 2.7938983178722121e+00 3.8654836385900254e-02
1917 2.7787571022372322e+00 3.8445350876241645e-02
1918 2.7483731185562146e+00 3.8024974833767745e-02
1919 2.7396030408726144e+00 3.7903636875337904e-02
1920 2.7227299013218267e+00 3.7670189421477485e-02
1921 2.6911244154770975e+00 3.7232913348683498e-02
1922 2.6914961110051587e+00 3.7238055923032275e-02
1923 2.6606578899294693e+00 3.6811395302462219e-02
1924 2.6423195426698349e+00 3.6557676042754568e-02
1925 2.6383114733031063e+00 3.6502222605310851e-02
1926 2.6010288274475761e+00 3.5986400477368646e-02
1927 2.5986062040673068e+00 3.5952882396273880e-02
1928 2.5771105810627604e+00 3.5655480810490137e-02
1929 2.5530733923897566e+00 3.5322915523704895e-02
1930 2.5455733329023853e+00 3.5219148836666103e-02
1931 2.5248244003602189e+00 3.4932078048345375e-02
1932 2.4990982767906331e+00 3.4576145589721351e-02
1933 2.5014022312271851e+00 3.4608021832752738e-02
1934 2.4620935351437003e+00 3.4064168391154552e-02
1935 2.4612654798973908e+00 3.4052711875411007e-02
1936 2.4402341174899238e+00 3.3761733543224474e-02
1937 2.4174547604482259e+00 3.3446570921238490e-02
1938 2.4101416205696933e+00 3.3345390350827765e-02
1939 2.3898550713575606e+00 3.3064716843272654e-02
1940 2.3669454718299514e+00 3.2747752258075920e-02
1941 2.3657671813024788e+00 3.2731450080125075e-02
1942 2.3329947070247927e+00 3.2278028198927243e-02
1943 2.3264654982104522e+00 3.2187693666409278e-02
1944 2.3124296109063307e+00 3.1993500869985342e-02
1945 2.2845119831582896e+00 3.1607247968088441e-02
1946 2.2838755686540897e+00 3.1598442887969348e-02
1947 2.2576917962107368e+00 3.1236178651905717e-02
1948 2.2430228267325600e+00 3.1033226879644899e-02
1949 2.2345639747377457e+00 3.0916194868214678e-02
1950 2.2101161638087889e+00 3.0577948438340320e-02
1951 2.1979574388477086e+00 3.0409727024903320e-02
1952 2.1895251122870767e+00 3.0293062004752569e-02
1953 2.1585071286111170e+00 2.9863914287978154e-02
1954 2.1621112591591261e+00 2.9913779050684625e-02
1955 2.1328488979337323e+00 2.9508921157969992e-02
1956 2.1227924581816375e+00 2.9369785803345511e-02
1957 2.1118376392300591e+00 2.9218220969542640e-02
1958 2.0896176447944743e+00 2.8910797380105328e-02
1959 2.0789700604580776e+00 2.8763483275008640e-02
1960 2.0684048445695962e+00 2.8617308774333900e-02
1961 2.0419482355733050e+00 2.8251269722183919e-02
1962 2.0425553234678540e+00 2.8259669055504512e-02
1963 2.0168483388887006e+00 2.7904001393397604e-02
1964 2.0052436839150731e+00 2.7743445786756190e-02
1965 1.9976791470158979e+00 2.7638787025804783e-02
1966 1.9718877639638108e+00 2.7281951672969262e-02
1967 1.9683737982059768e+00 2.7233334380576825e-02
1968 1.9504142439924603e+00 2.6984855892563740e-02
1969 1.9329978514061601e+00 2.6743892289289604e-02
1970 1.9272459663453791e+00 2.6664312379558200e-02
1971 1.9071159715419637e+00 2.6385804872467656e-02
1972 1.8932787313324742e+00 2.6194360447697906e-02
1973 1.8886188486233908e+00 2.6129888880302325e-02
1974 1.8605299748222948e+00 2.5741266712451753e-02
1975 1.8623253349694766e+00 2.5766106325367921e-02
1976 1.8391234409230890e+00 2.5445097714399879e-02
1977 1.8281879240209669e+00 2.5293799933108860e-02
1978 1.8192234675628087e+00 2.5169772657147531e-02
1979 1.8006366523673216e+00 2.4912615732101063e-02
1980 1.7896038918368644e+00 2.4759972541594961e-02
1981 1.7818543997142486e+00 2.4652754842168566e-02
1982 1.7579729912917015e+00 2.4322344845021118e-02
1983 1.7585547851355425e+00 2.4330394223804928e-02
1984 1.7361020935878646e+00 2.4019751165449261e-02
1985 1.7264417489196235e+00 2.3886095963971975e-02
1986 1.7187311741381459e+00 2.3779416703415972e-02
1987 1.6975476314618125e+00 2.3486332888951664e-02
1988 1.6935315900140013e+00 2.3430769154190418e-02
1989 1.6781412026840288e+00 2.3217836242369633e-02
1990 1.6631641062690452e+00 2.3010621395732712e-02
1991 1.6581961954664164e+00 2.2941888121501886e-02
1992 1.6397602599369530e+00 2.2686818684309499e-02
1993 1.6297040572095536e+00 2.2547686609027996e-02
1994 1.6232084233186677e+00 2.2457816600635519e-02
1995 1.6007055132497292e+00 2.2146478746513501e-02
1996 1.6018815521198344e+00 2.2162749771774719e-02
1997 1.5804857827451628e+00 2.1866729705748034e-02
1998 1.5732465077400093e+00 2.1766571088991406e-02
1999 1.5636474121136636e+00 2.1633763295481015e-02
2000 1.5478208531576068e+00 2.1414795753575588e-02
