# step 3
# iter abs_residual rel_residual
0 7.2278104865845847e+01 1.0000000000000000e+00
1 1.1546600861375250e+03 1.5975240195916451e+01
2 1.1527745212176253e+03 1.5949152559509832e+01
3 1.1585072720811627e+03 1.6028467739040035e+01
4 1.2484330970662120e+03 1.7272631862490130e+01
5 1.4402468346342885e+03 1.9926460956710280e+01
6 1.2677694538270855e+03 1.7540159031288532e+01
7 1.4124522130195264e+03 1.9541909899839720e+01
8 1.3004236603879019e+03 1.7991944625576391e+01
9 1.3783981910462614e+03 1.9070757231455953e+01
10 1.3232324643114423e+03 1.8307514658380590e+01
11 1.3547601259469693e+03 1.8743713998333469e+01
12 1.3364428175032492e+03 1.8490285820080615e+01
13 1.3388396176551100e+03 1.8523446625227756e+01
14 1.3429152194674330e+03 1.8579834404346862e+01
15 1.3277325809237807e+03 1.8369775790167193e+01
16 1.3450051727492180e+03 1.8608749845415275e+01
17 1.3195692023759443e+03 1.8256831786405773e+01
18 1.3443069584351638e+03 1.8599089737207539e+01
19 1.3132163294694876e+03 1.8168936940266018e+01
20 1.3418458874595983e+03 1.8565039716386803e+01
21 1.3079856800740645e+03 1.8096568559756712e+01
22 1.3382737217510237e+03 1.8515617201571217e+01
23 1.3034526903343433e+03 1.8033852613508053e+01
24 1.3340055733955185e+03 1.8456565454663529e+01
25 1.2993510853109242e+03 1.7977105068300109e+01
26 1.3293075319970615e+03 1.8391565944684999e+01
27 1.2955114809383770e+03 1.7923982419613154e+01
28 1.3243513570123521e+03 1.8322995040758997e+01
29 1.2918249965159901e+03 1.7872978254116159e+01
30 1.3192485335199140e+03 1.8252395188951738e+01
31 1.2882212246136635e+03 1.7823118453433565e+01
32 1.3140716232934446e+03 1.8180770313948745e+01
33 1.2846546044810889e+03 1.7773772664149320e+01
34 1.3088677968925101e+03 1.8108773041599211e+01
35 1.2810958289428384e+03 1.7724535408346114e+01
36 1.3036675101295564e+03 1.8036824741728790e+01
37 1.2775263299656003e+03 1.7675149788954691e+01
38 1.2984901357300653e+03 1.7965193444683845e+01
39 1.2739346838618333e+03 1.7625457754134004e+01
40 1.2933476589210211e+03 1.7894044971455486e+01
41 1.2703142383685499e+03 1.7575367266841852e+01
42 1.2882471280013779e+03 1.7823476838421140e+01
43 1.2666615286055794e+03 1.7524830388906960e+01
44 1.2831922934634586e+03 1.7753540935324324e+01
45 1.2629752087396141e+03 1.7473828500121865e+01
46 1.2781847130486626e+03 1.7684258814215998e+01
47 1.2592553284046655e+03 1.7422362287195380e+01
48 1.2732245007414917e+03 1.7615632052122866e+01
49 1.2555028382781356e+03 1.7370444903175766e+01
50 1.2683108376857754e+03 1.7547649319802524e+01
51 1.2517192522230534e+03 1.7318097293037056e+01
52 1.2634423194689464e+03 1.7480291186577180e+01
53 1.2479064168624898e+03 1.7265345005637702e+01
54 1.2586171941785140e+03 1.7413533413951733e+01
55 1.2440663539088976e+03 1.7212216012276301e+01
56 1.2538335239659630e+03 1.7347349190922781e+01
57 1.2402011533674204e+03 1.7158739229111450e+01
58 1.2490892942246815e+03 1.7281710644504233e+01
59 1.2363129023455401e+03 1.7104943532211301e+01
60 1.2443824862356130e+03 1.7216589844812479e+01
61 1.2324036388435879e+03 1.7050857118224545e+01
62 1.2397111252412403e+03 1.7151959470191517e+01
63 1.2284753213143129e+03 1.6996507083223403e+01
64 1.2350733099346839e+03 1.7087793215207874e+01
65 1.2245298121543080e+03 1.6941919194300084e+01
66 1.2304672309103619e+03 1.7024066045923743e+01
67 1.2205688672034330e+03 1.6887117744286599e+01
68 1.2258911806676037e+03 1.6960754338301474e+01
69 1.2165941326641369e+03 1.6832125509132212e+01
70 1.2213435565442826e+03 1.6897835918791692e+01
71 1.2126071450133884e+03 1.6776963746684942e+01
72 1.2168228618977687e+03 1.6835290080672326e+01
73 1.2086093333596061e+03 1.6721652229300773e+01
74 1.2123277032837702e+03 1.6773097545016583e+01
75 1.2046020237667294e+03 1.6666209303669078e+01
76 1.2078567863334517e+03 1.6711240403651065e+01
77 1.2005864443564349e+03 1.6610651961404120e+01
78 1.2034089109100948e+03 1.6649702052145965e+01
79 1.1965637310967027e+03 1.6554995919132413e+01
80 1.1989829658859480e+03 1.6588467117550465e+01
81 1.1925349333544632e+03 1.6499255695316126e+01
82 1.1945779226431400e+03 1.6527521368474943e+01
83 1.1885010204049765e+03 1.6443444700313226e+01
84 1.1901928302487936e+03 1.6466851648336522e+01
85 1.1844628864412039e+03 1.6387575305684415e+01
86 1.1858268092571079e+03 1.6406445789608082e+01
87 1.1804213570168745e+03 1.6331658933335820e+01
88 1.1814790463301572e+03 1.6346292539394611e+01
89 1.1763771933523135e+03 1.6275706115092074e+01
90 1.1771487897181626e+03 1.6286381496900731e+01
91 1.1723310979354439e+03 1.6219726570188683e+01
92 1.1728353439170569e+03 1.6226703039515723e+01
93 1.1682837191229823e+03 1.6163729268931633e+01
94 1.1685380650382695e+03 1.6167248258752398e+01
95 1.1642356550318675e+03 1.6107722486537043e+01
96 1.1642563576319462e+03 1.6108008916294949e+01
97 1.1601874578349443e+03 1.6051713862563890e+01
98 1.1599896696502901e+03 1.6048977374314489e+01
99 1.1561396376451082e+03 1.5995710454652889e+01
100 1.1557374897054171e+03 1.5990146557530274e+01
101 1.1520926651050349e+03 1.5939718774356555e+01
102 1.1514993435987649e+03 1.5931509905192494e+01
103 1.1480469756784453e+03 1.5883744846510789e+01
104 1.1472747910265605e+03 1.5873061325500959e+01
105 1.1440029715528337e+03 1.5827794235559967e+01
106 1.1430634233289438e+03 1.5814795164463211e+01
107 1.1399610245722879e+03 1.5771872086133831e+01
108 1.1388648605586384e+03 1.5756706165338258e+01
109 1.1359214789444359e+03 1.5715983160499301e+01
110 1.1346787494226144e+03 1.5698789440158567e+01
111 1.1318846530402971e+03 1.5660131863462231e+01
112 1.1305047609336882e+03 1.5641040437238894e+01
113 1.1278508414169685e+03 1.5604322270352178e+01
114 1.1263425889435819e+03 1.5583454920880493e+01
115 1.1238203171284053e+03 1.5548558158993087e+01
116 1.1221919476107639e+03 1.5526028936337569e+01
117 1.1197933329737982e+03 1.5492843026975146e+01
118 1.1180525705924181e+03 1.5468758798637793e+01
119 1.1157701230423327e+03 1.5437180113027237e+01
120 1.1139242088677190e+03 1.5411641062466353e+01
121 1.1117509047697138e+03 1.5381572425469866e+01
122 1.1098066298867384e+03 1.5354672510390685e+01
123 1.1077358792263078e+03 1.5326022746201735e+01
124 1.1056996160754077e+03 1.5297850132175958e+01
125 1.1037252332627561e+03 1.5270533660385279e+01
126 1.1016029635330867e+03 1.5241171106765362e+01
127 1.0997191401756170e+03 1.5215107565656112e+01
128 1.0975164815434262e+03 1.5184632795512663e+01
129 1.0957177605424486e+03 1.5159746683676772e+01
130 1.0934399909868741e+03 1.5128232720218515e+01
131 1.0917212434669927e+03 1.5104453077364409e+01
132 1.0893733238513441e+03 1.5071968556360343e+01
133 1.0877297275775952e+03 1.5049228664704362e+01
134 1.0853163221769089e+03 1.5015838118491706e+01
135 1.0837433411672444e+03 1.4994075220687673e+01
136 1.0812688376701203e+03 1.4959839354906231e+01
137 1.0797622035142228e+03 1.4938994395582881e+01
138 1.0772307304171457e+03 1.4903970329833291e+01
139 1.0757864254724168e+03 1.4883987723103221e+01
140 1.0732018690391651e+03 1.4848229225587980e+01
141 1.0718161096222011e+03 1.4829056622494193e+01
142 1.0691821292847367e+03 1.4792614323095872e+01
143 1.0678513515703789e+03 1.4774202416518801e+01
144 1.0651713940624697e+03 1.4737124002345055e+01
145 1.0638922397489030e+03 1.4719426328672773e+01
146 1.0611695529637843e+03 1.4681756735783305e+01
147 1.0599388563581076e+03 1.4664729496234607e+01
148 1.0571765012101100e+03 1.4626511073752102e+01
149 1.0559912776356098e+03 1.4610112973985927e+01
150 1.0531921400327735e+03 1.4571385649742552e+01
151 1.0520495743120141e+03 1.4555577740516375e+01
152 1.0492163758017550e+03 1.4516379168341333e+01
153 1.0481138117914957e+03 1.4501124700722048e+01
154 1.0452491196662224e+03 1.4461490400257331e+01
155 1.0441840510120626e+03 1.4446754697707622e+01
156 1.0412902872589605e+03 1.4406718178232282e+01
157 1.0402603481843769e+03 1.4392468509172817e+01
158 1.0373397988397128e+03 1.4352061399023970e+01
159 1.0363427553354966e+03 1.4338266854935316e+01
160 1.0333975781027800e+03 1.4297519006908821e+01
161 1.0324313207363243e+03 1.4284150402844713e+01
162 1.0294635529043237e+03 1.4243090003744472e+01
163 1.0285260887849352e+03 1.4230119767168285e+01
164 1.0255376543608645e+03 1.4188773436497089e+01
165 1.0246271007435187e+03 1.4176175518786934e+01
166 1.0216198166708865e+03 1.4134568394773183e+01
167 1.0207343943746557e+03 1.4122318180162905e+01
168 1.0177099774287119e+03 1.4080474015162212e+01
169 1.0168480047089330e+03 1.4068548235960076e+01
170 1.0138080767373534e+03 1.4026489468962492e+01
171 1.0129679638449749e+03 1.4014866130277314e+01
172 1.0099140573906340e+03 1.3972613964700903e+01
173 1.0090943013405408e+03 1.3961272272059478e+01
174 1.0060278648025829e+03 1.3918846747156058e+01
175 1.0052270441556044e+03 1.3907767034309893e+01
176 1.0021494466797415e+03 1.3865187092824499e+01
177 1.0013662172155401e+03 1.3854350761882300e+01
178 9.9827875258429071e+02 1.3811634303876378e+01
179 9.9751184302700085e+02 1.3801023766166331e+01
180 9.9441573467225101e+02 1.3758187718368779e+01
181 9.9366394213111550e+02 1.3747786331357721e+01
182 9.9056034660976843e+02 1.3704846695252048e+01
183 9.8982253330694130e+02 1.3694638717273149e+01
184 9.8671254400456655e+02 1.3651610620339131e+01
185 9.8598763320213197e+02 1.3641581154240370e+01
186 9.8287228418026893e+02 1.3598478903183217e+01
187 9.8215925727235322e+02 1.3588613856095455e+01
188 9.7903952593261818e+02 1.3545450973704924e+01
189 9.7833741900901475e+02 1.3535737009498106e+01
190 9.7521422962336396e+02 1.3492526283491278e+01
191 9.7452213053168350e+02 1.3482950782127967e+01
192 9.7139635705752619e+02 1.3439704304097601e+01
193 9.7071340264632897e+02 1.3430255323490474e+01
194 9.6758587122222411e+02 1.3386984523434084e+01
195 9.6691124481865779e+02 1.3377650764547925e+01
196 9.6378273646051855e+02 1.3334366448170980e+01
197 9.6311566502265009e+02 1.3325137215623910e+01
198 9.5998691833289479e+02 1.3281849601822158e+01
199 9.5932667049503243e+02 1.3272714776841786e+01
200 9.5619838332433721e+02 1.3229433520692341e+01
201 9.5554426703433558e+02 1.3220383528426831e+01
202 9.5241709909067924e+02 1.3177117757285478e+01
203 9.5176845945138086e+02 1.3168143536938912e+01
204 9.4864303432146266e+02 1.3124901878407337e+01
205 9.4799925168123843e+02 1.3115994856821489e+01
206 9.4487615845590494e+02 1.3072785461235783e+01
207 9.4423664670833966e+02 1.3063937529365512e+01
208 9.4111644193154154e+02 1.3020768096760861e+01
209 9.4048064648308582e+02 1.3011971581555658e+01
210 9.3736385591340593e+02 1.2968849386037872e+01
211 9.3673125252499642e+02 1.2960097034415156e+01
212 9.3361837237636803e+02 1.2917028941326576e+01
213 9.3298846505343909e+02 1.2908313890979059e+01
214 9.2987996415298880e+02 1.2865306386753264e+01
215 9.2925228388295523e+02 1.2856622148681463e+01
216 9.2614860447991236e+02 1.2813681352034907e+01
217 9.2552270815977886e+02 1.2805021795710136e+01
218 9.2242426760248861e+02 1.2762153480844365e+01
219 9.2179973606363683e+02 1.2753512806880778e+01
220 9.1870692806523630e+02 1.2710722420993640e+01
221 9.1808336550759680e+02 1.2702095153319744e+01
222 9.1499656116701829e+02 1.2659387830731418e+01
223 9.1437359359192203e+02 1.2650768794907879e+01
224 9.1129314270466443e+02 1.2608149375195989e+01
225 9.1067041698920411e+02 1.2599533685608995e+01
226 9.0759664896084973e+02 1.2557006726247518e+01
227 9.0697383169893112e+02 1.2548389770074211e+01
228 9.0390705672531158e+02 1.2505959562761614e+01
229 9.0328383340698861e+02 1.2497336988615823e+01
230 9.0022434340338361e+02 1.2455007572130933e+01
231 8.9960041708211588e+02 1.2446375271624081e+01
232 8.9654848648813015e+02 1.2404150442961924e+01
233 8.9592357757054162e+02 1.2395504547794246e+01
234 8.9287946419374737e+02 1.2353387873838221e+01
235 8.9225330891531053e+02 1.2344724734709171e+01
236 8.8921725519010738e+02 1.2302719569647936e+01
237 8.8858960492048880e+02 1.2294035746645333e+01
238 8.8556183822500623e+02 1.2252145236357295e+01
239 8.8493245909433199e+02 1.2243437493786534e+01
240 8.8191319253663528e+02 1.2201664586717364e+01
241 8.8128186447247947e+02 1.2192929879777724e+01
242 8.7827129783254009e+02 1.2151277339972934e+01
243 8.7763781374639916e+02 1.2142512803502079e+01
244 8.7463613381008895e+02 1.2100983215227988e+01
245 8.7400029932629172e+02 1.2092186159951325e+01
246 8.7100768086110736e+02 1.2050781941194638e+01
247 8.7036931317651920e+02 1.2041949837948806e+01
248 8.6738591940297579e+02 1.2000673246938558e+01
249 8.6674484725048228e+02 1.1991803726166209e+01
250 8.6377083001923586e+02 1.1950656863824337e+01
251 8.6312689283099712e+02 1.1941747703997388e+01
252 8.6016239401656242e+02 1.1900732533221438e+01
253 8.5951544118126242e+02 1.1891781650564777e+01
254 8.5656059241355399e+02 1.1850899992513659e+01
255 8.5591048331276488e+02 1.1841905441508263e+01
256 8.5296540675312167e+02 1.1801158986338894e+01
257 8.5231200980645542e+02 1.1792118946511080e+01
258 8.4937681873218219e+02 1.1751509261465777e+01
259 8.4872001123443465e+02 1.1742422035134005e+01
260 8.4579481023405947e+02 1.1701950567241971e+01
261 8.4513447784203061e+02 1.1692814572416781e+01
262 8.4221936322882948e+02 1.1652482654215387e+01
263 8.4155539962061300e+02 1.1643296419885518e+01
264 8.3865046014697919e+02 1.1603105279303932e+01
265 8.3798276641914754e+02 1.1593867437096103e+01
266 8.3508808331824355e+02 1.1553818198031564e+01
267 8.3441656792425192e+02 1.1544527481358266e+01
268 8.3153221536822298e+02 1.1504621170015673e+01
269 8.3085679340974013e+02 1.1495276404270411e+01
270 8.2798283914361400e+02 1.1455513957932610e+01
271 8.2730343237755960e+02 1.1446114060587274e+01
272 8.2443993739999121e+02 1.1406496323198015e+01
273 8.2375647377233645e+02 1.1397040297352797e+01
274 8.2090349337131909e+02 1.1357568033846267e+01
275 8.2021590649480811e+02 1.1348054961003706e+01
276 8.1737349013472249e+02 1.1308728855741796e+01
277 8.1668171944369806e+02 1.1299157897948861e+01
278 8.1384991106392795e+02 1.1259978558852655e+01
279 8.1315390119853157e+02 1.1250348950180868e+01
280 8.1033273951048682e+02 1.1211316912840084e+01
281 8.0963244025444408e+02 1.1201627958524771e+01
282 8.0682195906193510e+02 1.1162743690630288e+01
283 8.0611732501045446e+02 1.1152994762475787e+01
284 8.0331755331964939e+02 1.1114258665340953e+01
285 8.0260854365383761e+02 1.1104449198599569e+01
286 7.9981950615320739e+02 1.1065861613800454e+01
287 7.9910608423085171e+02 1.1055991101510738e+01
288 7.9632780127284309e+02 1.1017552310632569e+01
289 7.9560993485281210e+02 1.1007620306724009e+01
290 7.9284242268560877e+02 1.0969330534567696e+01
291 7.9212008323970451e+02 1.0959336644339874e+01
292 7.8936335448910643e+02 1.0921196065589022e+01
293 7.8863651723984083e+02 1.0911139946234279e+01
294 7.8589058052274265e+02 1.0873148680107493e+01
295 7.8515922454883753e+02 1.0863030042170559e+01
296 7.8242408522133223e+02 1.0825188162771784e+01
297 7.8168819265303455e+02 1.0815006759016615e+01
298 7.7896385265701178e+02 1.0777314293212768e+01
299 7.7822340903314512e+02 1.0767069923562499e+01
300 7.7550986720965204e+02 1.0729526855318946e+01
301 7.7476486104822845e+02 1.0719219360915124e+01
302 7.7206211321005082e+02 1.0681825632299880e+01
303 7.7131253598773117e+02 1.0671454895218284e+01
304 7.6862057518721235e+02 1.0634210410107402e+01
305 7.6786642094204922e+02 1.0623776347861817e+01
306 7.6518523750129725e+02 1.0586680972357319e+01
307 7.6442650311664249e+02 1.0576183541827520e+01
308 7.6175608487703755e+02 1.0539237107709450e+01
309 7.6099276934684690e+02 1.0528676294976362e+01
310 7.5833310178243801e+02 1.0491878601271672e+01
311 7.5756520684455870e+02 1.0481254430379193e+01
312 7.5491627275334508e+02 1.0444605239090485e+01
313 7.5414380217741768e+02 1.0433917762193282e+01
314 7.5150558279942959e+02 1.0397416813767963e+01
315 7.5072854235994600e+02 1.0386666110758719e+01
316 7.4810101621289778e+02 1.0350313107979730e+01
317 7.4731941401703148e+02 1.0339499291024831e+01
318 7.4470255811389814e+02 1.0303293915856369e+01
319 7.4391640374397900e+02 1.0292417117531643e+01
320 7.4131019305219934e+02 1.0256359023637000e+01
321 7.4051949826653833e+02 1.0245419406623954e+01
322 7.3792390604520881e+02 1.0209508224030731e+01
323 7.3712868386952539e+02 1.0198505968546039e+01
324 7.3454368180302265e+02 1.0162741305494889e+01
325 7.3374394726861328e+02 1.0151676619503275e+01
326 7.3116950527667098e+02 1.0116058059820221e+01
327 7.3036527465606332e+02 1.0104931168459409e+01
328 7.2780136136163117e+02 1.0069458278028883e+01
329 7.2699265252848215e+02 1.0058269428588931e+01
330 7.2443923489451720e+02 1.0022941750328629e+01
331 7.2362606703664301e+02 1.0011691208281581e+01
332 7.2108311097139801e+02 9.9765082705168879e+00
333 7.2026550458759402e+02 9.9651963194727706e+00
334 7.1773297436953158e+02 9.9301576279801953e+00
335 7.1691095113177323e+02 9.9187845677805111e+00
336 7.1438881029774188e+02 9.8838896180759956e+00
337 7.1356239292382520e+02 9.8724557630316419e+00
338 7.1105060356944603e+02 9.8377040306911052e+00
339 7.1021981597397360e+02 9.8262097116713338e+00
340 7.0771833938699990e+02 9.7916006610934776e+00
341 7.0688320629438169e+02 9.7800462201715934e+00
342 7.0439200252735930e+02 9.7455792986654703e+00
343 7.0355254992898165e+02 9.7339650954439598e+00
344 7.0107157832376390e+02 9.6996397404858747e+00
345 7.0022783261131713e+02 9.6879661401056101e+00
346 6.9775705161301073e+02 9.6537817767649781e+00
347 6.9690904045648495e+02 9.6420491620526843e+00
348 6.9444840747016497e+02 9.6080052010096111e+00
349 6.9359615906140004e+02 9.5962139620120368e+00
350 6.9114563108601419e+02 9.5623098083276776e+00
351 6.9028917440076987e+02 9.5504603459374557e+00
352 6.8784870736088249e+02 9.5166953898083886e+00
353 6.8698807203404488e+02 9.5047881140374617e+00
354 6.8455762145563870e+02 9.4711617401457104e+00
355 6.8369283784526897e+02 9.4591970710114701e+00
356 6.8127235837665023e+02 9.4257086518960094e+00
357 6.8040345729544265e+02 9.4136870157059018e+00
358 6.7799290332581336e+02 9.3803359203208831e+00
359 6.7711991612034547e+02 9.3682577507688691e+00
360 6.7471924113833336e+02 9.3350433356085940e+00
361 6.7384219985948812e+02 9.3229090761330156e+00
362 6.7145135713616867e+02 9.2898306946818554e+00
363 6.7057029403969398e+02 9.2776407915554504e+00
364 6.6818923610335798e+02 9.2446977870210159e+00
365 6.6730418422696391e+02 9.2324526973353240e+00
366 6.6493286331418722e+02 9.1996444088892169e+00
367 6.6404385568627629e+02 9.1873445896070010e+00
368 6.6168222374599327e+02 9.1546703524411761e+00
369 6.6078929408121405e+02 9.1423162700197214e+00
370 6.5843730240251546e+02 9.1097754101969013e+00
371 6.5754048451985216e+02 9.0973675325370227e+00
372 6.5519808441159239e+02 9.0649593763933680e+00
373 6.5429741253376505e+02 9.0524981769817465e+00
374 6.5196455475743653e+02 9.0202220432804197e+00
375 6.5106006326763213e+02 9.0077079978238714e+00
376 6.4873669848809038e+02 8.9755632039910207e+00
377 6.4782842214738901e+02 8.9629967934246793e+00
378 6.4551450051203005e+02 8.9309826497271683e+00
379 6.4460247421806037e+02 8.9183643568753777e+00
380 6.4229794603210576e+02 8.8864801757636567e+00
381 6.4138220481188068e+02 8.8738104852408508e+00
382 6.3908701979253510e+02 8.8420555710298938e+00
383 6.3816759899547287e+02 8.8293349719111323e+00
384 6.3588170698041938e+02 8.7977086305827825e+00
385 6.3495864190209898e+02 8.7849376111982291e+00
386 6.3268199237021372e+02 8.7534391437700805e+00
387 6.3175531872186355e+02 8.7406181982006004e+00
388 6.2948786104187116e+02 8.7092469041662444e+00
389 6.2855761424996672e+02 8.6963765225530150e+00
390 6.2629929790454673e+02 8.6651317029826682e+00
391 6.2536551373048178e+02 8.6522123801006128e+00
392 6.2311628782983973e+02 8.6210933309111404e+00
393 6.2217900199910127e+02 8.6081255610383955e+00
394 6.1993881576351112e+02 8.5771315796695138e+00
395 6.1899806409469545e+02 8.5641158583724231e+00
396 6.1676686648748955e+02 8.5332462387089425e+00
397 6.1582268482354982e+02 8.5201830618908421e+00
398 6.1360042501109649e+02 8.4894371006266667e+00
399 6.1265284918068255e+02 8.4763269639929959e+00
400 6.1043947597812235e+02 8.4457039529626385e+00
401 6.0948854185839298e+02 8.4325473528899835e+00
402 6.0728400447028571e+02 8.4020465893157432e+00
403 6.0632974771331908e+02 8.3888440190665943e+00
404 6.0413399502056791e+02 8.3584647956928411e+00
405 6.0317645159937138e+02 8.3452167529698915e+00
406 6.0098943263591968e+02 8.3149583646583682e+00
407 6.0002863802606441e+02 8.3016653402820584e+00
408 5.9785030189013139e+02 8.2715270827837983e+00
409 5.9688629199448997e+02 8.2581895734864705e+00
410 5.9471658764012784e+02 8.2281707405578928e+00
411 5.9374939782377203e+02 8.2147892356311800e+00
412 5.9158827463074681e+02 8.1848891269186392e+00
413 5.9061794040958659e+02 8.1714641177410847e+00
414 5.8846534737124841e+02 8.1416820275447019e+00
415 5.8749190419286572e+02 8.1282140045495019e+00
416 5.8534779073278344e+02 8.0985492331216680e+00
417 5.8437127384066673e+02 8.0850386839182935e+00
418 5.8223558916673517e+02 8.0554905285274518e+00
419 5.8125603374202717e+02 8.0419379398627910e+00
420 5.7912872750047563e+02 8.0125057038419385e+00
421 5.7814616845634953e+02 7.9989115587554034e+00
422 5.7602719012679756e+02 7.9695945431324153e+00
423 5.7504166241587711e+02 7.9559593252092329e+00
424 5.7293096180229441e+02 7.9267568354995159e+00
425 5.7194249998239570e+02 7.9130810228625723e+00
426 5.6984002684750828e+02 7.8839923640109077e+00
427 5.6884866568149243e+02 7.8702764376199781e+00
428 5.6675436994531981e+02 7.8413009167473735e+00
429 5.6576014366028971e+02 7.8275453501497783e+00
430 5.6367397543469622e+02 7.7986822770314994e+00
431 5.6267691846893672e+02 7.7848875466963570e+00
432 5.6059882782520299e+02 7.7561362305461783e+00
433 5.5959897411049883e+02 7.7423028059349495e+00
434 5.5752891158006639e+02 7.7136625623331749e+00
435 5.5652629506252174e+02 7.6997909131054376e+00
436 5.5446421094629443e+02 7.6712610544427795e+00
437 5.5345886535635100e+02 7.6573516472743233e+00
438 5.5140471043235357e+02 7.6289314925426783e+00
439 5.5039666927514622e+02 7.6149847909920725e+00
440 5.4835039423473017e+02 7.5866736579841705e+00
441 5.4733969080395775e+02 7.5726901226846719e+00
442 5.4530124683700035e+02 7.5444873360905724e+00
443 5.4428791409990583e+02 7.5304674231587745e+00
444 5.4225725228314411e+02 7.5023723061031902e+00
445 5.4124132322860487e+02 7.4883164719550077e+00
446 5.3921839500088538e+02 7.4603283525726001e+00
447 5.3819990213942776e+02 7.4462370470057477e+00
448 5.3618465897523072e+02 7.4183552539241848e+00
449 5.3516363495329631e+02 7.4042289286168250e+00
450 5.3315602853078735e+02 7.3764527932818540e+00
451 5.3213250538236548e+02 7.3622918914385966e+00
452 5.3013248771676149e+02 7.3346207499592211e+00
453 5.2910649755364147e+02 7.3204257158610755e+00
454 5.2711402066301878e+02 7.2928589043858594e+00
455 5.2608559507531322e+02 7.2786301750962021e+00
456 5.2410061143615837e+02 7.2511670361160210e+00
457 5.2306978199004902e+02 7.2369050483671353e+00
458 5.2109224399005097e+02 7.2095449231443096e+00
459 5.2005904192620460e+02 7.1952501091648333e+00
460 5.1808890236787863e+02 7.1679923447009930e+00
461 5.1705335874379057e+02 7.1536651341853030e+00
462 5.1509057042563131e+02 7.1265090774264506e+00
463 5.1405271604229915e+02 7.1121498965201644e+00
464 5.1209723220917283e+02 7.0850949005880510e+00
465 5.1105709751059555e+02 7.0707041704975504e+00
466 5.0910887144407707e+02 7.0437495890218109e+00
467 5.0806648679511898e+02 7.0293277298586130e+00
468 5.0612547205772290e+02 7.0024729203558076e+00
469 5.0508086742109214e+02 6.9880203466674189e+00
470 5.0314701773858928e+02 6.9612646689128308e+00
471 5.0210022304932778e+02 6.9467817948639832e+00
472 5.0017349229871394e+02 6.9201246107251624e+00
473 4.9912453696357534e+02 6.9056118431714815e+00
474 4.9720487948387353e+02 6.8790525209083304e+00
475 4.9615379280136119e+02 6.8645102652077519e+00
476 4.9424116285693941e+02 6.8380481720472881e+00
477 4.9318797383237757e+02 6.8234768295014838e+00
478 4.9128232618392934e+02 6.7971113395376106e+00
479 4.9022706351127960e+02 6.7825113071404077e+00
480 4.8832835285524158e+02 6.7562417935780061e+00
481 4.8727104513337235e+02 6.7416134670075785e+00
482 4.8537922662515570e+02 6.7154393094016473e+00
483 4.8431990193465481e+02 6.7007830771655215e+00
484 4.8243493077054740e+02 6.6747036556366082e+00
485 4.8137361725474597e+02 6.6600199071103940e+00
486 4.7949544894145674e+02 6.6340346060738593e+00
487 4.7843217406724574e+02 6.6193237212743128e+00
488 4.7656076444619663e+02 6.5934319297764228e+00
489 4.7549555577824231e+02 6.5786942900730656e+00
490 4.7363086062858758e+02 6.5528953962985845e+00
491 4.7256374523995942e+02 6.5381313762594759e+00
492 4.7070572087833665e+02 6.5124247758294915e+00
493 4.6963672571616939e+02 6.4976347482803272e+00
494 4.6778532834155595e+02 6.4720198351880462e+00
495 4.6671448003232962e+02 6.4572041685181203e+00
496 4.6486966644013251e+02 6.4316803450086182e+00
497 4.6379699120429439e+02 6.4168394019895798e+00
498 4.6195871815820277e+02 6.3914060698691042e+00
499 4.6088424215473390e+02 6.3765402124221886e+00
500 4.5905246676179320e+02 6.3511967782474734e+00
501 4.5797621573750843e+02 6.3363063625914133e+00
502 4.5615089517990020e+02 6.3110522339587360e+00
503 4.5507289478217160e+02 6.2961376149364270e+00
504 4.5325398660042026e+02 6.2709722043998974e+00
505 4.5217426198724593e+02 6.2560337300835274e+00
506 4.5036172385012816e+02 6.2309564519716840e+00
507 4.4928030019230442e+02 6.2159944706105108e+00
508 4.4747408998378205e+02 6.1910047422290750e+00
509 4.4639099185387369e+02 6.1760195937955533e+00
510 4.4459106782815792e+02 6.1511168375728138e+00
511 4.4350631979914829e+02 6.1361088620451900e+00
512 4.4171264019147810e+02 6.1112925001469449e+00
513 4.4062626640856797e+02 6.0962620315849021e+00
514 4.3883878989434629e+02 6.0715314922668142e+00
515 4.3775081434660319e+02 6.0564788625698611e+00
516 4.3596949957359266e+02 6.0318335737051791e+00
517 4.3487994591753085e+02 6.0167591101718019e+00
518 4.3310475206463087e+02 5.9921985069822901e+00
519 4.3201364359216768e+02 5.9771025318666116e+00
520 4.3024452981028571e+02 5.9526260491867520e+00
521 4.2915188970297157e+02 5.9375088832159202e+00
522 4.2738881550331791e+02 5.9131159608651469e+00
523 4.2629466656222684e+02 5.8979779195022486e+00
524 4.2453759150011274e+02 5.8736679979101512e+00
525 4.2344195642656194e+02 5.8585093952380918e+00
526 4.2169084042026458e+02 5.8342819198560578e+00
527 4.2059374137982621e+02 5.8191030625454703e+00
528 4.1884854450758041e+02 5.7949574810379714e+00
529 4.1775000370059604e+02 5.7797586762405384e+00
530 4.1601068621661693e+02 5.7556944387068150e+00
531 4.1491072525693210e+02 5.7404759854597849e+00
532 4.1317724778809759e+02 5.7164925471550312e+00
533 4.1207588825632422e+02 5.7012547440358494e+00
534 4.1034821139273180e+02 5.6773515597063877e+00
535 4.0924547452874850e+02 5.6620947005783009e+00
536 4.0752355924126670e+02 5.6382712302385931e+00
537 4.0641946609094822e+02 5.6229956062807185e+00
538 4.0470327336872890e+02 5.5992513101981816e+00
539 4.0359784463666142e+02 5.5839572078677557e+00
540 4.0188733594860270e+02 5.5602915529473123e+00
541 4.0078059203975050e+02 5.5449792545561687e+00
542 3.9907572879848118e+02 5.5213917069242315e+00
543 3.9796768999661123e+02 5.5060614931073832e+00
544 3.9626843397240458e+02 5.4825515238385352e+00
545 3.9515912016078977e+02 5.4672036696899822e+00
546 3.9346543316932105e+02 5.4437707504869630e+00
547 3.9235486417506746e+02 5.4284055303236105e+00
548 3.9066670834783707e+02 5.4050491372587430e+00
549 3.8955490346163919e+02 5.3896668179760026e+00
550 3.8787224110984363e+02 5.3663864296077861e+00
551 3.8675921961494527e+02 5.3509872779979837e+00
552 3.8508201321586375e+02 5.3277823751827453e+00
553 3.8396779388064658e+02 5.3123666509148606e+00
554 3.8229600622977802e+02 5.2892367189116412e+00
555 3.8118060777596435e+02 5.2738046810090990e+00
556 3.7951420163605241e+02 5.2507492046237543e+00
557 3.7839764244555698e+02 5.2353011074085902e+00
558 3.7673658095653701e+02 5.2123195766655934e+00
559 3.7561887921180181e+02 5.1968556717000478e+00
560 3.7396312553046494e+02 5.1739475768570786e+00
561 3.7284429909026608e+02 5.1584681112253286e+00
562 3.7119381681109468e+02 5.1356329485957213e+00
563 3.7007388322526361e+02 5.1201381651075577e+00
564 3.6842863591483996e+02 5.0973754306186363e+00
565 3.6730761260827114e+02 5.0818655703552897e+00
566 3.6566756416450983e+02 5.0591747645185094e+00
567 3.6454546818847507e+02 5.0436500633919730e+00
568 3.6291058250980069e+02 5.0210306867258456e+00
569 3.6178743088601550e+02 5.0054913802391878e+00
570 3.6015767215631746e+02 4.9829429372117593e+00
571 3.5903348138558329e+02 4.9673892536609694e+00
572 3.5740881398405946e+02 4.9449112514424645e+00
573 3.5628360053906300e+02 4.9293434187345513e+00
574 3.5466398896037538e+02 4.9069353660926938e+00
575 3.5353776886655464e+02 4.8913536059467804e+00
576 3.5192317786927333e+02 4.8690150153005796e+00
577 3.5079596711210013e+02 4.8534195488828393e+00
578 3.4918636144310580e+02 4.8311499324895779e+00
579 3.4805817566463099e+02 4.8155409762148000e+00
580 3.4645352041657503e+02 4.7933398511156522e+00
581 3.4532437503477280e+02 4.7777176182984249e+00
582 3.4372463533280074e+02 4.7555845019841367e+00
583 3.4259454549190309e+02 4.7399492021517018e+00
584 3.4099968684162741e+02 4.7178836173769509e+00
585 3.3986866738069114e+02 4.7022354558343160e+00
586 3.3827865522829717e+02 4.6802369245315765e+00
587 3.3714672088800194e+02 4.6645761052226558e+00
588 3.3556152101830742e+02 4.6426441540095356e+00
589 3.3442868614235806e+02 4.6269708753859193e+00
590 3.3284826433947393e+02 4.6051050308702459e+00
591 3.3171454323855346e+02 4.5894194909266526e+00
592 3.3013886555195057e+02 4.5676192833876268e+00
593 3.2900427204091210e+02 4.5519216732587457e+00
594 3.2743330468297683e+02 4.5301866352295788e+00
595 3.2629785255473598e+02 4.5144771457465831e+00
596 3.2473156185199929e+02 4.4928068113397268e+00
597 3.2359526447152655e+02 4.4770856274129791e+00
598 3.2203361696060483e+02 4.4554795336475124e+00
599 3.2089648764777058e+02 4.4397468395633926e+00
600 3.1933944989425896e+02 4.4182045238593268e+00
601 3.1820150162068865e+02 4.4024604990860929e+00
602 3.1664904046806345e+02 4.3809815027080514e+00
603 3.1551028603028476e+02 4.3652263242914016e+00
604 3.1396236836389505e+02 4.3438101890833360e+00
605 3.1282282025281302e+02 4.3280440298405454e+00
606 3.1127941325236492e+02 4.3066903017189686e+00
607 3.1013908376482038e+02 4.2909133317823454e+00
608 3.0860015458914580e+02 4.2696215563749664e+00
609 3.0745905582908347e+02 4.2538339432080150e+00
610 3.0592457186918176e+02 4.2326036693546838e+00
611 3.0478271566471636e+02 4.2168055766046768e+00
612 3.0325264440589092e+02 4.1956363544499808e+00
613 3.0211004241095799e+02 4.1798279433543435e+00
614 3.0058435149677859e+02 4.1587193252325596e+00
615 2.9944101505370787e+02 4.1429007527175097e+00
616 2.9791967231205263e+02 4.1218522935129007e+00
617 2.9677561256684385e+02 4.1060237137883453e+00
618 2.9525858591084261e+02 4.0850349695646697e+00
619 2.9411381378711280e+02 4.0691965337637503e+00
620 2.9260107129472925e+02 4.0482670628653183e+00
621 2.9145559747524618e+02 4.0324189187889186e+00
622 2.8994710732938904e+02 4.0115482810120007e+00
623 2.8880094231101288e+02 3.9956905738888886e+00
624 2.8729667280823605e+02 3.9748783306020887e+00
625 2.8614982682790094e+02 3.9590112020648403e+00
626 2.8464974646039798e+02 3.9382569173435233e+00
627 2.8350222952083823e+02 3.9223805057844539e+00
628 2.8200630683710682e+02 3.9016837444829786e+00
629 2.8085812874012043e+02 3.8857981855143602e+00
630 2.7936633247402716e+02 3.8651585150517467e+00
631 2.7821750279065230e+02 3.8492639410931853e+00
632 2.7672980171829005e+02 3.8286809294726734e+00
633 2.7558032984179590e+02 3.8127774704842614e+00
634 2.7409669290680370e+02 3.7922506880271678e+00
635 2.7294658794428676e+02 3.7763384700096694e+00
636 2.7146698421015464e+02 3.7558674886955026e+00
637 2.7031625510313273e+02 3.7399466353588284e+00
638 2.6884065372421861e+02 3.7195310284242944e+00
639 2.6768930914315570e+02 3.7036016597282018e+00
640 2.6621767944957787e+02 3.6832410028417311e+00
641 2.6506572786717817e+02 3.6673032360098832e+00
642 2.6359803921393507e+02 3.6469971051841337e+00
643 2.6244548892440332e+02 3.6310510549705737e+00
644 2.6098171084327271e+02 3.6107990286640246e+00
645 2.5982856986241114e+02 3.5948448059709714e+00
646 2.5836867193571226e+02 3.5746464633413662e+00
647 2.5721494814055933e+02 3.5586841771511799e+00
648 2.5575890009986702e+02 3.5385390994212802e+00
649 2.5460460106075678e+02 3.5225688544729281e+00
650 2.5315237275099051e+02 3.5024766244336689e+00
651 2.5199750587472352e+02 3.4864985232035588e+00
652 2.5054906722074102e+02 3.4664587247518575e+00
653 2.4939363967488549e+02 3.4504728664065105e+00
654 2.4794896071213782e+02 3.4304850849693920e+00
655 2.4679297949528399e+02 3.4144915663374436e+00
656 2.4535203033359016e+02 3.3945553883708470e+00
657 2.4419550217048891e+02 3.3785543024922418e+00
658 2.4275825307005343e+02 3.3586693165327572e+00
659 2.4160118452543418e+02 3.3426607542334708e+00
660 2.4016760577143438e+02 3.3228265491631990e+00
661 2.3901000314689253e+02 3.3068105976286306e+00
662 2.3758006522259927e+02 3.2870267650703844e+00
663 2.3642193463658492e+02 3.2710035089520351e+00
664 2.3499560798099930e+02 3.2512696399161354e+00
665 2.3383695536141897e+02 3.2352391612292513e+00
666 2.3241421062395472e+02 3.2155548496371722e+00
667 2.3125504164449814e+02 3.1995172268797951e+00
668 2.2983584944918090e+02 3.1798820663017562e+00
669 2.2867616966416668e+02 3.1638373763203753e+00
670 2.2726050079634967e+02 3.1442509625586337e+00
671 2.2610031540722417e+02 3.1281992773175928e+00
672 2.2468814073895513e+02 3.1086612073738644e+00
673 2.2352745487761561e+02 3.0926025978752638e+00
674 2.2211874531363432e+02 3.0731124692035729e+00
675 2.2095756378214793e+02 3.0570470018861657e+00
676 2.1955229038099509e+02 3.0376044140684422e+00
677 2.1839061787074488e+02 3.0215321538396167e+00
678 2.1698875167277384e+02 3.0021367062061595e+00
679 2.1582659261243367e+02 2.9860577143386053e+00
680 2.1442810482485910e+02 2.9667090085283148e+00
681 2.1326546346759562e+02 2.9506233438664999e+00
682 2.1187032529172626e+02 2.9313209814365657e+00
683 2.1070720564744869e+02 2.9152286994593828e+00
684 2.0931538844758447e+02 2.8959722842220499e+00
685 2.0815179435453462e+02 2.8798734380332967e+00
686 2.0676326944779959e+02 2.8606625731481112e+00
687 2.0559920454578236e+02 2.8445572131061199e+00
688 2.0421394342988404e+02 2.8253915042310815e+00
689 2.0304941108808768e+02 2.8092796769500836e+00
690 2.0166738525346958e+02 2.7901587296426897e+00
691 2.0050238874112753e+02 2.7740404803539964e+00
692 1.9912356975979233e+02 2.7549639013001541e+00
693 1.9795811203225978e+02 2.7388392708924290e+00
694 1.9658247157553583e+02 2.7198066681522599e+00
695 1.9541655545263239e+02 2.7036756956389727e+00
696 1.9404406522609662e+02 2.6846866777464418e+00
697 1.9287769333590299e+02 2.6685493994882679e+00
698 1.9150832525595897e+02 2.6496035778942226e+00
699 1.9034150044267008e+02 2.6334600332418745e+00
700 1.8897522750944404e+02 2.6145570343909506e+00
701 1.8780795528148752e+02 2.5984072995559950e+00
702 1.8644475834205809e+02 2.5795468584589347e+00
703 1.8527706406208057e+02 2.5633912843449638e+00
704 1.8391697428860587e+02 2.5445738322825568e+00
705 1.8274900619073657e+02 2.5284144697752367e+00
706 1.8139234607599826e+02 2.5096444685797654e+00
707 1.8022492187738914e+02 2.4934926311626673e+00
708 1.7887350100056130e+02 2.4747951171736635e+00
709 1.7771064023527416e+02 2.4587064169034294e+00
710 1.7637290606481801e+02 2.4401982646360296e+00
711 1.7523193115561244e+02 2.4244123650012326e+00
712 1.7394189866298214e+02 2.4065641868423739e+00
713 1.7288744054529454e+02 2.3919752858239427e+00
714 1.7176261176789851e+02 2.3764127751648187e+00
715 1.7100033067269879e+02 2.3658662743038099e+00
716 1.7038368987013814e+02 2.3573347722160727e+00
717 1.7046154954734797e+02 2.3584119957729763e+00
718 1.7118245450423169e+02 2.3683860392017819e+00
719 1.7329606918115195e+02 2.3976288462848303e+00
720 1.7697318182969300e+02 2.4485033490871113e+00
721 1.8318501404477453e+02 2.5344468340001596e+00
722 1.9222031551618423e+02 2.6594542824962146e+00
723 2.0500909445275462e+02 2.8363927752846938e+00
724 2.2133038988613137e+02 3.0622052182599271e+00
725 2.4098495920397238e+02 3.3341350005130939e+00
726 2.6149492964949064e+02 3.6178996410440880e+00
727 2.7961444570764178e+02 3.8685912729260039e+00
728 2.8993145354087761e+02 4.0113317038266905e+00
729 2.8919292285391617e+02 4.0011138005165217e+00
730 2.7684028456303372e+02 3.8302095091850048e+00
731 2.5804592577548578e+02 3.5701811254520357e+00
732 2.3927389810332417e+02 3.3104617027166992e+00
733 2.2720072195975501e+02 3.1434238955415115e+00
734 2.2485735948840122e+02 3.1110024246727983e+00
735 2.3276040053700746e+02 3.2203445423621724e+00
736 2.4648145366773363e+02 3.4101814667833867e+00
737 2.5856469445688242e+02 3.5773585228445035e+00
738 2.6024233697211162e+02 3.6005694595222573e+00
739 2.5021722409358424e+02 3.4618675262447480e+00
740 2.3497745503548040e+02 3.2510184857726698e+00
741 2.2477896540970636e+02 3.1099178074316525e+00
742 2.2495805692230340e+02 3.1123956188370490e+00
743 2.3489211901394646e+02 3.2498378236386483e+00
744 2.4612620007621277e+02 3.4052663740014131e+00
745 2.4866702612840535e+02 3.4404198420801424e+00
746 2.3914328964196491e+02 3.3086546760714697e+00
747 2.2642790342562913e+02 3.1327316044865605e+00
748 2.2081328693907665e+02 3.0550508670492178e+00
749 2.2648801622250596e+02 3.1335632919939793e+00
750 2.3708693239888748e+02 3.2802040512675377e+00
751 2.4134343708774847e+02 3.3390947028246227e+00
752 2.3346302929078175e+02 3.2300657263234624e+00
753 2.2206205070702430e+02 3.0723280738916698e+00
754 2.1825006920047235e+02 3.0195875999455515e+00
755 2.2526678056037065e+02 3.1166669488427301e+00
756 2.3415178641918126e+02 3.2395949901257981e+00
757 2.3355674929439425e+02 3.2313623846100410e+00
758 2.2322789020902428e+02 3.0884579863203903e+00
759 2.1572056360285927e+02 2.9845907554335369e+00
760 2.1873649434145960e+02 3.0263175099492807e+00
761 2.2783921103548138e+02 3.1522576782881875e+00
762 2.2979596556480513e+02 3.1793302548721427e+00
763 2.2130581276304528e+02 3.0618651827383578e+00
764 2.1321713975230236e+02 2.9499547635905929e+00
765 2.1561186150425686e+02 2.9830868131427954e+00
766 2.2389458152382974e+02 3.0976819596943868e+00
767 2.2537816575413399e+02 3.1182080129584824e+00
768 2.1668758159397265e+02 2.9979698830809518e+00
769 2.1036954827690383e+02 2.9105570582871141e+00
770 2.1427307728220364e+02 2.9645641329405668e+00
771 2.2175006115694075e+02 3.0680115585283709e+00
772 2.1975400321784693e+02 3.0403952016413349e+00
773 2.1091216133141356e+02 2.9180643532766113e+00
774 2.0816624418048707e+02 2.8800733578565856e+00
775 2.1485853400326701e+02 2.9726641892736709e+00
776 2.1880735799715674e+02 3.0272979404106035e+00
777 2.1249541304419461e+02 2.9399693508650193e+00
778 2.0565795191442331e+02 2.8453700093014547e+00
779 2.0880235655317654e+02 2.8888742578507145e+00
780 2.1523449222361253e+02 2.9778657398821617e+00
781 2.1271919328105091e+02 2.9430654508149510e+00
782 2.0467097589531573e+02 2.8317147533848877e+00
783 2.0452582299817959e+02 2.8297064979470128e+00
784 2.1109726592680494e+02 2.9206253583795392e+00
785 2.1144690839229617e+02 2.9254628187161127e+00
786 2.0371755835653221e+02 2.8185237940957206e+00
787 2.0151748077653426e+02 2.7880847339670485e+00
788 2.0744490030917183e+02 2.8700932418497520e+00
789 2.0930222561120166e+02 2.8957901704767153e+00
790 2.0221529242286149e+02 2.7977392710861726e+00
791 1.9914803880785914e+02 2.7553024415553562e+00
792 2.0453374102332401e+02 2.8298160473763887e+00
793 2.0678940181620274e+02 2.8610241261862219e+00
794 2.0008687221302202e+02 2.7682916228144032e+00
795 1.9708162632276856e+02 2.7267126979680554e+00
796 2.0230160909166750e+02 2.7989335009150564e+00
797 2.0409142495638548e+02 2.8236964061965386e+00
798 1.9744099262420522e+02 2.7316846919364042e+00
799 1.9527427121109395e+02 2.7017071293379811e+00
800 2.0058645248958865e+02 2.7752035400193975e+00
801 2.0113790503559770e+02 2.7828331333385998e+00
802 1.9447587329539894e+02 2.6906609360658016e+00
803 1.9386618116190340e+02 2.6822255719312937e+00
804 1.9912921824491005e+02 2.7550420506252951e+00
805 1.9774636983635662e+02 2.7359097226385538e+00
806 1.9151877695244909e+02 2.6497481818031035e+00
807 1.9302883926570601e+02 2.6706405712211678e+00
808 1.9749764928583758e+02 2.7324685622625218e+00
809 1.9382743208804916e+02 2.6816894611142468e+00
810 1.8906495636850033e+02 2.6157984734024304e+00
811 1.9273608972613818e+02 2.6665902500331509e+00
812 1.9509960314164863e+02 2.6992905182526528e+00
813 1.8964585715697001e+02 2.6238354963646104e+00
814 1.8766189945031837e+02 2.5963865516207765e+00
815 1.9249059524196448e+02 2.6631937237320069e+00
816 1.9147549966981936e+02 2.6491494211865922e+00
817 1.8597753774934051e+02 2.5730826519944072e+00
818 1.8752118522394554e+02 2.5944397071838061e+00
819 1.9125910368552070e+02 2.6461554856828835e+00
820 1.8687288076207730e+02 2.5854701241673235e+00
821 1.8385952205803252e+02 2.5437789549033005e+00
822 1.8795278362456463e+02 2.6004110646428900e+00
823 1.8807096737480302e+02 2.6020461898368574e+00
824 1.8260339886104009e+02 2.5263999270590607e+00
825 1.8375403988538079e+02 2.5423195617323326e+00
826 1.8722812235416276e+02 2.5903850509317263e+00
827 1.8326005477617477e+02 2.5354850561773943e+00
828 1.8041173202195054e+02 2.4960772333033590e+00
829 1.8449883380393183e+02 2.5526241196608153e+00
830 1.8385432651896662e+02 2.5437070722899486e+00
831 1.7899595061310129e+02 2.4764892624859578e+00
832 1.8077088144243066e+02 2.5010462266263955e+00
833 1.8342789125703663e+02 2.5378071491704715e+00
834 1.7878967551787068e+02 2.4736353540220670e+00
835 1.7761587325337393e+02 2.4573952732026347e+00
836 1.8142430040841580e+02 2.5100865711013638e+00
837 1.7914833003347525e+02 2.4785975001141685e+00
838 1.7538063992953852e+02 2.4264698175894281e+00
839 1.7865255655546903e+02 2.4717382516747359e+00
840 1.7896051214651339e+02 2.4759989554053603e+00
841 1.7433117028438150e+02 2.4119499343259565e+00
842 1.7555548339050401e+02 2.4288888552951069e+00
843 1.7811079613191862e+02 2.4642427532169946e+00
844 1.7380497447323984e+02 2.4046697792621470e+00
845 1.7295277232846323e+02 2.3928791803476019e+00
846 1.7634168434002532e+02 2.4397662980695207e+00
847 1.7361837352012765e+02 2.4020880713789845e+00
848 1.7079234650833115e+02 2.3629887201018329e+00
849 1.7420285853406773e+02 2.4101746837081945e+00
850 1.7314488368974918e+02 2.3955371271994532e+00
851 1.6932446592296017e+02 2.3426799338090065e+00
852 1.7173563967726872e+02 2.3760396041930583e+00
853 1.7247239790388338e+02 2.3862329847193204e+00
854 1.6813431390242749e+02 2.3262136467813970e+00
855 1.6945412394290494e+02 2.3444738106709608e+00
856 1.7130154095313924e+02 2.3700336536367286e+00
857 1.6730464531845445e+02 2.3147348097876352e+00
858 1.6722740230081749e+02 2.3136661179925153e+00
859 1.6996228612848336e+02 2.3515044624364108e+00
860 1.6642340749926746e+02 2.3025424892941380e+00
861 1.6535885894825356e+02 2.2878139826047361e+00
862 1.6829402631508961e+02 2.3284233396470104e+00
863 1.6564183761330173e+02 2.2917291193612050e+00
864 1.6357642135551239e+02 2.2631531590254585e+00
865 1.6665529782019141e+02 2.3057507958947934e+00
866 1.6465060802880990e+02 2.2780150134596786e+00
867 1.6208749135299314e+02 2.2425531446050080e+00
868 1.6486862365854532e+02 2.2810313574844714e+00
869 1.6368058035867747e+02 2.2645942455530923e+00
870 1.6059411045856172e+02 2.2218915500985768e+00
871 1.6323722591253301e+02 2.2584602379311800e+00
872 1.6248828225223326e+02 2.2480982664643046e+00
873 1.5929449021693722e+02 2.2039107211319529e+00
874 1.6154288028072713e+02 2.2350182061436739e+00
875 1.6133284222661587e+02 2.2321122354558547e+00
876 1.5791387600686184e+02 2.1848093042832692e+00
877 1.6004275074504108e+02 2.2142632411584904e+00
878 1.5999069081047614e+02 2.2135429686131385e+00
879 1.5666492737108777e+02 2.1675295397115191e+00
880 1.5850011888787716e+02 2.1929202374919283e+00
881 1.5871506813435892e+02 2.1958941567290293e+00
882 1.5530103520223304e+02 2.1486594798035261e+00
883 1.5714936442175568e+02 2.1742319435939543e+00
884 1.5728203544086330e+02 2.1760675066507593e+00
885 1.5404669301130096e+02 2.1313050929769726e+00
886 1.5575257001762853e+02 2.1549066665031993e+00
887 1.5592865048133453e+02 2.1573428186966304e+00
888 1.5267704426350221e+02 2.1123553882172681e+00
889 1.5453289826646335e+02 2.1380319607616887e+00
890 1.5442814294405258e+02 2.1365826238898213e+00
891 1.5142260127027464e+02 2.0949996067457430e+00
892 1.5325569143991294e+02 2.1203612314457914e+00
893 1.5300338934490969e+02 2.1168705187953760e+00
894 1.5007509886681305e+02 2.0763563065933295e+00
895 1.5213346126269539e+02 2.1048346735856964e+00
896 1.5143035433153054e+02 2.0951068738257295e+00
897 1.4886723958852542e+02 2.0596450317123747e+00
898 1.5093118518386200e+02 2.0882006447734454e+00
899 1.4992560935631764e+02 2.0742880521645111e+00
900 1.4760286680782721e+02 2.0421518671773473e+00
901 1.4984612523534878e+02 2.0731883536995830e+00
902 1.4827807840624473e+02 2.0514937224967524e+00
903 1.4651143729022596e+02 2.0270514502581842e+00
904 1.4863807189905998e+02 2.0564743939391406e+00
905 1.4670964048522691e+02 2.0297936803618768e+00
906 1.4539955510475610e+02 2.0116680615053442e+00
907 1.4748729445448069e+02 2.0405528718306787e+00
908 1.4503411257803003e+02 2.0066120002347234e+00
909 1.4448076502823955e+02 1.9989561886882317e+00
910 1.4615238077743916e+02 2.0220837423547571e+00
911 1.4348843696862335e+02 1.9852268848906565e+00
912 1.4354621071213219e+02 1.9860262105455844e+00
913 1.4480903271967742e+02 2.0034979194384661e+00
914 1.4191510763655100e+02 1.9634591678898776e+00
915 1.4277345953326332e+02 1.9753348513808253e+00
916 1.4323803333514030e+02 1.9817624383068975e+00
917 1.4056047189529846e+02 1.9447171748095824e+00
918 1.4191836219207724e+02 1.9635041961253616e+00
919 1.4164257367735146e+02 1.9596885383236295e+00
920 1.3927531106787848e+02 1.9269363983240153e+00
921 1.4111185731505924e+02 1.9523458394070312e+00
922 1.3986215059780039e+02 1.9350555864379142e+00
923 1.3828066637800322e+02 1.9131750429077186e+00
924 1.4008226518378802e+02 1.9381009704639092e+00
925 1.3815608594972875e+02 1.9114514168039947e+00
926 1.3738516799975378e+02 1.9007854211832482e+00
927 1.3894962492328784e+02 1.9224303844323238e+00
928 1.3643029185878783e+02 1.8875742814786547e+00
929 1.3673023781346845e+02 1.8917241682975932e+00
930 1.3748424641368433e+02 1.9021562154800058e+00
931 1.3497338052155035e+02 1.8674172596538348e+00
932 1.3603545990623388e+02 1.8821116043195512e+00
933 1.3588660532561548e+02 1.8800521344303684e+00
934 1.3368907178659799e+02 1.8496482722497496e+00
935 1.3535070729869736e+02 1.8726377448595184e+00
936 1.3405859396601122e+02 1.8547607773451598e+00
937 1.3279267664176817e+02 1.8372462433574093e+00
938 1.3435417953747671e+02 1.8588503363065372e+00
939 1.3232506515818116e+02 1.8307766287423757e+00
940 1.3206473157066017e+02 1.8271747967905807e+00
941 1.3312750710933571e+02 1.8418787730590251e+00
942 1.3068293684350411e+02 1.8080570469585842e+00
943 1.3154899559468822e+02 1.8200393582379346e+00
944 1.3149241544930408e+02 1.8192565465484312e+00
945 1.2944969468665778e+02 1.7909945885676879e+00
946 1.3087156304091320e+02 1.8106667750049847e+00
947 1.2974101416371343e+02 1.7950251241994171e+00
948 1.2851177223341219e+02 1.7780180107370094e+00
949 1.2999757170057572e+02 1.7985747127966620e+00
950 1.2792080611934736e+02 1.7698417294805804e+00
951 1.2796161220679501e+02 1.7704063000033325e+00
952 1.2863652358536254e+02 1.7797440016464541e+00
953 1.2643973166974018e+02 1.7493504001581504e+00
954 1.2742232524666690e+02 1.7629450230214709e+00
955 1.2699872973345211e+02 1.7570843890991923e+00
956 1.2529882133611197e+02 1.7335653939554305e+00
957 1.2677557754517420e+02 1.7539969784830438e+00
958 1.2513961739496477e+02 1.7313627360212926e+00
959 1.2465948592381156e+02 1.7247199017626416e+00
960 1.2562954555629169e+02 1.7381411118826446e+00
961 1.2353136033344160e+02 1.7091117782172907e+00
962 1.2416368591052580e+02 1.7178602861957144e+00
963 1.2410776703518250e+02 1.7170866234738280e+00
964 1.2227422543804502e+02 1.6917187530718483e+00
965 1.2363283430291192e+02 1.7105157160994289e+00
966 1.2226322534557666e+02 1.6915665618586340e+00
967 1.2158609720012888e+02 1.6821981902514289e+00
968 1.2259882188252672e+02 1.6962096904737651e+00
969 1.2061847400295275e+02 1.6688106893066805e+00
970 1.2111553317865634e+02 1.6756877259504355e+00
971 1.2112817060157077e+02 1.6758625703647694e+00
972 1.1934837014504066e+02 1.6512382327478166e+00
973 1.2062428295795668e+02 1.6688910588046733e+00
974 1.1929777631043299e+02 1.6505382443529690e+00
975 1.1868899552738866e+02 1.6421154891607253e+00
976 1.1959521798929342e+02 1.6546534833926825e+00
977 1.1768471975375067e+02 1.6282208833807037e+00
978 1.1825473162877806e+02 1.6361072533413632e+00
979 1.1809338156526185e+02 1.6338749028416413e+00
980 1.1650523225052801e+02 1.6119021447334760e+00
981 1.1773487082801253e+02 1.6289147459875741e+00
982 1.1627175662426441e+02 1.6086719047223834e+00
983 1.1595112542504177e+02 1.6042358282671725e+00
984 1.1660418813670952e+02 1.6132712438038679e+00
985 1.1476720412987734e+02 1.5878557461197245e+00
986 1.1554512906091747e+02 1.5986186864663761e+00
987 1.1500798526906577e+02 1.5911870611789023e+00
988 1.1378003135661356e+02 1.5741977680211556e+00
989 1.1490411877196520e+02 1.5897500216038698e+00
990 1.1323118077160106e+02 1.5666041739994085e+00
991 1.1337115141884864e+02 1.5685407306856605e+00
992 1.1357446242642601e+02 1.5713536296673747e+00
993 1.1194255501000308e+02 1.5487754585953484e+00
994 1.1292328286133527e+02 1.5623442683082274e+00
995 1.1188254254225421e+02 1.5479451591864160e+00
996 1.1122601915329585e+02 1.5388618636271740e+00
997 1.1203643858986327e+02 1.5500743800326833e+00
998 1.1026127745706758e+02 1.5255142295404902e+00
999 1.1091790646689711e+02 1.5345989864118592e+00
1000 1.1046280985447477e+02 1.5283025206527330e+00
1001 1.0931071052035611e+02 1.5123627096095815e+00
1002 1.1027517390573300e+02 1.5257064931408046e+00
1003 1.0878448925431810e+02 1.5050822023658634e+00
1004 1.0885948747586218e+02 1.5061198364001713e+00
1005 1.0903476375635209e+02 1.5085448623581048e+00
1006 1.0749465632143800e+02 1.4872367852056581e+00
1007 1.0847935700444823e+02 1.5008605608267527e+00
1008 1.0730337525840686e+02 1.4845903259025788e+00
1009 1.0694014043434595e+02 1.4795648091885600e+00
1010 1.0745349093443023e+02 1.4866672436123336e+00
1011 1.0586961812890166e+02 1.4647536529271825e+00
1012 1.0658452939162773e+02 1.4746447709089419e+00
1013 1.0588749890078802e+02 1.4650010414263626e+00
1014 1.0505676281646784e+02 1.4535074350864885e+00
1015 1.0586018802098850e+02 1.4646231831544807e+00
1016 1.0426777047389837e+02 1.4425913721372190e+00
1017 1.0476413690186035e+02 1.4494588243052482e+00
1018 1.0438549268670597e+02 1.4442201117538167e+00
1019 1.0332813331376030e+02 1.4295910705675789e+00
1020 1.0416156061633676e+02 1.4411219111191313e+00
1021 1.0277119772656360e+02 1.4218856169142158e+00
1022 1.0292598593808820e+02 1.4240271812484204e+00
1023 1.0290964290087730e+02 1.4238010679982012e+00
1024 1.0161856209276810e+02 1.4059383859244867e+00
1025 1.0250653120324829e+02 1.4182238368522377e+00
1026 1.0123540928554253e+02 1.4006372949794941e+00
1027 1.0120112862845745e+02 1.4001630067126847e+00
1028 1.0134790864775455e+02 1.4021937741154762e+00
1029 1.0002457385136046e+02 1.3838848436468327e+00
1030 1.0080163416478337e+02 1.3946358216209398e+00
1031 9.9759222374949289e+01 1.3802135869515488e+00
1032 9.9476337742408660e+01 1.3762997511769988e+00
1033 9.9824910009270539e+01 1.3811224048355148e+00
1034 9.8415943646460434e+01 1.3616287232368445e+00
1035 9.9176274849852092e+01 1.3721482464700960e+00
1036 9.8223443664651583e+01 1.3589653996457494e+00
1037 9.7860258387310751e+01 1.3539405684328263e+00
1038 9.8239885301558203e+01 1.3591928770669841e+00
1039 9.6890005893295964e+01 1.3405166899869863e+00
1040 9.7528407905347507e+01 1.3493492681686703e+00
1041 9.6735239404096049e+01 1.3383754261908869e+00
1042 9.6238252612968722e+01 1.3314993910202113e+00
1043 9.6710481148434582e+01 1.3380328846188931e+00
1044 9.5331235861433470e+01 1.3189504074349507e+00
1045 9.5970266063357215e+01 1.3277916769052811e+00
1046 9.5188996458265677e+01 1.3169824614929284e+00
1047 9.4711811922757278e+01 1.3103803994107239e+00
1048 9.5136346944112120e+01 1.3162540318495215e+00
1049 9.3840100825692261e+01 1.2983198853908422e+00
1050 9.4397115392345810e+01 1.3060264317604160e+00
1051 9.3690569574838392e+01 1.2962510534654423e+00
1052 9.3173529274235065e+01 1.2890975689964874e+00
1053 9.3623850566758009e+01 1.2953279660629127e+00
1054 9.2313655909957234e+01 1.2772008353193409e+00
1055 9.2910319008064363e+01 1.2854559369052856e+00
1056 9.2141117204110145e+01 1.2748136849344860e+00
1057 9.1722434258253088e+01 1.2690210185850546e+00
1058 9.2072298831842062e+01 1.2738615518867833e+00
1059 9.0852976764928329e+01 1.2569916841837370e+00
1060 9.1406571089585256e+01 1.2646509099711929e+00
1061 9.0641934314000267e+01 1.2540718172154515e+00
1062 9.0258967793741519e+01 1.2487733036342008e+00
1063 9.0578291629422409e+01 1.2531912921284145e+00
1064 8.9364770954825801e+01 1.2364016892901968e+00
1065 8.9978991499740275e+01 1.2448997060278315e+00
1066 8.9100021573294342e+01 1.2327387628476336e+00
1067 8.8878864190187258e+01 1.2296789512557613e+00
1068 8.9043009894697775e+01 1.2319499807025791e+00
1069 8.7948837799121449e+01 1.2168116189869917e+00
1070 8.8526218461421280e+01 1.2247999394247162e+00
1071 8.7613387784382653e+01 1.2121705175723736e+00
1072 8.7487401998256260e+01 1.2104274477124175e+00
1073 8.7556548919203181e+01 1.2113841263784570e+00
1074 8.6519279043140571e+01 1.1970330323924170e+00
1075 8.7133272057145490e+01 1.2055279011378628e+00
1076 8.6096880827107782e+01 1.1911889636136799e+00
1077 8.6173592472503643e+01 1.1922503036355059e+00
1078 8.6025737332727005e+01 1.1902046614586519e+00
1079 8.5172481330292101e+01 1.1783994819507135e+00
1080 8.5700576235177650e+01 1.1857059118282780e+00
1081 8.4647842597669296e+01 1.1711408697666148e+00
1082 8.4842859789964848e+01 1.1738390200938476e+00
1083 8.4539241810855671e+01 1.1696383291699126e+00
1084 8.3826050555971577e+01 1.1597710082681287e+00
1085 8.4306484923419490e+01 1.1664180332328762e+00
1086 8.3190352111732935e+01 1.1509758351597779e+00
1087 8.3573292531199755e+01 1.1562739876248653e+00
1088 8.3015117710197885e+01 1.1485513886159691e+00
1089 8.2567973931319756e+01 1.1423649538760425e+00
1090 8.2856668767837022e+01 1.1463591764286829e+00
1091 8.1820954236391174e+01 1.1320296013330406e+00
1092 8.2266946378959233e+01 1.1382001026680695e+00
1093 8.1546624257718577e+01 1.1282341230318071e+00
1094 8.1311947194444471e+01 1.1249872606007889e+00
1095 8.1429643063430817e+01 1.1266156357388033e+00
1096 8.0468966146581366e+01 1.1133242396980170e+00
1097 8.0990634203073910e+01 1.1205417512454046e+00
1098 8.0067206053517197e+01 1.1077657086074486e+00
1099 8.0129738877426959e+01 1.1086308782743322e+00
1100 7.9945952043737705e+01 1.1060881049956142e+00
1101 7.9222558019534546e+01 1.0960796242040127e+00
1102 7.9647425652358493e+01 1.1019578584716729e+00
1103 7.8675596745482366e+01 1.0885121696468216e+00
1104 7.8923822679840328e+01 1.0919464867864133e+00
1105 7.8495621652512725e+01 1.0860221335106546e+00
1106 7.8003665190869313e+01 1.0792156952046623e+00
1107 7.8303958852006161e+01 1.0833703926983809e+00
1108 7.7314701317610570e+01 1.0696835709944674e+00
1109 7.7747289614236223e+01 1.0756686241088036e+00
1110 7.7023223003827212e+01 1.0656508377853666e+00
1111 7.6877545942157724e+01 1.0636353302960670e+00
1112 7.6882019288673675e+01 1.0636972210515629e+00
1113 7.6075408293398866e+01 1.0525373961395519e+00
1114 7.6497516040105069e+01 1.0583774461448705e+00
1115 7.5633022201086959e+01 1.0464167861272526e+00
1116 7.5744809691725251e+01 1.0479634162007139e+00
1117 7.5469239783838844e+01 1.0441507829226571e+00
1118 7.4888089921469856e+01 1.0361103139113617e+00
1119 7.5227332502507949e+01 1.0408038871818250e+00
1120 7.4284065653204749e+01 1.0277533672345467e+00
1121 7.4642320852266820e+01 1.0327099886031759e+00
1122 7.4023562665873825e+01 1.0241491915603997e+00
1123 7.3810376585733735e+01 1.0211996665204754e+00
1124 7.3859725229930717e+01 1.0218824271474811e+00
1125 7.3071348675798376e+01 1.0109748839074413e+00
1126 7.3459405354197941e+01 1.0163438221096788e+00
1127 7.2657952687493548e+01 1.0052553649871248e+00
1128 7.2737386194036560e+01 1.0063543631787686e+00
1129 7.2483060760466600e+01 1.0028356567317471e+00
1130 7.1931277171049700e+01 9.9520148327851310e-01
1131 7.2236062741020945e+01 9.9941832834572886e-01
1132 7.1348451482674179e+01 9.8713782846275255e-01
1133 7.1687027162562558e+01 9.9182217485668200e-01
1134 7.1072824163056481e+01 9.8332440086764217e-01
1135 7.0909079330248744e+01 9.8105891766063691e-01
1136 7.0901190171915729e+01 9.8094976761654462e-01
1137 7.0191409130045244e+01 9.7112962854140017e-01
1138 7.0540665659455144e+01 9.7596174927918300e-01
1139 6.9753435889503479e+01 9.6507007231265451e-01
1140 6.9888140609463889e+01 9.6693377253294166e-01
1141 6.9551967057099716e+01 9.6228266065074519e-01
1142 6.9121157092611909e+01 9.5632221155917829e-01
1143 6.9332282870416407e+01 9.5924323139217427e-01
1144 6.8514722610382975e+01 9.4793191849111125e-01
1145 6.8865558633504179e+01 9.5278589223284649e-01
1146 6.8187612640574343e+01 9.4340620533889485e-01
1147 6.8160632256039918e+01 9.4303291961724367e-01
1148 6.8008669429218372e+01 9.4093044574768669e-01
1149 6.7444391226878196e+01 9.3312340372040159e-01
1150 6.7720929825924529e+01 9.3694943927514684e-01
1151 6.6943311354456441e+01 9.2619073893413195e-01
1152 6.7174575937939181e+01 9.2939038817662367e-01
1153 6.6688123965226339e+01 9.2266010694393585e-01
1154 6.6459316239964565e+01 9.1949444943691538e-01
1155 6.6498450230671807e+01 9.2003588575127204e-01
1156 6.5810730553331666e+01 9.1052097554967493e-01
1157 6.6144042945216128e+01 9.1513250199330698e-01
1158 6.5396483087470699e+01 9.0478967605545269e-01
1159 6.5548092035551846e+01 9.0688725385390967e-01
1160 6.5181313363075489e+01 9.0181270640752698e-01
1161 6.4849061832903288e+01 8.9721585746151644e-01
1162 6.4965657739539296e+01 8.9882901412704364e-01
1163 6.4267750101212599e+01 8.8917314891555155e-01
1164 6.4557854576374353e+01 8.9318687445110911e-01
1165 6.3917612005569268e+01 8.8432883131351681e-01
1166 6.3938572913651221e+01 8.8461883487850868e-01
1167 6.3720021097916316e+01 8.8159507247991564e-01
1168 6.3269722089162741e+01 8.7536498371943461e-01
1169 6.3475520650167262e+01 8.7821229911856558e-01
1170 6.2747301326730678e+01 8.6813705814775954e-01
1171 6.3031077683690143e+01 8.7206323132961283e-01
1172 6.2441430555462176e+01 8.6390519883384664e-01
1173 6.2407060923860321e+01 8.6342967956468974e-01
1174 6.2248864901405895e+01 8.6124096663775218e-01
1175 6.1771801871710913e+01 8.5464058564297574e-01
1176 6.1980582865011819e+01 8.5752916433064919e-01
1177 6.1295511757185302e+01 8.4805089827624636e-01
1178 6.1516081654537160e+01 8.5110258173918796e-01
1179 6.1017688915400967e+01 8.4420709464719434e-01
1180 6.0899767639918458e+01 8.4257560090920303e-01
1181 6.0824288769991625e+01 8.4153131688893268e-01
1182 6.0296453115440251e+01 8.3422847385602406e-01
1183 6.0540524670266116e+01 8.3760531329140886e-01
1184 5.9853966865534105e+01 8.2810647811848448e-01
1185 6.0069761174547843e+01 8.3109208917475486e-01
1186 5.9592773897230337e+01 8.2449275624809848e-01
1187 5.9467877876657475e+01 8.2276476378337238e-01
1188 5.9397547312013437e+01 8.2179170887587893e-01
1189 5.8891162219084862e+01 8.1478564398432607e-01
1190 5.9107892029626441e+01 8.1778419812383829e-01
1191 5.8470543438781256e+01 8.0896619449703933e-01
1192 5.8642420612943042e+01 8.1134419229430865e-01
1193 5.8217311984006088e+01 8.0546262373733013e-01
1194 5.8059178899818065e+01 8.0327478158953824e-01
1195 5.8021135244510802e+01 8.0274843055449274e-01
1196 5.7503679078059626e+01 7.9558919239500292e-01
1197 5.7734365635633218e+01 7.9878084438977726e-01
1198 5.7095293952910005e+01 7.8993900101398073e-01
1199 5.7283171205188175e+01 7.9253836706856784e-01
1200 5.6843892657363675e+01 7.8646075132809101e-01
1201 5.6720740116983649e+01 7.8475688069384275e-01
1202 5.6648501014091096e+01 7.8375742030363704e-01
1203 5.6180852661546247e+01 7.7728729559003473e-01
1204 5.6372420843360118e+01 7.7993772731025535e-01
1205 5.5776042565811160e+01 7.7168656634448451e-01
1206 5.5943357436139344e+01 7.7400144262186799e-01
1207 5.5520834301911648e+01 7.6815564554387417e-01
1208 5.5404392078028124e+01 7.6654461514815952e-01
1209 5.5326893831402359e+01 7.6547239214550045e-01
1210 5.4876663791639622e+01 7.5924325760194267e-01
1211 5.5067251260784587e+01 7.6188012072250610e-01
1212 5.4469001538012378e+01 7.5360306747266492e-01
1213 5.4666764953733058e+01 7.5633921303275875e-01
1214 5.4205013042502173e+01 7.4995066822948897e-01
1215 5.4154174891052200e+01 7.4924729960154379e-01
1216 5.4011937065787542e+01 7.4727937549051926e-01
1217 5.3636573255059055e+01 7.4208604880569273e-01
1218 5.3772586123582514e+01 7.4396784784809855e-01
1219 5.3220727567814315e+01 7.3633263720176945e-01
1220 5.3406570984909337e+01 7.3890386423435361e-01
1221 5.2942397876612098e+01 7.3248182108368198e-01
1222 5.2925076906497203e+01 7.3224217769309985e-01
1223 5.2747147627160686e+01 7.2978044630616368e-01
1224 5.2418861076211435e+01 7.2523845462613035e-01
1225 5.2528977206105083e+01 7.2676196067402732e-01
1226 5.1992219418520904e+01 7.1933567592873071e-01
1227 5.2201799729166062e+01 7.2223531353038284e-01
1228 5.1694469991024690e+01 7.1521617904860557e-01
1229 5.1756968496584769e+01 7.1608087390572828e-01
1230 5.1492062286666446e+01 7.1241577767209008e-01
1231 5.1265824777674318e+01 7.0928568025998939e-01
1232 5.1293022500038354e+01 7.0966197294799660e-01
1233 5.0827947399881729e+01 7.0322745033537626e-01
1234 5.1007379148215044e+01 7.0570996905479144e-01
1235 5.0505928621244081e+01 6.9877217609658238e-01
1236 5.0605949931461232e+01 7.0015601578638609e-01
1237 5.0289063795582258e+01 6.9577175396232271e-01
1238 5.0137238323325455e+01 6.9367118045477705e-01
1239 5.0103198349577937e+01 6.9320022214989763e-01
1240 4.9691842503795272e+01 6.8750892951644826e-01
1241 4.9858436721136215e+01 6.8981383523651607e-01
1242 4.9343066470098492e+01 6.8268345665237506e-01
1243 4.9506348065954327e+01 6.8494253076837319e-01
1244 4.9103766486636964e+01 6.7937263404702741e-01
1245 4.9069581299197125e+01 6.7889966664558143e-01
1246 4.8921777940233056e+01 6.7685474087949493e-01
1247 4.8624064969119104e+01 6.7273574838977024e-01
1248 4.8713231756211847e+01 6.7396941088352613e-01
1249 4.8248968977646101e+01 6.6754612710446937e-01
1250 4.8414464122636439e+01 6.6983582666559527e-01
1251 4.7979486955200670e+01 6.6381772245211157e-01
1252 4.8020945402111735e+01 6.6439131866064538e-01
1253 4.7788930570776692e+01 6.6118128940260545e-01
1254 4.7587604329748714e+01 6.5839585055633720e-01
1255 4.7606581408989285e+01 6.5865840695949407e-01
1256 4.7192132707758411e+01 6.5292432328366823e-01
1257 4.7360367092691149e+01 6.5525192145803923e-01
1258 4.6888027877498345e+01 6.4871689655569154e-01
1259 4.7020085127018930e+01 6.5054396783496338e-01
1260 4.6675727293494816e+01 6.4577962275199152e-01
1261 4.6614181584258056e+01 6.4492811025936336e-01
1262 4.6504833795101817e+01 6.4341523455019534e-01
1263 4.6209851536684347e+01 6.3933402269544370e-01
1264 4.6304156857160443e+01 6.4063877910336464e-01
1265 4.5871767568806270e+01 6.3465647935772629e-01
1266 4.6023280280053385e+01 6.3675272567641894e-01
1267 4.5626106524109218e+01 6.3125764861703348e-01
1268 4.5661513609645198e+01 6.3174752152670233e-01
1269 4.5448338495266341e+01 6.2879814820300317e-01
1270 4.5266205798720073e+01 6.2627826065359493e-01
1271 4.5278526836376713e+01 6.2644872773597771e-01
1272 4.4902970965258724e+01 6.2125274380951689e-01
1273 4.5055445650287496e+01 6.2336229946695665e-01
1274 4.4618269138490398e+01 6.1731376633775337e-01
1275 4.4751212124749074e+01 6.1915309218207970e-01
1276 4.4415670108240370e+01 6.1451071788170897e-01
1277 4.4386057941497477e+01 6.1410102027276003e-01
1278 4.4255969482857736e+01 6.1230118809839418e-01
1279 4.4014627818585822e+01 6.0896211792327182e-01
1280 4.4079390495752250e+01 6.0985813861012617e-01
1281 4.3693987090441780e+01 6.0452590963115926e-01
1282 4.3838501427660631e+01 6.0652533030616285e-01
1283 4.3453253763290085e+01 6.0119525607295499e-01
1284 4.3524061407236616e+01 6.0217491158658465e-01
1285 4.3280107030569617e+01 5.9879969336358618e-01
1286 4.3168664181238483e+01 5.9725783155719292e-01
1287 4.3128785610293349e+01 5.9670609364127558e-01
1288 4.2826869553916303e+01 5.9252894958170976e-01
1289 4.2944783175084936e+01 5.9416033741883534e-01
1290 4.2545175641858670e+01 5.8863158795912041e-01
1291 4.2693947595408744e+01 5.9068991466575183e-01
1292 4.2338848772412057e+01 5.8577696317572892e-01
1293 4.2380219088975672e+01 5.8634934006137640e-01
1294 4.2185875839679653e+01 5.8366051403782837e-01
1295 4.2041928713330407e+01 5.8166894097961908e-01
1296 4.2039268955624223e+01 5.8163214203876246e-01
1297 4.1729894658979063e+01 5.7735180987981360e-01
1298 4.1851513141628296e+01 5.7903445613727933e-01
1299 4.1480963526854339e+01 5.7390773601281386e-01
1300 4.1599146129450190e+01 5.7554284532863242e-01
1301 4.1300738523409457e+01 5.7141424225312842e-01
1302 4.1294234584286237e+01 5.7132425733812142e-01
1303 4.1162312874106291e+01 5.6949906130642125e-01
1304 4.0976555519266860e+01 5.6692902498374498e-01
1305 4.1020378355013911e+01 5.6753533357233332e-01
1306 4.0692009133064076e+01 5.6299219810192613e-01
1307 4.0834045862748980e+01 5.6495733996540654e-01
1308 4.0469881614312634e+01 5.5991896424827525e-01
1309 4.0587305072120877e+01 5.6154357045545511e-01
1310 4.0309883679339116e+01 5.5770532105341719e-01
1311 4.0296297664888151e+01 5.5751735244969991e-01
1312 4.0183555614148602e+01 5.5595751560908535e-01
1313 3.9999780272026165e+01 5.5341490132134863e-01
1314 4.0048535791629433e+01 5.5408945580356372e-01
1315 3.9739002139611308e+01 5.4980691889155353e-01
1316 3.9869240712389463e+01 5.5160882796235566e-01
1317 3.9538132005222543e+01 5.4702779048521810e-01
1318 3.9634094803322093e+01 5.4835547883949443e-01
1319 3.9394076492837492e+01 5.4503471785758861e-01
1320 3.9360397334826928e+01 5.4456875160026796e-01
1321 3.9279003069511560e+01 5.4344262543154176e-01
1322 3.9084618410938475e+01 5.4075322649207203e-01
1323 3.9153803031596631e+01 5.4171042675052605e-01
1324 3.8844162849554614e+01 5.3742641594785312e-01
1325 3.8986598119824116e+01 5.3939707179908036e-01
1326 3.8660266031812512e+01 5.3488212099043231e-01
1327 3.8767683455228287e+01 5.3636828922374657e-01
1328 3.8529391918118399e+01 5.3307141892599630e-01
1329 3.8513401487132754e+01 5.3285018414105934e-01
1330 3.8425775485342044e+01 5.3163783910305162e-01
1331 3.8257297840519925e+01 5.2930687531900067e-01
1332 3.8313491911365936e+01 5.3008434549410155e-01
1333 3.8033870452727463e+01 5.2621565719413199e-01
1334 3.8162940097202075e+01 5.2800139361755061e-01
1335 3.7863256226960267e+01 5.2385513285437701e-01
1336 3.7964308847002556e+01 5.2525324117818883e-01
1337 3.7743276968130573e+01 5.2219516599370197e-01
1338 3.7731464846172464e+01 5.2203173998827435e-01
1339 3.7651255193090094e+01 5.2092200346113038e-01
1340 3.7494601564112571e+01 5.1875463023976154e-01
1341 3.7554351186722371e+01 5.1958129306830003e-01
1342 3.7285982916031344e+01 5.1586829767101972e-01
1343 3.7424170310777939e+01 5.1778018225907141e-01
1344 3.7125960426125395e+01 5.1365431474765777e-01
1345 3.7249307418515492e+01 5.1536087571268363e-01
1346 3.7015054934986388e+01 5.1211988753287596e-01
1347 3.7039936509778080e+01 5.1246413528034906e-01
1348 3.6934536303822973e+01 5.1100587615539361e-01
1349 3.6822422746829936e+01 5.0945473480766279e-01
1350 3.6854773368864407e+01 5.0990232017386072e-01
1351 3.6627120783013261e+01 5.0675264453870550e-01
1352 3.6748016540144917e+01 5.0842529156446870e-01
1353 3.6475447545727668e+01 5.0465417727026907e-01
1354 3.6600315396091311e+01 5.0638177998751532e-01
1355 3.6371609184081407e+01 5.0321752696186661e-01
1356 3.6417192445636019e+01 5.0384819183111329e-01
1357 3.6301625395560038e+01 5.0224926985757112e-01
1358 3.6220529624665666e+01 5.0112727349304431e-01
1359 3.6239506890004407e+01 5.0138983247095281e-01
1360 3.6038577277077444e+01 4.9860988115236321e-01
1361 3.6158139629968034e+01 5.0026407993237421e-01
1362 3.5894076016994283e+01 4.9661064140539746e-01
1363 3.6040586658065081e+01 4.9863768183960272e-01
1364 3.5795510606179860e+01 4.9524694473685071e-01
1365 3.5886957078233699e+01 4.9651214769455931e-01
1366 3.5734416678054487e+01 4.9440168283853769e-01
1367 3.5713789528280380e+01 4.9411629696943676e-01
1368 3.5689219800255159e+01 4.9377636376185163e-01
1369 3.5546541977793453e+01 4.9180235209225232e-01
1370 3.5634033631577623e+01 4.9301283836532989e-01
1371 3.5408971276067938e+01 4.8989899972875495e-01
1372 3.5549124808948143e+01 4.9183808671976481e-01
1373 3.5314003411069280e+01 4.8858507672019069e-01
1374 3.5428804990020467e+01 4.9017340805738147e-01
1375 3.5259317381984438e+01 4.8782847097926341e-01
1376 3.5283341060782298e+01 4.8816084935086640e-01
1377 3.5228755920674544e+01 4.8740563945418924e-01
1378 3.5134218325429785e+01 4.8609766942066074e-01
1379 3.5198803943917817e+01 4.8699124042128267e-01
1380 3.5005207839306756e+01 4.8431275147957081e-01
1381 3.5147800089373071e+01 4.8628557921669779e-01
1382 3.4913224075616370e+01 4.8304011485107706e-01
1383 3.5064395334168417e+01 4.8513163701858036e-01
1384 3.4862385456131065e+01 4.8233673974765306e-01
1385 3.4951786966477904e+01 4.8357364974291062e-01
1386 3.4843002873833328e+01 4.8206857302781841e-01
1387 3.4825993605854968e+01 4.8183324217610435e-01
1388 3.4835510697856229e+01 4.8196491541268027e-01
1389 3.4709176813732753e+01 4.8021702946080091e-01
1390 3.4817916812699238e+01 4.8172149612007920e-01
1391 3.4621085382365777e+01 4.7899824499584459e-01
1392 3.4774140705405792e+01 4.8111583404060576e-01
1393 3.4572010315682292e+01 4.7831926943644704e-01
1394 3.4700040324745302e+01 4.8009062203763442e-01
1395 3.4559523506304117e+01 4.7814650882794252e-01
1396 3.4604680768229912e+01 4.7877127980124917e-01
1397 3.4569748270388359e+01 4.7828797302520143e-01
1398 3.4506460415952226e+01 4.7741235717232872e-01
1399 3.4582562427636873e+01 4.7846526263831868e-01
1400 3.4425963216720227e+01 4.7629864231523045e-01
1401 3.4578985162253446e+01 4.7841576956721416e-01
1402 3.4378527026372495e+01 4.7564234134502958e-01
1403 3.4548137504231200e+01 4.7798897838225568e-01
1404 3.4369150109772619e+01 4.7551260749800522e-01
1405 3.4491109725315034e+01 4.7719997348205784e-01
1406 3.4391161444455058e+01 4.7581714418616683e-01
1407 3.4420231959474904e+01 4.7621934780057817e-01
1408 3.4428823003053203e+01 4.7633820874185828e-01
1409 3.4354220380834143e+01 4.7530604800165172e-01
1410 3.4462956735990772e+01 4.7681046424718626e-01
1411 3.4311335482966690e+01 4.7471271620432459e-01
1412 3.4477759966199585e+01 4.7701527357687595e-01
1413 3.4303171352822389e+01 4.7459976180188895e-01
1414 3.4466406093247258e+01 4.7685818765198346e-01
1415 3.4331055622565422e+01 4.7498555318082436e-01
1416 3.4433313148658350e+01 4.7640033192028808e-01
1417 3.4385946885639903e+01 4.7574499842605267e-01
1418 3.4392265083460941e+01 4.7583241352683270e-01
1419 3.4451683544100526e+01 4.7665449458097586e-01
1420 3.4361299327548750e+01 4.7540398840459597e-01
1421 3.4510547967836779e+01 4.7746891028605709e-01
1422 3.4356456010079654e+01 4.7533697893501892e-01
1423 3.4549358966772431e+01 4.7800587786438098e-01
1424 3.4386595365919781e+01 4.7575397044159018e-01
1425 3.4563958276588139e+01 4.7820786586396680e-01
1426 3.4450771855496612e+01 4.7664188096021748e-01
1427 3.4560393484349284e+01 4.7815854536441205e-01
1428 3.4538661695937840e+01 4.7785787632429572e-01
1429 3.4552283140184826e+01 4.7804633511513239e-01
1430 3.4633553294281995e+01 4.7917074414948679e-01
1431 3.4555091010368443e+01 4.7808518325854776e-01
1432 3.4716335406113508e+01 4.8031607179726010e-01
1433 3.4578417746516813e+01 4.7840791911599262e-01
1434 3.4767649359136179e+01 4.8102602335337674e-01
1435 3.4616513355597618e+01 4.7893498895479808e-01
1436 3.4764204553316901e+01 4.8097836291975482e-01
1437 3.4635592060432451e+01 4.7919895139363405e-01
1438 3.4665272190015216e+01 4.7960958929895620e-01
1439 3.4556289748406094e+01 4.7810176833697332e-01
1440 3.4389146605434242e+01 4.7578926798459020e-01
1441 3.4235175629793609e+01 4.7365901047539821e-01
1442 3.3791464923516557e+01 4.6752007383475697e-01
1443 3.3465894848254791e+01 4.6301566581429143e-01
1444 3.2679664085136167e+01 4.5213781055538649e-01
1445 3.2042508551801326e+01 4.4332247796583596e-01
1446 3.0911446252102888e+01 4.2767372372971169e-01
1447 2.9915138699114927e+01 4.1388936185640041e-01
1448 2.8575041523071373e+01 3.9534851634681095e-01
1449 2.7368862328549792e+01 3.7866048617833392e-01
1450 2.6120167122540238e+01 3.6138422792104791e-01
1451 2.5043732201816397e+01 3.4649126797526913e-01
1452 2.4263141729055690e+01 3.3569144866332745e-01
1453 2.3697148598268193e+01 3.2786067983177014e-01
1454 2.3667317718315900e+01 3.2744795622746892e-01
1455 2.3822850038424711e+01 3.2959981563769408e-01
1456 2.4532566808322180e+01 3.3941906548126377e-01
1457 2.5224353550157353e+01 3.4899024534436596e-01
1458 2.6152037569427687e+01 3.6182516984871194e-01
1459 2.6668986105988825e+01 3.6897738472098396e-01
1460 2.6908450613020303e+01 3.7229048358371625e-01
1461 2.6559073914684369e+01 3.6745670025494181e-01
1462 2.5825771621022941e+01 3.5731113411119059e-01
1463 2.4981783259031815e+01 3.4563417656564288e-01
1464 2.4163097381134452e+01 3.3430729023655453e-01
1465 2.3871136157970305e+01 3.3026787575956940e-01
1466 2.3849596930201951e+01 3.2996987088232016e-01
1467 2.4457746787438253e+01 3.3838389693301807e-01
1468 2.5001203806020616e+01 3.4590286854400681e-01
1469 2.5616857292892497e+01 3.5442071067634529e-01
1470 2.5572161704549625e+01 3.5380232716413468e-01
1471 2.5186331642412974e+01 3.4846419519660748e-01
1472 2.4386224035905382e+01 3.3739434758518139e-01
1473 2.3712809026958158e+01 3.2807734888692913e-01
1474 2.3429187827863739e+01 3.2415332238373229e-01
1475 2.3568634124842262e+01 3.2608262444882308e-01
1476 2.4172551408452790e+01 3.3443809094495558e-01
1477 2.4589987740114978e+01 3.4021350982785220e-01
1478 2.4820593974603341e+01 3.4340405051671485e-01
1479 2.4306247769408174e+01 3.3628784006612494e-01
1480 2.3717368314612887e+01 3.2814042867662740e-01
1481 2.3052744519182077e+01 3.1894506036053216e-01
1482 2.2994726919349279e+01 3.1814236084398445e-01
1483 2.3280871185685129e+01 3.2210129511414770e-01
1484 2.3812903928800068e+01 3.2946220674986970e-01
1485 2.4066555857175768e+01 3.3297159495043888e-01
1486 2.3759773019186813e+01 3.2872711678435568e-01
1487 2.3191353821818712e+01 3.2086278223348258e-01
1488 2.2565551824785544e+01 3.1220453091111172e-01
1489 2.2554514755927940e+01 3.1205182811296711e-01
1490 2.2792420339776598e+01 3.1534335857423518e-01
1491 2.3348156936354201e+01 3.2303222365459522e-01
1492 2.3337309027768136e+01 3.2288213797365212e-01
1493 2.3017618697193754e+01 3.1845907885820141e-01
1494 2.2336152637771043e+01 3.0903069026545166e-01
1495 2.2049276992776445e+01 3.0506163704349654e-01
1496 2.2182151610214746e+01 3.0690001697452718e-01
1497 2.2603659142942046e+01 3.1273176275023135e-01
1498 2.2855801672933147e+01 3.1622026774713324e-01
1499 2.2518077203731941e+01 3.1154769823485767e-01
1500 2.2017531004217307e+01 3.0462241705262844e-01
1501 2.1556190169841397e+01 2.9823955968202920e-01
1502 2.1755003011792166e+01 3.0099022452471952e-01
1503 2.2053031717630518e+01 3.0511358534597405e-01
1504 2.2339956066433565e+01 3.0908331240696441e-01
1505 2.1958410001847771e+01 3.0380445146707152e-01
1506 2.1475313582635724e+01 2.9712059582214678e-01
1507 2.1143525072912638e+01 2.9253015297173013e-01
1508 2.1341428190903262e+01 2.9526823137538982e-01
1509 2.1716539250679318e+01 3.0045806113742213e-01
1510 2.1732284921277756e+01 3.0067590955261869e-01
1511 2.1371568357844712e+01 2.9568523410391173e-01
1512 2.0820375057546777e+01 2.8805922756540336e-01
1513 2.0816725653200432e+01 2.8800873641939007e-01
1514 2.1029264263615499e+01 2.9094930342525660e-01
1515 2.1371644204928081e+01 2.9568628348233017e-01
1516 2.1066243654506586e+01 2.9146092988474559e-01
1517 2.0653008426767926e+01 2.8574363515896856e-01
1518 2.0320901439440131e+01 2.8114878602804277e-01
1519 2.0554417592527180e+01 2.8437958674591540e-01
1520 2.0834654033162909e+01 2.8825678359765733e-01
1521 2.0773390648588062e+01 2.8740917719335884e-01
1522 2.0342698586699672e+01 2.8145035933713825e-01
1523 1.9960037200157796e+01 2.7615606741772325e-01
1524 2.0115680277765389e+01 2.7830945920762251e-01
1525 2.0349931074894851e+01 2.8155042405533476e-01
1526 2.0433851512510927e+01 2.8271150095091518e-01
1527 1.9938952675677832e+01 2.7586435356441874e-01
1528 1.9664807981690785e+01 2.7207143875991630e-01
1529 1.9656128692327602e+01 2.7195135689862104e-01
1530 2.0013823070374013e+01 2.7690021905695128e-01
1531 1.9962579602650560e+01 2.7619124269656437e-01
1532 1.9596947157228996e+01 2.7113255381560647e-01
1533 1.9256201163386390e+01 2.6641818015466090e-01
1534 1.9337693776610280e+01 2.6754566701081389e-01
1535 1.9639949634832892e+01 2.7172751238132581e-01
1536 1.9531763343910679e+01 2.7023070652119685e-01
1537 1.9188424709639936e+01 2.6548046251704083e-01
1538 1.8853852485287568e+01 2.6085150572613769e-01
1539 1.9090677307799780e+01 2.6412808336955790e-01
1540 1.9229734510657742e+01 2.6605200214296881e-01
1541 1.9149504725811511e+01 2.6494198708384203e-01
1542 1.8668560674186704e+01 2.5828791040989663e-01
1543 1.8589821783867976e+01 2.5719852254527459e-01
1544 1.8766836246956281e+01 2.5964759703909068e-01
1545 1.8916776296001636e+01 2.6172208487082971e-01
1546 1.8619861638206654e+01 2.5761413740394357e-01
1547 1.8260448334246394e+01 2.5264149313459866e-01
1548 1.8312319257018046e+01 2.5335915061701231e-01
1549 1.8504756815882573e+01 2.5602161055867384e-01
1550 1.8513007979445955e+01 2.5613576910749986e-01
1551 1.8072422570994281e+01 2.5004007236407477e-01
1552 1.7947500101655788e+01 2.4831171396881305e-01
1553 1.8048291446307346e+01 2.4970620743040331e-01
1554 1.8258823422984467e+01 2.5261901175846208e-01
1555 1.7942114502495453e+01 2.4823720178880596e-01
1556 1.7663509175133221e+01 2.4438257212081249e-01
1557 1.7648854352498027e+01 2.4417981607646969e-01
1558 1.7884852674781175e+01 2.4744495871850741e-01
1559 1.7795017569926056e+01 2.4620204974874596e-01
1560 1.7426509466224882e+01 2.4110357484565939e-01
1561 1.7325333998360716e+01 2.3970376686713038e-01
1562 1.7472814682851492e+01 2.4174422828714842e-01
1563 1.7586029533520250e+01 2.4331060652685041e-01
1564 1.7215762585991531e+01 2.3818779723050865e-01
1565 1.7045449840339035e+01 2.3583144400336453e-01
1566 1.7092096368803286e+01 2.3647681964721728e-01
1567 1.7304719291941829e+01 2.3941855315743021e-01
1568 1.7021056320833168e+01 2.3549394871968016e-01
1569 1.6774577359041896e+01 2.3208380172912532e-01
1570 1.6767837157122994e+01 2.3199054801236818e-01
1571 1.6973550717521885e+01 2.3483668738999455e-01
1572 1.6827610801799505e+01 2.3281754319697431e-01
1573 1.6502919466117628e+01 2.2832529293274104e-01
1574 1.6484778734685598e+01 2.2807430777664570e-01
1575 1.6633527349608087e+01 2.3013231158289627e-01
1576 1.6613532493193251e+01 2.2985567377602587e-01
1577 1.6241330373640771e+01 2.2470609050674512e-01
1578 1.6211664368151467e+01 2.2429564801459115e-01
1579 1.6320712223367870e+01 2.2580437400317102e-01
1580 1.6362722859025119e+01 2.2638560999068374e-01
1581 1.6000355637694682e+01 2.2137209694959031e-01
1582 1.5928074730798260e+01 2.2037205818224048e-01
1583 1.6048023347518367e+01 2.2203160109558528e-01
1584 1.6078531611522639e+01 2.2245369661207534e-01
1585 1.5774543396101304e+01 2.1824788330269815e-01
1586 1.5637196409702081e+01 2.1634762614108399e-01
1587 1.5803206448142451e+01 2.1864444948403824e-01
1588 1.5782777772307963e+01 2.1836180959091422e-01
1589 1.5543758938891946e+01 2.1505487682255159e-01
1590 1.5358326312296507e+01 2.1248933326078254e-01
1591 1.5562470437672385e+01 2.1531375880092068e-01
1592 1.5499842253044999e+01 2.1444726977573625e-01
1593 1.5288310954912740e+01 2.1152063938711610e-01
1594 1.5108575853416642e+01 2.0903392364062964e-01
1595 1.5309577977701089e+01 2.1181487818637379e-01
1596 1.5239414078849215e+01 2.1084412917487019e-01
1597 1.5004740607618555e+01 2.0759731644138424e-01
1598 1.4889469192302867e+01 2.0600248470735302e-01
1599 1.5046470750933626e+01 2.0817467169153261e-01
1600 1.4990867876558610e+01 2.0740538098477959e-01
1601 1.4709212291548557e+01 2.0350854963408455e-01
1602 1.4687131442887413e+01 2.0320305118884821e-01
1603 1.4787942453366849e+01 2.0459781673598798e-01
1604 1.4732243877606406e+01 2.0382720195764223e-01
1605 1.4426553477328369e+01 1.9959783815728493e-01
1606 1.4483869701448651e+01 2.0039083382625919e-01
1607 1.4546109112308475e+01 2.0125194399199120e-01
1608 1.4447104875050849e+01 1.9988217596277424e-01
1609 1.4174917059213451e+01 1.9611633544519841e-01
1610 1.4271207810322196e+01 1.9744856117645504e-01
1611 1.4317831313888220e+01 1.9809361826051336e-01
1612 1.4137526838272453e+01 1.9559902496769768e-01
1613 1.3957325528180494e+01 1.9310585901617713e-01
1614 1.4053493696443427e+01 1.9443638875877939e-01
1615 1.4084372035893876e+01 1.9486360443505871e-01
1616 1.3824419208002590e+01 1.9126704046352430e-01
1617 1.3763855671161831e+01 1.9042911676653237e-01
1618 1.3839234849586399e+01 1.9147202151015394e-01
1619 1.3823643749799306e+01 1.9125631165146256e-01
1620 1.3536167553147868e+01 1.8727894952796723e-01
1621 1.3580318177900203e+01 1.8788979322446817e-01
1622 1.3628370691401464e+01 1.8855462130193992e-01
1623 1.3527424400624367e+01 1.8715798409120421e-01
1624 1.3294140746502697e+01 1.8393040010080125e-01
1625 1.3395429310340811e+01 1.8533177281285720e-01
1626 1.3407356135087319e+01 1.8549678578281048e-01
1627 1.3211925184004754e+01 1.8279291091717445e-01
1628 1.3102766678481061e+01 1.8128265403196281e-01
1629 1.3200927086863134e+01 1.8264074731020064e-01
1630 1.3157856303282612e+01 1.8204484370065713e-01
1631 1.2913259072034904e+01 1.7866073129619245e-01
1632 1.2946786367589707e+01 1.7912459646832213e-01
1633 1.2987479865655807e+01 1.7968760926648045e-01
1634 1.2874348140146282e+01 1.7812238110064091e-01
1635 1.2668726019380422e+01 1.7527750683135132e-01
1636 1.2795216636972997e+01 1.7702756126107594e-01
1637 1.2745646067964072e+01 1.7634173020475630e-01
1638 1.2577177843534802e+01 1.7401089675606585e-01
1639 1.2493370224467293e+01 1.7285138075570775e-01
1640 1.2611752574679073e+01 1.7448925366938620e-01
1641 1.2476098571312745e+01 1.7261241968739244e-01
1642 1.2307096530541546e+01 1.7027420065017668e-01
1643 1.2364281025438222e+01 1.7106537378625730e-01
1644 1.2371979156651076e+01 1.7117188088446003e-01
1645 1.2199777458499634e+01 1.6878939315223376e-01
1646 1.2098972968621165e+01 1.6739471782053308e-01
1647 1.2225095286137245e+01 1.6913967665350432e-01
1648 1.2083176331082935e+01 1.6717616425486406e-01
1649 1.1952628966402150e+01 1.6536998290958541e-01
1650 1.1950293147422835e+01 1.6533766580631257e-01
1651 1.2018436373069319e+01 1.6628045789767915e-01
1652 1.1790839142421584e+01 1.6313154812659184e-01
1653 1.1760525226761130e+01 1.6271214150661034e-01
1654 1.1811343570066180e+01 1.6341523607998595e-01
1655 1.1733342797522175e+01 1.6233606040584811e-01
1656 1.1554368180889842e+01 1.5985986630855509e-01
1657 1.1609879047271050e+01 1.6062788404344508e-01
1658 1.1618404312953652e+01 1.6074583491803462e-01
1659 1.1426347359387718e+01 1.5808864082139348e-01
1660 1.1399243792722496e+01 1.5771365081971139e-01
1661 1.1445010841267038e+01 1.5834685846439842e-01
1662 1.1355251097245755e+01 1.5710499214557497e-01
1663 1.1181681756029695e+01 1.5470358245811541e-01
1664 1.1282562595739346e+01 1.5609931412397596e-01
1665 1.1215272060722475e+01 1.5516831938993073e-01
1666 1.1079271638438311e+01 1.5328669254682808e-01
1667 1.1033593436101668e+01 1.5265471412927792e-01
1668 1.1116075610072670e+01 1.5379589200221877e-01
1669 1.0939589863112063e+01 1.5135413253317653e-01
1670 1.0867032971800969e+01 1.5035027539766133e-01
1671 1.0922548292212809e+01 1.5111835475606292e-01
1672 1.0853888736265652e+01 1.5016841900339487e-01
1673 1.0701617802450258e+01 1.4806168233538147e-01
1674 1.0726182901394203e+01 1.4840155149755085e-01
1675 1.0747222489523176e+01 1.4869264363628393e-01
1676 1.0559362635384831e+01 1.4609351829276490e-01
1677 1.0554970745034892e+01 1.4603275451986175e-01
1678 1.0575207595170331e+01 1.4631274041839909e-01
1679 1.0485211137848216e+01 1.4506759906488467e-01
1680 1.0343899004118366e+01 1.4311248231144827e-01
1681 1.0443452923244218e+01 1.4448985543586307e-01
1682 1.0343097821895025e+01 1.4310139759603094e-01
1683 1.0229813548528503e+01 1.4153405886216697e-01
1684 1.0228639907341579e+01 1.4151782100992802e-01
1685 1.0253768195384025e+01 1.4186548214588454e-01
1686 1.0081016941717923e+01 1.3947539106661866e-01
1687 1.0064955416732840e+01 1.3925317266431142e-01
1688 1.0105548199898605e+01 1.3981479202664956e-01
1689 9.9739052313000904e+00 1.3799345250975362e-01
1690 9.9003559529940048e+00 1.3697586525504349e-01
1691 9.9400285324295634e+00 1.3752475318603166e-01
1692 9.8823926160091791e+00 1.3672733443069265e-01
1693 9.7290184777048694e+00 1.3460533443375050e-01
1694 9.7998284507895956e+00 1.3558502217205182e-01
1695 9.7394007543002648e+00 1.3474897788725090e-01
1696 9.6283905548699256e+00 1.3321310198629330e-01
1697 9.5985485638109047e+00 1.3280022465484681e-01
1698 9.6467962560414922e+00 1.3346775311758305e-01
1699 9.4793852717566072e+00 1.3115154706049822e-01
1700 9.4623932824774837e+00 1.3091645526733814e-01
1701 9.4860598525339892e+00 1.3124389287932911e-01
1702 9.3864852043825682e+00 1.2986623295954788e-01
1703 9.2961959566988241e+00 1.2861704072005395e-01
1704 9.3460982355562514e+00 1.2930746113091074e-01
1705 9.2750466368732702e+00 1.2832443039408029e-01
1706 9.1495411305064849e+00 1.2658800542002024e-01
1707 9.2047746612057413e+00 1.2735218609135596e-01
1708 9.1448631126802269e+00 1.2652328294514431e-01
1709 9.0406918893841954e+00 1.2508202734651758e-01
1710 9.0254276693440207e+00 1.2487084001574146e-01
1711 9.0538176827093100e+00 1.2526362858453394e-01
1712 8.8894029775316596e+00 1.2298887739283049e-01
1713 8.9050928851158258e+00 1.2320595430171304e-01
1714 8.8973479379640317e+00 1.2309879948399653e-01
1715 8.8028611960730458e+00 1.2179153302942690e-01
1716 8.7328211421388335e+00 1.2082249746790778e-01
1717 8.7888978742914077e+00 1.2159834420955462e-01
1718 8.6718090856190724e+00 1.1997836829998060e-01
1719 8.6068508095872112e+00 1.1907964141509023e-01
1720 8.6450851871488279e+00 1.1960863117807008e-01
1721 8.5632285705013231e+00 1.1847610817128347e-01
1722 8.4766398306174633e+00 1.1727811411700416e-01
1723 8.4996289194163079e+00 1.1759617847192208e-01
1724 8.4635164294580605e+00 1.1709654597567339e-01
1725 8.3326176034229604e+00 1.1528550200491544e-01
1726 8.3832282023514608e+00 1.1598572234166110e-01
1727 8.3253306671545850e+00 1.1518468397320446e-01
1728 8.2366040127950306e+00 1.1395711091322677e-01
1729 8.2201282784822158e+00 1.1372916173908343e-01
1730 8.2358434692840419e+00 1.1394658845262269e-01
1731 8.0932725102168011e+00 1.1197405528601760e-01
1732 8.1098755776749325e+00 1.1220376617133963e-01
1733 8.0965264235774335e+00 1.1201907463685244e-01
1734 7.9959016610922458e+00 1.1062688591425165e-01
1735 7.9656133022743347e+00 1.1020783288464983e-01
1736 7.9858951209155800e+00 1.1048844094263488e-01
1737 7.8789765610853459e+00 1.0900917471078385e-01
1738 7.8367296007870992e+00 1.0842466906586329e-01
1739 7.8714034555861483e+00 1.0890439739940783e-01
1740 7.7572185014659629e+00 1.0732459734333107e-01
1741 7.7266749937494428e+00 1.0690201421427405e-01
1742 7.7327211362991797e+00 1.0698566530834962e-01
1743 7.6674840118146061e+00 1.0608308043004298e-01
1744 7.5817260763319538e+00 1.0489658092729832e-01
1745 7.6375921036895793e+00 1.0566951247359879e-01
1746 7.5319110569600101e+00 1.0420736779056204e-01
1747 7.4876776104432397e+00 1.0359537821780178e-01
1748 7.4945094925721722e+00 1.0368990037138637e-01
1749 7.4438386258078948e+00 1.0298884620210057e-01
1750 7.3521065894732249e+00 1.0171969233448143e-01
1751 7.3925181320640174e+00 1.0227880415217228e-01
1752 7.3217714570658563e+00 1.0129999217128992e-01
1753 7.2458377621826342e+00 1.0024941544374344e-01
1754 7.2722378271009296e+00 1.0061467218321241e-01
1755 7.2119783337783305e+00 9.9780955064668067e-02
1756 7.1381757314094010e+00 9.8759862957924077e-02
1757 7.1485013864481370e+00 9.8902723026791414e-02
1758 7.1153093305458643e+00 9.8443496045620846e-02
1759 7.0118668388814678e+00 9.7012322775978613e-02
1760 7.0537084827493537e+00 9.7591220686286964e-02
1761 6.9865706592101757e+00 9.6662338784031895e-02
1762 6.9238768064448521e+00 9.5794941210704698e-02
1763 6.9204137344666536e+00 9.5747028056581099e-02
1764 6.9001946300880688e+00 9.5467287678549423e-02
1765 6.7954180453956576e+00 9.4017656633478650e-02
1766 6.8298349504080704e+00 9.4493829951474373e-02
1767 6.7758984789961518e+00 9.3747594677154045e-02
1768 6.7026183488659337e+00 9.2733731208179140e-02
1769 6.7113949443753960e+00 9.2855159343653251e-02
1770 6.6763572968915685e+00 9.2370397775141458e-02
1771 6.5938548346622596e+00 9.1228939205046961e-02
1772 6.6048068401722970e+00 9.1380465113624187e-02
1773 6.5743712108163583e+00 9.0959374530072926e-02
1774 6.4819563032451812e+00 8.9680772832605796e-02
1775 6.5116134739977340e+00 9.0091093092214136e-02
1776 6.4550825961450133e+00 8.9308963041106040e-02
1777 6.3954126968555247e+00 8.8483403220462692e-02
1778 6.3904092396680987e+00 8.8414178146054442e-02
1779 6.3701151901409272e+00 8.8133400868276618e-02
1780 6.2735902162056041e+00 8.6797934559157408e-02
1781 6.3095236319958996e+00 8.7295089483971647e-02
1782 6.2464832597514492e+00 8.6422897658224987e-02
1783 6.1917143750779111e+00 8.5665145573064566e-02
1784 6.1929096174140019e+00 8.5681682286891103e-02
1785 6.1579633379654348e+00 8.5198184836128801e-02
1786 6.0810790651344488e+00 8.4134456436308555e-02
1787 6.1032117118318983e+00 8.4440671530610342e-02
1788 6.0498791772985401e+00 8.3702791993891051e-02
1789 5.9860118149144430e+00 8.2819158388629271e-02
1790 6.0069387544364545e+00 8.3108691983358324e-02
1791 5.9441913436353664e+00 8.2240553410583714e-02
1792 5.8975864919213530e+00 8.1595754383263955e-02
1793 5.9004470725990981e+00 8.1635331800007996e-02
1794 5.8560069569333164e+00 8.1020482866873036e-02
1795 5.7890027590111215e+00 8.0093449734964559e-02
1796 5.8211146987578601e+00 8.0537732824654595e-02
1797 5.7392995507744251e+00 7.9405783555435511e-02
1798 5.7140544259268236e+00 7.9056505929874371e-02
1799 5.7088565854569149e+00 7.8984591475565469e-02
1800 5.6574242001745567e+00 7.8273001356015143e-02
1801 5.6078687700457239e+00 7.7587379752891872e-02
1802 5.6286166028035503e+00 7.7874435325202968e-02
1803 5.5479981363404365e+00 7.6759042681569759e-02
1804 5.5285112246304324e+00 7.6489432517521147e-02
1805 5.5275156720135934e+00 7.6475658600528060e-02
1806 5.4563879691461574e+00 7.5491574928170380e-02
1807 5.4399375543813049e+00 7.5263976061329771e-02
1808 5.4321437211237278e+00 7.5156144882412679e-02
1809 5.3665093389344101e+00 7.4248063765577368e-02
1810 5.3469845693040732e+00 7.3977929820220376e-02
1811 5.3478319872407472e+00 7.3989654227469948e-02
1812 5.2628105624701123e+00 7.2813344680776076e-02
1813 5.2757375004377964e+00 7.2992194665729024e-02
1814 5.2394026881109133e+00 7.2489486239791137e-02
1815 5.1883928062333347e+00 7.1783741644353041e-02
1816 5.1758474930380940e+00 7.1610171609298501e-02
1817 5.1619419863367639e+00 7.1417782686994294e-02
1818 5.0853787761405389e+00 7.0358496332733458e-02
1819 5.1072145861314091e+00 7.0660604558058393e-02
1820 5.0553274720057821e+00 6.9942723061000134e-02
1821 5.0121212204806289e+00 6.9344945191680676e-02
1822 5.0141650609736175e+00 6.9373222641632940e-02
1823 4.9704989343669181e+00 6.8769082194290732e-02
1824 4.9247278086267823e+00 6.8135818139773929e-02
1825 4.9331169403939743e+00 6.8251885540583118e-02
1826 4.8790914215177290e+00 6.7504418254653017e-02
1827 4.8424964885155850e+00 6.6998110942499939e-02
1828 4.8534394467821533e+00 6.7149511678405785e-02
1829 4.7828288518377402e+00 6.6172582426103549e-02
1830 4.7736743996382627e+00 6.6045926473841526e-02
1831 4.7574920723498320e+00 6.5822036717483545e-02
1832 4.7076429732942566e+00 6.5132352073038330e-02
1833 4.6845762554738268e+00 6.4813213685787532e-02
1834 4.6847764885166701e+00 6.4815983999746585e-02
1835 4.6098349600052373e+00 6.3779134338974058e-02
1836 4.6227961824991617e+00 6.3958458665725318e-02
1837 4.5848177361422984e+00 6.3433009825757058e-02
1838 4.5410261915604080e+00 6.2827134164473858e-02
1839 4.5366362688094277e+00 6.2766397614184830e-02
1840 4.5072611038837982e+00 6.2359979031681147e-02
1841 4.4560734628019798e+00 6.1651775057921361e-02
1842 4.4661705702818324e+00 6.1791473068800229e-02
1843 4.4174837429720801e+00 6.1117868975276761e-02
1844 4.3832067612011549e+00 6.0643631558087337e-02
1845 4.3895034479114079e+00 6.0730749043001200e-02
1846 4.3302262101786688e+00 5.9910621871117509e-02
1847 4.3166088013633823e+00 5.9722218912288391e-02
1848 4.3035324129194734e+00 5.9541301212963263e-02
1849 4.2569060903157210e+00 5.8896205126253535e-02
1850 4.2369152008701736e+00 5.8619622204182570e-02
1851 4.2337155910207773e+00 5.8575354166782653e-02
1852 4.1670280528448913e+00 5.7652702164496993e-02
1853 4.1799527257965012e+00 5.7831520811936613e-02
1854 4.1394281787116123e+00 5.7270845526383597e-02
1855 4.1051109725524428e+00 5.6796051586740809e-02
1856 4.0981282684570735e+00 5.6699442743601801e-02
1857 4.0687852882058468e+00 5.6293469450504403e-02
1858 4.0248711753020379e+00 5.5685898001511414e-02
1859 4.0351937145508430e+00 5.5828714962027529e-02
1860 3.9812090424839202e+00 5.5081812810025582e-02
1861 3.9633526327410258e+00 5.4834761372027349e-02
1862 3.9574056403155549e+00 5.4752482064393190e-02
1863 3.9057185001018540e+00 5.4037367296101514e-02
1864 3.8982607177677804e+00 5.3934185532441330e-02
1865 3.8795841545178784e+00 5.3675786902806985e-02
1866 3.8356037886121785e+00 5.3067298813816124e-02
1867 3.8285122160082228e+00 5.2969183726029601e-02
1868 3.8087006097125076e+00 5.2695081266751133e-02
1869 3.7586835885251464e+00 5.2003073344293889e-02
1870 3.7716699630504840e+00 5.2182745660681283e-02
1871 3.7217848119642483e+00 5.1492562220221312e-02
1872 3.7039343556441322e+00 5.1245593150497530e-02
1873 3.6930053083678640e+00 5.1094384879382046e-02
1874 3.6569689000415573e+00 5.0595805006636442e-02
1875 3.6318663924556036e+00 5.0248500554858883e-02
1876 3.6317974573273779e+00 5.0247546806440141e-02
1877 3.5764503080436882e+00 4.9481794171026987e-02
1878 3.5790898253217533e+00 4.9518313076482023e-02
1879 3.5520008424507101e+00 4.9143524848133717e-02
1880 3.5147624554504810e+00 4.8628315061306208e-02
1881 3.5138527527135701e+00 4.8615728915908520e-02
1882 3.4807855948706714e+00 4.8158229955410393e-02
1883 3.4516023229282369e+00 4.7754466298399731e-02
1884 3.4493604929048591e+00 4.7723449574489513e-02
1885 3.4108919915945530e+00 4.7191220604434099e-02
1886 3.3890236775003286e+00 4.6888662670260067e-02
1887 3.3876595702009418e+00 4.6869789633924665e-02
1888 3.3360290378682511e+00 4.6155458061057322e-02
1889 3.3391569969397916e+00 4.6198734777807796e-02
1890 3.3101654249331469e+00 4.5797623375392706e-02
1891 3.2809771970815778e+00 4.5393791151156264e-02
1892 3.2719692464403858e+00 4.5269162113664045e-02
1893 3.2494321535434199e+00 4.4957351324784116e-02
1894 3.2127270009635440e+00 4.4449519075335904e-02
1895 3.2204843243494374e+00 4.4556845123802334e-02
1896 3.1723406851950782e+00 4.3890756282047035e-02
1897 3.1652318156359751e+00 4.3792401883127781e-02
1898 3.1494590349761076e+00 4.3574178388071524e-02
1899 3.1137709317857927e+00 4.3080417473109034e-02
1900 3.1061630543122591e+00 4.2975159075871662e-02
1901 3.0868079620936038e+00 4.2707372693611363e-02
1902 3.0518309780457131e+00 4.2223450430945365e-02
1903 3.0517294103962738e+00 4.2222045196958838e-02
1904 3.0203214144268928e+00 4.1787501485171200e-02
1905 2.9955237549142866e+00 4.1444414743223093e-02
1906 2.9958570908406901e+00 4.1449026595277355e-02
1907 2.9521766146404671e+00 4.0844687614872463e-02
1908 2.9486612157423373e+00 4.0796050494341221e-02
1909 2.9279615206918157e+00 4.0509660928802087e-02
1910 2.8990938077692481e+00 4.0110263172370202e-02
1911 2.8897312520056651e+00 3.9980728013957280e-02
1912 2.8717343672513778e+00 3.9731733041168615e-02
1913 2.8369238604800757e+00 3.9250114066294924e-02
1914 2.8434083570896926e+00 3.9339829985405597e-02
1915 2.8012529012662761e+00 3.8756590345937175e-02
1916 2.7938983178721215e+00 3.8654836385898998e-02
1917 2.7787571022371504e+00 3.8445350876240514e-02
1918 2.7483731185561320e+00 3.8024974833766607e-02
1919 2.7396030408725309e+00 3.7903636875336745e-02
1920 2.7227299013217348e+00 3.7670189421476215e-02
1921 2.6911244154769958e+00 3.7232913348682090e-02
1922 2.6914961110050402e+00 3.7238055923030630e-02
1923 2.6606578899293472e+00 3.6811395302460526e-02
1924 2.6423195426697301e+00 3.6557676042753118e-02
1925 2.6383114733030006e+00 3.6502222605309387e-02
1926 2.6010288274474775e+00 3.5986400477367286e-02
1927 2.5986062040672224e+00 3.5952882396272715e-02
1928 2.5771105810626818e+00 3.5655480810489047e-02
1929 2.5530733923896873e+00 3.5322915523703938e-02
1930 2.5455733329023209e+00 3.5219148836665208e-02
1931 2.5248244003601523e+00 3.4932078048344459e-02
1932 2.4990982767905767e+00 3.4576145589720567e-02
1933 2.5014022312271211e+00 3.4608021832751856e-02
1934 2.4620935351436368e+00 3.4064168391153678e-02
1935 2.4612654798973383e+00 3.4052711875410278e-02
1936 2.4402341174898861e+00 3.3761733543223954e-02
1937 2.4174547604481824e+00 3.3446570921237886e-02
1938 2.4101416205696551e+00 3.3345390350827231e-02
1939 2.3898550713575206e+00 3.3064716843272106e-02
1940 2.3669454718299070e+00 3.2747752258075302e-02
1941 2.3657671813024237e+00 3.2731450080124312e-02
1942 2.3329947070247425e+00 3.2278028198926549e-02
1943 2.3264654982104020e+00 3.2187693666408584e-02
1944 2.3124296109062912e+00 3.1993500869984794e-02
1945 2.2845119831582554e+00 3.1607247968087969e-02
1946 2.2838755686540573e+00 3.1598442887968904e-02
1947 2.2576917962107022e+00 3.1236178651905238e-02
1948 2.2430228267325196e+00 3.1033226879644337e-02
1949 2.2345639747376991e+00 3.0916194868214033e-02
1950 2.2101161638087481e+00 3.0577948438339754e-02
1951 2.1979574388476690e+00 3.0409727024902772e-02
1952 2.1895251122870389e+00 3.0293062004752049e-02
1953 2.1585071286110740e+00 2.9863914287977557e-02
1954 2.1621112591590892e+00 2.9913779050684115e-02
1955 2.1328488979336830e+00 2.9508921157969308e-02
1956 2.1227924581815825e+00 2.9369785803344751e-02
1957 2.1118376392300005e+00 2.9218220969541828e-02
1958 2.0896176447944161e+00 2.8910797380104523e-02
1959 2.0789700604580164e+00 2.8763483275007794e-02
1960 2.0684048445695384e+00 2.8617308774333102e-02
1961 2.0419482355732441e+00 2.8251269722183076e-02
1962 2.0425553234677842e+00 2.8259669055503547e-02
1963 2.0168483388886322e+00 2.7904001393396657e-02
1964 2.0052436839150087e+00 2.7743445786755302e-02
1965 1.9976791470158322e+00 2.7638787025803874e-02
1966 1.9718877639637378e+00 2.7281951672968249e-02
1967 1.9683737982059004e+00 2.7233334380575767e-02
1968 1.9504142439923962e+00 2.6984855892562852e-02
1969 1.9329978514060930e+00 2.6743892289288675e-02
1970 1.9272459663453074e+00 2.6664312379557208e-02
1971 1.9071159715418804e+00 2.6385804872466504e-02
1972 1.8932787313324007e+00 2.6194360447696890e-02
1973 1.8886188486233280e+00 2.6129888880301457e-02
1974 1.8605299748222264e+00 2.5741266712450805e-02
1975 1.8623253349694033e+00 2.5766106325366907e-02
1976 1.8391234409230155e+00 2.5445097714398863e-02
1977 1.8281879240208982e+00 2.5293799933107909e-02
1978 1.8192234675627319e+00 2.5169772657146469e-02
1979 1.8006366523672452e+00 2.4912615732100005e-02
1980 1.7896038918367900e+00 2.4759972541593935e-02
1981 1.7818543997141714e+00 2.4652754842167498e-02
1982 1.7579729912916207e+00 2.4322344845019998e-02
1983 1.7585547851354602e+00 2.4330394223803786e-02
1984 1.7361020935877820e+00 2.4019751165448116e-02
1985 1.7264417489195316e+00 2.3886095963970701e-02
1986 1.7187311741380693e+00 2.3779416703414911e-02
1987 1.6975476314617333e+00 2.3486332888950565e-02
1988 1.6935315900139185e+00 2.3430769154189273e-02
1989 1.6781412026839539e+00 2.3217836242368600e-02
1990 1.6631641062689724e+00 2.3010621395731706e-02
1991 1.6581961954663369e+00 2.2941888121500786e-02
1992 1.6397602599368761e+00 2.2686818684308437e-02
1993 1.6297040572094790e+00 2.2547686609026962e-02
1994 1.6232084233185990e+00 2.2457816600634568e-02
1995 1.6007055132496608e+00 2.2146478746512557e-02
1996 1.6018815521197716e+00 2.2162749771773852e-02
1997 1.5804857827451013e+00 2.1866729705747181e-02
1998 1.5732465077399482e+00 2.1766571088990560e-02
1999 1.5636474121136070e+00 2.1633763295480231e-02
2000 1.5478208531575417e+00 2.1414795753574689e-02
