# step 12
# iter abs_residual rel_residual
0 7.2278104865845847e+01 1.0000000000000000e+00
1 1.1546600861375250e+03 1.5975240195916451e+01
2 1.1527745212176255e+03 1.5949152559509836e+01
3 1.1585072720811627e+03 1.6028467739040035e+01
4 1.2484330970662088e+03 1.7272631862490087e+01
5 1.4402468346342732e+03 1.9926460956710066e+01
6 1.2677694538270764e+03 1.7540159031288404e+01
7 1.4124522130195348e+03 1.9541909899839837e+01
8 1.3004236603879187e+03 1.7991944625576622e+01
9 1.3783981910462644e+03 1.9070757231455996e+01
10 1.3232324643114525e+03 1.8307514658380732e+01
11 1.3547601259469886e+03 1.8743713998333739e+01
12 1.3364428175032645e+03 1.8490285820080825e+01
13 1.3388396176551332e+03 1.8523446625228075e+01
14 1.3429152194674566e+03 1.8579834404347189e+01
15 1.3277325809238000e+03 1.8369775790167463e+01
16 1.3450051727492255e+03 1.8608749845415378e+01
17 1.3195692023759477e+03 1.8256831786405822e+01
18 1.3443069584351581e+03 1.8599089737207461e+01
19 1.3132163294694906e+03 1.8168936940266057e+01
20 1.3418458874595842e+03 1.8565039716386607e+01
21 1.3079856800740392e+03 1.8096568559756360e+01
22 1.3382737217509928e+03 1.8515617201570791e+01
23 1.3034526903343121e+03 1.8033852613507623e+01
24 1.3340055733954860e+03 1.8456565454663082e+01
25 1.2993510853109040e+03 1.7977105068299828e+01
26 1.3293075319970474e+03 1.8391565944684803e+01
27 1.2955114809383490e+03 1.7923982419612766e+01
28 1.3243513570123162e+03 1.8322995040758499e+01
29 1.2918249965159596e+03 1.7872978254115736e+01
30 1.3192485335198858e+03 1.8252395188951347e+01
31 1.2882212246136201e+03 1.7823118453432965e+01
32 1.3140716232933949e+03 1.8180770313948059e+01
33 1.2846546044810445e+03 1.7773772664148705e+01
34 1.3088677968924646e+03 1.8108773041598582e+01
35 1.2810958289428049e+03 1.7724535408345652e+01
36 1.3036675101295243e+03 1.8036824741728346e+01
37 1.2775263299655574e+03 1.7675149788954098e+01
38 1.2984901357300191e+03 1.7965193444683205e+01
39 1.2739346838618064e+03 1.7625457754133631e+01
40 1.2933476589210029e+03 1.7894044971455234e+01
41 1.2703142383685513e+03 1.7575367266841873e+01
42 1.2882471280013876e+03 1.7823476838421275e+01
43 1.2666615286055885e+03 1.7524830388907088e+01
44 1.2831922934634676e+03 1.7753540935324452e+01
45 1.2629752087396171e+03 1.7473828500121908e+01
46 1.2781847130486624e+03 1.7684258814215994e+01
47 1.2592553284046710e+03 1.7422362287195455e+01
48 1.2732245007415006e+03 1.7615632052122987e+01
49 1.2555028382781461e+03 1.7370444903175912e+01
50 1.2683108376857842e+03 1.7547649319802648e+01
51 1.2517192522230603e+03 1.7318097293037152e+01
52 1.2634423194689612e+03 1.7480291186577386e+01
53 1.2479064168625225e+03 1.7265345005638157e+01
54 1.2586171941785365e+03 1.7413533413952045e+01
55 1.2440663539089207e+03 1.7212216012276624e+01
56 1.2538335239659818e+03 1.7347349190923044e+01
57 1.2402011533674315e+03 1.7158739229111603e+01
58 1.2490892942246833e+03 1.7281710644504258e+01
59 1.2363129023455333e+03 1.7104943532211205e+01
60 1.2443824862356048e+03 1.7216589844812365e+01
61 1.2324036388435823e+03 1.7050857118224467e+01
62 1.2397111252412365e+03 1.7151959470191464e+01
63 1.2284753213143172e+03 1.6996507083223463e+01
64 1.2350733099346924e+03 1.7087793215207991e+01
65 1.2245298121543115e+03 1.6941919194300130e+01
66 1.2304672309103591e+03 1.7024066045923703e+01
67 1.2205688672034300e+03 1.6887117744286559e+01
68 1.2258911806675956e+03 1.6960754338301360e+01
69 1.2165941326641428e+03 1.6832125509132293e+01
70 1.2213435565442917e+03 1.6897835918791820e+01
71 1.2126071450134032e+03 1.6776963746685148e+01
72 1.2168228618977753e+03 1.6835290080672415e+01
73 1.2086093333596036e+03 1.6721652229300737e+01
74 1.2123277032837748e+03 1.6773097545016647e+01
75 1.2046020237667174e+03 1.6666209303668914e+01
76 1.2078567863334486e+03 1.6711240403651022e+01
77 1.2005864443564296e+03 1.6610651961404045e+01
78 1.2034089109100876e+03 1.6649702052145866e+01
79 1.1965637310966906e+03 1.6554995919132246e+01
80 1.1989829658859405e+03 1.6588467117550362e+01
81 1.1925349333544580e+03 1.6499255695316052e+01
82 1.1945779226431400e+03 1.6527521368474943e+01
83 1.1885010204049661e+03 1.6443444700313083e+01
84 1.1901928302487822e+03 1.6466851648336363e+01
85 1.1844628864411918e+03 1.6387575305684248e+01
86 1.1858268092570888e+03 1.6406445789607815e+01
87 1.1804213570168542e+03 1.6331658933335540e+01
88 1.1814790463301467e+03 1.6346292539394465e+01
89 1.1763771933523124e+03 1.6275706115092060e+01
90 1.1771487897181621e+03 1.6286381496900727e+01
91 1.1723310979354426e+03 1.6219726570188666e+01
92 1.1728353439170544e+03 1.6226703039515687e+01
93 1.1682837191229842e+03 1.6163729268931657e+01
94 1.1685380650382576e+03 1.6167248258752235e+01
95 1.1642356550318550e+03 1.6107722486536868e+01
96 1.1642563576319403e+03 1.6108008916294867e+01
97 1.1601874578349355e+03 1.6051713862563766e+01
98 1.1599896696502929e+03 1.6048977374314529e+01
99 1.1561396376451112e+03 1.5995710454652929e+01
100 1.1557374897054249e+03 1.5990146557530382e+01
101 1.1520926651050383e+03 1.5939718774356603e+01
102 1.1514993435987656e+03 1.5931509905192502e+01
103 1.1480469756784378e+03 1.5883744846510684e+01
104 1.1472747910265498e+03 1.5873061325500812e+01
105 1.1440029715528246e+03 1.5827794235559841e+01
106 1.1430634233289434e+03 1.5814795164463206e+01
107 1.1399610245722890e+03 1.5771872086133847e+01
108 1.1388648605586536e+03 1.5756706165338468e+01
109 1.1359214789444416e+03 1.5715983160499379e+01
110 1.1346787494226278e+03 1.5698789440158754e+01
111 1.1318846530403093e+03 1.5660131863462400e+01
112 1.1305047609337062e+03 1.5641040437239143e+01
113 1.1278508414169858e+03 1.5604322270352418e+01
114 1.1263425889435987e+03 1.5583454920880728e+01
115 1.1238203171284258e+03 1.5548558158993369e+01
116 1.1221919476107823e+03 1.5526028936337825e+01
117 1.1197933329738082e+03 1.5492843026975285e+01
118 1.1180525705924233e+03 1.5468758798637866e+01
119 1.1157701230423368e+03 1.5437180113027294e+01
120 1.1139242088677188e+03 1.5411641062466350e+01
121 1.1117509047697051e+03 1.5381572425469745e+01
122 1.1098066298867329e+03 1.5354672510390609e+01
123 1.1077358792263099e+03 1.5326022746201764e+01
124 1.1056996160754163e+03 1.5297850132176078e+01
125 1.1037252332627609e+03 1.5270533660385347e+01
126 1.1016029635330874e+03 1.5241171106765373e+01
127 1.0997191401756147e+03 1.5215107565656080e+01
128 1.0975164815434155e+03 1.5184632795512513e+01
129 1.0957177605424376e+03 1.5159746683676621e+01
130 1.0934399909868628e+03 1.5128232720218357e+01
131 1.0917212434669839e+03 1.5104453077364285e+01
132 1.0893733238513264e+03 1.5071968556360098e+01
133 1.0877297275775843e+03 1.5049228664704211e+01
134 1.0853163221768932e+03 1.5015838118491489e+01
135 1.0837433411672362e+03 1.4994075220687559e+01
136 1.0812688376701155e+03 1.4959839354906165e+01
137 1.0797622035142217e+03 1.4938994395582865e+01
138 1.0772307304171445e+03 1.4903970329833275e+01
139 1.0757864254724168e+03 1.4883987723103221e+01
140 1.0732018690391710e+03 1.4848229225588062e+01
141 1.0718161096222118e+03 1.4829056622494340e+01
142 1.0691821292847458e+03 1.4792614323095997e+01
143 1.0678513515703921e+03 1.4774202416518982e+01
144 1.0651713940624866e+03 1.4737124002345288e+01
145 1.0638922397489107e+03 1.4719426328672879e+01
146 1.0611695529638000e+03 1.4681756735783521e+01
147 1.0599388563581240e+03 1.4664729496234832e+01
148 1.0571765012101162e+03 1.4626511073752187e+01
149 1.0559912776356105e+03 1.4610112973985936e+01
150 1.0531921400327817e+03 1.4571385649742666e+01
151 1.0520495743120141e+03 1.4555577740516375e+01
152 1.0492163758017630e+03 1.4516379168341443e+01
153 1.0481138117915025e+03 1.4501124700722142e+01
154 1.0452491196662177e+03 1.4461490400257265e+01
155 1.0441840510120569e+03 1.4446754697707544e+01
156 1.0412902872589500e+03 1.4406718178232136e+01
157 1.0402603481843564e+03 1.4392468509172533e+01
158 1.0373397988396905e+03 1.4352061399023661e+01
159 1.0363427553354829e+03 1.4338266854935128e+01
160 1.0333975781027714e+03 1.4297519006908702e+01
161 1.0324313207363125e+03 1.4284150402844549e+01
162 1.0294635529043164e+03 1.4243090003744372e+01
163 1.0285260887849226e+03 1.4230119767168111e+01
164 1.0255376543608577e+03 1.4188773436496994e+01
165 1.0246271007435157e+03 1.4176175518786893e+01
166 1.0216198166708808e+03 1.4134568394773105e+01
167 1.0207343943746525e+03 1.4122318180162861e+01
168 1.0177099774287036e+03 1.4080474015162098e+01
169 1.0168480047089269e+03 1.4068548235959991e+01
170 1.0138080767373384e+03 1.4026489468962284e+01
171 1.0129679638449668e+03 1.4014866130277202e+01
172 1.0099140573906187e+03 1.3972613964700692e+01
173 1.0090943013405156e+03 1.3961272272059128e+01
174 1.0060278648025677e+03 1.3918846747155847e+01
175 1.0052270441555904e+03 1.3907767034309700e+01
176 1.0021494466797359e+03 1.3865187092824423e+01
177 1.0013662172155408e+03 1.3854350761882309e+01
178 9.9827875258428469e+02 1.3811634303876295e+01
179 9.9751184302698778e+02 1.3801023766166150e+01
180 9.9441573467223873e+02 1.3758187718368609e+01
181 9.9366394213110539e+02 1.3747786331357581e+01
182 9.9056034660976070e+02 1.3704846695251941e+01
183 9.8982253330694027e+02 1.3694638717273135e+01
184 9.8671254400457951e+02 1.3651610620339310e+01
185 9.8598763320214482e+02 1.3641581154240550e+01
186 9.8287228418027223e+02 1.3598478903183262e+01
187 9.8215925727235845e+02 1.3588613856095527e+01
188 9.7903952593262511e+02 1.3545450973705019e+01
189 9.7833741900902271e+02 1.3535737009498217e+01
190 9.7521422962337351e+02 1.3492526283491411e+01
191 9.7452213053168680e+02 1.3482950782128013e+01
192 9.7139635705752744e+02 1.3439704304097619e+01
193 9.7071340264631760e+02 1.3430255323490318e+01
194 9.6758587122221240e+02 1.3386984523433922e+01
195 9.6691124481864301e+02 1.3377650764547720e+01
196 9.6378273646049820e+02 1.3334366448170698e+01
197 9.6311566502262394e+02 1.3325137215623547e+01
198 9.5998691833286591e+02 1.3281849601821758e+01
199 9.5932667049500003e+02 1.3272714776841338e+01
200 9.5619838332430027e+02 1.3229433520691829e+01
201 9.5554426703428896e+02 1.3220383528426185e+01
202 9.5241709909062308e+02 1.3177117757284702e+01
203 9.5176845945133596e+02 1.3168143536938290e+01
204 9.4864303432141207e+02 1.3124901878406638e+01
205 9.4799925168118375e+02 1.3115994856820734e+01
206 9.4487615845585003e+02 1.3072785461235023e+01
207 9.4423664670828009e+02 1.3063937529364688e+01
208 9.4111644193148368e+02 1.3020768096760060e+01
209 9.4048064648302659e+02 1.3011971581554837e+01
210 9.3736385591334249e+02 1.2968849386036995e+01
211 9.3673125252493901e+02 1.2960097034414362e+01
212 9.3361837237630277e+02 1.2917028941325674e+01
213 9.3298846505337576e+02 1.2908313890978183e+01
214 9.2987996415292093e+02 1.2865306386752327e+01
215 9.2925228388289543e+02 1.2856622148680637e+01
216 9.2614860447984677e+02 1.2813681352033999e+01
217 9.2552270815972224e+02 1.2805021795709353e+01
218 9.2242426760243109e+02 1.2762153480843569e+01
219 9.2179973606358260e+02 1.2753512806880027e+01
220 9.1870692806517968e+02 1.2710722420992857e+01
221 9.1808336550753518e+02 1.2702095153318892e+01
222 9.1499656116696622e+02 1.2659387830730699e+01
223 9.1437359359186883e+02 1.2650768794907144e+01
224 9.1129314270461180e+02 1.2608149375195261e+01
225 9.1067041698915409e+02 1.2599533685608302e+01
226 9.0759664896081392e+02 1.2557006726247023e+01
227 9.0697383169890009e+02 1.2548389770073783e+01
228 9.0390705672528702e+02 1.2505959562761273e+01
229 9.0328383340695746e+02 1.2497336988615393e+01
230 9.0022434340334451e+02 1.2455007572130391e+01
231 8.9960041708207655e+02 1.2446375271623536e+01
232 8.9654848648809389e+02 1.2404150442961422e+01
233 8.9592357757050650e+02 1.2395504547793760e+01
234 8.9287946419371553e+02 1.2353387873837780e+01
235 8.9225330891527312e+02 1.2344724734708654e+01
236 8.8921725519006543e+02 1.2302719569647355e+01
237 8.8858960492044457e+02 1.2294035746644720e+01
238 8.8556183822496143e+02 1.2252145236356675e+01
239 8.8493245909428288e+02 1.2243437493785855e+01
240 8.8191319253658355e+02 1.2201664586716648e+01
241 8.8128186447242354e+02 1.2192929879776949e+01
242 8.7827129783247358e+02 1.2151277339972014e+01
243 8.7763781374632993e+02 1.2142512803501122e+01
244 8.7463613381002347e+02 1.2100983215227082e+01
245 8.7400029932622442e+02 1.2092186159950394e+01
246 8.7100768086104233e+02 1.2050781941193737e+01
247 8.7036931317645667e+02 1.2041949837947941e+01
248 8.6738591940290792e+02 1.2000673246937618e+01
249 8.6674484725040770e+02 1.1991803726165179e+01
250 8.6377083001916697e+02 1.1950656863823383e+01
251 8.6312689283092845e+02 1.1941747703996439e+01
252 8.6016239401648977e+02 1.1900732533220433e+01
253 8.5951544118118784e+02 1.1891781650563745e+01
254 8.5656059241349374e+02 1.1850899992512826e+01
255 8.5591048331269963e+02 1.1841905441507361e+01
256 8.5296540675305391e+02 1.1801158986337956e+01
257 8.5231200980639323e+02 1.1792118946510218e+01
258 8.4937681873212546e+02 1.1751509261464992e+01
259 8.4872001123437258e+02 1.1742422035133147e+01
260 8.4579481023399512e+02 1.1701950567241081e+01
261 8.4513447784197297e+02 1.1692814572415983e+01
262 8.4221936322877480e+02 1.1652482654214630e+01
263 8.4155539962054922e+02 1.1643296419884635e+01
264 8.3865046014691450e+02 1.1603105279303037e+01
265 8.3798276641908785e+02 1.1593867437095277e+01
266 8.3508808331818432e+02 1.1553818198030745e+01
267 8.3441656792420019e+02 1.1544527481357550e+01
268 8.3153221536817023e+02 1.1504621170014943e+01
269 8.3085679340968909e+02 1.1495276404269704e+01
270 8.2798283914356387e+02 1.1455513957931917e+01
271 8.2730343237751572e+02 1.1446114060586666e+01
272 8.2443993739994642e+02 1.1406496323197395e+01
273 8.2375647377228916e+02 1.1397040297352143e+01
274 8.2090349337126884e+02 1.1357568033845570e+01
275 8.2021590649476002e+02 1.1348054961003042e+01
276 8.1737349013468167e+02 1.1308728855741231e+01
277 8.1668171944365997e+02 1.1299157897948334e+01
278 8.1384991106389714e+02 1.1259978558852229e+01
279 8.1315390119850349e+02 1.1250348950180481e+01
280 8.1033273951045612e+02 1.1211316912839660e+01
281 8.0963244025442009e+02 1.1201627958524439e+01
282 8.0682195906191566e+02 1.1162743690630020e+01
283 8.0611732501043468e+02 1.1152994762475513e+01
284 8.0331755331963291e+02 1.1114258665340726e+01
285 8.0260854365382340e+02 1.1104449198599374e+01
286 7.9981950615320034e+02 1.1065861613800356e+01
287 7.9910608423083693e+02 1.1055991101510534e+01
288 7.9632780127283309e+02 1.1017552310632432e+01
289 7.9560993485280449e+02 1.1007620306723902e+01
290 7.9284242268560263e+02 1.0969330534567611e+01
291 7.9212008323969269e+02 1.0959336644339709e+01
292 7.8936335448909188e+02 1.0921196065588822e+01
293 7.8863651723982434e+02 1.0911139946234051e+01
294 7.8589058052272128e+02 1.0873148680107196e+01
295 7.8515922454880695e+02 1.0863030042170136e+01
296 7.8242408522129483e+02 1.0825188162771267e+01
297 7.8168819265299646e+02 1.0815006759016088e+01
298 7.7896385265697597e+02 1.0777314293212273e+01
299 7.7822340903310692e+02 1.0767069923561971e+01
300 7.7550986720961544e+02 1.0729526855318440e+01
301 7.7476486104819639e+02 1.0719219360914680e+01
302 7.7206211321001888e+02 1.0681825632299438e+01
303 7.7131253598769092e+02 1.0671454895217728e+01
304 7.6862057518716927e+02 1.0634210410106805e+01
305 7.6786642094200613e+02 1.0623776347861220e+01
306 7.6518523750126189e+02 1.0586680972356831e+01
307 7.6442650311660952e+02 1.0576183541827065e+01
308 7.6175608487700492e+02 1.0539237107708999e+01
309 7.6099276934681473e+02 1.0528676294975918e+01
310 7.5833310178240970e+02 1.0491878601271281e+01
311 7.5756520684453449e+02 1.0481254430378858e+01
312 7.5491627275332462e+02 1.0444605239090203e+01
313 7.5414380217740040e+02 1.0433917762193044e+01
314 7.5150558279941038e+02 1.0397416813767697e+01
315 7.5072854235992452e+02 1.0386666110758423e+01
316 7.4810101621287583e+02 1.0350313107979426e+01
317 7.4731941401701147e+02 1.0339499291024554e+01
318 7.4470255811387653e+02 1.0303293915856070e+01
319 7.4391640374395763e+02 1.0292417117531349e+01
320 7.4131019305217740e+02 1.0256359023636696e+01
321 7.4051949826651423e+02 1.0245419406623622e+01
322 7.3792390604519164e+02 1.0209508224030493e+01
323 7.3712868386950652e+02 1.0198505968545778e+01
324 7.3454368180300526e+02 1.0162741305494647e+01
325 7.3374394726859543e+02 1.0151676619503029e+01
326 7.3116950527665665e+02 1.0116058059820022e+01
327 7.3036527465604956e+02 1.0104931168459219e+01
328 7.2780136136162287e+02 1.0069458278028769e+01
329 7.2699265252846226e+02 1.0058269428588655e+01
330 7.2443923489449674e+02 1.0022941750328346e+01
331 7.2362606703661561e+02 1.0011691208281201e+01
332 7.2108311097137073e+02 9.9765082705165096e+00
333 7.2026550458756333e+02 9.9651963194723461e+00
334 7.1773297436949690e+02 9.9301576279797157e+00
335 7.1691095113173913e+02 9.9187845677800386e+00
336 7.1438881029770835e+02 9.8838896180755320e+00
337 7.1356239292379564e+02 9.8724557630312333e+00
338 7.1105060356940726e+02 9.8377040306905688e+00
339 7.1021981597393176e+02 9.8262097116707547e+00
340 7.0771833938695750e+02 9.7916006610928914e+00
341 7.0688320629433258e+02 9.7800462201709131e+00
342 7.0439200252730984e+02 9.7455792986647864e+00
343 7.0355254992892651e+02 9.7339650954431960e+00
344 7.0107157832371161e+02 9.6996397404851518e+00
345 7.0022783261126244e+02 9.6879661401048534e+00
346 6.9775705161295866e+02 9.6537817767642569e+00
347 6.9690904045643822e+02 9.6420491620520377e+00
348 6.9444840747011779e+02 9.6080052010089574e+00
349 6.9359615906135389e+02 9.5962139620113973e+00
350 6.9114563108596838e+02 9.5623098083270435e+00
351 6.9028917440071893e+02 9.5504603459367523e+00
352 6.8784870736084110e+02 9.5166953898078166e+00
353 6.8698807203400952e+02 9.5047881140369732e+00
354 6.8455762145560084e+02 9.4711617401451864e+00
355 6.8369283784523509e+02 9.4591970710110012e+00
356 6.8127235837662329e+02 9.4257086518956363e+00
357 6.8040345729541013e+02 9.4136870157054524e+00
358 6.7799290332578278e+02 9.3803359203204586e+00
359 6.7711991612031920e+02 9.3682577507685050e+00
360 6.7471924113830789e+02 9.3350433356082423e+00
361 6.7384219985946595e+02 9.3229090761327083e+00
362 6.7145135713613877e+02 9.2898306946814415e+00
363 6.7057029403966544e+02 9.2776407915550561e+00
364 6.6818923610332615e+02 9.2446977870205753e+00
365 6.6730418422693219e+02 9.2324526973348853e+00
366 6.6493286331415788e+02 9.1996444088888101e+00
367 6.6404385568624775e+02 9.1873445896066066e+00
368 6.6168222374595723e+02 9.1546703524406770e+00
369 6.6078929408117961e+02 9.1423162700192435e+00
370 6.5843730240247896e+02 9.1097754101963950e+00
371 6.5754048451980998e+02 9.0973675325364383e+00
372 6.5519808441154839e+02 9.0649593763927587e+00
373 6.5429741253372458e+02 9.0524981769811870e+00
374 6.5196455475739594e+02 9.0202220432798583e+00
375 6.5106006326759132e+02 9.0077079978233066e+00
376 6.4873669848804957e+02 8.9755632039904558e+00
377 6.4782842214735274e+02 8.9629967934241765e+00
378 6.4551450051199299e+02 8.9309826497266549e+00
379 6.4460247421802683e+02 8.9183643568749122e+00
380 6.4229794603207597e+02 8.8864801757632446e+00
381 6.4138220481184521e+02 8.8738104852403605e+00
382 6.3908701979250361e+02 8.8420555710294568e+00
383 6.3816759899543956e+02 8.8293349719106704e+00
384 6.3588170698038709e+02 8.7977086305823349e+00
385 6.3495864190206657e+02 8.7849376111977815e+00
386 6.3268199237018314e+02 8.7534391437696559e+00
387 6.3175531872183171e+02 8.7406181982001598e+00
388 6.2948786104183853e+02 8.7092469041657932e+00
389 6.2855761424992977e+02 8.6963765225525052e+00
390 6.2629929790450819e+02 8.6651317029821353e+00
391 6.2536551373044279e+02 8.6522123801000728e+00
392 6.2311628782980631e+02 8.6210933309106785e+00
393 6.2217900199907012e+02 8.6081255610379639e+00
394 6.1993881576348383e+02 8.5771315796691354e+00
395 6.1899806409466782e+02 8.5641158583720411e+00
396 6.1676686648745965e+02 8.5332462387085286e+00
397 6.1582268482351878e+02 8.5201830618904122e+00
398 6.1360042501106523e+02 8.4894371006262332e+00
399 6.1265284918065038e+02 8.4763269639925518e+00
400 6.1043947597808813e+02 8.4457039529621643e+00
401 6.0948854185835410e+02 8.4325473528894452e+00
402 6.0728400447024728e+02 8.4020465893152121e+00
403 6.0632974771328327e+02 8.3888440190660987e+00
404 6.0413399502053414e+02 8.3584647956923739e+00
405 6.0317645159933738e+02 8.3452167529694208e+00
406 6.0098943263588603e+02 8.3149583646579028e+00
407 6.0002863802603235e+02 8.3016653402816143e+00
408 5.9785030189009581e+02 8.2715270827833063e+00
409 5.9688629199445438e+02 8.2581895734859785e+00
410 5.9471658764009146e+02 8.2281707405573901e+00
411 5.9374939782373713e+02 8.2147892356306969e+00
412 5.9158827463071134e+02 8.1848891269181472e+00
413 5.9061794040955363e+02 8.1714641177406282e+00
414 5.8846534737121544e+02 8.1416820275442454e+00
415 5.8749190419283229e+02 8.1282140045490401e+00
416 5.8534779073275251e+02 8.0985492331212416e+00
417 5.8437127384063547e+02 8.0850386839178618e+00
418 5.8223558916670925e+02 8.0554905285270930e+00
419 5.8125603374199977e+02 8.0419379398624127e+00
420 5.7912872750044664e+02 8.0125057038415370e+00
421 5.7814616845632349e+02 7.9989115587550437e+00
422 5.7602719012677267e+02 7.9695945431320716e+00
423 5.7504166241585438e+02 7.9559593252089185e+00
424 5.7293096180227053e+02 7.9267568354991855e+00
425 5.7194249998237149e+02 7.9130810228622366e+00
426 5.6984002684748680e+02 7.8839923640106102e+00
427 5.6884866568147231e+02 7.8702764376196992e+00
428 5.6675436994530025e+02 7.8413009167471026e+00
429 5.6576014366027084e+02 7.8275453501495171e+00
430 5.6367397543467337e+02 7.7986822770311832e+00
431 5.6267691846891194e+02 7.7848875466960141e+00
432 5.6059882782517889e+02 7.7561362305458443e+00
433 5.5959897411047496e+02 7.7423028059346191e+00
434 5.5752891158004604e+02 7.7136625623328934e+00
435 5.5652629506250173e+02 7.6997909131051605e+00
436 5.5446421094627181e+02 7.6712610544424669e+00
437 5.5345886535633042e+02 7.6573516472740391e+00
438 5.5140471043233310e+02 7.6289314925423950e+00
439 5.5039666927512462e+02 7.6149847909917732e+00
440 5.4835039423470948e+02 7.5866736579838845e+00
441 5.4733969080393138e+02 7.5726901226843069e+00
442 5.4530124683697522e+02 7.5444873360902243e+00
443 5.4428791409988310e+02 7.5304674231584592e+00
444 5.4225725228312240e+02 7.5023723061028900e+00
445 5.4124132322858429e+02 7.4883164719547235e+00
446 5.3921839500086560e+02 7.4603283525723265e+00
447 5.3819990213940946e+02 7.4462370470054946e+00
448 5.3618465897521264e+02 7.4183552539239344e+00
449 5.3516363495327744e+02 7.4042289286165639e+00
450 5.3315602853076791e+02 7.3764527932815849e+00
451 5.3213250538234786e+02 7.3622918914383533e+00
452 5.3013248771674307e+02 7.3346207499589662e+00
453 5.2910649755362010e+02 7.3204257158607797e+00
454 5.2711402066300127e+02 7.2928589043856169e+00
455 5.2608559507529435e+02 7.2786301750959410e+00
456 5.2410061143613927e+02 7.2511670361157563e+00
457 5.2306978199003026e+02 7.2369050483668760e+00
458 5.2109224399003267e+02 7.2095449231440565e+00
459 5.2005904192618777e+02 7.1952501091646006e+00
460 5.1808890236786044e+02 7.1679923447007416e+00
461 5.1705335874377238e+02 7.1536651341850517e+00
462 5.1509057042561210e+02 7.1265090774261841e+00
463 5.1405271604227937e+02 7.1121498965198908e+00
464 5.1209723220915134e+02 7.0850949005877544e+00
465 5.1105709751057572e+02 7.0707041704972760e+00
466 5.0910887144405916e+02 7.0437495890215640e+00
467 5.0806648679510528e+02 7.0293277298584238e+00
468 5.0612547205771085e+02 7.0024729203556415e+00
469 5.0508086742108350e+02 6.9880203466672990e+00
470 5.0314701773858224e+02 6.9612646689127340e+00
471 5.0210022304932306e+02 6.9467817948639174e+00
472 5.0017349229870774e+02 6.9201246107250762e+00
473 4.9912453696356977e+02 6.9056118431714042e+00
474 4.9720487948386989e+02 6.8790525209082798e+00
475 4.9615379280135687e+02 6.8645102652076924e+00
476 4.9424116285693236e+02 6.8380481720471904e+00
477 4.9318797383237006e+02 6.8234768295013799e+00
478 4.9128232618392025e+02 6.7971113395374845e+00
479 4.9022706351126601e+02 6.7825113071402203e+00
480 4.8832835285522873e+02 6.7562417935778285e+00
481 4.8727104513335792e+02 6.7416134670073786e+00
482 4.8537922662514035e+02 6.7154393094014351e+00
483 4.8431990193464225e+02 6.7007830771653483e+00
484 4.8243493077053375e+02 6.6747036556364199e+00
485 4.8137361725473113e+02 6.6600199071101889e+00
486 4.7949544894144503e+02 6.6340346060736968e+00
487 4.7843217406723863e+02 6.6193237212742142e+00
488 4.7656076444619220e+02 6.5934319297763615e+00
489 4.7549555577823952e+02 6.5786942900730265e+00
490 4.7363086062858849e+02 6.5528953962985970e+00
491 4.7256374523995959e+02 6.5381313762594777e+00
492 4.7070572087833892e+02 6.5124247758295235e+00
493 4.6963672571616956e+02 6.4976347482803298e+00
494 4.6778532834155646e+02 6.4720198351880533e+00
495 4.6671448003232865e+02 6.4572041685181070e+00
496 4.6486966644012819e+02 6.4316803450085587e+00
497 4.6379699120428762e+02 6.4168394019894857e+00
498 4.6195871815819731e+02 6.3914060698690287e+00
499 4.6088424215473015e+02 6.3765402124221362e+00
500 4.5905246676179212e+02 6.3511967782474583e+00
501 4.5797621573750303e+02 6.3363063625913387e+00
502 4.5615089517989139e+02 6.3110522339586135e+00
503 4.5507289478216359e+02 6.2961376149363160e+00
504 4.5325398660041304e+02 6.2709722043997971e+00
505 4.5217426198723660e+02 6.2560337300833977e+00
506 4.5036172385011918e+02 6.2309564519715597e+00
507 4.4928030019229482e+02 6.2159944706103776e+00
508 4.4747408998377591e+02 6.1910047422289907e+00
509 4.4639099185386823e+02 6.1760195937954778e+00
510 4.4459106782815223e+02 6.1511168375727356e+00
511 4.4350631979914471e+02 6.1361088620451403e+00
512 4.4171264019147623e+02 6.1112925001469183e+00
513 4.4062626640856712e+02 6.0962620315848897e+00
514 4.3883878989434379e+02 6.0715314922667796e+00
515 4.3775081434660109e+02 6.0564788625698318e+00
516 4.3596949957359493e+02 6.0318335737052102e+00
517 4.3487994591753181e+02 6.0167591101718152e+00
518 4.3310475206463337e+02 5.9921985069823247e+00
519 4.3201364359217138e+02 5.9771025318666631e+00
520 4.3024452981028770e+02 5.9526260491867795e+00
521 4.2915188970297186e+02 5.9375088832159246e+00
522 4.2738881550331990e+02 5.9131159608651744e+00
523 4.2629466656223036e+02 5.8979779195022974e+00
524 4.2453759150011484e+02 5.8736679979101805e+00
525 4.2344195642656348e+02 5.8585093952381131e+00
526 4.2169084042026680e+02 5.8342819198560880e+00
527 4.2059374137982826e+02 5.8191030625454987e+00
528 4.1884854450758343e+02 5.7949574810380131e+00
529 4.1775000370059979e+02 5.7797586762405908e+00
530 4.1601068621662159e+02 5.7556944387068798e+00
531 4.1491072525693778e+02 5.7404759854598630e+00
532 4.1317724778810083e+02 5.7164925471550765e+00
533 4.1207588825632746e+02 5.7012547440358938e+00
534 4.1034821139273396e+02 5.6773515597064179e+00
535 4.0924547452875498e+02 5.6620947005783906e+00
536 4.0752355924127204e+02 5.6382712302386668e+00
537 4.0641946609095436e+02 5.6229956062808037e+00
538 4.0470327336873487e+02 5.5992513101982642e+00
539 4.0359784463666676e+02 5.5839572078678295e+00
540 4.0188733594860742e+02 5.5602915529473780e+00
541 4.0078059203975482e+02 5.5449792545562282e+00
542 3.9907572879848669e+02 5.5213917069243070e+00
543 3.9796768999661543e+02 5.5060614931074419e+00
544 3.9626843397240827e+02 5.4825515238385858e+00
545 3.9515912016079409e+02 5.4672036696900417e+00
546 3.9346543316932627e+02 5.4437707504870350e+00
547 3.9235486417507207e+02 5.4284055303236745e+00
548 3.9066670834784065e+02 5.4050491372587928e+00
549 3.8955490346164390e+02 5.3896668179760674e+00
550 3.8787224110984920e+02 5.3663864296078625e+00
551 3.8675921961495050e+02 5.3509872779980556e+00
552 3.8508201321586944e+02 5.3277823751828244e+00
553 3.8396779388065380e+02 5.3123666509149601e+00
554 3.8229600622978745e+02 5.2892367189117717e+00
555 3.8118060777597555e+02 5.2738046810092536e+00
556 3.7951420163606269e+02 5.2507492046238973e+00
557 3.7839764244556795e+02 5.2353011074087421e+00
558 3.7673658095654952e+02 5.2123195766657666e+00
559 3.7561887921181187e+02 5.1968556717001873e+00
560 3.7396312553047358e+02 5.1739475768571976e+00
561 3.7284429909027421e+02 5.1584681112254414e+00
562 3.7119381681110212e+02 5.1356329485958243e+00
563 3.7007388322527066e+02 5.1201381651076554e+00
564 3.6842863591484814e+02 5.0973754306187500e+00
565 3.6730761260827688e+02 5.0818655703553688e+00
566 3.6566756416451483e+02 5.0591747645185787e+00
567 3.6454546818848047e+02 5.0436500633920476e+00
568 3.6291058250980626e+02 5.0210306867259229e+00
569 3.6178743088602079e+02 5.0054913802392615e+00
570 3.6015767215632377e+02 4.9829429372118463e+00
571 3.5903348138559380e+02 4.9673892536611151e+00
572 3.5740881398406947e+02 4.9449112514426030e+00
573 3.5628360053907329e+02 4.9293434187346943e+00
574 3.5466398896038623e+02 4.9069353660928439e+00
575 3.5353776886656561e+02 4.8913536059469322e+00
576 3.5192317786928697e+02 4.8690150153007687e+00
577 3.5079596711211309e+02 4.8534195488830187e+00
578 3.4918636144311859e+02 4.8311499324897547e+00
579 3.4805817566464322e+02 4.8155409762149688e+00
580 3.4645352041658754e+02 4.7933398511158254e+00
581 3.4532437503478610e+02 4.7777176182986087e+00
582 3.4372463533281359e+02 4.7555845019843144e+00
583 3.4259454549191526e+02 4.7399492021518705e+00
584 3.4099968684163946e+02 4.7178836173771179e+00
585 3.3986866738070245e+02 4.7022354558344723e+00
586 3.3827865522830979e+02 4.6802369245317514e+00
587 3.3714672088801427e+02 4.6645761052228272e+00
588 3.3556152101831725e+02 4.6426441540096723e+00
589 3.3442868614236818e+02 4.6269708753860597e+00
590 3.3284826433948433e+02 4.6051050308703898e+00
591 3.3171454323856142e+02 4.5894194909267627e+00
592 3.3013886555195666e+02 4.5676192833877112e+00
593 3.2900427204091773e+02 4.5519216732588230e+00
594 3.2743330468298302e+02 4.5301866352296640e+00
595 3.2629785255474326e+02 4.5144771457466835e+00
596 3.2473156185200651e+02 4.4928068113398272e+00
597 3.2359526447153411e+02 4.4770856274130839e+00
598 3.2203361696061319e+02 4.4554795336476278e+00
599 3.2089648764777746e+02 4.4397468395634876e+00
600 3.1933944989426510e+02 4.4182045238594121e+00
601 3.1820150162069575e+02 4.4024604990861906e+00
602 3.1664904046806856e+02 4.3809815027081216e+00
603 3.1551028603029039e+02 4.3652263242914797e+00
604 3.1396236836390005e+02 4.3438101890834053e+00
605 3.1282282025281773e+02 4.3280440298406111e+00
606 3.1127941325236810e+02 4.3066903017190130e+00
607 3.1013908376482237e+02 4.2909133317823729e+00
608 3.0860015458914614e+02 4.2696215563749718e+00
609 3.0745905582908546e+02 4.2538339432080425e+00
610 3.0592457186918540e+02 4.2326036693547344e+00
611 3.0478271566472051e+02 4.2168055766047337e+00
612 3.0325264440589513e+02 4.1956363544500395e+00
613 3.0211004241096174e+02 4.1798279433543950e+00
614 3.0058435149678212e+02 4.1587193252326076e+00
615 2.9944101505371009e+02 4.1429007527175408e+00
616 2.9791967231205473e+02 4.1218522935129291e+00
617 2.9677561256684658e+02 4.1060237137883835e+00
618 2.9525858591084528e+02 4.0850349695647070e+00
619 2.9411381378711525e+02 4.0691965337637841e+00
620 2.9260107129473283e+02 4.0482670628653681e+00
621 2.9145559747525004e+02 4.0324189187889719e+00
622 2.8994710732939336e+02 4.0115482810120602e+00
623 2.8880094231101748e+02 3.9956905738889525e+00
624 2.8729667280823941e+02 3.9748783306021354e+00
625 2.8614982682790321e+02 3.9590112020648718e+00
626 2.8464974646040167e+02 3.9382569173435744e+00
627 2.8350222952084101e+02 3.9223805057844925e+00
628 2.8200630683711023e+02 3.9016837444830257e+00
629 2.8085812874012197e+02 3.8857981855143815e+00
630 2.7936633247402875e+02 3.8651585150517689e+00
631 2.7821750279065253e+02 3.8492639410931884e+00
632 2.7672980171829062e+02 3.8286809294726813e+00
633 2.7558032984179647e+02 3.8127774704842690e+00
634 2.7409669290680370e+02 3.7922506880271678e+00
635 2.7294658794428750e+02 3.7763384700096796e+00
636 2.7146698421015441e+02 3.7558674886954995e+00
637 2.7031625510313165e+02 3.7399466353588133e+00
638 2.6884065372421708e+02 3.7195310284242735e+00
639 2.6768930914315484e+02 3.7036016597281898e+00
640 2.6621767944957668e+02 3.6832410028417146e+00
641 2.6506572786717715e+02 3.6673032360098690e+00
642 2.6359803921393461e+02 3.6469971051841275e+00
643 2.6244548892440309e+02 3.6310510549705706e+00
644 2.6098171084327277e+02 3.6107990286640255e+00
645 2.5982856986241057e+02 3.5948448059709635e+00
646 2.5836867193571140e+02 3.5746464633413546e+00
647 2.5721494814055808e+02 3.5586841771511626e+00
648 2.5575890009986500e+02 3.5385390994212522e+00
649 2.5460460106075325e+02 3.5225688544728793e+00
650 2.5315237275098767e+02 3.5024766244336298e+00
651 2.5199750587472059e+02 3.4864985232035184e+00
652 2.5054906722073775e+02 3.4664587247518122e+00
653 2.4939363967488279e+02 3.4504728664064732e+00
654 2.4794896071213421e+02 3.4304850849693422e+00
655 2.4679297949527995e+02 3.4144915663373876e+00
656 2.4535203033358627e+02 3.3945553883707933e+00
657 2.4419550217048703e+02 3.3785543024922156e+00
658 2.4275825307005152e+02 3.3586693165327310e+00
659 2.4160118452543182e+02 3.3426607542334383e+00
660 2.4016760577143140e+02 3.3228265491631577e+00
661 2.3901000314688889e+02 3.3068105976285800e+00
662 2.3758006522259515e+02 3.2870267650703271e+00
663 2.3642193463658180e+02 3.2710035089519915e+00
664 2.3499560798099614e+02 3.2512696399160919e+00
665 2.3383695536141590e+02 3.2352391612292086e+00
666 2.3241421062395079e+02 3.2155548496371180e+00
667 2.3125504164449407e+02 3.1995172268797387e+00
668 2.2983584944917754e+02 3.1798820663017096e+00
669 2.2867616966416233e+02 3.1638373763203154e+00
670 2.2726050079634476e+02 3.1442509625585657e+00
671 2.2610031540721937e+02 3.1281992773175262e+00
672 2.2468814073895084e+02 3.1086612073738049e+00
673 2.2352745487761234e+02 3.0926025978752185e+00
674 2.2211874531363148e+02 3.0731124692035339e+00
675 2.2095756378214486e+02 3.0570470018861231e+00
676 2.1955229038099165e+02 3.0376044140683947e+00
677 2.1839061787074101e+02 3.0215321538395630e+00
678 2.1698875167276938e+02 3.0021367062060977e+00
679 2.1582659261243052e+02 2.9860577143385614e+00
680 2.1442810482485544e+02 2.9667090085282641e+00
681 2.1326546346759153e+02 2.9506233438664435e+00
682 2.1187032529172188e+02 2.9313209814365049e+00
683 2.1070720564744531e+02 2.9152286994593362e+00
684 2.0931538844758191e+02 2.8959722842220148e+00
685 2.0815179435453157e+02 2.8798734380332545e+00
686 2.0676326944779643e+02 2.8606625731480673e+00
687 2.0559920454577917e+02 2.8445572131060759e+00
688 2.0421394342988071e+02 2.8253915042310354e+00
689 2.0304941108808512e+02 2.8092796769500481e+00
690 2.0166738525346736e+02 2.7901587296426591e+00
691 2.0050238874112443e+02 2.7740404803539533e+00
692 1.9912356975978923e+02 2.7549639013001115e+00
693 1.9795811203225600e+02 2.7388392708923770e+00
694 1.9658247157553171e+02 2.7198066681522026e+00
695 1.9541655545262768e+02 2.7036756956389074e+00
696 1.9404406522609258e+02 2.6846866777463858e+00
697 1.9287769333589890e+02 2.6685493994882115e+00
698 1.9150832525595501e+02 2.6496035778941676e+00
699 1.9034150044266653e+02 2.6334600332418252e+00
700 1.8897522750944077e+02 2.6145570343909053e+00
701 1.8780795528148394e+02 2.5984072995559453e+00
702 1.8644475834205460e+02 2.5795468584588863e+00
703 1.8527706406207764e+02 2.5633912843449234e+00
704 1.8391697428860397e+02 2.5445738322825302e+00
705 1.8274900619073472e+02 2.5284144697752109e+00
706 1.8139234607599630e+02 2.5096444685797383e+00
707 1.8022492187738675e+02 2.4934926311626340e+00
708 1.7887350100055889e+02 2.4747951171736298e+00
709 1.7771064023527234e+02 2.4587064169034041e+00
710 1.7637290606481551e+02 2.4401982646359950e+00
711 1.7523193115561000e+02 2.4244123650011988e+00
712 1.7394189866297873e+02 2.4065641868423269e+00
713 1.7288744054529062e+02 2.3919752858238885e+00
714 1.7176261176789413e+02 2.3764127751647579e+00
715 1.7100033067269382e+02 2.3658662743037411e+00
716 1.7038368987013308e+02 2.3573347722160030e+00
717 1.7046154954734340e+02 2.3584119957729128e+00
718 1.7118245450422717e+02 2.3683860392017193e+00
719 1.7329606918114652e+02 2.3976288462847553e+00
720 1.7697318182968755e+02 2.4485033490870358e+00
721 1.8318501404476797e+02 2.5344468340000685e+00
722 1.9222031551617746e+02 2.6594542824961209e+00
723 2.0500909445274780e+02 2.8363927752845992e+00
724 2.2133038988612446e+02 3.0622052182598316e+00
725 2.4098495920396465e+02 3.3341350005129868e+00
726 2.6149492964948308e+02 3.6178996410439836e+00
727 2.7961444570763166e+02 3.8685912729258640e+00
728 2.8993145354086658e+02 4.0113317038265377e+00
729 2.8919292285390389e+02 4.0011138005163520e+00
730 2.7684028456302275e+02 3.8302095091848529e+00
731 2.5804592577547453e+02 3.5701811254518798e+00
732 2.3927389810331340e+02 3.3104617027165499e+00
733 2.2720072195974450e+02 3.1434238955413658e+00
734 2.2485735948839098e+02 3.1110024246726566e+00
735 2.3276040053699703e+02 3.2203445423620281e+00
736 2.4648145366772229e+02 3.4101814667832300e+00
737 2.5856469445687037e+02 3.5773585228443370e+00
738 2.6024233697209928e+02 3.6005694595220867e+00
739 2.5021722409357062e+02 3.4618675262445593e+00
740 2.3497745503546722e+02 3.2510184857724873e+00
741 2.2477896540969306e+02 3.1099178074314682e+00
742 2.2495805692229061e+02 3.1123956188368718e+00
743 2.3489211901393230e+02 3.2498378236384524e+00
744 2.4612620007619824e+02 3.4052663740012119e+00
745 2.4866702612838949e+02 3.4404198420799230e+00
746 2.3914328964194959e+02 3.3086546760712578e+00
747 2.2642790342561540e+02 3.1327316044863704e+00
748 2.2081328693906221e+02 3.0550508670490180e+00
749 2.2648801622249167e+02 3.1335632919937813e+00
750 2.3708693239887259e+02 3.2802040512673316e+00
751 2.4134343708773321e+02 3.3390947028244118e+00
752 2.3346302929076566e+02 3.2300657263232400e+00
753 2.2206205070700790e+02 3.0723280738914429e+00
754 2.1825006920045669e+02 3.0195875999453348e+00
755 2.2526678056035493e+02 3.1166669488425125e+00
756 2.3415178641916557e+02 3.2395949901255809e+00
757 2.3355674929437970e+02 3.2313623846098398e+00
758 2.2322789020901038e+02 3.0884579863201980e+00
759 2.1572056360284523e+02 2.9845907554333428e+00
760 2.1873649434144630e+02 3.0263175099490969e+00
761 2.2783921103546788e+02 3.1522576782880010e+00
762 2.2979596556479140e+02 3.1793302548719526e+00
763 2.2130581276303141e+02 3.0618651827381660e+00
764 2.1321713975228923e+02 2.9499547635904109e+00
765 2.1561186150424410e+02 2.9830868131426187e+00
766 2.2389458152381670e+02 3.0976819596942060e+00
767 2.2537816575412188e+02 3.1182080129583150e+00
768 2.1668758159396072e+02 2.9979698830807866e+00
769 2.1036954827689146e+02 2.9105570582869431e+00
770 2.1427307728219193e+02 2.9645641329404047e+00
771 2.2175006115692909e+02 3.0680115585282097e+00
772 2.1975400321783607e+02 3.0403952016411848e+00
773 2.1091216133140426e+02 2.9180643532764829e+00
774 2.0816624418047724e+02 2.8800733578564497e+00
775 2.1485853400325666e+02 2.9726641892735279e+00
776 2.1880735799714674e+02 3.0272979404104650e+00
777 2.1249541304418577e+02 2.9399693508648972e+00
778 2.0565795191441399e+02 2.8453700093013254e+00
779 2.0880235655316619e+02 2.8888742578505715e+00
780 2.1523449222360173e+02 2.9778657398820125e+00
781 2.1271919328104107e+02 2.9430654508148151e+00
782 2.0467097589530687e+02 2.8317147533847651e+00
783 2.0452582299817121e+02 2.8297064979468969e+00
784 2.1109726592679687e+02 2.9206253583794273e+00
785 2.1144690839228701e+02 2.9254628187159861e+00
786 2.0371755835652246e+02 2.8185237940955856e+00
787 2.0151748077652556e+02 2.7880847339669281e+00
788 2.0744490030916381e+02 2.8700932418496410e+00
789 2.0930222561119331e+02 2.8957901704765998e+00
790 2.0221529242285317e+02 2.7977392710860571e+00
791 1.9914803880785183e+02 2.7553024415552554e+00
792 2.0453374102331694e+02 2.8298160473762906e+00
793 2.0678940181619583e+02 2.8610241261861264e+00
794 2.0008687221301540e+02 2.7682916228143117e+00
795 1.9708162632276222e+02 2.7267126979679674e+00
796 2.0230160909166162e+02 2.7989335009149752e+00
797 2.0409142495637943e+02 2.8236964061964551e+00
798 1.9744099262419925e+02 2.7316846919363216e+00
799 1.9527427121108892e+02 2.7017071293379114e+00
800 2.0058645248958504e+02 2.7752035400193478e+00
801 2.0113790503559483e+02 2.7828331333385603e+00
802 1.9447587329539618e+02 2.6906609360657634e+00
803 1.9386618116190118e+02 2.6822255719312631e+00
804 1.9912921824490795e+02 2.7550420506252657e+00
805 1.9774636983635523e+02 2.7359097226385347e+00
806 1.9151877695244713e+02 2.6497481818030764e+00
807 1.9302883926570379e+02 2.6706405712211372e+00
808 1.9749764928583662e+02 2.7324685622625084e+00
809 1.9382743208804803e+02 2.6816894611142308e+00
810 1.8906495636849945e+02 2.6157984734024180e+00
811 1.9273608972613724e+02 2.6665902500331380e+00
812 1.9509960314164766e+02 2.6992905182526394e+00
813 1.8964585715696990e+02 2.6238354963646091e+00
814 1.8766189945031826e+02 2.5963865516207751e+00
815 1.9249059524196340e+02 2.6631937237319918e+00
816 1.9147549966981813e+02 2.6491494211865754e+00
817 1.8597753774933892e+02 2.5730826519943855e+00
818 1.8752118522394377e+02 2.5944397071837817e+00
819 1.9125910368551885e+02 2.6461554856828577e+00
820 1.8687288076207517e+02 2.5854701241672942e+00
821 1.8385952205802974e+02 2.5437789549032623e+00
822 1.8795278362456210e+02 2.6004110646428549e+00
823 1.8807096737480077e+02 2.6020461898368263e+00
824 1.8260339886103861e+02 2.5263999270590403e+00
825 1.8375403988537906e+02 2.5423195617323087e+00
826 1.8722812235416154e+02 2.5903850509317095e+00
827 1.8326005477617423e+02 2.5354850561773872e+00
828 1.8041173202194980e+02 2.4960772333033487e+00
829 1.8449883380393103e+02 2.5526241196608042e+00
830 1.8385432651896556e+02 2.5437070722899340e+00
831 1.7899595061309927e+02 2.4764892624859298e+00
832 1.8077088144242830e+02 2.5010462266263627e+00
833 1.8342789125703362e+02 2.5378071491704297e+00
834 1.7878967551786653e+02 2.4736353540220097e+00
835 1.7761587325336959e+02 2.4573952732025743e+00
836 1.8142430040841143e+02 2.5100865711013034e+00
837 1.7914833003347104e+02 2.4785975001141103e+00
838 1.7538063992953568e+02 2.4264698175893886e+00
839 1.7865255655546665e+02 2.4717382516747026e+00
840 1.7896051214651052e+02 2.4759989554053203e+00
841 1.7433117028437923e+02 2.4119499343259254e+00
842 1.7555548339050102e+02 2.4288888552950656e+00
843 1.7811079613191581e+02 2.4642427532169555e+00
844 1.7380497447323600e+02 2.4046697792620937e+00
845 1.7295277232845913e+02 2.3928791803475451e+00
846 1.7634168434002046e+02 2.4397662980694532e+00
847 1.7361837352012279e+02 2.4020880713789174e+00
848 1.7079234650832564e+02 2.3629887201017565e+00
849 1.7420285853406253e+02 2.4101746837081226e+00
850 1.7314488368974415e+02 2.3955371271993835e+00
851 1.6932446592295543e+02 2.3426799338089408e+00
852 1.7173563967726383e+02 2.3760396041929908e+00
853 1.7247239790387803e+02 2.3862329847192467e+00
854 1.6813431390242221e+02 2.3262136467813237e+00
855 1.6945412394289949e+02 2.3444738106708853e+00
856 1.7130154095313446e+02 2.3700336536366624e+00
857 1.6730464531844962e+02 2.3147348097875686e+00
858 1.6722740230081297e+02 2.3136661179924527e+00
859 1.6996228612847861e+02 2.3515044624363450e+00
860 1.6642340749926319e+02 2.3025424892940793e+00
861 1.6535885894824975e+02 2.2878139826046837e+00
862 1.6829402631508583e+02 2.3284233396469580e+00
863 1.6564183761329721e+02 2.2917291193611424e+00
864 1.6357642135550893e+02 2.2631531590254106e+00
865 1.6665529782018879e+02 2.3057507958947574e+00
866 1.6465060802880652e+02 2.2780150134596320e+00
867 1.6208749135298933e+02 2.2425531446049556e+00
868 1.6486862365854105e+02 2.2810313574844123e+00
869 1.6368058035867318e+02 2.2645942455530332e+00
870 1.6059411045855720e+02 2.2218915500985141e+00
871 1.6323722591252874e+02 2.2584602379311214e+00
872 1.6248828225222891e+02 2.2480982664642442e+00
873 1.5929449021693307e+02 2.2039107211318951e+00
874 1.6154288028072247e+02 2.2350182061436095e+00
875 1.6133284222661158e+02 2.2321122354557952e+00
876 1.5791387600685803e+02 2.1848093042832164e+00
877 1.6004275074503602e+02 2.2142632411584202e+00
878 1.5999069081047116e+02 2.2135429686130697e+00
879 1.5666492737108231e+02 2.1675295397114436e+00
880 1.5850011888787071e+02 2.1929202374918391e+00
881 1.5871506813435249e+02 2.1958941567289405e+00
882 1.5530103520222727e+02 2.1486594798034462e+00
883 1.5714936442174985e+02 2.1742319435938740e+00
884 1.5728203544085724e+02 2.1760675066506758e+00
885 1.5404669301129408e+02 2.1313050929768775e+00
886 1.5575257001762145e+02 2.1549066665031011e+00
887 1.5592865048132754e+02 2.1573428186965340e+00
888 1.5267704426349519e+02 2.1123553882171708e+00
889 1.5453289826645661e+02 2.1380319607615954e+00
890 1.5442814294404585e+02 2.1365826238897281e+00
891 1.5142260127026748e+02 2.0949996067456440e+00
892 1.5325569143990418e+02 2.1203612314456701e+00
893 1.5300338934490136e+02 2.1168705187952610e+00
894 1.5007509886680504e+02 2.0763563065932189e+00
895 1.5213346126268749e+02 2.1048346735855872e+00
896 1.5143035433152178e+02 2.0951068738256082e+00
897 1.4886723958851692e+02 2.0596450317122574e+00
898 1.5093118518385296e+02 2.0882006447733201e+00
899 1.4992560935630945e+02 2.0742880521643974e+00
900 1.4760286680781988e+02 2.0421518671772461e+00
901 1.4984612523534102e+02 2.0731883536994760e+00
902 1.4827807840623663e+02 2.0514937224966405e+00
903 1.4651143729021751e+02 2.0270514502580674e+00
904 1.4863807189905219e+02 2.0564743939390326e+00
905 1.4670964048521935e+02 2.0297936803617720e+00
906 1.4539955510474798e+02 2.0116680615052318e+00
907 1.4748729445447231e+02 2.0405528718305628e+00
908 1.4503411257802199e+02 2.0066120002346119e+00
909 1.4448076502823170e+02 1.9989561886881231e+00
910 1.4615238077743112e+02 2.0220837423546461e+00
911 1.4348843696861573e+02 1.9852268848905510e+00
912 1.4354621071212497e+02 1.9860262105454844e+00
913 1.4480903271966946e+02 2.0034979194383560e+00
914 1.4191510763654341e+02 1.9634591678897726e+00
915 1.4277345953325514e+02 1.9753348513807121e+00
916 1.4323803333513234e+02 1.9817624383067873e+00
917 1.4056047189529039e+02 1.9447171748094707e+00
918 1.4191836219206897e+02 1.9635041961252473e+00
919 1.4164257367734390e+02 1.9596885383235250e+00
920 1.3927531106787131e+02 1.9269363983239161e+00
921 1.4111185731505140e+02 1.9523458394069226e+00
922 1.3986215059779252e+02 1.9350555864378052e+00
923 1.3828066637799506e+02 1.9131750429076058e+00
924 1.4008226518377933e+02 1.9381009704637888e+00
925 1.3815608594972048e+02 1.9114514168038803e+00
926 1.3738516799974627e+02 1.9007854211831443e+00
927 1.3894962492327943e+02 1.9224303844322073e+00
928 1.3643029185877938e+02 1.8875742814785379e+00
929 1.3673023781345992e+02 1.8917241682974750e+00
930 1.3748424641367524e+02 1.9021562154798799e+00
931 1.3497338052154166e+02 1.8674172596537144e+00
932 1.3603545990622527e+02 1.8821116043194319e+00
933 1.3588660532560641e+02 1.8800521344302430e+00
934 1.3368907178658878e+02 1.8496482722496221e+00
935 1.3535070729868875e+02 1.8726377448593994e+00
936 1.3405859396600226e+02 1.8547607773450359e+00
937 1.3279267664176021e+02 1.8372462433572991e+00
938 1.3435417953746935e+02 1.8588503363064353e+00
939 1.3232506515817391e+02 1.8307766287422753e+00
940 1.3206473157065287e+02 1.8271747967904797e+00
941 1.3312750710932835e+02 1.8418787730589234e+00
942 1.3068293684349669e+02 1.8080570469584814e+00
943 1.3154899559468089e+02 1.8200393582378334e+00
944 1.3149241544929680e+02 1.8192565465483306e+00
945 1.2944969468665047e+02 1.7909945885675869e+00
946 1.3087156304090524e+02 1.8106667750048748e+00
947 1.2974101416370516e+02 1.7950251241993025e+00
948 1.2851177223340372e+02 1.7780180107368921e+00
949 1.2999757170056731e+02 1.7985747127965457e+00
950 1.2792080611933901e+02 1.7698417294804647e+00
951 1.2796161220678643e+02 1.7704063000032138e+00
952 1.2863652358535361e+02 1.7797440016463306e+00
953 1.2643973166973178e+02 1.7493504001580340e+00
954 1.2742232524665826e+02 1.7629450230213515e+00
955 1.2699872973344392e+02 1.7570843890990790e+00
956 1.2529882133610393e+02 1.7335653939553191e+00
957 1.2677557754516604e+02 1.7539969784829310e+00
958 1.2513961739495636e+02 1.7313627360211763e+00
959 1.2465948592380296e+02 1.7247199017625228e+00
960 1.2562954555628356e+02 1.7381411118825321e+00
961 1.2353136033343453e+02 1.7091117782171927e+00
962 1.2416368591051813e+02 1.7178602861956083e+00
963 1.2410776703517483e+02 1.7170866234737219e+00
964 1.2227422543803745e+02 1.6917187530717435e+00
965 1.2363283430290460e+02 1.7105157160993276e+00
966 1.2226322534556981e+02 1.6915665618585392e+00
967 1.2158609720012262e+02 1.6821981902513423e+00
968 1.2259882188252023e+02 1.6962096904736752e+00
969 1.2061847400294650e+02 1.6688106893065942e+00
970 1.2111553317864934e+02 1.6756877259503389e+00
971 1.2112817060156344e+02 1.6758625703646679e+00
972 1.1934837014503304e+02 1.6512382327477113e+00
973 1.2062428295794875e+02 1.6688910588045636e+00
974 1.1929777631042563e+02 1.6505382443528671e+00
975 1.1868899552738134e+02 1.6421154891606240e+00
976 1.1959521798928573e+02 1.6546534833925759e+00
977 1.1768471975374287e+02 1.6282208833805958e+00
978 1.1825473162877057e+02 1.6361072533412595e+00
979 1.1809338156525419e+02 1.6338749028415354e+00
980 1.1650523225052025e+02 1.6119021447333686e+00
981 1.1773487082800420e+02 1.6289147459874589e+00
982 1.1627175662425644e+02 1.6086719047222733e+00
983 1.1595112542503369e+02 1.6042358282670608e+00
984 1.1660418813670208e+02 1.6132712438037649e+00
985 1.1476720412986991e+02 1.5878557461196217e+00
986 1.1554512906091010e+02 1.5986186864662741e+00
987 1.1500798526905868e+02 1.5911870611788042e+00
988 1.1378003135660673e+02 1.5741977680210610e+00
989 1.1490411877195847e+02 1.5897500216037765e+00
990 1.1323118077159512e+02 1.5666041739993264e+00
991 1.1337115141884250e+02 1.5685407306855756e+00
992 1.1357446242642020e+02 1.5713536296672943e+00
993 1.1194255500999752e+02 1.5487754585952713e+00
994 1.1292328286132992e+02 1.5623442683081536e+00
995 1.1188254254224860e+02 1.5479451591863382e+00
996 1.1122601915329035e+02 1.5388618636270979e+00
997 1.1203643858985762e+02 1.5500743800326051e+00
998 1.1026127745706280e+02 1.5255142295404240e+00
999 1.1091790646689270e+02 1.5345989864117984e+00
1000 1.1046280985447082e+02 1.5283025206526784e+00
1001 1.0931071052035161e+02 1.5123627096095194e+00
1002 1.1027517390572811e+02 1.5257064931407371e+00
1003 1.0878448925431347e+02 1.5050822023657995e+00
1004 1.0885948747585793e+02 1.5061198364001127e+00
1005 1.0903476375634763e+02 1.5085448623580431e+00
1006 1.0749465632143368e+02 1.4872367852055981e+00
1007 1.0847935700444404e+02 1.5008605608266945e+00
1008 1.0730337525840280e+02 1.4845903259025226e+00
1009 1.0694014043434167e+02 1.4795648091885010e+00
1010 1.0745349093442610e+02 1.4866672436122763e+00
1011 1.0586961812889773e+02 1.4647536529271279e+00
1012 1.0658452939162346e+02 1.4746447709088828e+00
1013 1.0588749890078351e+02 1.4650010414263004e+00
1014 1.0505676281646332e+02 1.4535074350864259e+00
1015 1.0586018802098359e+02 1.4646231831544125e+00
1016 1.0426777047389351e+02 1.4425913721371517e+00
1017 1.0476413690185589e+02 1.4494588243051865e+00
1018 1.0438549268670171e+02 1.4442201117537576e+00
1019 1.0332813331375647e+02 1.4295910705675259e+00
1020 1.0416156061633221e+02 1.4411219111190685e+00
1021 1.0277119772655936e+02 1.4218856169141572e+00
1022 1.0292598593808448e+02 1.4240271812483689e+00
1023 1.0290964290087341e+02 1.4238010679981474e+00
1024 1.0161856209276462e+02 1.4059383859244385e+00
1025 1.0250653120324483e+02 1.4182238368521898e+00
1026 1.0123540928553869e+02 1.4006372949794410e+00
1027 1.0120112862845342e+02 1.4001630067126289e+00
1028 1.0134790864775083e+02 1.4021937741154247e+00
1029 1.0002457385135628e+02 1.3838848436467750e+00
1030 1.0080163416477947e+02 1.3946358216208858e+00
1031 9.9759222374945253e+01 1.3802135869514929e+00
1032 9.9476337742404880e+01 1.3762997511769464e+00
1033 9.9824910009266361e+01 1.3811224048354569e+00
1034 9.8415943646456910e+01 1.3616287232367956e+00
1035 9.9176274849848880e+01 1.3721482464700516e+00
1036 9.8223443664648300e+01 1.3589653996457038e+00
1037 9.7860258387307496e+01 1.3539405684327812e+00
1038 9.8239885301555091e+01 1.3591928770669410e+00
1039 9.6890005893292894e+01 1.3405166899869438e+00
1040 9.7528407905344395e+01 1.3493492681686272e+00
1041 9.6735239404092752e+01 1.3383754261908412e+00
1042 9.6238252612965795e+01 1.3314993910201709e+00
1043 9.6710481148431910e+01 1.3380328846188563e+00
1044 9.5331235861431139e+01 1.3189504074349183e+00
1045 9.5970266063354330e+01 1.3277916769052411e+00
1046 9.5188996458262238e+01 1.3169824614928809e+00
1047 9.4711811922753753e+01 1.3103803994106753e+00
1048 9.5136346944108567e+01 1.3162540318494724e+00
1049 9.3840100825689447e+01 1.2983198853908033e+00
1050 9.4397115392342684e+01 1.3060264317603727e+00
1051 9.3690569574834981e+01 1.2962510534653950e+00
1052 9.3173529274232280e+01 1.2890975689964488e+00
1053 9.3623850566754840e+01 1.2953279660628687e+00
1054 9.2313655909953980e+01 1.2772008353192958e+00
1055 9.2910319008061379e+01 1.2854559369052445e+00
1056 9.2141117204107644e+01 1.2748136849344514e+00
1057 9.1722434258251013e+01 1.2690210185850259e+00
1058 9.2072298831839618e+01 1.2738615518867495e+00
1059 9.0852976764926098e+01 1.2569916841837061e+00
1060 9.1406571089582854e+01 1.2646509099711596e+00
1061 9.0641934313997552e+01 1.2540718172154139e+00
1062 9.0258967793739572e+01 1.2487733036341737e+00
1063 9.0578291629420562e+01 1.2531912921283890e+00
1064 8.9364770954823896e+01 1.2364016892901706e+00
1065 8.9978991499739166e+01 1.2448997060278162e+00
1066 8.9100021573293205e+01 1.2327387628476179e+00
1067 8.8878864190186164e+01 1.2296789512557462e+00
1068 8.9043009894697065e+01 1.2319499807025691e+00
1069 8.7948837799120952e+01 1.2168116189869849e+00
1070 8.8526218461420868e+01 1.2247999394247104e+00
1071 8.7613387784382255e+01 1.2121705175723680e+00
1072 8.7487401998256104e+01 1.2104274477124155e+00
1073 8.7556548919203664e+01 1.2113841263784637e+00
1074 8.6519279043141310e+01 1.1970330323924272e+00
1075 8.7133272057146257e+01 1.2055279011378734e+00
1076 8.6096880827108635e+01 1.1911889636136916e+00
1077 8.6173592472504012e+01 1.1922503036355110e+00
1078 8.6025737332726777e+01 1.1902046614586488e+00
1079 8.5172481330291433e+01 1.1783994819507044e+00
1080 8.5700576235176939e+01 1.1857059118282682e+00
1081 8.4647842597668600e+01 1.1711408697666050e+00
1082 8.4842859789963597e+01 1.1738390200938302e+00
1083 8.4539241810854307e+01 1.1696383291698937e+00
1084 8.3826050555970710e+01 1.1597710082681167e+00
1085 8.4306484923418850e+01 1.1664180332328673e+00
1086 8.3190352111732295e+01 1.1509758351597692e+00
1087 8.3573292531198703e+01 1.1562739876248507e+00
1088 8.3015117710197444e+01 1.1485513886159631e+00
1089 8.2567973931319415e+01 1.1423649538760379e+00
1090 8.2856668767837036e+01 1.1463591764286831e+00
1091 8.1820954236391358e+01 1.1320296013330431e+00
1092 8.2266946378959332e+01 1.1382001026680708e+00
1093 8.1546624257718619e+01 1.1282341230318076e+00
1094 8.1311947194444500e+01 1.1249872606007894e+00
1095 8.1429643063430618e+01 1.1266156357388006e+00
1096 8.0468966146581010e+01 1.1133242396980121e+00
1097 8.0990634203073128e+01 1.1205417512453939e+00
1098 8.0067206053516841e+01 1.1077657086074435e+00
1099 8.0129738877426860e+01 1.1086308782743308e+00
1100 7.9945952043738160e+01 1.1060881049956204e+00
1101 7.9222558019534844e+01 1.0960796242040169e+00
1102 7.9647425652359217e+01 1.1019578584716829e+00
1103 7.8675596745483332e+01 1.0885121696468352e+00
1104 7.8923822679840811e+01 1.0919464867864199e+00
1105 7.8495621652513265e+01 1.0860221335106619e+00
1106 7.8003665190869711e+01 1.0792156952046679e+00
1107 7.8303958852006673e+01 1.0833703926983878e+00
1108 7.7314701317610670e+01 1.0696835709944688e+00
1109 7.7747289614235953e+01 1.0756686241087998e+00
1110 7.7023223003826686e+01 1.0656508377853593e+00
1111 7.6877545942156942e+01 1.0636353302960564e+00
1112 7.6882019288673050e+01 1.0636972210515543e+00
1113 7.6075408293398027e+01 1.0525373961395403e+00
1114 7.6497516040103989e+01 1.0583774461448556e+00
1115 7.5633022201085566e+01 1.0464167861272335e+00
1116 7.5744809691724285e+01 1.0479634162007005e+00
1117 7.5469239783837452e+01 1.0441507829226377e+00
1118 7.4888089921468605e+01 1.0361103139113443e+00
1119 7.5227332502506854e+01 1.0408038871818099e+00
1120 7.4284065653203442e+01 1.0277533672345287e+00
1121 7.4642320852265399e+01 1.0327099886031563e+00
1122 7.4023562665871964e+01 1.0241491915603740e+00
1123 7.3810376585731703e+01 1.0211996665204475e+00
1124 7.3859725229928770e+01 1.0218824271474543e+00
1125 7.3071348675796571e+01 1.0109748839074164e+00
1126 7.3459405354196306e+01 1.0163438221096561e+00
1127 7.2657952687491672e+01 1.0052553649870988e+00
1128 7.2737386194034656e+01 1.0063543631787424e+00
1129 7.2483060760464483e+01 1.0028356567317178e+00
1130 7.1931277171047796e+01 9.9520148327848668e-01
1131 7.2236062741018813e+01 9.9941832834569932e-01
1132 7.1348451482671834e+01 9.8713782846272013e-01
1133 7.1687027162560014e+01 9.9182217485664681e-01
1134 7.1072824163053724e+01 9.8332440086760409e-01
1135 7.0909079330245774e+01 9.8105891766059583e-01
1136 7.0901190171912319e+01 9.8094976761649744e-01
1137 7.0191409130042075e+01 9.7112962854135632e-01
1138 7.0540665659452117e+01 9.7596174927914114e-01
1139 6.9753435889500594e+01 9.6507007231261466e-01
1140 6.9888140609460777e+01 9.6693377253289858e-01
1141 6.9551967057096235e+01 9.6228266065069701e-01
1142 6.9121157092608271e+01 9.5632221155912800e-01
1143 6.9332282870412527e+01 9.5924323139212064e-01
1144 6.8514722610378911e+01 9.4793191849105496e-01
1145 6.8865558633500186e+01 9.5278589223279120e-01
1146 6.8187612640570407e+01 9.4340620533884045e-01
1147 6.8160632256036109e+01 9.4303291961719105e-01
1148 6.8008669429214976e+01 9.4093044574763962e-01
1149 6.7444391226874629e+01 9.3312340372035218e-01
1150 6.7720929825920862e+01 9.3694943927509611e-01
1151 6.6943311354452661e+01 9.2619073893407966e-01
1152 6.7174575937935202e+01 9.2939038817656860e-01
1153 6.6688123965222346e+01 9.2266010694388056e-01
1154 6.6459316239960501e+01 9.1949444943685921e-01
1155 6.6498450230667544e+01 9.2003588575121298e-01
1156 6.5810730553327247e+01 9.1052097554961375e-01
1157 6.6144042945211368e+01 9.1513250199324114e-01
1158 6.5396483087465910e+01 9.0478967605538640e-01
1159 6.5548092035547228e+01 9.0688725385384572e-01
1160 6.5181313363070899e+01 9.0181270640746347e-01
1161 6.4849061832898713e+01 8.9721585746145316e-01
1162 6.4965657739534393e+01 8.9882901412697580e-01
1163 6.4267750101207412e+01 8.8917314891547972e-01
1164 6.4557854576369280e+01 8.9318687445103895e-01
1165 6.3917612005564337e+01 8.8432883131344853e-01
1166 6.3938572913646368e+01 8.8461883487844151e-01
1167 6.3720021097911314e+01 8.8159507247984648e-01
1168 6.3269722089157668e+01 8.7536498371936444e-01
1169 6.3475520650162210e+01 8.7821229911849563e-01
1170 6.2747301326725804e+01 8.6813705814769215e-01
1171 6.3031077683685311e+01 8.7206323132954600e-01
1172 6.2441430555457607e+01 8.6390519883378347e-01
1173 6.2407060923856015e+01 8.6342967956463013e-01
1174 6.2248864901401902e+01 8.6124096663769689e-01
1175 6.1771801871707090e+01 8.5464058564292289e-01
1176 6.1980582865007825e+01 8.5752916433059390e-01
1177 6.1295511757181522e+01 8.4805089827619407e-01
1178 6.1516081654533224e+01 8.5110258173913345e-01
1179 6.1017688915397159e+01 8.4420709464714172e-01
1180 6.0899767639914742e+01 8.4257560090915162e-01
1181 6.0824288769987888e+01 8.4153131688888094e-01
1182 6.0296453115436499e+01 8.3422847385597221e-01
1183 6.0540524670262329e+01 8.3760531329135646e-01
1184 5.9853966865530779e+01 8.2810647811843852e-01
1185 6.0069761174544801e+01 8.3109208917471278e-01
1186 5.9592773897227332e+01 8.2449275624805685e-01
1187 5.9467877876654455e+01 8.2276476378333063e-01
1188 5.9397547312010325e+01 8.2179170887583586e-01
1189 5.8891162219081473e+01 8.1478564398427922e-01
1190 5.9107892029622946e+01 8.1778419812378988e-01
1191 5.8470543438777696e+01 8.0896619449699003e-01
1192 5.8642420612939510e+01 8.1134419229425980e-01
1193 5.8217311984002649e+01 8.0546262373728261e-01
1194 5.8059178899814562e+01 8.0327478158948973e-01
1195 5.8021135244507001e+01 8.0274843055444023e-01
1196 5.7503679078056081e+01 7.9558919239495385e-01
1197 5.7734365635629516e+01 7.9878084438972607e-01
1198 5.7095293952906999e+01 7.8993900101393910e-01
1199 5.7283171205184999e+01 7.9253836706852387e-01
1200 5.6843892657360499e+01 7.8646075132804705e-01
1201 5.6720740116980778e+01 7.8475688069380312e-01
1202 5.6648501014087827e+01 7.8375742030359175e-01
1203 5.6180852661542986e+01 7.7728729558998955e-01
1204 5.6372420843356316e+01 7.7993772731020272e-01
1205 5.5776042565807657e+01 7.7168656634443600e-01
1206 5.5943357436135770e+01 7.7400144262181858e-01
1207 5.5520834301907783e+01 7.6815564554382065e-01
1208 5.5404392078024195e+01 7.6654461514810524e-01
1209 5.5326893831398408e+01 7.6547239214544582e-01
1210 5.4876663791635707e+01 7.5924325760188849e-01
1211 5.5067251260780502e+01 7.6188012072244959e-01
1212 5.4469001538008300e+01 7.5360306747260852e-01
1213 5.4666764953728872e+01 7.5633921303270080e-01
1214 5.4205013042497896e+01 7.4995066822942980e-01
1215 5.4154174891047909e+01 7.4924729960148440e-01
1216 5.4011937065783151e+01 7.4727937549045842e-01
1217 5.3636573255054529e+01 7.4208604880563001e-01
1218 5.3772586123578144e+01 7.4396784784803804e-01
1219 5.3220727567810101e+01 7.3633263720171116e-01
1220 5.3406570984905017e+01 7.3890386423429388e-01
1221 5.2942397876607934e+01 7.3248182108362436e-01
1222 5.2925076906492883e+01 7.3224217769304012e-01
1223 5.2747147627156480e+01 7.2978044630610550e-01
1224 5.2418861076207008e+01 7.2523845462606906e-01
1225 5.2528977206100549e+01 7.2676196067396459e-01
1226 5.1992219418516711e+01 7.1933567592867276e-01
1227 5.2201799729161863e+01 7.2223531353032466e-01
1228 5.1694469991020732e+01 7.1521617904855073e-01
1229 5.1756968496580967e+01 7.1608087390567576e-01
1230 5.1492062286662751e+01 7.1241577767203890e-01
1231 5.1265824777670659e+01 7.0928568025993877e-01
1232 5.1293022500034724e+01 7.0966197294794631e-01
1233 5.0827947399877942e+01 7.0322745033532386e-01
1234 5.1007379148211164e+01 7.0570996905473782e-01
1235 5.0505928621240486e+01 6.9877217609653264e-01
1236 5.0605949931457268e+01 7.0015601578633124e-01
1237 5.0289063795578357e+01 6.9577175396226876e-01
1238 5.0137238323321796e+01 6.9367118045472642e-01
1239 5.0103198349574122e+01 6.9320022214984478e-01
1240 4.9691842503791513e+01 6.8750892951639631e-01
1241 4.9858436721132591e+01 6.8981383523646589e-01
1242 4.9343066470094861e+01 6.8268345665232477e-01
1243 4.9506348065950448e+01 6.8494253076831957e-01
1244 4.9103766486633305e+01 6.7937263404697679e-01
1245 4.9069581299193480e+01 6.7889966664553103e-01
1246 4.8921777940229433e+01 6.7685474087944486e-01
1247 4.8624064969115494e+01 6.7273574838972039e-01
1248 4.8713231756207882e+01 6.7396941088347129e-01
1249 4.8248968977642136e+01 6.6754612710441452e-01
1250 4.8414464122632324e+01 6.6983582666553843e-01
1251 4.7979486955196428e+01 6.6381772245205284e-01
1252 4.8020945402107387e+01 6.6439131866058532e-01
1253 4.7788930570772450e+01 6.6118128940254683e-01
1254 4.7587604329744480e+01 6.5839585055627869e-01
1255 4.7606581408985143e+01 6.5865840695943678e-01
1256 4.7192132707754482e+01 6.5292432328361394e-01
1257 4.7360367092687113e+01 6.5525192145798339e-01
1258 4.6888027877494501e+01 6.4871689655563836e-01
1259 4.7020085127015108e+01 6.5054396783491053e-01
1260 4.6675727293491128e+01 6.4577962275194056e-01
1261 4.6614181584254403e+01 6.4492811025931285e-01
1262 4.6504833795098143e+01 6.4341523455014449e-01
1263 4.6209851536680418e+01 6.3933402269538930e-01
1264 4.6304156857156741e+01 6.4063877910331346e-01
1265 4.5871767568802795e+01 6.3465647935767822e-01
1266 4.6023280280050038e+01 6.3675272567637264e-01
1267 4.5626106524105928e+01 6.3125764861698797e-01
1268 4.5661513609641943e+01 6.3174752152665725e-01
1269 4.5448338495263030e+01 6.2879814820295732e-01
1270 4.5266205798716506e+01 6.2627826065354553e-01
1271 4.5278526836373153e+01 6.2644872773592852e-01
1272 4.4902970965255179e+01 6.2125274380946782e-01
1273 4.5055445650283694e+01 6.2336229946690402e-01
1274 4.4618269138486674e+01 6.1731376633770185e-01
1275 4.4751212124745528e+01 6.1915309218203063e-01
1276 4.4415670108236647e+01 6.1451071788165745e-01
1277 4.4386057941493782e+01 6.1410102027270896e-01
1278 4.4255969482853992e+01 6.1230118809834233e-01
1279 4.4014627818582298e+01 6.0896211792322297e-01
1280 4.4079390495748626e+01 6.0985813861007598e-01
1281 4.3693987090438178e+01 6.0452590963110941e-01
1282 4.3838501427656922e+01 6.0652533030611155e-01
1283 4.3453253763286355e+01 6.0119525607290336e-01
1284 4.3524061407232722e+01 6.0217491158653080e-01
1285 4.3280107030565723e+01 5.9879969336353223e-01
1286 4.3168664181234838e+01 5.9725783155714252e-01
1287 4.3128785610289924e+01 5.9670609364122817e-01
1288 4.2826869553912871e+01 5.9252894958166225e-01
1289 4.2944783175081689e+01 5.9416033741879049e-01
1290 4.2545175641855444e+01 5.8863158795907577e-01
1291 4.2693947595405433e+01 5.9068991466570597e-01
1292 4.2338848772408937e+01 5.8577696317568573e-01
1293 4.2380219088972481e+01 5.8634934006133221e-01
1294 4.2185875839676378e+01 5.8366051403778307e-01
1295 4.2041928713327238e+01 5.8166894097957522e-01
1296 4.2039268955620791e+01 5.8163214203871505e-01
1297 4.1729894658975617e+01 5.7735180987976598e-01
1298 4.1851513141624899e+01 5.7903445613723237e-01
1299 4.1480963526850715e+01 5.7390773601276379e-01
1300 4.1599146129446588e+01 5.7554284532858258e-01
1301 4.1300738523405904e+01 5.7141424225307924e-01
1302 4.1294234584282613e+01 5.7132425733807124e-01
1303 4.1162312874102511e+01 5.6949906130636896e-01
1304 4.0976555519263016e+01 5.6692902498369180e-01
1305 4.1020378355010060e+01 5.6753533357228003e-01
1306 4.0692009133060310e+01 5.6299219810187406e-01
1307 4.0834045862745143e+01 5.6495733996535347e-01
1308 4.0469881614308647e+01 5.5991896424822019e-01
1309 4.0587305072116948e+01 5.6154357045540071e-01
1310 4.0309883679335194e+01 5.5770532105336290e-01
1311 4.0296297664884229e+01 5.5751735244964562e-01
1312 4.0183555614144943e+01 5.5595751560903472e-01
1313 3.9999780272022441e+01 5.5341490132129711e-01
1314 4.0048535791625653e+01 5.5408945580351132e-01
1315 3.9739002139607649e+01 5.4980691889150290e-01
1316 3.9869240712385860e+01 5.5160882796230581e-01
1317 3.9538132005218969e+01 5.4702779048516859e-01
1318 3.9634094803318504e+01 5.4835547883944480e-01
1319 3.9394076492833953e+01 5.4503471785753965e-01
1320 3.9360397334823539e+01 5.4456875160022111e-01
1321 3.9279003069508249e+01 5.4344262543149591e-01
1322 3.9084618410935171e+01 5.4075322649202640e-01
1323 3.9153803031593341e+01 5.4171042675048053e-01
1324 3.8844162849551338e+01 5.3742641594780771e-01
1325 3.8986598119820897e+01 5.3939707179903584e-01
1326 3.8660266031809293e+01 5.3488212099038779e-01
1327 3.8767683455225182e+01 5.3636828922370361e-01
1328 3.8529391918115337e+01 5.3307141892595389e-01
1329 3.8513401487129833e+01 5.3285018414101892e-01
1330 3.8425775485338960e+01 5.3163783910300888e-01
1331 3.8257297840517076e+01 5.2930687531896126e-01
1332 3.8313491911363080e+01 5.3008434549406214e-01
1333 3.8033870452724365e+01 5.2621565719408914e-01
1334 3.8162940097199055e+01 5.2800139361750886e-01
1335 3.7863256226957354e+01 5.2385513285433671e-01
1336 3.7964308846999458e+01 5.2525324117814598e-01
1337 3.7743276968127383e+01 5.2219516599365789e-01
1338 3.7731464846169295e+01 5.2203173998823049e-01
1339 3.7651255193086705e+01 5.2092200346108353e-01
1340 3.7494601564109132e+01 5.1875463023971391e-01
1341 3.7554351186718925e+01 5.1958129306825229e-01
1342 3.7285982916027976e+01 5.1586829767097309e-01
1343 3.7424170310774620e+01 5.1778018225902545e-01
1344 3.7125960426121921e+01 5.1365431474760970e-01
1345 3.7249307418512103e+01 5.1536087571263667e-01
1346 3.7015054934983034e+01 5.1211988753282955e-01
1347 3.7039936509774634e+01 5.1246413528030133e-01
1348 3.6934536303819648e+01 5.1100587615534754e-01
1349 3.6822422746826717e+01 5.0945473480761827e-01
1350 3.6854773368861395e+01 5.0990232017381898e-01
1351 3.6627120783010220e+01 5.0675264453866342e-01
1352 3.6748016540141840e+01 5.0842529156442606e-01
1353 3.6475447545724620e+01 5.0465417727022688e-01
1354 3.6600315396088270e+01 5.0638177998747325e-01
1355 3.6371609184078302e+01 5.0321752696182365e-01
1356 3.6417192445632658e+01 5.0384819183106677e-01
1357 3.6301625395556698e+01 5.0224926985752494e-01
1358 3.6220529624662369e+01 5.0112727349299868e-01
1359 3.6239506890001032e+01 5.0138983247090607e-01
1360 3.6038577277074275e+01 4.9860988115231936e-01
1361 3.6158139629964872e+01 5.0026407993233046e-01
1362 3.5894076016991292e+01 4.9661064140535605e-01
1363 3.6040586658061933e+01 4.9863768183955914e-01
1364 3.5795510606176805e+01 4.9524694473680847e-01
1365 3.5886957078230537e+01 4.9651214769451557e-01
1366 3.5734416678051268e+01 4.9440168283849317e-01
1367 3.5713789528277161e+01 4.9411629696939224e-01
1368 3.5689219800251848e+01 4.9377636376180584e-01
1369 3.5546541977790184e+01 4.9180235209220707e-01
1370 3.5634033631574027e+01 4.9301283836528015e-01
1371 3.5408971276064364e+01 4.8989899972870554e-01
1372 3.5549124808944597e+01 4.9183808671971574e-01
1373 3.5314003411065656e+01 4.8858507672014051e-01
1374 3.5428804990016815e+01 4.9017340805733095e-01
1375 3.5259317381980736e+01 4.8782847097921217e-01
1376 3.5283341060778490e+01 4.8816084935081372e-01
1377 3.5228755920670686e+01 4.8740563945413590e-01
1378 3.5134218325425969e+01 4.8609766942060795e-01
1379 3.5198803943913845e+01 4.8699124042122771e-01
1380 3.5005207839302784e+01 4.8431275147951586e-01
1381 3.5147800089369248e+01 4.8628557921664489e-01
1382 3.4913224075612682e+01 4.8304011485102605e-01
1383 3.5064395334164686e+01 4.8513163701852879e-01
1384 3.4862385456127321e+01 4.8233673974760127e-01
1385 3.4951786966474081e+01 4.8357364974285771e-01
1386 3.4843002873829526e+01 4.8206857302776585e-01
1387 3.4825993605851195e+01 4.8183324217605217e-01
1388 3.4835510697852399e+01 4.8196491541262731e-01
1389 3.4709176813728995e+01 4.8021702946074890e-01
1390 3.4817916812695522e+01 4.8172149612002779e-01
1391 3.4621085382362253e+01 4.7899824499579585e-01
1392 3.4774140705402310e+01 4.8111583404055763e-01
1393 3.4572010315678845e+01 4.7831926943639935e-01
1394 3.4700040324741884e+01 4.8009062203758712e-01
1395 3.4559523506300785e+01 4.7814650882789644e-01
1396 3.4604680768226501e+01 4.7877127980120199e-01
1397 3.4569748270385062e+01 4.7828797302515580e-01
1398 3.4506460415948922e+01 4.7741235717228298e-01
1399 3.4582562427633327e+01 4.7846526263826961e-01
1400 3.4425963216716902e+01 4.7629864231518443e-01
1401 3.4578985162250135e+01 4.7841576956716830e-01
1402 3.4378527026369291e+01 4.7564234134498529e-01
1403 3.4548137504228023e+01 4.7798897838221172e-01
1404 3.4369150109769492e+01 4.7551260749796198e-01
1405 3.4491109725311951e+01 4.7719997348201521e-01
1406 3.4391161444451924e+01 4.7581714418612348e-01
1407 3.4420231959471657e+01 4.7621934780053321e-01
1408 3.4428823003049878e+01 4.7633820874181232e-01
1409 3.4354220380830874e+01 4.7530604800160647e-01
1410 3.4462956735987568e+01 4.7681046424714196e-01
1411 3.4311335482963756e+01 4.7471271620428396e-01
1412 3.4477759966196714e+01 4.7701527357683621e-01
1413 3.4303171352819213e+01 4.7459976180184499e-01
1414 3.4466406093244110e+01 4.7685818765193994e-01
1415 3.4331055622562204e+01 4.7498555318077984e-01
1416 3.4433313148655039e+01 4.7640033192024228e-01
1417 3.4385946885636614e+01 4.7574499842600715e-01
1418 3.4392265083457715e+01 4.7583241352678807e-01
1419 3.4451683544097406e+01 4.7665449458093273e-01
1420 3.4361299327545645e+01 4.7540398840455300e-01
1421 3.4510547967833631e+01 4.7746891028601357e-01
1422 3.4356456010076428e+01 4.7533697893497429e-01
1423 3.4549358966769248e+01 4.7800587786433696e-01
1424 3.4386595365916556e+01 4.7575397044154555e-01
1425 3.4563958276585026e+01 4.7820786586392378e-01
1426 3.4450771855493571e+01 4.7664188096017540e-01
1427 3.4560393484346214e+01 4.7815854536436958e-01
1428 3.4538661695934707e+01 4.7785787632425236e-01
1429 3.4552283140181800e+01 4.7804633511509054e-01
1430 3.4633553294279068e+01 4.7917074414944627e-01
1431 3.4555091010365793e+01 4.7808518325851107e-01
1432 3.4716335406110957e+01 4.8031607179722480e-01
1433 3.4578417746514219e+01 4.7840791911595676e-01
1434 3.4767649359133507e+01 4.8102602335333977e-01
1435 3.4616513355594918e+01 4.7893498895476072e-01
1436 3.4764204553314286e+01 4.8097836291971863e-01
1437 3.4635592060429907e+01 4.7919895139359886e-01
1438 3.4665272190012587e+01 4.7960958929891984e-01
1439 3.4556289748403692e+01 4.7810176833694007e-01
1440 3.4389146605431712e+01 4.7578926798455518e-01
1441 3.4235175629790916e+01 4.7365901047536096e-01
1442 3.3791464923514049e+01 4.6752007383472227e-01
1443 3.3465894848252113e+01 4.6301566581425435e-01
1444 3.2679664085133737e+01 4.5213781055535285e-01
1445 3.2042508551798946e+01 4.4332247796580304e-01
1446 3.0911446252100546e+01 4.2767372372967932e-01
1447 2.9915138699112653e+01 4.1388936185636893e-01
1448 2.8575041523069171e+01 3.9534851634678048e-01
1449 2.7368862328547742e+01 3.7866048617830556e-01
1450 2.6120167122538394e+01 3.6138422792102243e-01
1451 2.5043732201814617e+01 3.4649126797524449e-01
1452 2.4263141729053991e+01 3.3569144866330397e-01
1453 2.3697148598266452e+01 3.2786067983174605e-01
1454 2.3667317718314216e+01 3.2744795622744560e-01
1455 2.3822850038423034e+01 3.2959981563767088e-01
1456 2.4532566808320439e+01 3.3941906548123968e-01
1457 2.5224353550155548e+01 3.4899024534434098e-01
1458 2.6152037569425829e+01 3.6182516984868623e-01
1459 2.6668986105986892e+01 3.6897738472095720e-01
1460 2.6908450613018392e+01 3.7229048358368977e-01
1461 2.6559073914682500e+01 3.6745670025491595e-01
1462 2.5825771621021119e+01 3.5731113411116533e-01
1463 2.4981783259030099e+01 3.4563417656561912e-01
1464 2.4163097381132836e+01 3.3430729023653216e-01
1465 2.3871136157968607e+01 3.3026787575954591e-01
1466 2.3849596930200256e+01 3.2996987088229673e-01
1467 2.4457746787436587e+01 3.3838389693299503e-01
1468 2.5001203806018875e+01 3.4590286854398272e-01
1469 2.5616857292890629e+01 3.5442071067631947e-01
1470 2.5572161704547760e+01 3.5380232716410887e-01
1471 2.5186331642411133e+01 3.4846419519658206e-01
1472 2.4386224035903673e+01 3.3739434758515774e-01
1473 2.3712809026956442e+01 3.2807734888690537e-01
1474 2.3429187827862112e+01 3.2415332238370981e-01
1475 2.3568634124840649e+01 3.2608262444880076e-01
1476 2.4172551408451113e+01 3.3443809094493238e-01
1477 2.4589987740113550e+01 3.4021350982783244e-01
1478 2.4820593974601721e+01 3.4340405051669243e-01
1479 2.4306247769406507e+01 3.3628784006610185e-01
1480 2.3717368314611317e+01 3.2814042867660570e-01
1481 2.3052744519180372e+01 3.1894506036050857e-01
1482 2.2994726919347436e+01 3.1814236084395897e-01
1483 2.3280871185683246e+01 3.2210129511412167e-01
1484 2.3812903928798079e+01 3.2946220674984217e-01
1485 2.4066555857173789e+01 3.3297159495041151e-01
1486 2.3759773019184951e+01 3.2872711678432992e-01
1487 2.3191353821816794e+01 3.2086278223345599e-01
1488 2.2565551824783654e+01 3.1220453091108558e-01
1489 2.2554514755926085e+01 3.1205182811294147e-01
1490 2.2792420339774729e+01 3.1534335857420931e-01
1491 2.3348156936352190e+01 3.2303222365456735e-01
1492 2.3337309027766132e+01 3.2288213797362442e-01
1493 2.3017618697191732e+01 3.1845907885817343e-01
1494 2.2336152637769160e+01 3.0903069026542562e-01
1495 2.2049276992774544e+01 3.0506163704347022e-01
1496 2.2182151610212866e+01 3.0690001697450114e-01
1497 2.2603659142940160e+01 3.1273176275020526e-01
1498 2.2855801672931293e+01 3.1622026774710760e-01
1499 2.2518077203730179e+01 3.1154769823483330e-01
1500 2.2017531004215559e+01 3.0462241705260429e-01
1501 2.1556190169839606e+01 2.9823955968200444e-01
1502 2.1755003011790350e+01 3.0099022452469443e-01
1503 2.2053031717628652e+01 3.0511358534594823e-01
1504 2.2339956066431700e+01 3.0908331240693859e-01
1505 2.1958410001845966e+01 3.0380445146704654e-01
1506 2.1475313582633991e+01 2.9712059582212280e-01
1507 2.1143525072910812e+01 2.9253015297170487e-01
1508 2.1341428190901361e+01 2.9526823137536357e-01
1509 2.1716539250677421e+01 3.0045806113739587e-01
1510 2.1732284921276005e+01 3.0067590955259449e-01
1511 2.1371568357843007e+01 2.9568523410388814e-01
1512 2.0820375057545196e+01 2.8805922756538149e-01
1513 2.0816725653198873e+01 2.8800873641936853e-01
1514 2.1029264263613893e+01 2.9094930342523440e-01
1515 2.1371644204926408e+01 2.9568628348230702e-01
1516 2.1066243654504909e+01 2.9146092988472239e-01
1517 2.0653008426766373e+01 2.8574363515894707e-01
1518 2.0320901439438583e+01 2.8114878602802135e-01
1519 2.0554417592525645e+01 2.8437958674589420e-01
1520 2.0834654033161513e+01 2.8825678359763801e-01
1521 2.0773390648586741e+01 2.8740917719334058e-01
1522 2.0342698586698535e+01 2.8145035933712248e-01
1523 1.9960037200156666e+01 2.7615606741770760e-01
1524 2.0115680277764234e+01 2.7830945920760658e-01
1525 2.0349931074893618e+01 2.8155042405531766e-01
1526 2.0433851512509669e+01 2.8271150095089781e-01
1527 1.9938952675676624e+01 2.7586435356440203e-01
1528 1.9664807981689552e+01 2.7207143875989920e-01
1529 1.9656128692326341e+01 2.7195135689860361e-01
1530 2.0013823070372823e+01 2.7690021905693485e-01
1531 1.9962579602649377e+01 2.7619124269654799e-01
1532 1.9596947157227785e+01 2.7113255381558971e-01
1533 1.9256201163385171e+01 2.6641818015464402e-01
1534 1.9337693776609044e+01 2.6754566701079679e-01
1535 1.9639949634831495e+01 2.7172751238130649e-01
1536 1.9531763343909248e+01 2.7023070652117703e-01
1537 1.9188424709638550e+01 2.6548046251702168e-01
1538 1.8853852485286257e+01 2.6085150572611954e-01
1539 1.9090677307798423e+01 2.6412808336953914e-01
1540 1.9229734510656300e+01 2.6605200214294883e-01
1541 1.9149504725810097e+01 2.6494198708382249e-01
1542 1.8668560674185436e+01 2.5828791040987903e-01
1543 1.8589821783866803e+01 2.5719852254525838e-01
1544 1.8766836246955084e+01 2.5964759703907409e-01
1545 1.8916776296000425e+01 2.6172208487081294e-01
1546 1.8619861638205396e+01 2.5761413740392614e-01
1547 1.8260448334245055e+01 2.5264149313458012e-01
1548 1.8312319257016750e+01 2.5335915061699432e-01
1549 1.8504756815881219e+01 2.5602161055865508e-01
1550 1.8513007979444598e+01 2.5613576910748109e-01
1551 1.8072422570992995e+01 2.5004007236405695e-01
1552 1.7947500101654523e+01 2.4831171396879553e-01
1553 1.8048291446306038e+01 2.4970620743038521e-01
1554 1.8258823422983127e+01 2.5261901175844353e-01
1555 1.7942114502494228e+01 2.4823720178878900e-01
1556 1.7663509175132074e+01 2.4438257212079662e-01
1557 1.7648854352496890e+01 2.4417981607645395e-01
1558 1.7884852674779967e+01 2.4744495871849070e-01
1559 1.7795017569924916e+01 2.4620204974873017e-01
1560 1.7426509466223653e+01 2.4110357484564238e-01
1561 1.7325333998359469e+01 2.3970376686711314e-01
1562 1.7472814682850299e+01 2.4174422828713191e-01
1563 1.7586029533519092e+01 2.4331060652683437e-01
1564 1.7215762585990380e+01 2.3818779723049271e-01
1565 1.7045449840337884e+01 2.3583144400334863e-01
1566 1.7092096368802185e+01 2.3647681964720205e-01
1567 1.7304719291940742e+01 2.3941855315741517e-01
1568 1.7021056320832066e+01 2.3549394871966492e-01
1569 1.6774577359040883e+01 2.3208380172911131e-01
1570 1.6767837157122116e+01 2.3199054801235605e-01
1571 1.6973550717520997e+01 2.3483668738998226e-01
1572 1.6827610801798667e+01 2.3281754319696271e-01
1573 1.6502919466116687e+01 2.2832529293272802e-01
1574 1.6484778734684713e+01 2.2807430777663346e-01
1575 1.6633527349607171e+01 2.3013231158288358e-01
1576 1.6613532493192313e+01 2.2985567377601290e-01
1577 1.6241330373639926e+01 2.2470609050673340e-01
1578 1.6211664368150586e+01 2.2429564801457896e-01
1579 1.6320712223366989e+01 2.2580437400315881e-01
1580 1.6362722859024199e+01 2.2638560999067101e-01
1581 1.6000355637693787e+01 2.2137209694957791e-01
1582 1.5928074730797402e+01 2.2037205818222860e-01
1583 1.6048023347517447e+01 2.2203160109557254e-01
1584 1.6078531611521711e+01 2.2245369661206252e-01
1585 1.5774543396100439e+01 2.1824788330268619e-01
1586 1.5637196409701209e+01 2.1634762614107192e-01
1587 1.5803206448141603e+01 2.1864444948402650e-01
1588 1.5782777772307126e+01 2.1836180959090265e-01
1589 1.5543758938891166e+01 2.1505487682254082e-01
1590 1.5358326312295663e+01 2.1248933326077088e-01
1591 1.5562470437671550e+01 2.1531375880090914e-01
1592 1.5499842253044232e+01 2.1444726977572562e-01
1593 1.5288310954912010e+01 2.1152063938710600e-01
1594 1.5108575853415985e+01 2.0903392364062054e-01
1595 1.5309577977700426e+01 2.1181487818636463e-01
1596 1.5239414078848560e+01 2.1084412917486112e-01
1597 1.5004740607617871e+01 2.0759731644137477e-01
1598 1.4889469192302121e+01 2.0600248470734270e-01
1599 1.5046470750932889e+01 2.0817467169152243e-01
1600 1.4990867876557743e+01 2.0740538098476760e-01
1601 1.4709212291547786e+01 2.0350854963407386e-01
1602 1.4687131442886539e+01 2.0320305118883611e-01
1603 1.4787942453365911e+01 2.0459781673597499e-01
1604 1.4732243877605486e+01 2.0382720195762952e-01
1605 1.4426553477327554e+01 1.9959783815727367e-01
1606 1.4483869701447933e+01 2.0039083382624925e-01
1607 1.4546109112307702e+01 2.0125194399198051e-01
1608 1.4447104875050128e+01 1.9988217596276428e-01
1609 1.4174917059212712e+01 1.9611633544518817e-01
1610 1.4271207810321478e+01 1.9744856117644510e-01
1611 1.4317831313887483e+01 1.9809361826050315e-01
1612 1.4137526838271789e+01 1.9559902496768850e-01
1613 1.3957325528179862e+01 1.9310585901616836e-01
1614 1.4053493696442843e+01 1.9443638875877128e-01
1615 1.4084372035893269e+01 1.9486360443505030e-01
1616 1.3824419208001999e+01 1.9126704046351611e-01
1617 1.3763855671161261e+01 1.9042911676652449e-01
1618 1.3839234849585811e+01 1.9147202151014581e-01
1619 1.3823643749798801e+01 1.9125631165145557e-01
1620 1.3536167553147390e+01 1.8727894952796062e-01
1621 1.3580318177899761e+01 1.8788979322446206e-01
1622 1.3628370691401003e+01 1.8855462130193351e-01
1623 1.3527424400623923e+01 1.8715798409119808e-01
1624 1.3294140746502196e+01 1.8393040010079431e-01
1625 1.3395429310340258e+01 1.8533177281284954e-01
1626 1.3407356135086790e+01 1.8549678578280315e-01
1627 1.3211925184004240e+01 1.8279291091716734e-01
1628 1.3102766678480551e+01 1.8128265403195576e-01
1629 1.3200927086862585e+01 1.8264074731019303e-01
1630 1.3157856303282021e+01 1.8204484370064894e-01
1631 1.2913259072034299e+01 1.7866073129618407e-01
1632 1.2946786367589166e+01 1.7912459646831463e-01
1633 1.2987479865655295e+01 1.7968760926647337e-01
1634 1.2874348140145832e+01 1.7812238110063469e-01
1635 1.2668726019380022e+01 1.7527750683134577e-01
1636 1.2795216636972578e+01 1.7702756126107014e-01
1637 1.2745646067963659e+01 1.7634173020475058e-01
1638 1.2577177843534336e+01 1.7401089675605941e-01
1639 1.2493370224466913e+01 1.7285138075570250e-01
1640 1.2611752574678713e+01 1.7448925366938120e-01
1641 1.2476098571312445e+01 1.7261241968738827e-01
1642 1.2307096530541248e+01 1.7027420065017254e-01
1643 1.2364281025437933e+01 1.7106537378625331e-01
1644 1.2371979156650781e+01 1.7117188088445595e-01
1645 1.2199777458499337e+01 1.6878939315222966e-01
1646 1.2098972968620849e+01 1.6739471782052873e-01
1647 1.2225095286136922e+01 1.6913967665349985e-01
1648 1.2083176331082585e+01 1.6717616425485923e-01
1649 1.1952628966401823e+01 1.6536998290958088e-01
1650 1.1950293147422473e+01 1.6533766580630754e-01
1651 1.2018436373068964e+01 1.6628045789767423e-01
1652 1.1790839142421252e+01 1.6313154812658726e-01
1653 1.1760525226760782e+01 1.6271214150660551e-01
1654 1.1811343570065771e+01 1.6341523607998029e-01
1655 1.1733342797521843e+01 1.6233606040584350e-01
1656 1.1554368180889504e+01 1.5985986630855042e-01
1657 1.1609879047270690e+01 1.6062788404344008e-01
1658 1.1618404312953325e+01 1.6074583491803010e-01
1659 1.1426347359387423e+01 1.5808864082138940e-01
1660 1.1399243792722219e+01 1.5771365081970756e-01
1661 1.1445010841266829e+01 1.5834685846439550e-01
1662 1.1355251097245569e+01 1.5710499214557239e-01
1663 1.1181681756029533e+01 1.5470358245811316e-01
1664 1.1282562595739186e+01 1.5609931412397374e-01
1665 1.1215272060722318e+01 1.5516831938992856e-01
1666 1.1079271638438144e+01 1.5328669254682575e-01
1667 1.1033593436101519e+01 1.5265471412927584e-01
1668 1.1116075610072544e+01 1.5379589200221702e-01
1669 1.0939589863111978e+01 1.5135413253317534e-01
1670 1.0867032971800885e+01 1.5035027539766019e-01
1671 1.0922548292212767e+01 1.5111835475606231e-01
1672 1.0853888736265606e+01 1.5016841900339423e-01
1673 1.0701617802450203e+01 1.4806168233538072e-01
1674 1.0726182901394136e+01 1.4840155149754991e-01
1675 1.0747222489523162e+01 1.4869264363628373e-01
1676 1.0559362635384820e+01 1.4609351829276476e-01
1677 1.0554970745034911e+01 1.4603275451986203e-01
1678 1.0575207595170292e+01 1.4631274041839853e-01
1679 1.0485211137848129e+01 1.4506759906488348e-01
1680 1.0343899004118311e+01 1.4311248231144749e-01
1681 1.0443452923244145e+01 1.4448985543586207e-01
1682 1.0343097821894959e+01 1.4310139759603002e-01
1683 1.0229813548528430e+01 1.4153405886216597e-01
1684 1.0228639907341551e+01 1.4151782100992760e-01
1685 1.0253768195383952e+01 1.4186548214588354e-01
1686 1.0081016941717815e+01 1.3947539106661716e-01
1687 1.0064955416732740e+01 1.3925317266431006e-01
1688 1.0105548199898459e+01 1.3981479202664754e-01
1689 9.9739052312999359e+00 1.3799345250975148e-01
1690 9.9003559529938787e+00 1.3697586525504177e-01
1691 9.9400285324294018e+00 1.3752475318602941e-01
1692 9.8823926160090210e+00 1.3672733443069046e-01
1693 9.7290184777047042e+00 1.3460533443374822e-01
1694 9.7998284507894482e+00 1.3558502217204979e-01
1695 9.7394007543001422e+00 1.3474897788724921e-01
1696 9.6283905548698030e+00 1.3321310198629160e-01
1697 9.5985485638107662e+00 1.3280022465484490e-01
1698 9.6467962560413838e+00 1.3346775311758155e-01
1699 9.4793852717565308e+00 1.3115154706049717e-01
1700 9.4623932824773735e+00 1.3091645526733661e-01
1701 9.4860598525338062e+00 1.3124389287932658e-01
1702 9.3864852043823817e+00 1.2986623295954530e-01
1703 9.2961959566986572e+00 1.2861704072005162e-01
1704 9.3460982355560667e+00 1.2930746113090816e-01
1705 9.2750466368730873e+00 1.2832443039407773e-01
1706 9.1495411305063090e+00 1.2658800542001780e-01
1707 9.2047746612055619e+00 1.2735218609135349e-01
1708 9.1448631126800581e+00 1.2652328294514198e-01
1709 9.0406918893840373e+00 1.2508202734651538e-01
1710 9.0254276693438609e+00 1.2487084001573924e-01
1711 9.0538176827091164e+00 1.2526362858453127e-01
1712 8.8894029775315264e+00 1.2298887739282864e-01
1713 8.9050928851156659e+00 1.2320595430171082e-01
1714 8.8973479379638700e+00 1.2309879948399428e-01
1715 8.8028611960729108e+00 1.2179153302942504e-01
1716 8.7328211421386666e+00 1.2082249746790548e-01
1717 8.7888978742912300e+00 1.2159834420955216e-01
1718 8.6718090856188947e+00 1.1997836829997813e-01
1719 8.6068508095870637e+00 1.1907964141508819e-01
1720 8.6450851871486911e+00 1.1960863117806818e-01
1721 8.5632285705011757e+00 1.1847610817128143e-01
1722 8.4766398306172928e+00 1.1727811411700180e-01
1723 8.4996289194161054e+00 1.1759617847191928e-01
1724 8.4635164294578686e+00 1.1709654597567073e-01
1725 8.3326176034227561e+00 1.1528550200491262e-01
1726 8.3832282023512672e+00 1.1598572234165842e-01
1727 8.3253306671543701e+00 1.1518468397320147e-01
1728 8.2366040127948015e+00 1.1395711091322359e-01
1729 8.2201282784819725e+00 1.1372916173908007e-01
1730 8.2358434692838056e+00 1.1394658845261942e-01
1731 8.0932725102165790e+00 1.1197405528601453e-01
1732 8.1098755776746572e+00 1.1220376617133582e-01
1733 8.0965264235771954e+00 1.1201907463684915e-01
1734 7.9959016610920370e+00 1.1062688591424877e-01
1735 7.9656133022741384e+00 1.1020783288464711e-01
1736 7.9858951209154379e+00 1.1048844094263292e-01
1737 7.8789765610852154e+00 1.0900917471078204e-01
1738 7.8367296007869598e+00 1.0842466906586136e-01
1739 7.8714034555860026e+00 1.0890439739940580e-01
1740 7.7572185014658110e+00 1.0732459734332896e-01
1741 7.7266749937493167e+00 1.0690201421427230e-01
1742 7.7327211362990500e+00 1.0698566530834783e-01
1743 7.6674840118144711e+00 1.0608308043004111e-01
1744 7.5817260763318375e+00 1.0489658092729671e-01
1745 7.6375921036894265e+00 1.0566951247359668e-01
1746 7.5319110569598422e+00 1.0420736779055972e-01
1747 7.4876776104430744e+00 1.0359537821779949e-01
1748 7.4945094925720017e+00 1.0368990037138401e-01
1749 7.4438386258077500e+00 1.0298884620209857e-01
1750 7.3521065894730713e+00 1.0171969233447931e-01
1751 7.3925181320638602e+00 1.0227880415217010e-01
1752 7.3217714570657355e+00 1.0129999217128825e-01
1753 7.2458377621824974e+00 1.0024941544374154e-01
1754 7.2722378271008266e+00 1.0061467218321098e-01
1755 7.2119783337781946e+00 9.9780955064666180e-02
1756 7.1381757314092829e+00 9.8759862957922440e-02
1757 7.1485013864480313e+00 9.8902723026789957e-02
1758 7.1153093305457649e+00 9.8443496045619472e-02
1759 7.0118668388813683e+00 9.7012322775977239e-02
1760 7.0537084827492444e+00 9.7591220686285451e-02
1761 6.9865706592100407e+00 9.6662338784030036e-02
1762 6.9238768064447109e+00 9.5794941210702741e-02
1763 6.9204137344665035e+00 9.5747028056579031e-02
1764 6.9001946300879391e+00 9.5467287678547633e-02
1765 6.7954180453955324e+00 9.4017656633476915e-02
1766 6.8298349504079274e+00 9.4493829951472402e-02
1767 6.7758984789960115e+00 9.3747594677152102e-02
1768 6.7026183488658191e+00 9.2733731208177558e-02
1769 6.7113949443752920e+00 9.2855159343651822e-02
1770 6.6763572968914850e+00 9.2370397775140306e-02
1771 6.5938548346622072e+00 9.1228939205046239e-02
1772 6.6048068401722491e+00 9.1380465113623521e-02
1773 6.5743712108162784e+00 9.0959374530071815e-02
1774 6.4819563032450978e+00 8.9680772832604644e-02
1775 6.5116134739976133e+00 9.0091093092212471e-02
1776 6.4550825961448624e+00 8.9308963041103945e-02
1777 6.3954126968553995e+00 8.8483403220460957e-02
1778 6.3904092396679548e+00 8.8414178146052444e-02
1779 6.3701151901407940e+00 8.8133400868274786e-02
1780 6.2735902162055108e+00 8.6797934559156117e-02
1781 6.3095236319958072e+00 8.7295089483970370e-02
1782 6.2464832597513613e+00 8.6422897658223766e-02
1783 6.1917143750778401e+00 8.5665145573063581e-02
1784 6.1929096174139238e+00 8.5681682286890021e-02
1785 6.1579633379653416e+00 8.5198184836127511e-02
1786 6.0810790651343734e+00 8.4134456436307514e-02
1787 6.1032117118318538e+00 8.4440671530609732e-02
1788 6.0498791772984797e+00 8.3702791993890219e-02
1789 5.9860118149144288e+00 8.2819158388629077e-02
1790 6.0069387544364510e+00 8.3108691983358268e-02
1791 5.9441913436353655e+00 8.2240553410583700e-02
1792 5.8975864919213441e+00 8.1595754383263830e-02
1793 5.9004470725990839e+00 8.1635331800007802e-02
1794 5.8560069569333182e+00 8.1020482866873064e-02
1795 5.7890027590111162e+00 8.0093449734964489e-02
1796 5.8211146987578442e+00 8.0537732824654373e-02
1797 5.7392995507743993e+00 7.9405783555435150e-02
1798 5.7140544259268378e+00 7.9056505929874565e-02
1799 5.7088565854569122e+00 7.8984591475565427e-02
1800 5.6574242001745407e+00 7.8273001356014921e-02
1801 5.6078687700457168e+00 7.7587379752891775e-02
1802 5.6286166028035538e+00 7.7874435325203009e-02
1803 5.5479981363404187e+00 7.6759042681569523e-02
1804 5.5285112246303765e+00 7.6489432517520370e-02
1805 5.5275156720135410e+00 7.6475658600527338e-02
1806 5.4563879691461032e+00 7.5491574928169630e-02
1807 5.4399375543812356e+00 7.5263976061328813e-02
1808 5.4321437211236479e+00 7.5156144882411582e-02
1809 5.3665093389343417e+00 7.4248063765576425e-02
1810 5.3469845693039675e+00 7.3977929820218918e-02
1811 5.3478319872406255e+00 7.3989654227468254e-02
1812 5.2628105624699906e+00 7.2813344680774397e-02
1813 5.2757375004376676e+00 7.2992194665727247e-02
1814 5.2394026881107836e+00 7.2489486239789347e-02
1815 5.1883928062332139e+00 7.1783741644351362e-02
1816 5.1758474930379954e+00 7.1610171609297141e-02
1817 5.1619419863366467e+00 7.1417782686992670e-02
1818 5.0853787761403986e+00 7.0358496332731515e-02
1819 5.1072145861312741e+00 7.0660604558056520e-02
1820 5.0553274720056312e+00 6.9942723060998038e-02
1821 5.0121212204804673e+00 6.9344945191678442e-02
1822 5.0141650609734603e+00 6.9373222641630775e-02
1823 4.9704989343667823e+00 6.8769082194288858e-02
1824 4.9247278086266331e+00 6.8135818139771875e-02
1825 4.9331169403938153e+00 6.8251885540580912e-02
1826 4.8790914215176038e+00 6.7504418254651283e-02
1827 4.8424964885154562e+00 6.6998110942498162e-02
1828 4.8534394467820157e+00 6.7149511678403870e-02
1829 4.7828288518376176e+00 6.6172582426101856e-02
1830 4.7736743996381206e+00 6.6045926473839570e-02
1831 4.7574920723496916e+00 6.5822036717481616e-02
1832 4.7076429732941065e+00 6.5132352073036248e-02
1833 4.6845762554736829e+00 6.4813213685785548e-02
1834 4.6847764885165590e+00 6.4815983999745044e-02
1835 4.6098349600051032e+00 6.3779134338972213e-02
1836 4.6227961824990107e+00 6.3958458665723236e-02
1837 4.5848177361421669e+00 6.3433009825755240e-02
1838 4.5410261915602952e+00 6.2827134164472304e-02
1839 4.5366362688093025e+00 6.2766397614183095e-02
1840 4.5072611038836774e+00 6.2359979031679474e-02
1841 4.4560734628018555e+00 6.1651775057919647e-02
1842 4.4661705702817098e+00 6.1791473068798529e-02
1843 4.4174837429719451e+00 6.1117868975274894e-02
1844 4.3832067612010128e+00 6.0643631558085366e-02
1845 4.3895034479112560e+00 6.0730749042999098e-02
1846 4.3302262101785276e+00 5.9910621871115552e-02
1847 4.3166088013632393e+00 5.9722218912286414e-02
1848 4.3035324129193393e+00 5.9541301212961410e-02
1849 4.2569060903155851e+00 5.8896205126251655e-02
1850 4.2369152008700466e+00 5.8619622204180814e-02
1851 4.2337155910206272e+00 5.8575354166780579e-02
1852 4.1670280528447385e+00 5.7652702164494876e-02
1853 4.1799527257963440e+00 5.7831520811934441e-02
1854 4.1394281787114711e+00 5.7270845526381647e-02
1855 4.1051109725522972e+00 5.6796051586738797e-02
1856 4.0981282684569118e+00 5.6699442743599567e-02
1857 4.0687852882056754e+00 5.6293469450502030e-02
1858 4.0248711753018744e+00 5.5685898001509158e-02
1859 4.0351937145507009e+00 5.5828714962025565e-02
1860 3.9812090424837949e+00 5.5081812810023847e-02
1861 3.9633526327408930e+00 5.4834761372025510e-02
1862 3.9574056403154345e+00 5.4752482064391525e-02
1863 3.9057185001017083e+00 5.4037367296099495e-02
1864 3.8982607177676414e+00 5.3934185532439408e-02
1865 3.8795841545177492e+00 5.3675786902805195e-02
1866 3.8356037886120551e+00 5.3067298813814411e-02
1867 3.8285122160081007e+00 5.2969183726027914e-02
1868 3.8087006097123939e+00 5.2695081266749565e-02
1869 3.7586835885250154e+00 5.2003073344292071e-02
1870 3.7716699630503592e+00 5.2182745660679555e-02
1871 3.7217848119641213e+00 5.1492562220219557e-02
1872 3.7039343556439857e+00 5.1245593150495504e-02
1873 3.6930053083677135e+00 5.1094384879379964e-02
1874 3.6569689000413996e+00 5.0595805006634263e-02
1875 3.6318663924554442e+00 5.0248500554856676e-02
1876 3.6317974573272354e+00 5.0247546806438163e-02
1877 3.5764503080435595e+00 4.9481794171025203e-02
1878 3.5790898253216286e+00 4.9518313076480296e-02
1879 3.5520008424505658e+00 4.9143524848131726e-02
1880 3.5147624554503558e+00 4.8628315061304474e-02
1881 3.5138527527134427e+00 4.8615728915906757e-02
1882 3.4807855948705448e+00 4.8158229955408645e-02
1883 3.4516023229281116e+00 4.7754466298397996e-02
1884 3.4493604929047148e+00 4.7723449574487514e-02
1885 3.4108919915943932e+00 4.7191220604431885e-02
1886 3.3890236775001616e+00 4.6888662670257757e-02
1887 3.3876595702007832e+00 4.6869789633922472e-02
1888 3.3360290378680748e+00 4.6155458061054880e-02
1889 3.3391569969396038e+00 4.6198734777805200e-02
1890 3.3101654249329564e+00 4.5797623375390069e-02
1891 3.2809771970813806e+00 4.5393791151153537e-02
1892 3.2719692464401948e+00 4.5269162113661401e-02
1893 3.2494321535432427e+00 4.4957351324781659e-02
1894 3.2127270009633779e+00 4.4449519075333607e-02
1895 3.2204843243492669e+00 4.4556845123799975e-02
1896 3.1723406851949130e+00 4.3890756282044752e-02
1897 3.1652318156358117e+00 4.3792401883125526e-02
1898 3.1494590349759655e+00 4.3574178388069561e-02
1899 3.1137709317856568e+00 4.3080417473107153e-02
1900 3.1061630543121237e+00 4.2975159075869789e-02
1901 3.0868079620934705e+00 4.2707372693609524e-02
1902 3.0518309780455830e+00 4.2223450430943568e-02
1903 3.0517294103961441e+00 4.2222045196957041e-02
1904 3.0203214144267427e+00 4.1787501485169118e-02
1905 2.9955237549141480e+00 4.1444414743221178e-02
1906 2.9958570908405378e+00 4.1449026595275246e-02
1907 2.9521766146403183e+00 4.0844687614870409e-02
1908 2.9486612157421952e+00 4.0796050494339257e-02
1909 2.9279615206916549e+00 4.0509660928799866e-02
1910 2.8990938077690926e+00 4.0110263172368051e-02
1911 2.8897312520055016e+00 3.9980728013955018e-02
1912 2.8717343672512059e+00 3.9731733041166242e-02
1913 2.8369238604799087e+00 3.9250114066292613e-02
1914 2.8434083570895425e+00 3.9339829985403522e-02
1915 2.8012529012661416e+00 3.8756590345935316e-02
1916 2.7938983178719896e+00 3.8654836385897173e-02
1917 2.7787571022370097e+00 3.8445350876238564e-02
1918 2.7483731185560032e+00 3.8024974833764824e-02
1919 2.7396030408724132e+00 3.7903636875335114e-02
1920 2.7227299013216308e+00 3.7670189421474778e-02
1921 2.6911244154769127e+00 3.7232913348680938e-02
1922 2.6914961110049704e+00 3.7238055923029666e-02
1923 2.6606578899292774e+00 3.6811395302459561e-02
1924 2.6423195426696475e+00 3.6557676042751973e-02
1925 2.6383114733029256e+00 3.6502222605308346e-02
1926 2.6010288274474016e+00 3.5986400477366232e-02
1927 2.5986062040671367e+00 3.5952882396271528e-02
1928 2.5771105810625929e+00 3.5655480810487819e-02
1929 2.5530733923896025e+00 3.5322915523702765e-02
1930 2.5455733329022330e+00 3.5219148836663994e-02
1931 2.5248244003600719e+00 3.4932078048343342e-02
1932 2.4990982767904879e+00 3.4576145589719338e-02
1933 2.5014022312270372e+00 3.4608021832750691e-02
1934 2.4620935351435769e+00 3.4064168391152845e-02
1935 2.4612654798972780e+00 3.4052711875409446e-02
1936 2.4402341174898181e+00 3.3761733543223010e-02
1937 2.4174547604481154e+00 3.3446570921236964e-02
1938 2.4101416205695885e+00 3.3345390350826315e-02
1939 2.3898550713574549e+00 3.3064716843271197e-02
1940 2.3669454718298497e+00 3.2747752258074511e-02
1941 2.3657671813023686e+00 3.2731450080123556e-02
1942 2.3329947070246901e+00 3.2278028198925827e-02
1943 2.3264654982103554e+00 3.2187693666407939e-02
1944 2.3124296109062339e+00 3.1993500869984003e-02
1945 2.2845119831581826e+00 3.1607247968086963e-02
1946 2.2838755686539680e+00 3.1598442887967669e-02
1947 2.2576917962106191e+00 3.1236178651904090e-02
1948 2.2430228267324361e+00 3.1033226879643185e-02
1949 2.2345639747376125e+00 3.0916194868212836e-02
1950 2.2101161638086553e+00 3.0577948438338470e-02
1951 2.1979574388475798e+00 3.0409727024901537e-02
1952 2.1895251122869523e+00 3.0293062004750848e-02
1953 2.1585071286109914e+00 2.9863914287976415e-02
1954 2.1621112591590106e+00 2.9913779050683029e-02
1955 2.1328488979336111e+00 2.9508921157968316e-02
1956 2.1227924581815070e+00 2.9369785803343706e-02
1957 2.1118376392299218e+00 2.9218220969540742e-02
1958 2.0896176447943358e+00 2.8910797380103413e-02
1959 2.0789700604579306e+00 2.8763483275006607e-02
1960 2.0684048445694510e+00 2.8617308774331891e-02
1961 2.0419482355731646e+00 2.8251269722181976e-02
1962 2.0425553234677012e+00 2.8259669055502399e-02
1963 2.0168483388885452e+00 2.7904001393395453e-02
1964 2.0052436839149106e+00 2.7743445786753942e-02
1965 1.9976791470157367e+00 2.7638787025802556e-02
1966 1.9718877639636618e+00 2.7281951672967202e-02
1967 1.9683737982058325e+00 2.7233334380574827e-02
1968 1.9504142439923218e+00 2.6984855892561825e-02
1969 1.9329978514060262e+00 2.6743892289287752e-02
1970 1.9272459663452366e+00 2.6664312379556226e-02
1971 1.9071159715418153e+00 2.6385804872465606e-02
1972 1.8932787313323245e+00 2.6194360447695839e-02
1973 1.8886188486232438e+00 2.6129888880300291e-02
1974 1.8605299748221504e+00 2.5741266712449754e-02
1975 1.8623253349693334e+00 2.5766106325365939e-02
1976 1.8391234409229480e+00 2.5445097714397930e-02
1977 1.8281879240208352e+00 2.5293799933107038e-02
1978 1.8192234675626646e+00 2.5169772657145536e-02
1979 1.8006366523671773e+00 2.4912615732099064e-02
1980 1.7896038918367254e+00 2.4759972541593039e-02
1981 1.7818543997141054e+00 2.4652754842166585e-02
1982 1.7579729912915552e+00 2.4322344845019092e-02
1983 1.7585547851353944e+00 2.4330394223802877e-02
1984 1.7361020935877274e+00 2.4019751165447360e-02
1985 1.7264417489194859e+00 2.3886095963970070e-02
1986 1.7187311741380162e+00 2.3779416703414175e-02
1987 1.6975476314616855e+00 2.3486332888949905e-02
1988 1.6935315900138692e+00 2.3430769154188593e-02
1989 1.6781412026839100e+00 2.3217836242367992e-02
1990 1.6631641062689291e+00 2.3010621395731106e-02
1991 1.6581961954663027e+00 2.2941888121500310e-02
1992 1.6397602599368339e+00 2.2686818684307854e-02
1993 1.6297040572094290e+00 2.2547686609026271e-02
1994 1.6232084233185491e+00 2.2457816600633878e-02
1995 1.6007055132496162e+00 2.2146478746511940e-02
1996 1.6018815521197254e+00 2.2162749771773214e-02
1997 1.5804857827450589e+00 2.1866729705746595e-02
1998 1.5732465077398972e+00 2.1766571088989856e-02
1999 1.5636474121135482e+00 2.1633763295479419e-02
2000 1.5478208531574900e+00 2.1414795753573974e-02
