# step 2
# iter abs_residual rel_residual
0 7.2278104865846785e+01 1.0000000000000000e+00
1 1.1546600861375805e+03 1.5975240195917012e+01
2 1.1527745212176183e+03 1.5949152559509526e+01
3 1.1585072720810065e+03 1.6028467739037666e+01
4 1.2484330970659325e+03 1.7272631862486040e+01
5 1.4402468346337646e+03 1.9926460956702773e+01
6 1.2677694538267149e+03 1.7540159031283174e+01
7 1.4124522130191519e+03 1.9541909899834284e+01
8 1.3004236603875368e+03 1.7991944625571104e+01
9 1.3783981910459522e+03 1.9070757231451427e+01
10 1.3232324643111033e+03 1.8307514658375663e+01
11 1.3547601259464141e+03 1.8743713998325546e+01
12 1.3364428175025621e+03 1.8490285820070870e+01
13 1.3388396176543436e+03 1.8523446625216909e+01
14 1.3429152194666960e+03 1.8579834404336424e+01
15 1.3277325809229189e+03 1.8369775790155032e+01
16 1.3450051727483508e+03 1.8608749845403036e+01
17 1.3195692023751526e+03 1.8256831786394585e+01
18 1.3443069584343139e+03 1.8599089737195538e+01
19 1.3132163294684076e+03 1.8168936940250838e+01
20 1.3418458874585144e+03 1.8565039716371565e+01
21 1.3079856800730859e+03 1.8096568559742938e+01
22 1.3382737217499375e+03 1.8515617201555951e+01
23 1.3034526903333187e+03 1.8033852613493643e+01
24 1.3340055733944157e+03 1.8456565454648032e+01
25 1.2993510853098946e+03 1.7977105068285631e+01
26 1.3293075319960005e+03 1.8391565944670081e+01
27 1.2955114809372678e+03 1.7923982419597575e+01
28 1.3243513570110706e+03 1.8322995040741027e+01
29 1.2918249965147204e+03 1.7872978254098360e+01
30 1.3192485335185747e+03 1.8252395188932972e+01
31 1.2882212246122174e+03 1.7823118453413326e+01
32 1.3140716232919731e+03 1.8180770313928150e+01
33 1.2846546044796908e+03 1.7773772664129744e+01
34 1.3088677968909562e+03 1.8108773041577479e+01
35 1.2810958289412633e+03 1.7724535408324094e+01
36 1.3036675101280230e+03 1.8036824741707338e+01
37 1.2775263299641526e+03 1.7675149788934434e+01
38 1.2984901357287188e+03 1.7965193444664983e+01
39 1.2739346838605768e+03 1.7625457754116390e+01
40 1.2933476589198031e+03 1.7894044971438401e+01
41 1.2703142383675120e+03 1.7575367266827264e+01
42 1.2882471280004975e+03 1.7823476838408730e+01
43 1.2666615286046765e+03 1.7524830388894241e+01
44 1.2831922934625286e+03 1.7753540935311229e+01
45 1.2629752087385289e+03 1.7473828500106624e+01
46 1.2781847130475912e+03 1.7684258814200945e+01
47 1.2592553284035389e+03 1.7422362287179567e+01
48 1.2732245007405556e+03 1.7615632052109685e+01
49 1.2555028382772730e+03 1.7370444903163605e+01
50 1.2683108376850826e+03 1.7547649319792711e+01
51 1.2517192522222504e+03 1.7318097293025719e+01
52 1.2634423194681581e+03 1.7480291186566046e+01
53 1.2479064168617579e+03 1.7265345005627353e+01
54 1.2586171941777170e+03 1.7413533413940481e+01
55 1.2440663539081384e+03 1.7212216012265575e+01
56 1.2538335239650694e+03 1.7347349190910194e+01
57 1.2402011533665129e+03 1.7158739229098675e+01
58 1.2490892942235703e+03 1.7281710644488637e+01
59 1.2363129023443275e+03 1.7104943532194302e+01
60 1.2443824862344393e+03 1.7216589844796015e+01
61 1.2324036388423995e+03 1.7050857118207883e+01
62 1.2397111252401194e+03 1.7151959470175786e+01
63 1.2284753213133574e+03 1.6996507083209963e+01
64 1.2350733099336492e+03 1.7087793215193336e+01
65 1.2245298121533142e+03 1.6941919194286115e+01
66 1.2304672309092489e+03 1.7024066045908121e+01
67 1.2205688672023234e+03 1.6887117744271027e+01
68 1.2258911806665540e+03 1.6960754338286730e+01
69 1.2165941326631980e+03 1.6832125509119003e+01
70 1.2213435565431284e+03 1.6897835918775506e+01
71 1.2126071450120346e+03 1.6776963746665995e+01
72 1.2168228618963781e+03 1.6835290080652868e+01
73 1.2086093333582496e+03 1.6721652229281787e+01
74 1.2123277032824330e+03 1.6773097544997867e+01
75 1.2046020237653836e+03 1.6666209303650245e+01
76 1.2078567863321755e+03 1.6711240403633191e+01
77 1.2005864443551111e+03 1.6610651961385589e+01
78 1.2034089109085774e+03 1.6649702052124752e+01
79 1.1965637310952045e+03 1.6554995919111470e+01
80 1.1989829658844544e+03 1.6588467117529582e+01
81 1.1925349333529089e+03 1.6499255695294405e+01
82 1.1945779226415179e+03 1.6527521368452287e+01
83 1.1885010204033149e+03 1.6443444700290023e+01
84 1.1901928302472361e+03 1.6466851648314758e+01
85 1.1844628864395804e+03 1.6387575305661741e+01
86 1.1858268092555263e+03 1.6406445789585984e+01
87 1.1804213570153188e+03 1.6331658933314085e+01
88 1.1814790463284728e+03 1.6346292539371092e+01
89 1.1763771933506519e+03 1.6275706115068875e+01
90 1.1771487897165555e+03 1.6286381496878285e+01
91 1.1723310979339074e+03 1.6219726570167214e+01
92 1.1728353439154964e+03 1.6226703039493920e+01
93 1.1682837191214317e+03 1.6163729268909968e+01
94 1.1685380650367620e+03 1.6167248258731330e+01
95 1.1642356550303812e+03 1.6107722486516270e+01
96 1.1642563576304080e+03 1.6108008916273459e+01
97 1.1601874578334834e+03 1.6051713862543469e+01
98 1.1599896696489350e+03 1.6048977374295532e+01
99 1.1561396376437347e+03 1.5995710454633677e+01
100 1.1557374897039758e+03 1.5990146557510126e+01
101 1.1520926651036134e+03 1.5939718774336681e+01
102 1.1514993435973224e+03 1.5931509905172330e+01
103 1.1480469756770474e+03 1.5883744846491242e+01
104 1.1472747910251414e+03 1.5873061325481121e+01
105 1.1440029715514272e+03 1.5827794235540303e+01
106 1.1430634233275305e+03 1.5814795164443453e+01
107 1.1399610245709082e+03 1.5771872086114536e+01
108 1.1388648605572978e+03 1.5756706165319505e+01
109 1.1359214789431367e+03 1.5715983160481121e+01
110 1.1346787494213893e+03 1.5698789440141415e+01
111 1.1318846530390842e+03 1.5660131863445248e+01
112 1.1305047609325006e+03 1.5641040437222260e+01
113 1.1278508414157641e+03 1.5604322270335311e+01
114 1.1263425889423379e+03 1.5583454920863081e+01
115 1.1238203171271446e+03 1.5548558158975441e+01
116 1.1221919476094863e+03 1.5526028936319692e+01
117 1.1197933329725292e+03 1.5492843026957388e+01
118 1.1180525705911498e+03 1.5468758798620046e+01
119 1.1157701230410848e+03 1.5437180113009772e+01
120 1.1139242088664803e+03 1.5411641062449014e+01
121 1.1117509047684464e+03 1.5381572425452131e+01
122 1.1098066298855044e+03 1.5354672510373412e+01
123 1.1077358792250445e+03 1.5326022746184059e+01
124 1.1056996160741255e+03 1.5297850132158020e+01
125 1.1037252332614789e+03 1.5270533660367411e+01
126 1.1016029635318087e+03 1.5241171106747483e+01
127 1.0997191401743560e+03 1.5215107565638467e+01
128 1.0975164815421729e+03 1.5184632795495125e+01
129 1.0957177605411869e+03 1.5159746683659119e+01
130 1.0934399909856224e+03 1.5128232720201000e+01
131 1.0917212434657317e+03 1.5104453077346767e+01
132 1.0893733238500620e+03 1.5071968556342409e+01
133 1.0877297275762992e+03 1.5049228664686236e+01
134 1.0853163221756295e+03 1.5015838118473809e+01
135 1.0837433411659449e+03 1.4994075220669501e+01
136 1.0812688376688200e+03 1.4959839354888047e+01
137 1.0797622035129571e+03 1.4938994395565175e+01
138 1.0772307304158612e+03 1.4903970329815326e+01
139 1.0757864254711310e+03 1.4883987723085239e+01
140 1.0732018690378770e+03 1.4848229225569966e+01
141 1.0718161096208908e+03 1.4829056622475871e+01
142 1.0691821292833688e+03 1.4792614323076753e+01
143 1.0678513515690133e+03 1.4774202416499714e+01
144 1.0651713940611110e+03 1.4737124002326064e+01
145 1.0638922397475062e+03 1.4719426328653256e+01
146 1.0611695529623648e+03 1.4681756735763475e+01
147 1.0599388563566711e+03 1.4664729496214541e+01
148 1.0571765012086721e+03 1.4626511073732019e+01
149 1.0559912776341641e+03 1.4610112973965736e+01
150 1.0531921400313556e+03 1.4571385649722746e+01
151 1.0520495743105619e+03 1.4555577740496094e+01
152 1.0492163758003114e+03 1.4516379168321173e+01
153 1.0481138117900318e+03 1.4501124700701608e+01
154 1.0452491196647723e+03 1.4461490400237080e+01
155 1.0441840510106285e+03 1.4446754697687593e+01
156 1.0412902872575407e+03 1.4406718178212452e+01
157 1.0402603481829879e+03 1.4392468509153412e+01
158 1.0373397988383231e+03 1.4352061399004556e+01
159 1.0363427553340941e+03 1.4338266854915728e+01
160 1.0333975781013828e+03 1.4297519006889306e+01
161 1.0324313207349244e+03 1.4284150402825158e+01
162 1.0294635529029322e+03 1.4243090003725035e+01
163 1.0285260887835552e+03 1.4230119767149008e+01
164 1.0255376543594932e+03 1.4188773436477932e+01
165 1.0246271007421783e+03 1.4176175518768206e+01
166 1.0216198166695748e+03 1.4134568394754851e+01
167 1.0207343943733756e+03 1.4122318180145010e+01
168 1.0177099774274603e+03 1.4080474015144713e+01
169 1.0168480047076861e+03 1.4068548235942641e+01
170 1.0138080767360859e+03 1.4026489468944774e+01
171 1.0129679638437279e+03 1.4014866130259881e+01
172 1.0099140573893851e+03 1.3972613964683443e+01
173 1.0090943013393066e+03 1.3961272272042221e+01
174 1.0060278648013650e+03 1.3918846747139026e+01
175 1.0052270441544127e+03 1.3907767034293226e+01
176 1.0021494466785751e+03 1.3865187092808183e+01
177 1.0013662172143826e+03 1.3854350761866105e+01
178 9.9827875258313168e+02 1.3811634303860163e+01
179 9.9751184302581373e+02 1.3801023766149727e+01
180 9.9441573467108958e+02 1.3758187718352531e+01
181 9.9366394212997238e+02 1.3747786331341727e+01
182 9.9056034660863952e+02 1.3704846695236251e+01
183 9.8982253330582853e+02 1.3694638717257575e+01
184 9.8671254400342048e+02 1.3651610620323098e+01
185 9.8598763320097908e+02 1.3641581154224243e+01
186 9.8287228417909978e+02 1.3598478903166864e+01
187 9.8215925727114666e+02 1.3588613856078586e+01
188 9.7903952593141128e+02 1.3545450973688050e+01
189 9.7833741900776602e+02 1.3535737009480654e+01
190 9.7521422962213535e+02 1.3492526283474104e+01
191 9.7452213053046978e+02 1.3482950782111001e+01
192 9.7139635705633566e+02 1.3439704304080955e+01
193 9.7071340264513981e+02 1.3430255323473848e+01
194 9.6758587122100744e+02 1.3386984523417077e+01
195 9.6691124481743611e+02 1.3377650764530848e+01
196 9.6378273645929744e+02 1.3334366448153913e+01
197 9.6311566502141795e+02 1.3325137215606690e+01
198 9.5998691833167959e+02 1.3281849601805172e+01
199 9.5932667049384895e+02 1.3272714776825241e+01
200 9.5619838332316692e+02 1.3229433520675977e+01
201 9.5554426703317131e+02 1.3220383528410551e+01
202 9.5241709908951782e+02 1.3177117757269238e+01
203 9.5176845945019033e+02 1.3168143536922269e+01
204 9.4864303432027782e+02 1.3124901878390775e+01
205 9.4799925168007383e+02 1.3115994856805207e+01
206 9.4487615845473965e+02 1.3072785461219492e+01
207 9.4423664670717085e+02 1.3063937529349172e+01
208 9.4111644193036489e+02 1.3020768096744412e+01
209 9.4048064648191871e+02 1.3011971581539340e+01
210 9.3736385591222131e+02 1.2968849386021315e+01
211 9.3673125252381385e+02 1.2960097034398627e+01
212 9.3361837237519455e+02 1.2917028941310173e+01
213 9.3298846505226084e+02 1.2908313890962591e+01
214 9.2987996415180896e+02 1.2865306386736775e+01
215 9.2925228388180699e+02 1.2856622148665410e+01
216 9.2614860447877174e+02 1.2813681352018959e+01
217 9.2552270815863926e+02 1.2805021795694202e+01
218 9.2242426760138039e+02 1.2762153480828866e+01
219 9.2179973606248871e+02 1.2753512806864727e+01
220 9.1870692806405839e+02 1.2710722420977177e+01
221 9.1808336550639524e+02 1.2702095153302956e+01
222 9.1499656116582617e+02 1.2659387830714762e+01
223 9.1437359359072411e+02 1.2650768794891142e+01
224 9.1129314270348129e+02 1.2608149375179455e+01
225 9.1067041698799892e+02 1.2599533685592156e+01
226 9.0759664895966046e+02 1.2557006726230901e+01
227 9.0697383169775878e+02 1.2548389770057829e+01
228 9.0390705672412230e+02 1.2505959562744996e+01
229 9.0328383340580126e+02 1.2497336988599233e+01
230 9.0022434340218501e+02 1.2455007572114187e+01
231 8.9960041708091353e+02 1.2446375271607284e+01
232 8.9654848648697441e+02 1.2404150442945772e+01
233 8.9592357756938918e+02 1.2395504547778140e+01
234 8.9287946419256104e+02 1.2353387873821648e+01
235 8.9225330891413728e+02 1.2344724734692779e+01
236 8.8921725518893288e+02 1.2302719569631526e+01
237 8.8858960491931464e+02 1.2294035746628929e+01
238 8.8556183822381786e+02 1.2252145236340695e+01
239 8.8493245909314999e+02 1.2243437493770022e+01
240 8.8191319253550159e+02 1.2201664586701520e+01
241 8.8128186447136250e+02 1.2192929879762112e+01
242 8.7827129783147541e+02 1.2151277339958046e+01
243 8.7763781374536677e+02 1.2142512803487639e+01
244 8.7463613380905576e+02 1.2100983215213537e+01
245 8.7400029932526854e+02 1.2092186159937013e+01
246 8.7100768086008850e+02 1.2050781941180384e+01
247 8.7036931317549806e+02 1.2041949837934522e+01
248 8.6738591940196011e+02 1.2000673246924348e+01
249 8.6674484724945285e+02 1.1991803726151812e+01
250 8.6377083001815652e+02 1.1950656863809249e+01
251 8.6312689282993051e+02 1.1941747703982477e+01
252 8.6016239401552571e+02 1.1900732533206941e+01
253 8.5951544118023230e+02 1.1891781650550371e+01
254 8.5656059241253251e+02 1.1850899992499372e+01
255 8.5591048331171351e+02 1.1841905441493564e+01
256 8.5296540675204869e+02 1.1801158986323896e+01
257 8.5231200980538529e+02 1.1792118946496121e+01
258 8.4937681873115093e+02 1.1751509261451357e+01
259 8.4872001123338282e+02 1.1742422035119301e+01
260 8.4579481023296137e+02 1.1701950567226627e+01
261 8.4513447784094126e+02 1.1692814572401558e+01
262 8.4221936322776264e+02 1.1652482654200476e+01
263 8.4155539961957322e+02 1.1643296419870982e+01
264 8.3865046014594952e+02 1.1603105279289537e+01
265 8.3798276641815039e+02 1.1593867437082157e+01
266 8.3508808331726277e+02 1.1553818198017845e+01
267 8.3441656792327160e+02 1.1544527481344552e+01
268 8.3153221536724845e+02 1.1504621170002041e+01
269 8.3085679340878119e+02 1.1495276404256995e+01
270 8.2798283914268177e+02 1.1455513957919564e+01
271 8.2730343237662044e+02 1.1446114060574132e+01
272 8.2443993739902089e+02 1.1406496323184442e+01
273 8.2375647377137739e+02 1.1397040297339380e+01
274 8.2090349337034252e+02 1.1357568033832608e+01
275 8.2021590649380335e+02 1.1348054960989657e+01
276 8.1737349013372113e+02 1.1308728855727797e+01
277 8.1668171944268784e+02 1.1299157897934737e+01
278 8.1384991106290136e+02 1.1259978558838306e+01
279 8.1315390119749929e+02 1.1250348950166440e+01
280 8.1033273950944306e+02 1.1211316912825499e+01
281 8.0963244025337451e+02 1.1201627958509826e+01
282 8.0682195906088111e+02 1.1162743690615562e+01
283 8.0611732500939513e+02 1.1152994762460986e+01
284 8.0331755331862155e+02 1.1114258665326590e+01
285 8.0260854365280045e+02 1.1104449198585076e+01
286 7.9981950615217374e+02 1.1065861613786010e+01
287 7.9910608422983057e+02 1.1055991101496467e+01
288 7.9632780127185549e+02 1.1017552310618763e+01
289 7.9560993485182064e+02 1.1007620306710148e+01
290 7.9284242268460719e+02 1.0969330534553695e+01
291 7.9212008323868736e+02 1.0959336644325658e+01
292 7.8936335448808791e+02 1.0921196065574788e+01
293 7.8863651723882049e+02 1.0911139946220020e+01
294 7.8589058052172652e+02 1.0873148680093292e+01
295 7.8515922454781435e+02 1.0863030042156263e+01
296 7.8242408522030291e+02 1.0825188162757403e+01
297 7.8168819265199784e+02 1.0815006759002131e+01
298 7.7896385265596757e+02 1.0777314293198181e+01
299 7.7822340903210886e+02 1.0767069923548021e+01
300 7.7550986720862545e+02 1.0729526855304604e+01
301 7.7476486104721403e+02 1.0719219360900951e+01
302 7.7206211320903799e+02 1.0681825632285728e+01
303 7.7131253598671674e+02 1.0671454895204111e+01
304 7.6862057518619872e+02 1.0634210410093239e+01
305 7.6786642094102410e+02 1.0623776347847496e+01
306 7.6518523750027748e+02 1.0586680972343073e+01
307 7.6442650311563068e+02 1.0576183541813384e+01
308 7.6175608487601517e+02 1.0539237107695168e+01
309 7.6099276934583077e+02 1.0528676294962168e+01
310 7.5833310178143358e+02 1.0491878601257639e+01
311 7.5756520684355883e+02 1.0481254430365224e+01
312 7.5491627275234077e+02 1.0444605239076456e+01
313 7.5414380217642235e+02 1.0433917762179377e+01
314 7.5150558279844290e+02 1.0397416813754177e+01
315 7.5072854235896796e+02 1.0386666110745054e+01
316 7.4810101621190029e+02 1.0350313107965794e+01
317 7.4731941401604024e+02 1.0339499291010982e+01
318 7.4470255811292191e+02 1.0303293915842728e+01
319 7.4391640374300516e+02 1.0292417117518037e+01
320 7.4131019305124323e+02 1.0256359023623638e+01
321 7.4051949826558985e+02 1.0245419406610699e+01
322 7.3792390604428635e+02 1.0209508224017837e+01
323 7.3712868386860805e+02 1.0198505968533215e+01
324 7.3454368180210145e+02 1.0162741305482012e+01
325 7.3374394726770515e+02 1.0151676619490580e+01
326 7.3116950527575409e+02 1.0116058059807404e+01
327 7.3036527465515780e+02 1.0104931168446749e+01
328 7.2780136136073111e+02 1.0069458278016299e+01
329 7.2699265252757596e+02 1.0058269428576263e+01
330 7.2443923489361089e+02 1.0022941750315960e+01
331 7.2362606703574704e+02 1.0011691208269054e+01
332 7.2108311097051421e+02 9.9765082705045298e+00
333 7.2026550458672023e+02 9.9651963194605528e+00
334 7.1773297436865550e+02 9.9301576279679455e+00
335 7.1691095113090421e+02 9.9187845677683590e+00
336 7.1438881029688253e+02 9.8838896180639786e+00
337 7.1356239292296789e+02 9.8724557630196532e+00
338 7.1105060356860463e+02 9.8377040306793351e+00
339 7.1021981597313470e+02 9.8262097116596010e+00
340 7.0771833938617272e+02 9.7916006610819064e+00
341 7.0688320629356451e+02 9.7800462201601590e+00
342 7.0439200252654530e+02 9.7455792986540821e+00
343 7.0355254992813968e+02 9.7339650954321844e+00
344 7.0107157832290648e+02 9.6996397404738861e+00
345 7.0022783261046038e+02 9.6879661400936303e+00
346 6.9775705161215933e+02 9.6537817767530729e+00
347 6.9690904045564696e+02 9.6420491620409639e+00
348 6.9444840746931220e+02 9.6080052009976882e+00
349 6.9359615906054705e+02 9.5962139620001103e+00
350 6.9114563108516381e+02 9.5623098083157885e+00
351 6.9028917439993074e+02 9.5504603459257229e+00
352 6.8784870736005416e+02 9.5166953897968050e+00
353 6.8698807203321883e+02 9.5047881140259101e+00
354 6.8455762145480605e+02 9.4711617401340682e+00
355 6.8369283784443223e+02 9.4591970709997710e+00
356 6.8127235837582691e+02 9.4257086518844950e+00
357 6.8040345729459796e+02 9.4136870156940926e+00
358 6.7799290332497606e+02 9.3803359203091770e+00
359 6.7711991611951532e+02 9.3682577507572624e+00
360 6.7471924113751459e+02 9.3350433355971454e+00
361 6.7384219985868231e+02 9.3229090761217464e+00
362 6.7145135713536149e+02 9.2898306946705667e+00
363 6.7057029403889942e+02 9.2776407915443375e+00
364 6.6818923610257843e+02 9.2446977870101108e+00
365 6.6730418422617731e+02 9.2324526973243213e+00
366 6.6493286331341062e+02 9.1996444088783527e+00
367 6.6404385568550276e+02 9.1873445895961794e+00
368 6.6168222374521554e+02 9.1546703524302959e+00
369 6.6078929408043541e+02 9.1423162700088287e+00
370 6.5843730240172999e+02 9.1097754101859145e+00
371 6.5754048451905112e+02 9.0973675325258210e+00
372 6.5519808441080500e+02 9.0649593763823564e+00
373 6.5429741253299949e+02 9.0524981769710369e+00
374 6.5196455475668461e+02 9.0202220432699001e+00
375 6.5106006326688441e+02 9.0077079978134105e+00
376 6.4873669848735096e+02 8.9755632039806752e+00
377 6.4782842214666027e+02 8.9629967934144794e+00
378 6.4551450051129802e+02 8.9309826497169240e+00
379 6.4460247421732663e+02 8.9183643568651103e+00
380 6.4229794603136622e+02 8.8864801757533094e+00
381 6.4138220481111568e+02 8.8738104852301518e+00
382 6.3908701979177306e+02 8.8420555710192357e+00
383 6.3816759899471629e+02 8.8293349719005487e+00
384 6.3588170697967132e+02 8.7977086305723180e+00
385 6.3495864190135615e+02 8.7849376111878392e+00
386 6.3268199236947498e+02 8.7534391437597456e+00
387 6.3175531872111958e+02 8.7406181981901927e+00
388 6.2948786104112708e+02 8.7092469041558367e+00
389 6.2855761424921934e+02 8.6963765225425629e+00
390 6.2629929790380436e+02 8.6651317029722854e+00
391 6.2536551372973315e+02 8.6522123800901429e+00
392 6.2311628782908645e+02 8.6210933309006066e+00
393 6.2217900199834560e+02 8.6081255610278280e+00
394 6.1993881576276794e+02 8.5771315796591203e+00
395 6.1899806409394137e+02 8.5641158583618786e+00
396 6.1676686648673035e+02 8.5332462386983270e+00
397 6.1582268482279096e+02 8.5201830618802319e+00
398 6.1360042501033968e+02 8.4894371006160849e+00
399 6.1265284917992562e+02 8.4763269639824141e+00
400 6.1043947597735701e+02 8.4457039529519395e+00
401 6.0948854185763992e+02 8.4325473528794550e+00
402 6.0728400446953469e+02 8.4020465893052432e+00
403 6.0632974771256681e+02 8.3888440190560782e+00
404 6.0413399501980462e+02 8.3584647956821723e+00
405 6.0317645159860672e+02 8.3452167529592032e+00
406 6.0098943263514400e+02 8.3149583646475289e+00
407 6.0002863802530123e+02 8.3016653402713914e+00
408 5.9785030188937242e+02 8.2715270827731899e+00
409 5.9688629199374543e+02 8.2581895734760629e+00
410 5.9471658763940252e+02 8.2281707405477498e+00
411 5.9374939782304921e+02 8.2147892356210725e+00
412 5.9158827463002285e+02 8.1848891269085158e+00
413 5.9061794040886480e+02 8.1714641177309915e+00
414 5.8846534737052195e+02 8.1416820275345447e+00
415 5.8749190419213926e+02 8.1282140045393447e+00
416 5.8534779073206357e+02 8.0985492331116031e+00
417 5.8437127383995585e+02 8.0850386839083530e+00
418 5.8223558916603440e+02 8.0554905285176517e+00
419 5.8125603374131560e+02 8.0419379398528417e+00
420 5.7912872749974156e+02 8.0125057038316783e+00
421 5.7814616845562409e+02 7.9989115587452631e+00
422 5.7602719012607656e+02 7.9695945431223372e+00
423 5.7504166241516361e+02 7.9559593251992586e+00
424 5.7293096180158545e+02 7.9267568354896047e+00
425 5.7194249998168550e+02 7.9130810228526434e+00
426 5.6984002684680740e+02 7.8839923640011085e+00
427 5.6884866568079156e+02 7.8702764376101788e+00
428 5.6675436994462905e+02 7.8413009167377146e+00
429 5.6576014365958940e+02 7.8275453501399870e+00
430 5.6367397543400375e+02 7.7986822770218183e+00
431 5.6267691846823709e+02 7.7848875466865763e+00
432 5.6059882782448722e+02 7.7561362305361747e+00
433 5.5959897410979124e+02 7.7423028059250596e+00
434 5.5752891157935971e+02 7.7136625623232975e+00
435 5.5652629506183575e+02 7.6997909130958462e+00
436 5.5446421094560094e+02 7.6712610544330859e+00
437 5.5345886535566240e+02 7.6573516472646972e+00
438 5.5140471043167247e+02 7.6289314925331562e+00
439 5.5039666927445387e+02 7.6149847909823949e+00
440 5.4835039423403737e+02 7.5866736579744867e+00
441 5.4733969080326040e+02 7.5726901226749250e+00
442 5.4530124683630743e+02 7.5444873360808868e+00
443 5.4428791409921553e+02 7.5304674231491253e+00
444 5.4225725228244914e+02 7.5023723060934779e+00
445 5.4124132322790501e+02 7.4883164719452280e+00
446 5.3921839500017427e+02 7.4603283525626649e+00
447 5.3819990213870994e+02 7.4462370469957202e+00
448 5.3618465897451620e+02 7.4183552539142026e+00
449 5.3516363495258372e+02 7.4042289286068694e+00
450 5.3315602853007681e+02 7.3764527932719277e+00
451 5.3213250538166744e+02 7.3622918914288435e+00
452 5.3013248771608414e+02 7.3346207499497540e+00
453 5.2910649755297243e+02 7.3204257158517239e+00
454 5.2711402066236406e+02 7.2928589043767058e+00
455 5.2608559507464918e+02 7.2786301750869207e+00
456 5.2410061143548830e+02 7.2511670361066560e+00
457 5.2306978198938043e+02 7.2369050483577908e+00
458 5.2109224398938534e+02 7.2095449231350068e+00
459 5.2005904192554385e+02 7.1952501091555980e+00
460 5.1808890236722584e+02 7.1679923446918687e+00
461 5.1705335874313062e+02 7.1536651341760802e+00
462 5.1509057042496931e+02 7.1265090774171984e+00
463 5.1405271604162817e+02 7.1121498965107888e+00
464 5.1209723220849958e+02 7.0850949005786443e+00
465 5.1105709750992349e+02 7.0707041704881606e+00
466 5.0910887144340609e+02 7.0437495890124362e+00
467 5.0806648679444481e+02 7.0293277298491947e+00
468 5.0612547205704703e+02 7.0024729203463663e+00
469 5.0508086742042940e+02 6.9880203466581587e+00
470 5.0314701773792746e+02 6.9612646689035840e+00
471 5.0210022304866828e+02 6.9467817948547683e+00
472 5.0017349229805541e+02 6.9201246107159609e+00
473 4.9912453696290845e+02 6.9056118431621645e+00
474 4.9720487948320908e+02 6.8790525208990481e+00
475 4.9615379280070573e+02 6.8645102651985948e+00
476 4.9424116285629009e+02 6.8380481720382162e+00
477 4.9318797383172631e+02 6.8234768294923844e+00
478 4.9128232618327905e+02 6.7971113395285254e+00
479 4.9022706351061385e+02 6.7825113071311094e+00
480 4.8832835285457844e+02 6.7562417935687442e+00
481 4.8727104513270297e+02 6.7416134669982295e+00
482 4.8537922662448744e+02 6.7154393093923144e+00
483 4.8431990193398815e+02 6.7007830771562116e+00
484 4.8243493076988068e+02 6.6747036556272974e+00
485 4.8137361725408073e+02 6.6600199071011037e+00
486 4.7949544894078645e+02 6.6340346060644997e+00
487 4.7843217406657988e+02 6.6193237212650144e+00
488 4.7656076444553582e+02 6.5934319297671946e+00
489 4.7549555577758224e+02 6.5786942900638472e+00
490 4.7363086062793639e+02 6.5528953962894896e+00
491 4.7256374523930981e+02 6.5381313762504032e+00
492 4.7070572087768977e+02 6.5124247758204579e+00
493 4.6963672571552132e+02 6.4976347482712766e+00
494 4.6778532834090487e+02 6.4720198351789540e+00
495 4.6671448003167819e+02 6.4572041685090236e+00
496 4.6486966643947801e+02 6.4316803449994797e+00
497 4.6379699120364540e+02 6.4168394019805177e+00
498 4.6195871815755868e+02 6.3914060698601096e+00
499 4.6088424215409276e+02 6.3765402124132358e+00
500 4.5905246676115655e+02 6.3511967782385828e+00
501 4.5797621573687042e+02 6.3363063625825040e+00
502 4.5615089517926430e+02 6.3110522339498560e+00
503 4.5507289478153945e+02 6.2961376149275985e+00
504 4.5325398659979760e+02 6.2709722043912013e+00
505 4.5217426198661946e+02 6.2560337300747788e+00
506 4.5036172384949805e+02 6.2309564519628857e+00
507 4.4928030019167738e+02 6.2159944706017543e+00
508 4.4747408998316195e+02 6.1910047422204153e+00
509 4.4639099185325722e+02 6.1760195937869442e+00
510 4.4459106782754441e+02 6.1511168375642455e+00
511 4.4350631979853597e+02 6.1361088620366386e+00
512 4.4171264019086306e+02 6.1112925001383553e+00
513 4.4062626640795372e+02 6.0962620315763241e+00
514 4.3883878989373363e+02 6.0715314922582584e+00
515 4.3775081434599605e+02 6.0564788625613826e+00
516 4.3596949957299034e+02 6.0318335736967672e+00
517 4.3487994591693410e+02 6.0167591101634672e+00
518 4.3310475206403783e+02 5.9921985069740069e+00
519 4.3201364359158691e+02 5.9771025318584989e+00
520 4.3024452980970739e+02 5.9526260491786731e+00
521 4.2915188970239666e+02 5.9375088832078893e+00
522 4.2738881550274658e+02 5.9131159608571657e+00
523 4.2629466656165391e+02 5.8979779194942452e+00
524 4.2453759149953947e+02 5.8736679979021433e+00
525 4.2344195642598896e+02 5.8585093952300884e+00
526 4.2169084041969649e+02 5.8342819198481219e+00
527 4.2059374137926227e+02 5.8191030625375921e+00
528 4.1884854450701658e+02 5.7949574810300959e+00
529 4.1775000370003670e+02 5.7797586762327251e+00
530 4.1601068621606021e+02 5.7556944386990381e+00
531 4.1491072525637878e+02 5.7404759854520551e+00
532 4.1317724778754700e+02 5.7164925471473396e+00
533 4.1207588825577113e+02 5.7012547440281232e+00
534 4.1034821139217848e+02 5.6773515596986588e+00
535 4.0924547452819974e+02 5.6620947005706350e+00
536 4.0752355924072856e+02 5.6382712302310747e+00
537 4.0641946609041139e+02 5.6229956062732178e+00
538 4.0470327336818883e+02 5.5992513101906365e+00
539 4.0359784463612658e+02 5.5839572078602835e+00
540 4.0188733594807320e+02 5.5602915529399146e+00
541 4.0078059203922624e+02 5.5449792545488430e+00
542 3.9907572879795993e+02 5.5213917069169476e+00
543 3.9796768999609299e+02 5.5060614931001419e+00
544 3.9626843397189077e+02 5.4825515238313551e+00
545 3.9515912016027204e+02 5.4672036696827480e+00
546 3.9346543316880712e+02 5.4437707504797821e+00
547 3.9235486417454712e+02 5.4284055303163408e+00
548 3.9066670834731752e+02 5.4050491372514848e+00
549 3.8955490346112396e+02 5.3896668179688039e+00
550 3.8787224110933255e+02 5.3663864296006452e+00
551 3.8675921961443959e+02 5.3509872779909173e+00
552 3.8508201321535745e+02 5.3277823751756719e+00
553 3.8396779388014426e+02 5.3123666509078413e+00
554 3.8229600622928524e+02 5.2892367189047551e+00
555 3.8118060777547487e+02 5.2738046810022583e+00
556 3.7951420163556327e+02 5.2507492046169189e+00
557 3.7839764244506449e+02 5.2353011074017086e+00
558 3.7673658095604696e+02 5.2123195766587456e+00
559 3.7561887921130887e+02 5.1968556716931600e+00
560 3.7396312552997961e+02 5.1739475768502965e+00
561 3.7284429908978632e+02 5.1584681112186246e+00
562 3.7119381681061270e+02 5.1356329485889862e+00
563 3.7007388322479090e+02 5.1201381651009514e+00
564 3.6842863591437214e+02 5.0973754306120984e+00
565 3.6730761260779497e+02 5.0818655703486355e+00
566 3.6566756416402887e+02 5.0591747645117904e+00
567 3.6454546818799372e+02 5.0436500633852477e+00
568 3.6291058250931366e+02 5.0210306867190422e+00
569 3.6178743088552915e+02 5.0054913802323941e+00
570 3.6015767215583037e+02 4.9829429372049558e+00
571 3.5903348138510529e+02 4.9673892536542921e+00
572 3.5740881398358624e+02 4.9449112514358529e+00
573 3.5628360053859308e+02 4.9293434187279859e+00
574 3.5466398895990801e+02 4.9069353660861639e+00
575 3.5353776886609012e+02 4.8913536059402904e+00
576 3.5192317786879948e+02 4.8690150152939609e+00
577 3.5079596711162435e+02 4.8534195488761940e+00
578 3.4918636144263098e+02 4.8311499324829459e+00
579 3.4805817566415897e+02 4.8155409762082071e+00
580 3.4645352041610846e+02 4.7933398511091347e+00
581 3.4532437503430532e+02 4.7777176182918950e+00
582 3.4372463533234134e+02 4.7555845019777188e+00
583 3.4259454549145181e+02 4.7399492021453975e+00
584 3.4099968684118653e+02 4.7178836173707897e+00
585 3.3986866738024958e+02 4.7022354558281458e+00
586 3.3827865522785731e+02 4.6802369245254303e+00
587 3.3714672088756851e+02 4.6645761052165993e+00
588 3.3556152101787899e+02 4.6426441540035484e+00
589 3.3442868614192082e+02 4.6269708753798104e+00
590 3.3284826433902975e+02 4.6051050308640411e+00
591 3.3171454323811662e+02 4.5894194909205490e+00
592 3.3013886555151771e+02 4.5676192833815792e+00
593 3.2900427204048191e+02 4.5519216732527346e+00
594 3.2743330468255027e+02 4.5301866352236182e+00
595 3.2629785255430784e+02 4.5144771457406012e+00
596 3.2473156185157069e+02 4.4928068113337387e+00
597 3.2359526447109795e+02 4.4770856274069910e+00
598 3.2203361696017407e+02 4.4554795336414950e+00
599 3.2089648764733278e+02 4.4397468395572783e+00
600 3.1933944989382218e+02 4.4182045238532268e+00
601 3.1820150162025118e+02 4.4024604990799832e+00
602 3.1664904046761586e+02 4.3809815027018022e+00
603 3.1551028602984229e+02 4.3652263242852234e+00
604 3.1396236836345861e+02 4.3438101890772414e+00
605 3.1282282025238152e+02 4.3280440298345200e+00
606 3.1127941325193319e+02 4.3066903017129397e+00
607 3.1013908376438843e+02 4.2909133317763137e+00
608 3.0860015458871675e+02 4.2696215563689748e+00
609 3.0745905582865180e+02 4.2538339432019878e+00
610 3.0592457186875112e+02 4.2326036693486708e+00
611 3.0478271566428231e+02 4.2168055765986159e+00
612 3.0325264440545521e+02 4.1956363544438986e+00
613 3.0211004241052723e+02 4.1798279433483287e+00
614 3.0058435149634607e+02 4.1587193252265209e+00
615 2.9944101505327183e+02 4.1429007527114230e+00
616 2.9791967231161891e+02 4.1218522935068460e+00
617 2.9677561256641241e+02 4.1060237137823226e+00
618 2.9525858591041043e+02 4.0850349695586372e+00
619 2.9411381378668324e+02 4.0691965337577543e+00
620 2.9260107129430725e+02 4.0482670628594271e+00
621 2.9145559747482542e+02 4.0324189187830450e+00
622 2.8994710732897732e+02 4.0115482810062524e+00
623 2.8880094231060139e+02 3.9956905738831439e+00
624 2.8729667280782246e+02 3.9748783305963151e+00
625 2.8614982682748916e+02 3.9590112020590915e+00
626 2.8464974645997694e+02 3.9382569173376467e+00
627 2.8350222952041548e+02 3.9223805057785541e+00
628 2.8200630683668908e+02 3.9016837444771482e+00
629 2.8085812873970849e+02 3.8857981855086101e+00
630 2.7936633247361669e+02 3.8651585150460175e+00
631 2.7821750279023917e+02 3.8492639410874192e+00
632 2.7672980171787498e+02 3.8286809294668811e+00
633 2.7558032984138214e+02 3.8127774704784869e+00
634 2.7409669290638635e+02 3.7922506880213445e+00
635 2.7294658794387334e+02 3.7763384700039007e+00
636 2.7146698420974076e+02 3.7558674886897276e+00
637 2.7031625510272255e+02 3.7399466353531046e+00
638 2.6884065372381087e+02 3.7195310284186052e+00
639 2.6768930914275393e+02 3.7036016597225951e+00
640 2.6621767944918105e+02 3.6832410028361933e+00
641 2.6506572786678254e+02 3.6673032360043618e+00
642 2.6359803921354688e+02 3.6469971051787158e+00
643 2.6244548892401406e+02 3.6310510549651411e+00
644 2.6098171084288589e+02 3.6107990286586262e+00
645 2.5982856986202700e+02 3.5948448059656100e+00
646 2.5836867193532731e+02 3.5746464633359940e+00
647 2.5721494814017416e+02 3.5586841771458047e+00
648 2.5575890009948353e+02 3.5385390994159285e+00
649 2.5460460106037587e+02 3.5225688544676124e+00
650 2.5315237275061094e+02 3.5024766244283718e+00
651 2.5199750587434713e+02 3.4864985231983061e+00
652 2.5054906722036353e+02 3.4664587247465897e+00
653 2.4939363967450979e+02 3.4504728664012680e+00
654 2.4794896071176666e+02 3.4304850849642126e+00
655 2.4679297949491630e+02 3.4144915663323121e+00
656 2.4535203033322176e+02 3.3945553883657062e+00
657 2.4419550217012116e+02 3.3785543024871099e+00
658 2.4275825306968960e+02 3.3586693165276800e+00
659 2.4160118452507027e+02 3.3426607542283926e+00
660 2.4016760577107360e+02 3.3228265491581643e+00
661 2.3901000314653317e+02 3.3068105976236155e+00
662 2.3758006522224218e+02 3.2870267650654013e+00
663 2.3642193463623164e+02 3.2710035089471048e+00
664 2.3499560798065110e+02 3.2512696399112757e+00
665 2.3383695536107314e+02 3.2352391612244245e+00
666 2.3241421062361357e+02 3.2155548496324107e+00
667 2.3125504164415779e+02 3.1995172268750447e+00
668 2.2983584944884549e+02 3.1798820662970742e+00
669 2.2867616966383315e+02 3.1638373763157199e+00
670 2.2726050079601896e+02 3.1442509625540174e+00
671 2.2610031540689621e+02 3.1281992773130147e+00
672 2.2468814073862865e+02 3.1086612073693067e+00
673 2.2352745487729172e+02 3.0926025978707425e+00
674 2.2211874531331452e+02 3.0731124691991085e+00
675 2.2095756378183066e+02 3.0570470018817364e+00
676 2.1955229038067884e+02 3.0376044140640270e+00
677 2.1839061787042908e+02 3.0215321538352082e+00
678 2.1698875167245995e+02 3.0021367062017776e+00
679 2.1582659261212302e+02 2.9860577143342684e+00
680 2.1442810482455209e+02 2.9667090085240289e+00
681 2.1326546346728952e+02 2.9506233438622269e+00
682 2.1187032529142274e+02 2.9313209814323282e+00
683 2.1070720564714537e+02 2.9152286994551484e+00
684 2.0931538844728337e+02 2.8959722842178466e+00
685 2.0815179435423542e+02 2.8798734380291195e+00
686 2.0676326944750306e+02 2.8606625731439714e+00
687 2.0559920454548771e+02 2.8445572131020067e+00
688 2.0421394342959081e+02 2.8253915042269879e+00
689 2.0304941108779462e+02 2.8092796769459927e+00
690 2.0166738525317982e+02 2.7901587296386450e+00
691 2.0050238874083706e+02 2.7740404803499414e+00
692 1.9912356975950368e+02 2.7549639012961249e+00
693 1.9795811203197337e+02 2.7388392708884313e+00
694 1.9658247157525113e+02 2.7198066681482858e+00
695 1.9541655545234892e+02 2.7036756956350159e+00
696 1.9404406522581621e+02 2.6846866777425276e+00
697 1.9287769333562520e+02 2.6685493994843901e+00
698 1.9150832525568430e+02 2.6496035778903879e+00
699 1.9034150044239655e+02 2.6334600332380558e+00
700 1.8897522750917199e+02 2.6145570343871527e+00
701 1.8780795528121837e+02 2.5984072995522371e+00
702 1.8644475834179283e+02 2.5795468584552310e+00
703 1.8527706406181696e+02 2.5633912843412836e+00
704 1.8391697428834422e+02 2.5445738322789038e+00
705 1.8274900619047764e+02 2.5284144697716213e+00
706 1.8139234607574087e+02 2.5096444685761718e+00
707 1.8022492187713232e+02 2.4934926311590817e+00
708 1.7887350100030554e+02 2.4747951171700926e+00
709 1.7771064023502174e+02 2.4587064168999051e+00
710 1.7637290606456779e+02 2.4401982646325360e+00
711 1.7523193115536233e+02 2.4244123649977412e+00
712 1.7394189866273163e+02 2.4065641868388767e+00
713 1.7288744054504571e+02 2.3919752858204690e+00
714 1.7176261176765053e+02 2.3764127751613566e+00
715 1.7100033067245172e+02 2.3658662743003611e+00
716 1.7038368986989184e+02 2.3573347722126345e+00
717 1.7046154954710170e+02 2.3584119957695382e+00
718 1.7118245450398419e+02 2.3683860391983269e+00
719 1.7329606918090133e+02 2.3976288462813318e+00
720 1.7697318182943619e+02 2.4485033490835266e+00
721 1.8318501404450745e+02 2.5344468339964314e+00
722 1.9222031551590203e+02 2.6594542824922760e+00
723 2.0500909445245449e+02 2.8363927752805043e+00
724 2.2133038988580657e+02 3.0622052182553934e+00
725 2.4098495920361722e+02 3.3341350005081365e+00
726 2.6149492964910309e+02 3.6178996410386790e+00
727 2.7961444570722620e+02 3.8685912729202037e+00
728 2.8993145354044532e+02 4.0113317038206571e+00
729 2.8919292285348314e+02 4.0011138005104785e+00
730 2.7684028456261950e+02 3.8302095091792241e+00
731 2.5804592577509862e+02 3.5701811254466329e+00
732 2.3927389810296512e+02 3.3104617027116885e+00
733 2.2720072195941333e+02 3.1434238955367433e+00
734 2.2485735948806129e+02 3.1110024246680550e+00
735 2.3276040053665281e+02 3.2203445423572239e+00
736 2.4648145366735747e+02 3.4101814667781380e+00
737 2.5856469445648719e+02 3.5773585228389888e+00
738 2.6024233697171360e+02 3.6005694595167039e+00
739 2.5021722409320017e+02 3.4618675262393892e+00
740 2.3497745503511942e+02 3.2510184857676334e+00
741 2.2477896540936015e+02 3.1099178074268221e+00
742 2.2495805692195748e+02 3.1123956188322226e+00
743 2.3489211901358416e+02 3.2498378236335936e+00
744 2.4612620007583197e+02 3.4052663739961004e+00
745 2.4866702612802183e+02 3.4404198420747916e+00
746 2.3914328964159719e+02 3.3086546760663391e+00
747 2.2642790342528127e+02 3.1327316044817071e+00
748 2.2081328693873513e+02 3.0550508670444532e+00
749 2.2648801622215643e+02 3.1335632919891028e+00
750 2.3708693239852059e+02 3.2802040512624191e+00
751 2.4134343708737453e+02 3.3390947028194060e+00
752 2.3346302929041997e+02 3.2300657263184149e+00
753 2.2206205070667738e+02 3.0723280738868302e+00
754 2.1825006920013135e+02 3.0195875999407944e+00
755 2.2526678056001845e+02 3.1166669488378167e+00
756 2.3415178641881332e+02 3.2395949901206653e+00
757 2.3355674929402957e+02 3.2313623846049535e+00
758 2.2322789020867339e+02 3.0884579863154955e+00
759 2.1572056360251983e+02 2.9845907554288020e+00
760 2.1873649434111448e+02 3.0263175099444668e+00
761 2.2783921103512446e+02 3.1522576782832084e+00
762 2.2979596556444406e+02 3.1793302548671059e+00
763 2.2130581276269533e+02 3.0618651827334764e+00
764 2.1321713975196434e+02 2.9499547635858776e+00
765 2.1561186150391538e+02 2.9830868131380321e+00
766 2.2389458152347652e+02 3.0976819596894591e+00
767 2.2537816575377877e+02 3.1182080129535272e+00
768 2.1668758159363122e+02 2.9979698830761889e+00
769 2.1036954827657155e+02 2.9105570582824791e+00
770 2.1427307728186773e+02 2.9645641329358807e+00
771 2.2175006115659420e+02 3.0680115585235366e+00
772 2.1975400321750249e+02 3.0403952016365299e+00
773 2.1091216133108469e+02 2.9180643532720234e+00
774 2.0816624418016173e+02 2.8800733578520470e+00
775 2.1485853400292956e+02 2.9726641892689636e+00
776 2.1880735799681150e+02 3.0272979404057874e+00
777 2.1249541304385806e+02 2.9399693508603248e+00
778 2.0565795191409734e+02 2.8453700092969076e+00
779 2.0880235655284662e+02 2.8888742578461124e+00
780 2.1523449222327275e+02 2.9778657398774224e+00
781 2.1271919328071201e+02 2.9430654508102241e+00
782 2.0467097589498727e+02 2.8317147533803064e+00
783 2.0452582299785070e+02 2.8297064979424258e+00
784 2.1109726592646490e+02 2.9206253583747968e+00
785 2.1144690839195263e+02 2.9254628187113219e+00
786 2.0371755835620377e+02 2.8185237940911398e+00
787 2.0151748077620968e+02 2.7880847339625219e+00
788 2.0744490030883603e+02 2.8700932418450686e+00
789 2.0930222561086401e+02 2.8957901704720062e+00
790 2.0221529242253305e+02 2.7977392710815918e+00
791 1.9914803880753786e+02 2.7553024415508753e+00
792 2.0453374102299435e+02 2.8298160473717906e+00
793 2.0678940181586921e+02 2.8610241261815705e+00
794 2.0008687221269889e+02 2.7682916228098966e+00
795 1.9708162632245086e+02 2.7267126979636243e+00
796 2.0230160909133889e+02 2.7989335009104739e+00
797 2.0409142495605420e+02 2.8236964061919188e+00
798 1.9744099262388494e+02 2.7316846919319375e+00
799 1.9527427121077812e+02 2.7017071293335766e+00
800 2.0058645248926555e+02 2.7752035400148913e+00
801 2.0113790503527022e+02 2.7828331333340328e+00
802 1.9447587329508298e+02 2.6906609360613949e+00
803 1.9386618116158971e+02 2.6822255719269190e+00
804 1.9912921824458846e+02 2.7550420506208098e+00
805 1.9774636983603725e+02 2.7359097226340996e+00
806 1.9151877695214085e+02 2.6497481817988047e+00
807 1.9302883926539556e+02 2.6706405712168380e+00
808 1.9749764928551821e+02 2.7324685622580676e+00
809 1.9382743208773499e+02 2.6816894611098654e+00
810 1.8906495636819318e+02 2.6157984733981468e+00
811 1.9273608972582406e+02 2.6665902500287704e+00
812 1.9509960314132849e+02 2.6992905182481883e+00
813 1.8964585715665638e+02 2.6238354963602371e+00
814 1.8766189945000826e+02 2.5963865516164524e+00
815 1.9249059524164542e+02 2.6631937237275580e+00
816 1.9147549966950402e+02 2.6491494211821953e+00
817 1.8597753774903433e+02 2.5730826519901377e+00
818 1.8752118522363659e+02 2.5944397071794980e+00
819 1.9125910368520670e+02 2.6461554856785048e+00
820 1.8687288076177003e+02 2.5854701241630389e+00
821 1.8385952205773063e+02 2.5437789548990910e+00
822 1.8795278362425660e+02 2.6004110646385943e+00
823 1.8807096737449510e+02 2.6020461898325635e+00
824 1.8260339886074195e+02 2.5263999270549031e+00
825 1.8375403988508205e+02 2.5423195617281662e+00
826 1.8722812235386007e+02 2.5903850509275048e+00
827 1.8326005477587921e+02 2.5354850561732722e+00
828 1.8041173202165797e+02 2.4960772332992787e+00
829 1.8449883380363269e+02 2.5526241196566430e+00
830 1.8385432651866745e+02 2.5437070722857764e+00
831 1.7899595061280885e+02 2.4764892624818797e+00
832 1.8077088144213636e+02 2.5010462266222913e+00
833 1.8342789125673920e+02 2.5378071491663237e+00
834 1.7878967551758066e+02 2.4736353540180223e+00
835 1.7761587325308622e+02 2.4573952731986219e+00
836 1.8142430040811990e+02 2.5100865710972373e+00
837 1.7914833003318196e+02 2.4785975001100788e+00
838 1.7538063992925058e+02 2.4264698175854127e+00
839 1.7865255655517629e+02 2.4717382516706534e+00
840 1.7896051214621846e+02 2.4759989554012476e+00
841 1.7433117028409342e+02 2.4119499343219397e+00
842 1.7555548339021408e+02 2.4288888552910639e+00
843 1.7811079613162559e+02 2.4642427532129085e+00
844 1.7380497447295335e+02 2.4046697792581520e+00
845 1.7295277232817685e+02 2.3928791803436087e+00
846 1.7634168433973358e+02 2.4397662980654524e+00
847 1.7361837351983959e+02 2.4020880713749682e+00
848 1.7079234650804651e+02 2.3629887200978641e+00
849 1.7420285853377774e+02 2.4101746837041511e+00
850 1.7314488368946184e+02 2.3955371271954466e+00
851 1.6932446592268033e+02 2.3426799338051043e+00
852 1.7173563967698422e+02 2.3760396041890912e+00
853 1.7247239790359853e+02 2.3862329847153485e+00
854 1.6813431390214953e+02 2.3262136467775210e+00
855 1.6945412394262468e+02 2.3444738106670528e+00
856 1.7130154095285647e+02 2.3700336536327855e+00
857 1.6730464531817941e+02 2.3147348097838001e+00
858 1.6722740230054276e+02 2.3136661179886842e+00
859 1.6996228612820514e+02 2.3515044624325308e+00
860 1.6642340749899577e+02 2.3025424892903494e+00
861 1.6535885894798344e+02 2.2878139826009694e+00
862 1.6829402631481514e+02 2.3284233396431828e+00
863 1.6564183761303156e+02 2.2917291193574374e+00
864 1.6357642135524645e+02 2.2631531590217495e+00
865 1.6665529781992063e+02 2.3057507958910173e+00
866 1.6465060802854168e+02 2.2780150134559385e+00
867 1.6208749135272916e+02 2.2425531446013265e+00
868 1.6486862365827704e+02 2.2810313574807299e+00
869 1.6368058035840980e+02 2.2645942455493597e+00
870 1.6059411045830012e+02 2.2218915500949286e+00
871 1.6323722591226692e+02 2.2584602379274696e+00
872 1.6248828225196769e+02 2.2480982664606008e+00
873 1.5929449021667753e+02 2.2039107211283313e+00
874 1.6154288028046457e+02 2.2350182061400123e+00
875 1.6133284222635498e+02 2.2321122354522163e+00
876 1.5791387600660616e+02 2.1848093042797032e+00
877 1.6004275074478048e+02 2.2142632411548560e+00
878 1.5999069081021537e+02 2.2135429686095018e+00
879 1.5666492737083237e+02 2.1675295397079575e+00
880 1.5850011888761824e+02 2.1929202374883174e+00
881 1.5871506813409806e+02 2.1958941567253918e+00
882 1.5530103520197744e+02 2.1486594797999619e+00
883 1.5714936442149579e+02 2.1742319435903306e+00
884 1.5728203544060278e+02 2.1760675066471267e+00
885 1.5404669301104616e+02 2.1313050929734199e+00
886 1.5575257001737108e+02 2.1549066664996093e+00
887 1.5592865048107723e+02 2.1573428186930426e+00
888 1.5267704426324883e+02 2.1123553882137349e+00
889 1.5453289826620579e+02 2.1380319607580973e+00
890 1.5442814294379374e+02 2.1365826238862127e+00
891 1.5142260127002038e+02 2.0949996067421983e+00
892 1.5325569143965504e+02 2.1203612314421956e+00
893 1.5300338934465273e+02 2.1168705187917936e+00
894 1.5007509886656203e+02 2.0763563065898296e+00
895 1.5213346126243982e+02 2.1048346735821335e+00
896 1.5143035433127301e+02 2.0951068738221394e+00
897 1.4886723958827127e+02 2.0596450317088317e+00
898 1.5093118518360416e+02 2.0882006447698509e+00
899 1.4992560935606255e+02 2.0742880521609548e+00
900 1.4760286680757596e+02 2.0421518671738448e+00
901 1.4984612523509182e+02 2.0731883536960010e+00
902 1.4827807840598953e+02 2.0514937224931948e+00
903 1.4651143728997326e+02 2.0270514502546617e+00
904 1.4863807189880504e+02 2.0564743939355865e+00
905 1.4670964048497686e+02 2.0297936803583907e+00
906 1.4539955510450898e+02 2.0116680615018989e+00
907 1.4748729445423081e+02 2.0405528718271948e+00
908 1.4503411257778467e+02 2.0066120002313026e+00
909 1.4448076502799429e+02 1.9989561886848126e+00
910 1.4615238077719053e+02 2.0220837423512910e+00
911 1.4348843696838051e+02 1.9852268848872709e+00
912 1.4354621071188896e+02 1.9860262105421933e+00
913 1.4480903271943282e+02 2.0034979194350560e+00
914 1.4191510763631103e+02 1.9634591678865321e+00
915 1.4277345953302216e+02 1.9753348513774633e+00
916 1.4323803333489886e+02 1.9817624383035313e+00
917 1.4056047189506072e+02 1.9447171748062677e+00
918 1.4191836219183739e+02 1.9635041961220177e+00
919 1.4164257367711227e+02 1.9596885383202947e+00
920 1.3927531106764465e+02 1.9269363983207550e+00
921 1.4111185731482209e+02 1.9523458394037247e+00
922 1.3986215059756472e+02 1.9350555864346284e+00
923 1.3828066637776990e+02 1.9131750429044658e+00
924 1.4008226518355156e+02 1.9381009704606122e+00
925 1.3815608594949401e+02 1.9114514168007222e+00
926 1.3738516799952063e+02 1.9007854211799979e+00
927 1.3894962492305183e+02 1.9224303844290334e+00
928 1.3643029185855727e+02 1.8875742814754402e+00
929 1.3673023781323758e+02 1.8917241682943744e+00
930 1.3748424641345372e+02 1.9021562154767906e+00
931 1.3497338052132486e+02 1.8674172596506906e+00
932 1.3603545990600654e+02 1.8821116043163812e+00
933 1.3588660532538967e+02 1.8800521344272199e+00
934 1.3368907178637491e+02 1.8496482722466392e+00
935 1.3535070729847081e+02 1.8726377448563598e+00
936 1.3405859396578816e+02 1.8547607773420496e+00
937 1.3279267664154719e+02 1.8372462433543282e+00
938 1.3435417953725431e+02 1.8588503363034361e+00
939 1.3232506515796180e+02 1.8307766287393170e+00
940 1.3206473157044150e+02 1.8271747967875316e+00
941 1.3312750710911428e+02 1.8418787730559376e+00
942 1.3068293684328842e+02 1.8080570469555763e+00
943 1.3154899559447148e+02 1.8200393582349124e+00
944 1.3149241544908708e+02 1.8192565465454054e+00
945 1.2944969468644342e+02 1.7909945885646990e+00
946 1.3087156304069612e+02 1.8106667750019578e+00
947 1.2974101416349731e+02 1.7950251241964037e+00
948 1.2851177223319826e+02 1.7780180107340264e+00
949 1.2999757170035809e+02 1.7985747127936278e+00
950 1.2792080611913180e+02 1.7698417294775750e+00
951 1.2796161220657783e+02 1.7704063000003047e+00
952 1.2863652358514426e+02 1.7797440016434112e+00
953 1.2643973166952688e+02 1.7493504001551765e+00
954 1.2742232524645097e+02 1.7629450230184605e+00
955 1.2699872973323619e+02 1.7570843890961823e+00
956 1.2529882133589919e+02 1.7335653939524640e+00
957 1.2677557754495815e+02 1.7539969784800320e+00
958 1.2513961739475059e+02 1.7313627360183068e+00
959 1.2465948592359875e+02 1.7247199017596750e+00
960 1.2562954555607770e+02 1.7381411118796615e+00
961 1.2353136033323207e+02 1.7091117782143694e+00
962 1.2416368591031480e+02 1.7178602861927728e+00
963 1.2410776703497228e+02 1.7170866234708972e+00
964 1.2227422543783888e+02 1.6917187530689741e+00
965 1.2363283430270400e+02 1.7105157160965299e+00
966 1.2226322534537073e+02 1.6915665618557629e+00
967 1.2158609719992430e+02 1.6821981902485765e+00
968 1.2259882188231950e+02 1.6962096904708761e+00
969 1.2061847400274766e+02 1.6688106893038215e+00
970 1.2111553317844965e+02 1.6756877259475542e+00
971 1.2112817060136521e+02 1.6758625703619037e+00
972 1.1934837014483908e+02 1.6512382327450061e+00
973 1.2062428295775332e+02 1.6688910588018380e+00
974 1.1929777631023157e+02 1.6505382443501608e+00
975 1.1868899552718852e+02 1.6421154891579350e+00
976 1.1959521798909023e+02 1.6546534833898496e+00
977 1.1768471975354996e+02 1.6282208833779057e+00
978 1.1825473162857483e+02 1.6361072533385301e+00
979 1.1809338156505844e+02 1.6338749028388058e+00
980 1.1650523225032701e+02 1.6119021447306743e+00
981 1.1773487082780767e+02 1.6289147459847186e+00
982 1.1627175662406268e+02 1.6086719047195714e+00
983 1.1595112542484108e+02 1.6042358282643752e+00
984 1.1660418813650827e+02 1.6132712438010626e+00
985 1.1476720412967839e+02 1.5878557461169511e+00
986 1.1554512906071737e+02 1.5986186864635867e+00
987 1.1500798526886715e+02 1.5911870611761336e+00
988 1.1378003135641745e+02 1.5741977680184220e+00
989 1.1490411877176882e+02 1.5897500216011322e+00
990 1.1323118077140927e+02 1.5666041739967347e+00
991 1.1337115141865792e+02 1.5685407306830015e+00
992 1.1357446242623439e+02 1.5713536296647033e+00
993 1.1194255500981444e+02 1.5487754585927183e+00
994 1.1292328286114557e+02 1.5623442683055826e+00
995 1.1188254254206667e+02 1.5479451591838012e+00
996 1.1122601915310939e+02 1.5388618636245743e+00
997 1.1203643858967689e+02 1.5500743800300845e+00
998 1.1026127745688258e+02 1.5255142295379107e+00
999 1.1091790646671059e+02 1.5345989864092588e+00
1000 1.1046280985429017e+02 1.5283025206501590e+00
1001 1.0931071052017334e+02 1.5123627096070333e+00
1002 1.1027517390554858e+02 1.5257064931382334e+00
1003 1.0878448925413647e+02 1.5050822023633310e+00
1004 1.0885948747567990e+02 1.5061198363976298e+00
1005 1.0903476375616847e+02 1.5085448623555449e+00
1006 1.0749465632125597e+02 1.4872367852031203e+00
1007 1.0847935700426551e+02 1.5008605608242049e+00
1008 1.0730337525822716e+02 1.4845903259000734e+00
1009 1.0694014043416664e+02 1.4795648091860600e+00
1010 1.0745349093425001e+02 1.4866672436098207e+00
1011 1.0586961812872356e+02 1.4647536529246992e+00
1012 1.0658452939144736e+02 1.4746447709064272e+00
1013 1.0588749890060781e+02 1.4650010414238503e+00
1014 1.0505676281628917e+02 1.4535074350839976e+00
1015 1.0586018802080947e+02 1.4646231831519847e+00
1016 1.0426777047372231e+02 1.4425913721347645e+00
1017 1.0476413690168322e+02 1.4494588243027786e+00
1018 1.0438549268652908e+02 1.4442201117513505e+00
1019 1.0332813331358453e+02 1.4295910705651285e+00
1020 1.0416156061615943e+02 1.4411219111166593e+00
1021 1.0277119772638876e+02 1.4218856169117784e+00
1022 1.0292598593791243e+02 1.4240271812459699e+00
1023 1.0290964290070171e+02 1.4238010679957533e+00
1024 1.0161856209259429e+02 1.4059383859220638e+00
1025 1.0250653120307233e+02 1.4182238368497848e+00
1026 1.0123540928536808e+02 1.4006372949770622e+00
1027 1.0120112862828390e+02 1.4001630067102653e+00
1028 1.0134790864758163e+02 1.4021937741130657e+00
1029 1.0002457385118885e+02 1.3838848436444404e+00
1030 1.0080163416460999e+02 1.3946358216185231e+00
1031 9.9759222374777636e+01 1.3802135869491561e+00
1032 9.9476337742238030e+01 1.3762997511746202e+00
1033 9.9824910009098161e+01 1.3811224048331119e+00
1034 9.8415943646290614e+01 1.3616287232344773e+00
1035 9.9176274849680084e+01 1.3721482464676984e+00
1036 9.8223443664481309e+01 1.3589653996433759e+00
1037 9.7860258387140377e+01 1.3539405684304515e+00
1038 9.8239885301386977e+01 1.3591928770645976e+00
1039 9.6890005893128361e+01 1.3405166899846501e+00
1040 9.7528407905179463e+01 1.3493492681663279e+00
1041 9.6735239403929256e+01 1.3383754261885619e+00
1042 9.6238252612803677e+01 1.3314993910179107e+00
1043 9.6710481148269608e+01 1.3380328846165934e+00
1044 9.5331235861271409e+01 1.3189504074326914e+00
1045 9.5970266063193336e+01 1.3277916769029965e+00
1046 9.5188996458101585e+01 1.3169824614906411e+00
1047 9.4711811922593981e+01 1.3103803994084477e+00
1048 9.5136346943947544e+01 1.3162540318472276e+00
1049 9.3840100825531735e+01 1.2983198853886044e+00
1050 9.4397115392183693e+01 1.3060264317581560e+00
1051 9.3690569574677994e+01 1.2962510534632063e+00
1052 9.3173529274075094e+01 1.2890975689942574e+00
1053 9.3623850566597497e+01 1.2953279660606751e+00
1054 9.2313655909799607e+01 1.2772008353171436e+00
1055 9.2910319007905301e+01 1.2854559369030683e+00
1056 9.2141117203952433e+01 1.2748136849322873e+00
1057 9.1722434258096257e+01 1.2690210185828683e+00
1058 9.2072298831683725e+01 1.2738615518845762e+00
1059 9.0852976764771881e+01 1.2569916841815563e+00
1060 9.1406571089427416e+01 1.2646509099689927e+00
1061 9.0641934313843507e+01 1.2540718172132663e+00
1062 9.0258967793585597e+01 1.2487733036320272e+00
1063 9.0578291629265024e+01 1.2531912921262209e+00
1064 8.9364770954670888e+01 1.2364016892880374e+00
1065 8.9978991499584126e+01 1.2448997060256550e+00
1066 8.9100021573139657e+01 1.2327387628454776e+00
1067 8.8878864190033255e+01 1.2296789512536146e+00
1068 8.9043009894543545e+01 1.2319499807004293e+00
1069 8.7948837798969763e+01 1.2168116189848772e+00
1070 8.8526218461268272e+01 1.2247999394225835e+00
1071 8.7613387784231932e+01 1.2121705175702726e+00
1072 8.7487401998105412e+01 1.2104274477103147e+00
1073 8.7556548919051707e+01 1.2113841263763456e+00
1074 8.6519279042991911e+01 1.1970330323903449e+00
1075 8.7133272056995978e+01 1.2055279011357785e+00
1076 8.6096880826959733e+01 1.1911889636116160e+00
1077 8.6173592472355267e+01 1.1922503036334375e+00
1078 8.6025737332578075e+01 1.1902046614565760e+00
1079 8.5172481330143995e+01 1.1783994819486492e+00
1080 8.5700576235029132e+01 1.1857059118262079e+00
1081 8.4647842597522612e+01 1.1711408697645702e+00
1082 8.4842859789817183e+01 1.1738390200917894e+00
1083 8.4539241810708660e+01 1.1696383291678636e+00
1084 8.3826050555826768e+01 1.1597710082661101e+00
1085 8.4306484923273175e+01 1.1664180332308367e+00
1086 8.3190352111588723e+01 1.1509758351577677e+00
1087 8.3573292531055316e+01 1.1562739876228518e+00
1088 8.3015117710054412e+01 1.1485513886139693e+00
1089 8.2567973931175914e+01 1.1423649538740375e+00
1090 8.2856668767692156e+01 1.1463591764266636e+00
1091 8.1820954236247729e+01 1.1320296013310414e+00
1092 8.2266946378814339e+01 1.1382001026660500e+00
1093 8.1546624257575544e+01 1.1282341230298134e+00
1094 8.1311947194302377e+01 1.1249872605988083e+00
1095 8.1429643063287372e+01 1.1266156357368042e+00
1096 8.0468966146439087e+01 1.1133242396960339e+00
1097 8.0990634202930636e+01 1.1205417512434079e+00
1098 8.0067206053375216e+01 1.1077657086054697e+00
1099 8.0129738877284680e+01 1.1086308782723493e+00
1100 7.9945952043595497e+01 1.1060881049936322e+00
1101 7.9222558019393190e+01 1.0960796242020430e+00
1102 7.9647425652216924e+01 1.1019578584697001e+00
1103 7.8675596745342361e+01 1.0885121696448705e+00
1104 7.8923822679698361e+01 1.0919464867844348e+00
1105 7.8495621652371099e+01 1.0860221335086810e+00
1106 7.8003665190729365e+01 1.0792156952027121e+00
1107 7.8303958851865545e+01 1.0833703926964213e+00
1108 7.7314701317472611e+01 1.0696835709925447e+00
1109 7.7747289614098335e+01 1.0756686241068818e+00
1110 7.7023223003689040e+01 1.0656508377834411e+00
1111 7.6877545942019140e+01 1.0636353302941359e+00
1112 7.6882019288535417e+01 1.0636972210496363e+00
1113 7.6075408293263152e+01 1.0525373961376605e+00
1114 7.6497516039967863e+01 1.0583774461429585e+00
1115 7.5633022200951501e+01 1.0464167861253650e+00
1116 7.5744809691590078e+01 1.0479634161988300e+00
1117 7.5469239783703273e+01 1.0441507829207677e+00
1118 7.4888089921335236e+01 1.0361103139094856e+00
1119 7.5227332502372832e+01 1.0408038871799423e+00
1120 7.4284065653071238e+01 1.0277533672326862e+00
1121 7.4642320852132983e+01 1.0327099886013109e+00
1122 7.4023562665741053e+01 1.0241491915585497e+00
1123 7.3810376585601404e+01 1.0211996665186314e+00
1124 7.3859725229798784e+01 1.0218824271456424e+00
1125 7.3071348675667792e+01 1.0109748839056216e+00
1126 7.3459405354067059e+01 1.0163438221078547e+00
1127 7.2657952687364343e+01 1.0052553649853242e+00
1128 7.2737386193907852e+01 1.0063543631769749e+00
1129 7.2483060760337921e+01 1.0028356567299537e+00
1130 7.1931277170922598e+01 9.9520148327674163e-01
1131 7.2236062740893317e+01 9.9941832834395006e-01
1132 7.1348451482548086e+01 9.8713782846099518e-01
1133 7.1687027162436422e+01 9.9182217485492397e-01
1134 7.1072824162931980e+01 9.8332440086590689e-01
1135 7.0909079330124570e+01 9.8105891765890618e-01
1136 7.0901190171790702e+01 9.8094976761480213e-01
1137 7.0191409129921055e+01 9.7112962853966933e-01
1138 7.0540665659329520e+01 9.7596174927743229e-01
1139 6.9753435889379020e+01 9.6507007231092001e-01
1140 6.9888140609339175e+01 9.6693377253120361e-01
1141 6.9551967056974888e+01 9.6228266064900569e-01
1142 6.9121157092487962e+01 9.5632221155745101e-01
1143 6.9332282870291706e+01 9.5924323139043655e-01
1144 6.8514722610259909e+01 9.4793191848939629e-01
1145 6.8865558633380289e+01 9.5278589223112009e-01
1146 6.8187612640452571e+01 9.4340620533719788e-01
1147 6.8160632255918557e+01 9.4303291961555236e-01
1148 6.8008669429097409e+01 9.4093044574600082e-01
1149 6.7444391226757460e+01 9.3312340371871905e-01
1150 6.7720929825802813e+01 9.3694943927345065e-01
1151 6.6943311354336061e+01 9.2619073893245440e-01
1152 6.7174575937817906e+01 9.2939038817493369e-01
1153 6.6688123965106598e+01 9.2266010694226719e-01
1154 6.6459316239845194e+01 9.1949444943525194e-01
1155 6.6498450230552521e+01 9.2003588574960971e-01
1156 6.5810730553214029e+01 9.1052097554803557e-01
1157 6.6144042945097439e+01 9.1513250199165297e-01
1158 6.5396483087353488e+01 9.0478967605381921e-01
1159 6.5548092035434863e+01 9.0688725385227942e-01
1160 6.5181313362959131e+01 9.0181270640590538e-01
1161 6.4849061832787484e+01 8.9721585745990262e-01
1162 6.4965657739422895e+01 8.9882901412542149e-01
1163 6.4267750101097150e+01 8.8917314891394272e-01
1164 6.4557854576258094e+01 8.9318687444948908e-01
1165 6.3917612005454508e+01 8.8432883131191753e-01
1166 6.3938572913536511e+01 8.8461883487691007e-01
1167 6.3720021097801599e+01 8.8159507247831703e-01
1168 6.3269722089048635e+01 8.7536498371784455e-01
1169 6.3475520650052836e+01 8.7821229911697107e-01
1170 6.2747301326617531e+01 8.6813705814618281e-01
1171 6.3031077683576974e+01 8.7206323132803576e-01
1172 6.2441430555350159e+01 8.6390519883228567e-01
1173 6.2407060923748865e+01 8.6342967956313643e-01
1174 6.2248864901295001e+01 8.6124096663620675e-01
1175 6.1771801871600779e+01 8.5464058564144096e-01
1176 6.1980582864901109e+01 8.5752916432910631e-01
1177 6.1295511757075367e+01 8.4805089827471436e-01
1178 6.1516081654426380e+01 8.5110258173764419e-01
1179 6.1017688915291764e+01 8.4420709464567256e-01
1180 6.0899767639810463e+01 8.4257560090769801e-01
1181 6.0824288769883921e+01 8.4153131688743155e-01
1182 6.0296453115333414e+01 8.3422847385453514e-01
1183 6.0540524670158547e+01 8.3760531328990973e-01
1184 5.9853966865427708e+01 8.2810647811700178e-01
1185 6.0069761174441716e+01 8.3109208917327582e-01
1186 5.9592773897125667e+01 8.2449275624663954e-01
1187 5.9467877876553636e+01 8.2276476378192498e-01
1188 5.9397547311909754e+01 8.2179170887443376e-01
1189 5.8891162218982075e+01 8.1478564398289344e-01
1190 5.9107892029523242e+01 8.1778419812239989e-01
1191 5.8470543438678526e+01 8.0896619449560747e-01
1192 5.8642420612839878e+01 8.1134419229287080e-01
1193 5.8217311983903514e+01 8.0546262373590061e-01
1194 5.8059178899715370e+01 8.0327478158810695e-01
1195 5.8021135244407482e+01 8.0274843055305289e-01
1196 5.7503679077957045e+01 7.9558919239357329e-01
1197 5.7734365635530516e+01 7.9878084438834607e-01
1198 5.7095293952809030e+01 7.8993900101257342e-01
1199 5.7283171205086894e+01 7.9253836706715630e-01
1200 5.6843892657263382e+01 7.8646075132669324e-01
1201 5.6720740116883420e+01 7.8475688069244587e-01
1202 5.6648501013990561e+01 7.8375742030223594e-01
1203 5.6180852661446750e+01 7.7728729558864806e-01
1204 5.6372420843259825e+01 7.7993772730885758e-01
1205 5.5776042565712309e+01 7.7168656634310684e-01
1206 5.5943357436040280e+01 7.7400144262048742e-01
1207 5.5520834301812826e+01 7.6815564554249693e-01
1208 5.5404392077928797e+01 7.6654461514677541e-01
1209 5.5326893831303352e+01 7.6547239214412077e-01
1210 5.4876663791541958e+01 7.5924325760058153e-01
1211 5.5067251260686525e+01 7.6188012072113942e-01
1212 5.4469001537915517e+01 7.5360306747131500e-01
1213 5.4666764953635997e+01 7.5633921303140605e-01
1214 5.4205013042406186e+01 7.4995066822815126e-01
1215 5.4154174890956135e+01 7.4924729960020486e-01
1216 5.4011937065691370e+01 7.4727937548917889e-01
1217 5.3636573254963018e+01 7.4208604880435436e-01
1218 5.3772586123486072e+01 7.4396784784675452e-01
1219 5.3220727567719145e+01 7.3633263720044317e-01
1220 5.3406570984813825e+01 7.3890386423302268e-01
1221 5.2942397876517447e+01 7.3248182108236293e-01
1222 5.2925076906402317e+01 7.3224217769177757e-01
1223 5.2747147627065729e+01 7.2978044630484051e-01
1224 5.2418861076116677e+01 7.2523845462480996e-01
1225 5.2528977206010303e+01 7.2676196067270660e-01
1226 5.1992219418427197e+01 7.1933567592742487e-01
1227 5.2201799729072434e+01 7.2223531352907799e-01
1228 5.1694469990931694e+01 7.1521617904730961e-01
1229 5.1756968496491595e+01 7.1608087390442998e-01
1230 5.1492062286573429e+01 7.1241577767079389e-01
1231 5.1265824777581862e+01 7.0928568025870098e-01
1232 5.1293022499945828e+01 7.0966197294670719e-01
1233 5.0827947399790126e+01 7.0322745033409984e-01
1234 5.1007379148122872e+01 7.0570996905350702e-01
1235 5.0505928621152947e+01 6.9877217609531239e-01
1236 5.0605949931369800e+01 7.0015601578511200e-01
1237 5.0289063795491316e+01 6.9577175396105551e-01
1238 5.0137238323234556e+01 6.9367118045351039e-01
1239 5.0103198349487236e+01 6.9320022214863375e-01
1240 4.9691842503705274e+01 6.8750892951519427e-01
1241 4.9858436721045514e+01 6.8981383523525219e-01
1242 4.9343066470008750e+01 6.8268345665112462e-01
1243 4.9506348065864231e+01 6.8494253076711786e-01
1244 4.9103766486548587e+01 6.7937263404579584e-01
1245 4.9069581299108627e+01 6.7889966664434820e-01
1246 4.8921777940145013e+01 6.7685474087826802e-01
1247 4.8624064969032084e+01 6.7273574838855765e-01
1248 4.8713231756124699e+01 6.7396941088231166e-01
1249 4.8248968977559819e+01 6.6754612710326700e-01
1250 4.8414464122549795e+01 6.6983582666438779e-01
1251 4.7979486955114972e+01 6.6381772245091719e-01
1252 4.8020945402026186e+01 6.6439131865945322e-01
1253 4.7788930570691349e+01 6.6118128940141618e-01
1254 4.7587604329663613e+01 6.5839585055515126e-01
1255 4.7606581408904255e+01 6.5865840695830913e-01
1256 4.7192132707674645e+01 6.5292432328250083e-01
1257 4.7360367092606943e+01 6.5525192145686573e-01
1258 4.6888027877414942e+01 6.4871689655452913e-01
1259 4.7020085126935541e+01 6.5054396783380120e-01
1260 4.6675727293411875e+01 6.4577962275083567e-01
1261 4.6614181584174894e+01 6.4492811025820440e-01
1262 4.6504833795018662e+01 6.4341523454903649e-01
1263 4.6209851536600986e+01 6.3933402269428208e-01
1264 4.6304156857077302e+01 6.4063877910220601e-01
1265 4.5871767568723804e+01 6.3465647935657710e-01
1266 4.6023280279970031e+01 6.3675272567525742e-01
1267 4.5626106524025779e+01 6.3125764861587086e-01
1268 4.5661513609561737e+01 6.3174752152553937e-01
1269 4.5448338495182966e+01 6.2879814820184143e-01
1270 4.5266205798636726e+01 6.2627826065243364e-01
1271 4.5278526836292983e+01 6.2644872773481119e-01
1272 4.4902970965175562e+01 6.2125274380835827e-01
1273 4.5055445650204199e+01 6.2336229946579613e-01
1274 4.4618269138408600e+01 6.1731376633661361e-01
1275 4.4751212124667639e+01 6.1915309218094494e-01
1276 4.4415670108160000e+01 6.1451071788058897e-01
1277 4.4386057941417491e+01 6.1410102027164548e-01
1278 4.4255969482777665e+01 6.1230118809727840e-01
1279 4.4014627818506284e+01 6.0896211792216337e-01
1280 4.4079390495672108e+01 6.0985813860900939e-01
1281 4.3693987090362405e+01 6.0452590963005326e-01
1282 4.3838501427581072e+01 6.0652533030505429e-01
1283 4.3453253763211237e+01 6.0119525607185620e-01
1284 4.3524061407157525e+01 6.0217491158548253e-01
1285 4.3280107030490939e+01 5.9879969336248984e-01
1286 4.3168664181160516e+01 5.9725783155610646e-01
1287 4.3128785610215900e+01 5.9670609364019633e-01
1288 4.2826869553839508e+01 5.9252894958063951e-01
1289 4.2944783175008226e+01 5.9416033741776630e-01
1290 4.2545175641782819e+01 5.8863158795806336e-01
1291 4.2693947595332531e+01 5.9068991466468967e-01
1292 4.2338848772336547e+01 5.8577696317467665e-01
1293 4.2380219088900290e+01 5.8634934006032591e-01
1294 4.2185875839604819e+01 5.8366051403678543e-01
1295 4.2041928713255572e+01 5.8166894097857613e-01
1296 4.2039268955549730e+01 5.8163214203772429e-01
1297 4.1729894658905160e+01 5.7735180987878365e-01
1298 4.1851513141553980e+01 5.7903445613624371e-01
1299 4.1480963526780542e+01 5.7390773601178546e-01
1300 4.1599146129376123e+01 5.7554284532760014e-01
1301 4.1300738523336243e+01 5.7141424225210802e-01
1302 4.1294234584212639e+01 5.7132425733709569e-01
1303 4.1162312874032473e+01 5.6949906130539263e-01
1304 4.0976555519193603e+01 5.6692902498272413e-01
1305 4.1020378354940547e+01 5.6753533357131092e-01
1306 4.0692009132991281e+01 5.6299219810091161e-01
1307 4.0834045862675865e+01 5.6495733996438768e-01
1308 4.0469881614239760e+01 5.5991896424725984e-01
1309 4.0587305072047805e+01 5.6154357045443681e-01
1310 4.0309883679266612e+01 5.5770532105240689e-01
1311 4.0296297664816031e+01 5.5751735244869494e-01
1312 4.0183555614076624e+01 5.5595751560808226e-01
1313 3.9999780271954137e+01 5.5341490132034488e-01
1314 4.0048535791557178e+01 5.5408945580255675e-01
1315 3.9739002139539572e+01 5.4980691889055389e-01
1316 3.9869240712317257e+01 5.5160882796134947e-01
1317 3.9538132005150594e+01 5.4702779048421557e-01
1318 3.9634094803249987e+01 5.4835547883848967e-01
1319 3.9394076492765670e+01 5.4503471785658786e-01
1320 3.9360397334755227e+01 5.4456875159926887e-01
1321 3.9279003069439732e+01 5.4344262543054089e-01
1322 3.9084618410866760e+01 5.4075322649107282e-01
1323 3.9153803031524724e+01 5.4171042674952419e-01
1324 3.8844162849483162e+01 5.3742641594685758e-01
1325 3.8986598119752500e+01 5.3939707179808261e-01
1326 3.8660266031741223e+01 5.3488212098943899e-01
1327 3.8767683455156913e+01 5.3636828922275204e-01
1328 3.8529391918047587e+01 5.3307141892500964e-01
1329 3.8513401487061984e+01 5.3285018414007324e-01
1330 3.8425775485271139e+01 5.3163783910206364e-01
1331 3.8257297840448842e+01 5.2930687531801035e-01
1332 3.8313491911294733e+01 5.3008434549310957e-01
1333 3.8033870452656615e+01 5.2621565719314500e-01
1334 3.8162940097131191e+01 5.2800139361656306e-01
1335 3.7863256226890229e+01 5.2385513285340113e-01
1336 3.7964308846932425e+01 5.2525324117721173e-01
1337 3.7743276968060826e+01 5.2219516599273030e-01
1338 3.7731464846103066e+01 5.2203173998730734e-01
1339 3.7651255193021079e+01 5.2092200346016870e-01
1340 3.7494601564044075e+01 5.1875463023880708e-01
1341 3.7554351186653463e+01 5.1958129306733991e-01
1342 3.7285982915963011e+01 5.1586829767006759e-01
1343 3.7424170310709947e+01 5.1778018225812394e-01
1344 3.7125960426057873e+01 5.1365431474671686e-01
1345 3.7249307418447657e+01 5.1536087571173839e-01
1346 3.7015054934919014e+01 5.1211988753193716e-01
1347 3.7039936509710735e+01 5.1246413527941059e-01
1348 3.6934536303755898e+01 5.1100587615445892e-01
1349 3.6822422746763017e+01 5.0945473480673031e-01
1350 3.6854773368797296e+01 5.0990232017292558e-01
1351 3.6627120782946371e+01 5.0675264453777347e-01
1352 3.6748016540077522e+01 5.0842529156352967e-01
1353 3.6475447545660899e+01 5.0465417726933870e-01
1354 3.6600315396024484e+01 5.0638177998658418e-01
1355 3.6371609184014950e+01 5.0321752696094069e-01
1356 3.6417192445569384e+01 5.0384819183018481e-01
1357 3.6301625395493673e+01 5.0224926985664642e-01
1358 3.6220529624599308e+01 5.0112727349211972e-01
1359 3.6239506889938092e+01 5.0138983247002877e-01
1360 3.6038577277011640e+01 4.9860988115144633e-01
1361 3.6158139629902038e+01 5.0026407993145461e-01
1362 3.5894076016928643e+01 4.9661064140448286e-01
1363 3.6040586657998759e+01 4.9863768183867863e-01
1364 3.5795510606113808e+01 4.9524694473593045e-01
1365 3.5886957078167022e+01 4.9651214769363033e-01
1366 3.5734416677987653e+01 4.9440168283760660e-01
1367 3.5713789528213461e+01 4.9411629696850451e-01
1368 3.5689219800187722e+01 4.9377636376091222e-01
1369 3.5546541977726086e+01 4.9180235209131384e-01
1370 3.5634033631510164e+01 4.9301283836439019e-01
1371 3.5408971276000941e+01 4.8989899972782169e-01
1372 3.5549124808880556e+01 4.9183808671882329e-01
1373 3.5314003411001806e+01 4.8858507671925078e-01
1374 3.5428804989952333e+01 4.9017340805643245e-01
1375 3.5259317381916603e+01 4.8782847097831855e-01
1376 3.5283341060714712e+01 4.8816084934992499e-01
1377 3.5228755920606851e+01 4.8740563945324639e-01
1378 3.5134218325362163e+01 4.8609766941971883e-01
1379 3.5198803943850031e+01 4.8699124042033853e-01
1380 3.5005207839239489e+01 4.8431275147863384e-01
1381 3.5147800089305719e+01 4.8628557921575966e-01
1382 3.4913224075549465e+01 4.8304011485014514e-01
1383 3.5064395334100908e+01 4.8513163701764006e-01
1384 3.4862385456064324e+01 4.8233673974672342e-01
1385 3.4951786966411305e+01 4.8357364974198291e-01
1386 3.4843002873767240e+01 4.8206857302689782e-01
1387 3.4825993605788916e+01 4.8183324217518425e-01
1388 3.4835510697790191e+01 4.8196491541176034e-01
1389 3.4709176813667248e+01 4.8021702945988842e-01
1390 3.4817916812633634e+01 4.8172149611916526e-01
1391 3.4621085382300706e+01 4.7899824499493809e-01
1392 3.4774140705340393e+01 4.8111583403969471e-01
1393 3.4572010315617185e+01 4.7831926943554004e-01
1394 3.4700040324679925e+01 4.8009062203672365e-01
1395 3.4559523506239003e+01 4.7814650882703547e-01
1396 3.4604680768164350e+01 4.7877127980033590e-01
1397 3.4569748270322755e+01 4.7828797302428755e-01
1398 3.4506460415886622e+01 4.7741235717141484e-01
1399 3.4582562427570764e+01 4.7846526263739780e-01
1400 3.4425963216654708e+01 4.7629864231431773e-01
1401 3.4578985162187273e+01 4.7841576956629239e-01
1402 3.4378527026306323e+01 4.7564234134410788e-01
1403 3.4548137504164615e+01 4.7798897838132826e-01
1404 3.4369150109706233e+01 4.7551260749708057e-01
1405 3.4491109725248492e+01 4.7719997348113102e-01
1406 3.4391161444388523e+01 4.7581714418524007e-01
1407 3.4420231959408291e+01 4.7621934779965036e-01
1408 3.4428823002986704e+01 4.7633820874093208e-01
1409 3.4354220380767480e+01 4.7530604800072324e-01
1410 3.4462956735923861e+01 4.7681046424625434e-01
1411 3.4311335482899921e+01 4.7471271620339461e-01
1412 3.4477759966132240e+01 4.7701527357593798e-01
1413 3.4303171352755442e+01 4.7459976180095653e-01
1414 3.4466406093180638e+01 4.7685818765105553e-01
1415 3.4331055622499200e+01 4.7498555317990199e-01
1416 3.4433313148591729e+01 4.7640033191936015e-01
1417 3.4385946885573681e+01 4.7574499842513029e-01
1418 3.4392265083394683e+01 4.7583241352590983e-01
1419 3.4451683544033678e+01 4.7665449458004483e-01
1420 3.4361299327482016e+01 4.7540398840366649e-01
1421 3.4510547967770037e+01 4.7746891028512750e-01
1422 3.4356456010013140e+01 4.7533697893409249e-01
1423 3.4549358966705732e+01 4.7800587786345194e-01
1424 3.4386595365853140e+01 4.7575397044066198e-01
1425 3.4563958276520779e+01 4.7820786586302866e-01
1426 3.4450771855429295e+01 4.7664188095927995e-01
1427 3.4560393484281697e+01 4.7815854536347074e-01
1428 3.4538661695870104e+01 4.7785787632335236e-01
1429 3.4552283140116863e+01 4.7804633511418593e-01
1430 3.4633553294213748e+01 4.7917074414853633e-01
1431 3.4555091010300195e+01 4.7808518325759730e-01
1432 3.4716335406045125e+01 4.8031607179630775e-01
1433 3.4578417746448956e+01 4.7840791911504760e-01
1434 3.4767649359068038e+01 4.8102602335242778e-01
1435 3.4616513355529889e+01 4.7893498895385478e-01
1436 3.4764204553248874e+01 4.8097836291880741e-01
1437 3.4635592060364495e+01 4.7919895139268764e-01
1438 3.4665272189947054e+01 4.7960958929800696e-01
1439 3.4556289748338550e+01 4.7810176833603257e-01
1440 3.4389146605367067e+01 4.7578926798365462e-01
1441 3.4235175629726939e+01 4.7365901047446968e-01
1442 3.3791464923450896e+01 4.6752007383384242e-01
1443 3.3465894848189308e+01 4.6301566581337944e-01
1444 3.2679664085071870e+01 4.5213781055449104e-01
1445 3.2042508551738315e+01 4.4332247796495844e-01
1446 3.0911446252042289e+01 4.2767372372886775e-01
1447 2.9915138699056751e+01 4.1388936185559017e-01
1448 2.8575041523016001e+01 3.9534851634603974e-01
1449 2.7368862328496874e+01 3.7866048617759690e-01
1450 2.6120167122489665e+01 3.6138422792034353e-01
1451 2.5043732201767828e+01 3.4649126797459268e-01
1452 2.4263141729008609e+01 3.3569144866267170e-01
1453 2.3697148598222313e+01 3.2786067983113110e-01
1454 2.3667317718270183e+01 3.2744795622683215e-01
1455 2.3822850038378736e+01 3.2959981563705371e-01
1456 2.4532566808274684e+01 3.3941906548060224e-01
1457 2.5224353550108589e+01 3.4899024534368678e-01
1458 2.6152037569377171e+01 3.6182516984800833e-01
1459 2.6668986105937293e+01 3.6897738472026620e-01
1460 2.6908450612968288e+01 3.7229048358299172e-01
1461 2.6559073914633036e+01 3.6745670025422683e-01
1462 2.5825771620973164e+01 3.5731113411049725e-01
1463 2.4981783258983707e+01 3.4563417656497281e-01
1464 2.4163097381087812e+01 3.3430729023590494e-01
1465 2.3871136157924031e+01 3.3026787575892491e-01
1466 2.3849596930155691e+01 3.2996987088167584e-01
1467 2.4457746787390704e+01 3.3838389693235582e-01
1468 2.5001203805971727e+01 3.4590286854332591e-01
1469 2.5616857292842408e+01 3.5442071067564768e-01
1470 2.5572161704499521e+01 3.5380232716343685e-01
1471 2.5186331642363850e+01 3.4846419519592331e-01
1472 2.4386224035858010e+01 3.3739434758452158e-01
1473 2.3712809026911920e+01 3.2807734888628515e-01
1474 2.3429187827817945e+01 3.2415332238309452e-01
1475 2.3568634124796198e+01 3.2608262444818148e-01
1476 2.4172551408405536e+01 3.3443809094429744e-01
1477 2.4589987740067023e+01 3.4021350982718429e-01
1478 2.4820593974554882e+01 3.4340405051603995e-01
1479 2.4306247769360841e+01 3.3628784006546569e-01
1480 2.3717368314566503e+01 3.2814042867598142e-01
1481 2.3052744519137015e+01 3.1894506035990455e-01
1482 2.2994726919304291e+01 3.1814236084335790e-01
1483 2.3280871185639953e+01 3.2210129511351848e-01
1484 2.3812903928753855e+01 3.2946220674922605e-01
1485 2.4066555857129210e+01 3.3297159494979039e-01
1486 2.3759773019141061e+01 3.2872711678371841e-01
1487 2.3191353821774104e+01 3.2086278223286124e-01
1488 2.2565551824742091e+01 3.1220453091050648e-01
1489 2.2554514755884501e+01 3.1205182811236204e-01
1490 2.2792420339732654e+01 3.1534335857362311e-01
1491 2.3348156936309167e+01 3.2303222365396794e-01
1492 2.3337309027723180e+01 3.2288213797302595e-01
1493 2.3017618697149310e+01 3.1845907885758235e-01
1494 2.2336152637727960e+01 3.0903069026485158e-01
1495 2.2049276992733937e+01 3.0506163704290445e-01
1496 2.2182151610171786e+01 3.0690001697392882e-01
1497 2.2603659142898202e+01 3.1273176274962072e-01
1498 2.2855801672888980e+01 3.1622026774651807e-01
1499 2.2518077203688442e+01 3.1154769823425182e-01
1500 2.2017531004174767e+01 3.0462241705203591e-01
1501 2.1556190169799716e+01 2.9823955968144866e-01
1502 2.1755003011750244e+01 3.0099022452413565e-01
1503 2.2053031717588002e+01 3.0511358534538185e-01
1504 2.2339956066390510e+01 3.0908331240636472e-01
1505 2.1958410001805444e+01 3.0380445146648194e-01
1506 2.1475313582594207e+01 2.9712059582156852e-01
1507 2.1143525072871583e+01 2.9253015297115831e-01
1508 2.1341428190861649e+01 2.9526823137481029e-01
1509 2.1716539250636785e+01 3.0045806113682977e-01
1510 2.1732284921235216e+01 3.0067590955202622e-01
1511 2.1371568357802950e+01 2.9568523410333009e-01
1512 2.0820375057506258e+01 2.8805922756483904e-01
1513 2.0816725653160045e+01 2.8800873641882757e-01
1514 2.1029264263574699e+01 2.9094930342468833e-01
1515 2.1371644204886454e+01 2.9568628348175036e-01
1516 2.1066243654465513e+01 2.9146092988417355e-01
1517 2.0653008426727638e+01 2.8574363515840745e-01
1518 2.0320901439400476e+01 2.8114878602749049e-01
1519 2.0554417592487066e+01 2.8437958674535674e-01
1520 2.0834654033122170e+01 2.8825678359708995e-01
1521 2.0773390648547576e+01 2.8740917719279496e-01
1522 2.0342698586659925e+01 2.8145035933658463e-01
1523 1.9960037200118915e+01 2.7615606741718174e-01
1524 2.0115680277726220e+01 2.7830945920707700e-01
1525 2.0349931074855334e+01 2.8155042405478437e-01
1526 2.0433851512471396e+01 2.8271150095036462e-01
1527 1.9938952675639225e+01 2.7586435356388100e-01
1528 1.9664807981652654e+01 2.7207143875938516e-01
1529 1.9656128692289542e+01 2.7195135689809091e-01
1530 2.0013823070335292e+01 2.7690021905641199e-01
1531 1.9962579602611907e+01 2.7619124269602602e-01
1532 1.9596947157190982e+01 2.7113255381507700e-01
1533 1.9256201163348891e+01 2.6641818015413860e-01
1534 1.9337693776572479e+01 2.6754566701028742e-01
1535 1.9639949634794313e+01 2.7172751238078852e-01
1536 1.9531763343872274e+01 2.7023070652066200e-01
1537 1.9188424709602124e+01 2.6548046251651425e-01
1538 1.8853852485250624e+01 2.6085150572562316e-01
1539 1.9090677307762466e+01 2.6412808336903820e-01
1540 1.9229734510619856e+01 2.6605200214244118e-01
1541 1.9149504725773699e+01 2.6494198708331546e-01
1542 1.8668560674149877e+01 2.5828791040938370e-01
1543 1.8589821783831436e+01 2.5719852254476572e-01
1544 1.8766836246919642e+01 2.5964759703858037e-01
1545 1.8916776295964798e+01 2.6172208487031662e-01
1546 1.8619861638170388e+01 2.5761413740343847e-01
1547 1.8260448334210743e+01 2.5264149313410211e-01
1548 1.8312319256982370e+01 2.5335915061651537e-01
1549 1.8504756815846680e+01 2.5602161055817391e-01
1550 1.8513007979409853e+01 2.5613576910699704e-01
1551 1.8072422570959016e+01 2.5004007236358361e-01
1552 1.7947500101620918e+01 2.4831171396832738e-01
1553 1.8048291446272117e+01 2.4970620742991265e-01
1554 1.8258823422948620e+01 2.5261901175796281e-01
1555 1.7942114502460296e+01 2.4823720178831632e-01
1556 1.7663509175098461e+01 2.4438257212032841e-01
1557 1.7648854352463129e+01 2.4417981607598369e-01
1558 1.7884852674745815e+01 2.4744495871801497e-01
1559 1.7795017569891087e+01 2.4620204974825893e-01
1560 1.7426509466190822e+01 2.4110357484518502e-01
1561 1.7325333998326663e+01 2.3970376686665615e-01
1562 1.7472814682816942e+01 2.4174422828666728e-01
1563 1.7586029533485512e+01 2.4331060652636663e-01
1564 1.7215762585957528e+01 2.3818779723003511e-01
1565 1.7045449840305427e+01 2.3583144400289649e-01
1566 1.7092096368769703e+01 2.3647681964674958e-01
1567 1.7304719291907912e+01 2.3941855315695784e-01
1568 1.7021056320800071e+01 2.3549394871921919e-01
1569 1.6774577359009385e+01 2.3208380172867252e-01
1570 1.6767837157090625e+01 2.3199054801191735e-01
1571 1.6973550717489381e+01 2.3483668738954180e-01
1572 1.6827610801767399e+01 2.3281754319652709e-01
1573 1.6502919466086006e+01 2.2832529293230056e-01
1574 1.6484778734653897e+01 2.2807430777620413e-01
1575 1.6633527349575957e+01 2.3013231158244873e-01
1576 1.6613532493161184e+01 2.2985567377557922e-01
1577 1.6241330373609575e+01 2.2470609050631057e-01
1578 1.6211664368120246e+01 2.2429564801415627e-01
1579 1.6320712223336447e+01 2.2580437400273332e-01
1580 1.6362722858993529e+01 2.2638560999024374e-01
1581 1.6000355637663791e+01 2.2137209694916005e-01
1582 1.5928074730767714e+01 2.2037205818181499e-01
1583 1.6048023347487515e+01 2.2203160109515555e-01
1584 1.6078531611491840e+01 2.2245369661164635e-01
1585 1.5774543396071191e+01 2.1824788330227871e-01
1586 1.5637196409672285e+01 2.1634762614066894e-01
1587 1.5803206448112388e+01 2.1864444948361947e-01
1588 1.5782777772277958e+01 2.1836180959049628e-01
1589 1.5543758938862387e+01 2.1505487682213986e-01
1590 1.5358326312267270e+01 2.1248933326037528e-01
1591 1.5562470437642741e+01 2.1531375880050777e-01
1592 1.5499842253015577e+01 2.1444726977532641e-01
1593 1.5288310954883777e+01 2.1152063938671262e-01
1594 1.5108575853388080e+01 2.0903392364023177e-01
1595 1.5309577977672211e+01 2.1181487818597150e-01
1596 1.5239414078820596e+01 2.1084412917447148e-01
1597 1.5004740607590536e+01 2.0759731644099391e-01
1598 1.4889469192275056e+01 2.0600248470696558e-01
1599 1.5046470750905550e+01 2.0817467169114148e-01
1600 1.4990867876530528e+01 2.0740538098438838e-01
1601 1.4709212291520982e+01 2.0350854963370038e-01
1602 1.4687131442859641e+01 2.0320305118846135e-01
1603 1.4787942453338845e+01 2.0459781673559788e-01
1604 1.4732243877578572e+01 2.0382720195725451e-01
1605 1.4426553477301310e+01 1.9959783815690799e-01
1606 1.4483869701421463e+01 2.0039083382588044e-01
1607 1.4546109112281046e+01 2.0125194399160909e-01
1608 1.4447104875023456e+01 1.9988217596239266e-01
1609 1.4174917059186487e+01 1.9611633544482279e-01
1610 1.4271207810295040e+01 1.9744856117607676e-01
1611 1.4317831313861015e+01 1.9809361826013439e-01
1612 1.4137526838245634e+01 1.9559902496732409e-01
1613 1.3957325528153948e+01 1.9310585901580735e-01
1614 1.4053493696416703e+01 1.9443638875840713e-01
1615 1.4084372035867153e+01 1.9486360443468645e-01
1616 1.3824419207976227e+01 1.9126704046315707e-01
1617 1.3763855671135628e+01 1.9042911676616739e-01
1618 1.3839234849559997e+01 1.9147202150978618e-01
1619 1.3823643749772984e+01 1.9125631165109591e-01
1620 1.3536167553122073e+01 1.8727894952760793e-01
1621 1.3580318177874176e+01 1.8788979322410565e-01
1622 1.3628370691375450e+01 1.8855462130157755e-01
1623 1.3527424400598692e+01 1.8715798409084655e-01
1624 1.3294140746477298e+01 1.8393040010044748e-01
1625 1.3395429310315130e+01 1.8533177281249949e-01
1626 1.3407356135061667e+01 1.8549678578245316e-01
1627 1.3211925183979499e+01 1.8279291091682268e-01
1628 1.3102766678456069e+01 1.8128265403161470e-01
1629 1.3200927086838034e+01 1.8264074730985100e-01
1630 1.3157856303257558e+01 1.8204484370030813e-01
1631 1.2913259072010327e+01 1.7866073129585008e-01
1632 1.2946786367564984e+01 1.7912459646797774e-01
1633 1.2987479865630975e+01 1.7968760926613456e-01
1634 1.2874348140121663e+01 1.7812238110029799e-01
1635 1.2668726019356297e+01 1.7527750683101526e-01
1636 1.2795216636948625e+01 1.7702756126073646e-01
1637 1.2745646067939841e+01 1.7634173020441876e-01
1638 1.2577177843510913e+01 1.7401089675573309e-01
1639 1.2493370224443614e+01 1.7285138075537790e-01
1640 1.2611752574655148e+01 1.7448925366905291e-01
1641 1.2476098571289050e+01 1.7261241968706237e-01
1642 1.2307096530518178e+01 1.7027420064985116e-01
1643 1.2364281025414774e+01 1.7106537378593067e-01
1644 1.2371979156627553e+01 1.7117188088413235e-01
1645 1.2199777458476568e+01 1.6878939315191244e-01
1646 1.2098972968598364e+01 1.6739471782021545e-01
1647 1.2225095286114181e+01 1.6913967665318302e-01
1648 1.2083176331060120e+01 1.6717616425454623e-01
1649 1.1952628966379692e+01 1.6536998290927254e-01
1650 1.1950293147400311e+01 1.6533766580599879e-01
1651 1.2018436373046638e+01 1.6628045789736320e-01
1652 1.1790839142399365e+01 1.6313154812628233e-01
1653 1.1760525226738922e+01 1.6271214150630095e-01
1654 1.1811343570043867e+01 1.6341523607967512e-01
1655 1.1733342797500010e+01 1.6233606040553933e-01
1656 1.1554368180867957e+01 1.5985986630825022e-01
1657 1.1609879047248990e+01 1.6062788404313777e-01
1658 1.1618404312931522e+01 1.6074583491772637e-01
1659 1.1426347359365938e+01 1.5808864082109012e-01
1660 1.1399243792700837e+01 1.5771365081940969e-01
1661 1.1445010841245331e+01 1.5834685846409602e-01
1662 1.1355251097224302e+01 1.5710499214527612e-01
1663 1.1181681756008571e+01 1.5470358245782112e-01
1664 1.1282562595718048e+01 1.5609931412367925e-01
1665 1.1215272060701238e+01 1.5516831938963491e-01
1666 1.1079271638417289e+01 1.5328669254653524e-01
1667 1.1033593436080794e+01 1.5265471412898712e-01
1668 1.1116075610051617e+01 1.5379589200192548e-01
1669 1.0939589863091362e+01 1.5135413253288815e-01
1670 1.0867032971780448e+01 1.5035027539737547e-01
1671 1.0922548292192108e+01 1.5111835475577454e-01
1672 1.0853888736244949e+01 1.5016841900310648e-01
1673 1.0701617802429805e+01 1.4806168233509659e-01
1674 1.0726182901373665e+01 1.4840155149726478e-01
1675 1.0747222489502576e+01 1.4869264363599699e-01
1676 1.0559362635364481e+01 1.4609351829248146e-01
1677 1.0554970745014563e+01 1.4603275451957859e-01
1678 1.0575207595149895e+01 1.4631274041811443e-01
1679 1.0485211137828067e+01 1.4506759906460404e-01
1680 1.0343899004098526e+01 1.4311248231117191e-01
1681 1.0443452923224180e+01 1.4448985543558396e-01
1682 1.0343097821875210e+01 1.4310139759575494e-01
1683 1.0229813548508822e+01 1.4153405886189285e-01
1684 1.0228639907321840e+01 1.4151782100965307e-01
1685 1.0253768195364096e+01 1.4186548214560699e-01
1686 1.0081016941698291e+01 1.3947539106634524e-01
1687 1.0064955416713167e+01 1.3925317266403744e-01
1688 1.0105548199878900e+01 1.3981479202637512e-01
1689 9.9739052312806891e+00 1.3799345250948339e-01
1690 9.9003559529747740e+00 1.3697586525477565e-01
1691 9.9400285324102295e+00 1.3752475318576238e-01
1692 9.8823926159900068e+00 1.3672733443042562e-01
1693 9.7290184776860116e+00 1.3460533443348785e-01
1694 9.7998284507705993e+00 1.3558502217178722e-01
1695 9.7394007542813181e+00 1.3474897788698703e-01
1696 9.6283905548511814e+00 1.3321310198603226e-01
1697 9.5985485637921109e+00 1.3280022465458508e-01
1698 9.6467962560225899e+00 1.3346775311731982e-01
1699 9.4793852717379661e+00 1.3115154706023860e-01
1700 9.4623932824588977e+00 1.3091645526707932e-01
1701 9.4860598525153499e+00 1.3124389287906954e-01
1702 9.3864852043641420e+00 1.2986623295929126e-01
1703 9.2961959566807284e+00 1.2861704071980190e-01
1704 9.3460982355380953e+00 1.2930746113065786e-01
1705 9.2750466368551727e+00 1.2832443039382821e-01
1706 9.1495411304886236e+00 1.2658800541977147e-01
1707 9.2047746611877326e+00 1.2735218609110516e-01
1708 9.1448631126624260e+00 1.2652328294489640e-01
1709 9.0406918893665189e+00 1.2508202734627138e-01
1710 9.0254276693264135e+00 1.2487084001549623e-01
1711 9.0538176826917258e+00 1.2526362858428905e-01
1712 8.8894029775144148e+00 1.2298887739259030e-01
1713 8.9050928850986057e+00 1.2320595430147319e-01
1714 8.8973479379467921e+00 1.2309879948375642e-01
1715 8.8028611960560639e+00 1.2179153302919037e-01
1716 8.7328211421220026e+00 1.2082249746767336e-01
1717 8.7888978742744595e+00 1.2159834420931855e-01
1718 8.6718090856023693e+00 1.1997836829974794e-01
1719 8.6068508095705933e+00 1.1907964141485876e-01
1720 8.6450851871320804e+00 1.1960863117783681e-01
1721 8.5632285704847515e+00 1.1847610817105267e-01
1722 8.4766398306010000e+00 1.1727811411677487e-01
1723 8.4996289193998749e+00 1.1759617847169319e-01
1724 8.4635164294416505e+00 1.1709654597544483e-01
1725 8.3326176034067831e+00 1.1528550200469014e-01
1726 8.3832282023352054e+00 1.1598572234143470e-01
1727 8.3253306671385143e+00 1.1518468397298061e-01
1728 8.2366040127791269e+00 1.1395711091300526e-01
1729 8.2201282784663352e+00 1.1372916173886224e-01
1730 8.2358434692682323e+00 1.1394658845240248e-01
1731 8.0932725102012331e+00 1.1197405528580076e-01
1732 8.1098755776593023e+00 1.1220376617112192e-01
1733 8.0965264235618690e+00 1.1201907463663564e-01
1734 7.9959016610769007e+00 1.1062688591403791e-01
1735 7.9656133022591016e+00 1.1020783288443764e-01
1736 7.9858951209003886e+00 1.1048844094242327e-01
1737 7.8789765610703881e+00 1.0900917471057549e-01
1738 7.8367296007722658e+00 1.0842466906565666e-01
1739 7.8714034555712580e+00 1.0890439739920039e-01
1740 7.7572185014512964e+00 1.0732459734312674e-01
1741 7.7266749937347639e+00 1.0690201421406957e-01
1742 7.7327211362844812e+00 1.0698566530814486e-01
1743 7.6674840117999912e+00 1.0608308042983940e-01
1744 7.5817260763175938e+00 1.0489658092709829e-01
1745 7.6375921036751073e+00 1.0566951247339719e-01
1746 7.5319110569457521e+00 1.0420736779036342e-01
1747 7.4876776104290652e+00 1.0359537821760433e-01
1748 7.4945094925580085e+00 1.0368990037118907e-01
1749 7.4438386257938332e+00 1.0298884620190468e-01
1750 7.3521065894594049e+00 1.0171969233428890e-01
1751 7.3925181320500792e+00 1.0227880415197811e-01
1752 7.3217714570520966e+00 1.0129999217109824e-01
1753 7.2458377621689740e+00 1.0024941544355313e-01
1754 7.2722378270872667e+00 1.0061467218302207e-01
1755 7.2119783337647636e+00 9.9780955064479065e-02
1756 7.1381757313959602e+00 9.8759862957736838e-02
1757 7.1485013864346874e+00 9.8902723026604050e-02
1758 7.1153093305324475e+00 9.8443496045433940e-02
1759 7.0118668388682099e+00 9.7012322775793927e-02
1760 7.0537084827359813e+00 9.7591220686100683e-02
1761 6.9865706591969259e+00 9.6662338783847321e-02
1762 6.9238768064317622e+00 9.5794941210522344e-02
1763 6.9204137344535877e+00 9.5747028056399092e-02
1764 6.9001946300750427e+00 9.5467287678367971e-02
1765 6.7954180453828599e+00 9.4017656633300375e-02
1766 6.8298349503952522e+00 9.4493829951295807e-02
1767 6.7758984789834251e+00 9.3747594676976742e-02
1768 6.7026183488533295e+00 9.2733731208003559e-02
1769 6.7113949443627705e+00 9.2855159343477378e-02
1770 6.6763572968789973e+00 9.2370397774966334e-02
1771 6.5938548346499095e+00 9.1228939204874904e-02
1772 6.6048068401599229e+00 9.1380465113451798e-02
1773 6.5743712108039967e+00 9.0959374529900716e-02
1774 6.4819563032329830e+00 8.9680772832435862e-02
1775 6.5116134739854736e+00 9.0091093092043342e-02
1776 6.4550825961328604e+00 8.9308963040936745e-02
1777 6.3954126968434490e+00 8.8483403220294479e-02
1778 6.3904092396560133e+00 8.8414178145886077e-02
1779 6.3701151901289084e+00 8.8133400868109196e-02
1780 6.2735902161938482e+00 8.6797934558993622e-02
1781 6.3095236319840895e+00 8.7295089483807112e-02
1782 6.2464832597397653e+00 8.6422897658062214e-02
1783 6.1917143750663710e+00 8.5665145572903792e-02
1784 6.1929096174024556e+00 8.5681682286730246e-02
1785 6.1579633379539933e+00 8.5198184835969401e-02
1786 6.0810790651231867e+00 8.4134456436151653e-02
1787 6.1032117118206148e+00 8.4440671530453135e-02
1788 6.0498791772873757e+00 8.3702791993735509e-02
1789 5.9860118149034216e+00 8.2819158388475714e-02
1790 6.0069387544253825e+00 8.3108691983204058e-02
1791 5.9441913436244391e+00 8.2240553410431474e-02
1792 5.8975864919105465e+00 8.1595754383113381e-02
1793 5.9004470725882658e+00 8.1635331799857061e-02
1794 5.8560069569225375e+00 8.1020482866722851e-02
1795 5.7890027590004713e+00 8.0093449734816163e-02
1796 5.8211146987470936e+00 8.0537732824504590e-02
1797 5.7392995507638052e+00 7.9405783555287546e-02
1798 5.7140544259162915e+00 7.9056505929727627e-02
1799 5.7088565854463926e+00 7.8984591475418864e-02
1800 5.6574242001641100e+00 7.8273001355869593e-02
1801 5.6078687700353553e+00 7.7587379752747418e-02
1802 5.6286166027931595e+00 7.7874435325058194e-02
1803 5.5479981363301700e+00 7.6759042681426720e-02
1804 5.5285112246201740e+00 7.6489432517378220e-02
1805 5.5275156720033429e+00 7.6475658600385257e-02
1806 5.4563879691360757e+00 7.5491574928029909e-02
1807 5.4399375543712152e+00 7.5263976061189203e-02
1808 5.4321437211136354e+00 7.5156144882272083e-02
1809 5.3665093389244731e+00 7.4248063765438924e-02
1810 5.3469845692941398e+00 7.3977929820081986e-02
1811 5.3478319872307756e+00 7.3989654227331017e-02
1812 5.2628105624603023e+00 7.2813344680639408e-02
1813 5.2757375004279581e+00 7.2992194665591967e-02
1814 5.2394026881010936e+00 7.2489486239654330e-02
1815 5.1883928062235771e+00 7.1783741644217108e-02
1816 5.1758474930283782e+00 7.1610171609163151e-02
1817 5.1619419863270668e+00 7.1417782686859207e-02
1818 5.0853787761309892e+00 7.0358496332600412e-02
1819 5.1072145861217573e+00 7.0660604557923931e-02
1820 5.0553274719961854e+00 6.9942723060866449e-02
1821 5.0121212204711005e+00 6.9344945191547949e-02
1822 5.0141650609640687e+00 6.9373222641499935e-02
1823 4.9704989343574333e+00 6.8769082194158615e-02
1824 4.9247278086173969e+00 6.8135818139643201e-02
1825 4.9331169403845792e+00 6.8251885540452237e-02
1826 4.8790914215084671e+00 6.7504418254523996e-02
1827 4.8424964885064146e+00 6.6998110942372194e-02
1828 4.8534394467729296e+00 6.7149511678277291e-02
1829 4.7828288518286355e+00 6.6172582425976720e-02
1830 4.7736743996291917e+00 6.6045926473715169e-02
1831 4.7574920723407859e+00 6.5822036717357535e-02
1832 4.7076429732852700e+00 6.5132352072913152e-02
1833 4.6845762554648669e+00 6.4813213685662729e-02
1834 4.6847764885077163e+00 6.4815983999621865e-02
1835 4.6098349599963813e+00 6.3779134338850713e-02
1836 4.6227961824902106e+00 6.3958458665600654e-02
1837 4.5848177361334681e+00 6.3433009825634060e-02
1838 4.5410261915516941e+00 6.2827134164352483e-02
1839 4.5366362688007218e+00 6.2766397614063565e-02
1840 4.5072611038751402e+00 6.2359979031560549e-02
1841 4.4560734627934142e+00 6.1651775057802054e-02
1842 4.4661705702732997e+00 6.1791473068681373e-02
1843 4.4174837429636611e+00 6.1117868975159487e-02
1844 4.3832067611928114e+00 6.0643631557971110e-02
1845 4.3895034479030981e+00 6.0730749042885439e-02
1846 4.3302262101704665e+00 5.9910621871003246e-02
1847 4.3166088013552262e+00 5.9722218912174774e-02
1848 4.3035324129113715e+00 5.9541301212850395e-02
1849 4.2569060903077549e+00 5.8896205126142562e-02
1850 4.2369152008622661e+00 5.8619622204072408e-02
1851 4.2337155910128654e+00 5.8575354166672429e-02
1852 4.1670280528370949e+00 5.7652702164388378e-02
1853 4.1799527257886684e+00 5.7831520811827491e-02
1854 4.1394281787038230e+00 5.7270845526275087e-02
1855 4.1051109725447423e+00 5.6796051586633534e-02
1856 4.0981282684493783e+00 5.6699442743494602e-02
1857 4.0687852881982041e+00 5.6293469450397933e-02
1858 4.0248711752945052e+00 5.5685898001406477e-02
1859 4.0351937145432917e+00 5.5828714961922328e-02
1860 3.9812090424764790e+00 5.5081812809921915e-02
1861 3.9633526327336459e+00 5.4834761371924536e-02
1862 3.9574056403082141e+00 5.4752482064290918e-02
1863 3.9057185000945864e+00 5.4037367296000262e-02
1864 3.8982607177605209e+00 5.3934185532340188e-02
1865 3.8795841545106371e+00 5.3675786902706100e-02
1866 3.8356037886050096e+00 5.3067298813716246e-02
1867 3.8285122160010814e+00 5.2969183725930111e-02
1868 3.8087006097053848e+00 5.2695081266651907e-02
1869 3.7586835885181396e+00 5.2003073344196266e-02
1870 3.7716699630434807e+00 5.2182745660583708e-02
1871 3.7217848119573373e+00 5.1492562220125028e-02
1872 3.7039343556372466e+00 5.1245593150401600e-02
1873 3.6930053083609944e+00 5.1094384879286338e-02
1874 3.6569689000347494e+00 5.0595805006541594e-02
1875 3.6318663924488348e+00 5.0248500554764583e-02
1876 3.6317974573206029e+00 5.0247546806345751e-02
1877 3.5764503080370273e+00 4.9481794170934186e-02
1878 3.5790898253150933e+00 4.9518313076389237e-02
1879 3.5520008424440959e+00 4.9143524848041568e-02
1880 3.5147624554439485e+00 4.8628315061215198e-02
1881 3.5138527527070207e+00 4.8615728915817273e-02
1882 3.4807855948641966e+00 4.8158229955320188e-02
1883 3.4516023229218247e+00 4.7754466298310393e-02
1884 3.4493604928984589e+00 4.7723449574400341e-02
1885 3.4108919915882097e+00 4.7191220604345725e-02
1886 3.3890236774940243e+00 4.6888662670172235e-02
1887 3.3876595701946379e+00 4.6869789633836846e-02
1888 3.3360290378620121e+00 4.6155458060970406e-02
1889 3.3391569969335473e+00 4.6198734777720803e-02
1890 3.3101654249269479e+00 4.5797623375306344e-02
1891 3.2809771970754391e+00 4.5393791151070742e-02
1892 3.2719692464342547e+00 4.5269162113578634e-02
1893 3.2494321535373012e+00 4.4957351324698878e-02
1894 3.2127270009574698e+00 4.4449519075251291e-02
1895 3.2204843243433254e+00 4.4556845123717194e-02
1896 3.1723406851890514e+00 4.3890756281963088e-02
1897 3.1652318156299399e+00 4.3792401883043716e-02
1898 3.1494590349701341e+00 4.3574178387988313e-02
1899 3.1137709317799116e+00 4.3080417473027106e-02
1900 3.1061630543063909e+00 4.2975159075789922e-02
1901 3.0868079620877609e+00 4.2707372693529970e-02
1902 3.0518309780399360e+00 4.2223450430864888e-02
1903 3.0517294103905419e+00 4.2222045196878985e-02
1904 3.0203214144212347e+00 4.1787501485092374e-02
1905 2.9955237549087008e+00 4.1444414743145273e-02
1906 2.9958570908351434e+00 4.1449026595200077e-02
1907 2.9521766146349759e+00 4.0844687614795962e-02
1908 2.9486612157368444e+00 4.0796050494264699e-02
1909 2.9279615206863383e+00 4.0509660928725780e-02
1910 2.8990938077638373e+00 4.0110263172294817e-02
1911 2.8897312520002649e+00 3.9980728013882048e-02
1912 2.8717343672460185e+00 3.9731733041093953e-02
1913 2.8369238604748026e+00 3.9250114066221461e-02
1914 2.8434083570844413e+00 3.9339829985332433e-02
1915 2.8012529012610825e+00 3.8756590345864816e-02
1916 2.7938983178669305e+00 3.8654836385826674e-02
1917 2.7787571022319710e+00 3.8445350876168356e-02
1918 2.7483731185510076e+00 3.8024974833695213e-02
1919 2.7396030408674323e+00 3.7903636875265712e-02
1920 2.7227299013166681e+00 3.7670189421405625e-02
1921 2.6911244154719824e+00 3.7232913348612243e-02
1922 2.6914961109999997e+00 3.7238055922960416e-02
1923 2.6606578899243543e+00 3.6811395302390970e-02
1924 2.6423195426647648e+00 3.6557676042683944e-02
1925 2.6383114732980473e+00 3.6502222605240379e-02
1926 2.6010288274425943e+00 3.5986400477299257e-02
1927 2.5986062040623401e+00 3.5952882396204699e-02
1928 2.5771105810578288e+00 3.5655480810421442e-02
1929 2.5530733923848823e+00 3.5322915523636998e-02
1930 2.5455733328975234e+00 3.5219148836598380e-02
1931 2.5248244003553766e+00 3.4932078048277929e-02
1932 2.4990982767858494e+00 3.4576145589654717e-02
1933 2.5014022312224040e+00 3.4608021832686145e-02
1934 2.4620935351390214e+00 3.4064168391089375e-02
1935 2.4612654798927220e+00 3.4052711875345969e-02
1936 2.4402341174853142e+00 3.3761733543160262e-02
1937 2.4174547604436705e+00 3.3446570921175027e-02
1938 2.4101416205651578e+00 3.3345390350764580e-02
1939 2.3898550713530446e+00 3.3064716843209746e-02
1940 2.3669454718254745e+00 3.2747752258013553e-02
1941 2.3657671812979952e+00 3.2731450080062618e-02
1942 2.3329947070203780e+00 3.2278028198865744e-02
1943 2.3264654982060620e+00 3.2187693666348119e-02
1944 2.3124296109019626e+00 3.1993500869924488e-02
1945 2.2845119831539900e+00 3.1607247968028544e-02
1946 2.2838755686497847e+00 3.1598442887909382e-02
1947 2.2576917962064846e+00 3.1236178651846483e-02
1948 2.2430228267283239e+00 3.1033226879585887e-02
1949 2.2345639747335135e+00 3.0916194868155722e-02
1950 2.2101161638045990e+00 3.0577948438281953e-02
1951 2.1979574388435315e+00 3.0409727024845134e-02
1952 2.1895251122829231e+00 3.0293062004694709e-02
1953 2.1585071286070252e+00 2.9863914287921154e-02
1954 2.1621112591550506e+00 2.9913779050627854e-02
1955 2.1328488979297120e+00 2.9508921157913984e-02
1956 2.1227924581776452e+00 2.9369785803289895e-02
1957 2.1118376392260925e+00 2.9218220969487382e-02
1958 2.0896176447905597e+00 2.8910797380050791e-02
1959 2.0789700604541914e+00 2.8763483274954500e-02
1960 2.0684048445657099e+00 2.8617308774279763e-02
1961 2.0419482355694676e+00 2.8251269722130462e-02
1962 2.0425553234640179e+00 2.8259669055451072e-02
1963 2.0168483388849219e+00 2.7904001393344962e-02
1964 2.0052436839113139e+00 2.7743445786703822e-02
1965 1.9976791470121564e+00 2.7638787025752662e-02
1966 1.9718877639601191e+00 2.7281951672917831e-02
1967 1.9683737982022975e+00 2.7233334380525567e-02
1968 1.9504142439888403e+00 2.6984855892513308e-02
1969 1.9329978514025816e+00 2.6743892289239745e-02
1970 1.9272459663418016e+00 2.6664312379508354e-02
1971 1.9071159715384045e+00 2.6385804872418074e-02
1972 1.8932787313289341e+00 2.6194360447648588e-02
1973 1.8886188486198447e+00 2.6129888880252927e-02
1974 1.8605299748187878e+00 2.5741266712402899e-02
1975 1.8623253349659408e+00 2.5766106325318668e-02
1976 1.8391234409195949e+00 2.5445097714351207e-02
1977 1.8281879240174788e+00 2.5293799933060274e-02
1978 1.8192234675593415e+00 2.5169772657099233e-02
1979 1.8006366523638955e+00 2.4912615732053337e-02
1980 1.7896038918334793e+00 2.4759972541547808e-02
1981 1.7818543997109006e+00 2.4652754842121927e-02
1982 1.7579729912884030e+00 2.4322344844975165e-02
1983 1.7585547851322485e+00 2.4330394223759037e-02
1984 1.7361020935846232e+00 2.4019751165404103e-02
1985 1.7264417489164019e+00 2.3886095963927090e-02
1986 1.7187311741349400e+00 2.3779416703371307e-02
1987 1.6975476314586426e+00 2.3486332888907502e-02
1988 1.6935315900108359e+00 2.3430769154146318e-02
1989 1.6781412026809046e+00 2.3217836242326109e-02
1990 1.6631641062659546e+00 2.3010621395689653e-02
1991 1.6581961954633415e+00 2.2941888121459045e-02
1992 1.6397602599339107e+00 2.2686818684267116e-02
1993 1.6297040572065216e+00 2.2547686608985752e-02
1994 1.6232084233156290e+00 2.2457816600593185e-02
1995 1.6007055132467234e+00 2.2146478746471628e-02
1996 1.6018815521168221e+00 2.2162749771732757e-02
1997 1.5804857827421999e+00 2.1866729705706755e-02
1998 1.5732465077370512e+00 2.1766571088950196e-02
1999 1.5636474121107313e+00 2.1633763295440166e-02
2000 1.5478208531547113e+00 2.1414795753535252e-02
