# step time_phys step_time_s gmres_time_s cfl umax
0 0.000000000 0.007131385 0.002454934 0.002417 1.350222e-05
1 0.000010000 0.002507058 0.002438064 0.002417 2.697324e-05
2 0.000020000 0.002525068 0.002439098 0.002417 4.041314e-05
3 0.000030000 0.002461665 0.002423929 0.002417 5.382203e-05
4 0.000040000 0.002518653 0.002426314 0.002417 6.719999e-05
5 0.000050000 0.002478704 0.002421389 0.002417 8.054712e-05
6 0.000060000 0.002491289 0.002419751 0.002417 9.386351e-05
7 0.000070000 0.002455019 0.002413910 0.002417 1.071493e-04
8 0.000080000 0.002508018 0.002415205 0.002417 1.204044e-04
9 0.000090000 0.002455839 0.002411077 0.002417 1.336292e-04
10 0.000100000 0.002467709 0.002408697 0.002417 1.468235e-04
11 0.000110000 0.002459467 0.002405781 0.002417 1.599876e-04
12 0.000120000 0.002557738 0.002410695 0.002417 1.731215e-04
13 0.000130000 0.002454294 0.002407802 0.002417 1.862253e-04
14 0.000140000 0.002497597 0.002408297 0.002417 1.992990e-04
15 0.000150000 0.002451830 0.002405939 0.002417 2.123429e-04
16 0.000160000 0.002370969 0.002399090 0.002417 2.253569e-04
17 0.000170000 0.002379131 0.002393431 0.002417 2.383412e-04
18 0.000180000 0.002373608 0.002388043 0.002417 2.512958e-04
19 0.000190000 0.002436448 0.002386264 0.002417 2.642209e-04
20 0.000200000 0.002370413 0.002381609 0.002417 2.771165e-04
21 0.000210000 0.002369773 0.002377374 0.002417 2.899827e-04
22 0.000220000 0.002365700 0.002373332 0.002417 3.028196e-04
23 0.000230000 0.002375133 0.002370023 0.002417 3.156273e-04
24 0.000240000 0.002370161 0.002366777 0.002417 3.284058e-04
25 0.000250000 0.006261540 0.002363826 0.002417 3.411554e-04
26 0.000260000 0.002369595 0.002360988 0.002417 3.538759e-04
27 0.000270000 0.002369220 0.002358376 0.002417 3.665677e-04
28 0.000280000 0.002365660 0.002355826 0.002417 3.792306e-04
29 0.000290000 0.002369536 0.002353563 0.002417 3.918648e-04
30 0.000300000 0.002370817 0.002351375 0.002417 4.044705e-04
31 0.000310000 0.002379782 0.002349686 0.002417 4.170476e-04
32 0.000320000 0.002451180 0.002350251 0.002417 4.295962e-04
33 0.000330000 0.002416627 0.002349631 0.002417 4.421166e-04
34 0.000340000 0.002380912 0.002348110 0.002417 4.546086e-04
35 0.000350000 0.002368896 0.002346415 0.002417 4.670725e-04
36 0.000360000 0.002368684 0.002344815 0.002417 4.795082e-04
37 0.000370000 0.002373233 0.002343423 0.002417 4.919160e-04
38 0.000380000 0.002404219 0.002342851 0.002417 5.042958e-04
39 0.000390000 0.002478250 0.002344048 0.002417 5.166477e-04
40 0.000400000 0.002377890 0.002342879 0.002417 5.289719e-04
41 0.000410000 0.002367092 0.002341520 0.002417 5.412684e-04
42 0.000420000 0.002370947 0.002340313 0.002417 5.535373e-04
43 0.000430000 0.002366609 0.002339062 0.002417 5.657787e-04
44 0.000440000 0.002370520 0.002337947 0.002417 5.779926e-04
45 0.000450000 0.002408341 0.002337660 0.002417 5.901791e-04
46 0.000460000 0.002383889 0.002336890 0.002417 6.023384e-04
47 0.000470000 0.002369707 0.002335873 0.002417 6.144705e-04
48 0.000480000 0.002375029 0.002334982 0.002417 6.265755e-04
49 0.000490000 0.002428728 0.002334608 0.002417 6.386534e-04
50 0.000500000 0.009203777 0.002333781 0.002417 6.507044e-04
51 0.000510000 0.002507129 0.002334735 0.002417 6.627284e-04
52 0.000520000 0.002495141 0.002335833 0.002417 6.747257e-04
53 0.000530000 0.002391747 0.002334959 0.002417 6.866963e-04
54 0.000540000 0.002383435 0.002334084 0.002417 6.986402e-04
55 0.000550000 0.002386252 0.002333292 0.002417 7.105576e-04
56 0.000560000 0.002390315 0.002332587 0.002417 7.224484e-04
57 0.000570000 0.002387248 0.002331846 0.002417 7.343129e-04
58 0.000580000 0.002395170 0.002331276 0.002417 7.461510e-04
59 0.000590000 0.002386788 0.002330590 0.002417 7.579629e-04
60 0.000600000 0.002389100 0.002329963 0.002417 7.697486e-04
61 0.000610000 0.002383331 0.002329265 0.002417 7.815082e-04
62 0.000620000 0.002388197 0.002328659 0.002417 7.932418e-04
63 0.000630000 0.002402766 0.002328283 0.002417 8.049494e-04
64 0.000640000 0.002394225 0.002327662 0.002417 8.166312e-04
65 0.000650000 0.002392783 0.002327168 0.002417 8.282872e-04
66 0.000660000 0.002387014 0.002326614 0.002417 8.399174e-04
67 0.000670000 0.002387230 0.002326080 0.002417 8.515221e-04
68 0.000680000 0.002384338 0.002325519 0.002417 8.631011e-04
69 0.000690000 0.002389459 0.002325052 0.002417 8.746547e-04
70 0.000700000 0.002387407 0.002324562 0.002417 8.861828e-04
71 0.000710000 0.002385994 0.002324070 0.002417 8.976856e-04
72 0.000720000 0.002386907 0.002323597 0.002417 9.091631e-04
73 0.000730000 0.002385951 0.002323138 0.002417 9.206154e-04
74 0.000740000 0.002383255 0.002322654 0.002417 9.320426e-04
75 0.000750000 0.009439587 0.002322348 0.002417 9.434448e-04
76 0.000760000 0.002391611 0.002321941 0.002417 9.548220e-04
77 0.000770000 0.002386465 0.002321524 0.002417 9.661743e-04
78 0.000780000 0.002384015 0.002321092 0.002417 9.775017e-04
79 0.000790000 0.002411460 0.002321015 0.002417 9.888044e-04
80 0.000800000 0.002372102 0.002320639 0.002417 1.000082e-03
81 0.000810000 0.002384607 0.002320416 0.002417 1.011336e-03
82 0.000820000 0.002373412 0.002320038 0.002417 1.022565e-03
83 0.000830000 0.002371746 0.002319681 0.002417 1.033769e-03
84 0.000840000 0.002367609 0.002319289 0.002417 1.044949e-03
85 0.000850000 0.002370335 0.002318936 0.002417 1.056105e-03
86 0.000860000 0.002368305 0.002318568 0.002417 1.067236e-03
87 0.000870000 0.002375202 0.002318289 0.002417 1.078343e-03
88 0.000880000 0.002370935 0.002317966 0.002417 1.089426e-03
89 0.000890000 0.002366846 0.002317606 0.002417 1.100486e-03
90 0.000900000 0.002367916 0.002317261 0.002417 1.111521e-03
91 0.000910000 0.002371213 0.002316963 0.002417 1.122532e-03
92 0.000920000 0.002377162 0.002316735 0.002417 1.133519e-03
93 0.000930000 0.002344451 0.002316169 0.002417 1.144483e-03
94 0.000940000 0.002310704 0.002315277 0.002417 1.155423e-03
95 0.000950000 0.002351177 0.002314381 0.002417 1.166339e-03
96 0.000960000 0.002310147 0.002313521 0.002417 1.177232e-03
97 0.000970000 0.002307980 0.002312657 0.002417 1.188101e-03
98 0.000980000 0.002313270 0.002311865 0.002417 1.198947e-03
99 0.000990000 0.002315951 0.002311114 0.002417 1.209769e-03
100 0.001000000 0.006508667 0.002310757 0.002417 1.220568e-03
101 0.001010000 0.002374769 0.002310573 0.002417 1.231344e-03
102 0.001020000 0.002363166 0.002309955 0.002417 1.242097e-03
103 0.001030000 0.002310728 0.002309199 0.002417 1.252826e-03
104 0.001040000 0.002322381 0.002308564 0.002417 1.263533e-03
105 0.001050000 0.002407314 0.002308629 0.002417 1.274217e-03
106 0.001060000 0.002311692 0.002307914 0.002417 1.284877e-03
107 0.001070000 0.002483223 0.002308798 0.002417 1.295515e-03
108 0.001080000 0.002312833 0.002308107 0.002417 1.306131e-03
109 0.001090000 0.002310072 0.002307404 0.002417 1.316723e-03
110 0.001100000 0.002319500 0.002306798 0.002417 1.327293e-03
111 0.001110000 0.002310381 0.002306121 0.002417 1.337840e-03
112 0.001120000 0.002311870 0.002305467 0.002417 1.348365e-03
113 0.001130000 0.002313878 0.002304845 0.002417 1.358868e-03
114 0.001140000 0.002314406 0.002304239 0.002417 1.369348e-03
115 0.001150000 0.002313107 0.002303631 0.002417 1.379805e-03
116 0.001160000 0.002321964 0.002303108 0.002417 1.390241e-03
117 0.001170000 0.002355129 0.002302514 0.002417 1.400654e-03
118 0.001180000 0.002309892 0.002301909 0.002417 1.411045e-03
119 0.001190000 0.002314275 0.002301311 0.002417 1.421415e-03
120 0.001200000 0.002310445 0.002300731 0.002417 1.431762e-03
121 0.001210000 0.002322235 0.002300200 0.002417 1.442087e-03
122 0.001220000 0.002528931 0.002301249 0.002417 1.452391e-03
123 0.001230000 0.002394822 0.002301362 0.002417 1.462672e-03
124 0.001240000 0.002400270 0.002301519 0.002417 1.472932e-03
125 0.001250000 0.006488074 0.002301487 0.002417 1.483170e-03
126 0.001260000 0.002455026 0.002302066 0.002417 1.493387e-03
127 0.001270000 0.002357007 0.002301688 0.002417 1.503582e-03
128 0.001280000 0.002397151 0.002301812 0.002417 1.513755e-03
129 0.001290000 0.002454418 0.002302363 0.002417 1.523908e-03
130 0.001300000 0.002433846 0.002302760 0.002417 1.534038e-03
131 0.001310000 0.002387939 0.002302804 0.002417 1.544148e-03
132 0.001320000 0.002354801 0.002302250 0.002417 1.554236e-03
133 0.001330000 0.002315556 0.002301758 0.002417 1.564303e-03
134 0.001340000 0.002349524 0.002301521 0.002417 1.574349e-03
135 0.001350000 0.002310778 0.002301006 0.002417 1.584374e-03
136 0.001360000 0.002310356 0.002300495 0.002417 1.594378e-03
137 0.001370000 0.002310650 0.002299993 0.002417 1.604361e-03
138 0.001380000 0.002312477 0.002299494 0.002417 1.614323e-03
139 0.001390000 0.002318230 0.002299060 0.002417 1.624264e-03
140 0.001400000 0.002394926 0.002299156 0.002417 1.634185e-03
141 0.001410000 0.002544329 0.002299863 0.002417 1.644084e-03
142 0.001420000 0.002387111 0.002299906 0.002417 1.653963e-03
143 0.001430000 0.002402132 0.002300041 0.002417 1.663822e-03
144 0.001440000 0.002790323 0.002302848 0.002417 1.673660e-03
145 0.001450000 0.003133012 0.002307528 0.002417 1.683478e-03
146 0.001460000 0.003603589 0.002314924 0.002417 1.693275e-03
147 0.001470000 0.002483924 0.002315357 0.002417 1.703052e-03
148 0.001480000 0.002436112 0.002315490 0.002417 1.712808e-03
149 0.001490000 0.002675323 0.002317157 0.002417 1.722544e-03
150 0.001500000 0.006537198 0.002317922 0.002417 1.732260e-03
151 0.001510000 0.002389903 0.002317872 0.002417 1.741956e-03
152 0.001520000 0.002399611 0.002317883 0.002417 1.751632e-03
153 0.001530000 0.002315791 0.002317354 0.002417 1.761288e-03
154 0.001540000 0.002309424 0.002316790 0.002417 1.770924e-03
155 0.001550000 0.002350741 0.002316498 0.002417 1.780540e-03
156 0.001560000 0.002362532 0.002316283 0.002417 1.790136e-03
157 0.001570000 0.002563066 0.002317336 0.002417 1.799713e-03
158 0.001580000 0.002668286 0.002319035 0.002417 1.809269e-03
159 0.001590000 0.003163800 0.002323664 0.002417 1.818806e-03
160 0.001600000 0.002474774 0.002324081 0.002417 1.828324e-03
161 0.001610000 0.002467899 0.002324350 0.002417 1.837822e-03
162 0.001620000 0.002495393 0.002324430 0.002417 1.847300e-03
163 0.001630000 0.002587661 0.002325319 0.002417 1.856759e-03
164 0.001640000 0.002506773 0.002325935 0.002417 1.866198e-03
165 0.001650000 0.002543507 0.002326759 0.002417 1.875618e-03
166 0.001660000 0.002702757 0.002328526 0.002417 1.885019e-03
167 0.001670000 0.002474590 0.002328911 0.002417 1.894401e-03
168 0.001680000 0.002470773 0.002329111 0.002417 1.903763e-03
169 0.001690000 0.002440135 0.002329293 0.002417 1.913107e-03
170 0.001700000 0.002518651 0.002329929 0.002417 1.922431e-03
171 0.001710000 0.002459905 0.002330210 0.002417 1.931736e-03
172 0.001720000 0.002504595 0.002330747 0.002417 1.941022e-03
173 0.001730000 0.002412756 0.002330751 0.002417 1.950290e-03
174 0.001740000 0.002423206 0.002330815 0.002417 1.959538e-03
175 0.001750000 0.006342101 0.002330818 0.002417 1.968768e-03
176 0.001760000 0.002493135 0.002331242 0.002417 1.977979e-03
177 0.001770000 0.002632496 0.002332176 0.002417 1.987171e-03
178 0.001780000 0.002732154 0.002333718 0.002417 1.996345e-03
179 0.001790000 0.002420316 0.002333689 0.002417 2.005500e-03
180 0.001800000 0.002469718 0.002333982 0.002417 2.014636e-03
181 0.001810000 0.002376712 0.002333760 0.002417 2.023754e-03
182 0.001820000 0.002419297 0.002333782 0.002417 2.032854e-03
183 0.001830000 0.002376071 0.002333568 0.002417 2.041935e-03
184 0.001840000 0.002381835 0.002333383 0.002417 2.050998e-03
185 0.001850000 0.002413656 0.002333369 0.002417 2.060042e-03
186 0.001860000 0.002372626 0.002333139 0.002417 2.069068e-03
187 0.001870000 0.002396396 0.002333031 0.002417 2.078076e-03
188 0.001880000 0.002381846 0.002332848 0.002417 2.087066e-03
189 0.001890000 0.002379673 0.002332659 0.002417 2.096038e-03
190 0.001900000 0.002429593 0.002332730 0.002417 2.104992e-03
191 0.001910000 0.002445893 0.002332887 0.002417 2.113928e-03
192 0.001920000 0.002370901 0.002332661 0.002417 2.122846e-03
193 0.001930000 0.002366631 0.002332417 0.002417 2.131746e-03
194 0.001940000 0.002366965 0.002332177 0.002417 2.140628e-03
195 0.001950000 0.002370650 0.002331959 0.002417 2.149492e-03
196 0.001960000 0.002380913 0.002331778 0.002417 2.158339e-03
197 0.001970000 0.002397556 0.002331694 0.002417 2.167168e-03
198 0.001980000 0.002411387 0.002331681 0.002417 2.175980e-03
199 0.001990000 0.002366475 0.002331448 0.002417 2.184773e-03
200 0.002000000 0.007464411 0.002331374 0.002417 2.193550e-03
201 0.002010000 0.002482413 0.002331714 0.002417 2.202308e-03
202 0.002020000 0.002405438 0.002331558 0.002417 2.211050e-03
203 0.002030000 0.002388170 0.002331433 0.002417 2.219774e-03
204 0.002040000 0.002523608 0.002331965 0.002417 2.228480e-03
205 0.002050000 0.002468899 0.002332227 0.002417 2.237169e-03
206 0.002060000 0.002371973 0.002332025 0.002417 2.245841e-03
207 0.002070000 0.002373189 0.002331816 0.002417 2.254496e-03
208 0.002080000 0.002380945 0.002331612 0.002417 2.263134e-03
209 0.002090000 0.002414742 0.002331610 0.002417 2.271754e-03
210 0.002100000 0.002371733 0.002331408 0.002417 2.280358e-03
211 0.002110000 0.002366238 0.002331188 0.002417 2.288944e-03
212 0.002120000 0.002372467 0.002331000 0.002417 2.297514e-03
213 0.002130000 0.002371904 0.002330811 0.002417 2.306067e-03
214 0.002140000 0.002383372 0.002330675 0.002417 2.314602e-03
215 0.002150000 0.002369775 0.002330478 0.002417 2.323121e-03
216 0.002160000 0.002383926 0.002330345 0.002417 2.331623e-03
217 0.002170000 0.002370184 0.002330154 0.002417 2.340109e-03
218 0.002180000 0.002368520 0.002329959 0.002417 2.348578e-03
219 0.002190000 0.002366385 0.002329756 0.002417 2.357030e-03
220 0.002200000 0.002376106 0.002329585 0.002417 2.365465e-03
221 0.002210000 0.002368183 0.002329391 0.002417 2.373884e-03
222 0.002220000 0.002370003 0.002329208 0.002417 2.382286e-03
223 0.002230000 0.002442858 0.002329346 0.002417 2.390672e-03
224 0.002240000 0.002369710 0.002329161 0.002417 2.399042e-03
225 0.002250000 0.006231607 0.002328982 0.002417 2.407395e-03
226 0.002260000 0.002374700 0.002328825 0.002417 2.415732e-03
227 0.002270000 0.002370682 0.002328651 0.002417 2.424053e-03
228 0.002280000 0.002376446 0.002328499 0.002417 2.432357e-03
229 0.002290000 0.002392775 0.002328418 0.002417 2.440645e-03
230 0.002300000 0.002371239 0.002328248 0.002417 2.448917e-03
231 0.002310000 0.002366833 0.002328064 0.002417 2.457173e-03
232 0.002320000 0.002375278 0.002327918 0.002417 2.465413e-03
233 0.002330000 0.002371387 0.002327756 0.002417 2.473637e-03
234 0.002340000 0.002374910 0.002327609 0.002417 2.481845e-03
235 0.002350000 0.002383092 0.002327492 0.002417 2.490036e-03
236 0.002360000 0.002411926 0.002327503 0.002417 2.498213e-03
237 0.002370000 0.002367787 0.002327331 0.002417 2.506373e-03
238 0.002380000 0.002369942 0.002327169 0.002417 2.514517e-03
239 0.002390000 0.002492085 0.002327508 0.002417 2.522646e-03
240 0.002400000 0.002464629 0.002327734 0.002417 2.530759e-03
241 0.002410000 0.002425646 0.002327796 0.002417 2.538856e-03
242 0.002420000 0.002426406 0.002327854 0.002417 2.546938e-03
243 0.002430000 0.002483084 0.002328124 0.002417 2.555004e-03
244 0.002440000 0.002458398 0.002328324 0.002417 2.563054e-03
245 0.002450000 0.002418987 0.002328361 0.002417 2.571089e-03
246 0.002460000 0.002375192 0.002328195 0.002417 2.579109e-03
247 0.002470000 0.002377185 0.002328065 0.002417 2.587113e-03
248 0.002480000 0.002368239 0.002327897 0.002417 2.595102e-03
249 0.002490000 0.002401042 0.002327858 0.002417 2.603075e-03
250 0.002500000 0.006222078 0.002327714 0.002417 2.611034e-03
251 0.002510000 0.002367807 0.002327550 0.002417 2.618976e-03
252 0.002520000 0.002368810 0.002327390 0.002417 2.626904e-03
253 0.002530000 0.002373056 0.002327247 0.002417 2.634817e-03
254 0.002540000 0.002392156 0.002327106 0.002417 2.642714e-03
255 0.002550000 0.002384103 0.002327007 0.002417 2.650597e-03
256 0.002560000 0.002369489 0.002326843 0.002417 2.658464e-03
257 0.002570000 0.002368734 0.002326690 0.002417 2.666316e-03
258 0.002580000 0.002372162 0.002326552 0.002417 2.674153e-03
259 0.002590000 0.002369369 0.002326404 0.002417 2.681976e-03
260 0.002600000 0.002371479 0.002326263 0.002417 2.689783e-03
261 0.002610000 0.002388889 0.002326144 0.002417 2.697576e-03
262 0.002620000 0.002384343 0.002326052 0.002417 2.705354e-03
263 0.002630000 0.002370197 0.002325898 0.002417 2.713117e-03
264 0.002640000 0.002369582 0.002325755 0.002417 2.720866e-03
265 0.002650000 0.002367262 0.002325606 0.002417 2.728599e-03
266 0.002660000 0.002371767 0.002325474 0.002417 2.736318e-03
267 0.002670000 0.002371304 0.002325340 0.002417 2.744023e-03
268 0.002680000 0.002380763 0.002325238 0.002417 2.751713e-03
269 0.002690000 0.002374876 0.002325105 0.002417 2.759388e-03
270 0.002700000 0.002366788 0.002324958 0.002417 2.767049e-03
271 0.002710000 0.002368663 0.002324820 0.002417 2.774696e-03
272 0.002720000 0.002374355 0.002324704 0.002417 2.782328e-03
273 0.002730000 0.002369613 0.002324571 0.002417 2.789945e-03
274 0.002740000 0.002376170 0.002324458 0.002417 2.797549e-03
275 0.002750000 0.006237198 0.002324388 0.002417 2.805138e-03
276 0.002760000 0.002369407 0.002324254 0.002417 2.812713e-03
277 0.002770000 0.002370205 0.002324127 0.002417 2.820273e-03
278 0.002780000 0.002417076 0.002324130 0.002417 2.827820e-03
279 0.002790000 0.002475602 0.002324194 0.002417 2.835352e-03
280 0.002800000 0.002373716 0.002324078 0.002417 2.842870e-03
281 0.002810000 0.002391528 0.002324025 0.002417 2.850374e-03
282 0.002820000 0.002380381 0.002323936 0.002417 2.857864e-03
283 0.002830000 0.002372099 0.002323819 0.002417 2.865340e-03
284 0.002840000 0.002393854 0.002323778 0.002417 2.872802e-03
285 0.002850000 0.002367939 0.002323648 0.002417 2.880251e-03
286 0.002860000 0.002370668 0.002323525 0.002417 2.887685e-03
287 0.002870000 0.002373525 0.002323414 0.002417 2.895106e-03
288 0.002880000 0.002379586 0.002323322 0.002417 2.902512e-03
289 0.002890000 0.002368036 0.002323196 0.002417 2.909905e-03
290 0.002900000 0.002379557 0.002323110 0.002417 2.917284e-03
291 0.002910000 0.002367884 0.002322984 0.002417 2.924650e-03
292 0.002920000 0.002371613 0.002322873 0.002417 2.932002e-03
293 0.002930000 0.002373416 0.002322766 0.002417 2.939340e-03
294 0.002940000 0.002371007 0.002322653 0.002417 2.946665e-03
295 0.002950000 0.002382632 0.002322577 0.002417 2.953976e-03
296 0.002960000 0.002385408 0.002322514 0.002417 2.961273e-03
297 0.002970000 0.002366175 0.002322387 0.002417 2.968558e-03
298 0.002980000 0.002370622 0.002322267 0.002417 2.975828e-03
299 0.002990000 0.002370249 0.002322156 0.002417 2.983086e-03
300 0.003000000 0.006212646 0.002322076 0.002417 2.990329e-03
301 0.003010000 0.002384416 0.002322007 0.002417 2.997560e-03
302 0.003020000 0.002528664 0.002322420 0.002417 3.004777e-03
303 0.003030000 0.002371192 0.002322312 0.002417 3.011981e-03
304 0.003040000 0.002366843 0.002322192 0.002417 3.019172e-03
305 0.003050000 0.002368631 0.002322077 0.002417 3.026350e-03
306 0.003060000 0.002373291 0.002321968 0.002417 3.033514e-03
307 0.003070000 0.002416227 0.002321982 0.002417 3.040665e-03
308 0.003080000 0.002378614 0.002321897 0.002417 3.047804e-03
309 0.003090000 0.002367434 0.002321781 0.002417 3.054929e-03
310 0.003100000 0.002367165 0.002321666 0.002417 3.062041e-03
311 0.003110000 0.002374144 0.002321573 0.002417 3.069140e-03
312 0.003120000 0.002372305 0.002321474 0.002417 3.076226e-03
313 0.003130000 0.002384809 0.002321407 0.002417 3.083299e-03
314 0.003140000 0.002388225 0.002321355 0.002417 3.090360e-03
315 0.003150000 0.002371540 0.002321253 0.002417 3.097407e-03
316 0.003160000 0.002372335 0.002321158 0.002417 3.104442e-03
317 0.003170000 0.002390695 0.002321121 0.002417 3.111464e-03
318 0.003180000 0.002425480 0.002321192 0.002417 3.118473e-03
319 0.003190000 0.002382813 0.002321118 0.002417 3.125470e-03
320 0.003200000 0.002371320 0.002321017 0.002417 3.132453e-03
321 0.003210000 0.002397769 0.002320995 0.002417 3.139425e-03
322 0.003220000 0.002370449 0.002320894 0.002417 3.146383e-03
323 0.003230000 0.002367060 0.002320786 0.002417 3.153329e-03
324 0.003240000 0.002373931 0.002320699 0.002417 3.160262e-03
325 0.003250000 0.006354003 0.002320635 0.002417 3.167183e-03
326 0.003260000 0.002479122 0.002320810 0.002417 3.174092e-03
327 0.003270000 0.002381390 0.002320744 0.002417 3.180988e-03
328 0.003280000 0.002453897 0.002320901 0.002417 3.187871e-03
329 0.003290000 0.002370933 0.002320794 0.002417 3.194742e-03
330 0.003300000 0.002379492 0.002320725 0.002417 3.201601e-03
331 0.003310000 0.002398268 0.002320700 0.002417 3.208447e-03
332 0.003320000 0.002400143 0.002320630 0.002417 3.215282e-03
333 0.003330000 0.002370983 0.002320534 0.002417 3.222103e-03
334 0.003340000 0.002423238 0.002320596 0.002417 3.228913e-03
335 0.003350000 0.002364981 0.002320486 0.002417 3.235711e-03
336 0.003360000 0.002436427 0.002320587 0.002417 3.242496e-03
337 0.003370000 0.003163818 0.002322798 0.002417 3.249269e-03
338 0.003380000 0.002830416 0.002323936 0.002417 3.256030e-03
339 0.003390000 0.002513214 0.002324245 0.002417 3.262779e-03
340 0.003400000 0.002433839 0.002324320 0.002417 3.269516e-03
341 0.003410000 0.002468301 0.002324497 0.002417 3.276241e-03
342 0.003420000 0.002414882 0.002324508 0.002417 3.282954e-03
343 0.003430000 0.002391505 0.002324458 0.002417 3.289655e-03
344 0.003440000 0.002413826 0.002324435 0.002417 3.296344e-03
345 0.003450000 0.002483103 0.002324552 0.002417 3.303022e-03
346 0.003460000 0.002454092 0.002324612 0.002417 3.309687e-03
347 0.003470000 0.002513898 0.002324913 0.002417 3.316341e-03
348 0.003480000 0.002526079 0.002325245 0.002417 3.322982e-03
349 0.003490000 0.002950107 0.002326785 0.002417 3.329612e-03
350 0.003500000 0.008384116 0.002328823 0.002417 3.336231e-03
351 0.003510000 0.002427444 0.002328863 0.002417 3.342837e-03
352 0.003520000 0.002416004 0.002328875 0.002417 3.349432e-03
353 0.003530000 0.002493001 0.002329099 0.002417 3.356016e-03
354 0.003540000 0.002552097 0.002329492 0.002417 3.362587e-03
355 0.003550000 0.002515833 0.002329781 0.002417 3.369147e-03
356 0.003560000 0.002499018 0.002329997 0.002417 3.375696e-03
357 0.003570000 0.002682231 0.002330730 0.002417 3.382233e-03
358 0.003580000 0.002539956 0.002330982 0.002417 3.388759e-03
359 0.003590000 0.002386893 0.002330910 0.002417 3.395273e-03
360 0.003600000 0.002377570 0.002330813 0.002417 3.401775e-03
361 0.003610000 0.002376913 0.002330716 0.002417 3.408267e-03
362 0.003620000 0.002377636 0.002330606 0.002417 3.414747e-03
363 0.003630000 0.002510194 0.002330750 0.002417 3.421215e-03
364 0.003640000 0.002447716 0.002330838 0.002417 3.427672e-03
365 0.003650000 0.002475716 0.002330995 0.002417 3.434118e-03
366 0.003660000 0.002368473 0.002330875 0.002417 3.440553e-03
367 0.003670000 0.002432343 0.002330923 0.002417 3.446977e-03
368 0.003680000 0.002466331 0.002331066 0.002417 3.453389e-03
369 0.003690000 0.002458777 0.002331191 0.002417 3.459790e-03
370 0.003700000 0.002367398 0.002331070 0.002417 3.466180e-03
371 0.003710000 0.002441216 0.002331141 0.002417 3.472559e-03
372 0.003720000 0.002372426 0.002331031 0.002417 3.478927e-03
373 0.003730000 0.002721401 0.002331852 0.002417 3.485283e-03
374 0.003740000 0.002400558 0.002331815 0.002417 3.491629e-03
375 0.003750000 0.006199877 0.002331700 0.002417 3.497964e-03
376 0.003760000 0.002536725 0.002332019 0.002417 3.504288e-03
377 0.003770000 0.002440221 0.002332085 0.002417 3.510600e-03
378 0.003780000 0.002374455 0.002331981 0.002417 3.516902e-03
379 0.003790000 0.002373114 0.002331875 0.002417 3.523193e-03
380 0.003800000 0.002367758 0.002331756 0.002417 3.529473e-03
381 0.003810000 0.002371881 0.002331647 0.002417 3.535743e-03
382 0.003820000 0.002369280 0.002331533 0.002417 3.542001e-03
383 0.003830000 0.002528641 0.002331827 0.002417 3.548249e-03
384 0.003840000 0.002410927 0.002331818 0.002417 3.554486e-03
385 0.003850000 0.002419239 0.002331813 0.002417 3.560712e-03
386 0.003860000 0.002577144 0.002332224 0.002417 3.566928e-03
387 0.003870000 0.002389982 0.002332158 0.002417 3.573133e-03
388 0.003880000 0.002513760 0.002332303 0.002417 3.579327e-03
389 0.003890000 0.002465287 0.002332435 0.002417 3.585511e-03
390 0.003900000 0.002574135 0.002332726 0.002417 3.591684e-03
391 0.003910000 0.002480692 0.002332892 0.002417 3.597846e-03
392 0.003920000 0.002447562 0.002332967 0.002417 3.603998e-03
393 0.003930000 0.002468763 0.002333082 0.002417 3.610140e-03
394 0.003940000 0.002503143 0.002333305 0.002417 3.616271e-03
395 0.003950000 0.002449989 0.002333394 0.002417 3.622391e-03
396 0.003960000 0.002403457 0.002333353 0.002417 3.628501e-03
397 0.003970000 0.002452949 0.002333443 0.002417 3.634601e-03
398 0.003980000 0.002371237 0.002333333 0.002417 3.640690e-03
399 0.003990000 0.002372410 0.002333222 0.002417 3.646769e-03
400 0.004000000 0.006293864 0.002333171 0.002417 3.652838e-03
401 0.004010000 0.002388143 0.002333103 0.002417 3.658897e-03
402 0.004020000 0.002367989 0.002332987 0.002417 3.664945e-03
403 0.004030000 0.002369799 0.002332877 0.002417 3.670983e-03
404 0.004040000 0.002367168 0.002332761 0.002417 3.677010e-03
405 0.004050000 0.002368494 0.002332649 0.002417 3.683028e-03
406 0.004060000 0.002380950 0.002332568 0.002417 3.689035e-03
407 0.004070000 0.002422078 0.002332587 0.002417 3.695032e-03
408 0.004080000 0.002376048 0.002332494 0.002417 3.701019e-03
409 0.004090000 0.002396413 0.002332438 0.002417 3.706996e-03
410 0.004100000 0.002377781 0.002332333 0.002417 3.712963e-03
411 0.004110000 0.002370872 0.002332229 0.002417 3.718920e-03
412 0.004120000 0.002377815 0.002332142 0.002417 3.724867e-03
413 0.004130000 0.002367340 0.002332031 0.002417 3.730804e-03
414 0.004140000 0.002371560 0.002331930 0.002417 3.736730e-03
415 0.004150000 0.002369929 0.002331825 0.002417 3.742647e-03
416 0.004160000 0.002369003 0.002331713 0.002417 3.748554e-03
417 0.004170000 0.002373020 0.002331617 0.002417 3.754452e-03
418 0.004180000 0.002366020 0.002331505 0.002417 3.760339e-03
419 0.004190000 0.002372858 0.002331410 0.002417 3.766216e-03
420 0.004200000 0.002367627 0.002331303 0.002417 3.772084e-03
421 0.004210000 0.002367791 0.002331197 0.002417 3.777942e-03
422 0.004220000 0.002374137 0.002331105 0.002417 3.783790e-03
423 0.004230000 0.002375894 0.002331019 0.002417 3.789628e-03
424 0.004240000 0.002370057 0.002330914 0.002417 3.795457e-03
425 0.004250000 0.006302963 0.002330807 0.002417 3.801276e-03
426 0.004260000 0.002368760 0.002330704 0.002417 3.807085e-03
427 0.004270000 0.002369665 0.002330605 0.002417 3.812885e-03
428 0.004280000 0.002377531 0.002330521 0.002417 3.818675e-03
429 0.004290000 0.002408797 0.002330469 0.002417 3.824455e-03
430 0.004300000 0.002369597 0.002330371 0.002417 3.830226e-03
431 0.004310000 0.002367677 0.002330268 0.002417 3.835987e-03
432 0.004320000 0.002421481 0.002330272 0.002417 3.841739e-03
433 0.004330000 0.002411020 0.002330269 0.002417 3.847481e-03
434 0.004340000 0.002368046 0.002330168 0.002417 3.853214e-03
435 0.004350000 0.002642360 0.002330696 0.002417 3.858937e-03
436 0.004360000 0.002368699 0.002330595 0.002417 3.864651e-03
437 0.004370000 0.002369837 0.002330499 0.002417 3.870356e-03
438 0.004380000 0.002368397 0.002330401 0.002417 3.876051e-03
439 0.004390000 0.002382374 0.002330333 0.002417 3.881736e-03
440 0.004400000 0.002376944 0.002330242 0.002417 3.887413e-03
441 0.004410000 0.002491016 0.002330421 0.002417 3.893080e-03
442 0.004420000 0.002372868 0.002330332 0.002417 3.898738e-03
443 0.004430000 0.002366428 0.002330230 0.002417 3.904386e-03
444 0.004440000 0.002366715 0.002330129 0.002417 3.910026e-03
445 0.004450000 0.002370032 0.002330031 0.002417 3.915656e-03
446 0.004460000 0.002376666 0.002329948 0.002417 3.921276e-03
447 0.004470000 0.002372768 0.002329862 0.002417 3.926888e-03
448 0.004480000 0.002367084 0.002329763 0.002417 3.932491e-03
449 0.004490000 0.002382441 0.002329698 0.002417 3.938084e-03
450 0.004500000 0.006229987 0.002329611 0.002417 3.943668e-03
451 0.004510000 0.002369051 0.002329516 0.002417 3.949243e-03
452 0.004520000 0.002376960 0.002329440 0.002417 3.954810e-03
453 0.004530000 0.002370458 0.002329351 0.002417 3.960367e-03
454 0.004540000 0.002367481 0.002329256 0.002417 3.965915e-03
455 0.004550000 0.002369631 0.002329166 0.002417 3.971454e-03
456 0.004560000 0.002388798 0.002329110 0.002417 3.976984e-03
457 0.004570000 0.002368499 0.002329019 0.002417 3.982505e-03
458 0.004580000 0.002376105 0.002328944 0.002417 3.988017e-03
459 0.004590000 0.002364597 0.002328845 0.002417 3.993520e-03
460 0.004600000 0.002371560 0.002328762 0.002417 3.999015e-03
461 0.004610000 0.002387427 0.002328709 0.002417 4.004500e-03
462 0.004620000 0.002386558 0.002328654 0.002417 4.009977e-03
463 0.004630000 0.002369491 0.002328566 0.002417 4.015445e-03
464 0.004640000 0.002371773 0.002328484 0.002417 4.020904e-03
465 0.004650000 0.002364906 0.002328388 0.002417 4.026354e-03
466 0.004660000 0.002369075 0.002328302 0.002417 4.031796e-03
467 0.004670000 0.002366629 0.002328210 0.002417 4.037229e-03
468 0.004680000 0.002377309 0.002328138 0.002417 4.042653e-03
469 0.004690000 0.002378011 0.002328071 0.002417 4.048068e-03
470 0.004700000 0.002374557 0.002327996 0.002417 4.053475e-03
471 0.004710000 0.002369630 0.002327913 0.002417 4.058873e-03
472 0.004720000 0.002365046 0.002327820 0.002417 4.064262e-03
473 0.004730000 0.002365498 0.002327728 0.002417 4.069643e-03
474 0.004740000 0.002367632 0.002327642 0.002417 4.075015e-03
475 0.004750000 0.006241225 0.002327582 0.002417 4.080379e-03
476 0.004760000 0.002366899 0.002327494 0.002417 4.085734e-03
477 0.004770000 0.002374948 0.002327423 0.002417 4.091080e-03
478 0.004780000 0.002367388 0.002327337 0.002417 4.096419e-03
479 0.004790000 0.002366678 0.002327249 0.002417 4.101748e-03
480 0.004800000 0.002380240 0.002327190 0.002417 4.107069e-03
481 0.004810000 0.002378650 0.002327128 0.002417 4.112382e-03
482 0.004820000 0.002370206 0.002327048 0.002417 4.117686e-03
483 0.004830000 0.002366260 0.002326961 0.002417 4.122982e-03
484 0.004840000 0.002367125 0.002326877 0.002417 4.128269e-03
485 0.004850000 0.002371234 0.002326801 0.002417 4.133548e-03
486 0.004860000 0.002366204 0.002326715 0.002417 4.138819e-03
487 0.004870000 0.002372659 0.002326643 0.002417 4.144082e-03
488 0.004880000 0.002393842 0.002326611 0.002417 4.149336e-03
489 0.004890000 0.002369258 0.002326531 0.002417 4.154582e-03
490 0.004900000 0.002368102 0.002326450 0.002417 4.159819e-03
491 0.004910000 0.002366344 0.002326366 0.002417 4.165048e-03
492 0.004920000 0.002370376 0.002326291 0.002417 4.170269e-03
493 0.004930000 0.002378688 0.002326232 0.002417 4.175482e-03
494 0.004940000 0.002367331 0.002326149 0.002417 4.180687e-03
495 0.004950000 0.002366622 0.002326067 0.002417 4.185884e-03
496 0.004960000 0.002369519 0.002325991 0.002417 4.191072e-03
497 0.004970000 0.002368572 0.002325913 0.002417 4.196252e-03
498 0.004980000 0.002368796 0.002325831 0.002417 4.201424e-03
499 0.004990000 0.002372149 0.002325761 0.002417 4.206589e-03
500 0.005000000 0.006252518 0.002325685 0.002417 4.211745e-03
501 0.005010000 0.002371906 0.002325615 0.002417 4.216893e-03
502 0.005020000 0.002366914 0.002325535 0.002417 4.222033e-03
503 0.005030000 0.002367136 0.002325456 0.002417 4.227164e-03
504 0.005040000 0.002373970 0.002325391 0.002417 4.232288e-03
505 0.005050000 0.002368830 0.002325317 0.002417 4.237404e-03
506 0.005060000 0.002368182 0.002325241 0.002417 4.242512e-03
507 0.005070000 0.002376933 0.002325181 0.002417 4.247612e-03
508 0.005080000 0.002378807 0.002325124 0.002417 4.252705e-03
509 0.005090000 0.002369926 0.002325053 0.002417 4.257789e-03
510 0.005100000 0.002372414 0.002324986 0.002417 4.262865e-03
511 0.005110000 0.002366106 0.002324908 0.002417 4.267934e-03
512 0.005120000 0.002372820 0.002324843 0.002417 4.272995e-03
513 0.005130000 0.002367398 0.002324767 0.002417 4.278047e-03
514 0.005140000 0.002370348 0.002324698 0.002417 4.283093e-03
515 0.005150000 0.002369448 0.002324627 0.002417 4.288130e-03
516 0.005160000 0.002376811 0.002324570 0.002417 4.293159e-03
517 0.005170000 0.002370549 0.002324502 0.002417 4.298181e-03
518 0.005180000 0.002373041 0.002324439 0.002417 4.303195e-03
519 0.005190000 0.002372883 0.002324377 0.002417 4.308202e-03
520 0.005200000 0.002313369 0.002324203 0.002417 4.313200e-03
521 0.005210000 0.002359740 0.002324119 0.002417 4.318191e-03
522 0.005220000 0.002321085 0.002323961 0.002417 4.323175e-03
523 0.005230000 0.002313727 0.002323791 0.002417 4.328150e-03
524 0.005240000 0.002309590 0.002323612 0.002417 4.333118e-03
525 0.005250000 0.006161110 0.002323437 0.002417 4.338079e-03
526 0.005260000 0.002394605 0.002323421 0.002417 4.343032e-03
527 0.005270000 0.002565804 0.002323658 0.002417 4.347977e-03
528 0.005280000 0.002359083 0.002323533 0.002417 4.352915e-03
529 0.005290000 0.002314517 0.002323367 0.002417 4.357845e-03
530 0.005300000 0.002827166 0.002324145 0.002417 4.362768e-03
531 0.005310000 0.003414232 0.002325705 0.002417 4.367683e-03
532 0.005320000 0.003002192 0.002326744 0.002417 4.372591e-03
533 0.005330000 0.002494782 0.002326761 0.002417 4.377491e-03
534 0.005340000 0.002405450 0.002326733 0.002417 4.382384e-03
535 0.005350000 0.002728532 0.002327331 0.002417 4.387270e-03
536 0.005360000 0.002624019 0.002327692 0.002417 4.392148e-03
537 0.005370000 0.002531868 0.002327922 0.002417 4.397019e-03
538 0.005380000 0.002397296 0.002327903 0.002417 4.401882e-03
539 0.005390000 0.002497465 0.002328069 0.002417 4.406738e-03
540 0.005400000 0.002315603 0.002327897 0.002417 4.411587e-03
541 0.005410000 0.002667481 0.002328372 0.002417 4.416428e-03
542 0.005420000 0.002626125 0.002328770 0.002417 4.421262e-03
543 0.005430000 0.002506106 0.002328898 0.002417 4.426089e-03
544 0.005440000 0.002426450 0.002328896 0.002417 4.430908e-03
545 0.005450000 0.002324936 0.002328743 0.002417 4.435720e-03
546 0.005460000 0.002444461 0.002328807 0.002417 4.440525e-03
547 0.005470000 0.002476952 0.002328851 0.002417 4.445323e-03
548 0.005480000 0.002308106 0.002328669 0.002417 4.450114e-03
549 0.005490000 0.002436410 0.002328720 0.002417 4.454897e-03
550 0.005500000 0.006336586 0.002328619 0.002417 4.459673e-03
551 0.005510000 0.002766857 0.002329265 0.002417 4.464442e-03
552 0.005520000 0.002489822 0.002329322 0.002417 4.469204e-03
553 0.005530000 0.002394066 0.002329295 0.002417 4.473959e-03
554 0.005540000 0.002535129 0.002329522 0.002417 4.478707e-03
555 0.005550000 0.002404674 0.002329513 0.002417 4.483447e-03
556 0.005560000 0.002460037 0.002329567 0.002417 4.488181e-03
557 0.005570000 0.002500457 0.002329727 0.002417 4.492907e-03
558 0.005580000 0.002531683 0.002329938 0.002417 4.497627e-03
559 0.005590000 0.002456662 0.002330018 0.002417 4.502339e-03
560 0.005600000 0.002500296 0.002330176 0.002417 4.507045e-03
561 0.005610000 0.002453430 0.002330249 0.002417 4.511743e-03
562 0.005620000 0.002515335 0.002330402 0.002417 4.516435e-03
563 0.005630000 0.002470311 0.002330501 0.002417 4.521120e-03
564 0.005640000 0.002378518 0.002330442 0.002417 4.525797e-03
565 0.005650000 0.002460030 0.002330524 0.002417 4.530468e-03
566 0.005660000 0.002368385 0.002330447 0.002417 4.535132e-03
567 0.005670000 0.002411766 0.002330441 0.002417 4.539789e-03
568 0.005680000 0.002380530 0.002330386 0.002417 4.544439e-03
569 0.005690000 0.002372218 0.002330315 0.002417 4.549082e-03
570 0.005700000 0.002366945 0.002330237 0.002417 4.553718e-03
571 0.005710000 0.002396115 0.002330200 0.002417 4.558348e-03
572 0.005720000 0.002475267 0.002330305 0.002417 4.562971e-03
573 0.005730000 0.002478323 0.002330414 0.002417 4.567586e-03
574 0.005740000 0.002383077 0.002330362 0.002417 4.572196e-03
575 0.005750000 0.006234421 0.002330314 0.002417 4.576798e-03
576 0.005760000 0.002371932 0.002330245 0.002417 4.581394e-03
577 0.005770000 0.002387393 0.002330201 0.002417 4.585983e-03
578 0.005780000 0.002370274 0.002330129 0.002417 4.590565e-03
579 0.005790000 0.002370269 0.002330058 0.002417 4.595140e-03
580 0.005800000 0.002381780 0.002330005 0.002417 4.599709e-03
581 0.005810000 0.002368463 0.002329931 0.002417 4.604271e-03
582 0.005820000 0.002370487 0.002329861 0.002417 4.608827e-03
583 0.005830000 0.002369564 0.002329789 0.002417 4.613376e-03
584 0.005840000 0.002378884 0.002329733 0.002417 4.617918e-03
585 0.005850000 0.002369750 0.002329663 0.002417 4.622454e-03
586 0.005860000 0.002374658 0.002329601 0.002417 4.626983e-03
587 0.005870000 0.002383462 0.002329552 0.002417 4.631505e-03
588 0.005880000 0.002369207 0.002329481 0.002417 4.636021e-03
589 0.005890000 0.002367734 0.002329408 0.002417 4.640531e-03
590 0.005900000 0.002369614 0.002329338 0.002417 4.645033e-03
591 0.005910000 0.002400075 0.002329296 0.002417 4.649530e-03
592 0.005920000 0.002370155 0.002329227 0.002417 4.654020e-03
593 0.005930000 0.002369934 0.002329154 0.002417 4.658503e-03
594 0.005940000 0.002370761 0.002329086 0.002417 4.662980e-03
595 0.005950000 0.002377326 0.002329030 0.002417 4.667450e-03
596 0.005960000 0.002366430 0.002328956 0.002417 4.671914e-03
597 0.005970000 0.002389036 0.002328921 0.002417 4.676372e-03
598 0.005980000 0.002912866 0.002329740 0.002417 4.680823e-03
599 0.005990000 0.003280053 0.002331109 0.002417 4.685268e-03
600 0.006000000 0.011491270 0.002332470 0.002417 4.689706e-03
601 0.006010000 0.003231242 0.002333749 0.002417 4.694138e-03
602 0.006020000 0.003316160 0.002335165 0.002417 4.698564e-03
603 0.006030000 0.003321381 0.002336579 0.002417 4.702983e-03
604 0.006040000 0.003301042 0.002337965 0.002417 4.707396e-03
605 0.006050000 0.002608135 0.002338186 0.002417 4.711802e-03
606 0.006060000 0.002427964 0.002338196 0.002417 4.716203e-03
607 0.006070000 0.002509779 0.002338332 0.002417 4.720597e-03
608 0.006080000 0.002507641 0.002338421 0.002417 4.724985e-03
609 0.006090000 0.002386415 0.002338365 0.002417 4.729366e-03
610 0.006100000 0.002370202 0.002338283 0.002417 4.733742e-03
611 0.006110000 0.002373619 0.002338200 0.002417 4.738111e-03
612 0.006120000 0.002370643 0.002338120 0.002417 4.742473e-03
613 0.006130000 0.002380642 0.002338046 0.002417 4.746830e-03
614 0.006140000 0.002385555 0.002337984 0.002417 4.751181e-03
615 0.006150000 0.002379214 0.002337919 0.002417 4.755525e-03
616 0.006160000 0.002369095 0.002337837 0.002417 4.759863e-03
617 0.006170000 0.002476132 0.002337927 0.002417 4.764195e-03
618 0.006180000 0.002370550 0.002337848 0.002417 4.768521e-03
619 0.006190000 0.002376347 0.002337776 0.002417 4.772841e-03
620 0.006200000 0.002373017 0.002337699 0.002417 4.777154e-03
621 0.006210000 0.002371796 0.002337623 0.002417 4.781462e-03
622 0.006220000 0.002370014 0.002337545 0.002417 4.785764e-03
623 0.006230000 0.002374654 0.002337467 0.002417 4.790059e-03
624 0.006240000 0.002574596 0.002337661 0.002417 4.794348e-03
625 0.006250000 0.007137410 0.002337651 0.002417 4.798632e-03
626 0.006260000 0.002378338 0.002337584 0.002417 4.802909e-03
627 0.006270000 0.002371221 0.002337508 0.002417 4.807180e-03
628 0.006280000 0.002377192 0.002337441 0.002417 4.811446e-03
629 0.006290000 0.002368013 0.002337360 0.002417 4.815705e-03
630 0.006300000 0.002371265 0.002337285 0.002417 4.819959e-03
631 0.006310000 0.002396461 0.002337247 0.002417 4.824206e-03
632 0.006320000 0.002384127 0.002337192 0.002417 4.828448e-03
633 0.006330000 0.002367047 0.002337111 0.002417 4.832683e-03
634 0.006340000 0.002618777 0.002337412 0.002417 4.836913e-03
635 0.006350000 0.002713804 0.002337820 0.002417 4.841137e-03
636 0.006360000 0.002374986 0.002337749 0.002417 4.845354e-03
637 0.006370000 0.002366573 0.002337667 0.002417 4.849567e-03
638 0.006380000 0.002407024 0.002337625 0.002417 4.853773e-03
639 0.006390000 0.002373553 0.002337546 0.002417 4.857973e-03
640 0.006400000 0.002367356 0.002337466 0.002417 4.862167e-03
641 0.006410000 0.002375248 0.002337397 0.002417 4.866356e-03
642 0.006420000 0.002366763 0.002337317 0.002417 4.870539e-03
643 0.006430000 0.002370315 0.002337239 0.002417 4.874716e-03
644 0.006440000 0.002407175 0.002337221 0.002417 4.878887e-03
645 0.006450000 0.002381367 0.002337162 0.002417 4.883053e-03
646 0.006460000 0.002371303 0.002337087 0.002417 4.887213e-03
647 0.006470000 0.002367327 0.002337008 0.002417 4.891367e-03
648 0.006480000 0.002372489 0.002336937 0.002417 4.895515e-03
649 0.006490000 0.002377716 0.002336870 0.002417 4.899657e-03
650 0.006500000 0.006245822 0.002336795 0.002417 4.903794e-03
651 0.006510000 0.002373888 0.002336725 0.002417 4.907926e-03
652 0.006520000 0.002374332 0.002336657 0.002417 4.912051e-03
653 0.006530000 0.002367981 0.002336581 0.002417 4.916171e-03
654 0.006540000 0.002369399 0.002336507 0.002417 4.920285e-03
655 0.006550000 0.002380569 0.002336450 0.002417 4.924394e-03
656 0.006560000 0.002368288 0.002336374 0.002417 4.928496e-03
657 0.006570000 0.002393700 0.002336321 0.002417 4.932594e-03
658 0.006580000 0.002381213 0.002336264 0.002417 4.936685e-03
659 0.006590000 0.002369653 0.002336191 0.002417 4.940771e-03
660 0.006600000 0.002373104 0.002336124 0.002417 4.944852e-03
661 0.006610000 0.002380485 0.002336068 0.002417 4.948927e-03
662 0.006620000 0.002490906 0.002336163 0.002417 4.952996e-03
663 0.006630000 0.002399112 0.002336107 0.002417 4.957060e-03
664 0.006640000 0.002378076 0.002336046 0.002417 4.961118e-03
665 0.006650000 0.002435612 0.002336043 0.002417 4.965171e-03
666 0.006660000 0.002373370 0.002335976 0.002417 4.969218e-03
667 0.006670000 0.002389670 0.002335934 0.002417 4.973260e-03
668 0.006680000 0.002377678 0.002335873 0.002417 4.977296e-03
669 0.006690000 0.002369265 0.002335801 0.002417 4.981327e-03
670 0.006700000 0.002370328 0.002335731 0.002417 4.985353e-03
671 0.006710000 0.002393147 0.002335693 0.002417 4.989373e-03
672 0.006720000 0.002418252 0.002335694 0.002417 4.993387e-03
673 0.006730000 0.002383395 0.002335645 0.002417 4.997396e-03
674 0.006740000 0.002368192 0.002335572 0.002417 5.001400e-03
675 0.006750000 0.006216339 0.002335513 0.002417 5.005398e-03
676 0.006760000 0.002371793 0.002335445 0.002417 5.009391e-03
677 0.006770000 0.002373452 0.002335379 0.002417 5.013378e-03
678 0.006780000 0.002370062 0.002335310 0.002417 5.017360e-03
679 0.006790000 0.002367392 0.002335238 0.002417 5.021337e-03
680 0.006800000 0.002370976 0.002335170 0.002417 5.025309e-03
681 0.006810000 0.002372192 0.002335099 0.002417 5.029275e-03
682 0.006820000 0.002367309 0.002335027 0.002417 5.033236e-03
683 0.006830000 0.002369745 0.002334959 0.002417 5.037191e-03
684 0.006840000 0.002395807 0.002334927 0.002417 5.041141e-03
685 0.006850000 0.002370890 0.002334860 0.002417 5.045086e-03
686 0.006860000 0.002371496 0.002334795 0.002417 5.049026e-03
687 0.006870000 0.002509937 0.002334929 0.002417 5.052960e-03
688 0.006880000 0.002376153 0.002334867 0.002417 5.056889e-03
689 0.006890000 0.002368214 0.002334798 0.002417 5.060813e-03
690 0.006900000 0.002381678 0.002334747 0.002417 5.064732e-03
691 0.006910000 0.002407289 0.002334730 0.002417 5.068645e-03
692 0.006920000 0.002368703 0.002334661 0.002417 5.072553e-03
693 0.006930000 0.002387019 0.002334619 0.002417 5.076456e-03
694 0.006940000 0.002367543 0.002334549 0.002417 5.080354e-03
695 0.006950000 0.002368143 0.002334481 0.002417 5.084247e-03
696 0.006960000 0.002387988 0.002334441 0.002417 5.088135e-03
697 0.006970000 0.002365162 0.002334368 0.002417 5.092017e-03
698 0.006980000 0.002381346 0.002334317 0.002417 5.095894e-03
699 0.006990000 0.002371831 0.002334247 0.002417 5.099766e-03
700 0.007000000 0.006782983 0.002334177 0.002417 5.103633e-03
701 0.007010000 0.002368294 0.002334109 0.002417 5.107495e-03
702 0.007020000 0.002374060 0.002334050 0.002417 5.111352e-03
703 0.007030000 0.002386563 0.002334008 0.002417 5.115204e-03
704 0.007040000 0.002367750 0.002333940 0.002417 5.119050e-03
705 0.007050000 0.002367512 0.002333872 0.002417 5.122892e-03
706 0.007060000 0.002380080 0.002333814 0.002417 5.126729e-03
707 0.007070000 0.002374726 0.002333756 0.002417 5.130560e-03
708 0.007080000 0.002370318 0.002333693 0.002417 5.134387e-03
709 0.007090000 0.002370768 0.002333630 0.002417 5.138208e-03
710 0.007100000 0.002384031 0.002333585 0.002417 5.142025e-03
711 0.007110000 0.002370846 0.002333522 0.002417 5.145836e-03
712 0.007120000 0.002367012 0.002333455 0.002417 5.149643e-03
713 0.007130000 0.002387548 0.002333417 0.002417 5.153444e-03
714 0.007140000 0.002372350 0.002333357 0.002417 5.157241e-03
715 0.007150000 0.002408312 0.002333348 0.002417 5.161032e-03
716 0.007160000 0.002369885 0.002333285 0.002417 5.164819e-03
717 0.007170000 0.002382906 0.002333240 0.002417 5.168601e-03
718 0.007180000 0.002366606 0.002333173 0.002417 5.172378e-03
719 0.007190000 0.002423143 0.002333181 0.002417 5.176149e-03
720 0.007200000 0.002372429 0.002333122 0.002417 5.179916e-03
721 0.007210000 0.003071405 0.002334011 0.002417 5.183679e-03
722 0.007220000 0.003280207 0.002335087 0.002417 5.187436e-03
723 0.007230000 0.002396862 0.002335056 0.002417 5.191188e-03
724 0.007240000 0.002371000 0.002334992 0.002417 5.194936e-03
725 0.007250000 0.006302431 0.002334994 0.002417 5.198678e-03
726 0.007260000 0.002377169 0.002334937 0.002417 5.202416e-03
727 0.007270000 0.002390592 0.002334896 0.002417 5.206149e-03
728 0.007280000 0.002560153 0.002335040 0.002417 5.209877e-03
729 0.007290000 0.002402224 0.002335012 0.002417 5.213601e-03
730 0.007300000 0.002406981 0.002334997 0.002417 5.217319e-03
731 0.007310000 0.002379790 0.002334946 0.002417 5.221033e-03
732 0.007320000 0.002373116 0.002334887 0.002417 5.224742e-03
733 0.007330000 0.002368543 0.002334822 0.002417 5.228446e-03
734 0.007340000 0.002379174 0.002334768 0.002417 5.232146e-03
735 0.007350000 0.002391098 0.002334726 0.002417 5.235841e-03
736 0.007360000 0.002369594 0.002334663 0.002417 5.239531e-03
737 0.007370000 0.002387975 0.002334624 0.002417 5.243216e-03
738 0.007380000 0.002405944 0.002334604 0.002417 5.246897e-03
739 0.007390000 0.002385236 0.002334559 0.002417 5.250573e-03
740 0.007400000 0.002412333 0.002334553 0.002417 5.254244e-03
741 0.007410000 0.002423202 0.002334556 0.002417 5.257910e-03
742 0.007420000 0.002663215 0.002334838 0.002417 5.261572e-03
743 0.007430000 0.002380627 0.002334786 0.002417 5.265229e-03
744 0.007440000 0.002380250 0.002334738 0.002417 5.268882e-03
745 0.007450000 0.002374494 0.002334682 0.002417 5.272530e-03
746 0.007460000 0.002376871 0.002334630 0.002417 5.276173e-03
747 0.007470000 0.002373969 0.002334568 0.002417 5.279811e-03
748 0.007480000 0.002460848 0.002334628 0.002417 5.283445e-03
749 0.007490000 0.002434058 0.002334651 0.002417 5.287075e-03
750 0.007500000 0.006363192 0.002334666 0.002417 5.290699e-03
751 0.007510000 0.002462724 0.002334725 0.002417 5.294320e-03
752 0.007520000 0.002453510 0.002334773 0.002417 5.297935e-03
753 0.007530000 0.002451106 0.002334815 0.002417 5.301546e-03
754 0.007540000 0.002397498 0.002334788 0.002417 5.305153e-03
755 0.007550000 0.002394556 0.002334757 0.002417 5.308755e-03
756 0.007560000 0.002372405 0.002334699 0.002417 5.312352e-03
757 0.007570000 0.002377669 0.002334648 0.002417 5.315945e-03
758 0.007580000 0.002368124 0.002334585 0.002417 5.319533e-03
759 0.007590000 0.002376548 0.002334528 0.002417 5.323117e-03
760 0.007600000 0.002377139 0.002334477 0.002417 5.326696e-03
761 0.007610000 0.002391752 0.002334443 0.002417 5.330271e-03
762 0.007620000 0.002454608 0.002334490 0.002417 5.333842e-03
763 0.007630000 0.002435402 0.002334509 0.002417 5.337407e-03
764 0.007640000 0.002420752 0.002334450 0.002417 5.340969e-03
765 0.007650000 0.002403797 0.002334434 0.002417 5.344526e-03
766 0.007660000 0.002382863 0.002334390 0.002417 5.348078e-03
767 0.007670000 0.002414924 0.002334389 0.002417 5.351626e-03
768 0.007680000 0.002403530 0.002334370 0.002417 5.355170e-03
769 0.007690000 0.002411208 0.002334353 0.002417 5.358709e-03
770 0.007700000 0.002404354 0.002334335 0.002417 5.362244e-03
771 0.007710000 0.002396359 0.002334308 0.002417 5.365774e-03
772 0.007720000 0.002374908 0.002334248 0.002417 5.369300e-03
773 0.007730000 0.002380355 0.002334202 0.002417 5.372822e-03
774 0.007740000 0.002401332 0.002334139 0.002417 5.376339e-03
775 0.007750000 0.006708590 0.002334127 0.002417 5.379852e-03
776 0.007760000 0.002384665 0.002334085 0.002417 5.383361e-03
777 0.007770000 0.002404349 0.002334069 0.002417 5.386865e-03
778 0.007780000 0.002451562 0.002334072 0.002417 5.390365e-03
779 0.007790000 0.002370179 0.002334013 0.002417 5.393860e-03
780 0.007800000 0.002539636 0.002334169 0.002417 5.397351e-03
781 0.007810000 0.002374412 0.002334114 0.002417 5.400838e-03
782 0.007820000 0.002374786 0.002334061 0.002417 5.404321e-03
783 0.007830000 0.002376311 0.002334011 0.002417 5.407799e-03
784 0.007840000 0.002374257 0.002333959 0.002417 5.411273e-03
785 0.007850000 0.002414270 0.002333957 0.002417 5.414743e-03
786 0.007860000 0.002452138 0.002334003 0.002417 5.418209e-03
787 0.007870000 0.002519087 0.002334133 0.002417 5.421670e-03
788 0.007880000 0.002369609 0.002334073 0.002417 5.425127e-03
789 0.007890000 0.002385474 0.002334034 0.002417 5.428579e-03
790 0.007900000 0.002367249 0.002333973 0.002417 5.432028e-03
791 0.007910000 0.002367912 0.002333913 0.002417 5.435472e-03
792 0.007920000 0.002371040 0.002333857 0.002417 5.438912e-03
793 0.007930000 0.002409564 0.002333850 0.002417 5.442348e-03
794 0.007940000 0.002445736 0.002333887 0.002417 5.445780e-03
795 0.007950000 0.002866630 0.002334436 0.002417 5.449207e-03
796 0.007960000 0.002479828 0.002334439 0.002417 5.452631e-03
797 0.007970000 0.002465333 0.002334498 0.002417 5.456050e-03
798 0.007980000 0.002404132 0.002334478 0.002417 5.459465e-03
799 0.007990000 0.002371165 0.002334421 0.002417 5.462875e-03
800 0.008000000 0.006604022 0.002334408 0.002417 5.466282e-03
801 0.008010000 0.002375400 0.002334355 0.002417 5.469685e-03
802 0.008020000 0.002371861 0.002334300 0.002417 5.473083e-03
803 0.008030000 0.002371425 0.002334243 0.002417 5.476477e-03
804 0.008040000 0.002388076 0.002334208 0.002417 5.479867e-03
805 0.008050000 0.002374200 0.002334155 0.002417 5.483254e-03
806 0.008060000 0.002399205 0.002334133 0.002417 5.486635e-03
807 0.008070000 0.002376835 0.002334084 0.002417 5.490013e-03
808 0.008080000 0.002371131 0.002334024 0.002417 5.493387e-03
809 0.008090000 0.002368551 0.002333967 0.002417 5.496757e-03
810 0.008100000 0.002373189 0.002333914 0.002417 5.500123e-03
811 0.008110000 0.002369562 0.002333858 0.002417 5.503484e-03
812 0.008120000 0.002418085 0.002333861 0.002417 5.506842e-03
813 0.008130000 0.002386515 0.002333825 0.002417 5.510195e-03
814 0.008140000 0.002392778 0.002333794 0.002417 5.513545e-03
815 0.008150000 0.002384122 0.002333754 0.002417 5.516890e-03
816 0.008160000 0.002367057 0.002333695 0.002417 5.520232e-03
817 0.008170000 0.002451162 0.002333737 0.002417 5.523569e-03
818 0.008180000 0.002531991 0.002333860 0.002417 5.526903e-03
819 0.008190000 0.002395401 0.002333834 0.002417 5.530232e-03
820 0.008200000 0.002393954 0.002333805 0.002417 5.533558e-03
821 0.008210000 0.002370110 0.002333750 0.002417 5.536879e-03
822 0.008220000 0.002494717 0.002333847 0.002417 5.540197e-03
823 0.008230000 0.002409998 0.002333840 0.002417 5.543510e-03
824 0.008240000 0.002468979 0.002333900 0.002417 5.546820e-03
825 0.008250000 0.006415648 0.002333842 0.002417 5.550126e-03
826 0.008260000 0.002368352 0.002333786 0.002417 5.553427e-03
827 0.008270000 0.002370378 0.002333732 0.002417 5.556725e-03
828 0.008280000 0.002367598 0.002333675 0.002417 5.560019e-03
829 0.008290000 0.002379628 0.002333629 0.002417 5.563309e-03
830 0.008300000 0.002371230 0.002333572 0.002417 5.566595e-03
831 0.008310000 0.002366824 0.002333514 0.002417 5.569878e-03
832 0.008320000 0.002374783 0.002333466 0.002417 5.573156e-03
833 0.008330000 0.002373503 0.002333414 0.002417 5.576430e-03
834 0.008340000 0.002367510 0.002333358 0.002417 5.579701e-03
835 0.008350000 0.002377051 0.002333313 0.002417 5.582968e-03
836 0.008360000 0.002365666 0.002333254 0.002417 5.586231e-03
837 0.008370000 0.002368545 0.002333199 0.002417 5.589490e-03
838 0.008380000 0.002370228 0.002333143 0.002417 5.592745e-03
839 0.008390000 0.002369408 0.002333089 0.002417 5.595996e-03
840 0.008400000 0.002369636 0.002333036 0.002417 5.599244e-03
841 0.008410000 0.002372572 0.002332986 0.002417 5.602487e-03
842 0.008420000 0.002367795 0.002332931 0.002417 5.605727e-03
843 0.008430000 0.002369494 0.002332878 0.002417 5.608963e-03
844 0.008440000 0.002367826 0.002332823 0.002417 5.612196e-03
845 0.008450000 0.002381900 0.002332785 0.002417 5.615424e-03
846 0.008460000 0.002370544 0.002332729 0.002417 5.618649e-03
847 0.008470000 0.002373544 0.002332681 0.002417 5.621870e-03
848 0.008480000 0.002384414 0.002332646 0.002417 5.625087e-03
849 0.008490000 0.002366953 0.002332591 0.002417 5.628301e-03
850 0.008500000 0.006283662 0.002332535 0.002417 5.631510e-03
851 0.008510000 0.002409169 0.002332529 0.002417 5.634716e-03
852 0.008520000 0.002379730 0.002332487 0.002417 5.637919e-03
853 0.008530000 0.002377107 0.002332444 0.002417 5.641117e-03
854 0.008540000 0.002372539 0.002332396 0.002417 5.644312e-03
855 0.008550000 0.002367468 0.002332342 0.002417 5.647503e-03
856 0.008560000 0.002370237 0.002332291 0.002417 5.650690e-03
857 0.008570000 0.002366712 0.002332237 0.002417 5.653874e-03
858 0.008580000 0.002374920 0.002332191 0.002417 5.657054e-03
859 0.008590000 0.002369799 0.002332140 0.002417 5.660230e-03
860 0.008600000 0.002368573 0.002332088 0.002417 5.663403e-03
861 0.008610000 0.002365536 0.002332033 0.002417 5.666572e-03
862 0.008620000 0.002369823 0.002331983 0.002417 5.669737e-03
863 0.008630000 0.002372721 0.002331936 0.002417 5.672899e-03
864 0.008640000 0.002351598 0.002331862 0.002417 5.676057e-03
865 0.008650000 0.002488009 0.002331950 0.002417 5.679211e-03
866 0.008660000 0.002311627 0.002331835 0.002417 5.682362e-03
867 0.008670000 0.002313055 0.002331722 0.002417 5.685509e-03
868 0.008680000 0.002310626 0.002331606 0.002417 5.688653e-03
869 0.008690000 0.002309837 0.002331490 0.002417 5.691792e-03
870 0.008700000 0.002339644 0.002331408 0.002417 5.694929e-03
871 0.008710000 0.002311109 0.002331294 0.002417 5.698061e-03
872 0.008720000 0.002313603 0.002331183 0.002417 5.701190e-03
873 0.008730000 0.002476227 0.002331235 0.002417 5.704316e-03
874 0.008740000 0.002350403 0.002331165 0.002417 5.707438e-03
875 0.008750000 0.006257792 0.002331050 0.002417 5.710556e-03
876 0.008760000 0.002462573 0.002331110 0.002417 5.713671e-03
877 0.008770000 0.002310655 0.002330996 0.002417 5.716782e-03
878 0.008780000 0.002357060 0.002330904 0.002417 5.719890e-03
879 0.008790000 0.002312410 0.002330790 0.002417 5.722994e-03
880 0.008800000 0.002309914 0.002330676 0.002417 5.726095e-03
881 0.008810000 0.002311028 0.002330564 0.002417 5.729192e-03
882 0.008820000 0.002319970 0.002330459 0.002417 5.732285e-03
883 0.008830000 0.002352893 0.002330346 0.002417 5.735376e-03
884 0.008840000 0.002312360 0.002330236 0.002417 5.738462e-03
885 0.008850000 0.002312864 0.002330127 0.002417 5.741545e-03
886 0.008860000 0.002311910 0.002330016 0.002417 5.744625e-03
887 0.008870000 0.002315030 0.002329910 0.002417 5.747701e-03
888 0.008880000 0.002313051 0.002329802 0.002417 5.750773e-03
889 0.008890000 0.002311479 0.002329692 0.002417 5.753843e-03
890 0.008900000 0.002357799 0.002329635 0.002417 5.756908e-03
891 0.008910000 0.002311328 0.002329525 0.002417 5.759970e-03
892 0.008920000 0.002354387 0.002329464 0.002417 5.763029e-03
893 0.008930000 0.002402468 0.002329410 0.002417 5.766084e-03
894 0.008940000 0.002357275 0.002329325 0.002417 5.769136e-03
895 0.008950000 0.002311231 0.002329216 0.002417 5.772185e-03
896 0.008960000 0.002309825 0.002329106 0.002417 5.775230e-03
897 0.008970000 0.002354301 0.002329043 0.002417 5.778271e-03
898 0.008980000 0.002311775 0.002328935 0.002417 5.781310e-03
899 0.008990000 0.002427185 0.002328928 0.002417 5.784344e-03
900 0.009000000 0.006393830 0.002328865 0.002417 5.787376e-03
901 0.009010000 0.002382352 0.002328835 0.002417 5.790404e-03
902 0.009020000 0.002434699 0.002328865 0.002417 5.793428e-03
903 0.009030000 0.002311854 0.002328758 0.002417 5.796449e-03
904 0.009040000 0.002309423 0.002328649 0.002417 5.799467e-03
905 0.009050000 0.002331201 0.002328564 0.002417 5.802482e-03
906 0.009060000 0.002310561 0.002328457 0.002417 5.805493e-03
907 0.009070000 0.002309766 0.002328349 0.002417 5.808501e-03
908 0.009080000 0.002312557 0.002328244 0.002417 5.811505e-03
909 0.009090000 0.002310355 0.002328138 0.002417 5.814506e-03
910 0.009100000 0.002312629 0.002328034 0.002417 5.817504e-03
911 0.009110000 0.002318753 0.002327936 0.002417 5.820498e-03
912 0.009120000 0.002394661 0.002327921 0.002417 5.823489e-03
913 0.009130000 0.002436962 0.002327922 0.002417 5.826477e-03
914 0.009140000 0.002317458 0.002327820 0.002417 5.829462e-03
915 0.009150000 0.002311462 0.002327716 0.002417 5.832443e-03
916 0.009160000 0.002689170 0.002328011 0.002417 5.835421e-03
917 0.009170000 0.003435571 0.002329079 0.002417 5.838395e-03
918 0.009180000 0.003418989 0.002330119 0.002417 5.841366e-03
919 0.009190000 0.002667525 0.002330357 0.002417 5.844334e-03
920 0.009200000 0.002704768 0.002330674 0.002417 5.847299e-03
921 0.009210000 0.002463373 0.002330682 0.002417 5.850261e-03
922 0.009220000 0.002416265 0.002330687 0.002417 5.853219e-03
923 0.009230000 0.002397109 0.002330673 0.002417 5.856174e-03
924 0.009240000 0.002540942 0.002330812 0.002417 5.859126e-03
925 0.009250000 0.006418929 0.002330710 0.002417 5.862074e-03
926 0.009260000 0.002461366 0.002330762 0.002417 5.865019e-03
927 0.009270000 0.002386919 0.002330736 0.002417 5.867961e-03
928 0.009280000 0.002439137 0.002330766 0.002417 5.870900e-03
929 0.009290000 0.002392957 0.002330747 0.002417 5.873836e-03
930 0.009300000 0.002351811 0.002330684 0.002417 5.876768e-03
931 0.009310000 0.002501870 0.002330757 0.002417 5.879697e-03
932 0.009320000 0.002397355 0.002330743 0.002417 5.882623e-03
933 0.009330000 0.002443527 0.002330778 0.002417 5.885546e-03
934 0.009340000 0.002405989 0.002330774 0.002417 5.888466e-03
935 0.009350000 0.002432245 0.002330797 0.002417 5.891382e-03
936 0.009360000 0.002569864 0.002330967 0.002417 5.894295e-03
937 0.009370000 0.002485250 0.002331045 0.002417 5.897205e-03
938 0.009380000 0.002515791 0.002331156 0.002417 5.900112e-03
939 0.009390000 0.002490671 0.002331240 0.002417 5.903016e-03
940 0.009400000 0.002412095 0.002331241 0.002417 5.905917e-03
941 0.009410000 0.002707590 0.002331554 0.002417 5.908814e-03
942 0.009420000 0.002462164 0.002331607 0.002417 5.911708e-03
943 0.009430000 0.002486490 0.002331683 0.002417 5.914600e-03
944 0.009440000 0.002413328 0.002331683 0.002417 5.917488e-03
945 0.009450000 0.002421843 0.002331678 0.002417 5.920373e-03
946 0.009460000 0.002454113 0.002331721 0.002417 5.923254e-03
947 0.009470000 0.002528512 0.002331842 0.002417 5.926133e-03
948 0.009480000 0.002453769 0.002331884 0.002417 5.929009e-03
949 0.009490000 0.002437279 0.002331905 0.002417 5.931881e-03
950 0.009500000 0.007305934 0.002332005 0.002417 5.934751e-03
951 0.009510000 0.002573137 0.002332169 0.002417 5.937617e-03
952 0.009520000 0.002467114 0.002332170 0.002417 5.940480e-03
953 0.009530000 0.002372296 0.002332126 0.002417 5.943340e-03
954 0.009540000 0.002376716 0.002332087 0.002417 5.946198e-03
955 0.009550000 0.002393602 0.002332065 0.002417 5.949052e-03
956 0.009560000 0.002370212 0.002332020 0.002417 5.951903e-03
957 0.009570000 0.002383059 0.002331985 0.002417 5.954751e-03
958 0.009580000 0.002374769 0.002331944 0.002417 5.957596e-03
959 0.009590000 0.002374125 0.002331903 0.002417 5.960437e-03
960 0.009600000 0.002367005 0.002331855 0.002417 5.963276e-03
961 0.009610000 0.002371972 0.002331811 0.002417 5.966112e-03
962 0.009620000 0.002383787 0.002331780 0.002417 5.968945e-03
963 0.009630000 0.002376524 0.002331742 0.002417 5.971775e-03
964 0.009640000 0.002370223 0.002331695 0.002417 5.974601e-03
965 0.009650000 0.002370317 0.002331650 0.002417 5.977425e-03
966 0.009660000 0.002370450 0.002331606 0.002417 5.980246e-03
967 0.009670000 0.002371695 0.002331564 0.002417 5.983064e-03
968 0.009680000 0.002376537 0.002331525 0.002417 5.985878e-03
969 0.009690000 0.002378248 0.002331489 0.002417 5.988690e-03
970 0.009700000 0.002370629 0.002331445 0.002417 5.991499e-03
971 0.009710000 0.002368531 0.002331400 0.002417 5.994305e-03
972 0.009720000 0.002388632 0.002331375 0.002417 5.997108e-03
973 0.009730000 0.002369065 0.002331329 0.002417 5.999908e-03
974 0.009740000 0.002373483 0.002331282 0.002417 6.002705e-03
975 0.009750000 0.006493924 0.002331278 0.002417 6.005499e-03
976 0.009760000 0.002369232 0.002331233 0.002417 6.008290e-03
977 0.009770000 0.002376211 0.002331195 0.002417 6.011078e-03
978 0.009780000 0.002375738 0.002331156 0.002417 6.013863e-03
979 0.009790000 0.002366920 0.002331110 0.002417 6.016645e-03
980 0.009800000 0.002381485 0.002331078 0.002417 6.019425e-03
981 0.009810000 0.002437297 0.002331102 0.002417 6.022201e-03
982 0.009820000 0.002373242 0.002331059 0.002417 6.024975e-03
983 0.009830000 0.002366779 0.002331012 0.002417 6.027745e-03
984 0.009840000 0.002370409 0.002330969 0.002417 6.030513e-03
985 0.009850000 0.002370824 0.002330927 0.002417 6.033278e-03
986 0.009860000 0.002380996 0.002330895 0.002417 6.036040e-03
987 0.009870000 0.002372468 0.002330854 0.002417 6.038799e-03
988 0.009880000 0.002376109 0.002330816 0.002417 6.041555e-03
989 0.009890000 0.002368017 0.002330772 0.002417 6.044308e-03
990 0.009900000 0.002372080 0.002330729 0.002417 6.047058e-03
991 0.009910000 0.002374708 0.002330691 0.002417 6.049806e-03
992 0.009920000 0.002376760 0.002330655 0.002417 6.052551e-03
993 0.009930000 0.002454548 0.002330697 0.002417 6.055292e-03
994 0.009940000 0.002424259 0.002330710 0.002417 6.058031e-03
995 0.009950000 0.002384093 0.002330679 0.002417 6.060768e-03
996 0.009960000 0.002368664 0.002330636 0.002417 6.063501e-03
997 0.009970000 0.002366763 0.002330590 0.002417 6.066231e-03
998 0.009980000 0.002383780 0.002330562 0.002417 6.068959e-03
999 0.009990000 0.002368826 0.002330518 0.002417 6.071684e-03
1000 0.010000000 0.006317241 0.002330475 0.002417 6.074406e-03
1001 0.010010000 0.002374099 0.002330437 0.002417 6.077125e-03
1002 0.010020000 0.002367027 0.002330393 0.002417 6.079841e-03
1003 0.010030000 0.002392379 0.002330361 0.002417 6.082555e-03
1004 0.010040000 0.002373343 0.002330322 0.002417 6.085266e-03
1005 0.010050000 0.002368698 0.002330279 0.002417 6.087974e-03
1006 0.010060000 0.002371932 0.002330240 0.002417 6.090679e-03
1007 0.010070000 0.002385911 0.002330214 0.002417 6.093381e-03
1008 0.010080000 0.002407309 0.002330210 0.002417 6.096081e-03
1009 0.010090000 0.002378749 0.002330174 0.002417 6.098778e-03
1010 0.010100000 0.002369103 0.002330132 0.002417 6.101472e-03
1011 0.010110000 0.002374922 0.002330096 0.002417 6.104163e-03
1012 0.010120000 0.002417039 0.002330100 0.002417 6.106852e-03
1013 0.010130000 0.002455517 0.002330142 0.002417 6.109537e-03
1014 0.010140000 0.002511888 0.002330210 0.002417 6.112221e-03
1015 0.010150000 0.002457110 0.002330254 0.002417 6.114901e-03
1016 0.010160000 0.002414855 0.002330239 0.002417 6.117578e-03
1017 0.010170000 0.002369899 0.002330198 0.002417 6.120253e-03
1018 0.010180000 0.002378504 0.002330164 0.002417 6.122925e-03
1019 0.010190000 0.002370660 0.002330124 0.002417 6.125595e-03
1020 0.010200000 0.002367179 0.002330081 0.002417 6.128262e-03
1021 0.010210000 0.002431707 0.002330099 0.002417 6.130926e-03
1022 0.010220000 0.002371021 0.002330059 0.002417 6.133587e-03
1023 0.010230000 0.002373280 0.002330022 0.002417 6.136245e-03
1024 0.010240000 0.002368649 0.002329980 0.002417 6.138901e-03
1025 0.010250000 0.006300574 0.002329940 0.002417 6.141554e-03
1026 0.010260000 0.002379731 0.002329909 0.002417 6.144205e-03
1027 0.010270000 0.002385424 0.002329882 0.002417 6.146853e-03
1028 0.010280000 0.002367098 0.002329839 0.002417 6.149498e-03
1029 0.010290000 0.002369712 0.002329798 0.002417 6.152140e-03
1030 0.010300000 0.002368376 0.002329757 0.002417 6.154780e-03
1031 0.010310000 0.002374700 0.002329721 0.002417 6.157417e-03
1032 0.010320000 0.002372817 0.002329684 0.002417 6.160052e-03
1033 0.010330000 0.002373439 0.002329647 0.002417 6.162684e-03
1034 0.010340000 0.002371759 0.002329608 0.002417 6.165313e-03
1035 0.010350000 0.002366950 0.002329566 0.002417 6.167939e-03
1036 0.010360000 0.002369858 0.002329526 0.002417 6.170563e-03
1037 0.010370000 0.002382545 0.002329499 0.002417 6.173184e-03
1038 0.010380000 0.002375571 0.002329464 0.002417 6.175803e-03
1039 0.010390000 0.002373645 0.002329429 0.002417 6.178419e-03
1040 0.010400000 0.002446486 0.002329461 0.002417 6.181032e-03
1041 0.010410000 0.002368719 0.002329420 0.002417 6.183643e-03
1042 0.010420000 0.002367868 0.002329379 0.002417 6.186251e-03
1043 0.010430000 0.002364673 0.002329336 0.002417 6.188857e-03
1044 0.010440000 0.002380345 0.002329306 0.002417 6.191460e-03
1045 0.010450000 0.002367322 0.002329265 0.002417 6.194060e-03
1046 0.010460000 0.002365360 0.002329222 0.002417 6.196658e-03
1047 0.010470000 0.002412080 0.002329222 0.002417 6.199253e-03
1048 0.010480000 0.002370175 0.002329183 0.002417 6.201845e-03
1049 0.010490000 0.002367484 0.002329142 0.002417 6.204435e-03
1050 0.010500000 0.006292189 0.002329110 0.002417 6.207023e-03
1051 0.010510000 0.002369225 0.002329070 0.002417 6.209607e-03
1052 0.010520000 0.002369503 0.002329031 0.002417 6.212190e-03
1053 0.010530000 0.002412409 0.002328995 0.002417 6.214769e-03
1054 0.010540000 0.002367021 0.002328954 0.002417 6.217346e-03
1055 0.010550000 0.002371413 0.002328917 0.002417 6.219921e-03
1056 0.010560000 0.002380619 0.002328887 0.002417 6.222493e-03
1057 0.010570000 0.002374735 0.002328854 0.002417 6.225063e-03
1058 0.010580000 0.002371532 0.002328817 0.002417 6.227630e-03
1059 0.010590000 0.002375630 0.002328784 0.002417 6.230194e-03
1060 0.010600000 0.002385212 0.002328760 0.002417 6.232756e-03
1061 0.010610000 0.002380043 0.002328729 0.002417 6.235315e-03
1062 0.010620000 0.002370771 0.002328692 0.002417 6.237872e-03
1063 0.010630000 0.002373444 0.002328658 0.002417 6.240426e-03
1064 0.010640000 0.002370110 0.002328620 0.002417 6.242978e-03
1065 0.010650000 0.002367246 0.002328580 0.002417 6.245527e-03
1066 0.010660000 0.002372616 0.002328544 0.002417 6.248074e-03
1067 0.010670000 0.002383434 0.002328518 0.002417 6.250619e-03
1068 0.010680000 0.002371148 0.002328482 0.002417 6.253160e-03
1069 0.010690000 0.002427691 0.002328492 0.002417 6.255700e-03
1070 0.010700000 0.002370295 0.002328455 0.002417 6.258236e-03
1071 0.010710000 0.002409645 0.002328455 0.002417 6.260771e-03
1072 0.010720000 0.002366437 0.002328414 0.002417 6.263303e-03
1073 0.010730000 0.002385874 0.002328391 0.002417 6.265832e-03
1074 0.010740000 0.002371061 0.002328355 0.002417 6.268359e-03
1075 0.010750000 0.006286366 0.002328316 0.002417 6.270883e-03
1076 0.010760000 0.002377543 0.002328285 0.002417 6.273405e-03
1077 0.010770000 0.002367333 0.002328246 0.002417 6.275925e-03
1078 0.010780000 0.002368993 0.002328208 0.002417 6.278442e-03
1079 0.010790000 0.002388128 0.002328187 0.002417 6.280957e-03
1080 0.010800000 0.002368941 0.002328150 0.002417 6.283469e-03
1081 0.010810000 0.002371750 0.002328115 0.002417 6.285979e-03
1082 0.010820000 0.002389295 0.002328093 0.002417 6.288486e-03
1083 0.010830000 0.002372746 0.002328059 0.002417 6.290991e-03
1084 0.010840000 0.002373946 0.002328026 0.002417 6.293493e-03
1085 0.010850000 0.002375948 0.002327995 0.002417 6.295993e-03
1086 0.010860000 0.002382287 0.002327970 0.002417 6.298491e-03
1087 0.010870000 0.002371911 0.002327935 0.002417 6.300986e-03
1088 0.010880000 0.002411894 0.002327937 0.002417 6.303479e-03
1089 0.010890000 0.002433079 0.002327957 0.002417 6.305969e-03
1090 0.010900000 0.002482354 0.002328023 0.002417 6.308457e-03
1091 0.010910000 0.002411806 0.002328023 0.002417 6.310943e-03
1092 0.010920000 0.002456340 0.002328027 0.002417 6.313426e-03
1093 0.010930000 0.002455627 0.002328069 0.002417 6.315907e-03
1094 0.010940000 0.002540451 0.002328184 0.002417 6.318385e-03
1095 0.010950000 0.002369215 0.002328146 0.002417 6.320861e-03
1096 0.010960000 0.002385021 0.002328123 0.002417 6.323335e-03
1097 0.010970000 0.002376388 0.002328091 0.002417 6.325806e-03
1098 0.010980000 0.002371178 0.002328054 0.002417 6.328275e-03
1099 0.010990000 0.002415234 0.002328019 0.002417 6.330742e-03
1100 0.011000000 0.006324328 0.002327989 0.002417 6.333206e-03
1101 0.011010000 0.002375815 0.002327957 0.002417 6.335668e-03
1102 0.011020000 0.002392552 0.002327942 0.002417 6.338127e-03
1103 0.011030000 0.002376269 0.002327912 0.002417 6.340585e-03
1104 0.011040000 0.002411981 0.002327913 0.002417 6.343039e-03
1105 0.011050000 0.002424805 0.002327887 0.002417 6.345492e-03
1106 0.011060000 0.002375270 0.002327855 0.002417 6.347942e-03
1107 0.011070000 0.002377449 0.002327826 0.002417 6.350390e-03
1108 0.011080000 0.002384809 0.002327803 0.002417 6.352835e-03
1109 0.011090000 0.002392848 0.002327770 0.002417 6.355278e-03
1110 0.011100000 0.002475370 0.002327820 0.002417 6.357719e-03
1111 0.011110000 0.003383600 0.002328635 0.002417 6.360158e-03
1112 0.011120000 0.002606854 0.002328778 0.002417 6.362594e-03
1113 0.011130000 0.002474584 0.002328826 0.002417 6.365028e-03
1114 0.011140000 0.002460735 0.002328868 0.002417 6.367459e-03
1115 0.011150000 0.002433586 0.002328888 0.002417 6.369889e-03
1116 0.011160000 0.002386448 0.002328866 0.002417 6.372316e-03
1117 0.011170000 0.002461590 0.002328864 0.002417 6.374740e-03
1118 0.011180000 0.002526493 0.002328965 0.002417 6.377163e-03
1119 0.011190000 0.002501370 0.002329036 0.002417 6.379583e-03
1120 0.011200000 0.002611286 0.002329213 0.002417 6.382001e-03
1121 0.011210000 0.002440539 0.002329237 0.002417 6.384416e-03
1122 0.011220000 0.002538394 0.002329348 0.002417 6.386830e-03
1123 0.011230000 0.002417218 0.002329352 0.002417 6.389241e-03
1124 0.011240000 0.002369181 0.002329315 0.002417 6.391649e-03
1125 0.011250000 0.006534724 0.002329388 0.002417 6.394056e-03
1126 0.011260000 0.002406571 0.002329383 0.002417 6.396460e-03
1127 0.011270000 0.002368553 0.002329346 0.002417 6.398862e-03
1128 0.011280000 0.002504580 0.002329429 0.002417 6.401262e-03
1129 0.011290000 0.002380334 0.002329400 0.002417 6.403659e-03
1130 0.011300000 0.002562708 0.002329533 0.002417 6.406055e-03
1131 0.011310000 0.002480738 0.002329593 0.002417 6.408448e-03
1132 0.011320000 0.002427246 0.002329606 0.002417 6.410838e-03
1133 0.011330000 0.002378486 0.002329577 0.002417 6.413227e-03
1134 0.011340000 0.002608689 0.002329749 0.002417 6.415613e-03
1135 0.011350000 0.002451372 0.002329783 0.002417 6.417997e-03
1136 0.011360000 0.002459594 0.002329824 0.002417 6.420379e-03
1137 0.011370000 0.002414398 0.002329825 0.002417 6.422759e-03
1138 0.011380000 0.002576504 0.002329965 0.002417 6.425136e-03
1139 0.011390000 0.002431430 0.002329981 0.002417 6.427511e-03
1140 0.011400000 0.002498649 0.002330057 0.002417 6.429884e-03
1141 0.011410000 0.002461589 0.002330100 0.002417 6.432255e-03
1142 0.011420000 0.002569822 0.002330217 0.002417 6.434624e-03
1143 0.011430000 0.002534432 0.002330307 0.002417 6.436990e-03
1144 0.011440000 0.002651848 0.002330466 0.002417 6.439355e-03
1145 0.011450000 0.002368398 0.002330427 0.002417 6.441717e-03
1146 0.011460000 0.002399519 0.002330415 0.002417 6.444077e-03
1147 0.011470000 0.002406304 0.002330409 0.002417 6.446434e-03
1148 0.011480000 0.002895795 0.002330828 0.002417 6.448790e-03
1149 0.011490000 0.002447752 0.002330858 0.002417 6.451143e-03
1150 0.011500000 0.006696563 0.002331052 0.002417 6.453494e-03
1151 0.011510000 0.002384155 0.002331026 0.002417 6.455843e-03
1152 0.011520000 0.002373739 0.002330992 0.002417 6.458190e-03
1153 0.011530000 0.002370330 0.002330956 0.002417 6.460535e-03
1154 0.011540000 0.002512367 0.002331042 0.002417 6.462877e-03
1155 0.011550000 0.002626998 0.002331225 0.002417 6.465218e-03
1156 0.011560000 0.002412504 0.002331216 0.002417 6.467556e-03
1157 0.011570000 0.002374151 0.002331183 0.002417 6.469892e-03
1158 0.011580000 0.002390120 0.002331163 0.002417 6.472226e-03
1159 0.011590000 0.002372838 0.002331128 0.002417 6.474558e-03
1160 0.011600000 0.002386976 0.002331103 0.002417 6.476888e-03
1161 0.011610000 0.002428911 0.002331115 0.002417 6.479215e-03
1162 0.011620000 0.002463393 0.002331157 0.002417 6.481541e-03
1163 0.011630000 0.002429398 0.002331169 0.002417 6.483864e-03
1164 0.011640000 0.002369927 0.002331132 0.002417 6.486185e-03
1165 0.011650000 0.002368280 0.002331094 0.002417 6.488504e-03
1166 0.011660000 0.002390161 0.002331074 0.002417 6.490821e-03
1167 0.011670000 0.002368073 0.002331036 0.002417 6.493136e-03
1168 0.011680000 0.002377283 0.002331006 0.002417 6.495449e-03
1169 0.011690000 0.002482808 0.002331063 0.002417 6.497760e-03
1170 0.011700000 0.002402604 0.002331053 0.002417 6.500068e-03
1171 0.011710000 0.002368866 0.002331015 0.002417 6.502375e-03
1172 0.011720000 0.002377492 0.002330985 0.002417 6.504679e-03
1173 0.011730000 0.002379981 0.002330956 0.002417 6.506981e-03
1174 0.011740000 0.002444524 0.002330984 0.002417 6.509282e-03
1175 0.011750000 0.006898467 0.002331057 0.002417 6.511580e-03
1176 0.011760000 0.002371684 0.002331022 0.002417 6.513876e-03
1177 0.011770000 0.002380891 0.002330995 0.002417 6.516170e-03
1178 0.011780000 0.002369109 0.002330958 0.002417 6.518462e-03
1179 0.011790000 0.002368501 0.002330921 0.002417 6.520752e-03
1180 0.011800000 0.002401138 0.002330912 0.002417 6.523039e-03
1181 0.011810000 0.002437780 0.002330932 0.002417 6.525325e-03
1182 0.011820000 0.002379438 0.002330904 0.002417 6.527609e-03
1183 0.011830000 0.002381256 0.002330878 0.002417 6.529890e-03
1184 0.011840000 0.002371921 0.002330844 0.002417 6.532170e-03
1185 0.011850000 0.002368344 0.002330807 0.002417 6.534448e-03
1186 0.011860000 0.002373565 0.002330774 0.002417 6.536723e-03
1187 0.011870000 0.002369161 0.002330738 0.002417 6.538996e-03
1188 0.011880000 0.002382381 0.002330713 0.002417 6.541268e-03
1189 0.011890000 0.002377320 0.002330684 0.002417 6.543537e-03
1190 0.011900000 0.002369468 0.002330645 0.002417 6.545805e-03
1191 0.011910000 0.002367427 0.002330608 0.002417 6.548070e-03
1192 0.011920000 0.002370177 0.002330573 0.002417 6.550333e-03
1193 0.011930000 0.002370057 0.002330538 0.002417 6.552595e-03
1194 0.011940000 0.002368327 0.002330501 0.002417 6.554854e-03
1195 0.011950000 0.002377105 0.002330472 0.002417 6.557111e-03
1196 0.011960000 0.002369316 0.002330437 0.002417 6.559366e-03
1197 0.011970000 0.002366675 0.002330399 0.002417 6.561620e-03
1198 0.011980000 0.002370411 0.002330362 0.002417 6.563871e-03
1199 0.011990000 0.002367191 0.002330325 0.002417 6.566120e-03
1200 0.012000000 0.006439665 0.002330289 0.002417 6.568367e-03
1201 0.012010000 0.002454716 0.002330324 0.002417 6.570613e-03
1202 0.012020000 0.002367741 0.002330287 0.002417 6.572856e-03
1203 0.012030000 0.002370661 0.002330251 0.002417 6.575097e-03
1204 0.012040000 0.002367865 0.002330215 0.002417 6.577336e-03
1205 0.012050000 0.002370551 0.002330181 0.002417 6.579574e-03
1206 0.012060000 0.002535502 0.002330282 0.002417 6.581809e-03
1207 0.012070000 0.002456725 0.002330317 0.002417 6.584042e-03
1208 0.012080000 0.002623067 0.002330419 0.002417 6.586274e-03
1209 0.012090000 0.002375339 0.002330388 0.002417 6.588503e-03
1210 0.012100000 0.002366420 0.002330350 0.002417 6.590731e-03
1211 0.012110000 0.002374090 0.002330319 0.002417 6.592956e-03
1212 0.012120000 0.002386148 0.002330298 0.002417 6.595180e-03
1213 0.012130000 0.002364507 0.002330259 0.002417 6.597401e-03
1214 0.012140000 0.002384506 0.002330236 0.002417 6.599621e-03
1215 0.012150000 0.002378821 0.002330209 0.002417 6.601839e-03
1216 0.012160000 0.002394982 0.002330188 0.002417 6.604054e-03
1217 0.012170000 0.002382870 0.002330164 0.002417 6.606268e-03
1218 0.012180000 0.002383310 0.002330140 0.002417 6.608480e-03
1219 0.012190000 0.002368991 0.002330106 0.002417 6.610690e-03
1220 0.012200000 0.002369400 0.002330069 0.002417 6.612898e-03
1221 0.012210000 0.002407497 0.002330065 0.002417 6.615104e-03
1222 0.012220000 0.002373932 0.002330034 0.002417 6.617308e-03
1223 0.012230000 0.002367674 0.002329998 0.002417 6.619510e-03
1224 0.012240000 0.002396601 0.002329985 0.002417 6.621710e-03
1225 0.012250000 0.006295407 0.002329953 0.002417 6.623909e-03
1226 0.012260000 0.002472397 0.002330002 0.002417 6.626105e-03
1227 0.012270000 0.002370600 0.002329969 0.002417 6.628300e-03
1228 0.012280000 0.002366900 0.002329933 0.002417 6.630492e-03
1229 0.012290000 0.002372803 0.002329901 0.002417 6.632683e-03
1230 0.012300000 0.002371043 0.002329868 0.002417 6.634872e-03
1231 0.012310000 0.002366289 0.002329832 0.002417 6.637059e-03
1232 0.012320000 0.002366515 0.002329796 0.002417 6.639244e-03
1233 0.012330000 0.002371434 0.002329764 0.002417 6.641427e-03
1234 0.012340000 0.002369037 0.002329730 0.002417 6.643608e-03
1235 0.012350000 0.002377652 0.002329699 0.002417 6.645788e-03
1236 0.012360000 0.002372232 0.002329667 0.002417 6.647965e-03
1237 0.012370000 0.002376482 0.002329639 0.002417 6.650141e-03
1238 0.012380000 0.002370651 0.002329606 0.002417 6.652315e-03
1239 0.012390000 0.002366950 0.002329571 0.002417 6.654486e-03
1240 0.012400000 0.002408084 0.002329568 0.002417 6.656656e-03
1241 0.012410000 0.002462038 0.002329605 0.002417 6.658825e-03
1242 0.012420000 0.002377024 0.002329578 0.002417 6.660991e-03
1243 0.012430000 0.002371006 0.002329545 0.002417 6.663155e-03
1244 0.012440000 0.002366562 0.002329510 0.002417 6.665318e-03
1245 0.012450000 0.002367523 0.002329475 0.002417 6.667478e-03
1246 0.012460000 0.002369636 0.002329442 0.002417 6.669637e-03
1247 0.012470000 0.002383385 0.002329420 0.002417 6.671794e-03
1248 0.012480000 0.002369561 0.002329387 0.002417 6.673949e-03
1249 0.012490000 0.002366828 0.002329352 0.002417 6.676102e-03
1250 0.012500000 0.006297859 0.002329317 0.002417 6.678254e-03
1251 0.012510000 0.002411099 0.002329317 0.002417 6.680404e-03
1252 0.012520000 0.002367186 0.002329283 0.002417 6.682551e-03
1253 0.012530000 0.002380523 0.002329258 0.002417 6.684697e-03
1254 0.012540000 0.002368442 0.002329225 0.002417 6.686841e-03
1255 0.012550000 0.002365627 0.002329190 0.002417 6.688984e-03
1256 0.012560000 0.002364837 0.002329153 0.002417 6.691124e-03
1257 0.012570000 0.002365783 0.002329118 0.002417 6.693263e-03
1258 0.012580000 0.002375001 0.002329088 0.002417 6.695399e-03
1259 0.012590000 0.002371507 0.002329057 0.002417 6.697534e-03
1260 0.012600000 0.002384045 0.002329036 0.002417 6.699667e-03
1261 0.012610000 0.002369733 0.002329003 0.002417 6.701799e-03
1262 0.012620000 0.002368119 0.002328970 0.002417 6.703928e-03
1263 0.012630000 0.002366147 0.002328935 0.002417 6.706056e-03
1264 0.012640000 0.002380789 0.002328909 0.002417 6.708182e-03
1265 0.012650000 0.002366305 0.002328875 0.002417 6.710306e-03
1266 0.012660000 0.002367766 0.002328841 0.002417 6.712429e-03
1267 0.012670000 0.002373259 0.002328812 0.002417 6.714549e-03
1268 0.012680000 0.002366123 0.002328777 0.002417 6.716668e-03
1269 0.012690000 0.002365953 0.002328743 0.002417 6.718785e-03
1270 0.012700000 0.002374132 0.002328714 0.002417 6.720900e-03
1271 0.012710000 0.002367509 0.002328681 0.002417 6.723013e-03
1272 0.012720000 0.002366338 0.002328647 0.002417 6.725125e-03
1273 0.012730000 0.002369447 0.002328613 0.002417 6.727235e-03
1274 0.012740000 0.002368400 0.002328580 0.002417 6.729343e-03
1275 0.012750000 0.006323779 0.002328549 0.002417 6.731449e-03
1276 0.012760000 0.002379543 0.002328525 0.002417 6.733554e-03
1277 0.012770000 0.002368882 0.002328493 0.002417 6.735656e-03
1278 0.012780000 0.002369626 0.002328462 0.002417 6.737757e-03
1279 0.012790000 0.002377018 0.002328435 0.002417 6.739857e-03
1280 0.012800000 0.002373702 0.002328407 0.002417 6.741954e-03
1281 0.012810000 0.002368402 0.002328373 0.002417 6.744050e-03
1282 0.012820000 0.002374841 0.002328345 0.002417 6.746144e-03
1283 0.012830000 0.002385715 0.002328327 0.002417 6.748236e-03
1284 0.012840000 0.002373698 0.002328298 0.002417 6.750327e-03
1285 0.012850000 0.002377591 0.002328273 0.002417 6.752415e-03
1286 0.012860000 0.002374499 0.002328246 0.002417 6.754502e-03
1287 0.012870000 0.002375281 0.002328219 0.002417 6.756588e-03
1288 0.012880000 0.002370923 0.002328187 0.002417 6.758671e-03
1289 0.012890000 0.002368214 0.002328155 0.002417 6.760753e-03
1290 0.012900000 0.002370145 0.002328122 0.002417 6.762833e-03
1291 0.012910000 0.002376868 0.002328097 0.002417 6.764911e-03
1292 0.012920000 0.002369673 0.002328066 0.002417 6.766988e-03
1293 0.012930000 0.002387366 0.002328049 0.002417 6.769063e-03
1294 0.012940000 0.002379230 0.002328026 0.002417 6.771136e-03
1295 0.012950000 0.002367434 0.002327993 0.002417 6.773207e-03
1296 0.012960000 0.002367741 0.002327961 0.002417 6.775277e-03
1297 0.012970000 0.002367330 0.002327929 0.002417 6.777345e-03
1298 0.012980000 0.002368832 0.002327898 0.002417 6.779411e-03
1299 0.012990000 0.002380614 0.002327876 0.002417 6.781476e-03
1300 0.013000000 0.006347374 0.002327853 0.002417 6.783539e-03
1301 0.013010000 0.002368996 0.002327822 0.002417 6.785600e-03
1302 0.013020000 0.002369806 0.002327792 0.002417 6.787660e-03
1303 0.013030000 0.002367400 0.002327760 0.002417 6.789717e-03
1304 0.013040000 0.002557185 0.002327847 0.002417 6.791774e-03
1305 0.013050000 0.002836595 0.002328144 0.002417 6.793828e-03
1306 0.013060000 0.002519003 0.002328224 0.002417 6.795881e-03
1307 0.013070000 0.002635217 0.002328338 0.002417 6.797932e-03
1308 0.013080000 0.002714812 0.002328516 0.002417 6.799981e-03
1309 0.013090000 0.002381105 0.002328488 0.002417 6.802029e-03
1310 0.013100000 0.002413902 0.002328491 0.002417 6.804075e-03
1311 0.013110000 0.002394197 0.002328478 0.002417 6.806119e-03
1312 0.013120000 0.002419969 0.002328485 0.002417 6.808162e-03
1313 0.013130000 0.002374941 0.002328459 0.002417 6.810203e-03
1314 0.013140000 0.002388987 0.002328439 0.002417 6.812242e-03
1315 0.013150000 0.002390350 0.002328423 0.002417 6.814280e-03
1316 0.013160000 0.002391368 0.002328409 0.002417 6.816316e-03
1317 0.013170000 0.002379320 0.002328386 0.002417 6.818350e-03
1318 0.013180000 0.002374589 0.002328358 0.002417 6.820383e-03
1319 0.013190000 0.002429242 0.002328371 0.002417 6.822414e-03
1320 0.013200000 0.002368710 0.002328340 0.002417 6.824443e-03
1321 0.013210000 0.002371129 0.002328311 0.002417 6.826471e-03
1322 0.013220000 0.002380954 0.002328289 0.002417 6.828497e-03
1323 0.013230000 0.002371663 0.002328260 0.002417 6.830521e-03
1324 0.013240000 0.002453352 0.002328293 0.002417 6.832544e-03
1325 0.013250000 0.006503981 0.002328301 0.002417 6.834565e-03
1326 0.013260000 0.002609402 0.002328449 0.002417 6.836585e-03
1327 0.013270000 0.002414548 0.002328452 0.002417 6.838603e-03
1328 0.013280000 0.002522430 0.002328537 0.002417 6.840619e-03
1329 0.013290000 0.002402423 0.002328531 0.002417 6.842633e-03
1330 0.013300000 0.002371419 0.002328502 0.002417 6.844646e-03
1331 0.013310000 0.002415787 0.002328506 0.002417 6.846658e-03
1332 0.013320000 0.002419714 0.002328513 0.002417 6.848667e-03
1333 0.013330000 0.002367310 0.002328481 0.002417 6.850676e-03
1334 0.013340000 0.002386020 0.002328462 0.002417 6.852682e-03
1335 0.013350000 0.002373070 0.002328435 0.002417 6.854687e-03
1336 0.013360000 0.002367873 0.002328403 0.002417 6.856690e-03
1337 0.013370000 0.002404842 0.002328399 0.002417 6.858692e-03
1338 0.013380000 0.002396413 0.002328386 0.002417 6.860692e-03
1339 0.013390000 0.002368677 0.002328355 0.002417 6.862690e-03
1340 0.013400000 0.002437748 0.002328358 0.002417 6.864687e-03
1341 0.013410000 0.002380565 0.002328335 0.002417 6.866682e-03
1342 0.013420000 0.002389778 0.002328320 0.002417 6.868676e-03
1343 0.013430000 0.002369980 0.002328287 0.002417 6.870668e-03
1344 0.013440000 0.002376014 0.002328262 0.002417 6.872658e-03
1345 0.013450000 0.002390860 0.002328247 0.002417 6.874647e-03
1346 0.013460000 0.002366393 0.002328215 0.002417 6.876635e-03
1347 0.013470000 0.002365604 0.002328183 0.002417 6.878620e-03
1348 0.013480000 0.002375524 0.002328157 0.002417 6.880604e-03
1349 0.013490000 0.002368039 0.002328126 0.002417 6.882587e-03
1350 0.013500000 0.006299707 0.002328095 0.002417 6.884568e-03
1351 0.013510000 0.002382827 0.002328074 0.002417 6.886547e-03
1352 0.013520000 0.002367007 0.002328043 0.002417 6.888525e-03
1353 0.013530000 0.002370894 0.002328014 0.002417 6.890501e-03
1354 0.013540000 0.002371686 0.002327986 0.002417 6.892476e-03
1355 0.013550000 0.002366948 0.002327954 0.002417 6.894449e-03
1356 0.013560000 0.002369665 0.002327925 0.002417 6.896420e-03
1357 0.013570000 0.002388448 0.002327909 0.002417 6.898390e-03
1358 0.013580000 0.002366309 0.002327878 0.002417 6.900359e-03
1359 0.013590000 0.002370291 0.002327849 0.002417 6.902326e-03
1360 0.013600000 0.002375132 0.002327824 0.002417 6.904291e-03
1361 0.013610000 0.002405040 0.002327811 0.002417 6.906255e-03
1362 0.013620000 0.002371240 0.002327782 0.002417 6.908217e-03
1363 0.013630000 0.002387827 0.002327766 0.002417 6.910177e-03
1364 0.013640000 0.002428192 0.002327779 0.002417 6.912136e-03
1365 0.013650000 0.002368043 0.002327749 0.002417 6.914094e-03
1366 0.013660000 0.002369991 0.002327721 0.002417 6.916050e-03
1367 0.013670000 0.002405269 0.002327718 0.002417 6.918004e-03
1368 0.013680000 0.002494779 0.002327778 0.002417 6.919957e-03
1369 0.013690000 0.002412292 0.002327777 0.002417 6.921909e-03
1370 0.013700000 0.002366374 0.002327746 0.002417 6.923858e-03
1371 0.013710000 0.002380499 0.002327724 0.002417 6.925807e-03
1372 0.013720000 0.002376806 0.002327700 0.002417 6.927754e-03
1373 0.013730000 0.002366292 0.002327669 0.002417 6.929699e-03
1374 0.013740000 0.002384222 0.002327650 0.002417 6.931642e-03
1375 0.013750000 0.006478422 0.002327624 0.002417 6.933585e-03
1376 0.013760000 0.002397371 0.002327614 0.002417 6.935525e-03
1377 0.013770000 0.002367302 0.002327584 0.002417 6.937465e-03
1378 0.013780000 0.002366541 0.002327553 0.002417 6.939402e-03
1379 0.013790000 0.002368904 0.002327524 0.002417 6.941338e-03
1380 0.013800000 0.002378153 0.002327502 0.002417 6.943273e-03
1381 0.013810000 0.002371998 0.002327475 0.002417 6.945206e-03
1382 0.013820000 0.002367819 0.002327445 0.002417 6.947138e-03
1383 0.013830000 0.002386126 0.002327428 0.002417 6.949068e-03
1384 0.013840000 0.002373493 0.002327402 0.002417 6.950996e-03
1385 0.013850000 0.002365185 0.002327371 0.002417 6.952924e-03
1386 0.013860000 0.002375685 0.002327347 0.002417 6.954849e-03
1387 0.013870000 0.002384535 0.002327329 0.002417 6.956773e-03
1388 0.013880000 0.002370201 0.002327301 0.002417 6.958696e-03
1389 0.013890000 0.002372496 0.002327275 0.002417 6.960617e-03
1390 0.013900000 0.002426995 0.002327287 0.002417 6.962537e-03
1391 0.013910000 0.002375380 0.002327262 0.002417 6.964455e-03
1392 0.013920000 0.002395262 0.002327251 0.002417 6.966372e-03
1393 0.013930000 0.002386862 0.002327236 0.002417 6.968287e-03
1394 0.013940000 0.002376225 0.002327212 0.002417 6.970200e-03
1395 0.013950000 0.002381987 0.002327192 0.002417 6.972113e-03
1396 0.013960000 0.002364833 0.002327161 0.002417 6.974023e-03
1397 0.013970000 0.002380767 0.002327140 0.002417 6.975933e-03
1398 0.013980000 0.002365143 0.002327109 0.002417 6.977841e-03
1399 0.013990000 0.002364878 0.002327079 0.002417 6.979747e-03
1400 0.014000000 0.006293131 0.002327048 0.002417 6.981652e-03
1401 0.014010000 0.002365791 0.002327017 0.002417 6.983555e-03
1402 0.014020000 0.002555101 0.002327121 0.002417 6.985457e-03
1403 0.014030000 0.002490012 0.002327177 0.002417 6.987358e-03
1404 0.014040000 0.002397115 0.002327168 0.002417 6.989257e-03
1405 0.014050000 0.002369741 0.002327140 0.002417 6.991154e-03
1406 0.014060000 0.002452192 0.002327171 0.002417 6.993050e-03
1407 0.014070000 0.002494071 0.002327231 0.002417 6.994945e-03
1408 0.014080000 0.002365852 0.002327201 0.002417 6.996838e-03
1409 0.014090000 0.002390833 0.002327188 0.002417 6.998730e-03
1410 0.014100000 0.002379007 0.002327166 0.002417 7.000620e-03
1411 0.014110000 0.002368528 0.002327138 0.002417 7.002509e-03
1412 0.014120000 0.002368920 0.002327110 0.002417 7.004397e-03
1413 0.014130000 0.002372575 0.002327084 0.002417 7.006283e-03
1414 0.014140000 0.002371270 0.002327058 0.002417 7.008167e-03
1415 0.014150000 0.002379626 0.002327037 0.002417 7.010050e-03
1416 0.014160000 0.002375509 0.002327013 0.002417 7.011932e-03
1417 0.014170000 0.002372249 0.002326987 0.002417 7.013812e-03
1418 0.014180000 0.002368264 0.002326959 0.002417 7.015691e-03
1419 0.014190000 0.002365830 0.002326929 0.002417 7.017569e-03
1420 0.014200000 0.002374867 0.002326905 0.002417 7.019445e-03
1421 0.014210000 0.002377785 0.002326883 0.002417 7.021319e-03
1422 0.014220000 0.002369964 0.002326857 0.002417 7.023192e-03
1423 0.014230000 0.002378859 0.002326835 0.002417 7.025064e-03
1424 0.014240000 0.002366650 0.002326806 0.002417 7.026934e-03
1425 0.014250000 0.006289453 0.002326778 0.002417 7.028803e-03
1426 0.014260000 0.002379745 0.002326752 0.002417 7.030671e-03
1427 0.014270000 0.002366356 0.002326723 0.002417 7.032537e-03
1428 0.014280000 0.002373917 0.002326699 0.002417 7.034402e-03
1429 0.014290000 0.002371969 0.002326673 0.002417 7.036265e-03
1430 0.014300000 0.002368977 0.002326645 0.002417 7.038127e-03
1431 0.014310000 0.002368441 0.002326616 0.002417 7.039987e-03
1432 0.014320000 0.002383346 0.002326598 0.002417 7.041846e-03
1433 0.014330000 0.002373277 0.002326573 0.002417 7.043704e-03
1434 0.014340000 0.002366898 0.002326545 0.002417 7.045560e-03
1435 0.014350000 0.002374185 0.002326520 0.002417 7.047415e-03
1436 0.014360000 0.002374978 0.002326497 0.002417 7.049268e-03
1437 0.014370000 0.002367236 0.002326468 0.002417 7.051120e-03
1438 0.014380000 0.002380122 0.002326445 0.002417 7.052971e-03
1439 0.014390000 0.002374268 0.002326421 0.002417 7.054820e-03
1440 0.014400000 0.002368113 0.002326394 0.002417 7.056668e-03
1441 0.014410000 0.002371266 0.002326368 0.002417 7.058515e-03
1442 0.014420000 0.002375966 0.002326346 0.002417 7.060360e-03
1443 0.014430000 0.002374778 0.002326323 0.002417 7.062204e-03
1444 0.014440000 0.002379914 0.002326303 0.002417 7.064046e-03
1445 0.014450000 0.002365387 0.002326274 0.002417 7.065887e-03
1446 0.014460000 0.002398687 0.002326251 0.002417 7.067727e-03
1447 0.014470000 0.002469551 0.002326284 0.002417 7.069565e-03
1448 0.014480000 0.002408754 0.002326285 0.002417 7.071402e-03
1449 0.014490000 0.002372500 0.002326259 0.002417 7.073238e-03
1450 0.014500000 0.006422272 0.002326296 0.002417 7.075072e-03
1451 0.014510000 0.002373084 0.002326271 0.002417 7.076905e-03
1452 0.014520000 0.002370329 0.002326245 0.002417 7.078736e-03
1453 0.014530000 0.002370317 0.002326219 0.002417 7.080566e-03
1454 0.014540000 0.002372743 0.002326194 0.002417 7.082395e-03
1455 0.014550000 0.002389129 0.002326179 0.002417 7.084222e-03
1456 0.014560000 0.002370256 0.002326153 0.002417 7.086048e-03
1457 0.014570000 0.002368409 0.002326126 0.002417 7.087873e-03
1458 0.014580000 0.002369911 0.002326100 0.002417 7.089696e-03
1459 0.014590000 0.002372119 0.002326076 0.002417 7.091518e-03
1460 0.014600000 0.002366037 0.002326048 0.002417 7.093339e-03
1461 0.014610000 0.002373590 0.002326025 0.002417 7.095158e-03
1462 0.014620000 0.002385030 0.002326009 0.002417 7.096976e-03
1463 0.014630000 0.002367492 0.002325981 0.002417 7.098793e-03
1464 0.014640000 0.002370396 0.002325956 0.002417 7.100608e-03
1465 0.014650000 0.002371161 0.002325930 0.002417 7.102422e-03
1466 0.014660000 0.002370883 0.002325905 0.002417 7.104235e-03
1467 0.014670000 0.002378070 0.002325885 0.002417 7.106046e-03
1468 0.014680000 0.002384842 0.002325870 0.002417 7.107856e-03
1469 0.014690000 0.002379002 0.002325850 0.002417 7.109664e-03
1470 0.014700000 0.002369812 0.002325822 0.002417 7.111472e-03
1471 0.014710000 0.002367118 0.002325795 0.002417 7.113278e-03
1472 0.014720000 0.002385239 0.002325780 0.002417 7.115082e-03
1473 0.014730000 0.002385263 0.002325765 0.002417 7.116886e-03
1474 0.014740000 0.002366788 0.002325737 0.002417 7.118688e-03
1475 0.014750000 0.006307887 0.002325711 0.002417 7.120488e-03
1476 0.014760000 0.002370170 0.002325686 0.002417 7.122288e-03
1477 0.014770000 0.002367186 0.002325659 0.002417 7.124086e-03
1478 0.014780000 0.002414396 0.002325663 0.002417 7.125882e-03
1479 0.014790000 0.002376208 0.002325642 0.002417 7.127678e-03
1480 0.014800000 0.002373030 0.002325619 0.002417 7.129472e-03
1481 0.014810000 0.002381469 0.002325602 0.002417 7.131265e-03
1482 0.014820000 0.002450664 0.002325631 0.002417 7.133056e-03
1483 0.014830000 0.002369736 0.002325606 0.002417 7.134846e-03
1484 0.014840000 0.002376042 0.002325585 0.002417 7.136635e-03
1485 0.014850000 0.002372455 0.002325561 0.002417 7.138423e-03
1486 0.014860000 0.002374307 0.002325539 0.002417 7.140209e-03
1487 0.014870000 0.002367149 0.002325513 0.002417 7.141994e-03
1488 0.014880000 0.002391368 0.002325501 0.002417 7.143778e-03
1489 0.014890000 0.002376101 0.002325480 0.002417 7.145560e-03
1490 0.014900000 0.002379776 0.002325462 0.002417 7.147341e-03
1491 0.014910000 0.002381534 0.002325443 0.002417 7.149121e-03
1492 0.014920000 0.002369790 0.002325417 0.002417 7.150900e-03
1493 0.014930000 0.002371245 0.002325393 0.002417 7.152677e-03
1494 0.014940000 0.002369185 0.002325366 0.002417 7.154453e-03
1495 0.014950000 0.002421564 0.002325360 0.002417 7.156228e-03
1496 0.014960000 0.002424527 0.002325371 0.002417 7.158001e-03
1497 0.014970000 0.002413263 0.002325375 0.002417 7.159773e-03
1498 0.014980000 0.002369513 0.002325351 0.002417 7.161544e-03
1499 0.014990000 0.002370335 0.002325326 0.002417 7.163314e-03
1500 0.015000000 0.007574250 0.002325299 0.002417 7.165082e-03
1501 0.015010000 0.003322485 0.002325876 0.002417 7.166849e-03
1502 0.015020000 0.003362023 0.002326478 0.002417 7.168615e-03
1503 0.015030000 0.003388792 0.002327096 0.002417 7.170379e-03
1504 0.015040000 0.003388013 0.002327696 0.002417 7.172143e-03
1505 0.015050000 0.003372252 0.002328300 0.002417 7.173905e-03
1506 0.015060000 0.003412683 0.002328924 0.002417 7.175665e-03
1507 0.015070000 0.003401409 0.002329543 0.002417 7.177425e-03
1508 0.015080000 0.003455974 0.002330200 0.002417 7.179183e-03
1509 0.015090000 0.003230303 0.002330707 0.002417 7.180940e-03
1510 0.015100000 0.002832890 0.002330956 0.002417 7.182696e-03
1511 0.015110000 0.002678200 0.002331116 0.002417 7.184450e-03
1512 0.015120000 0.002480401 0.002331160 0.002417 7.186203e-03
1513 0.015130000 0.002465042 0.002331178 0.002417 7.187955e-03
1514 0.015140000 0.002462189 0.002331201 0.002417 7.189706e-03
1515 0.015150000 0.002450298 0.002331226 0.002417 7.191455e-03
1516 0.015160000 0.002512554 0.002331270 0.002417 7.193204e-03
1517 0.015170000 0.002450381 0.002331294 0.002417 7.194950e-03
1518 0.015180000 0.002504110 0.002331352 0.002417 7.196696e-03
1519 0.015190000 0.002566167 0.002331449 0.002417 7.198441e-03
1520 0.015200000 0.002453327 0.002331475 0.002417 7.200184e-03
1521 0.015210000 0.002462104 0.002331506 0.002417 7.201926e-03
1522 0.015220000 0.002413721 0.002331504 0.002417 7.203667e-03
1523 0.015230000 0.002382510 0.002331484 0.002417 7.205406e-03
1524 0.015240000 0.002422713 0.002331489 0.002417 7.207144e-03
1525 0.015250000 0.006297578 0.002331478 0.002417 7.208881e-03
1526 0.015260000 0.002372666 0.002331451 0.002417 7.210617e-03
1527 0.015270000 0.002374390 0.002331425 0.002417 7.212352e-03
1528 0.015280000 0.002371246 0.002331398 0.002417 7.214085e-03
1529 0.015290000 0.002393442 0.002331385 0.002417 7.215817e-03
1530 0.015300000 0.002460261 0.002331412 0.002417 7.217548e-03
1531 0.015310000 0.002428954 0.002331411 0.002417 7.219278e-03
1532 0.015320000 0.002372691 0.002331383 0.002417 7.221007e-03
1533 0.015330000 0.002369086 0.002331354 0.002417 7.222734e-03
1534 0.015340000 0.002369418 0.002331326 0.002417 7.224460e-03
1535 0.015350000 0.002379059 0.002331302 0.002417 7.226185e-03
1536 0.015360000 0.002375228 0.002331277 0.002417 7.227908e-03
1537 0.015370000 0.002695037 0.002331460 0.002417 7.229631e-03
1538 0.015380000 0.002368508 0.002331431 0.002417 7.231352e-03
1539 0.015390000 0.002372704 0.002331404 0.002417 7.233072e-03
1540 0.015400000 0.002378411 0.002331382 0.002417 7.234791e-03
1541 0.015410000 0.002370677 0.002331354 0.002417 7.236509e-03
1542 0.015420000 0.002387327 0.002331338 0.002417 7.238225e-03
1543 0.015430000 0.002369458 0.002331310 0.002417 7.239940e-03
1544 0.015440000 0.002370133 0.002331281 0.002417 7.241654e-03
1545 0.015450000 0.002369755 0.002331254 0.002417 7.243367e-03
1546 0.015460000 0.002379499 0.002331232 0.002417 7.245079e-03
1547 0.015470000 0.002371976 0.002331203 0.002417 7.246789e-03
1548 0.015480000 0.002376564 0.002331180 0.002417 7.248498e-03
1549 0.015490000 0.002937574 0.002331518 0.002417 7.250206e-03
1550 0.015500000 0.006285537 0.002331494 0.002417 7.251913e-03
1551 0.015510000 0.002374077 0.002331469 0.002417 7.253619e-03
1552 0.015520000 0.002367407 0.002331440 0.002417 7.255323e-03
1553 0.015530000 0.002369666 0.002331412 0.002417 7.257027e-03
1554 0.015540000 0.002382939 0.002331393 0.002417 7.258729e-03
1555 0.015550000 0.002368159 0.002331364 0.002417 7.260430e-03
1556 0.015560000 0.002372062 0.002331338 0.002417 7.262129e-03
1557 0.015570000 0.002386567 0.002331322 0.002417 7.263828e-03
1558 0.015580000 0.002374804 0.002331297 0.002417 7.265525e-03
1559 0.015590000 0.002377042 0.002331271 0.002417 7.267222e-03
1560 0.015600000 0.002381776 0.002331251 0.002417 7.268917e-03
1561 0.015610000 0.002371122 0.002331225 0.002417 7.270611e-03
1562 0.015620000 0.002366305 0.002331195 0.002417 7.272303e-03
1563 0.015630000 0.002374959 0.002331171 0.002417 7.273995e-03
1564 0.015640000 0.002372818 0.002331146 0.002417 7.275685e-03
1565 0.015650000 0.002366070 0.002331116 0.002417 7.277374e-03
1566 0.015660000 0.002373728 0.002331088 0.002417 7.279062e-03
1567 0.015670000 0.002374366 0.002331059 0.002417 7.280749e-03
1568 0.015680000 0.002370189 0.002331031 0.002417 7.282435e-03
1569 0.015690000 0.002382186 0.002331011 0.002417 7.284120e-03
1570 0.015700000 0.002369245 0.002330984 0.002417 7.285803e-03
1571 0.015710000 0.002375183 0.002330960 0.002417 7.287485e-03
1572 0.015720000 0.002369056 0.002330933 0.002417 7.289166e-03
1573 0.015730000 0.002369599 0.002330905 0.002417 7.290846e-03
1574 0.015740000 0.002369485 0.002330876 0.002417 7.292525e-03
1575 0.015750000 0.006248128 0.002330848 0.002417 7.294203e-03
1576 0.015760000 0.002370281 0.002330821 0.002417 7.295879e-03
1577 0.015770000 0.002376831 0.002330797 0.002417 7.297555e-03
1578 0.015780000 0.002367580 0.002330769 0.002417 7.299229e-03
1579 0.015790000 0.002367286 0.002330740 0.002417 7.300902e-03
1580 0.015800000 0.002371644 0.002330715 0.002417 7.302574e-03
1581 0.015810000 0.002366688 0.002330686 0.002417 7.304244e-03
1582 0.015820000 0.002366371 0.002330657 0.002417 7.305914e-03
1583 0.015830000 0.002374967 0.002330634 0.002417 7.307583e-03
1584 0.015840000 0.002371643 0.002330608 0.002417 7.309250e-03
1585 0.015850000 0.002372280 0.002330582 0.002417 7.310916e-03
1586 0.015860000 0.002400482 0.002330572 0.002417 7.312581e-03
1587 0.015870000 0.002413399 0.002330573 0.002417 7.314245e-03
1588 0.015880000 0.002400256 0.002330565 0.002417 7.315908e-03
1589 0.015890000 0.002490953 0.002330614 0.002417 7.317570e-03
1590 0.015900000 0.002372402 0.002330589 0.002417 7.319230e-03
1591 0.015910000 0.002367080 0.002330560 0.002417 7.320890e-03
1592 0.015920000 0.002367558 0.002330532 0.002417 7.322548e-03
1593 0.015930000 0.002370032 0.002330506 0.002417 7.324205e-03
1594 0.015940000 0.002367575 0.002330478 0.002417 7.325861e-03
1595 0.015950000 0.002373501 0.002330454 0.002417 7.327516e-03
1596 0.015960000 0.002366635 0.002330424 0.002417 7.329170e-03
1597 0.015970000 0.002365140 0.002330395 0.002417 7.330823e-03
1598 0.015980000 0.002367020 0.002330368 0.002417 7.332475e-03
1599 0.015990000 0.002364669 0.002330338 0.002417 7.334125e-03
1600 0.016000000 0.006358732 0.002330317 0.002417 7.335774e-03
1601 0.016010000 0.002491683 0.002330367 0.002417 7.337423e-03
1602 0.016020000 0.002387585 0.002330343 0.002417 7.339070e-03
1603 0.016030000 0.002363996 0.002330286 0.002417 7.340716e-03
1604 0.016040000 0.002315162 0.002330227 0.002417 7.342361e-03
1605 0.016050000 0.002360176 0.002330197 0.002417 7.344005e-03
1606 0.016060000 0.002412869 0.002330198 0.002417 7.345648e-03
1607 0.016070000 0.002533051 0.002330250 0.002417 7.347289e-03
1608 0.016080000 0.002502639 0.002330306 0.002417 7.348930e-03
1609 0.016090000 0.002338275 0.002330261 0.002417 7.350569e-03
1610 0.016100000 0.002311058 0.002330200 0.002417 7.352207e-03
1611 0.016110000 0.002313394 0.002330140 0.002417 7.353845e-03
1612 0.016120000 0.002324009 0.002330087 0.002417 7.355481e-03
1613 0.016130000 0.002310452 0.002330025 0.002417 7.357116e-03
1614 0.016140000 0.002361985 0.002329996 0.002417 7.358750e-03
1615 0.016150000 0.002311042 0.002329935 0.002417 7.360383e-03
1616 0.016160000 0.002309646 0.002329874 0.002417 7.362015e-03
1617 0.016170000 0.002311848 0.002329813 0.002417 7.363645e-03
1618 0.016180000 0.002316246 0.002329756 0.002417 7.365275e-03
1619 0.016190000 0.002350805 0.002329720 0.002417 7.366903e-03
1620 0.016200000 0.002310038 0.002329659 0.002417 7.368531e-03
1621 0.016210000 0.002315098 0.002329600 0.002417 7.370157e-03
1622 0.016220000 0.002568189 0.002329656 0.002417 7.371782e-03
1623 0.016230000 0.002338737 0.002329598 0.002417 7.373407e-03
1624 0.016240000 0.002310297 0.002329537 0.002417 7.375030e-03
1625 0.016250000 0.006501361 0.002329488 0.002417 7.376652e-03
1626 0.016260000 0.002476198 0.002329528 0.002417 7.378273e-03
1627 0.016270000 0.002517472 0.002329594 0.002417 7.379893e-03
1628 0.016280000 0.002583955 0.002329700 0.002417 7.381511e-03
1629 0.016290000 0.002363764 0.002329672 0.002417 7.383129e-03
1630 0.016300000 0.002310211 0.002329611 0.002417 7.384746e-03
1631 0.016310000 0.002311970 0.002329552 0.002417 7.386361e-03
1632 0.016320000 0.002349070 0.002329515 0.002417 7.387976e-03
1633 0.016330000 0.002437472 0.002329532 0.002417 7.389590e-03
1634 0.016340000 0.002354108 0.002329499 0.002417 7.391202e-03
1635 0.016350000 0.002320044 0.002329443 0.002417 7.392813e-03
1636 0.016360000 0.002353157 0.002329409 0.002417 7.394424e-03
1637 0.016370000 0.002312462 0.002329350 0.002417 7.396033e-03
1638 0.016380000 0.002398473 0.002329326 0.002417 7.397641e-03
1639 0.016390000 0.002421659 0.002329333 0.002417 7.399248e-03
1640 0.016400000 0.002370444 0.002329309 0.002417 7.400854e-03
1641 0.016410000 0.002373536 0.002329286 0.002417 7.402459e-03
1642 0.016420000 0.002378025 0.002329267 0.002417 7.404063e-03
1643 0.016430000 0.002370492 0.002329242 0.002417 7.405666e-03
1644 0.016440000 0.002366050 0.002329215 0.002417 7.407268e-03
1645 0.016450000 0.002372078 0.002329192 0.002417 7.408869e-03
1646 0.016460000 0.002366279 0.002329165 0.002417 7.410468e-03
1647 0.016470000 0.002389731 0.002329146 0.002417 7.412067e-03
1648 0.016480000 0.002383537 0.002329128 0.002417 7.413665e-03
1649 0.016490000 0.002366512 0.002329102 0.002417 7.415261e-03
1650 0.016500000 0.006252941 0.002329076 0.002417 7.416857e-03
1651 0.016510000 0.002373284 0.002329053 0.002417 7.418451e-03
1652 0.016520000 0.002378334 0.002329033 0.002417 7.420045e-03
1653 0.016530000 0.002367571 0.002329007 0.002417 7.421637e-03
1654 0.016540000 0.002368476 0.002328981 0.002417 7.423229e-03
1655 0.016550000 0.002365990 0.002328954 0.002417 7.424819e-03
1656 0.016560000 0.002367888 0.002328928 0.002417 7.426408e-03
1657 0.016570000 0.002366303 0.002328902 0.002417 7.427997e-03
1658 0.016580000 0.002372814 0.002328879 0.002417 7.429584e-03
1659 0.016590000 0.002369966 0.002328855 0.002417 7.431170e-03
1660 0.016600000 0.002366698 0.002328829 0.002417 7.432755e-03
1661 0.016610000 0.002366554 0.002328803 0.002417 7.434340e-03
1662 0.016620000 0.002368721 0.002328776 0.002417 7.435923e-03
1663 0.016630000 0.002368635 0.002328751 0.002417 7.437505e-03
1664 0.016640000 0.002414868 0.002328754 0.002417 7.439086e-03
1665 0.016650000 0.002444263 0.002328774 0.002417 7.440666e-03
1666 0.016660000 0.002366687 0.002328748 0.002417 7.442245e-03
1667 0.016670000 0.002424191 0.002328756 0.002417 7.443823e-03
1668 0.016680000 0.002369909 0.002328731 0.002417 7.445400e-03
1669 0.016690000 0.002369990 0.002328707 0.002417 7.446976e-03
1670 0.016700000 0.002374575 0.002328686 0.002417 7.448551e-03
1671 0.016710000 0.002366406 0.002328660 0.002417 7.450125e-03
1672 0.016720000 0.002369362 0.002328635 0.002417 7.451698e-03
1673 0.016730000 0.002366717 0.002328610 0.002417 7.453270e-03
1674 0.016740000 0.002372391 0.002328587 0.002417 7.454841e-03
1675 0.016750000 0.006294444 0.002328560 0.002417 7.456411e-03
1676 0.016760000 0.002455620 0.002328587 0.002417 7.457980e-03
1677 0.016770000 0.002511726 0.002328648 0.002417 7.459548e-03
1678 0.016780000 0.002366862 0.002328623 0.002417 7.461115e-03
1679 0.016790000 0.002367012 0.002328597 0.002417 7.462681e-03
1680 0.016800000 0.002368861 0.002328571 0.002417 7.464245e-03
1681 0.016810000 0.002385361 0.002328555 0.002417 7.465809e-03
1682 0.016820000 0.002369630 0.002328531 0.002417 7.467372e-03
1683 0.016830000 0.002365992 0.002328505 0.002417 7.468934e-03
1684 0.016840000 0.002367277 0.002328480 0.002417 7.470495e-03
1685 0.016850000 0.002373125 0.002328458 0.002417 7.472055e-03
1686 0.016860000 0.002384705 0.002328438 0.002417 7.473614e-03
1687 0.016870000 0.002385094 0.002328423 0.002417 7.475172e-03
1688 0.016880000 0.002367541 0.002328398 0.002417 7.476729e-03
1689 0.016890000 0.002368953 0.002328374 0.002417 7.478285e-03
1690 0.016900000 0.002368501 0.002328349 0.002417 7.479839e-03
1691 0.016910000 0.002367919 0.002328325 0.002417 7.481393e-03
1692 0.016920000 0.002365819 0.002328299 0.002417 7.482946e-03
1693 0.016930000 0.002411098 0.002328299 0.002417 7.484498e-03
1694 0.016940000 0.002377346 0.002328280 0.002417 7.486049e-03
1695 0.016950000 0.002389109 0.002328266 0.002417 7.487599e-03
1696 0.016960000 0.003381998 0.002328832 0.002417 7.489148e-03
1697 0.016970000 0.002784381 0.002329018 0.002417 7.490696e-03
1698 0.016980000 0.002374206 0.002328996 0.002417 7.492243e-03
1699 0.016990000 0.002413211 0.002328986 0.002417 7.493789e-03
1700 0.017000000 0.006448759 0.002328973 0.002417 7.495334e-03
1701 0.017010000 0.002475469 0.002329008 0.002417 7.496879e-03
1702 0.017020000 0.002424539 0.002329015 0.002417 7.498422e-03
1703 0.017030000 0.002412281 0.002329016 0.002417 7.499964e-03
1704 0.017040000 0.002409328 0.002329016 0.002417 7.501505e-03
1705 0.017050000 0.002500672 0.002329067 0.002417 7.503045e-03
1706 0.017060000 0.002522266 0.002329131 0.002417 7.504584e-03
1707 0.017070000 0.002385341 0.002329107 0.002417 7.506123e-03
1708 0.017080000 0.002430755 0.002329118 0.002417 7.507660e-03
1709 0.017090000 0.002461187 0.002329147 0.002417 7.509196e-03
1710 0.017100000 0.002465334 0.002329178 0.002417 7.510732e-03
1711 0.017110000 0.002401674 0.002329171 0.002417 7.512266e-03
1712 0.017120000 0.002429897 0.002329181 0.002417 7.513799e-03
1713 0.017130000 0.002401487 0.002329173 0.002417 7.515332e-03
1714 0.017140000 0.002381297 0.002329155 0.002417 7.516863e-03
1715 0.017150000 0.002380823 0.002329136 0.002417 7.518394e-03
1716 0.017160000 0.002490710 0.002329181 0.002417 7.519924e-03
1717 0.017170000 0.002533056 0.002329244 0.002417 7.521452e-03
1718 0.017180000 0.002412383 0.002329244 0.002417 7.522980e-03
1719 0.017190000 0.002418428 0.002329248 0.002417 7.524506e-03
1720 0.017200000 0.002451542 0.002329267 0.002417 7.526032e-03
1721 0.017210000 0.002451493 0.002329290 0.002417 7.527557e-03
1722 0.017220000 0.002404021 0.002329285 0.002417 7.529081e-03
1723 0.017230000 0.002371772 0.002329262 0.002417 7.530604e-03
1724 0.017240000 0.002495184 0.002329311 0.002417 7.532126e-03
1725 0.017250000 0.006353912 0.002329299 0.002417 7.533647e-03
1726 0.017260000 0.002407719 0.002329296 0.002417 7.535167e-03
1727 0.017270000 0.002384456 0.002329277 0.002417 7.536686e-03
1728 0.017280000 0.002381811 0.002329260 0.002417 7.538204e-03
1729 0.017290000 0.002372639 0.002329238 0.002417 7.539721e-03
1730 0.017300000 0.002395861 0.002329226 0.002417 7.541237e-03
1731 0.017310000 0.002383501 0.002329209 0.002417 7.542753e-03
1732 0.017320000 0.002400122 0.002329199 0.002417 7.544267e-03
1733 0.017330000 0.002382689 0.002329182 0.002417 7.545781e-03
1734 0.017340000 0.002385006 0.002329167 0.002417 7.547293e-03
1735 0.017350000 0.002369882 0.002329144 0.002417 7.548805e-03
1736 0.017360000 0.002368302 0.002329119 0.002417 7.550315e-03
1737 0.017370000 0.002405187 0.002329116 0.002417 7.551825e-03
1738 0.017380000 0.002393629 0.002329105 0.002417 7.553334e-03
1739 0.017390000 0.002403504 0.002329100 0.002417 7.554842e-03
1740 0.017400000 0.002370165 0.002329077 0.002417 7.556348e-03
1741 0.017410000 0.002370130 0.002329053 0.002417 7.557854e-03
1742 0.017420000 0.002374815 0.002329033 0.002417 7.559359e-03
1743 0.017430000 0.002366364 0.002329008 0.002417 7.560864e-03
1744 0.017440000 0.002381759 0.002328990 0.002417 7.562367e-03
1745 0.017450000 0.002399580 0.002328980 0.002417 7.563869e-03
1746 0.017460000 0.002374859 0.002328959 0.002417 7.565370e-03
1747 0.017470000 0.002493304 0.002329005 0.002417 7.566871e-03
1748 0.017480000 0.002386230 0.002328990 0.002417 7.568370e-03
1749 0.017490000 0.002377552 0.002328967 0.002417 7.569869e-03
1750 0.017500000 0.006553546 0.002328943 0.002417 7.571366e-03
1751 0.017510000 0.002451268 0.002328966 0.002417 7.572863e-03
1752 0.017520000 0.002365318 0.002328940 0.002417 7.574359e-03
1753 0.017530000 0.002369862 0.002328917 0.002417 7.575854e-03
1754 0.017540000 0.002410926 0.002328917 0.002417 7.577348e-03
1755 0.017550000 0.002456433 0.002328944 0.002417 7.578841e-03
1756 0.017560000 0.002426402 0.002328952 0.002417 7.580333e-03
1757 0.017570000 0.002380861 0.002328935 0.002417 7.581824e-03
1758 0.017580000 0.002374692 0.002328915 0.002417 7.583315e-03
1759 0.017590000 0.002372794 0.002328894 0.002417 7.584804e-03
1760 0.017600000 0.002368198 0.002328870 0.002417 7.586292e-03
1761 0.017610000 0.002368247 0.002328845 0.002417 7.587780e-03
1762 0.017620000 0.002370596 0.002328821 0.002417 7.589267e-03
1763 0.017630000 0.002392646 0.002328811 0.002417 7.590752e-03
1764 0.017640000 0.002372010 0.002328789 0.002417 7.592237e-03
1765 0.017650000 0.002367226 0.002328764 0.002417 7.593721e-03
1766 0.017660000 0.002366846 0.002328740 0.002417 7.595204e-03
1767 0.017670000 0.002372540 0.002328718 0.002417 7.596686e-03
1768 0.017680000 0.002376904 0.002328699 0.002417 7.598168e-03
1769 0.017690000 0.002368479 0.002328675 0.002417 7.599648e-03
1770 0.017700000 0.002373870 0.002328653 0.002417 7.601128e-03
1771 0.017710000 0.002377603 0.002328634 0.002417 7.602606e-03
1772 0.017720000 0.002372534 0.002328613 0.002417 7.604084e-03
1773 0.017730000 0.002368216 0.002328590 0.002417 7.605561e-03
1774 0.017740000 0.002382260 0.002328574 0.002417 7.607036e-03
1775 0.017750000 0.006257714 0.002328552 0.002417 7.608511e-03
1776 0.017760000 0.002415465 0.002328554 0.002417 7.609985e-03
1777 0.017770000 0.002368584 0.002328530 0.002417 7.611459e-03
1778 0.017780000 0.002370521 0.002328506 0.002417 7.612931e-03
1779 0.017790000 0.002369445 0.002328483 0.002417 7.614402e-03
1780 0.017800000 0.002395150 0.002328475 0.002417 7.615873e-03
1781 0.017810000 0.002365031 0.002328450 0.002417 7.617343e-03
1782 0.017820000 0.002367305 0.002328426 0.002417 7.618811e-03
1783 0.017830000 0.002414473 0.002328428 0.002417 7.620279e-03
1784 0.017840000 0.002368197 0.002328404 0.002417 7.621746e-03
1785 0.017850000 0.002369778 0.002328382 0.002417 7.623212e-03
1786 0.017860000 0.002381235 0.002328364 0.002417 7.624678e-03
1787 0.017870000 0.002368688 0.002328341 0.002417 7.626142e-03
1788 0.017880000 0.002373859 0.002328321 0.002417 7.627605e-03
1789 0.017890000 0.002365867 0.002328297 0.002417 7.629068e-03
1790 0.017900000 0.002464372 0.002328327 0.002417 7.630530e-03
1791 0.017910000 0.002495585 0.002328349 0.002417 7.631990e-03
1792 0.017920000 0.002368484 0.002328326 0.002417 7.633450e-03
1793 0.017930000 0.002662043 0.002328466 0.002417 7.634910e-03
1794 0.017940000 0.002534409 0.002328518 0.002417 7.636368e-03
1795 0.017950000 0.002502520 0.002328560 0.002417 7.637825e-03
1796 0.017960000 0.002382584 0.002328544 0.002417 7.639282e-03
1797 0.017970000 0.002390702 0.002328530 0.002417 7.640737e-03
1798 0.017980000 0.002377714 0.002328512 0.002417 7.642192e-03
1799 0.017990000 0.002374242 0.002328492 0.002417 7.643646e-03
1800 0.018000000 0.006274248 0.002328470 0.002417 7.645099e-03
1801 0.018010000 0.002369894 0.002328448 0.002417 7.646551e-03
1802 0.018020000 0.002380544 0.002328431 0.002417 7.648002e-03
1803 0.018030000 0.002382458 0.002328415 0.002417 7.649453e-03
1804 0.018040000 0.002373335 0.002328395 0.002417 7.650902e-03
1805 0.018050000 0.002386212 0.002328382 0.002417 7.652351e-03
1806 0.018060000 0.002371537 0.002328361 0.002417 7.653799e-03
1807 0.018070000 0.002376453 0.002328342 0.002417 7.655246e-03
1808 0.018080000 0.002367256 0.002328319 0.002417 7.656692e-03
1809 0.018090000 0.002384234 0.002328304 0.002417 7.658137e-03
1810 0.018100000 0.002370909 0.002328283 0.002417 7.659581e-03
1811 0.018110000 0.002366665 0.002328259 0.002417 7.661025e-03
1812 0.018120000 0.002373509 0.002328238 0.002417 7.662467e-03
1813 0.018130000 0.002371923 0.002328215 0.002417 7.663909e-03
1814 0.018140000 0.002366897 0.002328192 0.002417 7.665350e-03
1815 0.018150000 0.002379353 0.002328175 0.002417 7.666790e-03
1816 0.018160000 0.002377035 0.002328157 0.002417 7.668230e-03
1817 0.018170000 0.002367352 0.002328134 0.002417 7.669668e-03
1818 0.018180000 0.002370144 0.002328112 0.002417 7.671106e-03
1819 0.018190000 0.002390777 0.002328091 0.002417 7.672542e-03
1820 0.018200000 0.002377439 0.002328068 0.002417 7.673978e-03
1821 0.018210000 0.002371677 0.002328046 0.002417 7.675413e-03
1822 0.018220000 0.002368736 0.002328023 0.002417 7.676847e-03
1823 0.018230000 0.002388501 0.002328011 0.002417 7.678281e-03
1824 0.018240000 0.002367672 0.002327988 0.002417 7.679713e-03
1825 0.018250000 0.006360765 0.002327966 0.002417 7.681145e-03
1826 0.018260000 0.002379476 0.002327949 0.002417 7.682576e-03
1827 0.018270000 0.002366624 0.002327926 0.002417 7.684006e-03
1828 0.018280000 0.002394502 0.002327913 0.002417 7.685435e-03
1829 0.018290000 0.002462715 0.002327936 0.002417 7.686863e-03
1830 0.018300000 0.002368811 0.002327914 0.002417 7.688290e-03
1831 0.018310000 0.002450882 0.002327936 0.002417 7.689717e-03
1832 0.018320000 0.002454174 0.002327961 0.002417 7.691143e-03
1833 0.018330000 0.002470420 0.002327994 0.002417 7.692568e-03
1834 0.018340000 0.002416250 0.002327997 0.002417 7.693992e-03
1835 0.018350000 0.002389546 0.002327986 0.002417 7.695415e-03
1836 0.018360000 0.002372291 0.002327966 0.002417 7.696838e-03
1837 0.018370000 0.002376198 0.002327948 0.002417 7.698259e-03
1838 0.018380000 0.002422914 0.002327954 0.002417 7.699680e-03
1839 0.018390000 0.002370050 0.002327932 0.002417 7.701100e-03
1840 0.018400000 0.002372856 0.002327910 0.002417 7.702519e-03
1841 0.018410000 0.002372510 0.002327889 0.002417 7.703937e-03
1842 0.018420000 0.002380335 0.002327873 0.002417 7.705355e-03
1843 0.018430000 0.002374396 0.002327854 0.002417 7.706772e-03
1844 0.018440000 0.002377431 0.002327837 0.002417 7.708187e-03
1845 0.018450000 0.002368510 0.002327814 0.002417 7.709603e-03
1846 0.018460000 0.002371933 0.002327794 0.002417 7.711017e-03
1847 0.018470000 0.002374565 0.002327774 0.002417 7.712430e-03
1848 0.018480000 0.002376830 0.002327754 0.002417 7.713843e-03
1849 0.018490000 0.002437120 0.002327761 0.002417 7.715254e-03
1850 0.018500000 0.006395018 0.002327743 0.002417 7.716665e-03
1851 0.018510000 0.002742049 0.002327917 0.002417 7.718075e-03
1852 0.018520000 0.002373666 0.002327896 0.002417 7.719485e-03
1853 0.018530000 0.002366361 0.002327872 0.002417 7.720893e-03
1854 0.018540000 0.002372149 0.002327852 0.002417 7.722301e-03
1855 0.018550000 0.002377182 0.002327835 0.002417 7.723708e-03
1856 0.018560000 0.002388269 0.002327823 0.002417 7.725114e-03
1857 0.018570000 0.002377267 0.002327805 0.002417 7.726519e-03
1858 0.018580000 0.002407742 0.002327803 0.002417 7.727923e-03
1859 0.018590000 0.002388834 0.002327792 0.002417 7.729327e-03
1860 0.018600000 0.002391368 0.002327781 0.002417 7.730730e-03
1861 0.018610000 0.002397111 0.002327775 0.002417 7.732132e-03
1862 0.018620000 0.002366135 0.002327752 0.002417 7.733533e-03
1863 0.018630000 0.002529429 0.002327816 0.002417 7.734933e-03
1864 0.018640000 0.002455879 0.002327841 0.002417 7.736333e-03
1865 0.018650000 0.002475794 0.002327875 0.002417 7.737732e-03
1866 0.018660000 0.002382753 0.002327855 0.002417 7.739130e-03
1867 0.018670000 0.002389316 0.002327844 0.002417 7.740527e-03
1868 0.018680000 0.002375911 0.002327826 0.002417 7.741923e-03
1869 0.018690000 0.002367222 0.002327804 0.002417 7.743319e-03
1870 0.018700000 0.002383368 0.002327789 0.002417 7.744713e-03
1871 0.018710000 0.002447869 0.002327810 0.002417 7.746107e-03
1872 0.018720000 0.002455365 0.002327834 0.002417 7.747501e-03
1873 0.018730000 0.002471057 0.002327867 0.002417 7.748893e-03
1874 0.018740000 0.002497977 0.002327914 0.002417 7.750285e-03
1875 0.018750000 0.006363629 0.002327916 0.002417 7.751675e-03
1876 0.018760000 0.002451051 0.002327935 0.002417 7.753065e-03
1877 0.018770000 0.002368365 0.002327913 0.002417 7.754454e-03
1878 0.018780000 0.002380130 0.002327896 0.002417 7.755843e-03
1879 0.018790000 0.002372421 0.002327876 0.002417 7.757230e-03
1880 0.018800000 0.002407613 0.002327875 0.002417 7.758617e-03
1881 0.018810000 0.002370906 0.002327855 0.002417 7.760003e-03
1882 0.018820000 0.002381964 0.002327838 0.002417 7.761389e-03
1883 0.018830000 0.002424362 0.002327845 0.002417 7.762773e-03
1884 0.018840000 0.002385365 0.002327832 0.002417 7.764157e-03
1885 0.018850000 0.002369621 0.002327811 0.002417 7.765540e-03
1886 0.018860000 0.002427978 0.002327821 0.002417 7.766922e-03
1887 0.018870000 0.002413502 0.002327808 0.002417 7.768303e-03
1888 0.018880000 0.002401024 0.002327800 0.002417 7.769684e-03
1889 0.018890000 0.003109324 0.002328150 0.002417 7.771063e-03
1890 0.018900000 0.002789996 0.002328348 0.002417 7.772442e-03
1891 0.018910000 0.002491927 0.002328390 0.002417 7.773820e-03
1892 0.018920000 0.002786907 0.002328569 0.002417 7.775198e-03
1893 0.018930000 0.002568419 0.002328641 0.002417 7.776575e-03
1894 0.018940000 0.002504202 0.002328690 0.002417 7.777950e-03
1895 0.018950000 0.002698421 0.002328839 0.002417 7.779325e-03
1896 0.018960000 0.002532107 0.002328900 0.002417 7.780700e-03
1897 0.018970000 0.002448431 0.002328919 0.002417 7.782073e-03
1898 0.018980000 0.002479373 0.002328955 0.002417 7.783446e-03
1899 0.018990000 0.002475720 0.002328988 0.002417 7.784818e-03
1900 0.019000000 0.006714695 0.002329006 0.002417 7.786189e-03
1901 0.019010000 0.002589570 0.002329091 0.002417 7.787560e-03
1902 0.019020000 0.002403951 0.002329085 0.002417 7.788929e-03
1903 0.019030000 0.002372920 0.002329065 0.002417 7.790298e-03
1904 0.019040000 0.002450454 0.002329063 0.002417 7.791666e-03
1905 0.019050000 0.002380282 0.002329047 0.002417 7.793034e-03
1906 0.019060000 0.002383880 0.002329032 0.002417 7.794400e-03
1907 0.019070000 0.002386178 0.002329018 0.002417 7.795766e-03
1908 0.019080000 0.002370886 0.002328998 0.002417 7.797131e-03
1909 0.019090000 0.002516825 0.002329046 0.002417 7.798496e-03
1910 0.019100000 0.002550276 0.002329105 0.002417 7.799859e-03
1911 0.019110000 0.002590700 0.002329196 0.002417 7.801222e-03
1912 0.019120000 0.002472751 0.002329212 0.002417 7.802584e-03
1913 0.019130000 0.002449148 0.002329232 0.002417 7.803945e-03
1914 0.019140000 0.002497311 0.002329276 0.002417 7.805306e-03
1915 0.019150000 0.002370151 0.002329254 0.002417 7.806665e-03
1916 0.019160000 0.002454641 0.002329276 0.002417 7.808024e-03
1917 0.019170000 0.002500075 0.002329321 0.002417 7.809383e-03
1918 0.019180000 0.002441764 0.002329336 0.002417 7.810740e-03
1919 0.019190000 0.002475419 0.002329368 0.002417 7.812097e-03
1920 0.019200000 0.002370972 0.002329347 0.002417 7.813453e-03
1921 0.019210000 0.002370351 0.002329326 0.002417 7.814808e-03
1922 0.019220000 0.002369937 0.002329305 0.002417 7.816162e-03
1923 0.019230000 0.002369246 0.002329283 0.002417 7.817516e-03
1924 0.019240000 0.002370869 0.002329263 0.002417 7.818869e-03
1925 0.019250000 0.006507159 0.002329317 0.002417 7.820221e-03
1926 0.019260000 0.002456177 0.002329340 0.002417 7.821573e-03
1927 0.019270000 0.002377270 0.002329322 0.002417 7.822923e-03
1928 0.019280000 0.002372617 0.002329301 0.002417 7.824273e-03
1929 0.019290000 0.002382528 0.002329284 0.002417 7.825622e-03
1930 0.019300000 0.002377037 0.002329266 0.002417 7.826971e-03
1931 0.019310000 0.002382965 0.002329251 0.002417 7.828319e-03
1932 0.019320000 0.002369662 0.002329230 0.002417 7.829665e-03
1933 0.019330000 0.002414937 0.002329231 0.002417 7.831012e-03
1934 0.019340000 0.002376155 0.002329209 0.002417 7.832357e-03
1935 0.019350000 0.002400191 0.002329204 0.002417 7.833702e-03
1936 0.019360000 0.002431943 0.002329214 0.002417 7.835046e-03
1937 0.019370000 0.002413851 0.002329215 0.002417 7.836389e-03
1938 0.019380000 0.002375552 0.002329196 0.002417 7.837732e-03
1939 0.019390000 0.002376064 0.002329175 0.002417 7.839073e-03
1940 0.019400000 0.002383618 0.002329161 0.002417 7.840414e-03
1941 0.019410000 0.002464467 0.002329187 0.002417 7.841755e-03
1942 0.019420000 0.002467464 0.002329217 0.002417 7.843094e-03
1943 0.019430000 0.002456032 0.002329240 0.002417 7.844433e-03
1944 0.019440000 0.002446260 0.002329257 0.002417 7.845771e-03
1945 0.019450000 0.002477153 0.002329284 0.002417 7.847108e-03
1946 0.019460000 0.002367472 0.002329262 0.002417 7.848445e-03
1947 0.019470000 0.002367139 0.002329240 0.002417 7.849781e-03
1948 0.019480000 0.002381630 0.002329225 0.002417 7.851116e-03
1949 0.019490000 0.002368760 0.002329203 0.002417 7.852450e-03
1950 0.019500000 0.006501230 0.002329183 0.002417 7.853784e-03
1951 0.019510000 0.002404234 0.002329178 0.002417 7.855117e-03
1952 0.019520000 0.002401588 0.002329172 0.002417 7.856449e-03
1953 0.019530000 0.002458387 0.002329196 0.002417 7.857781e-03
1954 0.019540000 0.002472400 0.002329228 0.002417 7.859112e-03
1955 0.019550000 0.002487349 0.002329267 0.002417 7.860442e-03
1956 0.019560000 0.002513535 0.002329318 0.002417 7.861771e-03
1957 0.019570000 0.002399359 0.002329311 0.002417 7.863100e-03
1958 0.019580000 0.002410793 0.002329311 0.002417 7.864427e-03
1959 0.019590000 0.002370462 0.002329290 0.002417 7.865755e-03
1960 0.019600000 0.002378368 0.002329274 0.002417 7.867081e-03
1961 0.019610000 0.002367349 0.002329252 0.002417 7.868407e-03
1962 0.019620000 0.002371101 0.002329231 0.002417 7.869732e-03
1963 0.019630000 0.002374516 0.002329213 0.002417 7.871056e-03
1964 0.019640000 0.002367103 0.002329190 0.002417 7.872380e-03
1965 0.019650000 0.002376881 0.002329172 0.002417 7.873702e-03
1966 0.019660000 0.002367117 0.002329150 0.002417 7.875024e-03
1967 0.019670000 0.002372096 0.002329130 0.002417 7.876346e-03
1968 0.019680000 0.002367221 0.002329108 0.002417 7.877667e-03
1969 0.019690000 0.002367795 0.002329087 0.002417 7.878986e-03
1970 0.019700000 0.002370564 0.002329066 0.002417 7.880306e-03
1971 0.019710000 0.002375513 0.002329049 0.002417 7.881624e-03
1972 0.019720000 0.002367019 0.002329027 0.002417 7.882942e-03
1973 0.019730000 0.002369234 0.002329006 0.002417 7.884259e-03
1974 0.019740000 0.002366468 0.002328984 0.002417 7.885576e-03
1975 0.019750000 0.006257176 0.002328964 0.002417 7.886891e-03
1976 0.019760000 0.002527620 0.002329011 0.002417 7.888206e-03
1977 0.019770000 0.002417570 0.002329015 0.002417 7.889521e-03
1978 0.019780000 0.002370356 0.002328994 0.002417 7.890834e-03
1979 0.019790000 0.002367116 0.002328973 0.002417 7.892147e-03
1980 0.019800000 0.002373908 0.002328952 0.002417 7.893459e-03
1981 0.019810000 0.002370657 0.002328932 0.002417 7.894770e-03
1982 0.019820000 0.002369754 0.002328912 0.002417 7.896081e-03
1983 0.019830000 0.002382980 0.002328898 0.002417 7.897391e-03
1984 0.019840000 0.002535624 0.002328960 0.002417 7.898701e-03
1985 0.019850000 0.002511933 0.002329000 0.002417 7.900009e-03
1986 0.019860000 0.002424005 0.002329006 0.002417 7.901317e-03
1987 0.019870000 0.002519273 0.002329060 0.002417 7.902624e-03
1988 0.019880000 0.002452850 0.002329082 0.002417 7.903931e-03
1989 0.019890000 0.002385660 0.002329069 0.002417 7.905237e-03
1990 0.019900000 0.002448585 0.002329087 0.002417 7.906542e-03
1991 0.019910000 0.002367643 0.002329066 0.002417 7.907846e-03
1992 0.019920000 0.002378881 0.002329050 0.002417 7.909150e-03
1993 0.019930000 0.002369055 0.002329029 0.002417 7.910453e-03
1994 0.019940000 0.002386870 0.002329015 0.002417 7.911755e-03
1995 0.019950000 0.002367809 0.002328994 0.002417 7.913057e-03
1996 0.019960000 0.002366649 0.002328972 0.002417 7.914358e-03
1997 0.019970000 0.002370654 0.002328952 0.002417 7.915658e-03
1998 0.019980000 0.002374926 0.002328933 0.002417 7.916958e-03
1999 0.019990000 0.002390458 0.002328917 0.002417 7.918257e-03
2000 0.020000000 0.006269250 0.002328903 0.002417 7.919555e-03
2001 0.020010000 0.002374316 0.002328884 0.002417 7.920852e-03
2002 0.020020000 0.002368645 0.002328864 0.002417 7.922149e-03
2003 0.020030000 0.002369568 0.002328843 0.002417 7.923445e-03
2004 0.020040000 0.002366756 0.002328822 0.002417 7.924741e-03
2005 0.020050000 0.002369274 0.002328801 0.002417 7.926035e-03
2006 0.020060000 0.002372487 0.002328782 0.002417 7.927329e-03
2007 0.020070000 0.002367122 0.002328761 0.002417 7.928623e-03
2008 0.020080000 0.002387731 0.002328749 0.002417 7.929915e-03
2009 0.020090000 0.002413157 0.002328750 0.002417 7.931207e-03
2010 0.020100000 0.002368128 0.002328729 0.002417 7.932499e-03
2011 0.020110000 0.002380317 0.002328713 0.002417 7.933789e-03
2012 0.020120000 0.002374862 0.002328695 0.002417 7.935079e-03
2013 0.020130000 0.002384993 0.002328683 0.002417 7.936368e-03
2014 0.020140000 0.002385253 0.002328671 0.002417 7.937657e-03
2015 0.020150000 0.002367972 0.002328650 0.002417 7.938945e-03
2016 0.020160000 0.002368649 0.002328629 0.002417 7.940232e-03
2017 0.020170000 0.002367082 0.002328608 0.002417 7.941519e-03
2018 0.020180000 0.002398671 0.002328602 0.002417 7.942804e-03
2019 0.020190000 0.002375027 0.002328584 0.002417 7.944090e-03
2020 0.020200000 0.002367683 0.002328563 0.002417 7.945374e-03
2021 0.020210000 0.002370410 0.002328544 0.002417 7.946658e-03
2022 0.020220000 0.002368526 0.002328523 0.002417 7.947941e-03
2023 0.020230000 0.002425404 0.002328531 0.002417 7.949223e-03
2024 0.020240000 0.002372074 0.002328510 0.002417 7.950505e-03
2025 0.020250000 0.006246846 0.002328489 0.002417 7.951786e-03
2026 0.020260000 0.002368176 0.002328469 0.002417 7.953067e-03
2027 0.020270000 0.002370548 0.002328448 0.002417 7.954347e-03
2028 0.020280000 0.002373406 0.002328430 0.002417 7.955626e-03
2029 0.020290000 0.002376727 0.002328414 0.002417 7.956904e-03
2030 0.020300000 0.002377609 0.002328398 0.002417 7.958182e-03
2031 0.020310000 0.002368170 0.002328377 0.002417 7.959459e-03
2032 0.020320000 0.002368926 0.002328357 0.002417 7.960735e-03
2033 0.020330000 0.002368978 0.002328337 0.002417 7.962011e-03
2034 0.020340000 0.002366640 0.002328316 0.002417 7.963286e-03
2035 0.020350000 0.002379074 0.002328300 0.002417 7.964561e-03
2036 0.020360000 0.002366612 0.002328279 0.002417 7.965835e-03
2037 0.020370000 0.002378567 0.002328263 0.002417 7.967108e-03
2038 0.020380000 0.002373621 0.002328245 0.002417 7.968380e-03
2039 0.020390000 0.002367210 0.002328224 0.002417 7.969652e-03
2040 0.020400000 0.002370460 0.002328205 0.002417 7.970923e-03
2041 0.020410000 0.002374409 0.002328188 0.002417 7.972193e-03
2042 0.020420000 0.002373158 0.002328169 0.002417 7.973463e-03
2043 0.020430000 0.002368117 0.002328149 0.002417 7.974732e-03
2044 0.020440000 0.002367761 0.002328128 0.002417 7.976001e-03
2045 0.020450000 0.002369567 0.002328109 0.002417 7.977269e-03
2046 0.020460000 0.002372836 0.002328088 0.002417 7.978536e-03
2047 0.020470000 0.002369675 0.002328069 0.002417 7.979802e-03
2048 0.020480000 0.002369085 0.002328049 0.002417 7.981068e-03
2049 0.020490000 0.002368458 0.002328029 0.002417 7.982333e-03
2050 0.020500000 0.006287145 0.002328010 0.002417 7.983598e-03
2051 0.020510000 0.002371255 0.002327991 0.002417 7.984862e-03
2052 0.020520000 0.002374419 0.002327974 0.002417 7.986125e-03
2053 0.020530000 0.002370370 0.002327955 0.002417 7.987387e-03
2054 0.020540000 0.002367138 0.002327935 0.002417 7.988649e-03
2055 0.020550000 0.002366666 0.002327914 0.002417 7.989911e-03
2056 0.020560000 0.002371229 0.002327896 0.002417 7.991171e-03
2057 0.020570000 0.002382172 0.002327882 0.002417 7.992431e-03
2058 0.020580000 0.002377520 0.002327867 0.002417 7.993690e-03
2059 0.020590000 0.002387554 0.002327856 0.002417 7.994949e-03
2060 0.020600000 0.002368721 0.002327836 0.002417 7.996207e-03
2061 0.020610000 0.002373614 0.002327818 0.002417 7.997464e-03
2062 0.020620000 0.002458153 0.002327840 0.002417 7.998721e-03
2063 0.020630000 0.002367708 0.002327820 0.002417 7.999977e-03
2064 0.020640000 0.002378663 0.002327805 0.002417 8.001233e-03
2065 0.020650000 0.002370903 0.002327786 0.002417 8.002487e-03
2066 0.020660000 0.002370402 0.002327768 0.002417 8.003742e-03
2067 0.020670000 0.002412449 0.002327769 0.002417 8.004995e-03
2068 0.020680000 0.002374229 0.002327752 0.002417 8.006248e-03
2069 0.020690000 0.002371118 0.002327733 0.002417 8.007500e-03
2070 0.020700000 0.002373981 0.002327716 0.002417 8.008752e-03
2071 0.020710000 0.002376823 0.002327701 0.002417 8.010002e-03
2072 0.020720000 0.002372122 0.002327681 0.002417 8.011253e-03
2073 0.020730000 0.002368683 0.002327662 0.002417 8.012502e-03
2074 0.020740000 0.002368373 0.002327643 0.002417 8.013751e-03
2075 0.020750000 0.006433869 0.002327622 0.002417 8.015000e-03
2076 0.020760000 0.002449107 0.002327641 0.002417 8.016247e-03
2077 0.020770000 0.002383835 0.002327626 0.002417 8.017495e-03
2078 0.020780000 0.002370076 0.002327608 0.002417 8.018741e-03
2079 0.020790000 0.002371544 0.002327589 0.002417 8.019987e-03
2080 0.020800000 0.002386937 0.002327578 0.002417 8.021232e-03
2081 0.020810000 0.002376555 0.002327563 0.002417 8.022476e-03
2082 0.020820000 0.002554145 0.002327627 0.002417 8.023720e-03
2083 0.020830000 0.002883913 0.002327836 0.002417 8.024964e-03
2084 0.020840000 0.002593966 0.002327924 0.002417 8.026206e-03
2085 0.020850000 0.002745753 0.002328082 0.002417 8.027448e-03
2086 0.020860000 0.002392074 0.002328073 0.002417 8.028690e-03
2087 0.020870000 0.002449597 0.002328092 0.002417 8.029930e-03
2088 0.020880000 0.002368259 0.002328073 0.002417 8.031171e-03
2089 0.020890000 0.002392932 0.002328062 0.002417 8.032410e-03
2090 0.020900000 0.002404089 0.002328059 0.002417 8.033649e-03
2091 0.020910000 0.002377756 0.002328043 0.002417 8.034887e-03
2092 0.020920000 0.002384947 0.002328031 0.002417 8.036125e-03
2093 0.020930000 0.002412648 0.002328032 0.002417 8.037362e-03
2094 0.020940000 0.002503927 0.002328066 0.002417 8.038598e-03
2095 0.020950000 0.002462033 0.002328091 0.002417 8.039834e-03
2096 0.020960000 0.002553050 0.002328157 0.002417 8.041069e-03
2097 0.020970000 0.002501511 0.002328200 0.002417 8.042303e-03
2098 0.020980000 0.002464571 0.002328195 0.002417 8.043537e-03
2099 0.020990000 0.002469142 0.002328223 0.002417 8.044770e-03
2100 0.021000000 0.007356117 0.002328262 0.002417 8.046003e-03
2101 0.021010000 0.002553703 0.002328326 0.002417 8.047235e-03
2102 0.021020000 0.002705529 0.002328453 0.002417 8.048466e-03
2103 0.021030000 0.002504132 0.002328497 0.002417 8.049697e-03
2104 0.021040000 0.002468150 0.002328525 0.002417 8.050927e-03
2105 0.021050000 0.002561127 0.002328595 0.002417 8.052157e-03
2106 0.021060000 0.002500034 0.002328618 0.002417 8.053386e-03
2107 0.021070000 0.002494629 0.002328658 0.002417 8.054614e-03
2108 0.021080000 0.002425310 0.002328665 0.002417 8.055841e-03
2109 0.021090000 0.002498427 0.002328700 0.002417 8.057068e-03
2110 0.021100000 0.002430944 0.002328710 0.002417 8.058295e-03
2111 0.021110000 0.002753037 0.002328868 0.002417 8.059521e-03
2112 0.021120000 0.002486640 0.002328885 0.002417 8.060746e-03
2113 0.021130000 0.002374916 0.002328867 0.002417 8.061970e-03
2114 0.021140000 0.002405874 0.002328865 0.002417 8.063194e-03
2115 0.021150000 0.002421072 0.002328868 0.002417 8.064418e-03
2116 0.021160000 0.002383508 0.002328855 0.002417 8.065640e-03
2117 0.021170000 0.002367511 0.002328835 0.002417 8.066863e-03
2118 0.021180000 0.002409166 0.002328834 0.002417 8.068084e-03
2119 0.021190000 0.002495988 0.002328873 0.002417 8.069305e-03
2120 0.021200000 0.002386808 0.002328861 0.002417 8.070525e-03
2121 0.021210000 0.002821931 0.002329054 0.002417 8.071745e-03
2122 0.021220000 0.002463359 0.002329078 0.002417 8.072964e-03
2123 0.021230000 0.002373885 0.002329060 0.002417 8.074182e-03
2124 0.021240000 0.002463544 0.002329085 0.002417 8.075400e-03
2125 0.021250000 0.006555089 0.002329111 0.002417 8.076618e-03
2126 0.021260000 0.002459526 0.002329133 0.002417 8.077834e-03
2127 0.021270000 0.002371283 0.002329115 0.002417 8.079050e-03
2128 0.021280000 0.002420170 0.002329119 0.002417 8.080266e-03
2129 0.021290000 0.002367622 0.002329099 0.002417 8.081481e-03
2130 0.021300000 0.002419780 0.002329103 0.002417 8.082695e-03
2131 0.021310000 0.002382172 0.002329089 0.002417 8.083908e-03
2132 0.021320000 0.002367541 0.002329069 0.002417 8.085121e-03
2133 0.021330000 0.002382522 0.002329054 0.002417 8.086334e-03
2134 0.021340000 0.002370186 0.002329035 0.002417 8.087546e-03
2135 0.021350000 0.002398667 0.002329029 0.002417 8.088757e-03
2136 0.021360000 0.002386700 0.002329014 0.002417 8.089967e-03
2137 0.021370000 0.002374201 0.002328996 0.002417 8.091177e-03
2138 0.021380000 0.002387043 0.002328985 0.002417 8.092387e-03
2139 0.021390000 0.002423417 0.002328989 0.002417 8.093596e-03
2140 0.021400000 0.002372025 0.002328971 0.002417 8.094804e-03
2141 0.021410000 0.002377354 0.002328955 0.002417 8.096012e-03
2142 0.021420000 0.002367509 0.002328935 0.002417 8.097219e-03
2143 0.021430000 0.002371777 0.002328915 0.002417 8.098425e-03
2144 0.021440000 0.002387709 0.002328904 0.002417 8.099631e-03
2145 0.021450000 0.002382123 0.002328891 0.002417 8.100836e-03
2146 0.021460000 0.002369359 0.002328872 0.002417 8.102041e-03
2147 0.021470000 0.002379894 0.002328858 0.002417 8.103245e-03
2148 0.021480000 0.002370223 0.002328839 0.002417 8.104448e-03
2149 0.021490000 0.002370652 0.002328820 0.002417 8.105651e-03
2150 0.021500000 0.006397014 0.002328800 0.002417 8.106853e-03
2151 0.021510000 0.002382641 0.002328786 0.002417 8.108055e-03
2152 0.021520000 0.002370566 0.002328767 0.002417 8.109256e-03
2153 0.021530000 0.002369620 0.002328747 0.002417 8.110457e-03
2154 0.021540000 0.002369341 0.002328728 0.002417 8.111657e-03
2155 0.021550000 0.002366879 0.002328708 0.002417 8.112856e-03
2156 0.021560000 0.002369256 0.002328689 0.002417 8.114055e-03
2157 0.021570000 0.002407035 0.002328687 0.002417 8.115253e-03
2158 0.021580000 0.002367560 0.002328668 0.002417 8.116450e-03
2159 0.021590000 0.002367030 0.002328648 0.002417 8.117647e-03
2160 0.021600000 0.002373697 0.002328629 0.002417 8.118844e-03
2161 0.021610000 0.002369180 0.002328610 0.002417 8.120040e-03
2162 0.021620000 0.002384242 0.002328598 0.002417 8.121235e-03
2163 0.021630000 0.002367108 0.002328578 0.002417 8.122430e-03
2164 0.021640000 0.002382625 0.002328565 0.002417 8.123624e-03
2165 0.021650000 0.002369771 0.002328546 0.002417 8.124817e-03
2166 0.021660000 0.002366180 0.002328526 0.002417 8.126010e-03
2167 0.021670000 0.002370920 0.002328508 0.002417 8.127202e-03
2168 0.021680000 0.002374162 0.002328491 0.002417 8.128394e-03
2169 0.021690000 0.002366811 0.002328471 0.002417 8.129585e-03
2170 0.021700000 0.002400559 0.002328467 0.002417 8.130776e-03
2171 0.021710000 0.002384677 0.002328455 0.002417 8.131966e-03
2172 0.021720000 0.002369535 0.002328436 0.002417 8.133155e-03
2173 0.021730000 0.002369862 0.002328418 0.002417 8.134344e-03
2174 0.021740000 0.002382524 0.002328405 0.002417 8.135532e-03
2175 0.021750000 0.006241369 0.002328387 0.002417 8.136720e-03
2176 0.021760000 0.002383251 0.002328374 0.002417 8.137907e-03
2177 0.021770000 0.002375308 0.002328358 0.002417 8.139094e-03
2178 0.021780000 0.002393987 0.002328348 0.002417 8.140280e-03
2179 0.021790000 0.002419778 0.002328338 0.002417 8.141465e-03
2180 0.021800000 0.002455494 0.002328355 0.002417 8.142650e-03
2181 0.021810000 0.002416519 0.002328337 0.002417 8.143834e-03
2182 0.021820000 0.002454876 0.002328357 0.002417 8.145018e-03
2183 0.021830000 0.002454576 0.002328368 0.002417 8.146201e-03
2184 0.021840000 0.002453179 0.002328388 0.002417 8.147383e-03
2185 0.021850000 0.002384170 0.002328376 0.002417 8.148565e-03
2186 0.021860000 0.002378050 0.002328361 0.002417 8.149747e-03
2187 0.021870000 0.002367383 0.002328341 0.002417 8.150928e-03
2188 0.021880000 0.002370446 0.002328322 0.002417 8.152108e-03
2189 0.021890000 0.002370402 0.002328304 0.002417 8.153287e-03
2190 0.021900000 0.002382314 0.002328291 0.002417 8.154467e-03
2191 0.021910000 0.002381268 0.002328278 0.002417 8.155645e-03
2192 0.021920000 0.002370883 0.002328260 0.002417 8.156823e-03
2193 0.021930000 0.002373584 0.002328244 0.002417 8.158000e-03
2194 0.021940000 0.002367300 0.002328225 0.002417 8.159177e-03
2195 0.021950000 0.002370053 0.002328207 0.002417 8.160354e-03
2196 0.021960000 0.002371023 0.002328187 0.002417 8.161529e-03
2197 0.021970000 0.002390342 0.002328178 0.002417 8.162704e-03
2198 0.021980000 0.002371722 0.002328161 0.002417 8.163879e-03
2199 0.021990000 0.002367107 0.002328142 0.002417 8.165053e-03
2200 0.022000000 0.006272269 0.002328124 0.002417 8.166226e-03
2201 0.022010000 0.002371008 0.002328106 0.002417 8.167399e-03
2202 0.022020000 0.002375035 0.002328090 0.002417 8.168572e-03
2203 0.022030000 0.002380925 0.002328077 0.002417 8.169743e-03
2204 0.022040000 0.002370922 0.002328059 0.002417 8.170915e-03
2205 0.022050000 0.002367418 0.002328040 0.002417 8.172085e-03
2206 0.022060000 0.002372859 0.002328023 0.002417 8.173255e-03
2207 0.022070000 0.002367882 0.002328004 0.002417 8.174425e-03
2208 0.022080000 0.002366546 0.002327985 0.002417 8.175594e-03
2209 0.022090000 0.002387790 0.002327975 0.002417 8.176762e-03
2210 0.022100000 0.002369802 0.002327957 0.002417 8.177930e-03
2211 0.022110000 0.002367088 0.002327938 0.002417 8.179098e-03
2212 0.022120000 0.002372177 0.002327921 0.002417 8.180264e-03
2213 0.022130000 0.002370152 0.002327903 0.002417 8.181430e-03
2214 0.022140000 0.002372790 0.002327887 0.002417 8.182596e-03
2215 0.022150000 0.002366697 0.002327868 0.002417 8.183761e-03
2216 0.022160000 0.002380424 0.002327854 0.002417 8.184926e-03
2217 0.022170000 0.002427012 0.002327842 0.002417 8.186090e-03
2218 0.022180000 0.002365945 0.002327822 0.002417 8.187253e-03
2219 0.022190000 0.002366580 0.002327803 0.002417 8.188416e-03
2220 0.022200000 0.002400247 0.002327798 0.002417 8.189578e-03
2221 0.022210000 0.002365206 0.002327778 0.002417 8.190740e-03
2222 0.022220000 0.002367162 0.002327759 0.002417 8.191901e-03
2223 0.022230000 0.002419123 0.002327763 0.002417 8.193062e-03
2224 0.022240000 0.002410271 0.002327764 0.002417 8.194222e-03
2225 0.022250000 0.006284762 0.002327745 0.002417 8.195382e-03
2226 0.022260000 0.002379248 0.002327731 0.002417 8.196541e-03
2227 0.022270000 0.002367287 0.002327712 0.002417 8.197699e-03
2228 0.022280000 0.002374239 0.002327697 0.002417 8.198857e-03
2229 0.022290000 0.002373630 0.002327680 0.002417 8.200014e-03
2230 0.022300000 0.002370290 0.002327663 0.002417 8.201171e-03
2231 0.022310000 0.002367334 0.002327644 0.002417 8.202328e-03
2232 0.022320000 0.002380195 0.002327631 0.002417 8.203483e-03
2233 0.022330000 0.002370387 0.002327614 0.002417 8.204638e-03
2234 0.022340000 0.002367085 0.002327595 0.002417 8.205793e-03
2235 0.022350000 0.002370704 0.002327577 0.002417 8.206947e-03
2236 0.022360000 0.002380115 0.002327563 0.002417 8.208101e-03
2237 0.022370000 0.002369252 0.002327545 0.002417 8.209254e-03
2238 0.022380000 0.002377718 0.002327531 0.002417 8.210406e-03
2239 0.022390000 0.002372966 0.002327515 0.002417 8.211558e-03
2240 0.022400000 0.002369091 0.002327497 0.002417 8.212710e-03
2241 0.022410000 0.002371247 0.002327480 0.002417 8.213860e-03
2242 0.022420000 0.002372942 0.002327464 0.002417 8.215011e-03
2243 0.022430000 0.002383578 0.002327449 0.002417 8.216161e-03
2244 0.022440000 0.002368718 0.002327430 0.002417 8.217310e-03
2245 0.022450000 0.002369105 0.002327413 0.002417 8.218458e-03
2246 0.022460000 0.002373788 0.002327397 0.002417 8.219607e-03
2247 0.022470000 0.002366645 0.002327378 0.002417 8.220754e-03
2248 0.022480000 0.002367843 0.002327360 0.002417 8.221901e-03
2249 0.022490000 0.002401816 0.002327356 0.002417 8.223048e-03
2250 0.022500000 0.006326282 0.002327360 0.002417 8.224194e-03
2251 0.022510000 0.002372684 0.002327342 0.002417 8.225339e-03
2252 0.022520000 0.002366940 0.002327324 0.002417 8.226484e-03
2253 0.022530000 0.002413947 0.002327326 0.002417 8.227629e-03
2254 0.022540000 0.002375088 0.002327311 0.002417 8.228773e-03
2255 0.022550000 0.002392850 0.002327303 0.002417 8.229916e-03
2256 0.022560000 0.002372204 0.002327287 0.002417 8.231059e-03
2257 0.022570000 0.002369772 0.002327269 0.002417 8.232201e-03
2258 0.022580000 0.002368195 0.002327251 0.002417 8.233343e-03
2259 0.022590000 0.002369036 0.002327233 0.002417 8.234484e-03
2260 0.022600000 0.002368091 0.002327215 0.002417 8.235625e-03
2261 0.022610000 0.002387315 0.002327206 0.002417 8.236765e-03
2262 0.022620000 0.002421955 0.002327211 0.002417 8.237904e-03
2263 0.022630000 0.002449979 0.002327229 0.002417 8.239044e-03
2264 0.022640000 0.002369172 0.002327212 0.002417 8.240182e-03
2265 0.022650000 0.002377638 0.002327198 0.002417 8.241320e-03
2266 0.022660000 0.002366744 0.002327179 0.002417 8.242458e-03
2267 0.022670000 0.002382491 0.002327168 0.002417 8.243595e-03
2268 0.022680000 0.002365348 0.002327149 0.002417 8.244731e-03
2269 0.022690000 0.002387233 0.002327138 0.002417 8.245867e-03
2270 0.022700000 0.002366238 0.002327119 0.002417 8.247002e-03
2271 0.022710000 0.002367995 0.002327101 0.002417 8.248137e-03
2272 0.022720000 0.002382683 0.002327085 0.002417 8.249272e-03
2273 0.022730000 0.002368522 0.002327068 0.002417 8.250406e-03
2274 0.022740000 0.002369606 0.002327050 0.002417 8.251539e-03
2275 0.022750000 0.006308062 0.002327043 0.002417 8.252672e-03
2276 0.022760000 0.002440511 0.002327053 0.002417 8.253804e-03
2277 0.022770000 0.002880330 0.002327254 0.002417 8.254936e-03
2278 0.022780000 0.003254116 0.002327601 0.002417 8.256067e-03
2279 0.022790000 0.002567271 0.002327663 0.002417 8.257198e-03
2280 0.022800000 0.002457506 0.002327684 0.002417 8.258328e-03
2281 0.022810000 0.002407698 0.002327683 0.002417 8.259457e-03
2282 0.022820000 0.002377120 0.002327667 0.002417 8.260587e-03
2283 0.022830000 0.002443343 0.002327681 0.002417 8.261715e-03
2284 0.022840000 0.002412916 0.002327679 0.002417 8.262843e-03
2285 0.022850000 0.003047718 0.002327934 0.002417 8.263971e-03
2286 0.022860000 0.003172071 0.002328234 0.002417 8.265098e-03
2287 0.022870000 0.003064980 0.002328481 0.002417 8.266224e-03
2288 0.022880000 0.003655729 0.002328993 0.002417 8.267350e-03
2289 0.022890000 0.003680826 0.002329511 0.002417 8.268476e-03
2290 0.022900000 0.003769255 0.002330069 0.002417 8.269601e-03
2291 0.022910000 0.003657060 0.002330574 0.002417 8.270725e-03
2292 0.022920000 0.003713662 0.002331114 0.002417 8.271849e-03
2293 0.022930000 0.003771680 0.002331683 0.002417 8.272973e-03
2294 0.022940000 0.004062003 0.002332343 0.002417 8.274096e-03
2295 0.022950000 0.003926111 0.002332960 0.002417 8.275218e-03
2296 0.022960000 0.003568149 0.002333437 0.002417 8.276340e-03
2297 0.022970000 0.002733550 0.002333556 0.002417 8.277462e-03
2298 0.022980000 0.002801248 0.002333689 0.002417 8.278582e-03
2299 0.022990000 0.002795181 0.002333823 0.002417 8.279703e-03
2300 0.023000000 0.011021418 0.002333930 0.002417 8.280823e-03
2301 0.023010000 0.002847363 0.002334094 0.002417 8.281942e-03
2302 0.023020000 0.002428328 0.002334083 0.002417 8.283061e-03
2303 0.023030000 0.002433518 0.002334076 0.002417 8.284179e-03
2304 0.023040000 0.002409866 0.002334064 0.002417 8.285297e-03
2305 0.023050000 0.002599201 0.002334131 0.002417 8.286414e-03
2306 0.023060000 0.002512151 0.002334157 0.002417 8.287531e-03
2307 0.023070000 0.002656246 0.002334227 0.002417 8.288648e-03
2308 0.023080000 0.002699765 0.002334322 0.002417 8.289763e-03
2309 0.023090000 0.002722754 0.002334425 0.002417 8.290879e-03
2310 0.023100000 0.002775674 0.002334554 0.002417 8.291993e-03
2311 0.023110000 0.003219189 0.002334873 0.002417 8.293108e-03
2312 0.023120000 0.002551740 0.002334907 0.002417 8.294221e-03
2313 0.023130000 0.002402018 0.002334900 0.002417 8.295335e-03
2314 0.023140000 0.002376978 0.002334882 0.002417 8.296448e-03
2315 0.023150000 0.002398232 0.002334873 0.002417 8.297560e-03
2316 0.023160000 0.002386412 0.002334858 0.002417 8.298672e-03
2317 0.023170000 0.002484925 0.002334886 0.002417 8.299783e-03
2318 0.023180000 0.002422519 0.002334887 0.002417 8.300894e-03
2319 0.023190000 0.002389905 0.002334876 0.002417 8.302004e-03
2320 0.023200000 0.002377104 0.002334857 0.002417 8.303114e-03
2321 0.023210000 0.002374266 0.002334839 0.002417 8.304223e-03
2322 0.023220000 0.002376432 0.002334821 0.002417 8.305332e-03
2323 0.023230000 0.002391655 0.002334802 0.002417 8.306440e-03
2324 0.023240000 0.002391902 0.002334784 0.002417 8.307548e-03
2325 0.023250000 0.009339225 0.002334780 0.002417 8.308655e-03
2326 0.023260000 0.002439017 0.002334779 0.002417 8.309762e-03
2327 0.023270000 0.002387604 0.002334760 0.002417 8.310868e-03
2328 0.023280000 0.002528516 0.002334802 0.002417 8.311974e-03
2329 0.023290000 0.002408220 0.002334790 0.002417 8.313079e-03
2330 0.023300000 0.002416248 0.002334781 0.002417 8.314184e-03
2331 0.023310000 0.002473847 0.002334798 0.002417 8.315288e-03
2332 0.023320000 0.002402638 0.002334783 0.002417 8.316392e-03
2333 0.023330000 0.002835421 0.002334948 0.002417 8.317495e-03
2334 0.023340000 0.002717476 0.002335025 0.002417 8.318598e-03
2335 0.023350000 0.002578824 0.002335094 0.002417 8.319700e-03
2336 0.023360000 0.002386396 0.002335081 0.002417 8.320802e-03
2337 0.023370000 0.002368746 0.002335060 0.002417 8.321903e-03
2338 0.023380000 0.002416661 0.002335059 0.002417 8.323004e-03
2339 0.023390000 0.002367381 0.002335038 0.002417 8.324104e-03
2340 0.023400000 0.002393110 0.002335019 0.002417 8.325204e-03
2341 0.023410000 0.002390386 0.002335001 0.002417 8.326303e-03
2342 0.023420000 0.002405725 0.002334989 0.002417 8.327402e-03
2343 0.023430000 0.002420125 0.002334981 0.002417 8.328501e-03
2344 0.023440000 0.002391518 0.002334964 0.002417 8.329598e-03
2345 0.023450000 0.002386817 0.002334944 0.002417 8.330696e-03
2346 0.023460000 0.002384594 0.002334924 0.002417 8.331793e-03
2347 0.023470000 0.002398019 0.002334910 0.002417 8.332889e-03
2348 0.023480000 0.002398463 0.002334893 0.002417 8.333985e-03
2349 0.023490000 0.002397205 0.002334879 0.002417 8.335080e-03
2350 0.023500000 0.009382637 0.002334863 0.002417 8.336175e-03
2351 0.023510000 0.002392010 0.002334845 0.002417 8.337270e-03
2352 0.023520000 0.002383330 0.002334825 0.002417 8.338364e-03
2353 0.023530000 0.002409132 0.002334812 0.002417 8.339457e-03
2354 0.023540000 0.002400654 0.002334797 0.002417 8.340550e-03
2355 0.023550000 0.002388002 0.002334779 0.002417 8.341643e-03
2356 0.023560000 0.002382744 0.002334758 0.002417 8.342735e-03
2357 0.023570000 0.002409256 0.002334749 0.002417 8.343826e-03
2358 0.023580000 0.002388191 0.002334730 0.002417 8.344917e-03
2359 0.023590000 0.002398083 0.002334716 0.002417 8.346008e-03
2360 0.023600000 0.002385635 0.002334696 0.002417 8.347098e-03
2361 0.023610000 0.002386181 0.002334677 0.002417 8.348188e-03
2362 0.023620000 0.002387570 0.002334659 0.002417 8.349277e-03
2363 0.023630000 0.002476146 0.002334675 0.002417 8.350365e-03
2364 0.023640000 0.002389267 0.002334656 0.002417 8.351453e-03
2365 0.023650000 0.002404482 0.002334642 0.002417 8.352541e-03
2366 0.023660000 0.002386334 0.002334623 0.002417 8.353628e-03
2367 0.023670000 0.002423827 0.002334620 0.002417 8.354715e-03
2368 0.023680000 0.002387768 0.002334601 0.002417 8.355801e-03
2369 0.023690000 0.002494939 0.002334628 0.002417 8.356887e-03
2370 0.023700000 0.002399459 0.002334614 0.002417 8.357972e-03
2371 0.023710000 0.002405716 0.002334603 0.002417 8.359057e-03
2372 0.023720000 0.002390811 0.002334586 0.002417 8.360141e-03
2373 0.023730000 0.002401244 0.002334572 0.002417 8.361225e-03
2374 0.023740000 0.002395352 0.002334556 0.002417 8.362309e-03
2375 0.023750000 0.009511751 0.002334536 0.002417 8.363391e-03
2376 0.023760000 0.002390775 0.002334518 0.002417 8.364474e-03
2377 0.023770000 0.002407314 0.002334506 0.002417 8.365556e-03
2378 0.023780000 0.002384785 0.002334486 0.002417 8.366637e-03
2379 0.023790000 0.002391086 0.002334469 0.002417 8.367718e-03
2380 0.023800000 0.002385778 0.002334450 0.002417 8.368799e-03
2381 0.023810000 0.002386984 0.002334431 0.002417 8.369879e-03
2382 0.023820000 0.002386154 0.002334411 0.002417 8.370958e-03
2383 0.023830000 0.002396816 0.002334396 0.002417 8.372037e-03
2384 0.023840000 0.002397520 0.002334382 0.002417 8.373116e-03
2385 0.023850000 0.002388020 0.002334364 0.002417 8.374194e-03
2386 0.023860000 0.002384995 0.002334345 0.002417 8.375272e-03
2387 0.023870000 0.002395157 0.002334325 0.002417 8.376349e-03
2388 0.023880000 0.002394106 0.002334310 0.002417 8.377426e-03
2389 0.023890000 0.002392515 0.002334294 0.002417 8.378502e-03
2390 0.023900000 0.002386425 0.002334276 0.002417 8.379578e-03
2391 0.023910000 0.002413712 0.002334268 0.002417 8.380653e-03
2392 0.023920000 0.002395207 0.002334250 0.002417 8.381728e-03
2393 0.023930000 0.002386491 0.002334231 0.002417 8.382802e-03
2394 0.023940000 0.002412933 0.002334219 0.002417 8.383876e-03
2395 0.023950000 0.003086723 0.002334481 0.002417 8.384950e-03
2396 0.023960000 0.002516270 0.002334521 0.002417 8.386023e-03
2397 0.023970000 0.002531567 0.002334569 0.002417 8.387095e-03
2398 0.023980000 0.002376381 0.002334552 0.002417 8.388167e-03
2399 0.023990000 0.002370380 0.002334533 0.002417 8.389239e-03
2400 0.024000000 0.006381408 0.002334555 0.002417 8.390310e-03
2401 0.024010000 0.002369507 0.002334536 0.002417 8.391381e-03
2402 0.024020000 0.002370614 0.002334517 0.002417 8.392451e-03
2403 0.024030000 0.002415218 0.002334517 0.002417 8.393521e-03
2404 0.024040000 0.002349084 0.002334490 0.002417 8.394590e-03
2405 0.024050000 0.002313469 0.002334447 0.002417 8.395659e-03
2406 0.024060000 0.002317504 0.002334407 0.002417 8.396727e-03
2407 0.024070000 0.002322720 0.002334366 0.002417 8.397795e-03
2408 0.024080000 0.002316081 0.002334324 0.002417 8.398862e-03
2409 0.024090000 0.002310453 0.002334281 0.002417 8.399929e-03
2410 0.024100000 0.002326703 0.002334245 0.002417 8.400996e-03
2411 0.024110000 0.002521799 0.002334289 0.002417 8.402062e-03
2412 0.024120000 0.002318054 0.002334247 0.002417 8.403127e-03
2413 0.024130000 0.002313487 0.002334205 0.002417 8.404192e-03
2414 0.024140000 0.002310049 0.002334163 0.002417 8.405257e-03
2415 0.024150000 0.002313189 0.002334121 0.002417 8.406321e-03
2416 0.024160000 0.002352521 0.002334096 0.002417 8.407385e-03
2417 0.024170000 0.002399779 0.002334090 0.002417 8.408448e-03
2418 0.024180000 0.002351736 0.002334064 0.002417 8.409511e-03
2419 0.024190000 0.002312418 0.002334023 0.002417 8.410573e-03
2420 0.024200000 0.002311346 0.002333981 0.002417 8.411635e-03
2421 0.024210000 0.002309489 0.002333938 0.002417 8.412697e-03
2422 0.024220000 0.002326506 0.002333902 0.002417 8.413758e-03
2423 0.024230000 0.002316975 0.002333862 0.002417 8.414818e-03
2424 0.024240000 0.002355937 0.002333838 0.002417 8.415878e-03
2425 0.024250000 0.006184199 0.002333798 0.002417 8.416938e-03
2426 0.024260000 0.002381337 0.002333784 0.002417 8.417997e-03
2427 0.024270000 0.002310311 0.002333741 0.002417 8.419056e-03
2428 0.024280000 0.002357859 0.002333719 0.002417 8.420114e-03
2429 0.024290000 0.002316068 0.002333679 0.002417 8.421172e-03
2430 0.024300000 0.002403539 0.002333675 0.002417 8.422229e-03
2431 0.024310000 0.002532696 0.002333723 0.002417 8.423286e-03
2432 0.024320000 0.002354752 0.002333699 0.002417 8.424342e-03
2433 0.024330000 0.002353112 0.002333675 0.002417 8.425398e-03
2434 0.024340000 0.002310323 0.002333633 0.002417 8.426454e-03
2435 0.024350000 0.002400169 0.002333627 0.002417 8.427509e-03
2436 0.024360000 0.002451823 0.002333643 0.002417 8.428564e-03
2437 0.024370000 0.002367389 0.002333610 0.002417 8.429618e-03
2438 0.024380000 0.002310966 0.002333568 0.002417 8.430672e-03
2439 0.024390000 0.002431468 0.002333576 0.002417 8.431725e-03
2440 0.024400000 0.002432826 0.002333584 0.002417 8.432778e-03
2441 0.024410000 0.002313934 0.002333543 0.002417 8.433830e-03
2442 0.024420000 0.002395736 0.002333536 0.002417 8.434882e-03
2443 0.024430000 0.002396305 0.002333529 0.002417 8.435934e-03
2444 0.024440000 0.002473257 0.002333554 0.002417 8.436985e-03
2445 0.024450000 0.002310484 0.002333512 0.002417 8.438035e-03
2446 0.024460000 0.002318802 0.002333472 0.002417 8.439085e-03
2447 0.024470000 0.002321022 0.002333435 0.002417 8.440135e-03
2448 0.024480000 0.002313311 0.002333394 0.002417 8.441184e-03
2449 0.024490000 0.002312545 0.002333353 0.002417 8.442233e-03
2450 0.024500000 0.009168108 0.002333342 0.002417 8.443281e-03
2451 0.024510000 0.002376693 0.002333320 0.002417 8.444329e-03
2452 0.024520000 0.002376125 0.002333298 0.002417 8.445377e-03
2453 0.024530000 0.002330180 0.002333258 0.002417 8.446424e-03
2454 0.024540000 0.002345640 0.002333225 0.002417 8.447470e-03
2455 0.024550000 0.002422820 0.002333222 0.002417 8.448517e-03
2456 0.024560000 0.002385429 0.002333197 0.002417 8.449562e-03
2457 0.024570000 0.002556834 0.002333247 0.002417 8.450608e-03
2458 0.024580000 0.003089970 0.002333472 0.002417 8.451652e-03
2459 0.024590000 0.003560658 0.002333915 0.002417 8.452697e-03
2460 0.024600000 0.002546522 0.002333955 0.002417 8.453741e-03
2461 0.024610000 0.002524355 0.002334000 0.002417 8.454784e-03
2462 0.024620000 0.002441030 0.002334011 0.002417 8.455827e-03
2463 0.024630000 0.002404423 0.002334007 0.002417 8.456870e-03
2464 0.024640000 0.002353940 0.002333983 0.002417 8.457912e-03
2465 0.024650000 0.002330434 0.002333950 0.002417 8.458954e-03
2466 0.024660000 0.002417964 0.002333951 0.002417 8.459995e-03
2467 0.024670000 0.002319838 0.002333913 0.002417 8.461036e-03
2468 0.024680000 0.002486323 0.002333934 0.002417 8.462076e-03
2469 0.024690000 0.002411700 0.002333927 0.002417 8.463116e-03
2470 0.024700000 0.002517891 0.002333937 0.002417 8.464156e-03
2471 0.024710000 0.002685791 0.002334047 0.002417 8.465195e-03
2472 0.024720000 0.002392708 0.002334038 0.002417 8.466234e-03
2473 0.024730000 0.002442900 0.002334043 0.002417 8.467272e-03
2474 0.024740000 0.002396419 0.002334036 0.002417 8.468310e-03
2475 0.024750000 0.006620056 0.002334088 0.002417 8.469347e-03
2476 0.024760000 0.002568501 0.002334150 0.002417 8.470384e-03
2477 0.024770000 0.002478790 0.002334176 0.002417 8.471420e-03
2478 0.024780000 0.002487686 0.002334195 0.002417 8.472457e-03
2479 0.024790000 0.002710882 0.002334313 0.002417 8.473492e-03
2480 0.024800000 0.002754030 0.002334407 0.002417 8.474527e-03
2481 0.024810000 0.002495432 0.002334430 0.002417 8.475562e-03
2482 0.024820000 0.002519735 0.002334465 0.002417 8.476596e-03
2483 0.024830000 0.002477092 0.002334483 0.002417 8.477630e-03
2484 0.024840000 0.002522807 0.002334519 0.002417 8.478664e-03
2485 0.024850000 0.002478066 0.002334538 0.002417 8.479697e-03
2486 0.024860000 0.002602266 0.002334606 0.002417 8.480729e-03
2487 0.024870000 0.002456609 0.002334615 0.002417 8.481762e-03
2488 0.024880000 0.002389423 0.002334597 0.002417 8.482793e-03
2489 0.024890000 0.002465311 0.002334611 0.002417 8.483825e-03
2490 0.024900000 0.002429017 0.002334610 0.002417 8.484855e-03
2491 0.024910000 0.002389408 0.002334593 0.002417 8.485886e-03
2492 0.024920000 0.002388428 0.002334576 0.002417 8.486916e-03
2493 0.024930000 0.002513373 0.002334606 0.002417 8.487946e-03
2494 0.024940000 0.002396292 0.002334591 0.002417 8.488975e-03
2495 0.024950000 0.002402715 0.002334579 0.002417 8.490003e-03
2496 0.024960000 0.002389782 0.002334562 0.002417 8.491032e-03
2497 0.024970000 0.002384236 0.002334542 0.002417 8.492060e-03
2498 0.024980000 0.002404965 0.002334525 0.002417 8.493087e-03
2499 0.024990000 0.002388423 0.002334508 0.002417 8.494114e-03
2500 0.025000000 0.009690450 0.002334541 0.002417 8.495141e-03
2501 0.025010000 0.002395248 0.002334525 0.002417 8.496167e-03
2502 0.025020000 0.002397658 0.002334510 0.002417 8.497193e-03
2503 0.025030000 0.002386826 0.002334492 0.002417 8.498218e-03
2504 0.025040000 0.002520012 0.002334527 0.002417 8.499243e-03
2505 0.025050000 0.002392649 0.002334510 0.002417 8.500267e-03
2506 0.025060000 0.002386796 0.002334493 0.002417 8.501291e-03
2507 0.025070000 0.002391059 0.002334475 0.002417 8.502315e-03
2508 0.025080000 0.002395676 0.002334461 0.002417 8.503338e-03
2509 0.025090000 0.002399023 0.002334446 0.002417 8.504361e-03
2510 0.025100000 0.002489814 0.002334470 0.002417 8.505383e-03
2511 0.025110000 0.002403731 0.002334458 0.002417 8.506405e-03
2512 0.025120000 0.002390151 0.002334441 0.002417 8.507427e-03
2513 0.025130000 0.002386286 0.002334423 0.002417 8.508448e-03
2514 0.025140000 0.002395589 0.002334407 0.002417 8.509469e-03
2515 0.025150000 0.002387553 0.002334389 0.002417 8.510489e-03
2516 0.025160000 0.002405313 0.002334379 0.002417 8.511509e-03
2517 0.025170000 0.002447381 0.002334382 0.002417 8.512528e-03
2518 0.025180000 0.002435647 0.002334373 0.002417 8.513547e-03
2519 0.025190000 0.002371684 0.002334355 0.002417 8.514566e-03
2520 0.025200000 0.002372211 0.002334338 0.002417 8.515584e-03
2521 0.025210000 0.002385502 0.002334326 0.002417 8.516601e-03
2522 0.025220000 0.002386768 0.002334314 0.002417 8.517619e-03
2523 0.025230000 0.002366647 0.002334295 0.002417 8.518636e-03
2524 0.025240000 0.002478215 0.002334320 0.002417 8.519652e-03
2525 0.025250000 0.006267837 0.002334304 0.002417 8.520668e-03
2526 0.025260000 0.002550389 0.002334357 0.002417 8.521684e-03
2527 0.025270000 0.002374701 0.002334341 0.002417 8.522699e-03
2528 0.025280000 0.002368475 0.002334322 0.002417 8.523714e-03
2529 0.025290000 0.002369905 0.002334303 0.002417 8.524728e-03
2530 0.025300000 0.002490819 0.002334332 0.002417 8.525742e-03
2531 0.025310000 0.002373466 0.002334315 0.002417 8.526756e-03
2532 0.025320000 0.002367091 0.002334296 0.002417 8.527769e-03
2533 0.025330000 0.002402804 0.002334283 0.002417 8.528782e-03
2534 0.025340000 0.002380080 0.002334269 0.002417 8.529794e-03
2535 0.025350000 0.002372384 0.002334252 0.002417 8.530806e-03
2536 0.025360000 0.002392940 0.002334243 0.002417 8.531818e-03
2537 0.025370000 0.002530969 0.002334282 0.002417 8.532829e-03
2538 0.025380000 0.002373770 0.002334265 0.002417 8.533839e-03
2539 0.025390000 0.002378863 0.002334251 0.002417 8.534850e-03
2540 0.025400000 0.002371298 0.002334233 0.002417 8.535860e-03
2541 0.025410000 0.002372203 0.002334216 0.002417 8.536869e-03
2542 0.025420000 0.002366428 0.002334197 0.002417 8.537878e-03
2543 0.025430000 0.002378129 0.002334182 0.002417 8.538887e-03
2544 0.025440000 0.002488243 0.002334209 0.002417 8.539895e-03
2545 0.025450000 0.002380414 0.002334194 0.002417 8.540903e-03
2546 0.025460000 0.002373697 0.002334178 0.002417 8.541910e-03
2547 0.025470000 0.002367403 0.002334159 0.002417 8.542917e-03
2548 0.025480000 0.002369353 0.002334141 0.002417 8.543924e-03
2549 0.025490000 0.002370119 0.002334122 0.002417 8.544930e-03
2550 0.025500000 0.006531023 0.002334135 0.002417 8.545936e-03
2551 0.025510000 0.002466466 0.002334153 0.002417 8.546941e-03
2552 0.025520000 0.002367624 0.002334134 0.002417 8.547946e-03
2553 0.025530000 0.002394515 0.002334125 0.002417 8.548950e-03
2554 0.025540000 0.002383479 0.002334112 0.002417 8.549955e-03
2555 0.025550000 0.002560075 0.002334156 0.002417 8.550958e-03
2556 0.025560000 0.002450816 0.002334156 0.002417 8.551962e-03
2557 0.025570000 0.002416155 0.002334156 0.002417 8.552965e-03
2558 0.025580000 0.002379127 0.002334139 0.002417 8.553967e-03
2559 0.025590000 0.002382003 0.002334126 0.002417 8.554969e-03
2560 0.025600000 0.002372332 0.002334109 0.002417 8.555971e-03
2561 0.025610000 0.002366882 0.002334090 0.002417 8.556972e-03
2562 0.025620000 0.002378684 0.002334075 0.002417 8.557973e-03
2563 0.025630000 0.002491903 0.002334104 0.002417 8.558974e-03
2564 0.025640000 0.002366158 0.002334085 0.002417 8.559974e-03
2565 0.025650000 0.002370147 0.002334068 0.002417 8.560973e-03
2566 0.025660000 0.002368376 0.002334049 0.002417 8.561973e-03
2567 0.025670000 0.002370785 0.002334032 0.002417 8.562971e-03
2568 0.025680000 0.002380687 0.002334019 0.002417 8.563970e-03
2569 0.025690000 0.002425803 0.002334019 0.002417 8.564968e-03
2570 0.025700000 0.002476501 0.002334028 0.002417 8.565966e-03
2571 0.025710000 0.002368429 0.002334010 0.002417 8.566963e-03
2572 0.025720000 0.002370461 0.002333992 0.002417 8.567960e-03
2573 0.025730000 0.002371995 0.002333974 0.002417 8.568956e-03
2574 0.025740000 0.002376433 0.002333959 0.002417 8.569952e-03
2575 0.025750000 0.006640827 0.002333942 0.002417 8.570948e-03
2576 0.025760000 0.002372956 0.002333925 0.002417 8.571943e-03
2577 0.025770000 0.002372790 0.002333908 0.002417 8.572938e-03
2578 0.025780000 0.002369230 0.002333890 0.002417 8.573933e-03
2579 0.025790000 0.002370285 0.002333872 0.002417 8.574927e-03
2580 0.025800000 0.002379282 0.002333859 0.002417 8.575920e-03
2581 0.025810000 0.002365614 0.002333839 0.002417 8.576914e-03
2582 0.025820000 0.002491227 0.002333868 0.002417 8.577907e-03
2583 0.025830000 0.002367861 0.002333850 0.002417 8.578899e-03
2584 0.025840000 0.002369074 0.002333832 0.002417 8.579891e-03
2585 0.025850000 0.002381043 0.002333819 0.002417 8.580883e-03
2586 0.025860000 0.002366854 0.002333800 0.002417 8.581874e-03
2587 0.025870000 0.002366624 0.002333781 0.002417 8.582865e-03
2588 0.025880000 0.002421501 0.002333779 0.002417 8.583856e-03
2589 0.025890000 0.002477524 0.002333788 0.002417 8.584846e-03
2590 0.025900000 0.002373979 0.002333772 0.002417 8.585835e-03
2591 0.025910000 0.002377613 0.002333758 0.002417 8.586825e-03
2592 0.025920000 0.002371997 0.002333740 0.002417 8.587814e-03
2593 0.025930000 0.002384227 0.002333727 0.002417 8.588802e-03
2594 0.025940000 0.002368427 0.002333709 0.002417 8.589790e-03
2595 0.025950000 0.002370042 0.002333692 0.002417 8.590778e-03
2596 0.025960000 0.002509882 0.002333728 0.002417 8.591766e-03
2597 0.025970000 0.002390877 0.002333718 0.002417 8.592753e-03
2598 0.025980000 0.002372144 0.002333702 0.002417 8.593739e-03
2599 0.025990000 0.002380350 0.002333689 0.002417 8.594725e-03
2600 0.026000000 0.006274730 0.002333672 0.002417 8.595711e-03
2601 0.026010000 0.002486280 0.002333699 0.002417 8.596697e-03
2602 0.026020000 0.002369003 0.002333681 0.002417 8.597682e-03
2603 0.026030000 0.002389642 0.002333670 0.002417 8.598666e-03
2604 0.026040000 0.002371303 0.002333653 0.002417 8.599650e-03
2605 0.026050000 0.002368654 0.002333635 0.002417 8.600634e-03
2606 0.026060000 0.002368661 0.002333617 0.002417 8.601618e-03
2607 0.026070000 0.002367058 0.002333599 0.002417 8.602601e-03
2608 0.026080000 0.002515508 0.002333637 0.002417 8.603583e-03
2609 0.026090000 0.002376006 0.002333622 0.002417 8.604566e-03
2610 0.026100000 0.002370928 0.002333605 0.002417 8.605548e-03
2611 0.026110000 0.002369339 0.002333588 0.002417 8.606529e-03
2612 0.026120000 0.002367431 0.002333570 0.002417 8.607510e-03
2613 0.026130000 0.002371313 0.002333553 0.002417 8.608491e-03
2614 0.026140000 0.002375573 0.002333538 0.002417 8.609471e-03
2615 0.026150000 0.002515399 0.002333576 0.002417 8.610451e-03
2616 0.026160000 0.002371591 0.002333559 0.002417 8.611431e-03
2617 0.026170000 0.002366396 0.002333541 0.002417 8.612410e-03
2618 0.026180000 0.002578320 0.002333602 0.002417 8.613389e-03
2619 0.026190000 0.002381191 0.002333588 0.002417 8.614367e-03
2620 0.026200000 0.002379867 0.002333575 0.002417 8.615345e-03
2621 0.026210000 0.002465105 0.002333592 0.002417 8.616323e-03
2622 0.026220000 0.002402014 0.002333584 0.002417 8.617300e-03
2623 0.026230000 0.002370567 0.002333567 0.002417 8.618277e-03
2624 0.026240000 0.002366941 0.002333549 0.002417 8.619254e-03
2625 0.026250000 0.006464706 0.002333531 0.002417 8.620230e-03
2626 0.026260000 0.002383494 0.002333519 0.002417 8.621206e-03
2627 0.026270000 0.002473731 0.002333541 0.002417 8.622181e-03
2628 0.026280000 0.002376650 0.002333523 0.002417 8.623156e-03
2629 0.026290000 0.002370112 0.002333506 0.002417 8.624131e-03
2630 0.026300000 0.002452531 0.002333520 0.002417 8.625105e-03
2631 0.026310000 0.002413469 0.002333519 0.002417 8.626079e-03
2632 0.026320000 0.002476856 0.002333541 0.002417 8.627052e-03
2633 0.026330000 0.002376657 0.002333525 0.002417 8.628025e-03
2634 0.026340000 0.002588305 0.002333590 0.002417 8.628998e-03
2635 0.026350000 0.002384372 0.002333578 0.002417 8.629970e-03
2636 0.026360000 0.002387037 0.002333567 0.002417 8.630942e-03
2637 0.026370000 0.002467368 0.002333586 0.002417 8.631914e-03
2638 0.026380000 0.002382853 0.002333571 0.002417 8.632885e-03
2639 0.026390000 0.002370785 0.002333554 0.002417 8.633856e-03
2640 0.026400000 0.002465448 0.002333570 0.002417 8.634826e-03
2641 0.026410000 0.002421695 0.002333563 0.002417 8.635796e-03
2642 0.026420000 0.002368256 0.002333545 0.002417 8.636766e-03
2643 0.026430000 0.002412349 0.002333544 0.002417 8.637735e-03
2644 0.026440000 0.002434005 0.002333551 0.002417 8.638704e-03
2645 0.026450000 0.002377323 0.002333537 0.002417 8.639673e-03
2646 0.026460000 0.002389375 0.002333527 0.002417 8.640641e-03
2647 0.026470000 0.002391393 0.002333518 0.002417 8.641609e-03
2648 0.026480000 0.002390971 0.002333508 0.002417 8.642576e-03
2649 0.026490000 0.002481581 0.002333530 0.002417 8.643543e-03
2650 0.026500000 0.007643982 0.002333571 0.002417 8.644510e-03
2651 0.026510000 0.002701194 0.002333666 0.002417 8.645476e-03
2652 0.026520000 0.002621136 0.002333718 0.002417 8.646442e-03
2653 0.026530000 0.002422906 0.002333708 0.002417 8.647407e-03
2654 0.026540000 0.002582593 0.002333761 0.002417 8.648373e-03
2655 0.026550000 0.002865086 0.002333907 0.002417 8.649337e-03
2656 0.026560000 0.002725727 0.002333995 0.002417 8.650302e-03
2657 0.026570000 0.002462133 0.002334000 0.002417 8.651266e-03
2658 0.026580000 0.002532571 0.002334028 0.002417 8.652229e-03
2659 0.026590000 0.002869207 0.002334179 0.002417 8.653193e-03
2660 0.026600000 0.002878476 0.002334341 0.002417 8.654156e-03
2661 0.026610000 0.002458582 0.002334347 0.002417 8.655118e-03
2662 0.026620000 0.002408201 0.002334338 0.002417 8.656080e-03
2663 0.026630000 0.002395796 0.002334322 0.002417 8.657042e-03
2664 0.026640000 0.002440206 0.002334325 0.002417 8.658004e-03
2665 0.026650000 0.002479123 0.002334338 0.002417 8.658965e-03
2666 0.026660000 0.002486018 0.002334352 0.002417 8.659925e-03
2667 0.026670000 0.002702695 0.002334447 0.002417 8.660886e-03
2668 0.026680000 0.002727986 0.002334548 0.002417 8.661846e-03
2669 0.026690000 0.002496713 0.002334566 0.002417 8.662805e-03
2670 0.026700000 0.002584451 0.002334620 0.002417 8.663764e-03
2671 0.026710000 0.002729034 0.002334735 0.002417 8.664723e-03
2672 0.026720000 0.002501361 0.002334765 0.002417 8.665682e-03
2673 0.026730000 0.002401117 0.002334759 0.002417 8.666640e-03
2674 0.026740000 0.002384901 0.002334747 0.002417 8.667598e-03
2675 0.026750000 0.006370316 0.002334734 0.002417 8.668555e-03
2676 0.026760000 0.002641952 0.002334807 0.002417 8.669512e-03
2677 0.026770000 0.002607442 0.002334870 0.002417 8.670469e-03
2678 0.026780000 0.002386422 0.002334858 0.002417 8.671425e-03
2679 0.026790000 0.002381108 0.002334845 0.002417 8.672381e-03
2680 0.026800000 0.002382602 0.002334832 0.002417 8.673336e-03
2681 0.026810000 0.002367683 0.002334814 0.002417 8.674292e-03
2682 0.026820000 0.002382765 0.002334802 0.002417 8.675246e-03
2683 0.026830000 0.002451688 0.002334814 0.002417 8.676201e-03
2684 0.026840000 0.002441354 0.002334822 0.002417 8.677155e-03
2685 0.026850000 0.002394369 0.002334805 0.002417 8.678109e-03
2686 0.026860000 0.002549156 0.002334851 0.002417 8.679062e-03
2687 0.026870000 0.002580808 0.002334896 0.002417 8.680015e-03
2688 0.026880000 0.002454425 0.002334910 0.002417 8.680968e-03
2689 0.026890000 0.002514817 0.002334935 0.002417 8.681920e-03
2690 0.026900000 0.002549221 0.002334979 0.002417 8.682872e-03
2691 0.026910000 0.002480253 0.002334989 0.002417 8.683823e-03
2692 0.026920000 0.002369241 0.002334971 0.002417 8.684774e-03
2693 0.026930000 0.002374847 0.002334955 0.002417 8.685725e-03
2694 0.026940000 0.002430335 0.002334960 0.002417 8.686676e-03
2695 0.026950000 0.002384549 0.002334943 0.002417 8.687626e-03
2696 0.026960000 0.002368064 0.002334926 0.002417 8.688576e-03
2697 0.026970000 0.002608381 0.002334989 0.002417 8.689525e-03
2698 0.026980000 0.002411755 0.002334974 0.002417 8.690474e-03
2699 0.026990000 0.002403670 0.002334962 0.002417 8.691423e-03
2700 0.027000000 0.009564732 0.002334944 0.002417 8.692371e-03
2701 0.027010000 0.002498616 0.002334965 0.002417 8.693319e-03
2702 0.027020000 0.002408726 0.002334950 0.002417 8.694266e-03
2703 0.027030000 0.002617690 0.002335010 0.002417 8.695214e-03
2704 0.027040000 0.002459258 0.002335018 0.002417 8.696160e-03
2705 0.027050000 0.002444461 0.002335020 0.002417 8.697107e-03
2706 0.027060000 0.002523331 0.002335037 0.002417 8.698053e-03
2707 0.027070000 0.002501342 0.002335059 0.002417 8.698999e-03
2708 0.027080000 0.002398079 0.002335046 0.002417 8.699944e-03
2709 0.027090000 0.002388571 0.002335030 0.002417 8.700889e-03
2710 0.027100000 0.002399004 0.002335015 0.002417 8.701834e-03
2711 0.027110000 0.002405245 0.002335004 0.002417 8.702778e-03
2712 0.027120000 0.002389490 0.002334988 0.002417 8.703722e-03
2713 0.027130000 0.002399737 0.002334976 0.002417 8.704666e-03
2714 0.027140000 0.002493656 0.002334998 0.002417 8.705609e-03
2715 0.027150000 0.002488759 0.002335001 0.002417 8.706552e-03
2716 0.027160000 0.002387099 0.002334984 0.002417 8.707495e-03
2717 0.027170000 0.002387707 0.002334968 0.002417 8.708437e-03
2718 0.027180000 0.002383522 0.002334950 0.002417 8.709379e-03
2719 0.027190000 0.002396989 0.002334938 0.002417 8.710320e-03
2720 0.027200000 0.002385747 0.002334921 0.002417 8.711261e-03
2721 0.027210000 0.002409327 0.002334912 0.002417 8.712202e-03
2722 0.027220000 0.002389114 0.002334896 0.002417 8.713143e-03
2723 0.027230000 0.002387297 0.002334880 0.002417 8.714083e-03
2724 0.027240000 0.002396673 0.002334867 0.002417 8.715022e-03
2725 0.027250000 0.009226837 0.002334850 0.002417 8.715962e-03
2726 0.027260000 0.002371586 0.002334833 0.002417 8.716901e-03
2727 0.027270000 0.002369197 0.002334815 0.002417 8.717839e-03
2728 0.027280000 0.002366857 0.002334797 0.002417 8.718778e-03
2729 0.027290000 0.002366570 0.002334779 0.002417 8.719716e-03
2730 0.027300000 0.002379705 0.002334766 0.002417 8.720653e-03
2731 0.027310000 0.002369026 0.002334748 0.002417 8.721591e-03
2732 0.027320000 0.002470828 0.002334768 0.002417 8.722528e-03
2733 0.027330000 0.002389465 0.002334754 0.002417 8.723464e-03
2734 0.027340000 0.002370099 0.002334737 0.002417 8.724400e-03
2735 0.027350000 0.002369804 0.002334721 0.002417 8.725336e-03
2736 0.027360000 0.002376049 0.002334706 0.002417 8.726272e-03
2737 0.027370000 0.002379989 0.002334693 0.002417 8.727207e-03
2738 0.027380000 0.002368846 0.002334676 0.002417 8.728142e-03
2739 0.027390000 0.002393590 0.002334667 0.002417 8.729076e-03
2740 0.027400000 0.002376013 0.002334653 0.002417 8.730010e-03
2741 0.027410000 0.002376277 0.002334638 0.002417 8.730944e-03
2742 0.027420000 0.002470396 0.002334657 0.002417 8.731877e-03
2743 0.027430000 0.002397468 0.002334650 0.002417 8.732810e-03
2744 0.027440000 0.002419658 0.002334651 0.002417 8.733743e-03
2745 0.027450000 0.002519026 0.002334689 0.002417 8.734676e-03
2746 0.027460000 0.002442505 0.002334698 0.002417 8.735608e-03
2747 0.027470000 0.002383394 0.002334686 0.002417 8.736539e-03
2748 0.027480000 0.002379002 0.002334673 0.002417 8.737471e-03
2749 0.027490000 0.002372204 0.002334657 0.002417 8.738402e-03
2750 0.027500000 0.006391560 0.002334644 0.002417 8.739332e-03
2751 0.027510000 0.002518216 0.002334681 0.002417 8.740263e-03
2752 0.027520000 0.002442502 0.002334681 0.002417 8.741192e-03
2753 0.027530000 0.002402407 0.002334669 0.002417 8.742122e-03
2754 0.027540000 0.002386195 0.002334652 0.002417 8.743051e-03
2755 0.027550000 0.002390027 0.002334637 0.002417 8.743980e-03
2756 0.027560000 0.002384561 0.002334620 0.002417 8.744909e-03
2757 0.027570000 0.002386108 0.002334604 0.002417 8.745837e-03
2758 0.027580000 0.002410008 0.002334595 0.002417 8.746765e-03
2759 0.027590000 0.002409546 0.002334587 0.002417 8.747692e-03
2760 0.027600000 0.002384030 0.002334570 0.002417 8.748620e-03
2761 0.027610000 0.002383300 0.002334552 0.002417 8.749547e-03
2762 0.027620000 0.002401544 0.002334540 0.002417 8.750473e-03
2763 0.027630000 0.002383508 0.002334522 0.002417 8.751399e-03
2764 0.027640000 0.002388939 0.002334507 0.002417 8.752325e-03
2765 0.027650000 0.002534837 0.002334544 0.002417 8.753251e-03
2766 0.027660000 0.002399790 0.002334531 0.002417 8.754176e-03
2767 0.027670000 0.002391793 0.002334516 0.002417 8.755100e-03
2768 0.027680000 0.002387535 0.002334500 0.002417 8.756025e-03
2769 0.027690000 0.002386074 0.002334484 0.002417 8.756949e-03
2770 0.027700000 0.002390781 0.002334470 0.002417 8.757873e-03
2771 0.027710000 0.002398459 0.002334458 0.002417 8.758796e-03
2772 0.027720000 0.002499481 0.002334480 0.002417 8.759719e-03
2773 0.027730000 0.002390734 0.002334464 0.002417 8.760642e-03
2774 0.027740000 0.002391983 0.002334449 0.002417 8.761565e-03
2775 0.027750000 0.009179139 0.002334432 0.002417 8.762487e-03
2776 0.027760000 0.002417436 0.002334426 0.002417 8.763408e-03
2777 0.027770000 0.002404867 0.002334414 0.002417 8.764330e-03
2778 0.027780000 0.002386871 0.002334398 0.002417 8.765251e-03
2779 0.027790000 0.002389035 0.002334383 0.002417 8.766172e-03
2780 0.027800000 0.002386246 0.002334367 0.002417 8.767092e-03
2781 0.027810000 0.002386715 0.002334351 0.002417 8.768012e-03
2782 0.027820000 0.002406695 0.002334341 0.002417 8.768932e-03
2783 0.027830000 0.002517086 0.002334372 0.002417 8.769851e-03
2784 0.027840000 0.002469903 0.002334384 0.002417 8.770770e-03
2785 0.027850000 0.002341397 0.002334353 0.002417 8.771689e-03
2786 0.027860000 0.002332404 0.002334318 0.002417 8.772607e-03
2787 0.027870000 0.002384220 0.002334284 0.002417 8.773525e-03
2788 0.027880000 0.002343400 0.002334253 0.002417 8.774443e-03
2789 0.027890000 0.002334482 0.002334220 0.002417 8.775360e-03
2790 0.027900000 0.002572770 0.002334271 0.002417 8.776277e-03
2791 0.027910000 0.002410869 0.002334251 0.002417 8.777194e-03
2792 0.027920000 0.002330359 0.002334215 0.002417 8.778110e-03
2793 0.027930000 0.002330669 0.002334180 0.002417 8.779026e-03
2794 0.027940000 0.002348796 0.002334152 0.002417 8.779942e-03
2795 0.027950000 0.002328762 0.002334116 0.002417 8.780857e-03
2796 0.027960000 0.002326565 0.002334080 0.002417 8.781772e-03
2797 0.027970000 0.002353620 0.002334053 0.002417 8.782687e-03
2798 0.027980000 0.002328680 0.002334017 0.002417 8.783601e-03
2799 0.027990000 0.002327164 0.002333981 0.002417 8.784515e-03
2800 0.028000000 0.009423296 0.002333949 0.002417 8.785429e-03
2801 0.028010000 0.002357578 0.002333923 0.002417 8.786342e-03
2802 0.028020000 0.002332139 0.002333888 0.002417 8.787256e-03
2803 0.028030000 0.002336290 0.002333852 0.002417 8.788168e-03
2804 0.028040000 0.002329864 0.002333817 0.002417 8.789081e-03
2805 0.028050000 0.002330112 0.002333782 0.002417 8.789993e-03
2806 0.028060000 0.002348014 0.002333750 0.002417 8.790904e-03
2807 0.028070000 0.002330572 0.002333716 0.002417 8.791816e-03
2808 0.028080000 0.002521144 0.002333744 0.002417 8.792727e-03
2809 0.028090000 0.002704481 0.002333834 0.002417 8.793637e-03
2810 0.028100000 0.002332796 0.002333799 0.002417 8.794548e-03
2811 0.028110000 0.002338251 0.002333767 0.002417 8.795458e-03
2812 0.028120000 0.002373286 0.002333747 0.002417 8.796367e-03
2813 0.028130000 0.002330380 0.002333711 0.002417 8.797277e-03
2814 0.028140000 0.002376980 0.002333693 0.002417 8.798186e-03
2815 0.028150000 0.002441696 0.002333698 0.002417 8.799095e-03
2816 0.028160000 0.002406616 0.002333690 0.002417 8.800003e-03
2817 0.028170000 0.002339189 0.002333658 0.002417 8.800911e-03
2818 0.028180000 0.002417652 0.002333653 0.002417 8.801819e-03
2819 0.028190000 0.002327124 0.002333617 0.002417 8.802726e-03
2820 0.028200000 0.002329337 0.002333582 0.002417 8.803633e-03
2821 0.028210000 0.002331230 0.002333547 0.002417 8.804540e-03
2822 0.028220000 0.002352737 0.002333520 0.002417 8.805447e-03
2823 0.028230000 0.002395378 0.002333508 0.002417 8.806353e-03
2824 0.028240000 0.002329903 0.002333474 0.002417 8.807258e-03
2825 0.028250000 0.009482855 0.002333439 0.002417 8.808164e-03
2826 0.028260000 0.002655540 0.002333518 0.002417 8.809069e-03
2827 0.028270000 0.002335844 0.002333485 0.002417 8.809974e-03
2828 0.028280000 0.002341446 0.002333452 0.002417 8.810878e-03
2829 0.028290000 0.002340551 0.002333421 0.002417 8.811782e-03
2830 0.028300000 0.002338201 0.002333389 0.002417 8.812686e-03
2831 0.028310000 0.002390930 0.002333373 0.002417 8.813590e-03
2832 0.028320000 0.002326836 0.002333337 0.002417 8.814493e-03
2833 0.028330000 0.002403342 0.002333329 0.002417 8.815396e-03
2834 0.028340000 0.002336096 0.002333295 0.002417 8.816298e-03
2835 0.028350000 0.002658193 0.002333378 0.002417 8.817200e-03
2836 0.028360000 0.002499609 0.002333393 0.002417 8.818102e-03
2837 0.028370000 0.002613049 0.002333457 0.002417 8.819004e-03
2838 0.028380000 0.002767227 0.002333572 0.002417 8.819905e-03
2839 0.028390000 0.002928242 0.002333733 0.002417 8.820806e-03
2840 0.028400000 0.002393191 0.002333703 0.002417 8.821707e-03
2841 0.028410000 0.002329784 0.002333668 0.002417 8.822607e-03
2842 0.028420000 0.002331332 0.002333634 0.002417 8.823507e-03
2843 0.028430000 0.002329651 0.002333599 0.002417 8.824406e-03
2844 0.028440000 0.002329936 0.002333565 0.002417 8.825306e-03
2845 0.028450000 0.002339615 0.002333534 0.002417 8.826205e-03
2846 0.028460000 0.002363512 0.002333511 0.002417 8.827103e-03
2847 0.028470000 0.002474662 0.002333527 0.002417 8.828002e-03
2848 0.028480000 0.002550348 0.002333559 0.002417 8.828900e-03
2849 0.028490000 0.002645387 0.002333612 0.002417 8.829797e-03
2850 0.028500000 0.009708868 0.002333621 0.002417 8.830695e-03
2851 0.028510000 0.002549186 0.002333667 0.002417 8.831592e-03
2852 0.028520000 0.002399211 0.002333663 0.002417 8.832489e-03
2853 0.028530000 0.002569634 0.002333711 0.002417 8.833385e-03
2854 0.028540000 0.002381810 0.002333699 0.002417 8.834281e-03
2855 0.028550000 0.002357093 0.002333670 0.002417 8.835177e-03
2856 0.028560000 0.002411878 0.002333669 0.002417 8.836072e-03
2857 0.028570000 0.002650640 0.002333751 0.002417 8.836968e-03
2858 0.028580000 0.002400480 0.002333740 0.002417 8.837862e-03
2859 0.028590000 0.002391604 0.002333724 0.002417 8.838757e-03
2860 0.028600000 0.002390625 0.002333710 0.002417 8.839651e-03
2861 0.028610000 0.002387195 0.002333695 0.002417 8.840545e-03
2862 0.028620000 0.002397754 0.002333682 0.002417 8.841438e-03
2863 0.028630000 0.002425900 0.002333672 0.002417 8.842332e-03
2864 0.028640000 0.002521511 0.002333697 0.002417 8.843225e-03
2865 0.028650000 0.002371718 0.002333681 0.002417 8.844117e-03
2866 0.028660000 0.002369318 0.002333665 0.002417 8.845010e-03
2867 0.028670000 0.002375967 0.002333651 0.002417 8.845901e-03
2868 0.028680000 0.002368849 0.002333635 0.002417 8.846793e-03
2869 0.028690000 0.002380207 0.002333623 0.002417 8.847684e-03
2870 0.028700000 0.002466509 0.002333640 0.002417 8.848576e-03
2871 0.028710000 0.002381910 0.002333629 0.002417 8.849466e-03
2872 0.028720000 0.002370238 0.002333613 0.002417 8.850357e-03
2873 0.028730000 0.002367500 0.002333596 0.002417 8.851247e-03
2874 0.028740000 0.002544420 0.002333641 0.002417 8.852136e-03
2875 0.028750000 0.006291734 0.002333631 0.002417 8.853026e-03
2876 0.028760000 0.002486909 0.002333654 0.002417 8.853915e-03
2877 0.028770000 0.002367960 0.002333637 0.002417 8.854804e-03
2878 0.028780000 0.002368840 0.002333621 0.002417 8.855692e-03
2879 0.028790000 0.002374619 0.002333607 0.002417 8.856581e-03
2880 0.028800000 0.002367623 0.002333591 0.002417 8.857468e-03
2881 0.028810000 0.002376889 0.002333577 0.002417 8.858356e-03
2882 0.028820000 0.002369944 0.002333562 0.002417 8.859243e-03
2883 0.028830000 0.002483140 0.002333585 0.002417 8.860130e-03
2884 0.028840000 0.002371806 0.002333570 0.002417 8.861017e-03
2885 0.028850000 0.002368448 0.002333554 0.002417 8.861903e-03
2886 0.028860000 0.002368770 0.002333538 0.002417 8.862789e-03
2887 0.028870000 0.002397782 0.002333531 0.002417 8.863675e-03
2888 0.028880000 0.002372056 0.002333517 0.002417 8.864560e-03
2889 0.028890000 0.002461003 0.002333532 0.002417 8.865445e-03
2890 0.028900000 0.002396359 0.002333520 0.002417 8.866330e-03
2891 0.028910000 0.002369978 0.002333505 0.002417 8.867215e-03
2892 0.028920000 0.002381789 0.002333489 0.002417 8.868099e-03
2893 0.028930000 0.002369597 0.002333474 0.002417 8.868983e-03
2894 0.028940000 0.002375686 0.002333460 0.002417 8.869866e-03
2895 0.028950000 0.002366958 0.002333443 0.002417 8.870749e-03
2896 0.028960000 0.002367230 0.002333427 0.002417 8.871632e-03
2897 0.028970000 0.002473247 0.002333445 0.002417 8.872515e-03
2898 0.028980000 0.002388443 0.002333436 0.002417 8.873397e-03
2899 0.028990000 0.002373713 0.002333421 0.002417 8.874279e-03
2900 0.029000000 0.006289817 0.002333406 0.002417 8.875161e-03
2901 0.029010000 0.002372498 0.002333391 0.002417 8.876042e-03
2902 0.029020000 0.002502524 0.002333421 0.002417 8.876923e-03
2903 0.029030000 0.002369042 0.002333405 0.002417 8.877804e-03
2904 0.029040000 0.002461831 0.002333421 0.002417 8.878684e-03
2905 0.029050000 0.002637839 0.002333484 0.002417 8.879565e-03
2906 0.029060000 0.002406441 0.002333472 0.002417 8.880444e-03
2907 0.029070000 0.002391725 0.002333458 0.002417 8.881324e-03
2908 0.029080000 0.002391408 0.002333445 0.002417 8.882203e-03
2909 0.029090000 0.002519143 0.002333472 0.002417 8.883082e-03
2910 0.029100000 0.002405714 0.002333461 0.002417 8.883961e-03
2911 0.029110000 0.002397107 0.002333448 0.002417 8.884839e-03
2912 0.029120000 0.002394992 0.002333435 0.002417 8.885717e-03
2913 0.029130000 0.002391624 0.002333422 0.002417 8.886595e-03
2914 0.029140000 0.002389021 0.002333408 0.002417 8.887472e-03
2915 0.029150000 0.002400972 0.002333396 0.002417 8.888349e-03
2916 0.029160000 0.002491533 0.002333411 0.002417 8.889226e-03
2917 0.029170000 0.002367411 0.002333394 0.002417 8.890102e-03
2918 0.029180000 0.002370259 0.002333379 0.002417 8.890979e-03
2919 0.029190000 0.002372110 0.002333364 0.002417 8.891855e-03
2920 0.029200000 0.002368681 0.002333348 0.002417 8.892730e-03
2921 0.029210000 0.002377663 0.002333333 0.002417 8.893605e-03
2922 0.029220000 0.002468771 0.002333351 0.002417 8.894480e-03
2923 0.029230000 0.002388729 0.002333342 0.002417 8.895355e-03
2924 0.029240000 0.002369408 0.002333326 0.002417 8.896229e-03
2925 0.029250000 0.006252968 0.002333310 0.002417 8.897103e-03
2926 0.029260000 0.002375037 0.002333296 0.002417 8.897977e-03
2927 0.029270000 0.002374459 0.002333282 0.002417 8.898851e-03
2928 0.029280000 0.002477313 0.002333302 0.002417 8.899724e-03
2929 0.029290000 0.002368804 0.002333286 0.002417 8.900597e-03
2930 0.029300000 0.002366922 0.002333270 0.002417 8.901469e-03
2931 0.029310000 0.002384130 0.002333259 0.002417 8.902341e-03
2932 0.029320000 0.002367849 0.002333243 0.002417 8.903213e-03
2933 0.029330000 0.002396019 0.002333236 0.002417 8.904085e-03
2934 0.029340000 0.002381820 0.002333225 0.002417 8.904956e-03
2935 0.029350000 0.002527438 0.002333263 0.002417 8.905827e-03
2936 0.029360000 0.002380765 0.002333251 0.002417 8.906698e-03
2937 0.029370000 0.002368274 0.002333235 0.002417 8.907568e-03
2938 0.029380000 0.002369063 0.002333219 0.002417 8.908439e-03
2939 0.029390000 0.002392383 0.002333210 0.002417 8.909308e-03
2940 0.029400000 0.002368575 0.002333195 0.002417 8.910178e-03
2941 0.029410000 0.002436186 0.002333199 0.002417 8.911047e-03
2942 0.029420000 0.002480999 0.002333209 0.002417 8.911916e-03
2943 0.029430000 0.002372932 0.002333195 0.002417 8.912785e-03
2944 0.029440000 0.002366920 0.002333179 0.002417 8.913653e-03
2945 0.029450000 0.002377409 0.002333166 0.002417 8.914521e-03
2946 0.029460000 0.002370683 0.002333151 0.002417 8.915389e-03
2947 0.029470000 0.002367801 0.002333135 0.002417 8.916256e-03
2948 0.029480000 0.002369115 0.002333120 0.002417 8.917124e-03
2949 0.029490000 0.002475419 0.002333139 0.002417 8.917990e-03
2950 0.029500000 0.006270165 0.002333127 0.002417 8.918857e-03
2951 0.029510000 0.002372491 0.002333112 0.002417 8.919723e-03
2952 0.029520000 0.002367272 0.002333096 0.002417 8.920589e-03
2953 0.029530000 0.002370203 0.002333081 0.002417 8.921455e-03
2954 0.029540000 0.002486994 0.002333106 0.002417 8.922320e-03
2955 0.029550000 0.002370359 0.002333091 0.002417 8.923185e-03
2956 0.029560000 0.002391620 0.002333083 0.002417 8.924050e-03
2957 0.029570000 0.002369008 0.002333067 0.002417 8.924915e-03
2958 0.029580000 0.002369120 0.002333051 0.002417 8.925779e-03
2959 0.029590000 0.002369782 0.002333036 0.002417 8.926643e-03
2960 0.029600000 0.002366800 0.002333020 0.002417 8.927506e-03
2961 0.029610000 0.002476849 0.002333041 0.002417 8.928370e-03
2962 0.029620000 0.002401146 0.002333033 0.002417 8.929233e-03
2963 0.029630000 0.002366811 0.002333017 0.002417 8.930095e-03
2964 0.029640000 0.002372460 0.002333002 0.002417 8.930958e-03
2965 0.029650000 0.002367597 0.002332986 0.002417 8.931820e-03
2966 0.029660000 0.002368107 0.002332971 0.002417 8.932682e-03
2967 0.029670000 0.002369847 0.002332955 0.002417 8.933543e-03
2968 0.029680000 0.002484477 0.002332978 0.002417 8.934405e-03
2969 0.029690000 0.002394600 0.002332966 0.002417 8.935266e-03
2970 0.029700000 0.002368813 0.002332951 0.002417 8.936126e-03
2971 0.029710000 0.002371794 0.002332936 0.002417 8.936987e-03
2972 0.029720000 0.002373436 0.002332921 0.002417 8.937847e-03
2973 0.029730000 0.002367447 0.002332905 0.002417 8.938706e-03
2974 0.029740000 0.002392408 0.002332896 0.002417 8.939566e-03
2975 0.029750000 0.006408077 0.002332904 0.002417 8.940425e-03
2976 0.029760000 0.002415978 0.002332904 0.002417 8.941284e-03
2977 0.029770000 0.002371312 0.002332888 0.002417 8.942143e-03
2978 0.029780000 0.002371881 0.002332873 0.002417 8.943001e-03
2979 0.029790000 0.002377875 0.002332860 0.002417 8.943859e-03
2980 0.029800000 0.002476436 0.002332881 0.002417 8.944717e-03
2981 0.029810000 0.002376775 0.002332868 0.002417 8.945574e-03
2982 0.029820000 0.002370289 0.002332852 0.002417 8.946432e-03
2983 0.029830000 0.002381518 0.002332841 0.002417 8.947288e-03
2984 0.029840000 0.002370981 0.002332827 0.002417 8.948145e-03
2985 0.029850000 0.002378254 0.002332815 0.002417 8.949001e-03
2986 0.029860000 0.002364917 0.002332798 0.002417 8.949857e-03
2987 0.029870000 0.002494644 0.002332825 0.002417 8.950713e-03
2988 0.029880000 0.002370615 0.002332810 0.002417 8.951569e-03
2989 0.029890000 0.002370388 0.002332795 0.002417 8.952424e-03
2990 0.029900000 0.002369915 0.002332780 0.002417 8.953279e-03
2991 0.029910000 0.002384514 0.002332770 0.002417 8.954133e-03
2992 0.029920000 0.002371513 0.002332756 0.002417 8.954987e-03
2993 0.029930000 0.002367036 0.002332740 0.002417 8.955841e-03
2994 0.029940000 0.002494505 0.002332766 0.002417 8.956695e-03
2995 0.029950000 0.002490431 0.002332791 0.002417 8.957549e-03
2996 0.029960000 0.002390296 0.002332778 0.002417 8.958402e-03
2997 0.029970000 0.002406795 0.002332775 0.002417 8.959255e-03
2998 0.029980000 0.002367131 0.002332759 0.002417 8.960107e-03
2999 0.029990000 0.002368823 0.002332744 0.002417 8.960959e-03
3000 0.030000000 0.008311214 0.002332728 0.002417 8.961811e-03
3001 0.030010000 0.002397427 0.002332714 0.002417 8.962663e-03
3002 0.030020000 0.002402839 0.002332703 0.002417 8.963514e-03
3003 0.030030000 0.002455731 0.002332711 0.002417 8.964366e-03
3004 0.030040000 0.002507617 0.002332735 0.002417 8.965216e-03
3005 0.030050000 0.002495623 0.002332757 0.002417 8.966067e-03
3006 0.030060000 0.002407810 0.002332747 0.002417 8.966917e-03
3007 0.030070000 0.002387577 0.002332733 0.002417 8.967767e-03
3008 0.030080000 0.002406341 0.002332724 0.002417 8.968617e-03
3009 0.030090000 0.002388209 0.002332710 0.002417 8.969466e-03
3010 0.030100000 0.002387619 0.002332696 0.002417 8.970316e-03
3011 0.030110000 0.002397646 0.002332684 0.002417 8.971164e-03
3012 0.030120000 0.002487889 0.002332703 0.002417 8.972013e-03
3013 0.030130000 0.002410463 0.002332694 0.002417 8.972861e-03
3014 0.030140000 0.002398609 0.002332683 0.002417 8.973709e-03
3015 0.030150000 0.002443417 0.002332687 0.002417 8.974557e-03
3016 0.030160000 0.002432838 0.002332672 0.002417 8.975405e-03
3017 0.030170000 0.002388350 0.002332659 0.002417 8.976252e-03
3018 0.030180000 0.002397238 0.002332646 0.002417 8.977099e-03
3019 0.030190000 0.002512652 0.002332674 0.002417 8.977945e-03
3020 0.030200000 0.002498664 0.002332695 0.002417 8.978791e-03
3021 0.030210000 0.002386450 0.002332680 0.002417 8.979638e-03
3022 0.030220000 0.002393610 0.002332668 0.002417 8.980483e-03
3023 0.030230000 0.002437099 0.002332671 0.002417 8.981329e-03
3024 0.030240000 0.002389631 0.002332657 0.002417 8.982174e-03
3025 0.030250000 0.009610133 0.002332645 0.002417 8.983019e-03
3026 0.030260000 0.002412603 0.002332637 0.002417 8.983863e-03
3027 0.030270000 0.002408616 0.002332626 0.002417 8.984708e-03
3028 0.030280000 0.002635888 0.002332691 0.002417 8.985552e-03
3029 0.030290000 0.002611961 0.002332739 0.002417 8.986396e-03
3030 0.030300000 0.002531888 0.002332769 0.002417 8.987239e-03
3031 0.030310000 0.002438536 0.002332770 0.002417 8.988082e-03
3032 0.030320000 0.002402044 0.002332760 0.002417 8.988925e-03
3033 0.030330000 0.002390986 0.002332747 0.002417 8.989768e-03
3034 0.030340000 0.002428137 0.002332745 0.002417 8.990610e-03
3035 0.030350000 0.002398902 0.002332733 0.002417 8.991452e-03
3036 0.030360000 0.002521002 0.002332761 0.002417 8.992294e-03
3037 0.030370000 0.002497449 0.002332779 0.002417 8.993136e-03
3038 0.030380000 0.002402244 0.002332767 0.002417 8.993977e-03
3039 0.030390000 0.002390483 0.002332754 0.002417 8.994818e-03
3040 0.030400000 0.002383812 0.002332739 0.002417 8.995659e-03
3041 0.030410000 0.002397130 0.002332728 0.002417 8.996499e-03
3042 0.030420000 0.002395544 0.002332716 0.002417 8.997339e-03
3043 0.030430000 0.002402990 0.002332706 0.002417 8.998179e-03
3044 0.030440000 0.002556967 0.002332742 0.002417 8.999019e-03
3045 0.030450000 0.002458100 0.002332749 0.002417 8.999858e-03
3046 0.030460000 0.002486855 0.002332764 0.002417 9.000697e-03
3047 0.030470000 0.002388041 0.002332750 0.002417 9.001536e-03
3048 0.030480000 0.002393517 0.002332739 0.002417 9.002375e-03
3049 0.030490000 0.002401439 0.002332730 0.002417 9.003213e-03
3050 0.030500000 0.009872326 0.002332798 0.002417 9.004051e-03
3051 0.030510000 0.002410572 0.002332791 0.002417 9.004888e-03
3052 0.030520000 0.002375706 0.002332778 0.002417 9.005726e-03
3053 0.030530000 0.002366632 0.002332762 0.002417 9.006563e-03
3054 0.030540000 0.002403914 0.002332759 0.002417 9.007400e-03
3055 0.030550000 0.002429138 0.002332763 0.002417 9.008236e-03
3056 0.030560000 0.002376893 0.002332751 0.002417 9.009073e-03
3057 0.030570000 0.002396321 0.002332744 0.002417 9.009909e-03
3058 0.030580000 0.002380923 0.002332733 0.002417 9.010744e-03
3059 0.030590000 0.002406761 0.002332731 0.002417 9.011580e-03
3060 0.030600000 0.002372512 0.002332717 0.002417 9.012415e-03
3061 0.030610000 0.002407543 0.002332714 0.002417 9.013250e-03
3062 0.030620000 0.002384069 0.002332703 0.002417 9.014085e-03
3063 0.030630000 0.002368435 0.002332688 0.002417 9.014919e-03
3064 0.030640000 0.002366550 0.002332672 0.002417 9.015753e-03
3065 0.030650000 0.002400411 0.002332668 0.002417 9.016587e-03
3066 0.030660000 0.002383968 0.002332657 0.002417 9.017420e-03
3067 0.030670000 0.002728493 0.002332751 0.002417 9.018254e-03
3068 0.030680000 0.002899430 0.002332880 0.002417 9.019087e-03
3069 0.030690000 0.002452832 0.002332885 0.002417 9.019920e-03
3070 0.030700000 0.002415334 0.002332885 0.002417 9.020752e-03
3071 0.030710000 0.002367183 0.002332870 0.002417 9.021584e-03
3072 0.030720000 0.002379421 0.002332859 0.002417 9.022416e-03
3073 0.030730000 0.002451880 0.002332862 0.002417 9.023248e-03
3074 0.030740000 0.002449924 0.002332873 0.002417 9.024079e-03
3075 0.030750000 0.006454785 0.002332886 0.002417 9.024910e-03
3076 0.030760000 0.002466967 0.002332903 0.002417 9.025741e-03
3077 0.030770000 0.002372633 0.002332890 0.002417 9.026572e-03
3078 0.030780000 0.002376156 0.002332877 0.002417 9.027402e-03
3079 0.030790000 0.002367420 0.002332862 0.002417 9.028232e-03
3080 0.030800000 0.002443185 0.002332870 0.002417 9.029062e-03
3081 0.030810000 0.002425972 0.002332873 0.002417 9.029891e-03
3082 0.030820000 0.002382015 0.002332862 0.002417 9.030720e-03
3083 0.030830000 0.002456549 0.002332875 0.002417 9.031549e-03
3084 0.030840000 0.002450317 0.002332886 0.002417 9.032378e-03
3085 0.030850000 0.002448035 0.002332897 0.002417 9.033206e-03
3086 0.030860000 0.002505905 0.002332922 0.002417 9.034035e-03
3087 0.030870000 0.002464079 0.002332938 0.002417 9.034862e-03
3088 0.030880000 0.002462358 0.002332953 0.002417 9.035690e-03
3089 0.030890000 0.002376882 0.002332938 0.002417 9.036517e-03
3090 0.030900000 0.002366969 0.002332923 0.002417 9.037344e-03
3091 0.030910000 0.002374709 0.002332910 0.002417 9.038171e-03
3092 0.030920000 0.002381603 0.002332899 0.002417 9.038998e-03
3093 0.030930000 0.002376732 0.002332885 0.002417 9.039824e-03
3094 0.030940000 0.002462565 0.002332900 0.002417 9.040650e-03
3095 0.030950000 0.002376788 0.002332888 0.002417 9.041476e-03
3096 0.030960000 0.002369610 0.002332874 0.002417 9.042301e-03
3097 0.030970000 0.002367514 0.002332859 0.002417 9.043126e-03
3098 0.030980000 0.002371403 0.002332844 0.002417 9.043951e-03
3099 0.030990000 0.002368729 0.002332830 0.002417 9.044776e-03
3100 0.031000000 0.006292331 0.002332815 0.002417 9.045600e-03
3101 0.031010000 0.002373379 0.002332802 0.002417 9.046425e-03
3102 0.031020000 0.002369771 0.002332786 0.002417 9.047248e-03
3103 0.031030000 0.002366495 0.002332771 0.002417 9.048072e-03
3104 0.031040000 0.002371827 0.002332757 0.002417 9.048895e-03
3105 0.031050000 0.002366951 0.002332742 0.002417 9.049718e-03
3106 0.031060000 0.002370365 0.002332728 0.002417 9.050541e-03
3107 0.031070000 0.002375447 0.002332715 0.002417 9.051364e-03
3108 0.031080000 0.002366993 0.002332700 0.002417 9.052186e-03
3109 0.031090000 0.002366668 0.002332685 0.002417 9.053008e-03
3110 0.031100000 0.002370314 0.002332671 0.002417 9.053830e-03
3111 0.031110000 0.002366904 0.002332656 0.002417 9.054651e-03
3112 0.031120000 0.002369971 0.002332642 0.002417 9.055472e-03
3113 0.031130000 0.002381464 0.002332631 0.002417 9.056293e-03
3114 0.031140000 0.002408285 0.002332629 0.002417 9.057114e-03
3115 0.031150000 0.002408551 0.002332627 0.002417 9.057934e-03
3116 0.031160000 0.002365135 0.002332612 0.002417 9.058755e-03
3117 0.031170000 0.002370223 0.002332597 0.002417 9.059574e-03
3118 0.031180000 0.002373826 0.002332581 0.002417 9.060394e-03
3119 0.031190000 0.002411162 0.002332581 0.002417 9.061213e-03
3120 0.031200000 0.002370469 0.002332567 0.002417 9.062033e-03
3121 0.031210000 0.002366373 0.002332551 0.002417 9.062851e-03
3122 0.031220000 0.002365728 0.002332536 0.002417 9.063670e-03
3123 0.031230000 0.002368487 0.002332522 0.002417 9.064488e-03
3124 0.031240000 0.002373270 0.002332509 0.002417 9.065306e-03
3125 0.031250000 0.006429877 0.002332497 0.002417 9.066124e-03
3126 0.031260000 0.002407526 0.002332495 0.002417 9.066942e-03
3127 0.031270000 0.002367175 0.002332480 0.002417 9.067759e-03
3128 0.031280000 0.002376284 0.002332468 0.002417 9.068576e-03
3129 0.031290000 0.002367136 0.002332453 0.002417 9.069393e-03
3130 0.031300000 0.002377655 0.002332440 0.002417 9.070209e-03
3131 0.031310000 0.002365483 0.002332425 0.002417 9.071025e-03
3132 0.031320000 0.002380376 0.002332414 0.002417 9.071841e-03
3133 0.031330000 0.002376395 0.002332401 0.002417 9.072657e-03
3134 0.031340000 0.002367569 0.002332387 0.002417 9.073473e-03
3135 0.031350000 0.002365734 0.002332371 0.002417 9.074288e-03
3136 0.031360000 0.002375219 0.002332359 0.002417 9.075103e-03
3137 0.031370000 0.002368979 0.002332345 0.002417 9.075917e-03
3138 0.031380000 0.002369470 0.002332331 0.002417 9.076732e-03
3139 0.031390000 0.002372047 0.002332316 0.002417 9.077546e-03
3140 0.031400000 0.002366518 0.002332301 0.002417 9.078360e-03
3141 0.031410000 0.002369684 0.002332287 0.002417 9.079173e-03
3142 0.031420000 0.002372287 0.002332274 0.002417 9.079987e-03
3143 0.031430000 0.002366435 0.002332259 0.002417 9.080800e-03
3144 0.031440000 0.002369393 0.002332245 0.002417 9.081613e-03
3145 0.031450000 0.002366222 0.002332230 0.002417 9.082425e-03
3146 0.031460000 0.002371532 0.002332216 0.002417 9.083238e-03
3147 0.031470000 0.002372796 0.002332203 0.002417 9.084050e-03
3148 0.031480000 0.002366767 0.002332188 0.002417 9.084862e-03
3149 0.031490000 0.002369790 0.002332174 0.002417 9.085673e-03
3150 0.031500000 0.006238872 0.002332159 0.002417 9.086484e-03
3151 0.031510000 0.002374032 0.002332146 0.002417 9.087295e-03
3152 0.031520000 0.002422837 0.002332148 0.002417 9.088106e-03
3153 0.031530000 0.002378615 0.002332136 0.002417 9.088917e-03
3154 0.031540000 0.002369570 0.002332123 0.002417 9.089727e-03
3155 0.031550000 0.002370177 0.002332108 0.002417 9.090537e-03
3156 0.031560000 0.002366774 0.002332093 0.002417 9.091347e-03
3157 0.031570000 0.002369268 0.002332079 0.002417 9.092156e-03
3158 0.031580000 0.002369854 0.002332065 0.002417 9.092966e-03
3159 0.031590000 0.002373660 0.002332053 0.002417 9.093775e-03
3160 0.031600000 0.002369567 0.002332039 0.002417 9.094583e-03
3161 0.031610000 0.002368072 0.002332025 0.002417 9.095392e-03
3162 0.031620000 0.002367661 0.002332010 0.002417 9.096200e-03
3163 0.031630000 0.002371139 0.002331997 0.002417 9.097008e-03
3164 0.031640000 0.002366549 0.002331982 0.002417 9.097816e-03
3165 0.031650000 0.002374992 0.002331970 0.002417 9.098623e-03
3166 0.031660000 0.002368029 0.002331956 0.002417 9.099430e-03
3167 0.031670000 0.002365486 0.002331941 0.002417 9.100237e-03
3168 0.031680000 0.002369273 0.002331927 0.002417 9.101044e-03
3169 0.031690000 0.002365106 0.002331912 0.002417 9.101851e-03
3170 0.031700000 0.002366433 0.002331897 0.002417 9.102657e-03
3171 0.031710000 0.002373606 0.002331884 0.002417 9.103463e-03
3172 0.031720000 0.002366814 0.002331870 0.002417 9.104268e-03
3173 0.031730000 0.002385976 0.002331861 0.002417 9.105074e-03
3174 0.031740000 0.002367573 0.002331846 0.002417 9.105879e-03
3175 0.031750000 0.006252444 0.002331832 0.002417 9.106684e-03
3176 0.031760000 0.002391942 0.002331825 0.002417 9.107489e-03
3177 0.031770000 0.002368356 0.002331811 0.002417 9.108293e-03
3178 0.031780000 0.002366917 0.002331796 0.002417 9.109097e-03
3179 0.031790000 0.002369736 0.002331783 0.002417 9.109901e-03
3180 0.031800000 0.002368150 0.002331768 0.002417 9.110705e-03
3181 0.031810000 0.002366728 0.002331754 0.002417 9.111508e-03
3182 0.031820000 0.002380550 0.002331743 0.002417 9.112311e-03
3183 0.031830000 0.002366078 0.002331729 0.002417 9.113114e-03
3184 0.031840000 0.002368377 0.002331715 0.002417 9.113917e-03
3185 0.031850000 0.002367421 0.002331700 0.002417 9.114719e-03
3186 0.031860000 0.002367098 0.002331686 0.002417 9.115522e-03
3187 0.031870000 0.002369477 0.002331672 0.002417 9.116323e-03
3188 0.031880000 0.002372286 0.002331660 0.002417 9.117125e-03
3189 0.031890000 0.002369054 0.002331646 0.002417 9.117927e-03
3190 0.031900000 0.002368509 0.002331632 0.002417 9.118728e-03
3191 0.031910000 0.002366157 0.002331617 0.002417 9.119529e-03
3192 0.031920000 0.002379387 0.002331606 0.002417 9.120329e-03
3193 0.031930000 0.002370637 0.002331593 0.002417 9.121130e-03
3194 0.031940000 0.002378537 0.002331582 0.002417 9.121930e-03
3195 0.031950000 0.002370135 0.002331569 0.002417 9.122730e-03
3196 0.031960000 0.002366644 0.002331554 0.002417 9.123529e-03
3197 0.031970000 0.002379243 0.002331544 0.002417 9.124329e-03
3198 0.031980000 0.002371929 0.002331531 0.002417 9.125128e-03
3199 0.031990000 0.002370092 0.002331517 0.002417 9.125927e-03
3200 0.032000000 0.006365553 0.002331506 0.002417 9.126726e-03
3201 0.032010000 0.002420120 0.002331503 0.002417 9.127524e-03
3202 0.032020000 0.002365942 0.002331489 0.002417 9.128322e-03
3203 0.032030000 0.002367677 0.002331475 0.002417 9.129120e-03
3204 0.032040000 0.002404317 0.002331472 0.002417 9.129918e-03
3205 0.032050000 0.002373999 0.002331459 0.002417 9.130715e-03
3206 0.032060000 0.002366122 0.002331444 0.002417 9.131512e-03
3207 0.032070000 0.002367914 0.002331430 0.002417 9.132309e-03
3208 0.032080000 0.002369052 0.002331417 0.002417 9.133106e-03
3209 0.032090000 0.002366260 0.002331402 0.002417 9.133902e-03
3210 0.032100000 0.002366323 0.002331388 0.002417 9.134699e-03
3211 0.032110000 0.002380930 0.002331378 0.002417 9.135494e-03
3212 0.032120000 0.002374983 0.002331366 0.002417 9.136290e-03
3213 0.032130000 0.002367200 0.002331351 0.002417 9.137086e-03
3214 0.032140000 0.002365586 0.002331337 0.002417 9.137881e-03
3215 0.032150000 0.002366732 0.002331322 0.002417 9.138676e-03
3216 0.032160000 0.002371577 0.002331310 0.002417 9.139470e-03
3217 0.032170000 0.002372830 0.002331297 0.002417 9.140265e-03
3218 0.032180000 0.002374177 0.002331285 0.002417 9.141059e-03
3219 0.032190000 0.002388289 0.002331277 0.002417 9.141853e-03
3220 0.032200000 0.002387997 0.002331266 0.002417 9.142647e-03
3221 0.032210000 0.002395678 0.002331260 0.002417 9.143440e-03
3222 0.032220000 0.002368986 0.002331246 0.002417 9.144234e-03
3223 0.032230000 0.002379938 0.002331236 0.002417 9.145027e-03
3224 0.032240000 0.002539832 0.002331262 0.002417 9.145819e-03
3225 0.032250000 0.006933322 0.002331389 0.002417 9.146612e-03
3226 0.032260000 0.002373103 0.002331376 0.002417 9.147404e-03
3227 0.032270000 0.002414904 0.002331376 0.002417 9.148196e-03
3228 0.032280000 0.002369630 0.002331363 0.002417 9.148988e-03
3229 0.032290000 0.002370789 0.002331350 0.002417 9.149779e-03
3230 0.032300000 0.002381385 0.002331340 0.002417 9.150571e-03
3231 0.032310000 0.002374622 0.002331328 0.002417 9.151362e-03
3232 0.032320000 0.002395275 0.002331322 0.002417 9.152153e-03
3233 0.032330000 0.002420698 0.002331314 0.002417 9.152943e-03
3234 0.032340000 0.002383055 0.002331304 0.002417 9.153733e-03
3235 0.032350000 0.002372688 0.002331292 0.002417 9.154523e-03
3236 0.032360000 0.002367314 0.002331278 0.002417 9.155313e-03
3237 0.032370000 0.002393944 0.002331270 0.002417 9.156103e-03
3238 0.032380000 0.002420348 0.002331272 0.002417 9.156892e-03
3239 0.032390000 0.002411919 0.002331272 0.002417 9.157681e-03
3240 0.032400000 0.002383822 0.002331263 0.002417 9.158470e-03
3241 0.032410000 0.002368429 0.002331249 0.002417 9.159259e-03
3242 0.032420000 0.002368936 0.002331235 0.002417 9.160047e-03
3243 0.032430000 0.002369453 0.002331221 0.002417 9.160835e-03
3244 0.032440000 0.002378026 0.002331210 0.002417 9.161623e-03
3245 0.032450000 0.002427831 0.002331215 0.002417 9.162411e-03
3246 0.032460000 0.002402828 0.002331212 0.002417 9.163198e-03
3247 0.032470000 0.002373815 0.002331200 0.002417 9.163985e-03
3248 0.032480000 0.002371853 0.002331186 0.002417 9.164772e-03
3249 0.032490000 0.002380044 0.002331176 0.002417 9.165559e-03
3250 0.032500000 0.006456702 0.002331163 0.002417 9.166345e-03
3251 0.032510000 0.002392511 0.002331155 0.002417 9.167132e-03
3252 0.032520000 0.002401298 0.002331151 0.002417 9.167918e-03
3253 0.032530000 0.002373858 0.002331138 0.002417 9.168703e-03
3254 0.032540000 0.002367822 0.002331124 0.002417 9.169489e-03
3255 0.032550000 0.002370754 0.002331111 0.002417 9.170274e-03
3256 0.032560000 0.002405298 0.002331108 0.002417 9.171059e-03
3257 0.032570000 0.002571045 0.002331157 0.002417 9.171844e-03
3258 0.032580000 0.002428933 0.002331161 0.002417 9.172628e-03
3259 0.032590000 0.002371987 0.002331148 0.002417 9.173413e-03
3260 0.032600000 0.002445239 0.002331151 0.002417 9.174197e-03
3261 0.032610000 0.002541372 0.002331180 0.002417 9.174981e-03
3262 0.032620000 0.002406188 0.002331178 0.002417 9.175764e-03
3263 0.032630000 0.002398446 0.002331173 0.002417 9.176547e-03
3264 0.032640000 0.002394171 0.002331167 0.002417 9.177331e-03
3265 0.032650000 0.002560447 0.002331209 0.002417 9.178113e-03
3266 0.032660000 0.002608330 0.002331265 0.002417 9.178896e-03
3267 0.032670000 0.002369543 0.002331251 0.002417 9.179678e-03
3268 0.032680000 0.002465539 0.002331267 0.002417 9.180461e-03
3269 0.032690000 0.002421250 0.002331270 0.002417 9.181243e-03
3270 0.032700000 0.002533286 0.002331306 0.002417 9.182024e-03
3271 0.032710000 0.002378592 0.002331295 0.002417 9.182806e-03
3272 0.032720000 0.002410160 0.002331293 0.002417 9.183587e-03
3273 0.032730000 0.002414907 0.002331289 0.002417 9.184368e-03
3274 0.032740000 0.002749910 0.002331390 0.002417 9.185149e-03
3275 0.032750000 0.006541205 0.002331394 0.002417 9.185929e-03
3276 0.032760000 0.002564270 0.002331439 0.002417 9.186709e-03
3277 0.032770000 0.002371148 0.002331426 0.002417 9.187489e-03
3278 0.032780000 0.002403335 0.002331422 0.002417 9.188269e-03
3279 0.032790000 0.002505074 0.002331433 0.002417 9.189049e-03
3280 0.032800000 0.002370363 0.002331420 0.002417 9.189828e-03
3281 0.032810000 0.002395247 0.002331413 0.002417 9.190607e-03
3282 0.032820000 0.002497592 0.002331438 0.002417 9.191386e-03
3283 0.032830000 0.002505016 0.002331466 0.002417 9.192164e-03
3284 0.032840000 0.002368721 0.002331452 0.002417 9.192943e-03
3285 0.032850000 0.002374235 0.002331440 0.002417 9.193721e-03
3286 0.032860000 0.002383714 0.002331427 0.002417 9.194499e-03
3287 0.032870000 0.002442014 0.002331436 0.002417 9.195276e-03
3288 0.032880000 0.002371487 0.002331422 0.002417 9.196054e-03
3289 0.032890000 0.002490761 0.002331445 0.002417 9.196831e-03
3290 0.032900000 0.002368897 0.002331432 0.002417 9.197608e-03
3291 0.032910000 0.002487299 0.002331454 0.002417 9.198385e-03
3292 0.032920000 0.002553798 0.002331485 0.002417 9.199161e-03
3293 0.032930000 0.002444087 0.002331494 0.002417 9.199938e-03
3294 0.032940000 0.002369902 0.002331481 0.002417 9.200714e-03
3295 0.032950000 0.002420051 0.002331483 0.002417 9.201489e-03
3296 0.032960000 0.002411001 0.002331482 0.002417 9.202265e-03
3297 0.032970000 0.002413230 0.002331479 0.002417 9.203040e-03
3298 0.032980000 0.002469377 0.002331494 0.002417 9.203815e-03
3299 0.032990000 0.002580640 0.002331534 0.002417 9.204590e-03
3300 0.033000000 0.006641568 0.002331521 0.002417 9.205365e-03
3301 0.033010000 0.002528863 0.002331549 0.002417 9.206139e-03
3302 0.033020000 0.002378183 0.002331538 0.002417 9.206913e-03
3303 0.033030000 0.002487858 0.002331559 0.002417 9.207687e-03
3304 0.033040000 0.002457069 0.002331560 0.002417 9.208461e-03
3305 0.033050000 0.002410567 0.002331558 0.002417 9.209235e-03
3306 0.033060000 0.002368079 0.002331544 0.002417 9.210008e-03
3307 0.033070000 0.002395464 0.002331539 0.002417 9.210781e-03
3308 0.033080000 0.002493308 0.002331556 0.002417 9.211554e-03
3309 0.033090000 0.002413887 0.002331556 0.002417 9.212326e-03
3310 0.033100000 0.002540757 0.002331594 0.002417 9.213098e-03
3311 0.033110000 0.002372955 0.002331582 0.002417 9.213871e-03
3312 0.033120000 0.002370196 0.002331569 0.002417 9.214642e-03
3313 0.033130000 0.002366774 0.002331555 0.002417 9.215414e-03
3314 0.033140000 0.002406685 0.002331553 0.002417 9.216185e-03
3315 0.033150000 0.002395861 0.002331543 0.002417 9.216957e-03
3316 0.033160000 0.002420836 0.002331543 0.002417 9.217727e-03
3317 0.033170000 0.002572477 0.002331578 0.002417 9.218498e-03
3318 0.033180000 0.002419984 0.002331579 0.002417 9.219269e-03
3319 0.033190000 0.002372825 0.002331566 0.002417 9.220039e-03
3320 0.033200000 0.002373330 0.002331554 0.002417 9.220809e-03
3321 0.033210000 0.002533446 0.002331590 0.002417 9.221579e-03
3322 0.033220000 0.002398142 0.002331585 0.002417 9.222348e-03
3323 0.033230000 0.002377849 0.002331574 0.002417 9.223118e-03
3324 0.033240000 0.002534356 0.002331605 0.002417 9.223887e-03
3325 0.033250000 0.006284963 0.002331592 0.002417 9.224656e-03
3326 0.033260000 0.002394254 0.002331585 0.002417 9.225424e-03
3327 0.033270000 0.002423355 0.002331588 0.002417 9.226193e-03
3328 0.033280000 0.002373526 0.002331576 0.002417 9.226961e-03
3329 0.033290000 0.002520047 0.002331608 0.002417 9.227729e-03
3330 0.033300000 0.002372358 0.002331595 0.002417 9.228496e-03
3331 0.033310000 0.002367814 0.002331582 0.002417 9.229264e-03
3332 0.033320000 0.002368901 0.002331569 0.002417 9.230031e-03
3333 0.033330000 0.002420732 0.002331571 0.002417 9.230798e-03
3334 0.033340000 0.002367591 0.002331557 0.002417 9.231565e-03
3335 0.033350000 0.002365379 0.002331543 0.002417 9.232332e-03
3336 0.033360000 0.002522491 0.002331574 0.002417 9.233098e-03
3337 0.033370000 0.002369420 0.002331561 0.002417 9.233864e-03
3338 0.033380000 0.002369258 0.002331548 0.002417 9.234630e-03
3339 0.033390000 0.002374862 0.002331537 0.002417 9.235396e-03
3340 0.033400000 0.002411465 0.002331536 0.002417 9.236161e-03
3341 0.033410000 0.002367427 0.002331522 0.002417 9.236926e-03
3342 0.033420000 0.002364981 0.002331508 0.002417 9.237691e-03
3343 0.033430000 0.002520468 0.002331540 0.002417 9.238456e-03
3344 0.033440000 0.002379013 0.002331530 0.002417 9.239221e-03
3345 0.033450000 0.002369079 0.002331517 0.002417 9.239985e-03
3346 0.033460000 0.002367296 0.002331503 0.002417 9.240749e-03
3347 0.033470000 0.002400164 0.002331499 0.002417 9.241513e-03
3348 0.033480000 0.002371348 0.002331486 0.002417 9.242277e-03
3349 0.033490000 0.002365854 0.002331472 0.002417 9.243040e-03
3350 0.033500000 0.006444755 0.002331509 0.002417 9.243803e-03
3351 0.033510000 0.002368783 0.002331496 0.002417 9.244566e-03
3352 0.033520000 0.002373637 0.002331484 0.002417 9.245329e-03
3353 0.033530000 0.002401048 0.002331480 0.002417 9.246092e-03
3354 0.033540000 0.002372722 0.002331468 0.002417 9.246854e-03
3355 0.033550000 0.002528496 0.002331502 0.002417 9.247616e-03
3356 0.033560000 0.002379875 0.002331492 0.002417 9.248378e-03
3357 0.033570000 0.002369514 0.002331479 0.002417 9.249139e-03
3358 0.033580000 0.002369152 0.002331466 0.002417 9.249901e-03
3359 0.033590000 0.002439337 0.002331474 0.002417 9.250662e-03
3360 0.033600000 0.002471228 0.002331482 0.002417 9.251423e-03
3361 0.033610000 0.002394882 0.002331478 0.002417 9.252184e-03
3362 0.033620000 0.002625090 0.002331541 0.002417 9.252944e-03
3363 0.033630000 0.002378128 0.002331521 0.002417 9.253705e-03
3364 0.033640000 0.002491279 0.002331539 0.002417 9.254465e-03
3365 0.033650000 0.002311954 0.002331509 0.002417 9.255224e-03
3366 0.033660000 0.002525697 0.002331522 0.002417 9.255984e-03
3367 0.033670000 0.002349830 0.002331502 0.002417 9.256743e-03
3368 0.033680000 0.002320988 0.002331476 0.002417 9.257503e-03
3369 0.033690000 0.002472073 0.002331494 0.002417 9.258262e-03
3370 0.033700000 0.002349016 0.002331475 0.002417 9.259020e-03
3371 0.033710000 0.002346325 0.002331456 0.002417 9.259779e-03
3372 0.033720000 0.002312921 0.002331427 0.002417 9.260537e-03
3373 0.033730000 0.002469881 0.002331444 0.002417 9.261295e-03
3374 0.033740000 0.002350254 0.002331426 0.002417 9.262053e-03
3375 0.033750000 0.007138137 0.002331409 0.002417 9.262811e-03
3376 0.033760000 0.002366996 0.002331391 0.002417 9.263568e-03
3377 0.033770000 0.002311082 0.002331361 0.002417 9.264325e-03
3378 0.033780000 0.002438001 0.002331369 0.002417 9.265082e-03
3379 0.033790000 0.002320660 0.002331342 0.002417 9.265839e-03
3380 0.033800000 0.002310709 0.002331312 0.002417 9.266595e-03
3381 0.033810000 0.002453506 0.002331325 0.002417 9.267352e-03
3382 0.033820000 0.002347300 0.002331306 0.002417 9.268108e-03
3383 0.033830000 0.002429638 0.002331297 0.002417 9.268864e-03
3384 0.033840000 0.002310496 0.002331267 0.002417 9.269619e-03
3385 0.033850000 0.002471474 0.002331285 0.002417 9.270375e-03
3386 0.033860000 0.002316378 0.002331257 0.002417 9.271130e-03
3387 0.033870000 0.002309910 0.002331227 0.002417 9.271885e-03
3388 0.033880000 0.002778921 0.002331336 0.002417 9.272640e-03
3389 0.033890000 0.002401599 0.002331333 0.002417 9.273394e-03
3390 0.033900000 0.002435654 0.002331340 0.002417 9.274149e-03
3391 0.033910000 0.002439839 0.002331348 0.002417 9.274903e-03
3392 0.033920000 0.002459043 0.002331352 0.002417 9.275656e-03
3393 0.033930000 0.002310494 0.002331322 0.002417 9.276410e-03
3394 0.033940000 0.002394009 0.002331317 0.002417 9.277164e-03
3395 0.033950000 0.002607301 0.002331375 0.002417 9.277917e-03
3396 0.033960000 0.002353690 0.002331358 0.002417 9.278670e-03
3397 0.033970000 0.002446572 0.002331368 0.002417 9.279423e-03
3398 0.033980000 0.002453504 0.002331381 0.002417 9.280175e-03
3399 0.033990000 0.002407125 0.002331379 0.002417 9.280928e-03
3400 0.034000000 0.007027069 0.002331381 0.002417 9.281680e-03
3401 0.034010000 0.002410907 0.002331380 0.002417 9.282432e-03
3402 0.034020000 0.002375630 0.002331368 0.002417 9.283183e-03
3403 0.034030000 0.002372233 0.002331355 0.002417 9.283935e-03
3404 0.034040000 0.002401610 0.002331352 0.002417 9.284686e-03
3405 0.034050000 0.002372866 0.002331340 0.002417 9.285437e-03
3406 0.034060000 0.002379224 0.002331330 0.002417 9.286188e-03
3407 0.034070000 0.002524911 0.002331359 0.002417 9.286938e-03
3408 0.034080000 0.002382157 0.002331349 0.002417 9.287689e-03
3409 0.034090000 0.002367254 0.002331336 0.002417 9.288439e-03
3410 0.034100000 0.002398318 0.002331325 0.002417 9.289189e-03
3411 0.034110000 0.002373719 0.002331314 0.002417 9.289939e-03
3412 0.034120000 0.002387872 0.002331306 0.002417 9.290688e-03
3413 0.034130000 0.002567195 0.002331334 0.002417 9.291438e-03
3414 0.034140000 0.002492826 0.002331357 0.002417 9.292187e-03
3415 0.034150000 0.002372500 0.002331345 0.002417 9.292936e-03
3416 0.034160000 0.002476301 0.002331362 0.002417 9.293684e-03
3417 0.034170000 0.002720599 0.002331450 0.002417 9.294433e-03
3418 0.034180000 0.002608124 0.002331498 0.002417 9.295181e-03
3419 0.034190000 0.002504989 0.002331523 0.002417 9.295929e-03
3420 0.034200000 0.002567933 0.002331568 0.002417 9.296677e-03
3421 0.034210000 0.002625417 0.002331626 0.002417 9.297424e-03
3422 0.034220000 0.002447811 0.002331625 0.002417 9.298172e-03
3423 0.034230000 0.002388041 0.002331617 0.002417 9.298919e-03
3424 0.034240000 0.002485267 0.002331630 0.002417 9.299666e-03
3425 0.034250000 0.006538680 0.002331633 0.002417 9.300413e-03
3426 0.034260000 0.002673322 0.002331708 0.002417 9.301159e-03
3427 0.034270000 0.002463364 0.002331719 0.002417 9.301905e-03
3428 0.034280000 0.002614497 0.002331768 0.002417 9.302651e-03
3429 0.034290000 0.002530383 0.002331801 0.002417 9.303397e-03
3430 0.034300000 0.002439344 0.002331808 0.002417 9.304143e-03
3431 0.034310000 0.002429256 0.002331813 0.002417 9.304888e-03
3432 0.034320000 0.002378228 0.002331802 0.002417 9.305634e-03
3433 0.034330000 0.002378955 0.002331792 0.002417 9.306379e-03
3434 0.034340000 0.002496566 0.002331814 0.002417 9.307124e-03
3435 0.034350000 0.002489662 0.002331824 0.002417 9.307868e-03
3436 0.034360000 0.002528370 0.002331856 0.002417 9.308613e-03
3437 0.034370000 0.002396945 0.002331851 0.002417 9.309357e-03
3438 0.034380000 0.002413019 0.002331851 0.002417 9.310101e-03
3439 0.034390000 0.002367656 0.002331838 0.002417 9.310844e-03
3440 0.034400000 0.002367857 0.002331825 0.002417 9.311588e-03
3441 0.034410000 0.002608380 0.002331873 0.002417 9.312331e-03
3442 0.034420000 0.002534818 0.002331908 0.002417 9.313074e-03
3443 0.034430000 0.002454250 0.002331919 0.002417 9.313817e-03
3444 0.034440000 0.002374383 0.002331907 0.002417 9.314560e-03
3445 0.034450000 0.002372202 0.002331894 0.002417 9.315302e-03
3446 0.034460000 0.002367758 0.002331881 0.002417 9.316045e-03
3447 0.034470000 0.002371983 0.002331869 0.002417 9.316787e-03
3448 0.034480000 0.002519084 0.002331899 0.002417 9.317529e-03
3449 0.034490000 0.002393320 0.002331892 0.002417 9.318270e-03
3450 0.034500000 0.006367613 0.002331879 0.002417 9.319012e-03
3451 0.034510000 0.002379855 0.002331869 0.002417 9.319753e-03
3452 0.034520000 0.002377783 0.002331859 0.002417 9.320494e-03
3453 0.034530000 0.002532387 0.002331893 0.002417 9.321235e-03
3454 0.034540000 0.002383222 0.002331884 0.002417 9.321975e-03
3455 0.034550000 0.002403624 0.002331881 0.002417 9.322715e-03
3456 0.034560000 0.002370631 0.002331868 0.002417 9.323456e-03
3457 0.034570000 0.002376877 0.002331858 0.002417 9.324196e-03
3458 0.034580000 0.002371988 0.002331846 0.002417 9.324935e-03
3459 0.034590000 0.002377664 0.002331834 0.002417 9.325675e-03
3460 0.034600000 0.002542423 0.002331871 0.002417 9.326414e-03
3461 0.034610000 0.002378042 0.002331860 0.002417 9.327153e-03
3462 0.034620000 0.002398261 0.002331854 0.002417 9.327892e-03
3463 0.034630000 0.002371470 0.002331842 0.002417 9.328631e-03
3464 0.034640000 0.002370754 0.002331830 0.002417 9.329369e-03
3465 0.034650000 0.002365770 0.002331816 0.002417 9.330108e-03
3466 0.034660000 0.002374394 0.002331805 0.002417 9.330846e-03
3467 0.034670000 0.002518805 0.002331835 0.002417 9.331583e-03
3468 0.034680000 0.002369368 0.002331823 0.002417 9.332321e-03
3469 0.034690000 0.002369524 0.002331810 0.002417 9.333059e-03
3470 0.034700000 0.002367967 0.002331797 0.002417 9.333796e-03
3471 0.034710000 0.002369543 0.002331784 0.002417 9.334533e-03
3472 0.034720000 0.002383800 0.002331776 0.002417 9.335270e-03
3473 0.034730000 0.002395100 0.002331770 0.002417 9.336006e-03
3474 0.034740000 0.002372824 0.002331759 0.002417 9.336743e-03
3475 0.034750000 0.006308963 0.002331746 0.002417 9.337479e-03
3476 0.034760000 0.002368780 0.002331733 0.002417 9.338215e-03
3477 0.034770000 0.002370063 0.002331721 0.002417 9.338950e-03
3478 0.034780000 0.002376994 0.002331710 0.002417 9.339686e-03
3479 0.034790000 0.002365979 0.002331697 0.002417 9.340421e-03
3480 0.034800000 0.002370605 0.002331684 0.002417 9.341157e-03
3481 0.034810000 0.002545014 0.002331722 0.002417 9.341891e-03
3482 0.034820000 0.002381655 0.002331713 0.002417 9.342626e-03
3483 0.034830000 0.002379237 0.002331700 0.002417 9.343361e-03
3484 0.034840000 0.002371502 0.002331688 0.002417 9.344095e-03
3485 0.034850000 0.002371081 0.002331674 0.002417 9.344829e-03
3486 0.034860000 0.002366955 0.002331661 0.002417 9.345563e-03
3487 0.034870000 0.002385451 0.002331649 0.002417 9.346297e-03
3488 0.034880000 0.002366203 0.002331636 0.002417 9.347030e-03
3489 0.034890000 0.002374779 0.002331625 0.002417 9.347764e-03
3490 0.034900000 0.002374432 0.002331614 0.002417 9.348497e-03
3491 0.034910000 0.002366255 0.002331600 0.002417 9.349229e-03
3492 0.034920000 0.002367472 0.002331587 0.002417 9.349962e-03
3493 0.034930000 0.002370246 0.002331574 0.002417 9.350695e-03
3494 0.034940000 0.002367220 0.002331561 0.002417 9.351427e-03
3495 0.034950000 0.002376356 0.002331551 0.002417 9.352159e-03
3496 0.034960000 0.002368485 0.002331538 0.002417 9.352891e-03
3497 0.034970000 0.002366638 0.002331525 0.002417 9.353622e-03
3498 0.034980000 0.002368050 0.002331512 0.002417 9.354354e-03
3499 0.034990000 0.002369852 0.002331500 0.002417 9.355085e-03
3500 0.035000000 0.010327765 0.002331488 0.002417 9.355816e-03
3501 0.035010000 0.002493298 0.002331510 0.002417 9.356547e-03
3502 0.035020000 0.002369382 0.002331497 0.002417 9.357278e-03
3503 0.035030000 0.002370612 0.002331485 0.002417 9.358008e-03
3504 0.035040000 0.002404190 0.002331483 0.002417 9.358738e-03
3505 0.035050000 0.002439597 0.002331490 0.002417 9.359468e-03
3506 0.035060000 0.002366857 0.002331476 0.002417 9.360198e-03
3507 0.035070000 0.002377950 0.002331466 0.002417 9.360928e-03
3508 0.035080000 0.002637918 0.002331530 0.002417 9.361657e-03
3509 0.035090000 0.002468109 0.002331543 0.002417 9.362386e-03
3510 0.035100000 0.002407556 0.002331538 0.002417 9.363115e-03
3511 0.035110000 0.002367061 0.002331525 0.002417 9.363844e-03
3512 0.035120000 0.002443470 0.002331528 0.002417 9.364573e-03
3513 0.035130000 0.002377661 0.002331518 0.002417 9.365301e-03
3514 0.035140000 0.002445336 0.002331527 0.002417 9.366029e-03
3515 0.035150000 0.002404880 0.002331524 0.002417 9.366757e-03
3516 0.035160000 0.002404829 0.002331521 0.002417 9.367485e-03
3517 0.035170000 0.002371340 0.002331510 0.002417 9.368212e-03
3518 0.035180000 0.002377376 0.002331499 0.002417 9.368940e-03
3519 0.035190000 0.002787039 0.002331603 0.002417 9.369667e-03
3520 0.035200000 0.002550548 0.002331638 0.002417 9.370394e-03
3521 0.035210000 0.002372023 0.002331627 0.002417 9.371121e-03
3522 0.035220000 0.002366221 0.002331613 0.002417 9.371847e-03
3523 0.035230000 0.002409331 0.002331612 0.002417 9.372574e-03
3524 0.035240000 0.002417587 0.002331613 0.002417 9.373300e-03
3525 0.035250000 0.006399170 0.002331603 0.002417 9.374026e-03
3526 0.035260000 0.002373534 0.002331592 0.002417 9.374751e-03
3527 0.035270000 0.002406515 0.002331590 0.002417 9.375477e-03
3528 0.035280000 0.002373927 0.002331578 0.002417 9.376202e-03
3529 0.035290000 0.002406400 0.002331576 0.002417 9.376928e-03
3530 0.035300000 0.002375391 0.002331566 0.002417 9.377652e-03
3531 0.035310000 0.002422251 0.002331568 0.002417 9.378377e-03
3532 0.035320000 0.002367723 0.002331555 0.002417 9.379102e-03
3533 0.035330000 0.002450111 0.002331565 0.002417 9.379826e-03
3534 0.035340000 0.002367545 0.002331553 0.002417 9.380550e-03
3535 0.035350000 0.002365887 0.002331539 0.002417 9.381274e-03
3536 0.035360000 0.002420148 0.002331541 0.002417 9.381998e-03
3537 0.035370000 0.002406283 0.002331539 0.002417 9.382722e-03
3538 0.035380000 0.002411844 0.002331538 0.002417 9.383445e-03
3539 0.035390000 0.002383337 0.002331530 0.002417 9.384168e-03
3540 0.035400000 0.002457188 0.002331542 0.002417 9.384891e-03
3541 0.035410000 0.002500524 0.002331556 0.002417 9.385614e-03
3542 0.035420000 0.002551528 0.002331594 0.002417 9.386336e-03
3543 0.035430000 0.002370759 0.002331582 0.002417 9.387059e-03
3544 0.035440000 0.002423070 0.002331584 0.002417 9.387781e-03
3545 0.035450000 0.002438773 0.002331591 0.002417 9.388503e-03
3546 0.035460000 0.002394300 0.002331585 0.002417 9.389224e-03
3547 0.035470000 0.002445710 0.002331590 0.002417 9.389946e-03
3548 0.035480000 0.002411612 0.002331589 0.002417 9.390667e-03
3549 0.035490000 0.002376262 0.002331579 0.002417 9.391389e-03
3550 0.035500000 0.006666789 0.002331602 0.002417 9.392110e-03
3551 0.035510000 0.002514139 0.002331630 0.002417 9.392830e-03
3552 0.035520000 0.002466355 0.002331644 0.002417 9.393551e-03
3553 0.035530000 0.002513850 0.002331672 0.002417 9.394271e-03
3554 0.035540000 0.002474233 0.002331686 0.002417 9.394991e-03
3555 0.035550000 0.002414650 0.002331686 0.002417 9.395711e-03
3556 0.035560000 0.002375741 0.002331675 0.002417 9.396431e-03
3557 0.035570000 0.002381906 0.002331666 0.002417 9.397151e-03
3558 0.035580000 0.002555783 0.002331706 0.002417 9.397870e-03
3559 0.035590000 0.002380279 0.002331697 0.002417 9.398589e-03
3560 0.035600000 0.002372554 0.002331685 0.002417 9.399308e-03
3561 0.035610000 0.002373845 0.002331674 0.002417 9.400027e-03
3562 0.035620000 0.002368509 0.002331662 0.002417 9.400746e-03
3563 0.035630000 0.002428519 0.002331666 0.002417 9.401464e-03
3564 0.035640000 0.002373507 0.002331654 0.002417 9.402182e-03
3565 0.035650000 0.002496311 0.002331671 0.002417 9.402900e-03
3566 0.035660000 0.002367804 0.002331658 0.002417 9.403618e-03
3567 0.035670000 0.002367668 0.002331646 0.002417 9.404336e-03
3568 0.035680000 0.002376330 0.002331634 0.002417 9.405053e-03
3569 0.035690000 0.002368873 0.002331622 0.002417 9.405770e-03
3570 0.035700000 0.002394083 0.002331616 0.002417 9.406487e-03
3571 0.035710000 0.002374307 0.002331605 0.002417 9.407204e-03
3572 0.035720000 0.002371039 0.002331593 0.002417 9.407921e-03
3573 0.035730000 0.002369367 0.002331581 0.002417 9.408637e-03
3574 0.035740000 0.002367198 0.002331568 0.002417 9.409353e-03
3575 0.035750000 0.006304764 0.002331556 0.002417 9.410069e-03
3576 0.035760000 0.002389494 0.002331549 0.002417 9.410785e-03
3577 0.035770000 0.002367068 0.002331537 0.002417 9.411501e-03
3578 0.035780000 0.002368662 0.002331524 0.002417 9.412216e-03
3579 0.035790000 0.002367943 0.002331512 0.002417 9.412932e-03
3580 0.035800000 0.002377056 0.002331501 0.002417 9.413647e-03
3581 0.035810000 0.002370508 0.002331490 0.002417 9.414362e-03
3582 0.035820000 0.002379770 0.002331480 0.002417 9.415076e-03
3583 0.035830000 0.002375987 0.002331470 0.002417 9.415791e-03
3584 0.035840000 0.002370876 0.002331457 0.002417 9.416505e-03
3585 0.035850000 0.002367918 0.002331445 0.002417 9.417219e-03
3586 0.035860000 0.002370978 0.002331433 0.002417 9.417933e-03
3587 0.035870000 0.002372921 0.002331422 0.002417 9.418647e-03
3588 0.035880000 0.002377387 0.002331412 0.002417 9.419360e-03
3589 0.035890000 0.002380680 0.002331402 0.002417 9.420074e-03
3590 0.035900000 0.002457910 0.002331415 0.002417 9.420787e-03
3591 0.035910000 0.002502717 0.002331440 0.002417 9.421500e-03
3592 0.035920000 0.002369254 0.002331427 0.002417 9.422212e-03
3593 0.035930000 0.002367185 0.002331415 0.002417 9.422925e-03
3594 0.035940000 0.002395683 0.002331410 0.002417 9.423637e-03
3595 0.035950000 0.002366667 0.002331397 0.002417 9.424349e-03
3596 0.035960000 0.002379308 0.002331387 0.002417 9.425061e-03
3597 0.035970000 0.002382942 0.002331379 0.002417 9.425773e-03
3598 0.035980000 0.002377321 0.002331369 0.002417 9.426485e-03
3599 0.035990000 0.002391523 0.002331363 0.002417 9.427196e-03
3600 0.036000000 0.006265512 0.002331351 0.002417 9.427907e-03
3601 0.036010000 0.002368989 0.002331338 0.002417 9.428618e-03
3602 0.036020000 0.002391070 0.002331332 0.002417 9.429329e-03
3603 0.036030000 0.002370584 0.002331320 0.002417 9.430040e-03
3604 0.036040000 0.002417872 0.002331321 0.002417 9.430750e-03
3605 0.036050000 0.002379949 0.002331311 0.002417 9.431460e-03
3606 0.036060000 0.002379352 0.002331302 0.002417 9.432170e-03
3607 0.036070000 0.002373060 0.002331291 0.002417 9.432880e-03
3608 0.036080000 0.002370464 0.002331279 0.002417 9.433590e-03
3609 0.036090000 0.002463100 0.002331285 0.002417 9.434299e-03
3610 0.036100000 0.002777216 0.002331376 0.002417 9.435009e-03
3611 0.036110000 0.002476344 0.002331384 0.002417 9.435718e-03
3612 0.036120000 0.002408267 0.002331383 0.002417 9.436427e-03
3613 0.036130000 0.002384216 0.002331375 0.002417 9.437135e-03
3614 0.036140000 0.002368745 0.002331363 0.002417 9.437844e-03
3615 0.036150000 0.002376955 0.002331353 0.002417 9.438552e-03
3616 0.036160000 0.002413013 0.002331352 0.002417 9.439260e-03
3617 0.036170000 0.002375294 0.002331342 0.002417 9.439968e-03
3618 0.036180000 0.002370111 0.002331330 0.002417 9.440676e-03
3619 0.036190000 0.002367447 0.002331318 0.002417 9.441384e-03
3620 0.036200000 0.002381616 0.002331309 0.002417 9.442091e-03
3621 0.036210000 0.002370193 0.002331297 0.002417 9.442798e-03
3622 0.036220000 0.002403952 0.002331295 0.002417 9.443505e-03
3623 0.036230000 0.002386106 0.002331287 0.002417 9.444212e-03
3624 0.036240000 0.002422501 0.002331289 0.002417 9.444919e-03
3625 0.036250000 0.006494824 0.002331290 0.002417 9.445625e-03
3626 0.036260000 0.002444616 0.002331298 0.002417 9.446331e-03
3627 0.036270000 0.002367100 0.002331286 0.002417 9.447037e-03
3628 0.036280000 0.002494139 0.002331308 0.002417 9.447743e-03
3629 0.036290000 0.002473905 0.002331324 0.002417 9.448449e-03
3630 0.036300000 0.002428781 0.002331328 0.002417 9.449154e-03
3631 0.036310000 0.002369803 0.002331317 0.002417 9.449860e-03
3632 0.036320000 0.002376738 0.002331306 0.002417 9.450565e-03
3633 0.036330000 0.002406255 0.002331304 0.002417 9.451270e-03
3634 0.036340000 0.002460251 0.002331317 0.002417 9.451974e-03
3635 0.036350000 0.002456055 0.002331329 0.002417 9.452679e-03
3636 0.036360000 0.002368904 0.002331317 0.002417 9.453383e-03
3637 0.036370000 0.002472884 0.002331333 0.002417 9.454087e-03
3638 0.036380000 0.002374253 0.002331322 0.002417 9.454791e-03
3639 0.036390000 0.002388074 0.002331315 0.002417 9.455495e-03
3640 0.036400000 0.002390340 0.002331306 0.002417 9.456199e-03
3641 0.036410000 0.002375830 0.002331295 0.002417 9.456902e-03
3642 0.036420000 0.002379788 0.002331286 0.002417 9.457605e-03
3643 0.036430000 0.002367744 0.002331274 0.002417 9.458308e-03
3644 0.036440000 0.002367405 0.002331261 0.002417 9.459011e-03
3645 0.036450000 0.002369917 0.002331250 0.002417 9.459714e-03
3646 0.036460000 0.002381340 0.002331241 0.002417 9.460416e-03
3647 0.036470000 0.002384099 0.002331232 0.002417 9.461119e-03
3648 0.036480000 0.002424928 0.002331234 0.002417 9.461821e-03
3649 0.036490000 0.002372672 0.002331223 0.002417 9.462523e-03
3650 0.036500000 0.006253648 0.002331212 0.002417 9.463224e-03
3651 0.036510000 0.002417727 0.002331213 0.002417 9.463926e-03
3652 0.036520000 0.002368277 0.002331201 0.002417 9.464627e-03
3653 0.036530000 0.002371730 0.002331189 0.002417 9.465328e-03
3654 0.036540000 0.002432845 0.002331195 0.002417 9.466029e-03
3655 0.036550000 0.002456616 0.002331206 0.002417 9.466730e-03
3656 0.036560000 0.002377875 0.002331196 0.002417 9.467431e-03
3657 0.036570000 0.002378755 0.002331187 0.002417 9.468131e-03
3658 0.036580000 0.002383870 0.002331179 0.002417 9.468831e-03
3659 0.036590000 0.002371295 0.002331167 0.002417 9.469531e-03
3660 0.036600000 0.002370834 0.002331155 0.002417 9.470231e-03
3661 0.036610000 0.002381912 0.002331147 0.002417 9.470931e-03
3662 0.036620000 0.002387611 0.002331140 0.002417 9.471630e-03
3663 0.036630000 0.002386349 0.002331132 0.002417 9.472330e-03
3664 0.036640000 0.002371617 0.002331121 0.002417 9.473029e-03
3665 0.036650000 0.002378371 0.002331111 0.002417 9.473728e-03
3666 0.036660000 0.002372230 0.002331100 0.002417 9.474427e-03
3667 0.036670000 0.002369201 0.002331088 0.002417 9.475125e-03
3668 0.036680000 0.002465328 0.002331102 0.002417 9.475824e-03
3669 0.036690000 0.002506934 0.002331127 0.002417 9.476522e-03
3670 0.036700000 0.002461726 0.002331140 0.002417 9.477220e-03
3671 0.036710000 0.002368214 0.002331128 0.002417 9.477918e-03
3672 0.036720000 0.002379401 0.002331119 0.002417 9.478615e-03
3673 0.036730000 0.002374812 0.002331108 0.002417 9.479313e-03
3674 0.036740000 0.002372377 0.002331097 0.002417 9.480010e-03
3675 0.036750000 0.006466474 0.002331094 0.002417 9.480707e-03
3676 0.036760000 0.002373829 0.002331083 0.002417 9.481404e-03
3677 0.036770000 0.002415335 0.002331084 0.002417 9.482101e-03
3678 0.036780000 0.002379992 0.002331073 0.002417 9.482797e-03
3679 0.036790000 0.002404584 0.002331070 0.002417 9.483494e-03
3680 0.036800000 0.002391661 0.002331064 0.002417 9.484190e-03
3681 0.036810000 0.002388535 0.002331057 0.002417 9.484886e-03
3682 0.036820000 0.002453397 0.002331068 0.002417 9.485582e-03
3683 0.036830000 0.002487990 0.002331078 0.002417 9.486277e-03
3684 0.036840000 0.002462234 0.002331091 0.002417 9.486973e-03
3685 0.036850000 0.002372741 0.002331081 0.002417 9.487668e-03
3686 0.036860000 0.002385757 0.002331073 0.002417 9.488363e-03
3687 0.036870000 0.002401002 0.002331070 0.002417 9.489058e-03
3688 0.036880000 0.002374652 0.002331059 0.002417 9.489752e-03
3689 0.036890000 0.002441874 0.002331066 0.002417 9.490447e-03
3690 0.036900000 0.002472028 0.002331075 0.002417 9.491141e-03
3691 0.036910000 0.002488763 0.002331095 0.002417 9.491836e-03
3692 0.036920000 0.002416077 0.002331096 0.002417 9.492529e-03
3693 0.036930000 0.002373716 0.002331085 0.002417 9.493223e-03
3694 0.036940000 0.002419350 0.002331086 0.002417 9.493917e-03
3695 0.036950000 0.002464935 0.002331100 0.002417 9.494610e-03
3696 0.036960000 0.002457645 0.002331112 0.002417 9.495304e-03
3697 0.036970000 0.002372745 0.002331101 0.002417 9.495997e-03
3698 0.036980000 0.002395114 0.002331096 0.002417 9.496690e-03
3699 0.036990000 0.002371896 0.002331085 0.002417 9.497382e-03
3700 0.037000000 0.006350241 0.002331074 0.002417 9.498075e-03
3701 0.037010000 0.002457403 0.002331086 0.002417 9.498767e-03
3702 0.037020000 0.002414023 0.002331086 0.002417 9.499459e-03
3703 0.037030000 0.002417279 0.002331087 0.002417 9.500151e-03
3704 0.037040000 0.002382695 0.002331079 0.002417 9.500843e-03
3705 0.037050000 0.002373206 0.002331068 0.002417 9.501535e-03
3706 0.037060000 0.002468035 0.002331080 0.002417 9.502226e-03
3707 0.037070000 0.002568038 0.002331120 0.002417 9.502917e-03
3708 0.037080000 0.002452275 0.002331130 0.002417 9.503608e-03
3709 0.037090000 0.002376404 0.002331118 0.002417 9.504299e-03
3710 0.037100000 0.002378825 0.002331109 0.002417 9.504990e-03
3711 0.037110000 0.002371475 0.002331098 0.002417 9.505681e-03
3712 0.037120000 0.002382240 0.002331089 0.002417 9.506371e-03
3713 0.037130000 0.002394891 0.002331084 0.002417 9.507061e-03
3714 0.037140000 0.002385872 0.002331073 0.002417 9.507751e-03
3715 0.037150000 0.002386843 0.002331066 0.002417 9.508441e-03
3716 0.037160000 0.002371006 0.002331055 0.002417 9.509131e-03
3717 0.037170000 0.002373628 0.002331044 0.002417 9.509820e-03
3718 0.037180000 0.002367404 0.002331032 0.002417 9.510509e-03
3719 0.037190000 0.002378825 0.002331022 0.002417 9.511198e-03
3720 0.037200000 0.002379141 0.002331012 0.002417 9.511887e-03
3721 0.037210000 0.002396218 0.002331007 0.002417 9.512576e-03
3722 0.037220000 0.002382717 0.002330999 0.002417 9.513265e-03
3723 0.037230000 0.002367710 0.002330987 0.002417 9.513953e-03
3724 0.037240000 0.002374347 0.002330977 0.002417 9.514641e-03
3725 0.037250000 0.006354437 0.002330964 0.002417 9.515329e-03
3726 0.037260000 0.002381463 0.002330956 0.002417 9.516017e-03
3727 0.037270000 0.002422513 0.002330958 0.002417 9.516705e-03
3728 0.037280000 0.002370117 0.002330947 0.002417 9.517392e-03
3729 0.037290000 0.002390897 0.002330937 0.002417 9.518080e-03
3730 0.037300000 0.002377543 0.002330925 0.002417 9.518767e-03
3731 0.037310000 0.002368436 0.002330913 0.002417 9.519454e-03
3732 0.037320000 0.002384389 0.002330906 0.002417 9.520140e-03
3733 0.037330000 0.002375932 0.002330896 0.002417 9.520827e-03
3734 0.037340000 0.002370690 0.002330885 0.002417 9.521513e-03
3735 0.037350000 0.002376756 0.002330875 0.002417 9.522200e-03
3736 0.037360000 0.002389377 0.002330868 0.002417 9.522886e-03
3737 0.037370000 0.002404350 0.002330866 0.002417 9.523572e-03
3738 0.037380000 0.002373781 0.002330853 0.002417 9.524257e-03
3739 0.037390000 0.002432101 0.002330858 0.002417 9.524943e-03
3740 0.037400000 0.002407288 0.002330857 0.002417 9.525628e-03
3741 0.037410000 0.002527776 0.002330876 0.002417 9.526313e-03
3742 0.037420000 0.002452743 0.002330887 0.002417 9.526998e-03
3743 0.037430000 0.002424665 0.002330890 0.002417 9.527683e-03
3744 0.037440000 0.002416412 0.002330884 0.002417 9.528368e-03
3745 0.037450000 0.002454796 0.002330895 0.002417 9.529052e-03
3746 0.037460000 0.002503477 0.002330919 0.002417 9.529737e-03
3747 0.037470000 0.002493507 0.002330941 0.002417 9.530421e-03
3748 0.037480000 0.002408355 0.002330940 0.002417 9.531105e-03
3749 0.037490000 0.002368045 0.002330928 0.002417 9.531789e-03
3750 0.037500000 0.006299825 0.002330921 0.002417 9.532472e-03
3751 0.037510000 0.002383158 0.002330912 0.002417 9.533156e-03
3752 0.037520000 0.002368483 0.002330900 0.002417 9.533839e-03
3753 0.037530000 0.002371342 0.002330889 0.002417 9.534522e-03
3754 0.037540000 0.002369020 0.002330878 0.002417 9.535205e-03
3755 0.037550000 0.002371398 0.002330867 0.002417 9.535887e-03
3756 0.037560000 0.002383346 0.002330859 0.002417 9.536570e-03
3757 0.037570000 0.002367878 0.002330847 0.002417 9.537252e-03
3758 0.037580000 0.002379191 0.002330838 0.002417 9.537935e-03
3759 0.037590000 0.002371865 0.002330826 0.002417 9.538617e-03
3760 0.037600000 0.002366054 0.002330814 0.002417 9.539298e-03
3761 0.037610000 0.002369944 0.002330803 0.002417 9.539980e-03
3762 0.037620000 0.002390337 0.002330797 0.002417 9.540662e-03
3763 0.037630000 0.002374533 0.002330786 0.002417 9.541343e-03
3764 0.037640000 0.002507945 0.002330806 0.002417 9.542024e-03
3765 0.037650000 0.002462651 0.002330819 0.002417 9.542705e-03
3766 0.037660000 0.002427212 0.002330823 0.002417 9.543386e-03
3767 0.037670000 0.002376641 0.002330813 0.002417 9.544066e-03
3768 0.037680000 0.002371963 0.002330802 0.002417 9.544747e-03
3769 0.037690000 0.002375696 0.002330792 0.002417 9.545427e-03
3770 0.037700000 0.002367254 0.002330780 0.002417 9.546107e-03
3771 0.037710000 0.002374104 0.002330770 0.002417 9.546787e-03
3772 0.037720000 0.002427776 0.002330774 0.002417 9.547467e-03
3773 0.037730000 0.002380726 0.002330764 0.002417 9.548146e-03
3774 0.037740000 0.002367383 0.002330753 0.002417 9.548826e-03
3775 0.037750000 0.006466599 0.002330752 0.002417 9.549505e-03
3776 0.037760000 0.002407542 0.002330751 0.002417 9.550184e-03
3777 0.037770000 0.002423025 0.002330753 0.002417 9.550863e-03
3778 0.037780000 0.002372983 0.002330743 0.002417 9.551542e-03
3779 0.037790000 0.002422505 0.002330746 0.002417 9.552220e-03
3780 0.037800000 0.002451493 0.002330756 0.002417 9.552899e-03
3781 0.037810000 0.002379678 0.002330746 0.002417 9.553577e-03
3782 0.037820000 0.002372659 0.002330736 0.002417 9.554255e-03
3783 0.037830000 0.002369619 0.002330725 0.002417 9.554933e-03
3784 0.037840000 0.002422134 0.002330727 0.002417 9.555610e-03
3785 0.037850000 0.002456171 0.002330739 0.002417 9.556288e-03
3786 0.037860000 0.002458660 0.002330739 0.002417 9.556965e-03
3787 0.037870000 0.002364296 0.002330726 0.002417 9.557642e-03
3788 0.037880000 0.002373071 0.002330716 0.002417 9.558319e-03
3789 0.037890000 0.002366584 0.002330704 0.002417 9.558996e-03
3790 0.037900000 0.002374169 0.002330694 0.002417 9.559673e-03
3791 0.037910000 0.002397195 0.002330689 0.002417 9.560349e-03
3792 0.037920000 0.002367769 0.002330677 0.002417 9.561025e-03
3793 0.037930000 0.002377539 0.002330666 0.002417 9.561701e-03
3794 0.037940000 0.002367074 0.002330654 0.002417 9.562377e-03
3795 0.037950000 0.002388207 0.002330647 0.002417 9.563053e-03
3796 0.037960000 0.002381891 0.002330639 0.002417 9.563729e-03
3797 0.037970000 0.002367654 0.002330627 0.002417 9.564404e-03
3798 0.037980000 0.002387276 0.002330619 0.002417 9.565079e-03
3799 0.037990000 0.002371944 0.002330609 0.002417 9.565755e-03
3800 0.038000000 0.006337795 0.002330605 0.002417 9.566429e-03
3801 0.038010000 0.002463201 0.002330618 0.002417 9.567104e-03
3802 0.038020000 0.002563157 0.002330654 0.002417 9.567779e-03
3803 0.038030000 0.002970788 0.002330781 0.002417 9.568453e-03
3804 0.038040000 0.003408454 0.002331023 0.002417 9.569127e-03
3805 0.038050000 0.003635181 0.002331326 0.002417 9.569801e-03
3806 0.038060000 0.003922390 0.002331693 0.002417 9.570475e-03
3807 0.038070000 0.003804683 0.002332040 0.002417 9.571149e-03
3808 0.038080000 0.003657552 0.002332351 0.002417 9.571823e-03
3809 0.038090000 0.003726663 0.002332679 0.002417 9.572496e-03
3810 0.038100000 0.003738221 0.002333009 0.002417 9.573169e-03
3811 0.038110000 0.003813991 0.002333346 0.002417 9.573842e-03
3812 0.038120000 0.003895039 0.002333720 0.002417 9.574515e-03
3813 0.038130000 0.003573717 0.002334008 0.002417 9.575188e-03
3814 0.038140000 0.003891479 0.002334379 0.002417 9.575860e-03
3815 0.038150000 0.003677009 0.002334685 0.002417 9.576533e-03
3816 0.038160000 0.003989052 0.002335074 0.002417 9.577205e-03
3817 0.038170000 0.004066940 0.002335477 0.002417 9.577877e-03
3818 0.038180000 0.003331756 0.002335700 0.002417 9.578549e-03
3819 0.038190000 0.003290152 0.002335921 0.002417 9.579220e-03
3820 0.038200000 0.002915581 0.002336040 0.002417 9.579892e-03
3821 0.038210000 0.002740310 0.002336121 0.002417 9.580563e-03
3822 0.038220000 0.002698634 0.002336189 0.002417 9.581235e-03
3823 0.038230000 0.003638658 0.002336491 0.002417 9.581906e-03
3824 0.038240000 0.004032139 0.002336886 0.002417 9.582576e-03
3825 0.038250000 0.008119014 0.002337230 0.002417 9.583247e-03
3826 0.038260000 0.002398131 0.002337224 0.002417 9.583918e-03
3827 0.038270000 0.002371800 0.002337211 0.002417 9.584588e-03
3828 0.038280000 0.002374878 0.002337200 0.002417 9.585258e-03
3829 0.038290000 0.002371311 0.002337187 0.002417 9.585928e-03
3830 0.038300000 0.002370196 0.002337174 0.002417 9.586598e-03
3831 0.038310000 0.002385629 0.002337165 0.002417 9.587267e-03
3832 0.038320000 0.002491385 0.002337180 0.002417 9.587937e-03
3833 0.038330000 0.002381223 0.002337170 0.002417 9.588606e-03
3834 0.038340000 0.002389802 0.002337162 0.002417 9.589275e-03
3835 0.038350000 0.002385794 0.002337153 0.002417 9.589944e-03
3836 0.038360000 0.002445987 0.002337160 0.002417 9.590613e-03
3837 0.038370000 0.002381444 0.002337150 0.002417 9.591282e-03
3838 0.038380000 0.002392052 0.002337142 0.002417 9.591950e-03
3839 0.038390000 0.002382355 0.002337133 0.002417 9.592619e-03
3840 0.038400000 0.002370560 0.002337120 0.002417 9.593287e-03
3841 0.038410000 0.002378778 0.002337109 0.002417 9.593955e-03
3842 0.038420000 0.002387364 0.002337101 0.002417 9.594623e-03
3843 0.038430000 0.002407415 0.002337092 0.002417 9.595290e-03
3844 0.038440000 0.002367979 0.002337079 0.002417 9.595958e-03
3845 0.038450000 0.002391340 0.002337071 0.002417 9.596625e-03
3846 0.038460000 0.002438733 0.002337065 0.002417 9.597292e-03
3847 0.038470000 0.002369865 0.002337053 0.002417 9.597959e-03
3848 0.038480000 0.002372331 0.002337041 0.002417 9.598626e-03
3849 0.038490000 0.002376755 0.002337030 0.002417 9.599293e-03
3850 0.038500000 0.006317390 0.002337017 0.002417 9.599959e-03
3851 0.038510000 0.002408044 0.002337013 0.002417 9.600626e-03
3852 0.038520000 0.002369756 0.002337000 0.002417 9.601292e-03
3853 0.038530000 0.002414828 0.002336999 0.002417 9.601958e-03
3854 0.038540000 0.002372362 0.002336987 0.002417 9.602623e-03
3855 0.038550000 0.002365462 0.002336974 0.002417 9.603289e-03
3856 0.038560000 0.002367914 0.002336961 0.002417 9.603955e-03
3857 0.038570000 0.002366183 0.002336947 0.002417 9.604620e-03
3858 0.038580000 0.002538694 0.002336978 0.002417 9.605285e-03
3859 0.038590000 0.002437994 0.002336982 0.002417 9.605950e-03
3860 0.038600000 0.002394593 0.002336976 0.002417 9.606615e-03
3861 0.038610000 0.002367951 0.002336963 0.002417 9.607280e-03
3862 0.038620000 0.002719753 0.002337041 0.002417 9.607944e-03
3863 0.038630000 0.002466946 0.002337052 0.002417 9.608608e-03
3864 0.038640000 0.002443523 0.002337058 0.002417 9.609273e-03
3865 0.038650000 0.002477465 0.002337056 0.002417 9.609937e-03
3866 0.038660000 0.002386020 0.002337047 0.002417 9.610600e-03
3867 0.038670000 0.002420482 0.002337047 0.002417 9.611264e-03
3868 0.038680000 0.002513407 0.002337071 0.002417 9.611928e-03
3869 0.038690000 0.002396636 0.002337065 0.002417 9.612591e-03
3870 0.038700000 0.002394606 0.002337058 0.002417 9.613254e-03
3871 0.038710000 0.002505655 0.002337080 0.002417 9.613917e-03
3872 0.038720000 0.002418350 0.002337080 0.002417 9.614580e-03
3873 0.038730000 0.002367396 0.002337066 0.002417 9.615243e-03
3874 0.038740000 0.002371878 0.002337053 0.002417 9.615905e-03
3875 0.038750000 0.006267198 0.002337040 0.002417 9.616567e-03
3876 0.038760000 0.002374269 0.002337028 0.002417 9.617230e-03
3877 0.038770000 0.002377063 0.002337016 0.002417 9.617892e-03
3878 0.038780000 0.002370609 0.002337004 0.002417 9.618554e-03
3879 0.038790000 0.002369494 0.002336992 0.002417 9.619215e-03
3880 0.038800000 0.002365624 0.002336978 0.002417 9.619877e-03
3881 0.038810000 0.002367631 0.002336965 0.002417 9.620538e-03
3882 0.038820000 0.002378272 0.002336955 0.002417 9.621199e-03
3883 0.038830000 0.002377227 0.002336944 0.002417 9.621860e-03
3884 0.038840000 0.002370092 0.002336931 0.002417 9.622521e-03
3885 0.038850000 0.002369710 0.002336919 0.002417 9.623182e-03
3886 0.038860000 0.002365456 0.002336905 0.002417 9.623843e-03
3887 0.038870000 0.002368612 0.002336893 0.002417 9.624503e-03
3888 0.038880000 0.002366865 0.002336879 0.002417 9.625163e-03
3889 0.038890000 0.002371614 0.002336867 0.002417 9.625823e-03
3890 0.038900000 0.002370158 0.002336855 0.002417 9.626483e-03
3891 0.038910000 0.002367900 0.002336842 0.002417 9.627143e-03
3892 0.038920000 0.002369109 0.002336829 0.002417 9.627802e-03
3893 0.038930000 0.002368081 0.002336816 0.002417 9.628462e-03
3894 0.038940000 0.002413773 0.002336815 0.002417 9.629121e-03
3895 0.038950000 0.002413044 0.002336813 0.002417 9.629780e-03
3896 0.038960000 0.002367381 0.002336800 0.002417 9.630439e-03
3897 0.038970000 0.002379513 0.002336790 0.002417 9.631098e-03
3898 0.038980000 0.002383046 0.002336780 0.002417 9.631757e-03
3899 0.038990000 0.002368641 0.002336767 0.002417 9.632415e-03
3900 0.039000000 0.006257750 0.002336754 0.002417 9.633073e-03
3901 0.039010000 0.002376730 0.002336744 0.002417 9.633731e-03
3902 0.039020000 0.002375343 0.002336733 0.002417 9.634389e-03
3903 0.039030000 0.002371954 0.002336721 0.002417 9.635047e-03
3904 0.039040000 0.002367062 0.002336708 0.002417 9.635705e-03
3905 0.039050000 0.002366717 0.002336695 0.002417 9.636362e-03
3906 0.039060000 0.002376064 0.002336682 0.002417 9.637020e-03
3907 0.039070000 0.002366843 0.002336669 0.002417 9.637677e-03
3908 0.039080000 0.002371642 0.002336657 0.002417 9.638334e-03
3909 0.039090000 0.002366874 0.002336644 0.002417 9.638991e-03
3910 0.039100000 0.002378438 0.002336634 0.002417 9.639647e-03
3911 0.039110000 0.002371905 0.002336622 0.002417 9.640304e-03
3912 0.039120000 0.002380435 0.002336612 0.002417 9.640960e-03
3913 0.039130000 0.002366259 0.002336599 0.002417 9.641616e-03
3914 0.039140000 0.002370256 0.002336587 0.002417 9.642272e-03
3915 0.039150000 0.002366481 0.002336574 0.002417 9.642928e-03
3916 0.039160000 0.002370799 0.002336561 0.002417 9.643584e-03
3917 0.039170000 0.002374577 0.002336550 0.002417 9.644239e-03
3918 0.039180000 0.002379493 0.002336540 0.002417 9.644895e-03
3919 0.039190000 0.002369153 0.002336527 0.002417 9.645550e-03
3920 0.039200000 0.002366242 0.002336514 0.002417 9.646205e-03
3921 0.039210000 0.002369795 0.002336502 0.002417 9.646860e-03
3922 0.039220000 0.002370492 0.002336489 0.002417 9.647515e-03
3923 0.039230000 0.002374611 0.002336478 0.002417 9.648169e-03
3924 0.039240000 0.002375354 0.002336467 0.002417 9.648824e-03
3925 0.039250000 0.006245863 0.002336455 0.002417 9.649478e-03
3926 0.039260000 0.002368805 0.002336442 0.002417 9.650132e-03
3927 0.039270000 0.002372426 0.002336431 0.002417 9.650786e-03
3928 0.039280000 0.002366395 0.002336418 0.002417 9.651440e-03
3929 0.039290000 0.002372302 0.002336406 0.002417 9.652093e-03
3930 0.039300000 0.002318377 0.002336381 0.002417 9.652747e-03
3931 0.039310000 0.002310727 0.002336355 0.002417 9.653400e-03
3932 0.039320000 0.002576907 0.002336381 0.002417 9.654053e-03
3933 0.039330000 0.002698557 0.002336438 0.002417 9.654706e-03
3934 0.039340000 0.002860209 0.002336545 0.002417 9.655359e-03
3935 0.039350000 0.002400065 0.002336539 0.002417 9.656012e-03
3936 0.039360000 0.002492995 0.002336547 0.002417 9.656664e-03
3937 0.039370000 0.002365356 0.002336534 0.002417 9.657317e-03
3938 0.039380000 0.002933017 0.002336659 0.002417 9.657969e-03
3939 0.039390000 0.002488861 0.002336677 0.002417 9.658621e-03
3940 0.039400000 0.002446267 0.002336684 0.002417 9.659273e-03
3941 0.039410000 0.002585436 0.002336726 0.002417 9.659925e-03
3942 0.039420000 0.002735941 0.002336806 0.002417 9.660576e-03
3943 0.039430000 0.003449437 0.002337066 0.002417 9.661228e-03
3944 0.039440000 0.002562552 0.002337090 0.002417 9.661879e-03
3945 0.039450000 0.002479309 0.002337100 0.002417 9.662530e-03
3946 0.039460000 0.002508806 0.002337123 0.002417 9.663181e-03
3947 0.039470000 0.002910002 0.002337241 0.002417 9.663832e-03
3948 0.039480000 0.002551903 0.002337270 0.002417 9.664482e-03
3949 0.039490000 0.002498372 0.002337286 0.002417 9.665133e-03
3950 0.039500000 0.006848492 0.002337284 0.002417 9.665783e-03
3951 0.039510000 0.002776936 0.002337373 0.002417 9.666433e-03
3952 0.039520000 0.002544312 0.002337404 0.002417 9.667083e-03
3953 0.039530000 0.002662022 0.002337466 0.002417 9.667733e-03
3954 0.039540000 0.002498479 0.002337479 0.002417 9.668383e-03
3955 0.039550000 0.002495352 0.002337499 0.002417 9.669032e-03
3956 0.039560000 0.002574379 0.002337523 0.002417 9.669682e-03
3957 0.039570000 0.002435312 0.002337528 0.002417 9.670331e-03
3958 0.039580000 0.002736765 0.002337593 0.002417 9.670980e-03
3959 0.039590000 0.002557542 0.002337628 0.002417 9.671629e-03
3960 0.039600000 0.002413943 0.002337627 0.002417 9.672278e-03
3961 0.039610000 0.002529720 0.002337655 0.002417 9.672926e-03
3962 0.039620000 0.002458704 0.002337665 0.002417 9.673575e-03
3963 0.039630000 0.002889668 0.002337778 0.002417 9.674223e-03
3964 0.039640000 0.002928939 0.002337892 0.002417 9.674871e-03
3965 0.039650000 0.002491947 0.002337895 0.002417 9.675519e-03
3966 0.039660000 0.002508869 0.002337914 0.002417 9.676167e-03
3967 0.039670000 0.002410102 0.002337911 0.002417 9.676814e-03
3968 0.039680000 0.002370570 0.002337898 0.002417 9.677462e-03
3969 0.039690000 0.002366766 0.002337885 0.002417 9.678109e-03
3970 0.039700000 0.002383830 0.002337876 0.002417 9.678756e-03
3971 0.039710000 0.002373689 0.002337864 0.002417 9.679403e-03
3972 0.039720000 0.002368433 0.002337851 0.002417 9.680050e-03
3973 0.039730000 0.002397728 0.002337846 0.002417 9.680697e-03
3974 0.039740000 0.002368739 0.002337833 0.002417 9.681343e-03
3975 0.039750000 0.006274155 0.002337823 0.002417 9.681990e-03
3976 0.039760000 0.002386953 0.002337815 0.002417 9.682636e-03
3977 0.039770000 0.002376299 0.002337802 0.002417 9.683282e-03
3978 0.039780000 0.002385879 0.002337793 0.002417 9.683928e-03
3979 0.039790000 0.002367487 0.002337780 0.002417 9.684574e-03
3980 0.039800000 0.002377806 0.002337770 0.002417 9.685220e-03
3981 0.039810000 0.002371694 0.002337758 0.002417 9.685865e-03
3982 0.039820000 0.002378120 0.002337747 0.002417 9.686510e-03
3983 0.039830000 0.002381047 0.002337738 0.002417 9.687156e-03
3984 0.039840000 0.002374494 0.002337725 0.002417 9.687801e-03
3985 0.039850000 0.002377641 0.002337714 0.002417 9.688445e-03
3986 0.039860000 0.002407773 0.002337711 0.002417 9.689090e-03
3987 0.039870000 0.002426107 0.002337712 0.002417 9.689735e-03
3988 0.039880000 0.002613878 0.002337759 0.002417 9.690379e-03
3989 0.039890000 0.002991081 0.002337900 0.002417 9.691023e-03
3990 0.039900000 0.002811404 0.002337981 0.002417 9.691667e-03
3991 0.039910000 0.002638323 0.002338026 0.002417 9.692311e-03
3992 0.039920000 0.002420374 0.002338025 0.002417 9.692955e-03
3993 0.039930000 0.002396250 0.002338019 0.002417 9.693599e-03
3994 0.039940000 0.002473660 0.002338029 0.002417 9.694242e-03
3995 0.039950000 0.002458778 0.002338038 0.002417 9.694885e-03
3996 0.039960000 0.002484048 0.002338054 0.002417 9.695529e-03
3997 0.039970000 0.002413173 0.002338050 0.002417 9.696172e-03
3998 0.039980000 0.002535777 0.002338077 0.002417 9.696814e-03
3999 0.039990000 0.002992981 0.002338202 0.002417 9.697457e-03
4000 0.040000000 0.006903603 0.002338270 0.002417 9.698100e-03
4001 0.040010000 0.002427803 0.002338272 0.002417 9.698742e-03
4002 0.040020000 0.002395605 0.002338265 0.002417 9.699384e-03
4003 0.040030000 0.002496333 0.002338284 0.002417 9.700026e-03
4004 0.040040000 0.002501407 0.002338296 0.002417 9.700668e-03
4005 0.040050000 0.002621810 0.002338345 0.002417 9.701310e-03
4006 0.040060000 0.002867214 0.002338447 0.002417 9.701952e-03
4007 0.040070000 0.002410743 0.002338445 0.002417 9.702593e-03
4008 0.040080000 0.002500185 0.002338464 0.002417 9.703235e-03
4009 0.040090000 0.002497312 0.002338478 0.002417 9.703876e-03
4010 0.040100000 0.002579736 0.002338507 0.002417 9.704517e-03
4011 0.040110000 0.002391527 0.002338499 0.002417 9.705158e-03
4012 0.040120000 0.002372290 0.002338487 0.002417 9.705798e-03
4013 0.040130000 0.002368231 0.002338474 0.002417 9.706439e-03
4014 0.040140000 0.002370019 0.002338461 0.002417 9.707079e-03
4015 0.040150000 0.002386012 0.002338453 0.002417 9.707720e-03
4016 0.040160000 0.002561000 0.002338487 0.002417 9.708360e-03
4017 0.040170000 0.002398495 0.002338481 0.002417 9.709000e-03
4018 0.040180000 0.002438087 0.002338485 0.002417 9.709639e-03
4019 0.040190000 0.002422498 0.002338486 0.002417 9.710279e-03
4020 0.040200000 0.002370252 0.002338473 0.002417 9.710919e-03
4021 0.040210000 0.002372978 0.002338462 0.002417 9.711558e-03
4022 0.040220000 0.002383762 0.002338452 0.002417 9.712197e-03
4023 0.040230000 0.002506396 0.002338472 0.002417 9.712836e-03
4024 0.040240000 0.002411442 0.002338470 0.002417 9.713475e-03
4025 0.040250000 0.007464067 0.002338459 0.002417 9.714114e-03
4026 0.040260000 0.002490041 0.002338476 0.002417 9.714752e-03
4027 0.040270000 0.002439203 0.002338479 0.002417 9.715391e-03
4028 0.040280000 0.002588113 0.002338520 0.002417 9.716029e-03
4029 0.040290000 0.002431409 0.002338522 0.002417 9.716667e-03
4030 0.040300000 0.002381089 0.002338512 0.002417 9.717305e-03
4031 0.040310000 0.002369564 0.002338499 0.002417 9.717943e-03
4032 0.040320000 0.002367009 0.002338486 0.002417 9.718581e-03
4033 0.040330000 0.002382972 0.002338477 0.002417 9.719218e-03
4034 0.040340000 0.002402141 0.002338472 0.002417 9.719856e-03
4035 0.040350000 0.002583512 0.002338506 0.002417 9.720493e-03
4036 0.040360000 0.002375059 0.002338495 0.002417 9.721130e-03
4037 0.040370000 0.002370079 0.002338482 0.002417 9.721767e-03
4038 0.040380000 0.002370662 0.002338470 0.002417 9.722404e-03
4039 0.040390000 0.002369253 0.002338457 0.002417 9.723040e-03
4040 0.040400000 0.002400253 0.002338452 0.002417 9.723677e-03
4041 0.040410000 0.002379870 0.002338442 0.002417 9.724313e-03
4042 0.040420000 0.002521576 0.002338466 0.002417 9.724950e-03
4043 0.040430000 0.002501695 0.002338479 0.002417 9.725586e-03
4044 0.040440000 0.002660223 0.002338537 0.002417 9.726221e-03
4045 0.040450000 0.002985524 0.002338668 0.002417 9.726857e-03
4046 0.040460000 0.002390546 0.002338660 0.002417 9.727493e-03
4047 0.040470000 0.002400036 0.002338649 0.002417 9.728128e-03
4048 0.040480000 0.002515977 0.002338669 0.002417 9.728764e-03
4049 0.040490000 0.002421771 0.002338660 0.002417 9.729399e-03
4050 0.040500000 0.006340070 0.002338649 0.002417 9.730034e-03
4051 0.040510000 0.002382628 0.002338640 0.002417 9.730668e-03
4052 0.040520000 0.002441751 0.002338645 0.002417 9.731303e-03
4053 0.040530000 0.002528832 0.002338671 0.002417 9.731938e-03
4054 0.040540000 0.002388643 0.002338663 0.002417 9.732572e-03
4055 0.040550000 0.002370686 0.002338650 0.002417 9.733206e-03
4056 0.040560000 0.002370972 0.002338638 0.002417 9.733840e-03
4057 0.040570000 0.002526504 0.002338664 0.002417 9.734474e-03
4058 0.040580000 0.002415083 0.002338663 0.002417 9.735108e-03
4059 0.040590000 0.002370474 0.002338650 0.002417 9.735742e-03
4060 0.040600000 0.002368988 0.002338638 0.002417 9.736375e-03
4061 0.040610000 0.002412623 0.002338636 0.002417 9.737009e-03
4062 0.040620000 0.002369239 0.002338624 0.002417 9.737642e-03
4063 0.040630000 0.002374013 0.002338612 0.002417 9.738275e-03
4064 0.040640000 0.002367395 0.002338599 0.002417 9.738908e-03
4065 0.040650000 0.002364784 0.002338585 0.002417 9.739541e-03
4066 0.040660000 0.002363603 0.002338572 0.002417 9.740173e-03
4067 0.040670000 0.002470207 0.002338583 0.002417 9.740806e-03
4068 0.040680000 0.002372614 0.002338572 0.002417 9.741438e-03
4069 0.040690000 0.002377822 0.002338561 0.002417 9.742070e-03
4070 0.040700000 0.002367982 0.002338548 0.002417 9.742702e-03
4071 0.040710000 0.002365618 0.002338534 0.002417 9.743334e-03
4072 0.040720000 0.002370682 0.002338522 0.002417 9.743966e-03
4073 0.040730000 0.002366457 0.002338509 0.002417 9.744598e-03
4074 0.040740000 0.002387120 0.002338501 0.002417 9.745229e-03
4075 0.040750000 0.006264803 0.002338491 0.002417 9.745860e-03
4076 0.040760000 0.002383095 0.002338482 0.002417 9.746491e-03
4077 0.040770000 0.002375380 0.002338471 0.002417 9.747122e-03
4078 0.040780000 0.002376586 0.002338460 0.002417 9.747753e-03
4079 0.040790000 0.002424691 0.002338461 0.002417 9.748384e-03
4080 0.040800000 0.002378036 0.002338451 0.002417 9.749015e-03
4081 0.040810000 0.002366724 0.002338438 0.002417 9.749645e-03
4082 0.040820000 0.002369340 0.002338425 0.002417 9.750275e-03
4083 0.040830000 0.002427150 0.002338427 0.002417 9.750905e-03
4084 0.040840000 0.002368757 0.002338415 0.002417 9.751535e-03
4085 0.040850000 0.002369381 0.002338402 0.002417 9.752165e-03
4086 0.040860000 0.002410365 0.002338398 0.002417 9.752795e-03
4087 0.040870000 0.002444511 0.002338395 0.002417 9.753424e-03
4088 0.040880000 0.002371164 0.002338383 0.002417 9.754054e-03
4089 0.040890000 0.002365928 0.002338370 0.002417 9.754683e-03
4090 0.040900000 0.002372134 0.002338358 0.002417 9.755312e-03
4091 0.040910000 0.002369246 0.002338345 0.002417 9.755941e-03
4092 0.040920000 0.002378942 0.002338335 0.002417 9.756570e-03
4093 0.040930000 0.002388006 0.002338328 0.002417 9.757198e-03
4094 0.040940000 0.002365139 0.002338314 0.002417 9.757827e-03
4095 0.040950000 0.002364931 0.002338301 0.002417 9.758455e-03
4096 0.040960000 0.002371505 0.002338289 0.002417 9.759084e-03
4097 0.040970000 0.002364395 0.002338276 0.002417 9.759712e-03
4098 0.040980000 0.002374907 0.002338265 0.002417 9.760340e-03
4099 0.040990000 0.002364913 0.002338252 0.002417 9.760967e-03
4100 0.041000000 0.006258121 0.002338238 0.002417 9.761595e-03
4101 0.041010000 0.002370874 0.002338226 0.002417 9.762223e-03
4102 0.041020000 0.002364677 0.002338213 0.002417 9.762850e-03
4103 0.041030000 0.002365583 0.002338200 0.002417 9.763477e-03
4104 0.041040000 0.002370524 0.002338188 0.002417 9.764104e-03
4105 0.041050000 0.002364591 0.002338175 0.002417 9.764731e-03
4106 0.041060000 0.002469366 0.002338187 0.002417 9.765358e-03
4107 0.041070000 0.002369560 0.002338174 0.002417 9.765984e-03
4108 0.041080000 0.002366294 0.002338161 0.002417 9.766611e-03
4109 0.041090000 0.002379274 0.002338151 0.002417 9.767237e-03
4110 0.041100000 0.002366538 0.002338138 0.002417 9.767863e-03
4111 0.041110000 0.002370173 0.002338126 0.002417 9.768490e-03
4112 0.041120000 0.002386681 0.002338118 0.002417 9.769115e-03
4113 0.041130000 0.002368160 0.002338106 0.002417 9.769741e-03
4114 0.041140000 0.002369013 0.002338094 0.002417 9.770367e-03
4115 0.041150000 0.002374204 0.002338083 0.002417 9.770992e-03
4116 0.041160000 0.002366889 0.002338070 0.002417 9.771618e-03
4117 0.041170000 0.002369995 0.002338058 0.002417 9.772243e-03
4118 0.041180000 0.002367267 0.002338045 0.002417 9.772868e-03
4119 0.041190000 0.002366936 0.002338032 0.002417 9.773493e-03
4120 0.041200000 0.002363637 0.002338019 0.002417 9.774117e-03
4121 0.041210000 0.002315876 0.002337994 0.002417 9.774742e-03
4122 0.041220000 0.002350213 0.002337978 0.002417 9.775367e-03
4123 0.041230000 0.002402389 0.002337963 0.002417 9.775991e-03
4124 0.041240000 0.002310816 0.002337937 0.002417 9.776615e-03
4125 0.041250000 0.006747765 0.002337912 0.002417 9.777239e-03
4126 0.041260000 0.002501763 0.002337931 0.002417 9.777863e-03
4127 0.041270000 0.002323871 0.002337908 0.002417 9.778487e-03
4128 0.041280000 0.002313126 0.002337883 0.002417 9.779110e-03
4129 0.041290000 0.002313146 0.002337858 0.002417 9.779734e-03
4130 0.041300000 0.002333706 0.002337838 0.002417 9.780357e-03
4131 0.041310000 0.002313402 0.002337813 0.002417 9.780980e-03
4132 0.041320000 0.002351005 0.002337793 0.002417 9.781603e-03
4133 0.041330000 0.002370153 0.002337782 0.002417 9.782226e-03
4134 0.041340000 0.002310248 0.002337756 0.002417 9.782849e-03
4135 0.041350000 0.002311480 0.002337730 0.002417 9.783472e-03
4136 0.041360000 0.002314707 0.002337705 0.002417 9.784094e-03
4137 0.041370000 0.002311015 0.002337680 0.002417 9.784716e-03
4138 0.041380000 0.002315737 0.002337655 0.002417 9.785339e-03
4139 0.041390000 0.002312365 0.002337630 0.002417 9.785961e-03
4140 0.041400000 0.002310681 0.002337604 0.002417 9.786582e-03
4141 0.041410000 0.002309827 0.002337578 0.002417 9.787204e-03
4142 0.041420000 0.002314771 0.002337554 0.002417 9.787826e-03
4143 0.041430000 0.002309116 0.002337528 0.002417 9.788447e-03
4144 0.041440000 0.002315028 0.002337503 0.002417 9.789069e-03
4145 0.041450000 0.002313232 0.002337478 0.002417 9.789690e-03
4146 0.041460000 0.002311472 0.002337453 0.002417 9.790311e-03
4147 0.041470000 0.002426262 0.002337455 0.002417 9.790932e-03
4148 0.041480000 0.002457469 0.002337463 0.002417 9.791552e-03
4149 0.041490000 0.002444501 0.002337461 0.002417 9.792173e-03
4150 0.041500000 0.006754142 0.002337470 0.002417 9.792794e-03
4151 0.041510000 0.002496340 0.002337489 0.002417 9.793414e-03
4152 0.041520000 0.002607973 0.002337528 0.002417 9.794034e-03
4153 0.041530000 0.002356896 0.002337514 0.002417 9.794654e-03
4154 0.041540000 0.002436841 0.002337517 0.002417 9.795274e-03
4155 0.041550000 0.002535846 0.002337545 0.002417 9.795894e-03
4156 0.041560000 0.002540275 0.002337565 0.002417 9.796513e-03
4157 0.041570000 0.002310561 0.002337539 0.002417 9.797133e-03
4158 0.041580000 0.002436473 0.002337543 0.002417 9.797752e-03
4159 0.041590000 0.002376818 0.002337533 0.002417 9.798372e-03
4160 0.041600000 0.002370659 0.002337521 0.002417 9.798991e-03
4161 0.041610000 0.002380234 0.002337510 0.002417 9.799610e-03
4162 0.041620000 0.002366696 0.002337497 0.002417 9.800228e-03
4163 0.041630000 0.002372452 0.002337486 0.002417 9.800847e-03
4164 0.041640000 0.002369712 0.002337474 0.002417 9.801465e-03
4165 0.041650000 0.002373396 0.002337463 0.002417 9.802084e-03
4166 0.041660000 0.002373206 0.002337452 0.002417 9.802702e-03
4167 0.041670000 0.002375292 0.002337442 0.002417 9.803320e-03
4168 0.041680000 0.002378269 0.002337432 0.002417 9.803938e-03
4169 0.041690000 0.002369736 0.002337420 0.002417 9.804556e-03
4170 0.041700000 0.002367291 0.002337408 0.002417 9.805174e-03
4171 0.041710000 0.002371312 0.002337396 0.002417 9.805791e-03
4172 0.041720000 0.002383398 0.002337387 0.002417 9.806408e-03
4173 0.041730000 0.002377412 0.002337377 0.002417 9.807026e-03
4174 0.041740000 0.002369327 0.002337366 0.002417 9.807643e-03
4175 0.041750000 0.006273816 0.002337354 0.002417 9.808260e-03
4176 0.041760000 0.002371905 0.002337343 0.002417 9.808877e-03
4177 0.041770000 0.002417768 0.002337341 0.002417 9.809493e-03
4178 0.041780000 0.002372894 0.002337330 0.002417 9.810110e-03
4179 0.041790000 0.002386293 0.002337322 0.002417 9.810726e-03
4180 0.041800000 0.002708909 0.002337391 0.002417 9.811342e-03
4181 0.041810000 0.002535557 0.002337416 0.002417 9.811959e-03
4182 0.041820000 0.002376922 0.002337405 0.002417 9.812575e-03
4183 0.041830000 0.002493108 0.002337414 0.002417 9.813190e-03
4184 0.041840000 0.002376546 0.002337404 0.002417 9.813806e-03
4185 0.041850000 0.002440307 0.002337407 0.002417 9.814422e-03
4186 0.041860000 0.002367548 0.002337394 0.002417 9.815037e-03
4187 0.041870000 0.002373029 0.002337383 0.002417 9.815652e-03
4188 0.041880000 0.002371286 0.002337372 0.002417 9.816268e-03
4189 0.041890000 0.002366737 0.002337360 0.002417 9.816883e-03
4190 0.041900000 0.002378501 0.002337349 0.002417 9.817498e-03
4191 0.041910000 0.002371470 0.002337338 0.002417 9.818112e-03
4192 0.041920000 0.002395661 0.002337330 0.002417 9.818727e-03
4193 0.041930000 0.002429575 0.002337332 0.002417 9.819341e-03
4194 0.041940000 0.002418780 0.002337332 0.002417 9.819956e-03
4195 0.041950000 0.002411781 0.002337330 0.002417 9.820570e-03
4196 0.041960000 0.002380478 0.002337321 0.002417 9.821184e-03
4197 0.041970000 0.002367224 0.002337309 0.002417 9.821798e-03
4198 0.041980000 0.002398864 0.002337304 0.002417 9.822412e-03
4199 0.041990000 0.002372780 0.002337292 0.002417 9.823025e-03
4200 0.042000000 0.006378913 0.002337280 0.002417 9.823639e-03
4201 0.042010000 0.002429184 0.002337279 0.002417 9.824252e-03
4202 0.042020000 0.002461750 0.002337290 0.002417 9.824865e-03
4203 0.042030000 0.002459130 0.002337299 0.002417 9.825478e-03
4204 0.042040000 0.002382228 0.002337290 0.002417 9.826091e-03
4205 0.042050000 0.002379892 0.002337281 0.002417 9.826704e-03
4206 0.042060000 0.002375199 0.002337270 0.002417 9.827317e-03
4207 0.042070000 0.002366423 0.002337258 0.002417 9.827929e-03
4208 0.042080000 0.002380924 0.002337249 0.002417 9.828542e-03
4209 0.042090000 0.002365888 0.002337236 0.002417 9.829154e-03
4210 0.042100000 0.002384966 0.002337227 0.002417 9.829766e-03
4211 0.042110000 0.002369124 0.002337215 0.002417 9.830378e-03
4212 0.042120000 0.002366477 0.002337203 0.002417 9.830990e-03
4213 0.042130000 0.002376357 0.002337193 0.002417 9.831602e-03
4214 0.042140000 0.002374308 0.002337182 0.002417 9.832213e-03
4215 0.042150000 0.002368007 0.002337170 0.002417 9.832825e-03
4216 0.042160000 0.002370712 0.002337159 0.002417 9.833436e-03
4217 0.042170000 0.002370651 0.002337147 0.002417 9.834047e-03
4218 0.042180000 0.002381130 0.002337137 0.002417 9.834658e-03
4219 0.042190000 0.002373421 0.002337126 0.002417 9.835269e-03
4220 0.042200000 0.002368749 0.002337114 0.002417 9.835880e-03
4221 0.042210000 0.002370604 0.002337103 0.002417 9.836490e-03
4222 0.042220000 0.002366620 0.002337091 0.002417 9.837101e-03
4223 0.042230000 0.002367244 0.002337079 0.002417 9.837711e-03
4224 0.042240000 0.002378393 0.002337069 0.002417 9.838321e-03
4225 0.042250000 0.006274447 0.002337059 0.002417 9.838932e-03
4226 0.042260000 0.002371840 0.002337048 0.002417 9.839541e-03
4227 0.042270000 0.002368585 0.002337036 0.002417 9.840151e-03
4228 0.042280000 0.002367818 0.002337024 0.002417 9.840761e-03
4229 0.042290000 0.002368264 0.002337012 0.002417 9.841370e-03
4230 0.042300000 0.002377881 0.002337002 0.002417 9.841980e-03
4231 0.042310000 0.002375523 0.002336992 0.002417 9.842589e-03
4232 0.042320000 0.002384975 0.002336981 0.002417 9.843198e-03
4233 0.042330000 0.002371784 0.002336970 0.002417 9.843807e-03
4234 0.042340000 0.002367081 0.002336957 0.002417 9.844416e-03
4235 0.042350000 0.002408894 0.002336954 0.002417 9.845025e-03
4236 0.042360000 0.002367283 0.002336942 0.002417 9.845633e-03
4237 0.042370000 0.002471731 0.002336955 0.002417 9.846242e-03
4238 0.042380000 0.002456553 0.002336964 0.002417 9.846850e-03
4239 0.042390000 0.002500154 0.002336983 0.002417 9.847458e-03
4240 0.042400000 0.002410793 0.002336981 0.002417 9.848066e-03
4241 0.042410000 0.002368527 0.002336969 0.002417 9.848674e-03
4242 0.042420000 0.002369226 0.002336957 0.002417 9.849282e-03
4243 0.042430000 0.002414836 0.002336956 0.002417 9.849890e-03
4244 0.042440000 0.002464818 0.002336967 0.002417 9.850497e-03
4245 0.042450000 0.002409030 0.002336964 0.002417 9.851105e-03
4246 0.042460000 0.002375093 0.002336953 0.002417 9.851712e-03
4247 0.042470000 0.002366940 0.002336941 0.002417 9.852319e-03
4248 0.042480000 0.002379479 0.002336932 0.002417 9.852926e-03
4249 0.042490000 0.002369746 0.002336921 0.002417 9.853533e-03
4250 0.042500000 0.006301008 0.002336909 0.002417 9.854139e-03
4251 0.042510000 0.002372388 0.002336898 0.002417 9.854746e-03
4252 0.042520000 0.002381138 0.002336889 0.002417 9.855352e-03
4253 0.042530000 0.002366659 0.002336876 0.002417 9.855959e-03
4254 0.042540000 0.002375569 0.002336866 0.002417 9.856565e-03
4255 0.042550000 0.002372124 0.002336855 0.002417 9.857171e-03
4256 0.042560000 0.002381199 0.002336846 0.002417 9.857777e-03
4257 0.042570000 0.002375123 0.002336836 0.002417 9.858383e-03
4258 0.042580000 0.002366715 0.002336824 0.002417 9.858988e-03
4259 0.042590000 0.002371142 0.002336812 0.002417 9.859594e-03
4260 0.042600000 0.002377363 0.002336803 0.002417 9.860199e-03
4261 0.042610000 0.002367625 0.002336791 0.002417 9.860804e-03
4262 0.042620000 0.002365767 0.002336779 0.002417 9.861409e-03
4263 0.042630000 0.002421110 0.002336778 0.002417 9.862014e-03
4264 0.042640000 0.002369249 0.002336767 0.002417 9.862619e-03
4265 0.042650000 0.002372379 0.002336756 0.002417 9.863224e-03
4266 0.042660000 0.002386364 0.002336749 0.002417 9.863828e-03
4267 0.042670000 0.002366716 0.002336737 0.002417 9.864433e-03
4268 0.042680000 0.002369676 0.002336725 0.002417 9.865037e-03
4269 0.042690000 0.002365943 0.002336713 0.002417 9.865641e-03
4270 0.042700000 0.002383135 0.002336705 0.002417 9.866245e-03
4271 0.042710000 0.002410605 0.002336692 0.002417 9.866849e-03
4272 0.042720000 0.002373644 0.002336682 0.002417 9.867453e-03
4273 0.042730000 0.002372112 0.002336671 0.002417 9.868056e-03
4274 0.042740000 0.002423106 0.002336672 0.002417 9.868660e-03
4275 0.042750000 0.006596938 0.002336688 0.002417 9.869263e-03
4276 0.042760000 0.002407561 0.002336685 0.002417 9.869867e-03
4277 0.042770000 0.002376603 0.002336676 0.002417 9.870470e-03
4278 0.042780000 0.002531958 0.002336702 0.002417 9.871073e-03
4279 0.042790000 0.002368824 0.002336690 0.002417 9.871675e-03
4280 0.042800000 0.002371544 0.002336679 0.002417 9.872278e-03
4281 0.042810000 0.002366785 0.002336667 0.002417 9.872881e-03
4282 0.042820000 0.002384258 0.002336659 0.002417 9.873483e-03
4283 0.042830000 0.002377281 0.002336649 0.002417 9.874085e-03
4284 0.042840000 0.002368450 0.002336637 0.002417 9.874688e-03
4285 0.042850000 0.002373391 0.002336627 0.002417 9.875290e-03
4286 0.042860000 0.002365766 0.002336615 0.002417 9.875891e-03
4287 0.042870000 0.002381184 0.002336606 0.002417 9.876493e-03
4288 0.042880000 0.002417904 0.002336605 0.002417 9.877095e-03
4289 0.042890000 0.002434714 0.002336608 0.002417 9.877696e-03
4290 0.042900000 0.002386336 0.002336598 0.002417 9.878298e-03
4291 0.042910000 0.002367354 0.002336586 0.002417 9.878899e-03
4292 0.042920000 0.002418245 0.002336585 0.002417 9.879500e-03
4293 0.042930000 0.002366666 0.002336573 0.002417 9.880101e-03
4294 0.042940000 0.002369548 0.002336562 0.002417 9.880702e-03
4295 0.042950000 0.002376132 0.002336552 0.002417 9.881303e-03
4296 0.042960000 0.002380403 0.002336543 0.002417 9.881903e-03
4297 0.042970000 0.002370326 0.002336532 0.002417 9.882504e-03
4298 0.042980000 0.002370669 0.002336521 0.002417 9.883104e-03
4299 0.042990000 0.002369260 0.002336509 0.002417 9.883704e-03
4300 0.043000000 0.006245518 0.002336498 0.002417 9.884304e-03
4301 0.043010000 0.002407743 0.002336495 0.002417 9.884904e-03
4302 0.043020000 0.002410755 0.002336493 0.002417 9.885504e-03
4303 0.043030000 0.002370233 0.002336482 0.002417 9.886104e-03
4304 0.043040000 0.002373660 0.002336471 0.002417 9.886703e-03
4305 0.043050000 0.002371251 0.002336461 0.002417 9.887303e-03
4306 0.043060000 0.002377368 0.002336451 0.002417 9.887902e-03
4307 0.043070000 0.002369595 0.002336440 0.002417 9.888501e-03
4308 0.043080000 0.002377941 0.002336430 0.002417 9.889100e-03
4309 0.043090000 0.002457737 0.002336439 0.002417 9.889699e-03
4310 0.043100000 0.002454622 0.002336447 0.002417 9.890298e-03
4311 0.043110000 0.002373748 0.002336437 0.002417 9.890896e-03
4312 0.043120000 0.002417899 0.002336437 0.002417 9.891495e-03
4313 0.043130000 0.002374083 0.002336427 0.002417 9.892093e-03
4314 0.043140000 0.002369197 0.002336416 0.002417 9.892691e-03
4315 0.043150000 0.002376617 0.002336406 0.002417 9.893290e-03
4316 0.043160000 0.002497112 0.002336424 0.002417 9.893888e-03
4317 0.043170000 0.002459463 0.002336434 0.002417 9.894485e-03
4318 0.043180000 0.002426682 0.002336436 0.002417 9.895083e-03
4319 0.043190000 0.002367652 0.002336424 0.002417 9.895681e-03
4320 0.043200000 0.002367901 0.002336413 0.002417 9.896278e-03
4321 0.043210000 0.002366129 0.002336401 0.002417 9.896875e-03
4322 0.043220000 0.002380953 0.002336392 0.002417 9.897473e-03
4323 0.043230000 0.002371294 0.002336381 0.002417 9.898070e-03
4324 0.043240000 0.002373776 0.002336371 0.002417 9.898667e-03
4325 0.043250000 0.006251964 0.002336360 0.002417 9.899263e-03
4326 0.043260000 0.002370878 0.002336349 0.002417 9.899860e-03
4327 0.043270000 0.002372632 0.002336339 0.002417 9.900457e-03
4328 0.043280000 0.002373061 0.002336328 0.002417 9.901053e-03
4329 0.043290000 0.002383949 0.002336318 0.002417 9.901649e-03
4330 0.043300000 0.002371423 0.002336308 0.002417 9.902246e-03
4331 0.043310000 0.002369155 0.002336296 0.002417 9.902842e-03
4332 0.043320000 0.002367634 0.002336285 0.002417 9.903438e-03
4333 0.043330000 0.002366526 0.002336273 0.002417 9.904033e-03
4334 0.043340000 0.002370309 0.002336262 0.002417 9.904629e-03
4335 0.043350000 0.002486267 0.002336278 0.002417 9.905224e-03
4336 0.043360000 0.002371457 0.002336266 0.002417 9.905820e-03
4337 0.043370000 0.002370329 0.002336255 0.002417 9.906415e-03
4338 0.043380000 0.002367371 0.002336244 0.002417 9.907010e-03
4339 0.043390000 0.002371645 0.002336233 0.002417 9.907605e-03
4340 0.043400000 0.002367063 0.002336222 0.002417 9.908200e-03
4341 0.043410000 0.002376584 0.002336212 0.002417 9.908795e-03
4342 0.043420000 0.002374016 0.002336202 0.002417 9.909389e-03
4343 0.043430000 0.002368815 0.002336190 0.002417 9.909984e-03
4344 0.043440000 0.002371748 0.002336179 0.002417 9.910578e-03
4345 0.043450000 0.002368638 0.002336167 0.002417 9.911173e-03
4346 0.043460000 0.002366843 0.002336156 0.002417 9.911767e-03
4347 0.043470000 0.002376189 0.002336146 0.002417 9.912361e-03
4348 0.043480000 0.002369062 0.002336135 0.002417 9.912954e-03
4349 0.043490000 0.002401572 0.002336126 0.002417 9.913548e-03
4350 0.043500000 0.006557182 0.002336140 0.002417 9.914142e-03
4351 0.043510000 0.002481299 0.002336154 0.002417 9.914735e-03
4352 0.043520000 0.002399859 0.002336143 0.002417 9.915329e-03
4353 0.043530000 0.002385586 0.002336134 0.002417 9.915922e-03
4354 0.043540000 0.002473523 0.002336146 0.002417 9.916515e-03
4355 0.043550000 0.002455495 0.002336155 0.002417 9.917108e-03
4356 0.043560000 0.002377649 0.002336145 0.002417 9.917701e-03
4357 0.043570000 0.002366952 0.002336134 0.002417 9.918293e-03
4358 0.043580000 0.002377101 0.002336122 0.002417 9.918886e-03
4359 0.043590000 0.002370818 0.002336111 0.002417 9.919478e-03
4360 0.043600000 0.002371040 0.002336101 0.002417 9.920071e-03
4361 0.043610000 0.002378970 0.002336092 0.002417 9.920663e-03
4362 0.043620000 0.002373335 0.002336080 0.002417 9.921255e-03
4363 0.043630000 0.002369611 0.002336069 0.002417 9.921847e-03
4364 0.043640000 0.002382876 0.002336061 0.002417 9.922439e-03
4365 0.043650000 0.002366381 0.002336050 0.002417 9.923030e-03
4366 0.043660000 0.002366809 0.002336038 0.002417 9.923622e-03
4367 0.043670000 0.002368733 0.002336027 0.002417 9.924213e-03
4368 0.043680000 0.002377592 0.002336018 0.002417 9.924805e-03
4369 0.043690000 0.002368613 0.002336006 0.002417 9.925396e-03
4370 0.043700000 0.002386884 0.002335999 0.002417 9.925987e-03
4371 0.043710000 0.002367504 0.002335987 0.002417 9.926578e-03
4372 0.043720000 0.002371426 0.002335977 0.002417 9.927169e-03
4373 0.043730000 0.002367917 0.002335965 0.002417 9.927759e-03
4374 0.043740000 0.002370579 0.002335955 0.002417 9.928350e-03
4375 0.043750000 0.006336551 0.002335954 0.002417 9.928940e-03
4376 0.043760000 0.002594182 0.002335993 0.002417 9.929531e-03
4377 0.043770000 0.002432043 0.002335996 0.002417 9.930121e-03
4378 0.043780000 0.002511807 0.002336017 0.002417 9.930711e-03
4379 0.043790000 0.002426013 0.002336018 0.002417 9.931301e-03
4380 0.043800000 0.002459214 0.002336027 0.002417 9.931890e-03
4381 0.043810000 0.002385128 0.002336019 0.002417 9.932480e-03
4382 0.043820000 0.002480406 0.002336033 0.002417 9.933070e-03
4383 0.043830000 0.002494358 0.002336045 0.002417 9.933659e-03
4384 0.043840000 0.002775047 0.002336120 0.002417 9.934248e-03
4385 0.043850000 0.002621261 0.002336162 0.002417 9.934838e-03
4386 0.043860000 0.002469639 0.002336174 0.002417 9.935427e-03
4387 0.043870000 0.002438848 0.002336175 0.002417 9.936016e-03
4388 0.043880000 0.002377241 0.002336166 0.002417 9.936604e-03
4389 0.043890000 0.002416528 0.002336165 0.002417 9.937193e-03
4390 0.043900000 0.002408106 0.002336163 0.002417 9.937781e-03
4391 0.043910000 0.002393252 0.002336157 0.002417 9.938370e-03
4392 0.043920000 0.002418148 0.002336156 0.002417 9.938958e-03
4393 0.043930000 0.002435017 0.002336160 0.002417 9.939546e-03
4394 0.043940000 0.002532324 0.002336186 0.002417 9.940134e-03
4395 0.043950000 0.002492829 0.002336202 0.002417 9.940722e-03
4396 0.043960000 0.002501505 0.002336221 0.002417 9.941310e-03
4397 0.043970000 0.002458875 0.002336230 0.002417 9.941898e-03
4398 0.043980000 0.002463346 0.002336241 0.002417 9.942485e-03
4399 0.043990000 0.002386562 0.002336234 0.002417 9.943073e-03
4400 0.044000000 0.006574755 0.002336273 0.002417 9.943660e-03
4401 0.044010000 0.002371469 0.002336262 0.002417 9.944247e-03
4402 0.044020000 0.002375561 0.002336252 0.002417 9.944834e-03
4403 0.044030000 0.002438220 0.002336254 0.002417 9.945421e-03
4404 0.044040000 0.002368759 0.002336243 0.002417 9.946008e-03
4405 0.044050000 0.002470407 0.002336254 0.002417 9.946594e-03
4406 0.044060000 0.002429750 0.002336257 0.002417 9.947181e-03
4407 0.044070000 0.002376201 0.002336247 0.002417 9.947767e-03
4408 0.044080000 0.002367003 0.002336235 0.002417 9.948354e-03
4409 0.044090000 0.002366189 0.002336224 0.002417 9.948940e-03
4410 0.044100000 0.002371851 0.002336213 0.002417 9.949526e-03
4411 0.044110000 0.002376758 0.002336203 0.002417 9.950112e-03
4412 0.044120000 0.002437388 0.002336207 0.002417 9.950698e-03
4413 0.044130000 0.002377873 0.002336198 0.002417 9.951283e-03
4414 0.044140000 0.002369252 0.002336187 0.002417 9.951869e-03
4415 0.044150000 0.002391895 0.002336181 0.002417 9.952454e-03
4416 0.044160000 0.002390192 0.002336173 0.002417 9.953040e-03
4417 0.044170000 0.002372400 0.002336163 0.002417 9.953625e-03
4418 0.044180000 0.002368141 0.002336151 0.002417 9.954210e-03
4419 0.044190000 0.002432473 0.002336154 0.002417 9.954795e-03
4420 0.044200000 0.002437503 0.002336158 0.002417 9.955379e-03
4421 0.044210000 0.002370182 0.002336147 0.002417 9.955964e-03
4422 0.044220000 0.002378084 0.002336138 0.002417 9.956549e-03
4423 0.044230000 0.002367479 0.002336127 0.002417 9.957133e-03
4424 0.044240000 0.002369669 0.002336116 0.002417 9.957717e-03
4425 0.044250000 0.006835741 0.002336105 0.002417 9.958302e-03
4426 0.044260000 0.002514238 0.002336124 0.002417 9.958886e-03
4427 0.044270000 0.002411066 0.002336122 0.002417 9.959470e-03
4428 0.044280000 0.002374203 0.002336112 0.002417 9.960053e-03
4429 0.044290000 0.002411297 0.002336110 0.002417 9.960637e-03
4430 0.044300000 0.002370447 0.002336100 0.002417 9.961221e-03
4431 0.044310000 0.002412062 0.002336098 0.002417 9.961804e-03
4432 0.044320000 0.002377048 0.002336088 0.002417 9.962388e-03
4433 0.044330000 0.002385606 0.002336081 0.002417 9.962971e-03
4434 0.044340000 0.002524633 0.002336095 0.002417 9.963554e-03
4435 0.044350000 0.002467286 0.002336106 0.002417 9.964137e-03
4436 0.044360000 0.002531762 0.002336118 0.002417 9.964720e-03
4437 0.044370000 0.002460072 0.002336128 0.002417 9.965302e-03
4438 0.044380000 0.002517393 0.002336142 0.002417 9.965885e-03
4439 0.044390000 0.002368935 0.002336131 0.002417 9.966467e-03
4440 0.044400000 0.002378411 0.002336122 0.002417 9.967050e-03
4441 0.044410000 0.002367286 0.002336110 0.002417 9.967632e-03
4442 0.044420000 0.002396366 0.002336105 0.002417 9.968214e-03
4443 0.044430000 0.002366734 0.002336094 0.002417 9.968796e-03
4444 0.044440000 0.002367075 0.002336083 0.002417 9.969378e-03
4445 0.044450000 0.002461263 0.002336092 0.002417 9.969960e-03
4446 0.044460000 0.002373180 0.002336082 0.002417 9.970541e-03
4447 0.044470000 0.002366028 0.002336070 0.002417 9.971123e-03
4448 0.044480000 0.002370175 0.002336059 0.002417 9.971704e-03
4449 0.044490000 0.002367558 0.002336048 0.002417 9.972285e-03
4450 0.044500000 0.006384790 0.002336038 0.002417 9.972866e-03
4451 0.044510000 0.002381984 0.002336030 0.002417 9.973447e-03
4452 0.044520000 0.002365805 0.002336018 0.002417 9.974028e-03
4453 0.044530000 0.002369208 0.002336007 0.002417 9.974609e-03
4454 0.044540000 0.002366734 0.002335996 0.002417 9.975190e-03
4455 0.044550000 0.002365734 0.002335984 0.002417 9.975770e-03
4456 0.044560000 0.002368517 0.002335973 0.002417 9.976351e-03
4457 0.044570000 0.002401304 0.002335969 0.002417 9.976931e-03
4458 0.044580000 0.002400101 0.002335964 0.002417 9.977511e-03
4459 0.044590000 0.002367066 0.002335953 0.002417 9.978091e-03
4460 0.044600000 0.002366420 0.002335942 0.002417 9.978671e-03
4461 0.044610000 0.002369025 0.002335931 0.002417 9.979251e-03
4462 0.044620000 0.002369179 0.002335920 0.002417 9.979830e-03
4463 0.044630000 0.002392044 0.002335913 0.002417 9.980410e-03
4464 0.044640000 0.002395725 0.002335908 0.002417 9.980989e-03
4465 0.044650000 0.002374310 0.002335898 0.002417 9.981569e-03
4466 0.044660000 0.002400539 0.002335894 0.002417 9.982148e-03
4467 0.044670000 0.002412197 0.002335893 0.002417 9.982727e-03
4468 0.044680000 0.002411282 0.002335891 0.002417 9.983306e-03
4469 0.044690000 0.002464697 0.002335902 0.002417 9.983885e-03
4470 0.044700000 0.002455944 0.002335910 0.002417 9.984463e-03
4471 0.044710000 0.002472521 0.002335912 0.002417 9.985042e-03
4472 0.044720000 0.002369050 0.002335901 0.002417 9.985621e-03
4473 0.044730000 0.002370743 0.002335891 0.002417 9.986199e-03
4474 0.044740000 0.002374996 0.002335881 0.002417 9.986777e-03
4475 0.044750000 0.006257617 0.002335870 0.002417 9.987355e-03
4476 0.044760000 0.002375156 0.002335860 0.002417 9.987933e-03
4477 0.044770000 0.002371603 0.002335850 0.002417 9.988511e-03
4478 0.044780000 0.002376196 0.002335840 0.002417 9.989089e-03
4479 0.044790000 0.002375841 0.002335830 0.002417 9.989666e-03
4480 0.044800000 0.002437829 0.002335828 0.002417 9.990244e-03
4481 0.044810000 0.002375475 0.002335819 0.002417 9.990821e-03
4482 0.044820000 0.002370796 0.002335808 0.002417 9.991399e-03
4483 0.044830000 0.002368943 0.002335797 0.002417 9.991976e-03
4484 0.044840000 0.002369532 0.002335786 0.002417 9.992553e-03
4485 0.044850000 0.002367572 0.002335775 0.002417 9.993130e-03
4486 0.044860000 0.002376796 0.002335766 0.002417 9.993706e-03
4487 0.044870000 0.002368404 0.002335755 0.002417 9.994283e-03
4488 0.044880000 0.002366776 0.002335744 0.002417 9.994860e-03
4489 0.044890000 0.002368571 0.002335733 0.002417 9.995436e-03
4490 0.044900000 0.002368920 0.002335722 0.002417 9.996012e-03
4491 0.044910000 0.002367884 0.002335712 0.002417 9.996588e-03
4492 0.044920000 0.002376385 0.002335702 0.002417 9.997165e-03
4493 0.044930000 0.002367636 0.002335691 0.002417 9.997740e-03
4494 0.044940000 0.002368974 0.002335680 0.002417 9.998316e-03
4495 0.044950000 0.002366815 0.002335669 0.002417 9.998892e-03
4496 0.044960000 0.002366475 0.002335658 0.002417 9.999468e-03
4497 0.044970000 0.002370334 0.002335647 0.002417 1.000004e-02
4498 0.044980000 0.002386370 0.002335640 0.002417 1.000062e-02
4499 0.044990000 0.002367531 0.002335629 0.002417 1.000119e-02
4500 0.045000000 0.006254192 0.002335618 0.002417 1.000177e-02
4501 0.045010000 0.002368099 0.002335607 0.002417 1.000234e-02
4502 0.045020000 0.002365924 0.002335595 0.002417 1.000292e-02
4503 0.045030000 0.002375051 0.002335585 0.002417 1.000349e-02
4504 0.045040000 0.002366125 0.002335574 0.002417 1.000407e-02
4505 0.045050000 0.002368008 0.002335563 0.002417 1.000464e-02
4506 0.045060000 0.002366137 0.002335552 0.002417 1.000522e-02
4507 0.045070000 0.002366438 0.002335541 0.002417 1.000579e-02
4508 0.045080000 0.002410608 0.002335539 0.002417 1.000637e-02
4509 0.045090000 0.002371730 0.002335529 0.002417 1.000694e-02
4510 0.045100000 0.002367475 0.002335519 0.002417 1.000751e-02
4511 0.045110000 0.002471858 0.002335517 0.002417 1.000809e-02
4512 0.045120000 0.002350615 0.002335503 0.002417 1.000866e-02
4513 0.045130000 0.002351077 0.002335489 0.002417 1.000923e-02
4514 0.045140000 0.002312166 0.002335466 0.002417 1.000981e-02
4515 0.045150000 0.002365628 0.002335455 0.002417 1.001038e-02
4516 0.045160000 0.002313130 0.002335433 0.002417 1.001095e-02
4517 0.045170000 0.002416604 0.002335433 0.002417 1.001153e-02
4518 0.045180000 0.002452263 0.002335441 0.002417 1.001210e-02
4519 0.045190000 0.002310538 0.002335418 0.002417 1.001267e-02
4520 0.045200000 0.002310797 0.002335395 0.002417 1.001325e-02
4521 0.045210000 0.002320435 0.002335374 0.002417 1.001382e-02
4522 0.045220000 0.002392970 0.002335359 0.002417 1.001439e-02
4523 0.045230000 0.002311199 0.002335336 0.002417 1.001496e-02
4524 0.045240000 0.002403424 0.002335330 0.002417 1.001554e-02
4525 0.045250000 0.006292356 0.002335306 0.002417 1.001611e-02
4526 0.045260000 0.002352242 0.002335291 0.002417 1.001668e-02
4527 0.045270000 0.002353908 0.002335278 0.002417 1.001725e-02
4528 0.045280000 0.002308852 0.002335255 0.002417 1.001782e-02
4529 0.045290000 0.002430750 0.002335258 0.002417 1.001840e-02
4530 0.045300000 0.002367350 0.002335248 0.002417 1.001897e-02
4531 0.045310000 0.002313321 0.002335225 0.002417 1.001954e-02
4532 0.045320000 0.002315166 0.002335203 0.002417 1.002011e-02
4533 0.045330000 0.002313101 0.002335181 0.002417 1.002068e-02
4534 0.045340000 0.002312147 0.002335158 0.002417 1.002125e-02
4535 0.045350000 0.002309890 0.002335135 0.002417 1.002182e-02
4536 0.045360000 0.002389558 0.002335130 0.002417 1.002239e-02
4537 0.045370000 0.002516809 0.002335152 0.002417 1.002296e-02
4538 0.045380000 0.002458607 0.002335162 0.002417 1.002354e-02
4539 0.045390000 0.002352248 0.002335148 0.002417 1.002411e-02
4540 0.045400000 0.002351097 0.002335134 0.002417 1.002468e-02
4541 0.045410000 0.002317912 0.002335112 0.002417 1.002525e-02
4542 0.045420000 0.002310004 0.002335089 0.002417 1.002582e-02
4543 0.045430000 0.002395993 0.002335085 0.002417 1.002639e-02
4544 0.045440000 0.002482830 0.002335094 0.002417 1.002696e-02
4545 0.045450000 0.002312555 0.002335072 0.002417 1.002753e-02
4546 0.045460000 0.002436587 0.002335076 0.002417 1.002810e-02
4547 0.045470000 0.002367527 0.002335066 0.002417 1.002867e-02
4548 0.045480000 0.002455154 0.002335069 0.002417 1.002924e-02
4549 0.045490000 0.002366625 0.002335055 0.002417 1.002980e-02
4550 0.045500000 0.006360633 0.002335058 0.002417 1.003037e-02
4551 0.045510000 0.002418436 0.002335059 0.002417 1.003094e-02
4552 0.045520000 0.002348014 0.002335044 0.002417 1.003151e-02
4553 0.045530000 0.002308098 0.002335021 0.002417 1.003208e-02
4554 0.045540000 0.002313634 0.002334999 0.002417 1.003265e-02
4555 0.045550000 0.002313764 0.002334976 0.002417 1.003322e-02
4556 0.045560000 0.002634129 0.002335016 0.002417 1.003379e-02
4557 0.045570000 0.002498264 0.002335025 0.002417 1.003436e-02
4558 0.045580000 0.002310766 0.002335003 0.002417 1.003492e-02
4559 0.045590000 0.002514151 0.002335018 0.002417 1.003549e-02
4560 0.045600000 0.002312968 0.002334996 0.002417 1.003606e-02
4561 0.045610000 0.002398048 0.002334992 0.002417 1.003663e-02
4562 0.045620000 0.002346668 0.002334978 0.002417 1.003720e-02
4563 0.045630000 0.002309827 0.002334955 0.002417 1.003776e-02
4564 0.045640000 0.002313676 0.002334933 0.002417 1.003833e-02
4565 0.045650000 0.002309980 0.002334910 0.002417 1.003890e-02
4566 0.045660000 0.002311607 0.002334887 0.002417 1.003947e-02
4567 0.045670000 0.002319138 0.002334867 0.002417 1.004003e-02
4568 0.045680000 0.002428577 0.002334870 0.002417 1.004060e-02
4569 0.045690000 0.002393637 0.002334865 0.002417 1.004117e-02
4570 0.045700000 0.002312830 0.002334842 0.002417 1.004173e-02
4571 0.045710000 0.002310592 0.002334820 0.002417 1.004230e-02
4572 0.045720000 0.002310277 0.002334797 0.002417 1.004287e-02
4573 0.045730000 0.002770140 0.002334867 0.002417 1.004343e-02
4574 0.045740000 0.002875860 0.002334967 0.002417 1.004400e-02
4575 0.045750000 0.007185081 0.002335015 0.002417 1.004457e-02
4576 0.045760000 0.002430162 0.002335018 0.002417 1.004513e-02
4577 0.045770000 0.002312191 0.002334996 0.002417 1.004570e-02
4578 0.045780000 0.002311737 0.002334974 0.002417 1.004627e-02
4579 0.045790000 0.002430341 0.002334969 0.002417 1.004683e-02
4580 0.045800000 0.002310459 0.002334947 0.002417 1.004740e-02
4581 0.045810000 0.002400769 0.002334943 0.002417 1.004796e-02
4582 0.045820000 0.002363750 0.002334926 0.002417 1.004853e-02
4583 0.045830000 0.002491037 0.002334943 0.002417 1.004909e-02
4584 0.045840000 0.002633762 0.002334978 0.002417 1.004966e-02
4585 0.045850000 0.002398937 0.002334975 0.002417 1.005023e-02
4586 0.045860000 0.002482993 0.002334989 0.002417 1.005079e-02
4587 0.045870000 0.002393940 0.002334985 0.002417 1.005136e-02
4588 0.045880000 0.002413109 0.002334984 0.002417 1.005192e-02
4589 0.045890000 0.002394854 0.002334980 0.002417 1.005248e-02
4590 0.045900000 0.002379194 0.002334971 0.002417 1.005305e-02
4591 0.045910000 0.002372136 0.002334961 0.002417 1.005361e-02
4592 0.045920000 0.002367039 0.002334950 0.002417 1.005418e-02
4593 0.045930000 0.002369266 0.002334940 0.002417 1.005474e-02
4594 0.045940000 0.002374246 0.002334931 0.002417 1.005531e-02
4595 0.045950000 0.002481720 0.002334944 0.002417 1.005587e-02
4596 0.045960000 0.002471412 0.002334955 0.002417 1.005643e-02
4597 0.045970000 0.002408269 0.002334953 0.002417 1.005700e-02
4598 0.045980000 0.002375559 0.002334944 0.002417 1.005756e-02
4599 0.045990000 0.002366256 0.002334933 0.002417 1.005813e-02
4600 0.046000000 0.006304493 0.002334923 0.002417 1.005869e-02
4601 0.046010000 0.002442174 0.002334923 0.002417 1.005925e-02
4602 0.046020000 0.002372454 0.002334913 0.002417 1.005982e-02
4603 0.046030000 0.002377175 0.002334904 0.002417 1.006038e-02
4604 0.046040000 0.002365952 0.002334894 0.002417 1.006094e-02
4605 0.046050000 0.002370943 0.002334884 0.002417 1.006151e-02
4606 0.046060000 0.002369033 0.002334873 0.002417 1.006207e-02
4607 0.046070000 0.002378265 0.002334865 0.002417 1.006263e-02
4608 0.046080000 0.002422707 0.002334866 0.002417 1.006319e-02
4609 0.046090000 0.002365536 0.002334855 0.002417 1.006376e-02
4610 0.046100000 0.002370781 0.002334845 0.002417 1.006432e-02
4611 0.046110000 0.002369022 0.002334835 0.002417 1.006488e-02
4612 0.046120000 0.002367623 0.002334825 0.002417 1.006544e-02
4613 0.046130000 0.002372494 0.002334815 0.002417 1.006600e-02
4614 0.046140000 0.002379498 0.002334806 0.002417 1.006657e-02
4615 0.046150000 0.002369301 0.002334796 0.002417 1.006713e-02
4616 0.046160000 0.002369912 0.002334786 0.002417 1.006769e-02
4617 0.046170000 0.002378889 0.002334778 0.002417 1.006825e-02
4618 0.046180000 0.002366248 0.002334767 0.002417 1.006881e-02
4619 0.046190000 0.002380550 0.002334759 0.002417 1.006937e-02
4620 0.046200000 0.002365467 0.002334748 0.002417 1.006994e-02
4621 0.046210000 0.002390544 0.002334742 0.002417 1.007050e-02
4622 0.046220000 0.002413742 0.002334741 0.002417 1.007106e-02
4623 0.046230000 0.002365233 0.002334730 0.002417 1.007162e-02
4624 0.046240000 0.002379844 0.002334722 0.002417 1.007218e-02
4625 0.046250000 0.006297282 0.002334713 0.002417 1.007274e-02
4626 0.046260000 0.002368166 0.002334703 0.002417 1.007330e-02
4627 0.046270000 0.002417276 0.002334697 0.002417 1.007386e-02
4628 0.046280000 0.002370800 0.002334687 0.002417 1.007442e-02
4629 0.046290000 0.002370087 0.002334677 0.002417 1.007498e-02
4630 0.046300000 0.002376111 0.002334667 0.002417 1.007554e-02
4631 0.046310000 0.002377563 0.002334659 0.002417 1.007610e-02
4632 0.046320000 0.002373301 0.002334650 0.002417 1.007666e-02
4633 0.046330000 0.002411720 0.002334649 0.002417 1.007722e-02
4634 0.046340000 0.002415783 0.002334649 0.002417 1.007778e-02
4635 0.046350000 0.002413925 0.002334647 0.002417 1.007834e-02
4636 0.046360000 0.002371334 0.002334637 0.002417 1.007890e-02
4637 0.046370000 0.002379989 0.002334629 0.002417 1.007946e-02
4638 0.046380000 0.002366901 0.002334619 0.002417 1.008002e-02
4639 0.046390000 0.002370742 0.002334609 0.002417 1.008058e-02
4640 0.046400000 0.002376115 0.002334600 0.002417 1.008114e-02
4641 0.046410000 0.002421368 0.002334601 0.002417 1.008170e-02
4642 0.046420000 0.002421282 0.002334602 0.002417 1.008226e-02
4643 0.046430000 0.002416514 0.002334600 0.002417 1.008281e-02
4644 0.046440000 0.002375621 0.002334591 0.002417 1.008337e-02
4645 0.046450000 0.002368864 0.002334581 0.002417 1.008393e-02
4646 0.046460000 0.002364598 0.002334570 0.002417 1.008449e-02
4647 0.046470000 0.002377871 0.002334562 0.002417 1.008505e-02
4648 0.046480000 0.002382846 0.002334554 0.002417 1.008561e-02
4649 0.046490000 0.002365525 0.002334544 0.002417 1.008616e-02
4650 0.046500000 0.006257814 0.002334534 0.002417 1.008672e-02
4651 0.046510000 0.002367041 0.002334523 0.002417 1.008728e-02
4652 0.046520000 0.002364797 0.002334511 0.002417 1.008784e-02
4653 0.046530000 0.002378976 0.002334503 0.002417 1.008839e-02
4654 0.046540000 0.002372471 0.002334494 0.002417 1.008895e-02
4655 0.046550000 0.002375883 0.002334486 0.002417 1.008951e-02
4656 0.046560000 0.002457053 0.002334493 0.002417 1.009007e-02
4657 0.046570000 0.002366575 0.002334483 0.002417 1.009062e-02
4658 0.046580000 0.002373491 0.002334474 0.002417 1.009118e-02
4659 0.046590000 0.002367927 0.002334464 0.002417 1.009174e-02
4660 0.046600000 0.002387646 0.002334457 0.002417 1.009229e-02
4661 0.046610000 0.002369152 0.002334447 0.002417 1.009285e-02
4662 0.046620000 0.002366407 0.002334437 0.002417 1.009341e-02
4663 0.046630000 0.002374084 0.002334428 0.002417 1.009396e-02
4664 0.046640000 0.002412913 0.002334417 0.002417 1.009452e-02
4665 0.046650000 0.002413309 0.002334417 0.002417 1.009508e-02
4666 0.046660000 0.002377545 0.002334408 0.002417 1.009563e-02
4667 0.046670000 0.002379001 0.002334400 0.002417 1.009619e-02
4668 0.046680000 0.002369668 0.002334390 0.002417 1.009675e-02
4669 0.046690000 0.002367297 0.002334379 0.002417 1.009730e-02
4670 0.046700000 0.002371712 0.002334370 0.002417 1.009786e-02
4671 0.046710000 0.002529975 0.002334394 0.002417 1.009841e-02
4672 0.046720000 0.002454862 0.002334402 0.002417 1.009897e-02
4673 0.046730000 0.002494211 0.002334419 0.002417 1.009952e-02
4674 0.046740000 0.002376764 0.002334410 0.002417 1.010008e-02
4675 0.046750000 0.006260222 0.002334400 0.002417 1.010063e-02
4676 0.046760000 0.002372502 0.002334391 0.002417 1.010119e-02
4677 0.046770000 0.002373409 0.002334381 0.002417 1.010174e-02
4678 0.046780000 0.002368612 0.002334371 0.002417 1.010230e-02
4679 0.046790000 0.002381618 0.002334363 0.002417 1.010285e-02
4680 0.046800000 0.002367154 0.002334352 0.002417 1.010341e-02
4681 0.046810000 0.002369128 0.002334342 0.002417 1.010396e-02
4682 0.046820000 0.002370555 0.002334333 0.002417 1.010452e-02
4683 0.046830000 0.002419540 0.002334334 0.002417 1.010507e-02
4684 0.046840000 0.002373926 0.002334324 0.002417 1.010563e-02
4685 0.046850000 0.002365574 0.002334313 0.002417 1.010618e-02
4686 0.046860000 0.002383473 0.002334306 0.002417 1.010673e-02
4687 0.046870000 0.002368887 0.002334296 0.002417 1.010729e-02
4688 0.046880000 0.002365775 0.002334285 0.002417 1.010784e-02
4689 0.046890000 0.002385120 0.002334279 0.002417 1.010839e-02
4690 0.046900000 0.002365752 0.002334268 0.002417 1.010895e-02
4691 0.046910000 0.002366598 0.002334258 0.002417 1.010950e-02
4692 0.046920000 0.002368695 0.002334247 0.002417 1.011005e-02
4693 0.046930000 0.002387547 0.002334241 0.002417 1.011061e-02
4694 0.046940000 0.002368628 0.002334230 0.002417 1.011116e-02
4695 0.046950000 0.002376281 0.002334222 0.002417 1.011171e-02
4696 0.046960000 0.002411219 0.002334221 0.002417 1.011227e-02
4697 0.046970000 0.002368962 0.002334211 0.002417 1.011282e-02
4698 0.046980000 0.002369039 0.002334201 0.002417 1.011337e-02
4699 0.046990000 0.002368708 0.002334191 0.002417 1.011392e-02
4700 0.047000000 0.006360638 0.002334204 0.002417 1.011448e-02
4701 0.047010000 0.002369837 0.002334194 0.002417 1.011503e-02
4702 0.047020000 0.002373178 0.002334185 0.002417 1.011558e-02
4703 0.047030000 0.002367469 0.002334175 0.002417 1.011613e-02
4704 0.047040000 0.002365947 0.002334164 0.002417 1.011669e-02
4705 0.047050000 0.002375843 0.002334156 0.002417 1.011724e-02
4706 0.047060000 0.002380086 0.002334148 0.002417 1.011779e-02
4707 0.047070000 0.002369198 0.002334138 0.002417 1.011834e-02
4708 0.047080000 0.002372334 0.002334128 0.002417 1.011889e-02
4709 0.047090000 0.002367710 0.002334118 0.002417 1.011944e-02
4710 0.047100000 0.002369367 0.002334108 0.002417 1.012000e-02
4711 0.047110000 0.002365967 0.002334098 0.002417 1.012055e-02
4712 0.047120000 0.002382880 0.002334091 0.002417 1.012110e-02
4713 0.047130000 0.002408587 0.002334089 0.002417 1.012165e-02
4714 0.047140000 0.002365340 0.002334079 0.002417 1.012220e-02
4715 0.047150000 0.002379995 0.002334071 0.002417 1.012275e-02
4716 0.047160000 0.002365476 0.002334060 0.002417 1.012330e-02
4717 0.047170000 0.002367195 0.002334050 0.002417 1.012385e-02
4718 0.047180000 0.002376658 0.002334042 0.002417 1.012440e-02
4719 0.047190000 0.002379307 0.002334034 0.002417 1.012495e-02
4720 0.047200000 0.002371820 0.002334025 0.002417 1.012550e-02
4721 0.047210000 0.002369260 0.002334014 0.002417 1.012605e-02
4722 0.047220000 0.002370974 0.002334005 0.002417 1.012660e-02
4723 0.047230000 0.002369960 0.002333995 0.002417 1.012715e-02
4724 0.047240000 0.002369651 0.002333985 0.002417 1.012770e-02
4725 0.047250000 0.006723507 0.002333975 0.002417 1.012825e-02
4726 0.047260000 0.002371733 0.002333966 0.002417 1.012880e-02
4727 0.047270000 0.002368346 0.002333956 0.002417 1.012935e-02
4728 0.047280000 0.002374494 0.002333947 0.002417 1.012990e-02
4729 0.047290000 0.002375989 0.002333938 0.002417 1.013045e-02
4730 0.047300000 0.002370230 0.002333929 0.002417 1.013100e-02
4731 0.047310000 0.002366670 0.002333919 0.002417 1.013155e-02
4732 0.047320000 0.002376688 0.002333910 0.002417 1.013210e-02
4733 0.047330000 0.002370517 0.002333901 0.002417 1.013265e-02
4734 0.047340000 0.002370441 0.002333891 0.002417 1.013320e-02
4735 0.047350000 0.002376269 0.002333883 0.002417 1.013374e-02
4736 0.047360000 0.002370305 0.002333873 0.002417 1.013429e-02
4737 0.047370000 0.002365894 0.002333862 0.002417 1.013484e-02
4738 0.047380000 0.002377745 0.002333855 0.002417 1.013539e-02
4739 0.047390000 0.002416630 0.002333854 0.002417 1.013594e-02
4740 0.047400000 0.002368558 0.002333845 0.002417 1.013649e-02
4741 0.047410000 0.002377674 0.002333836 0.002417 1.013703e-02
4742 0.047420000 0.002373009 0.002333828 0.002417 1.013758e-02
4743 0.047430000 0.002371395 0.002333818 0.002417 1.013813e-02
4744 0.047440000 0.002371245 0.002333808 0.002417 1.013868e-02
4745 0.047450000 0.002378787 0.002333800 0.002417 1.013923e-02
4746 0.047460000 0.002373004 0.002333791 0.002417 1.013977e-02
4747 0.047470000 0.002375455 0.002333783 0.002417 1.014032e-02
4748 0.047480000 0.002368202 0.002333773 0.002417 1.014087e-02
4749 0.047490000 0.002375632 0.002333765 0.002417 1.014142e-02
4750 0.047500000 0.006266694 0.002333755 0.002417 1.014196e-02
4751 0.047510000 0.002457803 0.002333763 0.002417 1.014251e-02
4752 0.047520000 0.002377849 0.002333754 0.002417 1.014306e-02
4753 0.047530000 0.002366835 0.002333744 0.002417 1.014360e-02
4754 0.047540000 0.002374821 0.002333735 0.002417 1.014415e-02
4755 0.047550000 0.002367113 0.002333725 0.002417 1.014470e-02
4756 0.047560000 0.002367439 0.002333715 0.002417 1.014524e-02
4757 0.047570000 0.002369143 0.002333706 0.002417 1.014579e-02
4758 0.047580000 0.002429406 0.002333708 0.002417 1.014634e-02
4759 0.047590000 0.002369498 0.002333699 0.002417 1.014688e-02
4760 0.047600000 0.002366577 0.002333689 0.002417 1.014743e-02
4761 0.047610000 0.002373995 0.002333680 0.002417 1.014797e-02
4762 0.047620000 0.002369216 0.002333670 0.002417 1.014852e-02
4763 0.047630000 0.002377641 0.002333661 0.002417 1.014906e-02
4764 0.047640000 0.002376991 0.002333652 0.002417 1.014961e-02
4765 0.047650000 0.002423288 0.002333653 0.002417 1.015016e-02
4766 0.047660000 0.002368246 0.002333643 0.002417 1.015070e-02
4767 0.047670000 0.002367984 0.002333634 0.002417 1.015125e-02
4768 0.047680000 0.002372232 0.002333624 0.002417 1.015179e-02
4769 0.047690000 0.002441697 0.002333628 0.002417 1.015234e-02
4770 0.047700000 0.003301507 0.002333807 0.002417 1.015288e-02
4771 0.047710000 0.002541892 0.002333828 0.002417 1.015343e-02
4772 0.047720000 0.002423934 0.002333829 0.002417 1.015397e-02
4773 0.047730000 0.002416383 0.002333829 0.002417 1.015452e-02
4774 0.047740000 0.002438858 0.002333834 0.002417 1.015506e-02
4775 0.047750000 0.006523975 0.002333826 0.002417 1.015561e-02
4776 0.047760000 0.002515239 0.002333846 0.002417 1.015615e-02
4777 0.047770000 0.002785957 0.002333922 0.002417 1.015669e-02
4778 0.047780000 0.002482281 0.002333925 0.002417 1.015724e-02
4779 0.047790000 0.002458377 0.002333934 0.002417 1.015778e-02
4780 0.047800000 0.002505787 0.002333953 0.002417 1.015833e-02
4781 0.047810000 0.002460788 0.002333960 0.002417 1.015887e-02
4782 0.047820000 0.002413708 0.002333959 0.002417 1.015941e-02
4783 0.047830000 0.002424618 0.002333961 0.002417 1.015996e-02
4784 0.047840000 0.002373520 0.002333952 0.002417 1.016050e-02
4785 0.047850000 0.002367685 0.002333942 0.002417 1.016104e-02
4786 0.047860000 0.002370558 0.002333933 0.002417 1.016159e-02
4787 0.047870000 0.002379158 0.002333925 0.002417 1.016213e-02
4788 0.047880000 0.002424127 0.002333927 0.002417 1.016267e-02
4789 0.047890000 0.002383157 0.002333920 0.002417 1.016322e-02
4790 0.047900000 0.002556911 0.002333948 0.002417 1.016376e-02
4791 0.047910000 0.002541207 0.002333973 0.002417 1.016430e-02
4792 0.047920000 0.002485693 0.002333987 0.002417 1.016484e-02
4793 0.047930000 0.002428193 0.002333989 0.002417 1.016539e-02
4794 0.047940000 0.002367140 0.002333979 0.002417 1.016593e-02
4795 0.047950000 0.002368125 0.002333969 0.002417 1.016647e-02
4796 0.047960000 0.002370611 0.002333960 0.002417 1.016701e-02
4797 0.047970000 0.002587293 0.002333995 0.002417 1.016756e-02
4798 0.047980000 0.002378764 0.002333987 0.002417 1.016810e-02
4799 0.047990000 0.002375703 0.002333979 0.002417 1.016864e-02
4800 0.048000000 0.006249079 0.002333969 0.002417 1.016918e-02
4801 0.048010000 0.002372201 0.002333960 0.002417 1.016972e-02
4802 0.048020000 0.002443075 0.002333965 0.002417 1.017027e-02
4803 0.048030000 0.002386217 0.002333958 0.002417 1.017081e-02
4804 0.048040000 0.002369251 0.002333949 0.002417 1.017135e-02
4805 0.048050000 0.002381041 0.002333942 0.002417 1.017189e-02
4806 0.048060000 0.002371670 0.002333933 0.002417 1.017243e-02
4807 0.048070000 0.002458509 0.002333941 0.002417 1.017297e-02
4808 0.048080000 0.002377902 0.002333933 0.002417 1.017351e-02
4809 0.048090000 0.002399357 0.002333930 0.002417 1.017405e-02
4810 0.048100000 0.002385006 0.002333923 0.002417 1.017460e-02
4811 0.048110000 0.002380068 0.002333916 0.002417 1.017514e-02
4812 0.048120000 0.002387908 0.002333910 0.002417 1.017568e-02
4813 0.048130000 0.002371640 0.002333900 0.002417 1.017622e-02
4814 0.048140000 0.002374579 0.002333891 0.002417 1.017676e-02
4815 0.048150000 0.002410972 0.002333890 0.002417 1.017730e-02
4816 0.048160000 0.002474689 0.002333902 0.002417 1.017784e-02
4817 0.048170000 0.002412947 0.002333901 0.002417 1.017838e-02
4818 0.048180000 0.002372052 0.002333892 0.002417 1.017892e-02
4819 0.048190000 0.002366241 0.002333882 0.002417 1.017946e-02
4820 0.048200000 0.002367882 0.002333873 0.002417 1.018000e-02
4821 0.048210000 0.002370221 0.002333863 0.002417 1.018054e-02
4822 0.048220000 0.002373524 0.002333855 0.002417 1.018108e-02
4823 0.048230000 0.002424868 0.002333856 0.002417 1.018162e-02
4824 0.048240000 0.002376972 0.002333847 0.002417 1.018216e-02
4825 0.048250000 0.006299472 0.002333837 0.002417 1.018270e-02
4826 0.048260000 0.002371200 0.002333828 0.002417 1.018323e-02
4827 0.048270000 0.002366820 0.002333818 0.002417 1.018377e-02
4828 0.048280000 0.002395259 0.002333813 0.002417 1.018431e-02
4829 0.048290000 0.002428027 0.002333816 0.002417 1.018485e-02
4830 0.048300000 0.002376818 0.002333807 0.002417 1.018539e-02
4831 0.048310000 0.002431445 0.002333810 0.002417 1.018593e-02
4832 0.048320000 0.002378826 0.002333802 0.002417 1.018647e-02
4833 0.048330000 0.002424112 0.002333804 0.002417 1.018701e-02
4834 0.048340000 0.002391717 0.002333799 0.002417 1.018754e-02
4835 0.048350000 0.002436787 0.002333804 0.002417 1.018808e-02
4836 0.048360000 0.002379968 0.002333796 0.002417 1.018862e-02
4837 0.048370000 0.002370691 0.002333787 0.002417 1.018916e-02
4838 0.048380000 0.002367605 0.002333777 0.002417 1.018970e-02
4839 0.048390000 0.002378173 0.002333769 0.002417 1.019023e-02
4840 0.048400000 0.002368089 0.002333759 0.002417 1.019077e-02
4841 0.048410000 0.002367457 0.002333750 0.002417 1.019131e-02
4842 0.048420000 0.002370883 0.002333740 0.002417 1.019185e-02
4843 0.048430000 0.002366105 0.002333730 0.002417 1.019239e-02
4844 0.048440000 0.002369910 0.002333720 0.002417 1.019292e-02
4845 0.048450000 0.002370739 0.002333711 0.002417 1.019346e-02
4846 0.048460000 0.002365334 0.002333701 0.002417 1.019400e-02
4847 0.048470000 0.002368850 0.002333692 0.002417 1.019453e-02
4848 0.048480000 0.002365521 0.002333681 0.002417 1.019507e-02
4849 0.048490000 0.002375206 0.002333673 0.002417 1.019561e-02
4850 0.048500000 0.006261621 0.002333664 0.002417 1.019614e-02
4851 0.048510000 0.002377324 0.002333656 0.002417 1.019668e-02
4852 0.048520000 0.002366975 0.002333646 0.002417 1.019722e-02
4853 0.048530000 0.002368913 0.002333636 0.002417 1.019775e-02
4854 0.048540000 0.002366339 0.002333626 0.002417 1.019829e-02
4855 0.048550000 0.002371656 0.002333617 0.002417 1.019883e-02
4856 0.048560000 0.002366716 0.002333607 0.002417 1.019936e-02
4857 0.048570000 0.002372038 0.002333598 0.002417 1.019990e-02
4858 0.048580000 0.002369099 0.002333589 0.002417 1.020043e-02
4859 0.048590000 0.002366868 0.002333579 0.002417 1.020097e-02
4860 0.048600000 0.002367133 0.002333569 0.002417 1.020151e-02
4861 0.048610000 0.002371332 0.002333560 0.002417 1.020204e-02
4862 0.048620000 0.002367675 0.002333550 0.002417 1.020258e-02
4863 0.048630000 0.002374724 0.002333542 0.002417 1.020311e-02
4864 0.048640000 0.002367285 0.002333532 0.002417 1.020365e-02
4865 0.048650000 0.002365972 0.002333522 0.002417 1.020418e-02
4866 0.048660000 0.002371630 0.002333513 0.002417 1.020472e-02
4867 0.048670000 0.002415993 0.002333513 0.002417 1.020525e-02
4868 0.048680000 0.002386774 0.002333506 0.002417 1.020579e-02
4869 0.048690000 0.002418561 0.002333506 0.002417 1.020632e-02
4870 0.048700000 0.002367996 0.002333497 0.002417 1.020686e-02
4871 0.048710000 0.002369117 0.002333487 0.002417 1.020739e-02
4872 0.048720000 0.002365459 0.002333477 0.002417 1.020793e-02
4873 0.048730000 0.002367182 0.002333468 0.002417 1.020846e-02
4874 0.048740000 0.002376892 0.002333460 0.002417 1.020900e-02
4875 0.048750000 0.006262990 0.002333450 0.002417 1.020953e-02
4876 0.048760000 0.002368125 0.002333440 0.002417 1.021006e-02
4877 0.048770000 0.002369618 0.002333430 0.002417 1.021060e-02
4878 0.048780000 0.002367001 0.002333421 0.002417 1.021113e-02
4879 0.048790000 0.002370247 0.002333411 0.002417 1.021167e-02
4880 0.048800000 0.002373062 0.002333403 0.002417 1.021220e-02
4881 0.048810000 0.002373145 0.002333394 0.002417 1.021273e-02
4882 0.048820000 0.002368826 0.002333384 0.002417 1.021327e-02
4883 0.048830000 0.002366236 0.002333374 0.002417 1.021380e-02
4884 0.048840000 0.002366225 0.002333364 0.002417 1.021433e-02
4885 0.048850000 0.002368492 0.002333355 0.002417 1.021487e-02
4886 0.048860000 0.002373951 0.002333347 0.002417 1.021540e-02
4887 0.048870000 0.002367765 0.002333337 0.002417 1.021593e-02
4888 0.048880000 0.002386978 0.002333331 0.002417 1.021647e-02
4889 0.048890000 0.002370538 0.002333322 0.002417 1.021700e-02
4890 0.048900000 0.002368506 0.002333313 0.002417 1.021753e-02
4891 0.048910000 0.002365558 0.002333302 0.002417 1.021806e-02
4892 0.048920000 0.002374248 0.002333294 0.002417 1.021860e-02
4893 0.048930000 0.002372653 0.002333285 0.002417 1.021913e-02
4894 0.048940000 0.002366180 0.002333275 0.002417 1.021966e-02
4895 0.048950000 0.002371060 0.002333266 0.002417 1.022019e-02
4896 0.048960000 0.002366634 0.002333256 0.002417 1.022073e-02
4897 0.048970000 0.002370554 0.002333247 0.002417 1.022126e-02
4898 0.048980000 0.002369208 0.002333238 0.002417 1.022179e-02
4899 0.048990000 0.002366216 0.002333228 0.002417 1.022232e-02
4900 0.049000000 0.006398444 0.002333218 0.002417 1.022285e-02
4901 0.049010000 0.002396198 0.002333214 0.002417 1.022338e-02
4902 0.049020000 0.002390654 0.002333209 0.002417 1.022392e-02
4903 0.049030000 0.002392622 0.002333205 0.002417 1.022445e-02
4904 0.049040000 0.002347503 0.002333192 0.002417 1.022498e-02
4905 0.049050000 0.002309885 0.002333171 0.002417 1.022551e-02
4906 0.049060000 0.002315237 0.002333151 0.002417 1.022604e-02
4907 0.049070000 0.002348293 0.002333138 0.002417 1.022657e-02
4908 0.049080000 0.002618447 0.002333171 0.002417 1.022710e-02
4909 0.049090000 0.002320314 0.002333152 0.002417 1.022763e-02
4910 0.049100000 0.002310206 0.002333131 0.002417 1.022817e-02
4911 0.049110000 0.002312929 0.002333111 0.002417 1.022870e-02
4912 0.049120000 0.002310292 0.002333090 0.002417 1.022923e-02
4913 0.049130000 0.002362464 0.002333074 0.002417 1.022976e-02
4914 0.049140000 0.002313854 0.002333054 0.002417 1.023029e-02
4915 0.049150000 0.002315385 0.002333034 0.002417 1.023082e-02
4916 0.049160000 0.002312263 0.002333014 0.002417 1.023135e-02
4917 0.049170000 0.002312369 0.002332994 0.002417 1.023188e-02
4918 0.049180000 0.002310481 0.002332973 0.002417 1.023241e-02
4919 0.049190000 0.002388402 0.002332968 0.002417 1.023294e-02
4920 0.049200000 0.002313806 0.002332948 0.002417 1.023347e-02
4921 0.049210000 0.002315101 0.002332928 0.002417 1.023400e-02
4922 0.049220000 0.002310472 0.002332908 0.002417 1.023453e-02
4923 0.049230000 0.002312809 0.002332887 0.002417 1.023506e-02
4924 0.049240000 0.002312496 0.002332867 0.002417 1.023559e-02
4925 0.049250000 0.006201779 0.002332847 0.002417 1.023611e-02
4926 0.049260000 0.002354304 0.002332835 0.002417 1.023664e-02
4927 0.049270000 0.002435889 0.002332839 0.002417 1.023717e-02
4928 0.049280000 0.002476660 0.002332852 0.002417 1.023770e-02
4929 0.049290000 0.002357907 0.002332841 0.002417 1.023823e-02
4930 0.049300000 0.002354766 0.002332830 0.002417 1.023876e-02
4931 0.049310000 0.002322389 0.002332811 0.002417 1.023929e-02
4932 0.049320000 0.002457201 0.002332820 0.002417 1.023982e-02
4933 0.049330000 0.002407404 0.002332819 0.002417 1.024035e-02
4934 0.049340000 0.002552220 0.002332848 0.002417 1.024087e-02
4935 0.049350000 0.002437397 0.002332853 0.002417 1.024140e-02
4936 0.049360000 0.002312447 0.002332833 0.002417 1.024193e-02
4937 0.049370000 0.002310733 0.002332812 0.002417 1.024246e-02
4938 0.049380000 0.002316976 0.002332793 0.002417 1.024299e-02
4939 0.049390000 0.002473927 0.002332805 0.002417 1.024351e-02
4940 0.049400000 0.002395263 0.002332802 0.002417 1.024404e-02
4941 0.049410000 0.002348588 0.002332789 0.002417 1.024457e-02
4942 0.049420000 0.002449905 0.002332797 0.002417 1.024510e-02
4943 0.049430000 0.002399193 0.002332794 0.002417 1.024562e-02
4944 0.049440000 0.002439464 0.002332800 0.002417 1.024615e-02
4945 0.049450000 0.002311146 0.002332779 0.002417 1.024668e-02
4946 0.049460000 0.002388853 0.002332775 0.002417 1.024721e-02
4947 0.049470000 0.002361176 0.002332764 0.002417 1.024773e-02
4948 0.049480000 0.002582758 0.002332798 0.002417 1.024826e-02
4949 0.049490000 0.002422770 0.002332797 0.002417 1.024879e-02
4950 0.049500000 0.006593265 0.002332794 0.002417 1.024931e-02
4951 0.049510000 0.002425159 0.002332796 0.002417 1.024984e-02
4952 0.049520000 0.002310720 0.002332776 0.002417 1.025037e-02
4953 0.049530000 0.002437617 0.002332775 0.002417 1.025089e-02
4954 0.049540000 0.002311009 0.002332755 0.002417 1.025142e-02
4955 0.049550000 0.002318495 0.002332736 0.002417 1.025195e-02
4956 0.049560000 0.002314391 0.002332716 0.002417 1.025247e-02
4957 0.049570000 0.002310730 0.002332696 0.002417 1.025300e-02
4958 0.049580000 0.002422838 0.002332698 0.002417 1.025353e-02
4959 0.049590000 0.002438280 0.002332703 0.002417 1.025405e-02
4960 0.049600000 0.002311557 0.002332683 0.002417 1.025458e-02
4961 0.049610000 0.002396977 0.002332680 0.002417 1.025510e-02
4962 0.049620000 0.002438372 0.002332684 0.002417 1.025563e-02
4963 0.049630000 0.002432901 0.002332689 0.002417 1.025615e-02
4964 0.049640000 0.002516706 0.002332710 0.002417 1.025668e-02
4965 0.049650000 0.002536658 0.002332734 0.002417 1.025721e-02
4966 0.049660000 0.003145648 0.002332872 0.002417 1.025773e-02
4967 0.049670000 0.002608512 0.002332902 0.002417 1.025826e-02
4968 0.049680000 0.002359259 0.002332887 0.002417 1.025878e-02
4969 0.049690000 0.002387963 0.002332875 0.002417 1.025931e-02
4970 0.049700000 0.002385703 0.002332870 0.002417 1.025983e-02
4971 0.049710000 0.002433205 0.002332874 0.002417 1.026036e-02
4972 0.049720000 0.002391189 0.002332870 0.002417 1.026088e-02
4973 0.049730000 0.002448596 0.002332877 0.002417 1.026141e-02
4974 0.049740000 0.002411327 0.002332875 0.002417 1.026193e-02
4975 0.049750000 0.006623251 0.002332884 0.002417 1.026245e-02
4976 0.049760000 0.002389308 0.002332879 0.002417 1.026298e-02
4977 0.049770000 0.002393467 0.002332876 0.002417 1.026350e-02
4978 0.049780000 0.002439203 0.002332878 0.002417 1.026403e-02
4979 0.049790000 0.002533310 0.002332902 0.002417 1.026455e-02
4980 0.049800000 0.002457559 0.002332911 0.002417 1.026508e-02
4981 0.049810000 0.002412412 0.002332911 0.002417 1.026560e-02
4982 0.049820000 0.002369525 0.002332902 0.002417 1.026612e-02
4983 0.049830000 0.002410792 0.002332901 0.002417 1.026665e-02
4984 0.049840000 0.002381272 0.002332894 0.002417 1.026717e-02
4985 0.049850000 0.002418911 0.002332895 0.002417 1.026769e-02
4986 0.049860000 0.002472939 0.002332906 0.002417 1.026822e-02
4987 0.049870000 0.002413903 0.002332906 0.002417 1.026874e-02
4988 0.049880000 0.002372939 0.002332898 0.002417 1.026926e-02
4989 0.049890000 0.002372019 0.002332889 0.002417 1.026979e-02
4990 0.049900000 0.002381109 0.002332882 0.002417 1.027031e-02
4991 0.049910000 0.002365929 0.002332873 0.002417 1.027083e-02
4992 0.049920000 0.002375774 0.002332865 0.002417 1.027136e-02
4993 0.049930000 0.002375362 0.002332857 0.002417 1.027188e-02
4994 0.049940000 0.002437308 0.002332854 0.002417 1.027240e-02
4995 0.049950000 0.002389798 0.002332845 0.002417 1.027292e-02
4996 0.049960000 0.002394658 0.002332838 0.002417 1.027345e-02
4997 0.049970000 0.002387780 0.002332829 0.002417 1.027397e-02
4998 0.049980000 0.002383209 0.002332820 0.002417 1.027449e-02
4999 0.049990000 0.002407893 0.002332815 0.002417 1.027501e-02
5000 0.050000000 0.009317396 0.002332807 0.002417 1.027553e-02
5001 0.050010000 0.002390682 0.002332799 0.002417 1.027606e-02
5002 0.050020000 0.002518980 0.002332816 0.002417 1.027658e-02
5003 0.050030000 0.002528944 0.002332833 0.002417 1.027710e-02
5004 0.050040000 0.002845509 0.002332911 0.002417 1.027762e-02
5005 0.050050000 0.002419210 0.002332909 0.002417 1.027814e-02
5006 0.050060000 0.002376703 0.002332901 0.002417 1.027866e-02
5007 0.050070000 0.002425711 0.002332903 0.002417 1.027919e-02
5008 0.050080000 0.002505285 0.002332922 0.002417 1.027971e-02
5009 0.050090000 0.002460518 0.002332931 0.002417 1.028023e-02
5010 0.050100000 0.002423578 0.002332933 0.002417 1.028075e-02
5011 0.050110000 0.002416136 0.002332933 0.002417 1.028127e-02
5012 0.050120000 0.002463116 0.002332941 0.002417 1.028179e-02
5013 0.050130000 0.002416446 0.002332941 0.002417 1.028231e-02
5014 0.050140000 0.002418366 0.002332942 0.002417 1.028283e-02
5015 0.050150000 0.002368478 0.002332933 0.002417 1.028335e-02
5016 0.050160000 0.002366182 0.002332923 0.002417 1.028387e-02
5017 0.050170000 0.002380611 0.002332916 0.002417 1.028439e-02
5018 0.050180000 0.002365987 0.002332907 0.002417 1.028491e-02
5019 0.050190000 0.002383950 0.002332900 0.002417 1.028544e-02
5020 0.050200000 0.002371690 0.002332891 0.002417 1.028596e-02
5021 0.050210000 0.002411751 0.002332890 0.002417 1.028648e-02
5022 0.050220000 0.002369103 0.002332881 0.002417 1.028700e-02
5023 0.050230000 0.002368850 0.002332872 0.002417 1.028752e-02
5024 0.050240000 0.002375620 0.002332864 0.002417 1.028803e-02
5025 0.050250000 0.006396882 0.002332883 0.002417 1.028855e-02
5026 0.050260000 0.002367996 0.002332874 0.002417 1.028907e-02
5027 0.050270000 0.002374428 0.002332866 0.002417 1.028959e-02
5028 0.050280000 0.002366768 0.002332856 0.002417 1.029011e-02
5029 0.050290000 0.002373206 0.002332848 0.002417 1.029063e-02
5030 0.050300000 0.002377275 0.002332840 0.002417 1.029115e-02
5031 0.050310000 0.002375505 0.002332833 0.002417 1.029167e-02
5032 0.050320000 0.002388553 0.002332824 0.002417 1.029219e-02
5033 0.050330000 0.002370121 0.002332815 0.002417 1.029271e-02
5034 0.050340000 0.002368173 0.002332806 0.002417 1.029323e-02
5035 0.050350000 0.002372611 0.002332798 0.002417 1.029375e-02
5036 0.050360000 0.002389514 0.002332793 0.002417 1.029426e-02
5037 0.050370000 0.002369198 0.002332784 0.002417 1.029478e-02
5038 0.050380000 0.002371983 0.002332775 0.002417 1.029530e-02
5039 0.050390000 0.002386090 0.002332767 0.002417 1.029582e-02
5040 0.050400000 0.002366982 0.002332757 0.002417 1.029634e-02
5041 0.050410000 0.002369985 0.002332748 0.002417 1.029686e-02
5042 0.050420000 0.002373519 0.002332740 0.002417 1.029737e-02
5043 0.050430000 0.002384278 0.002332734 0.002417 1.029789e-02
5044 0.050440000 0.002369164 0.002332725 0.002417 1.029841e-02
5045 0.050450000 0.002368600 0.002332716 0.002417 1.029893e-02
5046 0.050460000 0.002385277 0.002332708 0.002417 1.029945e-02
5047 0.050470000 0.002367149 0.002332699 0.002417 1.029996e-02
5048 0.050480000 0.002376247 0.002332692 0.002417 1.030048e-02
5049 0.050490000 0.002369236 0.002332682 0.002417 1.030100e-02
5050 0.050500000 0.006362498 0.002332676 0.002417 1.030152e-02
5051 0.050510000 0.002398854 0.002332670 0.002417 1.030203e-02
5052 0.050520000 0.002384566 0.002332661 0.002417 1.030255e-02
5053 0.050530000 0.002456372 0.002332665 0.002417 1.030307e-02
5054 0.050540000 0.002524744 0.002332680 0.002417 1.030358e-02
5055 0.050550000 0.002390188 0.002332672 0.002417 1.030410e-02
5056 0.050560000 0.002395472 0.002332665 0.002417 1.030462e-02
5057 0.050570000 0.002388763 0.002332656 0.002417 1.030514e-02
5058 0.050580000 0.002398028 0.002332650 0.002417 1.030565e-02
5059 0.050590000 0.002392330 0.002332642 0.002417 1.030617e-02
5060 0.050600000 0.002403336 0.002332637 0.002417 1.030668e-02
5061 0.050610000 0.002441456 0.002332633 0.002417 1.030720e-02
5062 0.050620000 0.002405882 0.002332629 0.002417 1.030772e-02
5063 0.050630000 0.002388924 0.002332620 0.002417 1.030823e-02
5064 0.050640000 0.002384507 0.002332611 0.002417 1.030875e-02
5065 0.050650000 0.002396452 0.002332604 0.002417 1.030927e-02
5066 0.050660000 0.002387570 0.002332595 0.002417 1.030978e-02
5067 0.050670000 0.002384343 0.002332587 0.002417 1.031030e-02
5068 0.050680000 0.002385642 0.002332578 0.002417 1.031081e-02
5069 0.050690000 0.002397642 0.002332572 0.002417 1.031133e-02
5070 0.050700000 0.002386960 0.002332563 0.002417 1.031184e-02
5071 0.050710000 0.002405111 0.002332556 0.002417 1.031236e-02
5072 0.050720000 0.002386421 0.002332548 0.002417 1.031287e-02
5073 0.050730000 0.002387245 0.002332539 0.002417 1.031339e-02
5074 0.050740000 0.002384795 0.002332530 0.002417 1.031391e-02
5075 0.050750000 0.009522616 0.002332522 0.002417 1.031442e-02
5076 0.050760000 0.002393912 0.002332513 0.002417 1.031494e-02
5077 0.050770000 0.002395269 0.002332506 0.002417 1.031545e-02
5078 0.050780000 0.002389388 0.002332498 0.002417 1.031596e-02
5079 0.050790000 0.002383423 0.002332489 0.002417 1.031648e-02
5080 0.050800000 0.002392073 0.002332482 0.002417 1.031699e-02
5081 0.050810000 0.002385894 0.002332473 0.002417 1.031751e-02
5082 0.050820000 0.002383953 0.002332464 0.002417 1.031802e-02
5083 0.050830000 0.002408088 0.002332459 0.002417 1.031854e-02
5084 0.050840000 0.002390120 0.002332451 0.002417 1.031905e-02
5085 0.050850000 0.002392055 0.002332444 0.002417 1.031957e-02
5086 0.050860000 0.002383131 0.002332435 0.002417 1.032008e-02
5087 0.050870000 0.002397445 0.002332428 0.002417 1.032059e-02
5088 0.050880000 0.002394229 0.002332420 0.002417 1.032111e-02
5089 0.050890000 0.002391975 0.002332412 0.002417 1.032162e-02
5090 0.050900000 0.002392711 0.002332405 0.002417 1.032213e-02
5091 0.050910000 0.002382659 0.002332396 0.002417 1.032265e-02
5092 0.050920000 0.002385481 0.002332387 0.002417 1.032316e-02
5093 0.050930000 0.002386718 0.002332379 0.002417 1.032368e-02
5094 0.050940000 0.002420204 0.002332377 0.002417 1.032419e-02
5095 0.050950000 0.002446171 0.002332372 0.002417 1.032470e-02
5096 0.050960000 0.002412028 0.002332369 0.002417 1.032522e-02
5097 0.050970000 0.002515670 0.002332381 0.002417 1.032573e-02
5098 0.050980000 0.002420348 0.002332376 0.002417 1.032624e-02
5099 0.050990000 0.002328578 0.002332357 0.002417 1.032675e-02
5100 0.051000000 0.009705890 0.002332339 0.002417 1.032727e-02
5101 0.051010000 0.002333756 0.002332320 0.002417 1.032778e-02
5102 0.051020000 0.002330292 0.002332301 0.002417 1.032829e-02
5103 0.051030000 0.002327261 0.002332282 0.002417 1.032880e-02
5104 0.051040000 0.002326840 0.002332262 0.002417 1.032932e-02
5105 0.051050000 0.002478886 0.002332273 0.002417 1.032983e-02
5106 0.051060000 0.002342935 0.002332256 0.002417 1.033034e-02
5107 0.051070000 0.002500512 0.002332270 0.002417 1.033085e-02
5108 0.051080000 0.002329248 0.002332251 0.002417 1.033137e-02
5109 0.051090000 0.002326726 0.002332232 0.002417 1.033188e-02
5110 0.051100000 0.002329515 0.002332212 0.002417 1.033239e-02
5111 0.051110000 0.002325654 0.002332193 0.002417 1.033290e-02
5112 0.051120000 0.002584037 0.002332212 0.002417 1.033341e-02
5113 0.051130000 0.002412868 0.002332208 0.002417 1.033392e-02
5114 0.051140000 0.002411994 0.002332205 0.002417 1.033444e-02
5115 0.051150000 0.002408307 0.002332193 0.002417 1.033495e-02
5116 0.051160000 0.002327189 0.002332174 0.002417 1.033546e-02
5117 0.051170000 0.002372163 0.002332163 0.002417 1.033597e-02
5118 0.051180000 0.002352747 0.002332146 0.002417 1.033648e-02
5119 0.051190000 0.002366163 0.002332134 0.002417 1.033699e-02
5120 0.051200000 0.002377444 0.002332124 0.002417 1.033750e-02
5121 0.051210000 0.002421405 0.002332123 0.002417 1.033801e-02
5122 0.051220000 0.002326967 0.002332103 0.002417 1.033852e-02
5123 0.051230000 0.002343591 0.002332086 0.002417 1.033904e-02
5124 0.051240000 0.002332040 0.002332068 0.002417 1.033955e-02
5125 0.051250000 0.009759571 0.002332051 0.002417 1.034006e-02
5126 0.051260000 0.002334159 0.002332032 0.002417 1.034057e-02
5127 0.051270000 0.002369404 0.002332021 0.002417 1.034108e-02
5128 0.051280000 0.002330252 0.002332002 0.002417 1.034159e-02
5129 0.051290000 0.002337882 0.002331985 0.002417 1.034210e-02
5130 0.051300000 0.002453268 0.002331985 0.002417 1.034261e-02
5131 0.051310000 0.002416692 0.002331982 0.002417 1.034312e-02
5132 0.051320000 0.002529221 0.002332002 0.002417 1.034363e-02
5133 0.051330000 0.002409122 0.002331999 0.002417 1.034414e-02
5134 0.051340000 0.002372555 0.002331988 0.002417 1.034465e-02
5135 0.051350000 0.002371044 0.002331971 0.002417 1.034516e-02
5136 0.051360000 0.002375094 0.002331961 0.002417 1.034567e-02
5137 0.051370000 0.002488774 0.002331972 0.002417 1.034618e-02
5138 0.051380000 0.002411361 0.002331969 0.002417 1.034668e-02
5139 0.051390000 0.002560005 0.002331995 0.002417 1.034719e-02
5140 0.051400000 0.002330443 0.002331977 0.002417 1.034770e-02
5141 0.051410000 0.002336598 0.002331959 0.002417 1.034821e-02
5142 0.051420000 0.002329892 0.002331940 0.002417 1.034872e-02
5143 0.051430000 0.002434314 0.002331941 0.002417 1.034923e-02
5144 0.051440000 0.002484501 0.002331947 0.002417 1.034974e-02
5145 0.051450000 0.002326492 0.002331928 0.002417 1.035025e-02
5146 0.051460000 0.002371674 0.002331917 0.002417 1.035076e-02
5147 0.051470000 0.002337015 0.002331898 0.002417 1.035126e-02
5148 0.051480000 0.002327472 0.002331879 0.002417 1.035177e-02
5149 0.051490000 0.002326247 0.002331860 0.002417 1.035228e-02
5150 0.051500000 0.009735709 0.002331855 0.002417 1.035279e-02
5151 0.051510000 0.002379459 0.002331845 0.002417 1.035330e-02
5152 0.051520000 0.002681650 0.002331893 0.002417 1.035381e-02
5153 0.051530000 0.003029609 0.002332001 0.002417 1.035431e-02
5154 0.051540000 0.002743517 0.002332060 0.002417 1.035482e-02
5155 0.051550000 0.002611134 0.002332082 0.002417 1.035533e-02
5156 0.051560000 0.002613539 0.002332117 0.002417 1.035584e-02
5157 0.051570000 0.002450670 0.002332121 0.002417 1.035635e-02
5158 0.051580000 0.002641519 0.002332161 0.002417 1.035685e-02
5159 0.051590000 0.002511105 0.002332165 0.002417 1.035736e-02
5160 0.051600000 0.002445136 0.002332168 0.002417 1.035787e-02
5161 0.051610000 0.002425219 0.002332165 0.002417 1.035837e-02
5162 0.051620000 0.002446837 0.002332169 0.002417 1.035888e-02
5163 0.051630000 0.002556617 0.002332193 0.002417 1.035939e-02
5164 0.051640000 0.002562369 0.002332208 0.002417 1.035990e-02
5165 0.051650000 0.002637999 0.002332241 0.002417 1.036040e-02
5166 0.051660000 0.002412959 0.002332238 0.002417 1.036091e-02
5167 0.051670000 0.002502680 0.002332243 0.002417 1.036142e-02
5168 0.051680000 0.002417143 0.002332240 0.002417 1.036192e-02
5169 0.051690000 0.002489065 0.002332251 0.002417 1.036243e-02
5170 0.051700000 0.002407521 0.002332247 0.002417 1.036294e-02
5171 0.051710000 0.002391084 0.002332239 0.002417 1.036344e-02
5172 0.051720000 0.002386181 0.002332231 0.002417 1.036395e-02
5173 0.051730000 0.002383619 0.002332222 0.002417 1.036446e-02
5174 0.051740000 0.002489282 0.002332224 0.002417 1.036496e-02
5175 0.051750000 0.009543684 0.002332216 0.002417 1.036547e-02
5176 0.051760000 0.002396913 0.002332209 0.002417 1.036597e-02
5177 0.051770000 0.002384325 0.002332200 0.002417 1.036648e-02
5178 0.051780000 0.002414919 0.002332197 0.002417 1.036699e-02
5179 0.051790000 0.002390434 0.002332188 0.002417 1.036749e-02
5180 0.051800000 0.002387058 0.002332180 0.002417 1.036800e-02
5181 0.051810000 0.002393791 0.002332174 0.002417 1.036850e-02
5182 0.051820000 0.002385327 0.002332165 0.002417 1.036901e-02
5183 0.051830000 0.002401450 0.002332158 0.002417 1.036951e-02
5184 0.051840000 0.002389396 0.002332151 0.002417 1.037002e-02
5185 0.051850000 0.002405427 0.002332144 0.002417 1.037052e-02
5186 0.051860000 0.002418375 0.002332141 0.002417 1.037103e-02
5187 0.051870000 0.002438067 0.002332142 0.002417 1.037153e-02
5188 0.051880000 0.002388325 0.002332134 0.002417 1.037204e-02
5189 0.051890000 0.002383375 0.002332125 0.002417 1.037254e-02
5190 0.051900000 0.002394057 0.002332118 0.002417 1.037305e-02
5191 0.051910000 0.002383292 0.002332109 0.002417 1.037355e-02
5192 0.051920000 0.002402985 0.002332104 0.002417 1.037406e-02
5193 0.051930000 0.002413239 0.002332097 0.002417 1.037456e-02
5194 0.051940000 0.002385018 0.002332089 0.002417 1.037507e-02
5195 0.051950000 0.002385897 0.002332081 0.002417 1.037557e-02
5196 0.051960000 0.002383576 0.002332072 0.002417 1.037607e-02
5197 0.051970000 0.002388132 0.002332064 0.002417 1.037658e-02
5198 0.051980000 0.002425798 0.002332063 0.002417 1.037708e-02
5199 0.051990000 0.002393075 0.002332056 0.002417 1.037759e-02
5200 0.052000000 0.009362073 0.002332048 0.002417 1.037809e-02
5201 0.052010000 0.002396063 0.002332041 0.002417 1.037859e-02
5202 0.052020000 0.002382745 0.002332033 0.002417 1.037910e-02
5203 0.052030000 0.002387154 0.002332025 0.002417 1.037960e-02
5204 0.052040000 0.002392198 0.002332016 0.002417 1.038010e-02
5205 0.052050000 0.002386350 0.002332008 0.002417 1.038061e-02
5206 0.052060000 0.002383115 0.002331999 0.002417 1.038111e-02
5207 0.052070000 0.002384154 0.002331991 0.002417 1.038161e-02
5208 0.052080000 0.002396739 0.002331984 0.002417 1.038212e-02
5209 0.052090000 0.002385770 0.002331975 0.002417 1.038262e-02
5210 0.052100000 0.002403502 0.002331970 0.002417 1.038312e-02
5211 0.052110000 0.002385765 0.002331962 0.002417 1.038363e-02
5212 0.052120000 0.002382899 0.002331953 0.002417 1.038413e-02
5213 0.052130000 0.002386323 0.002331945 0.002417 1.038463e-02
5214 0.052140000 0.002383032 0.002331936 0.002417 1.038513e-02
5215 0.052150000 0.002391705 0.002331928 0.002417 1.038564e-02
5216 0.052160000 0.002392997 0.002331921 0.002417 1.038614e-02
5217 0.052170000 0.002385331 0.002331913 0.002417 1.038664e-02
5218 0.052180000 0.002385168 0.002331905 0.002417 1.038714e-02
5219 0.052190000 0.002384189 0.002331896 0.002417 1.038765e-02
5220 0.052200000 0.002382901 0.002331887 0.002417 1.038815e-02
5221 0.052210000 0.002388432 0.002331879 0.002417 1.038865e-02
5222 0.052220000 0.002397601 0.002331873 0.002417 1.038915e-02
5223 0.052230000 0.002386502 0.002331865 0.002417 1.038965e-02
5224 0.052240000 0.002383965 0.002331856 0.002417 1.039016e-02
5225 0.052250000 0.009489015 0.002331848 0.002417 1.039066e-02
5226 0.052260000 0.002391601 0.002331840 0.002417 1.039116e-02
5227 0.052270000 0.002387023 0.002331832 0.002417 1.039166e-02
5228 0.052280000 0.002401924 0.002331827 0.002417 1.039216e-02
5229 0.052290000 0.002386041 0.002331818 0.002417 1.039266e-02
5230 0.052300000 0.002386028 0.002331810 0.002417 1.039317e-02
5231 0.052310000 0.002383065 0.002331801 0.002417 1.039367e-02
5232 0.052320000 0.002383216 0.002331793 0.002417 1.039417e-02
5233 0.052330000 0.002405174 0.002331787 0.002417 1.039467e-02
5234 0.052340000 0.002384632 0.002331779 0.002417 1.039517e-02
5235 0.052350000 0.002386401 0.002331770 0.002417 1.039567e-02
5236 0.052360000 0.002385806 0.002331762 0.002417 1.039617e-02
5237 0.052370000 0.002382940 0.002331753 0.002417 1.039667e-02
5238 0.052380000 0.002392325 0.002331747 0.002417 1.039717e-02
5239 0.052390000 0.002393618 0.002331740 0.002417 1.039767e-02
5240 0.052400000 0.002387251 0.002331732 0.002417 1.039817e-02
5241 0.052410000 0.002383455 0.002331724 0.002417 1.039867e-02
5242 0.052420000 0.002387569 0.002331716 0.002417 1.039917e-02
5243 0.052430000 0.002329672 0.002331698 0.002417 1.039967e-02
5244 0.052440000 0.002326196 0.002331679 0.002417 1.040017e-02
5245 0.052450000 0.002378352 0.002331669 0.002417 1.040067e-02
5246 0.052460000 0.002405354 0.002331665 0.002417 1.040117e-02
5247 0.052470000 0.002483366 0.002331676 0.002417 1.040167e-02
5248 0.052480000 0.002500999 0.002331690 0.002417 1.040217e-02
5249 0.052490000 0.002561631 0.002331707 0.002417 1.040267e-02
5250 0.052500000 0.009264098 0.002331689 0.002417 1.040317e-02
5251 0.052510000 0.002408161 0.002331686 0.002417 1.040367e-02
5252 0.052520000 0.002485748 0.002331697 0.002417 1.040417e-02
5253 0.052530000 0.002332221 0.002331678 0.002417 1.040467e-02
5254 0.052540000 0.002444187 0.002331682 0.002417 1.040517e-02
5255 0.052550000 0.002330712 0.002331663 0.002417 1.040567e-02
5256 0.052560000 0.002491978 0.002331676 0.002417 1.040617e-02
5257 0.052570000 0.002337707 0.002331659 0.002417 1.040667e-02
5258 0.052580000 0.002330927 0.002331640 0.002417 1.040717e-02
5259 0.052590000 0.002364329 0.002331628 0.002417 1.040766e-02
5260 0.052600000 0.002325906 0.002331609 0.002417 1.040816e-02
5261 0.052610000 0.002330872 0.002331591 0.002417 1.040866e-02
5262 0.052620000 0.002333948 0.002331574 0.002417 1.040916e-02
5263 0.052630000 0.002331230 0.002331555 0.002417 1.040966e-02
5264 0.052640000 0.002329330 0.002331537 0.002417 1.041016e-02
5265 0.052650000 0.002326213 0.002331518 0.002417 1.041066e-02
5266 0.052660000 0.002331580 0.002331499 0.002417 1.041115e-02
5267 0.052670000 0.002706423 0.002331544 0.002417 1.041165e-02
5268 0.052680000 0.002343790 0.002331528 0.002417 1.041215e-02
5269 0.052690000 0.002327258 0.002331509 0.002417 1.041265e-02
5270 0.052700000 0.002397464 0.002331504 0.002417 1.041315e-02
5271 0.052710000 0.002411446 0.002331501 0.002417 1.041364e-02
5272 0.052720000 0.002327109 0.002331482 0.002417 1.041414e-02
5273 0.052730000 0.002492121 0.002331495 0.002417 1.041464e-02
5274 0.052740000 0.002333997 0.002331477 0.002417 1.041514e-02
5275 0.052750000 0.009529854 0.002331461 0.002417 1.041563e-02
5276 0.052760000 0.002451269 0.002331460 0.002417 1.041613e-02
5277 0.052770000 0.002367394 0.002331449 0.002417 1.041663e-02
5278 0.052780000 0.002365121 0.002331438 0.002417 1.041713e-02
5279 0.052790000 0.002326814 0.002331419 0.002417 1.041762e-02
5280 0.052800000 0.002404974 0.002331415 0.002417 1.041812e-02
5281 0.052810000 0.002482585 0.002331418 0.002417 1.041862e-02
5282 0.052820000 0.002435492 0.002331420 0.002417 1.041911e-02
5283 0.052830000 0.002461637 0.002331425 0.002417 1.041961e-02
5284 0.052840000 0.002419394 0.002331424 0.002417 1.042011e-02
5285 0.052850000 0.002601385 0.002331449 0.002417 1.042060e-02
5286 0.052860000 0.002445386 0.002331452 0.002417 1.042110e-02
5287 0.052870000 0.002330254 0.002331434 0.002417 1.042160e-02
5288 0.052880000 0.002325949 0.002331415 0.002417 1.042209e-02
5289 0.052890000 0.002363578 0.002331403 0.002417 1.042259e-02
5290 0.052900000 0.002347870 0.002331385 0.002417 1.042308e-02
5291 0.052910000 0.002428452 0.002331381 0.002417 1.042358e-02
5292 0.052920000 0.002328083 0.002331363 0.002417 1.042408e-02
5293 0.052930000 0.002382961 0.002331351 0.002417 1.042457e-02
5294 0.052940000 0.002326302 0.002331332 0.002417 1.042507e-02
5295 0.052950000 0.002363943 0.002331321 0.002417 1.042556e-02
5296 0.052960000 0.002326221 0.002331302 0.002417 1.042606e-02
5297 0.052970000 0.002369597 0.002331291 0.002417 1.042656e-02
5298 0.052980000 0.002403773 0.002331281 0.002417 1.042705e-02
5299 0.052990000 0.002361058 0.002331269 0.002417 1.042755e-02
5300 0.053000000 0.009333872 0.002331250 0.002417 1.042804e-02
5301 0.053010000 0.002339136 0.002331233 0.002417 1.042854e-02
5302 0.053020000 0.002613575 0.002331269 0.002417 1.042903e-02
5303 0.053030000 0.002579896 0.002331292 0.002417 1.042953e-02
5304 0.053040000 0.002329070 0.002331273 0.002417 1.043002e-02
5305 0.053050000 0.002364470 0.002331262 0.002417 1.043052e-02
5306 0.053060000 0.002326401 0.002331243 0.002417 1.043101e-02
5307 0.053070000 0.002445965 0.002331247 0.002417 1.043151e-02
5308 0.053080000 0.002451660 0.002331251 0.002417 1.043200e-02
5309 0.053090000 0.002530058 0.002331270 0.002417 1.043250e-02
5310 0.053100000 0.002480741 0.002331281 0.002417 1.043299e-02
5311 0.053110000 0.002582461 0.002331310 0.002417 1.043348e-02
5312 0.053120000 0.002411682 0.002331302 0.002417 1.043398e-02
5313 0.053130000 0.002489895 0.002331314 0.002417 1.043447e-02
5314 0.053140000 0.002407272 0.002331311 0.002417 1.043497e-02
5315 0.053150000 0.002408808 0.002331308 0.002417 1.043546e-02
5316 0.053160000 0.002476552 0.002331317 0.002417 1.043595e-02
5317 0.053170000 0.002424616 0.002331317 0.002417 1.043645e-02
5318 0.053180000 0.002388488 0.002331309 0.002417 1.043694e-02
5319 0.053190000 0.002382796 0.002331301 0.002417 1.043744e-02
5320 0.053200000 0.002390748 0.002331294 0.002417 1.043793e-02
5321 0.053210000 0.002387039 0.002331286 0.002417 1.043842e-02
5322 0.053220000 0.002387730 0.002331278 0.002417 1.043892e-02
5323 0.053230000 0.002389330 0.002331271 0.002417 1.043941e-02
5324 0.053240000 0.002434705 0.002331263 0.002417 1.043990e-02
5325 0.053250000 0.009526631 0.002331255 0.002417 1.044040e-02
5326 0.053260000 0.002406391 0.002331249 0.002417 1.044089e-02
5327 0.053270000 0.002386057 0.002331241 0.002417 1.044138e-02
5328 0.053280000 0.002386662 0.002331234 0.002417 1.044188e-02
5329 0.053290000 0.002385827 0.002331226 0.002417 1.044237e-02
5330 0.053300000 0.002386879 0.002331218 0.002417 1.044286e-02
5331 0.053310000 0.002397740 0.002331210 0.002417 1.044335e-02
5332 0.053320000 0.002398942 0.002331204 0.002417 1.044385e-02
5333 0.053330000 0.002393602 0.002331197 0.002417 1.044434e-02
5334 0.053340000 0.002388509 0.002331189 0.002417 1.044483e-02
5335 0.053350000 0.002385281 0.002331181 0.002417 1.044532e-02
5336 0.053360000 0.002385823 0.002331173 0.002417 1.044582e-02
5337 0.053370000 0.002400525 0.002331167 0.002417 1.044631e-02
5338 0.053380000 0.002402980 0.002331162 0.002417 1.044680e-02
5339 0.053390000 0.002391657 0.002331155 0.002417 1.044729e-02
5340 0.053400000 0.002794545 0.002331216 0.002417 1.044779e-02
5341 0.053410000 0.002555321 0.002331238 0.002417 1.044828e-02
5342 0.053420000 0.002403293 0.002331230 0.002417 1.044877e-02
5343 0.053430000 0.002385075 0.002331222 0.002417 1.044926e-02
5344 0.053440000 0.002390597 0.002331216 0.002417 1.044975e-02
5345 0.053450000 0.002385483 0.002331208 0.002417 1.045024e-02
5346 0.053460000 0.002391725 0.002331200 0.002417 1.045074e-02
5347 0.053470000 0.002681320 0.002331245 0.002417 1.045123e-02
5348 0.053480000 0.002563924 0.002331266 0.002417 1.045172e-02
5349 0.053490000 0.002642104 0.002331305 0.002417 1.045221e-02
5350 0.053500000 0.009648202 0.002331325 0.002417 1.045270e-02
5351 0.053510000 0.002532970 0.002331335 0.002417 1.045319e-02
5352 0.053520000 0.002457892 0.002331339 0.002417 1.045368e-02
5353 0.053530000 0.002519388 0.002331352 0.002417 1.045417e-02
5354 0.053540000 0.002502148 0.002331364 0.002417 1.045466e-02
5355 0.053550000 0.002536258 0.002331383 0.002417 1.045516e-02
5356 0.053560000 0.002471603 0.002331390 0.002417 1.045565e-02
5357 0.053570000 0.002515206 0.002331406 0.002417 1.045614e-02
5358 0.053580000 0.002477235 0.002331414 0.002417 1.045663e-02
5359 0.053590000 0.002408766 0.002331409 0.002417 1.045712e-02
5360 0.053600000 0.002407419 0.002331404 0.002417 1.045761e-02
5361 0.053610000 0.002416107 0.002331401 0.002417 1.045810e-02
5362 0.053620000 0.002412074 0.002331394 0.002417 1.045859e-02
5363 0.053630000 0.002392987 0.002331387 0.002417 1.045908e-02
5364 0.053640000 0.002403453 0.002331382 0.002417 1.045957e-02
5365 0.053650000 0.002432429 0.002331382 0.002417 1.046006e-02
5366 0.053660000 0.002404492 0.002331376 0.002417 1.046055e-02
5367 0.053670000 0.002458931 0.002331372 0.002417 1.046104e-02
5368 0.053680000 0.002395729 0.002331365 0.002417 1.046153e-02
5369 0.053690000 0.002393611 0.002331358 0.002417 1.046202e-02
5370 0.053700000 0.002383024 0.002331350 0.002417 1.046251e-02
5371 0.053710000 0.002427647 0.002331349 0.002417 1.046300e-02
5372 0.053720000 0.002419641 0.002331343 0.002417 1.046349e-02
5373 0.053730000 0.002387727 0.002331336 0.002417 1.046397e-02
5374 0.053740000 0.002391044 0.002331328 0.002417 1.046446e-02
5375 0.053750000 0.009620876 0.002331321 0.002417 1.046495e-02
5376 0.053760000 0.002449276 0.002331316 0.002417 1.046544e-02
5377 0.053770000 0.002399692 0.002331309 0.002417 1.046593e-02
5378 0.053780000 0.002406732 0.002331304 0.002417 1.046642e-02
5379 0.053790000 0.002396842 0.002331298 0.002417 1.046691e-02
5380 0.053800000 0.002396378 0.002331292 0.002417 1.046740e-02
5381 0.053810000 0.002385948 0.002331284 0.002417 1.046789e-02
5382 0.053820000 0.002433344 0.002331284 0.002417 1.046837e-02
5383 0.053830000 0.002467507 0.002331290 0.002417 1.046886e-02
5384 0.053840000 0.002403033 0.002331284 0.002417 1.046935e-02
5385 0.053850000 0.002387718 0.002331276 0.002417 1.046984e-02
5386 0.053860000 0.002393336 0.002331270 0.002417 1.047033e-02
5387 0.053870000 0.002388704 0.002331262 0.002417 1.047082e-02
5388 0.053880000 0.002393913 0.002331253 0.002417 1.047130e-02
5389 0.053890000 0.002398162 0.002331248 0.002417 1.047179e-02
5390 0.053900000 0.002413620 0.002331244 0.002417 1.047228e-02
5391 0.053910000 0.002405219 0.002331239 0.002417 1.047277e-02
5392 0.053920000 0.002402324 0.002331231 0.002417 1.047326e-02
5393 0.053930000 0.002545815 0.002331245 0.002417 1.047374e-02
5394 0.053940000 0.002432379 0.002331246 0.002417 1.047423e-02
5395 0.053950000 0.002391924 0.002331238 0.002417 1.047472e-02
5396 0.053960000 0.002417913 0.002331235 0.002417 1.047521e-02
5397 0.053970000 0.002513126 0.002331250 0.002417 1.047569e-02
5398 0.053980000 0.002426970 0.002331249 0.002417 1.047618e-02
5399 0.053990000 0.002412117 0.002331244 0.002417 1.047667e-02
5400 0.054000000 0.009278014 0.002331238 0.002417 1.047715e-02
5401 0.054010000 0.002408306 0.002331232 0.002417 1.047764e-02
5402 0.054020000 0.002389771 0.002331224 0.002417 1.047813e-02
5403 0.054030000 0.002396316 0.002331218 0.002417 1.047862e-02
5404 0.054040000 0.002392226 0.002331211 0.002417 1.047910e-02
5405 0.054050000 0.002384274 0.002331203 0.002417 1.047959e-02
5406 0.054060000 0.002408560 0.002331199 0.002417 1.048008e-02
5407 0.054070000 0.002480379 0.002331207 0.002417 1.048056e-02
5408 0.054080000 0.002393059 0.002331199 0.002417 1.048105e-02
5409 0.054090000 0.002410169 0.002331195 0.002417 1.048153e-02
5410 0.054100000 0.002398560 0.002331189 0.002417 1.048202e-02
5411 0.054110000 0.002406195 0.002331184 0.002417 1.048251e-02
5412 0.054120000 0.002384420 0.002331176 0.002417 1.048299e-02
5413 0.054130000 0.002410635 0.002331172 0.002417 1.048348e-02
5414 0.054140000 0.002427850 0.002331169 0.002417 1.048397e-02
5415 0.054150000 0.002389590 0.002331162 0.002417 1.048445e-02
5416 0.054160000 0.002389573 0.002331154 0.002417 1.048494e-02
5417 0.054170000 0.002410870 0.002331147 0.002417 1.048542e-02
5418 0.054180000 0.002386728 0.002331139 0.002417 1.048591e-02
5419 0.054190000 0.002400079 0.002331134 0.002417 1.048639e-02
5420 0.054200000 0.002389357 0.002331127 0.002417 1.048688e-02
5421 0.054210000 0.002407911 0.002331122 0.002417 1.048737e-02
5422 0.054220000 0.002397928 0.002331115 0.002417 1.048785e-02
5423 0.054230000 0.002385270 0.002331107 0.002417 1.048834e-02
5424 0.054240000 0.002398902 0.002331100 0.002417 1.048882e-02
5425 0.054250000 0.009559384 0.002331095 0.002417 1.048931e-02
5426 0.054260000 0.002397756 0.002331089 0.002417 1.048979e-02
5427 0.054270000 0.002386398 0.002331081 0.002417 1.049028e-02
5428 0.054280000 0.002400533 0.002331076 0.002417 1.049076e-02
5429 0.054290000 0.002388642 0.002331068 0.002417 1.049125e-02
5430 0.054300000 0.002396473 0.002331062 0.002417 1.049173e-02
5431 0.054310000 0.002450353 0.002331066 0.002417 1.049221e-02
5432 0.054320000 0.002401815 0.002331060 0.002417 1.049270e-02
5433 0.054330000 0.002388679 0.002331052 0.002417 1.049318e-02
5434 0.054340000 0.002387525 0.002331045 0.002417 1.049367e-02
5435 0.054350000 0.002384662 0.002331037 0.002417 1.049415e-02
5436 0.054360000 0.002399504 0.002331032 0.002417 1.049464e-02
5437 0.054370000 0.002382844 0.002331023 0.002417 1.049512e-02
5438 0.054380000 0.002395662 0.002331017 0.002417 1.049561e-02
5439 0.054390000 0.002388242 0.002331010 0.002417 1.049609e-02
5440 0.054400000 0.002387266 0.002331002 0.002417 1.049657e-02
5441 0.054410000 0.002395204 0.002330995 0.002417 1.049706e-02
5442 0.054420000 0.002397144 0.002330989 0.002417 1.049754e-02
5443 0.054430000 0.002387151 0.002330982 0.002417 1.049802e-02
5444 0.054440000 0.002382671 0.002330974 0.002417 1.049851e-02
5445 0.054450000 0.002398738 0.002330968 0.002417 1.049899e-02
5446 0.054460000 0.002389505 0.002330961 0.002417 1.049947e-02
5447 0.054470000 0.002383546 0.002330953 0.002417 1.049996e-02
5448 0.054480000 0.002403742 0.002330948 0.002417 1.050044e-02
5449 0.054490000 0.002385290 0.002330940 0.002417 1.050092e-02
5450 0.054500000 0.009515480 0.002330934 0.002417 1.050141e-02
5451 0.054510000 0.002393542 0.002330927 0.002417 1.050189e-02
5452 0.054520000 0.002382428 0.002330919 0.002417 1.050237e-02
5453 0.054530000 0.002388598 0.002330912 0.002417 1.050286e-02
5454 0.054540000 0.002398192 0.002330906 0.002417 1.050334e-02
5455 0.054550000 0.002383753 0.002330898 0.002417 1.050382e-02
5456 0.054560000 0.002450461 0.002330901 0.002417 1.050430e-02
5457 0.054570000 0.002389117 0.002330893 0.002417 1.050479e-02
5458 0.054580000 0.002393061 0.002330886 0.002417 1.050527e-02
5459 0.054590000 0.002393910 0.002330880 0.002417 1.050575e-02
5460 0.054600000 0.002392327 0.002330873 0.002417 1.050623e-02
5461 0.054610000 0.002386106 0.002330865 0.002417 1.050672e-02
5462 0.054620000 0.002383755 0.002330857 0.002417 1.050720e-02
5463 0.054630000 0.002408422 0.002330852 0.002417 1.050768e-02
5464 0.054640000 0.002371682 0.002330842 0.002417 1.050816e-02
5465 0.054650000 0.002383145 0.002330833 0.002417 1.050864e-02
5466 0.054660000 0.002412363 0.002330823 0.002417 1.050913e-02
5467 0.054670000 0.002442965 0.002330822 0.002417 1.050961e-02
5468 0.054680000 0.002427913 0.002330819 0.002417 1.051009e-02
5469 0.054690000 0.002413988 0.002330817 0.002417 1.051057e-02
5470 0.054700000 0.002516161 0.002330834 0.002417 1.051105e-02
5471 0.054710000 0.002379209 0.002330825 0.002417 1.051153e-02
5472 0.054720000 0.002328037 0.002330807 0.002417 1.051202e-02
5473 0.054730000 0.002411595 0.002330796 0.002417 1.051250e-02
5474 0.054740000 0.002366224 0.002330779 0.002417 1.051298e-02
5475 0.054750000 0.009756658 0.002330761 0.002417 1.051346e-02
5476 0.054760000 0.002335730 0.002330744 0.002417 1.051394e-02
5477 0.054770000 0.002342601 0.002330729 0.002417 1.051442e-02
5478 0.054780000 0.002330125 0.002330711 0.002417 1.051490e-02
5479 0.054790000 0.002328568 0.002330694 0.002417 1.051538e-02
5480 0.054800000 0.002401661 0.002330686 0.002417 1.051586e-02
5481 0.054810000 0.002407530 0.002330676 0.002417 1.051634e-02
5482 0.054820000 0.002333187 0.002330659 0.002417 1.051683e-02
5483 0.054830000 0.002340203 0.002330643 0.002417 1.051731e-02
5484 0.054840000 0.002327796 0.002330626 0.002417 1.051779e-02
5485 0.054850000 0.002365311 0.002330611 0.002417 1.051827e-02
5486 0.054860000 0.002330960 0.002330594 0.002417 1.051875e-02
5487 0.054870000 0.002328620 0.002330576 0.002417 1.051923e-02
5488 0.054880000 0.002421126 0.002330576 0.002417 1.051971e-02
5489 0.054890000 0.002330917 0.002330558 0.002417 1.052019e-02
5490 0.054900000 0.002327032 0.002330540 0.002417 1.052067e-02
5491 0.054910000 0.002328888 0.002330523 0.002417 1.052115e-02
5492 0.054920000 0.002412450 0.002330507 0.002417 1.052163e-02
5493 0.054930000 0.002326837 0.002330489 0.002417 1.052211e-02
5494 0.054940000 0.002377777 0.002330473 0.002417 1.052259e-02
5495 0.054950000 0.002428367 0.002330473 0.002417 1.052307e-02
5496 0.054960000 0.002339008 0.002330456 0.002417 1.052355e-02
5497 0.054970000 0.002327917 0.002330438 0.002417 1.052403e-02
5498 0.054980000 0.002326575 0.002330421 0.002417 1.052450e-02
5499 0.054990000 0.002371191 0.002330406 0.002417 1.052498e-02
5500 0.055000000 0.009943624 0.002330406 0.002417 1.052546e-02
5501 0.055010000 0.002368921 0.002330395 0.002417 1.052594e-02
5502 0.055020000 0.002332811 0.002330378 0.002417 1.052642e-02
5503 0.055030000 0.002414740 0.002330376 0.002417 1.052690e-02
5504 0.055040000 0.002334792 0.002330360 0.002417 1.052738e-02
5505 0.055050000 0.002336248 0.002330344 0.002417 1.052786e-02
5506 0.055060000 0.002529180 0.002330353 0.002417 1.052834e-02
5507 0.055070000 0.002379395 0.002330342 0.002417 1.052882e-02
5508 0.055080000 0.002414156 0.002330340 0.002417 1.052929e-02
5509 0.055090000 0.002329768 0.002330323 0.002417 1.052977e-02
5510 0.055100000 0.002365798 0.002330307 0.002417 1.053025e-02
5511 0.055110000 0.002333271 0.002330290 0.002417 1.053073e-02
5512 0.055120000 0.002335777 0.002330274 0.002417 1.053121e-02
5513 0.055130000 0.002394900 0.002330259 0.002417 1.053169e-02
5514 0.055140000 0.002330020 0.002330241 0.002417 1.053216e-02
5515 0.055150000 0.002325247 0.002330223 0.002417 1.053264e-02
5516 0.055160000 0.002329688 0.002330206 0.002417 1.053312e-02
5517 0.055170000 0.002339644 0.002330190 0.002417 1.053360e-02
5518 0.055180000 0.002331722 0.002330173 0.002417 1.053408e-02
5519 0.055190000 0.002376997 0.002330164 0.002417 1.053455e-02
5520 0.055200000 0.002413350 0.002330157 0.002417 1.053503e-02
5521 0.055210000 0.002327911 0.002330139 0.002417 1.053551e-02
5522 0.055220000 0.002330512 0.002330122 0.002417 1.053599e-02
5523 0.055230000 0.002336844 0.002330106 0.002417 1.053646e-02
5524 0.055240000 0.002404641 0.002330089 0.002417 1.053694e-02
5525 0.055250000 0.009452997 0.002330086 0.002417 1.053742e-02
5526 0.055260000 0.002458531 0.002330094 0.002417 1.053790e-02
5527 0.055270000 0.002596794 0.002330123 0.002417 1.053837e-02
5528 0.055280000 0.002493110 0.002330129 0.002417 1.053885e-02
5529 0.055290000 0.002779318 0.002330185 0.002417 1.053933e-02
5530 0.055300000 0.002505053 0.002330198 0.002417 1.053980e-02
5531 0.055310000 0.003305281 0.002330349 0.002417 1.054028e-02
5532 0.055320000 0.003421567 0.002330518 0.002417 1.054076e-02
5533 0.055330000 0.003450679 0.002330695 0.002417 1.054123e-02
5534 0.055340000 0.003455660 0.002330869 0.002417 1.054171e-02
5535 0.055350000 0.003616469 0.002331074 0.002417 1.054219e-02
5536 0.055360000 0.003560980 0.002331270 0.002417 1.054266e-02
5537 0.055370000 0.003636028 0.002331473 0.002417 1.054314e-02
5538 0.055380000 0.003450006 0.002331643 0.002417 1.054362e-02
5539 0.055390000 0.003434405 0.002331816 0.002417 1.054409e-02
5540 0.055400000 0.003470256 0.002331988 0.002417 1.054457e-02
5541 0.055410000 0.003195541 0.002332115 0.002417 1.054504e-02
5542 0.055420000 0.003405899 0.002332282 0.002417 1.054552e-02
5543 0.055430000 0.003541500 0.002332473 0.002417 1.054600e-02
5544 0.055440000 0.003415474 0.002332643 0.002417 1.054647e-02
5545 0.055450000 0.003758033 0.002332870 0.002417 1.054695e-02
5546 0.055460000 0.005263841 0.002333350 0.002417 1.054742e-02
5547 0.055470000 0.003509628 0.002333529 0.002417 1.054790e-02
5548 0.055480000 0.003098907 0.002333647 0.002417 1.054837e-02
5549 0.055490000 0.002881836 0.002333728 0.002417 1.054885e-02
5550 0.055500000 0.008086297 0.002333779 0.002417 1.054932e-02
5551 0.055510000 0.003843568 0.002334020 0.002417 1.054980e-02
5552 0.055520000 0.003708514 0.002334241 0.002417 1.055028e-02
5553 0.055530000 0.003745289 0.002334466 0.002417 1.055075e-02
5554 0.055540000 0.002765215 0.002334519 0.002417 1.055123e-02
5555 0.055550000 0.002500091 0.002334533 0.002417 1.055170e-02
5556 0.055560000 0.002542004 0.002334549 0.002417 1.055218e-02
5557 0.055570000 0.002471756 0.002334559 0.002417 1.055265e-02
5558 0.055580000 0.002427657 0.002334560 0.002417 1.055313e-02
5559 0.055590000 0.002373708 0.002334552 0.002417 1.055360e-02
5560 0.055600000 0.002367155 0.002334544 0.002417 1.055407e-02
5561 0.055610000 0.002369012 0.002334535 0.002417 1.055455e-02
5562 0.055620000 0.002366645 0.002334526 0.002417 1.055502e-02
5563 0.055630000 0.002367947 0.002334518 0.002417 1.055550e-02
5564 0.055640000 0.002378182 0.002334511 0.002417 1.055597e-02
5565 0.055650000 0.002366810 0.002334502 0.002417 1.055645e-02
5566 0.055660000 0.002371565 0.002334494 0.002417 1.055692e-02
5567 0.055670000 0.002365609 0.002334485 0.002417 1.055739e-02
5568 0.055680000 0.002381621 0.002334479 0.002417 1.055787e-02
5569 0.055690000 0.002368508 0.002334470 0.002417 1.055834e-02
5570 0.055700000 0.002369303 0.002334462 0.002417 1.055882e-02
5571 0.055710000 0.002366736 0.002334453 0.002417 1.055929e-02
5572 0.055720000 0.002369975 0.002334445 0.002417 1.055976e-02
5573 0.055730000 0.002422615 0.002334446 0.002417 1.056024e-02
5574 0.055740000 0.002374005 0.002334438 0.002417 1.056071e-02
5575 0.055750000 0.006311811 0.002334430 0.002417 1.056118e-02
5576 0.055760000 0.002370871 0.002334422 0.002417 1.056166e-02
5577 0.055770000 0.002422596 0.002334424 0.002417 1.056213e-02
5578 0.055780000 0.002369609 0.002334415 0.002417 1.056260e-02
5579 0.055790000 0.002366858 0.002334406 0.002417 1.056308e-02
5580 0.055800000 0.002369041 0.002334398 0.002417 1.056355e-02
5581 0.055810000 0.002375734 0.002334391 0.002417 1.056402e-02
5582 0.055820000 0.002370011 0.002334383 0.002417 1.056450e-02
5583 0.055830000 0.002366335 0.002334374 0.002417 1.056497e-02
5584 0.055840000 0.002366026 0.002334365 0.002417 1.056544e-02
5585 0.055850000 0.002368195 0.002334357 0.002417 1.056592e-02
5586 0.055860000 0.002366233 0.002334348 0.002417 1.056639e-02
5587 0.055870000 0.002376454 0.002334341 0.002417 1.056686e-02
5588 0.055880000 0.002369613 0.002334332 0.002417 1.056733e-02
5589 0.055890000 0.002365699 0.002334324 0.002417 1.056781e-02
5590 0.055900000 0.002370554 0.002334316 0.002417 1.056828e-02
5591 0.055910000 0.002365816 0.002334307 0.002417 1.056875e-02
5592 0.055920000 0.002381341 0.002334300 0.002417 1.056922e-02
5593 0.055930000 0.002388154 0.002334295 0.002417 1.056969e-02
5594 0.055940000 0.002367011 0.002334287 0.002417 1.057017e-02
5595 0.055950000 0.002365852 0.002334278 0.002417 1.057064e-02
5596 0.055960000 0.002368798 0.002334269 0.002417 1.057111e-02
5597 0.055970000 0.002367237 0.002334261 0.002417 1.057158e-02
5598 0.055980000 0.002367829 0.002334252 0.002417 1.057205e-02
5599 0.055990000 0.002366805 0.002334243 0.002417 1.057253e-02
5600 0.056000000 0.006393438 0.002334235 0.002417 1.057300e-02
5601 0.056010000 0.002370997 0.002334227 0.002417 1.057347e-02
5602 0.056020000 0.002367111 0.002334218 0.002417 1.057394e-02
5603 0.056030000 0.002366762 0.002334209 0.002417 1.057441e-02
5604 0.056040000 0.002374669 0.002334202 0.002417 1.057488e-02
5605 0.056050000 0.002375347 0.002334195 0.002417 1.057535e-02
5606 0.056060000 0.002313328 0.002334177 0.002417 1.057582e-02
5607 0.056070000 0.002309555 0.002334158 0.002417 1.057630e-02
5608 0.056080000 0.002389125 0.002334154 0.002417 1.057677e-02
5609 0.056090000 0.002429482 0.002334157 0.002417 1.057724e-02
5610 0.056100000 0.002358128 0.002334147 0.002417 1.057771e-02
5611 0.056110000 0.002462506 0.002334155 0.002417 1.057818e-02
5612 0.056120000 0.002808559 0.002334218 0.002417 1.057865e-02
5613 0.056130000 0.002446188 0.002334223 0.002417 1.057912e-02
5614 0.056140000 0.002385351 0.002334208 0.002417 1.057959e-02
5615 0.056150000 0.002309996 0.002334190 0.002417 1.058006e-02
5616 0.056160000 0.002327620 0.002334174 0.002417 1.058053e-02
5617 0.056170000 0.002313839 0.002334156 0.002417 1.058100e-02
5618 0.056180000 0.002317302 0.002334139 0.002417 1.058147e-02
5619 0.056190000 0.002322733 0.002334123 0.002417 1.058194e-02
5620 0.056200000 0.002311070 0.002334105 0.002417 1.058241e-02
5621 0.056210000 0.002354237 0.002334094 0.002417 1.058288e-02
5622 0.056220000 0.002320397 0.002334077 0.002417 1.058335e-02
5623 0.056230000 0.002313811 0.002334060 0.002417 1.058382e-02
5624 0.056240000 0.002310157 0.002334041 0.002417 1.058429e-02
5625 0.056250000 0.006161981 0.002334023 0.002417 1.058476e-02
5626 0.056260000 0.002311283 0.002334005 0.002417 1.058523e-02
5627 0.056270000 0.002315252 0.002333988 0.002417 1.058570e-02
5628 0.056280000 0.002362630 0.002333979 0.002417 1.058617e-02
5629 0.056290000 0.002310178 0.002333961 0.002417 1.058664e-02
5630 0.056300000 0.002309946 0.002333942 0.002417 1.058711e-02
5631 0.056310000 0.002402821 0.002333940 0.002417 1.058758e-02
5632 0.056320000 0.002420185 0.002333941 0.002417 1.058805e-02
5633 0.056330000 0.002318217 0.002333924 0.002417 1.058852e-02
5634 0.056340000 0.002315338 0.002333907 0.002417 1.058899e-02
5635 0.056350000 0.002310251 0.002333889 0.002417 1.058946e-02
5636 0.056360000 0.002311636 0.002333870 0.002417 1.058993e-02
5637 0.056370000 0.002313006 0.002333853 0.002417 1.059039e-02
5638 0.056380000 0.002311337 0.002333835 0.002417 1.059086e-02
5639 0.056390000 0.002314781 0.002333817 0.002417 1.059133e-02
5640 0.056400000 0.002312729 0.002333799 0.002417 1.059180e-02
5641 0.056410000 0.002310624 0.002333781 0.002417 1.059227e-02
5642 0.056420000 0.002311510 0.002333763 0.002417 1.059274e-02
5643 0.056430000 0.002309533 0.002333745 0.002417 1.059321e-02
5644 0.056440000 0.002358125 0.002333734 0.002417 1.059367e-02
5645 0.056450000 0.002315709 0.002333717 0.002417 1.059414e-02
5646 0.056460000 0.002309019 0.002333699 0.002417 1.059461e-02
5647 0.056470000 0.002311551 0.002333680 0.002417 1.059508e-02
5648 0.056480000 0.002309476 0.002333662 0.002417 1.059555e-02
5649 0.056490000 0.002347993 0.002333650 0.002417 1.059601e-02
5650 0.056500000 0.006479534 0.002333653 0.002417 1.059648e-02
5651 0.056510000 0.002510664 0.002333664 0.002417 1.059695e-02
5652 0.056520000 0.002396334 0.002333654 0.002417 1.059742e-02
5653 0.056530000 0.002353395 0.002333636 0.002417 1.059789e-02
5654 0.056540000 0.002312968 0.002333618 0.002417 1.059835e-02
5655 0.056550000 0.002310503 0.002333600 0.002417 1.059882e-02
5656 0.056560000 0.002318885 0.002333583 0.002417 1.059929e-02
5657 0.056570000 0.002350322 0.002333572 0.002417 1.059976e-02
5658 0.056580000 0.002310984 0.002333554 0.002417 1.060022e-02
5659 0.056590000 0.002311846 0.002333536 0.002417 1.060069e-02
5660 0.056600000 0.002310665 0.002333518 0.002417 1.060116e-02
5661 0.056610000 0.002312933 0.002333500 0.002417 1.060162e-02
5662 0.056620000 0.002316677 0.002333483 0.002417 1.060209e-02
5663 0.056630000 0.002310126 0.002333465 0.002417 1.060256e-02
5664 0.056640000 0.002315249 0.002333448 0.002417 1.060303e-02
5665 0.056650000 0.002310447 0.002333430 0.002417 1.060349e-02
5666 0.056660000 0.002309504 0.002333411 0.002417 1.060396e-02
5667 0.056670000 0.002313282 0.002333394 0.002417 1.060443e-02
5668 0.056680000 0.002315891 0.002333377 0.002417 1.060489e-02
5669 0.056690000 0.002313303 0.002333359 0.002417 1.060536e-02
5670 0.056700000 0.002406935 0.002333358 0.002417 1.060583e-02
5671 0.056710000 0.002313160 0.002333340 0.002417 1.060629e-02
5672 0.056720000 0.002477736 0.002333351 0.002417 1.060676e-02
5673 0.056730000 0.002354784 0.002333341 0.002417 1.060722e-02
5674 0.056740000 0.002317506 0.002333324 0.002417 1.060769e-02
5675 0.056750000 0.006163110 0.002333306 0.002417 1.060816e-02
5676 0.056760000 0.002313207 0.002333289 0.002417 1.060862e-02
5677 0.056770000 0.002377299 0.002333283 0.002417 1.060909e-02
5678 0.056780000 0.002310349 0.002333265 0.002417 1.060955e-02
5679 0.056790000 0.002356956 0.002333255 0.002417 1.061002e-02
5680 0.056800000 0.002319209 0.002333238 0.002417 1.061049e-02
5681 0.056810000 0.002507615 0.002333252 0.002417 1.061095e-02
5682 0.056820000 0.002399007 0.002333250 0.002417 1.061142e-02
5683 0.056830000 0.002390943 0.002333246 0.002417 1.061188e-02
5684 0.056840000 0.002382783 0.002333241 0.002417 1.061235e-02
5685 0.056850000 0.002401599 0.002333239 0.002417 1.061281e-02
5686 0.056860000 0.002313730 0.002333221 0.002417 1.061328e-02
5687 0.056870000 0.002310119 0.002333203 0.002417 1.061374e-02
5688 0.056880000 0.002312770 0.002333185 0.002417 1.061421e-02
5689 0.056890000 0.002508267 0.002333202 0.002417 1.061467e-02
5690 0.056900000 0.002379428 0.002333196 0.002417 1.061514e-02
5691 0.056910000 0.002428875 0.002333199 0.002417 1.061560e-02
5692 0.056920000 0.002570120 0.002333220 0.002417 1.061607e-02
5693 0.056930000 0.002396775 0.002333217 0.002417 1.061653e-02
5694 0.056940000 0.002393512 0.002333213 0.002417 1.061700e-02
5695 0.056950000 0.002361135 0.002333204 0.002417 1.061746e-02
5696 0.056960000 0.002445495 0.002333210 0.002417 1.061793e-02
5697 0.056970000 0.002424071 0.002333212 0.002417 1.061839e-02
5698 0.056980000 0.002356247 0.002333202 0.002417 1.061886e-02
5699 0.056990000 0.002310629 0.002333184 0.002417 1.061932e-02
5700 0.057000000 0.006170504 0.002333165 0.002417 1.061979e-02
5701 0.057010000 0.002349116 0.002333154 0.002417 1.062025e-02
5702 0.057020000 0.002461861 0.002333161 0.002417 1.062071e-02
5703 0.057030000 0.002523284 0.002333180 0.002417 1.062118e-02
5704 0.057040000 0.002447930 0.002333185 0.002417 1.062164e-02
5705 0.057050000 0.002394830 0.002333182 0.002417 1.062211e-02
5706 0.057060000 0.002419451 0.002333179 0.002417 1.062257e-02
5707 0.057070000 0.002443657 0.002333184 0.002417 1.062303e-02
5708 0.057080000 0.002391066 0.002333181 0.002417 1.062350e-02
5709 0.057090000 0.002450633 0.002333187 0.002417 1.062396e-02
5710 0.057100000 0.002488670 0.002333200 0.002417 1.062442e-02
5711 0.057110000 0.002957489 0.002333290 0.002417 1.062489e-02
5712 0.057120000 0.003110103 0.002333408 0.002417 1.062535e-02
5713 0.057130000 0.002467230 0.002333410 0.002417 1.062581e-02
5714 0.057140000 0.002450519 0.002333416 0.002417 1.062628e-02
5715 0.057150000 0.002444262 0.002333422 0.002417 1.062674e-02
5716 0.057160000 0.002387101 0.002333417 0.002417 1.062720e-02
5717 0.057170000 0.002315028 0.002333400 0.002417 1.062767e-02
5718 0.057180000 0.002311882 0.002333383 0.002417 1.062813e-02
5719 0.057190000 0.002327209 0.002333368 0.002417 1.062859e-02
5720 0.057200000 0.002321445 0.002333351 0.002417 1.062906e-02
5721 0.057210000 0.002354617 0.002333341 0.002417 1.062952e-02
5722 0.057220000 0.002349140 0.002333330 0.002417 1.062998e-02
5723 0.057230000 0.002391396 0.002333326 0.002417 1.063044e-02
5724 0.057240000 0.002455113 0.002333330 0.002417 1.063091e-02
5725 0.057250000 0.006543457 0.002333338 0.002417 1.063137e-02
5726 0.057260000 0.002475022 0.002333348 0.002417 1.063183e-02
5727 0.057270000 0.002415504 0.002333348 0.002417 1.063229e-02
5728 0.057280000 0.002366736 0.002333340 0.002417 1.063276e-02
5729 0.057290000 0.002393175 0.002333336 0.002417 1.063322e-02
5730 0.057300000 0.002378139 0.002333329 0.002417 1.063368e-02
5731 0.057310000 0.002387523 0.002333322 0.002417 1.063414e-02
5732 0.057320000 0.002393362 0.002333318 0.002417 1.063460e-02
5733 0.057330000 0.002504089 0.002333333 0.002417 1.063507e-02
5734 0.057340000 0.002369537 0.002333325 0.002417 1.063553e-02
5735 0.057350000 0.002374640 0.002333317 0.002417 1.063599e-02
5736 0.057360000 0.002375607 0.002333310 0.002417 1.063645e-02
5737 0.057370000 0.002369656 0.002333302 0.002417 1.063691e-02
5738 0.057380000 0.002379058 0.002333295 0.002417 1.063738e-02
5739 0.057390000 0.002367975 0.002333287 0.002417 1.063784e-02
5740 0.057400000 0.002371150 0.002333280 0.002417 1.063830e-02
5741 0.057410000 0.002371570 0.002333272 0.002417 1.063876e-02
5742 0.057420000 0.002367014 0.002333264 0.002417 1.063922e-02
5743 0.057430000 0.002395706 0.002333260 0.002417 1.063968e-02
5744 0.057440000 0.002385572 0.002333253 0.002417 1.064014e-02
5745 0.057450000 0.002383388 0.002333247 0.002417 1.064060e-02
5746 0.057460000 0.002367493 0.002333238 0.002417 1.064107e-02
5747 0.057470000 0.002366707 0.002333230 0.002417 1.064153e-02
5748 0.057480000 0.002372439 0.002333223 0.002417 1.064199e-02
5749 0.057490000 0.002381239 0.002333216 0.002417 1.064245e-02
5750 0.057500000 0.006475128 0.002333210 0.002417 1.064291e-02
5751 0.057510000 0.002376338 0.002333203 0.002417 1.064337e-02
5752 0.057520000 0.002374397 0.002333196 0.002417 1.064383e-02
5753 0.057530000 0.002371440 0.002333188 0.002417 1.064429e-02
5754 0.057540000 0.002368131 0.002333180 0.002417 1.064475e-02
5755 0.057550000 0.002393195 0.002333176 0.002417 1.064521e-02
5756 0.057560000 0.002370233 0.002333168 0.002417 1.064567e-02
5757 0.057570000 0.002366912 0.002333160 0.002417 1.064613e-02
5758 0.057580000 0.002375162 0.002333153 0.002417 1.064659e-02
5759 0.057590000 0.002367442 0.002333145 0.002417 1.064705e-02
5760 0.057600000 0.002367379 0.002333136 0.002417 1.064751e-02
5761 0.057610000 0.002378242 0.002333130 0.002417 1.064797e-02
5762 0.057620000 0.002436647 0.002333132 0.002417 1.064843e-02
5763 0.057630000 0.002372610 0.002333125 0.002417 1.064889e-02
5764 0.057640000 0.002366792 0.002333117 0.002417 1.064935e-02
5765 0.057650000 0.002370579 0.002333109 0.002417 1.064981e-02
5766 0.057660000 0.002413053 0.002333109 0.002417 1.065027e-02
5767 0.057670000 0.002415543 0.002333109 0.002417 1.065073e-02
5768 0.057680000 0.002369781 0.002333101 0.002417 1.065119e-02
5769 0.057690000 0.002380531 0.002333094 0.002417 1.065165e-02
5770 0.057700000 0.002367589 0.002333086 0.002417 1.065211e-02
5771 0.057710000 0.002370945 0.002333079 0.002417 1.065257e-02
5772 0.057720000 0.002378981 0.002333072 0.002417 1.065303e-02
5773 0.057730000 0.002367080 0.002333064 0.002417 1.065349e-02
5774 0.057740000 0.002371339 0.002333057 0.002417 1.065394e-02
5775 0.057750000 0.006275495 0.002333048 0.002417 1.065440e-02
5776 0.057760000 0.002372729 0.002333041 0.002417 1.065486e-02
5777 0.057770000 0.002372513 0.002333034 0.002417 1.065532e-02
5778 0.057780000 0.002374452 0.002333027 0.002417 1.065578e-02
5779 0.057790000 0.002372416 0.002333020 0.002417 1.065624e-02
5780 0.057800000 0.002368824 0.002333012 0.002417 1.065670e-02
5781 0.057810000 0.002389397 0.002333007 0.002417 1.065716e-02
5782 0.057820000 0.002418144 0.002333008 0.002417 1.065761e-02
5783 0.057830000 0.002370072 0.002333000 0.002417 1.065807e-02
5784 0.057840000 0.002382168 0.002332994 0.002417 1.065853e-02
5785 0.057850000 0.002366314 0.002332985 0.002417 1.065899e-02
5786 0.057860000 0.002368047 0.002332977 0.002417 1.065945e-02
5787 0.057870000 0.002370182 0.002332970 0.002417 1.065991e-02
5788 0.057880000 0.002389681 0.002332965 0.002417 1.066036e-02
5789 0.057890000 0.002371241 0.002332958 0.002417 1.066082e-02
5790 0.057900000 0.002386989 0.002332953 0.002417 1.066128e-02
5791 0.057910000 0.002372045 0.002332946 0.002417 1.066174e-02
5792 0.057920000 0.002369917 0.002332938 0.002417 1.066220e-02
5793 0.057930000 0.002372550 0.002332931 0.002417 1.066265e-02
5794 0.057940000 0.002366688 0.002332923 0.002417 1.066311e-02
5795 0.057950000 0.002386268 0.002332918 0.002417 1.066357e-02
5796 0.057960000 0.002370959 0.002332910 0.002417 1.066403e-02
5797 0.057970000 0.002366573 0.002332902 0.002417 1.066448e-02
5798 0.057980000 0.002379550 0.002332896 0.002417 1.066494e-02
5799 0.057990000 0.002366623 0.002332887 0.002417 1.066540e-02
5800 0.058000000 0.006641363 0.002332880 0.002417 1.066586e-02
5801 0.058010000 0.002496134 0.002332894 0.002417 1.066631e-02
5802 0.058020000 0.002411051 0.002332893 0.002417 1.066677e-02
5803 0.058030000 0.002384303 0.002332888 0.002417 1.066723e-02
5804 0.058040000 0.002375004 0.002332881 0.002417 1.066768e-02
5805 0.058050000 0.002367084 0.002332872 0.002417 1.066814e-02
5806 0.058060000 0.002372308 0.002332864 0.002417 1.066860e-02
5807 0.058070000 0.002385425 0.002332859 0.002417 1.066905e-02
5808 0.058080000 0.002370322 0.002332852 0.002417 1.066951e-02
5809 0.058090000 0.002471574 0.002332861 0.002417 1.066997e-02
5810 0.058100000 0.002376750 0.002332854 0.002417 1.067042e-02
5811 0.058110000 0.002367820 0.002332846 0.002417 1.067088e-02
5812 0.058120000 0.002371232 0.002332839 0.002417 1.067134e-02
5813 0.058130000 0.002376701 0.002332832 0.002417 1.067179e-02
5814 0.058140000 0.002370153 0.002332824 0.002417 1.067225e-02
5815 0.058150000 0.002458064 0.002332832 0.002417 1.067271e-02
5816 0.058160000 0.002377919 0.002332825 0.002417 1.067316e-02
5817 0.058170000 0.002373324 0.002332818 0.002417 1.067362e-02
5818 0.058180000 0.002366243 0.002332810 0.002417 1.067407e-02
5819 0.058190000 0.002376558 0.002332804 0.002417 1.067453e-02
5820 0.058200000 0.002373579 0.002332796 0.002417 1.067499e-02
5821 0.058210000 0.002373620 0.002332789 0.002417 1.067544e-02
5822 0.058220000 0.002374865 0.002332782 0.002417 1.067590e-02
5823 0.058230000 0.002372069 0.002332775 0.002417 1.067635e-02
5824 0.058240000 0.002377253 0.002332767 0.002417 1.067681e-02
5825 0.058250000 0.006289289 0.002332759 0.002417 1.067726e-02
5826 0.058260000 0.002368720 0.002332751 0.002417 1.067772e-02
5827 0.058270000 0.002377976 0.002332745 0.002417 1.067817e-02
5828 0.058280000 0.002371248 0.002332737 0.002417 1.067863e-02
5829 0.058290000 0.002371051 0.002332730 0.002417 1.067909e-02
5830 0.058300000 0.002377491 0.002332724 0.002417 1.067954e-02
5831 0.058310000 0.002373784 0.002332716 0.002417 1.068000e-02
5832 0.058320000 0.002366414 0.002332708 0.002417 1.068045e-02
5833 0.058330000 0.002369167 0.002332700 0.002417 1.068091e-02
5834 0.058340000 0.002424002 0.002332702 0.002417 1.068136e-02
5835 0.058350000 0.002410233 0.002332701 0.002417 1.068182e-02
5836 0.058360000 0.002471854 0.002332711 0.002417 1.068227e-02
5837 0.058370000 0.002369281 0.002332703 0.002417 1.068272e-02
5838 0.058380000 0.002370314 0.002332696 0.002417 1.068318e-02
5839 0.058390000 0.002368287 0.002332688 0.002417 1.068363e-02
5840 0.058400000 0.002369329 0.002332680 0.002417 1.068409e-02
5841 0.058410000 0.002382361 0.002332674 0.002417 1.068454e-02
5842 0.058420000 0.002471536 0.002332684 0.002417 1.068500e-02
5843 0.058430000 0.002380279 0.002332678 0.002417 1.068545e-02
5844 0.058440000 0.002454138 0.002332685 0.002417 1.068591e-02
5845 0.058450000 0.002417772 0.002332685 0.002417 1.068636e-02
5846 0.058460000 0.002453987 0.002332685 0.002417 1.068681e-02
5847 0.058470000 0.002381720 0.002332679 0.002417 1.068727e-02
5848 0.058480000 0.002424767 0.002332680 0.002417 1.068772e-02
5849 0.058490000 0.002373810 0.002332673 0.002417 1.068818e-02
5850 0.058500000 0.006265622 0.002332667 0.002417 1.068863e-02
5851 0.058510000 0.002479645 0.002332678 0.002417 1.068908e-02
5852 0.058520000 0.002371056 0.002332670 0.002417 1.068954e-02
5853 0.058530000 0.004247238 0.002332983 0.002417 1.068999e-02
5854 0.058540000 0.002401349 0.002332980 0.002417 1.069044e-02
5855 0.058550000 0.002397250 0.002332977 0.002417 1.069090e-02
5856 0.058560000 0.002402597 0.002332974 0.002417 1.069135e-02
5857 0.058570000 0.002394469 0.002332971 0.002417 1.069180e-02
5858 0.058580000 0.002396425 0.002332967 0.002417 1.069226e-02
5859 0.058590000 0.002466821 0.002332976 0.002417 1.069271e-02
5860 0.058600000 0.002397654 0.002332972 0.002417 1.069316e-02
5861 0.058610000 0.002396897 0.002332968 0.002417 1.069362e-02
5862 0.058620000 0.002405413 0.002332966 0.002417 1.069407e-02
5863 0.058630000 0.002393805 0.002332963 0.002417 1.069452e-02
5864 0.058640000 0.002391360 0.002332958 0.002417 1.069498e-02
5865 0.058650000 0.002405700 0.002332957 0.002417 1.069543e-02
5866 0.058660000 0.002550679 0.002332979 0.002417 1.069588e-02
5867 0.058670000 0.002396909 0.002332975 0.002417 1.069633e-02
5868 0.058680000 0.002398969 0.002332972 0.002417 1.069679e-02
5869 0.058690000 0.002402597 0.002332970 0.002417 1.069724e-02
5870 0.058700000 0.002412984 0.002332969 0.002417 1.069769e-02
5871 0.058710000 0.002401623 0.002332966 0.002417 1.069814e-02
5872 0.058720000 0.002395521 0.002332963 0.002417 1.069860e-02
5873 0.058730000 0.002520474 0.002332980 0.002417 1.069905e-02
5874 0.058740000 0.002373293 0.002332972 0.002417 1.069950e-02
5875 0.058750000 0.006395206 0.002332967 0.002417 1.069995e-02
5876 0.058760000 0.002440459 0.002332971 0.002417 1.070040e-02
5877 0.058770000 0.002378715 0.002332965 0.002417 1.070086e-02
5878 0.058780000 0.002407614 0.002332963 0.002417 1.070131e-02
5879 0.058790000 0.002424599 0.002332965 0.002417 1.070176e-02
5880 0.058800000 0.002452379 0.002332971 0.002417 1.070221e-02
5881 0.058810000 0.002448203 0.002332976 0.002417 1.070266e-02
5882 0.058820000 0.002448324 0.002332982 0.002417 1.070312e-02
5883 0.058830000 0.002410876 0.002332981 0.002417 1.070357e-02
5884 0.058840000 0.002373899 0.002332974 0.002417 1.070402e-02
5885 0.058850000 0.002410607 0.002332973 0.002417 1.070447e-02
5886 0.058860000 0.002467419 0.002332982 0.002417 1.070492e-02
5887 0.058870000 0.002416742 0.002332975 0.002417 1.070537e-02
5888 0.058880000 0.002384373 0.002332969 0.002417 1.070582e-02
5889 0.058890000 0.002372589 0.002332962 0.002417 1.070627e-02
5890 0.058900000 0.002369615 0.002332955 0.002417 1.070673e-02
5891 0.058910000 0.002373648 0.002332948 0.002417 1.070718e-02
5892 0.058920000 0.002418716 0.002332948 0.002417 1.070763e-02
5893 0.058930000 0.002368552 0.002332940 0.002417 1.070808e-02
5894 0.058940000 0.002398722 0.002332937 0.002417 1.070853e-02
5895 0.058950000 0.002410802 0.002332937 0.002417 1.070898e-02
5896 0.058960000 0.002370440 0.002332929 0.002417 1.070943e-02
5897 0.058970000 0.002370242 0.002332922 0.002417 1.070988e-02
5898 0.058980000 0.002367003 0.002332914 0.002417 1.071033e-02
5899 0.058990000 0.002414706 0.002332913 0.002417 1.071078e-02
5900 0.059000000 0.006282525 0.002332907 0.002417 1.071123e-02
5901 0.059010000 0.002372317 0.002332900 0.002417 1.071168e-02
5902 0.059020000 0.002376267 0.002332894 0.002417 1.071213e-02
5903 0.059030000 0.002367362 0.002332886 0.002417 1.071258e-02
5904 0.059040000 0.002559456 0.002332904 0.002417 1.071303e-02
5905 0.059050000 0.002716325 0.002332954 0.002417 1.071348e-02
5906 0.059060000 0.002784191 0.002333016 0.002417 1.071393e-02
5907 0.059070000 0.002522887 0.002333033 0.002417 1.071438e-02
5908 0.059080000 0.002421323 0.002333033 0.002417 1.071483e-02
5909 0.059090000 0.002390526 0.002333029 0.002417 1.071528e-02
5910 0.059100000 0.002531767 0.002333047 0.002417 1.071573e-02
5911 0.059110000 0.002405815 0.002333045 0.002417 1.071618e-02
5912 0.059120000 0.002384172 0.002333039 0.002417 1.071663e-02
5913 0.059130000 0.002404817 0.002333037 0.002417 1.071708e-02
5914 0.059140000 0.002426824 0.002333039 0.002417 1.071753e-02
5915 0.059150000 0.002422550 0.002333040 0.002417 1.071798e-02
5916 0.059160000 0.002425103 0.002333041 0.002417 1.071843e-02
5917 0.059170000 0.002435576 0.002333045 0.002417 1.071888e-02
5918 0.059180000 0.002414921 0.002333045 0.002417 1.071933e-02
5919 0.059190000 0.002372441 0.002333037 0.002417 1.071978e-02
5920 0.059200000 0.002407809 0.002333036 0.002417 1.072023e-02
5921 0.059210000 0.002372784 0.002333029 0.002417 1.072068e-02
5922 0.059220000 0.002388261 0.002333024 0.002417 1.072113e-02
5923 0.059230000 0.002382389 0.002333019 0.002417 1.072157e-02
5924 0.059240000 0.002387497 0.002333014 0.002417 1.072202e-02
5925 0.059250000 0.006817630 0.002333017 0.002417 1.072247e-02
5926 0.059260000 0.002419348 0.002333018 0.002417 1.072292e-02
5927 0.059270000 0.002369455 0.002333010 0.002417 1.072337e-02
5928 0.059280000 0.002412457 0.002333010 0.002417 1.072382e-02
5929 0.059290000 0.002482007 0.002333021 0.002417 1.072427e-02
5930 0.059300000 0.002426865 0.002333022 0.002417 1.072472e-02
5931 0.059310000 0.002366810 0.002333014 0.002417 1.072516e-02
5932 0.059320000 0.002366691 0.002333006 0.002417 1.072561e-02
5933 0.059330000 0.002371603 0.002332999 0.002417 1.072631e-02
5934 0.059340000 0.002368039 0.002332991 0.002417 1.072715e-02
5935 0.059350000 0.002380048 0.002332985 0.002417 1.072799e-02
5936 0.059360000 0.002382320 0.002332980 0.002417 1.072884e-02
5937 0.059370000 0.002433033 0.002332983 0.002417 1.072968e-02
5938 0.059380000 0.002371646 0.002332975 0.002417 1.073053e-02
5939 0.059390000 0.002366474 0.002332967 0.002417 1.073137e-02
5940 0.059400000 0.002375009 0.002332961 0.002417 1.073221e-02
5941 0.059410000 0.002369797 0.002332953 0.002417 1.073306e-02
5942 0.059420000 0.002454340 0.002332959 0.002417 1.073390e-02
5943 0.059430000 0.002523331 0.002332977 0.002417 1.073474e-02
5944 0.059440000 0.002373513 0.002332970 0.002417 1.073558e-02
5945 0.059450000 0.002398926 0.002332967 0.002417 1.073643e-02
5946 0.059460000 0.002493926 0.002332969 0.002417 1.073727e-02
5947 0.059470000 0.002550692 0.002332991 0.002417 1.073811e-02
5948 0.059480000 0.002885840 0.002333055 0.002417 1.073896e-02
5949 0.059490000 0.002495640 0.002333069 0.002417 1.073980e-02
5950 0.059500000 0.006613190 0.002333065 0.002417 1.074064e-02
5951 0.059510000 0.002369439 0.002333057 0.002417 1.074148e-02
5952 0.059520000 0.002375608 0.002333051 0.002417 1.074232e-02
5953 0.059530000 0.002372482 0.002333043 0.002417 1.074317e-02
5954 0.059540000 0.002369102 0.002333036 0.002417 1.074401e-02
5955 0.059550000 0.002432417 0.002333037 0.002417 1.074485e-02
5956 0.059560000 0.002426077 0.002333038 0.002417 1.074569e-02
5957 0.059570000 0.002367779 0.002333030 0.002417 1.074653e-02
5958 0.059580000 0.002379274 0.002333024 0.002417 1.074737e-02
5959 0.059590000 0.002366017 0.002333016 0.002417 1.074821e-02
5960 0.059600000 0.002457674 0.002333023 0.002417 1.074906e-02
5961 0.059610000 0.002448750 0.002333029 0.002417 1.074990e-02
5962 0.059620000 0.002436405 0.002333032 0.002417 1.075074e-02
5963 0.059630000 0.002376320 0.002333025 0.002417 1.075158e-02
5964 0.059640000 0.002388705 0.002333021 0.002417 1.075242e-02
5965 0.059650000 0.002395333 0.002333018 0.002417 1.075326e-02
5966 0.059660000 0.002418094 0.002333018 0.002417 1.075410e-02
5967 0.059670000 0.002372319 0.002333011 0.002417 1.075494e-02
5968 0.059680000 0.002376723 0.002333004 0.002417 1.075578e-02
5969 0.059690000 0.002390529 0.002333000 0.002417 1.075662e-02
5970 0.059700000 0.002371795 0.002332993 0.002417 1.075746e-02
5971 0.059710000 0.002366419 0.002332985 0.002417 1.075830e-02
5972 0.059720000 0.002366876 0.002332977 0.002417 1.075914e-02
5973 0.059730000 0.002369896 0.002332969 0.002417 1.075998e-02
5974 0.059740000 0.002367445 0.002332962 0.002417 1.076082e-02
5975 0.059750000 0.006319661 0.002332955 0.002417 1.076166e-02
5976 0.059760000 0.002413288 0.002332955 0.002417 1.076250e-02
5977 0.059770000 0.002365863 0.002332947 0.002417 1.076334e-02
5978 0.059780000 0.002367727 0.002332939 0.002417 1.076418e-02
5979 0.059790000 0.002366548 0.002332931 0.002417 1.076502e-02
5980 0.059800000 0.002364612 0.002332923 0.002417 1.076585e-02
5981 0.059810000 0.002381950 0.002332918 0.002417 1.076669e-02
5982 0.059820000 0.002377554 0.002332911 0.002417 1.076753e-02
5983 0.059830000 0.002373681 0.002332904 0.002417 1.076837e-02
5984 0.059840000 0.002367059 0.002332897 0.002417 1.076921e-02
5985 0.059850000 0.002365255 0.002332888 0.002417 1.077005e-02
5986 0.059860000 0.002369401 0.002332881 0.002417 1.077089e-02
5987 0.059870000 0.002373239 0.002332874 0.002417 1.077172e-02
5988 0.059880000 0.002368211 0.002332866 0.002417 1.077256e-02
5989 0.059890000 0.002367575 0.002332859 0.002417 1.077340e-02
5990 0.059900000 0.002366372 0.002332851 0.002417 1.077424e-02
5991 0.059910000 0.002367944 0.002332843 0.002417 1.077508e-02
5992 0.059920000 0.002368041 0.002332835 0.002417 1.077591e-02
5993 0.059930000 0.002366973 0.002332827 0.002417 1.077675e-02
5994 0.059940000 0.002369544 0.002332820 0.002417 1.077759e-02
5995 0.059950000 0.002368614 0.002332812 0.002417 1.077842e-02
5996 0.059960000 0.002366553 0.002332805 0.002417 1.077926e-02
5997 0.059970000 0.002368588 0.002332797 0.002417 1.078010e-02
5998 0.059980000 0.002370330 0.002332790 0.002417 1.078094e-02
5999 0.059990000 0.002386794 0.002332785 0.002417 1.078177e-02
6000 0.060000000 0.006249244 0.002332778 0.002417 1.078261e-02
6001 0.060010000 0.002394906 0.002332774 0.002417 1.078345e-02
6002 0.060020000 0.002465136 0.002332782 0.002417 1.078428e-02
6003 0.060030000 0.002364774 0.002332774 0.002417 1.078512e-02
6004 0.060040000 0.002375875 0.002332767 0.002417 1.078595e-02
6005 0.060050000 0.002368425 0.002332760 0.002417 1.078679e-02
6006 0.060060000 0.002366447 0.002332752 0.002417 1.078763e-02
6007 0.060070000 0.002366152 0.002332744 0.002417 1.078846e-02
6008 0.060080000 0.002371627 0.002332737 0.002417 1.078930e-02
6009 0.060090000 0.002367221 0.002332729 0.002417 1.079013e-02
6010 0.060100000 0.002375778 0.002332723 0.002417 1.079097e-02
6011 0.060110000 0.002366152 0.002332715 0.002417 1.079181e-02
6012 0.060120000 0.002366695 0.002332707 0.002417 1.079264e-02
6013 0.060130000 0.002370379 0.002332699 0.002417 1.079348e-02
6014 0.060140000 0.002371891 0.002332692 0.002417 1.079431e-02
6015 0.060150000 0.002368305 0.002332685 0.002417 1.079515e-02
6016 0.060160000 0.002372279 0.002332678 0.002417 1.079598e-02
6017 0.060170000 0.002366665 0.002332670 0.002417 1.079682e-02
6018 0.060180000 0.002369398 0.002332662 0.002417 1.079765e-02
6019 0.060190000 0.002365193 0.002332654 0.002417 1.079849e-02
6020 0.060200000 0.002366433 0.002332646 0.002417 1.079932e-02
6021 0.060210000 0.002377728 0.002332639 0.002417 1.080015e-02
6022 0.060220000 0.002379917 0.002332633 0.002417 1.080099e-02
6023 0.060230000 0.002372116 0.002332626 0.002417 1.080182e-02
6024 0.060240000 0.002367062 0.002332619 0.002417 1.080266e-02
6025 0.060250000 0.006281704 0.002332612 0.002417 1.080349e-02
6026 0.060260000 0.002382588 0.002332606 0.002417 1.080432e-02
6027 0.060270000 0.002376711 0.002332600 0.002417 1.080516e-02
6028 0.060280000 0.002366734 0.002332592 0.002417 1.080599e-02
6029 0.060290000 0.002368598 0.002332585 0.002417 1.080682e-02
6030 0.060300000 0.002367007 0.002332577 0.002417 1.080766e-02
6031 0.060310000 0.002366102 0.002332569 0.002417 1.080849e-02
6032 0.060320000 0.002369983 0.002332561 0.002417 1.080932e-02
6033 0.060330000 0.002373916 0.002332554 0.002417 1.081016e-02
6034 0.060340000 0.002369941 0.002332547 0.002417 1.081099e-02
6035 0.060350000 0.002365933 0.002332539 0.002417 1.081182e-02
6036 0.060360000 0.002322449 0.002332522 0.002417 1.081266e-02
6037 0.060370000 0.002311397 0.002332506 0.002417 1.081349e-02
6038 0.060380000 0.002309781 0.002332489 0.002417 1.081432e-02
6039 0.060390000 0.002395630 0.002332486 0.002417 1.081515e-02
6040 0.060400000 0.002467622 0.002332495 0.002417 1.081599e-02
6041 0.060410000 0.002446344 0.002332501 0.002417 1.081682e-02
6042 0.060420000 0.002482690 0.002332512 0.002417 1.081765e-02
6043 0.060430000 0.002309768 0.002332495 0.002417 1.081848e-02
6044 0.060440000 0.002308770 0.002332478 0.002417 1.081931e-02
6045 0.060450000 0.002318931 0.002332463 0.002417 1.082015e-02
6046 0.060460000 0.002313096 0.002332447 0.002417 1.082098e-02
6047 0.060470000 0.002309726 0.002332430 0.002417 1.082181e-02
6048 0.060480000 0.002313096 0.002332413 0.002417 1.082264e-02
6049 0.060490000 0.002310590 0.002332397 0.002417 1.082347e-02
6050 0.060500000 0.006245911 0.002332380 0.002417 1.082430e-02
6051 0.060510000 0.002513855 0.002332397 0.002417 1.082513e-02
6052 0.060520000 0.002310368 0.002332380 0.002417 1.082596e-02
6053 0.060530000 0.002371320 0.002332371 0.002417 1.082680e-02
6054 0.060540000 0.002362889 0.002332360 0.002417 1.082763e-02
6055 0.060550000 0.002309833 0.002332343 0.002417 1.082846e-02
6056 0.060560000 0.002316690 0.002332327 0.002417 1.082929e-02
6057 0.060570000 0.002312700 0.002332311 0.002417 1.083012e-02
6058 0.060580000 0.002309312 0.002332294 0.002417 1.083095e-02
6059 0.060590000 0.002310567 0.002332277 0.002417 1.083178e-02
6060 0.060600000 0.002355236 0.002332268 0.002417 1.083261e-02
6061 0.060610000 0.002400667 0.002332266 0.002417 1.083344e-02
6062 0.060620000 0.002354756 0.002332256 0.002417 1.083427e-02
6063 0.060630000 0.002313187 0.002332240 0.002417 1.083510e-02
6064 0.060640000 0.002310578 0.002332223 0.002417 1.083593e-02
6065 0.060650000 0.002309436 0.002332206 0.002417 1.083676e-02
6066 0.060660000 0.002426564 0.002332203 0.002417 1.083759e-02
6067 0.060670000 0.002371038 0.002332193 0.002417 1.083842e-02
6068 0.060680000 0.002333089 0.002332180 0.002417 1.083925e-02
6069 0.060690000 0.002356061 0.002332171 0.002417 1.084007e-02
6070 0.060700000 0.002418961 0.002332172 0.002417 1.084090e-02
6071 0.060710000 0.002314304 0.002332156 0.002417 1.084173e-02
6072 0.060720000 0.002447323 0.002332162 0.002417 1.084256e-02
6073 0.060730000 0.002461821 0.002332166 0.002417 1.084339e-02
6074 0.060740000 0.002438609 0.002332171 0.002417 1.084422e-02
6075 0.060750000 0.006211576 0.002332161 0.002417 1.084505e-02
6076 0.060760000 0.002418970 0.002332162 0.002417 1.084588e-02
6077 0.060770000 0.002309947 0.002332146 0.002417 1.084670e-02
6078 0.060780000 0.002389744 0.002332142 0.002417 1.084753e-02
6079 0.060790000 0.002512311 0.002332159 0.002417 1.084836e-02
6080 0.060800000 0.002397654 0.002332156 0.002417 1.084919e-02
6081 0.060810000 0.002495008 0.002332166 0.002417 1.085002e-02
6082 0.060820000 0.002407794 0.002332166 0.002417 1.085084e-02
6083 0.060830000 0.002351706 0.002332156 0.002417 1.085167e-02
6084 0.060840000 0.002310440 0.002332139 0.002417 1.085250e-02
6085 0.060850000 0.002356214 0.002332130 0.002417 1.085333e-02
6086 0.060860000 0.002436095 0.002332134 0.002417 1.085415e-02
6087 0.060870000 0.002312043 0.002332118 0.002417 1.085498e-02
6088 0.060880000 0.002309505 0.002332101 0.002417 1.085581e-02
6089 0.060890000 0.002313668 0.002332085 0.002417 1.085663e-02
6090 0.060900000 0.002309336 0.002332068 0.002417 1.085746e-02
6091 0.060910000 0.002314772 0.002332052 0.002417 1.085829e-02
6092 0.060920000 0.002312138 0.002332036 0.002417 1.085911e-02
6093 0.060930000 0.002309520 0.002332019 0.002417 1.085994e-02
6094 0.060940000 0.002391303 0.002332016 0.002417 1.086077e-02
6095 0.060950000 0.002314548 0.002332000 0.002417 1.086159e-02
6096 0.060960000 0.002311450 0.002331984 0.002417 1.086242e-02
6097 0.060970000 0.002316208 0.002331968 0.002417 1.086325e-02
6098 0.060980000 0.002444461 0.002331974 0.002417 1.086407e-02
6099 0.060990000 0.002308872 0.002331957 0.002417 1.086490e-02
6100 0.061000000 0.007044812 0.002331940 0.002417 1.086572e-02
6101 0.061010000 0.003089412 0.002332044 0.002417 1.086655e-02
6102 0.061020000 0.002803547 0.002332104 0.002417 1.086738e-02
6103 0.061030000 0.002415377 0.002332105 0.002417 1.086820e-02
6104 0.061040000 0.002597535 0.002332124 0.002417 1.086903e-02
6105 0.061050000 0.002518584 0.002332140 0.002417 1.086985e-02
6106 0.061060000 0.002384078 0.002332131 0.002417 1.087068e-02
6107 0.061070000 0.002344388 0.002332120 0.002417 1.087150e-02
6108 0.061080000 0.002365626 0.002332112 0.002417 1.087233e-02
6109 0.061090000 0.002420887 0.002332114 0.002417 1.087315e-02
6110 0.061100000 0.002386114 0.002332110 0.002417 1.087398e-02
6111 0.061110000 0.002495871 0.002332123 0.002417 1.087480e-02
6112 0.061120000 0.002434349 0.002332127 0.002417 1.087563e-02
6113 0.061130000 0.002499492 0.002332138 0.002417 1.087645e-02
6114 0.061140000 0.002648890 0.002332169 0.002417 1.087727e-02
6115 0.061150000 0.002504911 0.002332177 0.002417 1.087810e-02
6116 0.061160000 0.002497094 0.002332186 0.002417 1.087892e-02
6117 0.061170000 0.002462797 0.002332192 0.002417 1.087975e-02
6118 0.061180000 0.002410123 0.002332191 0.002417 1.088057e-02
6119 0.061190000 0.002603032 0.002332216 0.002417 1.088139e-02
6120 0.061200000 0.002557149 0.002332234 0.002417 1.088222e-02
6121 0.061210000 0.002414501 0.002332234 0.002417 1.088304e-02
6122 0.061220000 0.002478425 0.002332244 0.002417 1.088386e-02
6123 0.061230000 0.002394609 0.002332240 0.002417 1.088469e-02
6124 0.061240000 0.002371999 0.002332233 0.002417 1.088551e-02
6125 0.061250000 0.007291246 0.002332227 0.002417 1.088633e-02
6126 0.061260000 0.002382483 0.002332222 0.002417 1.088716e-02
6127 0.061270000 0.002373934 0.002332215 0.002417 1.088798e-02
6128 0.061280000 0.002387807 0.002332211 0.002417 1.088880e-02
6129 0.061290000 0.002381995 0.002332206 0.002417 1.088963e-02
6130 0.061300000 0.002419879 0.002332207 0.002417 1.089045e-02
6131 0.061310000 0.002558639 0.002332230 0.002417 1.089127e-02
6132 0.061320000 0.002457503 0.002332237 0.002417 1.089209e-02
6133 0.061330000 0.002369940 0.002332229 0.002417 1.089292e-02
6134 0.061340000 0.002367679 0.002332222 0.002417 1.089374e-02
6135 0.061350000 0.002388232 0.002332217 0.002417 1.089456e-02
6136 0.061360000 0.002382044 0.002332212 0.002417 1.089538e-02
6137 0.061370000 0.002383356 0.002332207 0.002417 1.089620e-02
6138 0.061380000 0.002433655 0.002332210 0.002417 1.089703e-02
6139 0.061390000 0.002548019 0.002332232 0.002417 1.089785e-02
6140 0.061400000 0.002461534 0.002332239 0.002417 1.089867e-02
6141 0.061410000 0.002370775 0.002332232 0.002417 1.089949e-02
6142 0.061420000 0.002414446 0.002332232 0.002417 1.090031e-02
6143 0.061430000 0.002490284 0.002332244 0.002417 1.090113e-02
6144 0.061440000 0.002450104 0.002332250 0.002417 1.090195e-02
6145 0.061450000 0.002408671 0.002332249 0.002417 1.090277e-02
6146 0.061460000 0.002479386 0.002332256 0.002417 1.090360e-02
6147 0.061470000 0.002618118 0.002332283 0.002417 1.090442e-02
6148 0.061480000 0.002473933 0.002332292 0.002417 1.090524e-02
6149 0.061490000 0.002422902 0.002332294 0.002417 1.090606e-02
6150 0.061500000 0.006643920 0.002332309 0.002417 1.090688e-02
6151 0.061510000 0.002414228 0.002332309 0.002417 1.090770e-02
6152 0.061520000 0.002900909 0.002332387 0.002417 1.090852e-02
6153 0.061530000 0.002544490 0.002332408 0.002417 1.090934e-02
6154 0.061540000 0.002463690 0.002332416 0.002417 1.091016e-02
6155 0.061550000 0.002580280 0.002332443 0.002417 1.091098e-02
6156 0.061560000 0.002568282 0.002332468 0.002417 1.091180e-02
6157 0.061570000 0.002537287 0.002332486 0.002417 1.091262e-02
6158 0.061580000 0.002468728 0.002332489 0.002417 1.091344e-02
6159 0.061590000 0.002444582 0.002332491 0.002417 1.091426e-02
6160 0.061600000 0.002385670 0.002332486 0.002417 1.091508e-02
6161 0.061610000 0.002473821 0.002332492 0.002417 1.091590e-02
6162 0.061620000 0.002386301 0.002332487 0.002417 1.091672e-02
6163 0.061630000 0.002546406 0.002332507 0.002417 1.091753e-02
6164 0.061640000 0.002454267 0.002332513 0.002417 1.091835e-02
6165 0.061650000 0.002388842 0.002332507 0.002417 1.091917e-02
6166 0.061660000 0.002401038 0.002332504 0.002417 1.091999e-02
6167 0.061670000 0.002425130 0.002332506 0.002417 1.092081e-02
6168 0.061680000 0.002376505 0.002332500 0.002417 1.092163e-02
6169 0.061690000 0.002389250 0.002332496 0.002417 1.092245e-02
6170 0.061700000 0.002434407 0.002332499 0.002417 1.092327e-02
6171 0.061710000 0.002476296 0.002332509 0.002417 1.092408e-02
6172 0.061720000 0.002387804 0.002332504 0.002417 1.092490e-02
6173 0.061730000 0.002367675 0.002332497 0.002417 1.092572e-02
6174 0.061740000 0.002383866 0.002332492 0.002417 1.092654e-02
6175 0.061750000 0.006579607 0.002332485 0.002417 1.092736e-02
6176 0.061760000 0.002737633 0.002332531 0.002417 1.092817e-02
6177 0.061770000 0.002413618 0.002332531 0.002417 1.092899e-02
6178 0.061780000 0.002384547 0.002332526 0.002417 1.092981e-02
6179 0.061790000 0.002418472 0.002332527 0.002417 1.093063e-02
6180 0.061800000 0.002365713 0.002332519 0.002417 1.093144e-02
6181 0.061810000 0.002399634 0.002332516 0.002417 1.093226e-02
6182 0.061820000 0.002434508 0.002332513 0.002417 1.093308e-02
6183 0.061830000 0.002459652 0.002332520 0.002417 1.093390e-02
6184 0.061840000 0.002427551 0.002332522 0.002417 1.093471e-02
6185 0.061850000 0.002370952 0.002332515 0.002417 1.093553e-02
6186 0.061860000 0.002370429 0.002332508 0.002417 1.093635e-02
6187 0.061870000 0.002368495 0.002332501 0.002417 1.093716e-02
6188 0.061880000 0.002511683 0.002332516 0.002417 1.093798e-02
6189 0.061890000 0.002374090 0.002332510 0.002417 1.093880e-02
6190 0.061900000 0.002368847 0.002332503 0.002417 1.093961e-02
6191 0.061910000 0.002372357 0.002332496 0.002417 1.094043e-02
6192 0.061920000 0.002411829 0.002332495 0.002417 1.094124e-02
6193 0.061930000 0.002483033 0.002332506 0.002417 1.094206e-02
6194 0.061940000 0.002412671 0.002332506 0.002417 1.094288e-02
6195 0.061950000 0.002442808 0.002332511 0.002417 1.094369e-02
6196 0.061960000 0.002490864 0.002332504 0.002417 1.094451e-02
6197 0.061970000 0.002601918 0.002332534 0.002417 1.094532e-02
6198 0.061980000 0.002413182 0.002332533 0.002417 1.094614e-02
6199 0.061990000 0.002406779 0.002332532 0.002417 1.094695e-02
6200 0.062000000 0.006711037 0.002332526 0.002417 1.094777e-02
6201 0.062010000 0.002437859 0.002332529 0.002417 1.094858e-02
6202 0.062020000 0.002368624 0.002332522 0.002417 1.094940e-02
6203 0.062030000 0.002384768 0.002332517 0.002417 1.095021e-02
6204 0.062040000 0.002397259 0.002332514 0.002417 1.095103e-02
6205 0.062050000 0.002374794 0.002332507 0.002417 1.095184e-02
6206 0.062060000 0.002375827 0.002332501 0.002417 1.095266e-02
6207 0.062070000 0.002420932 0.002332502 0.002417 1.095347e-02
6208 0.062080000 0.002475128 0.002332512 0.002417 1.095429e-02
6209 0.062090000 0.002383683 0.002332505 0.002417 1.095510e-02
6210 0.062100000 0.002415895 0.002332505 0.002417 1.095592e-02
6211 0.062110000 0.002461226 0.002332513 0.002417 1.095673e-02
6212 0.062120000 0.002387201 0.002332508 0.002417 1.095754e-02
6213 0.062130000 0.002406866 0.002332507 0.002417 1.095836e-02
6214 0.062140000 0.002422280 0.002332508 0.002417 1.095917e-02
6215 0.062150000 0.002497911 0.002332521 0.002417 1.095998e-02
6216 0.062160000 0.002372856 0.002332514 0.002417 1.096080e-02
6217 0.062170000 0.002370128 0.002332507 0.002417 1.096161e-02
6218 0.062180000 0.002368689 0.002332500 0.002417 1.096243e-02
6219 0.062190000 0.002467192 0.002332508 0.002417 1.096324e-02
6220 0.062200000 0.002369844 0.002332501 0.002417 1.096405e-02
6221 0.062210000 0.002408515 0.002332500 0.002417 1.096487e-02
6222 0.062220000 0.002466410 0.002332506 0.002417 1.096568e-02
6223 0.062230000 0.002479743 0.002332516 0.002417 1.096649e-02
6224 0.062240000 0.002509897 0.002332532 0.002417 1.096730e-02
6225 0.062250000 0.006464107 0.002332525 0.002417 1.096812e-02
6226 0.062260000 0.002532077 0.002332544 0.002417 1.096893e-02
6227 0.062270000 0.002474847 0.002332553 0.002417 1.096974e-02
6228 0.062280000 0.002393262 0.002332549 0.002417 1.097055e-02
6229 0.062290000 0.002379696 0.002332544 0.002417 1.097137e-02
6230 0.062300000 0.002380444 0.002332538 0.002417 1.097218e-02
6231 0.062310000 0.002420281 0.002332539 0.002417 1.097299e-02
6232 0.062320000 0.002473664 0.002332542 0.002417 1.097380e-02
6233 0.062330000 0.002411363 0.002332541 0.002417 1.097461e-02
6234 0.062340000 0.002501680 0.002332555 0.002417 1.097543e-02
6235 0.062350000 0.002451903 0.002332561 0.002417 1.097624e-02
6236 0.062360000 0.002456444 0.002332566 0.002417 1.097705e-02
6237 0.062370000 0.002372920 0.002332560 0.002417 1.097786e-02
6238 0.062380000 0.002376934 0.002332554 0.002417 1.097867e-02
6239 0.062390000 0.002474806 0.002332563 0.002417 1.097948e-02
6240 0.062400000 0.002404300 0.002332561 0.002417 1.098029e-02
6241 0.062410000 0.002489829 0.002332568 0.002417 1.098111e-02
6242 0.062420000 0.002380661 0.002332563 0.002417 1.098192e-02
6243 0.062430000 0.002412707 0.002332562 0.002417 1.098273e-02
6244 0.062440000 0.002375891 0.002332556 0.002417 1.098354e-02
6245 0.062450000 0.002405682 0.002332555 0.002417 1.098435e-02
6246 0.062460000 0.002411597 0.002332554 0.002417 1.098516e-02
6247 0.062470000 0.002498842 0.002332556 0.002417 1.098597e-02
6248 0.062480000 0.002506149 0.002332564 0.002417 1.098678e-02
6249 0.062490000 0.002372958 0.002332557 0.002417 1.098759e-02
6250 0.062500000 0.006636864 0.002332553 0.002417 1.098840e-02
6251 0.062510000 0.002482355 0.002332563 0.002417 1.098921e-02
6252 0.062520000 0.002465711 0.002332564 0.002417 1.099002e-02
6253 0.062530000 0.002540256 0.002332584 0.002417 1.099083e-02
6254 0.062540000 0.002366750 0.002332577 0.002417 1.099164e-02
6255 0.062550000 0.002367924 0.002332569 0.002417 1.099245e-02
6256 0.062560000 0.002387347 0.002332565 0.002417 1.099326e-02
6257 0.062570000 0.002368561 0.002332558 0.002417 1.099407e-02
6258 0.062580000 0.002492923 0.002332570 0.002417 1.099488e-02
6259 0.062590000 0.002412517 0.002332570 0.002417 1.099569e-02
6260 0.062600000 0.002520506 0.002332585 0.002417 1.099650e-02
6261 0.062610000 0.002419689 0.002332578 0.002417 1.099730e-02
6262 0.062620000 0.002387230 0.002332574 0.002417 1.099811e-02
6263 0.062630000 0.002372339 0.002332567 0.002417 1.099892e-02
6264 0.062640000 0.002477417 0.002332577 0.002417 1.099973e-02
6265 0.062650000 0.002484527 0.002332588 0.002417 1.100054e-02
6266 0.062660000 0.002380724 0.002332583 0.002417 1.100135e-02
6267 0.062670000 0.002495198 0.002332590 0.002417 1.100216e-02
6268 0.062680000 0.002383669 0.002332585 0.002417 1.100296e-02
6269 0.062690000 0.002410145 0.002332584 0.002417 1.100377e-02
6270 0.062700000 0.002370987 0.002332577 0.002417 1.100458e-02
6271 0.062710000 0.002435391 0.002332580 0.002417 1.100539e-02
6272 0.062720000 0.002602089 0.002332610 0.002417 1.100620e-02
6273 0.062730000 0.002431154 0.002332611 0.002417 1.100700e-02
6274 0.062740000 0.002417258 0.002332608 0.002417 1.100781e-02
6275 0.062750000 0.006632289 0.002332605 0.002417 1.100862e-02
6276 0.062760000 0.002428804 0.002332607 0.002417 1.100943e-02
6277 0.062770000 0.002421223 0.002332608 0.002417 1.101023e-02
6278 0.062780000 0.002389192 0.002332603 0.002417 1.101104e-02
6279 0.062790000 0.002562124 0.002332620 0.002417 1.101185e-02
6280 0.062800000 0.002394280 0.002332617 0.002417 1.101266e-02
6281 0.062810000 0.002381999 0.002332612 0.002417 1.101346e-02
6282 0.062820000 0.002380966 0.002332606 0.002417 1.101427e-02
6283 0.062830000 0.002371857 0.002332600 0.002417 1.101508e-02
6284 0.062840000 0.002466405 0.002332608 0.002417 1.101588e-02
6285 0.062850000 0.002456613 0.002332614 0.002417 1.101669e-02
6286 0.062860000 0.002391968 0.002332608 0.002417 1.101750e-02
6287 0.062870000 0.002370227 0.002332601 0.002417 1.101830e-02
6288 0.062880000 0.002405709 0.002332599 0.002417 1.101911e-02
6289 0.062890000 0.002384496 0.002332594 0.002417 1.101991e-02
6290 0.062900000 0.002425091 0.002332596 0.002417 1.102072e-02
6291 0.062910000 0.002410006 0.002332595 0.002417 1.102153e-02
6292 0.062920000 0.002539101 0.002332613 0.002417 1.102233e-02
6293 0.062930000 0.002444093 0.002332617 0.002417 1.102314e-02
6294 0.062940000 0.002620220 0.002332644 0.002417 1.102394e-02
6295 0.062950000 0.002500440 0.002332657 0.002417 1.102475e-02
6296 0.062960000 0.002416954 0.002332657 0.002417 1.102555e-02
6297 0.062970000 0.002420035 0.002332654 0.002417 1.102636e-02
6298 0.062980000 0.002544844 0.002332674 0.002417 1.102717e-02
6299 0.062990000 0.002522339 0.002332688 0.002417 1.102797e-02
6300 0.063000000 0.006857934 0.002332685 0.002417 1.102878e-02
6301 0.063010000 0.002803497 0.002332741 0.002417 1.102958e-02
6302 0.063020000 0.003035214 0.002332830 0.002417 1.103039e-02
6303 0.063030000 0.002552697 0.002332848 0.002417 1.103119e-02
6304 0.063040000 0.002430345 0.002332842 0.002417 1.103199e-02
6305 0.063050000 0.002424667 0.002332843 0.002417 1.103280e-02
6306 0.063060000 0.002459816 0.002332850 0.002417 1.103360e-02
6307 0.063070000 0.002423900 0.002332851 0.002417 1.103441e-02
6308 0.063080000 0.002511013 0.002332865 0.002417 1.103521e-02
6309 0.063090000 0.002420577 0.002332866 0.002417 1.103602e-02
6310 0.063100000 0.002638822 0.002332901 0.002417 1.103682e-02
6311 0.063110000 0.002723420 0.002332944 0.002417 1.103762e-02
6312 0.063120000 0.002379985 0.002332938 0.002417 1.103843e-02
6313 0.063130000 0.002391659 0.002332934 0.002417 1.103923e-02
6314 0.063140000 0.002500788 0.002332947 0.002417 1.104004e-02
6315 0.063150000 0.002575500 0.002332972 0.002417 1.104084e-02
6316 0.063160000 0.002567971 0.002332992 0.002417 1.104164e-02
6317 0.063170000 0.002401946 0.002332990 0.002417 1.104245e-02
6318 0.063180000 0.002681061 0.002333031 0.002417 1.104325e-02
6319 0.063190000 0.002502565 0.002333045 0.002417 1.104405e-02
6320 0.063200000 0.002422421 0.002333046 0.002417 1.104486e-02
6321 0.063210000 0.002422999 0.002333046 0.002417 1.104566e-02
6322 0.063220000 0.002555893 0.002333061 0.002417 1.104646e-02
6323 0.063230000 0.002385875 0.002333057 0.002417 1.104726e-02
6324 0.063240000 0.002376111 0.002333050 0.002417 1.104807e-02
6325 0.063250000 0.008330755 0.002333061 0.002417 1.104887e-02
6326 0.063260000 0.002378429 0.002333055 0.002417 1.104967e-02
6327 0.063270000 0.002591169 0.002333082 0.002417 1.105047e-02
6328 0.063280000 0.002465776 0.002333090 0.002417 1.105128e-02
6329 0.063290000 0.002381238 0.002333085 0.002417 1.105208e-02
6330 0.063300000 0.002424642 0.002333086 0.002417 1.105288e-02
6331 0.063310000 0.002526012 0.002333099 0.002417 1.105368e-02
6332 0.063320000 0.002397234 0.002333097 0.002417 1.105448e-02
6333 0.063330000 0.002529947 0.002333115 0.002417 1.105529e-02
6334 0.063340000 0.002587828 0.002333136 0.002417 1.105609e-02
6335 0.063350000 0.002463649 0.002333142 0.002417 1.105689e-02
6336 0.063360000 0.002467597 0.002333150 0.002417 1.105769e-02
6337 0.063370000 0.002378747 0.002333143 0.002417 1.105849e-02
6338 0.063380000 0.002370892 0.002333136 0.002417 1.105929e-02
6339 0.063390000 0.002371075 0.002333129 0.002417 1.106009e-02
6340 0.063400000 0.002450983 0.002333134 0.002417 1.106089e-02
6341 0.063410000 0.002379193 0.002333129 0.002417 1.106170e-02
6342 0.063420000 0.002374062 0.002333122 0.002417 1.106250e-02
6343 0.063430000 0.002390811 0.002333117 0.002417 1.106330e-02
6344 0.063440000 0.002371321 0.002333111 0.002417 1.106410e-02
6345 0.063450000 0.002448610 0.002333116 0.002417 1.106490e-02
6346 0.063460000 0.002415672 0.002333116 0.002417 1.106570e-02
6347 0.063470000 0.002399709 0.002333113 0.002417 1.106650e-02
6348 0.063480000 0.002387954 0.002333109 0.002417 1.106730e-02
6349 0.063490000 0.002417368 0.002333109 0.002417 1.106810e-02
6350 0.063500000 0.008583958 0.002333104 0.002417 1.106890e-02
6351 0.063510000 0.002526689 0.002333118 0.002417 1.106970e-02
6352 0.063520000 0.002429662 0.002333120 0.002417 1.107050e-02
6353 0.063530000 0.002434201 0.002333123 0.002417 1.107130e-02
6354 0.063540000 0.002370750 0.002333116 0.002417 1.107210e-02
6355 0.063550000 0.002371116 0.002333109 0.002417 1.107290e-02
6356 0.063560000 0.002372709 0.002333102 0.002417 1.107370e-02
6357 0.063570000 0.002369866 0.002333095 0.002417 1.107450e-02
6358 0.063580000 0.002439622 0.002333098 0.002417 1.107530e-02
6359 0.063590000 0.002372622 0.002333092 0.002417 1.107610e-02
6360 0.063600000 0.002375107 0.002333085 0.002417 1.107689e-02
6361 0.063610000 0.002422681 0.002333085 0.002417 1.107769e-02
6362 0.063620000 0.002371175 0.002333078 0.002417 1.107849e-02
6363 0.063630000 0.002386900 0.002333074 0.002417 1.107929e-02
6364 0.063640000 0.002370366 0.002333067 0.002417 1.108009e-02
6365 0.063650000 0.002441611 0.002333070 0.002417 1.108089e-02
6366 0.063660000 0.002381476 0.002333064 0.002417 1.108169e-02
6367 0.063670000 0.002388639 0.002333060 0.002417 1.108249e-02
6368 0.063680000 0.002374296 0.002333054 0.002417 1.108328e-02
6369 0.063690000 0.002425569 0.002333055 0.002417 1.108408e-02
6370 0.063700000 0.002371670 0.002333048 0.002417 1.108488e-02
6371 0.063710000 0.002376407 0.002333042 0.002417 1.108568e-02
6372 0.063720000 0.002431817 0.002333044 0.002417 1.108648e-02
6373 0.063730000 0.002436187 0.002333047 0.002417 1.108727e-02
6374 0.063740000 0.002424554 0.002333048 0.002417 1.108807e-02
6375 0.063750000 0.007888568 0.002333050 0.002417 1.108887e-02
6376 0.063760000 0.002384066 0.002333043 0.002417 1.108967e-02
6377 0.063770000 0.002434526 0.002333046 0.002417 1.109046e-02
6378 0.063780000 0.002389559 0.002333042 0.002417 1.109126e-02
6379 0.063790000 0.002378565 0.002333036 0.002417 1.109206e-02
6380 0.063800000 0.002373371 0.002333029 0.002417 1.109286e-02
6381 0.063810000 0.002431978 0.002333032 0.002417 1.109365e-02
6382 0.063820000 0.002455824 0.002333037 0.002417 1.109445e-02
6383 0.063830000 0.002384737 0.002333031 0.002417 1.109525e-02
6384 0.063840000 0.002437195 0.002333034 0.002417 1.109604e-02
6385 0.063850000 0.002392200 0.002333030 0.002417 1.109684e-02
6386 0.063860000 0.002418321 0.002333031 0.002417 1.109764e-02
6387 0.063870000 0.002380913 0.002333025 0.002417 1.109843e-02
6388 0.063880000 0.002373921 0.002333018 0.002417 1.109923e-02
6389 0.063890000 0.002374388 0.002333012 0.002417 1.110002e-02
6390 0.063900000 0.002373606 0.002333005 0.002417 1.110082e-02
6391 0.063910000 0.002377816 0.002332999 0.002417 1.110162e-02
6392 0.063920000 0.002389554 0.002332994 0.002417 1.110241e-02
6393 0.063930000 0.002371868 0.002332987 0.002417 1.110321e-02
6394 0.063940000 0.002376466 0.002332981 0.002417 1.110400e-02
6395 0.063950000 0.002452360 0.002332987 0.002417 1.110480e-02
6396 0.063960000 0.002460214 0.002332994 0.002417 1.110560e-02
6397 0.063970000 0.002440328 0.002332991 0.002417 1.110639e-02
6398 0.063980000 0.002482205 0.002333001 0.002417 1.110719e-02
6399 0.063990000 0.002387729 0.002332995 0.002417 1.110798e-02
6400 0.064000000 0.008364073 0.002332988 0.002417 1.110878e-02
6401 0.064010000 0.002391090 0.002332982 0.002417 1.110957e-02
6402 0.064020000 0.002470691 0.002332989 0.002417 1.111037e-02
6403 0.064030000 0.002374197 0.002332982 0.002417 1.111116e-02
6404 0.064040000 0.002384801 0.002332977 0.002417 1.111196e-02
6405 0.064050000 0.002370621 0.002332971 0.002417 1.111275e-02
6406 0.064060000 0.002373897 0.002332964 0.002417 1.111354e-02
6407 0.064070000 0.002369922 0.002332957 0.002417 1.111434e-02
6408 0.064080000 0.002374291 0.002332951 0.002417 1.111513e-02
6409 0.064090000 0.002540210 0.002332967 0.002417 1.111593e-02
6410 0.064100000 0.002386182 0.002332962 0.002417 1.111672e-02
6411 0.064110000 0.002373189 0.002332956 0.002417 1.111752e-02
6412 0.064120000 0.002371041 0.002332949 0.002417 1.111831e-02
6413 0.064130000 0.002371739 0.002332942 0.002417 1.111910e-02
6414 0.064140000 0.002372411 0.002332935 0.002417 1.111990e-02
6415 0.064150000 0.002373690 0.002332928 0.002417 1.112069e-02
6416 0.064160000 0.002475487 0.002332937 0.002417 1.112148e-02
6417 0.064170000 0.002377997 0.002332931 0.002417 1.112228e-02
6418 0.064180000 0.002377374 0.002332925 0.002417 1.112307e-02
6419 0.064190000 0.002371926 0.002332919 0.002417 1.112386e-02
6420 0.064200000 0.002372155 0.002332912 0.002417 1.112466e-02
6421 0.064210000 0.002384331 0.002332906 0.002417 1.112545e-02
6422 0.064220000 0.002376143 0.002332900 0.002417 1.112624e-02
6423 0.064230000 0.002446037 0.002332905 0.002417 1.112704e-02
6424 0.064240000 0.002372607 0.002332898 0.002417 1.112783e-02
6425 0.064250000 0.008550486 0.002332891 0.002417 1.112862e-02
6426 0.064260000 0.002389367 0.002332884 0.002417 1.112942e-02
6427 0.064270000 0.002434883 0.002332887 0.002417 1.113021e-02
6428 0.064280000 0.002412274 0.002332887 0.002417 1.113100e-02
6429 0.064290000 0.002370646 0.002332880 0.002417 1.113179e-02
6430 0.064300000 0.002372679 0.002332873 0.002417 1.113258e-02
6431 0.064310000 0.002372710 0.002332867 0.002417 1.113338e-02
6432 0.064320000 0.002374149 0.002332860 0.002417 1.113417e-02
6433 0.064330000 0.002395173 0.002332857 0.002417 1.113496e-02
6434 0.064340000 0.002391418 0.002332853 0.002417 1.113575e-02
6435 0.064350000 0.002380855 0.002332847 0.002417 1.113654e-02
6436 0.064360000 0.002420808 0.002332848 0.002417 1.113734e-02
6437 0.064370000 0.002372324 0.002332841 0.002417 1.113813e-02
6438 0.064380000 0.002372324 0.002332835 0.002417 1.113892e-02
6439 0.064390000 0.002385202 0.002332830 0.002417 1.113971e-02
6440 0.064400000 0.002414291 0.002332830 0.002417 1.114050e-02
6441 0.064410000 0.002486708 0.002332841 0.002417 1.114129e-02
6442 0.064420000 0.002385237 0.002332836 0.002417 1.114208e-02
6443 0.064430000 0.002418060 0.002332837 0.002417 1.114287e-02
6444 0.064440000 0.002380624 0.002332830 0.002417 1.114367e-02
6445 0.064450000 0.002370978 0.002332823 0.002417 1.114446e-02
6446 0.064460000 0.002378082 0.002332817 0.002417 1.114525e-02
6447 0.064470000 0.002371954 0.002332810 0.002417 1.114604e-02
6448 0.064480000 0.002473041 0.002332819 0.002417 1.114683e-02
6449 0.064490000 0.002503412 0.002332832 0.002417 1.114762e-02
6450 0.064500000 0.007912670 0.002332834 0.002417 1.114841e-02
6451 0.064510000 0.002392976 0.002332827 0.002417 1.114920e-02
6452 0.064520000 0.002414924 0.002332827 0.002417 1.114999e-02
6453 0.064530000 0.002391858 0.002332823 0.002417 1.115078e-02
6454 0.064540000 0.002465587 0.002332831 0.002417 1.115157e-02
6455 0.064550000 0.002378714 0.002332824 0.002417 1.115236e-02
6456 0.064560000 0.002386834 0.002332820 0.002417 1.115315e-02
6457 0.064570000 0.002375608 0.002332814 0.002417 1.115394e-02
6458 0.064580000 0.002457048 0.002332820 0.002417 1.115473e-02
6459 0.064590000 0.002465540 0.002332828 0.002417 1.115552e-02
6460 0.064600000 0.002517021 0.002332842 0.002417 1.115631e-02
6461 0.064610000 0.002447352 0.002332847 0.002417 1.115710e-02
6462 0.064620000 0.002389075 0.002332843 0.002417 1.115788e-02
6463 0.064630000 0.002375599 0.002332837 0.002417 1.115867e-02
6464 0.064640000 0.002374827 0.002332831 0.002417 1.115946e-02
6465 0.064650000 0.002371795 0.002332824 0.002417 1.116025e-02
6466 0.064660000 0.002386163 0.002332819 0.002417 1.116104e-02
6467 0.064670000 0.002421265 0.002332820 0.002417 1.116183e-02
6468 0.064680000 0.002390046 0.002332816 0.002417 1.116262e-02
6469 0.064690000 0.002372589 0.002332810 0.002417 1.116341e-02
6470 0.064700000 0.002372807 0.002332803 0.002417 1.116419e-02
6471 0.064710000 0.002425814 0.002332805 0.002417 1.116498e-02
6472 0.064720000 0.002461692 0.002332812 0.002417 1.116577e-02
6473 0.064730000 0.002439569 0.002332814 0.002417 1.116656e-02
6474 0.064740000 0.002370431 0.002332807 0.002417 1.116735e-02
6475 0.064750000 0.007747204 0.002332800 0.002417 1.116813e-02
6476 0.064760000 0.002386247 0.002332794 0.002417 1.116892e-02
6477 0.064770000 0.002378904 0.002332787 0.002417 1.116971e-02
6478 0.064780000 0.002375573 0.002332781 0.002417 1.117050e-02
6479 0.064790000 0.002703395 0.002332823 0.002417 1.117128e-02
6480 0.064800000 0.003152469 0.002332930 0.002417 1.117207e-02
6481 0.064810000 0.002809343 0.002332984 0.002417 1.117286e-02
6482 0.064820000 0.002422744 0.002332985 0.002417 1.117365e-02
6483 0.064830000 0.002370609 0.002332978 0.002417 1.117443e-02
6484 0.064840000 0.002369005 0.002332971 0.002417 1.117522e-02
6485 0.064850000 0.002385965 0.002332966 0.002417 1.117601e-02
6486 0.064860000 0.002371086 0.002332960 0.002417 1.117679e-02
6487 0.064870000 0.002372588 0.002332953 0.002417 1.117758e-02
6488 0.064880000 0.002368188 0.002332946 0.002417 1.117837e-02
6489 0.064890000 0.002373010 0.002332939 0.002417 1.117915e-02
6490 0.064900000 0.002384019 0.002332935 0.002417 1.117994e-02
6491 0.064910000 0.002464256 0.002332942 0.002417 1.118073e-02
6492 0.064920000 0.002446201 0.002332947 0.002417 1.118151e-02
6493 0.064930000 0.002388207 0.002332943 0.002417 1.118230e-02
6494 0.064940000 0.002492634 0.002332950 0.002417 1.118309e-02
6495 0.064950000 0.002370506 0.002332943 0.002417 1.118387e-02
6496 0.064960000 0.002374711 0.002332937 0.002417 1.118466e-02
6497 0.064970000 0.002378423 0.002332931 0.002417 1.118544e-02
6498 0.064980000 0.002394639 0.002332928 0.002417 1.118623e-02
6499 0.064990000 0.002370189 0.002332921 0.002417 1.118701e-02
6500 0.065000000 0.006364588 0.002332914 0.002417 1.118780e-02
6501 0.065010000 0.002505230 0.002332922 0.002417 1.118859e-02
6502 0.065020000 0.002424860 0.002332923 0.002417 1.118937e-02
6503 0.065030000 0.002377960 0.002332918 0.002417 1.119016e-02
6504 0.065040000 0.002378949 0.002332912 0.002417 1.119094e-02
6505 0.065050000 0.002369612 0.002332905 0.002417 1.119173e-02
6506 0.065060000 0.002384863 0.002332901 0.002417 1.119251e-02
6507 0.065070000 0.002366152 0.002332893 0.002417 1.119330e-02
6508 0.065080000 0.002386304 0.002332888 0.002417 1.119408e-02
6509 0.065090000 0.002367849 0.002332881 0.002417 1.119487e-02
6510 0.065100000 0.002377231 0.002332875 0.002417 1.119565e-02
6511 0.065110000 0.002455982 0.002332872 0.002417 1.119643e-02
6512 0.065120000 0.002370318 0.002332865 0.002417 1.119722e-02
6513 0.065130000 0.002390567 0.002332861 0.002417 1.119800e-02
6514 0.065140000 0.002379335 0.002332855 0.002417 1.119879e-02
6515 0.065150000 0.002369247 0.002332848 0.002417 1.119957e-02
6516 0.065160000 0.002375138 0.002332842 0.002417 1.120036e-02
6517 0.065170000 0.002402439 0.002332840 0.002417 1.120114e-02
6518 0.065180000 0.002377151 0.002332834 0.002417 1.120192e-02
6519 0.065190000 0.002370465 0.002332827 0.002417 1.120271e-02
6520 0.065200000 0.002378525 0.002332822 0.002417 1.120349e-02
6521 0.065210000 0.002370425 0.002332815 0.002417 1.120427e-02
6522 0.065220000 0.002367921 0.002332808 0.002417 1.120506e-02
6523 0.065230000 0.002367349 0.002332801 0.002417 1.120584e-02
6524 0.065240000 0.002385118 0.002332796 0.002417 1.120662e-02
6525 0.065250000 0.006324610 0.002332789 0.002417 1.120741e-02
6526 0.065260000 0.002456744 0.002332796 0.002417 1.120819e-02
6527 0.065270000 0.002371857 0.002332789 0.002417 1.120897e-02
6528 0.065280000 0.002407345 0.002332788 0.002417 1.120976e-02
6529 0.065290000 0.002420516 0.002332789 0.002417 1.121054e-02
6530 0.065300000 0.002385167 0.002332784 0.002417 1.121132e-02
6531 0.065310000 0.002379738 0.002332778 0.002417 1.121210e-02
6532 0.065320000 0.002379856 0.002332772 0.002417 1.121289e-02
6533 0.065330000 0.002379262 0.002332766 0.002417 1.121367e-02
6534 0.065340000 0.002417626 0.002332766 0.002417 1.121445e-02
6535 0.065350000 0.002462308 0.002332773 0.002417 1.121523e-02
6536 0.065360000 0.002427238 0.002332775 0.002417 1.121602e-02
6537 0.065370000 0.002446865 0.002332780 0.002417 1.121680e-02
6538 0.065380000 0.002376690 0.002332774 0.002417 1.121758e-02
6539 0.065390000 0.002429131 0.002332776 0.002417 1.121836e-02
6540 0.065400000 0.002370864 0.002332769 0.002417 1.121914e-02
6541 0.065410000 0.002377152 0.002332763 0.002417 1.121992e-02
6542 0.065420000 0.002372945 0.002332757 0.002417 1.122071e-02
6543 0.065430000 0.002398137 0.002332754 0.002417 1.122149e-02
6544 0.065440000 0.002461279 0.002332761 0.002417 1.122227e-02
6545 0.065450000 0.002458474 0.002332767 0.002417 1.122305e-02
6546 0.065460000 0.002376876 0.002332761 0.002417 1.122383e-02
6547 0.065470000 0.002375182 0.002332755 0.002417 1.122461e-02
6548 0.065480000 0.002370825 0.002332749 0.002417 1.122539e-02
6549 0.065490000 0.002382877 0.002332743 0.002417 1.122617e-02
6550 0.065500000 0.008520305 0.002332738 0.002417 1.122696e-02
6551 0.065510000 0.002392415 0.002332732 0.002417 1.122774e-02
6552 0.065520000 0.002373533 0.002332725 0.002417 1.122852e-02
6553 0.065530000 0.002376310 0.002332719 0.002417 1.122930e-02
6554 0.065540000 0.002369830 0.002332712 0.002417 1.123008e-02
6555 0.065550000 0.002407969 0.002332711 0.002417 1.123086e-02
6556 0.065560000 0.002383492 0.002332706 0.002417 1.123164e-02
6557 0.065570000 0.002412372 0.002332706 0.002417 1.123242e-02
6558 0.065580000 0.002371686 0.002332699 0.002417 1.123320e-02
6559 0.065590000 0.002374832 0.002332692 0.002417 1.123398e-02
6560 0.065600000 0.002382021 0.002332687 0.002417 1.123476e-02
6561 0.065610000 0.002373139 0.002332681 0.002417 1.123554e-02
6562 0.065620000 0.002398733 0.002332677 0.002417 1.123632e-02
6563 0.065630000 0.002373114 0.002332671 0.002417 1.123710e-02
6564 0.065640000 0.002380017 0.002332666 0.002417 1.123788e-02
6565 0.065650000 0.002380917 0.002332660 0.002417 1.123866e-02
6566 0.065660000 0.002385776 0.002332656 0.002417 1.123944e-02
6567 0.065670000 0.002370937 0.002332649 0.002417 1.124021e-02
6568 0.065680000 0.002372754 0.002332642 0.002417 1.124099e-02
6569 0.065690000 0.002801371 0.002332694 0.002417 1.124177e-02
6570 0.065700000 0.002452392 0.002332700 0.002417 1.124255e-02
6571 0.065710000 0.002373676 0.002332693 0.002417 1.124333e-02
6572 0.065720000 0.002384919 0.002332688 0.002417 1.124411e-02
6573 0.065730000 0.002373429 0.002332682 0.002417 1.124489e-02
6574 0.065740000 0.002369333 0.002332675 0.002417 1.124567e-02
6575 0.065750000 0.008688929 0.002332670 0.002417 1.124645e-02
6576 0.065760000 0.002467872 0.002332670 0.002417 1.124722e-02
6577 0.065770000 0.002414580 0.002332667 0.002417 1.124800e-02
6578 0.065780000 0.002379928 0.002332662 0.002417 1.124878e-02
6579 0.065790000 0.002367531 0.002332655 0.002417 1.124956e-02
6580 0.065800000 0.002400389 0.002332652 0.002417 1.125034e-02
6581 0.065810000 0.002379563 0.002332647 0.002417 1.125111e-02
6582 0.065820000 0.002390349 0.002332642 0.002417 1.125189e-02
6583 0.065830000 0.002369429 0.002332635 0.002417 1.125267e-02
6584 0.065840000 0.002379458 0.002332630 0.002417 1.125345e-02
6585 0.065850000 0.002370391 0.002332623 0.002417 1.125422e-02
6586 0.065860000 0.002366818 0.002332616 0.002417 1.125500e-02
6587 0.065870000 0.002418805 0.002332617 0.002417 1.125578e-02
6588 0.065880000 0.002370743 0.002332610 0.002417 1.125656e-02
6589 0.065890000 0.002385290 0.002332605 0.002417 1.125733e-02
6590 0.065900000 0.002375224 0.002332600 0.002417 1.125811e-02
6591 0.065910000 0.002368219 0.002332593 0.002417 1.125889e-02
6592 0.065920000 0.002369959 0.002332586 0.002417 1.125967e-02
6593 0.065930000 0.002429622 0.002332586 0.002417 1.126044e-02
6594 0.065940000 0.002394556 0.002332583 0.002417 1.126122e-02
6595 0.065950000 0.002382048 0.002332578 0.002417 1.126200e-02
6596 0.065960000 0.002371338 0.002332572 0.002417 1.126277e-02
6597 0.065970000 0.002369619 0.002332565 0.002417 1.126355e-02
6598 0.065980000 0.002373032 0.002332558 0.002417 1.126432e-02
6599 0.065990000 0.002366900 0.002332551 0.002417 1.126510e-02
6600 0.066000000 0.006566947 0.002332545 0.002417 1.126588e-02
6601 0.066010000 0.002424784 0.002332546 0.002417 1.126665e-02
6602 0.066020000 0.002414196 0.002332546 0.002417 1.126743e-02
6603 0.066030000 0.002368408 0.002332539 0.002417 1.126820e-02
6604 0.066040000 0.002369413 0.002332532 0.002417 1.126898e-02
6605 0.066050000 0.002368588 0.002332525 0.002417 1.126976e-02
6606 0.066060000 0.002420862 0.002332526 0.002417 1.127053e-02
6607 0.066070000 0.002382575 0.002332522 0.002417 1.127131e-02
6608 0.066080000 0.002367222 0.002332515 0.002417 1.127208e-02
6609 0.066090000 0.002371414 0.002332508 0.002417 1.127286e-02
6610 0.066100000 0.002369969 0.002332501 0.002417 1.127363e-02
6611 0.066110000 0.002368494 0.002332495 0.002417 1.127441e-02
6612 0.066120000 0.002367350 0.002332488 0.002417 1.127518e-02
6613 0.066130000 0.002390525 0.002332484 0.002417 1.127596e-02
6614 0.066140000 0.002367968 0.002332477 0.002417 1.127673e-02
6615 0.066150000 0.002369681 0.002332470 0.002417 1.127751e-02
6616 0.066160000 0.002373439 0.002332464 0.002417 1.127828e-02
6617 0.066170000 0.002371359 0.002332458 0.002417 1.127906e-02
6618 0.066180000 0.002378282 0.002332452 0.002417 1.127983e-02
6619 0.066190000 0.002367178 0.002332445 0.002417 1.128061e-02
6620 0.066200000 0.002381207 0.002332440 0.002417 1.128138e-02
6621 0.066210000 0.002371064 0.002332433 0.002417 1.128216e-02
6622 0.066220000 0.002366871 0.002332426 0.002417 1.128293e-02
6623 0.066230000 0.002374568 0.002332420 0.002417 1.128370e-02
6624 0.066240000 0.002373890 0.002332414 0.002417 1.128448e-02
6625 0.066250000 0.006330817 0.002332407 0.002417 1.128525e-02
6626 0.066260000 0.002381309 0.002332402 0.002417 1.128603e-02
6627 0.066270000 0.002367520 0.002332395 0.002417 1.128680e-02
6628 0.066280000 0.002377648 0.002332390 0.002417 1.128757e-02
6629 0.066290000 0.002370618 0.002332383 0.002417 1.128835e-02
6630 0.066300000 0.002374062 0.002332377 0.002417 1.128912e-02
6631 0.066310000 0.002369993 0.002332370 0.002417 1.128989e-02
6632 0.066320000 0.002380228 0.002332365 0.002417 1.129067e-02
6633 0.066330000 0.002370719 0.002332359 0.002417 1.129144e-02
6634 0.066340000 0.002369484 0.002332352 0.002417 1.129221e-02
6635 0.066350000 0.002370767 0.002332346 0.002417 1.129299e-02
6636 0.066360000 0.002375235 0.002332340 0.002417 1.129376e-02
6637 0.066370000 0.002369968 0.002332333 0.002417 1.129453e-02
6638 0.066380000 0.002366683 0.002332326 0.002417 1.129530e-02
6639 0.066390000 0.002427558 0.002332328 0.002417 1.129608e-02
6640 0.066400000 0.002408479 0.002332327 0.002417 1.129685e-02
6641 0.066410000 0.002373827 0.002332320 0.002417 1.129762e-02
6642 0.066420000 0.002374125 0.002332314 0.002417 1.129839e-02
6643 0.066430000 0.002416715 0.002332314 0.002417 1.129917e-02
6644 0.066440000 0.002374082 0.002332308 0.002417 1.129994e-02
6645 0.066450000 0.002368978 0.002332301 0.002417 1.130071e-02
6646 0.066460000 0.002391260 0.002332298 0.002417 1.130148e-02
6647 0.066470000 0.002481898 0.002332308 0.002417 1.130225e-02
6648 0.066480000 0.002370654 0.002332301 0.002417 1.130303e-02
6649 0.066490000 0.002375377 0.002332295 0.002417 1.130380e-02
6650 0.066500000 0.006368197 0.002332288 0.002417 1.130457e-02
6651 0.066510000 0.002448187 0.002332293 0.002417 1.130534e-02
6652 0.066520000 0.002376158 0.002332288 0.002417 1.130611e-02
6653 0.066530000 0.002395096 0.002332285 0.002417 1.130688e-02
6654 0.066540000 0.002374913 0.002332279 0.002417 1.130765e-02
6655 0.066550000 0.002366196 0.002332272 0.002417 1.130843e-02
6656 0.066560000 0.002368357 0.002332265 0.002417 1.130920e-02
6657 0.066570000 0.002368578 0.002332258 0.002417 1.130997e-02
6658 0.066580000 0.002367317 0.002332251 0.002417 1.131074e-02
6659 0.066590000 0.002381998 0.002332246 0.002417 1.131151e-02
6660 0.066600000 0.002368666 0.002332239 0.002417 1.131228e-02
6661 0.066610000 0.002371626 0.002332233 0.002417 1.131305e-02
6662 0.066620000 0.002369826 0.002332226 0.002417 1.131382e-02
6663 0.066630000 0.002368735 0.002332219 0.002417 1.131459e-02
6664 0.066640000 0.002365848 0.002332212 0.002417 1.131536e-02
6665 0.066650000 0.002380026 0.002332207 0.002417 1.131613e-02
6666 0.066660000 0.002371953 0.002332201 0.002417 1.131690e-02
6667 0.066670000 0.002368503 0.002332194 0.002417 1.131767e-02
6668 0.066680000 0.002373583 0.002332187 0.002417 1.131844e-02
6669 0.066690000 0.002367303 0.002332180 0.002417 1.131921e-02
6670 0.066700000 0.002380414 0.002332174 0.002417 1.131998e-02
6671 0.066710000 0.002391455 0.002332171 0.002417 1.132075e-02
6672 0.066720000 0.002372192 0.002332164 0.002417 1.132152e-02
6673 0.066730000 0.002374982 0.002332159 0.002417 1.132229e-02
6674 0.066740000 0.002379229 0.002332153 0.002417 1.132306e-02
6675 0.066750000 0.008494953 0.002332279 0.002417 1.132383e-02
6676 0.066760000 0.002458223 0.002332286 0.002417 1.132460e-02
6677 0.066770000 0.002386459 0.002332281 0.002417 1.132537e-02
6678 0.066780000 0.002376121 0.002332275 0.002417 1.132614e-02
6679 0.066790000 0.002399636 0.002332273 0.002417 1.132691e-02
6680 0.066800000 0.002384096 0.002332268 0.002417 1.132767e-02
6681 0.066810000 0.002377473 0.002332262 0.002417 1.132844e-02
6682 0.066820000 0.002424016 0.002332263 0.002417 1.132921e-02
6683 0.066830000 0.002475098 0.002332271 0.002417 1.132998e-02
6684 0.066840000 0.002484376 0.002332281 0.002417 1.133075e-02
6685 0.066850000 0.002410409 0.002332274 0.002417 1.133152e-02
6686 0.066860000 0.002367533 0.002332268 0.002417 1.133229e-02
6687 0.066870000 0.002368961 0.002332261 0.002417 1.133305e-02
6688 0.066880000 0.002378847 0.002332256 0.002417 1.133382e-02
6689 0.066890000 0.002388882 0.002332252 0.002417 1.133459e-02
6690 0.066900000 0.002393616 0.002332249 0.002417 1.133536e-02
6691 0.066910000 0.002428368 0.002332251 0.002417 1.133613e-02
6692 0.066920000 0.002526380 0.002332267 0.002417 1.133689e-02
6693 0.066930000 0.002422153 0.002332268 0.002417 1.133766e-02
6694 0.066940000 0.002793275 0.002332324 0.002417 1.133843e-02
6695 0.066950000 0.002493243 0.002332336 0.002417 1.133920e-02
6696 0.066960000 0.002367982 0.002332329 0.002417 1.133996e-02
6697 0.066970000 0.002394835 0.002332326 0.002417 1.134073e-02
6698 0.066980000 0.002407738 0.002332325 0.002417 1.134150e-02
6699 0.066990000 0.002380523 0.002332318 0.002417 1.134227e-02
6700 0.067000000 0.006270652 0.002332311 0.002417 1.134303e-02
6701 0.067010000 0.002454011 0.002332311 0.002417 1.134380e-02
6702 0.067020000 0.002377369 0.002332304 0.002417 1.134457e-02
6703 0.067030000 0.002424580 0.002332306 0.002417 1.134533e-02
6704 0.067040000 0.002371192 0.002332299 0.002417 1.134610e-02
6705 0.067050000 0.002379034 0.002332294 0.002417 1.134687e-02
6706 0.067060000 0.002371096 0.002332288 0.002417 1.134763e-02
6707 0.067070000 0.002370439 0.002332281 0.002417 1.134840e-02
6708 0.067080000 0.002371499 0.002332275 0.002417 1.134917e-02
6709 0.067090000 0.002369390 0.002332268 0.002417 1.134993e-02
6710 0.067100000 0.002388617 0.002332264 0.002417 1.135070e-02
6711 0.067110000 0.002466930 0.002332272 0.002417 1.135147e-02
6712 0.067120000 0.002416308 0.002332272 0.002417 1.135223e-02
6713 0.067130000 0.002386349 0.002332268 0.002417 1.135300e-02
6714 0.067140000 0.002422828 0.002332269 0.002417 1.135376e-02
6715 0.067150000 0.002452145 0.002332275 0.002417 1.135453e-02
6716 0.067160000 0.002559994 0.002332296 0.002417 1.135529e-02
6717 0.067170000 0.002409567 0.002332295 0.002417 1.135606e-02
6718 0.067180000 0.002430614 0.002332296 0.002417 1.135683e-02
6719 0.067190000 0.002373084 0.002332290 0.002417 1.135759e-02
6720 0.067200000 0.002369582 0.002332283 0.002417 1.135836e-02
6721 0.067210000 0.002368344 0.002332277 0.002417 1.135912e-02
6722 0.067220000 0.002450546 0.002332282 0.002417 1.135989e-02
6723 0.067230000 0.002466600 0.002332289 0.002417 1.136065e-02
6724 0.067240000 0.002487110 0.002332300 0.002417 1.136142e-02
6725 0.067250000 0.007465126 0.002332300 0.002417 1.136218e-02
6726 0.067260000 0.002475355 0.002332307 0.002417 1.136295e-02
6727 0.067270000 0.002515056 0.002332322 0.002417 1.136371e-02
6728 0.067280000 0.002442394 0.002332326 0.002417 1.136448e-02
6729 0.067290000 0.002407705 0.002332324 0.002417 1.136524e-02
6730 0.067300000 0.002377927 0.002332318 0.002417 1.136600e-02
6731 0.067310000 0.002404400 0.002332315 0.002417 1.136677e-02
6732 0.067320000 0.002452346 0.002332315 0.002417 1.136753e-02
6733 0.067330000 0.002454148 0.002332321 0.002417 1.136830e-02
6734 0.067340000 0.002434433 0.002332324 0.002417 1.136906e-02
6735 0.067350000 0.002383449 0.002332319 0.002417 1.136983e-02
6736 0.067360000 0.002377050 0.002332313 0.002417 1.137059e-02
6737 0.067370000 0.002370565 0.002332307 0.002417 1.137135e-02
6738 0.067380000 0.002369857 0.002332300 0.002417 1.137212e-02
6739 0.067390000 0.002375431 0.002332294 0.002417 1.137288e-02
6740 0.067400000 0.002380080 0.002332289 0.002417 1.137364e-02
6741 0.067410000 0.002382863 0.002332284 0.002417 1.137441e-02
6742 0.067420000 0.002368444 0.002332278 0.002417 1.137517e-02
6743 0.067430000 0.002369986 0.002332271 0.002417 1.137593e-02
6744 0.067440000 0.002376939 0.002332266 0.002417 1.137670e-02
6745 0.067450000 0.002371471 0.002332259 0.002417 1.137746e-02
6746 0.067460000 0.002378475 0.002332254 0.002417 1.137822e-02
6747 0.067470000 0.002371485 0.002332247 0.002417 1.137899e-02
6748 0.067480000 0.002373442 0.002332241 0.002417 1.137975e-02
6749 0.067490000 0.002392502 0.002332238 0.002417 1.138051e-02
6750 0.067500000 0.008721432 0.002332232 0.002417 1.138127e-02
6751 0.067510000 0.002395124 0.002332227 0.002417 1.138204e-02
6752 0.067520000 0.002377479 0.002332221 0.002417 1.138280e-02
6753 0.067530000 0.002374004 0.002332215 0.002417 1.138356e-02
6754 0.067540000 0.002369899 0.002332208 0.002417 1.138432e-02
6755 0.067550000 0.002373071 0.002332202 0.002417 1.138509e-02
6756 0.067560000 0.002372943 0.002332196 0.002417 1.138585e-02
6757 0.067570000 0.002380762 0.002332191 0.002417 1.138661e-02
6758 0.067580000 0.002371721 0.002332184 0.002417 1.138737e-02
6759 0.067590000 0.002374023 0.002332178 0.002417 1.138813e-02
6760 0.067600000 0.002377381 0.002332172 0.002417 1.138890e-02
6761 0.067610000 0.002373822 0.002332166 0.002417 1.138966e-02
6762 0.067620000 0.002493145 0.002332177 0.002417 1.139042e-02
6763 0.067630000 0.002380195 0.002332172 0.002417 1.139118e-02
6764 0.067640000 0.002376401 0.002332166 0.002417 1.139194e-02
6765 0.067650000 0.002371550 0.002332160 0.002417 1.139270e-02
6766 0.067660000 0.002375291 0.002332154 0.002417 1.139347e-02
6767 0.067670000 0.002372040 0.002332148 0.002417 1.139423e-02
6768 0.067680000 0.002386294 0.002332144 0.002417 1.139499e-02
6769 0.067690000 0.002393630 0.002332141 0.002417 1.139575e-02
6770 0.067700000 0.002411508 0.002332140 0.002417 1.139651e-02
6771 0.067710000 0.002380271 0.002332135 0.002417 1.139727e-02
6772 0.067720000 0.002409503 0.002332131 0.002417 1.139803e-02
6773 0.067730000 0.002370795 0.002332125 0.002417 1.139879e-02
6774 0.067740000 0.002374538 0.002332119 0.002417 1.139955e-02
6775 0.067750000 0.008688514 0.002332116 0.002417 1.140031e-02
6776 0.067760000 0.002391812 0.002332110 0.002417 1.140107e-02
6777 0.067770000 0.002370367 0.002332104 0.002417 1.140183e-02
6778 0.067780000 0.002373567 0.002332098 0.002417 1.140259e-02
6779 0.067790000 0.002370708 0.002332091 0.002417 1.140335e-02
6780 0.067800000 0.002372490 0.002332085 0.002417 1.140411e-02
6781 0.067810000 0.002383534 0.002332081 0.002417 1.140487e-02
6782 0.067820000 0.002374336 0.002332075 0.002417 1.140563e-02
6783 0.067830000 0.002373118 0.002332069 0.002417 1.140639e-02
6784 0.067840000 0.002374508 0.002332062 0.002417 1.140715e-02
6785 0.067850000 0.002372752 0.002332056 0.002417 1.140791e-02
6786 0.067860000 0.002398379 0.002332053 0.002417 1.140867e-02
6787 0.067870000 0.002372195 0.002332047 0.002417 1.140943e-02
6788 0.067880000 0.002370755 0.002332040 0.002417 1.141019e-02
6789 0.067890000 0.002377579 0.002332035 0.002417 1.141095e-02
6790 0.067900000 0.002370138 0.002332028 0.002417 1.141171e-02
6791 0.067910000 0.002372315 0.002332022 0.002417 1.141247e-02
6792 0.067920000 0.002378635 0.002332017 0.002417 1.141323e-02
6793 0.067930000 0.002371327 0.002332010 0.002417 1.141399e-02
6794 0.067940000 0.002444333 0.002332014 0.002417 1.141474e-02
6795 0.067950000 0.002401164 0.002332012 0.002417 1.141550e-02
6796 0.067960000 0.002408271 0.002332011 0.002417 1.141626e-02
6797 0.067970000 0.002375324 0.002332004 0.002417 1.141702e-02
6798 0.067980000 0.002384860 0.002332000 0.002417 1.141778e-02
6799 0.067990000 0.002378483 0.002331994 0.002417 1.141854e-02
6800 0.068000000 0.008901886 0.002331989 0.002417 1.141930e-02
6801 0.068010000 0.002687819 0.002332024 0.002417 1.142005e-02
6802 0.068020000 0.002554776 0.002332045 0.002417 1.142081e-02
6803 0.068030000 0.002565297 0.002332058 0.002417 1.142157e-02
6804 0.068040000 0.002571105 0.002332077 0.002417 1.142233e-02
6805 0.068050000 0.002470232 0.002332085 0.002417 1.142309e-02
6806 0.068060000 0.002429053 0.002332077 0.002417 1.142384e-02
6807 0.068070000 0.002353993 0.002332068 0.002417 1.142460e-02
6808 0.068080000 0.002320094 0.002332055 0.002417 1.142536e-02
6809 0.068090000 0.002397554 0.002332052 0.002417 1.142612e-02
6810 0.068100000 0.002486925 0.002332053 0.002417 1.142687e-02
6811 0.068110000 0.002488330 0.002332060 0.002417 1.142763e-02
6812 0.068120000 0.002355691 0.002332052 0.002417 1.142839e-02
6813 0.068130000 0.002316465 0.002332038 0.002417 1.142915e-02
6814 0.068140000 0.002314098 0.002332024 0.002417 1.142990e-02
6815 0.068150000 0.002364585 0.002332017 0.002417 1.143066e-02
6816 0.068160000 0.002429128 0.002332019 0.002417 1.143142e-02
6817 0.068170000 0.002456500 0.002332025 0.002417 1.143217e-02
6818 0.068180000 0.002400260 0.002332024 0.002417 1.143293e-02
6819 0.068190000 0.002317124 0.002332010 0.002417 1.143369e-02
6820 0.068200000 0.002316968 0.002331996 0.002417 1.143444e-02
6821 0.068210000 0.002326986 0.002331983 0.002417 1.143520e-02
6822 0.068220000 0.002352770 0.002331975 0.002417 1.143596e-02
6823 0.068230000 0.002451298 0.002331980 0.002417 1.143671e-02
6824 0.068240000 0.002549325 0.002331995 0.002417 1.143747e-02
6825 0.068250000 0.008319424 0.002331988 0.002417 1.143822e-02
6826 0.068260000 0.002367858 0.002331979 0.002417 1.143898e-02
6827 0.068270000 0.002326973 0.002331967 0.002417 1.143974e-02
6828 0.068280000 0.002397989 0.002331965 0.002417 1.144049e-02
6829 0.068290000 0.002591635 0.002331983 0.002417 1.144125e-02
6830 0.068300000 0.002402437 0.002331982 0.002417 1.144200e-02
6831 0.068310000 0.002442348 0.002331979 0.002417 1.144276e-02
6832 0.068320000 0.002399668 0.002331977 0.002417 1.144351e-02
6833 0.068330000 0.002445433 0.002331982 0.002417 1.144427e-02
6834 0.068340000 0.002664090 0.002332019 0.002417 1.144503e-02
6835 0.068350000 0.002899867 0.002332079 0.002417 1.144578e-02
6836 0.068360000 0.002464643 0.002332087 0.002417 1.144654e-02
6837 0.068370000 0.002403451 0.002332085 0.002417 1.144729e-02
6838 0.068380000 0.002373271 0.002332079 0.002417 1.144805e-02
6839 0.068390000 0.002369133 0.002332073 0.002417 1.144880e-02
6840 0.068400000 0.002372731 0.002332066 0.002417 1.144956e-02
6841 0.068410000 0.002386974 0.002332062 0.002417 1.145031e-02
6842 0.068420000 0.002390202 0.002332058 0.002417 1.145106e-02
6843 0.068430000 0.002381317 0.002332053 0.002417 1.145182e-02
6844 0.068440000 0.002413140 0.002332053 0.002417 1.145257e-02
6845 0.068450000 0.002375317 0.002332047 0.002417 1.145333e-02
6846 0.068460000 0.002374006 0.002332041 0.002417 1.145408e-02
6847 0.068470000 0.002373886 0.002332035 0.002417 1.145484e-02
6848 0.068480000 0.002388478 0.002332031 0.002417 1.145559e-02
6849 0.068490000 0.002376408 0.002332025 0.002417 1.145635e-02
6850 0.068500000 0.006525878 0.002332022 0.002417 1.145710e-02
6851 0.068510000 0.002372659 0.002332016 0.002417 1.145785e-02
6852 0.068520000 0.002368031 0.002332010 0.002417 1.145861e-02
6853 0.068530000 0.002370181 0.002332003 0.002417 1.145936e-02
6854 0.068540000 0.002368098 0.002331997 0.002417 1.146011e-02
6855 0.068550000 0.002366549 0.002331990 0.002417 1.146087e-02
6856 0.068560000 0.002390226 0.002331987 0.002417 1.146162e-02
6857 0.068570000 0.002367414 0.002331980 0.002417 1.146237e-02
6858 0.068580000 0.002365899 0.002331973 0.002417 1.146313e-02
6859 0.068590000 0.002389482 0.002331969 0.002417 1.146388e-02
6860 0.068600000 0.002366991 0.002331962 0.002417 1.146463e-02
6861 0.068610000 0.002376119 0.002331957 0.002417 1.146539e-02
6862 0.068620000 0.002381949 0.002331952 0.002417 1.146614e-02
6863 0.068630000 0.002368219 0.002331946 0.002417 1.146689e-02
6864 0.068640000 0.002388466 0.002331942 0.002417 1.146765e-02
6865 0.068650000 0.003061438 0.002332035 0.002417 1.146840e-02
6866 0.068660000 0.002705157 0.002332072 0.002417 1.146915e-02
6867 0.068670000 0.002514786 0.002332079 0.002417 1.146990e-02
6868 0.068680000 0.002368219 0.002332072 0.002417 1.147066e-02
6869 0.068690000 0.002370511 0.002332066 0.002417 1.147141e-02
6870 0.068700000 0.002366323 0.002332059 0.002417 1.147216e-02
6871 0.068710000 0.002369958 0.002332053 0.002417 1.147291e-02
6872 0.068720000 0.002366371 0.002332046 0.002417 1.147366e-02
6873 0.068730000 0.002372588 0.002332040 0.002417 1.147442e-02
6874 0.068740000 0.002385800 0.002332036 0.002417 1.147517e-02
6875 0.068750000 0.006430642 0.002332030 0.002417 1.147592e-02
6876 0.068760000 0.002413975 0.002332030 0.002417 1.147667e-02
6877 0.068770000 0.002367810 0.002332024 0.002417 1.147742e-02
6878 0.068780000 0.002365700 0.002332017 0.002417 1.147818e-02
6879 0.068790000 0.002379281 0.002332012 0.002417 1.147893e-02
6880 0.068800000 0.002387697 0.002332008 0.002417 1.147968e-02
6881 0.068810000 0.002378557 0.002332002 0.002417 1.148043e-02
6882 0.068820000 0.002376802 0.002331997 0.002417 1.148118e-02
6883 0.068830000 0.002376857 0.002331991 0.002417 1.148193e-02
6884 0.068840000 0.002369937 0.002331985 0.002417 1.148268e-02
6885 0.068850000 0.002468102 0.002331992 0.002417 1.148343e-02
6886 0.068860000 0.002401935 0.002331990 0.002417 1.148418e-02
6887 0.068870000 0.002382736 0.002331985 0.002417 1.148494e-02
6888 0.068880000 0.002367232 0.002331978 0.002417 1.148569e-02
6889 0.068890000 0.002371167 0.002331972 0.002417 1.148644e-02
6890 0.068900000 0.002380316 0.002331965 0.002417 1.148719e-02
6891 0.068910000 0.002378595 0.002331960 0.002417 1.148794e-02
6892 0.068920000 0.002372726 0.002331954 0.002417 1.148869e-02
6893 0.068930000 0.002367044 0.002331948 0.002417 1.148944e-02
6894 0.068940000 0.002376892 0.002331942 0.002417 1.149019e-02
6895 0.068950000 0.002371752 0.002331936 0.002417 1.149094e-02
6896 0.068960000 0.002375135 0.002331929 0.002417 1.149169e-02
6897 0.068970000 0.002382719 0.002331923 0.002417 1.149244e-02
6898 0.068980000 0.002366567 0.002331916 0.002417 1.149319e-02
6899 0.068990000 0.002367056 0.002331910 0.002417 1.149394e-02
6900 0.069000000 0.008385281 0.002331903 0.002417 1.149469e-02
6901 0.069010000 0.002439655 0.002331906 0.002417 1.149544e-02
6902 0.069020000 0.002393366 0.002331901 0.002417 1.149619e-02
6903 0.069030000 0.002372827 0.002331895 0.002417 1.149694e-02
6904 0.069040000 0.002371549 0.002331889 0.002417 1.149769e-02
6905 0.069050000 0.002404962 0.002331888 0.002417 1.149844e-02
6906 0.069060000 0.002409356 0.002331887 0.002417 1.149918e-02
6907 0.069070000 0.002906440 0.002331958 0.002417 1.149993e-02
6908 0.069080000 0.002401723 0.002331954 0.002417 1.150068e-02
6909 0.069090000 0.002374714 0.002331948 0.002417 1.150143e-02
6910 0.069100000 0.002419700 0.002331949 0.002417 1.150218e-02
6911 0.069110000 0.002379422 0.002331944 0.002417 1.150293e-02
6912 0.069120000 0.002380967 0.002331939 0.002417 1.150368e-02
6913 0.069130000 0.002424654 0.002331940 0.002417 1.150443e-02
6914 0.069140000 0.002473998 0.002331942 0.002417 1.150518e-02
6915 0.069150000 0.002377238 0.002331936 0.002417 1.150592e-02
6916 0.069160000 0.002376530 0.002331931 0.002417 1.150667e-02
6917 0.069170000 0.002374161 0.002331925 0.002417 1.150742e-02
6918 0.069180000 0.002378067 0.002331920 0.002417 1.150817e-02
6919 0.069190000 0.002380623 0.002331914 0.002417 1.150892e-02
6920 0.069200000 0.002385272 0.002331910 0.002417 1.150966e-02
6921 0.069210000 0.002382033 0.002331906 0.002417 1.151041e-02
6922 0.069220000 0.002385421 0.002331901 0.002417 1.151116e-02
6923 0.069230000 0.002372172 0.002331895 0.002417 1.151191e-02
6924 0.069240000 0.002386062 0.002331889 0.002417 1.151266e-02
6925 0.069250000 0.008603089 0.002331884 0.002417 1.151340e-02
6926 0.069260000 0.002387105 0.002331877 0.002417 1.151415e-02
6927 0.069270000 0.002371165 0.002331871 0.002417 1.151490e-02
6928 0.069280000 0.002377921 0.002331866 0.002417 1.151565e-02
6929 0.069290000 0.002372159 0.002331860 0.002417 1.151639e-02
6930 0.069300000 0.002375669 0.002331854 0.002417 1.151714e-02
6931 0.069310000 0.002389869 0.002331851 0.002417 1.151789e-02
6932 0.069320000 0.002374022 0.002331845 0.002417 1.151863e-02
6933 0.069330000 0.002378540 0.002331840 0.002417 1.151938e-02
6934 0.069340000 0.002371723 0.002331834 0.002417 1.152013e-02
6935 0.069350000 0.002371131 0.002331827 0.002417 1.152088e-02
6936 0.069360000 0.002372515 0.002331821 0.002417 1.152162e-02
6937 0.069370000 0.002380851 0.002331816 0.002417 1.152237e-02
6938 0.069380000 0.002373844 0.002331810 0.002417 1.152311e-02
6939 0.069390000 0.002380413 0.002331805 0.002417 1.152386e-02
6940 0.069400000 0.002373980 0.002331800 0.002417 1.152461e-02
6941 0.069410000 0.002373512 0.002331794 0.002417 1.152535e-02
6942 0.069420000 0.002372753 0.002331788 0.002417 1.152610e-02
6943 0.069430000 0.002380292 0.002331783 0.002417 1.152685e-02
6944 0.069440000 0.002382461 0.002331778 0.002417 1.152759e-02
6945 0.069450000 0.002375135 0.002331773 0.002417 1.152834e-02
6946 0.069460000 0.002374866 0.002331767 0.002417 1.152908e-02
6947 0.069470000 0.002380204 0.002331761 0.002417 1.152983e-02
6948 0.069480000 0.002372260 0.002331755 0.002417 1.153058e-02
6949 0.069490000 0.002387792 0.002331751 0.002417 1.153132e-02
6950 0.069500000 0.008736886 0.002331745 0.002417 1.153207e-02
6951 0.069510000 0.002395022 0.002331740 0.002417 1.153281e-02
6952 0.069520000 0.002371441 0.002331734 0.002417 1.153356e-02
6953 0.069530000 0.002373685 0.002331728 0.002417 1.153430e-02
6954 0.069540000 0.002394617 0.002331724 0.002417 1.153505e-02
6955 0.069550000 0.002370879 0.002331718 0.002417 1.153579e-02
6956 0.069560000 0.002388964 0.002331714 0.002417 1.153654e-02
6957 0.069570000 0.002369455 0.002331708 0.002417 1.153728e-02
6958 0.069580000 0.002376783 0.002331703 0.002417 1.153803e-02
6959 0.069590000 0.002383321 0.002331696 0.002417 1.153877e-02
6960 0.069600000 0.002439406 0.002331695 0.002417 1.153952e-02
6961 0.069610000 0.002398635 0.002331693 0.002417 1.154026e-02
6962 0.069620000 0.002367808 0.002331686 0.002417 1.154101e-02
6963 0.069630000 0.002382069 0.002331682 0.002417 1.154175e-02
6964 0.069640000 0.002418852 0.002331682 0.002417 1.154249e-02
6965 0.069650000 0.002372207 0.002331676 0.002417 1.154324e-02
6966 0.069660000 0.002386310 0.002331672 0.002417 1.154398e-02
6967 0.069670000 0.002371939 0.002331666 0.002417 1.154473e-02
6968 0.069680000 0.002375907 0.002331660 0.002417 1.154547e-02
6969 0.069690000 0.002376158 0.002331655 0.002417 1.154622e-02
6970 0.069700000 0.002372936 0.002331649 0.002417 1.154696e-02
6971 0.069710000 0.002372420 0.002331643 0.002417 1.154770e-02
6972 0.069720000 0.002384021 0.002331638 0.002417 1.154845e-02
6973 0.069730000 0.002371745 0.002331632 0.002417 1.154919e-02
6974 0.069740000 0.002373535 0.002331626 0.002417 1.154993e-02
6975 0.069750000 0.007888103 0.002331621 0.002417 1.155068e-02
6976 0.069760000 0.002381829 0.002331615 0.002417 1.155142e-02
6977 0.069770000 0.002372013 0.002331609 0.002417 1.155216e-02
6978 0.069780000 0.002382944 0.002331604 0.002417 1.155291e-02
6979 0.069790000 0.002370896 0.002331598 0.002417 1.155365e-02
6980 0.069800000 0.002369722 0.002331592 0.002417 1.155439e-02
6981 0.069810000 0.002374052 0.002331586 0.002417 1.155514e-02
6982 0.069820000 0.002374414 0.002331580 0.002417 1.155588e-02
6983 0.069830000 0.002389514 0.002331577 0.002417 1.155662e-02
6984 0.069840000 0.002375097 0.002331571 0.002417 1.155736e-02
6985 0.069850000 0.002370679 0.002331565 0.002417 1.155811e-02
6986 0.069860000 0.002374846 0.002331559 0.002417 1.155885e-02
6987 0.069870000 0.002372480 0.002331553 0.002417 1.155959e-02
6988 0.069880000 0.002429645 0.002331555 0.002417 1.156033e-02
6989 0.069890000 0.002482828 0.002331565 0.002417 1.156108e-02
6990 0.069900000 0.002378277 0.002331560 0.002417 1.156182e-02
6991 0.069910000 0.002379351 0.002331554 0.002417 1.156256e-02
6992 0.069920000 0.002371127 0.002331548 0.002417 1.156330e-02
6993 0.069930000 0.002374977 0.002331542 0.002417 1.156404e-02
6994 0.069940000 0.002368859 0.002331536 0.002417 1.156479e-02
6995 0.069950000 0.002385385 0.002331532 0.002417 1.156553e-02
6996 0.069960000 0.002403387 0.002331529 0.002417 1.156627e-02
6997 0.069970000 0.002384572 0.002331525 0.002417 1.156701e-02
6998 0.069980000 0.002425244 0.002331526 0.002417 1.156775e-02
6999 0.069990000 0.002372282 0.002331520 0.002417 1.156849e-02
7000 0.070000000 0.007964955 0.002331515 0.002417 1.156924e-02
7001 0.070010000 0.002396539 0.002331510 0.002417 1.156998e-02
7002 0.070020000 0.002374756 0.002331505 0.002417 1.157072e-02
7003 0.070030000 0.002372307 0.002331499 0.002417 1.157146e-02
7004 0.070040000 0.002370390 0.002331493 0.002417 1.157220e-02
7005 0.070050000 0.002373088 0.002331486 0.002417 1.157294e-02
7006 0.070060000 0.002370467 0.002331480 0.002417 1.157368e-02
7007 0.070070000 0.002400982 0.002331478 0.002417 1.157442e-02
7008 0.070080000 0.002373080 0.002331472 0.002417 1.157516e-02
7009 0.070090000 0.002372866 0.002331466 0.002417 1.157590e-02
7010 0.070100000 0.002376864 0.002331461 0.002417 1.157665e-02
7011 0.070110000 0.002372873 0.002331455 0.002417 1.157739e-02
7012 0.070120000 0.002384438 0.002331451 0.002417 1.157813e-02
7013 0.070130000 0.002371848 0.002331445 0.002417 1.157887e-02
7014 0.070140000 0.002376250 0.002331439 0.002417 1.157961e-02
7015 0.070150000 0.002375290 0.002331434 0.002417 1.158035e-02
7016 0.070160000 0.002374882 0.002331428 0.002417 1.158109e-02
7017 0.070170000 0.002372939 0.002331423 0.002417 1.158183e-02
7018 0.070180000 0.002381902 0.002331418 0.002417 1.158257e-02
7019 0.070190000 0.002375874 0.002331412 0.002417 1.158331e-02
7020 0.070200000 0.002379353 0.002331407 0.002417 1.158405e-02
7021 0.070210000 0.002393757 0.002331404 0.002417 1.158479e-02
7022 0.070220000 0.002372041 0.002331398 0.002417 1.158553e-02
7023 0.070230000 0.002376786 0.002331393 0.002417 1.158627e-02
7024 0.070240000 0.002384108 0.002331389 0.002417 1.158700e-02
7025 0.070250000 0.008703451 0.002331383 0.002417 1.158774e-02
7026 0.070260000 0.002428745 0.002331384 0.002417 1.158848e-02
7027 0.070270000 0.002374611 0.002331378 0.002417 1.158922e-02
7028 0.070280000 0.002373195 0.002331372 0.002417 1.158996e-02
7029 0.070290000 0.002371424 0.002331366 0.002417 1.159070e-02
7030 0.070300000 0.002389206 0.002331362 0.002417 1.159144e-02
7031 0.070310000 0.002380856 0.002331357 0.002417 1.159218e-02
7032 0.070320000 0.002386285 0.002331353 0.002417 1.159292e-02
7033 0.070330000 0.002372764 0.002331348 0.002417 1.159366e-02
7034 0.070340000 0.002387385 0.002331344 0.002417 1.159439e-02
7035 0.070350000 0.002381020 0.002331339 0.002417 1.159513e-02
7036 0.070360000 0.002371189 0.002331333 0.002417 1.159587e-02
7037 0.070370000 0.002374478 0.002331327 0.002417 1.159661e-02
7038 0.070380000 0.002371108 0.002331321 0.002417 1.159735e-02
7039 0.070390000 0.002379079 0.002331316 0.002417 1.159809e-02
7040 0.070400000 0.002373773 0.002331310 0.002417 1.159882e-02
7041 0.070410000 0.002383074 0.002331306 0.002417 1.159956e-02
7042 0.070420000 0.002372019 0.002331300 0.002417 1.160030e-02
7043 0.070430000 0.002371851 0.002331294 0.002417 1.160104e-02
7044 0.070440000 0.002371456 0.002331288 0.002417 1.160178e-02
7045 0.070450000 0.002376814 0.002331282 0.002417 1.160251e-02
7046 0.070460000 0.002382495 0.002331278 0.002417 1.160325e-02
7047 0.070470000 0.002379875 0.002331273 0.002417 1.160399e-02
7048 0.070480000 0.002380237 0.002331268 0.002417 1.160473e-02
7049 0.070490000 0.002373239 0.002331263 0.002417 1.160546e-02
7050 0.070500000 0.007683955 0.002331256 0.002417 1.160620e-02
7051 0.070510000 0.002383491 0.002331252 0.002417 1.160694e-02
7052 0.070520000 0.002375056 0.002331246 0.002417 1.160767e-02
7053 0.070530000 0.002398622 0.002331244 0.002417 1.160841e-02
7054 0.070540000 0.002581075 0.002331266 0.002417 1.160915e-02
7055 0.070550000 0.003404061 0.002331398 0.002417 1.160989e-02
7056 0.070560000 0.002777707 0.002331445 0.002417 1.161062e-02
7057 0.070570000 0.002468279 0.002331452 0.002417 1.161136e-02
7058 0.070580000 0.002424364 0.002331454 0.002417 1.161210e-02
7059 0.070590000 0.002398217 0.002331451 0.002417 1.161283e-02
7060 0.070600000 0.002384047 0.002331447 0.002417 1.161357e-02
7061 0.070610000 0.002395806 0.002331442 0.002417 1.161431e-02
7062 0.070620000 0.002416628 0.002331443 0.002417 1.161504e-02
7063 0.070630000 0.003302144 0.002331566 0.002417 1.161578e-02
7064 0.070640000 0.003415438 0.002331696 0.002417 1.161651e-02
7065 0.070650000 0.003423623 0.002331832 0.002417 1.161725e-02
7066 0.070660000 0.003504054 0.002331978 0.002417 1.161799e-02
7067 0.070670000 0.003483906 0.002332121 0.002417 1.161872e-02
7068 0.070680000 0.003481979 0.002332264 0.002417 1.161946e-02
7069 0.070690000 0.003493332 0.002332407 0.002417 1.162019e-02
7070 0.070700000 0.003495799 0.002332552 0.002417 1.162093e-02
7071 0.070710000 0.003396306 0.002332684 0.002417 1.162166e-02
7072 0.070720000 0.002596860 0.002332707 0.002417 1.162240e-02
7073 0.070730000 0.002617511 0.002332735 0.002417 1.162314e-02
7074 0.070740000 0.002498369 0.002332747 0.002417 1.162387e-02
7075 0.070750000 0.008837237 0.002332753 0.002417 1.162461e-02
7076 0.070760000 0.002385779 0.002332749 0.002417 1.162534e-02
7077 0.070770000 0.002385252 0.002332743 0.002417 1.162608e-02
7078 0.070780000 0.002448385 0.002332747 0.002417 1.162681e-02
7079 0.070790000 0.002423033 0.002332748 0.002417 1.162755e-02
7080 0.070800000 0.002471894 0.002332756 0.002417 1.162828e-02
7081 0.070810000 0.002376786 0.002332751 0.002417 1.162902e-02
7082 0.070820000 0.002382920 0.002332746 0.002417 1.162975e-02
7083 0.070830000 0.002374334 0.002332740 0.002417 1.163049e-02
7084 0.070840000 0.002373280 0.002332735 0.002417 1.163122e-02
7085 0.070850000 0.002434078 0.002332737 0.002417 1.163195e-02
7086 0.070860000 0.002383639 0.002332732 0.002417 1.163269e-02
7087 0.070870000 0.002369696 0.002332726 0.002417 1.163342e-02
7088 0.070880000 0.002658731 0.002332759 0.002417 1.163416e-02
7089 0.070890000 0.002429611 0.002332761 0.002417 1.163489e-02
7090 0.070900000 0.002417104 0.002332761 0.002417 1.163563e-02
7091 0.070910000 0.002463472 0.002332764 0.002417 1.163636e-02
7092 0.070920000 0.002457342 0.002332769 0.002417 1.163709e-02
7093 0.070930000 0.002451282 0.002332772 0.002417 1.163783e-02
7094 0.070940000 0.002372008 0.002332766 0.002417 1.163856e-02
7095 0.070950000 0.002373495 0.002332760 0.002417 1.163929e-02
7096 0.070960000 0.002371135 0.002332754 0.002417 1.164003e-02
7097 0.070970000 0.002900232 0.002332821 0.002417 1.164076e-02
7098 0.070980000 0.002664442 0.002332847 0.002417 1.164150e-02
7099 0.070990000 0.002498933 0.002332858 0.002417 1.164223e-02
7100 0.071000000 0.007984571 0.002332853 0.002417 1.164296e-02
7101 0.071010000 0.002486679 0.002332859 0.002417 1.164370e-02
7102 0.071020000 0.002464676 0.002332865 0.002417 1.164443e-02
7103 0.071030000 0.002433552 0.002332868 0.002417 1.164516e-02
7104 0.071040000 0.002512715 0.002332879 0.002417 1.164589e-02
7105 0.071050000 0.002452991 0.002332884 0.002417 1.164663e-02
7106 0.071060000 0.002535511 0.002332899 0.002417 1.164736e-02
7107 0.071070000 0.002461575 0.002332905 0.002417 1.164809e-02
7108 0.071080000 0.002437071 0.002332907 0.002417 1.164883e-02
7109 0.071090000 0.002468251 0.002332914 0.002417 1.164956e-02
7110 0.071100000 0.002466686 0.002332921 0.002417 1.165029e-02
7111 0.071110000 0.002397010 0.002332918 0.002417 1.165102e-02
7112 0.071120000 0.002447048 0.002332923 0.002417 1.165175e-02
7113 0.071130000 0.002381704 0.002332917 0.002417 1.165249e-02
7114 0.071140000 0.002376656 0.002332911 0.002417 1.165322e-02
7115 0.071150000 0.002370189 0.002332905 0.002417 1.165395e-02
7116 0.071160000 0.002382954 0.002332900 0.002417 1.165468e-02
7117 0.071170000 0.002549102 0.002332919 0.002417 1.165542e-02
7118 0.071180000 0.002374659 0.002332913 0.002417 1.165615e-02
7119 0.071190000 0.002376940 0.002332907 0.002417 1.165688e-02
7120 0.071200000 0.002376939 0.002332902 0.002417 1.165761e-02
7121 0.071210000 0.002379340 0.002332897 0.002417 1.165834e-02
7122 0.071220000 0.002384841 0.002332893 0.002417 1.165907e-02
7123 0.071230000 0.002379387 0.002332887 0.002417 1.165980e-02
7124 0.071240000 0.002503640 0.002332893 0.002417 1.166054e-02
7125 0.071250000 0.008145686 0.002332892 0.002417 1.166127e-02
7126 0.071260000 0.002420355 0.002332892 0.002417 1.166200e-02
7127 0.071270000 0.002415005 0.002332891 0.002417 1.166273e-02
7128 0.071280000 0.002468811 0.002332899 0.002417 1.166346e-02
7129 0.071290000 0.002386097 0.002332894 0.002417 1.166419e-02
7130 0.071300000 0.002371400 0.002332888 0.002417 1.166492e-02
7131 0.071310000 0.002371679 0.002332882 0.002417 1.166565e-02
7132 0.071320000 0.002376669 0.002332876 0.002417 1.166638e-02
7133 0.071330000 0.002375158 0.002332871 0.002417 1.166711e-02
7134 0.071340000 0.002380385 0.002332866 0.002417 1.166785e-02
7135 0.071350000 0.002548609 0.002332884 0.002417 1.166858e-02
7136 0.071360000 0.002379407 0.002332879 0.002417 1.166931e-02
7137 0.071370000 0.002374604 0.002332873 0.002417 1.167004e-02
7138 0.071380000 0.002371010 0.002332867 0.002417 1.167077e-02
7139 0.071390000 0.002370308 0.002332861 0.002417 1.167150e-02
7140 0.071400000 0.002390007 0.002332857 0.002417 1.167223e-02
7141 0.071410000 0.002380405 0.002332851 0.002417 1.167296e-02
7142 0.071420000 0.002435999 0.002332853 0.002417 1.167369e-02
7143 0.071430000 0.002371028 0.002332847 0.002417 1.167442e-02
7144 0.071440000 0.002370427 0.002332841 0.002417 1.167515e-02
7145 0.071450000 0.002372655 0.002332834 0.002417 1.167588e-02
7146 0.071460000 0.002424500 0.002332835 0.002417 1.167661e-02
7147 0.071470000 0.002444378 0.002332839 0.002417 1.167734e-02
7148 0.071480000 0.002411573 0.002332838 0.002417 1.167806e-02
7149 0.071490000 0.002403816 0.002332834 0.002417 1.167879e-02
7150 0.071500000 0.009064062 0.002332829 0.002417 1.167952e-02
7151 0.071510000 0.002388448 0.002332824 0.002417 1.168025e-02
7152 0.071520000 0.002377903 0.002332818 0.002417 1.168098e-02
7153 0.071530000 0.002425411 0.002332819 0.002417 1.168171e-02
7154 0.071540000 0.002375668 0.002332814 0.002417 1.168244e-02
7155 0.071550000 0.002373884 0.002332808 0.002417 1.168317e-02
7156 0.071560000 0.002371152 0.002332802 0.002417 1.168390e-02
7157 0.071570000 0.002381775 0.002332797 0.002417 1.168463e-02
7158 0.071580000 0.002375091 0.002332791 0.002417 1.168535e-02
7159 0.071590000 0.002372238 0.002332785 0.002417 1.168608e-02
7160 0.071600000 0.002436077 0.002332787 0.002417 1.168681e-02
7161 0.071610000 0.002374535 0.002332781 0.002417 1.168754e-02
7162 0.071620000 0.002369649 0.002332775 0.002417 1.168827e-02
7163 0.071630000 0.002383736 0.002332771 0.002417 1.168900e-02
7164 0.071640000 0.002373828 0.002332765 0.002417 1.168973e-02
7165 0.071650000 0.002371402 0.002332759 0.002417 1.169045e-02
7166 0.071660000 0.002375854 0.002332753 0.002417 1.169118e-02
7167 0.071670000 0.002388450 0.002332748 0.002417 1.169191e-02
7168 0.071680000 0.002383054 0.002332743 0.002417 1.169264e-02
7169 0.071690000 0.002383403 0.002332738 0.002417 1.169336e-02
7170 0.071700000 0.002371458 0.002332732 0.002417 1.169409e-02
7171 0.071710000 0.002380224 0.002332727 0.002417 1.169482e-02
7172 0.071720000 0.002371436 0.002332721 0.002417 1.169555e-02
7173 0.071730000 0.002373484 0.002332715 0.002417 1.169628e-02
7174 0.071740000 0.002470965 0.002332723 0.002417 1.169700e-02
7175 0.071750000 0.008424090 0.002332724 0.002417 1.169773e-02
7176 0.071760000 0.002392075 0.002332718 0.002417 1.169846e-02
7177 0.071770000 0.002371822 0.002332712 0.002417 1.169918e-02
7178 0.071780000 0.002384028 0.002332707 0.002417 1.169991e-02
7179 0.071790000 0.002380104 0.002332702 0.002417 1.170064e-02
7180 0.071800000 0.002401630 0.002332700 0.002417 1.170137e-02
7181 0.071810000 0.002374268 0.002332694 0.002417 1.170209e-02
7182 0.071820000 0.002374407 0.002332689 0.002417 1.170282e-02
7183 0.071830000 0.002376628 0.002332683 0.002417 1.170355e-02
7184 0.071840000 0.002368733 0.002332677 0.002417 1.170427e-02
7185 0.071850000 0.002380589 0.002332672 0.002417 1.170500e-02
7186 0.071860000 0.002390039 0.002332669 0.002417 1.170573e-02
7187 0.071870000 0.002371597 0.002332663 0.002417 1.170645e-02
7188 0.071880000 0.002370801 0.002332656 0.002417 1.170718e-02
7189 0.071890000 0.002375841 0.002332651 0.002417 1.170790e-02
7190 0.071900000 0.002374475 0.002332645 0.002417 1.170863e-02
7191 0.071910000 0.002373048 0.002332639 0.002417 1.170936e-02
7192 0.071920000 0.002388839 0.002332635 0.002417 1.171008e-02
7193 0.071930000 0.002378716 0.002332630 0.002417 1.171081e-02
7194 0.071940000 0.002374283 0.002332625 0.002417 1.171153e-02
7195 0.071950000 0.002370630 0.002332619 0.002417 1.171226e-02
7196 0.071960000 0.002374282 0.002332613 0.002417 1.171299e-02
7197 0.071970000 0.002380971 0.002332607 0.002417 1.171371e-02
7198 0.071980000 0.002384351 0.002332603 0.002417 1.171444e-02
7199 0.071990000 0.002506207 0.002332616 0.002417 1.171516e-02
7200 0.072000000 0.008252706 0.002332612 0.002417 1.171589e-02
7201 0.072010000 0.002379227 0.002332606 0.002417 1.171661e-02
7202 0.072020000 0.002373991 0.002332600 0.002417 1.171734e-02
7203 0.072030000 0.002380188 0.002332595 0.002417 1.171806e-02
7204 0.072040000 0.002428723 0.002332597 0.002417 1.171879e-02
7205 0.072050000 0.002371220 0.002332591 0.002417 1.171951e-02
7206 0.072060000 0.002373937 0.002332585 0.002417 1.172024e-02
7207 0.072070000 0.002380017 0.002332580 0.002417 1.172096e-02
7208 0.072080000 0.002371167 0.002332574 0.002417 1.172169e-02
7209 0.072090000 0.002399582 0.002332572 0.002417 1.172241e-02
7210 0.072100000 0.002378738 0.002332565 0.002417 1.172314e-02
7211 0.072110000 0.002437422 0.002332562 0.002417 1.172386e-02
7212 0.072120000 0.002378570 0.002332557 0.002417 1.172459e-02
7213 0.072130000 0.002371682 0.002332551 0.002417 1.172531e-02
7214 0.072140000 0.002371858 0.002332544 0.002417 1.172603e-02
7215 0.072150000 0.002388285 0.002332540 0.002417 1.172676e-02
7216 0.072160000 0.002380692 0.002332536 0.002417 1.172748e-02
7217 0.072170000 0.002390234 0.002332532 0.002417 1.172821e-02
7218 0.072180000 0.002388334 0.002332528 0.002417 1.172893e-02
7219 0.072190000 0.002391249 0.002332524 0.002417 1.172965e-02
7220 0.072200000 0.002394580 0.002332519 0.002417 1.173038e-02
7221 0.072210000 0.002382939 0.002332515 0.002417 1.173110e-02
7222 0.072220000 0.002376803 0.002332510 0.002417 1.173183e-02
7223 0.072230000 0.002371654 0.002332504 0.002417 1.173255e-02
7224 0.072240000 0.002371832 0.002332497 0.002417 1.173327e-02
7225 0.072250000 0.008116544 0.002332503 0.002417 1.173400e-02
7226 0.072260000 0.002372395 0.002332497 0.002417 1.173472e-02
7227 0.072270000 0.002381427 0.002332493 0.002417 1.173544e-02
7228 0.072280000 0.002374914 0.002332487 0.002417 1.173617e-02
7229 0.072290000 0.002387189 0.002332483 0.002417 1.173689e-02
7230 0.072300000 0.002376827 0.002332477 0.002417 1.173761e-02
7231 0.072310000 0.002380583 0.002332472 0.002417 1.173834e-02
7232 0.072320000 0.002372468 0.002332466 0.002417 1.173906e-02
7233 0.072330000 0.002390016 0.002332463 0.002417 1.173978e-02
7234 0.072340000 0.002371493 0.002332457 0.002417 1.174050e-02
7235 0.072350000 0.002372295 0.002332451 0.002417 1.174123e-02
7236 0.072360000 0.002392004 0.002332447 0.002417 1.174195e-02
7237 0.072370000 0.002375086 0.002332442 0.002417 1.174267e-02
7238 0.072380000 0.002384459 0.002332438 0.002417 1.174339e-02
7239 0.072390000 0.002378414 0.002332432 0.002417 1.174412e-02
7240 0.072400000 0.002752714 0.002332477 0.002417 1.174484e-02
7241 0.072410000 0.003034720 0.002332556 0.002417 1.174556e-02
7242 0.072420000 0.002512338 0.002332566 0.002417 1.174628e-02
7243 0.072430000 0.002439597 0.002332570 0.002417 1.174700e-02
7244 0.072440000 0.002412200 0.002332569 0.002417 1.174773e-02
7245 0.072450000 0.002384586 0.002332564 0.002417 1.174845e-02
7246 0.072460000 0.002377329 0.002332559 0.002417 1.174917e-02
7247 0.072470000 0.002378193 0.002332554 0.002417 1.174989e-02
7248 0.072480000 0.002385685 0.002332550 0.002417 1.175061e-02
7249 0.072490000 0.002371665 0.002332544 0.002417 1.175134e-02
7250 0.072500000 0.006429812 0.002332546 0.002417 1.175206e-02
7251 0.072510000 0.002418033 0.002332546 0.002417 1.175278e-02
7252 0.072520000 0.002365770 0.002332539 0.002417 1.175350e-02
7253 0.072530000 0.002368155 0.002332533 0.002417 1.175422e-02
7254 0.072540000 0.002371229 0.002332527 0.002417 1.175494e-02
7255 0.072550000 0.002426606 0.002332529 0.002417 1.175566e-02
7256 0.072560000 0.002397403 0.002332525 0.002417 1.175638e-02
7257 0.072570000 0.002391666 0.002332522 0.002417 1.175711e-02
7258 0.072580000 0.002384867 0.002332518 0.002417 1.175783e-02
7259 0.072590000 0.002382353 0.002332513 0.002417 1.175855e-02
7260 0.072600000 0.002379156 0.002332508 0.002417 1.175927e-02
7261 0.072610000 0.002541778 0.002332525 0.002417 1.175999e-02
7262 0.072620000 0.002406079 0.002332522 0.002417 1.176071e-02
7263 0.072630000 0.002379356 0.002332517 0.002417 1.176143e-02
7264 0.072640000 0.002375014 0.002332511 0.002417 1.176215e-02
7265 0.072650000 0.002373150 0.002332506 0.002417 1.176287e-02
7266 0.072660000 0.002372802 0.002332500 0.002417 1.176359e-02
7267 0.072670000 0.002381704 0.002332495 0.002417 1.176431e-02
7268 0.072680000 0.002380995 0.002332490 0.002417 1.176503e-02
7269 0.072690000 0.002378800 0.002332485 0.002417 1.176575e-02
7270 0.072700000 0.002437541 0.002332483 0.002417 1.176647e-02
7271 0.072710000 0.002410963 0.002332482 0.002417 1.176719e-02
7272 0.072720000 0.002367655 0.002332476 0.002417 1.176791e-02
7273 0.072730000 0.002381510 0.002332471 0.002417 1.176863e-02
7274 0.072740000 0.002366266 0.002332465 0.002417 1.176935e-02
7275 0.072750000 0.007729345 0.002332459 0.002417 1.177007e-02
7276 0.072760000 0.002384847 0.002332453 0.002417 1.177079e-02
7277 0.072770000 0.002375159 0.002332448 0.002417 1.177151e-02
7278 0.072780000 0.002372150 0.002332442 0.002417 1.177223e-02
7279 0.072790000 0.002382042 0.002332437 0.002417 1.177295e-02
7280 0.072800000 0.002386568 0.002332433 0.002417 1.177367e-02
7281 0.072810000 0.002388428 0.002332429 0.002417 1.177439e-02
7282 0.072820000 0.002375632 0.002332424 0.002417 1.177510e-02
7283 0.072830000 0.002375325 0.002332418 0.002417 1.177582e-02
7284 0.072840000 0.002370566 0.002332412 0.002417 1.177654e-02
7285 0.072850000 0.002385723 0.002332408 0.002417 1.177726e-02
7286 0.072860000 0.002371061 0.002332402 0.002417 1.177798e-02
7287 0.072870000 0.002392468 0.002332399 0.002417 1.177870e-02
7288 0.072880000 0.002473683 0.002332405 0.002417 1.177942e-02
7289 0.072890000 0.002456796 0.002332410 0.002417 1.178014e-02
7290 0.072900000 0.002431660 0.002332411 0.002417 1.178085e-02
7291 0.072910000 0.002371576 0.002332405 0.002417 1.178157e-02
7292 0.072920000 0.002464067 0.002332412 0.002417 1.178229e-02
7293 0.072930000 0.002465390 0.002332419 0.002417 1.178301e-02
7294 0.072940000 0.002479076 0.002332427 0.002417 1.178373e-02
7295 0.072950000 0.002436449 0.002332430 0.002417 1.178444e-02
7296 0.072960000 0.002475335 0.002332438 0.002417 1.178516e-02
7297 0.072970000 0.002424032 0.002332439 0.002417 1.178588e-02
7298 0.072980000 0.002371953 0.002332434 0.002417 1.178660e-02
7299 0.072990000 0.002374608 0.002332428 0.002417 1.178732e-02
7300 0.073000000 0.008895617 0.002332422 0.002417 1.178803e-02
7301 0.073010000 0.002392987 0.002332418 0.002417 1.178875e-02
7302 0.073020000 0.002387881 0.002332414 0.002417 1.178947e-02
7303 0.073030000 0.002383063 0.002332410 0.002417 1.179019e-02
7304 0.073040000 0.002380024 0.002332405 0.002417 1.179090e-02
7305 0.073050000 0.002437235 0.002332408 0.002417 1.179162e-02
7306 0.073060000 0.002380034 0.002332403 0.002417 1.179234e-02
7307 0.073070000 0.002369424 0.002332397 0.002417 1.179306e-02
7308 0.073080000 0.002430318 0.002332399 0.002417 1.179377e-02
7309 0.073090000 0.002372192 0.002332393 0.002417 1.179474e-02
7310 0.073100000 0.002373814 0.002332388 0.002417 1.179574e-02
7311 0.073110000 0.002371030 0.002332382 0.002417 1.179674e-02
7312 0.073120000 0.002387964 0.002332378 0.002417 1.179773e-02
7313 0.073130000 0.002418852 0.002332379 0.002417 1.179873e-02
7314 0.073140000 0.002380954 0.002332374 0.002417 1.179973e-02
7315 0.073150000 0.002483927 0.002332383 0.002417 1.180073e-02
7316 0.073160000 0.002375354 0.002332377 0.002417 1.180172e-02
7317 0.073170000 0.002371522 0.002332371 0.002417 1.180272e-02
7318 0.073180000 0.002374859 0.002332366 0.002417 1.180372e-02
7319 0.073190000 0.002446115 0.002332368 0.002417 1.180472e-02
7320 0.073200000 0.002389127 0.002332365 0.002417 1.180571e-02
7321 0.073210000 0.002370737 0.002332359 0.002417 1.180671e-02
7322 0.073220000 0.002390826 0.002332354 0.002417 1.180771e-02
7323 0.073230000 0.002373794 0.002332348 0.002417 1.180870e-02
7324 0.073240000 0.002371953 0.002332342 0.002417 1.180970e-02
7325 0.073250000 0.007692860 0.002332338 0.002417 1.181070e-02
7326 0.073260000 0.002410256 0.002332337 0.002417 1.181169e-02
7327 0.073270000 0.002372497 0.002332332 0.002417 1.181269e-02
7328 0.073280000 0.002366160 0.002332325 0.002417 1.181369e-02
7329 0.073290000 0.002454146 0.002332331 0.002417 1.181468e-02
7330 0.073300000 0.002507683 0.002332337 0.002417 1.181568e-02
7331 0.073310000 0.002429755 0.002332339 0.002417 1.181668e-02
7332 0.073320000 0.002370814 0.002332333 0.002417 1.181767e-02
7333 0.073330000 0.002406039 0.002332332 0.002417 1.181867e-02
7334 0.073340000 0.002369768 0.002332326 0.002417 1.181966e-02
7335 0.073350000 0.002450966 0.002332331 0.002417 1.182066e-02
7336 0.073360000 0.002375779 0.002332325 0.002417 1.182166e-02
7337 0.073370000 0.002417529 0.002332325 0.002417 1.182265e-02
7338 0.073380000 0.002376863 0.002332320 0.002417 1.182365e-02
7339 0.073390000 0.002416617 0.002332320 0.002417 1.182464e-02
7340 0.073400000 0.002378479 0.002332315 0.002417 1.182564e-02
7341 0.073410000 0.002375275 0.002332310 0.002417 1.182663e-02
7342 0.073420000 0.002373475 0.002332304 0.002417 1.182763e-02
7343 0.073430000 0.002383958 0.002332300 0.002417 1.182862e-02
7344 0.073440000 0.002384623 0.002332296 0.002417 1.182962e-02
7345 0.073450000 0.002379238 0.002332291 0.002417 1.183061e-02
7346 0.073460000 0.002373142 0.002332285 0.002417 1.183161e-02
7347 0.073470000 0.002386473 0.002332281 0.002417 1.183260e-02
7348 0.073480000 0.002380963 0.002332277 0.002417 1.183360e-02
7349 0.073490000 0.002374305 0.002332271 0.002417 1.183459e-02
7350 0.073500000 0.007753435 0.002332265 0.002417 1.183559e-02
7351 0.073510000 0.002388670 0.002332260 0.002417 1.183658e-02
7352 0.073520000 0.002375710 0.002332254 0.002417 1.183757e-02
7353 0.073530000 0.002373411 0.002332249 0.002417 1.183857e-02
7354 0.073540000 0.002380223 0.002332244 0.002417 1.183956e-02
7355 0.073550000 0.002382684 0.002332239 0.002417 1.184056e-02
7356 0.073560000 0.002383256 0.002332235 0.002417 1.184155e-02
7357 0.073570000 0.002376492 0.002332230 0.002417 1.184254e-02
7358 0.073580000 0.002371592 0.002332224 0.002417 1.184354e-02
7359 0.073590000 0.002379322 0.002332219 0.002417 1.184453e-02
7360 0.073600000 0.002381216 0.002332215 0.002417 1.184553e-02
7361 0.073610000 0.002378933 0.002332209 0.002417 1.184652e-02
7362 0.073620000 0.002369320 0.002332203 0.002417 1.184751e-02
7363 0.073630000 0.002379975 0.002332199 0.002417 1.184851e-02
7364 0.073640000 0.002384069 0.002332194 0.002417 1.184950e-02
7365 0.073650000 0.002372549 0.002332188 0.002417 1.185049e-02
7366 0.073660000 0.002381291 0.002332184 0.002417 1.185148e-02
7367 0.073670000 0.002374984 0.002332178 0.002417 1.185248e-02
7368 0.073680000 0.002371280 0.002332173 0.002417 1.185347e-02
7369 0.073690000 0.002373252 0.002332167 0.002417 1.185446e-02
7370 0.073700000 0.002375478 0.002332162 0.002417 1.185546e-02
7371 0.073710000 0.002377180 0.002332157 0.002417 1.185645e-02
7372 0.073720000 0.002386156 0.002332153 0.002417 1.185744e-02
7373 0.073730000 0.002377223 0.002332148 0.002417 1.185843e-02
7374 0.073740000 0.002372072 0.002332142 0.002417 1.185942e-02
7375 0.073750000 0.007713253 0.002332136 0.002417 1.186042e-02
7376 0.073760000 0.002392594 0.002332131 0.002417 1.186141e-02
7377 0.073770000 0.002382213 0.002332126 0.002417 1.186240e-02
7378 0.073780000 0.002378613 0.002332121 0.002417 1.186339e-02
7379 0.073790000 0.002373212 0.002332116 0.002417 1.186438e-02
7380 0.073800000 0.002371310 0.002332110 0.002417 1.186538e-02
7381 0.073810000 0.002372384 0.002332104 0.002417 1.186637e-02
7382 0.073820000 0.002392636 0.002332101 0.002417 1.186736e-02
7383 0.073830000 0.002377936 0.002332096 0.002417 1.186835e-02
7384 0.073840000 0.002374564 0.002332090 0.002417 1.186934e-02
7385 0.073850000 0.002374880 0.002332085 0.002417 1.187033e-02
7386 0.073860000 0.002370008 0.002332079 0.002417 1.187132e-02
7387 0.073870000 0.002376275 0.002332074 0.002417 1.187232e-02
7388 0.073880000 0.002370326 0.002332068 0.002417 1.187331e-02
7389 0.073890000 0.002405813 0.002332066 0.002417 1.187430e-02
7390 0.073900000 0.002370158 0.002332060 0.002417 1.187529e-02
7391 0.073910000 0.002372009 0.002332055 0.002417 1.187628e-02
7392 0.073920000 0.002376076 0.002332049 0.002417 1.187727e-02
7393 0.073930000 0.002370409 0.002332044 0.002417 1.187826e-02
7394 0.073940000 0.002371338 0.002332038 0.002417 1.187925e-02
7395 0.073950000 0.002382724 0.002332033 0.002417 1.188024e-02
7396 0.073960000 0.002384401 0.002332029 0.002417 1.188123e-02
7397 0.073970000 0.002373823 0.002332023 0.002417 1.188222e-02
7398 0.073980000 0.002371704 0.002332018 0.002417 1.188321e-02
7399 0.073990000 0.002546457 0.002332034 0.002417 1.188420e-02
7400 0.074000000 0.011945146 0.002332132 0.002417 1.188519e-02
7401 0.074010000 0.002483230 0.002332135 0.002417 1.188618e-02
7402 0.074020000 0.002371699 0.002332130 0.002417 1.188717e-02
7403 0.074030000 0.002383213 0.002332126 0.002417 1.188816e-02
7404 0.074040000 0.002366933 0.002332119 0.002417 1.188915e-02
7405 0.074050000 0.002367881 0.002332113 0.002417 1.189014e-02
7406 0.074060000 0.002474133 0.002332116 0.002417 1.189113e-02
7407 0.074070000 0.002369935 0.002332110 0.002417 1.189212e-02
7408 0.074080000 0.002394909 0.002332107 0.002417 1.189311e-02
7409 0.074090000 0.002372661 0.002332102 0.002417 1.189410e-02
7410 0.074100000 0.002373885 0.002332096 0.002417 1.189509e-02
7411 0.074110000 0.002371944 0.002332090 0.002417 1.189607e-02
7412 0.074120000 0.002381817 0.002332086 0.002417 1.189706e-02
7413 0.074130000 0.002381601 0.002332081 0.002417 1.189805e-02
7414 0.074140000 0.002376259 0.002332076 0.002417 1.189904e-02
7415 0.074150000 0.002374646 0.002332071 0.002417 1.190003e-02
7416 0.074160000 0.002374204 0.002332065 0.002417 1.190102e-02
7417 0.074170000 0.002372851 0.002332060 0.002417 1.190201e-02
7418 0.074180000 0.002384984 0.002332056 0.002417 1.190299e-02
7419 0.074190000 0.002371536 0.002332050 0.002417 1.190398e-02
7420 0.074200000 0.002385783 0.002332046 0.002417 1.190497e-02
7421 0.074210000 0.002379298 0.002332041 0.002417 1.190596e-02
7422 0.074220000 0.002371970 0.002332035 0.002417 1.190695e-02
7423 0.074230000 0.002376486 0.002332030 0.002417 1.190793e-02
7424 0.074240000 0.002381716 0.002332025 0.002417 1.190892e-02
7425 0.074250000 0.009107711 0.002332019 0.002417 1.190991e-02
7426 0.074260000 0.002392252 0.002332015 0.002417 1.191090e-02
7427 0.074270000 0.002376005 0.002332010 0.002417 1.191188e-02
7428 0.074280000 0.002664386 0.002332042 0.002417 1.191287e-02
7429 0.074290000 0.003404365 0.002332169 0.002417 1.191386e-02
7430 0.074300000 0.002555676 0.002332181 0.002417 1.191485e-02
7431 0.074310000 0.002414238 0.002332181 0.002417 1.191583e-02
7432 0.074320000 0.002371533 0.002332176 0.002417 1.191682e-02
7433 0.074330000 0.002494275 0.002332186 0.002417 1.191781e-02
7434 0.074340000 0.002373845 0.002332181 0.002417 1.191879e-02
7435 0.074350000 0.002392500 0.002332178 0.002417 1.191978e-02
7436 0.074360000 0.002381508 0.002332173 0.002417 1.192077e-02
7437 0.074370000 0.002450179 0.002332177 0.002417 1.192175e-02
7438 0.074380000 0.002420468 0.002332172 0.002417 1.192274e-02
7439 0.074390000 0.002389429 0.002332168 0.002417 1.192373e-02
7440 0.074400000 0.002413929 0.002332167 0.002417 1.192471e-02
7441 0.074410000 0.002392351 0.002332164 0.002417 1.192570e-02
7442 0.074420000 0.002378167 0.002332159 0.002417 1.192668e-02
7443 0.074430000 0.002386571 0.002332154 0.002417 1.192767e-02
7444 0.074440000 0.002388892 0.002332150 0.002417 1.192866e-02
7445 0.074450000 0.002392120 0.002332147 0.002417 1.192964e-02
7446 0.074460000 0.002377420 0.002332142 0.002417 1.193063e-02
7447 0.074470000 0.002392137 0.002332139 0.002417 1.193161e-02
7448 0.074480000 0.002447678 0.002332144 0.002417 1.193260e-02
7449 0.074490000 0.002433534 0.002332146 0.002417 1.193359e-02
7450 0.074500000 0.007340731 0.002332146 0.002417 1.193457e-02
7451 0.074510000 0.002370501 0.002332140 0.002417 1.193556e-02
7452 0.074520000 0.002367872 0.002332134 0.002417 1.193654e-02
7453 0.074530000 0.002377891 0.002332129 0.002417 1.193753e-02
7454 0.074540000 0.002367032 0.002332123 0.002417 1.193851e-02
7455 0.074550000 0.002368996 0.002332117 0.002417 1.193950e-02
7456 0.074560000 0.002416361 0.002332117 0.002417 1.194048e-02
7457 0.074570000 0.002378714 0.002332112 0.002417 1.194147e-02
7458 0.074580000 0.002369969 0.002332106 0.002417 1.194245e-02
7459 0.074590000 0.002371198 0.002332100 0.002417 1.194344e-02
7460 0.074600000 0.002366132 0.002332094 0.002417 1.194442e-02
7461 0.074610000 0.002368784 0.002332088 0.002417 1.194540e-02
7462 0.074620000 0.002366273 0.002332081 0.002417 1.194639e-02
7463 0.074630000 0.002402731 0.002332080 0.002417 1.194737e-02
7464 0.074640000 0.002379671 0.002332075 0.002417 1.194836e-02
7465 0.074650000 0.002368490 0.002332069 0.002417 1.194934e-02
7466 0.074660000 0.002394284 0.002332066 0.002417 1.195032e-02
7467 0.074670000 0.002416369 0.002332067 0.002417 1.195131e-02
7468 0.074680000 0.002492443 0.002332077 0.002417 1.195229e-02
7469 0.074690000 0.002454172 0.002332082 0.002417 1.195328e-02
7470 0.074700000 0.002443866 0.002332086 0.002417 1.195426e-02
7471 0.074710000 0.002369667 0.002332080 0.002417 1.195524e-02
7472 0.074720000 0.002411548 0.002332080 0.002417 1.195623e-02
7473 0.074730000 0.002369183 0.002332074 0.002417 1.195721e-02
7474 0.074740000 0.002367841 0.002332068 0.002417 1.195819e-02
7475 0.074750000 0.006450626 0.002332062 0.002417 1.195918e-02
7476 0.074760000 0.002422984 0.002332063 0.002417 1.196016e-02
7477 0.074770000 0.002367055 0.002332057 0.002417 1.196114e-02
7478 0.074780000 0.002369142 0.002332051 0.002417 1.196213e-02
7479 0.074790000 0.002369235 0.002332045 0.002417 1.196311e-02
7480 0.074800000 0.002368974 0.002332038 0.002417 1.196409e-02
7481 0.074810000 0.002366529 0.002332032 0.002417 1.196507e-02
7482 0.074820000 0.002435931 0.002332035 0.002417 1.196606e-02
7483 0.074830000 0.002400897 0.002332033 0.002417 1.196704e-02
7484 0.074840000 0.002415518 0.002332033 0.002417 1.196802e-02
7485 0.074850000 0.002413612 0.002332033 0.002417 1.196900e-02
7486 0.074860000 0.002420211 0.002332034 0.002417 1.196999e-02
7487 0.074870000 0.002432025 0.002332035 0.002417 1.197097e-02
7488 0.074880000 0.002375247 0.002332029 0.002417 1.197195e-02
7489 0.074890000 0.002384099 0.002332025 0.002417 1.197293e-02
7490 0.074900000 0.002368627 0.002332019 0.002417 1.197391e-02
7491 0.074910000 0.002367110 0.002332012 0.002417 1.197489e-02
7492 0.074920000 0.002366150 0.002332006 0.002417 1.197588e-02
7493 0.074930000 0.002375097 0.002332001 0.002417 1.197686e-02
7494 0.074940000 0.002367259 0.002331995 0.002417 1.197784e-02
7495 0.074950000 0.002366688 0.002331989 0.002417 1.197882e-02
7496 0.074960000 0.002370976 0.002331983 0.002417 1.197980e-02
7497 0.074970000 0.002365470 0.002331976 0.002417 1.198078e-02
7498 0.074980000 0.002367786 0.002331970 0.002417 1.198176e-02
7499 0.074990000 0.002373424 0.002331965 0.002417 1.198275e-02
# summary total_steps=7500 total_time_s=19.600224209 avg_step_s=0.002607380 total_gmres_s=17.489737438
