# step 10
# iter abs_residual rel_residual
0 7.2278104865846785e+01 1.0000000000000000e+00
1 1.1546600861375807e+03 1.5975240195917015e+01
2 1.1527745212176287e+03 1.5949152559509672e+01
3 1.1585072720810076e+03 1.6028467739037680e+01
4 1.2484330970659478e+03 1.7272631862486250e+01
5 1.4402468346337980e+03 1.9926460956703234e+01
6 1.2677694538267192e+03 1.7540159031283235e+01
7 1.4124522130191567e+03 1.9541909899834351e+01
8 1.3004236603875324e+03 1.7991944625571044e+01
9 1.3783981910459111e+03 1.9070757231450859e+01
10 1.3232324643110492e+03 1.8307514658374913e+01
11 1.3547601259463668e+03 1.8743713998324889e+01
12 1.3364428175025305e+03 1.8490285820070433e+01
13 1.3388396176543110e+03 1.8523446625216462e+01
14 1.3429152194666749e+03 1.8579834404336133e+01
15 1.3277325809229117e+03 1.8369775790154932e+01
16 1.3450051727483242e+03 1.8608749845402667e+01
17 1.3195692023751546e+03 1.8256831786394613e+01
18 1.3443069584343045e+03 1.8599089737195410e+01
19 1.3132163294684012e+03 1.8168936940250752e+01
20 1.3418458874585133e+03 1.8565039716371547e+01
21 1.3079856800730104e+03 1.8096568559741893e+01
22 1.3382737217498807e+03 1.8515617201555163e+01
23 1.3034526903332796e+03 1.8033852613493103e+01
24 1.3340055733943620e+03 1.8456565454647290e+01
25 1.2993510853098198e+03 1.7977105068284597e+01
26 1.3293075319959091e+03 1.8391565944668816e+01
27 1.2955114809371628e+03 1.7923982419596122e+01
28 1.3243513570109881e+03 1.8322995040739887e+01
29 1.2918249965145976e+03 1.7872978254096662e+01
30 1.3192485335184340e+03 1.8252395188931025e+01
31 1.2882212246121244e+03 1.7823118453412039e+01
32 1.3140716232918394e+03 1.8180770313926303e+01
33 1.2846546044795443e+03 1.7773772664127719e+01
34 1.3088677968908355e+03 1.8108773041575809e+01
35 1.2810958289411506e+03 1.7724535408322534e+01
36 1.3036675101278706e+03 1.8036824741705232e+01
37 1.2775263299639571e+03 1.7675149788931726e+01
38 1.2984901357284932e+03 1.7965193444661860e+01
39 1.2739346838603615e+03 1.7625457754113413e+01
40 1.2933476589196234e+03 1.7894044971435914e+01
41 1.2703142383673446e+03 1.7575367266824948e+01
42 1.2882471280003449e+03 1.7823476838406620e+01
43 1.2666615286045330e+03 1.7524830388892255e+01
44 1.2831922934624090e+03 1.7753540935309573e+01
45 1.2629752087384184e+03 1.7473828500105096e+01
46 1.2781847130474757e+03 1.7684258814199346e+01
47 1.2592553284034091e+03 1.7422362287177769e+01
48 1.2732245007403783e+03 1.7615632052107230e+01
49 1.2555028382770943e+03 1.7370444903161133e+01
50 1.2683108376848875e+03 1.7547649319790011e+01
51 1.2517192522220182e+03 1.7318097293022507e+01
52 1.2634423194679134e+03 1.7480291186562663e+01
53 1.2479064168615025e+03 1.7265345005623821e+01
54 1.2586171941774505e+03 1.7413533413936793e+01
55 1.2440663539079189e+03 1.7212216012262537e+01
56 1.2538335239648811e+03 1.7347349190907590e+01
57 1.2402011533663456e+03 1.7158739229096359e+01
58 1.2490892942233722e+03 1.7281710644485898e+01
59 1.2363129023441354e+03 1.7104943532191644e+01
60 1.2443824862342608e+03 1.7216589844793546e+01
61 1.2324036388422176e+03 1.7050857118205364e+01
62 1.2397111252399559e+03 1.7151959470173527e+01
63 1.2284753213132137e+03 1.6996507083207977e+01
64 1.2350733099335548e+03 1.7087793215192033e+01
65 1.2245298121532446e+03 1.6941919194285152e+01
66 1.2304672309091859e+03 1.7024066045907251e+01
67 1.2205688672022468e+03 1.6887117744269968e+01
68 1.2258911806664464e+03 1.6960754338285241e+01
69 1.2165941326630880e+03 1.6832125509117482e+01
70 1.2213435565430423e+03 1.6897835918774312e+01
71 1.2126071450119673e+03 1.6776963746665064e+01
72 1.2168228618963167e+03 1.6835290080652019e+01
73 1.2086093333581987e+03 1.6721652229281080e+01
74 1.2123277032823787e+03 1.6773097544997114e+01
75 1.2046020237653565e+03 1.6666209303649868e+01
76 1.2078567863321459e+03 1.6711240403632782e+01
77 1.2005864443550652e+03 1.6610651961384953e+01
78 1.2034089109085114e+03 1.6649702052123843e+01
79 1.1965637310951331e+03 1.6554995919110482e+01
80 1.1989829658844071e+03 1.6588467117528928e+01
81 1.1925349333528500e+03 1.6499255695293591e+01
82 1.1945779226414620e+03 1.6527521368451513e+01
83 1.1885010204032581e+03 1.6443444700289238e+01
84 1.1901928302471820e+03 1.6466851648314009e+01
85 1.1844628864395238e+03 1.6387575305660956e+01
86 1.1858268092554783e+03 1.6406445789585323e+01
87 1.1804213570152629e+03 1.6331658933313310e+01
88 1.1814790463284662e+03 1.6346292539371003e+01
89 1.1763771933506478e+03 1.6275706115068818e+01
90 1.1771487897165512e+03 1.6286381496878224e+01
91 1.1723310979338985e+03 1.6219726570167094e+01
92 1.1728353439154982e+03 1.6226703039493948e+01
93 1.1682837191214551e+03 1.6163729268910291e+01
94 1.1685380650367974e+03 1.6167248258731821e+01
95 1.1642356550304253e+03 1.6107722486516877e+01
96 1.1642563576304565e+03 1.6108008916274127e+01
97 1.1601874578335353e+03 1.6051713862544187e+01
98 1.1599896696489898e+03 1.6048977374296292e+01
99 1.1561396376437815e+03 1.5995710454634326e+01
100 1.1557374897040254e+03 1.5990146557510812e+01
101 1.1520926651036675e+03 1.5939718774337429e+01
102 1.1514993435973752e+03 1.5931509905173060e+01
103 1.1480469756770885e+03 1.5883744846491810e+01
104 1.1472747910251910e+03 1.5873061325481807e+01
105 1.1440029715514690e+03 1.5827794235540880e+01
106 1.1430634233275553e+03 1.5814795164443796e+01
107 1.1399610245709378e+03 1.5771872086114946e+01
108 1.1388648605573339e+03 1.5756706165320006e+01
109 1.1359214789431537e+03 1.5715983160481358e+01
110 1.1346787494213947e+03 1.5698789440141489e+01
111 1.1318846530390729e+03 1.5660131863445091e+01
112 1.1305047609324849e+03 1.5641040437222044e+01
113 1.1278508414157620e+03 1.5604322270335285e+01
114 1.1263425889423359e+03 1.5583454920863053e+01
115 1.1238203171271421e+03 1.5548558158975407e+01
116 1.1221919476094899e+03 1.5526028936319742e+01
117 1.1197933329725249e+03 1.5492843026957328e+01
118 1.1180525705911509e+03 1.5468758798620062e+01
119 1.1157701230410698e+03 1.5437180113009564e+01
120 1.1139242088664619e+03 1.5411641062448760e+01
121 1.1117509047684237e+03 1.5381572425451816e+01
122 1.1098066298854665e+03 1.5354672510372888e+01
123 1.1077358792250191e+03 1.5326022746183707e+01
124 1.1056996160741160e+03 1.5297850132157889e+01
125 1.1037252332614817e+03 1.5270533660367450e+01
126 1.1016029635318173e+03 1.5241171106747602e+01
127 1.0997191401743603e+03 1.5215107565638528e+01
128 1.0975164815421733e+03 1.5184632795495132e+01
129 1.0957177605411941e+03 1.5159746683659220e+01
130 1.0934399909856186e+03 1.5128232720200947e+01
131 1.0917212434657235e+03 1.5104453077346653e+01
132 1.0893733238500588e+03 1.5071968556342364e+01
133 1.0877297275762967e+03 1.5049228664686202e+01
134 1.0853163221756315e+03 1.5015838118473837e+01
135 1.0837433411659520e+03 1.4994075220669597e+01
136 1.0812688376688293e+03 1.4959839354888176e+01
137 1.0797622035129511e+03 1.4938994395565093e+01
138 1.0772307304158696e+03 1.4903970329815442e+01
139 1.0757864254711235e+03 1.4883987723085134e+01
140 1.0732018690378409e+03 1.4848229225569467e+01
141 1.0718161096208453e+03 1.4829056622475242e+01
142 1.0691821292833272e+03 1.4792614323076178e+01
143 1.0678513515689606e+03 1.4774202416498984e+01
144 1.0651713940610757e+03 1.4737124002325576e+01
145 1.0638922397474619e+03 1.4719426328652643e+01
146 1.0611695529623325e+03 1.4681756735763027e+01
147 1.0599388563566336e+03 1.4664729496214022e+01
148 1.0571765012086171e+03 1.4626511073731258e+01
149 1.0559912776341198e+03 1.4610112973965123e+01
150 1.0531921400313247e+03 1.4571385649722318e+01
151 1.0520495743105353e+03 1.4555577740495727e+01
152 1.0492163758002735e+03 1.4516379168320647e+01
153 1.0481138117899961e+03 1.4501124700701114e+01
154 1.0452491196647240e+03 1.4461490400236412e+01
155 1.0441840510105847e+03 1.4446754697686986e+01
156 1.0412902872574889e+03 1.4406718178211735e+01
157 1.0402603481829462e+03 1.4392468509152836e+01
158 1.0373397988382872e+03 1.4352061399004059e+01
159 1.0363427553340650e+03 1.4338266854915325e+01
160 1.0333975781013366e+03 1.4297519006888667e+01
161 1.0324313207348875e+03 1.4284150402824649e+01
162 1.0294635529029053e+03 1.4243090003724664e+01
163 1.0285260887834988e+03 1.4230119767148228e+01
164 1.0255376543594323e+03 1.4188773436477089e+01
165 1.0246271007421185e+03 1.4176175518767378e+01
166 1.0216198166695239e+03 1.4134568394754146e+01
167 1.0207343943733130e+03 1.4122318180144143e+01
168 1.0177099774273917e+03 1.4080474015143764e+01
169 1.0168480047076199e+03 1.4068548235941726e+01
170 1.0138080767360253e+03 1.4026489468943936e+01
171 1.0129679638436710e+03 1.4014866130259092e+01
172 1.0099140573893291e+03 1.3972613964682667e+01
173 1.0090943013392545e+03 1.3961272272041500e+01
174 1.0060278648013050e+03 1.3918846747138197e+01
175 1.0052270441543685e+03 1.3907767034292615e+01
176 1.0021494466785283e+03 1.3865187092807535e+01
177 1.0013662172143456e+03 1.3854350761865593e+01
178 9.9827875258309052e+02 1.3811634303859595e+01
179 9.9751184302576667e+02 1.3801023766149076e+01
180 9.9441573467105115e+02 1.3758187718352000e+01
181 9.9366394212992554e+02 1.3747786331341079e+01
182 9.9056034660859723e+02 1.3704846695235666e+01
183 9.8982253330577817e+02 1.3694638717256879e+01
184 9.8671254400338944e+02 1.3651610620322668e+01
185 9.8598763320093860e+02 1.3641581154223683e+01
186 9.8287228417906488e+02 1.3598478903166381e+01
187 9.8215925727111869e+02 1.3588613856078199e+01
188 9.7903952593138058e+02 1.3545450973687625e+01
189 9.7833741900774146e+02 1.3535737009480313e+01
190 9.7521422962212284e+02 1.3492526283473932e+01
191 9.7452213053045148e+02 1.3482950782110747e+01
192 9.7139635705633782e+02 1.3439704304080985e+01
193 9.7071340264513253e+02 1.3430255323473746e+01
194 9.6758587122100960e+02 1.3386984523417107e+01
195 9.6691124481745271e+02 1.3377650764531079e+01
196 9.6378273645931802e+02 1.3334366448154197e+01
197 9.6311566502145695e+02 1.3325137215607230e+01
198 9.5998691833172177e+02 1.3281849601805755e+01
199 9.5932667049387203e+02 1.3272714776825559e+01
200 9.5619838332317238e+02 1.3229433520676054e+01
201 9.5554426703315755e+02 1.3220383528410361e+01
202 9.5241709908949747e+02 1.3177117757268958e+01
203 9.5176845945015839e+02 1.3168143536921827e+01
204 9.4864303432026486e+02 1.3124901878390595e+01
205 9.4799925168005007e+02 1.3115994856804878e+01
206 9.4487615845470737e+02 1.3072785461219045e+01
207 9.4423664670714038e+02 1.3063937529348751e+01
208 9.4111644193032680e+02 1.3020768096743886e+01
209 9.4048064648188915e+02 1.3011971581538932e+01
210 9.3736385591219926e+02 1.2968849386021009e+01
211 9.3673125252379361e+02 1.2960097034398347e+01
212 9.3361837237517409e+02 1.2917028941309889e+01
213 9.3298846505224265e+02 1.2908313890962338e+01
214 9.2987996415178986e+02 1.2865306386736510e+01
215 9.2925228388178846e+02 1.2856622148665155e+01
216 9.2614860447873923e+02 1.2813681352018509e+01
217 9.2552270815859458e+02 1.2805021795693584e+01
218 9.2242426760133571e+02 1.2762153480828248e+01
219 9.2179973606244971e+02 1.2753512806864187e+01
220 9.1870692806401405e+02 1.2710722420976564e+01
221 9.1808336550636045e+02 1.2702095153302475e+01
222 9.1499656116578979e+02 1.2659387830714257e+01
223 9.1437359359068739e+02 1.2650768794890634e+01
224 9.1129314270343525e+02 1.2608149375178819e+01
225 9.1067041698796709e+02 1.2599533685591716e+01
226 9.0759664895963851e+02 1.2557006726230597e+01
227 9.0697383169772854e+02 1.2548389770057410e+01
228 9.0390705672410331e+02 1.2505959562744735e+01
229 9.0328383340577045e+02 1.2497336988598807e+01
230 9.0022434340217035e+02 1.2455007572113985e+01
231 8.9960041708090785e+02 1.2446375271607206e+01
232 8.9654848648696714e+02 1.2404150442945673e+01
233 8.9592357756937258e+02 1.2395504547777911e+01
234 8.9287946419252012e+02 1.2353387873821081e+01
235 8.9225330891408794e+02 1.2344724734692095e+01
236 8.8921725518889889e+02 1.2302719569631057e+01
237 8.8858960491928485e+02 1.2294035746628516e+01
238 8.8556183822379296e+02 1.2252145236340350e+01
239 8.8493245909312213e+02 1.2243437493769637e+01
240 8.8191319253546283e+02 1.2201664586700984e+01
241 8.8128186447131748e+02 1.2192929879761488e+01
242 8.7827129783142209e+02 1.2151277339957309e+01
243 8.7763781374532277e+02 1.2142512803487030e+01
244 8.7463613380902427e+02 1.2100983215213100e+01
245 8.7400029932522750e+02 1.2092186159936444e+01
246 8.7100768086005075e+02 1.2050781941179862e+01
247 8.7036931317546248e+02 1.2041949837934029e+01
248 8.6738591940191668e+02 1.2000673246923748e+01
249 8.6674484724940442e+02 1.1991803726151142e+01
250 8.6377083001810809e+02 1.1950656863808579e+01
251 8.6312689282988629e+02 1.1941747703981864e+01
252 8.6016239401548478e+02 1.1900732533206375e+01
253 8.5951544118018808e+02 1.1891781650549760e+01
254 8.5656059241249397e+02 1.1850899992498839e+01
255 8.5591048331167099e+02 1.1841905441492976e+01
256 8.5296540675202857e+02 1.1801158986323617e+01
257 8.5231200980536585e+02 1.1792118946495851e+01
258 8.4937681873111956e+02 1.1751509261450924e+01
259 8.4872001123334871e+02 1.1742422035118828e+01
260 8.4579481023292544e+02 1.1701950567226129e+01
261 8.4513447784089578e+02 1.1692814572400929e+01
262 8.4221936322771967e+02 1.1652482654199881e+01
263 8.4155539961951865e+02 1.1643296419870227e+01
264 8.3865046014589132e+02 1.1603105279288730e+01
265 8.3798276641809969e+02 1.1593867437081455e+01
266 8.3508808331722105e+02 1.1553818198017268e+01
267 8.3441656792322749e+02 1.1544527481343941e+01
268 8.3153221536719502e+02 1.1504621170001302e+01
269 8.3085679340871729e+02 1.1495276404256110e+01
270 8.2798283914260332e+02 1.1455513957918479e+01
271 8.2730343237655052e+02 1.1446114060573164e+01
272 8.2443993739895598e+02 1.1406496323183545e+01
273 8.2375647377130065e+02 1.1397040297338320e+01
274 8.2090349337025327e+02 1.1357568033831374e+01
275 8.2021590649370671e+02 1.1348054960988321e+01
276 8.1737349013362086e+02 1.1308728855726409e+01
277 8.1668171944259575e+02 1.1299157897933462e+01
278 8.1384991106281950e+02 1.1259978558837172e+01
279 8.1315390119740437e+02 1.1250348950165128e+01
280 8.1033273950932505e+02 1.1211316912823866e+01
281 8.0963244025325753e+02 1.1201627958508208e+01
282 8.0682195906077015e+02 1.1162743690614027e+01
283 8.0611732500927326e+02 1.1152994762459301e+01
284 8.0331755331848785e+02 1.1114258665324739e+01
285 8.0260854365266948e+02 1.1104449198583264e+01
286 7.9981950615205312e+02 1.1065861613784341e+01
287 7.9910608422970427e+02 1.1055991101494719e+01
288 7.9632780127172202e+02 1.1017552310616916e+01
289 7.9560993485169354e+02 1.1007620306708390e+01
290 7.9284242268448486e+02 1.0969330534552004e+01
291 7.9212008323856401e+02 1.0959336644323951e+01
292 7.8936335448794671e+02 1.0921196065572834e+01
293 7.8863651723869111e+02 1.0911139946218231e+01
294 7.8589058052159919e+02 1.0873148680091530e+01
295 7.8515922454770521e+02 1.0863030042154753e+01
296 7.8242408522018889e+02 1.0825188162755826e+01
297 7.8168819265187528e+02 1.0815006759000436e+01
298 7.7896385265584206e+02 1.0777314293196445e+01
299 7.7822340903197573e+02 1.0767069923546179e+01
300 7.7550986720848880e+02 1.0729526855302714e+01
301 7.7476486104707919e+02 1.0719219360899084e+01
302 7.7206211320889690e+02 1.0681825632283775e+01
303 7.7131253598657406e+02 1.0671454895202137e+01
304 7.6862057518606503e+02 1.0634210410091390e+01
305 7.6786642094088506e+02 1.0623776347845572e+01
306 7.6518523750014424e+02 1.0586680972341231e+01
307 7.6442650311548448e+02 1.0576183541811362e+01
308 7.6175608487587601e+02 1.0539237107693243e+01
309 7.6099276934569355e+02 1.0528676294960269e+01
310 7.5833310178128352e+02 1.0491878601255564e+01
311 7.5756520684340796e+02 1.0481254430363137e+01
312 7.5491627275218923e+02 1.0444605239074358e+01
313 7.5414380217626581e+02 1.0433917762177209e+01
314 7.5150558279828613e+02 1.0397416813752008e+01
315 7.5072854235882016e+02 1.0386666110743009e+01
316 7.4810101621175511e+02 1.0350313107963787e+01
317 7.4731941401588392e+02 1.0339499291008819e+01
318 7.4470255811276172e+02 1.0303293915840513e+01
319 7.4391640374285089e+02 1.0292417117515903e+01
320 7.4131019305107986e+02 1.0256359023621377e+01
321 7.4051949826541716e+02 1.0245419406608310e+01
322 7.3792390604409320e+02 1.0209508224015163e+01
323 7.3712868386841694e+02 1.0198505968530570e+01
324 7.3454368180192148e+02 1.0162741305479521e+01
325 7.3374394726752064e+02 1.0151676619488027e+01
326 7.3116950527557401e+02 1.0116058059804912e+01
327 7.3036527465496226e+02 1.0104931168444043e+01
328 7.2780136136053318e+02 1.0069458278013562e+01
329 7.2699265252739110e+02 1.0058269428573706e+01
330 7.2443923489341410e+02 1.0022941750313237e+01
331 7.2362606703555684e+02 1.0011691208266424e+01
332 7.2108311097032504e+02 9.9765082705019132e+00
333 7.2026550458653765e+02 9.9651963194580269e+00
334 7.1773297436847793e+02 9.9301576279654888e+00
335 7.1691095113070617e+02 9.9187845677656181e+00
336 7.1438881029669437e+02 9.8838896180613744e+00
337 7.1356239292276734e+02 9.8724557630168785e+00
338 7.1105060356840056e+02 9.8377040306765124e+00
339 7.1021981597292415e+02 9.8262097116566878e+00
340 7.0771833938594045e+02 9.7916006610786930e+00
341 7.0688320629332429e+02 9.7800462201568354e+00
342 7.0439200252630189e+02 9.7455792986507142e+00
343 7.0355254992791140e+02 9.7339650954290260e+00
344 7.0107157832269399e+02 9.6996397404709462e+00
345 7.0022783261024836e+02 9.6879661400906976e+00
346 6.9775705161195060e+02 9.6537817767501846e+00
347 6.9690904045542504e+02 9.6420491620378943e+00
348 6.9444840746909358e+02 9.6080052009946630e+00
349 6.9359615906032866e+02 9.5962139619970888e+00
350 6.9114563108495145e+02 9.5623098083128504e+00
351 6.9028917439972486e+02 9.5504603459228736e+00
352 6.8784870735985419e+02 9.5166953897940392e+00
353 6.8698807203302840e+02 9.5047881140232757e+00
354 6.8455762145461938e+02 9.4711617401314854e+00
355 6.8369283784424124e+02 9.4591970709971296e+00
356 6.8127235837562841e+02 9.4257086518817488e+00
357 6.8040345729441617e+02 9.4136870156915791e+00
358 6.7799290332480132e+02 9.3803359203067593e+00
359 6.7711991611933581e+02 9.3682577507547791e+00
360 6.7471924113732302e+02 9.3350433355944951e+00
361 6.7384219985849109e+02 9.3229090761190996e+00
362 6.7145135713516470e+02 9.2898306946678435e+00
363 6.7057029403870627e+02 9.2776407915416659e+00
364 6.6818923610238380e+02 9.2446977870074178e+00
365 6.6730418422599121e+02 9.2324526973217473e+00
366 6.6493286331322804e+02 9.1996444088758267e+00
367 6.6404385568531745e+02 9.1873445895936161e+00
368 6.6168222374503023e+02 9.1546703524277326e+00
369 6.6078929408025431e+02 9.1423162700063241e+00
370 6.5843730240156185e+02 9.1097754101835893e+00
371 6.5754048451889821e+02 9.0973675325237053e+00
372 6.5519808441064094e+02 9.0649593763800862e+00
373 6.5429741253282805e+02 9.0524981769686654e+00
374 6.5196455475650862e+02 9.0202220432674647e+00
375 6.5106006326671525e+02 9.0077079978110692e+00
376 6.4873669848718214e+02 8.9755632039783393e+00
377 6.4782842214648883e+02 8.9629967934121080e+00
378 6.4551450051112568e+02 8.9309826497145401e+00
379 6.4460247421716440e+02 8.9183643568628650e+00
380 6.4229794603120456e+02 8.8864801757510730e+00
381 6.4138220481096323e+02 8.8738104852280433e+00
382 6.3908701979161754e+02 8.8420555710170827e+00
383 6.3816759899456088e+02 8.8293349718983993e+00
384 6.3588170697952023e+02 8.7977086305702272e+00
385 6.3495864190119573e+02 8.7849376111856188e+00
386 6.3268199236931548e+02 8.7534391437575394e+00
387 6.3175531872096781e+02 8.7406181981880930e+00
388 6.2948786104097258e+02 8.7092469041536997e+00
389 6.2855761424906882e+02 8.6963765225404792e+00
390 6.2629929790364815e+02 8.6651317029701236e+00
391 6.2536551372957410e+02 8.6522123800879420e+00
392 6.2311628782891887e+02 8.6210933308982884e+00
393 6.2217900199817961e+02 8.6081255610255329e+00
394 6.1993881576260242e+02 8.5771315796568288e+00
395 6.1899806409377891e+02 8.5641158583596315e+00
396 6.1676686648656960e+02 8.5332462386961030e+00
397 6.1582268482263112e+02 8.5201830618780203e+00
398 6.1360042501017483e+02 8.4894371006138041e+00
399 6.1265284917974725e+02 8.4763269639799468e+00
400 6.1043947597718147e+02 8.4457039529495113e+00
401 6.0948854185746529e+02 8.4325473528770392e+00
402 6.0728400446935848e+02 8.4020465893028060e+00
403 6.0632974771239969e+02 8.3888440190537654e+00
404 6.0413399501964352e+02 8.3584647956799429e+00
405 6.0317645159844596e+02 8.3452167529569792e+00
406 6.0098943263498870e+02 8.3149583646453813e+00
407 6.0002863802514844e+02 8.3016653402692775e+00
408 5.9785030188922019e+02 8.2715270827710849e+00
409 5.9688629199358729e+02 8.2581895734738744e+00
410 5.9471658763923756e+02 8.2281707405454689e+00
411 5.9374939782288550e+02 8.2147892356188077e+00
412 5.9158827462986687e+02 8.1848891269063575e+00
413 5.9061794040870802e+02 8.1714641177288225e+00
414 5.8846534737036347e+02 8.1416820275323527e+00
415 5.8749190419198112e+02 8.1282140045371580e+00
416 5.8534779073190589e+02 8.0985492331094218e+00
417 5.8437127383980362e+02 8.0850386839062480e+00
418 5.8223558916587513e+02 8.0554905285154490e+00
419 5.8125603374115565e+02 8.0419379398506301e+00
420 5.7912872749958206e+02 8.0125057038294720e+00
421 5.7814616845546016e+02 7.9989115587429946e+00
422 5.7602719012591103e+02 7.9695945431200466e+00
423 5.7504166241499138e+02 7.9559593251968757e+00
424 5.7293096180141208e+02 7.9267568354872058e+00
425 5.7194249998150167e+02 7.9130810228500996e+00
426 5.6984002684661743e+02 7.8839923639984804e+00
427 5.6884866568060465e+02 7.8702764376075924e+00
428 5.6675436994443317e+02 7.8413009167350038e+00
429 5.6576014365938909e+02 7.8275453501372159e+00
430 5.6367397543379468e+02 7.7986822770189255e+00
431 5.6267691846802461e+02 7.7848875466836365e+00
432 5.6059882782427769e+02 7.7561362305332757e+00
433 5.5959897410957797e+02 7.7423028059221082e+00
434 5.5752891157915280e+02 7.7136625623204349e+00
435 5.5652629506162134e+02 7.6997909130928797e+00
436 5.5446421094539051e+02 7.6712610544301745e+00
437 5.5345886535544605e+02 7.6573516472617040e+00
438 5.5140471043145124e+02 7.6289314925300946e+00
439 5.5039666927423821e+02 7.6149847909794106e+00
440 5.4835039423382182e+02 7.5866736579715042e+00
441 5.4733969080304962e+02 7.5726901226720091e+00
442 5.4530124683608972e+02 7.5444873360778750e+00
443 5.4428791409900737e+02 7.5304674231462458e+00
444 5.4225725228224417e+02 7.5023723060906420e+00
445 5.4124132322769935e+02 7.4883164719423823e+00
446 5.3921839499997566e+02 7.4603283525599169e+00
447 5.3819990213851361e+02 7.4462370469930033e+00
448 5.3618465897431918e+02 7.4183552539114768e+00
449 5.3516363495239614e+02 7.4042289286042742e+00
450 5.3315602852989207e+02 7.3764527932693715e+00
451 5.3213250538148577e+02 7.3622918914263300e+00
452 5.3013248771590065e+02 7.3346207499472156e+00
453 5.2910649755278564e+02 7.3204257158491393e+00
454 5.2711402066217715e+02 7.2928589043741203e+00
455 5.2608559507445716e+02 7.2786301750842641e+00
456 5.2410061143529765e+02 7.2511670361040181e+00
457 5.2306978198919046e+02 7.2369050483551627e+00
458 5.2109224398920355e+02 7.2095449231324915e+00
459 5.2005904192536605e+02 7.1952501091531378e+00
460 5.1808890236704679e+02 7.1679923446893907e+00
461 5.1705335874296009e+02 7.1536651341737203e+00
462 5.1509057042479890e+02 7.1265090774148412e+00
463 5.1405271604145639e+02 7.1121498965084120e+00
464 5.1209723220832961e+02 7.0850949005762933e+00
465 5.1105709750974796e+02 7.0707041704857323e+00
466 5.0910887144322317e+02 7.0437495890099058e+00
467 5.0806648679426058e+02 7.0293277298466457e+00
468 5.0612547205686894e+02 7.0024729203439025e+00
469 5.0508086742025171e+02 6.9880203466557003e+00
470 5.0314701773775556e+02 6.9612646689012063e+00
471 5.0210022304849940e+02 6.9467817948524315e+00
472 5.0017349229788806e+02 6.9201246107136463e+00
473 4.9912453696275190e+02 6.9056118431599991e+00
474 4.9720487948305413e+02 6.8790525208969040e+00
475 4.9615379280054435e+02 6.8645102651963619e+00
476 4.9424116285613047e+02 6.8380481720360073e+00
477 4.9318797383156829e+02 6.8234768294901977e+00
478 4.9128232618311785e+02 6.7971113395262943e+00
479 4.9022706351046014e+02 6.7825113071289822e+00
480 4.8832835285442474e+02 6.7562417935666170e+00
481 4.8727104513255392e+02 6.7416134669961680e+00
482 4.8537922662434352e+02 6.7154393093903231e+00
483 4.8431990193384377e+02 6.7007830771542141e+00
484 4.8243493076973522e+02 6.6747036556252848e+00
485 4.8137361725393868e+02 6.6600199070991382e+00
486 4.7949544894064496e+02 6.6340346060625421e+00
487 4.7843217406643788e+02 6.6193237212630498e+00
488 4.7656076444539451e+02 6.5934319297652397e+00
489 4.7549555577744513e+02 6.5786942900619509e+00
490 4.7363086062780269e+02 6.5528953962876404e+00
491 4.7256374523917367e+02 6.5381313762485194e+00
492 4.7070572087755249e+02 6.5124247758185581e+00
493 4.6963672571538837e+02 6.4976347482694372e+00
494 4.6778532834077163e+02 6.4720198351771110e+00
495 4.6671448003155132e+02 6.4572041685072676e+00
496 4.6486966643935045e+02 6.4316803449977149e+00
497 4.6379699120351614e+02 6.4168394019787289e+00
498 4.6195871815743226e+02 6.3914060698583608e+00
499 4.6088424215396174e+02 6.3765402124114230e+00
500 4.5905246676102786e+02 6.3511967782368028e+00
501 4.5797621573674479e+02 6.3363063625807658e+00
502 4.5615089517913424e+02 6.3110522339480566e+00
503 4.5507289478140984e+02 6.2961376149258053e+00
504 4.5325398659966862e+02 6.2709722043894160e+00
505 4.5217426198648644e+02 6.2560337300729385e+00
506 4.5036172384937220e+02 6.2309564519611440e+00
507 4.4928030019155364e+02 6.2159944706000427e+00
508 4.4747408998303939e+02 6.1910047422187198e+00
509 4.4639099185313415e+02 6.1760195937852416e+00
510 4.4459106782741623e+02 6.1511168375624727e+00
511 4.4350631979841074e+02 6.1361088620349067e+00
512 4.4171264019074329e+02 6.1112925001366989e+00
513 4.4062626640783742e+02 6.0962620315747147e+00
514 4.3883878989362154e+02 6.0715314922567076e+00
515 4.3775081434588105e+02 6.0564788625597910e+00
516 4.3596949957287859e+02 6.0318335736952218e+00
517 4.3487994591681962e+02 6.0167591101618836e+00
518 4.3310475206392204e+02 5.9921985069724055e+00
519 4.3201364359146459e+02 5.9771025318568061e+00
520 4.3024452980958432e+02 5.9526260491769705e+00
521 4.2915188970227081e+02 5.9375088832061484e+00
522 4.2738881550261834e+02 5.9131159608553912e+00
523 4.2629466656152789e+02 5.8979779194925017e+00
524 4.2453759149941766e+02 5.8736679979004585e+00
525 4.2344195642586874e+02 5.8585093952284248e+00
526 4.2169084041957734e+02 5.8342819198464735e+00
527 4.2059374137914557e+02 5.8191030625359774e+00
528 4.1884854450690716e+02 5.7949574810285815e+00
529 4.1775000369992750e+02 5.7797586762312143e+00
530 4.1601068621595124e+02 5.7556944386975299e+00
531 4.1491072525626930e+02 5.7404759854505398e+00
532 4.1317724778742866e+02 5.7164925471457018e+00
533 4.1207588825565682e+02 5.7012547440265413e+00
534 4.1034821139206298e+02 5.6773515596970610e+00
535 4.0924547452808292e+02 5.6620947005690194e+00
536 4.0752355924060731e+02 5.6382712302293969e+00
537 4.0641946609028906e+02 5.6229956062715258e+00
538 4.0470327336806361e+02 5.5992513101889037e+00
539 4.0359784463600067e+02 5.5839572078585418e+00
540 4.0188733594794934e+02 5.5602915529382004e+00
541 4.0078059203909748e+02 5.5449792545470622e+00
542 3.9907572879782339e+02 5.5213917069150584e+00
543 3.9796768999595486e+02 5.5060614930982306e+00
544 3.9626843397175548e+02 5.4825515238294837e+00
545 3.9515912016013914e+02 5.4672036696809094e+00
546 3.9346543316867314e+02 5.4437707504779285e+00
547 3.9235486417441632e+02 5.4284055303145315e+00
548 3.9066670834718826e+02 5.4050491372496969e+00
549 3.8955490346099441e+02 5.3896668179670115e+00
550 3.8787224110920550e+02 5.3663864295988875e+00
551 3.8675921961431260e+02 5.3509872779891605e+00
552 3.8508201321523353e+02 5.3277823751739568e+00
553 3.8396779388002460e+02 5.3123666509061858e+00
554 3.8229600622916416e+02 5.2892367189030800e+00
555 3.8118060777535118e+02 5.2738046810005468e+00
556 3.7951420163544327e+02 5.2507492046152588e+00
557 3.7839764244494324e+02 5.2353011074000309e+00
558 3.7673658095592288e+02 5.2123195766570287e+00
559 3.7561887921118409e+02 5.1968556716914343e+00
560 3.7396312552984773e+02 5.1739475768484722e+00
561 3.7284429908965257e+02 5.1584681112167736e+00
562 3.7119381681047969e+02 5.1356329485871459e+00
563 3.7007388322464931e+02 5.1201381650989921e+00
564 3.6842863591423196e+02 5.0973754306101586e+00
565 3.6730761260765269e+02 5.0818655703466673e+00
566 3.6566756416388210e+02 5.0591747645097591e+00
567 3.6454546818785042e+02 5.0436500633832653e+00
568 3.6291058250917473e+02 5.0210306867171202e+00
569 3.6178743088539022e+02 5.0054913802304721e+00
570 3.6015767215569008e+02 4.9829429372030143e+00
571 3.5903348138496574e+02 4.9673892536523612e+00
572 3.5740881398344857e+02 4.9449112514339486e+00
573 3.5628360053845284e+02 4.9293434187260461e+00
574 3.5466398895976221e+02 4.9069353660841459e+00
575 3.5353776886594568e+02 4.8913536059382920e+00
576 3.5192317786866124e+02 4.8690150152920477e+00
577 3.5079596711148315e+02 4.8534195488742409e+00
578 3.4918636144249058e+02 4.8311499324810034e+00
579 3.4805817566401527e+02 4.8155409762062185e+00
580 3.4645352041596470e+02 4.7933398511071461e+00
581 3.4532437503416901e+02 4.7777176182900085e+00
582 3.4372463533220127e+02 4.7555845019757816e+00
583 3.4259454549130618e+02 4.7399492021433822e+00
584 3.4099968684104800e+02 4.7178836173688738e+00
585 3.3986866738010997e+02 4.7022354558262141e+00
586 3.3827865522771845e+02 4.6802369245235091e+00
587 3.3714672088743549e+02 4.6645761052147590e+00
588 3.3556152101774489e+02 4.6426441540016929e+00
589 3.3442868614178684e+02 4.6269708753779568e+00
590 3.3284826433889953e+02 4.6051050308622390e+00
591 3.3171454323798815e+02 4.5894194909187718e+00
592 3.3013886555138953e+02 4.5676192833798055e+00
593 3.2900427204035208e+02 4.5519216732509378e+00
594 3.2743330468242198e+02 4.5301866352218427e+00
595 3.2629785255418136e+02 4.5144771457388515e+00
596 3.2473156185144694e+02 4.4928068113320263e+00
597 3.2359526447097943e+02 4.4770856274053514e+00
598 3.2203361696005572e+02 4.4554795336398572e+00
599 3.2089648764722187e+02 4.4397468395557436e+00
600 3.1933944989371378e+02 4.4182045238517267e+00
601 3.1820150162014642e+02 4.4024604990785337e+00
602 3.1664904046751775e+02 4.3809815027004442e+00
603 3.1551028602974515e+02 4.3652263242838796e+00
604 3.1396236836336271e+02 4.3438101890759144e+00
605 3.1282282025228170e+02 4.3280440298331389e+00
606 3.1127941325183735e+02 4.3066903017116136e+00
607 3.1013908376429220e+02 4.2909133317749824e+00
608 3.0860015458861966e+02 4.2696215563676319e+00
609 3.0745905582855585e+02 4.2538339432006600e+00
610 3.0592457186865374e+02 4.2326036693473235e+00
611 3.0478271566418482e+02 4.2168055765972676e+00
612 3.0325264440535864e+02 4.1956363544425628e+00
613 3.0211004241043156e+02 4.1798279433470054e+00
614 3.0058435149625222e+02 4.1587193252252224e+00
615 2.9944101505317809e+02 4.1429007527101263e+00
616 2.9791967231152955e+02 4.1218522935056097e+00
617 2.9677561256632669e+02 4.1060237137811368e+00
618 2.9525858591032562e+02 4.0850349695574639e+00
619 2.9411381378660002e+02 4.0691965337566032e+00
620 2.9260107129422357e+02 4.0482670628582698e+00
621 2.9145559747474550e+02 4.0324189187819393e+00
622 2.8994710732889928e+02 4.0115482810051724e+00
623 2.8880094231052175e+02 3.9956905738820421e+00
624 2.8729667280774379e+02 3.9748783305952267e+00
625 2.8614982682741226e+02 3.9590112020580275e+00
626 2.8464974645990628e+02 3.9382569173366693e+00
627 2.8350222952034460e+02 3.9223805057775731e+00
628 2.8200630683661535e+02 3.9016837444761281e+00
629 2.8085812873963198e+02 3.8857981855075518e+00
630 2.7936633247354359e+02 3.8651585150450063e+00
631 2.7821750279016618e+02 3.8492639410864093e+00
632 2.7672980171780472e+02 3.8286809294659090e+00
633 2.7558032984131438e+02 3.8127774704775499e+00
634 2.7409669290631933e+02 3.7922506880204172e+00
635 2.7294658794380581e+02 3.7763384700029663e+00
636 2.7146698420967465e+02 3.7558674886888133e+00
637 2.7031625510265377e+02 3.7399466353521529e+00
638 2.6884065372374511e+02 3.7195310284176952e+00
639 2.6768930914268964e+02 3.7036016597217056e+00
640 2.6621767944911443e+02 3.6832410028352713e+00
641 2.6506572786671830e+02 3.6673032360034732e+00
642 2.6359803921348242e+02 3.6469971051778241e+00
643 2.6244548892395244e+02 3.6310510549642885e+00
644 2.6098171084282495e+02 3.6107990286577829e+00
645 2.5982856986196543e+02 3.5948448059647582e+00
646 2.5836867193526751e+02 3.5746464633351667e+00
647 2.5721494814011697e+02 3.5586841771450137e+00
648 2.5575890009942768e+02 3.5385390994151558e+00
649 2.5460460106032016e+02 3.5225688544668414e+00
650 2.5315237275055486e+02 3.5024766244275960e+00
651 2.5199750587429014e+02 3.4864985231975179e+00
652 2.5054906722030685e+02 3.4664587247458054e+00
653 2.4939363967445408e+02 3.4504728664004971e+00
654 2.4794896071171229e+02 3.4304850849634603e+00
655 2.4679297949486073e+02 3.4144915663315434e+00
656 2.4535203033316702e+02 3.3945553883649486e+00
657 2.4419550217006721e+02 3.3785543024863633e+00
658 2.4275825306963526e+02 3.3586693165269281e+00
659 2.4160118452501862e+02 3.3426607542276781e+00
660 2.4016760577102167e+02 3.3228265491574458e+00
661 2.3901000314648221e+02 3.3068105976229107e+00
662 2.3758006522219236e+02 3.2870267650647116e+00
663 2.3642193463618119e+02 3.2710035089464067e+00
664 2.3499560798059991e+02 3.2512696399105674e+00
665 2.3383695536102104e+02 3.2352391612237037e+00
666 2.3241421062356071e+02 3.2155548496316793e+00
667 2.3125504164410515e+02 3.1995172268743164e+00
668 2.2983584944879286e+02 3.1798820662963458e+00
669 2.2867616966378029e+02 3.1638373763149885e+00
670 2.2726050079596607e+02 3.1442509625532855e+00
671 2.2610031540684221e+02 3.1281992773122678e+00
672 2.2468814073857320e+02 3.1086612073685398e+00
673 2.2352745487723760e+02 3.0926025978699938e+00
674 2.2211874531325978e+02 3.0731124691983513e+00
675 2.2095756378177649e+02 3.0570470018809868e+00
676 2.1955229038062456e+02 3.0376044140632761e+00
677 2.1839061787037534e+02 3.0215321538344648e+00
678 2.1698875167240635e+02 3.0021367062010360e+00
679 2.1582659261206973e+02 2.9860577143335312e+00
680 2.1442810482449920e+02 2.9667090085232970e+00
681 2.1326546346723649e+02 2.9506233438614928e+00
682 2.1187032529136965e+02 2.9313209814315937e+00
683 2.1070720564709310e+02 2.9152286994544254e+00
684 2.0931538844723136e+02 2.8959722842171272e+00
685 2.0815179435418236e+02 2.8798734380283855e+00
686 2.0676326944745000e+02 2.8606625731432374e+00
687 2.0559920454543493e+02 2.8445572131012762e+00
688 2.0421394342953872e+02 2.8253915042262672e+00
689 2.0304941108774389e+02 2.8092796769452906e+00
690 2.0166738525312797e+02 2.7901587296379273e+00
691 2.0050238874078732e+02 2.7740404803492535e+00
692 1.9912356975945519e+02 2.7549639012954539e+00
693 1.9795811203192454e+02 2.7388392708877554e+00
694 1.9658247157520353e+02 2.7198066681476267e+00
695 1.9541655545230236e+02 2.7036756956343715e+00
696 1.9404406522577031e+02 2.6846866777418925e+00
697 1.9287769333558074e+02 2.6685493994837750e+00
698 1.9150832525563985e+02 2.6496035778897729e+00
699 1.9034150044235207e+02 2.6334600332374403e+00
700 1.8897522750912790e+02 2.6145570343865425e+00
701 1.8780795528117557e+02 2.5984072995516452e+00
702 1.8644475834174935e+02 2.5795468584546297e+00
703 1.8527706406177310e+02 2.5633912843406765e+00
704 1.8391697428829949e+02 2.5445738322782847e+00
705 1.8274900619043359e+02 2.5284144697710120e+00
706 1.8139234607569773e+02 2.5096444685755750e+00
707 1.8022492187709037e+02 2.4934926311585013e+00
708 1.7887350100026364e+02 2.4747951171695131e+00
709 1.7771064023497905e+02 2.4587064168993145e+00
710 1.7637290606452640e+02 2.4401982646319635e+00
711 1.7523193115532126e+02 2.4244123649971727e+00
712 1.7394189866268999e+02 2.4065641868383008e+00
713 1.7288744054500580e+02 2.3919752858199170e+00
714 1.7176261176761167e+02 2.3764127751608193e+00
715 1.7100033067241370e+02 2.3658662742998349e+00
716 1.7038368986985452e+02 2.3573347722121181e+00
717 1.7046154954706458e+02 2.3584119957690248e+00
718 1.7118245450394693e+02 2.3683860391978113e+00
719 1.7329606918086429e+02 2.3976288462808193e+00
720 1.7697318182939915e+02 2.4485033490830141e+00
721 1.8318501404447039e+02 2.5344468339959185e+00
722 1.9222031551586321e+02 2.6594542824917387e+00
723 2.0500909445241308e+02 2.8363927752799314e+00
724 2.2133038988576152e+02 3.0622052182547703e+00
725 2.4098495920356751e+02 3.3341350005074490e+00
726 2.6149492964905176e+02 3.6178996410379689e+00
727 2.7961444570717089e+02 3.8685912729194385e+00
728 2.8993145354038836e+02 4.0113317038198693e+00
729 2.8919292285342652e+02 4.0011138005096951e+00
730 2.7684028456256522e+02 3.8302095091784731e+00
731 2.5804592577504843e+02 3.5701811254459384e+00
732 2.3927389810291916e+02 3.3104617027110526e+00
733 2.2720072195936993e+02 3.1434238955361424e+00
734 2.2485735948801951e+02 3.1110024246674768e+00
735 2.3276040053661137e+02 3.2203445423566506e+00
736 2.4648145366731362e+02 3.4101814667775314e+00
737 2.5856469445644206e+02 3.5773585228383644e+00
738 2.6024233697166943e+02 3.6005694595160929e+00
739 2.5021722409315728e+02 3.4618675262387959e+00
740 2.3497745503507960e+02 3.2510184857670823e+00
741 2.2477896540932051e+02 3.1099178074262737e+00
742 2.2495805692191630e+02 3.1123956188316528e+00
743 2.3489211901354247e+02 3.2498378236330168e+00
744 2.4612620007578909e+02 3.4052663739955067e+00
745 2.4866702612797681e+02 3.4404198420741690e+00
746 2.3914328964155666e+02 3.3086546760657787e+00
747 2.2642790342524185e+02 3.1327316044811617e+00
748 2.2081328693869560e+02 3.0550508670439060e+00
749 2.2648801622211471e+02 3.1335632919885255e+00
750 2.3708693239847614e+02 3.2802040512618040e+00
751 2.4134343708733093e+02 3.3390947028188025e+00
752 2.3346302929037535e+02 3.2300657263177976e+00
753 2.2206205070663466e+02 3.0723280738862391e+00
754 2.1825006920008846e+02 3.0195875999402011e+00
755 2.2526678055997283e+02 3.1166669488371856e+00
756 2.3415178641876685e+02 3.2395949901200223e+00
757 2.3355674929398199e+02 3.2313623846042954e+00
758 2.2322789020863095e+02 3.0884579863149084e+00
759 2.1572056360248027e+02 2.9845907554282549e+00
760 2.1873649434107406e+02 3.0263175099439072e+00
761 2.2783921103508021e+02 3.1522576782825964e+00
762 2.2979596556439944e+02 3.1793302548664886e+00
763 2.2130581276265468e+02 3.0618651827329137e+00
764 2.1321713975192665e+02 2.9499547635853562e+00
765 2.1561186150387877e+02 2.9830868131375254e+00
766 2.2389458152344062e+02 3.0976819596889626e+00
767 2.2537816575374256e+02 3.1182080129530263e+00
768 2.1668758159359592e+02 2.9979698830757009e+00
769 2.1036954827653821e+02 2.9105570582820177e+00
770 2.1427307728183484e+02 2.9645641329354255e+00
771 2.2175006115656151e+02 3.0680115585230840e+00
772 2.1975400321746918e+02 3.0403952016360689e+00
773 2.1091216133105246e+02 2.9180643532715775e+00
774 2.0816624418012827e+02 2.8800733578515842e+00
775 2.1485853400289380e+02 2.9726641892684689e+00
776 2.1880735799677629e+02 3.0272979404053002e+00
777 2.1249541304382404e+02 2.9399693508598541e+00
778 2.0565795191406545e+02 2.8453700092964667e+00
779 2.0880235655281447e+02 2.8888742578456679e+00
780 2.1523449222323984e+02 2.9778657398769668e+00
781 2.1271919328067827e+02 2.9430654508097569e+00
782 2.0467097589495680e+02 2.8317147533798850e+00
783 2.0452582299782193e+02 2.8297064979420274e+00
784 2.1109726592643614e+02 2.9206253583743989e+00
785 2.1144690839192398e+02 2.9254628187109253e+00
786 2.0371755835617572e+02 2.8185237940907517e+00
787 2.0151748077618259e+02 2.7880847339621471e+00
788 2.0744490030880985e+02 2.8700932418447063e+00
789 2.0930222561083693e+02 2.8957901704716318e+00
790 2.0221529242250725e+02 2.7977392710812348e+00
791 1.9914803880751143e+02 2.7553024415505099e+00
792 2.0453374102296718e+02 2.8298160473714149e+00
793 2.0678940181584295e+02 2.8610241261812073e+00
794 2.0008687221267363e+02 2.7682916228095471e+00
795 1.9708162632242477e+02 2.7267126979632637e+00
796 2.0230160909131325e+02 2.7989335009101191e+00
797 2.0409142495602811e+02 2.8236964061915577e+00
798 1.9744099262385927e+02 2.7316846919315823e+00
799 1.9527427121075183e+02 2.7017071293332129e+00
800 2.0058645248923949e+02 2.7752035400145307e+00
801 2.0113790503524839e+02 2.7828331333337308e+00
802 1.9447587329506098e+02 2.6906609360610907e+00
803 1.9386618116156777e+02 2.6822255719266153e+00
804 1.9912921824456674e+02 2.7550420506205096e+00
805 1.9774636983601505e+02 2.7359097226337927e+00
806 1.9151877695211812e+02 2.6497481817984903e+00
807 1.9302883926537388e+02 2.6706405712165378e+00
808 1.9749764928549661e+02 2.7324685622577687e+00
809 1.9382743208771490e+02 2.6816894611095874e+00
810 1.8906495636817297e+02 2.6157984733978670e+00
811 1.9273608972580473e+02 2.6665902500285030e+00
812 1.9509960314131024e+02 2.6992905182479361e+00
813 1.8964585715663884e+02 2.6238354963599946e+00
814 1.8766189944998982e+02 2.5963865516161970e+00
815 1.9249059524162740e+02 2.6631937237273084e+00
816 1.9147549966948475e+02 2.6491494211819284e+00
817 1.8597753774901705e+02 2.5730826519898988e+00
818 1.8752118522361855e+02 2.5944397071792484e+00
819 1.9125910368518720e+02 2.6461554856782348e+00
820 1.8687288076174951e+02 2.5854701241627551e+00
821 1.8385952205771022e+02 2.5437789548988086e+00
822 1.8795278362423443e+02 2.6004110646382874e+00
823 1.8807096737447225e+02 2.6020461898322473e+00
824 1.8260339886072057e+02 2.5263999270546074e+00
825 1.8375403988505886e+02 2.5423195617278456e+00
826 1.8722812235383455e+02 2.5903850509271518e+00
827 1.8326005477585230e+02 2.5354850561729001e+00
828 1.8041173202163154e+02 2.4960772332989127e+00
829 1.8449883380360589e+02 2.5526241196562722e+00
830 1.8385432651863943e+02 2.5437070722853887e+00
831 1.7899595061278163e+02 2.4764892624815027e+00
832 1.8077088144210771e+02 2.5010462266218947e+00
833 1.8342789125671001e+02 2.5378071491659195e+00
834 1.7878967551755039e+02 2.4736353540176035e+00
835 1.7761587325305621e+02 2.4573952731982067e+00
836 1.8142430040809040e+02 2.5100865710968292e+00
837 1.7914833003315323e+02 2.4785975001096814e+00
838 1.7538063992922349e+02 2.4264698175850379e+00
839 1.7865255655514767e+02 2.4717382516702577e+00
840 1.7896051214618927e+02 2.4759989554008435e+00
841 1.7433117028406403e+02 2.4119499343215329e+00
842 1.7555548339018443e+02 2.4288888552906540e+00
843 1.7811079613159492e+02 2.4642427532124840e+00
844 1.7380497447292458e+02 2.4046697792577540e+00
845 1.7295277232814928e+02 2.3928791803432272e+00
846 1.7634168433970603e+02 2.4397662980650714e+00
847 1.7361837351981373e+02 2.4020880713746102e+00
848 1.7079234650802181e+02 2.3629887200975226e+00
849 1.7420285853375242e+02 2.4101746837038007e+00
850 1.7314488368943802e+02 2.3955371271951171e+00
851 1.6932446592265771e+02 2.3426799338047912e+00
852 1.7173563967696219e+02 2.3760396041887866e+00
853 1.7247239790357617e+02 2.3862329847150390e+00
854 1.6813431390212673e+02 2.3262136467772057e+00
855 1.6945412394260217e+02 2.3444738106667415e+00
856 1.7130154095283453e+02 2.3700336536324818e+00
857 1.6730464531815605e+02 2.3147348097834768e+00
858 1.6722740230051897e+02 2.3136661179883551e+00
859 1.6996228612818098e+02 2.3515044624321968e+00
860 1.6642340749897301e+02 2.3025424892900346e+00
861 1.6535885894796229e+02 2.2878139826006767e+00
862 1.6829402631479249e+02 2.3284233396428693e+00
863 1.6564183761301038e+02 2.2917291193571443e+00
864 1.6357642135522565e+02 2.2631531590214617e+00
865 1.6665529781989906e+02 2.3057507958907189e+00
866 1.6465060802852133e+02 2.2780150134556569e+00
867 1.6208749135270821e+02 2.2425531446010369e+00
868 1.6486862365825428e+02 2.2810313574804151e+00
869 1.6368058035838772e+02 2.2645942455490542e+00
870 1.6059411045827710e+02 2.2218915500946101e+00
871 1.6323722591224433e+02 2.2584602379271570e+00
872 1.6248828225194507e+02 2.2480982664602882e+00
873 1.5929449021665562e+02 2.2039107211280280e+00
874 1.6154288028044320e+02 2.2350182061397166e+00
875 1.6133284222633205e+02 2.2321122354518992e+00
876 1.5791387600658561e+02 2.1848093042794190e+00
877 1.6004275074476007e+02 2.2142632411545740e+00
878 1.5999069081019482e+02 2.2135429686092176e+00
879 1.5666492737081211e+02 2.1675295397076773e+00
880 1.5850011888759886e+02 2.1929202374880492e+00
881 1.5871506813407967e+02 2.1958941567251373e+00
882 1.5530103520195945e+02 2.1486594797997127e+00
883 1.5714936442147911e+02 2.1742319435900996e+00
884 1.5728203544058590e+02 2.1760675066468935e+00
885 1.5404669301102948e+02 2.1313050929731889e+00
886 1.5575257001735449e+02 2.1549066664993797e+00
887 1.5592865048106057e+02 2.1573428186928121e+00
888 1.5267704426323408e+02 2.1123553882135311e+00
889 1.5453289826619059e+02 2.1380319607578873e+00
890 1.5442814294378016e+02 2.1365826238860244e+00
891 1.5142260127000804e+02 2.0949996067420278e+00
892 1.5325569143964196e+02 2.1203612314420148e+00
893 1.5300338934463929e+02 2.1168705187916075e+00
894 1.5007509886654907e+02 2.0763563065896502e+00
895 1.5213346126242718e+02 2.1048346735819585e+00
896 1.5143035433126138e+02 2.0951068738219782e+00
897 1.4886723958825934e+02 2.0596450317086665e+00
898 1.5093118518359159e+02 2.0882006447696773e+00
899 1.4992560935604985e+02 2.0742880521607789e+00
900 1.4760286680756411e+02 2.0421518671736809e+00
901 1.4984612523508068e+02 2.0731883536958469e+00
902 1.4827807840597865e+02 2.0514937224930443e+00
903 1.4651143728996246e+02 2.0270514502545125e+00
904 1.4863807189879347e+02 2.0564743939354266e+00
905 1.4670964048496458e+02 2.0297936803582211e+00
906 1.4539955510449630e+02 2.0116680615017235e+00
907 1.4748729445421930e+02 2.0405528718270358e+00
908 1.4503411257777370e+02 2.0066120002311507e+00
909 1.4448076502798270e+02 1.9989561886846521e+00
910 1.4615238077717936e+02 2.0220837423511364e+00
911 1.4348843696836914e+02 1.9852268848871135e+00
912 1.4354621071187918e+02 1.9860262105420581e+00
913 1.4480903271942168e+02 2.0034979194349019e+00
914 1.4191510763629975e+02 1.9634591678863760e+00
915 1.4277345953301173e+02 1.9753348513773190e+00
916 1.4323803333488868e+02 1.9817624383033905e+00
917 1.4056047189505142e+02 1.9447171748061391e+00
918 1.4191836219182858e+02 1.9635041961218958e+00
919 1.4164257367710189e+02 1.9596885383201512e+00
920 1.3927531106763482e+02 1.9269363983206191e+00
921 1.4111185731481299e+02 1.9523458394035991e+00
922 1.3986215059755676e+02 1.9350555864345182e+00
923 1.3828066637776283e+02 1.9131750429043679e+00
924 1.4008226518354496e+02 1.9381009704605210e+00
925 1.3815608594948915e+02 1.9114514168006549e+00
926 1.3738516799951614e+02 1.9007854211799358e+00
927 1.3894962492304754e+02 1.9224303844289741e+00
928 1.3643029185855278e+02 1.8875742814753782e+00
929 1.3673023781323306e+02 1.8917241682943118e+00
930 1.3748424641344843e+02 1.9021562154767173e+00
931 1.3497338052131977e+02 1.8674172596506202e+00
932 1.3603545990600190e+02 1.8821116043163171e+00
933 1.3588660532538492e+02 1.8800521344271541e+00
934 1.3368907178637070e+02 1.8496482722465810e+00
935 1.3535070729846660e+02 1.8726377448563016e+00
936 1.3405859396578236e+02 1.8547607773419694e+00
937 1.3279267664154276e+02 1.8372462433542667e+00
938 1.3435417953724743e+02 1.8588503363033408e+00
939 1.3232506515795689e+02 1.8307766287392491e+00
940 1.3206473157043510e+02 1.8271747967874430e+00
941 1.3312750710910802e+02 1.8418787730558512e+00
942 1.3068293684328262e+02 1.8080570469554962e+00
943 1.3154899559446628e+02 1.8200393582348404e+00
944 1.3149241544908278e+02 1.8192565465453459e+00
945 1.2944969468644081e+02 1.7909945885646628e+00
946 1.3087156304069407e+02 1.8106667750019296e+00
947 1.2974101416349538e+02 1.7950251241963768e+00
948 1.2851177223319718e+02 1.7780180107340116e+00
949 1.2999757170035753e+02 1.7985747127936200e+00
950 1.2792080611913067e+02 1.7698417294775595e+00
951 1.2796161220657731e+02 1.7704063000002976e+00
952 1.2863652358514423e+02 1.7797440016434107e+00
953 1.2643973166952715e+02 1.7493504001551801e+00
954 1.2742232524645216e+02 1.7629450230184771e+00
955 1.2699872973323687e+02 1.7570843890961916e+00
956 1.2529882133589911e+02 1.7335653939524629e+00
957 1.2677557754495906e+02 1.7539969784800444e+00
958 1.2513961739475236e+02 1.7313627360183315e+00
959 1.2465948592360012e+02 1.7247199017596939e+00
960 1.2562954555607993e+02 1.7381411118796923e+00
961 1.2353136033323382e+02 1.7091117782143936e+00
962 1.2416368591031583e+02 1.7178602861927870e+00
963 1.2410776703497309e+02 1.7170866234709083e+00
964 1.2227422543784039e+02 1.6917187530689950e+00
965 1.2363283430270495e+02 1.7105157160965432e+00
966 1.2226322534537169e+02 1.6915665618557763e+00
967 1.2158609719992575e+02 1.6821981902485965e+00
968 1.2259882188232116e+02 1.6962096904708992e+00
969 1.2061847400275001e+02 1.6688106893038539e+00
970 1.2111553317845186e+02 1.6756877259475846e+00
971 1.2112817060136589e+02 1.6758625703619132e+00
972 1.1934837014483892e+02 1.6512382327450041e+00
973 1.2062428295775295e+02 1.6688910588018329e+00
974 1.1929777631023184e+02 1.6505382443501646e+00
975 1.1868899552718912e+02 1.6421154891579435e+00
976 1.1959521798909171e+02 1.6546534833898701e+00
977 1.1768471975355197e+02 1.6282208833779337e+00
978 1.1825473162857806e+02 1.6361072533385748e+00
979 1.1809338156506027e+02 1.6338749028388313e+00
980 1.1650523225032735e+02 1.6119021447306789e+00
981 1.1773487082780876e+02 1.6289147459847337e+00
982 1.1627175662406417e+02 1.6086719047195921e+00
983 1.1595112542484333e+02 1.6042358282644062e+00
984 1.1660418813651020e+02 1.6132712438010892e+00
985 1.1476720412968056e+02 1.5878557461169813e+00
986 1.1554512906071901e+02 1.5986186864636094e+00
987 1.1500798526886869e+02 1.5911870611761549e+00
988 1.1378003135641892e+02 1.5741977680184422e+00
989 1.1490411877176983e+02 1.5897500216011462e+00
990 1.1323118077141078e+02 1.5666041739967556e+00
991 1.1337115141865890e+02 1.5685407306830150e+00
992 1.1357446242623516e+02 1.5713536296647137e+00
993 1.1194255500981598e+02 1.5487754585927396e+00
994 1.1292328286114710e+02 1.5623442683056039e+00
995 1.1188254254206826e+02 1.5479451591838231e+00
996 1.1122601915311077e+02 1.5388618636245932e+00
997 1.1203643858967658e+02 1.5500743800300802e+00
998 1.1026127745688341e+02 1.5255142295379223e+00
999 1.1091790646671109e+02 1.5345989864092657e+00
1000 1.1046280985429003e+02 1.5283025206501570e+00
1001 1.0931071052017460e+02 1.5123627096070507e+00
1002 1.1027517390555043e+02 1.5257064931382589e+00
1003 1.0878448925413778e+02 1.5050822023633492e+00
1004 1.0885948747568121e+02 1.5061198363976480e+00
1005 1.0903476375616981e+02 1.5085448623555633e+00
1006 1.0749465632125865e+02 1.4872367852031572e+00
1007 1.0847935700426819e+02 1.5008605608242422e+00
1008 1.0730337525822995e+02 1.4845903259001121e+00
1009 1.0694014043416909e+02 1.4795648091860940e+00
1010 1.0745349093425239e+02 1.4866672436098536e+00
1011 1.0586961812872629e+02 1.4647536529247369e+00
1012 1.0658452939145054e+02 1.4746447709064714e+00
1013 1.0588749890061074e+02 1.4650010414238910e+00
1014 1.0505676281629222e+02 1.4535074350840398e+00
1015 1.0586018802081155e+02 1.4646231831520133e+00
1016 1.0426777047372394e+02 1.4425913721347869e+00
1017 1.0476413690168529e+02 1.4494588243028073e+00
1018 1.0438549268653053e+02 1.4442201117513707e+00
1019 1.0332813331358719e+02 1.4295910705651653e+00
1020 1.0416156061616302e+02 1.4411219111167088e+00
1021 1.0277119772639207e+02 1.4218856169118241e+00
1022 1.0292598593791561e+02 1.4240271812460141e+00
1023 1.0290964290070492e+02 1.4238010679957978e+00
1024 1.0161856209259746e+02 1.4059383859221075e+00
1025 1.0250653120307544e+02 1.4182238368498279e+00
1026 1.0123540928537064e+02 1.4006372949770975e+00
1027 1.0120112862828678e+02 1.4001630067103052e+00
1028 1.0134790864758536e+02 1.4021937741131172e+00
1029 1.0002457385119398e+02 1.3838848436445115e+00
1030 1.0080163416461502e+02 1.3946358216185926e+00
1031 9.9759222374783107e+01 1.3802135869492316e+00
1032 9.9476337742243132e+01 1.3762997511746906e+00
1033 9.9824910009104116e+01 1.3811224048331943e+00
1034 9.8415943646297407e+01 1.3616287232345712e+00
1035 9.9176274849687189e+01 1.3721482464677968e+00
1036 9.8223443664488357e+01 1.3589653996434734e+00
1037 9.7860258387147709e+01 1.3539405684305530e+00
1038 9.8239885301395006e+01 1.3591928770647086e+00
1039 9.6890005893136518e+01 1.3405166899847629e+00
1040 9.7528407905186626e+01 1.3493492681664270e+00
1041 9.6735239403937783e+01 1.3383754261886798e+00
1042 9.6238252612812474e+01 1.3314993910180324e+00
1043 9.6710481148277594e+01 1.3380328846167038e+00
1044 9.5331235861279467e+01 1.3189504074328029e+00
1045 9.5970266063201635e+01 1.3277916769031113e+00
1046 9.5188996458111532e+01 1.3169824614907788e+00
1047 9.4711811922603331e+01 1.3103803994085772e+00
1048 9.5136346943957022e+01 1.3162540318473586e+00
1049 9.3840100825540645e+01 1.2983198853887277e+00
1050 9.4397115392193641e+01 1.3060264317582937e+00
1051 9.3690569574687231e+01 1.2962510534633340e+00
1052 9.3173529274084487e+01 1.2890975689943873e+00
1053 9.3623850566607530e+01 1.2953279660608139e+00
1054 9.2313655909809171e+01 1.2772008353172759e+00
1055 9.2910319007915689e+01 1.2854559369032121e+00
1056 9.2141117203962594e+01 1.2748136849324281e+00
1057 9.1722434258106162e+01 1.2690210185830053e+00
1058 9.2072298831693246e+01 1.2738615518847078e+00
1059 9.0852976764780635e+01 1.2569916841816773e+00
1060 9.1406571089436653e+01 1.2646509099691206e+00
1061 9.0641934313852616e+01 1.2540718172133924e+00
1062 9.0258967793594323e+01 1.2487733036321480e+00
1063 9.0578291629273863e+01 1.2531912921263431e+00
1064 8.9364770954679713e+01 1.2364016892881595e+00
1065 8.9978991499594017e+01 1.2448997060257918e+00
1066 8.9100021573148922e+01 1.2327387628456057e+00
1067 8.8878864190042648e+01 1.2296789512537445e+00
1068 8.9043009894553279e+01 1.2319499807005638e+00
1069 8.7948837798980335e+01 1.2168116189850235e+00
1070 8.8526218461279640e+01 1.2247999394227407e+00
1071 8.7613387784242676e+01 1.2121705175704212e+00
1072 8.7487401998116553e+01 1.2104274477104691e+00
1073 8.7556548919062848e+01 1.2113841263764997e+00
1074 8.6519279043002854e+01 1.1970330323904961e+00
1075 8.7133272057007147e+01 1.2055279011359330e+00
1076 8.6096880826971542e+01 1.1911889636117794e+00
1077 8.6173592472367076e+01 1.1922503036336010e+00
1078 8.6025737332590396e+01 1.1902046614567465e+00
1079 8.5172481330156103e+01 1.1783994819488168e+00
1080 8.5700576235040543e+01 1.1857059118263658e+00
1081 8.4647842597533753e+01 1.1711408697647243e+00
1082 8.4842859789829191e+01 1.1738390200919555e+00
1083 8.4539241810720483e+01 1.1696383291680270e+00
1084 8.3826050555837739e+01 1.1597710082662620e+00
1085 8.4306484923284472e+01 1.1664180332309930e+00
1086 8.3190352111599751e+01 1.1509758351579205e+00
1087 8.3573292531065377e+01 1.1562739876229911e+00
1088 8.3015117710065027e+01 1.1485513886141161e+00
1089 8.2567973931186842e+01 1.1423649538741887e+00
1090 8.2856668767703255e+01 1.1463591764268173e+00
1091 8.1820954236259652e+01 1.1320296013312061e+00
1092 8.2266946378826759e+01 1.1382001026662218e+00
1093 8.1546624257587894e+01 1.1282341230299844e+00
1094 8.1311947194313333e+01 1.1249872605989599e+00
1095 8.1429643063298784e+01 1.1266156357369621e+00
1096 8.0468966146451194e+01 1.1133242396962015e+00
1097 8.0990634202942090e+01 1.1205417512435663e+00
1098 8.0067206053386997e+01 1.1077657086056327e+00
1099 8.0129738877296887e+01 1.1086308782725180e+00
1100 7.9945952043607605e+01 1.1060881049937996e+00
1101 7.9222558019405383e+01 1.0960796242022115e+00
1102 7.9647425652228776e+01 1.1019578584698639e+00
1103 7.8675596745354511e+01 1.0885121696450386e+00
1104 7.8923822679711876e+01 1.0919464867846218e+00
1105 7.8495621652385296e+01 1.0860221335088773e+00
1106 7.8003665190742694e+01 1.0792156952028964e+00
1107 7.8303958851879372e+01 1.0833703926966125e+00
1108 7.7314701317485856e+01 1.0696835709927279e+00
1109 7.7747289614111295e+01 1.0756686241070612e+00
1110 7.7023223003702640e+01 1.0656508377836293e+00
1111 7.6877545942032953e+01 1.0636353302943271e+00
1112 7.6882019288548818e+01 1.0636972210498217e+00
1113 7.6075408293276354e+01 1.0525373961378433e+00
1114 7.6497516039981065e+01 1.0583774461431412e+00
1115 7.5633022200964049e+01 1.0464167861255387e+00
1116 7.5744809691603081e+01 1.0479634161990099e+00
1117 7.5469239783715580e+01 1.0441507829209380e+00
1118 7.4888089921347515e+01 1.0361103139096555e+00
1119 7.5227332502385025e+01 1.0408038871801109e+00
1120 7.4284065653082820e+01 1.0277533672328465e+00
1121 7.4642320852144408e+01 1.0327099886014690e+00
1122 7.4023562665752735e+01 1.0241491915587111e+00
1123 7.3810376585613312e+01 1.0211996665187961e+00
1124 7.3859725229810550e+01 1.0218824271458053e+00
1125 7.3071348675680014e+01 1.0109748839057906e+00
1126 7.3459405354079337e+01 1.0163438221080248e+00
1127 7.2657952687376493e+01 1.0052553649854923e+00
1128 7.2737386193921040e+01 1.0063543631771574e+00
1129 7.2483060760351123e+01 1.0028356567301364e+00
1130 7.1931277170934749e+01 9.9520148327690972e-01
1131 7.2236062740905069e+01 9.9941832834411271e-01
1132 7.1348451482559398e+01 9.8713782846115172e-01
1133 7.1687027162447279e+01 9.9182217485507418e-01
1134 7.1072824162942013e+01 9.8332440086604567e-01
1135 7.0909079330134318e+01 9.8105891765904107e-01
1136 7.0901190171800408e+01 9.8094976761493635e-01
1137 7.0191409129931088e+01 9.7112962853980811e-01
1138 7.0540665659340348e+01 9.7596174927758217e-01
1139 6.9753435889389877e+01 9.6507007231107023e-01
1140 6.9888140609350728e+01 9.6693377253136348e-01
1141 6.9551967056986982e+01 9.6228266064917301e-01
1142 6.9121157092499672e+01 9.5632221155761310e-01
1143 6.9332282870303715e+01 9.5924323139060275e-01
1144 6.8514722610271008e+01 9.4793191848954983e-01
1145 6.8865558633391856e+01 9.5278589223128007e-01
1146 6.8187612640463769e+01 9.4340620533735275e-01
1147 6.8160632255930267e+01 9.4303291961571445e-01
1148 6.8008669429109403e+01 9.4093044574616680e-01
1149 6.7444391226769625e+01 9.3312340371888736e-01
1150 6.7720929825815176e+01 9.3694943927362173e-01
1151 6.6943311354347728e+01 9.2619073893261583e-01
1152 6.7174575937829715e+01 9.2939038817509700e-01
1153 6.6688123965118407e+01 9.2266010694243061e-01
1154 6.6459316239857358e+01 9.1949444943542025e-01
1155 6.6498450230565197e+01 9.2003588574978512e-01
1156 6.5810730553226193e+01 9.1052097554820388e-01
1157 6.6144042945109987e+01 9.1513250199182661e-01
1158 6.5396483087365965e+01 9.0478967605399185e-01
1159 6.5548092035447013e+01 9.0688725385244751e-01
1160 6.5181313362971096e+01 9.0181270640607092e-01
1161 6.4849061832799833e+01 8.9721585746007348e-01
1162 6.4965657739435301e+01 8.9882901412559313e-01
1163 6.4267750101109826e+01 8.8917314891411803e-01
1164 6.4557854576271495e+01 8.9318687444967448e-01
1165 6.3917612005467767e+01 8.8432883131210094e-01
1166 6.3938572913550338e+01 8.8461883487710147e-01
1167 6.3720021097815817e+01 8.8159507247851376e-01
1168 6.3269722089063272e+01 8.7536498371804705e-01
1169 6.3475520650067565e+01 8.7821229911717480e-01
1170 6.2747301326631678e+01 8.6813705814637854e-01
1171 6.3031077683590482e+01 8.7206323132822272e-01
1172 6.2441430555364484e+01 8.6390519883248384e-01
1173 6.2407060923762863e+01 8.6342967956333017e-01
1174 6.2248864901308821e+01 8.6124096663639793e-01
1175 6.1771801871614500e+01 8.5464058564163081e-01
1176 6.1980582864914879e+01 8.5752916432929682e-01
1177 6.1295511757088754e+01 8.4805089827489955e-01
1178 6.1516081654440548e+01 8.5110258173784015e-01
1179 6.1017688915305030e+01 8.4420709464585608e-01
1180 6.0899767639822983e+01 8.4257560090787120e-01
1181 6.0824288769895702e+01 8.4153131688759453e-01
1182 6.0296453115345017e+01 8.3422847385469567e-01
1183 6.0540524670170448e+01 8.3760531329007437e-01
1184 5.9853966865439020e+01 8.2810647811715821e-01
1185 6.0069761174452942e+01 8.3109208917343114e-01
1186 5.9592773897136624e+01 8.2449275624679119e-01
1187 5.9467877876564039e+01 8.2276476378206898e-01
1188 5.9397547311920277e+01 8.2179170887457931e-01
1189 5.8891162218992754e+01 8.1478564398304121e-01
1190 5.9107892029534028e+01 8.1778419812254910e-01
1191 5.8470543438689582e+01 8.0896619449576046e-01
1192 5.8642420612850728e+01 8.1134419229302090e-01
1193 5.8217311983914612e+01 8.0546262373605415e-01
1194 5.8059178899726689e+01 8.0327478158826360e-01
1195 5.8021135244419177e+01 8.0274843055321465e-01
1196 5.7503679077968719e+01 7.9558919239373482e-01
1197 5.7734365635542233e+01 7.9878084438850816e-01
1198 5.7095293952819901e+01 7.8993900101272385e-01
1199 5.7283171205097979e+01 7.9253836706730962e-01
1200 5.6843892657273642e+01 7.8646075132683513e-01
1201 5.6720740116893914e+01 7.8475688069259109e-01
1202 5.6648501014000892e+01 7.8375742030237883e-01
1203 5.6180852661456669e+01 7.7728729558878529e-01
1204 5.6372420843269666e+01 7.7993772730899380e-01
1205 5.5776042565722278e+01 7.7168656634324473e-01
1206 5.5943357436050341e+01 7.7400144262062653e-01
1207 5.5520834301823058e+01 7.6815564554263849e-01
1208 5.5404392077939796e+01 7.6654461514692751e-01
1209 5.5326893831314450e+01 7.6547239214427432e-01
1210 5.4876663791553021e+01 7.5924325760073463e-01
1211 5.5067251260697780e+01 7.6188012072129518e-01
1212 5.4469001537926452e+01 7.5360306747146633e-01
1213 5.4666764953646904e+01 7.5633921303155693e-01
1214 5.4205013042417171e+01 7.4995066822830325e-01
1215 5.4154174890967703e+01 7.4924729960036496e-01
1216 5.4011937065702618e+01 7.4727937548933454e-01
1217 5.3636573254974522e+01 7.4208604880451345e-01
1218 5.3772586123498229e+01 7.4396784784692271e-01
1219 5.3220727567731146e+01 7.3633263720060915e-01
1220 5.3406570984825201e+01 7.3890386423318000e-01
1221 5.2942397876528929e+01 7.3248182108252169e-01
1222 5.2925076906413835e+01 7.3224217769193700e-01
1223 5.2747147627077467e+01 7.2978044630500283e-01
1224 5.2418861076129154e+01 7.2523845462498260e-01
1225 5.2528977206022752e+01 7.2676196067287879e-01
1226 5.1992219418439937e+01 7.1933567592760117e-01
1227 5.2201799729085174e+01 7.2223531352925430e-01
1228 5.1694469990944292e+01 7.1521617904748391e-01
1229 5.1756968496504335e+01 7.1608087390460617e-01
1230 5.1492062286586453e+01 7.1241577767097408e-01
1231 5.1265824777594801e+01 7.0928568025887995e-01
1232 5.1293022499958916e+01 7.0966197294688826e-01
1233 5.0827947399803136e+01 7.0322745033427980e-01
1234 5.1007379148136252e+01 7.0570996905369221e-01
1235 5.0505928621166362e+01 6.9877217609549802e-01
1236 5.0605949931383471e+01 7.0015601578530107e-01
1237 5.0289063795504916e+01 6.9577175396124369e-01
1238 5.0137238323247736e+01 6.9367118045369280e-01
1239 5.0103198349500367e+01 6.9320022214881538e-01
1240 4.9691842503718455e+01 6.8750892951537657e-01
1241 4.9858436721059377e+01 6.8981383523544404e-01
1242 4.9343066470022457e+01 6.8268345665131425e-01
1243 4.9506348065877880e+01 6.8494253076730671e-01
1244 4.9103766486560843e+01 6.7937263404596548e-01
1245 4.9069581299121324e+01 6.7889966664452395e-01
1246 4.8921777940157554e+01 6.7685474087844155e-01
1247 4.8624064969044547e+01 6.7273574838873007e-01
1248 4.8713231756137120e+01 6.7396941088248341e-01
1249 4.8248968977571643e+01 6.6754612710343053e-01
1250 4.8414464122561697e+01 6.6983582666455255e-01
1251 4.7979486955126120e+01 6.6381772245107151e-01
1252 4.8020945402036858e+01 6.6439131865960088e-01
1253 4.7788930570702270e+01 6.6118128940156728e-01
1254 4.7587604329674313e+01 6.5839585055529937e-01
1255 4.7606581408915041e+01 6.5865840695845834e-01
1256 4.7192132707684806e+01 6.5292432328264149e-01
1257 4.7360367092616940e+01 6.5525192145700406e-01
1258 4.6888027877424953e+01 6.4871689655466769e-01
1259 4.7020085126945553e+01 6.5054396783393975e-01
1260 4.6675727293422149e+01 6.4577962275097778e-01
1261 4.6614181584185360e+01 6.4492811025834917e-01
1262 4.6504833795028830e+01 6.4341523454917715e-01
1263 4.6209851536611154e+01 6.3933402269442274e-01
1264 4.6304156857087413e+01 6.4063877910234590e-01
1265 4.5871767568733858e+01 6.3465647935671621e-01
1266 4.6023280279980447e+01 6.3675272567540164e-01
1267 4.5626106524036828e+01 6.3125764861602374e-01
1268 4.5661513609572914e+01 6.3174752152569402e-01
1269 4.5448338495194484e+01 6.2879814820200086e-01
1270 4.5266205798648208e+01 6.2627826065259251e-01
1271 4.5278526836304593e+01 6.2644872773497184e-01
1272 4.4902970965187123e+01 6.2125274380851814e-01
1273 4.5055445650215468e+01 6.2336229946595201e-01
1274 4.4618269138419762e+01 6.1731376633676804e-01
1275 4.4751212124678652e+01 6.1915309218109726e-01
1276 4.4415670108170488e+01 6.1451071788073408e-01
1277 4.4386057941427779e+01 6.1410102027178781e-01
1278 4.4255969482787911e+01 6.1230118809742018e-01
1279 4.4014627818516523e+01 6.0896211792230504e-01
1280 4.4079390495683015e+01 6.0985813860916038e-01
1281 4.3693987090373085e+01 6.0452590963020103e-01
1282 4.3838501427591439e+01 6.0652533030519773e-01
1283 4.3453253763221362e+01 6.0119525607199631e-01
1284 4.3524061407167785e+01 6.0217491158562453e-01
1285 4.3280107030501114e+01 5.9879969336263061e-01
1286 4.3168664181170243e+01 5.9725783155624101e-01
1287 4.3128785610225087e+01 5.9670609364032345e-01
1288 4.2826869553848496e+01 5.9252894958076385e-01
1289 4.2944783175017236e+01 5.9416033741789098e-01
1290 4.2545175641791786e+01 5.8863158795818737e-01
1291 4.2693947595341662e+01 5.9068991466481602e-01
1292 4.2338848772345450e+01 5.8577696317479977e-01
1293 4.2380219088908959e+01 5.8634934006044581e-01
1294 4.2185875839613693e+01 5.8366051403690822e-01
1295 4.2041928713265094e+01 5.8166894097870792e-01
1296 4.2039268955559116e+01 5.8163214203785418e-01
1297 4.1729894658914766e+01 5.7735180987891654e-01
1298 4.1851513141563785e+01 5.7903445613637927e-01
1299 4.1480963526790461e+01 5.7390773601192269e-01
1300 4.1599146129386263e+01 5.7554284532774047e-01
1301 4.1300738523346226e+01 5.7141424225224613e-01
1302 4.1294234584222679e+01 5.7132425733723458e-01
1303 4.1162312874042300e+01 5.6949906130552852e-01
1304 4.0976555519202982e+01 5.6692902498285380e-01
1305 4.1020378354950140e+01 5.6753533357144370e-01
1306 4.0692009133000880e+01 5.6299219810104451e-01
1307 4.0834045862685258e+01 5.6495733996451758e-01
1308 4.0469881614249026e+01 5.5991896424738796e-01
1309 4.0587305072056978e+01 5.6154357045456371e-01
1310 4.0309883679276062e+01 5.5770532105253756e-01
1311 4.0296297664825182e+01 5.5751735244882150e-01
1312 4.0183555614085826e+01 5.5595751560820961e-01
1313 3.9999780271963623e+01 5.5341490132047610e-01
1314 4.0048535791567147e+01 5.5408945580269475e-01
1315 3.9739002139549214e+01 5.4980691889068734e-01
1316 3.9869240712326899e+01 5.5160882796148292e-01
1317 3.9538132005160378e+01 5.4702779048435091e-01
1318 3.9634094803259806e+01 5.4835547883862557e-01
1319 3.9394076492775326e+01 5.4503471785672142e-01
1320 3.9360397334764720e+01 5.4456875159940021e-01
1321 3.9279003069449338e+01 5.4344262543067379e-01
1322 3.9084618410876793e+01 5.4075322649121160e-01
1323 3.9153803031534750e+01 5.4171042674966297e-01
1324 3.8844162849493422e+01 5.3742641594699947e-01
1325 3.8986598119762377e+01 5.3939707179821927e-01
1326 3.8660266031751021e+01 5.3488212098957466e-01
1327 3.8767683455166491e+01 5.3636828922288460e-01
1328 3.8529391918056831e+01 5.3307141892513754e-01
1329 3.8513401487071164e+01 5.3285018414020024e-01
1330 3.8425775485280234e+01 5.3163783910218954e-01
1331 3.8257297840458072e+01 5.2930687531813803e-01
1332 3.8313491911303842e+01 5.3008434549323558e-01
1333 3.8033870452665923e+01 5.2621565719327379e-01
1334 3.8162940097140272e+01 5.2800139361668874e-01
1335 3.7863256226899253e+01 5.2385513285352603e-01
1336 3.7964308846941300e+01 5.2525324117733452e-01
1337 3.7743276968069694e+01 5.2219516599285298e-01
1338 3.7731464846111180e+01 5.2203173998741970e-01
1339 3.7651255193028675e+01 5.2092200346027384e-01
1340 3.7494601564051088e+01 5.1875463023890411e-01
1341 3.7554351186660810e+01 5.1958129306744150e-01
1342 3.7285982915970614e+01 5.1586829767017284e-01
1343 3.7424170310717393e+01 5.1778018225822697e-01
1344 3.7125960426065191e+01 5.1365431474681811e-01
1345 3.7249307418454919e+01 5.1536087571183886e-01
1346 3.7015054934925729e+01 5.1211988753203008e-01
1347 3.7039936509717577e+01 5.1246413527950530e-01
1348 3.6934536303762151e+01 5.1100587615454540e-01
1349 3.6822422746769114e+01 5.0945473480681469e-01
1350 3.6854773368803826e+01 5.0990232017301595e-01
1351 3.6627120782952950e+01 5.0675264453786451e-01
1352 3.6748016540084109e+01 5.0842529156362082e-01
1353 3.6475447545667571e+01 5.0465417726943107e-01
1354 3.6600315396030794e+01 5.0638177998667144e-01
1355 3.6371609184021402e+01 5.0321752696102995e-01
1356 3.6417192445575665e+01 5.0384819183027174e-01
1357 3.6301625395499883e+01 5.0224926985673235e-01
1358 3.6220529624605611e+01 5.0112727349220687e-01
1359 3.6239506889944487e+01 5.0138983247011726e-01
1360 3.6038577277017964e+01 4.9860988115153382e-01
1361 3.6158139629908263e+01 5.0026407993154076e-01
1362 3.5894076016935173e+01 4.9661064140457317e-01
1363 3.6040586658005537e+01 4.9863768183877238e-01
1364 3.5795510606120416e+01 4.9524694473602188e-01
1365 3.5886957078173864e+01 4.9651214769372504e-01
1366 3.5734416677994865e+01 4.9440168283770641e-01
1367 3.5713789528220630e+01 4.9411629696860371e-01
1368 3.5689219800195048e+01 4.9377636376101358e-01
1369 3.5546541977733575e+01 4.9180235209141748e-01
1370 3.5634033631517411e+01 4.9301283836449045e-01
1371 3.5408971276008337e+01 4.8989899972792400e-01
1372 3.5549124808888479e+01 4.9183808671893292e-01
1373 3.5314003411009530e+01 4.8858507671935764e-01
1374 3.5428804989960206e+01 4.9017340805654136e-01
1375 3.5259317381924454e+01 4.8782847097842719e-01
1376 3.5283341060722407e+01 4.8816084935003146e-01
1377 3.5228755920614688e+01 4.8740563945335480e-01
1378 3.5134218325369922e+01 4.8609766941982618e-01
1379 3.5198803943857882e+01 4.8699124042044717e-01
1380 3.5005207839246715e+01 4.8431275147873382e-01
1381 3.5147800089312859e+01 4.8628557921585841e-01
1382 3.4913224075556720e+01 4.8304011485024551e-01
1383 3.5064395334108440e+01 4.8513163701774431e-01
1384 3.4862385456071586e+01 4.8233673974682389e-01
1385 3.4951786966418439e+01 4.8357364974208161e-01
1386 3.4843002873774068e+01 4.8206857302699230e-01
1387 3.4825993605795873e+01 4.8183324217528051e-01
1388 3.4835510697797098e+01 4.8196491541185593e-01
1389 3.4709176813674055e+01 4.8021702945998257e-01
1390 3.4817916812640597e+01 4.8172149611926163e-01
1391 3.4621085382307541e+01 4.7899824499503268e-01
1392 3.4774140705347214e+01 4.8111583403978908e-01
1393 3.4572010315624055e+01 4.7831926943563507e-01
1394 3.4700040324686960e+01 4.8009062203682096e-01
1395 3.4559523506246485e+01 4.7814650882713894e-01
1396 3.4604680768172123e+01 4.7877127980044343e-01
1397 3.4569748270330663e+01 4.7828797302439696e-01
1398 3.4506460415894630e+01 4.7741235717152564e-01
1399 3.4582562427578893e+01 4.7846526263751027e-01
1400 3.4425963216662609e+01 4.7629864231442709e-01
1401 3.4578985162195160e+01 4.7841576956640153e-01
1402 3.4378527026314273e+01 4.7564234134421790e-01
1403 3.4548137504172303e+01 4.7798897838143461e-01
1404 3.4369150109714035e+01 4.7551260749718854e-01
1405 3.4491109725256543e+01 4.7719997348124238e-01
1406 3.4391161444396701e+01 4.7581714418535326e-01
1407 3.4420231959416448e+01 4.7621934779976322e-01
1408 3.4428823002994449e+01 4.7633820874103922e-01
1409 3.4354220380775125e+01 4.7530604800082898e-01
1410 3.4462956735931598e+01 4.7681046424636142e-01
1411 3.4311335482907971e+01 4.7471271620350602e-01
1412 3.4477759966140304e+01 4.7701527357604956e-01
1413 3.4303171352763300e+01 4.7459976180106528e-01
1414 3.4466406093188048e+01 4.7685818765115806e-01
1415 3.4331055622506213e+01 4.7498555317999902e-01
1416 3.4433313148598749e+01 4.7640033191945730e-01
1417 3.4385946885580523e+01 4.7574499842522494e-01
1418 3.4392265083401718e+01 4.7583241352600714e-01
1419 3.4451683544041146e+01 4.7665449458014814e-01
1420 3.4361299327489384e+01 4.7540398840376841e-01
1421 3.4510547967777306e+01 4.7746891028522809e-01
1422 3.4356456010020274e+01 4.7533697893419119e-01
1423 3.4549358966712987e+01 4.7800587786355236e-01
1424 3.4386595365860529e+01 4.7575397044076423e-01
1425 3.4563958276528275e+01 4.7820786586313241e-01
1426 3.4450771855436663e+01 4.7664188095938187e-01
1427 3.4560393484288994e+01 4.7815854536357172e-01
1428 3.4538661695877508e+01 4.7785787632345478e-01
1429 3.4552283140124274e+01 4.7804633511428846e-01
1430 3.4633553294221521e+01 4.7917074414864386e-01
1431 3.4555091010308630e+01 4.7808518325771399e-01
1432 3.4716335406053531e+01 4.8031607179642405e-01
1433 3.4578417746457070e+01 4.7840791911515984e-01
1434 3.4767649359076543e+01 4.8102602335254541e-01
1435 3.4616513355538530e+01 4.7893498895397435e-01
1436 3.4764204553257905e+01 4.8097836291893237e-01
1437 3.4635592060373376e+01 4.7919895139281055e-01
1438 3.4665272189955871e+01 4.7960958929812891e-01
1439 3.4556289748347325e+01 4.7810176833615398e-01
1440 3.4389146605375721e+01 4.7578926798377436e-01
1441 3.4235175629735437e+01 4.7365901047458725e-01
1442 3.3791464923459465e+01 4.6752007383396099e-01
1443 3.3465894848198104e+01 4.6301566581350112e-01
1444 3.2679664085080837e+01 4.5213781055461510e-01
1445 3.2042508551746906e+01 4.4332247796507729e-01
1446 3.0911446252050588e+01 4.2767372372898255e-01
1447 2.9915138699064514e+01 4.1388936185569752e-01
1448 2.8575041523023508e+01 3.9534851634614360e-01
1449 2.7368862328504044e+01 3.7866048617769604e-01
1450 2.6120167122496390e+01 3.6138422792043656e-01
1451 2.5043732201774226e+01 3.4649126797468116e-01
1452 2.4263141729014851e+01 3.3569144866275807e-01
1453 2.3697148598228107e+01 3.2786067983121131e-01
1454 2.3667317718275818e+01 3.2744795622691014e-01
1455 2.3822850038384232e+01 3.2959981563712976e-01
1456 2.4532566808280507e+01 3.3941906548068279e-01
1457 2.5224353550114611e+01 3.4899024534377004e-01
1458 2.6152037569383449e+01 3.6182516984809521e-01
1459 2.6668986105943588e+01 3.6897738472035330e-01
1460 2.6908450612974686e+01 3.7229048358308026e-01
1461 2.6559073914639189e+01 3.6745670025431199e-01
1462 2.5825771620979236e+01 3.5731113411058124e-01
1463 2.4981783258989530e+01 3.4563417656505335e-01
1464 2.4163097381093568e+01 3.3430729023598454e-01
1465 2.3871136157929911e+01 3.3026787575900624e-01
1466 2.3849596930161610e+01 3.2996987088175772e-01
1467 2.4457746787396779e+01 3.3838389693243986e-01
1468 2.5001203805977831e+01 3.4590286854341040e-01
1469 2.5616857292848543e+01 3.5442071067573261e-01
1470 2.5572161704505735e+01 3.5380232716352283e-01
1471 2.5186331642369783e+01 3.4846419519600541e-01
1472 2.4386224035863680e+01 3.3739434758460002e-01
1473 2.3712809026917487e+01 3.2807734888636220e-01
1474 2.3429187827823668e+01 3.2415332238317368e-01
1475 2.3568634124801939e+01 3.2608262444826092e-01
1476 2.4172551408411376e+01 3.3443809094437826e-01
1477 2.4589987740073184e+01 3.4021350982726956e-01
1478 2.4820593974561049e+01 3.4340405051612527e-01
1479 2.4306247769366703e+01 3.3628784006554679e-01
1480 2.3717368314572457e+01 3.2814042867606380e-01
1481 2.3052744519142685e+01 3.1894506035998299e-01
1482 2.2994726919309791e+01 3.1814236084343400e-01
1483 2.3280871185645250e+01 3.2210129511359176e-01
1484 2.3812903928759322e+01 3.2946220674930171e-01
1485 2.4066555857134791e+01 3.3297159494986761e-01
1486 2.3759773019146824e+01 3.2872711678379812e-01
1487 2.3191353821779540e+01 3.2086278223293641e-01
1488 2.2565551824747629e+01 3.1220453091058309e-01
1489 2.2554514755890210e+01 3.1205182811244103e-01
1490 2.2792420339738463e+01 3.1534335857370344e-01
1491 2.3348156936314993e+01 3.2303222365404854e-01
1492 2.3337309027728832e+01 3.2288213797310417e-01
1493 2.3017618697154941e+01 3.1845907885766028e-01
1494 2.2336152637733388e+01 3.0903069026492669e-01
1495 2.2049276992739181e+01 3.0506163704297701e-01
1496 2.2182151610177151e+01 3.0690001697400304e-01
1497 2.2603659142903698e+01 3.1273176274969672e-01
1498 2.2855801672894465e+01 3.1622026774659395e-01
1499 2.2518077203693824e+01 3.1154769823432626e-01
1500 2.2017531004179840e+01 3.0462241705210613e-01
1501 2.1556190169804641e+01 2.9823955968151677e-01
1502 2.1755003011755196e+01 3.0099022452420415e-01
1503 2.2053031717593150e+01 3.0511358534545308e-01
1504 2.2339956066395690e+01 3.0908331240643638e-01
1505 2.1958410001810392e+01 3.0380445146655044e-01
1506 2.1475313582599128e+01 2.9712059582163658e-01
1507 2.1143525072876525e+01 2.9253015297122670e-01
1508 2.1341428190866619e+01 2.9526823137487906e-01
1509 2.1716539250641880e+01 3.0045806113690021e-01
1510 2.1732284921240282e+01 3.0067590955209633e-01
1511 2.1371568357807796e+01 2.9568523410339714e-01
1512 2.0820375057510759e+01 2.8805922756490132e-01
1513 2.0816725653164301e+01 2.8800873641888647e-01
1514 2.1029264263579112e+01 2.9094930342474939e-01
1515 2.1371644204891052e+01 2.9568628348181397e-01
1516 2.1066243654470053e+01 2.9146092988423639e-01
1517 2.0653008426732082e+01 2.8574363515846896e-01
1518 2.0320901439404942e+01 2.8114878602755228e-01
1519 2.0554417592491632e+01 2.8437958674541991e-01
1520 2.0834654033126888e+01 2.8825678359715523e-01
1521 2.0773390648552176e+01 2.8740917719285863e-01
1522 2.0342698586664493e+01 2.8145035933664786e-01
1523 1.9960037200123502e+01 2.7615606741724519e-01
1524 2.0115680277730799e+01 2.7830945920714034e-01
1525 2.0349931074859928e+01 2.8155042405484793e-01
1526 2.0433851512475925e+01 2.8271150095042730e-01
1527 1.9938952675643595e+01 2.7586435356394146e-01
1528 1.9664807981657027e+01 2.7207143875944567e-01
1529 1.9656128692293880e+01 2.7195135689815098e-01
1530 2.0013823070339441e+01 2.7690021905646939e-01
1531 1.9962579602615957e+01 2.7619124269608203e-01
1532 1.9596947157194990e+01 2.7113255381513246e-01
1533 1.9256201163352781e+01 2.6641818015419244e-01
1534 1.9337693776576522e+01 2.6754566701034338e-01
1535 1.9639949634798413e+01 2.7172751238084525e-01
1536 1.9531763343876250e+01 2.7023070652071701e-01
1537 1.9188424709606061e+01 2.6548046251656870e-01
1538 1.8853852485254279e+01 2.6085150572567373e-01
1539 1.9090677307766178e+01 2.6412808336908955e-01
1540 1.9229734510623750e+01 2.6605200214249503e-01
1541 1.9149504725777625e+01 2.6494198708336980e-01
1542 1.8668560674153639e+01 2.5828791040943577e-01
1543 1.8589821783835148e+01 2.5719852254481712e-01
1544 1.8766836246923130e+01 2.5964759703862866e-01
1545 1.8916776295968301e+01 2.6172208487036508e-01
1546 1.8619861638173951e+01 2.5761413740348776e-01
1547 1.8260448334214185e+01 2.5264149313414974e-01
1548 1.8312319256985809e+01 2.5335915061656300e-01
1549 1.8504756815850065e+01 2.5602161055822076e-01
1550 1.8513007979413395e+01 2.5613576910704605e-01
1551 1.8072422570962676e+01 2.5004007236363424e-01
1552 1.7947500101624449e+01 2.4831171396837623e-01
1553 1.8048291446275723e+01 2.4970620742996255e-01
1554 1.8258823422952361e+01 2.5261901175801460e-01
1555 1.7942114502464001e+01 2.4823720178836758e-01
1556 1.7663509175102199e+01 2.4438257212038011e-01
1557 1.7648854352466760e+01 2.4417981607603392e-01
1558 1.7884852674749368e+01 2.4744495871806413e-01
1559 1.7795017569894387e+01 2.4620204974830459e-01
1560 1.7426509466194087e+01 2.4110357484523021e-01
1561 1.7325333998330059e+01 2.3970376686670314e-01
1562 1.7472814682820523e+01 2.4174422828671682e-01
1563 1.7586029533489015e+01 2.4331060652641509e-01
1564 1.7215762585960892e+01 2.3818779723008165e-01
1565 1.7045449840308777e+01 2.3583144400294284e-01
1566 1.7092096368773184e+01 2.3647681964679773e-01
1567 1.7304719291911436e+01 2.3941855315700661e-01
1568 1.7021056320803222e+01 2.3549394871926280e-01
1569 1.6774577359012557e+01 2.3208380172871640e-01
1570 1.6767837157093815e+01 2.3199054801196148e-01
1571 1.6973550717492500e+01 2.3483668738958496e-01
1572 1.6827610801770621e+01 2.3281754319657166e-01
1573 1.6502919466089253e+01 2.2832529293234549e-01
1574 1.6484778734657109e+01 2.2807430777624857e-01
1575 1.6633527349579303e+01 2.3013231158249503e-01
1576 1.6613532493164495e+01 2.2985567377562505e-01
1577 1.6241330373612701e+01 2.2470609050635384e-01
1578 1.6211664368123518e+01 2.2429564801420154e-01
1579 1.6320712223339672e+01 2.2580437400277795e-01
1580 1.6362722858996715e+01 2.2638560999028784e-01
1581 1.6000355637666903e+01 2.2137209694920310e-01
1582 1.5928074730770609e+01 2.2037205818185507e-01
1583 1.6048023347490492e+01 2.2203160109519673e-01
1584 1.6078531611494913e+01 2.2245369661168887e-01
1585 1.5774543396074261e+01 2.1824788330232117e-01
1586 1.5637196409675298e+01 2.1634762614071062e-01
1587 1.5803206448115489e+01 2.1864444948366238e-01
1588 1.5782777772281063e+01 2.1836180959053925e-01
1589 1.5543758938865489e+01 2.1505487682218277e-01
1590 1.5358326312270369e+01 2.1248933326041816e-01
1591 1.5562470437646068e+01 2.1531375880055378e-01
1592 1.5499842253018832e+01 2.1444726977537143e-01
1593 1.5288310954886935e+01 2.1152063938675630e-01
1594 1.5108575853391155e+01 2.0903392364027429e-01
1595 1.5309577977675392e+01 2.1181487818601552e-01
1596 1.5239414078823616e+01 2.1084412917451328e-01
1597 1.5004740607593433e+01 2.0759731644103399e-01
1598 1.4889469192277863e+01 2.0600248470700441e-01
1599 1.5046470750908400e+01 2.0817467169118090e-01
1600 1.4990867876533493e+01 2.0740538098442940e-01
1601 1.4709212291523972e+01 2.0350854963374176e-01
1602 1.4687131442862722e+01 2.0320305118850396e-01
1603 1.4787942453342028e+01 2.0459781673564190e-01
1604 1.4732243877581755e+01 2.0382720195729853e-01
1605 1.4426553477304340e+01 1.9959783815694990e-01
1606 1.4483869701424503e+01 2.0039083382592249e-01
1607 1.4546109112284016e+01 2.0125194399165020e-01
1608 1.4447104875026548e+01 1.9988217596243543e-01
1609 1.4174917059189498e+01 1.9611633544486445e-01
1610 1.4271207810298032e+01 1.9744856117611814e-01
1611 1.4317831313863946e+01 1.9809361826017494e-01
1612 1.4137526838248508e+01 1.9559902496736387e-01
1613 1.3957325528156815e+01 1.9310585901584701e-01
1614 1.4053493696419698e+01 1.9443638875844857e-01
1615 1.4084372035870198e+01 1.9486360443472855e-01
1616 1.3824419207979329e+01 1.9126704046319998e-01
1617 1.3763855671138790e+01 1.9042911676621113e-01
1618 1.3839234849563178e+01 1.9147202150983020e-01
1619 1.3823643749776151e+01 1.9125631165113971e-01
1620 1.3536167553125228e+01 1.8727894952765159e-01
1621 1.3580318177877393e+01 1.8788979322415014e-01
1622 1.3628370691378681e+01 1.8855462130162226e-01
1623 1.3527424400601905e+01 1.8715798409089102e-01
1624 1.3294140746480434e+01 1.8393040010049086e-01
1625 1.3395429310318294e+01 1.8533177281254326e-01
1626 1.3407356135064765e+01 1.8549678578249604e-01
1627 1.3211925183982560e+01 1.8279291091686503e-01
1628 1.3102766678459041e+01 1.8128265403165580e-01
1629 1.3200927086841029e+01 1.8264074730989241e-01
1630 1.3157856303260544e+01 1.8204484370034943e-01
1631 1.2913259072013201e+01 1.7866073129588986e-01
1632 1.2946786367567952e+01 1.7912459646801882e-01
1633 1.2987479865634016e+01 1.7968760926617663e-01
1634 1.2874348140124738e+01 1.7812238110034054e-01
1635 1.2668726019359324e+01 1.7527750683105714e-01
1636 1.2795216636951672e+01 1.7702756126077859e-01
1637 1.2745646067942969e+01 1.7634173020446206e-01
1638 1.2577177843513942e+01 1.7401089675577497e-01
1639 1.2493370224446668e+01 1.7285138075542014e-01
1640 1.2611752574658205e+01 1.7448925366909521e-01
1641 1.2476098571292191e+01 1.7261241968710583e-01
1642 1.2307096530521251e+01 1.7027420064989368e-01
1643 1.2364281025417807e+01 1.7106537378597261e-01
1644 1.2371979156630546e+01 1.7117188088417376e-01
1645 1.2199777458479527e+01 1.6878939315195338e-01
1646 1.2098972968601251e+01 1.6739471782025539e-01
1647 1.2225095286117037e+01 1.6913967665322255e-01
1648 1.2083176331062933e+01 1.6717616425458517e-01
1649 1.1952628966382376e+01 1.6536998290930968e-01
1650 1.1950293147402961e+01 1.6533766580603546e-01
1651 1.2018436373049317e+01 1.6628045789740026e-01
1652 1.1790839142401989e+01 1.6313154812631861e-01
1653 1.1760525226741562e+01 1.6271214150633748e-01
1654 1.1811343570046581e+01 1.6341523607971267e-01
1655 1.1733342797502639e+01 1.6233606040557569e-01
1656 1.1554368180870451e+01 1.5985986630828472e-01
1657 1.1609879047251450e+01 1.6062788404317183e-01
1658 1.1618404312934006e+01 1.6074583491776073e-01
1659 1.1426347359368378e+01 1.5808864082112387e-01
1660 1.1399243792703215e+01 1.5771365081944261e-01
1661 1.1445010841247692e+01 1.5834685846412869e-01
1662 1.1355251097226470e+01 1.5710499214530610e-01
1663 1.1181681756010596e+01 1.5470358245784915e-01
1664 1.1282562595719995e+01 1.5609931412370620e-01
1665 1.1215272060703276e+01 1.5516831938966308e-01
1666 1.1079271638419321e+01 1.5328669254656335e-01
1667 1.1033593436082718e+01 1.5265471412901374e-01
1668 1.1116075610053551e+01 1.5379589200195223e-01
1669 1.0939589863093287e+01 1.5135413253291480e-01
1670 1.0867032971782427e+01 1.5035027539740284e-01
1671 1.0922548292194227e+01 1.5111835475580385e-01
1672 1.0853888736247026e+01 1.5016841900313521e-01
1673 1.0701617802431890e+01 1.4806168233512543e-01
1674 1.0726182901375767e+01 1.4840155149729384e-01
1675 1.0747222489504789e+01 1.4869264363602760e-01
1676 1.0559362635366819e+01 1.4609351829251382e-01
1677 1.0554970745016940e+01 1.4603275451961148e-01
1678 1.0575207595152216e+01 1.4631274041814657e-01
1679 1.0485211137830225e+01 1.4506759906463387e-01
1680 1.0343899004100647e+01 1.4311248231120124e-01
1681 1.0443452923226339e+01 1.4448985543561382e-01
1682 1.0343097821877315e+01 1.4310139759578405e-01
1683 1.0229813548510975e+01 1.4153405886192263e-01
1684 1.0228639907324013e+01 1.4151782100968313e-01
1685 1.0253768195366277e+01 1.4186548214563716e-01
1686 1.0081016941700479e+01 1.3947539106637552e-01
1687 1.0064955416715401e+01 1.3925317266406834e-01
1688 1.0105548199881051e+01 1.3981479202640487e-01
1689 9.9739052312827301e+00 1.3799345250951164e-01
1690 9.9003559529767919e+00 1.3697586525480357e-01
1691 9.9400285324122439e+00 1.3752475318579024e-01
1692 9.8823926159919786e+00 1.3672733443045290e-01
1693 9.7290184776880384e+00 1.3460533443351588e-01
1694 9.7998284507726208e+00 1.3558502217181520e-01
1695 9.7394007542833752e+00 1.3474897788701548e-01
1696 9.6283905548531852e+00 1.3321310198605996e-01
1697 9.5985485637940648e+00 1.3280022465461211e-01
1698 9.6467962560245013e+00 1.3346775311734624e-01
1699 9.4793852717398206e+00 1.3115154706026427e-01
1700 9.4623932824606705e+00 1.3091645526710383e-01
1701 9.4860598525171529e+00 1.3124389287909446e-01
1702 9.3864852043660072e+00 1.2986623295931707e-01
1703 9.2961959566825119e+00 1.2861704071982658e-01
1704 9.3460982355399196e+00 1.2930746113068309e-01
1705 9.2750466368569882e+00 1.2832443039385333e-01
1706 9.1495411304904355e+00 1.2658800541979653e-01
1707 9.2047746611895978e+00 1.2735218609113097e-01
1708 9.1448631126642645e+00 1.2652328294492185e-01
1709 9.0406918893684374e+00 1.2508202734629795e-01
1710 9.0254276693283533e+00 1.2487084001552307e-01
1711 9.0538176826936070e+00 1.2526362858431506e-01
1712 8.8894029775162462e+00 1.2298887739261564e-01
1713 8.9050928851003519e+00 1.2320595430149735e-01
1714 8.8973479379484903e+00 1.2309879948377991e-01
1715 8.8028611960577301e+00 1.2179153302921342e-01
1716 8.7328211421236617e+00 1.2082249746769631e-01
1717 8.7888978742761701e+00 1.2159834420934222e-01
1718 8.6718090856040284e+00 1.1997836829977089e-01
1719 8.6068508095723413e+00 1.1907964141488295e-01
1720 8.6450851871338603e+00 1.1960863117786144e-01
1721 8.5632285704864444e+00 1.1847610817107608e-01
1722 8.4766398306026840e+00 1.1727811411679817e-01
1723 8.4996289194015429e+00 1.1759617847171627e-01
1724 8.4635164294432990e+00 1.1709654597546763e-01
1725 8.3326176034084050e+00 1.1528550200471258e-01
1726 8.3832282023368183e+00 1.1598572234145701e-01
1727 8.3253306671400598e+00 1.1518468397300199e-01
1728 8.2366040127806190e+00 1.1395711091302591e-01
1729 8.2201282784678344e+00 1.1372916173888299e-01
1730 8.2358434692696694e+00 1.1394658845242235e-01
1731 8.0932725102026648e+00 1.1197405528582058e-01
1732 8.1098755776607554e+00 1.1220376617114203e-01
1733 8.0965264235632368e+00 1.1201907463665457e-01
1734 7.9959016610782037e+00 1.1062688591405594e-01
1735 7.9656133022603504e+00 1.1020783288445492e-01
1736 7.9858951209016000e+00 1.1048844094244004e-01
1737 7.8789765610716032e+00 1.0900917471059229e-01
1738 7.8367296007734044e+00 1.0842466906567241e-01
1739 7.8714034555724126e+00 1.0890439739921637e-01
1740 7.7572185014524182e+00 1.0732459734314227e-01
1741 7.7266749937359149e+00 1.0690201421408549e-01
1742 7.7327211362855870e+00 1.0698566530816017e-01
1743 7.6674840118010881e+00 1.0608308042985458e-01
1744 7.5817260763186276e+00 1.0489658092711258e-01
1745 7.6375921036761518e+00 1.0566951247341165e-01
1746 7.5319110569467620e+00 1.0420736779037740e-01
1747 7.4876776104300777e+00 1.0359537821761833e-01
1748 7.4945094925590228e+00 1.0368990037120310e-01
1749 7.4438386257947995e+00 1.0298884620191806e-01
1750 7.3521065894603588e+00 1.0171969233430210e-01
1751 7.3925181320511122e+00 1.0227880415199241e-01
1752 7.3217714570531500e+00 1.0129999217111281e-01
1753 7.2458377621700647e+00 1.0024941544356823e-01
1754 7.2722378270883397e+00 1.0061467218303692e-01
1755 7.2119783337658863e+00 9.9780955064494595e-02
1756 7.1381757313971237e+00 9.8759862957752922e-02
1757 7.1485013864358198e+00 9.8902723026619718e-02
1758 7.1153093305336039e+00 9.8443496045449941e-02
1759 7.0118668388693575e+00 9.7012322775809803e-02
1760 7.0537084827371501e+00 9.7591220686116850e-02
1761 6.9865706591980956e+00 9.6662338783863516e-02
1762 6.9238768064328973e+00 9.5794941210538054e-02
1763 6.9204137344547139e+00 9.5747028056414676e-02
1764 6.9001946300762258e+00 9.5467287678384333e-02
1765 6.7954180453840767e+00 9.4017656633317209e-02
1766 6.8298349503964406e+00 9.4493829951312253e-02
1767 6.7758984789846028e+00 9.3747594676993035e-02
1768 6.7026183488545348e+00 9.2733731208020226e-02
1769 6.7113949443639935e+00 9.2855159343494295e-02
1770 6.6763572968802078e+00 9.2370397774983085e-02
1771 6.5938548346510668e+00 9.1228939204890919e-02
1772 6.6048068401610918e+00 9.1380465113467965e-02
1773 6.5743712108052215e+00 9.0959374529917661e-02
1774 6.4819563032341847e+00 8.9680772832452488e-02
1775 6.5116134739867944e+00 9.0091093092061619e-02
1776 6.4550825961341740e+00 8.9308963040954911e-02
1777 6.3954126968447396e+00 8.8483403220312326e-02
1778 6.3904092396572718e+00 8.8414178145903494e-02
1779 6.3701151901301420e+00 8.8133400868126266e-02
1780 6.2735902161950143e+00 8.6797934559009762e-02
1781 6.3095236319852326e+00 8.7295089483822932e-02
1782 6.2464832597408861e+00 8.6422897658077716e-02
1783 6.1917143750674777e+00 8.5665145572919113e-02
1784 6.1929096174036600e+00 8.5681682286746913e-02
1785 6.1579633379551506e+00 8.5198184835985402e-02
1786 6.0810790651243547e+00 8.4134456436167807e-02
1787 6.1032117118218379e+00 8.4440671530470052e-02
1788 6.0498791772885712e+00 8.3702791993752051e-02
1789 5.9860118149045682e+00 8.2819158388491576e-02
1790 6.0069387544265354e+00 8.3108691983220004e-02
1791 5.9441913436255689e+00 8.2240553410447101e-02
1792 5.8975864919116718e+00 8.1595754383128952e-02
1793 5.9004470725893983e+00 8.1635331799872729e-02
1794 5.8560069569236335e+00 8.1020482866738019e-02
1795 5.7890027590015176e+00 8.0093449734830638e-02
1796 5.8211146987482092e+00 8.0537732824520022e-02
1797 5.7392995507649038e+00 7.9405783555302742e-02
1798 5.7140544259173760e+00 7.9056505929742629e-02
1799 5.7088565854474522e+00 7.8984591475433519e-02
1800 5.6574242001651500e+00 7.8273001355883984e-02
1801 5.6078687700364300e+00 7.7587379752762281e-02
1802 5.6286166027941764e+00 7.7874435325072267e-02
1803 5.5479981363311666e+00 7.6759042681440515e-02
1804 5.5285112246211403e+00 7.6489432517391584e-02
1805 5.5275156720043315e+00 7.6475658600398927e-02
1806 5.4563879691370190e+00 7.5491574928042954e-02
1807 5.4399375543721726e+00 7.5263976061202442e-02
1808 5.4321437211145618e+00 7.5156144882284892e-02
1809 5.3665093389254137e+00 7.4248063765451927e-02
1810 5.3469845692951274e+00 7.3977929820095656e-02
1811 5.3478319872317810e+00 7.3989654227344936e-02
1812 5.2628105624612660e+00 7.2813344680652745e-02
1813 5.2757375004289120e+00 7.2992194665605165e-02
1814 5.2394026881020999e+00 7.2489486239668263e-02
1815 5.1883928062245763e+00 7.1783741644230931e-02
1816 5.1758474930293890e+00 7.1610171609177126e-02
1817 5.1619419863280491e+00 7.1417782686872794e-02
1818 5.0853787761319538e+00 7.0358496332613762e-02
1819 5.1072145861227796e+00 7.0660604557938073e-02
1820 5.0553274719972112e+00 6.9942723060880646e-02
1821 5.0121212204721095e+00 6.9344945191561910e-02
1822 5.0141650609650874e+00 6.9373222641514021e-02
1823 4.9704989343584440e+00 6.8769082194172604e-02
1824 4.9247278086184343e+00 6.8135818139657550e-02
1825 4.9331169403856681e+00 6.8251885540467308e-02
1826 4.8790914215095595e+00 6.7504418254539109e-02
1827 4.8424964885074830e+00 6.6998110942386974e-02
1828 4.8534394467740558e+00 6.7149511678292875e-02
1829 4.7828288518297652e+00 6.6172582425992346e-02
1830 4.7736743996303090e+00 6.6045926473730629e-02
1831 4.7574920723419014e+00 6.5822036717372981e-02
1832 4.7076429732863678e+00 6.5132352072928335e-02
1833 4.6845762554659567e+00 6.4813213685677815e-02
1834 4.6847764885087679e+00 6.4815983999636409e-02
1835 4.6098349599974249e+00 6.3779134338865145e-02
1836 4.6227961824912951e+00 6.3958458665615656e-02
1837 4.5848177361345002e+00 6.3433009825648340e-02
1838 4.5410261915527483e+00 6.2827134164367068e-02
1839 4.5366362688017405e+00 6.2766397614077665e-02
1840 4.5072611038761314e+00 6.2359979031574267e-02
1841 4.4560734627944445e+00 6.1651775057816313e-02
1842 4.4661705702743397e+00 6.1791473068695764e-02
1843 4.4174837429646647e+00 6.1117868975173371e-02
1844 4.3832067611938195e+00 6.0643631557985057e-02
1845 4.3895034479040484e+00 6.0730749042898588e-02
1846 4.3302262101714231e+00 5.9910621871016478e-02
1847 4.3166088013561614e+00 5.9722218912187708e-02
1848 4.3035324129123120e+00 5.9541301212863412e-02
1849 4.2569060903086431e+00 5.8896205126154851e-02
1850 4.2369152008631437e+00 5.8619622204084551e-02
1851 4.2337155910137492e+00 5.8575354166684655e-02
1852 4.1670280528379831e+00 5.7652702164400660e-02
1853 4.1799527257895654e+00 5.7831520811839905e-02
1854 4.1394281787047484e+00 5.7270845526287889e-02
1855 4.1051109725455950e+00 5.6796051586645330e-02
1856 4.0981282684502540e+00 5.6699442743506717e-02
1857 4.0687852881990692e+00 5.6293469450409903e-02
1858 4.0248711752953783e+00 5.5685898001418557e-02
1859 4.0351937145441603e+00 5.5828714961934346e-02
1860 3.9812090424773152e+00 5.5081812809933482e-02
1861 3.9633526327345030e+00 5.4834761371936394e-02
1862 3.9574056403090654e+00 5.4752482064302693e-02
1863 3.9057185000954227e+00 5.4037367296011829e-02
1864 3.8982607177613415e+00 5.3934185532351547e-02
1865 3.8795841545114653e+00 5.3675786902717564e-02
1866 3.8356037886058609e+00 5.3067298813728028e-02
1867 3.8285122160019420e+00 5.2969183725942018e-02
1868 3.8087006097062650e+00 5.2695081266664084e-02
1869 3.7586835885190011e+00 5.2003073344208187e-02
1870 3.7716699630443529e+00 5.2182745660595775e-02
1871 3.7217848119582126e+00 5.1492562220137143e-02
1872 3.7039343556380753e+00 5.1245593150413063e-02
1873 3.6930053083618160e+00 5.1094384879297704e-02
1874 3.6569689000355665e+00 5.0595805006552905e-02
1875 3.6318663924496932e+00 5.0248500554776455e-02
1876 3.6317974573214498e+00 5.0247546806357464e-02
1877 3.5764503080378551e+00 4.9481794170945642e-02
1878 3.5790898253159300e+00 4.9518313076400811e-02
1879 3.5520008424449205e+00 4.9143524848052983e-02
1880 3.5147624554446959e+00 4.8628315061225537e-02
1881 3.5138527527077787e+00 4.8615728915827758e-02
1882 3.4807855948649618e+00 4.8158229955330777e-02
1883 3.4516023229225921e+00 4.7754466298321009e-02
1884 3.4493604928992263e+00 4.7723449574410957e-02
1885 3.4108919915890001e+00 4.7191220604356661e-02
1886 3.3890236774948139e+00 4.6888662670183157e-02
1887 3.3876595701954053e+00 4.6869789633847463e-02
1888 3.3360290378627848e+00 4.6155458060981092e-02
1889 3.3391569969343067e+00 4.6198734777731315e-02
1890 3.3101654249277277e+00 4.5797623375317134e-02
1891 3.2809771970761981e+00 4.5393791151081248e-02
1892 3.2719692464350265e+00 4.5269162113589313e-02
1893 3.2494321535381214e+00 4.4957351324710224e-02
1894 3.2127270009583184e+00 4.4449519075263032e-02
1895 3.2204843243441559e+00 4.4556845123728685e-02
1896 3.1723406851898885e+00 4.3890756281974669e-02
1897 3.1652318156308050e+00 4.3792401883055686e-02
1898 3.1494590349709970e+00 4.3574178388000255e-02
1899 3.1137709317807873e+00 4.3080417473039229e-02
1900 3.1061630543072680e+00 4.2975159075802051e-02
1901 3.0868079620886153e+00 4.2707372693541794e-02
1902 3.0518309780408082e+00 4.2223450430876955e-02
1903 3.0517294103914239e+00 4.2222045196891191e-02
1904 3.0203214144221024e+00 4.1787501485104378e-02
1905 2.9955237549095712e+00 4.1444414743157319e-02
1906 2.9958570908359841e+00 4.1449026595211706e-02
1907 2.9521766146358379e+00 4.0844687614807890e-02
1908 2.9486612157376992e+00 4.0796050494276523e-02
1909 2.9279615206872065e+00 4.0509660928737791e-02
1910 2.8990938077646913e+00 4.0110263172306634e-02
1911 2.8897312520011376e+00 3.9980728013894122e-02
1912 2.8717343672468867e+00 3.9731733041105964e-02
1913 2.8369238604756508e+00 3.9250114066233195e-02
1914 2.8434083570852899e+00 3.9339829985344174e-02
1915 2.8012529012619294e+00 3.8756590345876536e-02
1916 2.7938983178678067e+00 3.8654836385838803e-02
1917 2.7787571022328592e+00 3.8445350876180645e-02
1918 2.7483731185518834e+00 3.8024974833707328e-02
1919 2.7396030408682930e+00 3.7903636875277619e-02
1920 2.7227299013175199e+00 3.7670189421417415e-02
1921 2.6911244154728644e+00 3.7232913348624448e-02
1922 2.6914961110009243e+00 3.7238055922973204e-02
1923 2.6606578899252540e+00 3.6811395302403419e-02
1924 2.6423195426656538e+00 3.6557676042696247e-02
1925 2.6383114732989577e+00 3.6502222605252974e-02
1926 2.6010288274435003e+00 3.5986400477311789e-02
1927 2.5986062040632616e+00 3.5952882396217446e-02
1928 2.5771105810587525e+00 3.5655480810434223e-02
1929 2.5530733923857944e+00 3.5322915523649620e-02
1930 2.5455733328984333e+00 3.5219148836610967e-02
1931 2.5248244003562901e+00 3.4932078048290564e-02
1932 2.4990982767867620e+00 3.4576145589667345e-02
1933 2.5014022312232997e+00 3.4608021832698538e-02
1934 2.4620935351398834e+00 3.4064168391101303e-02
1935 2.4612654798935929e+00 3.4052711875358015e-02
1936 2.4402341174861655e+00 3.3761733543172037e-02
1937 2.4174547604444965e+00 3.3446570921186455e-02
1938 2.4101416205659856e+00 3.3345390350776029e-02
1939 2.3898550713538778e+00 3.3064716843221272e-02
1940 2.3669454718262939e+00 3.2747752258024891e-02
1941 2.3657671812988106e+00 3.2731450080073901e-02
1942 2.3329947070211796e+00 3.2278028198876839e-02
1943 2.3264654982068493e+00 3.2187693666359013e-02
1944 2.3124296109027647e+00 3.1993500869935583e-02
1945 2.2845119831547800e+00 3.1607247968039473e-02
1946 2.2838755686505712e+00 3.1598442887920263e-02
1947 2.2576917962072751e+00 3.1236178651857419e-02
1948 2.2430228267291095e+00 3.1033226879596754e-02
1949 2.2345639747342969e+00 3.0916194868166560e-02
1950 2.2101161638053983e+00 3.0577948438293014e-02
1951 2.1979574388443450e+00 3.0409727024856389e-02
1952 2.1895251122837380e+00 3.0293062004705985e-02
1953 2.1585071286078241e+00 2.9863914287932208e-02
1954 2.1621112591558340e+00 2.9913779050638693e-02
1955 2.1328488979304905e+00 2.9508921157924757e-02
1956 2.1227924581784339e+00 2.9369785803300807e-02
1957 2.1118376392268665e+00 2.9218220969498089e-02
1958 2.0896176447913200e+00 2.8910797380061311e-02
1959 2.0789700604549299e+00 2.8763483274964717e-02
1960 2.0684048445664587e+00 2.8617308774290119e-02
1961 2.0419482355701937e+00 2.8251269722140506e-02
1962 2.0425553234647373e+00 2.8259669055461026e-02
1963 2.0168483388856293e+00 2.7904001393354749e-02
1964 2.0052436839120209e+00 2.7743445786713603e-02
1965 1.9976791470128539e+00 2.7638787025762310e-02
1966 1.9718877639608405e+00 2.7281951672927813e-02
1967 1.9683737982030145e+00 2.7233334380535486e-02
1968 1.9504142439895540e+00 2.6984855892523179e-02
1969 1.9329978514032835e+00 2.6743892289249456e-02
1970 1.9272459663424866e+00 2.6664312379517833e-02
1971 1.9071159715390931e+00 2.6385804872427598e-02
1972 1.8932787313296280e+00 2.6194360447658188e-02
1973 1.8886188486205517e+00 2.6129888880262707e-02
1974 1.8605299748194857e+00 2.5741266712412555e-02
1975 1.8623253349666398e+00 2.5766106325328338e-02
1976 1.8391234409202883e+00 2.5445097714360800e-02
1977 1.8281879240181715e+00 2.5293799933069856e-02
1978 1.8192234675600409e+00 2.5169772657108912e-02
1979 1.8006366523645871e+00 2.4912615732062906e-02
1980 1.7896038918341552e+00 2.4759972541557158e-02
1981 1.7818543997115592e+00 2.4652754842131037e-02
1982 1.7579729912890667e+00 2.4322344844984349e-02
1983 1.7585547851329075e+00 2.4330394223768155e-02
1984 1.7361020935852809e+00 2.4019751165413203e-02
1985 1.7264417489170516e+00 2.3886095963936080e-02
1986 1.7187311741355962e+00 2.3779416703380386e-02
1987 1.6975476314592775e+00 2.3486332888916283e-02
1988 1.6935315900114787e+00 2.3430769154155213e-02
1989 1.6781412026815332e+00 2.3217836242334807e-02
1990 1.6631641062665743e+00 2.3010621395698230e-02
1991 1.6581961954639581e+00 2.2941888121467576e-02
1992 1.6397602599345091e+00 2.2686818684275394e-02
1993 1.6297040572071182e+00 2.2547686608994009e-02
1994 1.6232084233162445e+00 2.2457816600601702e-02
1995 1.6007055132473473e+00 2.2146478746480260e-02
1996 1.6018815521174559e+00 2.2162749771741524e-02
1997 1.5804857827428176e+00 2.1866729705715300e-02
1998 1.5732465077376732e+00 2.1766571088958801e-02
1999 1.5636474121113322e+00 2.1633763295448478e-02
2000 1.5478208531553015e+00 2.1414795753543416e-02
