# step 1
# iter abs_residual rel_residual
0 7.2278104865846785e+01 1.0000000000000000e+00
1 1.1546600861375805e+03 1.5975240195917012e+01
2 1.1527745212176183e+03 1.5949152559509526e+01
3 1.1585072720810065e+03 1.6028467739037666e+01
4 1.2484330970659325e+03 1.7272631862486040e+01
5 1.4402468346337646e+03 1.9926460956702773e+01
6 1.2677694538267149e+03 1.7540159031283174e+01
7 1.4124522130191519e+03 1.9541909899834284e+01
8 1.3004236603875368e+03 1.7991944625571104e+01
9 1.3783981910459522e+03 1.9070757231451427e+01
10 1.3232324643111033e+03 1.8307514658375663e+01
11 1.3547601259464143e+03 1.8743713998325546e+01
12 1.3364428175025701e+03 1.8490285820070980e+01
13 1.3388396176543349e+03 1.8523446625216792e+01
14 1.3429152194666990e+03 1.8579834404336466e+01
15 1.3277325809229142e+03 1.8369775790154968e+01
16 1.3450051727483201e+03 1.8608749845402610e+01
17 1.3195692023751244e+03 1.8256831786394194e+01
18 1.3443069584342816e+03 1.8599089737195090e+01
19 1.3132163294683810e+03 1.8168936940250472e+01
20 1.3418458874584931e+03 1.8565039716371270e+01
21 1.3079856800730383e+03 1.8096568559742277e+01
22 1.3382737217498964e+03 1.8515617201555379e+01
23 1.3034526903332785e+03 1.8033852613493089e+01
24 1.3340055733943589e+03 1.8456565454647247e+01
25 1.2993510853098385e+03 1.7977105068284853e+01
26 1.3293075319959630e+03 1.8391565944669562e+01
27 1.2955114809372153e+03 1.7923982419596850e+01
28 1.3243513570110094e+03 1.8322995040740182e+01
29 1.2918249965146490e+03 1.7872978254097372e+01
30 1.3192485335184924e+03 1.8252395188931835e+01
31 1.2882212246121549e+03 1.7823118453412462e+01
32 1.3140716232918944e+03 1.8180770313927063e+01
33 1.2846546044796326e+03 1.7773772664128941e+01
34 1.3088677968908983e+03 1.8108773041576676e+01
35 1.2810958289412076e+03 1.7724535408323323e+01
36 1.3036675101279282e+03 1.8036824741706027e+01
37 1.2775263299640387e+03 1.7675149788932856e+01
38 1.2984901357285828e+03 1.7965193444663100e+01
39 1.2739346838604292e+03 1.7625457754114347e+01
40 1.2933476589196575e+03 1.7894044971436387e+01
41 1.2703142383673778e+03 1.7575367266825406e+01
42 1.2882471280003540e+03 1.7823476838406744e+01
43 1.2666615286045378e+03 1.7524830388892322e+01
44 1.2831922934624142e+03 1.7753540935309648e+01
45 1.2629752087384081e+03 1.7473828500104954e+01
46 1.2781847130474650e+03 1.7684258814199200e+01
47 1.2592553284034109e+03 1.7422362287177794e+01
48 1.2732245007403574e+03 1.7615632052106942e+01
49 1.2555028382770970e+03 1.7370444903161172e+01
50 1.2683108376848825e+03 1.7547649319789944e+01
51 1.2517192522220410e+03 1.7318097293022824e+01
52 1.2634423194679271e+03 1.7480291186562852e+01
53 1.2479064168615052e+03 1.7265345005623857e+01
54 1.2586171941774687e+03 1.7413533413937046e+01
55 1.2440663539079128e+03 1.7212216012262452e+01
56 1.2538335239648579e+03 1.7347349190907270e+01
57 1.2402011533663244e+03 1.7158739229096064e+01
58 1.2490892942233650e+03 1.7281710644485795e+01
59 1.2363129023441356e+03 1.7104943532191648e+01
60 1.2443824862342531e+03 1.7216589844793440e+01
61 1.2324036388421976e+03 1.7050857118205091e+01
62 1.2397111252399236e+03 1.7151959470173079e+01
63 1.2284753213131560e+03 1.6996507083207177e+01
64 1.2350733099334618e+03 1.7087793215190743e+01
65 1.2245298121531252e+03 1.6941919194283500e+01
66 1.2304672309090754e+03 1.7024066045905723e+01
67 1.2205688672021349e+03 1.6887117744268419e+01
68 1.2258911806663748e+03 1.6960754338284250e+01
69 1.2165941326630168e+03 1.6832125509116494e+01
70 1.2213435565429793e+03 1.6897835918773442e+01
71 1.2126071450119102e+03 1.6776963746664276e+01
72 1.2168228618962573e+03 1.6835290080651195e+01
73 1.2086093333581539e+03 1.6721652229280462e+01
74 1.2123277032823514e+03 1.6773097544996737e+01
75 1.2046020237653199e+03 1.6666209303649364e+01
76 1.2078567863321130e+03 1.6711240403632324e+01
77 1.2005864443550406e+03 1.6610651961384612e+01
78 1.2034089109084982e+03 1.6649702052123658e+01
79 1.1965637310951440e+03 1.6554995919110635e+01
80 1.1989829658844203e+03 1.6588467117529113e+01
81 1.1925349333528682e+03 1.6499255695293844e+01
82 1.1945779226414893e+03 1.6527521368451890e+01
83 1.1885010204032815e+03 1.6443444700289561e+01
84 1.1901928302472090e+03 1.6466851648314385e+01
85 1.1844628864395531e+03 1.6387575305661361e+01
86 1.1858268092554931e+03 1.6406445789585526e+01
87 1.1804213570152588e+03 1.6331658933313253e+01
88 1.1814790463284446e+03 1.6346292539370705e+01
89 1.1763771933506184e+03 1.6275706115068413e+01
90 1.1771487897165207e+03 1.6286381496877805e+01
91 1.1723310979338626e+03 1.6219726570166596e+01
92 1.1728353439154623e+03 1.6226703039493451e+01
93 1.1682837191214016e+03 1.6163729268909552e+01
94 1.1685380650367579e+03 1.6167248258731274e+01
95 1.1642356550303839e+03 1.6107722486516305e+01
96 1.1642563576304080e+03 1.6108008916273459e+01
97 1.1601874578334641e+03 1.6051713862543203e+01
98 1.1599896696489311e+03 1.6048977374295479e+01
99 1.1561396376437192e+03 1.5995710454633462e+01
100 1.1557374897039651e+03 1.5990146557509977e+01
101 1.1520926651035970e+03 1.5939718774336454e+01
102 1.1514993435972917e+03 1.5931509905171906e+01
103 1.1480469756770317e+03 1.5883744846491025e+01
104 1.1472747910251389e+03 1.5873061325481087e+01
105 1.1440029715514304e+03 1.5827794235540345e+01
106 1.1430634233275218e+03 1.5814795164443332e+01
107 1.1399610245709116e+03 1.5771872086114584e+01
108 1.1388648605573323e+03 1.5756706165319983e+01
109 1.1359214789431608e+03 1.5715983160481455e+01
110 1.1346787494214007e+03 1.5698789440141571e+01
111 1.1318846530390808e+03 1.5660131863445201e+01
112 1.1305047609325056e+03 1.5641040437222330e+01
113 1.1278508414157502e+03 1.5604322270335119e+01
114 1.1263425889423368e+03 1.5583454920863065e+01
115 1.1238203171271482e+03 1.5548558158975492e+01
116 1.1221919476094861e+03 1.5526028936319689e+01
117 1.1197933329725468e+03 1.5492843026957631e+01
118 1.1180525705911600e+03 1.5468758798620188e+01
119 1.1157701230410978e+03 1.5437180113009951e+01
120 1.1139242088665044e+03 1.5411641062449348e+01
121 1.1117509047684659e+03 1.5381572425452401e+01
122 1.1098066298855138e+03 1.5354672510373542e+01
123 1.1077358792250527e+03 1.5326022746184172e+01
124 1.1056996160741362e+03 1.5297850132158169e+01
125 1.1037252332615008e+03 1.5270533660367713e+01
126 1.1016029635318271e+03 1.5241171106747737e+01
127 1.0997191401743762e+03 1.5215107565638748e+01
128 1.0975164815421811e+03 1.5184632795495238e+01
129 1.0957177605412014e+03 1.5159746683659321e+01
130 1.0934399909856222e+03 1.5128232720200996e+01
131 1.0917212434657376e+03 1.5104453077346848e+01
132 1.0893733238500606e+03 1.5071968556342389e+01
133 1.0877297275763096e+03 1.5049228664686382e+01
134 1.0853163221756411e+03 1.5015838118473969e+01
135 1.0837433411659647e+03 1.4994075220669774e+01
136 1.0812688376688316e+03 1.4959839354888206e+01
137 1.0797622035129702e+03 1.4938994395565356e+01
138 1.0772307304158985e+03 1.4903970329815841e+01
139 1.0757864254711608e+03 1.4883987723085651e+01
140 1.0732018690378839e+03 1.4848229225570060e+01
141 1.0718161096208921e+03 1.4829056622475891e+01
142 1.0691821292833952e+03 1.4792614323077119e+01
143 1.0678513515690443e+03 1.4774202416500142e+01
144 1.0651713940611287e+03 1.4737124002326309e+01
145 1.0638922397475208e+03 1.4719426328653457e+01
146 1.0611695529623964e+03 1.4681756735763912e+01
147 1.0599388563566974e+03 1.4664729496214905e+01
148 1.0571765012086919e+03 1.4626511073732292e+01
149 1.0559912776341839e+03 1.4610112973966009e+01
150 1.0531921400313756e+03 1.4571385649723023e+01
151 1.0520495743105782e+03 1.4555577740496320e+01
152 1.0492163758003119e+03 1.4516379168321178e+01
153 1.0481138117900430e+03 1.4501124700701761e+01
154 1.0452491196647832e+03 1.4461490400237231e+01
155 1.0441840510106344e+03 1.4446754697687675e+01
156 1.0412902872575432e+03 1.4406718178212486e+01
157 1.0402603481829972e+03 1.4392468509153542e+01
158 1.0373397988383292e+03 1.4352061399004642e+01
159 1.0363427553341046e+03 1.4338266854915872e+01
160 1.0333975781013835e+03 1.4297519006889315e+01
161 1.0324313207349198e+03 1.4284150402825095e+01
162 1.0294635529029274e+03 1.4243090003724969e+01
163 1.0285260887835345e+03 1.4230119767148722e+01
164 1.0255376543594707e+03 1.4188773436477620e+01
165 1.0246271007421544e+03 1.4176175518767876e+01
166 1.0216198166695489e+03 1.4134568394754492e+01
167 1.0207343943733433e+03 1.4122318180144564e+01
168 1.0177099774274221e+03 1.4080474015144185e+01
169 1.0168480047076549e+03 1.4068548235942211e+01
170 1.0138080767360460e+03 1.4026489468944222e+01
171 1.0129679638436817e+03 1.4014866130259239e+01
172 1.0099140573893470e+03 1.3972613964682916e+01
173 1.0090943013392730e+03 1.3961272272041755e+01
174 1.0060278648013223e+03 1.3918846747138435e+01
175 1.0052270441543651e+03 1.3907767034292567e+01
176 1.0021494466785149e+03 1.3865187092807348e+01
177 1.0013662172143268e+03 1.3854350761865332e+01
178 9.9827875258307483e+02 1.3811634303859377e+01
179 9.9751184302573051e+02 1.3801023766148576e+01
180 9.9441573467102887e+02 1.3758187718351692e+01
181 9.9366394212990576e+02 1.3747786331340805e+01
182 9.9056034660857756e+02 1.3704846695235394e+01
183 9.8982253330576975e+02 1.3694638717256762e+01
184 9.8671254400337625e+02 1.3651610620322485e+01
185 9.8598763320091587e+02 1.3641581154223369e+01
186 9.8287228417903884e+02 1.3598478903166020e+01
187 9.8215925727109516e+02 1.3588613856077872e+01
188 9.7903952593135034e+02 1.3545450973687206e+01
189 9.7833741900770679e+02 1.3535737009479833e+01
190 9.7521422962208078e+02 1.3492526283473349e+01
191 9.7452213053042044e+02 1.3482950782110317e+01
192 9.7139635705628234e+02 1.3439704304080218e+01
193 9.7071340264508297e+02 1.3430255323473061e+01
194 9.6758587122095219e+02 1.3386984523416313e+01
195 9.6691124481740746e+02 1.3377650764530452e+01
196 9.6378273645926902e+02 1.3334366448153519e+01
197 9.6311566502140295e+02 1.3325137215606482e+01
198 9.5998691833168471e+02 1.3281849601805243e+01
199 9.5932667049385748e+02 1.3272714776825358e+01
200 9.5619838332317886e+02 1.3229433520676142e+01
201 9.5554426703317063e+02 1.3220383528410542e+01
202 9.5241709908951032e+02 1.3177117757269135e+01
203 9.5176845945019977e+02 1.3168143536922399e+01
204 9.4864303432029601e+02 1.3124901878391025e+01
205 9.4799925168009565e+02 1.3115994856805509e+01
206 9.4487615845475204e+02 1.3072785461219663e+01
207 9.4423664670718460e+02 1.3063937529349364e+01
208 9.4111644193038092e+02 1.3020768096744634e+01
209 9.4048064648194043e+02 1.3011971581539640e+01
210 9.3736385591223620e+02 1.2968849386021521e+01
211 9.3673125252384239e+02 1.2960097034399022e+01
212 9.3361837237523139e+02 1.2917028941310683e+01
213 9.3298846505230381e+02 1.2908313890963184e+01
214 9.2987996415184659e+02 1.2865306386737295e+01
215 9.2925228388183530e+02 1.2856622148665803e+01
216 9.2614860447880642e+02 1.2813681352019438e+01
217 9.2552270815867723e+02 1.2805021795694728e+01
218 9.2242426760141154e+02 1.2762153480829298e+01
219 9.2179973606252076e+02 1.2753512806865171e+01
220 9.1870692806408351e+02 1.2710722420977525e+01
221 9.1808336550642321e+02 1.2702095153303343e+01
222 9.1499656116585459e+02 1.2659387830715154e+01
223 9.1437359359075185e+02 1.2650768794891526e+01
224 9.1129314270350108e+02 1.2608149375179728e+01
225 9.1067041698802689e+02 1.2599533685592544e+01
226 9.0759664895967308e+02 1.2557006726231075e+01
227 9.0697383169776037e+02 1.2548389770057851e+01
228 9.0390705672412309e+02 1.2505959562745009e+01
229 9.0328383340579921e+02 1.2497336988599205e+01
230 9.0022434340219672e+02 1.2455007572114349e+01
231 8.9960041708093422e+02 1.2446375271607570e+01
232 8.9654848648700818e+02 1.2404150442946239e+01
233 8.9592357756939941e+02 1.2395504547778282e+01
234 8.9287946419256548e+02 1.2353387873821708e+01
235 8.9225330891411522e+02 1.2344724734692473e+01
236 8.8921725518891981e+02 1.2302719569631344e+01
237 8.8858960491931157e+02 1.2294035746628886e+01
238 8.8556183822382718e+02 1.2252145236340823e+01
239 8.8493245909314487e+02 1.2243437493769951e+01
240 8.8191319253547351e+02 1.2201664586701133e+01
241 8.8128186447132350e+02 1.2192929879761571e+01
242 8.7827129783142357e+02 1.2151277339957328e+01
243 8.7763781374531868e+02 1.2142512803486973e+01
244 8.7463613380901631e+02 1.2100983215212990e+01
245 8.7400029932522193e+02 1.2092186159936368e+01
246 8.7100768086003950e+02 1.2050781941179705e+01
247 8.7036931317545486e+02 1.2041949837933924e+01
248 8.6738591940189247e+02 1.2000673246923412e+01
249 8.6674484724937577e+02 1.1991803726150746e+01
250 8.6377083001810229e+02 1.1950656863808499e+01
251 8.6312689282987856e+02 1.1941747703981758e+01
252 8.6016239401549240e+02 1.1900732533206480e+01
253 8.5951544118018865e+02 1.1891781650549767e+01
254 8.5656059241248636e+02 1.1850899992498734e+01
255 8.5591048331166292e+02 1.1841905441492864e+01
256 8.5296540675199719e+02 1.1801158986323184e+01
257 8.5231200980534027e+02 1.1792118946495497e+01
258 8.4937681873108647e+02 1.1751509261450465e+01
259 8.4872001123331233e+02 1.1742422035118325e+01
260 8.4579481023288986e+02 1.1701950567225637e+01
261 8.4513447784086645e+02 1.1692814572400524e+01
262 8.4221936322769204e+02 1.1652482654199499e+01
263 8.4155539961950115e+02 1.1643296419869984e+01
264 8.3865046014588074e+02 1.1603105279288584e+01
265 8.3798276641809866e+02 1.1593867437081441e+01
266 8.3508808331721957e+02 1.1553818198017249e+01
267 8.3441656792323681e+02 1.1544527481344071e+01
268 8.3153221536720105e+02 1.1504621170001386e+01
269 8.3085679340872980e+02 1.1495276404256284e+01
270 8.2798283914260969e+02 1.1455513957918566e+01
271 8.2730343237654972e+02 1.1446114060573153e+01
272 8.2443993739896041e+02 1.1406496323183605e+01
273 8.2375647377131565e+02 1.1397040297338526e+01
274 8.2090349337028181e+02 1.1357568033831768e+01
275 8.2021590649372752e+02 1.1348054960988609e+01
276 8.1737349013365281e+02 1.1308728855726850e+01
277 8.1668171944261690e+02 1.1299157897933755e+01
278 8.1384991106282951e+02 1.1259978558837311e+01
279 8.1315390119741460e+02 1.1250348950165270e+01
280 8.1033273950935325e+02 1.1211316912824257e+01
281 8.0963244025329845e+02 1.1201627958508775e+01
282 8.0682195906080619e+02 1.1162743690614525e+01
283 8.0611732500932828e+02 1.1152994762460061e+01
284 8.0331755331854731e+02 1.1114258665325561e+01
285 8.0260854365272030e+02 1.1104449198583968e+01
286 7.9981950615209939e+02 1.1065861613784980e+01
287 7.9910608422975827e+02 1.1055991101495467e+01
288 7.9632780127177591e+02 1.1017552310617662e+01
289 7.9560993485174174e+02 1.1007620306709056e+01
290 7.9284242268452613e+02 1.0969330534552574e+01
291 7.9212008323859607e+02 1.0959336644324395e+01
292 7.8936335448798718e+02 1.0921196065573396e+01
293 7.8863651723873511e+02 1.0911139946218839e+01
294 7.8589058052163466e+02 1.0873148680092021e+01
295 7.8515922454774056e+02 1.0863030042155241e+01
296 7.8242408522023527e+02 1.0825188162756469e+01
297 7.8168819265193611e+02 1.0815006759001278e+01
298 7.7896385265589595e+02 1.0777314293197190e+01
299 7.7822340903203417e+02 1.0767069923546989e+01
300 7.7550986720855008e+02 1.0729526855303561e+01
301 7.7476486104714013e+02 1.0719219360899928e+01
302 7.7206211320896375e+02 1.0681825632284701e+01
303 7.7131253598664125e+02 1.0671454895203066e+01
304 7.6862057518612039e+02 1.0634210410092155e+01
305 7.6786642094094134e+02 1.0623776347846350e+01
306 7.6518523750019619e+02 1.0586680972341949e+01
307 7.6442650311553632e+02 1.0576183541812078e+01
308 7.6175608487592035e+02 1.0539237107693857e+01
309 7.6099276934572254e+02 1.0528676294960670e+01
310 7.5833310178132183e+02 1.0491878601256094e+01
311 7.5756520684345776e+02 1.0481254430363824e+01
312 7.5491627275224937e+02 1.0444605239075191e+01
313 7.5414380217632083e+02 1.0433917762177972e+01
314 7.5150558279833308e+02 1.0397416813752656e+01
315 7.5072854235887075e+02 1.0386666110743709e+01
316 7.4810101621180843e+02 1.0350313107964524e+01
317 7.4731941401595202e+02 1.0339499291009762e+01
318 7.4470255811282743e+02 1.0303293915841422e+01
319 7.4391640374292842e+02 1.0292417117516974e+01
320 7.4131019305115854e+02 1.0256359023622466e+01
321 7.4051949826550253e+02 1.0245419406609491e+01
322 7.3792390604418631e+02 1.0209508224016453e+01
323 7.3712868386850926e+02 1.0198505968531848e+01
324 7.3454368180200674e+02 1.0162741305480701e+01
325 7.3374394726761147e+02 1.0151676619489285e+01
326 7.3116950527566030e+02 1.0116058059806106e+01
327 7.3036527465503775e+02 1.0104931168445088e+01
328 7.2780136136061026e+02 1.0069458278014627e+01
329 7.2699265252746000e+02 1.0058269428574659e+01
330 7.2443923489348708e+02 1.0022941750314247e+01
331 7.2362606703561596e+02 1.0011691208267241e+01
332 7.2108311097037654e+02 9.9765082705026256e+00
333 7.2026550458658357e+02 9.9651963194586610e+00
334 7.1773297436852624e+02 9.9301576279661568e+00
335 7.1691095113077949e+02 9.9187845677666324e+00
336 7.1438881029675679e+02 9.8838896180622378e+00
337 7.1356239292282999e+02 9.8724557630177454e+00
338 7.1105060356845797e+02 9.8377040306773065e+00
339 7.1021981597297031e+02 9.8262097116573255e+00
340 7.0771833938598661e+02 9.7916006610793307e+00
341 7.0688320629336226e+02 9.7800462201573612e+00
342 7.0439200252634623e+02 9.7455792986513270e+00
343 7.0355254992794687e+02 9.7339650954295163e+00
344 7.0107157832270980e+02 9.6996397404711647e+00
345 7.0022783261025859e+02 9.6879661400908397e+00
346 6.9775705161195947e+02 9.6537817767503089e+00
347 6.9690904045543653e+02 9.6420491620380524e+00
348 6.9444840746910211e+02 9.6080052009947803e+00
349 6.9359615906033559e+02 9.5962139619971847e+00
350 6.9114563108496986e+02 9.5623098083131044e+00
351 6.9028917439973816e+02 9.5504603459230584e+00
352 6.8784870735985589e+02 9.5166953897940623e+00
353 6.8698807203301942e+02 9.5047881140231514e+00
354 6.8455762145460983e+02 9.4711617401313521e+00
355 6.8369283784423510e+02 9.4591970709970443e+00
356 6.8127235837562955e+02 9.4257086518817648e+00
357 6.8040345729441594e+02 9.4136870156915755e+00
358 6.7799290332479200e+02 9.3803359203066297e+00
359 6.7711991611933536e+02 9.3682577507547720e+00
360 6.7471924113733030e+02 9.3350433355945945e+00
361 6.7384219985849734e+02 9.3229090761191866e+00
362 6.7145135713517175e+02 9.2898306946679412e+00
363 6.7057029403870899e+02 9.2776407915417032e+00
364 6.6818923610238880e+02 9.2446977870074871e+00
365 6.6730418422599882e+02 9.2324526973218521e+00
366 6.6493286331322861e+02 9.1996444088758338e+00
367 6.6404385568532086e+02 9.1873445895936623e+00
368 6.6168222374503068e+02 9.1546703524277397e+00
369 6.6078929408025647e+02 9.1423162700063543e+00
370 6.5843730240156583e+02 9.1097754101836443e+00
371 6.5754048451889673e+02 9.0973675325236858e+00
372 6.5519808441064015e+02 9.0649593763800755e+00
373 6.5429741253282600e+02 9.0524981769686370e+00
374 6.5196455475651396e+02 9.0202220432675393e+00
375 6.5106006326671684e+02 9.0077079978110906e+00
376 6.4873669848718646e+02 8.9755632039783979e+00
377 6.4782842214649725e+02 8.9629967934122252e+00
378 6.4551450051113193e+02 8.9309826497146254e+00
379 6.4460247421716781e+02 8.9183643568629130e+00
380 6.4229794603120922e+02 8.8864801757511369e+00
381 6.4138220481096346e+02 8.8738104852280468e+00
382 6.3908701979161651e+02 8.8420555710170685e+00
383 6.3816759899456258e+02 8.8293349718984224e+00
384 6.3588170697951432e+02 8.7977086305701455e+00
385 6.3495864190118982e+02 8.7849376111855371e+00
386 6.3268199236930798e+02 8.7534391437574346e+00
387 6.3175531872095974e+02 8.7406181981879811e+00
388 6.2948786104096564e+02 8.7092469041536038e+00
389 6.2855761424906257e+02 8.6963765225403939e+00
390 6.2629929790364690e+02 8.6651317029701058e+00
391 6.2536551372957581e+02 8.6522123800879651e+00
392 6.2311628782892456e+02 8.6210933308983666e+00
393 6.2217900199818200e+02 8.6081255610255649e+00
394 6.1993881576259525e+02 8.5771315796567311e+00
395 6.1899806409377516e+02 8.5641158583595800e+00
396 6.1676686648655584e+02 8.5332462386959129e+00
397 6.1582268482262214e+02 8.5201830618778960e+00
398 6.1360042501017517e+02 8.4894371006138094e+00
399 6.1265284917975282e+02 8.4763269639800232e+00
400 6.1043947597718557e+02 8.4457039529495681e+00
401 6.0948854185746541e+02 8.4325473528770392e+00
402 6.0728400446935655e+02 8.4020465893027794e+00
403 6.0632974771240220e+02 8.3888440190538009e+00
404 6.0413399501964966e+02 8.3584647956800282e+00
405 6.0317645159845563e+02 8.3452167529571124e+00
406 6.0098943263499302e+02 8.3149583646454399e+00
407 6.0002863802515310e+02 8.3016653402693414e+00
408 5.9785030188922542e+02 8.2715270827711578e+00
409 5.9688629199359968e+02 8.2581895734740467e+00
410 5.9471658763924904e+02 8.2281707405456270e+00
411 5.9374939782289778e+02 8.2147892356189764e+00
412 5.9158827462987517e+02 8.1848891269064730e+00
413 5.9061794040872940e+02 8.1714641177291192e+00
414 5.8846534737038269e+02 8.1416820275326192e+00
415 5.8749190419199795e+02 8.1282140045373907e+00
416 5.8534779073192760e+02 8.0985492331097220e+00
417 5.8437127383982340e+02 8.0850386839065216e+00
418 5.8223558916589786e+02 8.0554905285157634e+00
419 5.8125603374117702e+02 8.0419379398509250e+00
420 5.7912872749960297e+02 8.0125057038297616e+00
421 5.7814616845547653e+02 7.9989115587432211e+00
422 5.7602719012593377e+02 7.9695945431203610e+00
423 5.7504166241501355e+02 7.9559593251971821e+00
424 5.7293096180142982e+02 7.9267568354874509e+00
425 5.7194249998152293e+02 7.9130810228503945e+00
426 5.6984002684663415e+02 7.8839923639987113e+00
427 5.6884866568062012e+02 7.8702764376078065e+00
428 5.6675436994444715e+02 7.8413009167351975e+00
429 5.6576014365941114e+02 7.8275453501375214e+00
430 5.6367397543382640e+02 7.7986822770193642e+00
431 5.6267691846805690e+02 7.7848875466840832e+00
432 5.6059882782431646e+02 7.7561362305338122e+00
433 5.5959897410961901e+02 7.7423028059226766e+00
434 5.5752891157918805e+02 7.7136625623209225e+00
435 5.5652629506166465e+02 7.6997909130934792e+00
436 5.5446421094543143e+02 7.6712610544307402e+00
437 5.5345886535548755e+02 7.6573516472622778e+00
438 5.5140471043149466e+02 7.6289314925306959e+00
439 5.5039666927428493e+02 7.6149847909800572e+00
440 5.4835039423386741e+02 7.5866736579721348e+00
441 5.4733969080308702e+02 7.5726901226725261e+00
442 5.4530124683612905e+02 7.5444873360784195e+00
443 5.4428791409903954e+02 7.5304674231466908e+00
444 5.4225725228227748e+02 7.5023723060911021e+00
445 5.4124132322772869e+02 7.4883164719427882e+00
446 5.3921839500000499e+02 7.4603283525603228e+00
447 5.3819990213854066e+02 7.4462370469933781e+00
448 5.3618465897434794e+02 7.4183552539118747e+00
449 5.3516363495242808e+02 7.4042289286047165e+00
450 5.3315602852992674e+02 7.3764527932698511e+00
451 5.3213250538152158e+02 7.3622918914268256e+00
452 5.3013248771594124e+02 7.3346207499477769e+00
453 5.2910649755282543e+02 7.3204257158496899e+00
454 5.2711402066222013e+02 7.2928589043747145e+00
455 5.2608559507450082e+02 7.2786301750848681e+00
456 5.2410061143533756e+02 7.2511670361045706e+00
457 5.2306978198922343e+02 7.2369050483556192e+00
458 5.2109224398922981e+02 7.2095449231328557e+00
459 5.2005904192538856e+02 7.1952501091534495e+00
460 5.1808890236707362e+02 7.1679923446897620e+00
461 5.1705335874298225e+02 7.1536651341740276e+00
462 5.1509057042481345e+02 7.1265090774150419e+00
463 5.1405271604147242e+02 7.1121498965086341e+00
464 5.1209723220834189e+02 7.0850949005764630e+00
465 5.1105709750976001e+02 7.0707041704858993e+00
466 5.0910887144323402e+02 7.0437495890100559e+00
467 5.0806648679427667e+02 7.0293277298468686e+00
468 5.0612547205688134e+02 7.0024729203440739e+00
469 5.0508086742026182e+02 6.9880203466558406e+00
470 5.0314701773776801e+02 6.9612646689013777e+00
471 5.0210022304850929e+02 6.9467817948525683e+00
472 5.0017349229789818e+02 6.9201246107137857e+00
473 4.9912453696275526e+02 6.9056118431600453e+00
474 4.9720487948306226e+02 6.8790525208970168e+00
475 4.9615379280055856e+02 6.8645102651965582e+00
476 4.9424116285614377e+02 6.8380481720361912e+00
477 4.9318797383158540e+02 6.8234768294904349e+00
478 4.9128232618313638e+02 6.7971113395265510e+00
479 4.9022706351047532e+02 6.7825113071291927e+00
480 4.8832835285443491e+02 6.7562417935667582e+00
481 4.8727104513256415e+02 6.7416134669963093e+00
482 4.8537922662435409e+02 6.7154393093904696e+00
483 4.8431990193385457e+02 6.7007830771543633e+00
484 4.8243493076974858e+02 6.6747036556254695e+00
485 4.8137361725395380e+02 6.6600199070993478e+00
486 4.7949544894066509e+02 6.6340346060628201e+00
487 4.7843217406645681e+02 6.6193237212633118e+00
488 4.7656076444541895e+02 6.5934319297655772e+00
489 4.7549555577747032e+02 6.5786942900622991e+00
490 4.7363086062782531e+02 6.5528953962879530e+00
491 4.7256374523919476e+02 6.5381313762488116e+00
492 4.7070572087757563e+02 6.5124247758188787e+00
493 4.6963672571540940e+02 6.4976347482697285e+00
494 4.6778532834079408e+02 6.4720198351774210e+00
495 4.6671448003156831e+02 6.4572041685075030e+00
496 4.6486966643936995e+02 6.4316803449979840e+00
497 4.6379699120353888e+02 6.4168394019790433e+00
498 4.6195871815745022e+02 6.3914060698586095e+00
499 4.6088424215398055e+02 6.3765402124116832e+00
500 4.5905246676104605e+02 6.3511967782370542e+00
501 4.5797621573676076e+02 6.3363063625809870e+00
502 4.5615089517915345e+02 6.3110522339483222e+00
503 4.5507289478142951e+02 6.2961376149260779e+00
504 4.5325398659968869e+02 6.2709722043896940e+00
505 4.5217426198650622e+02 6.2560337300732121e+00
506 4.5036172384938328e+02 6.2309564519612977e+00
507 4.4928030019156068e+02 6.2159944706001395e+00
508 4.4747408998304422e+02 6.1910047422187873e+00
509 4.4639099185314240e+02 6.1760195937853553e+00
510 4.4459106782742742e+02 6.1511168375626273e+00
511 4.4350631979842171e+02 6.1361088620350577e+00
512 4.4171264019074999e+02 6.1112925001367913e+00
513 4.4062626640784299e+02 6.0962620315747920e+00
514 4.3883878989362199e+02 6.0715314922567138e+00
515 4.3775081434588259e+02 6.0564788625598123e+00
516 4.3596949957287376e+02 6.0318335736951543e+00
517 4.3487994591681610e+02 6.0167591101618347e+00
518 4.3310475206391664e+02 5.9921985069723300e+00
519 4.3201364359145953e+02 5.9771025318567368e+00
520 4.3024452980957903e+02 5.9526260491768976e+00
521 4.2915188970226734e+02 5.9375088832061005e+00
522 4.2738881550261277e+02 5.9131159608553139e+00
523 4.2629466656152420e+02 5.8979779194924502e+00
524 4.2453759149940970e+02 5.8736679979003483e+00
525 4.2344195642586317e+02 5.8585093952283485e+00
526 4.2169084041957581e+02 5.8342819198464522e+00
527 4.2059374137914330e+02 5.8191030625359463e+00
528 4.1884854450690187e+02 5.7949574810285087e+00
529 4.1775000369992102e+02 5.7797586762311246e+00
530 4.1601068621594777e+02 5.7556944386974820e+00
531 4.1491072525626572e+02 5.7404759854504910e+00
532 4.1317724778743127e+02 5.7164925471457382e+00
533 4.1207588825565625e+02 5.7012547440265333e+00
534 4.1034821139206275e+02 5.6773515596970574e+00
535 4.0924547452808588e+02 5.6620947005690603e+00
536 4.0752355924061260e+02 5.6382712302294697e+00
537 4.0641946609029384e+02 5.6229956062715916e+00
538 4.0470327336807185e+02 5.5992513101890182e+00
539 4.0359784463601261e+02 5.5839572078587070e+00
540 4.0188733594795980e+02 5.5602915529383452e+00
541 4.0078059203911045e+02 5.5449792545472416e+00
542 3.9907572879784186e+02 5.5213917069153142e+00
543 3.9796768999597379e+02 5.5060614930984926e+00
544 3.9626843397177225e+02 5.4825515238297156e+00
545 3.9515912016015534e+02 5.4672036696811332e+00
546 3.9346543316869162e+02 5.4437707504781834e+00
547 3.9235486417443326e+02 5.4284055303147660e+00
548 3.9066670834720418e+02 5.4050491372499172e+00
549 3.8955490346100726e+02 5.3896668179671892e+00
550 3.8787224110922062e+02 5.3663864295990971e+00
551 3.8675921961432744e+02 5.3509872779893657e+00
552 3.8508201321524649e+02 5.3277823751741362e+00
553 3.8396779388003540e+02 5.3123666509063359e+00
554 3.8229600622917138e+02 5.2892367189031795e+00
555 3.8118060777536022e+02 5.2738046810006720e+00
556 3.7951420163545077e+02 5.2507492046153628e+00
557 3.7839764244495103e+02 5.2353011074001383e+00
558 3.7673658095592987e+02 5.2123195766571255e+00
559 3.7561887921118819e+02 5.1968556716914902e+00
560 3.7396312552985535e+02 5.1739475768485770e+00
561 3.7284429908966393e+02 5.1584681112169308e+00
562 3.7119381681049350e+02 5.1356329485873378e+00
563 3.7007388322466255e+02 5.1201381650991760e+00
564 3.6842863591424560e+02 5.0973754306103478e+00
565 3.6730761260767008e+02 5.0818655703469080e+00
566 3.6566756416390115e+02 5.0591747645100229e+00
567 3.6454546818786997e+02 5.0436500633835353e+00
568 3.6291058250919394e+02 5.0210306867173866e+00
569 3.6178743088540608e+02 5.0054913802306915e+00
570 3.6015767215570656e+02 4.9829429372032426e+00
571 3.5903348138498302e+02 4.9673892536526001e+00
572 3.5740881398346778e+02 4.9449112514342142e+00
573 3.5628360053846421e+02 4.9293434187262033e+00
574 3.5466398895977829e+02 4.9069353660843689e+00
575 3.5353776886595796e+02 4.8913536059384617e+00
576 3.5192317786866715e+02 4.8690150152921303e+00
577 3.5079596711149026e+02 4.8534195488743386e+00
578 3.4918636144249160e+02 4.8311499324810177e+00
579 3.4805817566401612e+02 4.8155409762062300e+00
580 3.4645352041596726e+02 4.7933398511071816e+00
581 3.4532437503416946e+02 4.7777176182900156e+00
582 3.4372463533219616e+02 4.7555845019757106e+00
583 3.4259454549130419e+02 4.7399492021433547e+00
584 3.4099968684103959e+02 4.7178836173687566e+00
585 3.3986866738010167e+02 4.7022354558260995e+00
586 3.3827865522771776e+02 4.6802369245234994e+00
587 3.3714672088743470e+02 4.6645761052147474e+00
588 3.3556152101774347e+02 4.6426441540016734e+00
589 3.3442868614179139e+02 4.6269708753780199e+00
590 3.3284826433889998e+02 4.6051050308622452e+00
591 3.3171454323798753e+02 4.5894194909187629e+00
592 3.3013886555139311e+02 4.5676192833798552e+00
593 3.2900427204035662e+02 4.5519216732510008e+00
594 3.2743330468242186e+02 4.5301866352218418e+00
595 3.2629785255418068e+02 4.5144771457388417e+00
596 3.2473156185144472e+02 4.4928068113319961e+00
597 3.2359526447097835e+02 4.4770856274053363e+00
598 3.2203361696005732e+02 4.4554795336398794e+00
599 3.2089648764721994e+02 4.4397468395557169e+00
600 3.1933944989371201e+02 4.4182045238517027e+00
601 3.1820150162014448e+02 4.4024604990785070e+00
602 3.1664904046751525e+02 4.3809815027004095e+00
603 3.1551028602974304e+02 4.3652263242838503e+00
604 3.1396236836336510e+02 4.3438101890759473e+00
605 3.1282282025228511e+02 4.3280440298331859e+00
606 3.1127941325183872e+02 4.3066903017116323e+00
607 3.1013908376429424e+02 4.2909133317750108e+00
608 3.0860015458862506e+02 4.2696215563677065e+00
609 3.0745905582856102e+02 4.2538339432007319e+00
610 3.0592457186866085e+02 4.2326036693474220e+00
611 3.0478271566419380e+02 4.2168055765973920e+00
612 3.0325264440536915e+02 4.1956363544427075e+00
613 3.0211004241044401e+02 4.1798279433471777e+00
614 3.0058435149626763e+02 4.1587193252254355e+00
615 2.9944101505319247e+02 4.1429007527103252e+00
616 2.9791967231154075e+02 4.1218522935057651e+00
617 2.9677561256633379e+02 4.1060237137812354e+00
618 2.9525858591033409e+02 4.0850349695575812e+00
619 2.9411381378660832e+02 4.0691965337567177e+00
620 2.9260107129423511e+02 4.0482670628584296e+00
621 2.9145559747475329e+02 4.0324189187820467e+00
622 2.8994710732890582e+02 4.0115482810052630e+00
623 2.8880094231053010e+02 3.9956905738821575e+00
624 2.8729667280775055e+02 3.9748783305953199e+00
625 2.8614982682741686e+02 3.9590112020580914e+00
626 2.8464974645990850e+02 3.9382569173366999e+00
627 2.8350222952034869e+02 3.9223805057776300e+00
628 2.8200630683662109e+02 3.9016837444762076e+00
629 2.8085812873963738e+02 3.8857981855076265e+00
630 2.7936633247354803e+02 3.8651585150450676e+00
631 2.7821750279017232e+02 3.8492639410864942e+00
632 2.7672980171780989e+02 3.8286809294659805e+00
633 2.7558032984131711e+02 3.8127774704775876e+00
634 2.7409669290632081e+02 3.7922506880204376e+00
635 2.7294658794380797e+02 3.7763384700029965e+00
636 2.7146698420967880e+02 3.7558674886888705e+00
637 2.7031625510266053e+02 3.7399466353522466e+00
638 2.6884065372374926e+02 3.7195310284177525e+00
639 2.6768930914269566e+02 3.7036016597217891e+00
640 2.6621767944912216e+02 3.6832410028353784e+00
641 2.6506572786672359e+02 3.6673032360035465e+00
642 2.6359803921348794e+02 3.6469971051779004e+00
643 2.6244548892395539e+02 3.6310510549643293e+00
644 2.6098171084282797e+02 3.6107990286578246e+00
645 2.5982856986196913e+02 3.5948448059648093e+00
646 2.5836867193527024e+02 3.5746464633352044e+00
647 2.5721494814011783e+02 3.5586841771450253e+00
648 2.5575890009942896e+02 3.5385390994151735e+00
649 2.5460460106032053e+02 3.5225688544668468e+00
650 2.5315237275055506e+02 3.5024766244275991e+00
651 2.5199750587428881e+02 3.4864985231974992e+00
652 2.5054906722030580e+02 3.4664587247457912e+00
653 2.4939363967445345e+02 3.4504728664004887e+00
654 2.4794896071170956e+02 3.4304850849634225e+00
655 2.4679297949485874e+02 3.4144915663315158e+00
656 2.4535203033316438e+02 3.3945553883649122e+00
657 2.4419550217006315e+02 3.3785543024863074e+00
658 2.4275825306963094e+02 3.3586693165268682e+00
659 2.4160118452501462e+02 3.3426607542276225e+00
660 2.4016760577101914e+02 3.3228265491574107e+00
661 2.3901000314648039e+02 3.3068105976228854e+00
662 2.3758006522218909e+02 3.2870267650646667e+00
663 2.3642193463617980e+02 3.2710035089463876e+00
664 2.3499560798059966e+02 3.2512696399105638e+00
665 2.3383695536102385e+02 3.2352391612237423e+00
666 2.3241421062356474e+02 3.2155548496317352e+00
667 2.3125504164410830e+02 3.1995172268743604e+00
668 2.2983584944879652e+02 3.1798820662963969e+00
669 2.2867616966378654e+02 3.1638373763150747e+00
670 2.2726050079597263e+02 3.1442509625533765e+00
671 2.2610031540684966e+02 3.1281992773123708e+00
672 2.2468814073858098e+02 3.1086612073686477e+00
673 2.2352745487724590e+02 3.0926025978701084e+00
674 2.2211874531326831e+02 3.0731124691984690e+00
675 2.2095756378178575e+02 3.0570470018811151e+00
676 2.1955229038063368e+02 3.0376044140634022e+00
677 2.1839061787038361e+02 3.0215321538345790e+00
678 2.1698875167241519e+02 3.0021367062011586e+00
679 2.1582659261207814e+02 2.9860577143336475e+00
680 2.1442810482450642e+02 2.9667090085233969e+00
681 2.1326546346724473e+02 2.9506233438616070e+00
682 2.1187032529137804e+02 2.9313209814317096e+00
683 2.1070720564710078e+02 2.9152286994545316e+00
684 2.0931538844723931e+02 2.8959722842172373e+00
685 2.0815179435419120e+02 2.8798734380285076e+00
686 2.0676326944745827e+02 2.8606625731433515e+00
687 2.0559920454544385e+02 2.8445572131013996e+00
688 2.0421394342954815e+02 2.8253915042263977e+00
689 2.0304941108775245e+02 2.8092796769454091e+00
690 2.0166738525313585e+02 2.7901587296380366e+00
691 2.0050238874079545e+02 2.7740404803493659e+00
692 1.9912356975946253e+02 2.7549639012955556e+00
693 1.9795811203193287e+02 2.7388392708878708e+00
694 1.9658247157521231e+02 2.7198066681477484e+00
695 1.9541655545231035e+02 2.7036756956344821e+00
696 1.9404406522577756e+02 2.6846866777419924e+00
697 1.9287769333558668e+02 2.6685493994838572e+00
698 1.9150832525564593e+02 2.6496035778898572e+00
699 1.9034150044235994e+02 2.6334600332375491e+00
700 1.8897522750913566e+02 2.6145570343866500e+00
701 1.8780795528118162e+02 2.5984072995517287e+00
702 1.8644475834175475e+02 2.5795468584547043e+00
703 1.8527706406177936e+02 2.5633912843407631e+00
704 1.8391697428830497e+02 2.5445738322783606e+00
705 1.8274900619043896e+02 2.5284144697710862e+00
706 1.8139234607570125e+02 2.5096444685756238e+00
707 1.8022492187709406e+02 2.4934926311585524e+00
708 1.7887350100026771e+02 2.4747951171695695e+00
709 1.7771064023498357e+02 2.4587064168993771e+00
710 1.7637290606452959e+02 2.4401982646320075e+00
711 1.7523193115532462e+02 2.4244123649972193e+00
712 1.7394189866269366e+02 2.4065641868383514e+00
713 1.7288744054500785e+02 2.3919752858199455e+00
714 1.7176261176761273e+02 2.3764127751608339e+00
715 1.7100033067241387e+02 2.3658662742998371e+00
716 1.7038368986985498e+02 2.3573347722121243e+00
717 1.7046154954706572e+02 2.3584119957690404e+00
718 1.7118245450394841e+02 2.3683860391978317e+00
719 1.7329606918086535e+02 2.3976288462808339e+00
720 1.7697318182940015e+02 2.4485033490830279e+00
721 1.8318501404447002e+02 2.5344468339959136e+00
722 1.9222031551586434e+02 2.6594542824917542e+00
723 2.0500909445241311e+02 2.8363927752799318e+00
724 2.2133038988576268e+02 3.0622052182547863e+00
725 2.4098495920356888e+02 3.3341350005074677e+00
726 2.6149492964905119e+02 3.6178996410379609e+00
727 2.7961444570716992e+02 3.8685912729194252e+00
728 2.8993145354038779e+02 4.0113317038198613e+00
729 2.8919292285342743e+02 4.0011138005097076e+00
730 2.7684028456256692e+02 3.8302095091784967e+00
731 2.5804592577505093e+02 3.5701811254459730e+00
732 2.3927389810292146e+02 3.3104617027110845e+00
733 2.2720072195937215e+02 3.1434238955361735e+00
734 2.2485735948802156e+02 3.1110024246675052e+00
735 2.3276040053661367e+02 3.2203445423566825e+00
736 2.4648145366731762e+02 3.4101814667775869e+00
737 2.5856469445644530e+02 3.5773585228384093e+00
738 2.6024233697166972e+02 3.6005694595160969e+00
739 2.5021722409315731e+02 3.4618675262387963e+00
740 2.3497745503507892e+02 3.2510184857670730e+00
741 2.2477896540932025e+02 3.1099178074262701e+00
742 2.2495805692191627e+02 3.1123956188316524e+00
743 2.3489211901354096e+02 3.2498378236329959e+00
744 2.4612620007578832e+02 3.4052663739954965e+00
745 2.4866702612797778e+02 3.4404198420741823e+00
746 2.3914328964155678e+02 3.3086546760657800e+00
747 2.2642790342524299e+02 3.1327316044811773e+00
748 2.2081328693869759e+02 3.0550508670439336e+00
749 2.2648801622211693e+02 3.1335632919885561e+00
750 2.3708693239847918e+02 3.2802040512618462e+00
751 2.4134343708733115e+02 3.3390947028188056e+00
752 2.3346302929037688e+02 3.2300657263178190e+00
753 2.2206205070663754e+02 3.0723280738862790e+00
754 2.1825006920009218e+02 3.0195875999402526e+00
755 2.2526678055997530e+02 3.1166669488372198e+00
756 2.3415178641876807e+02 3.2395949901200392e+00
757 2.3355674929398307e+02 3.2313623846043105e+00
758 2.2322789020863164e+02 3.0884579863149177e+00
759 2.1572056360248098e+02 2.9845907554282647e+00
760 2.1873649434107500e+02 3.0263175099439206e+00
761 2.2783921103508118e+02 3.1522576782826097e+00
762 2.2979596556440046e+02 3.1793302548665028e+00
763 2.2130581276265454e+02 3.0618651827329120e+00
764 2.1321713975192617e+02 2.9499547635853496e+00
765 2.1561186150387630e+02 2.9830868131374912e+00
766 2.2389458152343641e+02 3.0976819596889045e+00
767 2.2537816575373884e+02 3.1182080129529748e+00
768 2.1668758159359260e+02 2.9979698830756547e+00
769 2.1036954827653372e+02 2.9105570582819555e+00
770 2.1427307728182990e+02 2.9645641329353571e+00
771 2.2175006115655626e+02 3.0680115585230117e+00
772 2.1975400321746417e+02 3.0403952016359996e+00
773 2.1091216133104598e+02 2.9180643532714878e+00
774 2.0816624418012330e+02 2.8800733578515154e+00
775 2.1485853400288897e+02 2.9726641892684018e+00
776 2.1880735799676970e+02 3.0272979404052092e+00
777 2.1249541304381890e+02 2.9399693508597831e+00
778 2.0565795191405886e+02 2.8453700092963752e+00
779 2.0880235655280731e+02 2.8888742578455684e+00
780 2.1523449222323219e+02 2.9778657398768611e+00
781 2.1271919328067216e+02 2.9430654508096725e+00
782 2.0467097589495035e+02 2.8317147533797957e+00
783 2.0452582299781511e+02 2.8297064979419333e+00
784 2.1109726592642738e+02 2.9206253583742776e+00
785 2.1144690839191725e+02 2.9254628187108320e+00
786 2.0371755835616850e+02 2.8185237940906518e+00
787 2.0151748077617438e+02 2.7880847339620334e+00
788 2.0744490030880101e+02 2.8700932418445841e+00
789 2.0930222561082888e+02 2.8957901704715203e+00
790 2.0221529242249827e+02 2.7977392710811109e+00
791 1.9914803880750117e+02 2.7553024415503677e+00
792 2.0453374102295695e+02 2.8298160473712732e+00
793 2.0678940181583243e+02 2.8610241261810616e+00
794 2.0008687221266226e+02 2.7682916228093899e+00
795 1.9708162632241419e+02 2.7267126979631171e+00
796 2.0230160909130325e+02 2.7989335009099805e+00
797 2.0409142495601751e+02 2.8236964061914112e+00
798 1.9744099262384836e+02 2.7316846919314313e+00
799 1.9527427121074126e+02 2.7017071293330663e+00
800 2.0058645248922898e+02 2.7752035400143855e+00
801 2.0113790503523526e+02 2.7828331333335492e+00
802 1.9447587329504682e+02 2.6906609360608948e+00
803 1.9386618116155267e+02 2.6822255719264065e+00
804 1.9912921824454961e+02 2.7550420506202724e+00
805 1.9774636983599737e+02 2.7359097226335480e+00
806 1.9151877695210030e+02 2.6497481817982433e+00
807 1.9302883926535532e+02 2.6706405712162811e+00
808 1.9749764928547719e+02 2.7324685622575000e+00
809 1.9382743208769591e+02 2.6816894611093245e+00
810 1.8906495636815450e+02 2.6157984733976116e+00
811 1.9273608972578532e+02 2.6665902500282344e+00
812 1.9509960314128867e+02 2.6992905182476377e+00
813 1.8964585715661806e+02 2.6238354963597073e+00
814 1.8766189944997078e+02 2.5963865516159337e+00
815 1.9249059524160745e+02 2.6631937237270327e+00
816 1.9147549966946499e+02 2.6491494211816553e+00
817 1.8597753774899718e+02 2.5730826519896239e+00
818 1.8752118522359839e+02 2.5944397071789695e+00
819 1.9125910368516574e+02 2.6461554856779381e+00
820 1.8687288076173004e+02 2.5854701241624856e+00
821 1.8385952205769004e+02 2.5437789548985292e+00
822 1.8795278362421516e+02 2.6004110646380210e+00
823 1.8807096737445340e+02 2.6020461898319867e+00
824 1.8260339886070130e+02 2.5263999270543405e+00
825 1.8375403988504004e+02 2.5423195617275853e+00
826 1.8722812235381610e+02 2.5903850509268969e+00
827 1.8326005477583450e+02 2.5354850561726541e+00
828 1.8041173202161619e+02 2.4960772332987005e+00
829 1.8449883380359029e+02 2.5526241196560564e+00
830 1.8385432651862530e+02 2.5437070722851933e+00
831 1.7899595061276810e+02 2.4764892624813157e+00
832 1.8077088144209554e+02 2.5010462266217264e+00
833 1.8342789125669663e+02 2.5378071491657344e+00
834 1.7878967551753976e+02 2.4736353540174565e+00
835 1.7761587325304529e+02 2.4573952731980557e+00
836 1.8142430040807898e+02 2.5100865710966711e+00
837 1.7914833003314217e+02 2.4785975001095282e+00
838 1.7538063992921141e+02 2.4264698175848709e+00
839 1.7865255655513485e+02 2.4717382516700801e+00
840 1.7896051214617808e+02 2.4759989554006885e+00
841 1.7433117028405374e+02 2.4119499343213908e+00
842 1.7555548339017446e+02 2.4288888552905159e+00
843 1.7811079613158549e+02 2.4642427532123534e+00
844 1.7380497447291580e+02 2.4046697792576324e+00
845 1.7295277232814044e+02 2.3928791803431051e+00
846 1.7634168433969560e+02 2.4397662980649271e+00
847 1.7361837351980049e+02 2.4020880713744268e+00
848 1.7079234650800910e+02 2.3629887200973467e+00
849 1.7420285853373991e+02 2.4101746837036275e+00
850 1.7314488368942554e+02 2.3955371271949444e+00
851 1.6932446592264540e+02 2.3426799338046211e+00
852 1.7173563967694903e+02 2.3760396041886045e+00
853 1.7247239790356181e+02 2.3862329847148405e+00
854 1.6813431390211304e+02 2.3262136467770160e+00
855 1.6945412394258767e+02 2.3444738106665408e+00
856 1.7130154095281929e+02 2.3700336536322713e+00
857 1.6730464531814164e+02 2.3147348097832774e+00
858 1.6722740230050411e+02 2.3136661179881495e+00
859 1.6996228612816637e+02 2.3515044624319943e+00
860 1.6642340749895769e+02 2.3025424892898223e+00
861 1.6535885894794617e+02 2.2878139826004538e+00
862 1.6829402631477637e+02 2.3284233396426464e+00
863 1.6564183761299523e+02 2.2917291193569347e+00
864 1.6357642135521041e+02 2.2631531590212512e+00
865 1.6665529781988374e+02 2.3057507958905070e+00
866 1.6465060802850556e+02 2.2780150134554384e+00
867 1.6208749135269278e+02 2.2425531446008233e+00
868 1.6486862365823868e+02 2.2810313574801993e+00
869 1.6368058035837169e+02 2.2645942455488322e+00
870 1.6059411045826272e+02 2.2218915500944112e+00
871 1.6323722591223023e+02 2.2584602379269620e+00
872 1.6248828225193174e+02 2.2480982664601035e+00
873 1.5929449021664254e+02 2.2039107211278472e+00
874 1.6154288028042899e+02 2.2350182061395198e+00
875 1.6133284222631985e+02 2.2321122354517304e+00
876 1.5791387600657271e+02 2.1848093042792405e+00
877 1.6004275074474725e+02 2.2142632411543963e+00
878 1.5999069081018118e+02 2.2135429686090289e+00
879 1.5666492737080006e+02 2.1675295397075107e+00
880 1.5850011888758618e+02 2.1929202374878738e+00
881 1.5871506813406825e+02 2.1958941567249792e+00
882 1.5530103520194811e+02 2.1486594797995560e+00
883 1.5714936442146711e+02 2.1742319435899340e+00
884 1.5728203544057510e+02 2.1760675066467439e+00
885 1.5404669301101833e+02 2.1313050929730348e+00
886 1.5575257001734437e+02 2.1549066664992398e+00
887 1.5592865048104957e+02 2.1573428186926602e+00
888 1.5267704426322348e+02 2.1123553882133841e+00
889 1.5453289826618001e+02 2.1380319607577407e+00
890 1.5442814294376890e+02 2.1365826238858689e+00
891 1.5142260126999579e+02 2.0949996067418581e+00
892 1.5325569143962881e+02 2.1203612314418328e+00
893 1.5300338934462633e+02 2.1168705187914281e+00
894 1.5007509886653719e+02 2.0763563065894859e+00
895 1.5213346126241407e+02 2.1048346735817769e+00
896 1.5143035433124908e+02 2.0951068738218082e+00
897 1.4886723958824794e+02 2.0596450317085089e+00
898 1.5093118518358054e+02 2.0882006447695241e+00
899 1.4992560935604035e+02 2.0742880521606475e+00
900 1.4760286680755556e+02 2.0421518671735623e+00
901 1.4984612523507138e+02 2.0731883536957185e+00
902 1.4827807840596736e+02 2.0514937224928884e+00
903 1.4651143728995075e+02 2.0270514502543504e+00
904 1.4863807189878111e+02 2.0564743939352557e+00
905 1.4670964048495182e+02 2.0297936803580443e+00
906 1.4539955510448505e+02 2.0116680615015681e+00
907 1.4748729445420622e+02 2.0405528718268546e+00
908 1.4503411257776057e+02 2.0066120002309691e+00
909 1.4448076502797102e+02 1.9989561886844904e+00
910 1.4615238077716774e+02 2.0220837423509757e+00
911 1.4348843696835743e+02 1.9852268848869516e+00
912 1.4354621071186699e+02 1.9860262105418893e+00
913 1.4480903271941096e+02 2.0034979194347535e+00
914 1.4191510763629000e+02 1.9634591678862412e+00
915 1.4277345953300201e+02 1.9753348513771845e+00
916 1.4323803333487749e+02 1.9817624383032357e+00
917 1.4056047189503954e+02 1.9447171748059748e+00
918 1.4191836219181570e+02 1.9635041961217177e+00
919 1.4164257367709004e+02 1.9596885383199871e+00
920 1.3927531106762200e+02 1.9269363983204417e+00
921 1.4111185731480063e+02 1.9523458394034279e+00
922 1.3986215059754397e+02 1.9350555864343413e+00
923 1.3828066637775001e+02 1.9131750429041905e+00
924 1.4008226518353109e+02 1.9381009704603291e+00
925 1.3815608594947466e+02 1.9114514168004544e+00
926 1.3738516799950142e+02 1.9007854211797319e+00
927 1.3894962492303313e+02 1.9224303844287747e+00
928 1.3643029185853877e+02 1.8875742814751844e+00
929 1.3673023781321848e+02 1.8917241682941102e+00
930 1.3748424641343456e+02 1.9021562154765255e+00
931 1.3497338052130709e+02 1.8674172596504448e+00
932 1.3603545990598934e+02 1.8821116043161434e+00
933 1.3588660532537284e+02 1.8800521344269869e+00
934 1.3368907178635888e+02 1.8496482722464174e+00
935 1.3535070729845447e+02 1.8726377448561338e+00
936 1.3405859396577131e+02 1.8547607773418164e+00
937 1.3279267664153161e+02 1.8372462433541126e+00
938 1.3435417953723805e+02 1.8588503363032112e+00
939 1.3232506515794645e+02 1.8307766287391047e+00
940 1.3206473157042379e+02 1.8271747967872867e+00
941 1.3312750710909731e+02 1.8418787730557029e+00
942 1.3068293684327261e+02 1.8080570469553578e+00
943 1.3154899559445522e+02 1.8200393582346874e+00
944 1.3149241544907159e+02 1.8192565465451909e+00
945 1.2944969468642918e+02 1.7909945885645018e+00
946 1.3087156304068137e+02 1.8106667750017538e+00
947 1.2974101416348361e+02 1.7950251241962141e+00
948 1.2851177223318444e+02 1.7780180107338353e+00
949 1.2999757170034550e+02 1.7985747127934537e+00
950 1.2792080611911871e+02 1.7698417294773938e+00
951 1.2796161220656573e+02 1.7704063000001373e+00
952 1.2863652358513195e+02 1.7797440016432409e+00
953 1.2643973166951473e+02 1.7493504001550084e+00
954 1.2742232524643889e+02 1.7629450230182935e+00
955 1.2699872973322384e+02 1.7570843890960113e+00
956 1.2529882133588643e+02 1.7335653939522875e+00
957 1.2677557754494569e+02 1.7539969784798595e+00
958 1.2513961739473901e+02 1.7313627360181465e+00
959 1.2465948592358727e+02 1.7247199017595161e+00
960 1.2562954555606649e+02 1.7381411118795063e+00
961 1.2353136033322127e+02 1.7091117782142200e+00
962 1.2416368591030366e+02 1.7178602861926187e+00
963 1.2410776703496093e+02 1.7170866234707400e+00
964 1.2227422543782654e+02 1.6917187530688036e+00
965 1.2363283430269111e+02 1.7105157160963516e+00
966 1.2226322534535853e+02 1.6915665618555942e+00
967 1.2158609719991233e+02 1.6821981902484109e+00
968 1.2259882188230739e+02 1.6962096904707085e+00
969 1.2061847400273621e+02 1.6688106893036629e+00
970 1.2111553317844013e+02 1.6756877259474225e+00
971 1.2112817060135362e+02 1.6758625703617434e+00
972 1.1934837014482609e+02 1.6512382327448265e+00
973 1.2062428295774092e+02 1.6688910588016663e+00
974 1.1929777631022061e+02 1.6505382443500092e+00
975 1.1868899552717754e+02 1.6421154891577832e+00
976 1.1959521798908006e+02 1.6546534833897089e+00
977 1.1768471975354062e+02 1.6282208833777765e+00
978 1.1825473162856522e+02 1.6361072533383971e+00
979 1.1809338156504747e+02 1.6338749028386541e+00
980 1.1650523225031661e+02 1.6119021447305302e+00
981 1.1773487082779771e+02 1.6289147459845807e+00
982 1.1627175662405280e+02 1.6086719047194349e+00
983 1.1595112542483137e+02 1.6042358282642408e+00
984 1.1660418813649916e+02 1.6132712438009364e+00
985 1.1476720412966976e+02 1.5878557461168319e+00
986 1.1554512906070799e+02 1.5986186864634571e+00
987 1.1500798526885788e+02 1.5911870611760053e+00
988 1.1378003135640817e+02 1.5741977680182935e+00
989 1.1490411877175916e+02 1.5897500216009985e+00
990 1.1323118077139955e+02 1.5666041739966001e+00
991 1.1337115141864749e+02 1.5685407306828572e+00
992 1.1357446242622393e+02 1.5713536296645585e+00
993 1.1194255500980458e+02 1.5487754585925819e+00
994 1.1292328286113573e+02 1.5623442683054465e+00
995 1.1188254254205708e+02 1.5479451591836684e+00
996 1.1122601915309932e+02 1.5388618636244349e+00
997 1.1203643858966431e+02 1.5500743800299106e+00
998 1.1026127745687100e+02 1.5255142295377506e+00
999 1.1091790646669935e+02 1.5345989864091032e+00
1000 1.1046280985427896e+02 1.5283025206500040e+00
1001 1.0931071052016297e+02 1.5123627096068899e+00
1002 1.1027517390553848e+02 1.5257064931380937e+00
1003 1.0878448925412685e+02 1.5050822023631980e+00
1004 1.0885948747566957e+02 1.5061198363974870e+00
1005 1.0903476375615757e+02 1.5085448623553941e+00
1006 1.0749465632124553e+02 1.4872367852029758e+00
1007 1.0847935700425381e+02 1.5008605608240433e+00
1008 1.0730337525821531e+02 1.4845903258999094e+00
1009 1.0694014043415430e+02 1.4795648091858893e+00
1010 1.0745349093423749e+02 1.4866672436096475e+00
1011 1.0586961812871075e+02 1.4647536529245222e+00
1012 1.0658452939143606e+02 1.4746447709062711e+00
1013 1.0588749890059648e+02 1.4650010414236938e+00
1014 1.0505676281627784e+02 1.4535074350838408e+00
1015 1.0586018802079847e+02 1.4646231831518326e+00
1016 1.0426777047371067e+02 1.4425913721346033e+00
1017 1.0476413690167176e+02 1.4494588243026201e+00
1018 1.0438549268651859e+02 1.4442201117512055e+00
1019 1.0332813331357477e+02 1.4295910705649935e+00
1020 1.0416156061614959e+02 1.4411219111165230e+00
1021 1.0277119772637815e+02 1.4218856169116314e+00
1022 1.0292598593790112e+02 1.4240271812458136e+00
1023 1.0290964290069056e+02 1.4238010679955990e+00
1024 1.0161856209258252e+02 1.4059383859219010e+00
1025 1.0250653120306139e+02 1.4182238368496334e+00
1026 1.0123540928535701e+02 1.4006372949769090e+00
1027 1.0120112862827271e+02 1.4001630067101107e+00
1028 1.0134790864757036e+02 1.4021937741129096e+00
1029 1.0002457385117924e+02 1.3838848436443074e+00
1030 1.0080163416459980e+02 1.3946358216183821e+00
1031 9.9759222374767162e+01 1.3802135869490111e+00
1032 9.9476337742226491e+01 1.3762997511744606e+00
1033 9.9824910009087432e+01 1.3811224048329636e+00
1034 9.8415943646280311e+01 1.3616287232343347e+00
1035 9.9176274849670719e+01 1.3721482464675687e+00
1036 9.8223443664471418e+01 1.3589653996432391e+00
1037 9.7860258387130941e+01 1.3539405684303210e+00
1038 9.8239885301378749e+01 1.3591928770644837e+00
1039 9.6890005893120318e+01 1.3405166899845387e+00
1040 9.7528407905169999e+01 1.3493492681661969e+00
1041 9.6735239403920986e+01 1.3383754261884475e+00
1042 9.6238252612795279e+01 1.3314993910177944e+00
1043 9.6710481148260968e+01 1.3380328846164737e+00
1044 9.5331235861262769e+01 1.3189504074325717e+00
1045 9.5970266063184525e+01 1.3277916769028746e+00
1046 9.5188996458093371e+01 1.3169824614905274e+00
1047 9.4711811922585483e+01 1.3103803994083301e+00
1048 9.5136346943939770e+01 1.3162540318471199e+00
1049 9.3840100825523365e+01 1.2983198853884887e+00
1050 9.4397115392175820e+01 1.3060264317580472e+00
1051 9.3690569574670263e+01 1.2962510534630993e+00
1052 9.3173529274067690e+01 1.2890975689941548e+00
1053 9.3623850566590349e+01 1.2953279660605761e+00
1054 9.2313655909792644e+01 1.2772008353170472e+00
1055 9.2910319007898423e+01 1.2854559369029732e+00
1056 9.2141117203946337e+01 1.2748136849322032e+00
1057 9.1722434258090487e+01 1.2690210185827884e+00
1058 9.2072298831677699e+01 1.2738615518844929e+00
1059 9.0852976764765515e+01 1.2569916841814681e+00
1060 9.1406571089421277e+01 1.2646509099689078e+00
1061 9.0641934313837652e+01 1.2540718172131853e+00
1062 9.0258967793580510e+01 1.2487733036319568e+00
1063 9.0578291629259894e+01 1.2531912921261499e+00
1064 8.9364770954665630e+01 1.2364016892879648e+00
1065 8.9978991499580104e+01 1.2448997060255993e+00
1066 8.9100021573135223e+01 1.2327387628454163e+00
1067 8.8878864190028253e+01 1.2296789512535453e+00
1068 8.9043009894538656e+01 1.2319499807003615e+00
1069 8.7948837798964917e+01 1.2168116189848102e+00
1070 8.8526218461264833e+01 1.2247999394225357e+00
1071 8.7613387784227882e+01 1.2121705175702164e+00
1072 8.7487401998102200e+01 1.2104274477102703e+00
1073 8.7556548919048595e+01 1.2113841263763026e+00
1074 8.6519279042988785e+01 1.1970330323903016e+00
1075 8.7133272056992780e+01 1.2055279011357343e+00
1076 8.6096880826957204e+01 1.1911889636115811e+00
1077 8.6173592472353533e+01 1.1922503036334136e+00
1078 8.6025737332577265e+01 1.1902046614565649e+00
1079 8.5172481330142972e+01 1.1783994819486350e+00
1080 8.5700576235027413e+01 1.1857059118261841e+00
1081 8.4647842597520636e+01 1.1711408697645427e+00
1082 8.4842859789816174e+01 1.1738390200917754e+00
1083 8.4539241810707949e+01 1.1696383291678536e+00
1084 8.3826050555825759e+01 1.1597710082660961e+00
1085 8.4306484923272706e+01 1.1664180332308303e+00
1086 8.3190352111588140e+01 1.1509758351577597e+00
1087 8.3573292531054321e+01 1.1562739876228381e+00
1088 8.3015117710053602e+01 1.1485513886139580e+00
1089 8.2567973931175246e+01 1.1423649538740284e+00
1090 8.2856668767691517e+01 1.1463591764266550e+00
1091 8.1820954236247161e+01 1.1320296013310334e+00
1092 8.2266946378813969e+01 1.1382001026660449e+00
1093 8.1546624257574052e+01 1.1282341230297928e+00
1094 8.1311947194300245e+01 1.1249872605987790e+00
1095 8.1429643063284999e+01 1.1266156357367714e+00
1096 8.0468966146436912e+01 1.1133242396960039e+00
1097 8.0990634202927779e+01 1.1205417512433684e+00
1098 8.0067206053372161e+01 1.1077657086054276e+00
1099 8.0129738877281625e+01 1.1086308782723069e+00
1100 7.9945952043592868e+01 1.1060881049935958e+00
1101 7.9222558019391215e+01 1.0960796242020154e+00
1102 7.9647425652214764e+01 1.1019578584696701e+00
1103 7.8675596745340414e+01 1.0885121696448437e+00
1104 7.8923822679697182e+01 1.0919464867844184e+00
1105 7.8495621652370090e+01 1.0860221335086671e+00
1106 7.8003665190728427e+01 1.0792156952026990e+00
1107 7.8303958851865190e+01 1.0833703926964162e+00
1108 7.7314701317471389e+01 1.0696835709925279e+00
1109 7.7747289614096019e+01 1.0756686241068498e+00
1110 7.7023223003686795e+01 1.0656508377834100e+00
1111 7.6877545942016823e+01 1.0636353302941040e+00
1112 7.6882019288532931e+01 1.0636972210496018e+00
1113 7.6075408293260224e+01 1.0525373961376201e+00
1114 7.6497516039964992e+01 1.0583774461429187e+00
1115 7.5633022200948702e+01 1.0464167861253264e+00
1116 7.5744809691587719e+01 1.0479634161987974e+00
1117 7.5469239783700658e+01 1.0441507829207315e+00
1118 7.4888089921332167e+01 1.0361103139094432e+00
1119 7.5227332502369592e+01 1.0408038871798975e+00
1120 7.4284065653067614e+01 1.0277533672326362e+00
1121 7.4642320852129430e+01 1.0327099886012616e+00
1122 7.4023562665737842e+01 1.0241491915585050e+00
1123 7.3810376585598178e+01 1.0211996665185867e+00
1124 7.3859725229794350e+01 1.0218824271455811e+00
1125 7.3071348675663700e+01 1.0109748839055650e+00
1126 7.3459405354063136e+01 1.0163438221078005e+00
1127 7.2657952687360932e+01 1.0052553649852769e+00
1128 7.2737386193904868e+01 1.0063543631769336e+00
1129 7.2483060760334581e+01 1.0028356567299075e+00
1130 7.1931277170918833e+01 9.9520148327668956e-01
1131 7.2236062740889224e+01 9.9941832834389344e-01
1132 7.1348451482543268e+01 9.8713782846092857e-01
1133 7.1687027162431050e+01 9.9182217485484969e-01
1134 7.1072824162926267e+01 9.8332440086582784e-01
1135 7.0909079330118331e+01 9.8105891765881992e-01
1136 7.0901190171784492e+01 9.8094976761471619e-01
1137 7.0191409129915201e+01 9.7112962853958829e-01
1138 7.0540665659323452e+01 9.7596174927734836e-01
1139 6.9753435889373108e+01 9.6507007231083830e-01
1140 6.9888140609333576e+01 9.6693377253112611e-01
1141 6.9551967056970057e+01 9.6228266064893886e-01
1142 6.9121157092483031e+01 9.5632221155738284e-01
1143 6.9332282870286875e+01 9.5924323139036971e-01
1144 6.8514722610254324e+01 9.4793191848931901e-01
1145 6.8865558633375159e+01 9.5278589223104904e-01
1146 6.8187612640447483e+01 9.4340620533712749e-01
1147 6.8160632255913640e+01 9.4303291961548441e-01
1148 6.8008669429092564e+01 9.4093044574593376e-01
1149 6.7444391226752984e+01 9.3312340371865710e-01
1150 6.7720929825798365e+01 9.3694943927338914e-01
1151 6.6943311354331044e+01 9.2619073893238502e-01
1152 6.7174575937813060e+01 9.2939038817486663e-01
1153 6.6688123965101724e+01 9.2266010694219980e-01
1154 6.6459316239841257e+01 9.1949444943519743e-01
1155 6.6498450230548613e+01 9.2003588574955564e-01
1156 6.5810730553209609e+01 9.1052097554797440e-01
1157 6.6144042945093517e+01 9.1513250199159879e-01
1158 6.5396483087349566e+01 9.0478967605376492e-01
1159 6.5548092035430471e+01 9.0688725385221858e-01
1160 6.5181313362954725e+01 9.0181270640584443e-01
1161 6.4849061832783192e+01 8.9721585745984322e-01
1162 6.4965657739418234e+01 8.9882901412535698e-01
1163 6.4267750101092432e+01 8.8917314891387744e-01
1164 6.4557854576253888e+01 8.9318687444943079e-01
1165 6.3917612005450366e+01 8.8432883131186024e-01
1166 6.3938572913532774e+01 8.8461883487685844e-01
1167 6.3720021097798643e+01 8.8159507247827618e-01
1168 6.3269722089046446e+01 8.7536498371781435e-01
1169 6.3475520650050569e+01 8.7821229911693965e-01
1170 6.2747301326614959e+01 8.6813705814614728e-01
1171 6.3031077683574019e+01 8.7206323132799490e-01
1172 6.2441430555347075e+01 8.6390519883224293e-01
1173 6.2407060923745767e+01 8.6342967956309358e-01
1174 6.2248864901291675e+01 8.6124096663616068e-01
1175 6.1771801871597532e+01 8.5464058564139600e-01
1176 6.1980582864898174e+01 8.5752916432906579e-01
1177 6.1295511757072859e+01 8.4805089827467961e-01
1178 6.1516081654424411e+01 8.5110258173761688e-01
1179 6.1017688915288872e+01 8.4420709464563259e-01
1180 6.0899767639806626e+01 8.4257560090764483e-01
1181 6.0824288769879871e+01 8.4153131688737559e-01
1182 6.0296453115329626e+01 8.3422847385448273e-01
1183 6.0540524670155406e+01 8.3760531328986632e-01
1184 5.9853966865424020e+01 8.2810647811695071e-01
1185 6.0069761174437922e+01 8.3109208917322330e-01
1186 5.9592773897121766e+01 8.2449275624658558e-01
1187 5.9467877876549274e+01 8.2276476378186469e-01
1188 5.9397547311905164e+01 8.2179170887437025e-01
1189 5.8891162218977307e+01 8.1478564398282749e-01
1190 5.9107892029518297e+01 8.1778419812233150e-01
1191 5.8470543438673950e+01 8.0896619449554419e-01
1192 5.8642420612835238e+01 8.1134419229280663e-01
1193 5.8217311983899158e+01 8.0546262373584032e-01
1194 5.8059178899711249e+01 8.0327478158804999e-01
1195 5.8021135244403546e+01 8.0274843055299838e-01
1196 5.7503679077953862e+01 7.9558919239352932e-01
1197 5.7734365635527219e+01 7.9878084438830044e-01
1198 5.7095293952805655e+01 7.8993900101252668e-01
1199 5.7283171205083661e+01 7.9253836706711156e-01
1200 5.6843892657259801e+01 7.8646075132664361e-01
1201 5.6720740116880172e+01 7.8475688069240102e-01
1202 5.6648501013987406e+01 7.8375742030219231e-01
1203 5.6180852661443382e+01 7.7728729558860143e-01
1204 5.6372420843256371e+01 7.7993772730880984e-01
1205 5.5776042565709204e+01 7.7168656634306387e-01
1206 5.5943357436036990e+01 7.7400144262044190e-01
1207 5.5520834301809671e+01 7.6815564554245330e-01
1208 5.5404392077926595e+01 7.6654461514674488e-01
1209 5.5326893831300993e+01 7.6547239214408813e-01
1210 5.4876663791539841e+01 7.5924325760055222e-01
1211 5.5067251260684628e+01 7.6188012072111322e-01
1212 5.4469001537913840e+01 7.5360306747129180e-01
1213 5.4666764953634065e+01 7.5633921303137930e-01
1214 5.4205013042404261e+01 7.4995066822812462e-01
1215 5.4154174890954792e+01 7.4924729960018632e-01
1216 5.4011937065689985e+01 7.4727937548915979e-01
1217 5.3636573254962002e+01 7.4208604880434026e-01
1218 5.3772586123485667e+01 7.4396784784674896e-01
1219 5.3220727567718647e+01 7.3633263720043629e-01
1220 5.3406570984812795e+01 7.3890386423300836e-01
1221 5.2942397876516651e+01 7.3248182108235182e-01
1222 5.2925076906401472e+01 7.3224217769176592e-01
1223 5.2747147627065182e+01 7.2978044630483285e-01
1224 5.2418861076116606e+01 7.2523845462480896e-01
1225 5.2528977206010047e+01 7.2676196067270304e-01
1226 5.1992219418426906e+01 7.1933567592742087e-01
1227 5.2201799729072384e+01 7.2223531352907733e-01
1228 5.1694469990931687e+01 7.1521617904730950e-01
1229 5.1756968496491737e+01 7.1608087390443187e-01
1230 5.1492062286573749e+01 7.1241577767079833e-01
1231 5.1265824777582125e+01 7.0928568025870464e-01
1232 5.1293022499946254e+01 7.0966197294671307e-01
1233 5.0827947399790482e+01 7.0322745033410472e-01
1234 5.1007379148123604e+01 7.0570996905351713e-01
1235 5.0505928621153849e+01 6.9877217609532494e-01
1236 5.0605949931370610e+01 7.0015601578512321e-01
1237 5.0289063795491955e+01 6.9577175396106428e-01
1238 5.0137238323234989e+01 6.9367118045351639e-01
1239 5.0103198349487315e+01 6.9320022214863486e-01
1240 4.9691842503705701e+01 6.8750892951520015e-01
1241 4.9858436721046097e+01 6.8981383523526030e-01
1242 4.9343066470009298e+01 6.8268345665113217e-01
1243 4.9506348065864373e+01 6.8494253076711975e-01
1244 4.9103766486547961e+01 6.7937263404578718e-01
1245 4.9069581299108357e+01 6.7889966664434453e-01
1246 4.8921777940144665e+01 6.7685474087826325e-01
1247 4.8624064969031870e+01 6.7273574838855466e-01
1248 4.8713231756124507e+01 6.7396941088230899e-01
1249 4.8248968977559478e+01 6.6754612710326233e-01
1250 4.8414464122549496e+01 6.6983582666438368e-01
1251 4.7979486955114105e+01 6.6381772245090520e-01
1252 4.8020945402025063e+01 6.6439131865943768e-01
1253 4.7788930570690574e+01 6.6118128940140541e-01
1254 4.7587604329662817e+01 6.5839585055514027e-01
1255 4.7606581408903502e+01 6.5865840695829869e-01
1256 4.7192132707673665e+01 6.5292432328248728e-01
1257 4.7360367092605671e+01 6.5525192145684819e-01
1258 4.6888027877413641e+01 6.4871689655451115e-01
1259 4.7020085126934319e+01 6.5054396783378432e-01
1260 4.6675727293411001e+01 6.4577962275082357e-01
1261 4.6614181584174275e+01 6.4492811025819585e-01
1262 4.6504833795018193e+01 6.4341523454902994e-01
1263 4.6209851536600652e+01 6.3933402269427742e-01
1264 4.6304156857076855e+01 6.4063877910219980e-01
1265 4.5871767568723754e+01 6.3465647935657643e-01
1266 4.6023280279970258e+01 6.3675272567526064e-01
1267 4.5626106524026369e+01 6.3125764861587907e-01
1268 4.5661513609562938e+01 6.3174752152555602e-01
1269 4.5448338495184210e+01 6.2879814820185864e-01
1270 4.5266205798637714e+01 6.2627826065244729e-01
1271 4.5278526836294311e+01 6.2644872773482951e-01
1272 4.4902970965176436e+01 6.2125274380837026e-01
1273 4.5055445650204817e+01 6.2336229946580468e-01
1274 4.4618269138409190e+01 6.1731376633662183e-01
1275 4.4751212124668193e+01 6.1915309218095260e-01
1276 4.4415670108160143e+01 6.1451071788059097e-01
1277 4.4386057941417377e+01 6.1410102027164382e-01
1278 4.4255969482777502e+01 6.1230118809727618e-01
1279 4.4014627818506050e+01 6.0896211792216015e-01
1280 4.4079390495672449e+01 6.0985813860901417e-01
1281 4.3693987090362640e+01 6.0452590963005648e-01
1282 4.3838501427581150e+01 6.0652533030505540e-01
1283 4.3453253763211237e+01 6.0119525607185620e-01
1284 4.3524061407157419e+01 6.0217491158548109e-01
1285 4.3280107030490981e+01 5.9879969336249039e-01
1286 4.3168664181160409e+01 5.9725783155610490e-01
1287 4.3128785610215914e+01 5.9670609364019644e-01
1288 4.2826869553839209e+01 5.9252894958063540e-01
1289 4.2944783175007878e+01 5.9416033741776153e-01
1290 4.2545175641782343e+01 5.8863158795805681e-01
1291 4.2693947595332183e+01 5.9068991466468490e-01
1292 4.2338848772336149e+01 5.8577696317467109e-01
1293 4.2380219088899636e+01 5.8634934006031680e-01
1294 4.2185875839604478e+01 5.8366051403678076e-01
1295 4.2041928713255253e+01 5.8166894097857169e-01
1296 4.2039268955549041e+01 5.8163214203771474e-01
1297 4.1729894658904335e+01 5.7735180987877222e-01
1298 4.1851513141553376e+01 5.7903445613623528e-01
1299 4.1480963526779867e+01 5.7390773601177614e-01
1300 4.1599146129375619e+01 5.7554284532759326e-01
1301 4.1300738523335895e+01 5.7141424225210324e-01
1302 4.1294234584212859e+01 5.7132425733709880e-01
1303 4.1162312874032857e+01 5.6949906130539785e-01
1304 4.0976555519193631e+01 5.6692902498272446e-01
1305 4.1020378354940668e+01 5.6753533357131258e-01
1306 4.0692009132991423e+01 5.6299219810091361e-01
1307 4.0834045862675765e+01 5.6495733996438624e-01
1308 4.0469881614239604e+01 5.5991896424725762e-01
1309 4.0587305072047783e+01 5.6154357045443648e-01
1310 4.0309883679266569e+01 5.5770532105240622e-01
1311 4.0296297664815846e+01 5.5751735244869227e-01
1312 4.0183555614076418e+01 5.5595751560807949e-01
1313 3.9999780271953959e+01 5.5341490132034243e-01
1314 4.0048535791557363e+01 5.5408945580255931e-01
1315 3.9739002139539629e+01 5.4980691889055466e-01
1316 3.9869240712317264e+01 5.5160882796134958e-01
1317 3.9538132005150771e+01 5.4702779048421801e-01
1318 3.9634094803249781e+01 5.4835547883848690e-01
1319 3.9394076492765421e+01 5.4503471785658442e-01
1320 3.9360397334754765e+01 5.4456875159926255e-01
1321 3.9279003069439611e+01 5.4344262543053923e-01
1322 3.9084618410866788e+01 5.4075322649107327e-01
1323 3.9153803031524745e+01 5.4171042674952452e-01
1324 3.8844162849483396e+01 5.3742641594686080e-01
1325 3.8986598119752792e+01 5.3939707179808660e-01
1326 3.8660266031741649e+01 5.3488212098944499e-01
1327 3.8767683455157382e+01 5.3636828922275859e-01
1328 3.8529391918047729e+01 5.3307141892501153e-01
1329 3.8513401487062396e+01 5.3285018414007890e-01
1330 3.8425775485271807e+01 5.3163783910207296e-01
1331 3.8257297840449510e+01 5.2930687531801957e-01
1332 3.8313491911295365e+01 5.3008434549311834e-01
1333 3.8033870452657474e+01 5.2621565719315688e-01
1334 3.8162940097131738e+01 5.2800139361657061e-01
1335 3.7863256226890698e+01 5.2385513285340768e-01
1336 3.7964308846933022e+01 5.2525324117722005e-01
1337 3.7743276968061195e+01 5.2219516599273541e-01
1338 3.7731464846103222e+01 5.2203173998730956e-01
1339 3.7651255193020738e+01 5.2092200346016404e-01
1340 3.7494601564043457e+01 5.1875463023879853e-01
1341 3.7554351186652859e+01 5.1958129306733147e-01
1342 3.7285982915962229e+01 5.1586829767005682e-01
1343 3.7424170310709059e+01 5.1778018225811173e-01
1344 3.7125960426057269e+01 5.1365431474670853e-01
1345 3.7249307418447245e+01 5.1536087571173261e-01
1346 3.7015054934918574e+01 5.1211988753193105e-01
1347 3.7039936509710159e+01 5.1246413527940271e-01
1348 3.6934536303754953e+01 5.1100587615444582e-01
1349 3.6822422746762470e+01 5.0945473480672276e-01
1350 3.6854773368796934e+01 5.0990232017292059e-01
1351 3.6627120782945788e+01 5.0675264453776536e-01
1352 3.6748016540077053e+01 5.0842529156352312e-01
1353 3.6475447545660245e+01 5.0465417726932971e-01
1354 3.6600315396023532e+01 5.0638177998657097e-01
1355 3.6371609184013828e+01 5.0321752696092514e-01
1356 3.6417192445568141e+01 5.0384819183016760e-01
1357 3.6301625395492231e+01 5.0224926985662655e-01
1358 3.6220529624598065e+01 5.0112727349210251e-01
1359 3.6239506889937033e+01 5.0138983247001412e-01
1360 3.6038577277010603e+01 4.9860988115143196e-01
1361 3.6158139629900980e+01 5.0026407993144006e-01
1362 3.5894076016927791e+01 4.9661064140447103e-01
1363 3.6040586657997622e+01 4.9863768183866292e-01
1364 3.5795510606112614e+01 4.9524694473591391e-01
1365 3.5886957078165864e+01 4.9651214769361435e-01
1366 3.5734416677986729e+01 4.9440168283759384e-01
1367 3.5713789528212615e+01 4.9411629696849280e-01
1368 3.5689219800187068e+01 4.9377636376090317e-01
1369 3.5546541977725632e+01 4.9180235209130757e-01
1370 3.5634033631509723e+01 4.9301283836438409e-01
1371 3.5408971276000877e+01 4.8989899972782081e-01
1372 3.5549124808880883e+01 4.9183808671882784e-01
1373 3.5314003411002389e+01 4.8858507671925888e-01
1374 3.5428804989953207e+01 4.9017340805644455e-01
1375 3.5259317381917342e+01 4.8782847097832877e-01
1376 3.5283341060715351e+01 4.8816084934993381e-01
1377 3.5228755920607561e+01 4.8740563945325621e-01
1378 3.5134218325363058e+01 4.8609766941973120e-01
1379 3.5198803943850933e+01 4.8699124042035102e-01
1380 3.5005207839240349e+01 4.8431275147864572e-01
1381 3.5147800089306713e+01 4.8628557921577337e-01
1382 3.4913224075550687e+01 4.8304011485016202e-01
1383 3.5064395334102393e+01 4.8513163701766066e-01
1384 3.4862385456065333e+01 4.8233673974673735e-01
1385 3.4951786966411937e+01 4.8357364974199168e-01
1386 3.4843002873767610e+01 4.8206857302690292e-01
1387 3.4825993605789591e+01 4.8183324217519358e-01
1388 3.4835510697790703e+01 4.8196491541176745e-01
1389 3.4709176813667668e+01 4.8021702945989420e-01
1390 3.4817916812634046e+01 4.8172149611917098e-01
1391 3.4621085382300869e+01 4.7899824499494037e-01
1392 3.4774140705340265e+01 4.8111583403969294e-01
1393 3.4572010315617312e+01 4.7831926943554176e-01
1394 3.4700040324680153e+01 4.8009062203672681e-01
1395 3.4559523506239074e+01 4.7814650882703641e-01
1396 3.4604680768164833e+01 4.7877127980034256e-01
1397 3.4569748270323345e+01 4.7828797302429571e-01
1398 3.4506460415887297e+01 4.7741235717142416e-01
1399 3.4582562427571624e+01 4.7846526263740974e-01
1400 3.4425963216655646e+01 4.7629864231433072e-01
1401 3.4578985162188346e+01 4.7841576956630721e-01
1402 3.4378527026307658e+01 4.7564234134412636e-01
1403 3.4548137504165958e+01 4.7798897838134680e-01
1404 3.4369150109707739e+01 4.7551260749710145e-01
1405 3.4491109725249999e+01 4.7719997348115184e-01
1406 3.4391161444390079e+01 4.7581714418526161e-01
1407 3.4420231959410039e+01 4.7621934779967456e-01
1408 3.4428823002988224e+01 4.7633820874095312e-01
1409 3.4354220380769171e+01 4.7530604800074661e-01
1410 3.4462956735925616e+01 4.7681046424627860e-01
1411 3.4311335482901953e+01 4.7471271620342276e-01
1412 3.4477759966134492e+01 4.7701527357596918e-01
1413 3.4303171352757573e+01 4.7459976180098601e-01
1414 3.4466406093182421e+01 4.7685818765108023e-01
1415 3.4331055622500955e+01 4.7498555317992625e-01
1416 3.4433313148593513e+01 4.7640033191938486e-01
1417 3.4385946885575144e+01 4.7574499842515056e-01
1418 3.4392265083396190e+01 4.7583241352593070e-01
1419 3.4451683544035632e+01 4.7665449458007186e-01
1420 3.4361299327483714e+01 4.7540398840368997e-01
1421 3.4510547967771636e+01 4.7746891028514965e-01
1422 3.4356456010014746e+01 4.7533697893411470e-01
1423 3.4549358966707558e+01 4.7800587786347726e-01
1424 3.4386595365854866e+01 4.7575397044068590e-01
1425 3.4563958276522534e+01 4.7820786586305297e-01
1426 3.4450771855431334e+01 4.7664188095930815e-01
1427 3.4560393484283637e+01 4.7815854536349761e-01
1428 3.4538661695872037e+01 4.7785787632337906e-01
1429 3.4552283140119016e+01 4.7804633511421568e-01
1430 3.4633553294216107e+01 4.7917074414856897e-01
1431 3.4555091010303109e+01 4.7808518325763760e-01
1432 3.4716335406047797e+01 4.8031607179634472e-01
1433 3.4578417746451713e+01 4.7840791911508573e-01
1434 3.4767649359071100e+01 4.8102602335247013e-01
1435 3.4616513355533094e+01 4.7893498895389913e-01
1436 3.4764204553252434e+01 4.8097836291885665e-01
1437 3.4635592060368069e+01 4.7919895139273710e-01
1438 3.4665272189950358e+01 4.7960958929805264e-01
1439 3.4556289748341207e+01 4.7810176833606938e-01
1440 3.4389146605369632e+01 4.7578926798369009e-01
1441 3.4235175629729291e+01 4.7365901047450221e-01
1442 3.3791464923453312e+01 4.6752007383387589e-01
1443 3.3465894848192249e+01 4.6301566581342013e-01
1444 3.2679664085075132e+01 4.5213781055453617e-01
1445 3.2042508551741584e+01 4.4332247796500363e-01
1446 3.0911446252045529e+01 4.2767372372891255e-01
1447 2.9915138699059668e+01 4.1388936185563052e-01
1448 2.8575041523018914e+01 3.9534851634608004e-01
1449 2.7368862328499628e+01 3.7866048617763498e-01
1450 2.6120167122492241e+01 3.6138422792037916e-01
1451 2.5043732201770140e+01 3.4649126797462465e-01
1452 2.4263141729010901e+01 3.3569144866270340e-01
1453 2.3697148598224242e+01 3.2786067983115780e-01
1454 2.3667317718272063e+01 3.2744795622685818e-01
1455 2.3822850038380661e+01 3.2959981563708035e-01
1456 2.4532566808276655e+01 3.3941906548062950e-01
1457 2.5224353550110564e+01 3.4899024534371409e-01
1458 2.6152037569379374e+01 3.6182516984803881e-01
1459 2.6668986105939265e+01 3.6897738472029346e-01
1460 2.6908450612970253e+01 3.7229048358301892e-01
1461 2.6559073914635103e+01 3.6745670025425542e-01
1462 2.5825771620975036e+01 3.5731113411052312e-01
1463 2.4981783258985562e+01 3.4563417656499845e-01
1464 2.4163097381089823e+01 3.3430729023593275e-01
1465 2.3871136157926092e+01 3.3026787575895339e-01
1466 2.3849596930157684e+01 3.2996987088170343e-01
1467 2.4457746787392740e+01 3.3838389693238397e-01
1468 2.5001203805973997e+01 3.4590286854335733e-01
1469 2.5616857292844873e+01 3.5442071067568182e-01
1470 2.5572161704502040e+01 3.5380232716347171e-01
1471 2.5186331642366163e+01 3.4846419519595534e-01
1472 2.4386224035860057e+01 3.3739434758454989e-01
1473 2.3712809026913899e+01 3.2807734888631251e-01
1474 2.3429187827820044e+01 3.2415332238312355e-01
1475 2.3568634124798297e+01 3.2608262444821057e-01
1476 2.4172551408407667e+01 3.3443809094432697e-01
1477 2.4589987740069269e+01 3.4021350982721538e-01
1478 2.4820593974556957e+01 3.4340405051606865e-01
1479 2.4306247769362830e+01 3.3628784006549323e-01
1480 2.3717368314568528e+01 3.2814042867600945e-01
1481 2.3052744519138994e+01 3.1894506035993192e-01
1482 2.2994726919306075e+01 3.1814236084338260e-01
1483 2.3280871185641558e+01 3.2210129511354069e-01
1484 2.3812903928755546e+01 3.2946220674924942e-01
1485 2.4066555857130986e+01 3.3297159494981499e-01
1486 2.3759773019143040e+01 3.2872711678374578e-01
1487 2.3191353821775998e+01 3.2086278223288744e-01
1488 2.2565551824743963e+01 3.1220453091053235e-01
1489 2.2554514755886366e+01 3.1205182811238785e-01
1490 2.2792420339734516e+01 3.1534335857364887e-01
1491 2.3348156936311000e+01 3.2303222365399331e-01
1492 2.3337309027724800e+01 3.2288213797304838e-01
1493 2.3017618697150930e+01 3.1845907885760477e-01
1494 2.2336152637729484e+01 3.0903069026487268e-01
1495 2.2049276992735255e+01 3.0506163704292266e-01
1496 2.2182151610173143e+01 3.0690001697394759e-01
1497 2.2603659142899502e+01 3.1273176274963871e-01
1498 2.2855801672890124e+01 3.1622026774653389e-01
1499 2.2518077203689593e+01 3.1154769823426776e-01
1500 2.2017531004175886e+01 3.0462241705205140e-01
1501 2.1556190169800921e+01 2.9823955968146532e-01
1502 2.1755003011751324e+01 3.0099022452415058e-01
1503 2.2053031717589406e+01 3.0511358534540128e-01
1504 2.2339956066392052e+01 3.0908331240638603e-01
1505 2.1958410001806783e+01 3.0380445146650048e-01
1506 2.1475313582595568e+01 2.9712059582158734e-01
1507 2.1143525072872944e+01 2.9253015297117713e-01
1508 2.1341428190863088e+01 2.9526823137483016e-01
1509 2.1716539250638281e+01 3.0045806113685042e-01
1510 2.1732284921236666e+01 3.0067590955204632e-01
1511 2.1371568357804424e+01 2.9568523410335051e-01
1512 2.0820375057507437e+01 2.8805922756485536e-01
1513 2.0816725653161107e+01 2.8800873641884228e-01
1514 2.1029264263575715e+01 2.9094930342470238e-01
1515 2.1371644204887520e+01 2.9568628348176512e-01
1516 2.1066243654466593e+01 2.9146092988418848e-01
1517 2.0653008426728672e+01 2.8574363515842177e-01
1518 2.0320901439401553e+01 2.8114878602750537e-01
1519 2.0554417592488164e+01 2.8437958674537195e-01
1520 2.0834654033123460e+01 2.8825678359710777e-01
1521 2.0773390648548848e+01 2.8740917719281256e-01
1522 2.0342698586661399e+01 2.8145035933660506e-01
1523 1.9960037200120439e+01 2.7615606741720283e-01
1524 2.0115680277727829e+01 2.7830945920709926e-01
1525 2.0349931074856787e+01 2.8155042405480446e-01
1526 2.0433851512472881e+01 2.8271150095038516e-01
1527 1.9938952675640675e+01 2.7586435356390104e-01
1528 1.9664807981654068e+01 2.7207143875940476e-01
1529 1.9656128692290981e+01 2.7195135689811084e-01
1530 2.0013823070336318e+01 2.7690021905642620e-01
1531 1.9962579602612987e+01 2.7619124269604095e-01
1532 1.9596947157192055e+01 2.7113255381509183e-01
1533 1.9256201163349960e+01 2.6641818015415342e-01
1534 1.9337693776573644e+01 2.6754566701030352e-01
1535 1.9639949634795389e+01 2.7172751238080339e-01
1536 1.9531763343873312e+01 2.7023070652067632e-01
1537 1.9188424709603282e+01 2.6548046251653029e-01
1538 1.8853852485251686e+01 2.6085150572563787e-01
1539 1.9090677307763546e+01 2.6412808336905313e-01
1540 1.9229734510621036e+01 2.6605200214245750e-01
1541 1.9149504725774957e+01 2.6494198708333289e-01
1542 1.8668560674151102e+01 2.5828791040940069e-01
1543 1.8589821783832807e+01 2.5719852254478470e-01
1544 1.8766836246921002e+01 2.5964759703859919e-01
1545 1.8916776295966038e+01 2.6172208487033377e-01
1546 1.8619861638171674e+01 2.5761413740345623e-01
1547 1.8260448334212061e+01 2.5264149313412032e-01
1548 1.8312319256983660e+01 2.5335915061653325e-01
1549 1.8504756815847990e+01 2.5602161055819206e-01
1550 1.8513007979411427e+01 2.5613576910701885e-01
1551 1.8072422570960818e+01 2.5004007236360853e-01
1552 1.7947500101622619e+01 2.4831171396835092e-01
1553 1.8048291446273915e+01 2.4970620742993754e-01
1554 1.8258823422950655e+01 2.5261901175799101e-01
1555 1.7942114502462569e+01 2.4823720178834777e-01
1556 1.7663509175100760e+01 2.4438257212036021e-01
1557 1.7648854352465364e+01 2.4417981607601461e-01
1558 1.7884852674748061e+01 2.4744495871804603e-01
1559 1.7795017569893208e+01 2.4620204974828830e-01
1560 1.7426509466192819e+01 2.4110357484521264e-01
1561 1.7325333998328716e+01 2.3970376686668454e-01
1562 1.7472814682819159e+01 2.4174422828669795e-01
1563 1.7586029533487590e+01 2.4331060652639538e-01
1564 1.7215762585959617e+01 2.3818779723006400e-01
1565 1.7045449840307452e+01 2.3583144400292452e-01
1566 1.7092096368771895e+01 2.3647681964677988e-01
1567 1.7304719291910082e+01 2.3941855315698787e-01
1568 1.7021056320802018e+01 2.3549394871924614e-01
1569 1.6774577359011214e+01 2.3208380172869783e-01
1570 1.6767837157092547e+01 2.3199054801194394e-01
1571 1.6973550717491126e+01 2.3483668738956592e-01
1572 1.6827610801769254e+01 2.3281754319655276e-01
1573 1.6502919466087945e+01 2.2832529293232739e-01
1574 1.6484778734655887e+01 2.2807430777623167e-01
1575 1.6633527349577886e+01 2.3013231158247544e-01
1576 1.6613532493163092e+01 2.2985567377560562e-01
1577 1.6241330373611294e+01 2.2470609050633436e-01
1578 1.6211664368122126e+01 2.2429564801418228e-01
1579 1.6320712223338244e+01 2.2580437400275818e-01
1580 1.6362722858995248e+01 2.2638560999026752e-01
1581 1.6000355637665297e+01 2.2137209694918089e-01
1582 1.5928074730769158e+01 2.2037205818183497e-01
1583 1.6048023347488950e+01 2.2203160109517542e-01
1584 1.6078531611493382e+01 2.2245369661166767e-01
1585 1.5774543396072705e+01 2.1824788330229963e-01
1586 1.5637196409673834e+01 2.1634762614069036e-01
1587 1.5803206448113956e+01 2.1864444948364117e-01
1588 1.5782777772279539e+01 2.1836180959051815e-01
1589 1.5543758938863990e+01 2.1505487682216201e-01
1590 1.5358326312268904e+01 2.1248933326039790e-01
1591 1.5562470437644409e+01 2.1531375880053083e-01
1592 1.5499842253017254e+01 2.1444726977534961e-01
1593 1.5288310954885461e+01 2.1152063938673593e-01
1594 1.5108575853389658e+01 2.0903392364025358e-01
1595 1.5309577977673827e+01 2.1181487818599387e-01
1596 1.5239414078822106e+01 2.1084412917449238e-01
1597 1.5004740607591948e+01 2.0759731644101345e-01
1598 1.4889469192276458e+01 2.0600248470698496e-01
1599 1.5046470750906899e+01 2.0817467169116013e-01
1600 1.4990867876531926e+01 2.0740538098440772e-01
1601 1.4709212291522402e+01 2.0350854963372003e-01
1602 1.4687131442861190e+01 2.0320305118848278e-01
1603 1.4787942453340490e+01 2.0459781673562064e-01
1604 1.4732243877580219e+01 2.0382720195727727e-01
1605 1.4426553477302837e+01 1.9959783815692911e-01
1606 1.4483869701423098e+01 2.0039083382590306e-01
1607 1.4546109112282696e+01 2.0125194399163193e-01
1608 1.4447104875025097e+01 1.9988217596241536e-01
1609 1.4174917059188058e+01 1.9611633544484453e-01
1610 1.4271207810296598e+01 1.9744856117609833e-01
1611 1.4317831313862484e+01 1.9809361826015473e-01
1612 1.4137526838247126e+01 1.9559902496734474e-01
1613 1.3957325528155387e+01 1.9310585901582725e-01
1614 1.4053493696418135e+01 1.9443638875842695e-01
1615 1.4084372035868562e+01 1.9486360443470593e-01
1616 1.3824419207977678e+01 1.9126704046317716e-01
1617 1.3763855671137209e+01 1.9042911676618926e-01
1618 1.3839234849561629e+01 1.9147202150980877e-01
1619 1.3823643749774716e+01 1.9125631165111986e-01
1620 1.3536167553123970e+01 1.8727894952763419e-01
1621 1.3580318177876237e+01 1.8788979322413416e-01
1622 1.3628370691377480e+01 1.8855462130160563e-01
1623 1.3527424400600724e+01 1.8715798409087467e-01
1624 1.3294140746479311e+01 1.8393040010047532e-01
1625 1.3395429310317246e+01 1.8533177281252874e-01
1626 1.3407356135063891e+01 1.8549678578248394e-01
1627 1.3211925183981636e+01 1.8279291091685224e-01
1628 1.3102766678458137e+01 1.8128265403164329e-01
1629 1.3200927086840121e+01 1.8264074730987986e-01
1630 1.3157856303259617e+01 1.8204484370033661e-01
1631 1.2913259072012325e+01 1.7866073129587773e-01
1632 1.2946786367566986e+01 1.7912459646800544e-01
1633 1.2987479865633054e+01 1.7968760926616331e-01
1634 1.2874348140123775e+01 1.7812238110032722e-01
1635 1.2668726019358346e+01 1.7527750683104359e-01
1636 1.2795216636950800e+01 1.7702756126076655e-01
1637 1.2745646067941896e+01 1.7634173020444721e-01
1638 1.2577177843512930e+01 1.7401089675576098e-01
1639 1.2493370224445709e+01 1.7285138075540687e-01
1640 1.2611752574657276e+01 1.7448925366908236e-01
1641 1.2476098571291304e+01 1.7261241968709357e-01
1642 1.2307096530520385e+01 1.7027420064988166e-01
1643 1.2364281025416938e+01 1.7106537378596059e-01
1644 1.2371979156629683e+01 1.7117188088416183e-01
1645 1.2199777458478632e+01 1.6878939315194100e-01
1646 1.2098972968600272e+01 1.6739471782024185e-01
1647 1.2225095286116034e+01 1.6913967665320867e-01
1648 1.2083176331061988e+01 1.6717616425457210e-01
1649 1.1952628966381598e+01 1.6536998290929891e-01
1650 1.1950293147402244e+01 1.6533766580602552e-01
1651 1.2018436373048553e+01 1.6628045789738968e-01
1652 1.1790839142401190e+01 1.6313154812630756e-01
1653 1.1760525226740857e+01 1.6271214150632773e-01
1654 1.1811343570045793e+01 1.6341523607970176e-01
1655 1.1733342797501880e+01 1.6233606040556520e-01
1656 1.1554368180869808e+01 1.5985986630827584e-01
1657 1.1609879047250834e+01 1.6062788404316328e-01
1658 1.1618404312933341e+01 1.6074583491775155e-01
1659 1.1426347359367792e+01 1.5808864082111576e-01
1660 1.1399243792702578e+01 1.5771365081943378e-01
1661 1.1445010841247035e+01 1.5834685846411958e-01
1662 1.1355251097225942e+01 1.5710499214529880e-01
1663 1.1181681756010176e+01 1.5470358245784335e-01
1664 1.1282562595719625e+01 1.5609931412370109e-01
1665 1.1215272060702789e+01 1.5516831938965636e-01
1666 1.1079271638418899e+01 1.5328669254655752e-01
1667 1.1033593436082398e+01 1.5265471412900933e-01
1668 1.1116075610053263e+01 1.5379589200194826e-01
1669 1.0939589863092879e+01 1.5135413253290914e-01
1670 1.0867032971781942e+01 1.5035027539739615e-01
1671 1.0922548292193763e+01 1.5111835475579743e-01
1672 1.0853888736246676e+01 1.5016841900313035e-01
1673 1.0701617802431597e+01 1.4806168233512138e-01
1674 1.0726182901375369e+01 1.4840155149728834e-01
1675 1.0747222489504326e+01 1.4869264363602119e-01
1676 1.0559362635366286e+01 1.4609351829250644e-01
1677 1.0554970745016348e+01 1.4603275451960329e-01
1678 1.0575207595151683e+01 1.4631274041813919e-01
1679 1.0485211137829758e+01 1.4506759906462743e-01
1680 1.0343899004100210e+01 1.4311248231119522e-01
1681 1.0443452923225879e+01 1.4448985543560747e-01
1682 1.0343097821876764e+01 1.4310139759577645e-01
1683 1.0229813548510402e+01 1.4153405886191470e-01
1684 1.0228639907323458e+01 1.4151782100967547e-01
1685 1.0253768195365714e+01 1.4186548214562936e-01
1686 1.0081016941699932e+01 1.3947539106636794e-01
1687 1.0064955416714835e+01 1.3925317266406051e-01
1688 1.0105548199880419e+01 1.3981479202639613e-01
1689 9.9739052312821439e+00 1.3799345250950351e-01
1690 9.9003559529762679e+00 1.3697586525479633e-01
1691 9.9400285324117768e+00 1.3752475318578378e-01
1692 9.8823926159914937e+00 1.3672733443044618e-01
1693 9.7290184776876174e+00 1.3460533443351005e-01
1694 9.7998284507721269e+00 1.3558502217180837e-01
1695 9.7394007542828422e+00 1.3474897788700813e-01
1696 9.6283905548526487e+00 1.3321310198605255e-01
1697 9.5985485637935728e+00 1.3280022465460528e-01
1698 9.6467962560240839e+00 1.3346775311734047e-01
1699 9.4793852717395044e+00 1.3115154706025989e-01
1700 9.4623932824603276e+00 1.3091645526709908e-01
1701 9.4860598525167550e+00 1.3124389287908897e-01
1702 9.3864852043655738e+00 1.2986623295931107e-01
1703 9.2961959566820926e+00 1.2861704071982077e-01
1704 9.3460982355394950e+00 1.2930746113067720e-01
1705 9.2750466368566045e+00 1.2832443039384803e-01
1706 9.1495411304900198e+00 1.2658800541979079e-01
1707 9.2047746611892176e+00 1.2735218609112570e-01
1708 9.1448631126638276e+00 1.2652328294491580e-01
1709 9.0406918893679276e+00 1.2508202734629087e-01
1710 9.0254276693278435e+00 1.2487084001551602e-01
1711 9.0538176826930830e+00 1.2526362858430781e-01
1712 8.8894029775156778e+00 1.2298887739260778e-01
1713 8.9050928850997444e+00 1.2320595430148894e-01
1714 8.8973479379478952e+00 1.2309879948377167e-01
1715 8.8028611960571190e+00 1.2179153302920497e-01
1716 8.7328211421230097e+00 1.2082249746768729e-01
1717 8.7888978742754063e+00 1.2159834420933165e-01
1718 8.6718090856032983e+00 1.1997836829976079e-01
1719 8.6068508095716396e+00 1.1907964141487323e-01
1720 8.6450851871331480e+00 1.1960863117785159e-01
1721 8.5632285704857960e+00 1.1847610817106712e-01
1722 8.4766398306020569e+00 1.1727811411678948e-01
1723 8.4996289194008821e+00 1.1759617847170713e-01
1724 8.4635164294426772e+00 1.1709654597545903e-01
1725 8.3326176034077513e+00 1.1528550200470353e-01
1726 8.3832282023361504e+00 1.1598572234144777e-01
1727 8.3253306671394363e+00 1.1518468397299336e-01
1728 8.2366040127800506e+00 1.1395711091301804e-01
1729 8.2201282784672411e+00 1.1372916173887478e-01
1730 8.2358434692691649e+00 1.1394658845241537e-01
1731 8.0932725102021426e+00 1.1197405528581335e-01
1732 8.1098755776602491e+00 1.1220376617113502e-01
1733 8.0965264235627323e+00 1.1201907463664759e-01
1734 7.9959016610777338e+00 1.1062688591404944e-01
1735 7.9656133022598752e+00 1.1020783288444834e-01
1736 7.9858951209010423e+00 1.1048844094243232e-01
1737 7.8789765610710987e+00 1.0900917471058531e-01
1738 7.8367296007729008e+00 1.0842466906566545e-01
1739 7.8714034555718806e+00 1.0890439739920901e-01
1740 7.7572185014518684e+00 1.0732459734313467e-01
1741 7.7266749937353474e+00 1.0690201421407765e-01
1742 7.7327211362851331e+00 1.0698566530815388e-01
1743 7.6674840118006360e+00 1.0608308042984832e-01
1744 7.5817260763182066e+00 1.0489658092710677e-01
1745 7.6375921036757104e+00 1.0566951247340554e-01
1746 7.5319110569462984e+00 1.0420736779037099e-01
1747 7.4876776104295795e+00 1.0359537821761144e-01
1748 7.4945094925585014e+00 1.0368990037119588e-01
1749 7.4438386257943838e+00 1.0298884620191230e-01
1750 7.3521065894599156e+00 1.0171969233429597e-01
1751 7.3925181320506121e+00 1.0227880415198548e-01
1752 7.3217714570526287e+00 1.0129999217110559e-01
1753 7.2458377621695496e+00 1.0024941544356110e-01
1754 7.2722378270879071e+00 1.0061467218303093e-01
1755 7.2119783337654235e+00 9.9780955064488197e-02
1756 7.1381757313966219e+00 9.8759862957745984e-02
1757 7.1485013864353588e+00 9.8902723026613348e-02
1758 7.1153093305331812e+00 9.8443496045444084e-02
1759 7.0118668388689320e+00 9.7012322775803919e-02
1760 7.0537084827367025e+00 9.7591220686110661e-02
1761 6.9865706591976675e+00 9.6662338783857590e-02
1762 6.9238768064324718e+00 9.5794941210532170e-02
1763 6.9204137344542591e+00 9.5747028056408376e-02
1764 6.9001946300757364e+00 9.5467287678377560e-02
1765 6.7954180453835633e+00 9.4017656633310104e-02
1766 6.8298349503959468e+00 9.4493829951305411e-02
1767 6.7758984789840957e+00 9.3747594676986026e-02
1768 6.7026183488539752e+00 9.2733731208012482e-02
1769 6.7113949443634251e+00 9.2855159343486426e-02
1770 6.6763572968796137e+00 9.2370397774974869e-02
1771 6.5938548346504637e+00 9.1228939204882578e-02
1772 6.6048068401604931e+00 9.1380465113459694e-02
1773 6.5743712108046086e+00 9.0959374529909182e-02
1774 6.4819563032335870e+00 8.9680772832444217e-02
1775 6.5116134739861202e+00 9.0091093092052293e-02
1776 6.4550825961335079e+00 8.9308963040945696e-02
1777 6.3954126968441241e+00 8.8483403220303805e-02
1778 6.3904092396566652e+00 8.8414178145895098e-02
1779 6.3701151901295763e+00 8.8133400868118439e-02
1780 6.2735902161944574e+00 8.6797934559002060e-02
1781 6.3095236319846562e+00 8.7295089483814953e-02
1782 6.2464832597403026e+00 8.6422897658069653e-02
1783 6.1917143750668169e+00 8.5665145572909968e-02
1784 6.1929096174029743e+00 8.5681682286737421e-02
1785 6.1579633379544347e+00 8.5198184835975507e-02
1786 6.0810790651236255e+00 8.4134456436157717e-02
1787 6.1032117118210660e+00 8.4440671530459380e-02
1788 6.0498791772878109e+00 8.3702791993741532e-02
1789 5.9860118149038453e+00 8.2819158388481570e-02
1790 6.0069387544257946e+00 8.3108691983209748e-02
1791 5.9441913436247855e+00 8.2240553410436262e-02
1792 5.8975864919109151e+00 8.1595754383118488e-02
1793 5.9004470725886895e+00 8.1635331799862931e-02
1794 5.8560069569229247e+00 8.1020482866728222e-02
1795 5.7890027590008657e+00 8.0093449734821617e-02
1796 5.8211146987475129e+00 8.0537732824510391e-02
1797 5.7392995507642315e+00 7.9405783555293444e-02
1798 5.7140544259167205e+00 7.9056505929733567e-02
1799 5.7088565854467781e+00 7.8984591475424193e-02
1800 5.6574242001645310e+00 7.8273001355875421e-02
1801 5.6078687700357914e+00 7.7587379752753455e-02
1802 5.6286166027935955e+00 7.7874435325064231e-02
1803 5.5479981363306194e+00 7.6759042681432937e-02
1804 5.5285112246205754e+00 7.6489432517383771e-02
1805 5.5275156720037542e+00 7.6475658600390947e-02
1806 5.4563879691365029e+00 7.5491574928035821e-02
1807 5.4399375543716531e+00 7.5263976061195254e-02
1808 5.4321437211140511e+00 7.5156144882277828e-02
1809 5.3665093389248870e+00 7.4248063765444641e-02
1810 5.3469845692945537e+00 7.3977929820087718e-02
1811 5.3478319872312232e+00 7.3989654227337220e-02
1812 5.2628105624607242e+00 7.2813344680645251e-02
1813 5.2757375004283755e+00 7.2992194665597740e-02
1814 5.2394026881015723e+00 7.2489486239660963e-02
1815 5.1883928062240319e+00 7.1783741644223395e-02
1816 5.1758474930288134e+00 7.1610171609169174e-02
1817 5.1619419863274718e+00 7.1417782686864814e-02
1818 5.0853787761313720e+00 7.0358496332605713e-02
1819 5.1072145861221792e+00 7.0660604557929774e-02
1820 5.0553274719966188e+00 6.9942723060872444e-02
1821 5.0121212204714967e+00 6.9344945191553431e-02
1822 5.0141650609644266e+00 6.9373222641504889e-02
1823 4.9704989343578143e+00 6.8769082194163889e-02
1824 4.9247278086178063e+00 6.8135818139648863e-02
1825 4.9331169403850472e+00 6.8251885540458718e-02
1826 4.8790914215089378e+00 6.7504418254530504e-02
1827 4.8424964885068880e+00 6.6998110942378744e-02
1828 4.8534394467734332e+00 6.7149511678284257e-02
1829 4.7828288518291542e+00 6.6172582425983895e-02
1830 4.7736743996297060e+00 6.6045926473722288e-02
1831 4.7574920723413214e+00 6.5822036717364946e-02
1832 4.7076429732858243e+00 6.5132352072920827e-02
1833 4.6845762554654309e+00 6.4813213685670529e-02
1834 4.6847764885082652e+00 6.4815983999629456e-02
1835 4.6098349599969213e+00 6.3779134338858179e-02
1836 4.6227961824908057e+00 6.3958458665608883e-02
1837 4.5848177361340472e+00 6.3433009825642067e-02
1838 4.5410261915522412e+00 6.2827134164360060e-02
1839 4.5366362688012858e+00 6.2766397614071365e-02
1840 4.5072611038757193e+00 6.2359979031568563e-02
1841 4.4560734627940057e+00 6.1651775057810242e-02
1842 4.4661705702738930e+00 6.1791473068689581e-02
1843 4.4174837429642766e+00 6.1117868975168001e-02
1844 4.3832067611934420e+00 6.0643631557979832e-02
1845 4.3895034479037003e+00 6.0730749042893772e-02
1846 4.3302262101710634e+00 5.9910621871011503e-02
1847 4.3166088013557964e+00 5.9722218912182656e-02
1848 4.3035324129119301e+00 5.9541301212858125e-02
1849 4.2569060903082461e+00 5.8896205126149355e-02
1850 4.2369152008627200e+00 5.8619622204078688e-02
1851 4.2337155910133264e+00 5.8575354166678806e-02
1852 4.1670280528375434e+00 5.7652702164394581e-02
1853 4.1799527257891231e+00 5.7831520811833785e-02
1854 4.1394281787043141e+00 5.7270845526281880e-02
1855 4.1051109725451882e+00 5.6796051586639702e-02
1856 4.0981282684498010e+00 5.6699442743500451e-02
1857 4.0687852881986268e+00 5.6293469450403782e-02
1858 4.0248711752948996e+00 5.5685898001411931e-02
1859 4.0351937145437136e+00 5.5828714961928171e-02
1860 3.9812090424769102e+00 5.5081812809927883e-02
1861 3.9633526327341060e+00 5.4834761371930898e-02
1862 3.9574056403086577e+00 5.4752482064297052e-02
1863 3.9057185000950176e+00 5.4037367296006229e-02
1864 3.8982607177609339e+00 5.3934185532345906e-02
1865 3.8795841545110661e+00 5.3675786902712040e-02
1866 3.8356037886054599e+00 5.3067298813722477e-02
1867 3.8285122160015392e+00 5.2969183725936446e-02
1868 3.8087006097058382e+00 5.2695081266658179e-02
1869 3.7586835885185863e+00 5.2003073344202448e-02
1870 3.7716699630439265e+00 5.2182745660589877e-02
1871 3.7217848119577801e+00 5.1492562220131155e-02
1872 3.7039343556376894e+00 5.1245593150407727e-02
1873 3.6930053083614558e+00 5.1094384879292722e-02
1874 3.6569689000351944e+00 5.0595805006547756e-02
1875 3.6318663924492762e+00 5.0248500554770689e-02
1876 3.6317974573210812e+00 5.0247546806352371e-02
1877 3.5764503080374950e+00 4.9481794170940660e-02
1878 3.5790898253155836e+00 4.9518313076396023e-02
1879 3.5520008424445799e+00 4.9143524848048271e-02
1880 3.5147624554444046e+00 4.8628315061221505e-02
1881 3.5138527527074741e+00 4.8615728915823546e-02
1882 3.4807855948646287e+00 4.8158229955326169e-02
1883 3.4516023229222630e+00 4.7754466298316457e-02
1884 3.4493604928988977e+00 4.7723449574406412e-02
1885 3.4108919915886702e+00 4.7191220604352095e-02
1886 3.3890236774944795e+00 4.6888662670178535e-02
1887 3.3876595701950794e+00 4.6869789633842952e-02
1888 3.3360290378624629e+00 4.6155458060976637e-02
1889 3.3391569969340082e+00 4.6198734777727186e-02
1890 3.3101654249274293e+00 4.5797623375313005e-02
1891 3.2809771970758872e+00 4.5393791151076945e-02
1892 3.2719692464347032e+00 4.5269162113584838e-02
1893 3.2494321535377813e+00 4.4957351324705519e-02
1894 3.2127270009579538e+00 4.4449519075257987e-02
1895 3.2204843243438059e+00 4.4556845123723841e-02
1896 3.1723406851895222e+00 4.3890756281969596e-02
1897 3.1652318156304298e+00 4.3792401883050495e-02
1898 3.1494590349706240e+00 4.3574178387995093e-02
1899 3.1137709317804152e+00 4.3080417473034080e-02
1900 3.1061630543068963e+00 4.2975159075796909e-02
1901 3.0868079620882551e+00 4.2707372693536812e-02
1902 3.0518309780404422e+00 4.2223450430871889e-02
1903 3.0517294103910437e+00 4.2222045196885931e-02
1904 3.0203214144217227e+00 4.1787501485099125e-02
1905 2.9955237549091991e+00 4.1444414743152171e-02
1906 2.9958570908356075e+00 4.1449026595206495e-02
1907 2.9521766146354662e+00 4.0844687614802748e-02
1908 2.9486612157373338e+00 4.0796050494271471e-02
1909 2.9279615206868481e+00 4.0509660928732837e-02
1910 2.8990938077643462e+00 4.0110263172301860e-02
1911 2.8897312520007765e+00 3.9980728013889126e-02
1912 2.8717343672465265e+00 3.9731733041100982e-02
1913 2.8369238604753049e+00 3.9250114066228407e-02
1914 2.8434083570849187e+00 3.9339829985339039e-02
1915 2.8012529012615830e+00 3.8756590345871741e-02
1916 2.7938983178674497e+00 3.8654836385833863e-02
1917 2.7787571022324924e+00 3.8445350876175573e-02
1918 2.7483731185515214e+00 3.8024974833702326e-02
1919 2.7396030408679297e+00 3.7903636875272595e-02
1920 2.7227299013171464e+00 3.7670189421412245e-02
1921 2.6911244154724554e+00 3.7232913348618786e-02
1922 2.6914961110004958e+00 3.7238055922967278e-02
1923 2.6606578899248317e+00 3.6811395302397576e-02
1924 2.6423195426652426e+00 3.6557676042690557e-02
1925 2.6383114732985629e+00 3.6502222605247513e-02
1926 2.6010288274431175e+00 3.5986400477306495e-02
1927 2.5986062040628637e+00 3.5952882396211944e-02
1928 2.5771105810583288e+00 3.5655480810428360e-02
1929 2.5530733923853686e+00 3.5322915523643729e-02
1930 2.5455733328980039e+00 3.5219148836605027e-02
1931 2.5248244003558735e+00 3.4932078048284805e-02
1932 2.4990982767863503e+00 3.4576145589661648e-02
1933 2.5014022312228756e+00 3.4608021832692668e-02
1934 2.4620935351394664e+00 3.4064168391095537e-02
1935 2.4612654798931639e+00 3.4052711875352082e-02
1936 2.4402341174857489e+00 3.3761733543166271e-02
1937 2.4174547604440852e+00 3.3446570921180765e-02
1938 2.4101416205655757e+00 3.3345390350770360e-02
1939 2.3898550713534528e+00 3.3064716843215394e-02
1940 2.3669454718258640e+00 3.2747752258018945e-02
1941 2.3657671812983816e+00 3.2731450080067968e-02
1942 2.3329947070207449e+00 3.2278028198870823e-02
1943 2.3264654982064092e+00 3.2187693666352928e-02
1944 2.3124296109023117e+00 3.1993500869929317e-02
1945 2.2845119831543079e+00 3.1607247968032944e-02
1946 2.2838755686500942e+00 3.1598442887913664e-02
1947 2.2576917962067848e+00 3.1236178651850636e-02
1948 2.2430228267286227e+00 3.1033226879590019e-02
1949 2.2345639747338204e+00 3.0916194868159969e-02
1950 2.2101161638049152e+00 3.0577948438286328e-02
1951 2.1979574388438414e+00 3.0409727024849422e-02
1952 2.1895251122832198e+00 3.0293062004698813e-02
1953 2.1585071286073143e+00 2.9863914287925154e-02
1954 2.1621112591553362e+00 2.9913779050631802e-02
1955 2.1328488979299882e+00 2.9508921157917808e-02
1956 2.1227924581779138e+00 2.9369785803293611e-02
1957 2.1118376392263505e+00 2.9218220969490952e-02
1958 2.0896176447907902e+00 2.8910797380053980e-02
1959 2.0789700604543966e+00 2.8763483274957338e-02
1960 2.0684048445659227e+00 2.8617308774282705e-02
1961 2.0419482355696914e+00 2.8251269722133557e-02
1962 2.0425553234642249e+00 2.8259669055453934e-02
1963 2.0168483388851142e+00 2.7904001393347620e-02
1964 2.0052436839115169e+00 2.7743445786706629e-02
1965 1.9976791470123534e+00 2.7638787025755385e-02
1966 1.9718877639603276e+00 2.7281951672920714e-02
1967 1.9683737982024956e+00 2.7233334380528308e-02
1968 1.9504142439890162e+00 2.6984855892515740e-02
1969 1.9329978514027530e+00 2.6743892289242118e-02
1970 1.9272459663419641e+00 2.6664312379510606e-02
1971 1.9071159715385608e+00 2.6385804872420236e-02
1972 1.8932787313290920e+00 2.6194360447650774e-02
1973 1.8886188486200053e+00 2.6129888880255147e-02
1974 1.8605299748189437e+00 2.5741266712405054e-02
1975 1.8623253349661071e+00 2.5766106325320969e-02
1976 1.8391234409197512e+00 2.5445097714353371e-02
1977 1.8281879240176520e+00 2.5293799933062668e-02
1978 1.8192234675595074e+00 2.5169772657101529e-02
1979 1.8006366523640609e+00 2.4912615732055627e-02
1980 1.7896038918336519e+00 2.4759972541550195e-02
1981 1.7818543997110505e+00 2.4652754842123998e-02
1982 1.7579729912885418e+00 2.4322344844977088e-02
1983 1.7585547851323824e+00 2.4330394223760890e-02
1984 1.7361020935847520e+00 2.4019751165405882e-02
1985 1.7264417489165351e+00 2.3886095963928933e-02
1986 1.7187311741350844e+00 2.3779416703373305e-02
1987 1.6975476314587767e+00 2.3486332888909358e-02
1988 1.6935315900109680e+00 2.3430769154148146e-02
1989 1.6781412026810250e+00 2.3217836242327775e-02
1990 1.6631641062660625e+00 2.3010621395691148e-02
1991 1.6581961954634366e+00 2.2941888121460360e-02
1992 1.6397602599340086e+00 2.2686818684268469e-02
1993 1.6297040572066241e+00 2.2547686608987174e-02
1994 1.6232084233157498e+00 2.2457816600594857e-02
1995 1.6007055132468537e+00 2.2146478746473432e-02
1996 1.6018815521169649e+00 2.2162749771734734e-02
1997 1.5804857827423278e+00 2.1866729705708524e-02
1998 1.5732465077371776e+00 2.1766571088951945e-02
1999 1.5636474121108466e+00 2.1633763295441758e-02
2000 1.5478208531548239e+00 2.1414795753536810e-02
