# step 21
# iter abs_residual rel_residual
0 7.2278104865846785e+01 1.0000000000000000e+00
1 1.1546600861375805e+03 1.5975240195917012e+01
2 1.1527745212176183e+03 1.5949152559509526e+01
3 1.1585072720810065e+03 1.6028467739037666e+01
4 1.2484330970659321e+03 1.7272631862486033e+01
5 1.4402468346337719e+03 1.9926460956702872e+01
6 1.2677694538267065e+03 1.7540159031283057e+01
7 1.4124522130191292e+03 1.9541909899833971e+01
8 1.3004236603875133e+03 1.7991944625570781e+01
9 1.3783981910459204e+03 1.9070757231450987e+01
10 1.3232324643110412e+03 1.8307514658374803e+01
11 1.3547601259463549e+03 1.8743713998324726e+01
12 1.3364428175024923e+03 1.8490285820069904e+01
13 1.3388396176543067e+03 1.8523446625216401e+01
14 1.3429152194666606e+03 1.8579834404335934e+01
15 1.3277325809228726e+03 1.8369775790154392e+01
16 1.3450051727482835e+03 1.8608749845402105e+01
17 1.3195692023750803e+03 1.8256831786393583e+01
18 1.3443069584342356e+03 1.8599089737194458e+01
19 1.3132163294683537e+03 1.8168936940250095e+01
20 1.3418458874584653e+03 1.8565039716370887e+01
21 1.3079856800729719e+03 1.8096568559741360e+01
22 1.3382737217498220e+03 1.8515617201554353e+01
23 1.3034526903332162e+03 1.8033852613492225e+01
24 1.3340055733942868e+03 1.8456565454646249e+01
25 1.2993510853097434e+03 1.7977105068283539e+01
26 1.3293075319958771e+03 1.8391565944668372e+01
27 1.2955114809371184e+03 1.7923982419595511e+01
28 1.3243513570109308e+03 1.8322995040739094e+01
29 1.2918249965145862e+03 1.7872978254096502e+01
30 1.3192485335184438e+03 1.8252395188931160e+01
31 1.2882212246120853e+03 1.7823118453411499e+01
32 1.3140716232918080e+03 1.8180770313925866e+01
33 1.2846546044795284e+03 1.7773772664127499e+01
34 1.3088677968908032e+03 1.8108773041575361e+01
35 1.2810958289411074e+03 1.7724535408321938e+01
36 1.3036675101278292e+03 1.8036824741704660e+01
37 1.2775263299639173e+03 1.7675149788931176e+01
38 1.2984901357284687e+03 1.7965193444661519e+01
39 1.2739346838603390e+03 1.7625457754113100e+01
40 1.2933476589195861e+03 1.7894044971435399e+01
41 1.2703142383672889e+03 1.7575367266824177e+01
42 1.2882471280002658e+03 1.7823476838405522e+01
43 1.2666615286044655e+03 1.7524830388891324e+01
44 1.2831922934623615e+03 1.7753540935308916e+01
45 1.2629752087383679e+03 1.7473828500104396e+01
46 1.2781847130474296e+03 1.7684258814198710e+01
47 1.2592553284033731e+03 1.7422362287177272e+01
48 1.2732245007403351e+03 1.7615632052106633e+01
49 1.2555028382770465e+03 1.7370444903160475e+01
50 1.2683108376848529e+03 1.7547649319789535e+01
51 1.2517192522220000e+03 1.7318097293022255e+01
52 1.2634423194679075e+03 1.7480291186562582e+01
53 1.2479064168615034e+03 1.7265345005623832e+01
54 1.2586171941774678e+03 1.7413533413937031e+01
55 1.2440663539079239e+03 1.7212216012262608e+01
56 1.2538335239648611e+03 1.7347349190907313e+01
57 1.2402011533663356e+03 1.7158739229096220e+01
58 1.2490892942233640e+03 1.7281710644485784e+01
59 1.2363129023441263e+03 1.7104943532191520e+01
60 1.2443824862342349e+03 1.7216589844793187e+01
61 1.2324036388421791e+03 1.7050857118204835e+01
62 1.2397111252398997e+03 1.7151959470172748e+01
63 1.2284753213131285e+03 1.6996507083206797e+01
64 1.2350733099334116e+03 1.7087793215190050e+01
65 1.2245298121531121e+03 1.6941919194283319e+01
66 1.2304672309090590e+03 1.7024066045905496e+01
67 1.2205688672021286e+03 1.6887117744268334e+01
68 1.2258911806663732e+03 1.6960754338284229e+01
69 1.2165941326630204e+03 1.6832125509116548e+01
70 1.2213435565429847e+03 1.6897835918773517e+01
71 1.2126071450118968e+03 1.6776963746664091e+01
72 1.2168228618962241e+03 1.6835290080650736e+01
73 1.2086093333581048e+03 1.6721652229279783e+01
74 1.2123277032822953e+03 1.6773097544995959e+01
75 1.2046020237652631e+03 1.6666209303648575e+01
76 1.2078567863320579e+03 1.6711240403631564e+01
77 1.2005864443549763e+03 1.6610651961383724e+01
78 1.2034089109084236e+03 1.6649702052122628e+01
79 1.1965637310950437e+03 1.6554995919109246e+01
80 1.1989829658842923e+03 1.6588467117527340e+01
81 1.1925349333527631e+03 1.6499255695292391e+01
82 1.1945779226413667e+03 1.6527521368450195e+01
83 1.1885010204031685e+03 1.6443444700287998e+01
84 1.1901928302471074e+03 1.6466851648312979e+01
85 1.1844628864394631e+03 1.6387575305660118e+01
86 1.1858268092554183e+03 1.6406445789584492e+01
87 1.1804213570151912e+03 1.6331658933312319e+01
88 1.1814790463283928e+03 1.6346292539369987e+01
89 1.1763771933505870e+03 1.6275706115067976e+01
90 1.1771487897165023e+03 1.6286381496877549e+01
91 1.1723310979338485e+03 1.6219726570166401e+01
92 1.1728353439154494e+03 1.6226703039493270e+01
93 1.1682837191213919e+03 1.6163729268909417e+01
94 1.1685380650367192e+03 1.6167248258730741e+01
95 1.1642356550303452e+03 1.6107722486515772e+01
96 1.1642563576303844e+03 1.6108008916273132e+01
97 1.1601874578334687e+03 1.6051713862543266e+01
98 1.1599896696489427e+03 1.6048977374295642e+01
99 1.1561396376437206e+03 1.5995710454633482e+01
100 1.1557374897039729e+03 1.5990146557510085e+01
101 1.1520926651036018e+03 1.5939718774336519e+01
102 1.1514993435973161e+03 1.5931509905172241e+01
103 1.1480469756770656e+03 1.5883744846491492e+01
104 1.1472747910251790e+03 1.5873061325481640e+01
105 1.1440029715514747e+03 1.5827794235540960e+01
106 1.1430634233275518e+03 1.5814795164443748e+01
107 1.1399610245709309e+03 1.5771872086114852e+01
108 1.1388648605573208e+03 1.5756706165319823e+01
109 1.1359214789431510e+03 1.5715983160481318e+01
110 1.1346787494213863e+03 1.5698789440141374e+01
111 1.1318846530390590e+03 1.5660131863444899e+01
112 1.1305047609324818e+03 1.5641040437221999e+01
113 1.1278508414157504e+03 1.5604322270335123e+01
114 1.1263425889423236e+03 1.5583454920862883e+01
115 1.1238203171271252e+03 1.5548558158975174e+01
116 1.1221919476094629e+03 1.5526028936319367e+01
117 1.1197933329725083e+03 1.5492843026957098e+01
118 1.1180525705911346e+03 1.5468758798619834e+01
119 1.1157701230410592e+03 1.5437180113009417e+01
120 1.1139242088664689e+03 1.5411641062448858e+01
121 1.1117509047684214e+03 1.5381572425451784e+01
122 1.1098066298854737e+03 1.5354672510372987e+01
123 1.1077358792250170e+03 1.5326022746183678e+01
124 1.1056996160741160e+03 1.5297850132157889e+01
125 1.1037252332614751e+03 1.5270533660367358e+01
126 1.1016029635318014e+03 1.5241171106747382e+01
127 1.0997191401743462e+03 1.5215107565638332e+01
128 1.0975164815421499e+03 1.5184632795494807e+01
129 1.0957177605411766e+03 1.5159746683658978e+01
130 1.0934399909856177e+03 1.5128232720200934e+01
131 1.0917212434657351e+03 1.5104453077346813e+01
132 1.0893733238500747e+03 1.5071968556342584e+01
133 1.0877297275763158e+03 1.5049228664686465e+01
134 1.0853163221756413e+03 1.5015838118473972e+01
135 1.0837433411659586e+03 1.4994075220669689e+01
136 1.0812688376688338e+03 1.4959839354888238e+01
137 1.0797622035129630e+03 1.4938994395565256e+01
138 1.0772307304158733e+03 1.4903970329815493e+01
139 1.0757864254711308e+03 1.4883987723085236e+01
140 1.0732018690378586e+03 1.4848229225569712e+01
141 1.0718161096208798e+03 1.4829056622475720e+01
142 1.0691821292833733e+03 1.4792614323076817e+01
143 1.0678513515690349e+03 1.4774202416500014e+01
144 1.0651713940611248e+03 1.4737124002326256e+01
145 1.0638922397475110e+03 1.4719426328653322e+01
146 1.0611695529623889e+03 1.4681756735763809e+01
147 1.0599388563566888e+03 1.4664729496214786e+01
148 1.0571765012087012e+03 1.4626511073732422e+01
149 1.0559912776341996e+03 1.4610112973966228e+01
150 1.0531921400314054e+03 1.4571385649723435e+01
151 1.0520495743106139e+03 1.4555577740496814e+01
152 1.0492163758003435e+03 1.4516379168321615e+01
153 1.0481138117900543e+03 1.4501124700701919e+01
154 1.0452491196647675e+03 1.4461490400237015e+01
155 1.0441840510106263e+03 1.4446754697687561e+01
156 1.0412902872575380e+03 1.4406718178212413e+01
157 1.0402603481829765e+03 1.4392468509153254e+01
158 1.0373397988382967e+03 1.4352061399004192e+01
159 1.0363427553340696e+03 1.4338266854915387e+01
160 1.0333975781013501e+03 1.4297519006888852e+01
161 1.0324313207348844e+03 1.4284150402824604e+01
162 1.0294635529029156e+03 1.4243090003724806e+01
163 1.0285260887835179e+03 1.4230119767148492e+01
164 1.0255376543594573e+03 1.4188773436477435e+01
165 1.0246271007421276e+03 1.4176175518767504e+01
166 1.0216198166695400e+03 1.4134568394754369e+01
167 1.0207343943733525e+03 1.4122318180144692e+01
168 1.0177099774274255e+03 1.4080474015144231e+01
169 1.0168480047076575e+03 1.4068548235942247e+01
170 1.0138080767360663e+03 1.4026489468944501e+01
171 1.0129679638436947e+03 1.4014866130259421e+01
172 1.0099140573893503e+03 1.3972613964682962e+01
173 1.0090943013392655e+03 1.3961272272041651e+01
174 1.0060278648013265e+03 1.3918846747138494e+01
175 1.0052270441543748e+03 1.3907767034292700e+01
176 1.0021494466785288e+03 1.3865187092807540e+01
177 1.0013662172143225e+03 1.3854350761865273e+01
178 9.9827875258306881e+02 1.3811634303859293e+01
179 9.9751184302574188e+02 1.3801023766148733e+01
180 9.9441573467102148e+02 1.3758187718351589e+01
181 9.9366394212989587e+02 1.3747786331340668e+01
182 9.9056034660856039e+02 1.3704846695235156e+01
183 9.8982253330575179e+02 1.3694638717256513e+01
184 9.8671254400335761e+02 1.3651610620322227e+01
185 9.8598763320089324e+02 1.3641581154223056e+01
186 9.8287228417901179e+02 1.3598478903165647e+01
187 9.8215925727106787e+02 1.3588613856077496e+01
188 9.7903952593132908e+02 1.3545450973686911e+01
189 9.7833741900768166e+02 1.3535737009479487e+01
190 9.7521422962205042e+02 1.3492526283472930e+01
191 9.7452213053037531e+02 1.3482950782109693e+01
192 9.7139635705623994e+02 1.3439704304079630e+01
193 9.7071340264503499e+02 1.3430255323472398e+01
194 9.6758587122092081e+02 1.3386984523415878e+01
195 9.6691124481735199e+02 1.3377650764529685e+01
196 9.6378273645920319e+02 1.3334366448152609e+01
197 9.6311566502132700e+02 1.3325137215605432e+01
198 9.5998691833158387e+02 1.3281849601803847e+01
199 9.5932667049375641e+02 1.3272714776823960e+01
200 9.5619838332307449e+02 1.3229433520674698e+01
201 9.5554426703306524e+02 1.3220383528409084e+01
202 9.5241709908941220e+02 1.3177117757267776e+01
203 9.5176845945008301e+02 1.3168143536920784e+01
204 9.4864303432016777e+02 1.3124901878389252e+01
205 9.4799925167995514e+02 1.3115994856803564e+01
206 9.4487615845462631e+02 1.3072785461217924e+01
207 9.4423664670706341e+02 1.3063937529347687e+01
208 9.4111644193025109e+02 1.3020768096742838e+01
209 9.4048064648180002e+02 1.3011971581537699e+01
210 9.3736385591211445e+02 1.2968849386019837e+01
211 9.3673125252372472e+02 1.2960097034397393e+01
212 9.3361837237511247e+02 1.2917028941309038e+01
213 9.3298846505217557e+02 1.2908313890961411e+01
214 9.2987996415171301e+02 1.2865306386735446e+01
215 9.2925228388170683e+02 1.2856622148664025e+01
216 9.2614860447866215e+02 1.2813681352017444e+01
217 9.2552270815851898e+02 1.2805021795692538e+01
218 9.2242426760125363e+02 1.2762153480827113e+01
219 9.2179973606236229e+02 1.2753512806862977e+01
220 9.1870692806392583e+02 1.2710722420975344e+01
221 9.1808336550627428e+02 1.2702095153301283e+01
222 9.1499656116570554e+02 1.2659387830713092e+01
223 9.1437359359060179e+02 1.2650768794889450e+01
224 9.1129314270334839e+02 1.2608149375177616e+01
225 9.1067041698788205e+02 1.2599533685590540e+01
226 9.0759664895952494e+02 1.2557006726229025e+01
227 9.0697383169761201e+02 1.2548389770055799e+01
228 9.0390705672398622e+02 1.2505959562743115e+01
229 9.0328383340566677e+02 1.2497336988597372e+01
230 9.0022434340205234e+02 1.2455007572112352e+01
231 8.9960041708078302e+02 1.2446375271605477e+01
232 8.9654848648684492e+02 1.2404150442943982e+01
233 8.9592357756924855e+02 1.2395504547776195e+01
234 8.9287946419241746e+02 1.2353387873819660e+01
235 8.9225330891398619e+02 1.2344724734690688e+01
236 8.8921725518879407e+02 1.2302719569629605e+01
237 8.8858960491918151e+02 1.2294035746627086e+01
238 8.8556183822368700e+02 1.2252145236338883e+01
239 8.8493245909300640e+02 1.2243437493768035e+01
240 8.8191319253534607e+02 1.2201664586699369e+01
241 8.8128186447120675e+02 1.2192929879759957e+01
242 8.7827129783132591e+02 1.2151277339955977e+01
243 8.7763781374521648e+02 1.2142512803485559e+01
244 8.7463613380889774e+02 1.2100983215211350e+01
245 8.7400029932511427e+02 1.2092186159934878e+01
246 8.7100768085993741e+02 1.2050781941178293e+01
247 8.7036931317534709e+02 1.2041949837932433e+01
248 8.6738591940178787e+02 1.2000673246921966e+01
249 8.6674484724927765e+02 1.1991803726149387e+01
250 8.6377083001798781e+02 1.1950656863806914e+01
251 8.6312689282976487e+02 1.1941747703980186e+01
252 8.6016239401536120e+02 1.1900732533204664e+01
253 8.5951544118006268e+02 1.1891781650548024e+01
254 8.5656059241235596e+02 1.1850899992496929e+01
255 8.5591048331153445e+02 1.1841905441491086e+01
256 8.5296540675186986e+02 1.1801158986321422e+01
257 8.5231200980520168e+02 1.1792118946493581e+01
258 8.4937681873094891e+02 1.1751509261448563e+01
259 8.4872001123317079e+02 1.1742422035116366e+01
260 8.4579481023275616e+02 1.1701950567223788e+01
261 8.4513447784074401e+02 1.1692814572398829e+01
262 8.4221936322756721e+02 1.1652482654197772e+01
263 8.4155539961937461e+02 1.1643296419868234e+01
264 8.3865046014575012e+02 1.1603105279286776e+01
265 8.3798276641796258e+02 1.1593867437079558e+01
266 8.3508808331708326e+02 1.1553818198015362e+01
267 8.3441656792309186e+02 1.1544527481342065e+01
268 8.3153221536707258e+02 1.1504621169999607e+01
269 8.3085679340860975e+02 1.1495276404254621e+01
270 8.2798283914250248e+02 1.1455513957917082e+01
271 8.2730343237644547e+02 1.1446114060571711e+01
272 8.2443993739884445e+02 1.1406496323182001e+01
273 8.2375647377121084e+02 1.1397040297337076e+01
274 8.2090349337018165e+02 1.1357568033830383e+01
275 8.2021590649364248e+02 1.1348054960987433e+01
276 8.1737349013356868e+02 1.1308728855725686e+01
277 8.1668171944253220e+02 1.1299157897932583e+01
278 8.1384991106274401e+02 1.1259978558836128e+01
279 8.1315390119732592e+02 1.1250348950164042e+01
280 8.1033273950926264e+02 1.1211316912823003e+01
281 8.0963244025319307e+02 1.1201627958507316e+01
282 8.0682195906070922e+02 1.1162743690613183e+01
283 8.0611732500921369e+02 1.1152994762458476e+01
284 8.0331755331842680e+02 1.1114258665323895e+01
285 8.0260854365260002e+02 1.1104449198582303e+01
286 7.9981950615198525e+02 1.1065861613783401e+01
287 7.9910608422964060e+02 1.1055991101493840e+01
288 7.9632780127166109e+02 1.1017552310616074e+01
289 7.9560993485162658e+02 1.1007620306707462e+01
290 7.9284242268440835e+02 1.0969330534550945e+01
291 7.9212008323848420e+02 1.0959336644322848e+01
292 7.8936335448787429e+02 1.0921196065571833e+01
293 7.8863651723861813e+02 1.0911139946217220e+01
294 7.8589058052152723e+02 1.0873148680090535e+01
295 7.8515922454763279e+02 1.0863030042153751e+01
296 7.8242408522011351e+02 1.0825188162754783e+01
297 7.8168819265181139e+02 1.0815006758999552e+01
298 7.7896385265578158e+02 1.0777314293195609e+01
299 7.7822340903192514e+02 1.0767069923545479e+01
300 7.7550986720844139e+02 1.0729526855302057e+01
301 7.7476486104703690e+02 1.0719219360898499e+01
302 7.7206211320886177e+02 1.0681825632283291e+01
303 7.7131253598653848e+02 1.0671454895201645e+01
304 7.6862057518602580e+02 1.0634210410090848e+01
305 7.6786642094084914e+02 1.0623776347845075e+01
306 7.6518523750010866e+02 1.0586680972340737e+01
307 7.6442650311545253e+02 1.0576183541810920e+01
308 7.6175608487584861e+02 1.0539237107692864e+01
309 7.6099276934566979e+02 1.0528676294959940e+01
310 7.5833310178126078e+02 1.0491878601255250e+01
311 7.5756520684339409e+02 1.0481254430362943e+01
312 7.5491627275218184e+02 1.0444605239074257e+01
313 7.5414380217626842e+02 1.0433917762177247e+01
314 7.5150558279828738e+02 1.0397416813752024e+01
315 7.5072854235881448e+02 1.0386666110742929e+01
316 7.4810101621175227e+02 1.0350313107963746e+01
317 7.4731941401589211e+02 1.0339499291008933e+01
318 7.4470255811278264e+02 1.0303293915840802e+01
319 7.4391640374287556e+02 1.0292417117516244e+01
320 7.4131019305110328e+02 1.0256359023621702e+01
321 7.4051949826544239e+02 1.0245419406608660e+01
322 7.3792390604413424e+02 1.0209508224015732e+01
323 7.3712868386845707e+02 1.0198505968531126e+01
324 7.3454368180195968e+02 1.0162741305480049e+01
325 7.3374394726755543e+02 1.0151676619488509e+01
326 7.3116950527559209e+02 1.0116058059805162e+01
327 7.3036527465497898e+02 1.0104931168444274e+01
328 7.2780136136055114e+02 1.0069458278013810e+01
329 7.2699265252741168e+02 1.0058269428573990e+01
330 7.2443923489343797e+02 1.0022941750313567e+01
331 7.2362606703557356e+02 1.0011691208266654e+01
332 7.2108311097033300e+02 9.9765082705020234e+00
333 7.2026550458654492e+02 9.9651963194581263e+00
334 7.1773297436848475e+02 9.9301576279655830e+00
335 7.1691095113073425e+02 9.9187845677660071e+00
336 7.1438881029671245e+02 9.8838896180616249e+00
337 7.1356239292277860e+02 9.8724557630170331e+00
338 7.1105060356841727e+02 9.8377040306767434e+00
339 7.1021981597293927e+02 9.8262097116568974e+00
340 7.0771833938596103e+02 9.7916006610789772e+00
341 7.0688320629334419e+02 9.7800462201571108e+00
342 7.0439200252633850e+02 9.7455792986512204e+00
343 7.0355254992793857e+02 9.7339650954294008e+00
344 7.0107157832270150e+02 9.6996397404710510e+00
345 7.0022783261025961e+02 9.6879661400908539e+00
346 6.9775705161196868e+02 9.6537817767504350e+00
347 6.9690904045545005e+02 9.6420491620382407e+00
348 6.9444840746912814e+02 9.6080052009951409e+00
349 6.9359615906036777e+02 9.5962139619976305e+00
350 6.9114563108498862e+02 9.5623098083133637e+00
351 6.9028917439975589e+02 9.5504603459233035e+00
352 6.8784870735987295e+02 9.5166953897942985e+00
353 6.8698807203304159e+02 9.5047881140234587e+00
354 6.8455762145463143e+02 9.4711617401316524e+00
355 6.8369283784425500e+02 9.4591970709973197e+00
356 6.8127235837564558e+02 9.4257086518819868e+00
357 6.8040345729442561e+02 9.4136870156917087e+00
358 6.7799290332479222e+02 9.3803359203066332e+00
359 6.7711991611932967e+02 9.3682577507546938e+00
360 6.7471924113732280e+02 9.3350433355944915e+00
361 6.7384219985849347e+02 9.3229090761191333e+00
362 6.7145135713516572e+02 9.2898306946678577e+00
363 6.7057029403870240e+02 9.2776407915416126e+00
364 6.6818923610238244e+02 9.2446977870073983e+00
365 6.6730418422598621e+02 9.2324526973216781e+00
366 6.6493286331322656e+02 9.1996444088758054e+00
367 6.6404385568531518e+02 9.1873445895935841e+00
368 6.6168222374502648e+02 9.1546703524276811e+00
369 6.6078929408024669e+02 9.1423162700062193e+00
370 6.5843730240154503e+02 9.1097754101833566e+00
371 6.5754048451887809e+02 9.0973675325234264e+00
372 6.5519808441062605e+02 9.0649593763798801e+00
373 6.5429741253281190e+02 9.0524981769684416e+00
374 6.5196455475649361e+02 9.0202220432672569e+00
375 6.5106006326670513e+02 9.0077079978109289e+00
376 6.4873669848717168e+02 8.9755632039781936e+00
377 6.4782842214648281e+02 8.9629967934120245e+00
378 6.4551450051112374e+02 8.9309826497145135e+00
379 6.4460247421714973e+02 8.9183643568626625e+00
380 6.4229794603118978e+02 8.8864801757508669e+00
381 6.4138220481094379e+02 8.8738104852277733e+00
382 6.3908701979159548e+02 8.8420555710167790e+00
383 6.3816759899453939e+02 8.8293349718981027e+00
384 6.3588170697949772e+02 8.7977086305699164e+00
385 6.3495864190118004e+02 8.7849376111854021e+00
386 6.3268199236930081e+02 8.7534391437573351e+00
387 6.3175531872095837e+02 8.7406181981879634e+00
388 6.2948786104096223e+02 8.7092469041535558e+00
389 6.2855761424906223e+02 8.6963765225403886e+00
390 6.2629929790364429e+02 8.6651317029700703e+00
391 6.2536551372958570e+02 8.6522123800881037e+00
392 6.2311628782892728e+02 8.6210933308984057e+00
393 6.2217900199818746e+02 8.6081255610256413e+00
394 6.1993881576260753e+02 8.5771315796568999e+00
395 6.1899806409378914e+02 8.5641158583597736e+00
396 6.1676686648657949e+02 8.5332462386962398e+00
397 6.1582268482264544e+02 8.5201830618782193e+00
398 6.1360042501019484e+02 8.4894371006140812e+00
399 6.1265284917976885e+02 8.4763269639802452e+00
400 6.1043947597719875e+02 8.4457039529497493e+00
401 6.0948854185747950e+02 8.4325473528772346e+00
402 6.0728400446937837e+02 8.4020465893030813e+00
403 6.0632974771241447e+02 8.3888440190539697e+00
404 6.0413399501965193e+02 8.3584647956800584e+00
405 6.0317645159845938e+02 8.3452167529571657e+00
406 6.0098943263500348e+02 8.3149583646455856e+00
407 6.0002863802515560e+02 8.3016653402693770e+00
408 5.9785030188923565e+02 8.2715270827712981e+00
409 5.9688629199361162e+02 8.2581895734742119e+00
410 5.9471658763926587e+02 8.2281707405458597e+00
411 5.9374939782291813e+02 8.2147892356192589e+00
412 5.9158827462988938e+02 8.1848891269066701e+00
413 5.9061794040873622e+02 8.1714641177292133e+00
414 5.8846534737039372e+02 8.1416820275327719e+00
415 5.8749190419201443e+02 8.1282140045376181e+00
416 5.8534779073193056e+02 8.0985492331097628e+00
417 5.8437127383981988e+02 8.0850386839064718e+00
418 5.8223558916589604e+02 8.0554905285157385e+00
419 5.8125603374117736e+02 8.0419379398509303e+00
420 5.7912872749960445e+02 8.0125057038297811e+00
421 5.7814616845548346e+02 7.9989115587433171e+00
422 5.7602719012593946e+02 7.9695945431204400e+00
423 5.7504166241502185e+02 7.9559593251972966e+00
424 5.7293096180143618e+02 7.9267568354875397e+00
425 5.7194249998152713e+02 7.9130810228504522e+00
426 5.6984002684664563e+02 7.8839923639988703e+00
427 5.6884866568063683e+02 7.8702764376080383e+00
428 5.6675436994447284e+02 7.8413009167355527e+00
429 5.6576014365943490e+02 7.8275453501378500e+00
430 5.6367397543384823e+02 7.7986822770196662e+00
431 5.6267691846807861e+02 7.7848875466843843e+00
432 5.6059882782433465e+02 7.7561362305340635e+00
433 5.5959897410963640e+02 7.7423028059229173e+00
434 5.5752891157920612e+02 7.7136625623211730e+00
435 5.5652629506167602e+02 7.6997909130936364e+00
436 5.5446421094544326e+02 7.6712610544309037e+00
437 5.5345886535550358e+02 7.6573516472624998e+00
438 5.5140471043151581e+02 7.6289314925309881e+00
439 5.5039666927430005e+02 7.6149847909802659e+00
440 5.4835039423388264e+02 7.5866736579723462e+00
441 5.4733969080310624e+02 7.5726901226727925e+00
442 5.4530124683614508e+02 7.5444873360786415e+00
443 5.4428791409905818e+02 7.5304674231469484e+00
444 5.4225725228229715e+02 7.5023723060913747e+00
445 5.4124132322775517e+02 7.4883164719431550e+00
446 5.3921839500002420e+02 7.4603283525605883e+00
447 5.3819990213855954e+02 7.4462370469936392e+00
448 5.3618465897436590e+02 7.4183552539121234e+00
449 5.3516363495244138e+02 7.4042289286049003e+00
450 5.3315602852993982e+02 7.3764527932700323e+00
451 5.3213250538153079e+02 7.3622918914269535e+00
452 5.3013248771593987e+02 7.3346207499477583e+00
453 5.2910649755282304e+02 7.3204257158496571e+00
454 5.2711402066221569e+02 7.2928589043746532e+00
455 5.2608559507450400e+02 7.2786301750849116e+00
456 5.2410061143534369e+02 7.2511670361046550e+00
457 5.2306978198922855e+02 7.2369050483556894e+00
458 5.2109224398924471e+02 7.2095449231330617e+00
459 5.2005904192540652e+02 7.1952501091536982e+00
460 5.1808890236708748e+02 7.1679923446899538e+00
461 5.1705335874299510e+02 7.1536651341742052e+00
462 5.1509057042482993e+02 7.1265090774152702e+00
463 5.1405271604148618e+02 7.1121498965088241e+00
464 5.1209723220836486e+02 7.0850949005767809e+00
465 5.1105709750978036e+02 7.0707041704861808e+00
466 5.0910887144326375e+02 7.0437495890104671e+00
467 5.0806648679430219e+02 7.0293277298472212e+00
468 5.0612547205691294e+02 7.0024729203445109e+00
469 5.0508086742029474e+02 6.9880203466562953e+00
470 5.0314701773779410e+02 6.9612646689017392e+00
471 5.0210022304853590e+02 6.9467817948529369e+00
472 5.0017349229792512e+02 6.9201246107141587e+00
473 4.9912453696278567e+02 6.9056118431604663e+00
474 4.9720487948309108e+02 6.8790525208974156e+00
475 4.9615379280058255e+02 6.8645102651968903e+00
476 4.9424116285616748e+02 6.8380481720365198e+00
477 4.9318797383160182e+02 6.8234768294906623e+00
478 4.9128232618315621e+02 6.7971113395268254e+00
479 4.9022706351049169e+02 6.7825113071294192e+00
480 4.8832835285445617e+02 6.7562417935670522e+00
481 4.8727104513258149e+02 6.7416134669965491e+00
482 4.8537922662437097e+02 6.7154393093907032e+00
483 4.8431990193387713e+02 6.7007830771546750e+00
484 4.8243493076976881e+02 6.6747036556257493e+00
485 4.8137361725397352e+02 6.6600199070996204e+00
486 4.7949544894068123e+02 6.6340346060630440e+00
487 4.7843217406647386e+02 6.6193237212635472e+00
488 4.7656076444543265e+02 6.5934319297657673e+00
489 4.7549555577748521e+02 6.5786942900625052e+00
490 4.7363086062783958e+02 6.5528953962881511e+00
491 4.7256374523921193e+02 6.5381313762490487e+00
492 4.7070572087759530e+02 6.5124247758191505e+00
493 4.6963672571542980e+02 6.4976347482700110e+00
494 4.6778532834081244e+02 6.4720198351776750e+00
495 4.6671448003158298e+02 6.4572041685077064e+00
496 4.6486966643938251e+02 6.4316803449981581e+00
497 4.6379699120354849e+02 6.4168394019791766e+00
498 4.6195871815745869e+02 6.3914060698587267e+00
499 4.6088424215399039e+02 6.3765402124118191e+00
500 4.5905246676105691e+02 6.3511967782372043e+00
501 4.5797621573677299e+02 6.3363063625811558e+00
502 4.5615089517916402e+02 6.3110522339484687e+00
503 4.5507289478144190e+02 6.2961376149262493e+00
504 4.5325398659970119e+02 6.2709722043898672e+00
505 4.5217426198652294e+02 6.2560337300734430e+00
506 4.5036172384940437e+02 6.2309564519615890e+00
507 4.4928030019158405e+02 6.2159944706004628e+00
508 4.4747408998306742e+02 6.1910047422191079e+00
509 4.4639099185316871e+02 6.1760195937857194e+00
510 4.4459106782745260e+02 6.1511168375629754e+00
511 4.4350631979844957e+02 6.1361088620354431e+00
512 4.4171264019077859e+02 6.1112925001371874e+00
513 4.4062626640787005e+02 6.0962620315751668e+00
514 4.3883878989365536e+02 6.0715314922571757e+00
515 4.3775081434591499e+02 6.0564788625602608e+00
516 4.3596949957291150e+02 6.0318335736956765e+00
517 4.3487994591685174e+02 6.0167591101623277e+00
518 4.3310475206395387e+02 5.9921985069728452e+00
519 4.3201364359149704e+02 5.9771025318572555e+00
520 4.3024452980961996e+02 5.9526260491774634e+00
521 4.2915188970230946e+02 5.9375088832066831e+00
522 4.2738881550265569e+02 5.9131159608559081e+00
523 4.2629466656156706e+02 5.8979779194930435e+00
524 4.2453759149945597e+02 5.8736679979009887e+00
525 4.2344195642591126e+02 5.8585093952290137e+00
526 4.2169084041962134e+02 5.8342819198470828e+00
527 4.2059374137918900e+02 5.8191030625365787e+00
528 4.1884854450694735e+02 5.7949574810291375e+00
529 4.1775000369996764e+02 5.7797586762317694e+00
530 4.1601068621599421e+02 5.7556944386981250e+00
531 4.1491072525631370e+02 5.7404759854511545e+00
532 4.1317724778748322e+02 5.7164925471464567e+00
533 4.1207588825570855e+02 5.7012547440272572e+00
534 4.1034821139211499e+02 5.6773515596977804e+00
535 4.0924547452813403e+02 5.6620947005697264e+00
536 4.0752355924066046e+02 5.6382712302301323e+00
537 4.0641946609034238e+02 5.6229956062722639e+00
538 4.0470327336812454e+02 5.5992513101897474e+00
539 4.0359784463606309e+02 5.5839572078594051e+00
540 4.0188733594800783e+02 5.5602915529390096e+00
541 4.0078059203916104e+02 5.5449792545479415e+00
542 3.9907572879789097e+02 5.5213917069159937e+00
543 3.9796768999602421e+02 5.5060614930991907e+00
544 3.9626843397182211e+02 5.4825515238304048e+00
545 3.9515912016020354e+02 5.4672036696818003e+00
546 3.9346543316874079e+02 5.4437707504788637e+00
547 3.9235486417448163e+02 5.4284055303154348e+00
548 3.9066670834725267e+02 5.4050491372505878e+00
549 3.8955490346105580e+02 5.3896668179678606e+00
550 3.8787224110926763e+02 5.3663864295997472e+00
551 3.8675921961437450e+02 5.3509872779900167e+00
552 3.8508201321529390e+02 5.3277823751747926e+00
553 3.8396779388007883e+02 5.3123666509069363e+00
554 3.8229600622921532e+02 5.2892367189037870e+00
555 3.8118060777540006e+02 5.2738046810012236e+00
556 3.7951420163549091e+02 5.2507492046159179e+00
557 3.7839764244499241e+02 5.2353011074007112e+00
558 3.7673658095597517e+02 5.2123195766577526e+00
559 3.7561887921123599e+02 5.1968556716921519e+00
560 3.7396312552990497e+02 5.1739475768492635e+00
561 3.7284429908970725e+02 5.1584681112175303e+00
562 3.7119381681053369e+02 5.1356329485878938e+00
563 3.7007388322470314e+02 5.1201381650997373e+00
564 3.6842863591428488e+02 5.0973754306108905e+00
565 3.6730761260770657e+02 5.0818655703474125e+00
566 3.6566756416393838e+02 5.0591747645105380e+00
567 3.6454546818790874e+02 5.0436500633840717e+00
568 3.6291058250923413e+02 5.0210306867179426e+00
569 3.6178743088544871e+02 5.0054913802312813e+00
570 3.6015767215574681e+02 4.9829429372037994e+00
571 3.5903348138501519e+02 4.9673892536530451e+00
572 3.5740881398350189e+02 4.9449112514346858e+00
573 3.5628360053851111e+02 4.9293434187268517e+00
574 3.5466398895982786e+02 4.9069353660850545e+00
575 3.5353776886601361e+02 4.8913536059392317e+00
576 3.5192317786872752e+02 4.8690150152929652e+00
577 3.5079596711155114e+02 4.8534195488751815e+00
578 3.4918636144255686e+02 4.8311499324819200e+00
579 3.4805817566408706e+02 4.8155409762072114e+00
580 3.4645352041603763e+02 4.7933398511081551e+00
581 3.4532437503423944e+02 4.7777176182909837e+00
582 3.4372463533226875e+02 4.7555845019767151e+00
583 3.4259454549137462e+02 4.7399492021443290e+00
584 3.4099968684110229e+02 4.7178836173696244e+00
585 3.3986866738016141e+02 4.7022354558269264e+00
586 3.3827865522777188e+02 4.6802369245242481e+00
587 3.3714672088748830e+02 4.6645761052154890e+00
588 3.3556152101779986e+02 4.6426441540024532e+00
589 3.3442868614184454e+02 4.6269708753787544e+00
590 3.3284826433895421e+02 4.6051050308629957e+00
591 3.3171454323803761e+02 4.5894194909194557e+00
592 3.3013886555143711e+02 4.5676192833804636e+00
593 3.2900427204040460e+02 4.5519216732516652e+00
594 3.2743330468246972e+02 4.5301866352225035e+00
595 3.2629785255422610e+02 4.5144771457394697e+00
596 3.2473156185149071e+02 4.4928068113326320e+00
597 3.2359526447102598e+02 4.4770856274059954e+00
598 3.2203361696010444e+02 4.4554795336405313e+00
599 3.2089648764726815e+02 4.4397468395563839e+00
600 3.1933944989375658e+02 4.4182045238523191e+00
601 3.1820150162018973e+02 4.4024604990791332e+00
602 3.1664904046755959e+02 4.3809815027010233e+00
603 3.1551028602978738e+02 4.3652263242844640e+00
604 3.1396236836340506e+02 4.3438101890765006e+00
605 3.1282282025232780e+02 4.3280440298337766e+00
606 3.1127941325187641e+02 4.3066903017121545e+00
607 3.1013908376432784e+02 4.2909133317754753e+00
608 3.0860015458865519e+02 4.2696215563681230e+00
609 3.0745905582858859e+02 4.2538339432011130e+00
610 3.0592457186868870e+02 4.2326036693478075e+00
611 3.0478271566422120e+02 4.2168055765977712e+00
612 3.0325264440539365e+02 4.1956363544430468e+00
613 3.0211004241046601e+02 4.1798279433474823e+00
614 3.0058435149628707e+02 4.1587193252257046e+00
615 2.9944101505321277e+02 4.1429007527106059e+00
616 2.9791967231156315e+02 4.1218522935060751e+00
617 2.9677561256635545e+02 4.1060237137815347e+00
618 2.9525858591035762e+02 4.0850349695579071e+00
619 2.9411381378662890e+02 4.0691965337570029e+00
620 2.9260107129425438e+02 4.0482670628586961e+00
621 2.9145559747477250e+02 4.0324189187823123e+00
622 2.8994710732892605e+02 4.0115482810055427e+00
623 2.8880094231055119e+02 3.9956905738824493e+00
624 2.8729667280777409e+02 3.9748783305956459e+00
625 2.8614982682743994e+02 3.9590112020584107e+00
626 2.8464974645993044e+02 3.9382569173370037e+00
627 2.8350222952036489e+02 3.9223805057778542e+00
628 2.8200630683663729e+02 3.9016837444764318e+00
629 2.8085812873964977e+02 3.8857981855077979e+00
630 2.7936633247355877e+02 3.8651585150452163e+00
631 2.7821750279018107e+02 3.8492639410866154e+00
632 2.7672980171781779e+02 3.8286809294660902e+00
633 2.7558032984132581e+02 3.8127774704777075e+00
634 2.7409669290633252e+02 3.7922506880205997e+00
635 2.7294658794382030e+02 3.7763384700031670e+00
636 2.7146698420968897e+02 3.7558674886890113e+00
637 2.7031625510266872e+02 3.7399466353523598e+00
638 2.6884065372375977e+02 3.7195310284178982e+00
639 2.6768930914270538e+02 3.7036016597219232e+00
640 2.6621767944913313e+02 3.6832410028355302e+00
641 2.6506572786673729e+02 3.6673032360037361e+00
642 2.6359803921350175e+02 3.6469971051780914e+00
643 2.6244548892397046e+02 3.6310510549645376e+00
644 2.6098171084284382e+02 3.6107990286580440e+00
645 2.5982856986198459e+02 3.5948448059650233e+00
646 2.5836867193528440e+02 3.5746464633354003e+00
647 2.5721494814013363e+02 3.5586841771452442e+00
648 2.5575890009944490e+02 3.5385390994153942e+00
649 2.5460460106033872e+02 3.5225688544670986e+00
650 2.5315237275057453e+02 3.5024766244278682e+00
651 2.5199750587431006e+02 3.4864985231977936e+00
652 2.5054906722032763e+02 3.4664587247460932e+00
653 2.4939363967447343e+02 3.4504728664007649e+00
654 2.4794896071172954e+02 3.4304850849636987e+00
655 2.4679297949487940e+02 3.4144915663318018e+00
656 2.4535203033318592e+02 3.3945553883652102e+00
657 2.4419550217008623e+02 3.3785543024866267e+00
658 2.4275825306965297e+02 3.3586693165271733e+00
659 2.4160118452503593e+02 3.3426607542279174e+00
660 2.4016760577103923e+02 3.3228265491576887e+00
661 2.3901000314650005e+02 3.3068105976231577e+00
662 2.3758006522220961e+02 3.2870267650649505e+00
663 2.3642193463619924e+02 3.2710035089466563e+00
664 2.3499560798061748e+02 3.2512696399108103e+00
665 2.3383695536104014e+02 3.2352391612239679e+00
666 2.3241421062357949e+02 3.2155548496319390e+00
667 2.3125504164412325e+02 3.1995172268745669e+00
668 2.2983584944881073e+02 3.1798820662965932e+00
669 2.2867616966380101e+02 3.1638373763152750e+00
670 2.2726050079598670e+02 3.1442509625535711e+00
671 2.2610031540686597e+02 3.1281992773125964e+00
672 2.2468814073859858e+02 3.1086612073688911e+00
673 2.2352745487726244e+02 3.0926025978703375e+00
674 2.2211874531328462e+02 3.0731124691986951e+00
675 2.2095756378180079e+02 3.0570470018813229e+00
676 2.1955229038065019e+02 3.0376044140636309e+00
677 2.1839061787039918e+02 3.0215321538347948e+00
678 2.1698875167242997e+02 3.0021367062013629e+00
679 2.1582659261209432e+02 2.9860577143338713e+00
680 2.1442810482452208e+02 2.9667090085236136e+00
681 2.1326546346725959e+02 2.9506233438618126e+00
682 2.1187032529139361e+02 2.9313209814319254e+00
683 2.1070720564711530e+02 2.9152286994547327e+00
684 2.0931538844725253e+02 2.8959722842174198e+00
685 2.0815179435420418e+02 2.8798734380286874e+00
686 2.0676326944747041e+02 2.8606625731435193e+00
687 2.0559920454545582e+02 2.8445572131015653e+00
688 2.0421394342955955e+02 2.8253915042265554e+00
689 2.0304941108776396e+02 2.8092796769455681e+00
690 2.0166738525314611e+02 2.7901587296381782e+00
691 2.0050238874080441e+02 2.7740404803494898e+00
692 1.9912356975947279e+02 2.7549639012956972e+00
693 1.9795811203194225e+02 2.7388392708880005e+00
694 1.9658247157522129e+02 2.7198066681478728e+00
695 1.9541655545231924e+02 2.7036756956346051e+00
696 1.9404406522578660e+02 2.6846866777421177e+00
697 1.9287769333559638e+02 2.6685493994839913e+00
698 1.9150832525565491e+02 2.6496035778899811e+00
699 1.9034150044236628e+02 2.6334600332376370e+00
700 1.8897522750914183e+02 2.6145570343867353e+00
701 1.8780795528118867e+02 2.5984072995518264e+00
702 1.8644475834176058e+02 2.5795468584547847e+00
703 1.8527706406178544e+02 2.5633912843408475e+00
704 1.8391697428831228e+02 2.5445738322784615e+00
705 1.8274900619044595e+02 2.5284144697711830e+00
706 1.8139234607570933e+02 2.5096444685757353e+00
707 1.8022492187710239e+02 2.4934926311586674e+00
708 1.7887350100027382e+02 2.4747951171696538e+00
709 1.7771064023499102e+02 2.4587064168994801e+00
710 1.7637290606453826e+02 2.4401982646321274e+00
711 1.7523193115533357e+02 2.4244123649973428e+00
712 1.7394189866270364e+02 2.4065641868384895e+00
713 1.7288744054501913e+02 2.3919752858201013e+00
714 1.7176261176762395e+02 2.3764127751609889e+00
715 1.7100033067242452e+02 2.3658662742999845e+00
716 1.7038368986986532e+02 2.3573347722122677e+00
717 1.7046154954707626e+02 2.3584119957691865e+00
718 1.7118245450396009e+02 2.3683860391979934e+00
719 1.7329606918087686e+02 2.3976288462809929e+00
720 1.7697318182941208e+02 2.4485033490831931e+00
721 1.8318501404448352e+02 2.5344468339961006e+00
722 1.9222031551587733e+02 2.6594542824919341e+00
723 2.0500909445242667e+02 2.8363927752801192e+00
724 2.2133038988577727e+02 3.0622052182549879e+00
725 2.4098495920358664e+02 3.3341350005077133e+00
726 2.6149492964907000e+02 3.6178996410382211e+00
727 2.7961444570719209e+02 3.8685912729197320e+00
728 2.8993145354040956e+02 4.0113317038201624e+00
729 2.8919292285344687e+02 4.0011138005099767e+00
730 2.7684028456258329e+02 3.8302095091787232e+00
731 2.5804592577506509e+02 3.5701811254461688e+00
732 2.3927389810293587e+02 3.3104617027112839e+00
733 2.2720072195938684e+02 3.1434238955363765e+00
734 2.2485735948803713e+02 3.1110024246677206e+00
735 2.3276040053662967e+02 3.2203445423569037e+00
736 2.4648145366733428e+02 3.4101814667778174e+00
737 2.5856469445646076e+02 3.5773585228386233e+00
738 2.6024233697168620e+02 3.6005694595163247e+00
739 2.5021722409317357e+02 3.4618675262390211e+00
740 2.3497745503509506e+02 3.2510184857672964e+00
741 2.2477896540933560e+02 3.1099178074264824e+00
742 2.2495805692193193e+02 3.1123956188318691e+00
743 2.3489211901355898e+02 3.2498378236332450e+00
744 2.4612620007580713e+02 3.4052663739957567e+00
745 2.4866702612799367e+02 3.4404198420744021e+00
746 2.3914328964157176e+02 3.3086546760659874e+00
747 2.2642790342525811e+02 3.1327316044813864e+00
748 2.2081328693871137e+02 3.0550508670441245e+00
749 2.2648801622213125e+02 3.1335632919887542e+00
750 2.3708693239849475e+02 3.2802040512620616e+00
751 2.4134343708734730e+02 3.3390947028190290e+00
752 2.3346302929039240e+02 3.2300657263180335e+00
753 2.2206205070665169e+02 3.0723280738864749e+00
754 2.1825006920010648e+02 3.0195875999404502e+00
755 2.2526678055999153e+02 3.1166669488374441e+00
756 2.3415178641878671e+02 3.2395949901202972e+00
757 2.3355674929400325e+02 3.2313623846045894e+00
758 2.2322789020865142e+02 3.0884579863151918e+00
759 2.1572056360250022e+02 2.9845907554285307e+00
760 2.1873649434109436e+02 3.0263175099441884e+00
761 2.2783921103510195e+02 3.1522576782828970e+00
762 2.2979596556442124e+02 3.1793302548667901e+00
763 2.2130581276267401e+02 3.0618651827331815e+00
764 2.1321713975194220e+02 2.9499547635855716e+00
765 2.1561186150389261e+02 2.9830868131377173e+00
766 2.2389458152345449e+02 3.0976819596891545e+00
767 2.2537816575375646e+02 3.1182080129532186e+00
768 2.1668758159360928e+02 2.9979698830758856e+00
769 2.1036954827655134e+02 2.9105570582821993e+00
770 2.1427307728184820e+02 2.9645641329356103e+00
771 2.2175006115657703e+02 3.0680115585232990e+00
772 2.1975400321748640e+02 3.0403952016363074e+00
773 2.1091216133106758e+02 2.9180643532717867e+00
774 2.0816624418014570e+02 2.8800733578518254e+00
775 2.1485853400291205e+02 2.9726641892687211e+00
776 2.1880735799679320e+02 3.0272979404055342e+00
777 2.1249541304384229e+02 2.9399693508601068e+00
778 2.0565795191408100e+02 2.8453700092966816e+00
779 2.0880235655282954e+02 2.8888742578458761e+00
780 2.1523449222325729e+02 2.9778657398772084e+00
781 2.1271919328069708e+02 2.9430654508100176e+00
782 2.0467097589497655e+02 2.8317147533801581e+00
783 2.0452582299783955e+02 2.8297064979422712e+00
784 2.1109726592645453e+02 2.9206253583746533e+00
785 2.1144690839194453e+02 2.9254628187112095e+00
786 2.0371755835619493e+02 2.8185237940910177e+00
787 2.0151748077620081e+02 2.7880847339623989e+00
788 2.0744490030882636e+02 2.8700932418449350e+00
789 2.0930222561085429e+02 2.8957901704718720e+00
790 2.0221529242252311e+02 2.7977392710814546e+00
791 1.9914803880752680e+02 2.7553024415507226e+00
792 2.0453374102298170e+02 2.8298160473716156e+00
793 2.0678940181585645e+02 2.8610241261813938e+00
794 2.0008687221268684e+02 2.7682916228097301e+00
795 1.9708162632243904e+02 2.7267126979634608e+00
796 2.0230160909132664e+02 2.7989335009103042e+00
797 2.0409142495604124e+02 2.8236964061917393e+00
798 1.9744099262387215e+02 2.7316846919317603e+00
799 1.9527427121076448e+02 2.7017071293333879e+00
800 2.0058645248925231e+02 2.7752035400147084e+00
801 2.0113790503525794e+02 2.7828331333338632e+00
802 1.9447587329506922e+02 2.6906609360612048e+00
803 1.9386618116157672e+02 2.6822255719267392e+00
804 1.9912921824457513e+02 2.7550420506206255e+00
805 1.9774636983602394e+02 2.7359097226339157e+00
806 1.9151877695212715e+02 2.6497481817986150e+00
807 1.9302883926538195e+02 2.6706405712166492e+00
808 1.9749764928550471e+02 2.7324685622578810e+00
809 1.9382743208772203e+02 2.6816894611096860e+00
810 1.8906495636817951e+02 2.6157984733979576e+00
811 1.9273608972580939e+02 2.6665902500285674e+00
812 1.9509960314131419e+02 2.6992905182479907e+00
813 1.8964585715664293e+02 2.6238354963600514e+00
814 1.8766189944999465e+02 2.5963865516162641e+00
815 1.9249059524163249e+02 2.6631937237273791e+00
816 1.9147549966948969e+02 2.6491494211819968e+00
817 1.8597753774902012e+02 2.5730826519899410e+00
818 1.8752118522362181e+02 2.5944397071792937e+00
819 1.9125910368519033e+02 2.6461554856782783e+00
820 1.8687288076175327e+02 2.5854701241628071e+00
821 1.8385952205771275e+02 2.5437789548988436e+00
822 1.8795278362423693e+02 2.6004110646383221e+00
823 1.8807096737447233e+02 2.6020461898322487e+00
824 1.8260339886072052e+02 2.5263999270546065e+00
825 1.8375403988506005e+02 2.5423195617278620e+00
826 1.8722812235383668e+02 2.5903850509271815e+00
827 1.8326005477585556e+02 2.5354850561729454e+00
828 1.8041173202163455e+02 2.4960772332989545e+00
829 1.8449883380360964e+02 2.5526241196563242e+00
830 1.8385432651864451e+02 2.5437070722854589e+00
831 1.7899595061278654e+02 2.4764892624815711e+00
832 1.8077088144211399e+02 2.5010462266219817e+00
833 1.8342789125671553e+02 2.5378071491659959e+00
834 1.7878967551755753e+02 2.4736353540177025e+00
835 1.7761587325306377e+02 2.4573952731983115e+00
836 1.8142430040809811e+02 2.5100865710969358e+00
837 1.7914833003315997e+02 2.4785975001097746e+00
838 1.7538063992922787e+02 2.4264698175850983e+00
839 1.7865255655515159e+02 2.4717382516703119e+00
840 1.7896051214619450e+02 2.4759989554009159e+00
841 1.7433117028407031e+02 2.4119499343216200e+00
842 1.7555548339019097e+02 2.4288888552907442e+00
843 1.7811079613160155e+02 2.4642427532125759e+00
844 1.7380497447293070e+02 2.4046697792578384e+00
845 1.7295277232815428e+02 2.3928791803432965e+00
846 1.7634168433970987e+02 2.4397662980651247e+00
847 1.7361837351981552e+02 2.4020880713746351e+00
848 1.7079234650802385e+02 2.3629887200975510e+00
849 1.7420285853375464e+02 2.4101746837038314e+00
850 1.7314488368943830e+02 2.3955371271951211e+00
851 1.6932446592265686e+02 2.3426799338047797e+00
852 1.7173563967696154e+02 2.3760396041887772e+00
853 1.7247239790357503e+02 2.3862329847150234e+00
854 1.6813431390212725e+02 2.3262136467772128e+00
855 1.6945412394260188e+02 2.3444738106667375e+00
856 1.7130154095283316e+02 2.3700336536324631e+00
857 1.6730464531815448e+02 2.3147348097834550e+00
858 1.6722740230051735e+02 2.3136661179883329e+00
859 1.6996228612817913e+02 2.3515044624321710e+00
860 1.6642340749897025e+02 2.3025424892899964e+00
861 1.6535885894795871e+02 2.2878139826006274e+00
862 1.6829402631478925e+02 2.3284233396428244e+00
863 1.6564183761300683e+02 2.2917291193570950e+00
864 1.6357642135522156e+02 2.2631531590214053e+00
865 1.6665529781989611e+02 2.3057507958906780e+00
866 1.6465060802851730e+02 2.2780150134556010e+00
867 1.6208749135270534e+02 2.2425531446009970e+00
868 1.6486862365825090e+02 2.2810313574803680e+00
869 1.6368058035838362e+02 2.2645942455489974e+00
870 1.6059411045827247e+02 2.2218915500945462e+00
871 1.6323722591223782e+02 2.2584602379270668e+00
872 1.6248828225193867e+02 2.2480982664601994e+00
873 1.5929449021664894e+02 2.2039107211279356e+00
874 1.6154288028043649e+02 2.2350182061396238e+00
875 1.6133284222632639e+02 2.2321122354518206e+00
876 1.5791387600657973e+02 2.1848093042793377e+00
877 1.6004275074475521e+02 2.2142632411545065e+00
878 1.5999069081018982e+02 2.2135429686091483e+00
879 1.5666492737080750e+02 2.1675295397076138e+00
880 1.5850011888759386e+02 2.1929202374879799e+00
881 1.5871506813407461e+02 2.1958941567250672e+00
882 1.5530103520195345e+02 2.1486594797996301e+00
883 1.5714936442147209e+02 2.1742319435900028e+00
884 1.5728203544058010e+02 2.1760675066468131e+00
885 1.5404669301102282e+02 2.1313050929730970e+00
886 1.5575257001734809e+02 2.1549066664992913e+00
887 1.5592865048105352e+02 2.1573428186927148e+00
888 1.5267704426322663e+02 2.1123553882134281e+00
889 1.5453289826618430e+02 2.1380319607578002e+00
890 1.5442814294377280e+02 2.1365826238859227e+00
891 1.5142260127000014e+02 2.0949996067419181e+00
892 1.5325569143963389e+02 2.1203612314419029e+00
893 1.5300338934463130e+02 2.1168705187914969e+00
894 1.5007509886654145e+02 2.0763563065895450e+00
895 1.5213346126242007e+02 2.1048346735818599e+00
896 1.5143035433125567e+02 2.0951068738218992e+00
897 1.4886723958825485e+02 2.0596450317086044e+00
898 1.5093118518358642e+02 2.0882006447696058e+00
899 1.4992560935604632e+02 2.0742880521607301e+00
900 1.4760286680756093e+02 2.0421518671736365e+00
901 1.4984612523507724e+02 2.0731883536957993e+00
902 1.4827807840597433e+02 2.0514937224929848e+00
903 1.4651143728995751e+02 2.0270514502544441e+00
904 1.4863807189878793e+02 2.0564743939353498e+00
905 1.4670964048495929e+02 2.0297936803581478e+00
906 1.4539955510449187e+02 2.0116680615016622e+00
907 1.4748729445421512e+02 2.0405528718269776e+00
908 1.4503411257776997e+02 2.0066120002310992e+00
909 1.4448076502797912e+02 1.9989561886846026e+00
910 1.4615238077717567e+02 2.0220837423510853e+00
911 1.4348843696836477e+02 1.9852268848870531e+00
912 1.4354621071187447e+02 1.9860262105419928e+00
913 1.4480903271941790e+02 2.0034979194348495e+00
914 1.4191510763629626e+02 1.9634591678863276e+00
915 1.4277345953300718e+02 1.9753348513772560e+00
916 1.4323803333488365e+02 1.9817624383033210e+00
917 1.4056047189504605e+02 1.9447171748060648e+00
918 1.4191836219182292e+02 1.9635041961218176e+00
919 1.4164257367709675e+02 1.9596885383200799e+00
920 1.3927531106762947e+02 1.9269363983205452e+00
921 1.4111185731480893e+02 1.9523458394035427e+00
922 1.3986215059755239e+02 1.9350555864344579e+00
923 1.3828066637775746e+02 1.9131750429042935e+00
924 1.4008226518353763e+02 1.9381009704604195e+00
925 1.3815608594948071e+02 1.9114514168005381e+00
926 1.3738516799950801e+02 1.9007854211798232e+00
927 1.3894962492304012e+02 1.9224303844288715e+00
928 1.3643029185854536e+02 1.8875742814752754e+00
929 1.3673023781322550e+02 1.8917241682942072e+00
930 1.3748424641344107e+02 1.9021562154766156e+00
931 1.3497338052131320e+02 1.8674172596505294e+00
932 1.3603545990599474e+02 1.8821116043162180e+00
933 1.3588660532537705e+02 1.8800521344270451e+00
934 1.3368907178636368e+02 1.8496482722464838e+00
935 1.3535070729846009e+02 1.8726377448562115e+00
936 1.3405859396577728e+02 1.8547607773418990e+00
937 1.3279267664153653e+02 1.8372462433541807e+00
938 1.3435417953724209e+02 1.8588503363032669e+00
939 1.3232506515795117e+02 1.8307766287391700e+00
940 1.3206473157042990e+02 1.8271747967873710e+00
941 1.3312750710910277e+02 1.8418787730557784e+00
942 1.3068293684327600e+02 1.8080570469554045e+00
943 1.3154899559445903e+02 1.8200393582347401e+00
944 1.3149241544907582e+02 1.8192565465452495e+00
945 1.2944969468643373e+02 1.7909945885645648e+00
946 1.3087156304068611e+02 1.8106667750018195e+00
947 1.2974101416348753e+02 1.7950251241962685e+00
948 1.2851177223318876e+02 1.7780180107338952e+00
949 1.2999757170034894e+02 1.7985747127935012e+00
950 1.2792080611912313e+02 1.7698417294774549e+00
951 1.2796161220656914e+02 1.7704063000001846e+00
952 1.2863652358513582e+02 1.7797440016432944e+00
953 1.2643973166951838e+02 1.7493504001550588e+00
954 1.2742232524644224e+02 1.7629450230183399e+00
955 1.2699872973322564e+02 1.7570843890960364e+00
956 1.2529882133588823e+02 1.7335653939523126e+00
957 1.2677557754494720e+02 1.7539969784798803e+00
958 1.2513961739474011e+02 1.7313627360181620e+00
959 1.2465948592358829e+02 1.7247199017595303e+00
960 1.2562954555606734e+02 1.7381411118795180e+00
961 1.2353136033322062e+02 1.7091117782142111e+00
962 1.2416368591030339e+02 1.7178602861926149e+00
963 1.2410776703496037e+02 1.7170866234707325e+00
964 1.2227422543782643e+02 1.6917187530688020e+00
965 1.2363283430269134e+02 1.7105157160963547e+00
966 1.2226322534535835e+02 1.6915665618555915e+00
967 1.2158609719991121e+02 1.6821981902483956e+00
968 1.2259882188230614e+02 1.6962096904706914e+00
969 1.2061847400273608e+02 1.6688106893036612e+00
970 1.2111553317843851e+02 1.6756877259474001e+00
971 1.2112817060135231e+02 1.6758625703617251e+00
972 1.1934837014482549e+02 1.6512382327448183e+00
973 1.2062428295773964e+02 1.6688910588016488e+00
974 1.1929777631021848e+02 1.6505382443499796e+00
975 1.1868899552717606e+02 1.6421154891577627e+00
976 1.1959521798907848e+02 1.6546534833896871e+00
977 1.1768471975353847e+02 1.6282208833777467e+00
978 1.1825473162856386e+02 1.6361072533383783e+00
979 1.1809338156504712e+02 1.6338749028386494e+00
980 1.1650523225031512e+02 1.6119021447305095e+00
981 1.1773487082779612e+02 1.6289147459845588e+00
982 1.1627175662405035e+02 1.6086719047194009e+00
983 1.1595112542482860e+02 1.6042358282642024e+00
984 1.1660418813649603e+02 1.6132712438008932e+00
985 1.1476720412966581e+02 1.5878557461167773e+00
986 1.1554512906070362e+02 1.5986186864633964e+00
987 1.1500798526885340e+02 1.5911870611759433e+00
988 1.1378003135640395e+02 1.5741977680182351e+00
989 1.1490411877175546e+02 1.5897500216009472e+00
990 1.1323118077139578e+02 1.5666041739965482e+00
991 1.1337115141864346e+02 1.5685407306828014e+00
992 1.1357446242621997e+02 1.5713536296645036e+00
993 1.1194255500980022e+02 1.5487754585925215e+00
994 1.1292328286113134e+02 1.5623442683053859e+00
995 1.1188254254205181e+02 1.5479451591835955e+00
996 1.1122601915309424e+02 1.5388618636243647e+00
997 1.1203643858966028e+02 1.5500743800298546e+00
998 1.1026127745686733e+02 1.5255142295376998e+00
999 1.1091790646669625e+02 1.5345989864090603e+00
1000 1.1046280985427605e+02 1.5283025206499636e+00
1001 1.0931071052016094e+02 1.5123627096068617e+00
1002 1.1027517390553616e+02 1.5257064931380615e+00
1003 1.0878448925412341e+02 1.5050822023631503e+00
1004 1.0885948747566607e+02 1.5061198363974386e+00
1005 1.0903476375615448e+02 1.5085448623553512e+00
1006 1.0749465632124239e+02 1.4872367852029322e+00
1007 1.0847935700425057e+02 1.5008605608239984e+00
1008 1.0730337525821234e+02 1.4845903258998683e+00
1009 1.0694014043415226e+02 1.4795648091858611e+00
1010 1.0745349093423555e+02 1.4866672436096207e+00
1011 1.0586961812870921e+02 1.4647536529245007e+00
1012 1.0658452939143365e+02 1.4746447709062376e+00
1013 1.0588749890059496e+02 1.4650010414236727e+00
1014 1.0505676281627608e+02 1.4535074350838164e+00
1015 1.0586018802079516e+02 1.4646231831517866e+00
1016 1.0426777047370744e+02 1.4425913721345587e+00
1017 1.0476413690166727e+02 1.4494588243025579e+00
1018 1.0438549268651296e+02 1.4442201117511275e+00
1019 1.0332813331356962e+02 1.4295910705649222e+00
1020 1.0416156061614495e+02 1.4411219111164590e+00
1021 1.0277119772637442e+02 1.4218856169115799e+00
1022 1.0292598593789803e+02 1.4240271812457708e+00
1023 1.0290964290068703e+02 1.4238010679955502e+00
1024 1.0161856209258009e+02 1.4059383859218673e+00
1025 1.0250653120305783e+02 1.4182238368495843e+00
1026 1.0123540928535358e+02 1.4006372949768617e+00
1027 1.0120112862826987e+02 1.4001630067100712e+00
1028 1.0134790864756765e+02 1.4021937741128720e+00
1029 1.0002457385117637e+02 1.3838848436442679e+00
1030 1.0080163416459776e+02 1.3946358216183536e+00
1031 9.9759222374765173e+01 1.3802135869489836e+00
1032 9.9476337742225425e+01 1.3762997511744457e+00
1033 9.9824910009086523e+01 1.3811224048329509e+00
1034 9.8415943646280255e+01 1.3616287232343338e+00
1035 9.9176274849670520e+01 1.3721482464675661e+00
1036 9.8223443664470537e+01 1.3589653996432269e+00
1037 9.7860258387130713e+01 1.3539405684303178e+00
1038 9.8239885301378393e+01 1.3591928770644788e+00
1039 9.6890005893119351e+01 1.3405166899845253e+00
1040 9.7528407905169644e+01 1.3493492681661921e+00
1041 9.6735239403919735e+01 1.3383754261884302e+00
1042 9.6238252612793787e+01 1.3314993910177737e+00
1043 9.6710481148259234e+01 1.3380328846164498e+00
1044 9.5331235861260822e+01 1.3189504074325449e+00
1045 9.5970266063183089e+01 1.3277916769028548e+00
1046 9.5188996458092518e+01 1.3169824614905157e+00
1047 9.4711811922583536e+01 1.3103803994083032e+00
1048 9.5136346943937653e+01 1.3162540318470906e+00
1049 9.3840100825521134e+01 1.2983198853884579e+00
1050 9.4397115392173859e+01 1.3060264317580199e+00
1051 9.3690569574668501e+01 1.2962510534630749e+00
1052 9.3173529274065913e+01 1.2890975689941304e+00
1053 9.3623850566588331e+01 1.2953279660605483e+00
1054 9.2313655909790143e+01 1.2772008353170126e+00
1055 9.2910319007896277e+01 1.2854559369029435e+00
1056 9.2141117203943978e+01 1.2748136849321705e+00
1057 9.1722434258087929e+01 1.2690210185827531e+00
1058 9.2072298831674928e+01 1.2738615518844545e+00
1059 9.0852976764762360e+01 1.2569916841814244e+00
1060 9.1406571089417398e+01 1.2646509099688541e+00
1061 9.0641934313833900e+01 1.2540718172131335e+00
1062 9.0258967793575920e+01 1.2487733036318933e+00
1063 9.0578291629256611e+01 1.2531912921261044e+00
1064 8.9364770954662561e+01 1.2364016892879224e+00
1065 8.9978991499577120e+01 1.2448997060255580e+00
1066 8.9100021573132423e+01 1.2327387628453774e+00
1067 8.8878864190026590e+01 1.2296789512535224e+00
1068 8.9043009894536752e+01 1.2319499807003351e+00
1069 8.7948837798962956e+01 1.2168116189847831e+00
1070 8.8526218461262431e+01 1.2247999394225026e+00
1071 8.7613387784226290e+01 1.2121705175701945e+00
1072 8.7487401998099585e+01 1.2104274477102341e+00
1073 8.7556548919046350e+01 1.2113841263762715e+00
1074 8.6519279042986469e+01 1.1970330323902694e+00
1075 8.7133272056989924e+01 1.2055279011356947e+00
1076 8.6096880826954617e+01 1.1911889636115451e+00
1077 8.6173592472350236e+01 1.1922503036333678e+00
1078 8.6025737332572604e+01 1.1902046614565003e+00
1079 8.5172481330138098e+01 1.1783994819485677e+00
1080 8.5700576235022254e+01 1.1857059118261126e+00
1081 8.4647842597515364e+01 1.1711408697644698e+00
1082 8.4842859789810618e+01 1.1738390200916986e+00
1083 8.4539241810702748e+01 1.1696383291677817e+00
1084 8.3826050555820572e+01 1.1597710082660244e+00
1085 8.4306484923267519e+01 1.1664180332307585e+00
1086 8.3190352111582911e+01 1.1509758351576873e+00
1087 8.3573292531049049e+01 1.1562739876227652e+00
1088 8.3015117710048358e+01 1.1485513886138854e+00
1089 8.2567973931170059e+01 1.1423649538739566e+00
1090 8.2856668767686585e+01 1.1463591764265866e+00
1091 8.1820954236243296e+01 1.1320296013309799e+00
1092 8.2266946378809820e+01 1.1382001026659874e+00
1093 8.1546624257570826e+01 1.1282341230297481e+00
1094 8.1311947194296692e+01 1.1249872605987297e+00
1095 8.1429643063281929e+01 1.1266156357367287e+00
1096 8.0468966146434354e+01 1.1133242396959686e+00
1097 8.0990634202925634e+01 1.1205417512433387e+00
1098 8.0067206053370427e+01 1.1077657086054036e+00
1099 8.0129738877279394e+01 1.1086308782722760e+00
1100 7.9945952043589998e+01 1.1060881049935560e+00
1101 7.9222558019388032e+01 1.0960796242019715e+00
1102 7.9647425652211282e+01 1.1019578584696219e+00
1103 7.8675596745336819e+01 1.0885121696447939e+00
1104 7.8923822679693345e+01 1.0919464867843653e+00
1105 7.8495621652365926e+01 1.0860221335086093e+00
1106 7.8003665190723694e+01 1.0792156952026337e+00
1107 7.8303958851859960e+01 1.0833703926963441e+00
1108 7.7314701317466501e+01 1.0696835709924601e+00
1109 7.7747289614091045e+01 1.0756686241067810e+00
1110 7.7023223003682617e+01 1.0656508377833522e+00
1111 7.6877545942012759e+01 1.0636353302940476e+00
1112 7.6882019288528838e+01 1.0636972210495452e+00
1113 7.6075408293256345e+01 1.0525373961375664e+00
1114 7.6497516039960701e+01 1.0583774461428594e+00
1115 7.5633022200943984e+01 1.0464167861252611e+00
1116 7.5744809691582574e+01 1.0479634161987261e+00
1117 7.5469239783695528e+01 1.0441507829206607e+00
1118 7.4888089921328216e+01 1.0361103139093886e+00
1119 7.5227332502365172e+01 1.0408038871798362e+00
1120 7.4284065653063877e+01 1.0277533672325845e+00
1121 7.4642320852125422e+01 1.0327099886012063e+00
1122 7.4023562665733635e+01 1.0241491915584469e+00
1123 7.3810376585593630e+01 1.0211996665185239e+00
1124 7.3859725229790911e+01 1.0218824271455336e+00
1125 7.3071348675660829e+01 1.0109748839055253e+00
1126 7.3459405354060209e+01 1.0163438221077601e+00
1127 7.2657952687358303e+01 1.0052553649852405e+00
1128 7.2737386193901941e+01 1.0063543631768932e+00
1129 7.2483060760332549e+01 1.0028356567298793e+00
1130 7.1931277170916658e+01 9.9520148327665947e-01
1131 7.2236062740886879e+01 9.9941832834386102e-01
1132 7.1348451482541748e+01 9.8713782846090747e-01
1133 7.1687027162429203e+01 9.9182217485482416e-01
1134 7.1072824162924348e+01 9.8332440086580131e-01
1135 7.0909079330116896e+01 9.8105891765880004e-01
1136 7.0901190171782943e+01 9.8094976761469477e-01
1137 7.0191409129913026e+01 9.7112962853955820e-01
1138 7.0540665659321917e+01 9.7596174927732715e-01
1139 6.9753435889371843e+01 9.6507007231082076e-01
1140 6.9888140609332055e+01 9.6693377253110513e-01
1141 6.9551967056968138e+01 9.6228266064891232e-01
1142 6.9121157092481397e+01 9.5632221155736019e-01
1143 6.9332282870285397e+01 9.5924323139034928e-01
1144 6.8514722610253727e+01 9.4793191848931069e-01
1145 6.8865558633374505e+01 9.5278589223104004e-01
1146 6.8187612640446176e+01 9.4340620533710939e-01
1147 6.8160632255912091e+01 9.4303291961546287e-01
1148 6.8008669429091199e+01 9.4093044574591489e-01
1149 6.7444391226751648e+01 9.3312340371863867e-01
1150 6.7720929825796773e+01 9.3694943927336716e-01
1151 6.6943311354329566e+01 9.2619073893236448e-01
1152 6.7174575937811341e+01 9.2939038817484287e-01
1153 6.6688123965099479e+01 9.2266010694216871e-01
1154 6.6459316239838387e+01 9.1949444943515779e-01
1155 6.6498450230545927e+01 9.2003588574951845e-01
1156 6.5810730553207733e+01 9.1052097554794842e-01
1157 6.6144042945091101e+01 9.1513250199156537e-01
1158 6.5396483087346951e+01 9.0478967605372873e-01
1159 6.5548092035428240e+01 9.0688725385218771e-01
1160 6.5181313362952679e+01 9.0181270640581612e-01
1161 6.4849061832781175e+01 8.9721585745981536e-01
1162 6.4965657739416727e+01 8.9882901412533611e-01
1163 6.4267750101091721e+01 8.8917314891386756e-01
1164 6.4557854576253192e+01 8.9318687444942124e-01
1165 6.3917612005449890e+01 8.8432883131185369e-01
1166 6.3938572913532163e+01 8.8461883487685000e-01
1167 6.3720021097797833e+01 8.8159507247826496e-01
1168 6.3269722089045501e+01 8.7536498371780125e-01
1169 6.3475520650049489e+01 8.7821229911692478e-01
1170 6.2747301326613844e+01 8.6813705814613185e-01
1171 6.3031077683573010e+01 8.7206323132798091e-01
1172 6.2441430555346315e+01 8.6390519883223249e-01
1173 6.2407060923744574e+01 8.6342967956307715e-01
1174 6.2248864901290290e+01 8.6124096663614158e-01
1175 6.1771801871596530e+01 8.5464058564138212e-01
1176 6.1980582864897166e+01 8.5752916432905180e-01
1177 6.1295511757071765e+01 8.4805089827466451e-01
1178 6.1516081654423381e+01 8.5110258173760267e-01
1179 6.1017688915288517e+01 8.4420709464562760e-01
1180 6.0899767639807010e+01 8.4257560090765016e-01
1181 6.0824288769879757e+01 8.4153131688737393e-01
1182 6.0296453115329420e+01 8.3422847385447985e-01
1183 6.0540524670154795e+01 8.3760531328985788e-01
1184 5.9853966865423558e+01 8.2810647811694438e-01
1185 6.0069761174436799e+01 8.3109208917320776e-01
1186 5.9592773897121042e+01 8.2449275624657559e-01
1187 5.9467877876549281e+01 8.2276476378186481e-01
1188 5.9397547311904880e+01 8.2179170887436626e-01
1189 5.8891162218976888e+01 8.1478564398282161e-01
1190 5.9107892029517863e+01 8.1778419812232550e-01
1191 5.8470543438673452e+01 8.0896619449553731e-01
1192 5.8642420612834258e+01 8.1134419229279309e-01
1193 5.8217311983898021e+01 8.0546262373582456e-01
1194 5.8059178899710091e+01 8.0327478158803400e-01
1195 5.8021135244402430e+01 8.0274843055298295e-01
1196 5.7503679077951332e+01 7.9558919239349424e-01
1197 5.7734365635524789e+01 7.9878084438826680e-01
1198 5.7095293952802876e+01 7.8993900101248826e-01
1199 5.7283171205081040e+01 7.9253836706707526e-01
1200 5.6843892657257165e+01 7.8646075132660720e-01
1201 5.6720740116877487e+01 7.8475688069236382e-01
1202 5.6648501013984820e+01 7.8375742030215645e-01
1203 5.6180852661440746e+01 7.7728729558856491e-01
1204 5.6372420843253970e+01 7.7993772730877664e-01
1205 5.5776042565706675e+01 7.7168656634302890e-01
1206 5.5943357436034852e+01 7.7400144262041226e-01
1207 5.5520834301807554e+01 7.6815564554242399e-01
1208 5.5404392077924591e+01 7.6654461514671723e-01
1209 5.5326893831299103e+01 7.6547239214406193e-01
1210 5.4876663791538007e+01 7.5924325760052691e-01
1211 5.5067251260682788e+01 7.6188012072108779e-01
1212 5.4469001537912035e+01 7.5360306747126682e-01
1213 5.4666764953632338e+01 7.5633921303135543e-01
1214 5.4205013042402463e+01 7.4995066822809975e-01
1215 5.4154174890952660e+01 7.4924729960015679e-01
1216 5.4011937065688137e+01 7.4727937548913415e-01
1217 5.3636573254960375e+01 7.4208604880431772e-01
1218 5.3772586123483961e+01 7.4396784784672532e-01
1219 5.3220727567716899e+01 7.3633263720041209e-01
1220 5.3406570984811523e+01 7.3890386423299081e-01
1221 5.2942397876515471e+01 7.3248182108233550e-01
1222 5.2925076906400790e+01 7.3224217769175648e-01
1223 5.2747147627064592e+01 7.2978044630482475e-01
1224 5.2418861076115604e+01 7.2523845462479508e-01
1225 5.2528977206009365e+01 7.2676196067269361e-01
1226 5.1992219418426529e+01 7.1933567592741565e-01
1227 5.2201799729071411e+01 7.2223531352906389e-01
1228 5.1694469990930834e+01 7.1521617904729773e-01
1229 5.1756968496491012e+01 7.1608087390442188e-01
1230 5.1492062286572683e+01 7.1241577767078357e-01
1231 5.1265824777580860e+01 7.0928568025868710e-01
1232 5.1293022499944691e+01 7.0966197294669142e-01
1233 5.0827947399788748e+01 7.0322745033408074e-01
1234 5.1007379148121736e+01 7.0570996905349137e-01
1235 5.0505928621152222e+01 6.9877217609530240e-01
1236 5.0605949931368670e+01 7.0015601578509634e-01
1237 5.0289063795489895e+01 6.9577175396103585e-01
1238 5.0137238323233319e+01 6.9367118045349330e-01
1239 5.0103198349485766e+01 6.9320022214861343e-01
1240 4.9691842503703910e+01 6.8750892951517539e-01
1241 4.9858436721044228e+01 6.8981383523523443e-01
1242 4.9343066470007535e+01 6.8268345665110775e-01
1243 4.9506348065862866e+01 6.8494253076709899e-01
1244 4.9103766486546412e+01 6.7937263404576576e-01
1245 4.9069581299106503e+01 6.7889966664431889e-01
1246 4.8921777940143052e+01 6.7685474087824093e-01
1247 4.8624064969030186e+01 6.7273574838853134e-01
1248 4.8713231756122603e+01 6.7396941088228257e-01
1249 4.8248968977557375e+01 6.6754612710323313e-01
1250 4.8414464122547571e+01 6.6983582666435704e-01
1251 4.7979486955112371e+01 6.6381772245088122e-01
1252 4.8020945402023152e+01 6.6439131865941126e-01
1253 4.7788930570688443e+01 6.6118128940137599e-01
1254 4.7587604329660572e+01 6.5839585055510919e-01
1255 4.7606581408901235e+01 6.5865840695826738e-01
1256 4.7192132707671320e+01 6.5292432328245487e-01
1257 4.7360367092603163e+01 6.5525192145681344e-01
1258 4.6888027877411105e+01 6.4871689655447606e-01
1259 4.7020085126931789e+01 6.5054396783374935e-01
1260 4.6675727293408499e+01 6.4577962275078893e-01
1261 4.6614181584171540e+01 6.4492811025815799e-01
1262 4.6504833795015401e+01 6.4341523454899130e-01
1263 4.6209851536597903e+01 6.3933402269423933e-01
1264 4.6304156857074098e+01 6.4063877910216172e-01
1265 4.5871767568720735e+01 6.3465647935653458e-01
1266 4.6023280279967160e+01 6.3675272567521779e-01
1267 4.5626106524023399e+01 6.3125764861583800e-01
1268 4.5661513609559705e+01 6.3174752152551128e-01
1269 4.5448338495181112e+01 6.2879814820181579e-01
1270 4.5266205798634950e+01 6.2627826065240910e-01
1271 4.5278526836291256e+01 6.2644872773478733e-01
1272 4.4902970965173559e+01 6.2125274380833051e-01
1273 4.5055445650201726e+01 6.2336229946576194e-01
1274 4.4618269138405964e+01 6.1731376633657720e-01
1275 4.4751212124664832e+01 6.1915309218090608e-01
1276 4.4415670108156696e+01 6.1451071788054323e-01
1277 4.4386057941413881e+01 6.1410102027159552e-01
1278 4.4255969482774042e+01 6.1230118809722822e-01
1279 4.4014627818502717e+01 6.0896211792211408e-01
1280 4.4079390495668605e+01 6.0985813860896099e-01
1281 4.3693987090359080e+01 6.0452590963000719e-01
1282 4.3838501427578016e+01 6.0652533030501199e-01
1283 4.3453253763208274e+01 6.0119525607181523e-01
1284 4.3524061407154612e+01 6.0217491158544223e-01
1285 4.3280107030488018e+01 5.9879969336244943e-01
1286 4.3168664181157780e+01 5.9725783155606860e-01
1287 4.3128785610212731e+01 5.9670609364015248e-01
1288 4.2826869553836168e+01 5.9252894958059332e-01
1289 4.2944783175004723e+01 5.9416033741771790e-01
1290 4.2545175641779188e+01 5.8863158795801307e-01
1291 4.2693947595329156e+01 5.9068991466464305e-01
1292 4.2338848772333186e+01 5.8577696317463013e-01
1293 4.2380219088896617e+01 5.8634934006027506e-01
1294 4.2185875839601231e+01 5.8366051403673580e-01
1295 4.2041928713252474e+01 5.8166894097853328e-01
1296 4.2039268955546106e+01 5.8163214203767422e-01
1297 4.1729894658901685e+01 5.7735180987873558e-01
1298 4.1851513141550853e+01 5.7903445613620041e-01
1299 4.1480963526777494e+01 5.7390773601174327e-01
1300 4.1599146129373217e+01 5.7554284532755995e-01
1301 4.1300738523333358e+01 5.7141424225206816e-01
1302 4.1294234584210066e+01 5.7132425733706016e-01
1303 4.1162312874029936e+01 5.6949906130535755e-01
1304 4.0976555519190789e+01 5.6692902498268516e-01
1305 4.1020378354937890e+01 5.6753533357127417e-01
1306 4.0692009132988844e+01 5.6299219810087797e-01
1307 4.0834045862673015e+01 5.6495733996434827e-01
1308 4.0469881614237224e+01 5.5991896424722465e-01
1309 4.0587305072045574e+01 5.6154357045440595e-01
1310 4.0309883679264409e+01 5.5770532105237636e-01
1311 4.0296297664813565e+01 5.5751735244866074e-01
1312 4.0183555614074166e+01 5.5595751560804829e-01
1313 3.9999780271952211e+01 5.5341490132031823e-01
1314 4.0048535791555338e+01 5.5408945580253133e-01
1315 3.9739002139537796e+01 5.4980691889052935e-01
1316 3.9869240712315460e+01 5.5160882796132460e-01
1317 3.9538132005148675e+01 5.4702779048418892e-01
1318 3.9634094803248203e+01 5.4835547883846503e-01
1319 3.9394076492763524e+01 5.4503471785655810e-01
1320 3.9360397334752939e+01 5.4456875159923723e-01
1321 3.9279003069437451e+01 5.4344262543050936e-01
1322 3.9084618410864657e+01 5.4075322649104374e-01
1323 3.9153803031522713e+01 5.4171042674949643e-01
1324 3.8844162849481592e+01 5.3742641594683582e-01
1325 3.8986598119750724e+01 5.3939707179805796e-01
1326 3.8660266031739617e+01 5.3488212098941679e-01
1327 3.8767683455154845e+01 5.3636828922272350e-01
1328 3.8529391918045405e+01 5.3307141892497945e-01
1329 3.8513401487060008e+01 5.3285018414004592e-01
1330 3.8425775485269206e+01 5.3163783910203688e-01
1331 3.8257297840447151e+01 5.2930687531798692e-01
1332 3.8313491911292715e+01 5.3008434549308170e-01
1333 3.8033870452654803e+01 5.2621565719311991e-01
1334 3.8162940097129393e+01 5.2800139361653819e-01
1335 3.7863256226888240e+01 5.2385513285337360e-01
1336 3.7964308846930315e+01 5.2525324117718253e-01
1337 3.7743276968058360e+01 5.2219516599269611e-01
1338 3.7731464846100280e+01 5.2203173998726882e-01
1339 3.7651255193017775e+01 5.2092200346012307e-01
1340 3.7494601564040302e+01 5.1875463023875490e-01
1341 3.7554351186649761e+01 5.1958129306728862e-01
1342 3.7285982915959572e+01 5.1586829767002007e-01
1343 3.7424170310706252e+01 5.1778018225807287e-01
1344 3.7125960426054206e+01 5.1365431474666612e-01
1345 3.7249307418444275e+01 5.1536087571169154e-01
1346 3.7015054934915689e+01 5.1211988753189108e-01
1347 3.7039936509707530e+01 5.1246413527936630e-01
1348 3.6934536303752175e+01 5.1100587615440740e-01
1349 3.6822422746759230e+01 5.0945473480667791e-01
1350 3.6854773368793730e+01 5.0990232017287618e-01
1351 3.6627120782942576e+01 5.0675264453772095e-01
1352 3.6748016540073706e+01 5.0842529156347682e-01
1353 3.6475447545657033e+01 5.0465417726928530e-01
1354 3.6600315396020292e+01 5.0638177998652611e-01
1355 3.6371609184011064e+01 5.0321752696088684e-01
1356 3.6417192445565242e+01 5.0384819183012752e-01
1357 3.6301625395489424e+01 5.0224926985658769e-01
1358 3.6220529624594967e+01 5.0112727349205965e-01
1359 3.6239506889933729e+01 5.0138983246996838e-01
1360 3.6038577277007498e+01 4.9860988115138904e-01
1361 3.6158139629897903e+01 5.0026407993139743e-01
1362 3.5894076016924352e+01 4.9661064140442346e-01
1363 3.6040586657994247e+01 4.9863768183861618e-01
1364 3.5795510606109197e+01 4.9524694473586667e-01
1365 3.5886957078162347e+01 4.9651214769356566e-01
1366 3.5734416677983198e+01 4.9440168283754499e-01
1367 3.5713789528209197e+01 4.9411629696844550e-01
1368 3.5689219800183238e+01 4.9377636376085021e-01
1369 3.5546541977721695e+01 4.9180235209125311e-01
1370 3.5634033631505559e+01 4.9301283836432647e-01
1371 3.5408971275996350e+01 4.8989899972775819e-01
1372 3.5549124808876293e+01 4.9183808671876433e-01
1373 3.5314003410997472e+01 4.8858507671919083e-01
1374 3.5428804989948134e+01 4.9017340805637438e-01
1375 3.5259317381912602e+01 4.8782847097826321e-01
1376 3.5283341060710768e+01 4.8816084934987042e-01
1377 3.5228755920602964e+01 4.8740563945319260e-01
1378 3.5134218325358539e+01 4.8609766941966870e-01
1379 3.5198803943846386e+01 4.8699124042028807e-01
1380 3.5005207839235744e+01 4.8431275147858205e-01
1381 3.5147800089301668e+01 4.8628557921570359e-01
1382 3.4913224075545614e+01 4.8304011485009185e-01
1383 3.5064395334097291e+01 4.8513163701759004e-01
1384 3.4862385456060231e+01 4.8233673974666680e-01
1385 3.4951786966407070e+01 4.8357364974192435e-01
1386 3.4843002873762735e+01 4.8206857302683548e-01
1387 3.4825993605784312e+01 4.8183324217512052e-01
1388 3.4835510697785452e+01 4.8196491541169478e-01
1389 3.4709176813662587e+01 4.8021702945982392e-01
1390 3.4817916812628681e+01 4.8172149611909676e-01
1391 3.4621085382295682e+01 4.7899824499486859e-01
1392 3.4774140705335228e+01 4.8111583403962327e-01
1393 3.4572010315611863e+01 4.7831926943546638e-01
1394 3.4700040324674603e+01 4.8009062203665004e-01
1395 3.4559523506233738e+01 4.7814650882696258e-01
1396 3.4604680768159554e+01 4.7877127980026951e-01
1397 3.4569748270318165e+01 4.7828797302422404e-01
1398 3.4506460415882053e+01 4.7741235717135161e-01
1399 3.4582562427566252e+01 4.7846526263733541e-01
1400 3.4425963216649848e+01 4.7629864231425051e-01
1401 3.4578985162182427e+01 4.7841576956622534e-01
1402 3.4378527026301583e+01 4.7564234134404232e-01
1403 3.4548137504159591e+01 4.7798897838125876e-01
1404 3.4369150109701522e+01 4.7551260749701540e-01
1405 3.4491109725243838e+01 4.7719997348106663e-01
1406 3.4391161444383847e+01 4.7581714418517540e-01
1407 3.4420231959403630e+01 4.7621934779958586e-01
1408 3.4428823002981666e+01 4.7633820874086236e-01
1409 3.4354220380762634e+01 4.7530604800065618e-01
1410 3.4462956735919150e+01 4.7681046424618917e-01
1411 3.4311335482894982e+01 4.7471271620332628e-01
1412 3.4477759966127358e+01 4.7701527357587048e-01
1413 3.4303171352750319e+01 4.7459976180088564e-01
1414 3.4466406093175088e+01 4.7685818765097876e-01
1415 3.4331055622493416e+01 4.7498555317982194e-01
1416 3.4433313148586066e+01 4.7640033191928183e-01
1417 3.4385946885567407e+01 4.7574499842504347e-01
1418 3.4392265083388459e+01 4.7583241352582373e-01
1419 3.4451683544027702e+01 4.7665449457996212e-01
1420 3.4361299327475848e+01 4.7540398840358117e-01
1421 3.4510547967763742e+01 4.7746891028504040e-01
1422 3.4356456010006838e+01 4.7533697893400528e-01
1423 3.4549358966699238e+01 4.7800587786336213e-01
1424 3.4386595365846745e+01 4.7575397044057355e-01
1425 3.4563958276514292e+01 4.7820786586293890e-01
1426 3.4450771855423127e+01 4.7664188095919457e-01
1427 3.4560393484275338e+01 4.7815854536338276e-01
1428 3.4538661695864029e+01 4.7785787632326826e-01
1429 3.4552283140110916e+01 4.7804633511410360e-01
1430 3.4633553294207978e+01 4.7917074414845651e-01
1431 3.4555091010294660e+01 4.7808518325752070e-01
1432 3.4716335406039697e+01 4.8031607179623265e-01
1433 3.4578417746443499e+01 4.7840791911497210e-01
1434 3.4767649359062688e+01 4.8102602335235373e-01
1435 3.4616513355524489e+01 4.7893498895378012e-01
1436 3.4764204553243403e+01 4.8097836291873169e-01
1437 3.4635592060358810e+01 4.7919895139260898e-01
1438 3.4665272189941149e+01 4.7960958929792524e-01
1439 3.4556289748332212e+01 4.7810176833594492e-01
1440 3.4389146605360779e+01 4.7578926798356763e-01
1441 3.4235175629720295e+01 4.7365901047437775e-01
1442 3.3791464923444330e+01 4.6752007383375160e-01
1443 3.3465894848183119e+01 4.6301566581329379e-01
1444 3.2679664085065923e+01 4.5213781055440877e-01
1445 3.2042508551732404e+01 4.4332247796487662e-01
1446 3.0911446252036686e+01 4.2767372372879020e-01
1447 2.9915138699051209e+01 4.1388936185551345e-01
1448 2.8575041523010615e+01 3.9534851634596518e-01
1449 2.7368862328491552e+01 3.7866048617752324e-01
1450 2.6120167122484304e+01 3.6138422792026936e-01
1451 2.5043732201762808e+01 3.4649126797452318e-01
1452 2.4263141729003685e+01 3.3569144866260359e-01
1453 2.3697148598217503e+01 3.2786067983106454e-01
1454 2.3667317718265387e+01 3.2744795622676581e-01
1455 2.3822850038373897e+01 3.2959981563698676e-01
1456 2.4532566808269664e+01 3.3941906548053274e-01
1457 2.5224353550103491e+01 3.4899024534361622e-01
1458 2.6152037569371871e+01 3.6182516984793500e-01
1459 2.6668986105931936e+01 3.6897738472019209e-01
1460 2.6908450612962966e+01 3.7229048358291811e-01
1461 2.6559073914627621e+01 3.6745670025415189e-01
1462 2.5825771620967863e+01 3.5731113411042392e-01
1463 2.4981783258978446e+01 3.4563417656490003e-01
1464 2.4163097381082761e+01 3.3430729023583500e-01
1465 2.3871136157919100e+01 3.3026787575885669e-01
1466 2.3849596930150646e+01 3.2996987088160606e-01
1467 2.4457746787385894e+01 3.3838389693228926e-01
1468 2.5001203805967045e+01 3.4590286854326113e-01
1469 2.5616857292837562e+01 3.5442071067558067e-01
1470 2.5572161704494771e+01 3.5380232716337112e-01
1471 2.5186331642359082e+01 3.4846419519585736e-01
1472 2.4386224035853523e+01 3.3739434758445946e-01
1473 2.3712809026907571e+01 3.2807734888622497e-01
1474 2.3429187827813863e+01 3.2415332238303801e-01
1475 2.3568634124792084e+01 3.2608262444812458e-01
1476 2.4172551408401180e+01 3.3443809094423721e-01
1477 2.4589987740062739e+01 3.4021350982712500e-01
1478 2.4820593974550416e+01 3.4340405051597817e-01
1479 2.4306247769356162e+01 3.3628784006540097e-01
1480 2.3717368314562037e+01 3.2814042867591964e-01
1481 2.3052744519132645e+01 3.1894506035984410e-01
1482 2.2994726919299751e+01 3.1814236084329511e-01
1483 2.3280871185635192e+01 3.2210129511345265e-01
1484 2.3812903928749101e+01 3.2946220674916027e-01
1485 2.4066555857124374e+01 3.3297159494972350e-01
1486 2.3759773019136247e+01 3.2872711678365180e-01
1487 2.3191353821769283e+01 3.2086278223279452e-01
1488 2.2565551824737625e+01 3.1220453091044470e-01
1489 2.2554514755880110e+01 3.1205182811230131e-01
1490 2.2792420339728121e+01 3.1534335857356038e-01
1491 2.3348156936304413e+01 3.2303222365390216e-01
1492 2.3337309027718252e+01 3.2288213797295778e-01
1493 2.3017618697144673e+01 3.1845907885751823e-01
1494 2.2336152637723465e+01 3.0903069026478941e-01
1495 2.2049276992729446e+01 3.0506163704284228e-01
1496 2.2182151610167239e+01 3.0690001697386593e-01
1497 2.2603659142893580e+01 3.1273176274955677e-01
1498 2.2855801672884265e+01 3.1622026774645284e-01
1499 2.2518077203683902e+01 3.1154769823418899e-01
1500 2.2017531004170280e+01 3.0462241705197385e-01
1501 2.1556190169795126e+01 2.9823955968138516e-01
1502 2.1755003011745632e+01 3.0099022452407181e-01
1503 2.2053031717583465e+01 3.0511358534531907e-01
1504 2.2339956066385994e+01 3.0908331240630221e-01
1505 2.1958410001800704e+01 3.0380445146641638e-01
1506 2.1475313582589646e+01 2.9712059582150541e-01
1507 2.1143525072867202e+01 2.9253015297109775e-01
1508 2.1341428190857314e+01 2.9526823137475028e-01
1509 2.1716539250632604e+01 3.0045806113677187e-01
1510 2.1732284921231017e+01 3.0067590955196816e-01
1511 2.1371568357798818e+01 2.9568523410327296e-01
1512 2.0820375057502073e+01 2.8805922756478114e-01
1513 2.0816725653155757e+01 2.8800873641876823e-01
1514 2.1029264263570372e+01 2.9094930342462849e-01
1515 2.1371644204882138e+01 2.9568628348169068e-01
1516 2.1066243654461339e+01 2.9146092988411582e-01
1517 2.0653008426723545e+01 2.8574363515835083e-01
1518 2.0320901439396479e+01 2.8114878602743520e-01
1519 2.0554417592483112e+01 2.8437958674530200e-01
1520 2.0834654033118337e+01 2.8825678359703688e-01
1521 2.0773390648543423e+01 2.8740917719273751e-01
1522 2.0342698586656070e+01 2.8145035933653129e-01
1523 1.9960037200115206e+01 2.7615606741713039e-01
1524 2.0115680277722419e+01 2.7830945920702443e-01
1525 2.0349931074851391e+01 2.8155042405472980e-01
1526 2.0433851512467484e+01 2.8271150095031050e-01
1527 1.9938952675635349e+01 2.7586435356382738e-01
1528 1.9664807981648707e+01 2.7207143875933060e-01
1529 1.9656128692285538e+01 2.7195135689803551e-01
1530 2.0013823070331100e+01 2.7690021905635398e-01
1531 1.9962579602607804e+01 2.7619124269596923e-01
1532 1.9596947157187021e+01 2.7113255381502221e-01
1533 1.9256201163345096e+01 2.6641818015408608e-01
1534 1.9337693776568962e+01 2.6754566701023874e-01
1535 1.9639949634790735e+01 2.7172751238073900e-01
1536 1.9531763343868725e+01 2.7023070652061287e-01
1537 1.9188424709598706e+01 2.6548046251646695e-01
1538 1.8853852485247305e+01 2.6085150572557725e-01
1539 1.9090677307759076e+01 2.6412808336899130e-01
1540 1.9229734510616581e+01 2.6605200214239583e-01
1541 1.9149504725770473e+01 2.6494198708327082e-01
1542 1.8668560674146860e+01 2.5828791040934201e-01
1543 1.8589821783828405e+01 2.5719852254472381e-01
1544 1.8766836246916522e+01 2.5964759703853724e-01
1545 1.8916776295961807e+01 2.6172208487027526e-01
1546 1.8619861638167571e+01 2.5761413740339950e-01
1547 1.8260448334208000e+01 2.5264149313406414e-01
1548 1.8312319256979769e+01 2.5335915061647940e-01
1549 1.8504756815843894e+01 2.5602161055813538e-01
1550 1.8513007979407256e+01 2.5613576910696112e-01
1551 1.8072422570956629e+01 2.5004007236355058e-01
1552 1.7947500101618349e+01 2.4831171396829183e-01
1553 1.8048291446269705e+01 2.4970620742987928e-01
1554 1.8258823422946357e+01 2.5261901175793150e-01
1555 1.7942114502458107e+01 2.4823720178828604e-01
1556 1.7663509175096415e+01 2.4438257212030010e-01
1557 1.7648854352461015e+01 2.4417981607595443e-01
1558 1.7884852674743630e+01 2.4744495871798475e-01
1559 1.7795017569888817e+01 2.4620204974822754e-01
1560 1.7426509466188595e+01 2.4110357484515421e-01
1561 1.7325333998324581e+01 2.3970376686662734e-01
1562 1.7472814682814974e+01 2.4174422828664005e-01
1563 1.7586029533483330e+01 2.4331060652633643e-01
1564 1.7215762585955378e+01 2.3818779723000535e-01
1565 1.7045449840303423e+01 2.3583144400286876e-01
1566 1.7092096368767855e+01 2.3647681964672401e-01
1567 1.7304719291906018e+01 2.3941855315693164e-01
1568 1.7021056320798046e+01 2.3549394871919119e-01
1569 1.6774577359007466e+01 2.3208380172864596e-01
1570 1.6767837157088568e+01 2.3199054801188887e-01
1571 1.6973550717487210e+01 2.3483668738951177e-01
1572 1.6827610801765388e+01 2.3281754319649928e-01
1573 1.6502919466084180e+01 2.2832529293227530e-01
1574 1.6484778734652160e+01 2.2807430777618010e-01
1575 1.6633527349574294e+01 2.3013231158242572e-01
1576 1.6613532493159628e+01 2.2985567377555768e-01
1577 1.6241330373607937e+01 2.2470609050628793e-01
1578 1.6211664368118690e+01 2.2429564801413474e-01
1579 1.6320712223334841e+01 2.2580437400271111e-01
1580 1.6362722858991845e+01 2.2638560999022045e-01
1581 1.6000355637662160e+01 2.2137209694913748e-01
1582 1.5928074730765895e+01 2.2037205818178984e-01
1583 1.6048023347485547e+01 2.2203160109512832e-01
1584 1.6078531611489858e+01 2.2245369661161893e-01
1585 1.5774543396069129e+01 2.1824788330225017e-01
1586 1.5637196409670119e+01 2.1634762614063899e-01
1587 1.5803206448110059e+01 2.1864444948358724e-01
1588 1.5782777772275518e+01 2.1836180959046250e-01
1589 1.5543758938860007e+01 2.1505487682210692e-01
1590 1.5358326312264843e+01 2.1248933326034172e-01
1591 1.5562470437640380e+01 2.1531375880047510e-01
1592 1.5499842253013089e+01 2.1444726977529197e-01
1593 1.5288310954881233e+01 2.1152063938667742e-01
1594 1.5108575853385551e+01 2.0903392364019677e-01
1595 1.5309577977669624e+01 2.1181487818593572e-01
1596 1.5239414078817953e+01 2.1084412917443493e-01
1597 1.5004740607587864e+01 2.0759731644095694e-01
1598 1.4889469192272349e+01 2.0600248470692811e-01
1599 1.5046470750902788e+01 2.0817467169110326e-01
1600 1.4990867876527783e+01 2.0740538098435041e-01
1601 1.4709212291518384e+01 2.0350854963366444e-01
1602 1.4687131442857130e+01 2.0320305118842660e-01
1603 1.4787942453336356e+01 2.0459781673556343e-01
1604 1.4732243877576019e+01 2.0382720195721918e-01
1605 1.4426553477298624e+01 1.9959783815687082e-01
1606 1.4483869701418879e+01 2.0039083382584469e-01
1607 1.4546109112278497e+01 2.0125194399157384e-01
1608 1.4447104875020980e+01 1.9988217596235838e-01
1609 1.4174917059184063e+01 1.9611633544478926e-01
1610 1.4271207810292626e+01 1.9744856117604337e-01
1611 1.4317831313858516e+01 1.9809361826009980e-01
1612 1.4137526838243172e+01 1.9559902496729004e-01
1613 1.3957325528151546e+01 1.9310585901577412e-01
1614 1.4053493696414318e+01 1.9443638875837413e-01
1615 1.4084372035864702e+01 1.9486360443465253e-01
1616 1.3824419207973975e+01 1.9126704046312590e-01
1617 1.3763855671133495e+01 1.9042911676613786e-01
1618 1.3839234849558023e+01 1.9147202150975887e-01
1619 1.3823643749770984e+01 1.9125631165106824e-01
1620 1.3536167553120166e+01 1.8727894952758153e-01
1621 1.3580318177872392e+01 1.8788979322408095e-01
1622 1.3628370691373579e+01 1.8855462130155165e-01
1623 1.3527424400596873e+01 1.8715798409082141e-01
1624 1.3294140746475525e+01 1.8393040010042294e-01
1625 1.3395429310313466e+01 1.8533177281247645e-01
1626 1.3407356135059970e+01 1.8549678578242970e-01
1627 1.3211925183977755e+01 1.8279291091679856e-01
1628 1.3102766678454298e+01 1.8128265403159019e-01
1629 1.3200927086836213e+01 1.8264074730982580e-01
1630 1.3157856303255654e+01 1.8204484370028179e-01
1631 1.2913259072008483e+01 1.7866073129582458e-01
1632 1.2946786367562998e+01 1.7912459646795026e-01
1633 1.2987479865628922e+01 1.7968760926610614e-01
1634 1.2874348140119686e+01 1.7812238110027062e-01
1635 1.2668726019354283e+01 1.7527750683098739e-01
1636 1.2795216636946618e+01 1.7702756126070868e-01
1637 1.2745646067937836e+01 1.7634173020439101e-01
1638 1.2577177843508899e+01 1.7401089675570522e-01
1639 1.2493370224441591e+01 1.7285138075534989e-01
1640 1.2611752574653071e+01 1.7448925366902418e-01
1641 1.2476098571287022e+01 1.7261241968703431e-01
1642 1.2307096530516175e+01 1.7027420064982343e-01
1643 1.2364281025412772e+01 1.7106537378590297e-01
1644 1.2371979156625530e+01 1.7117188088410437e-01
1645 1.2199777458474593e+01 1.6878939315188510e-01
1646 1.2098972968596268e+01 1.6739471782018644e-01
1647 1.2225095286112053e+01 1.6913967665315360e-01
1648 1.2083176331057967e+01 1.6717616425451645e-01
1649 1.1952628966377493e+01 1.6536998290924212e-01
1650 1.1950293147398105e+01 1.6533766580596826e-01
1651 1.2018436373044427e+01 1.6628045789733259e-01
1652 1.1790839142397093e+01 1.6313154812625089e-01
1653 1.1760525226736686e+01 1.6271214150627003e-01
1654 1.1811343570041666e+01 1.6341523607964467e-01
1655 1.1733342797497924e+01 1.6233606040551046e-01
1656 1.1554368180865872e+01 1.5985986630822138e-01
1657 1.1609879047246903e+01 1.6062788404310890e-01
1658 1.1618404312929499e+01 1.6074583491769837e-01
1659 1.1426347359363955e+01 1.5808864082106269e-01
1660 1.1399243792698780e+01 1.5771365081938124e-01
1661 1.1445010841243258e+01 1.5834685846406735e-01
1662 1.1355251097222089e+01 1.5710499214524548e-01
1663 1.1181681756006425e+01 1.5470358245779145e-01
1664 1.1282562595715794e+01 1.5609931412364808e-01
1665 1.1215272060699064e+01 1.5516831938960482e-01
1666 1.1079271638415163e+01 1.5328669254650581e-01
1667 1.1033593436078549e+01 1.5265471412895606e-01
1668 1.1116075610049375e+01 1.5379589200189447e-01
1669 1.0939589863089120e+01 1.5135413253285712e-01
1670 1.0867032971778185e+01 1.5035027539734416e-01
1671 1.0922548292189864e+01 1.5111835475574348e-01
1672 1.0853888736242823e+01 1.5016841900307706e-01
1673 1.0701617802427826e+01 1.4806168233506919e-01
1674 1.0726182901371679e+01 1.4840155149723730e-01
1675 1.0747222489500578e+01 1.4869264363596935e-01
1676 1.0559362635362605e+01 1.4609351829245551e-01
1677 1.0554970745012678e+01 1.4603275451955253e-01
1678 1.0575207595148010e+01 1.4631274041808837e-01
1679 1.0485211137826033e+01 1.4506759906457589e-01
1680 1.0343899004096599e+01 1.4311248231114523e-01
1681 1.0443452923222202e+01 1.4448985543555659e-01
1682 1.0343097821873210e+01 1.4310139759572726e-01
1683 1.0229813548506916e+01 1.4153405886186649e-01
1684 1.0228639907319979e+01 1.4151782100962731e-01
1685 1.0253768195362213e+01 1.4186548214558092e-01
1686 1.0081016941696458e+01 1.3947539106631987e-01
1687 1.0064955416711417e+01 1.3925317266401321e-01
1688 1.0105548199877088e+01 1.3981479202635005e-01
1689 9.9739052312788790e+00 1.3799345250945835e-01
1690 9.9003559529730136e+00 1.3697586525475131e-01
1691 9.9400285324084567e+00 1.3752475318573784e-01
1692 9.8823926159881985e+00 1.3672733443040061e-01
1693 9.7290184776843756e+00 1.3460533443346520e-01
1694 9.7998284507687643e+00 1.3558502217176185e-01
1695 9.7394007542795666e+00 1.3474897788696280e-01
1696 9.6283905548494122e+00 1.3321310198600778e-01
1697 9.5985485637902634e+00 1.3280022465455951e-01
1698 9.6467962560207035e+00 1.3346775311729370e-01
1699 9.4793852717361187e+00 1.3115154706021306e-01
1700 9.4623932824569668e+00 1.3091645526705259e-01
1701 9.4860598525133799e+00 1.3124389287904228e-01
1702 9.3864852043622111e+00 1.2986623295926455e-01
1703 9.2961959566787478e+00 1.2861704071977451e-01
1704 9.3460982355361093e+00 1.2930746113063038e-01
1705 9.2750466368531672e+00 1.2832443039380048e-01
1706 9.1495411304865968e+00 1.2658800541974344e-01
1707 9.2047746611856933e+00 1.2735218609107693e-01
1708 9.1448631126603210e+00 1.2652328294486728e-01
1709 9.0406918893645276e+00 1.2508202734624385e-01
1710 9.0254276693245039e+00 1.2487084001546980e-01
1711 9.0538176826897470e+00 1.2526362858426165e-01
1712 8.8894029775125070e+00 1.2298887739256391e-01
1713 8.9050928850966073e+00 1.2320595430144554e-01
1714 8.8973479379447689e+00 1.2309879948372841e-01
1715 8.8028611960540335e+00 1.2179153302916228e-01
1716 8.7328211421199544e+00 1.2082249746764502e-01
1717 8.7888978742723349e+00 1.2159834420928915e-01
1718 8.6718090856002679e+00 1.1997836829971886e-01
1719 8.6068508095685452e+00 1.1907964141483042e-01
1720 8.6450851871300287e+00 1.1960863117780843e-01
1721 8.5632285704827051e+00 1.1847610817102434e-01
1722 8.4766398305989910e+00 1.1727811411674707e-01
1723 8.4996289193978196e+00 1.1759617847166476e-01
1724 8.4635164294396610e+00 1.1709654597541730e-01
1725 8.3326176034048434e+00 1.1528550200466330e-01
1726 8.3832282023332656e+00 1.1598572234140786e-01
1727 8.3253306671366207e+00 1.1518468397295442e-01
1728 8.2366040127772688e+00 1.1395711091297955e-01
1729 8.2201282784644931e+00 1.1372916173883676e-01
1730 8.2358434692663423e+00 1.1394658845237632e-01
1731 8.0932725101993466e+00 1.1197405528577466e-01
1732 8.1098755776573714e+00 1.1220376617109520e-01
1733 8.0965264235599061e+00 1.1201907463660848e-01
1734 7.9959016610749520e+00 1.1062688591401094e-01
1735 7.9656133022571218e+00 1.1020783288441025e-01
1736 7.9858951208983830e+00 1.1048844094239553e-01
1737 7.8789765610684537e+00 1.0900917471054872e-01
1738 7.8367296007703056e+00 1.0842466906562953e-01
1739 7.8714034555693244e+00 1.0890439739917364e-01
1740 7.7572185014493051e+00 1.0732459734309920e-01
1741 7.7266749937327930e+00 1.0690201421404230e-01
1742 7.7327211362825041e+00 1.0698566530811751e-01
1743 7.6674840117980594e+00 1.0608308042981268e-01
1744 7.5817260763156744e+00 1.0489658092707173e-01
1745 7.6375921036731960e+00 1.0566951247337075e-01
1746 7.5319110569438363e+00 1.0420736779033692e-01
1747 7.4876776104271858e+00 1.0359537821757832e-01
1748 7.4945094925561015e+00 1.0368990037116267e-01
1749 7.4438386257919715e+00 1.0298884620187893e-01
1750 7.3521065894575397e+00 1.0171969233426310e-01
1751 7.3925181320482034e+00 1.0227880415195216e-01
1752 7.3217714570502643e+00 1.0129999217107288e-01
1753 7.2458377621671888e+00 1.0024941544352844e-01
1754 7.2722378270855090e+00 1.0061467218299776e-01
1755 7.2119783337630254e+00 9.9780955064455015e-02
1756 7.1381757313943011e+00 9.8759862957713870e-02
1757 7.1485013864330256e+00 9.8902723026581069e-02
1758 7.1153093305308674e+00 9.8443496045412082e-02
1759 7.0118668388666654e+00 9.7012322775772555e-02
1760 7.0537084827344776e+00 9.7591220686079880e-02
1761 6.9865706591954782e+00 9.6662338783827295e-02
1762 6.9238768064303855e+00 9.5794941210503304e-02
1763 6.9204137344522580e+00 9.5747028056380690e-02
1764 6.9001946300736963e+00 9.5467287678349333e-02
1765 6.7954180453815924e+00 9.4017656633282834e-02
1766 6.8298349503939191e+00 9.4493829951277364e-02
1767 6.7758984789821115e+00 9.3747594676958576e-02
1768 6.7026183488520026e+00 9.2733731207985198e-02
1769 6.7113949443614374e+00 9.2855159343458935e-02
1770 6.6763572968776312e+00 9.2370397774947433e-02
1771 6.5938548346485470e+00 9.1228939204856058e-02
1772 6.6048068401585400e+00 9.1380465113432660e-02
1773 6.5743712108026244e+00 9.0959374529881731e-02
1774 6.4819563032316561e+00 8.9680772832417502e-02
1775 6.5116134739841947e+00 9.0091093092025648e-02
1776 6.4550825961315770e+00 8.9308963040918982e-02
1777 6.3954126968422260e+00 8.8483403220277548e-02
1778 6.3904092396547840e+00 8.8414178145869077e-02
1779 6.3701151901276774e+00 8.8133400868092168e-02
1780 6.2735902161925532e+00 8.6797934558975706e-02
1781 6.3095236319827581e+00 8.7295089483788696e-02
1782 6.2464832597385112e+00 8.6422897658044867e-02
1783 6.1917143750651622e+00 8.5665145572887069e-02
1784 6.1929096174013143e+00 8.5681682286714453e-02
1785 6.1579633379528200e+00 8.5198184835953164e-02
1786 6.0810790651220819e+00 8.4134456436136359e-02
1787 6.1032117118195428e+00 8.4440671530438299e-02
1788 6.0498791772862939e+00 8.3702791993720535e-02
1789 5.9860118149023585e+00 8.2819158388461003e-02
1790 6.0069387544243531e+00 8.3108691983189806e-02
1791 5.9441913436234257e+00 8.2240553410417444e-02
1792 5.8975864919095740e+00 8.1595754383099933e-02
1793 5.9004470725872817e+00 8.1635331799843447e-02
1794 5.8560069569215516e+00 8.1020482866709223e-02
1795 5.7890027589994775e+00 8.0093449734802410e-02
1796 5.8211146987461699e+00 8.0537732824491809e-02
1797 5.7392995507628957e+00 7.9405783555274959e-02
1798 5.7140544259153776e+00 7.9056505929714985e-02
1799 5.7088565854454973e+00 7.8984591475406471e-02
1800 5.6574242001632502e+00 7.8273001355857699e-02
1801 5.6078687700345249e+00 7.7587379752735927e-02
1802 5.6286166027923077e+00 7.7874435325046412e-02
1803 5.5479981363293005e+00 7.6759042681414688e-02
1804 5.5285112246192467e+00 7.6489432517365397e-02
1805 5.5275156720023721e+00 7.6475658600371824e-02
1806 5.4563879691351271e+00 7.5491574928016780e-02
1807 5.4399375543702773e+00 7.5263976061176227e-02
1808 5.4321437211127321e+00 7.5156144882259579e-02
1809 5.3665093389236160e+00 7.4248063765427058e-02
1810 5.3469845692933058e+00 7.3977929820070454e-02
1811 5.3478319872299664e+00 7.3989654227319832e-02
1812 5.2628105624594799e+00 7.2813344680628028e-02
1813 5.2757375004271321e+00 7.2992194665580531e-02
1814 5.2394026881003040e+00 7.2489486239643408e-02
1815 5.1883928062227795e+00 7.1783741644206076e-02
1816 5.1758474930275398e+00 7.1610171609151549e-02
1817 5.1619419863262328e+00 7.1417782686847675e-02
1818 5.0853787761301597e+00 7.0358496332588935e-02
1819 5.1072145861209473e+00 7.0660604557912732e-02
1820 5.0553274719954322e+00 6.9942723060856027e-02
1821 5.0121212204703562e+00 6.9344945191537652e-02
1822 5.0141650609632924e+00 6.9373222641489193e-02
1823 4.9704989343566881e+00 6.8769082194148304e-02
1824 4.9247278086166597e+00 6.8135818139633000e-02
1825 4.9331169403838677e+00 6.8251885540442397e-02
1826 4.8790914215077734e+00 6.7504418254514392e-02
1827 4.8424964885057395e+00 6.6998110942362854e-02
1828 4.8534394467722777e+00 6.7149511678268270e-02
1829 4.7828288518279907e+00 6.6172582425967796e-02
1830 4.7736743996285353e+00 6.6045926473706093e-02
1831 4.7574920723401730e+00 6.5822036717349056e-02
1832 4.7076429732846616e+00 6.5132352072904728e-02
1833 4.6845762554642869e+00 6.4813213685654708e-02
1834 4.6847764885071239e+00 6.4815983999613663e-02
1835 4.6098349599958013e+00 6.3779134338842691e-02
1836 4.6227961824896635e+00 6.3958458665593076e-02
1837 4.5848177361329148e+00 6.3433009825626399e-02
1838 4.5410261915511336e+00 6.2827134164344725e-02
1839 4.5366362688001418e+00 6.2766397614055544e-02
1840 4.5072611038745825e+00 6.2359979031552833e-02
1841 4.4560734627929133e+00 6.1651775057795122e-02
1842 4.4661705702728325e+00 6.1791473068674906e-02
1843 4.4174837429632108e+00 6.1117868975153256e-02
1844 4.3832067611923948e+00 6.0643631557965344e-02
1845 4.3895034479026593e+00 6.0730749042879367e-02
1846 4.3302262101700686e+00 5.9910621870997743e-02
1847 4.3166088013548176e+00 5.9722218912169119e-02
1848 4.3035324129109815e+00 5.9541301212845003e-02
1849 4.2569060903073090e+00 5.8896205126136393e-02
1850 4.2369152008618185e+00 5.8619622204066212e-02
1851 4.2337155910124373e+00 5.8575354166666510e-02
1852 4.1670280528366783e+00 5.7652702164382612e-02
1853 4.1799527257882305e+00 5.7831520811821434e-02
1854 4.1394281787033806e+00 5.7270845526268967e-02
1855 4.1051109725442672e+00 5.6796051586626962e-02
1856 4.0981282684489129e+00 5.6699442743488163e-02
1857 4.0687852881977475e+00 5.6293469450391612e-02
1858 4.0248711752940274e+00 5.5685898001399864e-02
1859 4.0351937145428165e+00 5.5828714961915757e-02
1860 3.9812090424759994e+00 5.5081812809915282e-02
1861 3.9633526327331787e+00 5.4834761371918068e-02
1862 3.9574056403077327e+00 5.4752482064284257e-02
1863 3.9057185000940984e+00 5.4037367295993510e-02
1864 3.8982607177600554e+00 5.3934185532333749e-02
1865 3.8795841545101757e+00 5.3675786902699717e-02
1866 3.8356037886045620e+00 5.3067298813710057e-02
1867 3.8285122160006231e+00 5.2969183725923769e-02
1868 3.8087006097049643e+00 5.2695081266646085e-02
1869 3.7586835885177399e+00 5.2003073344190735e-02
1870 3.7716699630430717e+00 5.2182745660578053e-02
1871 3.7217848119569248e+00 5.1492562220119324e-02
1872 3.7039343556367879e+00 5.1245593150395251e-02
1873 3.6930053083605183e+00 5.1094384879279753e-02
1874 3.6569689000342835e+00 5.0595805006535155e-02
1875 3.6318663924483801e+00 5.0248500554758289e-02
1876 3.6317974573201504e+00 5.0247546806339492e-02
1877 3.5764503080365695e+00 4.9481794170927851e-02
1878 3.5790898253146430e+00 4.9518313076383005e-02
1879 3.5520008424436482e+00 4.9143524848035379e-02
1880 3.5147624554434929e+00 4.8628315061208890e-02
1881 3.5138527527065722e+00 4.8615728915811070e-02
1882 3.4807855948637396e+00 4.8158229955313867e-02
1883 3.4516023229213748e+00 4.7754466298304168e-02
1884 3.4493604928979749e+00 4.7723449574393645e-02
1885 3.4108919915877443e+00 4.7191220604339286e-02
1886 3.3890236774935651e+00 4.6888662670165879e-02
1887 3.3876595701941592e+00 4.6869789633830219e-02
1888 3.3360290378615520e+00 4.6155458060964036e-02
1889 3.3391569969330899e+00 4.6198734777714474e-02
1890 3.3101654249264936e+00 4.5797623375300058e-02
1891 3.2809771970749591e+00 4.5393791151064102e-02
1892 3.2719692464337840e+00 4.5269162113572119e-02
1893 3.2494321535368669e+00 4.4957351324692869e-02
1894 3.2127270009570634e+00 4.4449519075245671e-02
1895 3.2204843243429284e+00 4.4556845123711705e-02
1896 3.1723406851886460e+00 4.3890756281957474e-02
1897 3.1652318156295607e+00 4.3792401883038470e-02
1898 3.1494590349697771e+00 4.3574178387983373e-02
1899 3.1137709317795701e+00 4.3080417473022388e-02
1900 3.1061630543060690e+00 4.2975159075785467e-02
1901 3.0868079620874420e+00 4.2707372693525564e-02
1902 3.0518309780396216e+00 4.2223450430860537e-02
1903 3.0517294103902035e+00 4.2222045196874301e-02
1904 3.0203214144209025e+00 4.1787501485087773e-02
1905 2.9955237549083913e+00 4.1444414743140992e-02
1906 2.9958570908348152e+00 4.1449026595195532e-02
1907 2.9521766146346775e+00 4.0844687614791833e-02
1908 2.9486612157365419e+00 4.0796050494260515e-02
1909 2.9279615206860270e+00 4.0509660928721478e-02
1910 2.8990938077635375e+00 4.0110263172290675e-02
1911 2.8897312519999825e+00 3.9980728013878142e-02
1912 2.8717343672457352e+00 3.9731733041090032e-02
1913 2.8369238604745064e+00 3.9250114066217361e-02
1914 2.8434083570841118e+00 3.9339829985327875e-02
1915 2.8012529012607743e+00 3.8756590345860556e-02
1916 2.7938983178666423e+00 3.8654836385822691e-02
1917 2.7787571022316802e+00 3.8445350876164332e-02
1918 2.7483731185507203e+00 3.8024974833691237e-02
1919 2.7396030408671401e+00 3.7903636875261673e-02
1920 2.7227299013163693e+00 3.7670189421401490e-02
1921 2.6911244154716982e+00 3.7232913348608315e-02
1922 2.6914961109997502e+00 3.7238055922956960e-02
1923 2.6606578899241118e+00 3.6811395302387619e-02
1924 2.6423195426645285e+00 3.6557676042680676e-02
1925 2.6383114732978163e+00 3.6502222605237188e-02
1926 2.6010288274423794e+00 3.5986400477296281e-02
1927 2.5986062040621092e+00 3.5952882396201508e-02
1928 2.5771105810575881e+00 3.5655480810418111e-02
1929 2.5530733923846562e+00 3.5322915523633869e-02
1930 2.5455733328973067e+00 3.5219148836595382e-02
1931 2.5248244003551856e+00 3.4932078048275285e-02
1932 2.4990982767856722e+00 3.4576145589652267e-02
1933 2.5014022312221917e+00 3.4608021832683203e-02
1934 2.4620935351388087e+00 3.4064168391086433e-02
1935 2.4612654798925191e+00 3.4052711875343158e-02
1936 2.4402341174851117e+00 3.3761733543157459e-02
1937 2.4174547604434462e+00 3.3446570921171925e-02
1938 2.4101416205649415e+00 3.3345390350761589e-02
1939 2.3898550713528310e+00 3.3064716843206790e-02
1940 2.3669454718252538e+00 3.2747752258010500e-02
1941 2.3657671812977452e+00 3.2731450080059163e-02
1942 2.3329947070201458e+00 3.2278028198862531e-02
1943 2.3264654982058084e+00 3.2187693666344615e-02
1944 2.3124296109017255e+00 3.1993500869921206e-02
1945 2.2845119831537377e+00 3.1607247968025054e-02
1946 2.2838755686495222e+00 3.1598442887905746e-02
1947 2.2576917962062302e+00 3.1236178651842961e-02
1948 2.2430228267280881e+00 3.1033226879582623e-02
1949 2.2345639747332839e+00 3.0916194868152547e-02
1950 2.2101161638043885e+00 3.0577948438279042e-02
1951 2.1979574388433178e+00 3.0409727024842178e-02
1952 2.1895251122827037e+00 3.0293062004691677e-02
1953 2.1585071286067956e+00 2.9863914287917976e-02
1954 2.1621112591547931e+00 2.9913779050624291e-02
1955 2.1328488979294602e+00 2.9508921157910501e-02
1956 2.1227924581773729e+00 2.9369785803286128e-02
1957 2.1118376392258127e+00 2.9218220969483510e-02
1958 2.0896176447902763e+00 2.8910797380046871e-02
1959 2.0789700604538890e+00 2.8763483274950315e-02
1960 2.0684048445654102e+00 2.8617308774275613e-02
1961 2.0419482355691621e+00 2.8251269722126233e-02
1962 2.0425553234636959e+00 2.8259669055446617e-02
1963 2.0168483388845804e+00 2.7904001393340237e-02
1964 2.0052436839109871e+00 2.7743445786699298e-02
1965 1.9976791470118240e+00 2.7638787025748061e-02
1966 1.9718877639598040e+00 2.7281951672913470e-02
1967 1.9683737982019780e+00 2.7233334380521147e-02
1968 1.9504142439885290e+00 2.6984855892508999e-02
1969 1.9329978514022654e+00 2.6743892289235370e-02
1970 1.9272459663414947e+00 2.6664312379504111e-02
1971 1.9071159715381030e+00 2.6385804872413900e-02
1972 1.8932787313286228e+00 2.6194360447644283e-02
1973 1.8886188486195432e+00 2.6129888880248753e-02
1974 1.8605299748184998e+00 2.5741266712398913e-02
1975 1.8623253349656574e+00 2.5766106325314748e-02
1976 1.8391234409193107e+00 2.5445097714347276e-02
1977 1.8281879240172161e+00 2.5293799933056638e-02
1978 1.8192234675590735e+00 2.5169772657095527e-02
1979 1.8006366523636352e+00 2.4912615732049736e-02
1980 1.7896038918332065e+00 2.4759972541544030e-02
1981 1.7818543997106295e+00 2.4652754842118176e-02
1982 1.7579729912881408e+00 2.4322344844971536e-02
1983 1.7585547851319765e+00 2.4330394223755273e-02
1984 1.7361020935843472e+00 2.4019751165400283e-02
1985 1.7264417489161397e+00 2.3886095963923461e-02
1986 1.7187311741346978e+00 2.3779416703367955e-02
1987 1.6975476314583935e+00 2.3486332888904053e-02
1988 1.6935315900105952e+00 2.3430769154142991e-02
1989 1.6781412026806628e+00 2.3217836242322765e-02
1990 1.6631641062657028e+00 2.3010621395686170e-02
1991 1.6581961954630897e+00 2.2941888121455561e-02
1992 1.6397602599336663e+00 2.2686818684263733e-02
1993 1.6297040572062838e+00 2.2547686608982462e-02
1994 1.6232084233153963e+00 2.2457816600589965e-02
1995 1.6007055132464956e+00 2.2146478746468475e-02
1996 1.6018815521165901e+00 2.2162749771729547e-02
1997 1.5804857827419674e+00 2.1866729705703539e-02
1998 1.5732465077368147e+00 2.1766571088946925e-02
1999 1.5636474121104804e+00 2.1633763295436693e-02
2000 1.5478208531544588e+00 2.1414795753531758e-02
