# step 0
# iter abs_residual rel_residual
0 7.2278104865846785e+01 1.0000000000000000e+00
1 1.1546600861375805e+03 1.5975240195917012e+01
2 1.1527745212176183e+03 1.5949152559509526e+01
3 1.1585072720810065e+03 1.6028467739037666e+01
4 1.2484330970659325e+03 1.7272631862486040e+01
5 1.4402468346337646e+03 1.9926460956702773e+01
6 1.2677694538267147e+03 1.7540159031283171e+01
7 1.4124522130191433e+03 1.9541909899834167e+01
8 1.3004236603875243e+03 1.7991944625570930e+01
9 1.3783981910459256e+03 1.9070757231451061e+01
10 1.3232324643110665e+03 1.8307514658375151e+01
11 1.3547601259463675e+03 1.8743713998324900e+01
12 1.3364428175025305e+03 1.8490285820070433e+01
13 1.3388396176543386e+03 1.8523446625216842e+01
14 1.3429152194666767e+03 1.8579834404336157e+01
15 1.3277325809229142e+03 1.8369775790154968e+01
16 1.3450051727483335e+03 1.8608749845402798e+01
17 1.3195692023751478e+03 1.8256831786394518e+01
18 1.3443069584343148e+03 1.8599089737195552e+01
19 1.3132163294684522e+03 1.8168936940251456e+01
20 1.3418458874585690e+03 1.8565039716372318e+01
21 1.3079856800731034e+03 1.8096568559743179e+01
22 1.3382737217499628e+03 1.8515617201556299e+01
23 1.3034526903333672e+03 1.8033852613494314e+01
24 1.3340055733944648e+03 1.8456565454648715e+01
25 1.2993510853099542e+03 1.7977105068286455e+01
26 1.3293075319960578e+03 1.8391565944670873e+01
27 1.2955114809373179e+03 1.7923982419598268e+01
28 1.3243513570111061e+03 1.8322995040741517e+01
29 1.2918249965147209e+03 1.7872978254098367e+01
30 1.3192485335185727e+03 1.8252395188932944e+01
31 1.2882212246122403e+03 1.7823118453413645e+01
32 1.3140716232919942e+03 1.8180770313928445e+01
33 1.2846546044797187e+03 1.7773772664130131e+01
34 1.3088677968909944e+03 1.8108773041578008e+01
35 1.2810958289412883e+03 1.7724535408324439e+01
36 1.3036675101280430e+03 1.8036824741707616e+01
37 1.2775263299641517e+03 1.7675149788934419e+01
38 1.2984901357287065e+03 1.7965193444664813e+01
39 1.2739346838605773e+03 1.7625457754116397e+01
40 1.2933476589197921e+03 1.7894044971438248e+01
41 1.2703142383674790e+03 1.7575367266826806e+01
42 1.2882471280004672e+03 1.7823476838408311e+01
43 1.2666615286046524e+03 1.7524830388893907e+01
44 1.2831922934624947e+03 1.7753540935310760e+01
45 1.2629752087385150e+03 1.7473828500106432e+01
46 1.2781847130475901e+03 1.7684258814200930e+01
47 1.2592553284034971e+03 1.7422362287178988e+01
48 1.2732245007404895e+03 1.7615632052108769e+01
49 1.2555028382771955e+03 1.7370444903162536e+01
50 1.2683108376850173e+03 1.7547649319791809e+01
51 1.2517192522221635e+03 1.7318097293024518e+01
52 1.2634423194680628e+03 1.7480291186564727e+01
53 1.2479064168616565e+03 1.7265345005625949e+01
54 1.2586171941776229e+03 1.7413533413939177e+01
55 1.2440663539080801e+03 1.7212216012264768e+01
56 1.2538335239650410e+03 1.7347349190909799e+01
57 1.2402011533665000e+03 1.7158739229098494e+01
58 1.2490892942235603e+03 1.7281710644488498e+01
59 1.2363129023443341e+03 1.7104943532194394e+01
60 1.2443824862344666e+03 1.7216589844796392e+01
61 1.2324036388424418e+03 1.7050857118208469e+01
62 1.2397111252401769e+03 1.7151959470176582e+01
63 1.2284753213134136e+03 1.6996507083210741e+01
64 1.2350733099337253e+03 1.7087793215194392e+01
65 1.2245298121534197e+03 1.6941919194287575e+01
66 1.2304672309093630e+03 1.7024066045909702e+01
67 1.2205688672024146e+03 1.6887117744272292e+01
68 1.2258911806666918e+03 1.6960754338288634e+01
69 1.2165941326633247e+03 1.6832125509120754e+01
70 1.2213435565432878e+03 1.6897835918777712e+01
71 1.2126071450122261e+03 1.6776963746668645e+01
72 1.2168228618965666e+03 1.6835290080655476e+01
73 1.2086093333584365e+03 1.6721652229284373e+01
74 1.2123277032826413e+03 1.6773097545000748e+01
75 1.2046020237656114e+03 1.6666209303653396e+01
76 1.2078567863324085e+03 1.6711240403636413e+01
77 1.2005864443553082e+03 1.6610651961388314e+01
78 1.2034089109087799e+03 1.6649702052127555e+01
79 1.1965637310954028e+03 1.6554995919114216e+01
80 1.1989829658846547e+03 1.6588467117532357e+01
81 1.1925349333530810e+03 1.6499255695296785e+01
82 1.1945779226416905e+03 1.6527521368454675e+01
83 1.1885010204035018e+03 1.6443444700292609e+01
84 1.1901928302474300e+03 1.6466851648317441e+01
85 1.1844628864397791e+03 1.6387575305664488e+01
86 1.1858268092557475e+03 1.6406445789589046e+01
87 1.1804213570154991e+03 1.6331658933316579e+01
88 1.1814790463286702e+03 1.6346292539373824e+01
89 1.1763771933508401e+03 1.6275706115071479e+01
90 1.1771487897167765e+03 1.6286381496881344e+01
91 1.1723310979341072e+03 1.6219726570169978e+01
92 1.1728353439157131e+03 1.6226703039496918e+01
93 1.1682837191216549e+03 1.6163729268913059e+01
94 1.1685380650369850e+03 1.6167248258734418e+01
95 1.1642356550306017e+03 1.6107722486519318e+01
96 1.1642563576306245e+03 1.6108008916276454e+01
97 1.1601874578336960e+03 1.6051713862546411e+01
98 1.1599896696491501e+03 1.6048977374298509e+01
99 1.1561396376439416e+03 1.5995710454636539e+01
100 1.1557374897041750e+03 1.5990146557512881e+01
101 1.1520926651037882e+03 1.5939718774339100e+01
102 1.1514993435974754e+03 1.5931509905174448e+01
103 1.1480469756772118e+03 1.5883744846493515e+01
104 1.1472747910253192e+03 1.5873061325483581e+01
105 1.1440029715516143e+03 1.5827794235542891e+01
106 1.1430634233276901e+03 1.5814795164445661e+01
107 1.1399610245710815e+03 1.5771872086116934e+01
108 1.1388648605574876e+03 1.5756706165322132e+01
109 1.1359214789433122e+03 1.5715983160483550e+01
110 1.1346787494215325e+03 1.5698789440143397e+01
111 1.1318846530392132e+03 1.5660131863447031e+01
112 1.1305047609326441e+03 1.5641040437224246e+01
113 1.1278508414159114e+03 1.5604322270337351e+01
114 1.1263425889424800e+03 1.5583454920865048e+01
115 1.1238203171272862e+03 1.5548558158977402e+01
116 1.1221919476096205e+03 1.5526028936321548e+01
117 1.1197933329726695e+03 1.5492843026959330e+01
118 1.1180525705912862e+03 1.5468758798621932e+01
119 1.1157701230412144e+03 1.5437180113011566e+01
120 1.1139242088666174e+03 1.5411641062450911e+01
121 1.1117509047685792e+03 1.5381572425453967e+01
122 1.1098066298856286e+03 1.5354672510375130e+01
123 1.1077358792251666e+03 1.5326022746185748e+01
124 1.1056996160742515e+03 1.5297850132159763e+01
125 1.1037252332616174e+03 1.5270533660369328e+01
126 1.1016029635319655e+03 1.5241171106749654e+01
127 1.0997191401745124e+03 1.5215107565640633e+01
128 1.0975164815423011e+03 1.5184632795496899e+01
129 1.0957177605413297e+03 1.5159746683661094e+01
130 1.0934399909857616e+03 1.5128232720202925e+01
131 1.0917212434658704e+03 1.5104453077348685e+01
132 1.0893733238501989e+03 1.5071968556344302e+01
133 1.0877297275764290e+03 1.5049228664688032e+01
134 1.0853163221757666e+03 1.5015838118475706e+01
135 1.0837433411660838e+03 1.4994075220671423e+01
136 1.0812688376689484e+03 1.4959839354889825e+01
137 1.0797622035130807e+03 1.4938994395566885e+01
138 1.0772307304159790e+03 1.4903970329816955e+01
139 1.0757864254712204e+03 1.4883987723086475e+01
140 1.0732018690379491e+03 1.4848229225570964e+01
141 1.0718161096209544e+03 1.4829056622476752e+01
142 1.0691821292834509e+03 1.4792614323077890e+01
143 1.0678513515690827e+03 1.4774202416500673e+01
144 1.0651713940611855e+03 1.4737124002327096e+01
145 1.0638922397475708e+03 1.4719426328654150e+01
146 1.0611695529624367e+03 1.4681756735764470e+01
147 1.0599388563567447e+03 1.4664729496215561e+01
148 1.0571765012087301e+03 1.4626511073732821e+01
149 1.0559912776342301e+03 1.4610112973966649e+01
150 1.0531921400314282e+03 1.4571385649723750e+01
151 1.0520495743106324e+03 1.4555577740497069e+01
152 1.0492163758003633e+03 1.4516379168321889e+01
153 1.0481138117900816e+03 1.4501124700702295e+01
154 1.0452491196648102e+03 1.4461490400237604e+01
155 1.0441840510106638e+03 1.4446754697688080e+01
156 1.0412902872575678e+03 1.4406718178212826e+01
157 1.0402603481830079e+03 1.4392468509153689e+01
158 1.0373397988383397e+03 1.4352061399004786e+01
159 1.0363427553341035e+03 1.4338266854915856e+01
160 1.0333975781013987e+03 1.4297519006889525e+01
161 1.0324313207349401e+03 1.4284150402825375e+01
162 1.0294635529029599e+03 1.4243090003725419e+01
163 1.0285260887835618e+03 1.4230119767149098e+01
164 1.0255376543595044e+03 1.4188773436478085e+01
165 1.0246271007422101e+03 1.4176175518768646e+01
166 1.0216198166696184e+03 1.4134568394755455e+01
167 1.0207343943734288e+03 1.4122318180145747e+01
168 1.0177099774275188e+03 1.4080474015145521e+01
169 1.0168480047077388e+03 1.4068548235943371e+01
170 1.0138080767361508e+03 1.4026489468945671e+01
171 1.0129679638437801e+03 1.4014866130260602e+01
172 1.0099140573894209e+03 1.3972613964683939e+01
173 1.0090943013393529e+03 1.3961272272042860e+01
174 1.0060278648014158e+03 1.3918846747139730e+01
175 1.0052270441544906e+03 1.3907767034294304e+01
176 1.0021494466786355e+03 1.3865187092809018e+01
177 1.0013662172144523e+03 1.3854350761867067e+01
178 9.9827875258319386e+02 1.3811634303861025e+01
179 9.9751184302586375e+02 1.3801023766150420e+01
180 9.9441573467112562e+02 1.3758187718353030e+01
181 9.9366394213000592e+02 1.3747786331342191e+01
182 9.9056034660866430e+02 1.3704846695236593e+01
183 9.8982253330584240e+02 1.3694638717257767e+01
184 9.8671254400343719e+02 1.3651610620323329e+01
185 9.8598763320098919e+02 1.3641581154224383e+01
186 9.8287228417911069e+02 1.3598478903167015e+01
187 9.8215925727116280e+02 1.3588613856078808e+01
188 9.7903952593140821e+02 1.3545450973688007e+01
189 9.7833741900777363e+02 1.3535737009480759e+01
190 9.7521422962215763e+02 1.3492526283474414e+01
191 9.7452213053049138e+02 1.3482950782111299e+01
192 9.7139635705633521e+02 1.3439704304080950e+01
193 9.7071340264513663e+02 1.3430255323473803e+01
194 9.6758587122100789e+02 1.3386984523417084e+01
195 9.6691124481745112e+02 1.3377650764531056e+01
196 9.6378273645931313e+02 1.3334366448154130e+01
197 9.6311566502144615e+02 1.3325137215607080e+01
198 9.5998691833170801e+02 1.3281849601805565e+01
199 9.5932667049389772e+02 1.3272714776825916e+01
200 9.5619838332319307e+02 1.3229433520676340e+01
201 9.5554426703319371e+02 1.3220383528410860e+01
202 9.5241709908954510e+02 1.3177117757269617e+01
203 9.5176845945022535e+02 1.3168143536922754e+01
204 9.4864303432033307e+02 1.3124901878391539e+01
205 9.4799925168012555e+02 1.3115994856805923e+01
206 9.4487615845478570e+02 1.3072785461220128e+01
207 9.4423664670721939e+02 1.3063937529349843e+01
208 9.4111644193040524e+02 1.3020768096744970e+01
209 9.4048064648196726e+02 1.3011971581540012e+01
210 9.3736385591226917e+02 1.2968849386021978e+01
211 9.3673125252386797e+02 1.2960097034399375e+01
212 9.3361837237524924e+02 1.2917028941310930e+01
213 9.3298846505232348e+02 1.2908313890963457e+01
214 9.2987996415186387e+02 1.2865306386737535e+01
215 9.2925228388185383e+02 1.2856622148666059e+01
216 9.2614860447882006e+02 1.2813681352019628e+01
217 9.2552270815868212e+02 1.2805021795694795e+01
218 9.2242426760140563e+02 1.2762153480829216e+01
219 9.2179973606250746e+02 1.2753512806864986e+01
220 9.1870692806408329e+02 1.2710722420977522e+01
221 9.1808336550641695e+02 1.2702095153303256e+01
222 9.1499656116585254e+02 1.2659387830715126e+01
223 9.1437359359075970e+02 1.2650768794891635e+01
224 9.1129314270351222e+02 1.2608149375179883e+01
225 9.1067041698805178e+02 1.2599533685592888e+01
226 9.0759664895972355e+02 1.2557006726231773e+01
227 9.0697383169781119e+02 1.2548389770058554e+01
228 9.0390705672417880e+02 1.2505959562745778e+01
229 9.0328383340586299e+02 1.2497336988600088e+01
230 9.0022434340226175e+02 1.2455007572115250e+01
231 8.9960041708097799e+02 1.2446375271608176e+01
232 8.9654848648704706e+02 1.2404150442946777e+01
233 8.9592357756946080e+02 1.2395504547779131e+01
234 8.9287946419263869e+02 1.2353387873822721e+01
235 8.9225330891418935e+02 1.2344724734693498e+01
236 8.8921725518899234e+02 1.2302719569632348e+01
237 8.8858960491935113e+02 1.2294035746629433e+01
238 8.8556183822386060e+02 1.2252145236341287e+01
239 8.8493245909319035e+02 1.2243437493770580e+01
240 8.8191319253552797e+02 1.2201664586701886e+01
241 8.8128186447139501e+02 1.2192929879762561e+01
242 8.7827129783149871e+02 1.2151277339958368e+01
243 8.7763781374540088e+02 1.2142512803488110e+01
244 8.7463613380908896e+02 1.2100983215213995e+01
245 8.7400029932529208e+02 1.2092186159937338e+01
246 8.7100768086012954e+02 1.2050781941180952e+01
247 8.7036931317554775e+02 1.2041949837935210e+01
248 8.6738591940198683e+02 1.2000673246924718e+01
249 8.6674484724948798e+02 1.1991803726152297e+01
250 8.6377083001819267e+02 1.1950656863809748e+01
251 8.6312689282996416e+02 1.1941747703982942e+01
252 8.6016239401556561e+02 1.1900732533207492e+01
253 8.5951544118026766e+02 1.1891781650550861e+01
254 8.5656059241256969e+02 1.1850899992499887e+01
255 8.5591048331173954e+02 1.1841905441493925e+01
256 8.5296540675208473e+02 1.1801158986324394e+01
257 8.5231200980541007e+02 1.1792118946496464e+01
258 8.4937681873116674e+02 1.1751509261451575e+01
259 8.4872001123339430e+02 1.1742422035119459e+01
260 8.4579481023298126e+02 1.1701950567226902e+01
261 8.4513447784095968e+02 1.1692814572401813e+01
262 8.4221936322779413e+02 1.1652482654200911e+01
263 8.4155539961960324e+02 1.1643296419871396e+01
264 8.3865046014599261e+02 1.1603105279290132e+01
265 8.3798276641821110e+02 1.1593867437082997e+01
266 8.3508808331732143e+02 1.1553818198018657e+01
267 8.3441656792333436e+02 1.1544527481345421e+01
268 8.3153221536729848e+02 1.1504621170002734e+01
269 8.3085679340882268e+02 1.1495276404257568e+01
270 8.2798283914270428e+02 1.1455513957919875e+01
271 8.2730343237664215e+02 1.1446114060574432e+01
272 8.2443993739904977e+02 1.1406496323184841e+01
273 8.2375647377141513e+02 1.1397040297339903e+01
274 8.2090349337036514e+02 1.1357568033832921e+01
275 8.2021590649382267e+02 1.1348054960989925e+01
276 8.1737349013373455e+02 1.1308728855727981e+01
277 8.1668171944270193e+02 1.1299157897934933e+01
278 8.1384991106291079e+02 1.1259978558838435e+01
279 8.1315390119750043e+02 1.1250348950166456e+01
280 8.1033273950944044e+02 1.1211316912825463e+01
281 8.0963244025336837e+02 1.1201627958509741e+01
282 8.0682195906088089e+02 1.1162743690615558e+01
283 8.0611732500939536e+02 1.1152994762460990e+01
284 8.0331755331861245e+02 1.1114258665326464e+01
285 8.0260854365278726e+02 1.1104449198584893e+01
286 7.9981950615216840e+02 1.1065861613785936e+01
287 7.9910608422981386e+02 1.1055991101496236e+01
288 7.9632780127182684e+02 1.1017552310618367e+01
289 7.9560993485179290e+02 1.1007620306709764e+01
290 7.9284242268458217e+02 1.0969330534553350e+01
291 7.9212008323866644e+02 1.0959336644325369e+01
292 7.8936335448805789e+02 1.0921196065574373e+01
293 7.8863651723880832e+02 1.0911139946219851e+01
294 7.8589058052171652e+02 1.0873148680093154e+01
295 7.8515922454781696e+02 1.0863030042156298e+01
296 7.8242408522030803e+02 1.0825188162757474e+01
297 7.8168819265199500e+02 1.0815006759002092e+01
298 7.7896385265596450e+02 1.0777314293198138e+01
299 7.7822340903209658e+02 1.0767069923547853e+01
300 7.7550986720861283e+02 1.0729526855304430e+01
301 7.7476486104720038e+02 1.0719219360900761e+01
302 7.7206211320901912e+02 1.0681825632285467e+01
303 7.7131253598669457e+02 1.0671454895203803e+01
304 7.6862057518618212e+02 1.0634210410093010e+01
305 7.6786642094100614e+02 1.0623776347847247e+01
306 7.6518523750025281e+02 1.0586680972342732e+01
307 7.6442650311559612e+02 1.0576183541812906e+01
308 7.6175608487598470e+02 1.0539237107694747e+01
309 7.6099276934579041e+02 1.0528676294961610e+01
310 7.5833310178138879e+02 1.0491878601257021e+01
311 7.5756520684352586e+02 1.0481254430364768e+01
312 7.5491627275230280e+02 1.0444605239075930e+01
313 7.5414380217638256e+02 1.0433917762178826e+01
314 7.5150558279839083e+02 1.0397416813753456e+01
315 7.5072854235892214e+02 1.0386666110744420e+01
316 7.4810101621185618e+02 1.0350313107965185e+01
317 7.4731941401599818e+02 1.0339499291010400e+01
318 7.4470255811287973e+02 1.0303293915842145e+01
319 7.4391640374297026e+02 1.0292417117517553e+01
320 7.4131019305119958e+02 1.0256359023623034e+01
321 7.4051949826554574e+02 1.0245419406610088e+01
322 7.3792390604422951e+02 1.0209508224017050e+01
323 7.3712868386854984e+02 1.0198505968532409e+01
324 7.3454368180205029e+02 1.0162741305481303e+01
325 7.3374394726764922e+02 1.0151676619489807e+01
326 7.3116950527570566e+02 1.0116058059806734e+01
327 7.3036527465509539e+02 1.0104931168445885e+01
328 7.2780136136067222e+02 1.0069458278015485e+01
329 7.2699265252752741e+02 1.0058269428575592e+01
330 7.2443923489355723e+02 1.0022941750315217e+01
331 7.2362606703570577e+02 1.0011691208268484e+01
332 7.2108311097047181e+02 9.9765082705039436e+00
333 7.2026550458668362e+02 9.9651963194600466e+00
334 7.1773297436862038e+02 9.9301576279674588e+00
335 7.1691095113087238e+02 9.9187845677679185e+00
336 7.1438881029684342e+02 9.8838896180634368e+00
337 7.1356239292292230e+02 9.8724557630190226e+00
338 7.1105060356856427e+02 9.8377040306787773e+00
339 7.1021981597308900e+02 9.8262097116589686e+00
340 7.0771833938611121e+02 9.7916006610810555e+00
341 7.0688320629348061e+02 9.7800462201589990e+00
342 7.0439200252646685e+02 9.7455792986529968e+00
343 7.0355254992807670e+02 9.7339650954313122e+00
344 7.0107157832284145e+02 9.6996397404729873e+00
345 7.0022783261039478e+02 9.6879661400927244e+00
346 6.9775705161210601e+02 9.6537817767523357e+00
347 6.9690904045558386e+02 9.6420491620400917e+00
348 6.9444840746924945e+02 9.6080052009968195e+00
349 6.9359615906048953e+02 9.5962139619993145e+00
350 6.9114563108512039e+02 9.5623098083151881e+00
351 6.9028917439988425e+02 9.5504603459250799e+00
352 6.8784870735999766e+02 9.5166953897960234e+00
353 6.8698807203316494e+02 9.5047881140251640e+00
354 6.8455762145474773e+02 9.4711617401332600e+00
355 6.8369283784437869e+02 9.4591970709990303e+00
356 6.8127235837576438e+02 9.4257086518836299e+00
357 6.8040345729454452e+02 9.4136870156933536e+00
358 6.7799290332492058e+02 9.3803359203084078e+00
359 6.7711991611945405e+02 9.3682577507564151e+00
360 6.7471924113744001e+02 9.3350433355961133e+00
361 6.7384219985861637e+02 9.3229090761208333e+00
362 6.7145135713528987e+02 9.2898306946695755e+00
363 6.7057029403883905e+02 9.2776407915435026e+00
364 6.6818923610251329e+02 9.2446977870092084e+00
365 6.6730418422611467e+02 9.2324526973234544e+00
366 6.6493286331334957e+02 9.1996444088775071e+00
367 6.6404385568543046e+02 9.1873445895951793e+00
368 6.6168222374513550e+02 9.1546703524291893e+00
369 6.6078929408035981e+02 9.1423162700077842e+00
370 6.5843730240166644e+02 9.1097754101850352e+00
371 6.5754048451900132e+02 9.0973675325251318e+00
372 6.5519808441074997e+02 9.0649593763815943e+00
373 6.5429741253294230e+02 9.0524981769702464e+00
374 6.5196455475662401e+02 9.0202220432690616e+00
375 6.5106006326682689e+02 9.0077079978126147e+00
376 6.4873669848729651e+02 8.9755632039799220e+00
377 6.4782842214660559e+02 8.9629967934137245e+00
378 6.4551450051124266e+02 8.9309826497161584e+00
379 6.4460247421727968e+02 8.9183643568644602e+00
380 6.4229794603132189e+02 8.8864801757526948e+00
381 6.4138220481107317e+02 8.8738104852295638e+00
382 6.3908701979172872e+02 8.8420555710186211e+00
383 6.3816759899467684e+02 8.8293349719000034e+00
384 6.3588170697962755e+02 8.7977086305717123e+00
385 6.3495864190131408e+02 8.7849376111872566e+00
386 6.3268199236943428e+02 8.7534391437591825e+00
387 6.3175531872108820e+02 8.7406181981897593e+00
388 6.2948786104109479e+02 8.7092469041553908e+00
389 6.2855761424919228e+02 8.6963765225421881e+00
390 6.2629929790377412e+02 8.6651317029718662e+00
391 6.2536551372970155e+02 8.6522123800897059e+00
392 6.2311628782904688e+02 8.6210933309000595e+00
393 6.2217900199830206e+02 8.6081255610272258e+00
394 6.1993881576273009e+02 8.5771315796585963e+00
395 6.1899806409390567e+02 8.5641158583613848e+00
396 6.1676686648669522e+02 8.5332462386978420e+00
397 6.1582268482275902e+02 8.5201830618797896e+00
398 6.1360042501031319e+02 8.4894371006157190e+00
399 6.1265284917988947e+02 8.4763269639819132e+00
400 6.1043947597731722e+02 8.4457039529513889e+00
401 6.0948854185759399e+02 8.4325473528788191e+00
402 6.0728400446949206e+02 8.4020465893046534e+00
403 6.0632974771253339e+02 8.3888440190556164e+00
404 6.0413399501978313e+02 8.3584647956818738e+00
405 6.0317645159858944e+02 8.3452167529589651e+00
406 6.0098943263513218e+02 8.3149583646473655e+00
407 6.0002863802528952e+02 8.3016653402712297e+00
408 5.9785030188937503e+02 8.2715270827732272e+00
409 5.9688629199374725e+02 8.2581895734760877e+00
410 5.9471658763939365e+02 8.2281707405476272e+00
411 5.9374939782303602e+02 8.2147892356208896e+00
412 5.9158827463001035e+02 8.1848891269083435e+00
413 5.9061794040885775e+02 8.1714641177308938e+00
414 5.8846534737051479e+02 8.1416820275344470e+00
415 5.8749190419212948e+02 8.1282140045392097e+00
416 5.8534779073205652e+02 8.0985492331115072e+00
417 5.8437127383994709e+02 8.0850386839082322e+00
418 5.8223558916602292e+02 8.0554905285174936e+00
419 5.8125603374130424e+02 8.0419379398526853e+00
420 5.7912872749973519e+02 8.0125057038315912e+00
421 5.7814616845561170e+02 7.9989115587450916e+00
422 5.7602719012606985e+02 7.9695945431222439e+00
423 5.7504166241515770e+02 7.9559593251991760e+00
424 5.7293096180157693e+02 7.9267568354894866e+00
425 5.7194249998167425e+02 7.9130810228524879e+00
426 5.6984002684678399e+02 7.8839923640007843e+00
427 5.6884866568077553e+02 7.8702764376099568e+00
428 5.6675436994461484e+02 7.8413009167375174e+00
429 5.6576014365957371e+02 7.8275453501397703e+00
430 5.6367397543398158e+02 7.7986822770215110e+00
431 5.6267691846821299e+02 7.7848875466862433e+00
432 5.6059882782446243e+02 7.7561362305358319e+00
433 5.5959897410976282e+02 7.7423028059246661e+00
434 5.5752891157933630e+02 7.7136625623229733e+00
435 5.5652629506181074e+02 7.6997909130955007e+00
436 5.5446421094557320e+02 7.6712610544327013e+00
437 5.5345886535563193e+02 7.6573516472642753e+00
438 5.5140471043163802e+02 7.6289314925326792e+00
439 5.5039666927442534e+02 7.6149847909819997e+00
440 5.4835039423400463e+02 7.5866736579740337e+00
441 5.4733969080322572e+02 7.5726901226744454e+00
442 5.4530124683627116e+02 7.5444873360803859e+00
443 5.4428791409918506e+02 7.5304674231487043e+00
444 5.4225725228241890e+02 7.5023723060930587e+00
445 5.4124132322787057e+02 7.4883164719447510e+00
446 5.3921839500014789e+02 7.4603283525622999e+00
447 5.3819990213868527e+02 7.4462370469953783e+00
448 5.3618465897449357e+02 7.4183552539138899e+00
449 5.3516363495256417e+02 7.4042289286065994e+00
450 5.3315602853006192e+02 7.3764527932717217e+00
451 5.3213250538165141e+02 7.3622918914286224e+00
452 5.3013248771605822e+02 7.3346207499493961e+00
453 5.2910649755294480e+02 7.3204257158513419e+00
454 5.2711402066233609e+02 7.2928589043763195e+00
455 5.2608559507461553e+02 7.2786301750864544e+00
456 5.2410061143545659e+02 7.2511670361062173e+00
457 5.2306978198934678e+02 7.2369050483573254e+00
458 5.2109224398935714e+02 7.2095449231346169e+00
459 5.2005904192551145e+02 7.1952501091551495e+00
460 5.1808890236719117e+02 7.1679923446913882e+00
461 5.1705335874310083e+02 7.1536651341756681e+00
462 5.1509057042493305e+02 7.1265090774166966e+00
463 5.1405271604158963e+02 7.1121498965102559e+00
464 5.1209723220846092e+02 7.0850949005781096e+00
465 5.1105709750987995e+02 7.0707041704875584e+00
466 5.0910887144336004e+02 7.0437495890117994e+00
467 5.0806648679439661e+02 7.0293277298485277e+00
468 5.0612547205700633e+02 7.0024729203458032e+00
469 5.0508086742038762e+02 6.9880203466575805e+00
470 5.0314701773788482e+02 6.9612646689029942e+00
471 5.0210022304862594e+02 6.9467817948541821e+00
472 5.0017349229801175e+02 6.9201246107153569e+00
473 4.9912453696287099e+02 6.9056118431616467e+00
474 4.9720487948316753e+02 6.8790525208984734e+00
475 4.9615379280066065e+02 6.8645102651979704e+00
476 4.9424116285624456e+02 6.8380481720375856e+00
477 4.9318797383167674e+02 6.8234768294916988e+00
478 4.9128232618322545e+02 6.7971113395277838e+00
479 4.9022706351056127e+02 6.7825113071303811e+00
480 4.8832835285452319e+02 6.7562417935679795e+00
481 4.8727104513265215e+02 6.7416134669975269e+00
482 4.8537922662443310e+02 6.7154393093915630e+00
483 4.8431990193393091e+02 6.7007830771554193e+00
484 4.8243493076982600e+02 6.6747036556265407e+00
485 4.8137361725402849e+02 6.6600199071003807e+00
486 4.7949544894073813e+02 6.6340346060638309e+00
487 4.7843217406652980e+02 6.6193237212643217e+00
488 4.7656076444548637e+02 6.5934319297665107e+00
489 4.7549555577753353e+02 6.5786942900631740e+00
490 4.7363086062788949e+02 6.5528953962888412e+00
491 4.7256374523926036e+02 6.5381313762497193e+00
492 4.7070572087763838e+02 6.5124247758197464e+00
493 4.6963672571547085e+02 6.4976347482705785e+00
494 4.6778532834086172e+02 6.4720198351783571e+00
495 4.6671448003163556e+02 6.4572041685084338e+00
496 4.6486966643943799e+02 6.4316803449989255e+00
497 4.6379699120360522e+02 6.4168394019799617e+00
498 4.6195871815751838e+02 6.3914060698595518e+00
499 4.6088424215404598e+02 6.3765402124125883e+00
500 4.5905246676110693e+02 6.3511967782378962e+00
501 4.5797621573682113e+02 6.3363063625818219e+00
502 4.5615089517921126e+02 6.3110522339491224e+00
503 4.5507289478148414e+02 6.2961376149268338e+00
504 4.5325398659974542e+02 6.2709722043904792e+00
505 4.5217426198656563e+02 6.2560337300740336e+00
506 4.5036172384944820e+02 6.2309564519621956e+00
507 4.4928030019162321e+02 6.2159944706010046e+00
508 4.4747408998310817e+02 6.1910047422196719e+00
509 4.4639099185320561e+02 6.1760195937862301e+00
510 4.4459106782748876e+02 6.1511168375634755e+00
511 4.4350631979848168e+02 6.1361088620358881e+00
512 4.4171264019081008e+02 6.1112925001376226e+00
513 4.4062626640790359e+02 6.0962620315756304e+00
514 4.3883878989368503e+02 6.0715314922575860e+00
515 4.3775081434594358e+02 6.0564788625606560e+00
516 4.3596949957293674e+02 6.0318335736960256e+00
517 4.3487994591688198e+02 6.0167591101627469e+00
518 4.3310475206398621e+02 5.9921985069732928e+00
519 4.3201364359153109e+02 5.9771025318577262e+00
520 4.3024452980965248e+02 5.9526260491779137e+00
521 4.2915188970234271e+02 5.9375088832071432e+00
522 4.2738881550268809e+02 5.9131159608563566e+00
523 4.2629466656159860e+02 5.8979779194934805e+00
524 4.2453759149948797e+02 5.8736679979014310e+00
525 4.2344195642594019e+02 5.8585093952294134e+00
526 4.2169084041965198e+02 5.8342819198475064e+00
527 4.2059374137921884e+02 5.8191030625369917e+00
528 4.1884854450697691e+02 5.7949574810295470e+00
529 4.1775000369999719e+02 5.7797586762321789e+00
530 4.1601068621602286e+02 5.7556944386985212e+00
531 4.1491072525634223e+02 5.7404759854515488e+00
532 4.1317724778750227e+02 5.7164925471467205e+00
533 4.1207588825573066e+02 5.7012547440275627e+00
534 4.1034821139213597e+02 5.6773515596980708e+00
535 4.0924547452815847e+02 5.6620947005700648e+00
536 4.0752355924068507e+02 5.6382712302304725e+00
537 4.0641946609036910e+02 5.6229956062726334e+00
538 4.0470327336814341e+02 5.5992513101900085e+00
539 4.0359784463607770e+02 5.5839572078596067e+00
540 4.0188733594802312e+02 5.5602915529392218e+00
541 4.0078059203917167e+02 5.5449792545480880e+00
542 3.9907572879790195e+02 5.5213917069161456e+00
543 3.9796768999603336e+02 5.5060614930993168e+00
544 3.9626843397183120e+02 5.4825515238305309e+00
545 3.9515912016021878e+02 5.4672036696820117e+00
546 3.9346543316875506e+02 5.4437707504790618e+00
547 3.9235486417449886e+02 5.4284055303156729e+00
548 3.9066670834727233e+02 5.4050491372508596e+00
549 3.8955490346107644e+02 5.3896668179681466e+00
550 3.8787224110928719e+02 5.3663864296000172e+00
551 3.8675921961439423e+02 5.3509872779902903e+00
552 3.8508201321531641e+02 5.3277823751751034e+00
553 3.8396779388010100e+02 5.3123666509072427e+00
554 3.8229600622923476e+02 5.2892367189040561e+00
555 3.8118060777542496e+02 5.2738046810015673e+00
556 3.7951420163551154e+02 5.2507492046162030e+00
557 3.7839764244501339e+02 5.2353011074010016e+00
558 3.7673658095599620e+02 5.2123195766580439e+00
559 3.7561887921126095e+02 5.1968556716924974e+00
560 3.7396312552992964e+02 5.1739475768496055e+00
561 3.7284429908973243e+02 5.1584681112178785e+00
562 3.7119381681055495e+02 5.1356329485881878e+00
563 3.7007388322472116e+02 5.1201381650999860e+00
564 3.6842863591430472e+02 5.0973754306111649e+00
565 3.6730761260772749e+02 5.0818655703477020e+00
566 3.6566756416395907e+02 5.0591747645108240e+00
567 3.6454546818792545e+02 5.0436500633843036e+00
568 3.6291058250924766e+02 5.0210306867181291e+00
569 3.6178743088546560e+02 5.0054913802315149e+00
570 3.6015767215576301e+02 4.9829429372040233e+00
571 3.5903348138503605e+02 4.9673892536533337e+00
572 3.5740881398351723e+02 4.9449112514348981e+00
573 3.5628360053851810e+02 4.9293434187269485e+00
574 3.5466398895982735e+02 4.9069353660850474e+00
575 3.5353776886601173e+02 4.8913536059392060e+00
576 3.5192317786872258e+02 4.8690150152928968e+00
577 3.5079596711154693e+02 4.8534195488751228e+00
578 3.4918636144255123e+02 4.8311499324818428e+00
579 3.4805817566407995e+02 4.8155409762071137e+00
580 3.4645352041602746e+02 4.7933398511080139e+00
581 3.4532437503423199e+02 4.7777176182908807e+00
582 3.4372463533226033e+02 4.7555845019765988e+00
583 3.4259454549137098e+02 4.7399492021442784e+00
584 3.4099968684110638e+02 4.7178836173696812e+00
585 3.3986866738016499e+02 4.7022354558269752e+00
586 3.3827865522777768e+02 4.6802369245243289e+00
587 3.3714672088749114e+02 4.6645761052155290e+00
588 3.3556152101780083e+02 4.6426441540024665e+00
589 3.3442868614184312e+02 4.6269708753787349e+00
590 3.3284826433895387e+02 4.6051050308629913e+00
591 3.3171454323804522e+02 4.5894194909195614e+00
592 3.3013886555144757e+02 4.5676192833806084e+00
593 3.2900427204040619e+02 4.5519216732516865e+00
594 3.2743330468247478e+02 4.5301866352225737e+00
595 3.2629785255423121e+02 4.5144771457395407e+00
596 3.2473156185149105e+02 4.4928068113326374e+00
597 3.2359526447102343e+02 4.4770856274059598e+00
598 3.2203361696010285e+02 4.4554795336405091e+00
599 3.2089648764726354e+02 4.4397468395563200e+00
600 3.1933944989375016e+02 4.4182045238522303e+00
601 3.1820150162018115e+02 4.4024604990790142e+00
602 3.1664904046754901e+02 4.3809815027008767e+00
603 3.1551028602977470e+02 4.3652263242842881e+00
604 3.1396236836339324e+02 4.3438101890763372e+00
605 3.1282282025231643e+02 4.3280440298336194e+00
606 3.1127941325187146e+02 4.3066903017120861e+00
607 3.1013908376432528e+02 4.2909133317754398e+00
608 3.0860015458865507e+02 4.2696215563681221e+00
609 3.0745905582859075e+02 4.2538339432011432e+00
610 3.0592457186868813e+02 4.2326036693477995e+00
611 3.0478271566421836e+02 4.2168055765977313e+00
612 3.0325264440539047e+02 4.1956363544430024e+00
613 3.0211004241046669e+02 4.1798279433474912e+00
614 3.0058435149628457e+02 4.1587193252256700e+00
615 2.9944101505320873e+02 4.1429007527105499e+00
616 2.9791967231155854e+02 4.1218522935060111e+00
617 2.9677561256635346e+02 4.1060237137815072e+00
618 2.9525858591035075e+02 4.0850349695578121e+00
619 2.9411381378662139e+02 4.0691965337568989e+00
620 2.9260107129424347e+02 4.0482670628585451e+00
621 2.9145559747476005e+02 4.0324189187821400e+00
622 2.8994710732890928e+02 4.0115482810053109e+00
623 2.8880094231053448e+02 3.9956905738822179e+00
624 2.8729667280775743e+02 3.9748783305954154e+00
625 2.8614982682742288e+02 3.9590112020581745e+00
626 2.8464974645991339e+02 3.9382569173367679e+00
627 2.8350222952035517e+02 3.9223805057777197e+00
628 2.8200630683662712e+02 3.9016837444762911e+00
629 2.8085812873963692e+02 3.8857981855076202e+00
630 2.7936633247354484e+02 3.8651585150450236e+00
631 2.7821750279017107e+02 3.8492639410864768e+00
632 2.7672980171780711e+02 3.8286809294659423e+00
633 2.7558032984131472e+02 3.8127774704775543e+00
634 2.7409669290632081e+02 3.7922506880204376e+00
635 2.7294658794380825e+02 3.7763384700030000e+00
636 2.7146698420967789e+02 3.7558674886888581e+00
637 2.7031625510265872e+02 3.7399466353522217e+00
638 2.6884065372374641e+02 3.7195310284177130e+00
639 2.6768930914269066e+02 3.7036016597217198e+00
640 2.6621767944911397e+02 3.6832410028352651e+00
641 2.6506572786671694e+02 3.6673032360034545e+00
642 2.6359803921347969e+02 3.6469971051777863e+00
643 2.6244548892395034e+02 3.6310510549642592e+00
644 2.6098171084282063e+02 3.6107990286577234e+00
645 2.5982856986196145e+02 3.5948448059647031e+00
646 2.5836867193526058e+02 3.5746464633350707e+00
647 2.5721494814010890e+02 3.5586841771449018e+00
648 2.5575890009941850e+02 3.5385390994150288e+00
649 2.5460460106031198e+02 3.5225688544667282e+00
650 2.5315237275054767e+02 3.5024766244274965e+00
651 2.5199750587428105e+02 3.4864985231973917e+00
652 2.5054906722029904e+02 3.4664587247456975e+00
653 2.4939363967444413e+02 3.4504728664003594e+00
654 2.4794896071170314e+02 3.4304850849633337e+00
655 2.4679297949485115e+02 3.4144915663314106e+00
656 2.4535203033315713e+02 3.3945553883648119e+00
657 2.4419550217005755e+02 3.3785543024862297e+00
658 2.4275825306962560e+02 3.3586693165267945e+00
659 2.4160118452500834e+02 3.3426607542275359e+00
660 2.4016760577101070e+02 3.3228265491572939e+00
661 2.3901000314647206e+02 3.3068105976227700e+00
662 2.3758006522217869e+02 3.2870267650645224e+00
663 2.3642193463617042e+02 3.2710035089462579e+00
664 2.3499560798058857e+02 3.2512696399104106e+00
665 2.3383695536101152e+02 3.2352391612235718e+00
666 2.3241421062355195e+02 3.2155548496315580e+00
667 2.3125504164409509e+02 3.1995172268741774e+00
668 2.2983584944878194e+02 3.1798820662961949e+00
669 2.2867616966377076e+02 3.1638373763148566e+00
670 2.2726050079595743e+02 3.1442509625531661e+00
671 2.2610031540683582e+02 3.1281992773121794e+00
672 2.2468814073856836e+02 3.1086612073684727e+00
673 2.2352745487723323e+02 3.0926025978699330e+00
674 2.2211874531325600e+02 3.0731124691982989e+00
675 2.2095756378177236e+02 3.0570470018809299e+00
676 2.1955229038062106e+02 3.0376044140632277e+00
677 2.1839061787037298e+02 3.0215321538344320e+00
678 2.1698875167240493e+02 3.0021367062010165e+00
679 2.1582659261206726e+02 2.9860577143334970e+00
680 2.1442810482449590e+02 2.9667090085232513e+00
681 2.1326546346723504e+02 2.9506233438614728e+00
682 2.1187032529136746e+02 2.9313209814315635e+00
683 2.1070720564709040e+02 2.9152286994543881e+00
684 2.0931538844722832e+02 2.8959722842170850e+00
685 2.0815179435418048e+02 2.8798734380283597e+00
686 2.0676326944744764e+02 2.8606625731432045e+00
687 2.0559920454543379e+02 2.8445572131012606e+00
688 2.0421394342953718e+02 2.8253915042262459e+00
689 2.0304941108774139e+02 2.8092796769452559e+00
690 2.0166738525312462e+02 2.7901587296378811e+00
691 2.0050238874078340e+02 2.7740404803491989e+00
692 1.9912356975945156e+02 2.7549639012954037e+00
693 1.9795811203192193e+02 2.7388392708877194e+00
694 1.9658247157520114e+02 2.7198066681475939e+00
695 1.9541655545230012e+02 2.7036756956343404e+00
696 1.9404406522576858e+02 2.6846866777418685e+00
697 1.9287769333557881e+02 2.6685493994837479e+00
698 1.9150832525563914e+02 2.6496035778897631e+00
699 1.9034150044235110e+02 2.6334600332374269e+00
700 1.8897522750912734e+02 2.6145570343865345e+00
701 1.8780795528117264e+02 2.5984072995516048e+00
702 1.8644475834174668e+02 2.5795468584545924e+00
703 1.8527706406177163e+02 2.5633912843406561e+00
704 1.8391697428829877e+02 2.5445738322782749e+00
705 1.8274900619043214e+02 2.5284144697709916e+00
706 1.8139234607569492e+02 2.5096444685755359e+00
707 1.8022492187708730e+02 2.4934926311584587e+00
708 1.7887350100026160e+02 2.4747951171694846e+00
709 1.7771064023497718e+02 2.4587064168992883e+00
710 1.7637290606452177e+02 2.4401982646318996e+00
711 1.7523193115531760e+02 2.4244123649971221e+00
712 1.7394189866268798e+02 2.4065641868382728e+00
713 1.7288744054500239e+02 2.3919752858198700e+00
714 1.7176261176760769e+02 2.3764127751607642e+00
715 1.7100033067240909e+02 2.3658662742997709e+00
716 1.7038368986985080e+02 2.3573347722120666e+00
717 1.7046154954705986e+02 2.3584119957689595e+00
718 1.7118245450394292e+02 2.3683860391977558e+00
719 1.7329606918085983e+02 2.3976288462807576e+00
720 1.7697318182939358e+02 2.4485033490829369e+00
721 1.8318501404446249e+02 2.5344468339958093e+00
722 1.9222031551585488e+02 2.6594542824916236e+00
723 2.0500909445240333e+02 2.8363927752797964e+00
724 2.2133038988575248e+02 3.0622052182546451e+00
725 2.4098495920355825e+02 3.3341350005073207e+00
726 2.6149492964904204e+02 3.6178996410378343e+00
727 2.7961444570716117e+02 3.8685912729193044e+00
728 2.8993145354037762e+02 4.0113317038197209e+00
729 2.8919292285341680e+02 4.0011138005095610e+00
730 2.7684028456255413e+02 3.8302095091783195e+00
731 2.5804592577503610e+02 3.5701811254457678e+00
732 2.3927389810290705e+02 3.3104617027108851e+00
733 2.2720072195935941e+02 3.1434238955359972e+00
734 2.2485735948801110e+02 3.1110024246673604e+00
735 2.3276040053660336e+02 3.2203445423565396e+00
736 2.4648145366730620e+02 3.4101814667774288e+00
737 2.5856469445643285e+02 3.5773585228382370e+00
738 2.6024233697165920e+02 3.6005694595159512e+00
739 2.5021722409314864e+02 3.4618675262386764e+00
740 2.3497745503507016e+02 3.2510184857669517e+00
741 2.2477896540931198e+02 3.1099178074261555e+00
742 2.2495805692190783e+02 3.1123956188315356e+00
743 2.3489211901353363e+02 3.2498378236328942e+00
744 2.4612620007578118e+02 3.4052663739953974e+00
745 2.4866702612797133e+02 3.4404198420740930e+00
746 2.3914328964155163e+02 3.3086546760657090e+00
747 2.2642790342523884e+02 3.1327316044811200e+00
748 2.2081328693869315e+02 3.0550508670438723e+00
749 2.2648801622211343e+02 3.1335632919885077e+00
750 2.3708693239847639e+02 3.2802040512618076e+00
751 2.4134343708732945e+02 3.3390947028187821e+00
752 2.3346302929037540e+02 3.2300657263177985e+00
753 2.2206205070663418e+02 3.0723280738862324e+00
754 2.1825006920008934e+02 3.0195875999402131e+00
755 2.2526678055997584e+02 3.1166669488372269e+00
756 2.3415178641876849e+02 3.2395949901200449e+00
757 2.3355674929398421e+02 3.2313623846043260e+00
758 2.2322789020863164e+02 3.0884579863149177e+00
759 2.1572056360247976e+02 2.9845907554282478e+00
760 2.1873649434107378e+02 3.0263175099439037e+00
761 2.2783921103507984e+02 3.1522576782825911e+00
762 2.2979596556440032e+02 3.1793302548665006e+00
763 2.2130581276265499e+02 3.0618651827329182e+00
764 2.1321713975192418e+02 2.9499547635853220e+00
765 2.1561186150387582e+02 2.9830868131374846e+00
766 2.2389458152343408e+02 3.0976819596888721e+00
767 2.2537816575373679e+02 3.1182080129529464e+00
768 2.1668758159359075e+02 2.9979698830756289e+00
769 2.1036954827653193e+02 2.9105570582819307e+00
770 2.1427307728182834e+02 2.9645641329353354e+00
771 2.2175006115655626e+02 3.0680115585230117e+00
772 2.1975400321746480e+02 3.0403952016360085e+00
773 2.1091216133104908e+02 2.9180643532715309e+00
774 2.0816624418012742e+02 2.8800733578515723e+00
775 2.1485853400289500e+02 2.9726641892684853e+00
776 2.1880735799677618e+02 3.0272979404052989e+00
777 2.1249541304382510e+02 2.9399693508598688e+00
778 2.0565795191406721e+02 2.8453700092964911e+00
779 2.0880235655281524e+02 2.8888742578456781e+00
780 2.1523449222324027e+02 2.9778657398769730e+00
781 2.1271919328067875e+02 2.9430654508097640e+00
782 2.0467097589495722e+02 2.8317147533798908e+00
783 2.0452582299782134e+02 2.8297064979420194e+00
784 2.1109726592643466e+02 2.9206253583743784e+00
785 2.1144690839192356e+02 2.9254628187109195e+00
786 2.0371755835617481e+02 2.8185237940907393e+00
787 2.0151748077618134e+02 2.7880847339621297e+00
788 2.0744490030880763e+02 2.8700932418446756e+00
789 2.0930222561083616e+02 2.8957901704716211e+00
790 2.0221529242250674e+02 2.7977392710812277e+00
791 1.9914803880751131e+02 2.7553024415505081e+00
792 2.0453374102296698e+02 2.8298160473714122e+00
793 2.0678940181584369e+02 2.8610241261812175e+00
794 2.0008687221267454e+02 2.7682916228095600e+00
795 1.9708162632242775e+02 2.7267126979633050e+00
796 2.0230160909131618e+02 2.7989335009101595e+00
797 2.0409142495603177e+02 2.8236964061916083e+00
798 1.9744099262386189e+02 2.7316846919316187e+00
799 1.9527427121075405e+02 2.7017071293332435e+00
800 2.0058645248924145e+02 2.7752035400145583e+00
801 2.0113790503524842e+02 2.7828331333337313e+00
802 1.9447587329505996e+02 2.6906609360610765e+00
803 1.9386618116156751e+02 2.6822255719266117e+00
804 1.9912921824456660e+02 2.7550420506205073e+00
805 1.9774636983601465e+02 2.7359097226337870e+00
806 1.9151877695211823e+02 2.6497481817984916e+00
807 1.9302883926537163e+02 2.6706405712165067e+00
808 1.9749764928549413e+02 2.7324685622577345e+00
809 1.9382743208771180e+02 2.6816894611095443e+00
810 1.8906495636817087e+02 2.6157984733978381e+00
811 1.9273608972580220e+02 2.6665902500284679e+00
812 1.9509960314130689e+02 2.6992905182478899e+00
813 1.8964585715663725e+02 2.6238354963599724e+00
814 1.8766189944998996e+02 2.5963865516161992e+00
815 1.9249059524162644e+02 2.6631937237272951e+00
816 1.9147549966948301e+02 2.6491494211819044e+00
817 1.8597753774901477e+02 2.5730826519898673e+00
818 1.8752118522361556e+02 2.5944397071792071e+00
819 1.9125910368518473e+02 2.6461554856782006e+00
820 1.8687288076174858e+02 2.5854701241627418e+00
821 1.8385952205770815e+02 2.5437789548987797e+00
822 1.8795278362423380e+02 2.6004110646382790e+00
823 1.8807096737447210e+02 2.6020461898322456e+00
824 1.8260339886072080e+02 2.5263999270546105e+00
825 1.8375403988506028e+02 2.5423195617278651e+00
826 1.8722812235383711e+02 2.5903850509271873e+00
827 1.8326005477585517e+02 2.5354850561729396e+00
828 1.8041173202163489e+02 2.4960772332989594e+00
829 1.8449883380360845e+02 2.5526241196563078e+00
830 1.8385432651864292e+02 2.5437070722854371e+00
831 1.7899595061278407e+02 2.4764892624815364e+00
832 1.8077088144211137e+02 2.5010462266219453e+00
833 1.8342789125671180e+02 2.5378071491659444e+00
834 1.7878967551755355e+02 2.4736353540176474e+00
835 1.7761587325305882e+02 2.4573952731982431e+00
836 1.8142430040809191e+02 2.5100865710968501e+00
837 1.7914833003315357e+02 2.4785975001096858e+00
838 1.7538063992922301e+02 2.4264698175850312e+00
839 1.7865255655514778e+02 2.4717382516702591e+00
840 1.7896051214619007e+02 2.4759989554008546e+00
841 1.7433117028406690e+02 2.4119499343215729e+00
842 1.7555548339018571e+02 2.4288888552906713e+00
843 1.7811079613159799e+02 2.4642427532125266e+00
844 1.7380497447292660e+02 2.4046697792577820e+00
845 1.7295277232815047e+02 2.3928791803432437e+00
846 1.7634168433970578e+02 2.4397662980650678e+00
847 1.7361837351981248e+02 2.4020880713745929e+00
848 1.7079234650801988e+02 2.3629887200974959e+00
849 1.7420285853375077e+02 2.4101746837037781e+00
850 1.7314488368943526e+02 2.3955371271950789e+00
851 1.6932446592265475e+02 2.3426799338047504e+00
852 1.7173563967695773e+02 2.3760396041887248e+00
853 1.7247239790356991e+02 2.3862329847149528e+00
854 1.6813431390212153e+02 2.3262136467771337e+00
855 1.6945412394259617e+02 2.3444738106666585e+00
856 1.7130154095282774e+02 2.3700336536323880e+00
857 1.6730464531815088e+02 2.3147348097834053e+00
858 1.6722740230051284e+02 2.3136661179882703e+00
859 1.6996228612817453e+02 2.3515044624321075e+00
860 1.6642340749896528e+02 2.3025424892899276e+00
861 1.6535885894795476e+02 2.2878139826005728e+00
862 1.6829402631478504e+02 2.3284233396427663e+00
863 1.6564183761300322e+02 2.2917291193570453e+00
864 1.6357642135521772e+02 2.2631531590213521e+00
865 1.6665529781989147e+02 2.3057507958906140e+00
866 1.6465060802851264e+02 2.2780150134555366e+00
867 1.6208749135270159e+02 2.2425531446009455e+00
868 1.6486862365824800e+02 2.2810313574803280e+00
869 1.6368058035837979e+02 2.2645942455489445e+00
870 1.6059411045826945e+02 2.2218915500945045e+00
871 1.6323722591223591e+02 2.2584602379270406e+00
872 1.6248828225193654e+02 2.2480982664601701e+00
873 1.5929449021664601e+02 2.2039107211278952e+00
874 1.6154288028043376e+02 2.2350182061395860e+00
875 1.6133284222632332e+02 2.2321122354517784e+00
876 1.5791387600657504e+02 2.1848093042792729e+00
877 1.6004275074474947e+02 2.2142632411544270e+00
878 1.5999069081018362e+02 2.2135429686090626e+00
879 1.5666492737080154e+02 2.1675295397075311e+00
880 1.5850011888758823e+02 2.1929202374879022e+00
881 1.5871506813406992e+02 2.1958941567250023e+00
882 1.5530103520194939e+02 2.1486594797995737e+00
883 1.5714936442146791e+02 2.1742319435899451e+00
884 1.5728203544057646e+02 2.1760675066467630e+00
885 1.5404669301102160e+02 2.1313050929730801e+00
886 1.5575257001734641e+02 2.1549066664992678e+00
887 1.5592865048105301e+02 2.1573428186927077e+00
888 1.5267704426322598e+02 2.1123553882134187e+00
889 1.5453289826618408e+02 2.1380319607577971e+00
890 1.5442814294377317e+02 2.1365826238859276e+00
891 1.5142260126999992e+02 2.0949996067419150e+00
892 1.5325569143963492e+02 2.1203612314419171e+00
893 1.5300338934463355e+02 2.1168705187915280e+00
894 1.5007509886654367e+02 2.0763563065895756e+00
895 1.5213346126242112e+02 2.1048346735818746e+00
896 1.5143035433125507e+02 2.0951068738218912e+00
897 1.4886723958825584e+02 2.0596450317086181e+00
898 1.5093118518358941e+02 2.0882006447696471e+00
899 1.4992560935604899e+02 2.0742880521607669e+00
900 1.4760286680756380e+02 2.0421518671736765e+00
901 1.4984612523507923e+02 2.0731883536958269e+00
902 1.4827807840597663e+02 2.0514937224930163e+00
903 1.4651143728996107e+02 2.0270514502544930e+00
904 1.4863807189879248e+02 2.0564743939354129e+00
905 1.4670964048496373e+02 2.0297936803582091e+00
906 1.4539955510449659e+02 2.0116680615017275e+00
907 1.4748729445421878e+02 2.0405528718270287e+00
908 1.4503411257777287e+02 2.0066120002311396e+00
909 1.4448076502798227e+02 1.9989561886846463e+00
910 1.4615238077717854e+02 2.0220837423511253e+00
911 1.4348843696836792e+02 1.9852268848870966e+00
912 1.4354621071187640e+02 1.9860262105420197e+00
913 1.4480903271941921e+02 2.0034979194348677e+00
914 1.4191510763629819e+02 1.9634591678863544e+00
915 1.4277345953301051e+02 1.9753348513773019e+00
916 1.4323803333488809e+02 1.9817624383033823e+00
917 1.4056047189505009e+02 1.9447171748061207e+00
918 1.4191836219182630e+02 1.9635041961218644e+00
919 1.4164257367710218e+02 1.9596885383201552e+00
920 1.3927531106763644e+02 1.9269363983206416e+00
921 1.4111185731481385e+02 1.9523458394036108e+00
922 1.3986215059755679e+02 1.9350555864345187e+00
923 1.3828066637776271e+02 1.9131750429043664e+00
924 1.4008226518354437e+02 1.9381009704605128e+00
925 1.3815608594948819e+02 1.9114514168006416e+00
926 1.3738516799951492e+02 1.9007854211799189e+00
927 1.3894962492304660e+02 1.9224303844289612e+00
928 1.3643029185855147e+02 1.8875742814753600e+00
929 1.3673023781323212e+02 1.8917241682942989e+00
930 1.3748424641344613e+02 1.9021562154766856e+00
931 1.3497338052131900e+02 1.8674172596506098e+00
932 1.3603545990600060e+02 1.8821116043162991e+00
933 1.3588660532538370e+02 1.8800521344271373e+00
934 1.3368907178636829e+02 1.8496482722465475e+00
935 1.3535070729846430e+02 1.8726377448562697e+00
936 1.3405859396577992e+02 1.8547607773419357e+00
937 1.3279267664153957e+02 1.8372462433542227e+00
938 1.3435417953724536e+02 1.8588503363033122e+00
939 1.3232506515795365e+02 1.8307766287392042e+00
940 1.3206473157043317e+02 1.8271747967874163e+00
941 1.3312750710910606e+02 1.8418787730558241e+00
942 1.3068293684328026e+02 1.8080570469554635e+00
943 1.3154899559446244e+02 1.8200393582347874e+00
944 1.3149241544907886e+02 1.8192565465452917e+00
945 1.2944969468643592e+02 1.7909945885645950e+00
946 1.3087156304068876e+02 1.8106667750018559e+00
947 1.2974101416348947e+02 1.7950251241962951e+00
948 1.2851177223319002e+02 1.7780180107339123e+00
949 1.2999757170035079e+02 1.7985747127935268e+00
950 1.2792080611912438e+02 1.7698417294774722e+00
951 1.2796161220657073e+02 1.7704063000002066e+00
952 1.2863652358513693e+02 1.7797440016433097e+00
953 1.2643973166952054e+02 1.7493504001550888e+00
954 1.2742232524644510e+02 1.7629450230183794e+00
955 1.2699872973322935e+02 1.7570843890960877e+00
956 1.2529882133589238e+02 1.7335653939523699e+00
957 1.2677557754495180e+02 1.7539969784799441e+00
958 1.2513961739474477e+02 1.7313627360182264e+00
959 1.2465948592359337e+02 1.7247199017596004e+00
960 1.2562954555607143e+02 1.7381411118795749e+00
961 1.2353136033322630e+02 1.7091117782142897e+00
962 1.2416368591030884e+02 1.7178602861926904e+00
963 1.2410776703496633e+02 1.7170866234708149e+00
964 1.2227422543783231e+02 1.6917187530688833e+00
965 1.2363283430269712e+02 1.7105157160964348e+00
966 1.2226322534536492e+02 1.6915665618556823e+00
967 1.2158609719991858e+02 1.6821981902484975e+00
968 1.2259882188231413e+02 1.6962096904708017e+00
969 1.2061847400274412e+02 1.6688106893037724e+00
970 1.2111553317844746e+02 1.6756877259475240e+00
971 1.2112817060136148e+02 1.6758625703618519e+00
972 1.1934837014483534e+02 1.6512382327449544e+00
973 1.2062428295774890e+02 1.6688910588017769e+00
974 1.1929777631022745e+02 1.6505382443501038e+00
975 1.1868899552718482e+02 1.6421154891578837e+00
976 1.1959521798908719e+02 1.6546534833898077e+00
977 1.1768471975354605e+02 1.6282208833778515e+00
978 1.1825473162857072e+02 1.6361072533384733e+00
979 1.1809338156505369e+02 1.6338749028387403e+00
980 1.1650523225032248e+02 1.6119021447306114e+00
981 1.1773487082780375e+02 1.6289147459846642e+00
982 1.1627175662405891e+02 1.6086719047195193e+00
983 1.1595112542483804e+02 1.6042358282643330e+00
984 1.1660418813650570e+02 1.6132712438010268e+00
985 1.1476720412967677e+02 1.5878557461169289e+00
986 1.1554512906071508e+02 1.5986186864635552e+00
987 1.1500798526886484e+02 1.5911870611761016e+00
988 1.1378003135641602e+02 1.5741977680184021e+00
989 1.1490411877176712e+02 1.5897500216011085e+00
990 1.1323118077140684e+02 1.5666041739967009e+00
991 1.1337115141865505e+02 1.5685407306829617e+00
992 1.1357446242623146e+02 1.5713536296646626e+00
993 1.1194255500981085e+02 1.5487754585926685e+00
994 1.1292328286114190e+02 1.5623442683055320e+00
995 1.1188254254206272e+02 1.5479451591837465e+00
996 1.1122601915310587e+02 1.5388618636245255e+00
997 1.1203643858967246e+02 1.5500743800300232e+00
998 1.1026127745687947e+02 1.5255142295378679e+00
999 1.1091790646670806e+02 1.5345989864092238e+00
1000 1.1046280985428747e+02 1.5283025206501217e+00
1001 1.0931071052017084e+02 1.5123627096069987e+00
1002 1.1027517390554688e+02 1.5257064931382098e+00
1003 1.0878448925413531e+02 1.5050822023633150e+00
1004 1.0885948747567865e+02 1.5061198363976127e+00
1005 1.0903476375616751e+02 1.5085448623555315e+00
1006 1.0749465632125485e+02 1.4872367852031048e+00
1007 1.0847935700426331e+02 1.5008605608241745e+00
1008 1.0730337525822412e+02 1.4845903259000313e+00
1009 1.0694014043416385e+02 1.4795648091860214e+00
1010 1.0745349093424647e+02 1.4866672436097719e+00
1011 1.0586961812872030e+02 1.4647536529246543e+00
1012 1.0658452939144439e+02 1.4746447709063861e+00
1013 1.0588749890060512e+02 1.4650010414238133e+00
1014 1.0505676281628696e+02 1.4535074350839672e+00
1015 1.0586018802080626e+02 1.4646231831519403e+00
1016 1.0426777047372039e+02 1.4425913721347379e+00
1017 1.0476413690168248e+02 1.4494588243027682e+00
1018 1.0438549268652855e+02 1.4442201117513433e+00
1019 1.0332813331358552e+02 1.4295910705651422e+00
1020 1.0416156061616086e+02 1.4411219111166791e+00
1021 1.0277119772638993e+02 1.4218856169117944e+00
1022 1.0292598593791359e+02 1.4240271812459862e+00
1023 1.0290964290070303e+02 1.4238010679957718e+00
1024 1.0161856209259597e+02 1.4059383859220869e+00
1025 1.0250653120307364e+02 1.4182238368498028e+00
1026 1.0123540928536991e+02 1.4006372949770876e+00
1027 1.0120112862828591e+02 1.4001630067102933e+00
1028 1.0134790864758389e+02 1.4021937741130968e+00
1029 1.0002457385119162e+02 1.3838848436444788e+00
1030 1.0080163416461325e+02 1.3946358216185679e+00
1031 9.9759222374780776e+01 1.3802135869491994e+00
1032 9.9476337742240787e+01 1.3762997511746582e+00
1033 9.9824910009101004e+01 1.3811224048331512e+00
1034 9.8415943646293741e+01 1.3616287232345206e+00
1035 9.9176274849684148e+01 1.3721482464677546e+00
1036 9.8223443664484492e+01 1.3589653996434199e+00
1037 9.7860258387144526e+01 1.3539405684305088e+00
1038 9.8239885301391723e+01 1.3591928770646631e+00
1039 9.6890005893132368e+01 1.3405166899847054e+00
1040 9.7528407905183201e+01 1.3493492681663797e+00
1041 9.6735239403933562e+01 1.3383754261886214e+00
1042 9.6238252612807585e+01 1.3314993910179647e+00
1043 9.6710481148273928e+01 1.3380328846166532e+00
1044 9.5331235861275530e+01 1.3189504074327483e+00
1045 9.5970266063198409e+01 1.3277916769030667e+00
1046 9.5188996458107482e+01 1.3169824614907226e+00
1047 9.4711811922599452e+01 1.3103803994085235e+00
1048 9.5136346943953882e+01 1.3162540318473153e+00
1049 9.3840100825537121e+01 1.2983198853886790e+00
1050 9.4397115392189136e+01 1.3060264317582313e+00
1051 9.3690569574682954e+01 1.2962510534632750e+00
1052 9.3173529274079826e+01 1.2890975689943227e+00
1053 9.3623850566602371e+01 1.2953279660607424e+00
1054 9.2313655909803927e+01 1.2772008353172033e+00
1055 9.2910319007910459e+01 1.2854559369031398e+00
1056 9.2141117203957862e+01 1.2748136849323626e+00
1057 9.1722434258101799e+01 1.2690210185829449e+00
1058 9.2072298831689366e+01 1.2738615518846543e+00
1059 9.0852976764777168e+01 1.2569916841816293e+00
1060 9.1406571089432433e+01 1.2646509099690622e+00
1061 9.0641934313849319e+01 1.2540718172133467e+00
1062 9.0258967793591694e+01 1.2487733036321116e+00
1063 9.0578291629271305e+01 1.2531912921263078e+00
1064 8.9364770954676516e+01 1.2364016892881153e+00
1065 8.9978991499590819e+01 1.2448997060257476e+00
1066 8.9100021573146009e+01 1.2327387628455655e+00
1067 8.8878864190038641e+01 1.2296789512536892e+00
1068 8.9043009894549186e+01 1.2319499807005072e+00
1069 8.7948837798975774e+01 1.2168116189849605e+00
1070 8.8526218461275406e+01 1.2247999394226821e+00
1071 8.7613387784239094e+01 1.2121705175703716e+00
1072 8.7487401998112247e+01 1.2104274477104093e+00
1073 8.7556548919058329e+01 1.2113841263764373e+00
1074 8.6519279042997738e+01 1.1970330323904255e+00
1075 8.7133272057001832e+01 1.2055279011358595e+00
1076 8.6096880826966014e+01 1.1911889636117030e+00
1077 8.6173592472361221e+01 1.1922503036335199e+00
1078 8.6025737332583475e+01 1.1902046614566508e+00
1079 8.5172481330149523e+01 1.1783994819487258e+00
1080 8.5700576235033637e+01 1.1857059118262701e+00
1081 8.4647842597526520e+01 1.1711408697646242e+00
1082 8.4842859789821262e+01 1.1738390200918458e+00
1083 8.4539241810712767e+01 1.1696383291679204e+00
1084 8.3826050555830207e+01 1.1597710082661576e+00
1085 8.4306484923276855e+01 1.1664180332308876e+00
1086 8.3190352111592389e+01 1.1509758351578185e+00
1087 8.3573292531059181e+01 1.1562739876229053e+00
1088 8.3015117710057808e+01 1.1485513886140162e+00
1089 8.2567973931179452e+01 1.1423649538740865e+00
1090 8.2856668767696149e+01 1.1463591764267189e+00
1091 8.1820954236251936e+01 1.1320296013310995e+00
1092 8.2266946378818460e+01 1.1382001026661070e+00
1093 8.1546624257578955e+01 1.1282341230298607e+00
1094 8.1311947194305262e+01 1.1249872605988482e+00
1095 8.1429643063290683e+01 1.1266156357368500e+00
1096 8.0468966146442625e+01 1.1133242396960830e+00
1097 8.0990634202933720e+01 1.1205417512434506e+00
1098 8.0067206053378641e+01 1.1077657086055170e+00
1099 8.0129738877288048e+01 1.1086308782723959e+00
1100 7.9945952043599419e+01 1.1060881049936864e+00
1101 7.9222558019397198e+01 1.0960796242020983e+00
1102 7.9647425652220761e+01 1.1019578584697531e+00
1103 7.8675596745346638e+01 1.0885121696449298e+00
1104 7.8923822679703491e+01 1.0919464867845059e+00
1105 7.8495621652376258e+01 1.0860221335087523e+00
1106 7.8003665190734282e+01 1.0792156952027800e+00
1107 7.8303958851870433e+01 1.0833703926964888e+00
1108 7.7314701317476974e+01 1.0696835709926051e+00
1109 7.7747289614102215e+01 1.0756686241069355e+00
1110 7.7023223003693630e+01 1.0656508377835046e+00
1111 7.6877545942023914e+01 1.0636353302942021e+00
1112 7.6882019288540150e+01 1.0636972210497018e+00
1113 7.6075408293267643e+01 1.0525373961377227e+00
1114 7.6497516039972439e+01 1.0583774461430218e+00
1115 7.5633022200956177e+01 1.0464167861254297e+00
1116 7.5744809691595833e+01 1.0479634161989098e+00
1117 7.5469239783709313e+01 1.0441507829208514e+00
1118 7.4888089921340864e+01 1.0361103139095635e+00
1119 7.5227332502377962e+01 1.0408038871800132e+00
1120 7.4284065653075999e+01 1.0277533672327521e+00
1121 7.4642320852137502e+01 1.0327099886013733e+00
1122 7.4023562665745658e+01 1.0241491915586132e+00
1123 7.3810376585606747e+01 1.0211996665187053e+00
1124 7.3859725229803487e+01 1.0218824271457077e+00
1125 7.3071348675672382e+01 1.0109748839056851e+00
1126 7.3459405354072032e+01 1.0163438221079235e+00
1127 7.2657952687369601e+01 1.0052553649853968e+00
1128 7.2737386193913395e+01 1.0063543631770515e+00
1129 7.2483060760343591e+01 1.0028356567300321e+00
1130 7.1931277170927387e+01 9.9520148327680791e-01
1131 7.2236062740898035e+01 9.9941832834401534e-01
1132 7.1348451482552207e+01 9.8713782846105225e-01
1133 7.1687027162439790e+01 9.9182217485497060e-01
1134 7.1072824162935234e+01 9.8332440086595196e-01
1135 7.0909079330127852e+01 9.8105891765895159e-01
1136 7.0901190171794255e+01 9.8094976761485131e-01
1137 7.0191409129924736e+01 9.7112962853972029e-01
1138 7.0540665659333854e+01 9.7596174927749224e-01
1139 6.9753435889383809e+01 9.6507007231098629e-01
1140 6.9888140609343807e+01 9.6693377253126767e-01
1141 6.9551967056979834e+01 9.6228266064907408e-01
1142 6.9121157092492922e+01 9.5632221155751973e-01
1143 6.9332282870297249e+01 9.5924323139051326e-01
1144 6.8514722610264812e+01 9.4793191848946412e-01
1145 6.8865558633385561e+01 9.5278589223119303e-01
1146 6.8187612640457587e+01 9.4340620533726727e-01
1147 6.8160632255923872e+01 9.4303291961562596e-01
1148 6.8008669429102724e+01 9.4093044574607443e-01
1149 6.7444391226763088e+01 9.3312340371879687e-01
1150 6.7720929825808980e+01 9.3694943927353602e-01
1151 6.6943311354341489e+01 9.2619073893252946e-01
1152 6.7174575937823420e+01 9.2939038817500996e-01
1153 6.6688123965111572e+01 9.2266010694233602e-01
1154 6.6459316239849898e+01 9.1949444943531700e-01
1155 6.6498450230557140e+01 9.2003588574967354e-01
1156 6.5810730553217979e+01 9.1052097554809019e-01
1157 6.6144042945101901e+01 9.1513250199171481e-01
1158 6.5396483087357637e+01 9.0478967605387661e-01
1159 6.5548092035438913e+01 9.0688725385233537e-01
1160 6.5181313362962982e+01 9.0181270640595868e-01
1161 6.4849061832791222e+01 8.9721585745995436e-01
1162 6.4965657739426476e+01 8.9882901412547100e-01
1163 6.4267750101100916e+01 8.8917314891399479e-01
1164 6.4557854576262216e+01 8.9318687444954603e-01
1165 6.3917612005458871e+01 8.8432883131197793e-01
1166 6.3938572913541059e+01 8.8461883487697301e-01
1167 6.3720021097806011e+01 8.8159507247837809e-01
1168 6.3269722089053815e+01 8.7536498371791627e-01
1169 6.3475520650057803e+01 8.7821229911703980e-01
1170 6.2747301326621916e+01 8.6813705814624353e-01
1171 6.3031077683581231e+01 8.7206323132809471e-01
1172 6.2441430555354508e+01 8.6390519883234584e-01
1173 6.2407060923753306e+01 8.6342967956319794e-01
1174 6.2248864901299278e+01 8.6124096663626593e-01
1175 6.1771801871605525e+01 8.5464058564150658e-01
1176 6.1980582864905955e+01 8.5752916432917337e-01
1177 6.1295511757080142e+01 8.4805089827478042e-01
1178 6.1516081654431616e+01 8.5110258173771658e-01
1179 6.1017688915296304e+01 8.4420709464573540e-01
1180 6.0899767639814868e+01 8.4257560090775896e-01
1181 6.0824288769887929e+01 8.4153131688748706e-01
1182 6.0296453115337094e+01 8.3422847385458609e-01
1183 6.0540524670162434e+01 8.3760531328996357e-01
1184 5.9853966865431595e+01 8.2810647811705551e-01
1185 6.0069761174445858e+01 8.3109208917333310e-01
1186 5.9592773897129980e+01 8.2449275624669927e-01
1187 5.9467877876557417e+01 8.2276476378197738e-01
1188 5.9397547311913485e+01 8.2179170887448538e-01
1189 5.8891162218985855e+01 8.1478564398294573e-01
1190 5.9107892029527058e+01 8.1778419812245262e-01
1191 5.8470543438682611e+01 8.0896619449566398e-01
1192 5.8642420612843495e+01 8.1134419229292087e-01
1193 5.8217311983907457e+01 8.0546262373595512e-01
1194 5.8059178899719896e+01 8.0327478158816956e-01
1195 5.8021135244412399e+01 8.0274843055312095e-01
1196 5.7503679077961742e+01 7.9558919239363834e-01
1197 5.7734365635535028e+01 7.9878084438840846e-01
1198 5.7095293952813499e+01 7.8993900101263526e-01
1199 5.7283171205091925e+01 7.9253836706722591e-01
1200 5.6843892657267695e+01 7.8646075132675286e-01
1201 5.6720740116888258e+01 7.8475688069251281e-01
1202 5.6648501013995627e+01 7.8375742030230600e-01
1203 5.6180852661451631e+01 7.7728729558871557e-01
1204 5.6372420843264770e+01 7.7993772730892608e-01
1205 5.5776042565717383e+01 7.7168656634317701e-01
1206 5.5943357436045176e+01 7.7400144262055515e-01
1207 5.5520834301818255e+01 7.6815564554257199e-01
1208 5.5404392077934865e+01 7.6654461514685934e-01
1209 5.5326893831309654e+01 7.6547239214420792e-01
1210 5.4876663791548843e+01 7.5924325760067679e-01
1211 5.5067251260693489e+01 7.6188012072123579e-01
1212 5.4469001537922111e+01 7.5360306747140626e-01
1213 5.4666764953642122e+01 7.5633921303149076e-01
1214 5.4205013042412105e+01 7.4995066822823309e-01
1215 5.4154174890961947e+01 7.4924729960028535e-01
1216 5.4011937065697012e+01 7.4727937548925694e-01
1217 5.3636573254968944e+01 7.4208604880443629e-01
1218 5.3772586123492253e+01 7.4396784784684011e-01
1219 5.3220727567725312e+01 7.3633263720052844e-01
1220 5.3406570984819858e+01 7.3890386423310606e-01
1221 5.2942397876523273e+01 7.3248182108244353e-01
1222 5.2925076906408144e+01 7.3224217769185818e-01
1223 5.2747147627071804e+01 7.2978044630492456e-01
1224 5.2418861076123378e+01 7.2523845462490266e-01
1225 5.2528977206016997e+01 7.2676196067279919e-01
1226 5.1992219418434097e+01 7.1933567592752035e-01
1227 5.2201799729079106e+01 7.2223531352917036e-01
1228 5.1694469990938515e+01 7.1521617904740398e-01
1229 5.1756968496498779e+01 7.1608087390452935e-01
1230 5.1492062286580769e+01 7.1241577767089548e-01
1231 5.1265824777588719e+01 7.0928568025879579e-01
1232 5.1293022499952251e+01 7.0966197294679612e-01
1233 5.0827947399796678e+01 7.0322745033419043e-01
1234 5.1007379148129857e+01 7.0570996905360373e-01
1235 5.0505928621160159e+01 6.9877217609541220e-01
1236 5.0605949931376813e+01 7.0015601578520903e-01
1237 5.0289063795498365e+01 6.9577175396115298e-01
1238 5.0137238323241704e+01 6.9367118045360932e-01
1239 5.0103198349494001e+01 6.9320022214872734e-01
1240 4.9691842503712344e+01 6.8750892951529208e-01
1241 4.9858436721052939e+01 6.8981383523535489e-01
1242 4.9343066470015991e+01 6.8268345665122476e-01
1243 4.9506348065871350e+01 6.8494253076721634e-01
1244 4.9103766486554910e+01 6.7937263404588333e-01
1245 4.9069581299115093e+01 6.7889966664443768e-01
1246 4.8921777940150875e+01 6.7685474087834918e-01
1247 4.8624064969037633e+01 6.7273574838863437e-01
1248 4.8713231756130618e+01 6.7396941088239348e-01
1249 4.8248968977565397e+01 6.6754612710334416e-01
1250 4.8414464122555586e+01 6.6983582666446795e-01
1251 4.7979486955120457e+01 6.6381772245099313e-01
1252 4.8020945402031217e+01 6.6439131865952283e-01
1253 4.7788930570696515e+01 6.6118128940148768e-01
1254 4.7587604329669105e+01 6.5839585055522731e-01
1255 4.7606581408909896e+01 6.5865840695838718e-01
1256 4.7192132707679789e+01 6.5292432328257199e-01
1257 4.7360367092611924e+01 6.5525192145693467e-01
1258 4.6888027877420264e+01 6.4871689655460285e-01
1259 4.7020085126940828e+01 6.5054396783387436e-01
1260 4.6675727293417083e+01 6.4577962275090772e-01
1261 4.6614181584180102e+01 6.4492811025827645e-01
1262 4.6504833795023643e+01 6.4341523454910532e-01
1263 4.6209851536606273e+01 6.3933402269435524e-01
1264 4.6304156857082475e+01 6.4063877910227762e-01
1265 4.5871767568729240e+01 6.3465647935665226e-01
1266 4.6023280279975459e+01 6.3675272567533259e-01
1267 4.5626106524031862e+01 6.3125764861595501e-01
1268 4.5661513609568232e+01 6.3174752152562930e-01
1269 4.5448338495189546e+01 6.2879814820193247e-01
1270 4.5266205798643625e+01 6.2627826065252912e-01
1271 4.5278526836299854e+01 6.2644872773490623e-01
1272 4.4902970965182490e+01 6.2125274380845408e-01
1273 4.5055445650211169e+01 6.2336229946589250e-01
1274 4.4618269138415016e+01 6.1731376633670243e-01
1275 4.4751212124673863e+01 6.1915309218103110e-01
1276 4.4415670108165578e+01 6.1451071788066614e-01
1277 4.4386057941422727e+01 6.1410102027171787e-01
1278 4.4255969482782618e+01 6.1230118809734690e-01
1279 4.4014627818511116e+01 6.0896211792223032e-01
1280 4.4079390495677245e+01 6.0985813860908056e-01
1281 4.3693987090367116e+01 6.0452590963011843e-01
1282 4.3838501427585307e+01 6.0652533030511291e-01
1283 4.3453253763215294e+01 6.0119525607191238e-01
1284 4.3524061407161568e+01 6.0217491158553849e-01
1285 4.3280107030494825e+01 5.9879969336254357e-01
1286 4.3168664181164452e+01 5.9725783155616086e-01
1287 4.3128785610219268e+01 5.9670609364024285e-01
1288 4.2826869553842414e+01 5.9252894958067981e-01
1289 4.2944783175010592e+01 5.9416033741779906e-01
1290 4.2545175641785129e+01 5.8863158795809534e-01
1291 4.2693947595335054e+01 5.9068991466472465e-01
1292 4.2338848772339155e+01 5.8577696317471273e-01
1293 4.2380219088902621e+01 5.8634934006035810e-01
1294 4.2185875839607398e+01 5.8366051403682118e-01
1295 4.2041928713258528e+01 5.8166894097861710e-01
1296 4.2039268955552522e+01 5.8163214203776292e-01
1297 4.1729894658908186e+01 5.7735180987882551e-01
1298 4.1851513141557398e+01 5.7903445613629090e-01
1299 4.1480963526784052e+01 5.7390773601183398e-01
1300 4.1599146129379889e+01 5.7554284532765232e-01
1301 4.1300738523340073e+01 5.7141424225216098e-01
1302 4.1294234584217037e+01 5.7132425733715653e-01
1303 4.1162312874037049e+01 5.6949906130545591e-01
1304 4.0976555519198008e+01 5.6692902498278508e-01
1305 4.1020378354944981e+01 5.6753533357137231e-01
1306 4.0692009132995736e+01 5.6299219810097334e-01
1307 4.0834045862680419e+01 5.6495733996445063e-01
1308 4.0469881614244272e+01 5.5991896424732224e-01
1309 4.0587305072052722e+01 5.6154357045450487e-01
1310 4.0309883679271522e+01 5.5770532105247483e-01
1311 4.0296297664820813e+01 5.5751735244876099e-01
1312 4.0183555614081655e+01 5.5595751560815188e-01
1313 3.9999780271959565e+01 5.5341490132041993e-01
1314 4.0048535791562621e+01 5.5408945580263214e-01
1315 3.9739002139545285e+01 5.4980691889063293e-01
1316 3.9869240712322920e+01 5.5160882796142785e-01
1317 3.9538132005156470e+01 5.4702779048429684e-01
1318 3.9634094803255813e+01 5.4835547883857028e-01
1319 3.9394076492771525e+01 5.4503471785666879e-01
1320 3.9360397334761338e+01 5.4456875159935347e-01
1321 3.9279003069445970e+01 5.4344262543062727e-01
1322 3.9084618410873382e+01 5.4075322649116442e-01
1323 3.9153803031531275e+01 5.4171042674961489e-01
1324 3.8844162849489997e+01 5.3742641594695206e-01
1325 3.8986598119759435e+01 5.3939707179817853e-01
1326 3.8660266031748300e+01 5.3488212098953691e-01
1327 3.8767683455163905e+01 5.3636828922284885e-01
1328 3.8529391918054507e+01 5.3307141892510534e-01
1329 3.8513401487068720e+01 5.3285018414016649e-01
1330 3.8425775485278102e+01 5.3163783910216000e-01
1331 3.8257297840455919e+01 5.2930687531810827e-01
1332 3.8313491911301767e+01 5.3008434549320693e-01
1333 3.8033870452663948e+01 5.2621565719324637e-01
1334 3.8162940097138431e+01 5.2800139361666321e-01
1335 3.7863256226897541e+01 5.2385513285350227e-01
1336 3.7964308846939964e+01 5.2525324117731609e-01
1337 3.7743276968068443e+01 5.2219516599283566e-01
1338 3.7731464846110384e+01 5.2203173998740859e-01
1339 3.7651255193027993e+01 5.2092200346026440e-01
1340 3.7494601564050555e+01 5.1875463023889679e-01
1341 3.7554351186660242e+01 5.1958129306743361e-01
1342 3.7285982915969875e+01 5.1586829767016251e-01
1343 3.7424170310716669e+01 5.1778018225821698e-01
1344 3.7125960426064154e+01 5.1365431474680379e-01
1345 3.7249307418453995e+01 5.1536087571182609e-01
1346 3.7015054934925082e+01 5.1211988753202109e-01
1347 3.7039936509716718e+01 5.1246413527949342e-01
1348 3.6934536303761732e+01 5.1100587615453963e-01
1349 3.6822422746768815e+01 5.0945473480681047e-01
1350 3.6854773368803301e+01 5.0990232017300863e-01
1351 3.6627120782952531e+01 5.0675264453785873e-01
1352 3.6748016540083832e+01 5.0842529156361693e-01
1353 3.6475447545667045e+01 5.0465417726942374e-01
1354 3.6600315396030666e+01 5.0638177998666967e-01
1355 3.6371609184021395e+01 5.0321752696102984e-01
1356 3.6417192445575751e+01 5.0384819183027285e-01
1357 3.6301625395499997e+01 5.0224926985673390e-01
1358 3.6220529624605412e+01 5.0112727349220410e-01
1359 3.6239506889944458e+01 5.0138983247011681e-01
1360 3.6038577277018199e+01 4.9860988115153709e-01
1361 3.6158139629908774e+01 5.0026407993154787e-01
1362 3.5894076016935493e+01 4.9661064140457761e-01
1363 3.6040586658005715e+01 4.9863768183877488e-01
1364 3.5795510606120502e+01 4.9524694473602304e-01
1365 3.5886957078173857e+01 4.9651214769372493e-01
1366 3.5734416677994986e+01 4.9440168283770808e-01
1367 3.5713789528220936e+01 4.9411629696860793e-01
1368 3.5689219800195275e+01 4.9377636376101675e-01
1369 3.5546541977733781e+01 4.9180235209142031e-01
1370 3.5634033631517831e+01 4.9301283836449622e-01
1371 3.5408971276008472e+01 4.8989899972792589e-01
1372 3.5549124808888635e+01 4.9183808671893509e-01
1373 3.5314003411009757e+01 4.8858507671936080e-01
1374 3.5428804989960518e+01 4.9017340805654569e-01
1375 3.5259317381924603e+01 4.8782847097842924e-01
1376 3.5283341060722343e+01 4.8816084935003057e-01
1377 3.5228755920614631e+01 4.8740563945335402e-01
1378 3.5134218325370128e+01 4.8609766941982907e-01
1379 3.5198803943857712e+01 4.8699124042044478e-01
1380 3.5005207839246935e+01 4.8431275147873687e-01
1381 3.5147800089313328e+01 4.8628557921586490e-01
1382 3.4913224075557260e+01 4.8304011485025300e-01
1383 3.5064395334109186e+01 4.8513163701775464e-01
1384 3.4862385456072140e+01 4.8233673974683156e-01
1385 3.4951786966418879e+01 4.8357364974208772e-01
1386 3.4843002873774957e+01 4.8206857302700457e-01
1387 3.4825993605796548e+01 4.8183324217528983e-01
1388 3.4835510697797694e+01 4.8196491541186420e-01
1389 3.4709176813674901e+01 4.8021702945999428e-01
1390 3.4817916812641322e+01 4.8172149611927167e-01
1391 3.4621085382308266e+01 4.7899824499504268e-01
1392 3.4774140705347811e+01 4.8111583403979735e-01
1393 3.4572010315624716e+01 4.7831926943564423e-01
1394 3.4700040324687535e+01 4.8009062203682895e-01
1395 3.4559523506246776e+01 4.7814650882714299e-01
1396 3.4604680768172500e+01 4.7877127980044865e-01
1397 3.4569748270330976e+01 4.7828797302440129e-01
1398 3.4506460415895098e+01 4.7741235717153213e-01
1399 3.4582562427579347e+01 4.7846526263751660e-01
1400 3.4425963216663042e+01 4.7629864231443308e-01
1401 3.4578985162196020e+01 4.7841576956641341e-01
1402 3.4378527026315105e+01 4.7564234134422939e-01
1403 3.4548137504173411e+01 4.7798897838144994e-01
1404 3.4369150109715136e+01 4.7551260749720375e-01
1405 3.4491109725257445e+01 4.7719997348125487e-01
1406 3.4391161444397810e+01 4.7581714418536858e-01
1407 3.4420231959417535e+01 4.7621934779977826e-01
1408 3.4428823002995742e+01 4.7633820874105709e-01
1409 3.4354220380776646e+01 4.7530604800085002e-01
1410 3.4462956735933211e+01 4.7681046424638374e-01
1411 3.4311335482909357e+01 4.7471271620352518e-01
1412 3.4477759966142152e+01 4.7701527357607515e-01
1413 3.4303171352765247e+01 4.7459976180109220e-01
1414 3.4466406093189960e+01 4.7685818765118454e-01
1415 3.4331055622508366e+01 4.7498555318002877e-01
1416 3.4433313148601108e+01 4.7640033191948994e-01
1417 3.4385946885582861e+01 4.7574499842525730e-01
1418 3.4392265083403856e+01 4.7583241352603672e-01
1419 3.4451683544043178e+01 4.7665449458017628e-01
1420 3.4361299327491231e+01 4.7540398840379400e-01
1421 3.4510547967779061e+01 4.7746891028525235e-01
1422 3.4356456010022093e+01 4.7533697893421634e-01
1423 3.4549358966714678e+01 4.7800587786357573e-01
1424 3.4386595365862135e+01 4.7575397044078643e-01
1425 3.4563958276530016e+01 4.7820786586315644e-01
1426 3.4450771855438639e+01 4.7664188095940918e-01
1427 3.4560393484290991e+01 4.7815854536359936e-01
1428 3.4538661695879860e+01 4.7785787632348731e-01
1429 3.4552283140126853e+01 4.7804633511432415e-01
1430 3.4633553294223837e+01 4.7917074414867589e-01
1431 3.4555091010310448e+01 4.7808518325773913e-01
1432 3.4716335406055187e+01 4.8031607179644698e-01
1433 3.4578417746459053e+01 4.7840791911518726e-01
1434 3.4767649359078597e+01 4.8102602335257383e-01
1435 3.4616513355540498e+01 4.7893498895400155e-01
1436 3.4764204553259667e+01 4.8097836291895674e-01
1437 3.4635592060374904e+01 4.7919895139283170e-01
1438 3.4665272189957484e+01 4.7960958929815123e-01
1439 3.4556289748348647e+01 4.7810176833617229e-01
1440 3.4389146605376922e+01 4.7578926798379095e-01
1441 3.4235175629736581e+01 4.7365901047460307e-01
1442 3.3791464923460445e+01 4.6752007383397459e-01
1443 3.3465894848199426e+01 4.6301566581351938e-01
1444 3.2679664085082088e+01 4.5213781055463242e-01
1445 3.2042508551748213e+01 4.4332247796509539e-01
1446 3.0911446252051718e+01 4.2767372372899820e-01
1447 2.9915138699065693e+01 4.1388936185571384e-01
1448 2.8575041523024275e+01 3.9534851634615420e-01
1449 2.7368862328504669e+01 3.7866048617770470e-01
1450 2.6120167122497147e+01 3.6138422792044705e-01
1451 2.5043732201774706e+01 3.4649126797468782e-01
1452 2.4263141729015118e+01 3.3569144866276179e-01
1453 2.3697148598228555e+01 3.2786067983121747e-01
1454 2.3667317718276383e+01 3.2744795622691797e-01
1455 2.3822850038384907e+01 3.2959981563713908e-01
1456 2.4532566808280912e+01 3.3941906548068840e-01
1457 2.5224353550115161e+01 3.4899024534377771e-01
1458 2.6152037569383779e+01 3.6182516984809976e-01
1459 2.6668986105943773e+01 3.6897738472035585e-01
1460 2.6908450612974733e+01 3.7229048358308092e-01
1461 2.6559073914639452e+01 3.6745670025431559e-01
1462 2.5825771620979175e+01 3.5731113411058041e-01
1463 2.4981783258989321e+01 3.4563417656505047e-01
1464 2.4163097381093444e+01 3.3430729023598282e-01
1465 2.3871136157929779e+01 3.3026787575900440e-01
1466 2.3849596930161603e+01 3.2996987088175767e-01
1467 2.4457746787397003e+01 3.3838389693244297e-01
1468 2.5001203805978339e+01 3.4590286854341740e-01
1469 2.5616857292849399e+01 3.5442071067574443e-01
1470 2.5572161704506627e+01 3.5380232716353516e-01
1471 2.5186331642370966e+01 3.4846419519602179e-01
1472 2.4386224035864817e+01 3.3739434758461573e-01
1473 2.3712809026918617e+01 3.2807734888637780e-01
1474 2.3429187827824634e+01 3.2415332238318706e-01
1475 2.3568634124802848e+01 3.2608262444827352e-01
1476 2.4172551408412239e+01 3.3443809094439020e-01
1477 2.4589987740073987e+01 3.4021350982728066e-01
1478 2.4820593974561994e+01 3.4340405051613837e-01
1479 2.4306247769367499e+01 3.3628784006555779e-01
1480 2.3717368314573196e+01 3.2814042867607401e-01
1481 2.3052744519143470e+01 3.1894506035999387e-01
1482 2.2994726919310647e+01 3.1814236084344583e-01
1483 2.3280871185646117e+01 3.2210129511360380e-01
1484 2.3812903928760246e+01 3.2946220674931448e-01
1485 2.4066555857135800e+01 3.3297159494988154e-01
1486 2.3759773019147570e+01 3.2872711678380845e-01
1487 2.3191353821780240e+01 3.2086278223294612e-01
1488 2.2565551824748173e+01 3.1220453091059064e-01
1489 2.2554514755890658e+01 3.1205182811244725e-01
1490 2.2792420339738861e+01 3.1534335857370893e-01
1491 2.3348156936315473e+01 3.2303222365405521e-01
1492 2.3337309027729354e+01 3.2288213797311138e-01
1493 2.3017618697155520e+01 3.1845907885766828e-01
1494 2.2336152637733910e+01 3.0903069026493390e-01
1495 2.2049276992739717e+01 3.0506163704298439e-01
1496 2.2182151610177645e+01 3.0690001697400987e-01
1497 2.2603659142904220e+01 3.1273176274970399e-01
1498 2.2855801672894803e+01 3.1622026774659862e-01
1499 2.2518077203694165e+01 3.1154769823433098e-01
1500 2.2017531004180295e+01 3.0462241705211240e-01
1501 2.1556190169805124e+01 2.9823955968152344e-01
1502 2.1755003011755651e+01 3.0099022452421043e-01
1503 2.2053031717593601e+01 3.0511358534545929e-01
1504 2.2339956066396081e+01 3.0908331240644177e-01
1505 2.1958410001810673e+01 3.0380445146655433e-01
1506 2.1475313582599316e+01 2.9712059582163919e-01
1507 2.1143525072876635e+01 2.9253015297122820e-01
1508 2.1341428190866775e+01 2.9526823137488117e-01
1509 2.1716539250642047e+01 3.0045806113690254e-01
1510 2.1732284921240698e+01 3.0067590955210211e-01
1511 2.1371568357808300e+01 2.9568523410340414e-01
1512 2.0820375057511306e+01 2.8805922756490887e-01
1513 2.0816725653165104e+01 2.8800873641889757e-01
1514 2.1029264263579762e+01 2.9094930342475839e-01
1515 2.1371644204891641e+01 2.9568628348182213e-01
1516 2.1066243654470590e+01 2.9146092988424377e-01
1517 2.0653008426732523e+01 2.8574363515847501e-01
1518 2.0320901439405382e+01 2.8114878602755838e-01
1519 2.0554417592492079e+01 2.8437958674542607e-01
1520 2.0834654033127375e+01 2.8825678359716195e-01
1521 2.0773390648552645e+01 2.8740917719286513e-01
1522 2.0342698586665083e+01 2.8145035933665602e-01
1523 1.9960037200124066e+01 2.7615606741725301e-01
1524 2.0115680277731300e+01 2.7830945920714728e-01
1525 2.0349931074860439e+01 2.8155042405485498e-01
1526 2.0433851512476487e+01 2.8271150095043501e-01
1527 1.9938952675644305e+01 2.7586435356395128e-01
1528 1.9664807981657805e+01 2.7207143875945644e-01
1529 1.9656128692294626e+01 2.7195135689816125e-01
1530 2.0013823070340173e+01 2.7690021905647955e-01
1531 1.9962579602616671e+01 2.7619124269609191e-01
1532 1.9596947157195718e+01 2.7113255381514251e-01
1533 1.9256201163353609e+01 2.6641818015420388e-01
1534 1.9337693776577222e+01 2.6754566701035304e-01
1535 1.9639949634799184e+01 2.7172751238085591e-01
1536 1.9531763343877149e+01 2.7023070652072945e-01
1537 1.9188424709607059e+01 2.6548046251658253e-01
1538 1.8853852485255256e+01 2.6085150572568727e-01
1539 1.9090677307767116e+01 2.6412808336910254e-01
1540 1.9229734510624638e+01 2.6605200214250735e-01
1541 1.9149504725778531e+01 2.6494198708338229e-01
1542 1.8668560674154509e+01 2.5828791040944782e-01
1543 1.8589821783836044e+01 2.5719852254482950e-01
1544 1.8766836246924171e+01 2.5964759703864304e-01
1545 1.8916776295969324e+01 2.6172208487037923e-01
1546 1.8619861638174925e+01 2.5761413740350125e-01
1547 1.8260448334215141e+01 2.5264149313416295e-01
1548 1.8312319256986751e+01 2.5335915061657599e-01
1549 1.8504756815850886e+01 2.5602161055823208e-01
1550 1.8513007979414141e+01 2.5613576910705638e-01
1551 1.8072422570963511e+01 2.5004007236364584e-01
1552 1.7947500101625263e+01 2.4831171396838750e-01
1553 1.8048291446276600e+01 2.4970620742997468e-01
1554 1.8258823422953334e+01 2.5261901175802803e-01
1555 1.7942114502464960e+01 2.4823720178838085e-01
1556 1.7663509175103172e+01 2.4438257212039358e-01
1557 1.7648854352467779e+01 2.4417981607604802e-01
1558 1.7884852674750629e+01 2.4744495871808159e-01
1559 1.7795017569895752e+01 2.4620204974832349e-01
1560 1.7426509466195306e+01 2.4110357484524705e-01
1561 1.7325333998331111e+01 2.3970376686671768e-01
1562 1.7472814682821397e+01 2.4174422828672892e-01
1563 1.7586029533489999e+01 2.4331060652642869e-01
1564 1.7215762585961819e+01 2.3818779723009448e-01
1565 1.7045449840309701e+01 2.3583144400295564e-01
1566 1.7092096368774037e+01 2.3647681964680953e-01
1567 1.7304719291912189e+01 2.3941855315701702e-01
1568 1.7021056320804032e+01 2.3549394871927401e-01
1569 1.6774577359013243e+01 2.3208380172872589e-01
1570 1.6767837157094416e+01 2.3199054801196978e-01
1571 1.6973550717493104e+01 2.3483668738959332e-01
1572 1.6827610801771169e+01 2.3281754319657924e-01
1573 1.6502919466089683e+01 2.2832529293235143e-01
1574 1.6484778734657617e+01 2.2807430777625559e-01
1575 1.6633527349579857e+01 2.3013231158250272e-01
1576 1.6613532493165089e+01 2.2985567377563323e-01
1577 1.6241330373613412e+01 2.2470609050636367e-01
1578 1.6211664368124310e+01 2.2429564801421251e-01
1579 1.6320712223340529e+01 2.2580437400278980e-01
1580 1.6362722858997572e+01 2.2638560999029966e-01
1581 1.6000355637667756e+01 2.2137209694921489e-01
1582 1.5928074730771606e+01 2.2037205818186884e-01
1583 1.6048023347491412e+01 2.2203160109520947e-01
1584 1.6078531611495720e+01 2.2245369661170003e-01
1585 1.5774543396075030e+01 2.1824788330233180e-01
1586 1.5637196409675990e+01 2.1634762614072020e-01
1587 1.5803206448116212e+01 2.1864444948367237e-01
1588 1.5782777772281909e+01 2.1836180959055093e-01
1589 1.5543758938866253e+01 2.1505487682219332e-01
1590 1.5358326312271137e+01 2.1248933326042879e-01
1591 1.5562470437646697e+01 2.1531375880056250e-01
1592 1.5499842253019416e+01 2.1444726977537951e-01
1593 1.5288310954887431e+01 2.1152063938676319e-01
1594 1.5108575853391635e+01 2.0903392364028092e-01
1595 1.5309577977675833e+01 2.1181487818602160e-01
1596 1.5239414078824064e+01 2.1084412917451947e-01
1597 1.5004740607593844e+01 2.0759731644103965e-01
1598 1.4889469192278336e+01 2.0600248470701094e-01
1599 1.5046470750908894e+01 2.0817467169118775e-01
1600 1.4990867876533985e+01 2.0740538098443620e-01
1601 1.4709212291524473e+01 2.0350854963374868e-01
1602 1.4687131442863233e+01 2.0320305118851104e-01
1603 1.4787942453342456e+01 2.0459781673564784e-01
1604 1.4732243877582224e+01 2.0382720195730503e-01
1605 1.4426553477304894e+01 1.9959783815695759e-01
1606 1.4483869701425210e+01 2.0039083382593226e-01
1607 1.4546109112284793e+01 2.0125194399166094e-01
1608 1.4447104875027231e+01 1.9988217596244487e-01
1609 1.4174917059190111e+01 1.9611633544487295e-01
1610 1.4271207810298707e+01 1.9744856117612750e-01
1611 1.4317831313864735e+01 1.9809361826018587e-01
1612 1.4137526838249309e+01 1.9559902496737494e-01
1613 1.3957325528157536e+01 1.9310585901585700e-01
1614 1.4053493696420260e+01 1.9443638875845634e-01
1615 1.4084372035870663e+01 1.9486360443473499e-01
1616 1.3824419207979675e+01 1.9126704046320478e-01
1617 1.3763855671139119e+01 1.9042911676621568e-01
1618 1.3839234849563571e+01 1.9147202150983564e-01
1619 1.3823643749776489e+01 1.9125631165114440e-01
1620 1.3536167553125690e+01 1.8727894952765797e-01
1621 1.3580318177877990e+01 1.8788979322415841e-01
1622 1.3628370691379326e+01 1.8855462130163117e-01
1623 1.3527424400602477e+01 1.8715798409089893e-01
1624 1.3294140746481022e+01 1.8393040010049899e-01
1625 1.3395429310319091e+01 1.8533177281255428e-01
1626 1.3407356135065561e+01 1.8549678578250703e-01
1627 1.3211925183983210e+01 1.8279291091687402e-01
1628 1.3102766678459693e+01 1.8128265403166482e-01
1629 1.3200927086841679e+01 1.8264074730990143e-01
1630 1.3157856303261342e+01 1.8204484370036048e-01
1631 1.2913259072014005e+01 1.7866073129590099e-01
1632 1.2946786367568640e+01 1.7912459646802834e-01
1633 1.2987479865634709e+01 1.7968760926618621e-01
1634 1.2874348140125369e+01 1.7812238110034925e-01
1635 1.2668726019359925e+01 1.7527750683106544e-01
1636 1.2795216636952285e+01 1.7702756126078709e-01
1637 1.2745646067943397e+01 1.7634173020446797e-01
1638 1.2577177843514361e+01 1.7401089675578077e-01
1639 1.2493370224447039e+01 1.7285138075542528e-01
1640 1.2611752574658519e+01 1.7448925366909956e-01
1641 1.2476098571292377e+01 1.7261241968710841e-01
1642 1.2307096530521436e+01 1.7027420064989623e-01
1643 1.2364281025417990e+01 1.7106537378597514e-01
1644 1.2371979156630772e+01 1.7117188088417690e-01
1645 1.2199777458479691e+01 1.6878939315195562e-01
1646 1.2098972968601421e+01 1.6739471782025775e-01
1647 1.2225095286117270e+01 1.6913967665322577e-01
1648 1.2083176331063143e+01 1.6717616425458806e-01
1649 1.1952628966382610e+01 1.6536998290931293e-01
1650 1.1950293147403221e+01 1.6533766580603904e-01
1651 1.2018436373049580e+01 1.6628045789740389e-01
1652 1.1790839142402247e+01 1.6313154812632219e-01
1653 1.1760525226741798e+01 1.6271214150634075e-01
1654 1.1811343570046679e+01 1.6341523607971403e-01
1655 1.1733342797502685e+01 1.6233606040557633e-01
1656 1.1554368180870471e+01 1.5985986630828500e-01
1657 1.1609879047251509e+01 1.6062788404317263e-01
1658 1.1618404312934054e+01 1.6074583491776140e-01
1659 1.1426347359368478e+01 1.5808864082112525e-01
1660 1.1399243792703279e+01 1.5771365081944350e-01
1661 1.1445010841247720e+01 1.5834685846412908e-01
1662 1.1355251097226571e+01 1.5710499214530749e-01
1663 1.1181681756010759e+01 1.5470358245785140e-01
1664 1.1282562595720217e+01 1.5609931412370928e-01
1665 1.1215272060703425e+01 1.5516831938966516e-01
1666 1.1079271638419462e+01 1.5328669254656530e-01
1667 1.1033593436082837e+01 1.5265471412901538e-01
1668 1.1116075610053656e+01 1.5379589200195370e-01
1669 1.0939589863093357e+01 1.5135413253291574e-01
1670 1.0867032971782493e+01 1.5035027539740375e-01
1671 1.0922548292194211e+01 1.5111835475580362e-01
1672 1.0853888736247175e+01 1.5016841900313727e-01
1673 1.0701617802432033e+01 1.4806168233512740e-01
1674 1.0726182901375877e+01 1.4840155149729536e-01
1675 1.0747222489504848e+01 1.4869264363602841e-01
1676 1.0559362635366886e+01 1.4609351829251474e-01
1677 1.0554970745016966e+01 1.4603275451961184e-01
1678 1.0575207595152239e+01 1.4631274041814687e-01
1679 1.0485211137830229e+01 1.4506759906463393e-01
1680 1.0343899004100621e+01 1.4311248231120088e-01
1681 1.0443452923226271e+01 1.4448985543561291e-01
1682 1.0343097821877269e+01 1.4310139759578341e-01
1683 1.0229813548510883e+01 1.4153405886192136e-01
1684 1.0228639907323922e+01 1.4151782100968188e-01
1685 1.0253768195366250e+01 1.4186548214563680e-01
1686 1.0081016941700433e+01 1.3947539106637488e-01
1687 1.0064955416715396e+01 1.3925317266406828e-01
1688 1.0105548199881106e+01 1.3981479202640565e-01
1689 9.9739052312828118e+00 1.3799345250951275e-01
1690 9.9003559529768292e+00 1.3697586525480410e-01
1691 9.9400285324122954e+00 1.3752475318579097e-01
1692 9.8823926159920301e+00 1.3672733443045362e-01
1693 9.7290184776880206e+00 1.3460533443351563e-01
1694 9.7998284507726243e+00 1.3558502217181526e-01
1695 9.7394007542833450e+00 1.3474897788701506e-01
1696 9.6283905548531727e+00 1.3321310198605979e-01
1697 9.5985485637941625e+00 1.3280022465461344e-01
1698 9.6467962560247145e+00 1.3346775311734921e-01
1699 9.4793852717400924e+00 1.3115154706026802e-01
1700 9.4623932824609671e+00 1.3091645526710793e-01
1701 9.4860598525174158e+00 1.3124389287909813e-01
1702 9.3864852043662221e+00 1.2986623295932004e-01
1703 9.2961959566827357e+00 1.2861704071982968e-01
1704 9.3460982355400315e+00 1.2930746113068464e-01
1705 9.2750466368571285e+00 1.2832443039385527e-01
1706 9.1495411304904959e+00 1.2658800541979737e-01
1707 9.2047746611896706e+00 1.2735218609113197e-01
1708 9.1448631126643054e+00 1.2652328294492241e-01
1709 9.0406918893683947e+00 1.2508202734629734e-01
1710 9.0254276693282982e+00 1.2487084001552230e-01
1711 9.0538176826935288e+00 1.2526362858431397e-01
1712 8.8894029775161734e+00 1.2298887739261463e-01
1713 8.9050928851003075e+00 1.2320595430149674e-01
1714 8.8973479379484566e+00 1.2309879948377944e-01
1715 8.8028611960576448e+00 1.2179153302921224e-01
1716 8.7328211421236048e+00 1.2082249746769552e-01
1717 8.7888978742760528e+00 1.2159834420934060e-01
1718 8.6718090856039201e+00 1.1997836829976939e-01
1719 8.6068508095722205e+00 1.1907964141488127e-01
1720 8.6450851871337449e+00 1.1960863117785984e-01
1721 8.5632285704864106e+00 1.1847610817107562e-01
1722 8.4766398306026147e+00 1.1727811411679720e-01
1723 8.4996289194014487e+00 1.1759617847171497e-01
1724 8.4635164294432208e+00 1.1709654597546655e-01
1725 8.3326176034083073e+00 1.1528550200471122e-01
1726 8.3832282023367419e+00 1.1598572234145596e-01
1727 8.3253306671400171e+00 1.1518468397300141e-01
1728 8.2366040127806599e+00 1.1395711091302646e-01
1729 8.2201282784679499e+00 1.1372916173888459e-01
1730 8.2358434692697760e+00 1.1394658845242384e-01
1731 8.0932725102027803e+00 1.1197405528582217e-01
1732 8.1098755776608389e+00 1.1220376617114318e-01
1733 8.0965264235633931e+00 1.1201907463665674e-01
1734 7.9959016610782712e+00 1.1062688591405687e-01
1735 7.9656133022604658e+00 1.1020783288445651e-01
1736 7.9858951209017208e+00 1.1048844094244170e-01
1737 7.8789765610717604e+00 1.0900917471059447e-01
1738 7.8367296007735661e+00 1.0842466906567465e-01
1739 7.8714034555725698e+00 1.0890439739921855e-01
1740 7.7572185014525434e+00 1.0732459734314401e-01
1741 7.7266749937359975e+00 1.0690201421408664e-01
1742 7.7327211362857460e+00 1.0698566530816236e-01
1743 7.6674840118012781e+00 1.0608308042985720e-01
1744 7.5817260763187893e+00 1.0489658092711483e-01
1745 7.6375921036762815e+00 1.0566951247341344e-01
1746 7.5319110569469077e+00 1.0420736779037941e-01
1747 7.4876776104302625e+00 1.0359537821762090e-01
1748 7.4945094925592093e+00 1.0368990037120568e-01
1749 7.4438386257950553e+00 1.0298884620192160e-01
1750 7.3521065894605808e+00 1.0171969233430518e-01
1751 7.3925181320513280e+00 1.0227880415199539e-01
1752 7.3217714570533126e+00 1.0129999217111506e-01
1753 7.2458377621701606e+00 1.0024941544356955e-01
1754 7.2722378270884178e+00 1.0061467218303799e-01
1755 7.2119783337659280e+00 9.9780955064495178e-02
1756 7.1381757313971299e+00 9.8759862957753020e-02
1757 7.1485013864357541e+00 9.8902723026618816e-02
1758 7.1153093305335453e+00 9.8443496045449122e-02
1759 7.0118668388693033e+00 9.7012322775809054e-02
1760 7.0537084827371235e+00 9.7591220686116489e-02
1761 6.9865706591980601e+00 9.6662338783863017e-02
1762 6.9238768064328902e+00 9.5794941210537957e-02
1763 6.9204137344547378e+00 9.5747028056414996e-02
1764 6.9001946300762160e+00 9.5467287678384208e-02
1765 6.7954180453840181e+00 9.4017656633316390e-02
1766 6.8298349503963891e+00 9.4493829951311531e-02
1767 6.7758984789845655e+00 9.3747594676992521e-02
1768 6.7026183488544548e+00 9.2733731208019129e-02
1769 6.7113949443638976e+00 9.2855159343492963e-02
1770 6.6763572968801395e+00 9.2370397774982141e-02
1771 6.5938548346510091e+00 9.1228939204890114e-02
1772 6.6048068401610092e+00 9.1380465113466827e-02
1773 6.5743712108050731e+00 9.0959374529915607e-02
1774 6.4819563032340195e+00 8.9680772832450212e-02
1775 6.5116134739865892e+00 9.0091093092058774e-02
1776 6.4550825961339839e+00 8.9308963040952288e-02
1777 6.3954126968446108e+00 8.8483403220310550e-02
1778 6.3904092396571803e+00 8.8414178145902231e-02
1779 6.3701151901301136e+00 8.8133400868125863e-02
1780 6.2735902161949699e+00 8.6797934559009152e-02
1781 6.3095236319852059e+00 8.7295089483822558e-02
1782 6.2464832597408257e+00 8.6422897658076883e-02
1783 6.1917143750673809e+00 8.5665145572917767e-02
1784 6.1929096174035170e+00 8.5681682286744928e-02
1785 6.1579633379550316e+00 8.5198184835983765e-02
1786 6.0810790651242757e+00 8.4134456436166710e-02
1787 6.1032117118217464e+00 8.4440671530468789e-02
1788 6.0498791772884610e+00 8.3702791993750525e-02
1789 5.9860118149045132e+00 8.2819158388490813e-02
1790 6.0069387544264359e+00 8.3108691983218630e-02
1791 5.9441913436254321e+00 8.2240553410445200e-02
1792 5.8975864919115386e+00 8.1595754383127106e-02
1793 5.9004470725892730e+00 8.1635331799871008e-02
1794 5.8560069569235340e+00 8.1020482866736646e-02
1795 5.7890027590014164e+00 8.0093449734829236e-02
1796 5.8211146987480760e+00 8.0537732824518177e-02
1797 5.7392995507647688e+00 7.9405783555300868e-02
1798 5.7140544259172614e+00 7.9056505929741047e-02
1799 5.7088565854473572e+00 7.8984591475432214e-02
1800 5.6574242001650985e+00 7.8273001355883262e-02
1801 5.6078687700363909e+00 7.7587379752761740e-02
1802 5.6286166027941622e+00 7.7874435325072072e-02
1803 5.5479981363311719e+00 7.6759042681440584e-02
1804 5.5285112246211350e+00 7.6489432517391515e-02
1805 5.5275156720043261e+00 7.6475658600398858e-02
1806 5.4563879691370367e+00 7.5491574928043204e-02
1807 5.4399375543722233e+00 7.5263976061203150e-02
1808 5.4321437211146479e+00 7.5156144882286086e-02
1809 5.3665093389255025e+00 7.4248063765453162e-02
1810 5.3469845692951896e+00 7.3977929820096516e-02
1811 5.3478319872318529e+00 7.3989654227345922e-02
1812 5.2628105624613157e+00 7.2813344680653425e-02
1813 5.2757375004289671e+00 7.2992194665605914e-02
1814 5.2394026881021389e+00 7.2489486239668804e-02
1815 5.1883928062246261e+00 7.1783741644231625e-02
1816 5.1758474930294227e+00 7.1610171609177597e-02
1817 5.1619419863281015e+00 7.1417782686873529e-02
1818 5.0853787761320008e+00 7.0358496332614415e-02
1819 5.1072145861228115e+00 7.0660604557938517e-02
1820 5.0553274719972405e+00 6.9942723060881049e-02
1821 5.0121212204721317e+00 6.9344945191562216e-02
1822 5.0141650609650945e+00 6.9373222641514132e-02
1823 4.9704989343584502e+00 6.8769082194172687e-02
1824 4.9247278086184059e+00 6.8135818139657162e-02
1825 4.9331169403855979e+00 6.8251885540466337e-02
1826 4.8790914215095125e+00 6.7504418254538456e-02
1827 4.8424964885074457e+00 6.6998110942386460e-02
1828 4.8534394467739865e+00 6.7149511678291918e-02
1829 4.7828288518296587e+00 6.6172582425990875e-02
1830 4.7736743996301820e+00 6.6045926473728880e-02
1831 4.7574920723417504e+00 6.5822036717370885e-02
1832 4.7076429732861973e+00 6.5132352072925975e-02
1833 4.6845762554658226e+00 6.4813213685675955e-02
1834 4.6847764885086827e+00 6.4815983999635229e-02
1835 4.6098349599973369e+00 6.3779134338863938e-02
1836 4.6227961824912214e+00 6.3958458665614629e-02
1837 4.5848177361344495e+00 6.3433009825647632e-02
1838 4.5410261915526897e+00 6.2827134164366263e-02
1839 4.5366362688017050e+00 6.2766397614077166e-02
1840 4.5072611038761243e+00 6.2359979031574170e-02
1841 4.4560734627944196e+00 6.1651775057815966e-02
1842 4.4661705702742793e+00 6.1791473068694924e-02
1843 4.4174837429646034e+00 6.1117868975172525e-02
1844 4.3832067611937608e+00 6.0643631557984246e-02
1845 4.3895034479040538e+00 6.0730749042898664e-02
1846 4.3302262101714142e+00 5.9910621871016354e-02
1847 4.3166088013561659e+00 5.9722218912187770e-02
1848 4.3035324129123289e+00 5.9541301212863648e-02
1849 4.2569060903087053e+00 5.8896205126155711e-02
1850 4.2369152008631943e+00 5.8619622204085252e-02
1851 4.2337155910138193e+00 5.8575354166685627e-02
1852 4.1670280528380248e+00 5.7652702164401243e-02
1853 4.1799527257896152e+00 5.7831520811840592e-02
1854 4.1394281787047564e+00 5.7270845526288000e-02
1855 4.1051109725456323e+00 5.6796051586645850e-02
1856 4.0981282684502673e+00 5.6699442743506898e-02
1857 4.0687852881990807e+00 5.6293469450410062e-02
1858 4.0248711752953703e+00 5.5685898001418446e-02
1859 4.0351937145441532e+00 5.5828714961934249e-02
1860 3.9812090424773405e+00 5.5081812809933836e-02
1861 3.9633526327345150e+00 5.4834761371936554e-02
1862 3.9574056403090832e+00 5.4752482064302943e-02
1863 3.9057185000954515e+00 5.4037367296012231e-02
1864 3.8982607177613970e+00 5.3934185532352311e-02
1865 3.8795841545115652e+00 5.3675786902718944e-02
1866 3.8356037886059573e+00 5.3067298813729361e-02
1867 3.8285122160019927e+00 5.2969183725942719e-02
1868 3.8087006097063250e+00 5.2695081266664910e-02
1869 3.7586835885190779e+00 5.2003073344209248e-02
1870 3.7716699630444146e+00 5.2182745660596629e-02
1871 3.7217848119582380e+00 5.1492562220137490e-02
1872 3.7039343556381206e+00 5.1245593150413694e-02
1873 3.6930053083618688e+00 5.1094384879298439e-02
1874 3.6569689000356012e+00 5.0595805006553383e-02
1875 3.6318663924496919e+00 5.0248500554776442e-02
1876 3.6317974573214920e+00 5.0247546806358054e-02
1877 3.5764503080378733e+00 4.9481794170945892e-02
1878 3.5790898253159376e+00 4.9518313076400915e-02
1879 3.5520008424449228e+00 4.9143524848053011e-02
1880 3.5147624554447634e+00 4.8628315061226467e-02
1881 3.5138527527078351e+00 4.8615728915828542e-02
1882 3.4807855948649853e+00 4.8158229955331103e-02
1883 3.4516023229226169e+00 4.7754466298321356e-02
1884 3.4493604928992418e+00 4.7723449574411173e-02
1885 3.4108919915890072e+00 4.7191220604356758e-02
1886 3.3890236774948104e+00 4.6888662670183108e-02
1887 3.3876595701954137e+00 4.6869789633847574e-02
1888 3.3360290378627759e+00 4.6155458060980974e-02
1889 3.3391569969343093e+00 4.6198734777731350e-02
1890 3.3101654249277210e+00 4.5797623375317037e-02
1891 3.2809771970761963e+00 4.5393791151081220e-02
1892 3.2719692464350265e+00 4.5269162113589313e-02
1893 3.2494321535381072e+00 4.4957351324710029e-02
1894 3.2127270009582780e+00 4.4449519075262470e-02
1895 3.2204843243441292e+00 4.4556845123728317e-02
1896 3.1723406851898579e+00 4.3890756281974246e-02
1897 3.1652318156307779e+00 4.3792401883055311e-02
1898 3.1494590349709792e+00 4.3574178388000005e-02
1899 3.1137709317807620e+00 4.3080417473038875e-02
1900 3.1061630543072409e+00 4.2975159075801676e-02
1901 3.0868079620886024e+00 4.2707372693541613e-02
1902 3.0518309780407624e+00 4.2223450430876323e-02
1903 3.0517294103913724e+00 4.2222045196890476e-02
1904 3.0203214144220656e+00 4.1787501485103865e-02
1905 2.9955237549095446e+00 4.1444414743156952e-02
1906 2.9958570908359730e+00 4.1449026595211554e-02
1907 2.9521766146358193e+00 4.0844687614807633e-02
1908 2.9486612157376806e+00 4.0796050494276266e-02
1909 2.9279615206871732e+00 4.0509660928737333e-02
1910 2.8990938077646669e+00 4.0110263172306294e-02
1911 2.8897312520010949e+00 3.9980728013893532e-02
1912 2.8717343672468489e+00 3.9731733041105444e-02
1913 2.8369238604756215e+00 3.9250114066232786e-02
1914 2.8434083570852606e+00 3.9339829985343765e-02
1915 2.8012529012619360e+00 3.8756590345876626e-02
1916 2.7938983178677783e+00 3.8654836385838408e-02
1917 2.7787571022328184e+00 3.8445350876180076e-02
1918 2.7483731185518581e+00 3.8024974833706982e-02
1919 2.7396030408682783e+00 3.7903636875277417e-02
1920 2.7227299013174937e+00 3.7670189421417047e-02
1921 2.6911244154728049e+00 3.7232913348623622e-02
1922 2.6914961110008706e+00 3.7238055922972461e-02
1923 2.6606578899252038e+00 3.6811395302402725e-02
1924 2.6423195426656148e+00 3.6557676042695705e-02
1925 2.6383114732989190e+00 3.6502222605252439e-02
1926 2.6010288274434581e+00 3.5986400477311206e-02
1927 2.5986062040632172e+00 3.5952882396216836e-02
1928 2.5771105810586978e+00 3.5655480810433467e-02
1929 2.5530733923857638e+00 3.5322915523649197e-02
1930 2.5455733328983734e+00 3.5219148836610141e-02
1931 2.5248244003562186e+00 3.4932078048289579e-02
1932 2.4990982767866772e+00 3.4576145589666166e-02
1933 2.5014022312231923e+00 3.4608021832697046e-02
1934 2.4620935351397870e+00 3.4064168391099971e-02
1935 2.4612654798934934e+00 3.4052711875356641e-02
1936 2.4402341174860700e+00 3.3761733543170719e-02
1937 2.4174547604444050e+00 3.3446570921185192e-02
1938 2.4101416205658901e+00 3.3345390350774710e-02
1939 2.3898550713537663e+00 3.3064716843219731e-02
1940 2.3669454718261749e+00 3.2747752258023247e-02
1941 2.3657671812986916e+00 3.2731450080072257e-02
1942 2.3329947070210557e+00 3.2278028198875125e-02
1943 2.3264654982067303e+00 3.2187693666357368e-02
1944 2.3124296109026363e+00 3.1993500869933814e-02
1945 2.2845119831546308e+00 3.1607247968037412e-02
1946 2.2838755686504344e+00 3.1598442887918368e-02
1947 2.2576917962071326e+00 3.1236178651855444e-02
1948 2.2430228267289749e+00 3.1033226879594894e-02
1949 2.2345639747341721e+00 3.0916194868164833e-02
1950 2.2101161638052602e+00 3.0577948438291102e-02
1951 2.1979574388442109e+00 3.0409727024854533e-02
1952 2.1895251122835959e+00 3.0293062004704017e-02
1953 2.1585071286076793e+00 2.9863914287930202e-02
1954 2.1621112591556915e+00 2.9913779050636718e-02
1955 2.1328488979303524e+00 2.9508921157922845e-02
1956 2.1227924581782829e+00 2.9369785803298718e-02
1957 2.1118376392267271e+00 2.9218220969496160e-02
1958 2.0896176447911805e+00 2.8910797380059382e-02
1959 2.0789700604547905e+00 2.8763483274962788e-02
1960 2.0684048445663232e+00 2.8617308774288246e-02
1961 2.0419482355700755e+00 2.8251269722138872e-02
1962 2.0425553234646148e+00 2.8259669055459329e-02
1963 2.0168483388855112e+00 2.7904001393353115e-02
1964 2.0052436839118992e+00 2.7743445786711920e-02
1965 1.9976791470127351e+00 2.7638787025760666e-02
1966 1.9718877639606953e+00 2.7281951672925804e-02
1967 1.9683737982028628e+00 2.7233334380533387e-02
1968 1.9504142439893959e+00 2.6984855892520993e-02
1969 1.9329978514031330e+00 2.6743892289247374e-02
1970 1.9272459663423445e+00 2.6664312379515866e-02
1971 1.9071159715389479e+00 2.6385804872425589e-02
1972 1.8932787313294850e+00 2.6194360447656211e-02
1973 1.8886188486203999e+00 2.6129888880260604e-02
1974 1.8605299748193427e+00 2.5741266712410574e-02
1975 1.8623253349665030e+00 2.5766106325326447e-02
1976 1.8391234409201460e+00 2.5445097714358832e-02
1977 1.8281879240180572e+00 2.5293799933068274e-02
1978 1.8192234675599195e+00 2.5169772657107230e-02
1979 1.8006366523644795e+00 2.4912615732061417e-02
1980 1.7896038918340489e+00 2.4759972541555687e-02
1981 1.7818543997114564e+00 2.4652754842129615e-02
1982 1.7579729912889472e+00 2.4322344844982694e-02
1983 1.7585547851327776e+00 2.4330394223766358e-02
1984 1.7361020935851403e+00 2.4019751165411257e-02
1985 1.7264417489169264e+00 2.3886095963934345e-02
1986 1.7187311741354745e+00 2.3779416703378704e-02
1987 1.6975476314591760e+00 2.3486332888914881e-02
1988 1.6935315900113668e+00 2.3430769154153666e-02
1989 1.6781412026814309e+00 2.3217836242333392e-02
1990 1.6631641062664586e+00 2.3010621395696627e-02
1991 1.6581961954638436e+00 2.2941888121465991e-02
1992 1.6397602599344101e+00 2.2686818684274024e-02
1993 1.6297040572070303e+00 2.2547686608992791e-02
1994 1.6232084233161577e+00 2.2457816600600498e-02
1995 1.6007055132472483e+00 2.2146478746478890e-02
1996 1.6018815521173477e+00 2.2162749771740028e-02
1997 1.5804857827427186e+00 2.1866729705713933e-02
1998 1.5732465077375646e+00 2.1766571088957298e-02
1999 1.5636474121112371e+00 2.1633763295447164e-02
2000 1.5478208531552122e+00 2.1414795753542180e-02
