# step 24
# iter abs_residual rel_residual
0 7.2278104865846785e+01 1.0000000000000000e+00
1 1.1546600861375805e+03 1.5975240195917012e+01
2 1.1527745212176185e+03 1.5949152559509530e+01
3 1.1585072720810088e+03 1.6028467739037698e+01
4 1.2484330970659328e+03 1.7272631862486044e+01
5 1.4402468346337896e+03 1.9926460956703117e+01
6 1.2677694538267115e+03 1.7540159031283128e+01
7 1.4124522130191572e+03 1.9541909899834359e+01
8 1.3004236603875459e+03 1.7991944625571229e+01
9 1.3783981910459408e+03 1.9070757231451271e+01
10 1.3232324643110705e+03 1.8307514658375208e+01
11 1.3547601259463638e+03 1.8743713998324850e+01
12 1.3364428175025089e+03 1.8490285820070135e+01
13 1.3388396176542992e+03 1.8523446625216298e+01
14 1.3429152194666476e+03 1.8579834404335756e+01
15 1.3277325809228651e+03 1.8369775790154286e+01
16 1.3450051727482776e+03 1.8608749845402023e+01
17 1.3195692023750933e+03 1.8256831786393761e+01
18 1.3443069584342534e+03 1.8599089737194703e+01
19 1.3132163294683655e+03 1.8168936940250259e+01
20 1.3418458874584860e+03 1.8565039716371171e+01
21 1.3079856800730261e+03 1.8096568559742110e+01
22 1.3382737217498950e+03 1.8515617201555362e+01
23 1.3034526903332953e+03 1.8033852613493320e+01
24 1.3340055733943966e+03 1.8456565454647770e+01
25 1.2993510853098549e+03 1.7977105068285081e+01
26 1.3293075319959703e+03 1.8391565944669662e+01
27 1.2955114809372401e+03 1.7923982419597191e+01
28 1.3243513570110342e+03 1.8322995040740526e+01
29 1.2918249965146726e+03 1.7872978254097699e+01
30 1.3192485335185083e+03 1.8252395188932052e+01
31 1.2882212246121628e+03 1.7823118453412572e+01
32 1.3140716232919192e+03 1.8180770313927404e+01
33 1.2846546044796348e+03 1.7773772664128973e+01
34 1.3088677968908974e+03 1.8108773041576665e+01
35 1.2810958289412181e+03 1.7724535408323469e+01
36 1.3036675101279602e+03 1.8036824741706472e+01
37 1.2775263299640692e+03 1.7675149788933279e+01
38 1.2984901357286126e+03 1.7965193444663512e+01
39 1.2739346838604747e+03 1.7625457754114976e+01
40 1.2933476589197164e+03 1.7894044971437204e+01
41 1.2703142383674012e+03 1.7575367266825733e+01
42 1.2882471280003936e+03 1.7823476838407291e+01
43 1.2666615286045751e+03 1.7524830388892838e+01
44 1.2831922934624349e+03 1.7753540935309932e+01
45 1.2629752087384566e+03 1.7473828500105625e+01
46 1.2781847130475126e+03 1.7684258814199858e+01
47 1.2592553284034495e+03 1.7422362287178331e+01
48 1.2732245007404122e+03 1.7615632052107699e+01
49 1.2555028382771384e+03 1.7370444903161744e+01
50 1.2683108376849425e+03 1.7547649319790771e+01
51 1.2517192522221007e+03 1.7318097293023651e+01
52 1.2634423194679580e+03 1.7480291186563278e+01
53 1.2479064168615346e+03 1.7265345005624262e+01
54 1.2586171941774846e+03 1.7413533413937266e+01
55 1.2440663539079230e+03 1.7212216012262594e+01
56 1.2538335239648598e+03 1.7347349190907295e+01
57 1.2402011533663185e+03 1.7158739229095982e+01
58 1.2490892942233727e+03 1.7281710644485901e+01
59 1.2363129023441500e+03 1.7104943532191847e+01
60 1.2443824862342474e+03 1.7216589844793361e+01
61 1.2324036388421737e+03 1.7050857118204760e+01
62 1.2397111252399161e+03 1.7151959470172976e+01
63 1.2284753213131728e+03 1.6996507083207408e+01
64 1.2350733099334959e+03 1.7087793215191216e+01
65 1.2245298121531687e+03 1.6941919194284100e+01
66 1.2304672309091184e+03 1.7024066045906316e+01
67 1.2205688672021972e+03 1.6887117744269283e+01
68 1.2258911806664298e+03 1.6960754338285010e+01
69 1.2165941326630787e+03 1.6832125509117351e+01
70 1.2213435565430177e+03 1.6897835918773975e+01
71 1.2126071450119330e+03 1.6776963746664588e+01
72 1.2168228618962792e+03 1.6835290080651497e+01
73 1.2086093333581543e+03 1.6721652229280469e+01
74 1.2123277032823428e+03 1.6773097544996617e+01
75 1.2046020237653138e+03 1.6666209303649278e+01
76 1.2078567863321225e+03 1.6711240403632459e+01
77 1.2005864443550352e+03 1.6610651961384537e+01
78 1.2034089109084978e+03 1.6649702052123651e+01
79 1.1965637310951256e+03 1.6554995919110379e+01
80 1.1989829658843862e+03 1.6588467117528641e+01
81 1.1925349333528645e+03 1.6499255695293794e+01
82 1.1945779226414736e+03 1.6527521368451673e+01
83 1.1885010204032694e+03 1.6443444700289394e+01
84 1.1901928302472156e+03 1.6466851648314474e+01
85 1.1844628864395511e+03 1.6387575305661333e+01
86 1.1858268092555027e+03 1.6406445789585657e+01
87 1.1804213570152601e+03 1.6331658933313271e+01
88 1.1814790463284371e+03 1.6346292539370598e+01
89 1.1763771933506243e+03 1.6275706115068495e+01
90 1.1771487897165425e+03 1.6286381496878107e+01
91 1.1723310979338819e+03 1.6219726570166863e+01
92 1.1728353439154835e+03 1.6226703039493742e+01
93 1.1682837191214267e+03 1.6163729268909897e+01
94 1.1685380650367651e+03 1.6167248258731373e+01
95 1.1642356550304016e+03 1.6107722486516550e+01
96 1.1642563576304226e+03 1.6108008916273661e+01
97 1.1601874578335014e+03 1.6051713862543718e+01
98 1.1599896696489632e+03 1.6048977374295923e+01
99 1.1561396376437478e+03 1.5995710454633860e+01
100 1.1557374897039836e+03 1.5990146557510233e+01
101 1.1520926651036302e+03 1.5939718774336914e+01
102 1.1514993435973304e+03 1.5931509905172440e+01
103 1.1480469756770531e+03 1.5883744846491320e+01
104 1.1472747910251544e+03 1.5873061325481300e+01
105 1.1440029715514265e+03 1.5827794235540292e+01
106 1.1430634233275343e+03 1.5814795164443506e+01
107 1.1399610245708916e+03 1.5771872086114307e+01
108 1.1388648605572819e+03 1.5756706165319285e+01
109 1.1359214789431155e+03 1.5715983160480828e+01
110 1.1346787494213427e+03 1.5698789440140770e+01
111 1.1318846530390226e+03 1.5660131863444395e+01
112 1.1305047609324479e+03 1.5641040437221530e+01
113 1.1278508414157109e+03 1.5604322270334576e+01
114 1.1263425889422947e+03 1.5583454920862483e+01
115 1.1238203171271068e+03 1.5548558158974918e+01
116 1.1221919476094645e+03 1.5526028936319390e+01
117 1.1197933329725176e+03 1.5492843026957228e+01
118 1.1180525705911402e+03 1.5468758798619913e+01
119 1.1157701230410814e+03 1.5437180113009726e+01
120 1.1139242088664898e+03 1.5411641062449148e+01
121 1.1117509047684609e+03 1.5381572425452331e+01
122 1.1098066298855124e+03 1.5354672510373522e+01
123 1.1077358792250604e+03 1.5326022746184279e+01
124 1.1056996160741451e+03 1.5297850132158292e+01
125 1.1037252332615064e+03 1.5270533660367793e+01
126 1.1016029635318489e+03 1.5241171106748039e+01
127 1.0997191401743933e+03 1.5215107565638984e+01
128 1.0975164815422031e+03 1.5184632795495544e+01
129 1.0957177605412205e+03 1.5159746683659584e+01
130 1.0934399909856445e+03 1.5128232720201305e+01
131 1.0917212434657577e+03 1.5104453077347124e+01
132 1.0893733238500924e+03 1.5071968556342830e+01
133 1.0877297275763331e+03 1.5049228664686705e+01
134 1.0853163221756440e+03 1.5015838118474010e+01
135 1.0837433411659749e+03 1.4994075220669915e+01
136 1.0812688376688557e+03 1.4959839354888540e+01
137 1.0797622035129984e+03 1.4938994395565746e+01
138 1.0772307304159146e+03 1.4903970329816065e+01
139 1.0757864254711610e+03 1.4883987723085653e+01
140 1.0732018690378832e+03 1.4848229225570051e+01
141 1.0718161096208958e+03 1.4829056622475941e+01
142 1.0691821292833909e+03 1.4792614323077059e+01
143 1.0678513515690279e+03 1.4774202416499916e+01
144 1.0651713940611166e+03 1.4737124002326143e+01
145 1.0638922397475037e+03 1.4719426328653222e+01
146 1.0611695529623903e+03 1.4681756735763827e+01
147 1.0599388563566849e+03 1.4664729496214733e+01
148 1.0571765012086680e+03 1.4626511073731962e+01
149 1.0559912776341641e+03 1.4610112973965736e+01
150 1.0531921400313502e+03 1.4571385649722670e+01
151 1.0520495743105605e+03 1.4555577740496075e+01
152 1.0492163758003080e+03 1.4516379168321125e+01
153 1.0481138117900348e+03 1.4501124700701649e+01
154 1.0452491196647875e+03 1.4461490400237290e+01
155 1.0441840510106329e+03 1.4446754697687654e+01
156 1.0412902872575569e+03 1.4406718178212675e+01
157 1.0402603481829899e+03 1.4392468509153440e+01
158 1.0373397988383056e+03 1.4352061399004315e+01
159 1.0363427553340568e+03 1.4338266854915211e+01
160 1.0333975781013462e+03 1.4297519006888798e+01
161 1.0324313207348901e+03 1.4284150402824682e+01
162 1.0294635529028835e+03 1.4243090003724362e+01
163 1.0285260887834870e+03 1.4230119767148064e+01
164 1.0255376543594411e+03 1.4188773436477211e+01
165 1.0246271007421412e+03 1.4176175518767693e+01
166 1.0216198166695528e+03 1.4134568394754547e+01
167 1.0207343943733611e+03 1.4122318180144809e+01
168 1.0177099774274315e+03 1.4080474015144313e+01
169 1.0168480047076467e+03 1.4068548235942098e+01
170 1.0138080767360510e+03 1.4026489468944291e+01
171 1.0129679638436920e+03 1.4014866130259383e+01
172 1.0099140573893413e+03 1.3972613964682838e+01
173 1.0090943013392761e+03 1.3961272272041798e+01
174 1.0060278648013272e+03 1.3918846747138502e+01
175 1.0052270441543855e+03 1.3907767034292849e+01
176 1.0021494466785215e+03 1.3865187092807441e+01
177 1.0013662172143187e+03 1.3854350761865220e+01
178 9.9827875258307142e+02 1.3811634303859330e+01
179 9.9751184302573495e+02 1.3801023766148637e+01
180 9.9441573467100716e+02 1.3758187718351390e+01
181 9.9366394212988928e+02 1.3747786331340578e+01
182 9.9056034660855676e+02 1.3704846695235107e+01
183 9.8982253330574702e+02 1.3694638717256447e+01
184 9.8671254400335420e+02 1.3651610620322179e+01
185 9.8598763320090268e+02 1.3641581154223186e+01
186 9.8287228417902395e+02 1.3598478903165814e+01
187 9.8215925727108856e+02 1.3588613856077782e+01
188 9.7903952593134704e+02 1.3545450973687160e+01
189 9.7833741900770394e+02 1.3535737009479794e+01
190 9.7521422962208123e+02 1.3492526283473357e+01
191 9.7452213053042078e+02 1.3482950782110322e+01
192 9.7139635705629314e+02 1.3439704304080367e+01
193 9.7071340264508638e+02 1.3430255323473109e+01
194 9.6758587122096060e+02 1.3386984523416428e+01
195 9.6691124481739121e+02 1.3377650764530227e+01
196 9.6378273645924833e+02 1.3334366448153233e+01
197 9.6311566502137327e+02 1.3325137215606071e+01
198 9.5998691833164912e+02 1.3281849601804751e+01
199 9.5932667049382133e+02 1.3272714776824859e+01
200 9.5619838332311315e+02 1.3229433520675233e+01
201 9.5554426703311685e+02 1.3220383528409798e+01
202 9.5241709908946405e+02 1.3177117757268494e+01
203 9.5176845945014168e+02 1.3168143536921596e+01
204 9.4864303432022984e+02 1.3124901878390110e+01
205 9.4799925168001755e+02 1.3115994856804429e+01
206 9.4487615845467951e+02 1.3072785461218659e+01
207 9.4423664670711821e+02 1.3063937529348443e+01
208 9.4111644193031236e+02 1.3020768096743685e+01
209 9.4048064648186926e+02 1.3011971581538656e+01
210 9.3736385591217686e+02 1.2968849386020700e+01
211 9.3673125252379259e+02 1.2960097034398332e+01
212 9.3361837237517454e+02 1.2917028941309896e+01
213 9.3298846505224822e+02 1.2908313890962415e+01
214 9.2987996415178804e+02 1.2865306386736485e+01
215 9.2925228388178220e+02 1.2856622148665068e+01
216 9.2614860447874116e+02 1.2813681352018536e+01
217 9.2552270815861129e+02 1.2805021795693815e+01
218 9.2242426760132628e+02 1.2762153480828118e+01
219 9.2179973606244198e+02 1.2753512806864080e+01
220 9.1870692806401541e+02 1.2710722420976584e+01
221 9.1808336550636511e+02 1.2702095153302539e+01
222 9.1499656116579035e+02 1.2659387830714266e+01
223 9.1437359359068557e+02 1.2650768794890608e+01
224 9.1129314270343218e+02 1.2608149375178776e+01
225 9.1067041698795992e+02 1.2599533685591616e+01
226 9.0759664895960668e+02 1.2557006726230156e+01
227 9.0697383169769648e+02 1.2548389770056968e+01
228 9.0390705672407182e+02 1.2505959562744298e+01
229 9.0328383340574442e+02 1.2497336988598446e+01
230 9.0022434340212681e+02 1.2455007572113383e+01
231 8.9960041708085612e+02 1.2446375271606490e+01
232 8.9654848648692632e+02 1.2404150442945108e+01
233 8.9592357756933893e+02 1.2395504547777445e+01
234 8.9287946419250045e+02 1.2353387873820809e+01
235 8.9225330891405122e+02 1.2344724734691587e+01
236 8.8921725518884841e+02 1.2302719569630357e+01
237 8.8858960491923040e+02 1.2294035746627763e+01
238 8.8556183822372986e+02 1.2252145236339476e+01
239 8.8493245909305142e+02 1.2243437493768658e+01
240 8.8191319253539484e+02 1.2201664586700044e+01
241 8.8128186447124176e+02 1.2192929879760440e+01
242 8.7827129783135877e+02 1.2151277339956431e+01
243 8.7763781374525695e+02 1.2142512803486119e+01
244 8.7463613380896038e+02 1.2100983215212217e+01
245 8.7400029932515940e+02 1.2092186159935503e+01
246 8.7100768085998129e+02 1.2050781941178901e+01
247 8.7036931317539961e+02 1.2041949837933160e+01
248 8.6738591940184756e+02 1.2000673246922792e+01
249 8.6674484724934837e+02 1.1991803726150366e+01
250 8.6377083001806545e+02 1.1950656863807989e+01
251 8.6312689282984309e+02 1.1941747703981267e+01
252 8.6016239401544863e+02 1.1900732533205874e+01
253 8.5951544118014738e+02 1.1891781650549197e+01
254 8.5656059241244907e+02 1.1850899992498217e+01
255 8.5591048331163029e+02 1.1841905441492413e+01
256 8.5296540675197684e+02 1.1801158986322902e+01
257 8.5231200980531628e+02 1.1792118946495165e+01
258 8.4937681873106294e+02 1.1751509261450140e+01
259 8.4872001123327436e+02 1.1742422035117800e+01
260 8.4579481023285848e+02 1.1701950567225202e+01
261 8.4513447784084372e+02 1.1692814572400209e+01
262 8.4221936322766135e+02 1.1652482654199074e+01
263 8.4155539961946363e+02 1.1643296419869465e+01
264 8.3865046014584311e+02 1.1603105279288064e+01
265 8.3798276641805683e+02 1.1593867437080862e+01
266 8.3508808331717137e+02 1.1553818198016581e+01
267 8.3441656792319179e+02 1.1544527481343447e+01
268 8.3153221536716069e+02 1.1504621170000826e+01
269 8.3085679340868535e+02 1.1495276404255668e+01
270 8.2798283914257661e+02 1.1455513957918109e+01
271 8.2730343237653096e+02 1.1446114060572894e+01
272 8.2443993739894040e+02 1.1406496323183328e+01
273 8.2375647377130065e+02 1.1397040297338320e+01
274 8.2090349337025168e+02 1.1357568033831351e+01
275 8.2021590649371785e+02 1.1348054960988476e+01
276 8.1737349013363792e+02 1.1308728855726644e+01
277 8.1668171944260314e+02 1.1299157897933565e+01
278 8.1384991106281473e+02 1.1259978558837107e+01
279 8.1315390119740630e+02 1.1250348950165154e+01
280 8.1033273950934631e+02 1.1211316912824161e+01
281 8.0963244025327845e+02 1.1201627958508498e+01
282 8.0682195906079176e+02 1.1162743690614326e+01
283 8.0611732500929907e+02 1.1152994762459658e+01
284 8.0331755331851355e+02 1.1114258665325096e+01
285 8.0260854365268608e+02 1.1104449198583493e+01
286 7.9981950615205926e+02 1.1065861613784426e+01
287 7.9910608422970847e+02 1.1055991101494778e+01
288 7.9632780127172737e+02 1.1017552310616990e+01
289 7.9560993485169149e+02 1.1007620306708361e+01
290 7.9284242268448008e+02 1.0969330534551936e+01
291 7.9212008323855980e+02 1.0959336644323894e+01
292 7.8936335448795239e+02 1.0921196065572914e+01
293 7.8863651723869657e+02 1.0911139946218306e+01
294 7.8589058052159794e+02 1.0873148680091512e+01
295 7.8515922454770737e+02 1.0863030042154783e+01
296 7.8242408522019605e+02 1.0825188162755925e+01
297 7.8168819265189654e+02 1.0815006759000729e+01
298 7.7896385265585980e+02 1.0777314293196691e+01
299 7.7822340903199768e+02 1.0767069923546483e+01
300 7.7550986720850960e+02 1.0729526855303002e+01
301 7.7476486104710739e+02 1.0719219360899475e+01
302 7.7206211320892908e+02 1.0681825632284221e+01
303 7.7131253598660646e+02 1.0671454895202585e+01
304 7.6862057518609845e+02 1.0634210410091852e+01
305 7.6786642094091576e+02 1.0623776347845997e+01
306 7.6518523750017039e+02 1.0586680972341592e+01
307 7.6442650311552120e+02 1.0576183541811870e+01
308 7.6175608487591228e+02 1.0539237107693745e+01
309 7.6099276934572606e+02 1.0528676294960720e+01
310 7.5833310178132160e+02 1.0491878601256090e+01
311 7.5756520684345628e+02 1.0481254430363805e+01
312 7.5491627275224187e+02 1.0444605239075086e+01
313 7.5414380217630833e+02 1.0433917762177799e+01
314 7.5150558279832910e+02 1.0397416813752601e+01
315 7.5072854235886280e+02 1.0386666110743599e+01
316 7.4810101621180468e+02 1.0350313107964473e+01
317 7.4731941401594679e+02 1.0339499291009689e+01
318 7.4470255811282868e+02 1.0303293915841438e+01
319 7.4391640374291751e+02 1.0292417117516823e+01
320 7.4131019305114046e+02 1.0256359023622215e+01
321 7.4051949826548559e+02 1.0245419406609257e+01
322 7.3792390604416914e+02 1.0209508224016215e+01
323 7.3712868386849266e+02 1.0198505968531618e+01
324 7.3454368180199413e+02 1.0162741305480527e+01
325 7.3374394726759601e+02 1.0151676619489070e+01
326 7.3116950527564029e+02 1.0116058059805829e+01
327 7.3036527465502479e+02 1.0104931168444908e+01
328 7.2780136136058832e+02 1.0069458278014324e+01
329 7.2699265252744090e+02 1.0058269428574395e+01
330 7.2443923489348219e+02 1.0022941750314180e+01
331 7.2362606703561676e+02 1.0011691208267251e+01
332 7.2108311097037677e+02 9.9765082705026291e+00
333 7.2026550458657641e+02 9.9651963194585633e+00
334 7.1773297436851885e+02 9.9301576279660537e+00
335 7.1691095113076119e+02 9.9187845677663802e+00
336 7.1438881029673951e+02 9.8838896180619997e+00
337 7.1356239292280566e+02 9.8724557630174079e+00
338 7.1105060356844695e+02 9.8377040306771537e+00
339 7.1021981597296644e+02 9.8262097116572722e+00
340 7.0771833938598297e+02 9.7916006610792810e+00
341 7.0688320629336226e+02 9.7800462201573612e+00
342 7.0439200252633304e+02 9.7455792986511458e+00
343 7.0355254992794528e+02 9.7339650954294932e+00
344 7.0107157832272242e+02 9.6996397404713406e+00
345 7.0022783261026586e+02 9.6879661400909391e+00
346 6.9775705161196424e+02 9.6537817767503746e+00
347 6.9690904045544301e+02 9.6420491620381430e+00
348 6.9444840746911041e+02 9.6080052009948957e+00
349 6.9359615906034799e+02 9.5962139619973570e+00
350 6.9114563108497055e+02 9.5623098083131151e+00
351 6.9028917439973827e+02 9.5504603459230601e+00
352 6.8784870735985771e+02 9.5166953897940871e+00
353 6.8698807203302749e+02 9.5047881140232633e+00
354 6.8455762145462040e+02 9.4711617401314996e+00
355 6.8369283784425920e+02 9.4591970709973783e+00
356 6.8127235837564945e+02 9.4257086518820401e+00
357 6.8040345729443607e+02 9.4136870156918544e+00
358 6.7799290332481019e+02 9.3803359203068819e+00
359 6.7711991611934695e+02 9.3682577507549318e+00
360 6.7471924113733837e+02 9.3350433355947064e+00
361 6.7384219985850837e+02 9.3229090761193394e+00
362 6.7145135713518539e+02 9.2898306946681295e+00
363 6.7057029403872548e+02 9.2776407915419306e+00
364 6.6818923610240586e+02 9.2446977870077216e+00
365 6.6730418422601690e+02 9.2324526973221026e+00
366 6.6493286331324839e+02 9.1996444088761073e+00
367 6.6404385568533075e+02 9.1873445895937991e+00
368 6.6168222374503625e+02 9.1546703524278161e+00
369 6.6078929408025942e+02 9.1423162700063951e+00
370 6.5843730240156162e+02 9.1097754101835857e+00
371 6.5754048451889560e+02 9.0973675325236698e+00
372 6.5519808441063719e+02 9.0649593763800347e+00
373 6.5429741253282623e+02 9.0524981769686406e+00
374 6.5196455475650760e+02 9.0202220432674505e+00
375 6.5106006326670934e+02 9.0077079978109875e+00
376 6.4873669848717441e+02 8.9755632039782327e+00
377 6.4782842214648122e+02 8.9629967934120032e+00
378 6.4551450051112124e+02 8.9309826497144780e+00
379 6.4460247421715508e+02 8.9183643568627371e+00
380 6.4229794603119990e+02 8.8864801757510072e+00
381 6.4138220481095323e+02 8.8738104852279047e+00
382 6.3908701979160912e+02 8.8420555710169673e+00
383 6.3816759899455587e+02 8.8293349718983301e+00
384 6.3588170697950659e+02 8.7977086305700389e+00
385 6.3495864190118539e+02 8.7849376111854767e+00
386 6.3268199236930820e+02 8.7534391437574381e+00
387 6.3175531872095848e+02 8.7406181981879651e+00
388 6.2948786104095632e+02 8.7092469041534741e+00
389 6.2855761424905120e+02 8.6963765225402359e+00
390 6.2629929790362485e+02 8.6651317029698021e+00
391 6.2536551372955921e+02 8.6522123800877360e+00
392 6.2311628782890284e+02 8.6210933308980664e+00
393 6.2217900199816017e+02 8.6081255610252629e+00
394 6.1993881576258173e+02 8.5771315796565428e+00
395 6.1899806409376140e+02 8.5641158583593899e+00
396 6.1676686648655073e+02 8.5332462386958419e+00
397 6.1582268482260906e+02 8.5201830618777148e+00
398 6.1360042501016301e+02 8.4894371006136407e+00
399 6.1265284917973747e+02 8.4763269639798100e+00
400 6.1043947597717272e+02 8.4457039529493905e+00
401 6.0948854185744528e+02 8.4325473528767620e+00
402 6.0728400446934324e+02 8.4020465893025946e+00
403 6.0632974771238275e+02 8.3888440190535309e+00
404 6.0413399501962783e+02 8.3584647956797262e+00
405 6.0317645159843210e+02 8.3452167529567873e+00
406 6.0098943263497335e+02 8.3149583646451681e+00
407 6.0002863802512832e+02 8.3016653402689986e+00
408 5.9785030188920405e+02 8.2715270827708611e+00
409 5.9688629199357842e+02 8.2581895734737518e+00
410 5.9471658763922471e+02 8.2281707405452913e+00
411 5.9374939782287049e+02 8.2147892356185999e+00
412 5.9158827462984584e+02 8.1848891269060662e+00
413 5.9061794040869074e+02 8.1714641177285827e+00
414 5.8846534737034403e+02 8.1416820275320845e+00
415 5.8749190419196270e+02 8.1282140045369022e+00
416 5.8534779073188895e+02 8.0985492331091873e+00
417 5.8437127383978486e+02 8.0850386839059869e+00
418 5.8223558916585387e+02 8.0554905285151541e+00
419 5.8125603374113825e+02 8.0419379398503885e+00
420 5.7912872749956523e+02 8.0125057038292393e+00
421 5.7814616845544163e+02 7.9989115587427388e+00
422 5.7602719012590057e+02 7.9695945431199018e+00
423 5.7504166241498410e+02 7.9559593251967744e+00
424 5.7293096180140901e+02 7.9267568354871631e+00
425 5.7194249998150235e+02 7.9130810228501094e+00
426 5.6984002684662016e+02 7.8839923639985177e+00
427 5.6884866568060863e+02 7.8702764376076475e+00
428 5.6675436994443635e+02 7.8413009167350483e+00
429 5.6576014365939523e+02 7.8275453501373011e+00
430 5.6367397543380878e+02 7.7986822770191209e+00
431 5.6267691846803916e+02 7.7848875466838381e+00
432 5.6059882782429327e+02 7.7561362305334907e+00
433 5.5959897410959957e+02 7.7423028059224075e+00
434 5.5752891157917998e+02 7.7136625623208106e+00
435 5.5652629506164851e+02 7.6997909130932554e+00
436 5.5446421094541438e+02 7.6712610544305040e+00
437 5.5345886535547379e+02 7.6573516472620877e+00
438 5.5140471043148489e+02 7.6289314925305609e+00
439 5.5039666927427447e+02 7.6149847909799124e+00
440 5.4835039423385535e+02 7.5866736579719687e+00
441 5.4733969080307634e+02 7.5726901226723786e+00
442 5.4530124683611541e+02 7.5444873360782303e+00
443 5.4428791409902726e+02 7.5304674231465212e+00
444 5.4225725228226975e+02 7.5023723060909955e+00
445 5.4124132322772141e+02 7.4883164719426878e+00
446 5.3921839499999271e+02 7.4603283525601531e+00
447 5.3819990213852952e+02 7.4462370469932235e+00
448 5.3618465897433418e+02 7.4183552539116846e+00
449 5.3516363495241012e+02 7.4042289286044678e+00
450 5.3315602852990742e+02 7.3764527932695838e+00
451 5.3213250538150021e+02 7.3622918914265298e+00
452 5.3013248771591464e+02 7.3346207499474092e+00
453 5.2910649755280008e+02 7.3204257158493391e+00
454 5.2711402066219796e+02 7.2928589043744081e+00
455 5.2608559507447853e+02 7.2786301750845590e+00
456 5.2410061143531732e+02 7.2511670361042899e+00
457 5.2306978198920945e+02 7.2369050483554256e+00
458 5.2109224398922458e+02 7.2095449231327828e+00
459 5.2005904192538208e+02 7.1952501091533598e+00
460 5.1808890236706202e+02 7.1679923446896021e+00
461 5.1705335874297270e+02 7.1536651341738953e+00
462 5.1509057042480561e+02 7.1265090774149336e+00
463 5.1405271604146139e+02 7.1121498965084813e+00
464 5.1209723220833382e+02 7.0850949005763511e+00
465 5.1105709750975325e+02 7.0707041704858051e+00
466 5.0910887144322845e+02 7.0437495890099786e+00
467 5.0806648679426365e+02 7.0293277298466883e+00
468 5.0612547205686747e+02 7.0024729203438820e+00
469 5.0508086742024955e+02 6.9880203466556701e+00
470 5.0314701773775568e+02 6.9612646689012072e+00
471 5.0210022304849207e+02 6.9467817948523303e+00
472 5.0017349229788204e+02 6.9201246107135628e+00
473 4.9912453696274133e+02 6.9056118431598525e+00
474 4.9720487948304515e+02 6.8790525208967797e+00
475 4.9615379280053520e+02 6.8645102651962349e+00
476 4.9424116285611791e+02 6.8380481720358341e+00
477 4.9318797383155714e+02 6.8234768294900441e+00
478 4.9128232618310705e+02 6.7971113395261451e+00
479 4.9022706351044889e+02 6.7825113071288268e+00
480 4.8832835285441092e+02 6.7562417935664261e+00
481 4.8727104513254034e+02 6.7416134669959797e+00
482 4.8537922662432800e+02 6.7154393093901090e+00
483 4.8431990193383257e+02 6.7007830771540586e+00
484 4.8243493076972817e+02 6.6747036556251871e+00
485 4.8137361725393066e+02 6.6600199070990271e+00
486 4.7949544894063882e+02 6.6340346060624569e+00
487 4.7843217406642862e+02 6.6193237212629219e+00
488 4.7656076444538837e+02 6.5934319297651545e+00
489 4.7549555577743797e+02 6.5786942900618515e+00
490 4.7363086062779405e+02 6.5528953962875205e+00
491 4.7256374523916247e+02 6.5381313762483648e+00
492 4.7070572087754044e+02 6.5124247758183911e+00
493 4.6963672571536910e+02 6.4976347482691708e+00
494 4.6778532834075395e+02 6.4720198351768659e+00
495 4.6671448003152904e+02 6.4572041685069594e+00
496 4.6486966643933130e+02 6.4316803449974493e+00
497 4.6379699120349522e+02 6.4168394019784394e+00
498 4.6195871815740975e+02 6.3914060698580490e+00
499 4.6088424215393695e+02 6.3765402124110793e+00
500 4.5905246676100296e+02 6.3511967782364582e+00
501 4.5797621573671461e+02 6.3363063625803484e+00
502 4.5615089517910724e+02 6.3110522339476827e+00
503 4.5507289478138171e+02 6.2961376149254162e+00
504 4.5325398659964287e+02 6.2709722043890599e+00
505 4.5217426198645802e+02 6.2560337300725450e+00
506 4.5036172384933911e+02 6.2309564519606866e+00
507 4.4928030019151703e+02 6.2159944705995356e+00
508 4.4747408998300295e+02 6.1910047422182162e+00
509 4.4639099185309425e+02 6.1760195937846891e+00
510 4.4459106782737979e+02 6.1511168375619683e+00
511 4.4350631979837300e+02 6.1361088620343844e+00
512 4.4171264019070611e+02 6.1112925001361846e+00
513 4.4062626640779735e+02 6.0962620315741605e+00
514 4.3883878989358271e+02 6.0715314922561703e+00
515 4.3775081434583990e+02 6.0564788625592216e+00
516 4.3596949957283431e+02 6.0318335736946089e+00
517 4.3487994591677653e+02 6.0167591101612876e+00
518 4.3310475206387736e+02 5.9921985069717874e+00
519 4.3201364359142138e+02 5.9771025318562092e+00
520 4.3024452980954237e+02 5.9526260491763905e+00
521 4.2915188970223170e+02 5.9375088832056067e+00
522 4.2738881550257730e+02 5.9131159608548236e+00
523 4.2629466656148230e+02 5.8979779194918711e+00
524 4.2453759149936798e+02 5.8736679978997710e+00
525 4.2344195642581866e+02 5.8585093952277321e+00
526 4.2169084041952709e+02 5.8342819198457789e+00
527 4.2059374137909407e+02 5.8191030625352651e+00
528 4.1884854450685378e+02 5.7949574810278435e+00
529 4.1775000369987345e+02 5.7797586762304665e+00
530 4.1601068621590122e+02 5.7556944386968381e+00
531 4.1491072525621979e+02 5.7404759854498550e+00
532 4.1317724778738705e+02 5.7164925471451262e+00
533 4.1207588825560998e+02 5.7012547440258929e+00
534 4.1034821139201642e+02 5.6773515596964170e+00
535 4.0924547452803830e+02 5.6620947005684021e+00
536 4.0752355924056303e+02 5.6382712302287841e+00
537 4.0641946609024512e+02 5.6229956062709174e+00
538 4.0470327336802302e+02 5.5992513101883423e+00
539 4.0359784463596020e+02 5.5839572078579813e+00
540 4.0188733594790409e+02 5.5602915529375743e+00
541 4.0078059203905298e+02 5.5449792545464458e+00
542 3.9907572879778280e+02 5.5213917069144971e+00
543 3.9796768999591905e+02 5.5060614930977350e+00
544 3.9626843397171905e+02 5.4825515238289793e+00
545 3.9515912016010407e+02 5.4672036696804245e+00
546 3.9346543316864160e+02 5.4437707504774915e+00
547 3.9235486417438347e+02 5.4284055303140768e+00
548 3.9066670834715757e+02 5.4050491372492715e+00
549 3.8955490346096281e+02 5.3896668179665745e+00
550 3.8787224110917293e+02 5.3663864295984371e+00
551 3.8675921961427758e+02 5.3509872779886765e+00
552 3.8508201321520130e+02 5.3277823751735109e+00
553 3.8396779387998811e+02 5.3123666509056813e+00
554 3.8229600622912653e+02 5.2892367189025586e+00
555 3.8118060777531667e+02 5.2738046810000698e+00
556 3.7951420163540445e+02 5.2507492046147215e+00
557 3.7839764244490334e+02 5.2353011073994793e+00
558 3.7673658095588166e+02 5.2123195766564594e+00
559 3.7561887921114294e+02 5.1968556716908649e+00
560 3.7396312552981692e+02 5.1739475768480458e+00
561 3.7284429908962198e+02 5.1584681112163508e+00
562 3.7119381681044763e+02 5.1356329485867027e+00
563 3.7007388322461577e+02 5.1201381650985285e+00
564 3.6842863591419280e+02 5.0973754306096168e+00
565 3.6730761260760880e+02 5.0818655703460598e+00
566 3.6566756416383572e+02 5.0591747645091178e+00
567 3.6454546818780148e+02 5.0436500633825876e+00
568 3.6291058250912414e+02 5.0210306867164203e+00
569 3.6178743088533753e+02 5.0054913802297429e+00
570 3.6015767215563801e+02 4.9829429372022940e+00
571 3.5903348138491350e+02 4.9673892536516382e+00
572 3.5740881398339496e+02 4.9449112514332070e+00
573 3.5628360053840026e+02 4.9293434187253187e+00
574 3.5466398895970934e+02 4.9069353660834150e+00
575 3.5353776886589122e+02 4.8913536059375389e+00
576 3.5192317786860673e+02 4.8690150152912937e+00
577 3.5079596711143688e+02 4.8534195488736005e+00
578 3.4918636144244357e+02 4.8311499324803533e+00
579 3.4805817566396985e+02 4.8155409762055905e+00
580 3.4645352041591400e+02 4.7933398511064444e+00
581 3.4532437503411182e+02 4.7777176182892180e+00
582 3.4372463533214273e+02 4.7555845019749707e+00
583 3.4259454549125064e+02 4.7399492021426139e+00
584 3.4099968684098377e+02 4.7178836173679848e+00
585 3.3986866738004949e+02 4.7022354558253774e+00
586 3.3827865522766353e+02 4.6802369245227498e+00
587 3.3714672088737854e+02 4.6645761052139703e+00
588 3.3556152101768993e+02 4.6426441540009327e+00
589 3.3442868614173477e+02 4.6269708753772365e+00
590 3.3284826433885104e+02 4.6051050308615684e+00
591 3.3171454323794029e+02 4.5894194909181092e+00
592 3.3013886555134513e+02 4.5676192833791909e+00
593 3.2900427204030836e+02 4.5519216732503338e+00
594 3.2743330468237838e+02 4.5301866352212397e+00
595 3.2629785255413663e+02 4.5144771457382324e+00
596 3.2473156185139720e+02 4.4928068113313389e+00
597 3.2359526447093282e+02 4.4770856274047066e+00
598 3.2203361696001792e+02 4.4554795336393340e+00
599 3.2089648764717845e+02 4.4397468395551423e+00
600 3.1933944989366921e+02 4.4182045238511103e+00
601 3.1820150162010316e+02 4.4024604990779350e+00
602 3.1664904046747347e+02 4.3809815026998313e+00
603 3.1551028602969461e+02 4.3652263242831806e+00
604 3.1396236836331315e+02 4.3438101890752288e+00
605 3.1282282025223554e+02 4.3280440298325003e+00
606 3.1127941325179063e+02 4.3066903017109670e+00
607 3.1013908376424615e+02 4.2909133317743455e+00
608 3.0860015458857384e+02 4.2696215563669977e+00
609 3.0745905582850764e+02 4.2538339431999930e+00
610 3.0592457186860952e+02 4.2326036693467115e+00
611 3.0478271566414509e+02 4.2168055765967178e+00
612 3.0325264440531981e+02 4.1956363544420254e+00
613 3.0211004241038995e+02 4.1798279433464298e+00
614 3.0058435149621226e+02 4.1587193252246699e+00
615 2.9944101505313910e+02 4.1429007527095871e+00
616 2.9791967231148436e+02 4.1218522935049844e+00
617 2.9677561256627780e+02 4.1060237137804609e+00
618 2.9525858591027901e+02 4.0850349695568191e+00
619 2.9411381378655062e+02 4.0691965337559202e+00
620 2.9260107129417440e+02 4.0482670628575894e+00
621 2.9145559747469696e+02 4.0324189187812678e+00
622 2.8994710732884852e+02 4.0115482810044707e+00
623 2.8880094231047082e+02 3.9956905738813373e+00
624 2.8729667280769564e+02 3.9748783305945605e+00
625 2.8614982682736087e+02 3.9590112020573165e+00
626 2.8464974645985563e+02 3.9382569173359685e+00
627 2.8350222952029441e+02 3.9223805057768790e+00
628 2.8200630683656829e+02 3.9016837444754771e+00
629 2.8085812873958190e+02 3.8857981855068586e+00
630 2.7936633247349175e+02 3.8651585150442891e+00
631 2.7821750279011695e+02 3.8492639410857281e+00
632 2.7672980171775271e+02 3.8286809294651896e+00
633 2.7558032984125992e+02 3.8127774704767963e+00
634 2.7409669290626772e+02 3.7922506880197031e+00
635 2.7294658794375391e+02 3.7763384700022482e+00
636 2.7146698420962468e+02 3.7558674886881218e+00
637 2.7031625510260517e+02 3.7399466353514805e+00
638 2.6884065372369599e+02 3.7195310284170158e+00
639 2.6768930914264098e+02 3.7036016597210324e+00
640 2.6621767944906708e+02 3.6832410028346163e+00
641 2.6506572786666794e+02 3.6673032360027764e+00
642 2.6359803921343109e+02 3.6469971051771140e+00
643 2.6244548892390191e+02 3.6310510549635895e+00
644 2.6098171084277294e+02 3.6107990286570635e+00
645 2.5982856986191257e+02 3.5948448059640268e+00
646 2.5836867193521084e+02 3.5746464633343824e+00
647 2.5721494814005962e+02 3.5586841771442201e+00
648 2.5575890009936987e+02 3.5385390994143560e+00
649 2.5460460106026238e+02 3.5225688544660421e+00
650 2.5315237275049751e+02 3.5024766244268024e+00
651 2.5199750587423270e+02 3.4864985231967229e+00
652 2.5054906722025075e+02 3.4664587247450291e+00
653 2.4939363967439593e+02 3.4504728663996924e+00
654 2.4794896071165431e+02 3.4304850849626578e+00
655 2.4679297949480417e+02 3.4144915663307609e+00
656 2.4535203033310884e+02 3.3945553883641439e+00
657 2.4419550217000852e+02 3.3785543024855516e+00
658 2.4275825306957617e+02 3.3586693165261106e+00
659 2.4160118452495996e+02 3.3426607542268663e+00
660 2.4016760577096548e+02 3.3228265491566686e+00
661 2.3901000314642826e+02 3.3068105976221642e+00
662 2.3758006522213731e+02 3.2870267650639500e+00
663 2.3642193463612747e+02 3.2710035089456637e+00
664 2.3499560798054540e+02 3.2512696399098133e+00
665 2.3383695536096710e+02 3.2352391612229572e+00
666 2.3241421062350619e+02 3.2155548496309252e+00
667 2.3125504164405154e+02 3.1995172268735748e+00
668 2.2983584944873826e+02 3.1798820662955904e+00
669 2.2867616966372699e+02 3.1638373763142509e+00
670 2.2726050079591326e+02 3.1442509625525550e+00
671 2.2610031540679066e+02 3.1281992773115546e+00
672 2.2468814073852261e+02 3.1086612073678399e+00
673 2.2352745487718622e+02 3.0926025978692828e+00
674 2.2211874531320836e+02 3.0731124691976399e+00
675 2.2095756378172737e+02 3.0570470018803073e+00
676 2.1955229038057598e+02 3.0376044140626042e+00
677 2.1839061787032765e+02 3.0215321538338049e+00
678 2.1698875167236025e+02 3.0021367062003983e+00
679 2.1582659261202343e+02 2.9860577143328908e+00
680 2.1442810482445233e+02 2.9667090085226486e+00
681 2.1326546346719121e+02 2.9506233438608667e+00
682 2.1187032529132563e+02 2.9313209814309849e+00
683 2.1070720564704698e+02 2.9152286994537873e+00
684 2.0931538844718582e+02 2.8959722842164970e+00
685 2.0815179435413833e+02 2.8798734380277762e+00
686 2.0676326944740640e+02 2.8606625731426338e+00
687 2.0559920454539315e+02 2.8445572131006984e+00
688 2.0421394342949739e+02 2.8253915042256952e+00
689 2.0304941108770231e+02 2.8092796769447155e+00
690 2.0166738525308523e+02 2.7901587296373362e+00
691 2.0050238874074421e+02 2.7740404803486567e+00
692 1.9912356975941140e+02 2.7549639012948481e+00
693 1.9795811203188160e+02 2.7388392708871612e+00
694 1.9658247157516027e+02 2.7198066681470285e+00
695 1.9541655545225814e+02 2.7036756956337595e+00
696 1.9404406522572532e+02 2.6846866777412699e+00
697 1.9287769333553391e+02 2.6685493994831266e+00
698 1.9150832525559386e+02 2.6496035778891365e+00
699 1.9034150044230611e+02 2.6334600332368043e+00
700 1.8897522750908249e+02 2.6145570343859141e+00
701 1.8780795528112964e+02 2.5984072995510097e+00
702 1.8644475834170260e+02 2.5795468584539827e+00
703 1.8527706406172771e+02 2.5633912843400486e+00
704 1.8391697428825560e+02 2.5445738322776776e+00
705 1.8274900619038931e+02 2.5284144697703992e+00
706 1.8139234607565172e+02 2.5096444685749382e+00
707 1.8022492187704421e+02 2.4934926311578627e+00
708 1.7887350100021942e+02 2.4747951171689011e+00
709 1.7771064023493568e+02 2.4587064168987145e+00
710 1.7637290606448067e+02 2.4401982646313307e+00
711 1.7523193115527656e+02 2.4244123649965541e+00
712 1.7394189866264716e+02 2.4065641868377079e+00
713 1.7288744054496237e+02 2.3919752858193162e+00
714 1.7176261176756773e+02 2.3764127751602113e+00
715 1.7100033067236885e+02 2.3658662742992145e+00
716 1.7038368986980876e+02 2.3573347722114852e+00
717 1.7046154954701962e+02 2.3584119957684027e+00
718 1.7118245450390285e+02 2.3683860391972016e+00
719 1.7329606918082001e+02 2.3976288462802064e+00
720 1.7697318182935226e+02 2.4485033490823653e+00
721 1.8318501404442134e+02 2.5344468339952400e+00
722 1.9222031551581298e+02 2.6594542824910437e+00
723 2.0500909445235823e+02 2.8363927752791724e+00
724 2.2133038988570362e+02 3.0622052182539692e+00
725 2.4098495920350518e+02 3.3341350005065866e+00
726 2.6149492964898417e+02 3.6178996410370337e+00
727 2.7961444570709796e+02 3.8685912729184295e+00
728 2.8993145354031162e+02 4.0113317038188079e+00
729 2.8919292285334984e+02 4.0011138005086346e+00
730 2.7684028456249069e+02 3.8302095091774420e+00
731 2.5804592577497851e+02 3.5701811254449711e+00
732 2.3927389810285217e+02 3.3104617027101257e+00
733 2.2720072195930621e+02 3.1434238955352609e+00
734 2.2485735948795792e+02 3.1110024246666250e+00
735 2.3276040053654674e+02 3.2203445423557566e+00
736 2.4648145366724518e+02 3.4101814667765846e+00
737 2.5856469445636782e+02 3.5773585228373372e+00
738 2.6024233697159428e+02 3.6005694595150528e+00
739 2.5021722409308504e+02 3.4618675262377963e+00
740 2.3497745503501088e+02 3.2510184857661315e+00
741 2.2477896540925349e+02 3.1099178074253464e+00
742 2.2495805692184931e+02 3.1123956188307260e+00
743 2.3489211901347167e+02 3.2498378236320371e+00
744 2.4612620007571434e+02 3.4052663739944729e+00
745 2.4866702612790274e+02 3.4404198420731440e+00
746 2.3914328964148393e+02 3.3086546760647724e+00
747 2.2642790342517281e+02 3.1327316044802065e+00
748 2.2081328693863102e+02 3.0550508670430130e+00
749 2.2648801622204769e+02 3.1335632919875982e+00
750 2.3708693239840900e+02 3.2802040512608754e+00
751 2.4134343708725993e+02 3.3390947028178202e+00
752 2.3346302929030625e+02 3.2300657263168420e+00
753 2.2206205070657202e+02 3.0723280738853727e+00
754 2.1825006920002829e+02 3.0195875999393684e+00
755 2.2526678055991133e+02 3.1166669488363343e+00
756 2.3415178641870261e+02 3.2395949901191337e+00
757 2.3355674929391671e+02 3.2313623846033921e+00
758 2.2322789020856661e+02 3.0884579863140180e+00
759 2.1572056360241677e+02 2.9845907554273761e+00
760 2.1873649434101014e+02 3.0263175099430231e+00
761 2.2783921103501410e+02 3.1522576782816816e+00
762 2.2979596556433395e+02 3.1793302548655826e+00
763 2.2130581276259048e+02 3.0618651827320256e+00
764 2.1321713975186347e+02 2.9499547635844823e+00
765 2.1561186150381343e+02 2.9830868131366217e+00
766 2.2389458152337087e+02 3.0976819596879976e+00
767 2.2537816575367174e+02 3.1182080129520462e+00
768 2.1668758159352836e+02 2.9979698830747661e+00
769 2.1036954827647116e+02 2.9105570582810900e+00
770 2.1427307728176604e+02 2.9645641329344739e+00
771 2.2175006115648941e+02 3.0680115585220866e+00
772 2.1975400321739892e+02 3.0403952016350968e+00
773 2.1091216133098297e+02 2.9180643532706161e+00
774 2.0816624418006245e+02 2.8800733578506734e+00
775 2.1485853400282738e+02 2.9726641892675501e+00
776 2.1880735799670776e+02 3.0272979404043521e+00
777 2.1249541304375836e+02 2.9399693508589455e+00
778 2.0565795191400107e+02 2.8453700092955758e+00
779 2.0880235655274811e+02 2.8888742578447495e+00
780 2.1523449222317041e+02 2.9778657398760062e+00
781 2.1271919328061034e+02 2.9430654508088172e+00
782 2.0467097589489208e+02 2.8317147533789897e+00
783 2.0452582299775636e+02 2.8297064979411206e+00
784 2.1109726592636838e+02 2.9206253583734614e+00
785 2.1144690839185608e+02 2.9254628187099860e+00
786 2.0371755835610841e+02 2.8185237940898209e+00
787 2.0151748077611583e+02 2.7880847339612234e+00
788 2.0744490030873976e+02 2.8700932418437368e+00
789 2.0930222561076673e+02 2.8957901704706601e+00
790 2.0221529242243975e+02 2.7977392710803008e+00
791 1.9914803880744492e+02 2.7553024415495897e+00
792 2.0453374102289752e+02 2.8298160473704512e+00
793 2.0678940181577215e+02 2.8610241261802276e+00
794 2.0008687221260206e+02 2.7682916228085572e+00
795 1.9708162632235599e+02 2.7267126979623120e+00
796 2.0230160909124388e+02 2.7989335009091594e+00
797 2.0409142495595981e+02 2.8236964061906127e+00
798 1.9744099262379180e+02 2.7316846919306488e+00
799 1.9527427121068473e+02 2.7017071293322843e+00
800 2.0058645248917034e+02 2.7752035400135742e+00
801 2.0113790503517720e+02 2.7828331333327458e+00
802 1.9447587329499314e+02 2.6906609360601519e+00
803 1.9386618116149953e+02 2.6822255719256711e+00
804 1.9912921824449577e+02 2.7550420506195277e+00
805 1.9774636983594547e+02 2.7359097226328299e+00
806 1.9151877695205107e+02 2.6497481817975626e+00
807 1.9302883926530470e+02 2.6706405712155807e+00
808 1.9749764928542641e+02 2.7324685622567975e+00
809 1.9382743208764481e+02 2.6816894611086175e+00
810 1.8906495636810422e+02 2.6157984733969157e+00
811 1.9273608972573317e+02 2.6665902500275127e+00
812 1.9509960314123683e+02 2.6992905182469205e+00
813 1.8964585715656818e+02 2.6238354963590171e+00
814 1.8766189944992013e+02 2.5963865516152329e+00
815 1.9249059524155464e+02 2.6631937237263021e+00
816 1.9147549966941051e+02 2.6491494211809017e+00
817 1.8597753774894491e+02 2.5730826519889005e+00
818 1.8752118522354664e+02 2.5944397071782537e+00
819 1.9125910368511433e+02 2.6461554856772267e+00
820 1.8687288076167971e+02 2.5854701241617892e+00
821 1.8385952205764048e+02 2.5437789548978436e+00
822 1.8795278362416354e+02 2.6004110646373069e+00
823 1.8807096737440054e+02 2.6020461898312552e+00
824 1.8260339886064901e+02 2.5263999270536170e+00
825 1.8375403988498803e+02 2.5423195617268655e+00
826 1.8722812235376222e+02 2.5903850509261512e+00
827 1.8326005477578153e+02 2.5354850561719209e+00
828 1.8041173202156256e+02 2.4960772332979584e+00
829 1.8449883380353509e+02 2.5526241196552930e+00
830 1.8385432651857028e+02 2.5437070722844317e+00
831 1.7899595061271430e+02 2.4764892624805714e+00
832 1.8077088144203987e+02 2.5010462266209559e+00
833 1.8342789125664009e+02 2.5378071491649523e+00
834 1.7878967551748372e+02 2.4736353540166811e+00
835 1.7761587325299021e+02 2.4573952731972937e+00
836 1.8142430040802353e+02 2.5100865710959037e+00
837 1.7914833003308624e+02 2.4785975001087546e+00
838 1.7538063992915824e+02 2.4264698175841350e+00
839 1.7865255655508142e+02 2.4717382516693411e+00
840 1.7896051214612353e+02 2.4759989553999340e+00
841 1.7433117028400085e+02 2.4119499343206590e+00
842 1.7555548339012100e+02 2.4288888552897760e+00
843 1.7811079613153044e+02 2.4642427532115918e+00
844 1.7380497447286069e+02 2.4046697792568699e+00
845 1.7295277232808559e+02 2.3928791803423461e+00
846 1.7634168433963998e+02 2.4397662980641575e+00
847 1.7361837351974737e+02 2.4020880713736918e+00
848 1.7079234650795550e+02 2.3629887200966051e+00
849 1.7420285853368472e+02 2.4101746837028641e+00
850 1.7314488368937057e+02 2.3955371271941841e+00
851 1.6932446592259143e+02 2.3426799338038742e+00
852 1.7173563967689660e+02 2.3760396041878789e+00
853 1.7247239790350798e+02 2.3862329847140957e+00
854 1.6813431390206128e+02 2.3262136467763002e+00
855 1.6945412394253495e+02 2.3444738106658116e+00
856 1.7130154095276563e+02 2.3700336536315287e+00
857 1.6730464531808897e+02 2.3147348097825486e+00
858 1.6722740230045170e+02 2.3136661179874243e+00
859 1.6996228612811191e+02 2.3515044624312411e+00
860 1.6642340749890428e+02 2.3025424892890838e+00
861 1.6535885894789470e+02 2.2878139825997419e+00
862 1.6829402631472530e+02 2.3284233396419398e+00
863 1.6564183761294436e+02 2.2917291193562308e+00
864 1.6357642135516051e+02 2.2631531590205607e+00
865 1.6665529781983167e+02 2.3057507958897863e+00
866 1.6465060802845454e+02 2.2780150134547328e+00
867 1.6208749135264361e+02 2.2425531446001430e+00
868 1.6486862365818888e+02 2.2810313574795100e+00
869 1.6368058035832243e+02 2.2645942455481509e+00
870 1.6059411045821261e+02 2.2218915500937180e+00
871 1.6323722591217705e+02 2.2584602379262262e+00
872 1.6248828225187748e+02 2.2480982664593530e+00
873 1.5929449021658976e+02 2.2039107211271167e+00
874 1.6154288028037601e+02 2.2350182061387871e+00
875 1.6133284222626500e+02 2.2321122354509715e+00
876 1.5791387600651885e+02 2.1848093042784953e+00
877 1.6004275074469220e+02 2.2142632411536347e+00
878 1.5999069081012712e+02 2.2135429686082810e+00
879 1.5666492737074665e+02 2.1675295397067718e+00
880 1.5850011888753139e+02 2.1929202374871157e+00
881 1.5871506813401240e+02 2.1958941567242065e+00
882 1.5530103520189314e+02 2.1486594797987957e+00
883 1.5714936442141106e+02 2.1742319435891586e+00
884 1.5728203544051661e+02 2.1760675066459347e+00
885 1.5404669301096149e+02 2.1313050929722483e+00
886 1.5575257001728679e+02 2.1549066664984431e+00
887 1.5592865048099347e+02 2.1573428186918839e+00
888 1.5267704426316655e+02 2.1123553882125967e+00
889 1.5453289826612286e+02 2.1380319607569502e+00
890 1.5442814294371163e+02 2.1365826238850762e+00
891 1.5142260126994012e+02 2.0949996067410876e+00
892 1.5325569143957375e+02 2.1203612314410711e+00
893 1.5300338934457292e+02 2.1168705187906891e+00
894 1.5007509886648330e+02 2.0763563065887403e+00
895 1.5213346126235993e+02 2.1048346735810282e+00
896 1.5143035433119491e+02 2.0951068738210585e+00
897 1.4886723958819366e+02 2.0596450317077579e+00
898 1.5093118518352532e+02 2.0882006447687602e+00
899 1.4992560935598416e+02 2.0742880521598703e+00
900 1.4760286680749954e+02 2.0421518671727874e+00
901 1.4984612523501477e+02 2.0731883536949351e+00
902 1.4827807840591174e+02 2.0514937224921188e+00
903 1.4651143728989646e+02 2.0270514502535995e+00
904 1.4863807189872634e+02 2.0564743939344976e+00
905 1.4670964048489830e+02 2.0297936803573040e+00
906 1.4539955510443070e+02 2.0116680615008162e+00
907 1.4748729445415358e+02 2.0405528718261263e+00
908 1.4503411257770830e+02 2.0066120002302461e+00
909 1.4448076502791795e+02 1.9989561886837564e+00
910 1.4615238077711282e+02 2.0220837423502158e+00
911 1.4348843696830266e+02 1.9852268848861938e+00
912 1.4354621071181180e+02 1.9860262105411257e+00
913 1.4480903271935296e+02 2.0034979194339511e+00
914 1.4191510763623202e+02 1.9634591678854389e+00
915 1.4277345953294440e+02 1.9753348513763873e+00
916 1.4323803333481976e+02 1.9817624383024370e+00
917 1.4056047189498267e+02 1.9447171748051879e+00
918 1.4191836219175894e+02 1.9635041961209323e+00
919 1.4164257367703382e+02 1.9596885383192093e+00
920 1.3927531106756709e+02 1.9269363983196821e+00
921 1.4111185731474561e+02 1.9523458394026667e+00
922 1.3986215059748943e+02 1.9350555864335868e+00
923 1.3828066637769513e+02 1.9131750429034313e+00
924 1.4008226518347576e+02 1.9381009704595635e+00
925 1.3815608594942020e+02 1.9114514167997010e+00
926 1.3738516799944756e+02 1.9007854211789867e+00
927 1.3894962492297876e+02 1.9224303844280224e+00
928 1.3643029185848494e+02 1.8875742814744394e+00
929 1.3673023781316581e+02 1.8917241682933814e+00
930 1.3748424641338025e+02 1.9021562154757741e+00
931 1.3497338052125372e+02 1.8674172596497065e+00
932 1.3603545990593472e+02 1.8821116043153876e+00
933 1.3588660532531659e+02 1.8800521344262087e+00
934 1.3368907178630371e+02 1.8496482722456542e+00
935 1.3535070729839913e+02 1.8726377448553682e+00
936 1.3405859396571680e+02 1.8547607773410622e+00
937 1.3279267664147679e+02 1.8372462433533541e+00
938 1.3435417953718047e+02 1.8588503363024145e+00
939 1.3232506515789058e+02 1.8307766287383316e+00
940 1.3206473157036902e+02 1.8271747967865288e+00
941 1.3312750710904177e+02 1.8418787730549346e+00
942 1.3068293684321813e+02 1.8080570469546040e+00
943 1.3154899559440054e+02 1.8200393582339309e+00
944 1.3149241544901781e+02 1.8192565465444470e+00
945 1.2944969468637541e+02 1.7909945885637579e+00
946 1.3087156304062714e+02 1.8106667750010035e+00
947 1.2974101416342742e+02 1.7950251241954367e+00
948 1.2851177223312834e+02 1.7780180107330590e+00
949 1.2999757170028693e+02 1.7985747127926432e+00
950 1.2792080611906235e+02 1.7698417294766140e+00
951 1.2796161220650959e+02 1.7704062999993606e+00
952 1.2863652358507562e+02 1.7797440016424615e+00
953 1.2643973166945811e+02 1.7493504001542250e+00
954 1.2742232524638236e+02 1.7629450230175112e+00
955 1.2699872973316778e+02 1.7570843890952357e+00
956 1.2529882133583125e+02 1.7335653939515241e+00
957 1.2677557754489013e+02 1.7539969784790908e+00
958 1.2513961739468409e+02 1.7313627360173869e+00
959 1.2465948592353283e+02 1.7247199017587629e+00
960 1.2562954555601173e+02 1.7381411118787489e+00
961 1.2353136033316721e+02 1.7091117782134722e+00
962 1.2416368591024954e+02 1.7178602861918699e+00
963 1.2410776703490642e+02 1.7170866234699860e+00
964 1.2227422543777374e+02 1.6917187530680728e+00
965 1.2363283430263921e+02 1.7105157160956335e+00
966 1.2226322534530627e+02 1.6915665618548710e+00
967 1.2158609719985927e+02 1.6821981902476768e+00
968 1.2259882188225419e+02 1.6962096904699724e+00
969 1.2061847400268464e+02 1.6688106893029495e+00
970 1.2111553317838805e+02 1.6756877259467018e+00
971 1.2112817060130163e+02 1.6758625703610242e+00
972 1.1934837014477600e+02 1.6512382327441335e+00
973 1.2062428295768993e+02 1.6688910588009609e+00
974 1.1929777631016864e+02 1.6505382443492902e+00
975 1.1868899552712635e+02 1.6421154891570748e+00
976 1.1959521798902807e+02 1.6546534833889897e+00
977 1.1768471975348849e+02 1.6282208833770553e+00
978 1.1825473162851375e+02 1.6361072533376850e+00
979 1.1809338156499628e+02 1.6338749028379458e+00
980 1.1650523225026487e+02 1.6119021447298143e+00
981 1.1773487082774402e+02 1.6289147459838380e+00
982 1.1627175662399887e+02 1.6086719047186886e+00
983 1.1595112542477766e+02 1.6042358282634976e+00
984 1.1660418813644483e+02 1.6132712438001848e+00
985 1.1476720412961672e+02 1.5878557461160980e+00
986 1.1554512906065408e+02 1.5986186864627112e+00
987 1.1500798526880482e+02 1.5911870611752712e+00
988 1.1378003135635535e+02 1.5741977680175627e+00
989 1.1490411877170615e+02 1.5897500216002651e+00
990 1.1323118077134812e+02 1.5666041739958887e+00
991 1.1337115141859587e+02 1.5685407306821431e+00
992 1.1357446242617181e+02 1.5713536296638373e+00
993 1.1194255500975261e+02 1.5487754585918629e+00
994 1.1292328286108251e+02 1.5623442683047102e+00
995 1.1188254254200376e+02 1.5479451591829307e+00
996 1.1122601915304637e+02 1.5388618636237021e+00
997 1.1203643858961188e+02 1.5500743800291850e+00
998 1.1026127745681823e+02 1.5255142295370205e+00
999 1.1091790646664552e+02 1.5345989864083585e+00
1000 1.1046280985422409e+02 1.5283025206492449e+00
1001 1.0931071052010859e+02 1.5123627096061374e+00
1002 1.1027517390548279e+02 1.5257064931373232e+00
1003 1.0878448925407088e+02 1.5050822023624235e+00
1004 1.0885948747561393e+02 1.5061198363967172e+00
1005 1.0903476375610128e+02 1.5085448623546152e+00
1006 1.0749465632119040e+02 1.4872367852022130e+00
1007 1.0847935700419812e+02 1.5008605608232728e+00
1008 1.0730337525816107e+02 1.4845903258991591e+00
1009 1.0694014043410083e+02 1.4795648091851494e+00
1010 1.0745349093418271e+02 1.4866672436088897e+00
1011 1.0586961812865809e+02 1.4647536529237934e+00
1012 1.0658452939138246e+02 1.4746447709055295e+00
1013 1.0588749890054292e+02 1.4650010414229526e+00
1014 1.0505676281622421e+02 1.4535074350830988e+00
1015 1.0586018802074398e+02 1.4646231831510785e+00
1016 1.0426777047365798e+02 1.4425913721338743e+00
1017 1.0476413690161834e+02 1.4494588243018809e+00
1018 1.0438549268646506e+02 1.4442201117504647e+00
1019 1.0332813331352214e+02 1.4295910705642654e+00
1020 1.0416156061609630e+02 1.4411219111157858e+00
1021 1.0277119772632648e+02 1.4218856169109166e+00
1022 1.0292598593785063e+02 1.4240271812451151e+00
1023 1.0290964290064016e+02 1.4238010679949018e+00
1024 1.0161856209253385e+02 1.4059383859212276e+00
1025 1.0250653120301126e+02 1.4182238368489399e+00
1026 1.0123540928530763e+02 1.4006372949762258e+00
1027 1.0120112862822356e+02 1.4001630067094306e+00
1028 1.0134790864752085e+02 1.4021937741122246e+00
1029 1.0002457385112899e+02 1.3838848436436122e+00
1030 1.0080163416455085e+02 1.3946358216177046e+00
1031 9.9759222374719798e+01 1.3802135869483558e+00
1032 9.9476337742179709e+01 1.3762997511738133e+00
1033 9.9824910009040650e+01 1.3811224048323163e+00
1034 9.8415943646234908e+01 1.3616287232337065e+00
1035 9.9176274849624690e+01 1.3721482464669319e+00
1036 9.8223443664426725e+01 1.3589653996426208e+00
1037 9.7860258387087029e+01 1.3539405684297134e+00
1038 9.8239885301334283e+01 1.3591928770638684e+00
1039 9.6890005893075653e+01 1.3405166899839207e+00
1040 9.7528407905125690e+01 1.3493492681655839e+00
1041 9.6735239403876349e+01 1.3383754261878298e+00
1042 9.6238252612751666e+01 1.3314993910171911e+00
1043 9.6710481148217468e+01 1.3380328846158720e+00
1044 9.5331235861220037e+01 1.3189504074319807e+00
1045 9.5970266063142233e+01 1.3277916769022895e+00
1046 9.5188996458052188e+01 1.3169824614899577e+00
1047 9.4711811922544385e+01 1.3103803994077616e+00
1048 9.5136346943898715e+01 1.3162540318465519e+00
1049 9.3840100825483361e+01 1.2983198853879352e+00
1050 9.4397115392135959e+01 1.3060264317574957e+00
1051 9.3690569574630146e+01 1.2962510534625442e+00
1052 9.3173529274028027e+01 1.2890975689936062e+00
1053 9.3623850566550601e+01 1.2953279660600263e+00
1054 9.2313655909752740e+01 1.2772008353164950e+00
1055 9.2910319007858476e+01 1.2854559369024205e+00
1056 9.2141117203906262e+01 1.2748136849316487e+00
1057 9.1722434258050754e+01 1.2690210185822388e+00
1058 9.2072298831638548e+01 1.2738615518839511e+00
1059 9.0852976764726790e+01 1.2569916841809323e+00
1060 9.1406571089382027e+01 1.2646509099683647e+00
1061 9.0641934313798487e+01 1.2540718172126435e+00
1062 9.0258967793540933e+01 1.2487733036314093e+00
1063 9.0578291629220999e+01 1.2531912921256116e+00
1064 8.9364770954627176e+01 1.2364016892874328e+00
1065 8.9978991499541010e+01 1.2448997060250584e+00
1066 8.9100021573096441e+01 1.2327387628448796e+00
1067 8.8878864189990082e+01 1.2296789512530173e+00
1068 8.9043009894500329e+01 1.2319499806998313e+00
1069 8.7948837798927258e+01 1.2168116189842892e+00
1070 8.8526218461226193e+01 1.2247999394220013e+00
1071 8.7613387784191062e+01 1.2121705175697071e+00
1072 8.7487401998064954e+01 1.2104274477097550e+00
1073 8.7556548919011405e+01 1.2113841263757881e+00
1074 8.6519279042951737e+01 1.1970330323897889e+00
1075 8.7133272056955192e+01 1.2055279011352142e+00
1076 8.6096880826920312e+01 1.1911889636110706e+00
1077 8.6173592472316045e+01 1.1922503036328949e+00
1078 8.6025737332538426e+01 1.1902046614560275e+00
1079 8.5172481330104802e+01 1.1783994819481070e+00
1080 8.5700576234989242e+01 1.1857059118256559e+00
1081 8.4647842597483773e+01 1.1711408697640329e+00
1082 8.4842859789778331e+01 1.1738390200912519e+00
1083 8.4539241810668784e+01 1.1696383291673118e+00
1084 8.3826050555787390e+01 1.1597710082655652e+00
1085 8.4306484923233853e+01 1.1664180332302927e+00
1086 8.3190352111549473e+01 1.1509758351572248e+00
1087 8.3573292531014474e+01 1.1562739876222867e+00
1088 8.3015117710013413e+01 1.1485513886134020e+00
1089 8.2567973931135811e+01 1.1423649538734828e+00
1090 8.2856668767653005e+01 1.1463591764261221e+00
1091 8.1820954236209460e+01 1.1320296013305118e+00
1092 8.2266946378776240e+01 1.1382001026655229e+00
1093 8.1546624257537658e+01 1.1282341230292894e+00
1094 8.1311947194264533e+01 1.1249872605982847e+00
1095 8.1429643063249600e+01 1.1266156357362815e+00
1096 8.0468966146401598e+01 1.1133242396955154e+00
1097 8.0990634202891826e+01 1.1205417512428708e+00
1098 8.0067206053337244e+01 1.1077657086049444e+00
1099 8.0129738877246226e+01 1.1086308782718173e+00
1100 7.9945952043557000e+01 1.1060881049930995e+00
1101 7.9222558019355276e+01 1.0960796242015183e+00
1102 7.9647425652177944e+01 1.1019578584691607e+00
1103 7.8675596745304205e+01 1.0885121696443427e+00
1104 7.8923822679661072e+01 1.0919464867839188e+00
1105 7.8495621652334464e+01 1.0860221335081741e+00
1106 7.8003665190692672e+01 1.0792156952022045e+00
1107 7.8303958851829336e+01 1.0833703926959202e+00
1108 7.7314701317436032e+01 1.0696835709920387e+00
1109 7.7747289614060179e+01 1.0756686241063540e+00
1110 7.7023223003651907e+01 1.0656508377829275e+00
1111 7.6877545941981836e+01 1.0636353302936199e+00
1112 7.6882019288497787e+01 1.0636972210491156e+00
1113 7.6075408293225323e+01 1.0525373961371371e+00
1114 7.6497516039929963e+01 1.0583774461424342e+00
1115 7.5633022200913786e+01 1.0464167861248432e+00
1116 7.5744809691552462e+01 1.0479634161983096e+00
1117 7.5469239783665031e+01 1.0441507829202386e+00
1118 7.4888089921296995e+01 1.0361103139089567e+00
1119 7.5227332502333780e+01 1.0408038871794019e+00
1120 7.4284065653032656e+01 1.0277533672321524e+00
1121 7.4642320852094883e+01 1.0327099886007838e+00
1122 7.4023562665703381e+01 1.0241491915580283e+00
1123 7.3810376585563802e+01 1.0211996665181111e+00
1124 7.3859725229761011e+01 1.0218824271451199e+00
1125 7.3071348675631285e+01 1.0109748839051165e+00
1126 7.3459405354030494e+01 1.0163438221073489e+00
1127 7.2657952687328191e+01 1.0052553649848239e+00
1128 7.2737386193871785e+01 1.0063543631764760e+00
1129 7.2483060760302195e+01 1.0028356567294594e+00
1130 7.1931277170886958e+01 9.9520148327624858e-01
1131 7.2236062740857733e+01 9.9941832834345778e-01
1132 7.1348451482512544e+01 9.8713782846050346e-01
1133 7.1687027162400000e+01 9.9182217485442004e-01
1134 7.1072824162895813e+01 9.8332440086540651e-01
1135 7.0909079330087962e+01 9.8105891765839970e-01
1136 7.0901190171753541e+01 9.8094976761428798e-01
1137 7.0191409129884519e+01 9.7112962853916385e-01
1138 7.0540665659293893e+01 9.7596174927693935e-01
1139 6.9753435889344146e+01 9.6507007231043762e-01
1140 6.9888140609304060e+01 9.6693377253071777e-01
1141 6.9551967056940768e+01 9.6228266064853363e-01
1142 6.9121157092453657e+01 9.5632221155697639e-01
1143 6.9332282870257330e+01 9.5924323138996093e-01
1144 6.8514722610225391e+01 9.4793191848891867e-01
1145 6.8865558633346126e+01 9.5278589223064736e-01
1146 6.8187612640418067e+01 9.4340620533672048e-01
1147 6.8160632255883442e+01 9.4303291961506652e-01
1148 6.8008669429062849e+01 9.4093044574552265e-01
1149 6.7444391226723539e+01 9.3312340371824976e-01
1150 6.7720929825769133e+01 9.3694943927298469e-01
1151 6.6943311354302622e+01 9.2619073893199177e-01
1152 6.7174575937784141e+01 9.2939038817446651e-01
1153 6.6688123965072563e+01 9.2266010694179634e-01
1154 6.6459316239811173e+01 9.1949444943478120e-01
1155 6.6498450230518898e+01 9.2003588574914452e-01
1156 6.5810730553180107e+01 9.1052097554756617e-01
1157 6.6144042945063646e+01 9.1513250199118545e-01
1158 6.5396483087320462e+01 9.0478967605336225e-01
1159 6.5548092035401154e+01 9.0688725385181301e-01
1160 6.5181313362925835e+01 9.0181270640544475e-01
1161 6.4849061832754543e+01 8.9721585745944687e-01
1162 6.4965657739390210e+01 8.9882901412496929e-01
1163 6.4267750101064394e+01 8.8917314891348953e-01
1164 6.4557854576226035e+01 8.9318687444904543e-01
1165 6.3917612005423031e+01 8.8432883131148199e-01
1166 6.3938572913505666e+01 8.8461883487648341e-01
1167 6.3720021097771870e+01 8.8159507247790581e-01
1168 6.3269722089019588e+01 8.7536498371744276e-01
1169 6.3475520650023725e+01 8.7821229911656828e-01
1170 6.2747301326588563e+01 8.6813705814578201e-01
1171 6.3031077683547430e+01 8.7206323132762698e-01
1172 6.2441430555320650e+01 8.6390519883187733e-01
1173 6.2407060923719385e+01 8.6342967956272865e-01
1174 6.2248864901265478e+01 8.6124096663579819e-01
1175 6.1771801871571775e+01 8.5464058564103962e-01
1176 6.1980582864871877e+01 8.5752916432870196e-01
1177 6.1295511757046469e+01 8.4805089827431457e-01
1178 6.1516081654397773e+01 8.5110258173724840e-01
1179 6.1017688915262873e+01 8.4420709464527288e-01
1180 6.0899767639781032e+01 8.4257560090729078e-01
1181 6.0824288769854235e+01 8.4153131688702087e-01
1182 6.0296453115304061e+01 8.3422847385412902e-01
1183 6.0540524670130054e+01 8.3760531328951549e-01
1184 5.9853966865399315e+01 8.2810647811660887e-01
1185 6.0069761174413230e+01 8.3109208917288169e-01
1186 5.9592773897096940e+01 8.2449275624624208e-01
1187 5.9467877876523836e+01 8.2276476378151275e-01
1188 5.9397547311880004e+01 8.2179170887402209e-01
1189 5.8891162218952807e+01 8.1478564398248854e-01
1190 5.9107892029493748e+01 8.1778419812199177e-01
1191 5.8470543438649969e+01 8.0896619449521245e-01
1192 5.8642420612811392e+01 8.1134419229247678e-01
1193 5.8217311983875263e+01 8.0546262373550970e-01
1194 5.8059178899687090e+01 8.0327478158771570e-01
1195 5.8021135244379330e+01 8.0274843055266343e-01
1196 5.7503679077929377e+01 7.9558919239319048e-01
1197 5.7734365635502748e+01 7.9878084438796182e-01
1198 5.7095293952781340e+01 7.8993900101219028e-01
1199 5.7283171205059318e+01 7.9253836706677472e-01
1200 5.6843892657236005e+01 7.8646075132631443e-01
1201 5.6720740116856391e+01 7.8475688069207195e-01
1202 5.6648501013964044e+01 7.8375742030186901e-01
1203 5.6180852661420893e+01 7.7728729558829024e-01
1204 5.6372420843234110e+01 7.7993772730850186e-01
1205 5.5776042565687099e+01 7.7168656634275801e-01
1206 5.5943357436014850e+01 7.7400144262013548e-01
1207 5.5520834301787687e+01 7.6815564554214910e-01
1208 5.5404392077904397e+01 7.6654461514643779e-01
1209 5.5326893831278923e+01 7.6547239214378271e-01
1210 5.4876663791517416e+01 7.5924325760024203e-01
1211 5.5067251260661848e+01 7.6188012072079803e-01
1212 5.4469001537891224e+01 7.5360306747097894e-01
1213 5.4666764953611015e+01 7.5633921303106044e-01
1214 5.4205013042381374e+01 7.4995066822780798e-01
1215 5.4154174890931777e+01 7.4924729959986791e-01
1216 5.4011937065666778e+01 7.4727937548883872e-01
1217 5.3636573254938781e+01 7.4208604880401896e-01
1218 5.3772586123462069e+01 7.4396784784642245e-01
1219 5.3220727567695029e+01 7.3633263720010944e-01
1220 5.3406570984789347e+01 7.3890386423268395e-01
1221 5.2942397876492997e+01 7.3248182108202464e-01
1222 5.2925076906377853e+01 7.3224217769143918e-01
1223 5.2747147627041876e+01 7.2978044630451044e-01
1224 5.2418861076093421e+01 7.2523845462448822e-01
1225 5.2528977205987012e+01 7.2676196067238430e-01
1226 5.1992219418404389e+01 7.1933567592710934e-01
1227 5.2201799729049178e+01 7.2223531352875625e-01
1228 5.1694469990909028e+01 7.1521617904699597e-01
1229 5.1756968496469320e+01 7.1608087390412178e-01
1230 5.1492062286551530e+01 7.1241577767049091e-01
1231 5.1265824777560205e+01 7.0928568025840133e-01
1232 5.1293022499924525e+01 7.0966197294641253e-01
1233 5.0827947399769108e+01 7.0322745033380896e-01
1234 5.1007379148101819e+01 7.0570996905321581e-01
1235 5.0505928621132476e+01 6.9877217609502917e-01
1236 5.0605949931348903e+01 7.0015601578482289e-01
1237 5.0289063795470710e+01 6.9577175396077040e-01
1238 5.0137238323214099e+01 6.9367118045322740e-01
1239 5.0103198349466048e+01 6.9320022214834054e-01
1240 4.9691842503684398e+01 6.8750892951490539e-01
1241 4.9858436721024866e+01 6.8981383523496653e-01
1242 4.9343066469988401e+01 6.8268345665084307e-01
1243 4.9506348065843561e+01 6.8494253076683187e-01
1244 4.9103766486527462e+01 6.7937263404550363e-01
1245 4.9069581299087844e+01 6.7889966664406065e-01
1246 4.8921777940124187e+01 6.7685474087797992e-01
1247 4.8624064969011620e+01 6.7273574838827443e-01
1248 4.8713231756104292e+01 6.7396941088202933e-01
1249 4.8248968977539562e+01 6.6754612710298677e-01
1250 4.8414464122529623e+01 6.6983582666410879e-01
1251 4.7979486955094565e+01 6.6381772245063486e-01
1252 4.8020945402005580e+01 6.6439131865916812e-01
1253 4.7788930570671084e+01 6.6118128940113574e-01
1254 4.7587604329643604e+01 6.5839585055487448e-01
1255 4.7606581408884139e+01 6.5865840695803080e-01
1256 4.7192132707654174e+01 6.5292432328221761e-01
1257 4.7360367092586003e+01 6.5525192145657607e-01
1258 4.6888027877394372e+01 6.4871689655424458e-01
1259 4.7020085126914687e+01 6.5054396783351265e-01
1260 4.6675727293391660e+01 6.4577962275055600e-01
1261 4.6614181584154885e+01 6.4492811025792751e-01
1262 4.6504833794998589e+01 6.4341523454875871e-01
1263 4.6209851536581219e+01 6.3933402269400852e-01
1264 4.6304156857057457e+01 6.4063877910193145e-01
1265 4.5871767568704442e+01 6.3465647935630920e-01
1266 4.6023280279950789e+01 6.3675272567499130e-01
1267 4.5626106524006929e+01 6.3125764861561007e-01
1268 4.5661513609543469e+01 6.3174752152528668e-01
1269 4.5448338495164919e+01 6.2879814820159174e-01
1270 4.5266205798618792e+01 6.2627826065218550e-01
1271 4.5278526836275297e+01 6.2644872773456650e-01
1272 4.4902970965157728e+01 6.2125274380811146e-01
1273 4.5055445650185874e+01 6.2336229946554256e-01
1274 4.4618269138390048e+01 6.1731376633635693e-01
1275 4.4751212124648731e+01 6.1915309218068337e-01
1276 4.4415670108140567e+01 6.1451071788032008e-01
1277 4.4386057941397659e+01 6.1410102027137103e-01
1278 4.4255969482757656e+01 6.1230118809700151e-01
1279 4.4014627818486453e+01 6.0896211792188903e-01
1280 4.4079390495652646e+01 6.0985813860874016e-01
1281 4.3693987090342944e+01 6.0452590962978403e-01
1282 4.3838501427561468e+01 6.0652533030478306e-01
1283 4.3453253763191753e+01 6.0119525607158664e-01
1284 4.3524061407137744e+01 6.0217491158520886e-01
1285 4.3280107030471108e+01 5.9879969336221550e-01
1286 4.3168664181140414e+01 5.9725783155582834e-01
1287 4.3128785610195521e+01 5.9670609363991434e-01
1288 4.2826869553818852e+01 5.9252894958035374e-01
1289 4.2944783174987627e+01 5.9416033741748131e-01
1290 4.2545175641762370e+01 5.8863158795778048e-01
1291 4.2693947595312274e+01 5.9068991466440945e-01
1292 4.2338848772316638e+01 5.8577696317440120e-01
1293 4.2380219088880047e+01 5.8634934006004580e-01
1294 4.2185875839584867e+01 5.8366051403650943e-01
1295 4.2041928713236182e+01 5.8166894097830790e-01
1296 4.2039268955530240e+01 5.8163214203745461e-01
1297 4.1729894658886010e+01 5.7735180987851875e-01
1298 4.1851513141535257e+01 5.7903445613598459e-01
1299 4.1480963526762167e+01 5.7390773601153122e-01
1300 4.1599146129358026e+01 5.7554284532734978e-01
1301 4.1300738523318145e+01 5.7141424225185766e-01
1302 4.1294234584194825e+01 5.7132425733684922e-01
1303 4.1162312874014745e+01 5.6949906130514727e-01
1304 4.0976555519175371e+01 5.6692902498247177e-01
1305 4.1020378354922784e+01 5.6753533357106511e-01
1306 4.0692009132973922e+01 5.6299219810067147e-01
1307 4.0834045862658371e+01 5.6495733996414566e-01
1308 4.0469881614222579e+01 5.5991896424702214e-01
1309 4.0587305072030887e+01 5.6154357045420267e-01
1310 4.0309883679249481e+01 5.5770532105216986e-01
1311 4.0296297664798509e+01 5.5751735244845246e-01
1312 4.0183555614059131e+01 5.5595751560784024e-01
1313 3.9999780271936807e+01 5.5341490132010507e-01
1314 4.0048535791539990e+01 5.5408945580231905e-01
1315 3.9739002139522313e+01 5.4980691889031508e-01
1316 3.9869240712299828e+01 5.5160882796110833e-01
1317 3.9538132005133377e+01 5.4702779048397732e-01
1318 3.9634094803232550e+01 5.4835547883824842e-01
1319 3.9394076492748297e+01 5.4503471785634749e-01
1320 3.9360397334737833e+01 5.4456875159902829e-01
1321 3.9279003069422430e+01 5.4344262543030153e-01
1322 3.9084618410849764e+01 5.4075322649083768e-01
1323 3.9153803031507621e+01 5.4171042674928760e-01
1324 3.8844162849466386e+01 5.3742641594662544e-01
1325 3.8986598119735497e+01 5.3939707179784735e-01
1326 3.8660266031724497e+01 5.3488212098920762e-01
1327 3.8767683455139917e+01 5.3636828922251689e-01
1328 3.8529391918030470e+01 5.3307141892477283e-01
1329 3.8513401487044739e+01 5.3285018413983465e-01
1330 3.8425775485253794e+01 5.3163783910182372e-01
1331 3.8257297840431669e+01 5.2930687531777276e-01
1332 3.8313491911277673e+01 5.3008434549287353e-01
1333 3.8033870452640052e+01 5.2621565719291585e-01
1334 3.8162940097114223e+01 5.2800139361632836e-01
1335 3.7863256226873233e+01 5.2385513285316598e-01
1336 3.7964308846915493e+01 5.2525324117697747e-01
1337 3.7743276968044157e+01 5.2219516599249960e-01
1338 3.7731464846086318e+01 5.2203173998707564e-01
1339 3.7651255193004069e+01 5.2092200345993345e-01
1340 3.7494601564026830e+01 5.1875463023856849e-01
1341 3.7554351186636410e+01 5.1958129306710399e-01
1342 3.7285982915946121e+01 5.1586829766983389e-01
1343 3.7424170310692936e+01 5.1778018225788869e-01
1344 3.7125960426041011e+01 5.1365431474648360e-01
1345 3.7249307418431002e+01 5.1536087571150790e-01
1346 3.7015054934902402e+01 5.1211988753170734e-01
1347 3.7039936509693987e+01 5.1246413527917889e-01
1348 3.6934536303739009e+01 5.1100587615422521e-01
1349 3.6822422746746199e+01 5.0945473480649761e-01
1350 3.6854773368780847e+01 5.0990232017269799e-01
1351 3.6627120782930177e+01 5.0675264453754942e-01
1352 3.6748016540061450e+01 5.0842529156330729e-01
1353 3.6475447545644911e+01 5.0465417726911754e-01
1354 3.6600315396007943e+01 5.0638177998635525e-01
1355 3.6371609183998515e+01 5.0321752696071331e-01
1356 3.6417192445552814e+01 5.0384819182995555e-01
1357 3.6301625395477224e+01 5.0224926985641882e-01
1358 3.6220529624583271e+01 5.0112727349189778e-01
1359 3.6239506889922275e+01 5.0138983246980995e-01
1360 3.6038577276996484e+01 4.9860988115123667e-01
1361 3.6158139629886925e+01 5.0026407993124555e-01
1362 3.5894076016913502e+01 4.9661064140427336e-01
1363 3.6040586657983738e+01 4.9863768183847079e-01
1364 3.5795510606098809e+01 4.9524694473572289e-01
1365 3.5886957078152072e+01 4.9651214769342350e-01
1366 3.5734416677972959e+01 4.9440168283740332e-01
1367 3.5713789528198781e+01 4.9411629696830139e-01
1368 3.5689219800173312e+01 4.9377636376071288e-01
1369 3.5546541977711648e+01 4.9180235209111411e-01
1370 3.5634033631495527e+01 4.9301283836418763e-01
1371 3.5408971275986630e+01 4.8989899972762369e-01
1372 3.5549124808866324e+01 4.9183808671862639e-01
1373 3.5314003410987787e+01 4.8858507671905682e-01
1374 3.5428804989938314e+01 4.9017340805623849e-01
1375 3.5259317381902576e+01 4.8782847097812448e-01
1376 3.5283341060700636e+01 4.8816084934973025e-01
1377 3.5228755920592839e+01 4.8740563945305254e-01
1378 3.5134218325348137e+01 4.8609766941952481e-01
1379 3.5198803943835742e+01 4.8699124042014080e-01
1380 3.5005207839225008e+01 4.8431275147843350e-01
1381 3.5147800089290911e+01 4.8628557921555476e-01
1382 3.4913224075535027e+01 4.8304011484994536e-01
1383 3.5064395334086718e+01 4.8513163701744377e-01
1384 3.4862385456050021e+01 4.8233673974652552e-01
1385 3.4951786966396831e+01 4.8357364974178269e-01
1386 3.4843002873752667e+01 4.8206857302669620e-01
1387 3.4825993605774457e+01 4.8183324217498419e-01
1388 3.4835510697775582e+01 4.8196491541155823e-01
1389 3.4709176813652483e+01 4.8021702945968414e-01
1390 3.4817916812618812e+01 4.8172149611896020e-01
1391 3.4621085382286076e+01 4.7899824499473570e-01
1392 3.4774140705325479e+01 4.8111583403948838e-01
1393 3.4572010315602171e+01 4.7831926943533232e-01
1394 3.4700040324665025e+01 4.8009062203651748e-01
1395 3.4559523506224259e+01 4.7814650882683146e-01
1396 3.4604680768150281e+01 4.7877127980014123e-01
1397 3.4569748270308729e+01 4.7828797302409348e-01
1398 3.4506460415872795e+01 4.7741235717122354e-01
1399 3.4582562427557093e+01 4.7846526263720868e-01
1400 3.4425963216640653e+01 4.7629864231412333e-01
1401 3.4578985162173090e+01 4.7841576956609616e-01
1402 3.4378527026292517e+01 4.7564234134391686e-01
1403 3.4548137504150318e+01 4.7798897838113047e-01
1404 3.4369150109691859e+01 4.7551260749688173e-01
1405 3.4491109725234011e+01 4.7719997348093068e-01
1406 3.4391161444373964e+01 4.7581714418503868e-01
1407 3.4420231959393952e+01 4.7621934779945196e-01
1408 3.4428823002972045e+01 4.7633820874072924e-01
1409 3.4354220380753027e+01 4.7530604800052328e-01
1410 3.4462956735909152e+01 4.7681046424605084e-01
1411 3.4311335482885298e+01 4.7471271620319228e-01
1412 3.4477759966117638e+01 4.7701527357573598e-01
1413 3.4303171352740407e+01 4.7459976180074853e-01
1414 3.4466406093165084e+01 4.7685818765084037e-01
1415 3.4331055622483611e+01 4.7498555317968627e-01
1416 3.4433313148576211e+01 4.7640033191914544e-01
1417 3.4385946885557928e+01 4.7574499842491236e-01
1418 3.4392265083379094e+01 4.7583241352569416e-01
1419 3.4451683544018039e+01 4.7665449457982845e-01
1420 3.4361299327466085e+01 4.7540398840344611e-01
1421 3.4510547967754015e+01 4.7746891028490585e-01
1422 3.4356456009997238e+01 4.7533697893387244e-01
1423 3.4549358966689809e+01 4.7800587786323168e-01
1424 3.4386595365837330e+01 4.7575397044044326e-01
1425 3.4563958276504941e+01 4.7820786586280956e-01
1426 3.4450771855413656e+01 4.7664188095906357e-01
1427 3.4560393484265944e+01 4.7815854536325281e-01
1428 3.4538661695854380e+01 4.7785787632313481e-01
1429 3.4552283140101125e+01 4.7804633511396816e-01
1430 3.4633553294198215e+01 4.7917074414832139e-01
1431 3.4555091010285217e+01 4.7808518325739008e-01
1432 3.4716335406029764e+01 4.8031607179609520e-01
1433 3.4578417746433693e+01 4.7840791911483643e-01
1434 3.4767649359053003e+01 4.8102602335221972e-01
1435 3.4616513355515146e+01 4.7893498895365083e-01
1436 3.4764204553234478e+01 4.8097836291860824e-01
1437 3.4635592060350213e+01 4.7919895139249008e-01
1438 3.4665272189932843e+01 4.7960958929781033e-01
1439 3.4556289748324033e+01 4.7810176833583173e-01
1440 3.4389146605352721e+01 4.7578926798345611e-01
1441 3.4235175629712593e+01 4.7365901047427117e-01
1442 3.3791464923436600e+01 4.6752007383364463e-01
1443 3.3465894848175424e+01 4.6301566581318732e-01
1444 3.2679664085058064e+01 4.5213781055430002e-01
1445 3.2042508551724623e+01 4.4332247796476898e-01
1446 3.0911446252029084e+01 4.2767372372868506e-01
1447 2.9915138699043631e+01 4.1388936185540864e-01
1448 2.8575041523003332e+01 3.9534851634586443e-01
1449 2.7368862328484603e+01 3.7866048617742709e-01
1450 2.6120167122477987e+01 3.6138422792018193e-01
1451 2.5043732201756534e+01 3.4649126797443641e-01
1452 2.4263141728997464e+01 3.3569144866251754e-01
1453 2.3697148598211175e+01 3.2786067983097700e-01
1454 2.3667317718259078e+01 3.2744795622667849e-01
1455 2.3822850038367555e+01 3.2959981563689905e-01
1456 2.4532566808262956e+01 3.3941906548043999e-01
1457 2.5224353550096435e+01 3.4899024534351858e-01
1458 2.6152037569364506e+01 3.6182516984783308e-01
1459 2.6668986105924503e+01 3.6897738472008923e-01
1460 2.6908450612955573e+01 3.7229048358281580e-01
1461 2.6559073914620551e+01 3.6745670025405408e-01
1462 2.5825771620961152e+01 3.5731113411033105e-01
1463 2.4981783258971891e+01 3.4563417656480933e-01
1464 2.4163097381076426e+01 3.3430729023574740e-01
1465 2.3871136157912883e+01 3.3026787575877065e-01
1466 2.3849596930144628e+01 3.2996987088152280e-01
1467 2.4457746787379413e+01 3.3838389693219961e-01
1468 2.5001203805960344e+01 3.4590286854316843e-01
1469 2.5616857292830705e+01 3.5442071067548581e-01
1470 2.5572161704487900e+01 3.5380232716327609e-01
1471 2.5186331642352307e+01 3.4846419519576366e-01
1472 2.4386224035846880e+01 3.3739434758436759e-01
1473 2.3712809026901066e+01 3.2807734888613499e-01
1474 2.3429187827807397e+01 3.2415332238294858e-01
1475 2.3568634124785806e+01 3.2608262444803771e-01
1476 2.4172551408394877e+01 3.3443809094415000e-01
1477 2.4589987740056415e+01 3.4021350982703752e-01
1478 2.4820593974544114e+01 3.4340405051589096e-01
1479 2.4306247769350243e+01 3.3628784006531903e-01
1480 2.3717368314556271e+01 3.2814042867583987e-01
1481 2.3052744519126911e+01 3.1894506035976478e-01
1482 2.2994726919294195e+01 3.1814236084321823e-01
1483 2.3280871185629636e+01 3.2210129511337576e-01
1484 2.3812903928743257e+01 3.2946220674907944e-01
1485 2.4066555857118541e+01 3.3297159494964279e-01
1486 2.3759773019130563e+01 3.2872711678357314e-01
1487 2.3191353821763649e+01 3.2086278223271658e-01
1488 2.2565551824732058e+01 3.1220453091036765e-01
1489 2.2554514755874518e+01 3.1205182811222393e-01
1490 2.2792420339722465e+01 3.1534335857348211e-01
1491 2.3348156936298651e+01 3.2303222365382245e-01
1492 2.3337309027712372e+01 3.2288213797287640e-01
1493 2.3017618697138612e+01 3.1845907885743435e-01
1494 2.2336152637717561e+01 3.0903069026470770e-01
1495 2.2049276992723712e+01 3.0506163704276296e-01
1496 2.2182151610161633e+01 3.0690001697378833e-01
1497 2.2603659142887889e+01 3.1273176274947800e-01
1498 2.2855801672878442e+01 3.1622026774637224e-01
1499 2.2518077203678079e+01 3.1154769823410844e-01
1500 2.2017531004164660e+01 3.0462241705189608e-01
1501 2.1556190169789986e+01 2.9823955968131399e-01
1502 2.1755003011740374e+01 3.0099022452399909e-01
1503 2.2053031717578033e+01 3.0511358534524391e-01
1504 2.2339956066380427e+01 3.0908331240622522e-01
1505 2.1958410001795375e+01 3.0380445146634266e-01
1506 2.1475313582584256e+01 2.9712059582143086e-01
1507 2.1143525072861891e+01 2.9253015297102425e-01
1508 2.1341428190852010e+01 2.9526823137467689e-01
1509 2.1716539250627132e+01 3.0045806113669621e-01
1510 2.1732284921225446e+01 3.0067590955189105e-01
1511 2.1371568357793386e+01 2.9568523410319780e-01
1512 2.0820375057496868e+01 2.8805922756470909e-01
1513 2.0816725653150428e+01 2.8800873641869451e-01
1514 2.1029264263564912e+01 2.9094930342455294e-01
1515 2.1371644204876755e+01 2.9568628348161619e-01
1516 2.1066243654456045e+01 2.9146092988404254e-01
1517 2.0653008426718369e+01 2.8574363515827922e-01
1518 2.0320901439391506e+01 2.8114878602736637e-01
1519 2.0554417592478014e+01 2.8437958674523151e-01
1520 2.0834654033113242e+01 2.8825678359696644e-01
1521 2.0773390648538538e+01 2.8740917719266995e-01
1522 2.0342698586651224e+01 2.8145035933646428e-01
1523 1.9960037200110452e+01 2.7615606741706461e-01
1524 2.0115680277717850e+01 2.7830945920696121e-01
1525 2.0349931074846708e+01 2.8155042405466502e-01
1526 2.0433851512462713e+01 2.8271150095024444e-01
1527 1.9938952675630841e+01 2.7586435356376499e-01
1528 1.9664807981644380e+01 2.7207143875927070e-01
1529 1.9656128692281289e+01 2.7195135689797673e-01
1530 2.0013823070326669e+01 2.7690021905629270e-01
1531 1.9962579602603444e+01 2.7619124269590889e-01
1532 1.9596947157182665e+01 2.7113255381496193e-01
1533 1.9256201163340705e+01 2.6641818015402535e-01
1534 1.9337693776564333e+01 2.6754566701017474e-01
1535 1.9639949634785992e+01 2.7172751238067339e-01
1536 1.9531763343863993e+01 2.7023070652054743e-01
1537 1.9188424709594042e+01 2.6548046251640245e-01
1538 1.8853852485242587e+01 2.6085150572551197e-01
1539 1.9090677307754206e+01 2.6412808336892390e-01
1540 1.9229734510611614e+01 2.6605200214232710e-01
1541 1.9149504725765482e+01 2.6494198708320177e-01
1542 1.8668560674141936e+01 2.5828791040927385e-01
1543 1.8589821783823666e+01 2.5719852254465825e-01
1544 1.8766836246911645e+01 2.5964759703846974e-01
1545 1.8916776295956783e+01 2.6172208487020576e-01
1546 1.8619861638162590e+01 2.5761413740333056e-01
1547 1.8260448334203250e+01 2.5264149313399842e-01
1548 1.8312319256974774e+01 2.5335915061641029e-01
1549 1.8504756815838842e+01 2.5602161055806549e-01
1550 1.8513007979402317e+01 2.5613576910689279e-01
1551 1.8072422570951808e+01 2.5004007236348391e-01
1552 1.7947500101613553e+01 2.4831171396822549e-01
1553 1.8048291446264802e+01 2.4970620742981145e-01
1554 1.8258823422941354e+01 2.5261901175786233e-01
1555 1.7942114502453236e+01 2.4823720178821865e-01
1556 1.7663509175091537e+01 2.4438257212023259e-01
1557 1.7648854352456322e+01 2.4417981607588951e-01
1558 1.7884852674738912e+01 2.4744495871791947e-01
1559 1.7795017569884134e+01 2.4620204974816276e-01
1560 1.7426509466184068e+01 2.4110357484509159e-01
1561 1.7325333998320112e+01 2.3970376686656550e-01
1562 1.7472814682810476e+01 2.4174422828657782e-01
1563 1.7586029533478925e+01 2.4331060652627548e-01
1564 1.7215762585951079e+01 2.3818779722994590e-01
1565 1.7045449840299025e+01 2.3583144400280792e-01
1566 1.7092096368763251e+01 2.3647681964666031e-01
1567 1.7304719291901254e+01 2.3941855315686572e-01
1568 1.7021056320793420e+01 2.3549394871912718e-01
1569 1.6774577359002933e+01 2.3208380172858326e-01
1570 1.6767837157084067e+01 2.3199054801182661e-01
1571 1.6973550717482709e+01 2.3483668738944949e-01
1572 1.6827610801760745e+01 2.3281754319643502e-01
1573 1.6502919466079504e+01 2.2832529293221060e-01
1574 1.6484778734647460e+01 2.2807430777611507e-01
1575 1.6633527349569476e+01 2.3013231158235908e-01
1576 1.6613532493154537e+01 2.2985567377548727e-01
1577 1.6241330373602949e+01 2.2470609050621890e-01
1578 1.6211664368113844e+01 2.2429564801406771e-01
1579 1.6320712223329945e+01 2.2580437400264336e-01
1580 1.6362722858986874e+01 2.2638560999015167e-01
1581 1.6000355637657368e+01 2.2137209694907117e-01
1582 1.5928074730761203e+01 2.2037205818172492e-01
1583 1.6048023347481006e+01 2.2203160109506551e-01
1584 1.6078531611485442e+01 2.2245369661155781e-01
1585 1.5774543396064823e+01 2.1824788330219058e-01
1586 1.5637196409666009e+01 2.1634762614058212e-01
1587 1.5803206448105964e+01 2.1864444948353060e-01
1588 1.5782777772271581e+01 2.1836180959040805e-01
1589 1.5543758938856170e+01 2.1505487682205382e-01
1590 1.5358326312261195e+01 2.1248933326029124e-01
1591 1.5562470437636632e+01 2.1531375880042325e-01
1592 1.5499842253009479e+01 2.1444726977524203e-01
1593 1.5288310954877764e+01 2.1152063938662943e-01
1594 1.5108575853381984e+01 2.0903392364014742e-01
1595 1.5309577977666063e+01 2.1181487818588643e-01
1596 1.5239414078814402e+01 2.1084412917438580e-01
1597 1.5004740607584285e+01 2.0759731644090743e-01
1598 1.4889469192268782e+01 2.0600248470687876e-01
1599 1.5046470750899084e+01 2.0817467169105203e-01
1600 1.4990867876524220e+01 2.0740538098430111e-01
1601 1.4709212291514907e+01 2.0350854963361634e-01
1602 1.4687131442853737e+01 2.0320305118837964e-01
1603 1.4787942453333056e+01 2.0459781673551777e-01
1604 1.4732243877572811e+01 2.0382720195717480e-01
1605 1.4426553477295608e+01 1.9959783815682908e-01
1606 1.4483869701415941e+01 2.0039083382580403e-01
1607 1.4546109112275600e+01 2.0125194399153373e-01
1608 1.4447104875018095e+01 1.9988217596231847e-01
1609 1.4174917059181331e+01 1.9611633544475146e-01
1610 1.4271207810289953e+01 1.9744856117600637e-01
1611 1.4317831313855891e+01 1.9809361826006350e-01
1612 1.4137526838240625e+01 1.9559902496725479e-01
1613 1.3957325528149038e+01 1.9310585901573940e-01
1614 1.4053493696411808e+01 1.9443638875833941e-01
1615 1.4084372035862309e+01 1.9486360443461942e-01
1616 1.3824419207971591e+01 1.9126704046309292e-01
1617 1.3763855671131038e+01 1.9042911676610388e-01
1618 1.3839234849555432e+01 1.9147202150972301e-01
1619 1.3823643749768376e+01 1.9125631165103216e-01
1620 1.3536167553117602e+01 1.8727894952754606e-01
1621 1.3580318177869795e+01 1.8788979322404503e-01
1622 1.3628370691371098e+01 1.8855462130151732e-01
1623 1.3527424400594406e+01 1.8715798409078727e-01
1624 1.3294140746473072e+01 1.8393040010038900e-01
1625 1.3395429310310961e+01 1.8533177281244181e-01
1626 1.3407356135057393e+01 1.8549678578239404e-01
1627 1.3211925183975158e+01 1.8279291091676261e-01
1628 1.3102766678451815e+01 1.8128265403155583e-01
1629 1.3200927086833676e+01 1.8264074730979071e-01
1630 1.3157856303253180e+01 1.8204484370024754e-01
1631 1.2913259072006019e+01 1.7866073129579049e-01
1632 1.2946786367560673e+01 1.7912459646791809e-01
1633 1.2987479865626682e+01 1.7968760926607513e-01
1634 1.2874348140117435e+01 1.7812238110023948e-01
1635 1.2668726019352146e+01 1.7527750683095783e-01
1636 1.2795216636944538e+01 1.7702756126067989e-01
1637 1.2745646067935741e+01 1.7634173020436206e-01
1638 1.2577177843506897e+01 1.7401089675567752e-01
1639 1.2493370224439627e+01 1.7285138075532272e-01
1640 1.2611752574651138e+01 1.7448925366899745e-01
1641 1.2476098571285149e+01 1.7261241968700841e-01
1642 1.2307096530514356e+01 1.7027420064979826e-01
1643 1.2364281025410959e+01 1.7106537378587788e-01
1644 1.2371979156623668e+01 1.7117188088407861e-01
1645 1.2199777458472768e+01 1.6878939315185987e-01
1646 1.2098972968594497e+01 1.6739471782016194e-01
1647 1.2225095286110303e+01 1.6913967665312940e-01
1648 1.2083176331056304e+01 1.6717616425449344e-01
1649 1.1952628966375928e+01 1.6536998290922048e-01
1650 1.1950293147396598e+01 1.6533766580594741e-01
1651 1.2018436373042842e+01 1.6628045789731066e-01
1652 1.1790839142395644e+01 1.6313154812623085e-01
1653 1.1760525226735231e+01 1.6271214150624988e-01
1654 1.1811343570040272e+01 1.6341523607962538e-01
1655 1.1733342797496409e+01 1.6233606040548951e-01
1656 1.1554368180864410e+01 1.5985986630820115e-01
1657 1.1609879047245446e+01 1.6062788404308875e-01
1658 1.1618404312928025e+01 1.6074583491767797e-01
1659 1.1426347359362577e+01 1.5808864082104360e-01
1660 1.1399243792697430e+01 1.5771365081936256e-01
1661 1.1445010841241842e+01 1.5834685846404775e-01
1662 1.1355251097220659e+01 1.5710499214522572e-01
1663 1.1181681756004911e+01 1.5470358245777049e-01
1664 1.1282562595714266e+01 1.5609931412362693e-01
1665 1.1215272060697584e+01 1.5516831938958434e-01
1666 1.1079271638413656e+01 1.5328669254648497e-01
1667 1.1033593436077055e+01 1.5265471412893539e-01
1668 1.1116075610047956e+01 1.5379589200187482e-01
1669 1.0939589863087772e+01 1.5135413253283847e-01
1670 1.0867032971776874e+01 1.5035027539732601e-01
1671 1.0922548292188637e+01 1.5111835475572652e-01
1672 1.0853888736241641e+01 1.5016841900306072e-01
1673 1.0701617802426604e+01 1.4806168233505229e-01
1674 1.0726182901370354e+01 1.4840155149721895e-01
1675 1.0747222489499190e+01 1.4869264363595014e-01
1676 1.0559362635361303e+01 1.4609351829243750e-01
1677 1.0554970745011410e+01 1.4603275451953499e-01
1678 1.0575207595146642e+01 1.4631274041806944e-01
1679 1.0485211137824786e+01 1.4506759906455863e-01
1680 1.0343899004095320e+01 1.4311248231112755e-01
1681 1.0443452923221024e+01 1.4448985543554030e-01
1682 1.0343097821872009e+01 1.4310139759571064e-01
1683 1.0229813548505598e+01 1.4153405886184825e-01
1684 1.0228639907318621e+01 1.4151782100960855e-01
1685 1.0253768195360916e+01 1.4186548214556299e-01
1686 1.0081016941695205e+01 1.3947539106630255e-01
1687 1.0064955416710164e+01 1.3925317266399589e-01
1688 1.0105548199875818e+01 1.3981479202633249e-01
1689 9.9739052312775343e+00 1.3799345250943976e-01
1690 9.9003559529716938e+00 1.3697586525473304e-01
1691 9.9400285324071938e+00 1.3752475318572038e-01
1692 9.8823926159869231e+00 1.3672733443038296e-01
1693 9.7290184776829953e+00 1.3460533443344611e-01
1694 9.7998284507675457e+00 1.3558502217174498e-01
1695 9.7394007542782646e+00 1.3474897788694479e-01
1696 9.6283905548481368e+00 1.3321310198599012e-01
1697 9.5985485637891141e+00 1.3280022465454361e-01
1698 9.6467962560195026e+00 1.3346775311727710e-01
1699 9.4793852717349090e+00 1.3115154706019633e-01
1700 9.4623932824557606e+00 1.3091645526703591e-01
1701 9.4860598525121738e+00 1.3124389287902560e-01
1702 9.3864852043610103e+00 1.2986623295924793e-01
1703 9.2961959566775416e+00 1.2861704071975782e-01
1704 9.3460982355348836e+00 1.2930746113061342e-01
1705 9.2750466368520037e+00 1.2832443039378438e-01
1706 9.1495411304855345e+00 1.2658800541972873e-01
1707 9.2047746611846186e+00 1.2735218609106208e-01
1708 9.1448631126593316e+00 1.2652328294485360e-01
1709 9.0406918893635240e+00 1.2508202734622995e-01
1710 9.0254276693235553e+00 1.2487084001545669e-01
1711 9.0538176826888179e+00 1.2526362858424880e-01
1712 8.8894029775115673e+00 1.2298887739255090e-01
1713 8.9050928850956375e+00 1.2320595430143212e-01
1714 8.8973479379438984e+00 1.2309879948371638e-01
1715 8.8028611960531116e+00 1.2179153302914952e-01
1716 8.7328211421190058e+00 1.2082249746763189e-01
1717 8.7888978742714166e+00 1.2159834420927645e-01
1718 8.6718090855993353e+00 1.1997836829970596e-01
1719 8.6068508095676837e+00 1.1907964141481850e-01
1720 8.6450851871291174e+00 1.1960863117779581e-01
1721 8.5632285704817654e+00 1.1847610817101135e-01
1722 8.4766398305981294e+00 1.1727811411673515e-01
1723 8.4996289193968781e+00 1.1759617847165173e-01
1724 8.4635164294386751e+00 1.1709654597540366e-01
1725 8.3326176034038149e+00 1.1528550200464907e-01
1726 8.3832282023323295e+00 1.1598572234139491e-01
1727 8.3253306671356544e+00 1.1518468397294104e-01
1728 8.2366040127763096e+00 1.1395711091296627e-01
1729 8.2201282784635499e+00 1.1372916173882371e-01
1730 8.2358434692654381e+00 1.1394658845236381e-01
1731 8.0932725101985312e+00 1.1197405528576339e-01
1732 8.1098755776565579e+00 1.1220376617108395e-01
1733 8.0965264235591299e+00 1.1201907463659774e-01
1734 7.9959016610741571e+00 1.1062688591399995e-01
1735 7.9656133022563509e+00 1.1020783288439959e-01
1736 7.9858951208975730e+00 1.1048844094238432e-01
1737 7.8789765610676463e+00 1.0900917471053755e-01
1738 7.8367296007694964e+00 1.0842466906561835e-01
1739 7.8714034555684664e+00 1.0890439739916177e-01
1740 7.7572185014484623e+00 1.0732459734308754e-01
1741 7.7266749937319972e+00 1.0690201421403130e-01
1742 7.7327211362816639e+00 1.0698566530810590e-01
1743 7.6674840117972423e+00 1.0608308042980137e-01
1744 7.5817260763149097e+00 1.0489658092706115e-01
1745 7.6375921036724170e+00 1.0566951247335997e-01
1746 7.5319110569431205e+00 1.0420736779032701e-01
1747 7.4876776104264460e+00 1.0359537821756809e-01
1748 7.4945094925553484e+00 1.0368990037115226e-01
1749 7.4438386257911695e+00 1.0298884620186784e-01
1750 7.3521065894567430e+00 1.0171969233425207e-01
1751 7.3925181320474236e+00 1.0227880415194136e-01
1752 7.3217714570494801e+00 1.0129999217106203e-01
1753 7.2458377621664383e+00 1.0024941544351805e-01
1754 7.2722378270846892e+00 1.0061467218298641e-01
1755 7.2119783337622714e+00 9.9780955064444579e-02
1756 7.1381757313935212e+00 9.8759862957703087e-02
1757 7.1485013864322742e+00 9.8902723026570660e-02
1758 7.1153093305300645e+00 9.8443496045400966e-02
1759 7.0118668388659087e+00 9.7012322775762092e-02
1760 7.0537084827337058e+00 9.7591220686069208e-02
1761 6.9865706591947063e+00 9.6662338783816623e-02
1762 6.9238768064296385e+00 9.5794941210492965e-02
1763 6.9204137344514560e+00 9.5747028056369601e-02
1764 6.9001946300729715e+00 9.5467287678339313e-02
1765 6.7954180453807851e+00 9.4017656633271662e-02
1766 6.8298349503931686e+00 9.4493829951266983e-02
1767 6.7758984789813370e+00 9.3747594676947862e-02
1768 6.7026183488512512e+00 9.2733731207974804e-02
1769 6.7113949443606566e+00 9.2855159343448124e-02
1770 6.6763572968768852e+00 9.2370397774937107e-02
1771 6.5938548346477530e+00 9.1228939204845066e-02
1772 6.6048068401577229e+00 9.1380465113421364e-02
1773 6.5743712108018615e+00 9.0959374529871170e-02
1774 6.4819563032308984e+00 8.9680772832407024e-02
1775 6.5116134739834379e+00 9.0091093092015184e-02
1776 6.4550825961307909e+00 8.9308963040908101e-02
1777 6.3954126968414435e+00 8.8483403220266724e-02
1778 6.3904092396540335e+00 8.8414178145858696e-02
1779 6.3701151901269446e+00 8.8133400868082024e-02
1780 6.2735902161918684e+00 8.6797934558966242e-02
1781 6.3095236319821160e+00 8.7295089483779814e-02
1782 6.2464832597378086e+00 8.6422897658035139e-02
1783 6.1917143750644374e+00 8.5665145572877049e-02
1784 6.1929096174005602e+00 8.5681682286704017e-02
1785 6.1579633379519922e+00 8.5198184835941715e-02
1786 6.0810790651212860e+00 8.4134456436125354e-02
1787 6.1032117118187488e+00 8.4440671530427322e-02
1788 6.0498791772855434e+00 8.3702791993710154e-02
1789 5.9860118149015982e+00 8.2819158388450484e-02
1790 6.0069387544235546e+00 8.3108691983178759e-02
1791 5.9441913436226050e+00 8.2240553410406092e-02
1792 5.8975864919086955e+00 8.1595754383087776e-02
1793 5.9004470725864797e+00 8.1635331799832359e-02
1794 5.8560069569207611e+00 8.1020482866698287e-02
1795 5.7890027589986639e+00 8.0093449734791156e-02
1796 5.8211146987453652e+00 8.0537732824480679e-02
1797 5.7392995507621096e+00 7.9405783555264078e-02
1798 5.7140544259146386e+00 7.9056505929704757e-02
1799 5.7088565854447273e+00 7.8984591475395827e-02
1800 5.6574242001624944e+00 7.8273001355847235e-02
1801 5.6078687700337388e+00 7.7587379752725047e-02
1802 5.6286166027914923e+00 7.7874435325035130e-02
1803 5.5479981363284931e+00 7.6759042681403530e-02
1804 5.5285112246185024e+00 7.6489432517355085e-02
1805 5.5275156720016430e+00 7.6475658600361734e-02
1806 5.4563879691343775e+00 7.5491574928006414e-02
1807 5.4399375543695010e+00 7.5263976061165486e-02
1808 5.4321437211119523e+00 7.5156144882248796e-02
1809 5.3665093389227838e+00 7.4248063765415553e-02
1810 5.3469845692925180e+00 7.3977929820059546e-02
1811 5.3478319872291769e+00 7.3989654227308910e-02
1812 5.2628105624587356e+00 7.2813344680617731e-02
1813 5.2757375004264180e+00 7.2992194665570651e-02
1814 5.2394026880996112e+00 7.2489486239633819e-02
1815 5.1883928062220743e+00 7.1783741644196319e-02
1816 5.1758474930269083e+00 7.1610171609142806e-02
1817 5.1619419863255924e+00 7.1417782686838807e-02
1818 5.0853787761295148e+00 7.0358496332580012e-02
1819 5.1072145861203460e+00 7.0660604557904405e-02
1820 5.0553274719948167e+00 6.9942723060847506e-02
1821 5.0121212204697123e+00 6.9344945191528742e-02
1822 5.0141650609626796e+00 6.9373222641480714e-02
1823 4.9704989343560495e+00 6.8769082194139464e-02
1824 4.9247278086160362e+00 6.8135818139624368e-02
1825 4.9331169403832194e+00 6.8251885540433432e-02
1826 4.8790914215071179e+00 6.7504418254505330e-02
1827 4.8424964885050947e+00 6.6998110942353931e-02
1828 4.8534394467716373e+00 6.7149511678259416e-02
1829 4.7828288518273885e+00 6.6172582425959470e-02
1830 4.7736743996279181e+00 6.6045926473697558e-02
1831 4.7574920723395149e+00 6.5822036717339952e-02
1832 4.7076429732840444e+00 6.5132352072896194e-02
1833 4.6845762554636812e+00 6.4813213685646326e-02
1834 4.6847764885065208e+00 6.4815983999605323e-02
1835 4.6098349599952346e+00 6.3779134338834850e-02
1836 4.6227961824891057e+00 6.3958458665585360e-02
1837 4.5848177361323597e+00 6.3433009825618725e-02
1838 4.5410261915505510e+00 6.2827134164336662e-02
1839 4.5366362687995592e+00 6.2766397614047481e-02
1840 4.5072611038739856e+00 6.2359979031544575e-02
1841 4.4560734627923155e+00 6.1651775057786858e-02
1842 4.4661705702721761e+00 6.1791473068665830e-02
1843 4.4174837429625731e+00 6.1117868975144429e-02
1844 4.3832067611917633e+00 6.0643631557956608e-02
1845 4.3895034479020296e+00 6.0730749042870659e-02
1846 4.3302262101694629e+00 5.9910621870989361e-02
1847 4.3166088013542181e+00 5.9722218912160827e-02
1848 4.3035324129103589e+00 5.9541301212836392e-02
1849 4.2569060903067246e+00 5.8896205126128302e-02
1850 4.2369152008612376e+00 5.8619622204058176e-02
1851 4.2337155910118058e+00 5.8575354166657774e-02
1852 4.1670280528360530e+00 5.7652702164373959e-02
1853 4.1799527257876052e+00 5.7831520811812781e-02
1854 4.1394281787027793e+00 5.7270845526260647e-02
1855 4.1051109725436374e+00 5.6796051586618247e-02
1856 4.0981282684482556e+00 5.6699442743479066e-02
1857 4.0687852881970938e+00 5.6293469450382570e-02
1858 4.0248711752933852e+00 5.5685898001390982e-02
1859 4.0351937145421664e+00 5.5828714961906764e-02
1860 3.9812090424753923e+00 5.5081812809906879e-02
1861 3.9633526327325588e+00 5.4834761371909492e-02
1862 3.9574056403071536e+00 5.4752482064276242e-02
1863 3.9057185000935464e+00 5.4037367295985871e-02
1864 3.8982607177594706e+00 5.3934185532325658e-02
1865 3.8795841545096157e+00 5.3675786902691973e-02
1866 3.8356037886039909e+00 5.3067298813702153e-02
1867 3.8285122160000511e+00 5.2969183725915858e-02
1868 3.8087006097044185e+00 5.2695081266638535e-02
1869 3.7586835885171985e+00 5.2003073344183248e-02
1870 3.7716699630425037e+00 5.2182745660570191e-02
1871 3.7217848119563648e+00 5.1492562220111573e-02
1872 3.7039343556362700e+00 5.1245593150388090e-02
1873 3.6930053083600267e+00 5.1094384879272953e-02
1874 3.6569689000337804e+00 5.0595805006528188e-02
1875 3.6318663924478654e+00 5.0248500554751170e-02
1876 3.6317974573196334e+00 5.0247546806332338e-02
1877 3.5764503080360575e+00 4.9481794170920766e-02
1878 3.5790898253141252e+00 4.9518313076375844e-02
1879 3.5520008424431317e+00 4.9143524848028232e-02
1880 3.5147624554429751e+00 4.8628315061201730e-02
1881 3.5138527527060295e+00 4.8615728915803562e-02
1882 3.4807855948632151e+00 4.8158229955306608e-02
1883 3.4516023229208410e+00 4.7754466298296785e-02
1884 3.4493604928974611e+00 4.7723449574386533e-02
1885 3.4108919915872566e+00 4.7191220604332534e-02
1886 3.3890236774931042e+00 4.6888662670159502e-02
1887 3.3876595701937111e+00 4.6869789633824023e-02
1888 3.3360290378610951e+00 4.6155458060957714e-02
1889 3.3391569969326382e+00 4.6198734777708229e-02
1890 3.3101654249260481e+00 4.5797623375293896e-02
1891 3.2809771970745483e+00 4.5393791151058419e-02
1892 3.2719692464333607e+00 4.5269162113566262e-02
1893 3.2494321535364445e+00 4.4957351324687020e-02
1894 3.2127270009566429e+00 4.4449519075239849e-02
1895 3.2204843243424830e+00 4.4556845123705537e-02
1896 3.1723406851882139e+00 4.3890756281951500e-02
1897 3.1652318156291233e+00 4.3792401883032420e-02
1898 3.1494590349693303e+00 4.3574178387977197e-02
1899 3.1137709317791074e+00 4.3080417473015983e-02
1900 3.1061630543056147e+00 4.2975159075779180e-02
1901 3.0868079620869810e+00 4.2707372693519187e-02
1902 3.0518309780391739e+00 4.2223450430854341e-02
1903 3.0517294103897612e+00 4.2222045196868181e-02
1904 3.0203214144204797e+00 4.1787501485081924e-02
1905 2.9955237549079654e+00 4.1444414743135101e-02
1906 2.9958570908343813e+00 4.1449026595189530e-02
1907 2.9521766146342632e+00 4.0844687614786102e-02
1908 2.9486612157361516e+00 4.0796050494255109e-02
1909 2.9279615206856513e+00 4.0509660928716273e-02
1910 2.8990938077631609e+00 4.0110263172285464e-02
1911 2.8897312519995957e+00 3.9980728013872792e-02
1912 2.8717343672453359e+00 3.9731733041084509e-02
1913 2.8369238604741156e+00 3.9250114066211955e-02
1914 2.8434083570837529e+00 3.9339829985322906e-02
1915 2.8012529012604461e+00 3.8756590345856011e-02
1916 2.7938983178663230e+00 3.8654836385818271e-02
1917 2.7787571022313760e+00 3.8445350876160120e-02
1918 2.7483731185504219e+00 3.8024974833687109e-02
1919 2.7396030408668492e+00 3.7903636875257649e-02
1920 2.7227299013160731e+00 3.7670189421397396e-02
1921 2.6911244154714224e+00 3.7232913348604499e-02
1922 2.6914961109994753e+00 3.7238055922953157e-02
1923 2.6606578899238467e+00 3.6811395302383948e-02
1924 2.6423195426642732e+00 3.6557676042677144e-02
1925 2.6383114732975574e+00 3.6502222605233600e-02
1926 2.6010288274421285e+00 3.5986400477292811e-02
1927 2.5986062040618640e+00 3.5952882396198114e-02
1928 2.5771105810573292e+00 3.5655480810414530e-02
1929 2.5530733923843671e+00 3.5322915523629872e-02
1930 2.5455733328970314e+00 3.5219148836591573e-02
1931 2.5248244003548939e+00 3.4932078048271246e-02
1932 2.4990982767853773e+00 3.4576145589648187e-02
1933 2.5014022312219057e+00 3.4608021832679248e-02
1934 2.4620935351385080e+00 3.4064168391082277e-02
1935 2.4612654798922087e+00 3.4052711875338863e-02
1936 2.4402341174847990e+00 3.3761733543153129e-02
1937 2.4174547604431367e+00 3.3446570921167644e-02
1938 2.4101416205646480e+00 3.3345390350757523e-02
1939 2.3898550713525402e+00 3.3064716843202765e-02
1940 2.3669454718249794e+00 3.2747752258006704e-02
1941 2.3657671812974845e+00 3.2731450080055555e-02
1942 2.3329947070198727e+00 3.2278028198858756e-02
1943 2.3264654982055255e+00 3.2187693666340701e-02
1944 2.3124296109014537e+00 3.1993500869917452e-02
1945 2.2845119831534797e+00 3.1607247968021487e-02
1946 2.2838755686492687e+00 3.1598442887902242e-02
1947 2.2576917962059770e+00 3.1236178651839457e-02
1948 2.2430228267278283e+00 3.1033226879579028e-02
1949 2.2345639747330361e+00 3.0916194868149116e-02
1950 2.2101161638041167e+00 3.0577948438275281e-02
1951 2.1979574388430643e+00 3.0409727024838670e-02
1952 2.1895251122824502e+00 3.0293062004688166e-02
1953 2.1585071286065531e+00 2.9863914287914621e-02
1954 2.1621112591545746e+00 2.9913779050621266e-02
1955 2.1328488979292657e+00 2.9508921157907812e-02
1956 2.1227924581771904e+00 2.9369785803283602e-02
1957 2.1118376392256426e+00 2.9218220969481158e-02
1958 2.0896176447901094e+00 2.8910797380044564e-02
1959 2.0789700604537207e+00 2.8763483274947987e-02
1960 2.0684048445652312e+00 2.8617308774273140e-02
1961 2.0419482355689946e+00 2.8251269722123915e-02
1962 2.0425553234635441e+00 2.8259669055444515e-02
1963 2.0168483388844418e+00 2.7904001393338318e-02
1964 2.0052436839108365e+00 2.7743445786697216e-02
1965 1.9976791470116610e+00 2.7638787025745806e-02
1966 1.9718877639596373e+00 2.7281951672911163e-02
1967 1.9683737982018192e+00 2.7233334380518951e-02
1968 1.9504142439883574e+00 2.6984855892506626e-02
1969 1.9329978514021051e+00 2.6743892289233153e-02
1970 1.9272459663413459e+00 2.6664312379502050e-02
1971 1.9071159715379609e+00 2.6385804872411933e-02
1972 1.8932787313284920e+00 2.6194360447642472e-02
1973 1.8886188486194129e+00 2.6129888880246949e-02
1974 1.8605299748183768e+00 2.5741266712397213e-02
1975 1.8623253349655169e+00 2.5766106325312801e-02
1976 1.8391234409191775e+00 2.5445097714345430e-02
1977 1.8281879240170724e+00 2.5293799933054650e-02
1978 1.8192234675589209e+00 2.5169772657093414e-02
1979 1.8006366523634931e+00 2.4912615732047772e-02
1980 1.7896038918330703e+00 2.4759972541542150e-02
1981 1.7818543997104859e+00 2.4652754842116188e-02
1982 1.7579729912879964e+00 2.4322344844969541e-02
1983 1.7585547851318462e+00 2.4330394223753469e-02
1984 1.7361020935842228e+00 2.4019751165398562e-02
1985 1.7264417489160209e+00 2.3886095963921820e-02
1986 1.7187311741345626e+00 2.3779416703366085e-02
1987 1.6975476314582592e+00 2.3486332888902197e-02
1988 1.6935315900104599e+00 2.3430769154141117e-02
1989 1.6781412026805389e+00 2.3217836242321051e-02
1990 1.6631641062655780e+00 2.3010621395684445e-02
1991 1.6581961954629603e+00 2.2941888121453771e-02
1992 1.6397602599335404e+00 2.2686818684261992e-02
1993 1.6297040572061525e+00 2.2547686608980648e-02
1994 1.6232084233152735e+00 2.2457816600588265e-02
1995 1.6007055132463888e+00 2.2146478746467000e-02
1996 1.6018815521164949e+00 2.2162749771728229e-02
1997 1.5804857827418701e+00 2.1866729705702193e-02
1998 1.5732465077367341e+00 2.1766571088945811e-02
1999 1.5636474121104067e+00 2.1633763295435673e-02
2000 1.5478208531543813e+00 2.1414795753530686e-02
