# step 17
# iter abs_residual rel_residual
0 7.2278104865846785e+01 1.0000000000000000e+00
1 1.1546600861375805e+03 1.5975240195917012e+01
2 1.1527745212176183e+03 1.5949152559509526e+01
3 1.1585072720810065e+03 1.6028467739037666e+01
4 1.2484330970659321e+03 1.7272631862486033e+01
5 1.4402468346337719e+03 1.9926460956702872e+01
6 1.2677694538267065e+03 1.7540159031283057e+01
7 1.4124522130191292e+03 1.9541909899833971e+01
8 1.3004236603875136e+03 1.7991944625570785e+01
9 1.3783981910459083e+03 1.9070757231450820e+01
10 1.3232324643110503e+03 1.8307514658374927e+01
11 1.3547601259463379e+03 1.8743713998324491e+01
12 1.3364428175024768e+03 1.8490285820069690e+01
13 1.3388396176542906e+03 1.8523446625216177e+01
14 1.3429152194666583e+03 1.8579834404335902e+01
15 1.3277325809228957e+03 1.8369775790154712e+01
16 1.3450051727483121e+03 1.8608749845402500e+01
17 1.3195692023751023e+03 1.8256831786393889e+01
18 1.3443069584342559e+03 1.8599089737194735e+01
19 1.3132163294683812e+03 1.8168936940250475e+01
20 1.3418458874585012e+03 1.8565039716371384e+01
21 1.3079856800730252e+03 1.8096568559742096e+01
22 1.3382737217498857e+03 1.8515617201555234e+01
23 1.3034526903332751e+03 1.8033852613493039e+01
24 1.3340055733943561e+03 1.8456565454647208e+01
25 1.2993510853098185e+03 1.7977105068284580e+01
26 1.3293075319959325e+03 1.8391565944669139e+01
27 1.2955114809371867e+03 1.7923982419596452e+01
28 1.3243513570109894e+03 1.8322995040739904e+01
29 1.2918249965146047e+03 1.7872978254096758e+01
30 1.3192485335184369e+03 1.8252395188931064e+01
31 1.2882212246120832e+03 1.7823118453411471e+01
32 1.3140716232918207e+03 1.8180770313926043e+01
33 1.2846546044795496e+03 1.7773772664127794e+01
34 1.3088677968908394e+03 1.8108773041575862e+01
35 1.2810958289411221e+03 1.7724535408322140e+01
36 1.3036675101278470e+03 1.8036824741704905e+01
37 1.2775263299639771e+03 1.7675149788932004e+01
38 1.2984901357285107e+03 1.7965193444662102e+01
39 1.2739346838603637e+03 1.7625457754113441e+01
40 1.2933476589196127e+03 1.7894044971435768e+01
41 1.2703142383673398e+03 1.7575367266824884e+01
42 1.2882471280003131e+03 1.7823476838406179e+01
43 1.2666615286045010e+03 1.7524830388891814e+01
44 1.2831922934623865e+03 1.7753540935309264e+01
45 1.2629752087383879e+03 1.7473828500104673e+01
46 1.2781847130474703e+03 1.7684258814199271e+01
47 1.2592553284034166e+03 1.7422362287177872e+01
48 1.2732245007403692e+03 1.7615632052107106e+01
49 1.2555028382771065e+03 1.7370444903161303e+01
50 1.2683108376849129e+03 1.7547649319790363e+01
51 1.2517192522220705e+03 1.7318097293023232e+01
52 1.2634423194679689e+03 1.7480291186563431e+01
53 1.2479064168615510e+03 1.7265345005624489e+01
54 1.2586171941775103e+03 1.7413533413937621e+01
55 1.2440663539079703e+03 1.7212216012263248e+01
56 1.2538335239648945e+03 1.7347349190907774e+01
57 1.2402011533663531e+03 1.7158739229096462e+01
58 1.2490892942233993e+03 1.7281710644486271e+01
59 1.2363129023441634e+03 1.7104943532192031e+01
60 1.2443824862342574e+03 1.7216589844793500e+01
61 1.2324036388421951e+03 1.7050857118205055e+01
62 1.2397111252399322e+03 1.7151959470173196e+01
63 1.2284753213131694e+03 1.6996507083207362e+01
64 1.2350733099334657e+03 1.7087793215190796e+01
65 1.2245298121531680e+03 1.6941919194284090e+01
66 1.2304672309091184e+03 1.7024066045906316e+01
67 1.2205688672022038e+03 1.6887117744269375e+01
68 1.2258911806664123e+03 1.6960754338284769e+01
69 1.2165941326630812e+03 1.6832125509117386e+01
70 1.2213435565430341e+03 1.6897835918774199e+01
71 1.2126071450119455e+03 1.6776963746664762e+01
72 1.2168228618962885e+03 1.6835290080651628e+01
73 1.2086093333581618e+03 1.6721652229280572e+01
74 1.2123277032823462e+03 1.6773097544996663e+01
75 1.2046020237653252e+03 1.6666209303649435e+01
76 1.2078567863321186e+03 1.6711240403632402e+01
77 1.2005864443550226e+03 1.6610651961384363e+01
78 1.2034089109084805e+03 1.6649702052123413e+01
79 1.1965637310951122e+03 1.6554995919110194e+01
80 1.1989829658843860e+03 1.6588467117528637e+01
81 1.1925349333528445e+03 1.6499255695293517e+01
82 1.1945779226414668e+03 1.6527521368451580e+01
83 1.1885010204032715e+03 1.6443444700289422e+01
84 1.1901928302472197e+03 1.6466851648314531e+01
85 1.1844628864395690e+03 1.6387575305661581e+01
86 1.1858268092555227e+03 1.6406445789585934e+01
87 1.1804213570153004e+03 1.6331658933313829e+01
88 1.1814790463284894e+03 1.6346292539371323e+01
89 1.1763771933506682e+03 1.6275706115069099e+01
90 1.1771487897165919e+03 1.6286381496878789e+01
91 1.1723310979339271e+03 1.6219726570167488e+01
92 1.1728353439154857e+03 1.6226703039493774e+01
93 1.1682837191214262e+03 1.6163729268909893e+01
94 1.1685380650367520e+03 1.6167248258731192e+01
95 1.1642356550303689e+03 1.6107722486516099e+01
96 1.1642563576303965e+03 1.6108008916273299e+01
97 1.1601874578334587e+03 1.6051713862543128e+01
98 1.1599896696489234e+03 1.6048977374295372e+01
99 1.1561396376437108e+03 1.5995710454633347e+01
100 1.1557374897039595e+03 1.5990146557509899e+01
101 1.1520926651035804e+03 1.5939718774336225e+01
102 1.1514993435972817e+03 1.5931509905171767e+01
103 1.1480469756769958e+03 1.5883744846490528e+01
104 1.1472747910251082e+03 1.5873061325480661e+01
105 1.1440029715513947e+03 1.5827794235539852e+01
106 1.1430634233274734e+03 1.5814795164442662e+01
107 1.1399610245708507e+03 1.5771872086113740e+01
108 1.1388648605572475e+03 1.5756706165318811e+01
109 1.1359214789430703e+03 1.5715983160480203e+01
110 1.1346787494213086e+03 1.5698789440140297e+01
111 1.1318846530390001e+03 1.5660131863444084e+01
112 1.1305047609324183e+03 1.5641040437221122e+01
113 1.1278508414156788e+03 1.5604322270334132e+01
114 1.1263425889422529e+03 1.5583454920861904e+01
115 1.1238203171270443e+03 1.5548558158974053e+01
116 1.1221919476093819e+03 1.5526028936318248e+01
117 1.1197933329724174e+03 1.5492843026955841e+01
118 1.1180525705910459e+03 1.5468758798618609e+01
119 1.1157701230409805e+03 1.5437180113008328e+01
120 1.1139242088663837e+03 1.5411641062447679e+01
121 1.1117509047683448e+03 1.5381572425450724e+01
122 1.1098066298854053e+03 1.5354672510372041e+01
123 1.1077358792249488e+03 1.5326022746182735e+01
124 1.1056996160740298e+03 1.5297850132156697e+01
125 1.1037252332613787e+03 1.5270533660366024e+01
126 1.1016029635317207e+03 1.5241171106746265e+01
127 1.0997191401742673e+03 1.5215107565637242e+01
128 1.0975164815420583e+03 1.5184632795493540e+01
129 1.0957177605410868e+03 1.5159746683657735e+01
130 1.0934399909855115e+03 1.5128232720199465e+01
131 1.0917212434656358e+03 1.5104453077345438e+01
132 1.0893733238499713e+03 1.5071968556341153e+01
133 1.0877297275761932e+03 1.5049228664684771e+01
134 1.0853163221755099e+03 1.5015838118472155e+01
135 1.0837433411658269e+03 1.4994075220667867e+01
136 1.0812688376687131e+03 1.4959839354886569e+01
137 1.0797622035128384e+03 1.4938994395563531e+01
138 1.0772307304157525e+03 1.4903970329813822e+01
139 1.0757864254710059e+03 1.4883987723083509e+01
140 1.0732018690377304e+03 1.4848229225567938e+01
141 1.0718161096207473e+03 1.4829056622473885e+01
142 1.0691821292832315e+03 1.4792614323074854e+01
143 1.0678513515688728e+03 1.4774202416497770e+01
144 1.0651713940609770e+03 1.4737124002324212e+01
145 1.0638922397473812e+03 1.4719426328651526e+01
146 1.0611695529622448e+03 1.4681756735761814e+01
147 1.0599388563565396e+03 1.4664729496212722e+01
148 1.0571765012085257e+03 1.4626511073729993e+01
149 1.0559912776340232e+03 1.4610112973963785e+01
150 1.0531921400312085e+03 1.4571385649720710e+01
151 1.0520495743104314e+03 1.4555577740494288e+01
152 1.0492163758001659e+03 1.4516379168319158e+01
153 1.0481138117898843e+03 1.4501124700699565e+01
154 1.0452491196646147e+03 1.4461490400234899e+01
155 1.0441840510104644e+03 1.4446754697685321e+01
156 1.0412902872573925e+03 1.4406718178210401e+01
157 1.0402603481828469e+03 1.4392468509151461e+01
158 1.0373397988381716e+03 1.4352061399002462e+01
159 1.0363427553339625e+03 1.4338266854913906e+01
160 1.0333975781012434e+03 1.4297519006887377e+01
161 1.0324313207347968e+03 1.4284150402823393e+01
162 1.0294635529028053e+03 1.4243090003723280e+01
163 1.0285260887834008e+03 1.4230119767146872e+01
164 1.0255376543593320e+03 1.4188773436475701e+01
165 1.0246271007420180e+03 1.4176175518765987e+01
166 1.0216198166694329e+03 1.4134568394752888e+01
167 1.0207343943732474e+03 1.4122318180143237e+01
168 1.0177099774273274e+03 1.4080474015142874e+01
169 1.0168480047075608e+03 1.4068548235940909e+01
170 1.0138080767359580e+03 1.4026489468943003e+01
171 1.0129679638435948e+03 1.4014866130258039e+01
172 1.0099140573892491e+03 1.3972613964681562e+01
173 1.0090943013391765e+03 1.3961272272040420e+01
174 1.0060278648012365e+03 1.3918846747137250e+01
175 1.0052270441543030e+03 1.3907767034291709e+01
176 1.0021494466784615e+03 1.3865187092806609e+01
177 1.0013662172142555e+03 1.3854350761864346e+01
178 9.9827875258301174e+02 1.3811634303858504e+01
179 9.9751184302568299e+02 1.3801023766147919e+01
180 9.9441573467097749e+02 1.3758187718350980e+01
181 9.9366394212986359e+02 1.3747786331340221e+01
182 9.9056034660852481e+02 1.3704846695234664e+01
183 9.8982253330572087e+02 1.3694638717256085e+01
184 9.8671254400332657e+02 1.3651610620321797e+01
185 9.8598763320087210e+02 1.3641581154222763e+01
186 9.8287228417897893e+02 1.3598478903165192e+01
187 9.8215925727102660e+02 1.3588613856076924e+01
188 9.7903952593127838e+02 1.3545450973686211e+01
189 9.7833741900761788e+02 1.3535737009478604e+01
190 9.7521422962200688e+02 1.3492526283472328e+01
191 9.7452213053033836e+02 1.3482950782109182e+01
192 9.7139635705619958e+02 1.3439704304079072e+01
193 9.7071340264499588e+02 1.3430255323471856e+01
194 9.6758587122085430e+02 1.3386984523414958e+01
195 9.6691124481730662e+02 1.3377650764529058e+01
196 9.6378273645913896e+02 1.3334366448151719e+01
197 9.6311566502126493e+02 1.3325137215604572e+01
198 9.5998691833153168e+02 1.3281849601803126e+01
199 9.5932667049370582e+02 1.3272714776823261e+01
200 9.5619838332301583e+02 1.3229433520673886e+01
201 9.5554426703303238e+02 1.3220383528408629e+01
202 9.5241709908939276e+02 1.3177117757267508e+01
203 9.5176845945008449e+02 1.3168143536920805e+01
204 9.4864303432018232e+02 1.3124901878389453e+01
205 9.4799925167998322e+02 1.3115994856803953e+01
206 9.4487615845462960e+02 1.3072785461217968e+01
207 9.4423664670703897e+02 1.3063937529347347e+01
208 9.4111644193022562e+02 1.3020768096742485e+01
209 9.4048064648178877e+02 1.3011971581537543e+01
210 9.3736385591208557e+02 1.2968849386019437e+01
211 9.3673125252368379e+02 1.2960097034396828e+01
212 9.3361837237506950e+02 1.2917028941308443e+01
213 9.3298846505214260e+02 1.2908313890960954e+01
214 9.2987996415168573e+02 1.2865306386735069e+01
215 9.2925228388168182e+02 1.2856622148663678e+01
216 9.2614860447863589e+02 1.2813681352017079e+01
217 9.2552270815848021e+02 1.2805021795692001e+01
218 9.2242426760120395e+02 1.2762153480826425e+01
219 9.2179973606232284e+02 1.2753512806862432e+01
220 9.1870692806389957e+02 1.2710722420974980e+01
221 9.1808336550623051e+02 1.2702095153300677e+01
222 9.1499656116565779e+02 1.2659387830712431e+01
223 9.1437359359056222e+02 1.2650768794888902e+01
224 9.1129314270330326e+02 1.2608149375176993e+01
225 9.1067041698782953e+02 1.2599533685589813e+01
226 9.0759664895949516e+02 1.2557006726228613e+01
227 9.0697383169760030e+02 1.2548389770055635e+01
228 9.0390705672396541e+02 1.2505959562742825e+01
229 9.0328383340563630e+02 1.2497336988596951e+01
230 9.0022434340202119e+02 1.2455007572111921e+01
231 8.9960041708076028e+02 1.2446375271605163e+01
232 8.9654848648682957e+02 1.2404150442943768e+01
233 8.9592357756923434e+02 1.2395504547775998e+01
234 8.9287946419239381e+02 1.2353387873819333e+01
235 8.9225330891395686e+02 1.2344724734690283e+01
236 8.8921725518875769e+02 1.2302719569629103e+01
237 8.8858960491913149e+02 1.2294035746626394e+01
238 8.8556183822363380e+02 1.2252145236338148e+01
239 8.8493245909296672e+02 1.2243437493767486e+01
240 8.8191319253530003e+02 1.2201664586698731e+01
241 8.8128186447117321e+02 1.2192929879759491e+01
242 8.7827129783126702e+02 1.2151277339955163e+01
243 8.7763781374515179e+02 1.2142512803484664e+01
244 8.7463613380882873e+02 1.2100983215210395e+01
245 8.7400029932503082e+02 1.2092186159933723e+01
246 8.7100768085986419e+02 1.2050781941177281e+01
247 8.7036931317526341e+02 1.2041949837931275e+01
248 8.6738591940171307e+02 1.2000673246920931e+01
249 8.6674484724920944e+02 1.1991803726148444e+01
250 8.6377083001792334e+02 1.1950656863806023e+01
251 8.6312689282969973e+02 1.1941747703979283e+01
252 8.6016239401529981e+02 1.1900732533203815e+01
253 8.5951544118000731e+02 1.1891781650547259e+01
254 8.5656059241230707e+02 1.1850899992496252e+01
255 8.5591048331147670e+02 1.1841905441490288e+01
256 8.5296540675181325e+02 1.1801158986320639e+01
257 8.5231200980515609e+02 1.1792118946492948e+01
258 8.4937681873091924e+02 1.1751509261448152e+01
259 8.4872001123314385e+02 1.1742422035115995e+01
260 8.4579481023273240e+02 1.1701950567223458e+01
261 8.4513447784072002e+02 1.1692814572398497e+01
262 8.4221936322754800e+02 1.1652482654197506e+01
263 8.4155539961936176e+02 1.1643296419868056e+01
264 8.3865046014575501e+02 1.1603105279286845e+01
265 8.3798276641796622e+02 1.1593867437079608e+01
266 8.3508808331708974e+02 1.1553818198015451e+01
267 8.3441656792310357e+02 1.1544527481342227e+01
268 8.3153221536708406e+02 1.1504621169999767e+01
269 8.3085679340862464e+02 1.1495276404254827e+01
270 8.2798283914251249e+02 1.1455513957917221e+01
271 8.2730343237646321e+02 1.1446114060571956e+01
272 8.2443993739887287e+02 1.1406496323182393e+01
273 8.2375647377123312e+02 1.1397040297337385e+01
274 8.2090349337019768e+02 1.1357568033830605e+01
275 8.2021590649366442e+02 1.1348054960987735e+01
276 8.1737349013358607e+02 1.1308728855725928e+01
277 8.1668171944254948e+02 1.1299157897932822e+01
278 8.1384991106277198e+02 1.1259978558836515e+01
279 8.1315390119735389e+02 1.1250348950164430e+01
280 8.1033273950930186e+02 1.1211316912823545e+01
281 8.0963244025323058e+02 1.1201627958507835e+01
282 8.0682195906074151e+02 1.1162743690613629e+01
283 8.0611732500925700e+02 1.1152994762459075e+01
284 8.0331755331846659e+02 1.1114258665324446e+01
285 8.0260854365264913e+02 1.1104449198582984e+01
286 7.9981950615202572e+02 1.1065861613783962e+01
287 7.9910608422967402e+02 1.1055991101494302e+01
288 7.9632780127169599e+02 1.1017552310616557e+01
289 7.9560993485166694e+02 1.1007620306708022e+01
290 7.9284242268445007e+02 1.0969330534551522e+01
291 7.9212008323853206e+02 1.0959336644323511e+01
292 7.8936335448791567e+02 1.0921196065572406e+01
293 7.8863651723866576e+02 1.0911139946217880e+01
294 7.8589058052157213e+02 1.0873148680091155e+01
295 7.8515922454767076e+02 1.0863030042154275e+01
296 7.8242408522016069e+02 1.0825188162755436e+01
297 7.8168819265185789e+02 1.0815006759000195e+01
298 7.7896385265582114e+02 1.0777314293196156e+01
299 7.7822340903196073e+02 1.0767069923545973e+01
300 7.7550986720847129e+02 1.0729526855302471e+01
301 7.7476486104706703e+02 1.0719219360898917e+01
302 7.7206211320888826e+02 1.0681825632283656e+01
303 7.7131253598656849e+02 1.0671454895202059e+01
304 7.6862057518605263e+02 1.0634210410091219e+01
305 7.6786642094086233e+02 1.0623776347845258e+01
306 7.6518523750010627e+02 1.0586680972340705e+01
307 7.6442650311544548e+02 1.0576183541810822e+01
308 7.6175608487583008e+02 1.0539237107692609e+01
309 7.6099276934564193e+02 1.0528676294959554e+01
310 7.5833310178123691e+02 1.0491878601254919e+01
311 7.5756520684336544e+02 1.0481254430362547e+01
312 7.5491627275214216e+02 1.0444605239073708e+01
313 7.5414380217621886e+02 1.0433917762176561e+01
314 7.5150558279824304e+02 1.0397416813751411e+01
315 7.5072854235876775e+02 1.0386666110742283e+01
316 7.4810101621171475e+02 1.0350313107963228e+01
317 7.4731941401585254e+02 1.0339499291008385e+01
318 7.4470255811273717e+02 1.0303293915840174e+01
319 7.4391640374282861e+02 1.0292417117515594e+01
320 7.4131019305104735e+02 1.0256359023620927e+01
321 7.4051949826538964e+02 1.0245419406607930e+01
322 7.3792390604407922e+02 1.0209508224014970e+01
323 7.3712868386840978e+02 1.0198505968530473e+01
324 7.3454368180191557e+02 1.0162741305479440e+01
325 7.3374394726751882e+02 1.0151676619488002e+01
326 7.3116950527557719e+02 1.0116058059804956e+01
327 7.3036527465496829e+02 1.0104931168444127e+01
328 7.2780136136053329e+02 1.0069458278013563e+01
329 7.2699265252738337e+02 1.0058269428573599e+01
330 7.2443923489340546e+02 1.0022941750313118e+01
331 7.2362606703554275e+02 1.0011691208266228e+01
332 7.2108311097030673e+02 9.9765082705016592e+00
333 7.2026550458652139e+02 9.9651963194578013e+00
334 7.1773297436846417e+02 9.9301576279652988e+00
335 7.1691095113071708e+02 9.9187845677657691e+00
336 7.1438881029668380e+02 9.8838896180612288e+00
337 7.1356239292276325e+02 9.8724557630168217e+00
338 7.1105060356840056e+02 9.8377040306765124e+00
339 7.1021981597292722e+02 9.8262097116567304e+00
340 7.0771833938594591e+02 9.7916006610787676e+00
341 7.0688320629332463e+02 9.7800462201568408e+00
342 7.0439200252629939e+02 9.7455792986506804e+00
343 7.0355254992790265e+02 9.7339650954289034e+00
344 7.0107157832266716e+02 9.6996397404705750e+00
345 7.0022783261021948e+02 9.6879661400902979e+00
346 6.9775705161192514e+02 9.6537817767498328e+00
347 6.9690904045541868e+02 9.6420491620378055e+00
348 6.9444840746909051e+02 9.6080052009946204e+00
349 6.9359615906032502e+02 9.5962139619970390e+00
350 6.9114563108494758e+02 9.5623098083127971e+00
351 6.9028917439971792e+02 9.5504603459227777e+00
352 6.8784870735984634e+02 9.5166953897939308e+00
353 6.8698807203301658e+02 9.5047881140231123e+00
354 6.8455762145461006e+02 9.4711617401313557e+00
355 6.8369283784424124e+02 9.4591970709971296e+00
356 6.8127235837562739e+02 9.4257086518817346e+00
357 6.8040345729441106e+02 9.4136870156915080e+00
358 6.7799290332478779e+02 9.3803359203065710e+00
359 6.7711991611932524e+02 9.3682577507546316e+00
360 6.7471924113731518e+02 9.3350433355943849e+00
361 6.7384219985848222e+02 9.3229090761189770e+00
362 6.7145135713516174e+02 9.2898306946678026e+00
363 6.7057029403870274e+02 9.2776407915416161e+00
364 6.6818923610237880e+02 9.2446977870073486e+00
365 6.6730418422599280e+02 9.2324526973217687e+00
366 6.6493286331322122e+02 9.1996444088757325e+00
367 6.6404385568530779e+02 9.1873445895934829e+00
368 6.6168222374500976e+02 9.1546703524274502e+00
369 6.6078929408023453e+02 9.1423162700060505e+00
370 6.5843730240153980e+02 9.1097754101832837e+00
371 6.5754048451887047e+02 9.0973675325233216e+00
372 6.5519808441061980e+02 9.0649593763797931e+00
373 6.5429741253280793e+02 9.0524981769683865e+00
374 6.5196455475649088e+02 9.0202220432672195e+00
375 6.5106006326670069e+02 9.0077079978108685e+00
376 6.4873669848716781e+02 8.9755632039781403e+00
377 6.4782842214647405e+02 8.9629967934119037e+00
378 6.4551450051111863e+02 8.9309826497144424e+00
379 6.4460247421715360e+02 8.9183643568627158e+00
380 6.4229794603119365e+02 8.8864801757509220e+00
381 6.4138220481095004e+02 8.8738104852278603e+00
382 6.3908701979160719e+02 8.8420555710169406e+00
383 6.3816759899454894e+02 8.8293349718982341e+00
384 6.3588170697950466e+02 8.7977086305700123e+00
385 6.3495864190118596e+02 8.7849376111854838e+00
386 6.3268199236930479e+02 8.7534391437573902e+00
387 6.3175531872095200e+02 8.7406181981878746e+00
388 6.2948786104094836e+02 8.7092469041533640e+00
389 6.2855761424904961e+02 8.6963765225402145e+00
390 6.2629929790363883e+02 8.6651317029699957e+00
391 6.2536551372957592e+02 8.6522123800879669e+00
392 6.2311628782892524e+02 8.6210933308983773e+00
393 6.2217900199818030e+02 8.6081255610255418e+00
394 6.1993881576260299e+02 8.5771315796568377e+00
395 6.1899806409377072e+02 8.5641158583595178e+00
396 6.1676686648656153e+02 8.5332462386959911e+00
397 6.1582268482262612e+02 8.5201830618779510e+00
398 6.1360042501018336e+02 8.4894371006139231e+00
399 6.1265284917975930e+02 8.4763269639801120e+00
400 6.1043947597719398e+02 8.4457039529496836e+00
401 6.0948854185746893e+02 8.4325473528770889e+00
402 6.0728400446936689e+02 8.4020465893029215e+00
403 6.0632974771240094e+02 8.3888440190537832e+00
404 6.0413399501964159e+02 8.3584647956799163e+00
405 6.0317645159844506e+02 8.3452167529569667e+00
406 6.0098943263498825e+02 8.3149583646453742e+00
407 6.0002863802514457e+02 8.3016653402692242e+00
408 5.9785030188921166e+02 8.2715270827709659e+00
409 5.9688629199358923e+02 8.2581895734739028e+00
410 5.9471658763923722e+02 8.2281707405454636e+00
411 5.9374939782288129e+02 8.2147892356187491e+00
412 5.9158827462986687e+02 8.1848891269063575e+00
413 5.9061794040871553e+02 8.1714641177289256e+00
414 5.8846534737037007e+02 8.1416820275324433e+00
415 5.8749190419198544e+02 8.1282140045372167e+00
416 5.8534779073190975e+02 8.0985492331094751e+00
417 5.8437127383980192e+02 8.0850386839062232e+00
418 5.8223558916587274e+02 8.0554905285154152e+00
419 5.8125603374115121e+02 8.0419379398505679e+00
420 5.7912872749958080e+02 8.0125057038294543e+00
421 5.7814616845545481e+02 7.9989115587429209e+00
422 5.7602719012591149e+02 7.9695945431200528e+00
423 5.7504166241499718e+02 7.9559593251969556e+00
424 5.7293096180141652e+02 7.9267568354872671e+00
425 5.7194249998151361e+02 7.9130810228502648e+00
426 5.6984002684663187e+02 7.8839923639986793e+00
427 5.6884866568062807e+02 7.8702764376079166e+00
428 5.6675436994446375e+02 7.8413009167354275e+00
429 5.6576014365942683e+02 7.8275453501377381e+00
430 5.6367397543383925e+02 7.7986822770195419e+00
431 5.6267691846806929e+02 7.7848875466842546e+00
432 5.6059882782432067e+02 7.7561362305338699e+00
433 5.5959897410962526e+02 7.7423028059227628e+00
434 5.5752891157919646e+02 7.7136625623210389e+00
435 5.5652629506166613e+02 7.6997909130934996e+00
436 5.5446421094543064e+02 7.6712610544307296e+00
437 5.5345886535548937e+02 7.6573516472623027e+00
438 5.5140471043150023e+02 7.6289314925307732e+00
439 5.5039666927428812e+02 7.6149847909801007e+00
440 5.4835039423386900e+02 7.5866736579721570e+00
441 5.4733969080308623e+02 7.5726901226725154e+00
442 5.4530124683612894e+02 7.5444873360784177e+00
443 5.4428791409904147e+02 7.5304674231467175e+00
444 5.4225725228228350e+02 7.5023723060911855e+00
445 5.4124132322773596e+02 7.4883164719428894e+00
446 5.3921839500001170e+02 7.4603283525604152e+00
447 5.3819990213855147e+02 7.4462370469935273e+00
448 5.3618465897435908e+02 7.4183552539120292e+00
449 5.3516363495243036e+02 7.4042289286047476e+00
450 5.3315602852992629e+02 7.3764527932698449e+00
451 5.3213250538151897e+02 7.3622918914267892e+00
452 5.3013248771592600e+02 7.3346207499475664e+00
453 5.2910649755281122e+02 7.3204257158494936e+00
454 5.2711402066220035e+02 7.2928589043744410e+00
455 5.2608559507448842e+02 7.2786301750846967e+00
456 5.2410061143532482e+02 7.2511670361043938e+00
457 5.2306978198921820e+02 7.2369050483555464e+00
458 5.2109224398922788e+02 7.2095449231328281e+00
459 5.2005904192538890e+02 7.1952501091534540e+00
460 5.1808890236706884e+02 7.1679923446896963e+00
461 5.1705335874297634e+02 7.1536651341739459e+00
462 5.1509057042480981e+02 7.1265090774149922e+00
463 5.1405271604146867e+02 7.1121498965085825e+00
464 5.1209723220834314e+02 7.0850949005764798e+00
465 5.1105709750975979e+02 7.0707041704858957e+00
466 5.0910887144324028e+02 7.0437495890101429e+00
467 5.0806648679428002e+02 7.0293277298469148e+00
468 5.0612547205688338e+02 7.0024729203441023e+00
469 5.0508086742025881e+02 6.9880203466557989e+00
470 5.0314701773775801e+02 6.9612646689012401e+00
471 5.0210022304849736e+02 6.9467817948524031e+00
472 5.0017349229788653e+02 6.9201246107136249e+00
473 4.9912453696274565e+02 6.9056118431599121e+00
474 4.9720487948304935e+02 6.8790525208968383e+00
475 4.9615379280054202e+02 6.8645102651963290e+00
476 4.9424116285612649e+02 6.8380481720359523e+00
477 4.9318797383156419e+02 6.8234768294901418e+00
478 4.9128232618311091e+02 6.7971113395261984e+00
479 4.9022706351045105e+02 6.7825113071288570e+00
480 4.8832835285441297e+02 6.7562417935664545e+00
481 4.8727104513253931e+02 6.7416134669959655e+00
482 4.8537922662432453e+02 6.7154393093900611e+00
483 4.8431990193382364e+02 6.7007830771539352e+00
484 4.8243493076971754e+02 6.6747036556250405e+00
485 4.8137361725392282e+02 6.6600199070989188e+00
486 4.7949544894063160e+02 6.6340346060623574e+00
487 4.7843217406642776e+02 6.6193237212629095e+00
488 4.7656076444538667e+02 6.5934319297651305e+00
489 4.7549555577743206e+02 6.5786942900617698e+00
490 4.7363086062778592e+02 6.5528953962874086e+00
491 4.7256374523915156e+02 6.5381313762482138e+00
492 4.7070572087753084e+02 6.5124247758182587e+00
493 4.6963672571536569e+02 6.4976347482691237e+00
494 4.6778532834075321e+02 6.4720198351768561e+00
495 4.6671448003152966e+02 6.4572041685069683e+00
496 4.6486966643933073e+02 6.4316803449974422e+00
497 4.6379699120349818e+02 6.4168394019784802e+00
498 4.6195871815741407e+02 6.3914060698581094e+00
499 4.6088424215394360e+02 6.3765402124111716e+00
500 4.5905246676100575e+02 6.3511967782364964e+00
501 4.5797621573672410e+02 6.3363063625804799e+00
502 4.5615089517911935e+02 6.3110522339478505e+00
503 4.5507289478139597e+02 6.2961376149256134e+00
504 4.5325398659965720e+02 6.2709722043892580e+00
505 4.5217426198647695e+02 6.2560337300728071e+00
506 4.5036172384936094e+02 6.2309564519609886e+00
507 4.4928030019153766e+02 6.2159944705998216e+00
508 4.4747408998301842e+02 6.1910047422184302e+00
509 4.4639099185311647e+02 6.1760195937849973e+00
510 4.4459106782740190e+02 6.1511168375622738e+00
511 4.4350631979839517e+02 6.1361088620346909e+00
512 4.4171264019072538e+02 6.1112925001364511e+00
513 4.4062626640781411e+02 6.0962620315743923e+00
514 4.3883878989359340e+02 6.0715314922563186e+00
515 4.3775081434585621e+02 6.0564788625594472e+00
516 4.3596949957285022e+02 6.0318335736948292e+00
517 4.3487994591679285e+02 6.0167591101615132e+00
518 4.3310475206389344e+02 5.9921985069720094e+00
519 4.3201364359143679e+02 5.9771025318564215e+00
520 4.3024452980955425e+02 5.9526260491765548e+00
521 4.2915188970224284e+02 5.9375088832057612e+00
522 4.2738881550258606e+02 5.9131159608549444e+00
523 4.2629466656149503e+02 5.8979779194920470e+00
524 4.2453759149938321e+02 5.8736679978999815e+00
525 4.2344195642583486e+02 5.8585093952279568e+00
526 4.2169084041954409e+02 5.8342819198460134e+00
527 4.2059374137911186e+02 5.8191030625355111e+00
528 4.1884854450687430e+02 5.7949574810281268e+00
529 4.1775000369989499e+02 5.7797586762307640e+00
530 4.1601068621592111e+02 5.7556944386971134e+00
531 4.1491072525624037e+02 5.7404759854501402e+00
532 4.1317724778740597e+02 5.7164925471453882e+00
533 4.1207588825563278e+02 5.7012547440262082e+00
534 4.1034821139204314e+02 5.6773515596967865e+00
535 4.0924547452806286e+02 5.6620947005687414e+00
536 4.0752355924058730e+02 5.6382712302291198e+00
537 4.0641946609027195e+02 5.6229956062712887e+00
538 4.0470327336804900e+02 5.5992513101887020e+00
539 4.0359784463598419e+02 5.5839572078583135e+00
540 4.0188733594792893e+02 5.5602915529379180e+00
541 4.0078059203907776e+02 5.5449792545467895e+00
542 3.9907572879780889e+02 5.5213917069148577e+00
543 3.9796768999594207e+02 5.5060614930980538e+00
544 3.9626843397174258e+02 5.4825515238293052e+00
545 3.9515912016012948e+02 5.4672036696807753e+00
546 3.9346543316866524e+02 5.4437707504778192e+00
547 3.9235486417440814e+02 5.4284055303144179e+00
548 3.9066670834718343e+02 5.4050491372496294e+00
549 3.8955490346098634e+02 5.3896668179668996e+00
550 3.8787224110919459e+02 5.3663864295987365e+00
551 3.8675921961430157e+02 5.3509872779890078e+00
552 3.8508201321522296e+02 5.3277823751738111e+00
553 3.8396779388001141e+02 5.3123666509060037e+00
554 3.8229600622915359e+02 5.2892367189029335e+00
555 3.8118060777534112e+02 5.2738046810004073e+00
556 3.7951420163543241e+02 5.2507492046151087e+00
557 3.7839764244492972e+02 5.2353011073998434e+00
558 3.7673658095590702e+02 5.2123195766568093e+00
559 3.7561887921117250e+02 5.1968556716912735e+00
560 3.7396312552983949e+02 5.1739475768483576e+00
561 3.7284429908964250e+02 5.1584681112166342e+00
562 3.7119381681046622e+02 5.1356329485869603e+00
563 3.7007388322463618e+02 5.1201381650988109e+00
564 3.6842863591421485e+02 5.0973754306099224e+00
565 3.6730761260763677e+02 5.0818655703464470e+00
566 3.6566756416386789e+02 5.0591747645095628e+00
567 3.6454546818783768e+02 5.0436500633830885e+00
568 3.6291058250916041e+02 5.0210306867169221e+00
569 3.6178743088537647e+02 5.0054913802302821e+00
570 3.6015767215567462e+02 4.9829429372028002e+00
571 3.5903348138494817e+02 4.9673892536521178e+00
572 3.5740881398342930e+02 4.9449112514336813e+00
573 3.5628360053843534e+02 4.9293434187258036e+00
574 3.5466398895974913e+02 4.9069353660839656e+00
575 3.5353776886592999e+02 4.8913536059380753e+00
576 3.5192317786864174e+02 4.8690150152917786e+00
577 3.5079596711146570e+02 4.8534195488739993e+00
578 3.4918636144247102e+02 4.8311499324807325e+00
579 3.4805817566400077e+02 4.8155409762060177e+00
580 3.4645352041594737e+02 4.7933398511069063e+00
581 3.4532437503414951e+02 4.7777176182897394e+00
582 3.4372463533218041e+02 4.7555845019754930e+00
583 3.4259454549128606e+02 4.7399492021431033e+00
584 3.4099968684102049e+02 4.7178836173684928e+00
585 3.3986866738008757e+02 4.7022354558259041e+00
586 3.3827865522770009e+02 4.6802369245232551e+00
587 3.3714672088741111e+02 4.6645761052144215e+00
588 3.3556152101772426e+02 4.6426441540014078e+00
589 3.3442868614176552e+02 4.6269708753776619e+00
590 3.3284826433887565e+02 4.6051050308619086e+00
591 3.3171454323796337e+02 4.5894194909184289e+00
592 3.3013886555136543e+02 4.5676192833794724e+00
593 3.2900427204032894e+02 4.5519216732506180e+00
594 3.2743330468239617e+02 4.5301866352214857e+00
595 3.2629785255415339e+02 4.5144771457384643e+00
596 3.2473156185141772e+02 4.4928068113316222e+00
597 3.2359526447095010e+02 4.4770856274049455e+00
598 3.2203361696003202e+02 4.4554795336395294e+00
599 3.2089648764719431e+02 4.4397468395553625e+00
600 3.1933944989368973e+02 4.4182045238513945e+00
601 3.1820150162012021e+02 4.4024604990781713e+00
602 3.1664904046748535e+02 4.3809815026999965e+00
603 3.1551028602971502e+02 4.3652263242834630e+00
604 3.1396236836333190e+02 4.3438101890754881e+00
605 3.1282282025225635e+02 4.3280440298327880e+00
606 3.1127941325180842e+02 4.3066903017112139e+00
607 3.1013908376426218e+02 4.2909133317745667e+00
608 3.0860015458859232e+02 4.2696215563672535e+00
609 3.0745905582852959e+02 4.2538339432002967e+00
610 3.0592457186863260e+02 4.2326036693470312e+00
611 3.0478271566416504e+02 4.2168055765969941e+00
612 3.0325264440533948e+02 4.1956363544422972e+00
613 3.0211004241041474e+02 4.1798279433467727e+00
614 3.0058435149623648e+02 4.1587193252250048e+00
615 2.9944101505316200e+02 4.1429007527099033e+00
616 2.9791967231151040e+02 4.1218522935053450e+00
617 2.9677561256630605e+02 4.1060237137808517e+00
618 2.9525858591030692e+02 4.0850349695572055e+00
619 2.9411381378658092e+02 4.0691965337563394e+00
620 2.9260107129420390e+02 4.0482670628579971e+00
621 2.9145559747472237e+02 4.0324189187816186e+00
622 2.8994710732887495e+02 4.0115482810048357e+00
623 2.8880094231049765e+02 3.9956905738817086e+00
624 2.8729667280771946e+02 3.9748783305948900e+00
625 2.8614982682738548e+02 3.9590112020576571e+00
626 2.8464974645987593e+02 3.9382569173362496e+00
627 2.8350222952031424e+02 3.9223805057771535e+00
628 2.8200630683658517e+02 3.9016837444757106e+00
629 2.8085812873960145e+02 3.8857981855071295e+00
630 2.7936633247351131e+02 3.8651585150445595e+00
631 2.7821750279013463e+02 3.8492639410859728e+00
632 2.7672980171777328e+02 3.8286809294654742e+00
633 2.7558032984128118e+02 3.8127774704770903e+00
634 2.7409669290628824e+02 3.7922506880199869e+00
635 2.7294658794377500e+02 3.7763384700025400e+00
636 2.7146698420964515e+02 3.7558674886884051e+00
637 2.7031625510262603e+02 3.7399466353517692e+00
638 2.6884065372371612e+02 3.7195310284172942e+00
639 2.6768930914265843e+02 3.7036016597212740e+00
640 2.6621767944908487e+02 3.6832410028348623e+00
641 2.6506572786668892e+02 3.6673032360030668e+00
642 2.6359803921345286e+02 3.6469971051774150e+00
643 2.6244548892392100e+02 3.6310510549638537e+00
644 2.6098171084279141e+02 3.6107990286573188e+00
645 2.5982856986193150e+02 3.5948448059642888e+00
646 2.5836867193523204e+02 3.5746464633346759e+00
647 2.5721494814008298e+02 3.5586841771445434e+00
648 2.5575890009939391e+02 3.5385390994146886e+00
649 2.5460460106028771e+02 3.5225688544663925e+00
650 2.5315237275052405e+02 3.5024766244271697e+00
651 2.5199750587425967e+02 3.4864985231970964e+00
652 2.5054906722027621e+02 3.4664587247453817e+00
653 2.4939363967442384e+02 3.4504728664000788e+00
654 2.4794896071168191e+02 3.4304850849630397e+00
655 2.4679297949483097e+02 3.4144915663311317e+00
656 2.4535203033313749e+02 3.3945553883645401e+00
657 2.4419550217003751e+02 3.3785543024859526e+00
658 2.4275825306960655e+02 3.3586693165265311e+00
659 2.4160118452499017e+02 3.3426607542272846e+00
660 2.4016760577099419e+02 3.3228265491570657e+00
661 2.3901000314645680e+02 3.3068105976225590e+00
662 2.3758006522216547e+02 3.2870267650643399e+00
663 2.3642193463615433e+02 3.2710035089460350e+00
664 2.3499560798057388e+02 3.2512696399102072e+00
665 2.3383695536099737e+02 3.2352391612233760e+00
666 2.3241421062353572e+02 3.2155548496313338e+00
667 2.3125504164408059e+02 3.1995172268739767e+00
668 2.2983584944876651e+02 3.1798820662959817e+00
669 2.2867616966375610e+02 3.1638373763146537e+00
670 2.2726050079594137e+02 3.1442509625529440e+00
671 2.2610031540682033e+02 3.1281992773119649e+00
672 2.2468814073855145e+02 3.1086612073682391e+00
673 2.2352745487721694e+02 3.0926025978697078e+00
674 2.2211874531323903e+02 3.0731124691980640e+00
675 2.2095756378175690e+02 3.0570470018807159e+00
676 2.1955229038060602e+02 3.0376044140630198e+00
677 2.1839061787035547e+02 3.0215321538341899e+00
678 2.1698875167238745e+02 3.0021367062007744e+00
679 2.1582659261205120e+02 2.9860577143332749e+00
680 2.1442810482447982e+02 2.9667090085230288e+00
681 2.1326546346721784e+02 2.9506233438612348e+00
682 2.1187032529135072e+02 2.9313209814313317e+00
683 2.1070720564707378e+02 2.9152286994541581e+00
684 2.0931538844721172e+02 2.8959722842168554e+00
685 2.0815179435416303e+02 2.8798734380281181e+00
686 2.0676326944743005e+02 2.8606625731429611e+00
687 2.0559920454541674e+02 2.8445572131010248e+00
688 2.0421394342952075e+02 2.8253915042260185e+00
689 2.0304941108772499e+02 2.8092796769450290e+00
690 2.0166738525310876e+02 2.7901587296376618e+00
691 2.0050238874076666e+02 2.7740404803489676e+00
692 1.9912356975943442e+02 2.7549639012951666e+00
693 1.9795811203190448e+02 2.7388392708874778e+00
694 1.9658247157518454e+02 2.7198066681473643e+00
695 1.9541655545228286e+02 2.7036756956341019e+00
696 1.9404406522575056e+02 2.6846866777416190e+00
697 1.9287769333556071e+02 2.6685493994834975e+00
698 1.9150832525561987e+02 2.6496035778894966e+00
699 1.9034150044233255e+02 2.6334600332371703e+00
700 1.8897522750910935e+02 2.6145570343862858e+00
701 1.8780795528115556e+02 2.5984072995513681e+00
702 1.8644475834172849e+02 2.5795468584543411e+00
703 1.8527706406175332e+02 2.5633912843404030e+00
704 1.8391697428828019e+02 2.5445738322780178e+00
705 1.8274900619041367e+02 2.5284144697707363e+00
706 1.8139234607567673e+02 2.5096444685752841e+00
707 1.8022492187706894e+02 2.4934926311582046e+00
708 1.7887350100024165e+02 2.4747951171692089e+00
709 1.7771064023495859e+02 2.4587064168990311e+00
710 1.7637290606450381e+02 2.4401982646316509e+00
711 1.7523193115529904e+02 2.4244123649968654e+00
712 1.7394189866266876e+02 2.4065641868380068e+00
713 1.7288744054498338e+02 2.3919752858196066e+00
714 1.7176261176758797e+02 2.3764127751604911e+00
715 1.7100033067238846e+02 2.3658662742994858e+00
716 1.7038368986982891e+02 2.3573347722117637e+00
717 1.7046154954703991e+02 2.3584119957686833e+00
718 1.7118245450392280e+02 2.3683860391974774e+00
719 1.7329606918083968e+02 2.3976288462804787e+00
720 1.7697318182937363e+02 2.4485033490826611e+00
721 1.8318501404444211e+02 2.5344468339955273e+00
722 1.9222031551583308e+02 2.6594542824913217e+00
723 2.0500909445238207e+02 2.8363927752795024e+00
724 2.2133038988572741e+02 3.0622052182542983e+00
725 2.4098495920353116e+02 3.3341350005069459e+00
726 2.6149492964901310e+02 3.6178996410374342e+00
727 2.7961444570712814e+02 3.8685912729188474e+00
728 2.8993145354034368e+02 4.0113317038192511e+00
729 2.8919292285338321e+02 4.0011138005090956e+00
730 2.7684028456252378e+02 3.8302095091778998e+00
731 2.5804592577501001e+02 3.5701811254454068e+00
732 2.3927389810288386e+02 3.3104617027105641e+00
733 2.2720072195933719e+02 3.1434238955356895e+00
734 2.2485735948798759e+02 3.1110024246670354e+00
735 2.3276040053657800e+02 3.2203445423561892e+00
736 2.4648145366727854e+02 3.4101814667770460e+00
737 2.5856469445640346e+02 3.5773585228378306e+00
738 2.6024233697162833e+02 3.6005694595155240e+00
739 2.5021722409312002e+02 3.4618675262382803e+00
740 2.3497745503504382e+02 3.2510184857665871e+00
741 2.2477896540928728e+02 3.1099178074258140e+00
742 2.2495805692188338e+02 3.1123956188311972e+00
743 2.3489211901350714e+02 3.2498378236325278e+00
744 2.4612620007575228e+02 3.4052663739949978e+00
745 2.4866702612793947e+02 3.4404198420736520e+00
746 2.3914328964151983e+02 3.3086546760652689e+00
747 2.2642790342520851e+02 3.1327316044807003e+00
748 2.2081328693866431e+02 3.0550508670434731e+00
749 2.2648801622208384e+02 3.1335632919880982e+00
750 2.3708693239844573e+02 3.2802040512613835e+00
751 2.4134343708729821e+02 3.3390947028183500e+00
752 2.3346302929034468e+02 3.2300657263173735e+00
753 2.2206205070660712e+02 3.0723280738858580e+00
754 2.1825006920006257e+02 3.0195875999398427e+00
755 2.2526678055994478e+02 3.1166669488367975e+00
756 2.3415178641873914e+02 3.2395949901196390e+00
757 2.3355674929395408e+02 3.2313623846039095e+00
758 2.2322789020860444e+02 3.0884579863145416e+00
759 2.1572056360245330e+02 2.9845907554278814e+00
760 2.1873649434104715e+02 3.0263175099435351e+00
761 2.2783921103505170e+02 3.1522576782822020e+00
762 2.2979596556437167e+02 3.1793302548661044e+00
763 2.2130581276262552e+02 3.0618651827325105e+00
764 2.1321713975189641e+02 2.9499547635849379e+00
765 2.1561186150384631e+02 2.9830868131370765e+00
766 2.2389458152340603e+02 3.0976819596884844e+00
767 2.2537816575370820e+02 3.1182080129525507e+00
768 2.1668758159356094e+02 2.9979698830752168e+00
769 2.1036954827650200e+02 2.9105570582815168e+00
770 2.1427307728179838e+02 2.9645641329349210e+00
771 2.2175006115652241e+02 3.0680115585225431e+00
772 2.1975400321743157e+02 3.0403952016355489e+00
773 2.1091216133101602e+02 2.9180643532710735e+00
774 2.0816624418009391e+02 2.8800733578511086e+00
775 2.1485853400285953e+02 2.9726641892679946e+00
776 2.1880735799674125e+02 3.0272979404048157e+00
777 2.1249541304379312e+02 2.9399693508594265e+00
778 2.0565795191403402e+02 2.8453700092960315e+00
779 2.0880235655278335e+02 2.8888742578452371e+00
780 2.1523449222320843e+02 2.9778657398765325e+00
781 2.1271919328064754e+02 2.9430654508093319e+00
782 2.0467097589492641e+02 2.8317147533794649e+00
783 2.0452582299779183e+02 2.8297064979416113e+00
784 2.1109726592640550e+02 2.9206253583739747e+00
785 2.1144690839189468e+02 2.9254628187105198e+00
786 2.0371755835614630e+02 2.8185237940903449e+00
787 2.0151748077615244e+02 2.7880847339617296e+00
788 2.0744490030877648e+02 2.8700932418442449e+00
789 2.0930222561080538e+02 2.8957901704711952e+00
790 2.0221529242247701e+02 2.7977392710808164e+00
791 1.9914803880748039e+02 2.7553024415500804e+00
792 2.0453374102293390e+02 2.8298160473709544e+00
793 2.0678940181581024e+02 2.8610241261807543e+00
794 2.0008687221264134e+02 2.7682916228091003e+00
795 1.9708162632239402e+02 2.7267126979628378e+00
796 2.0230160909128256e+02 2.7989335009096945e+00
797 2.0409142495599653e+02 2.8236964061911207e+00
798 1.9744099262382915e+02 2.7316846919311653e+00
799 1.9527427121072191e+02 2.7017071293327986e+00
800 2.0058645248920882e+02 2.7752035400141066e+00
801 2.0113790503521460e+02 2.7828331333332632e+00
802 1.9447587329502835e+02 2.6906609360606391e+00
803 1.9386618116153443e+02 2.6822255719261539e+00
804 1.9912921824453301e+02 2.7550420506200428e+00
805 1.9774636983598208e+02 2.7359097226333362e+00
806 1.9151877695208529e+02 2.6497481817980360e+00
807 1.9302883926534116e+02 2.6706405712160852e+00
808 1.9749764928546378e+02 2.7324685622573144e+00
809 1.9382743208768304e+02 2.6816894611091464e+00
810 1.8906495636814219e+02 2.6157984733974411e+00
811 1.9273608972577264e+02 2.6665902500280589e+00
812 1.9509960314127673e+02 2.6992905182474725e+00
813 1.8964585715660786e+02 2.6238354963595660e+00
814 1.8766189944995898e+02 2.5963865516157707e+00
815 1.9249059524159506e+02 2.6631937237268613e+00
816 1.9147549966945297e+02 2.6491494211814888e+00
817 1.8597753774898612e+02 2.5730826519894707e+00
818 1.8752118522358785e+02 2.5944397071788239e+00
819 1.9125910368515630e+02 2.6461554856778076e+00
820 1.8687288076172169e+02 2.5854701241623701e+00
821 1.8385952205767970e+02 2.5437789548983862e+00
822 1.8795278362420342e+02 2.6004110646378584e+00
823 1.8807096737444022e+02 2.6020461898318041e+00
824 1.8260339886069019e+02 2.5263999270541868e+00
825 1.8375403988502950e+02 2.5423195617274392e+00
826 1.8722812235380502e+02 2.5903850509267432e+00
827 1.8326005477582322e+02 2.5354850561724978e+00
828 1.8041173202160374e+02 2.4960772332985282e+00
829 1.8449883380357733e+02 2.5526241196558774e+00
830 1.8385432651861274e+02 2.5437070722850192e+00
831 1.7899595061275429e+02 2.4764892624811243e+00
832 1.8077088144208091e+02 2.5010462266215239e+00
833 1.8342789125668210e+02 2.5378071491655336e+00
834 1.7878967551752524e+02 2.4736353540172558e+00
835 1.7761587325303131e+02 2.4573952731978626e+00
836 1.8142430040806451e+02 2.5100865710964708e+00
837 1.7914833003312810e+02 2.4785975001093337e+00
838 1.7538063992919865e+02 2.4264698175846942e+00
839 1.7865255655512161e+02 2.4717382516698971e+00
840 1.7896051214616409e+02 2.4759989554004953e+00
841 1.7433117028403814e+02 2.4119499343211750e+00
842 1.7555548339015715e+02 2.4288888552902765e+00
843 1.7811079613156875e+02 2.4642427532121221e+00
844 1.7380497447289841e+02 2.4046697792573917e+00
845 1.7295277232812288e+02 2.3928791803428617e+00
846 1.7634168433967892e+02 2.4397662980646961e+00
847 1.7361837351978562e+02 2.4020880713742212e+00
848 1.7079234650799449e+02 2.3629887200971447e+00
849 1.7420285853372400e+02 2.4101746837034077e+00
850 1.7314488368940908e+02 2.3955371271947166e+00
851 1.6932446592262860e+02 2.3426799338043884e+00
852 1.7173563967693360e+02 2.3760396041883909e+00
853 1.7247239790354757e+02 2.3862329847146437e+00
854 1.6813431390209982e+02 2.3262136467768331e+00
855 1.6945412394257445e+02 2.3444738106663583e+00
856 1.7130154095280537e+02 2.3700336536320785e+00
857 1.6730464531812709e+02 2.3147348097830762e+00
858 1.6722740230049058e+02 2.3136661179879625e+00
859 1.6996228612815216e+02 2.3515044624317980e+00
860 1.6642340749894458e+02 2.3025424892896411e+00
861 1.6535885894793495e+02 2.2878139826002983e+00
862 1.6829402631476637e+02 2.3284233396425078e+00
863 1.6564183761298483e+02 2.2917291193567908e+00
864 1.6357642135519998e+02 2.2631531590211069e+00
865 1.6665529781987334e+02 2.3057507958903631e+00
866 1.6465060802849618e+02 2.2780150134553088e+00
867 1.6208749135268283e+02 2.2425531446006857e+00
868 1.6486862365822978e+02 2.2810313574800758e+00
869 1.6368058035836333e+02 2.2645942455487167e+00
870 1.6059411045825419e+02 2.2218915500942931e+00
871 1.6323722591222079e+02 2.2584602379268315e+00
872 1.6248828225192176e+02 2.2480982664599654e+00
873 1.5929449021663265e+02 2.2039107211277105e+00
874 1.6154288028041978e+02 2.2350182061393924e+00
875 1.6133284222631039e+02 2.2321122354515994e+00
876 1.5791387600656338e+02 2.1848093042791117e+00
877 1.6004275074473804e+02 2.2142632411542689e+00
878 1.5999069081017367e+02 2.2135429686089250e+00
879 1.5666492737079088e+02 2.1675295397073837e+00
880 1.5850011888757794e+02 2.1929202374877597e+00
881 1.5871506813405887e+02 2.1958941567248496e+00
882 1.5530103520193759e+02 2.1486594797994103e+00
883 1.5714936442145711e+02 2.1742319435897954e+00
884 1.5728203544056515e+02 2.1760675066466062e+00
885 1.5404669301100947e+02 2.1313050929729118e+00
886 1.5575257001733357e+02 2.1549066664990901e+00
887 1.5592865048103843e+02 2.1573428186925061e+00
888 1.5267704426321100e+02 2.1123553882132118e+00
889 1.5453289826616680e+02 2.1380319607575582e+00
890 1.5442814294375449e+02 2.1365826238856696e+00
891 1.5142260126998269e+02 2.0949996067416770e+00
892 1.5325569143961570e+02 2.1203612314416516e+00
893 1.5300338934461354e+02 2.1168705187912513e+00
894 1.5007509886652321e+02 2.0763563065892927e+00
895 1.5213346126240091e+02 2.1048346735815948e+00
896 1.5143035433123552e+02 2.0951068738216208e+00
897 1.4886723958823464e+02 2.0596450317083250e+00
898 1.5093118518356832e+02 2.0882006447693549e+00
899 1.4992560935602739e+02 2.0742880521604681e+00
900 1.4760286680754226e+02 2.0421518671733785e+00
901 1.4984612523505871e+02 2.0731883536955431e+00
902 1.4827807840595776e+02 2.0514937224927552e+00
903 1.4651143728994191e+02 2.0270514502542283e+00
904 1.4863807189877221e+02 2.0564743939351322e+00
905 1.4670964048494409e+02 2.0297936803579373e+00
906 1.4539955510447609e+02 2.0116680615014442e+00
907 1.4748729445419869e+02 2.0405528718267507e+00
908 1.4503411257775301e+02 2.0066120002308647e+00
909 1.4448076502796312e+02 1.9989561886843812e+00
910 1.4615238077715856e+02 2.0220837423508486e+00
911 1.4348843696834791e+02 1.9852268848868200e+00
912 1.4354621071185699e+02 1.9860262105417510e+00
913 1.4480903271939974e+02 2.0034979194345981e+00
914 1.4191510763627826e+02 1.9634591678860787e+00
915 1.4277345953298973e+02 1.9753348513770146e+00
916 1.4323803333486617e+02 1.9817624383030792e+00
917 1.4056047189502985e+02 1.9447171748058407e+00
918 1.4191836219180715e+02 1.9635041961215993e+00
919 1.4164257367708254e+02 1.9596885383198834e+00
920 1.3927531106761484e+02 1.9269363983203427e+00
921 1.4111185731479293e+02 1.9523458394033213e+00
922 1.3986215059753610e+02 1.9350555864342325e+00
923 1.3828066637774168e+02 1.9131750429040753e+00
924 1.4008226518352376e+02 1.9381009704602277e+00
925 1.3815608594946787e+02 1.9114514168003605e+00
926 1.3738516799949451e+02 1.9007854211796364e+00
927 1.3894962492302531e+02 1.9224303844286665e+00
928 1.3643029185853027e+02 1.8875742814750667e+00
929 1.3673023781321044e+02 1.8917241682939987e+00
930 1.3748424641342561e+02 1.9021562154764016e+00
931 1.3497338052129771e+02 1.8674172596503151e+00
932 1.3603545990597837e+02 1.8821116043159916e+00
933 1.3588660532536116e+02 1.8800521344268253e+00
934 1.3368907178634737e+02 1.8496482722462582e+00
935 1.3535070729844253e+02 1.8726377448559686e+00
936 1.3405859396576020e+02 1.8547607773416628e+00
937 1.3279267664151851e+02 1.8372462433539314e+00
938 1.3435417953722313e+02 1.8588503363030047e+00
939 1.3232506515793241e+02 1.8307766287389104e+00
940 1.3206473157041071e+02 1.8271747967871057e+00
941 1.3312750710908395e+02 1.8418787730555182e+00
942 1.3068293684325909e+02 1.8080570469551707e+00
943 1.3154899559444164e+02 1.8200393582344994e+00
944 1.3149241544905786e+02 1.8192565465450010e+00
945 1.2944969468641492e+02 1.7909945885643044e+00
946 1.3087156304066656e+02 1.8106667750015488e+00
947 1.2974101416346795e+02 1.7950251241959974e+00
948 1.2851177223316805e+02 1.7780180107336083e+00
949 1.2999757170032797e+02 1.7985747127932110e+00
950 1.2792080611910210e+02 1.7698417294771640e+00
951 1.2796161220654930e+02 1.7704062999999102e+00
952 1.2863652358511601e+02 1.7797440016430202e+00
953 1.2643973166949935e+02 1.7493504001547955e+00
954 1.2742232524642387e+02 1.7629450230180856e+00
955 1.2699872973320849e+02 1.7570843890957990e+00
956 1.2529882133587199e+02 1.7335653939520876e+00
957 1.2677557754493145e+02 1.7539969784796625e+00
958 1.2513961739472560e+02 1.7313627360179611e+00
959 1.2465948592357314e+02 1.7247199017593207e+00
960 1.2562954555605224e+02 1.7381411118793091e+00
961 1.2353136033320703e+02 1.7091117782140230e+00
962 1.2416368591028909e+02 1.7178602861924170e+00
963 1.2410776703494591e+02 1.7170866234705322e+00
964 1.2227422543781294e+02 1.6917187530686153e+00
965 1.2363283430267705e+02 1.7105157160961570e+00
966 1.2226322534534469e+02 1.6915665618554026e+00
967 1.2158609719989930e+02 1.6821981902482308e+00
968 1.2259882188229452e+02 1.6962096904705304e+00
969 1.2061847400272367e+02 1.6688106893034895e+00
970 1.2111553317842652e+02 1.6756877259472340e+00
971 1.2112817060134113e+02 1.6758625703615704e+00
972 1.1934837014481469e+02 1.6512382327446689e+00
973 1.2062428295772784e+02 1.6688910588014856e+00
974 1.1929777631020681e+02 1.6505382443498182e+00
975 1.1868899552716461e+02 1.6421154891576042e+00
976 1.1959521798906695e+02 1.6546534833895277e+00
977 1.1768471975352759e+02 1.6282208833775962e+00
978 1.1825473162855300e+02 1.6361072533382282e+00
979 1.1809338156503526e+02 1.6338749028384851e+00
980 1.1650523225030425e+02 1.6119021447303592e+00
981 1.1773487082778436e+02 1.6289147459843962e+00
982 1.1627175662403931e+02 1.6086719047192481e+00
983 1.1595112542481766e+02 1.6042358282640512e+00
984 1.1660418813648474e+02 1.6132712438007368e+00
985 1.1476720412965544e+02 1.5878557461166336e+00
986 1.1554512906069353e+02 1.5986186864632570e+00
987 1.1500798526884449e+02 1.5911870611758201e+00
988 1.1378003135639543e+02 1.5741977680181172e+00
989 1.1490411877174613e+02 1.5897500216008182e+00
990 1.1323118077138639e+02 1.5666041739964180e+00
991 1.1337115141863320e+02 1.5685407306826595e+00
992 1.1357446242620996e+02 1.5713536296643651e+00
993 1.1194255500978993e+02 1.5487754585923792e+00
994 1.1292328286112014e+02 1.5623442683052309e+00
995 1.1188254254204097e+02 1.5479451591834454e+00
996 1.1122601915308320e+02 1.5388618636242120e+00
997 1.1203643858964861e+02 1.5500743800296932e+00
998 1.1026127745685515e+02 1.5255142295375312e+00
999 1.1091790646668217e+02 1.5345989864088656e+00
1000 1.1046280985426154e+02 1.5283025206497629e+00
1001 1.0931071052014597e+02 1.5123627096066548e+00
1002 1.1027517390552099e+02 1.5257064931378517e+00
1003 1.0878448925410953e+02 1.5050822023629582e+00
1004 1.0885948747565334e+02 1.5061198363972625e+00
1005 1.0903476375614228e+02 1.5085448623551825e+00
1006 1.0749465632123058e+02 1.4872367852027688e+00
1007 1.0847935700423875e+02 1.5008605608238348e+00
1008 1.0730337525820030e+02 1.4845903258997017e+00
1009 1.0694014043414009e+02 1.4795648091856928e+00
1010 1.0745349093422314e+02 1.4866672436094490e+00
1011 1.0586961812869754e+02 1.4647536529243392e+00
1012 1.0658452939142191e+02 1.4746447709060753e+00
1013 1.0588749890058303e+02 1.4650010414235075e+00
1014 1.0505676281626597e+02 1.4535074350836767e+00
1015 1.0586018802078588e+02 1.4646231831516583e+00
1016 1.0426777047369909e+02 1.4425913721344432e+00
1017 1.0476413690165943e+02 1.4494588243024493e+00
1018 1.0438549268650510e+02 1.4442201117510189e+00
1019 1.0332813331356083e+02 1.4295910705648005e+00
1020 1.0416156061613565e+02 1.4411219111163303e+00
1021 1.0277119772636553e+02 1.4218856169114569e+00
1022 1.0292598593788898e+02 1.4240271812456455e+00
1023 1.0290964290067799e+02 1.4238010679954252e+00
1024 1.0161856209257174e+02 1.4059383859217516e+00
1025 1.0250653120304936e+02 1.4182238368494671e+00
1026 1.0123540928534497e+02 1.4006372949767425e+00
1027 1.0120112862826072e+02 1.4001630067099446e+00
1028 1.0134790864755843e+02 1.4021937741127446e+00
1029 1.0002457385116600e+02 1.3838848436441242e+00
1030 1.0080163416458680e+02 1.3946358216182020e+00
1031 9.9759222374754842e+01 1.3802135869488406e+00
1032 9.9476337742215136e+01 1.3762997511743034e+00
1033 9.9824910009076532e+01 1.3811224048328128e+00
1034 9.8415943646270691e+01 1.3616287232342015e+00
1035 9.9176274849659933e+01 1.3721482464674195e+00
1036 9.8223443664460532e+01 1.3589653996430884e+00
1037 9.7860258387119771e+01 1.3539405684301664e+00
1038 9.8239885301366797e+01 1.3591928770643182e+00
1039 9.6890005893107983e+01 1.3405166899843681e+00
1040 9.7528407905158389e+01 1.3493492681660364e+00
1041 9.6735239403909262e+01 1.3383754261882852e+00
1042 9.6238252612784066e+01 1.3314993910176394e+00
1043 9.6710481148248448e+01 1.3380328846163005e+00
1044 9.5331235861250306e+01 1.3189504074323994e+00
1045 9.5970266063172275e+01 1.3277916769027052e+00
1046 9.5188996458082485e+01 1.3169824614903769e+00
1047 9.4711811922575322e+01 1.3103803994081895e+00
1048 9.5136346943928956e+01 1.3162540318469704e+00
1049 9.3840100825514028e+01 1.2983198853883595e+00
1050 9.4397115392167450e+01 1.3060264317579313e+00
1051 9.3690569574662575e+01 1.2962510534629930e+00
1052 9.3173529274059831e+01 1.2890975689940463e+00
1053 9.3623850566582519e+01 1.2953279660604677e+00
1054 9.2313655909784657e+01 1.2772008353169366e+00
1055 9.2910319007889939e+01 1.2854559369028558e+00
1056 9.2141117203937796e+01 1.2748136849320848e+00
1057 9.1722434258081918e+01 1.2690210185826700e+00
1058 9.2072298831669727e+01 1.2738615518843825e+00
1059 9.0852976764757756e+01 1.2569916841813606e+00
1060 9.1406571089413561e+01 1.2646509099688010e+00
1061 9.0641934313830191e+01 1.2540718172130820e+00
1062 9.0258967793571969e+01 1.2487733036318387e+00
1063 9.0578291629251709e+01 1.2531912921260366e+00
1064 8.9364770954657402e+01 1.2364016892878509e+00
1065 8.9978991499571421e+01 1.2448997060254792e+00
1066 8.9100021573127222e+01 1.2327387628453055e+00
1067 8.8878864190020522e+01 1.2296789512534385e+00
1068 8.9043009894530158e+01 1.2319499807002441e+00
1069 8.7948837798956802e+01 1.2168116189846980e+00
1070 8.8526218461255624e+01 1.2247999394224085e+00
1071 8.7613387784220507e+01 1.2121705175701145e+00
1072 8.7487401998094370e+01 1.2104274477101620e+00
1073 8.7556548919040793e+01 1.2113841263761946e+00
1074 8.6519279042981040e+01 1.1970330323901943e+00
1075 8.7133272056984623e+01 1.2055279011356215e+00
1076 8.6096880826949089e+01 1.1911889636114688e+00
1077 8.6173592472345689e+01 1.1922503036333050e+00
1078 8.6025737332567758e+01 1.1902046614564332e+00
1079 8.5172481330134559e+01 1.1783994819485186e+00
1080 8.5700576235018829e+01 1.1857059118260653e+00
1081 8.4647842597512835e+01 1.1711408697644348e+00
1082 8.4842859789807974e+01 1.1738390200916620e+00
1083 8.4539241810699281e+01 1.1696383291677337e+00
1084 8.3826050555816892e+01 1.1597710082659736e+00
1085 8.4306484923263980e+01 1.1664180332307095e+00
1086 8.3190352111579784e+01 1.1509758351576440e+00
1087 8.3573292531046107e+01 1.1562739876227244e+00
1088 8.3015117710045359e+01 1.1485513886138441e+00
1089 8.2567973931167202e+01 1.1423649538739171e+00
1090 8.2856668767683672e+01 1.1463591764265464e+00
1091 8.1820954236240354e+01 1.1320296013309392e+00
1092 8.2266946378807276e+01 1.1382001026659523e+00
1093 8.1546624257567885e+01 1.1282341230297075e+00
1094 8.1311947194294433e+01 1.1249872605986984e+00
1095 8.1429643063279499e+01 1.1266156357366952e+00
1096 8.0468966146432066e+01 1.1133242396959369e+00
1097 8.0990634202923061e+01 1.1205417512433031e+00
1098 8.0067206053367912e+01 1.1077657086053687e+00
1099 8.0129738877276779e+01 1.1086308782722398e+00
1100 7.9945952043587639e+01 1.1060881049935234e+00
1101 7.9222558019385716e+01 1.0960796242019395e+00
1102 7.9647425652209620e+01 1.1019578584695988e+00
1103 7.8675596745335866e+01 1.0885121696447808e+00
1104 7.8923822679692748e+01 1.0919464867843571e+00
1105 7.8495621652366225e+01 1.0860221335086135e+00
1106 7.8003665190724149e+01 1.0792156952026399e+00
1107 7.8303958851860543e+01 1.0833703926963520e+00
1108 7.7314701317467112e+01 1.0696835709924686e+00
1109 7.7747289614091841e+01 1.0756686241067921e+00
1110 7.7023223003682915e+01 1.0656508377833565e+00
1111 7.6877545942012361e+01 1.0636353302940422e+00
1112 7.6882019288528525e+01 1.0636972210495408e+00
1113 7.6075408293255904e+01 1.0525373961375604e+00
1114 7.6497516039960473e+01 1.0583774461428563e+00
1115 7.5633022200944268e+01 1.0464167861252649e+00
1116 7.5744809691582773e+01 1.0479634161987290e+00
1117 7.5469239783696125e+01 1.0441507829206689e+00
1118 7.4888089921327875e+01 1.0361103139093839e+00
1119 7.5227332502364220e+01 1.0408038871798231e+00
1120 7.4284065653062370e+01 1.0277533672325636e+00
1121 7.4642320852124257e+01 1.0327099886011901e+00
1122 7.4023562665732527e+01 1.0241491915584315e+00
1123 7.3810376585592962e+01 1.0211996665185146e+00
1124 7.3859725229789888e+01 1.0218824271455194e+00
1125 7.3071348675659650e+01 1.0109748839055088e+00
1126 7.3459405354059456e+01 1.0163438221077497e+00
1127 7.2657952687356982e+01 1.0052553649852223e+00
1128 7.2737386193901116e+01 1.0063543631768816e+00
1129 7.2483060760330986e+01 1.0028356567298577e+00
1130 7.1931277170915848e+01 9.9520148327664826e-01
1131 7.2236062740886538e+01 9.9941832834385624e-01
1132 7.1348451482540739e+01 9.8713782846089360e-01
1133 7.1687027162428208e+01 9.9182217485481039e-01
1134 7.1072824162923254e+01 9.8332440086578621e-01
1135 7.0909079330115318e+01 9.8105891765877817e-01
1136 7.0901190171781678e+01 9.8094976761467723e-01
1137 7.0191409129912657e+01 9.7112962853955309e-01
1138 7.0540665659321732e+01 9.7596174927732460e-01
1139 6.9753435889371900e+01 9.6507007231082154e-01
1140 6.9888140609332382e+01 9.6693377253110957e-01
1141 6.9551967056968493e+01 9.6228266064891721e-01
1142 6.9121157092481354e+01 9.5632221155735964e-01
1143 6.9332282870285027e+01 9.5924323139034418e-01
1144 6.8514722610252690e+01 9.4793191848929637e-01
1145 6.8865558633373567e+01 9.5278589223102705e-01
1146 6.8187612640445167e+01 9.4340620533709540e-01
1147 6.8160632255911068e+01 9.4303291961544877e-01
1148 6.8008669429089991e+01 9.4093044574589824e-01
1149 6.7444391226750469e+01 9.3312340371862235e-01
1150 6.7720929825795963e+01 9.3694943927335594e-01
1151 6.6943311354329040e+01 9.2619073893235726e-01
1152 6.7174575937810545e+01 9.2939038817483177e-01
1153 6.6688123965098868e+01 9.2266010694216027e-01
1154 6.6459316239837335e+01 9.1949444943514325e-01
1155 6.6498450230544606e+01 9.2003588574950013e-01
1156 6.5810730553205872e+01 9.1052097554792266e-01
1157 6.6144042945088998e+01 9.1513250199153628e-01
1158 6.5396483087345104e+01 9.0478967605370320e-01
1159 6.5548092035425796e+01 9.0688725385215396e-01
1160 6.5181313362950007e+01 9.0181270640577915e-01
1161 6.4849061832777778e+01 8.9721585745976840e-01
1162 6.4965657739412677e+01 8.9882901412528016e-01
1163 6.4267750101087159e+01 8.8917314891380450e-01
1164 6.4557854576248147e+01 8.9318687444935141e-01
1165 6.3917612005444141e+01 8.8432883131177409e-01
1166 6.3938572913526400e+01 8.8461883487677018e-01
1167 6.3720021097791829e+01 8.8159507247818192e-01
1168 6.3269722089039419e+01 8.7536498371771709e-01
1169 6.3475520650043514e+01 8.7821229911684207e-01
1170 6.2747301326608479e+01 8.6813705814605757e-01
1171 6.3031077683567283e+01 8.7206323132790164e-01
1172 6.2441430555340546e+01 8.6390519883215267e-01
1173 6.2407060923739053e+01 8.6342967956300076e-01
1174 6.2248864901285209e+01 8.6124096663607119e-01
1175 6.1771801871590966e+01 8.5464058564130518e-01
1176 6.1980582864891282e+01 8.5752916432897042e-01
1177 6.1295511757065789e+01 8.4805089827458180e-01
1178 6.1516081654417043e+01 8.5110258173751496e-01
1179 6.1017688915281681e+01 8.4420709464553312e-01
1180 6.0899767639799428e+01 8.4257560090754524e-01
1181 6.0824288769872865e+01 8.4153131688727856e-01
1182 6.0296453115322905e+01 8.3422847385438970e-01
1183 6.0540524670148137e+01 8.3760531328976573e-01
1184 5.9853966865417121e+01 8.2810647811685523e-01
1185 6.0069761174430873e+01 8.3109208917312583e-01
1186 5.9592773897114313e+01 8.2449275624648244e-01
1187 5.9467877876541628e+01 8.2276476378175889e-01
1188 5.9397547311898009e+01 8.2179170887427122e-01
1189 5.8891162218970258e+01 8.1478564398272990e-01
1190 5.9107892029511554e+01 8.1778419812223813e-01
1191 5.8470543438667320e+01 8.0896619449545248e-01
1192 5.8642420612828374e+01 8.1134419229271171e-01
1193 5.8217311983892500e+01 8.0546262373574817e-01
1194 5.8059178899704278e+01 8.0327478158795351e-01
1195 5.8021135244397151e+01 8.0274843055290990e-01
1196 5.7503679077946529e+01 7.9558919239342785e-01
1197 5.7734365635519850e+01 7.9878084438819841e-01
1198 5.7095293952798372e+01 7.8993900101242598e-01
1199 5.7283171205076464e+01 7.9253836706701197e-01
1200 5.6843892657252461e+01 7.8646075132654214e-01
1201 5.6720740116872562e+01 7.8475688069229566e-01
1202 5.6648501013980052e+01 7.8375742030209050e-01
1203 5.6180852661436312e+01 7.7728729558850362e-01
1204 5.6372420843249273e+01 7.7993772730871158e-01
1205 5.5776042565701992e+01 7.7168656634296406e-01
1206 5.5943357436029892e+01 7.7400144262034365e-01
1207 5.5520834301802864e+01 7.6815564554235916e-01
1208 5.5404392077920022e+01 7.6654461514665395e-01
1209 5.5326893831294832e+01 7.6547239214400287e-01
1210 5.4876663791533183e+01 7.5924325760046019e-01
1211 5.5067251260678084e+01 7.6188012072102262e-01
1212 5.4469001537907126e+01 7.5360306747119887e-01
1213 5.4666764953627109e+01 7.5633921303128304e-01
1214 5.4205013042397162e+01 7.4995066822802636e-01
1215 5.4154174890947132e+01 7.4924729960008041e-01
1216 5.4011937065681892e+01 7.4727937548904777e-01
1217 5.3636573254953639e+01 7.4208604880422457e-01
1218 5.3772586123476970e+01 7.4396784784662862e-01
1219 5.3220727567709979e+01 7.3633263720031628e-01
1220 5.3406570984804702e+01 7.3890386423289645e-01
1221 5.2942397876508615e+01 7.3248182108224069e-01
1222 5.2925076906393436e+01 7.3224217769165467e-01
1223 5.2747147627057018e+01 7.2978044630471994e-01
1224 5.2418861076108264e+01 7.2523845462469350e-01
1225 5.2528977206001635e+01 7.2676196067258669e-01
1226 5.1992219418418685e+01 7.1933567592730718e-01
1227 5.2201799729063794e+01 7.2223531352895853e-01
1228 5.1694469990923359e+01 7.1521617904719426e-01
1229 5.1756968496483907e+01 7.1608087390432351e-01
1230 5.1492062286566274e+01 7.1241577767069486e-01
1231 5.1265824777574444e+01 7.0928568025859839e-01
1232 5.1293022499938516e+01 7.0966197294660605e-01
1233 5.0827947399782587e+01 7.0322745033399547e-01
1234 5.1007379148115618e+01 7.0570996905340666e-01
1235 5.0505928621145934e+01 6.9877217609521536e-01
1236 5.0605949931362694e+01 7.0015601578501363e-01
1237 5.0289063795483898e+01 6.9577175396095281e-01
1238 5.0137238323226669e+01 6.9367118045340126e-01
1239 5.0103198349478866e+01 6.9320022214851795e-01
1240 4.9691842503697067e+01 6.8750892951508069e-01
1241 4.9858436721037286e+01 6.8981383523513840e-01
1242 4.9343066470000522e+01 6.8268345665101071e-01
1243 4.9506348065855647e+01 6.8494253076699907e-01
1244 4.9103766486539200e+01 6.7937263404566606e-01
1245 4.9069581299099809e+01 6.7889966664422630e-01
1246 4.8921777940136181e+01 6.7685474087814590e-01
1247 4.8624064969023451e+01 6.7273574838843819e-01
1248 4.8713231756116542e+01 6.7396941088219875e-01
1249 4.8248968977551392e+01 6.6754612710315042e-01
1250 4.8414464122541418e+01 6.6983582666427199e-01
1251 4.7979486955106317e+01 6.6381772245079751e-01
1252 4.8020945402017020e+01 6.6439131865932632e-01
1253 4.7788930570681984e+01 6.6118128940128662e-01
1254 4.7587604329654475e+01 6.5839585055502481e-01
1255 4.7606581408895238e+01 6.5865840695818434e-01
1256 4.7192132707665756e+01 6.5292432328237793e-01
1257 4.7360367092597699e+01 6.5525192145673783e-01
1258 4.6888027877405690e+01 6.4871689655440123e-01
1259 4.7020085126926340e+01 6.5054396783367385e-01
1260 4.6675727293402851e+01 6.4577962275071077e-01
1261 4.6614181584166246e+01 6.4492811025808472e-01
1262 4.6504833795009446e+01 6.4341523454890892e-01
1263 4.6209851536592225e+01 6.3933402269416084e-01
1264 4.6304156857068598e+01 6.4063877910208566e-01
1265 4.5871767568714702e+01 6.3465647935645120e-01
1266 4.6023280279961178e+01 6.3675272567513497e-01
1267 4.5626106524017437e+01 6.3125764861575551e-01
1268 4.5661513609553467e+01 6.3174752152542502e-01
1269 4.5448338495174916e+01 6.2879814820173008e-01
1270 4.5266205798628562e+01 6.2627826065232073e-01
1271 4.5278526836284811e+01 6.2644872773469806e-01
1272 4.4902970965167206e+01 6.2125274380824258e-01
1273 4.5055445650195679e+01 6.2336229946567823e-01
1274 4.4618269138399704e+01 6.1731376633649060e-01
1275 4.4751212124658579e+01 6.1915309218081960e-01
1276 4.4415670108151026e+01 6.1451071788046485e-01
1277 4.4386057941408289e+01 6.1410102027151814e-01
1278 4.4255969482768521e+01 6.1230118809715184e-01
1279 4.4014627818496962e+01 6.0896211792203447e-01
1280 4.4079390495663255e+01 6.0985813860888693e-01
1281 4.3693987090353438e+01 6.0452590962992914e-01
1282 4.3838501427571835e+01 6.0652533030492650e-01
1283 4.3453253763201985e+01 6.0119525607172819e-01
1284 4.3524061407147890e+01 6.0217491158534930e-01
1285 4.3280107030481375e+01 5.9879969336235750e-01
1286 4.3168664181150689e+01 5.9725783155597045e-01
1287 4.3128785610205931e+01 5.9670609364005833e-01
1288 4.2826869553829766e+01 5.9252894958050473e-01
1289 4.2944783174998477e+01 5.9416033741763152e-01
1290 4.2545175641773035e+01 5.8863158795792803e-01
1291 4.2693947595323067e+01 5.9068991466455878e-01
1292 4.2338848772327289e+01 5.8577696317454853e-01
1293 4.2380219088890897e+01 5.8634934006019590e-01
1294 4.2185875839595703e+01 5.8366051403665931e-01
1295 4.2041928713247280e+01 5.8166894097846145e-01
1296 4.2039268955540862e+01 5.8163214203760161e-01
1297 4.1729894658896747e+01 5.7735180987866719e-01
1298 4.1851513141545674e+01 5.7903445613612869e-01
1299 4.1480963526772513e+01 5.7390773601167433e-01
1300 4.1599146129368222e+01 5.7554284532749089e-01
1301 4.1300738523328462e+01 5.7141424225200033e-01
1302 4.1294234584205135e+01 5.7132425733699188e-01
1303 4.1162312874025055e+01 5.6949906130528993e-01
1304 4.0976555519185844e+01 5.6692902498261677e-01
1305 4.1020378354932916e+01 5.6753533357120534e-01
1306 4.0692009132983856e+01 5.6299219810080892e-01
1307 4.0834045862668106e+01 5.6495733996428033e-01
1308 4.0469881614232200e+01 5.5991896424715515e-01
1309 4.0587305072040174e+01 5.6154357045433123e-01
1310 4.0309883679259073e+01 5.5770532105230253e-01
1311 4.0296297664808208e+01 5.5751735244858669e-01
1312 4.0183555614068666e+01 5.5595751560797224e-01
1313 3.9999780271946449e+01 5.5341490132023852e-01
1314 4.0048535791549547e+01 5.5408945580245117e-01
1315 3.9739002139532047e+01 5.4980691889044975e-01
1316 3.9869240712309711e+01 5.5160882796124511e-01
1317 3.9538132005143410e+01 5.4702779048411609e-01
1318 3.9634094803242675e+01 5.4835547883838853e-01
1319 3.9394076492758309e+01 5.4503471785648594e-01
1320 3.9360397334747780e+01 5.4456875159916585e-01
1321 3.9279003069432648e+01 5.4344262543044286e-01
1322 3.9084618410860031e+01 5.4075322649097979e-01
1323 3.9153803031517896e+01 5.4171042674942971e-01
1324 3.8844162849476696e+01 5.3742641594676810e-01
1325 3.8986598119745992e+01 5.3939707179799257e-01
1326 3.8660266031734885e+01 5.3488212098935140e-01
1327 3.8767683455150333e+01 5.3636828922266100e-01
1328 3.8529391918040844e+01 5.3307141892491627e-01
1329 3.8513401487055432e+01 5.3285018413998264e-01
1330 3.8425775485264637e+01 5.3163783910197371e-01
1331 3.8257297840442412e+01 5.2930687531792142e-01
1332 3.8313491911288025e+01 5.3008434549301675e-01
1333 3.8033870452649978e+01 5.2621565719305319e-01
1334 3.8162940097124384e+01 5.2800139361646892e-01
1335 3.7863256226883614e+01 5.2385513285330965e-01
1336 3.7964308846926066e+01 5.2525324117712380e-01
1337 3.7743276968054666e+01 5.2219516599264504e-01
1338 3.7731464846096777e+01 5.2203173998722041e-01
1339 3.7651255193014435e+01 5.2092200346007689e-01
1340 3.7494601564037296e+01 5.1875463023871338e-01
1341 3.7554351186647089e+01 5.1958129306725165e-01
1342 3.7285982915956822e+01 5.1586829766998199e-01
1343 3.7424170310703794e+01 5.1778018225803890e-01
1344 3.7125960426052032e+01 5.1365431474663603e-01
1345 3.7249307418441795e+01 5.1536087571165723e-01
1346 3.7015054934912968e+01 5.1211988753185345e-01
1347 3.7039936509704589e+01 5.1246413527932555e-01
1348 3.6934536303749674e+01 5.1100587615437287e-01
1349 3.6822422746756928e+01 5.0945473480664605e-01
1350 3.6854773368791392e+01 5.0990232017284387e-01
1351 3.6627120782940437e+01 5.0675264453769142e-01
1352 3.6748016540071767e+01 5.0842529156344995e-01
1353 3.6475447545655307e+01 5.0465417726926143e-01
1354 3.6600315396018658e+01 5.0638177998650358e-01
1355 3.6371609184009202e+01 5.0321752696086108e-01
1356 3.6417192445563423e+01 5.0384819183010232e-01
1357 3.6301625395487598e+01 5.0224926985656237e-01
1358 3.6220529624593418e+01 5.0112727349203823e-01
1359 3.6239506889932301e+01 5.0138983246994862e-01
1360 3.6038577277006176e+01 4.9860988115137073e-01
1361 3.6158139629896482e+01 5.0026407993137778e-01
1362 3.5894076016923549e+01 4.9661064140441236e-01
1363 3.6040586657993700e+01 4.9863768183860863e-01
1364 3.5795510606108898e+01 4.9524694473586250e-01
1365 3.5886957078162077e+01 4.9651214769356194e-01
1366 3.5734416677982928e+01 4.9440168283754121e-01
1367 3.5713789528208878e+01 4.9411629696844112e-01
1368 3.5689219800183402e+01 4.9377636376085243e-01
1369 3.5546541977721901e+01 4.9180235209125595e-01
1370 3.5634033631505709e+01 4.9301283836432852e-01
1371 3.5408971275996258e+01 4.8989899972775691e-01
1372 3.5549124808876179e+01 4.9183808671876278e-01
1373 3.5314003410997401e+01 4.8858507671918983e-01
1374 3.5428804989948247e+01 4.9017340805637594e-01
1375 3.5259317381912410e+01 4.8782847097826054e-01
1376 3.5283341060710264e+01 4.8816084934986342e-01
1377 3.5228755920602552e+01 4.8740563945318688e-01
1378 3.5134218325358049e+01 4.8609766941966193e-01
1379 3.5198803943845917e+01 4.8699124042028158e-01
1380 3.5005207839235283e+01 4.8431275147857561e-01
1381 3.5147800089301590e+01 4.8628557921570253e-01
1382 3.4913224075545578e+01 4.8304011485009135e-01
1383 3.5064395334097021e+01 4.8513163701758633e-01
1384 3.4862385456060395e+01 4.8233673974666902e-01
1385 3.4951786966407042e+01 4.8357364974192396e-01
1386 3.4843002873762799e+01 4.8206857302683637e-01
1387 3.4825993605784078e+01 4.8183324217511730e-01
1388 3.4835510697785274e+01 4.8196491541169234e-01
1389 3.4709176813661948e+01 4.8021702945981504e-01
1390 3.4817916812628141e+01 4.8172149611908927e-01
1391 3.4621085382295377e+01 4.7899824499486438e-01
1392 3.4774140705334737e+01 4.8111583403961644e-01
1393 3.4572010315611458e+01 4.7831926943546077e-01
1394 3.4700040324673978e+01 4.8009062203664138e-01
1395 3.4559523506233049e+01 4.7814650882695309e-01
1396 3.4604680768158588e+01 4.7877127980025613e-01
1397 3.4569748270317362e+01 4.7828797302421294e-01
1398 3.4506460415881449e+01 4.7741235717134328e-01
1399 3.4582562427565918e+01 4.7846526263733080e-01
1400 3.4425963216649770e+01 4.7629864231424945e-01
1401 3.4578985162182427e+01 4.7841576956622534e-01
1402 3.4378527026301668e+01 4.7564234134404348e-01
1403 3.4548137504160280e+01 4.7798897838126825e-01
1404 3.4369150109701849e+01 4.7551260749701996e-01
1405 3.4491109725244229e+01 4.7719997348107202e-01
1406 3.4391161444384075e+01 4.7581714418517856e-01
1407 3.4420231959403921e+01 4.7621934779958991e-01
1408 3.4428823002982185e+01 4.7633820874086952e-01
1409 3.4354220380763294e+01 4.7530604800066534e-01
1410 3.4462956735919562e+01 4.7681046424619489e-01
1411 3.4311335482895871e+01 4.7471271620333860e-01
1412 3.4477759966128090e+01 4.7701527357588058e-01
1413 3.4303171352751143e+01 4.7459976180089708e-01
1414 3.4466406093175806e+01 4.7685818765098870e-01
1415 3.4331055622494432e+01 4.7498555317983598e-01
1416 3.4433313148587317e+01 4.7640033191929909e-01
1417 3.4385946885568913e+01 4.7574499842506435e-01
1418 3.4392265083389994e+01 4.7583241352584493e-01
1419 3.4451683544029272e+01 4.7665449457998388e-01
1420 3.4361299327477660e+01 4.7540398840360620e-01
1421 3.4510547967765440e+01 4.7746891028506389e-01
1422 3.4356456010008749e+01 4.7533697893403171e-01
1423 3.4549358966701568e+01 4.7800587786339438e-01
1424 3.4386595365849075e+01 4.7575397044060574e-01
1425 3.4563958276516829e+01 4.7820786586297404e-01
1426 3.4450771855425593e+01 4.7664188095922871e-01
1427 3.4560393484277952e+01 4.7815854536341895e-01
1428 3.4538661695866459e+01 4.7785787632330190e-01
1429 3.4552283140113182e+01 4.7804633511413497e-01
1430 3.4633553294210223e+01 4.7917074414848754e-01
1431 3.4555091010297161e+01 4.7808518325755534e-01
1432 3.4716335406041885e+01 4.8031607179626290e-01
1433 3.4578417746445709e+01 4.7840791911500263e-01
1434 3.4767649359065054e+01 4.8102602335238648e-01
1435 3.4616513355526941e+01 4.7893498895381403e-01
1436 3.4764204553245897e+01 4.8097836291876622e-01
1437 3.4635592060361652e+01 4.7919895139264834e-01
1438 3.4665272189944218e+01 4.7960958929796771e-01
1439 3.4556289748335459e+01 4.7810176833598983e-01
1440 3.4389146605363955e+01 4.7578926798361154e-01
1441 3.4235175629723635e+01 4.7365901047442394e-01
1442 3.3791464923447833e+01 4.6752007383380006e-01
1443 3.3465894848186771e+01 4.6301566581334430e-01
1444 3.2679664085069632e+01 4.5213781055446006e-01
1445 3.2042508551736077e+01 4.4332247796492746e-01
1446 3.0911446252040022e+01 4.2767372372883639e-01
1447 2.9915138699054165e+01 4.1388936185555436e-01
1448 2.8575041523013571e+01 3.9534851634600610e-01
1449 2.7368862328494583e+01 3.7866048617756515e-01
1450 2.6120167122487427e+01 3.6138422792031255e-01
1451 2.5043732201765639e+01 3.4649126797456237e-01
1452 2.4263141729006275e+01 3.3569144866263945e-01
1453 2.3697148598219769e+01 3.2786067983109590e-01
1454 2.3667317718267615e+01 3.2744795622679662e-01
1455 2.3822850038376234e+01 3.2959981563701912e-01
1456 2.4532566808272097e+01 3.3941906548056644e-01
1457 2.5224353550105853e+01 3.4899024534364892e-01
1458 2.6152037569374158e+01 3.6182516984796664e-01
1459 2.6668986105934383e+01 3.6897738472022595e-01
1460 2.6908450612965371e+01 3.7229048358295136e-01
1461 2.6559073914630190e+01 3.6745670025418747e-01
1462 2.5825771620970382e+01 3.5731113411045878e-01
1463 2.4981783258980943e+01 3.4563417656493456e-01
1464 2.4163097381084881e+01 3.3430729023586436e-01
1465 2.3871136157921299e+01 3.3026787575888711e-01
1466 2.3849596930153101e+01 3.2996987088164004e-01
1467 2.4457746787388359e+01 3.3838389693232335e-01
1468 2.5001203805969546e+01 3.4590286854329577e-01
1469 2.5616857292840212e+01 3.5442071067561731e-01
1470 2.5572161704497312e+01 3.5380232716340626e-01
1471 2.5186331642361665e+01 3.4846419519589311e-01
1472 2.4386224035855815e+01 3.3739434758449122e-01
1473 2.3712809026909863e+01 3.2807734888625667e-01
1474 2.3429187827816111e+01 3.2415332238306915e-01
1475 2.3568634124794382e+01 3.2608262444815639e-01
1476 2.4172551408403944e+01 3.3443809094427546e-01
1477 2.4589987740065514e+01 3.4021350982716342e-01
1478 2.4820593974553393e+01 3.4340405051601935e-01
1479 2.4306247769359352e+01 3.3628784006544510e-01
1480 2.3717368314565089e+01 3.2814042867596188e-01
1481 2.3052744519135505e+01 3.1894506035988368e-01
1482 2.2994726919302579e+01 3.1814236084333425e-01
1483 2.3280871185637931e+01 3.2210129511349050e-01
1484 2.3812903928751741e+01 3.2946220674919680e-01
1485 2.4066555857127035e+01 3.3297159494976031e-01
1486 2.3759773019138926e+01 3.2872711678368888e-01
1487 2.3191353821771806e+01 3.2086278223282944e-01
1488 2.2565551824740052e+01 3.1220453091047823e-01
1489 2.2554514755882579e+01 3.1205182811233545e-01
1490 2.2792420339730750e+01 3.1534335857359674e-01
1491 2.3348156936307266e+01 3.2303222365394163e-01
1492 2.3337309027721219e+01 3.2288213797299881e-01
1493 2.3017618697147547e+01 3.1845907885755798e-01
1494 2.2336152637726325e+01 3.0903069026482899e-01
1495 2.2049276992732359e+01 3.0506163704288258e-01
1496 2.2182151610170127e+01 3.0690001697390590e-01
1497 2.2603659142896365e+01 3.1273176274959530e-01
1498 2.2855801672886940e+01 3.1622026774648981e-01
1499 2.2518077203686186e+01 3.1154769823422063e-01
1500 2.2017531004172589e+01 3.0462241705200582e-01
1501 2.1556190169797567e+01 2.9823955968141891e-01
1502 2.1755003011748165e+01 3.0099022452410690e-01
1503 2.2053031717586144e+01 3.0511358534535615e-01
1504 2.2339956066388567e+01 3.0908331240633780e-01
1505 2.1958410001803493e+01 3.0380445146645496e-01
1506 2.1475313582592349e+01 2.9712059582154282e-01
1507 2.1143525072869931e+01 2.9253015297113549e-01
1508 2.1341428190859975e+01 2.9526823137478714e-01
1509 2.1716539250635293e+01 3.0045806113680912e-01
1510 2.1732284921233894e+01 3.0067590955200796e-01
1511 2.1371568357801653e+01 2.9568523410331216e-01
1512 2.0820375057504890e+01 2.8805922756482011e-01
1513 2.0816725653158628e+01 2.8800873641880798e-01
1514 2.1029264263573296e+01 2.9094930342466890e-01
1515 2.1371644204885197e+01 2.9568628348173298e-01
1516 2.1066243654464213e+01 2.9146092988415556e-01
1517 2.0653008426726295e+01 2.8574363515838885e-01
1518 2.0320901439399115e+01 2.8114878602747168e-01
1519 2.0554417592485674e+01 2.8437958674533748e-01
1520 2.0834654033120877e+01 2.8825678359707207e-01
1521 2.0773390648546183e+01 2.8740917719277570e-01
1522 2.0342698586658795e+01 2.8145035933656903e-01
1523 1.9960037200117927e+01 2.7615606741716808e-01
1524 2.0115680277725112e+01 2.7830945920706168e-01
1525 2.0349931074853956e+01 2.8155042405476527e-01
1526 2.0433851512470039e+01 2.8271150095034581e-01
1527 1.9938952675638042e+01 2.7586435356386463e-01
1528 1.9664807981651599e+01 2.7207143875937057e-01
1529 1.9656128692288437e+01 2.7195135689807565e-01
1530 2.0013823070333981e+01 2.7690021905639384e-01
1531 1.9962579602610454e+01 2.7619124269600587e-01
1532 1.9596947157189451e+01 2.7113255381505580e-01
1533 1.9256201163347367e+01 2.6641818015411750e-01
1534 1.9337693776571125e+01 2.6754566701026872e-01
1535 1.9639949634792917e+01 2.7172751238076920e-01
1536 1.9531763343870921e+01 2.7023070652064329e-01
1537 1.9188424709600856e+01 2.6548046251649671e-01
1538 1.8853852485249238e+01 2.6085150572560400e-01
1539 1.9090677307761005e+01 2.6412808336901800e-01
1540 1.9229734510618449e+01 2.6605200214242170e-01
1541 1.9149504725772189e+01 2.6494198708329458e-01
1542 1.8668560674148399e+01 2.5828791040936327e-01
1543 1.8589821783830097e+01 2.5719852254474718e-01
1544 1.8766836246918203e+01 2.5964759703856050e-01
1545 1.8916776295963494e+01 2.6172208487029858e-01
1546 1.8619861638169070e+01 2.5761413740342021e-01
1547 1.8260448334209475e+01 2.5264149313408457e-01
1548 1.8312319256981091e+01 2.5335915061649772e-01
1549 1.8504756815845184e+01 2.5602161055815320e-01
1550 1.8513007979408702e+01 2.5613576910698116e-01
1551 1.8072422570958118e+01 2.5004007236357118e-01
1552 1.7947500101619941e+01 2.4831171396831386e-01
1553 1.8048291446271236e+01 2.4970620742990046e-01
1554 1.8258823422947927e+01 2.5261901175795326e-01
1555 1.7942114502459674e+01 2.4823720178830772e-01
1556 1.7663509175098003e+01 2.4438257212032205e-01
1557 1.7648854352462561e+01 2.4417981607597580e-01
1558 1.7884852674745176e+01 2.4744495871800612e-01
1559 1.7795017569890394e+01 2.4620204974824936e-01
1560 1.7426509466190065e+01 2.4110357484517456e-01
1561 1.7325333998326098e+01 2.3970376686664832e-01
1562 1.7472814682816512e+01 2.4174422828666134e-01
1563 1.7586029533484997e+01 2.4331060652635950e-01
1564 1.7215762585956963e+01 2.3818779723002728e-01
1565 1.7045449840304812e+01 2.3583144400288800e-01
1566 1.7092096368769255e+01 2.3647681964674339e-01
1567 1.7304719291907425e+01 2.3941855315695110e-01
1568 1.7021056320799254e+01 2.3549394871920790e-01
1569 1.6774577359008603e+01 2.3208380172866169e-01
1570 1.6767837157089811e+01 2.3199054801190608e-01
1571 1.6973550717488493e+01 2.3483668738952951e-01
1572 1.6827610801766561e+01 2.3281754319651549e-01
1573 1.6502919466085277e+01 2.2832529293229048e-01
1574 1.6484778734653123e+01 2.2807430777619342e-01
1575 1.6633527349575257e+01 2.3013231158243905e-01
1576 1.6613532493160498e+01 2.2985567377556973e-01
1577 1.6241330373608875e+01 2.2470609050630089e-01
1578 1.6211664368119845e+01 2.2429564801415072e-01
1579 1.6320712223336024e+01 2.2580437400272746e-01
1580 1.6362722858993159e+01 2.2638560999023863e-01
1581 1.6000355637663308e+01 2.2137209694915336e-01
1582 1.5928074730767076e+01 2.2037205818180616e-01
1583 1.6048023347486893e+01 2.2203160109514694e-01
1584 1.6078531611491155e+01 2.2245369661163686e-01
1585 1.5774543396070536e+01 2.1824788330226963e-01
1586 1.5637196409671636e+01 2.1634762614065997e-01
1587 1.5803206448111807e+01 2.1864444948361142e-01
1588 1.5782777772277418e+01 2.1836180959048881e-01
1589 1.5543758938861915e+01 2.1505487682213331e-01
1590 1.5358326312266698e+01 2.1248933326036737e-01
1591 1.5562470437642217e+01 2.1531375880050052e-01
1592 1.5499842253015121e+01 2.1444726977532008e-01
1593 1.5288310954883260e+01 2.1152063938670546e-01
1594 1.5108575853387459e+01 2.0903392364022316e-01
1595 1.5309577977671692e+01 2.1181487818596431e-01
1596 1.5239414078820017e+01 2.1084412917446349e-01
1597 1.5004740607589861e+01 2.0759731644098456e-01
1598 1.4889469192274346e+01 2.0600248470695573e-01
1599 1.5046470750904811e+01 2.0817467169113127e-01
1600 1.4990867876529933e+01 2.0740538098438013e-01
1601 1.4709212291520432e+01 2.0350854963369278e-01
1602 1.4687131442859195e+01 2.0320305118845516e-01
1603 1.4787942453338522e+01 2.0459781673559338e-01
1604 1.4732243877578277e+01 2.0382720195725043e-01
1605 1.4426553477301018e+01 1.9959783815690396e-01
1606 1.4483869701421265e+01 2.0039083382587769e-01
1607 1.4546109112280805e+01 2.0125194399160576e-01
1608 1.4447104875023216e+01 1.9988217596238933e-01
1609 1.4174917059186356e+01 1.9611633544482099e-01
1610 1.4271207810294989e+01 1.9744856117607604e-01
1611 1.4317831313861005e+01 1.9809361826013425e-01
1612 1.4137526838245751e+01 1.9559902496732570e-01
1613 1.3957325528154110e+01 1.9310585901580959e-01
1614 1.4053493696416849e+01 1.9443638875840916e-01
1615 1.4084372035867341e+01 1.9486360443468903e-01
1616 1.3824419207976444e+01 1.9126704046316007e-01
1617 1.3763855671135863e+01 1.9042911676617064e-01
1618 1.3839234849560341e+01 1.9147202150979095e-01
1619 1.3823643749773307e+01 1.9125631165110038e-01
1620 1.3536167553122576e+01 1.8727894952761490e-01
1621 1.3580318177874805e+01 1.8788979322411434e-01
1622 1.3628370691376089e+01 1.8855462130158640e-01
1623 1.3527424400599259e+01 1.8715798409085441e-01
1624 1.3294140746477773e+01 1.8393040010045403e-01
1625 1.3395429310315707e+01 1.8533177281250748e-01
1626 1.3407356135062246e+01 1.8549678578246118e-01
1627 1.3211925183980007e+01 1.8279291091682970e-01
1628 1.3102766678456605e+01 1.8128265403162211e-01
1629 1.3200927086838639e+01 1.8264074730985938e-01
1630 1.3157856303258123e+01 1.8204484370031596e-01
1631 1.2913259072010856e+01 1.7866073129585741e-01
1632 1.2946786367565457e+01 1.7912459646798429e-01
1633 1.2987479865631540e+01 1.7968760926614236e-01
1634 1.2874348140122290e+01 1.7812238110030665e-01
1635 1.2668726019356859e+01 1.7527750683102303e-01
1636 1.2795216636949240e+01 1.7702756126074495e-01
1637 1.2745646067940406e+01 1.7634173020442659e-01
1638 1.2577177843511400e+01 1.7401089675573980e-01
1639 1.2493370224444181e+01 1.7285138075538573e-01
1640 1.2611752574655700e+01 1.7448925366906057e-01
1641 1.2476098571289684e+01 1.7261241968707114e-01
1642 1.2307096530518846e+01 1.7027420064986040e-01
1643 1.2364281025415442e+01 1.7106537378593992e-01
1644 1.2371979156628168e+01 1.7117188088414087e-01
1645 1.2199777458477168e+01 1.6878939315192074e-01
1646 1.2098972968598909e+01 1.6739471782022300e-01
1647 1.2225095286114678e+01 1.6913967665318991e-01
1648 1.2083176331060702e+01 1.6717616425455431e-01
1649 1.1952628966380290e+01 1.6536998290928082e-01
1650 1.1950293147400949e+01 1.6533766580600762e-01
1651 1.2018436373047157e+01 1.6628045789737037e-01
1652 1.1790839142399836e+01 1.6313154812628883e-01
1653 1.1760525226739370e+01 1.6271214150630717e-01
1654 1.1811343570044389e+01 1.6341523607968234e-01
1655 1.1733342797500592e+01 1.6233606040554738e-01
1656 1.1554368180868501e+01 1.5985986630825774e-01
1657 1.1609879047249448e+01 1.6062788404314413e-01
1658 1.1618404312931984e+01 1.6074583491773276e-01
1659 1.1426347359366378e+01 1.5808864082109619e-01
1660 1.1399243792701260e+01 1.5771365081941555e-01
1661 1.1445010841245725e+01 1.5834685846410149e-01
1662 1.1355251097224620e+01 1.5710499214528051e-01
1663 1.1181681756008890e+01 1.5470358245782556e-01
1664 1.1282562595718286e+01 1.5609931412368255e-01
1665 1.1215272060701565e+01 1.5516831938963943e-01
1666 1.1079271638417682e+01 1.5328669254654068e-01
1667 1.1033593436081080e+01 1.5265471412899109e-01
1668 1.1116075610051967e+01 1.5379589200193033e-01
1669 1.0939589863091671e+01 1.5135413253289243e-01
1670 1.0867032971780668e+01 1.5035027539737852e-01
1671 1.0922548292192417e+01 1.5111835475577881e-01
1672 1.0853888736245342e+01 1.5016841900311190e-01
1673 1.0701617802430217e+01 1.4806168233510228e-01
1674 1.0726182901374022e+01 1.4840155149726972e-01
1675 1.0747222489502905e+01 1.4869264363600154e-01
1676 1.0559362635364876e+01 1.4609351829248693e-01
1677 1.0554970745014934e+01 1.4603275451958372e-01
1678 1.0575207595150328e+01 1.4631274041812042e-01
1679 1.0485211137828337e+01 1.4506759906460776e-01
1680 1.0343899004098793e+01 1.4311248231117560e-01
1681 1.0443452923224511e+01 1.4448985543558854e-01
1682 1.0343097821875503e+01 1.4310139759575899e-01
1683 1.0229813548509116e+01 1.4153405886189691e-01
1684 1.0228639907322234e+01 1.4151782100965854e-01
1685 1.0253768195364509e+01 1.4186548214561270e-01
1686 1.0081016941698731e+01 1.3947539106635135e-01
1687 1.0064955416713651e+01 1.3925317266404413e-01
1688 1.0105548199879271e+01 1.3981479202638025e-01
1689 9.9739052312809608e+00 1.3799345250948716e-01
1690 9.9003559529750440e+00 1.3697586525477939e-01
1691 9.9400285324104782e+00 1.3752475318576582e-01
1692 9.8823926159901578e+00 1.3672733443042770e-01
1693 9.7290184776861288e+00 1.3460533443348946e-01
1694 9.7998284507706597e+00 1.3558502217178808e-01
1695 9.7394007542813377e+00 1.3474897788698731e-01
1696 9.6283905548510980e+00 1.3321310198603109e-01
1697 9.5985485637920878e+00 1.3280022465458474e-01
1698 9.6467962560224709e+00 1.3346775311731815e-01
1699 9.4793852717379199e+00 1.3115154706023796e-01
1700 9.4623932824587946e+00 1.3091645526707787e-01
1701 9.4860598525153215e+00 1.3124389287906915e-01
1702 9.3864852043641704e+00 1.2986623295929164e-01
1703 9.2961959566807018e+00 1.2861704071980154e-01
1704 9.3460982355380242e+00 1.2930746113065686e-01
1705 9.2750466368550768e+00 1.2832443039382690e-01
1706 9.1495411304885259e+00 1.2658800541977011e-01
1707 9.2047746611875780e+00 1.2735218609110302e-01
1708 9.1448631126621880e+00 1.2652328294489310e-01
1709 9.0406918893663022e+00 1.2508202734626839e-01
1710 9.0254276693261524e+00 1.2487084001549262e-01
1711 9.0538176826914007e+00 1.2526362858428453e-01
1712 8.8894029775140702e+00 1.2298887739258553e-01
1713 8.9050928850982096e+00 1.2320595430146770e-01
1714 8.8973479379463889e+00 1.2309879948375084e-01
1715 8.8028611960556198e+00 1.2179153302918422e-01
1716 8.7328211421215887e+00 1.2082249746766763e-01
1717 8.7888978742740331e+00 1.2159834420931265e-01
1718 8.6718090856019074e+00 1.1997836829974155e-01
1719 8.6068508095702114e+00 1.1907964141485347e-01
1720 8.6450851871316914e+00 1.1960863117783142e-01
1721 8.5632285704843341e+00 1.1847610817104688e-01
1722 8.4766398306006128e+00 1.1727811411676951e-01
1723 8.4996289193994716e+00 1.1759617847168762e-01
1724 8.4635164294412597e+00 1.1709654597543942e-01
1725 8.3326176034063764e+00 1.1528550200468450e-01
1726 8.3832282023348590e+00 1.1598572234142991e-01
1727 8.3253306671381377e+00 1.1518468397297540e-01
1728 8.2366040127787894e+00 1.1395711091300059e-01
1729 8.2201282784660155e+00 1.1372916173885782e-01
1730 8.2358434692678752e+00 1.1394658845239754e-01
1731 8.0932725102009684e+00 1.1197405528579710e-01
1732 8.1098755776590679e+00 1.1220376617111869e-01
1733 8.0965264235616594e+00 1.1201907463663274e-01
1734 7.9959016610766964e+00 1.1062688591403508e-01
1735 7.9656133022588600e+00 1.1020783288443430e-01
1736 7.9858951209001008e+00 1.1048844094241929e-01
1737 7.8789765610701066e+00 1.0900917471057159e-01
1738 7.8367296007719345e+00 1.0842466906565207e-01
1739 7.8714034555709445e+00 1.0890439739919605e-01
1740 7.7572185014510087e+00 1.0732459734312277e-01
1741 7.7266749937345498e+00 1.0690201421406660e-01
1742 7.7327211362842450e+00 1.0698566530814160e-01
1743 7.6674840117997549e+00 1.0608308042983614e-01
1744 7.5817260763173095e+00 1.0489658092709435e-01
1745 7.6375921036747787e+00 1.0566951247339265e-01
1746 7.5319110569454208e+00 1.0420736779035884e-01
1747 7.4876776104287464e+00 1.0359537821759991e-01
1748 7.4945094925576372e+00 1.0368990037118392e-01
1749 7.4438386257934264e+00 1.0298884620189906e-01
1750 7.3521065894589812e+00 1.0171969233428305e-01
1751 7.3925181320496343e+00 1.0227880415197195e-01
1752 7.3217714570516499e+00 1.0129999217109205e-01
1753 7.2458377621685823e+00 1.0024941544354772e-01
1754 7.2722378270869124e+00 1.0061467218301717e-01
1755 7.2119783337644172e+00 9.9780955064474264e-02
1756 7.1381757313956360e+00 9.8759862957732342e-02
1757 7.1485013864343276e+00 9.8902723026599082e-02
1758 7.1153093305320869e+00 9.8443496045428944e-02
1759 7.0118668388678298e+00 9.7012322775788667e-02
1760 7.0537084827356455e+00 9.7591220686096034e-02
1761 6.9865706591966328e+00 9.6662338783843268e-02
1762 6.9238768064314797e+00 9.5794941210518444e-02
1763 6.9204137344532883e+00 9.5747028056394942e-02
1764 6.9001946300747639e+00 9.5467287678364113e-02
1765 6.7954180453826183e+00 9.4017656633297031e-02
1766 6.8298349503949618e+00 9.4493829951291783e-02
1767 6.7758984789830965e+00 9.3747594676972204e-02
1768 6.7026183488530187e+00 9.2733731207999257e-02
1769 6.7113949443624428e+00 9.2855159343472840e-02
1770 6.6763572968786544e+00 9.2370397774961588e-02
1771 6.5938548346495285e+00 9.1228939204869630e-02
1772 6.6048068401595454e+00 9.1380465113446580e-02
1773 6.5743712108035943e+00 9.0959374529895137e-02
1774 6.4819563032325682e+00 8.9680772832430131e-02
1775 6.5116134739851042e+00 9.0091093092038235e-02
1776 6.4550825961324900e+00 8.9308963040931610e-02
1777 6.3954126968431346e+00 8.8483403220290122e-02
1778 6.3904092396557095e+00 8.8414178145881872e-02
1779 6.3701151901285664e+00 8.8133400868104464e-02
1780 6.2735902161934751e+00 8.6797934558988460e-02
1781 6.3095236319836872e+00 8.7295089483801547e-02
1782 6.2464832597393123e+00 8.6422897658055942e-02
1783 6.1917143750658781e+00 8.5665145572896978e-02
1784 6.1929096174020355e+00 8.5681682286724431e-02
1785 6.1579633379534879e+00 8.5198184835962407e-02
1786 6.0810790651227240e+00 8.4134456436145241e-02
1787 6.1032117118201672e+00 8.4440671530446945e-02
1788 6.0498791772869875e+00 8.3702791993730138e-02
1789 5.9860118149030512e+00 8.2819158388470579e-02
1790 6.0069387544250068e+00 8.3108691983198854e-02
1791 5.9441913436240323e+00 8.2240553410425840e-02
1792 5.8975864919101317e+00 8.1595754383107649e-02
1793 5.9004470725878635e+00 8.1635331799851496e-02
1794 5.8560069569221440e+00 8.1020482866717411e-02
1795 5.7890027590000441e+00 8.0093449734810251e-02
1796 5.8211146987467579e+00 8.0537732824499941e-02
1797 5.7392995507634854e+00 7.9405783555283119e-02
1798 5.7140544259159434e+00 7.9056505929722812e-02
1799 5.7088565854460187e+00 7.8984591475413687e-02
1800 5.6574242001637662e+00 7.8273001355864832e-02
1801 5.6078687700349983e+00 7.7587379752742477e-02
1802 5.6286166027928273e+00 7.7874435325053601e-02
1803 5.5479981363298254e+00 7.6759042681421960e-02
1804 5.5285112246198151e+00 7.6489432517373251e-02
1805 5.5275156720029957e+00 7.6475658600380442e-02
1806 5.4563879691356858e+00 7.5491574928024510e-02
1807 5.4399375543708750e+00 7.5263976061184498e-02
1808 5.4321437211133192e+00 7.5156144882267698e-02
1809 5.3665093389241800e+00 7.4248063765434857e-02
1810 5.3469845692938813e+00 7.3977929820078406e-02
1811 5.3478319872305340e+00 7.3989654227327686e-02
1812 5.2628105624600412e+00 7.2813344680635800e-02
1813 5.2757375004276943e+00 7.2992194665588317e-02
1814 5.2394026881008493e+00 7.2489486239650958e-02
1815 5.1883928062233187e+00 7.1783741644213528e-02
1816 5.1758474930281553e+00 7.1610171609160070e-02
1817 5.1619419863268332e+00 7.1417782686855974e-02
1818 5.0853787761307157e+00 7.0358496332596623e-02
1819 5.1072145861215255e+00 7.0660604557920725e-02
1820 5.0553274719959509e+00 6.9942723060863202e-02
1821 5.0121212204708501e+00 6.9344945191544480e-02
1822 5.0141650609638075e+00 6.9373222641496327e-02
1823 4.9704989343572041e+00 6.8769082194155451e-02
1824 4.9247278086171686e+00 6.8135818139640036e-02
1825 4.9331169403843411e+00 6.8251885540448948e-02
1826 4.8790914215082166e+00 6.7504418254520526e-02
1827 4.8424964885061250e+00 6.6998110942368183e-02
1828 4.8534394467726294e+00 6.7149511678273141e-02
1829 4.7828288518283557e+00 6.6172582425972848e-02
1830 4.7736743996289084e+00 6.6045926473711256e-02
1831 4.7574920723405176e+00 6.5822036717353830e-02
1832 4.7076429732850205e+00 6.5132352072909697e-02
1833 4.6845762554645969e+00 6.4813213685658996e-02
1834 4.6847764885074650e+00 6.4815983999618382e-02
1835 4.6098349599961654e+00 6.3779134338847729e-02
1836 4.6227961824900419e+00 6.3958458665598308e-02
1837 4.5848177361332798e+00 6.3433009825631451e-02
1838 4.5410261915515120e+00 6.2827134164349971e-02
1839 4.5366362688005175e+00 6.2766397614060734e-02
1840 4.5072611038749431e+00 6.2359979031557822e-02
1841 4.4560734627932232e+00 6.1651775057799410e-02
1842 4.4661705702731069e+00 6.1791473068678708e-02
1843 4.4174837429634648e+00 6.1117868975156767e-02
1844 4.3832067611926133e+00 6.0643631557968369e-02
1845 4.3895034479028698e+00 6.0730749042882282e-02
1846 4.3302262101702604e+00 5.9910621871000394e-02
1847 4.3166088013550130e+00 5.9722218912171818e-02
1848 4.3035324129111672e+00 5.9541301212847571e-02
1849 4.2569060903074947e+00 5.8896205126138960e-02
1850 4.2369152008620103e+00 5.8619622204068869e-02
1851 4.2337155910126132e+00 5.8575354166668939e-02
1852 4.1670280528368533e+00 5.7652702164385033e-02
1853 4.1799527257884392e+00 5.7831520811824320e-02
1854 4.1394281787035876e+00 5.7270845526271832e-02
1855 4.1051109725444901e+00 5.6796051586630043e-02
1856 4.0981282684491092e+00 5.6699442743490876e-02
1857 4.0687852881979323e+00 5.6293469450394172e-02
1858 4.0248711752942219e+00 5.5685898001402556e-02
1859 4.0351937145430146e+00 5.5828714961918498e-02
1860 3.9812090424762330e+00 5.5081812809918515e-02
1861 3.9633526327334150e+00 5.4834761371921337e-02
1862 3.9574056403079818e+00 5.4752482064287705e-02
1863 3.9057185000943626e+00 5.4037367295997167e-02
1864 3.8982607177602886e+00 5.3934185532336976e-02
1865 3.8795841545104151e+00 5.3675786902703033e-02
1866 3.8356037886048284e+00 5.3067298813713741e-02
1867 3.8285122160008829e+00 5.2969183725927363e-02
1868 3.8087006097052094e+00 5.2695081266649478e-02
1869 3.7586835885179801e+00 5.2003073344194059e-02
1870 3.7716699630432853e+00 5.2182745660581009e-02
1871 3.7217848119571602e+00 5.1492562220122579e-02
1872 3.7039343556370592e+00 5.1245593150399005e-02
1873 3.6930053083608119e+00 5.1094384879283812e-02
1874 3.6569689000345424e+00 5.0595805006538735e-02
1875 3.6318663924486274e+00 5.0248500554761710e-02
1876 3.6317974573204297e+00 5.0247546806343357e-02
1877 3.5764503080368506e+00 4.9481794170931744e-02
1878 3.5790898253149210e+00 4.9518313076386850e-02
1879 3.5520008424439284e+00 4.9143524848039258e-02
1880 3.5147624554437753e+00 4.8628315061212797e-02
1881 3.5138527527068479e+00 4.8615728915814886e-02
1882 3.4807855948639892e+00 4.8158229955317322e-02
1883 3.4516023229216346e+00 4.7754466298307763e-02
1884 3.4493604928982577e+00 4.7723449574397558e-02
1885 3.4108919915880289e+00 4.7191220604343220e-02
1886 3.3890236774938436e+00 4.6888662670169737e-02
1887 3.3876595701944243e+00 4.6869789633833890e-02
1888 3.3360290378618180e+00 4.6155458060967720e-02
1889 3.3391569969333728e+00 4.6198734777718388e-02
1890 3.3101654249267778e+00 4.5797623375303992e-02
1891 3.2809771970752339e+00 4.5393791151067904e-02
1892 3.2719692464340571e+00 4.5269162113575900e-02
1893 3.2494321535371249e+00 4.4957351324696436e-02
1894 3.2127270009573063e+00 4.4449519075249029e-02
1895 3.2204843243431536e+00 4.4556845123714821e-02
1896 3.1723406851888631e+00 4.3890756281960479e-02
1897 3.1652318156297938e+00 4.3792401883041697e-02
1898 3.1494590349699898e+00 4.3574178387986322e-02
1899 3.1137709317797655e+00 4.3080417473025087e-02
1900 3.1061630543062493e+00 4.2975159075787958e-02
1901 3.0868079620876019e+00 4.2707372693527770e-02
1902 3.0518309780398014e+00 4.2223450430863028e-02
1903 3.0517294103903834e+00 4.2222045196876792e-02
1904 3.0203214144210673e+00 4.1787501485090056e-02
1905 2.9955237549085294e+00 4.1444414743142907e-02
1906 2.9958570908349489e+00 4.1449026595197384e-02
1907 2.9521766146347934e+00 4.0844687614793436e-02
1908 2.9486612157366530e+00 4.0796050494262048e-02
1909 2.9279615206861567e+00 4.0509660928723268e-02
1910 2.8990938077636565e+00 4.0110263172292319e-02
1911 2.8897312520000793e+00 3.9980728013879481e-02
1912 2.8717343672458058e+00 3.9731733041091011e-02
1913 2.8369238604745854e+00 3.9250114066218457e-02
1914 2.8434083570841864e+00 3.9339829985328902e-02
1915 2.8012529012608431e+00 3.8756590345861507e-02
1916 2.7938983178667050e+00 3.8654836385823559e-02
1917 2.7787571022317610e+00 3.8445350876165449e-02
1918 2.7483731185507976e+00 3.8024974833692306e-02
1919 2.7396030408672010e+00 3.7903636875262513e-02
1920 2.7227299013164412e+00 3.7670189421402489e-02
1921 2.6911244154717555e+00 3.7232913348609106e-02
1922 2.6914961109998083e+00 3.7238055922957765e-02
1923 2.6606578899241780e+00 3.6811395302388528e-02
1924 2.6423195426646129e+00 3.6557676042681841e-02
1925 2.6383114732979305e+00 3.6502222605238763e-02
1926 2.6010288274424975e+00 3.5986400477297918e-02
1927 2.5986062040622651e+00 3.5952882396203659e-02
1928 2.5771105810577550e+00 3.5655480810420422e-02
1929 2.5530733923847935e+00 3.5322915523635770e-02
1930 2.5455733328974337e+00 3.5219148836597138e-02
1931 2.5248244003552802e+00 3.4932078048276596e-02
1932 2.4990982767857517e+00 3.4576145589653363e-02
1933 2.5014022312222797e+00 3.4608021832684424e-02
1934 2.4620935351388731e+00 3.4064168391087328e-02
1935 2.4612654798925786e+00 3.4052711875343984e-02
1936 2.4402341174851609e+00 3.3761733543158139e-02
1937 2.4174547604435075e+00 3.3446570921172772e-02
1938 2.4101416205649966e+00 3.3345390350762352e-02
1939 2.3898550713528914e+00 3.3064716843207630e-02
1940 2.3669454718253071e+00 3.2747752258011235e-02
1941 2.3657671812978220e+00 3.2731450080060225e-02
1942 2.3329947070202057e+00 3.2278028198863364e-02
1943 2.3264654982058799e+00 3.2187693666345600e-02
1944 2.3124296109018094e+00 3.1993500869922371e-02
1945 2.2845119831538394e+00 3.1607247968026463e-02
1946 2.2838755686496177e+00 3.1598442887907072e-02
1947 2.2576917962063132e+00 3.1236178651844110e-02
1948 2.2430228267281613e+00 3.1033226879583636e-02
1949 2.2345639747333723e+00 3.0916194868153769e-02
1950 2.2101161638044760e+00 3.0577948438280253e-02
1951 2.1979574388434147e+00 3.0409727024843517e-02
1952 2.1895251122827992e+00 3.0293062004692995e-02
1953 2.1585071286068978e+00 2.9863914287919388e-02
1954 2.1621112591549068e+00 2.9913779050625863e-02
1955 2.1328488979295765e+00 2.9508921157912111e-02
1956 2.1227924581775182e+00 2.9369785803288136e-02
1957 2.1118376392259504e+00 2.9218220969485415e-02
1958 2.0896176447904029e+00 2.8910797380048623e-02
1959 2.0789700604540107e+00 2.8763483274951998e-02
1960 2.0684048445655292e+00 2.8617308774277261e-02
1961 2.0419482355693019e+00 2.8251269722128169e-02
1962 2.0425553234638314e+00 2.8259669055448491e-02
1963 2.0168483388847109e+00 2.7904001393342041e-02
1964 2.0052436839110905e+00 2.7743445786700731e-02
1965 1.9976791470119277e+00 2.7638787025749498e-02
1966 1.9718877639599226e+00 2.7281951672915111e-02
1967 1.9683737982020988e+00 2.7233334380522816e-02
1968 1.9504142439886312e+00 2.6984855892510411e-02
1969 1.9329978514023660e+00 2.6743892289236765e-02
1970 1.9272459663415935e+00 2.6664312379505478e-02
1971 1.9071159715381933e+00 2.6385804872415149e-02
1972 1.8932787313287178e+00 2.6194360447645598e-02
1973 1.8886188486196320e+00 2.6129888880249981e-02
1974 1.8605299748185824e+00 2.5741266712400058e-02
1975 1.8623253349657432e+00 2.5766106325315934e-02
1976 1.8391234409193951e+00 2.5445097714348441e-02
1977 1.8281879240172989e+00 2.5293799933057783e-02
1978 1.8192234675591639e+00 2.5169772657096776e-02
1979 1.8006366523637385e+00 2.4912615732051165e-02
1980 1.7896038918333161e+00 2.4759972541545550e-02
1981 1.7818543997107386e+00 2.4652754842119682e-02
1982 1.7579729912882351e+00 2.4322344844972844e-02
1983 1.7585547851320611e+00 2.4330394223756442e-02
1984 1.7361020935844369e+00 2.4019751165401525e-02
1985 1.7264417489162147e+00 2.3886095963924502e-02
1986 1.7187311741347551e+00 2.3779416703368750e-02
1987 1.6975476314584521e+00 2.3486332888904865e-02
1988 1.6935315900106436e+00 2.3430769154143660e-02
1989 1.6781412026807121e+00 2.3217836242323445e-02
1990 1.6631641062657585e+00 2.3010621395686943e-02
1991 1.6581961954631368e+00 2.2941888121456210e-02
1992 1.6397602599337056e+00 2.2686818684264275e-02
1993 1.6297040572063102e+00 2.2547686608982827e-02
1994 1.6232084233154300e+00 2.2457816600590434e-02
1995 1.6007055132465144e+00 2.2146478746468738e-02
1996 1.6018815521166201e+00 2.2162749771729964e-02
1997 1.5804857827419883e+00 2.1866729705703827e-02
1998 1.5732465077368518e+00 2.1766571088947438e-02
1999 1.5636474121105286e+00 2.1633763295437359e-02
2000 1.5478208531545112e+00 2.1414795753532483e-02
