# step 23
# iter abs_residual rel_residual
0 7.2278104865846402e+01 1.0000000000000000e+00
1 1.1546600861374691e+03 1.5975240195915555e+01
2 1.1527745212176035e+03 1.5949152559509407e+01
3 1.1585072720811613e+03 1.6028467739039893e+01
4 1.2484330970662133e+03 1.7272631862490019e+01
5 1.4402468346342928e+03 1.9926460956710184e+01
6 1.2677694538270457e+03 1.7540159031287846e+01
7 1.4124522130195007e+03 1.9541909899839215e+01
8 1.3004236603879017e+03 1.7991944625576249e+01
9 1.3783981910461678e+03 1.9070757231454511e+01
10 1.3232324643113386e+03 1.8307514658379016e+01
11 1.3547601259470728e+03 1.8743713998334758e+01
12 1.3364428175034298e+03 1.8490285820082971e+01
13 1.3388396176553324e+03 1.8523446625230690e+01
14 1.3429152194676074e+03 1.8579834404349132e+01
15 1.3277325809240460e+03 1.8369775790170724e+01
16 1.3450051727494495e+03 1.8608749845418334e+01
17 1.3195692023761476e+03 1.8256831786408448e+01
18 1.3443069584353734e+03 1.8599089737210296e+01
19 1.3132163294697634e+03 1.8168936940269695e+01
20 1.3418458874598525e+03 1.8565039716390178e+01
21 1.3079856800742396e+03 1.8096568559758992e+01
22 1.3382737217512215e+03 1.8515617201573811e+01
23 1.3034526903345520e+03 1.8033852613510803e+01
24 1.3340055733957756e+03 1.8456565454666947e+01
25 1.2993510853111707e+03 1.7977105068303381e+01
26 1.3293075319972806e+03 1.8391565944687887e+01
27 1.2955114809386150e+03 1.7923982419616312e+01
28 1.3243513570126358e+03 1.8322995040762780e+01
29 1.2918249965162888e+03 1.7872978254120152e+01
30 1.3192485335202018e+03 1.8252395188955582e+01
31 1.2882212246139838e+03 1.7823118453437861e+01
32 1.3140716232937389e+03 1.8180770313952678e+01
33 1.2846546044813458e+03 1.7773772664152737e+01
34 1.3088677968927495e+03 1.8108773041602387e+01
35 1.2810958289430764e+03 1.7724535408349272e+01
36 1.3036675101297737e+03 1.8036824741731657e+01
37 1.2775263299657952e+03 1.7675149788957253e+01
38 1.2984901357302379e+03 1.7965193444686093e+01
39 1.2739346838620322e+03 1.7625457754136619e+01
40 1.2933476589212353e+03 1.7894044971458310e+01
41 1.2703142383687252e+03 1.7575367266844143e+01
42 1.2882471280015272e+03 1.7823476838423073e+01
43 1.2666615286057543e+03 1.7524830388909248e+01
44 1.2831922934636934e+03 1.7753540935327440e+01
45 1.2629752087398847e+03 1.7473828500125475e+01
46 1.2781847130489423e+03 1.7684258814219731e+01
47 1.2592553284049509e+03 1.7422362287199192e+01
48 1.2732245007417357e+03 1.7615632052126106e+01
49 1.2555028382783330e+03 1.7370444903178363e+01
50 1.2683108376859695e+03 1.7547649319805075e+01
51 1.2517192522232756e+03 1.7318097293039997e+01
52 1.2634423194691938e+03 1.7480291186580470e+01
53 1.2479064168627335e+03 1.7265345005640942e+01
54 1.2586171941787525e+03 1.7413533413954898e+01
55 1.2440663539091222e+03 1.7212216012279278e+01
56 1.2538335239661535e+03 1.7347349190925286e+01
57 1.2402011533676091e+03 1.7158739229113930e+01
58 1.2490892942248586e+03 1.7281710644506553e+01
59 1.2363129023456847e+03 1.7104943532213170e+01
60 1.2443824862357392e+03 1.7216589844814091e+01
61 1.2324036388437335e+03 1.7050857118226428e+01
62 1.2397111252413622e+03 1.7151959470193074e+01
63 1.2284753213143977e+03 1.6996507083224447e+01
64 1.2350733099347785e+03 1.7087793215209054e+01
65 1.2245298121544010e+03 1.6941919194301242e+01
66 1.2304672309104385e+03 1.7024066045924670e+01
67 1.2205688672035069e+03 1.6887117744287494e+01
68 1.2258911806676747e+03 1.6960754338302323e+01
69 1.2165941326641928e+03 1.6832125509132855e+01
70 1.2213435565443406e+03 1.6897835918792367e+01
71 1.2126071450134341e+03 1.6776963746685446e+01
72 1.2168228618978039e+03 1.6835290080672685e+01
73 1.2086093333596550e+03 1.6721652229301320e+01
74 1.2123277032838223e+03 1.6773097545017176e+01
75 1.2046020237667660e+03 1.6666209303669458e+01
76 1.2078567863335279e+03 1.6711240403651992e+01
77 1.2005864443565126e+03 1.6610651961405068e+01
78 1.2034089109101481e+03 1.6649702052146573e+01
79 1.1965637310967297e+03 1.6554995919132661e+01
80 1.1989829658859680e+03 1.6588467117550614e+01
81 1.1925349333544866e+03 1.6499255695316322e+01
82 1.1945779226431453e+03 1.6527521368474890e+01
83 1.1885010204049511e+03 1.6443444700312750e+01
84 1.1901928302487358e+03 1.6466851648335595e+01
85 1.1844628864411404e+03 1.6387575305683409e+01
86 1.1858268092570434e+03 1.6406445789607062e+01
87 1.1804213570168110e+03 1.6331658933334815e+01
88 1.1814790463301181e+03 1.6346292539393943e+01
89 1.1763771933522860e+03 1.6275706115091570e+01
90 1.1771487897181535e+03 1.6286381496900482e+01
91 1.1723310979354296e+03 1.6219726570188364e+01
92 1.1728353439170389e+03 1.6226703039515350e+01
93 1.1682837191229580e+03 1.6163729268931171e+01
94 1.1685380650382428e+03 1.6167248258751904e+01
95 1.1642356550318430e+03 1.6107722486536577e+01
96 1.1642563576319349e+03 1.6108008916294668e+01
97 1.1601874578349309e+03 1.6051713862563581e+01
98 1.1599896696502951e+03 1.6048977374314436e+01
99 1.1561396376451148e+03 1.5995710454652857e+01
100 1.1557374897054237e+03 1.5990146557530243e+01
101 1.1520926651050429e+03 1.5939718774356542e+01
102 1.1514993435987756e+03 1.5931509905192518e+01
103 1.1480469756784510e+03 1.5883744846510744e+01
104 1.1472747910265714e+03 1.5873061325500990e+01
105 1.1440029715528376e+03 1.5827794235559900e+01
106 1.1430634233289368e+03 1.5814795164462993e+01
107 1.1399610245722861e+03 1.5771872086133683e+01
108 1.1388648605586277e+03 1.5756706165337990e+01
109 1.1359214789444100e+03 1.5715983160498821e+01
110 1.1346787494225794e+03 1.5698789440157963e+01
111 1.1318846530402470e+03 1.5660131863461418e+01
112 1.1305047609336389e+03 1.5641040437238091e+01
113 1.1278508414169055e+03 1.5604322270351187e+01
114 1.1263425889435161e+03 1.5583454920879465e+01
115 1.1238203171283383e+03 1.5548558158992039e+01
116 1.1221919476106661e+03 1.5526028936336099e+01
117 1.1197933329736886e+03 1.5492843026973510e+01
118 1.1180525705923121e+03 1.5468758798636209e+01
119 1.1157701230422258e+03 1.5437180113025640e+01
120 1.1139242088676219e+03 1.5411641062464891e+01
121 1.1117509047696108e+03 1.5381572425468322e+01
122 1.1098066298866386e+03 1.5354672510389186e+01
123 1.1077358792262141e+03 1.5326022746200323e+01
124 1.1056996160753183e+03 1.5297850132174604e+01
125 1.1037252332626831e+03 1.5270533660384153e+01
126 1.1016029635330185e+03 1.5241171106764302e+01
127 1.0997191401755542e+03 1.5215107565655128e+01
128 1.0975164815433623e+03 1.5184632795511661e+01
129 1.0957177605423715e+03 1.5159746683675589e+01
130 1.0934399909868050e+03 1.5128232720217442e+01
131 1.0917212434669364e+03 1.5104453077363512e+01
132 1.0893733238512764e+03 1.5071968556359291e+01
133 1.0877297275775297e+03 1.5049228664703341e+01
134 1.0853163221768341e+03 1.5015838118490555e+01
135 1.0837433411671568e+03 1.4994075220686346e+01
136 1.0812688376700269e+03 1.4959839354904824e+01
137 1.0797622035141442e+03 1.4938994395581677e+01
138 1.0772307304170615e+03 1.4903970329832012e+01
139 1.0757864254723065e+03 1.4883987723101582e+01
140 1.0732018690390573e+03 1.4848229225586374e+01
141 1.0718161096220911e+03 1.4829056622492557e+01
142 1.0691821292846175e+03 1.4792614323094110e+01
143 1.0678513515702518e+03 1.4774202416516928e+01
144 1.0651713940623429e+03 1.4737124002343187e+01
145 1.0638922397487677e+03 1.4719426328670787e+01
146 1.0611695529636554e+03 1.4681756735781409e+01
147 1.0599388563579873e+03 1.4664729496232830e+01
148 1.0571765012099856e+03 1.4626511073750269e+01
149 1.0559912776354674e+03 1.4610112973983846e+01
150 1.0531921400326364e+03 1.4571385649740543e+01
151 1.0520495743118593e+03 1.4555577740514121e+01
152 1.0492163758016020e+03 1.4516379168339105e+01
153 1.0481138117913442e+03 1.4501124700719842e+01
154 1.0452491196660565e+03 1.4461490400254924e+01
155 1.0441840510119068e+03 1.4446754697705355e+01
156 1.0412902872588293e+03 1.4406718178230356e+01
157 1.0402603481842611e+03 1.4392468509171104e+01
158 1.0373397988396000e+03 1.4352061399022300e+01
159 1.0363427553353886e+03 1.4338266854933712e+01
160 1.0333975781026822e+03 1.4297519006907359e+01
161 1.0324313207362372e+03 1.4284150402843398e+01
162 1.0294635529042466e+03 1.4243090003743298e+01
163 1.0285260887848528e+03 1.4230119767167036e+01
164 1.0255376543607774e+03 1.4188773436495774e+01
165 1.0246271007434391e+03 1.4176175518785724e+01
166 1.0216198166708227e+03 1.4134568394772192e+01
167 1.0207343943746132e+03 1.4122318180162209e+01
168 1.0177099774286803e+03 1.4080474015161666e+01
169 1.0168480047089012e+03 1.4068548235959527e+01
170 1.0138080767373001e+03 1.4026489468961646e+01
171 1.0129679638449213e+03 1.4014866130276465e+01
172 1.0099140573905792e+03 1.3972613964700038e+01
173 1.0090943013404858e+03 1.3961272272058610e+01
174 1.0060278648025163e+03 1.3918846747155030e+01
175 1.0052270441555363e+03 1.3907767034308845e+01
176 1.0021494466796743e+03 1.3865187092823463e+01
177 1.0013662172154661e+03 1.3854350761881170e+01
178 9.9827875258420841e+02 1.3811634303875135e+01
179 9.9751184302690490e+02 1.3801023766164898e+01
180 9.9441573467216824e+02 1.3758187718367529e+01
181 9.9366394213105264e+02 1.3747786331356746e+01
182 9.9056034660972045e+02 1.3704846695251279e+01
183 9.8982253330688934e+02 1.3694638717272325e+01
184 9.8671254400452756e+02 1.3651610620338486e+01
185 9.8598763320211106e+02 1.3641581154239978e+01
186 9.8287228418024858e+02 1.3598478903182830e+01
187 9.8215925727231865e+02 1.3588613856094872e+01
188 9.7903952593258032e+02 1.3545450973704295e+01
189 9.7833741900896382e+02 1.3535737009497296e+01
190 9.7521422962330905e+02 1.3492526283490415e+01
191 9.7452213053162711e+02 1.3482950782127084e+01
192 9.7139635705747287e+02 1.3439704304096761e+01
193 9.7071340264626485e+02 1.3430255323489485e+01
194 9.6758587122216272e+02 1.3386984523433131e+01
195 9.6691124481860118e+02 1.3377650764547038e+01
196 9.6378273646045591e+02 1.3334366448170012e+01
197 9.6311566502259438e+02 1.3325137215623037e+01
198 9.5998691833284408e+02 1.3281849601821353e+01
199 9.5932667049498752e+02 1.3272714776841063e+01
200 9.5619838332429424e+02 1.3229433520691645e+01
201 9.5554426703427748e+02 1.3220383528425925e+01
202 9.5241709909061160e+02 1.3177117757284440e+01
203 9.5176845945131811e+02 1.3168143536937942e+01
204 9.4864303432140048e+02 1.3124901878406376e+01
205 9.4799925168119489e+02 1.3115994856820787e+01
206 9.4487615845586458e+02 1.3072785461235124e+01
207 9.4423664670828020e+02 1.3063937529364591e+01
208 9.4111644193146901e+02 1.3020768096759758e+01
209 9.4048064648301443e+02 1.3011971581554569e+01
210 9.3736385591333021e+02 1.2968849386036727e+01
211 9.3673125252491764e+02 1.2960097034413966e+01
212 9.3361837237628140e+02 1.2917028941325279e+01
213 9.3298846505334268e+02 1.2908313890977626e+01
214 9.2987996415289308e+02 1.2865306386751842e+01
215 9.2925228388285996e+02 1.2856622148680048e+01
216 9.2614860447980141e+02 1.2813681352033273e+01
217 9.2552270815967108e+02 1.2805021795708546e+01
218 9.2242426760238789e+02 1.2762153480842873e+01
219 9.2179973606353747e+02 1.2753512806879305e+01
220 9.1870692806514057e+02 1.2710722420992218e+01
221 9.1808336550749777e+02 1.2702095153318277e+01
222 9.1499656116692120e+02 1.2659387830729978e+01
223 9.1437359359182324e+02 1.2650768794906416e+01
224 9.1129314270456018e+02 1.2608149375194449e+01
225 9.1067041698909793e+02 1.2599533685607428e+01
226 9.0759664896075276e+02 1.2557006726246080e+01
227 9.0697383169883994e+02 1.2548389770072854e+01
228 9.0390705672521813e+02 1.2505959562760225e+01
229 9.0328383340688765e+02 1.2497336988614331e+01
230 9.0022434340327686e+02 1.2455007572129359e+01
231 8.9960041708199526e+02 1.2446375271622315e+01
232 8.9654848648801158e+02 1.2404150442960189e+01
233 8.9592357757042510e+02 1.2395504547792539e+01
234 8.9287946419363050e+02 1.2353387873836509e+01
235 8.9225330891519661e+02 1.2344724734707500e+01
236 8.8921725518999108e+02 1.2302719569646232e+01
237 8.8858960492037318e+02 1.2294035746643639e+01
238 8.8556183822489413e+02 1.2252145236355650e+01
239 8.8493245909421296e+02 1.2243437493784793e+01
240 8.8191319253651420e+02 1.2201664586715596e+01
241 8.8128186447234577e+02 1.2192929879775781e+01
242 8.7827129783240389e+02 1.2151277339970957e+01
243 8.7763781374625205e+02 1.2142512803499951e+01
244 8.7463613380994536e+02 1.2100983215225908e+01
245 8.7400029932614814e+02 1.2092186159949247e+01
246 8.7100768086096139e+02 1.2050781941192525e+01
247 8.7036931317637698e+02 1.2041949837946746e+01
248 8.6738591940281935e+02 1.2000673246936300e+01
249 8.6674484725032028e+02 1.1991803726163877e+01
250 8.6377083001906601e+02 1.1950656863821894e+01
251 8.6312689283082636e+02 1.1941747703994935e+01
252 8.6016239401638802e+02 1.1900732533218934e+01
253 8.5951544118108802e+02 1.1891781650562274e+01
254 8.5656059241338608e+02 1.1850899992511245e+01
255 8.5591048331260060e+02 1.1841905441505901e+01
256 8.5296540675296001e+02 1.1801158986336567e+01
257 8.5231200980629910e+02 1.1792118946508825e+01
258 8.4937681873202894e+02 1.1751509261463568e+01
259 8.4872001123427742e+02 1.1742422035131741e+01
260 8.4579481023390849e+02 1.1701950567239793e+01
261 8.4513447784188202e+02 1.1692814572414637e+01
262 8.4221936322869169e+02 1.1652482654213392e+01
263 8.4155539962046885e+02 1.1643296419883434e+01
264 8.3865046014683423e+02 1.1603105279301838e+01
265 8.3798276641901771e+02 1.1593867437094218e+01
266 8.3508808331810803e+02 1.1553818198029601e+01
267 8.3441656792411823e+02 1.1544527481356328e+01
268 8.3153221536808940e+02 1.1504621170013737e+01
269 8.3085679340961360e+02 1.1495276404268573e+01
270 8.2798283914349304e+02 1.1455513957930849e+01
271 8.2730343237744785e+02 1.1446114060585639e+01
272 8.2443993739988207e+02 1.1406496323196418e+01
273 8.2375647377222333e+02 1.1397040297351145e+01
274 8.2090349337120688e+02 1.1357568033844627e+01
275 8.2021590649470443e+02 1.1348054961002186e+01
276 8.1737349013462472e+02 1.1308728855740357e+01
277 8.1668171944360415e+02 1.1299157897947474e+01
278 8.1384991106383734e+02 1.1259978558851314e+01
279 8.1315390119843221e+02 1.1250348950179408e+01
280 8.1033273951039325e+02 1.1211316912838704e+01
281 8.0963244025436052e+02 1.1201627958523527e+01
282 8.0682195906185223e+02 1.1162743690629057e+01
283 8.0611732501036795e+02 1.1152994762474504e+01
284 8.0331755331956447e+02 1.1114258665339694e+01
285 8.0260854365375110e+02 1.1104449198598289e+01
286 7.9981950615312280e+02 1.1065861613799200e+01
287 7.9910608423076496e+02 1.1055991101509454e+01
288 7.9632780127275794e+02 1.1017552310631308e+01
289 7.9560993485273036e+02 1.1007620306722792e+01
290 7.9284242268552259e+02 1.0969330534566419e+01
291 7.9212008323962050e+02 1.0959336644338627e+01
292 7.8936335448902560e+02 1.0921196065587820e+01
293 7.8863651723975386e+02 1.0911139946232993e+01
294 7.8589058052264727e+02 1.0873148680106089e+01
295 7.8515922454873999e+02 1.0863030042169127e+01
296 7.8242408522123719e+02 1.0825188162770388e+01
297 7.8168819265294837e+02 1.0815006759015340e+01
298 7.7896385265692470e+02 1.0777314293211480e+01
299 7.7822340903305064e+02 1.0767069923561110e+01
300 7.7550986720955666e+02 1.0729526855317545e+01
301 7.7476486104813807e+02 1.0719219360913792e+01
302 7.7206211320996545e+02 1.0681825632298617e+01
303 7.7131253598764602e+02 1.0671454895217025e+01
304 7.6862057518712936e+02 1.0634210410106173e+01
305 7.6786642094196588e+02 1.0623776347860582e+01
306 7.6518523750121926e+02 1.0586680972356159e+01
307 7.6442650311656075e+02 1.0576183541826309e+01
308 7.6175608487695274e+02 1.0539237107708196e+01
309 7.6099276934676095e+02 1.0528676294975094e+01
310 7.5833310178235433e+02 1.0491878601270434e+01
311 7.5756520684447719e+02 1.0481254430377986e+01
312 7.5491627275325664e+02 1.0444605239089181e+01
313 7.5414380217733344e+02 1.0433917762192037e+01
314 7.5150558279934160e+02 1.0397416813766664e+01
315 7.5072854235985938e+02 1.0386666110757442e+01
316 7.4810101621280739e+02 1.0350313107978399e+01
317 7.4731941401694337e+02 1.0339499291023532e+01
318 7.4470255811381412e+02 1.0303293915855127e+01
319 7.4391640374389408e+02 1.0292417117530389e+01
320 7.4131019305210646e+02 1.0256359023635635e+01
321 7.4051949826644159e+02 1.0245419406622538e+01
322 7.3792390604511138e+02 1.0209508224029305e+01
323 7.3712868386943114e+02 1.0198505968544657e+01
324 7.3454368180293216e+02 1.0162741305493558e+01
325 7.3374394726852665e+02 1.0151676619502000e+01
326 7.3116950527658685e+02 1.0116058059818979e+01
327 7.3036527465598454e+02 1.0104931168458240e+01
328 7.2780136136155772e+02 1.0069458278027790e+01
329 7.2699265252840678e+02 1.0058269428587812e+01
330 7.2443923489444387e+02 1.0022941750327538e+01
331 7.2362606703657536e+02 1.0011691208280569e+01
332 7.2108311097133208e+02 9.9765082705158985e+00
333 7.2026550458752001e+02 9.9651963194716711e+00
334 7.1773297436945700e+02 9.9301576279790869e+00
335 7.1691095113170002e+02 9.9187845677794222e+00
336 7.1438881029767572e+02 9.8838896180750044e+00
337 7.1356239292375869e+02 9.8724557630306453e+00
338 7.1105060356937690e+02 9.8377040306900732e+00
339 7.1021981597390504e+02 9.8262097116703107e+00
340 7.0771833938693464e+02 9.7916006610924988e+00
341 7.0688320629431882e+02 9.7800462201706484e+00
342 7.0439200252730188e+02 9.7455792986646017e+00
343 7.0355254992891764e+02 9.7339650954429988e+00
344 7.0107157832370535e+02 9.6996397404849901e+00
345 7.0022783261125915e+02 9.6879661401047343e+00
346 6.9775705161295264e+02 9.6537817767641005e+00
347 6.9690904045642469e+02 9.6420491620517765e+00
348 6.9444840747010392e+02 9.6080052010086927e+00
349 6.9359615906133752e+02 9.5962139620110971e+00
350 6.9114563108594859e+02 9.5623098083266971e+00
351 6.9028917440070506e+02 9.5504603459364859e+00
352 6.8784870736082314e+02 9.5166953898074951e+00
353 6.8698807203399190e+02 9.5047881140366570e+00
354 6.8455762145558379e+02 9.4711617401448773e+00
355 6.8369283784521292e+02 9.4591970710106228e+00
356 6.8127235837659259e+02 9.4257086518951390e+00
357 6.8040345729537864e+02 9.4136870157049444e+00
358 6.7799290332574913e+02 9.3803359203199221e+00
359 6.7711991612027691e+02 9.3682577507678495e+00
360 6.7471924113825912e+02 9.3350433356074944e+00
361 6.7384219985941650e+02 9.3229090761319533e+00
362 6.7145135713610080e+02 9.2898306946808447e+00
363 6.7057029403963122e+02 9.2776407915545125e+00
364 6.6818923610329068e+02 9.2446977870200140e+00
365 6.6730418422689650e+02 9.2324526973343204e+00
366 6.6493286331412639e+02 9.1996444088883038e+00
367 6.6404385568621956e+02 9.1873445896061448e+00
368 6.6168222374593506e+02 9.1546703524403004e+00
369 6.6078929408115187e+02 9.1423162700187905e+00
370 6.5843730240244838e+02 9.1097754101959030e+00
371 6.5754048451978406e+02 9.0973675325360102e+00
372 6.5519808441152156e+02 9.0649593763923182e+00
373 6.5429741253370162e+02 9.0524981769807997e+00
374 6.5196455475737287e+02 9.0202220432794711e+00
375 6.5106006326756403e+02 9.0077079978228607e+00
376 6.4873669848802660e+02 8.9755632039900703e+00
377 6.4782842214732943e+02 8.9629967934237857e+00
378 6.4551450051196957e+02 8.9309826497262623e+00
379 6.4460247421800511e+02 8.9183643568745445e+00
380 6.4229794603205778e+02 8.8864801757629248e+00
381 6.4138220481181884e+02 8.8738104852399271e+00
382 6.3908701979246894e+02 8.8420555710289097e+00
383 6.3816759899540898e+02 8.8293349719101801e+00
384 6.3588170698035515e+02 8.7977086305818251e+00
385 6.3495864190203031e+02 8.7849376111972131e+00
386 6.3268199237014267e+02 8.7534391437690289e+00
387 6.3175531872178522e+02 8.7406181981994493e+00
388 6.2948786104179044e+02 8.7092469041650613e+00
389 6.2855761424987963e+02 8.6963765225517449e+00
390 6.2629929790445703e+02 8.6651317029813608e+00
391 6.2536551373038776e+02 8.6522123800992450e+00
392 6.2311628782975117e+02 8.6210933309098490e+00
393 6.2217900199900907e+02 8.6081255610370544e+00
394 6.1993881576342153e+02 8.5771315796682082e+00
395 6.1899806409460609e+02 8.5641158583711210e+00
396 6.1676686648739917e+02 8.5332462387076262e+00
397 6.1582268482346751e+02 8.5201830618896377e+00
398 6.1360042501101123e+02 8.4894371006254215e+00
399 6.1265284918059308e+02 8.4763269639916938e+00
400 6.1043947597802969e+02 8.4457039529612921e+00
401 6.0948854185829532e+02 8.4325473528885677e+00
402 6.0728400447018339e+02 8.4020465893142635e+00
403 6.0632974771321994e+02 8.3888440190651590e+00
404 6.0413399502047355e+02 8.3584647956914715e+00
405 6.0317645159927577e+02 8.3452167529685042e+00
406 6.0098943263582464e+02 8.3149583646569898e+00
407 6.0002863802596892e+02 8.3016653402806728e+00
408 5.9785030189003680e+02 8.2715270827824270e+00
409 5.9688629199439606e+02 8.2581895734851081e+00
410 5.9471658764003371e+02 8.2281707405565268e+00
411 5.9374939782367869e+02 8.2147892356298247e+00
412 5.9158827463065154e+02 8.1848891269172572e+00
413 5.9061794040948678e+02 8.1714641177396405e+00
414 5.8846534737114393e+02 8.1416820275431938e+00
415 5.8749190419275988e+02 8.1282140045479760e+00
416 5.8534779073267441e+02 8.0985492331200977e+00
417 5.8437127384055611e+02 8.0850386839167019e+00
418 5.8223558916662694e+02 8.0554905285258922e+00
419 5.8125603374191860e+02 8.0419379398612278e+00
420 5.7912872750036115e+02 8.0125057038402936e+00
421 5.7814616845623527e+02 7.9989115587537611e+00
422 5.7602719012668615e+02 7.9695945431308131e+00
423 5.7504166241577025e+02 7.9559593252076937e+00
424 5.7293096180219140e+02 7.9267568354980300e+00
425 5.7194249998229270e+02 7.9130810228610864e+00
426 5.6984002684741176e+02 7.8839923640095115e+00
427 5.6884866568139648e+02 7.8702764376185899e+00
428 5.6675436994522124e+02 7.8413009167459489e+00
429 5.6576014366019172e+02 7.8275453501483625e+00
430 5.6367397543460379e+02 7.7986822770301609e+00
431 5.6267691846884361e+02 7.7848875466950096e+00
432 5.6059882782510647e+02 7.7561362305447830e+00
433 5.5959897411039753e+02 7.7423028059334884e+00
434 5.5752891157996442e+02 7.7136625623317050e+00
435 5.5652629506241874e+02 7.6997909131039535e+00
436 5.5446421094618995e+02 7.6712610544412758e+00
437 5.5345886535624550e+02 7.6573516472728054e+00
438 5.5140471043224568e+02 7.6289314925411267e+00
439 5.5039666927504038e+02 7.6149847909905493e+00
440 5.4835039423462740e+02 7.5866736579826899e+00
441 5.4733969080385464e+02 7.5726901226831869e+00
442 5.4530124683689860e+02 7.5444873360891060e+00
443 5.4428791409980727e+02 7.5304674231573525e+00
444 5.4225725228305078e+02 7.5023723061018410e+00
445 5.4124132322850767e+02 7.4883164719536053e+00
446 5.3921839500078715e+02 7.4603283525711843e+00
447 5.3819990213933124e+02 7.4462370470043551e+00
448 5.3618465897513181e+02 7.4183552539227593e+00
449 5.3516363495319513e+02 7.4042289286153684e+00
450 5.3315602853068231e+02 7.3764527932803441e+00
451 5.3213250538226293e+02 7.3622918914371214e+00
452 5.3013248771666076e+02 7.3346207499577716e+00
453 5.2910649755354484e+02 7.3204257158596828e+00
454 5.2711402066292931e+02 7.2928589043845653e+00
455 5.2608559507522000e+02 7.2786301750948565e+00
456 5.2410061143606526e+02 7.2511670361146772e+00
457 5.2306978198995387e+02 7.2369050483657631e+00
458 5.2109224398995616e+02 7.2095449231429427e+00
459 5.2005904192610956e+02 7.1952501091634629e+00
460 5.1808890236778495e+02 7.1679923446996421e+00
461 5.1705335874369621e+02 7.1536651341839432e+00
462 5.1509057042553491e+02 7.1265090774250615e+00
463 5.1405271604220138e+02 7.1121498965187575e+00
464 5.1209723220907279e+02 7.0850949005866131e+00
465 5.1105709751049471e+02 7.0707041704961018e+00
466 5.0910887144397481e+02 7.0437495890203428e+00
467 5.0806648679501615e+02 7.0293277298571368e+00
468 5.0612547205762399e+02 7.0024729203543856e+00
469 5.0508086742099619e+02 6.9880203466660378e+00
470 5.0314701773849470e+02 6.9612646689114692e+00
471 5.0210022304923638e+02 6.9467817948626651e+00
472 5.0017349229862123e+02 6.9201246107238266e+00
473 4.9912453696348337e+02 6.9056118431701554e+00
474 4.9720487948378224e+02 6.8790525209070141e+00
475 4.9615379280127070e+02 6.8645102652064471e+00
476 4.9424116285684710e+02 6.8380481720459585e+00
477 4.9318797383228235e+02 6.8234768295001134e+00
478 4.9128232618383021e+02 6.7971113395361868e+00
479 4.9022706351117409e+02 6.7825113071388961e+00
480 4.8832835285513340e+02 6.7562417935764580e+00
481 4.8727104513326248e+02 6.7416134670060064e+00
482 4.8537922662504292e+02 6.7154393094000353e+00
483 4.8431990193454595e+02 6.7007830771639645e+00
484 4.8243493077043587e+02 6.6747036556350139e+00
485 4.8137361725463364e+02 6.6600199071087891e+00
486 4.7949544894134783e+02 6.6340346060723014e+00
487 4.7843217406714126e+02 6.6193237212728162e+00
488 4.7656076444609499e+02 6.5934319297749662e+00
489 4.7549555577814073e+02 6.5786942900716090e+00
490 4.7363086062849021e+02 6.5528953962971874e+00
491 4.7256374523986199e+02 6.5381313762580779e+00
492 4.7070572087824212e+02 6.5124247758281344e+00
493 4.6963672571607333e+02 6.4976347482789487e+00
494 4.6778532834146068e+02 6.4720198351866784e+00
495 4.6671448003223463e+02 6.4572041685167560e+00
496 4.6486966644003769e+02 6.4316803450072575e+00
497 4.6379699120420133e+02 6.4168394019882431e+00
498 4.6195871815811171e+02 6.3914060698677950e+00
499 4.6088424215464318e+02 6.3765402124208848e+00
500 4.5905246676170526e+02 6.3511967782462087e+00
501 4.5797621573741617e+02 6.3363063625900882e+00
502 4.5615089517980761e+02 6.3110522339574064e+00
503 4.5507289478207883e+02 6.2961376149350947e+00
504 4.5325398660032931e+02 6.2709722043985909e+00
505 4.5217426198715270e+02 6.2560337300821898e+00
506 4.5036172385003528e+02 6.2309564519703509e+00
507 4.4928030019221450e+02 6.2159944706092185e+00
508 4.4747408998369673e+02 6.1910047422278476e+00
509 4.4639099185378882e+02 6.1760195937943321e+00
510 4.4459106782807106e+02 6.1511168375715650e+00
511 4.4350631979906353e+02 6.1361088620439705e+00
512 4.4171264019139676e+02 6.1112925001457725e+00
513 4.4062626640848947e+02 6.0962620315837688e+00
514 4.3883878989426967e+02 6.0715314922657067e+00
515 4.3775081434652930e+02 6.0564788625687918e+00
516 4.3596949957352052e+02 6.0318335737041346e+00
517 4.3487994591745797e+02 6.0167591101707476e+00
518 4.3310475206455914e+02 5.9921985069812518e+00
519 4.3201364359209924e+02 5.9771025318656186e+00
520 4.3024452981021710e+02 5.9526260491857572e+00
521 4.2915188970290296e+02 5.9375088832149254e+00
522 4.2738881550325101e+02 5.9131159608641761e+00
523 4.2629466656216078e+02 5.8979779195012894e+00
524 4.2453759150004896e+02 5.8736679979092239e+00
525 4.2344195642649987e+02 5.8585093952371885e+00
526 4.2169084042020256e+02 5.8342819198551545e+00
527 4.2059374137976602e+02 5.8191030625445928e+00
528 4.1884854450752238e+02 5.7949574810371240e+00
529 4.1775000370053891e+02 5.7797586762397044e+00
530 4.1601068621656060e+02 5.7556944387059916e+00
531 4.1491072525687861e+02 5.7404759854590006e+00
532 4.1317724778804489e+02 5.7164925471542585e+00
533 4.1207588825627164e+02 5.7012547440350776e+00
534 4.1034821139267621e+02 5.6773515597055750e+00
535 4.0924547452869569e+02 5.6620947005775273e+00
536 4.0752355924121508e+02 5.6382712302378355e+00
537 4.0641946609089933e+02 5.6229956062799991e+00
538 4.0470327336868144e+02 5.5992513101974817e+00
539 4.0359784463661600e+02 5.5839572078670843e+00
540 4.0188733594856205e+02 5.5602915529467074e+00
541 4.0078059203970901e+02 5.5449792545555523e+00
542 3.9907572879843900e+02 5.5213917069236054e+00
543 3.9796768999656575e+02 5.5060614931067118e+00
544 3.9626843397235911e+02 5.4825515238378637e+00
545 3.9515912016074378e+02 5.4672036696893036e+00
546 3.9346543316927813e+02 5.4437707504863271e+00
547 3.9235486417502392e+02 5.4284055303229666e+00
548 3.9066670834779359e+02 5.4050491372581000e+00
549 3.8955490346159638e+02 5.3896668179753684e+00
550 3.8787224110980242e+02 5.3663864296071742e+00
551 3.8675921961490377e+02 5.3509872779973682e+00
552 3.8508201321582368e+02 5.3277823751821503e+00
553 3.8396779388060753e+02 5.3123666509142797e+00
554 3.8229600622973965e+02 5.2892367189110701e+00
555 3.8118060777592711e+02 5.2738046810085430e+00
556 3.7951420163601534e+02 5.2507492046232018e+00
557 3.7839764244552021e+02 5.2353011074080413e+00
558 3.7673658095650046e+02 5.2123195766650481e+00
559 3.7561887921176344e+02 5.1968556716994767e+00
560 3.7396312553042395e+02 5.1739475768564720e+00
561 3.7284429909022464e+02 5.1584681112247157e+00
562 3.7119381681105307e+02 5.1356329485951067e+00
563 3.7007388322521990e+02 5.1201381651069138e+00
564 3.6842863591479642e+02 5.0973754306179950e+00
565 3.6730761260822561e+02 5.0818655703546209e+00
566 3.6566756416446412e+02 5.0591747645178389e+00
567 3.6454546818842994e+02 5.0436500633913095e+00
568 3.6291058250975607e+02 5.0210306867251902e+00
569 3.6178743088597275e+02 5.0054913802385581e+00
570 3.6015767215627636e+02 4.9829429372111527e+00
571 3.5903348138554503e+02 4.9673892536604018e+00
572 3.5740881398401871e+02 4.9449112514418623e+00
573 3.5628360053902099e+02 4.9293434187339322e+00
574 3.5466398896033462e+02 4.9069353660920916e+00
575 3.5353776886651463e+02 4.8913536059461897e+00
576 3.5192317786923456e+02 4.8690150153000058e+00
577 3.5079596711206437e+02 4.8534195488823073e+00
578 3.4918636144306890e+02 4.8311499324890308e+00
579 3.4805817566459365e+02 4.8155409762142467e+00
580 3.4645352041653643e+02 4.7933398511150811e+00
581 3.4532437503473415e+02 4.7777176182978529e+00
582 3.4372463533276323e+02 4.7555845019835816e+00
583 3.4259454549186637e+02 4.7399492021511582e+00
584 3.4099968684159160e+02 4.7178836173764189e+00
585 3.3986866738065464e+02 4.7022354558337751e+00
586 3.3827865522826181e+02 4.6802369245310516e+00
587 3.3714672088796664e+02 4.6645761052221317e+00
588 3.3556152101827030e+02 4.6426441540089867e+00
589 3.3442868614232071e+02 4.6269708753853678e+00
590 3.3284826433943772e+02 4.6051050308697095e+00
591 3.3171454323851725e+02 4.5894194909261161e+00
592 3.3013886555191243e+02 4.5676192833870646e+00
593 3.2900427204087333e+02 4.5519216732581738e+00
594 3.2743330468293902e+02 4.5301866352290210e+00
595 3.2629785255469875e+02 4.5144771457460333e+00
596 3.2473156185196251e+02 4.4928068113391841e+00
597 3.2359526447149022e+02 4.4770856274124418e+00
598 3.2203361696057033e+02 4.4554795336470008e+00
599 3.2089648764773546e+02 4.4397468395628730e+00
600 3.1933944989422309e+02 4.4182045238587966e+00
601 3.1820150162065215e+02 4.4024604990855538e+00
602 3.1664904046802531e+02 4.3809815027074901e+00
603 3.1551028603024758e+02 4.3652263242908544e+00
604 3.1396236836385856e+02 4.3438101890827978e+00
605 3.1282282025277709e+02 4.3280440298400151e+00
606 3.1127941325232712e+02 4.3066903017184126e+00
607 3.1013908376478355e+02 4.2909133317818036e+00
608 3.0860015458910908e+02 4.2696215563744255e+00
609 3.0745905582904612e+02 4.2538339432074661e+00
610 3.0592457186914544e+02 4.2326036693541491e+00
611 3.0478271566468010e+02 4.2168055766041421e+00
612 3.0325264440585437e+02 4.1956363544494435e+00
613 3.0211004241092110e+02 4.1798279433538008e+00
614 3.0058435149674062e+02 4.1587193252320018e+00
615 2.9944101505366933e+02 4.1429007527169448e+00
616 2.9791967231201312e+02 4.1218522935123225e+00
617 2.9677561256680417e+02 4.1060237137877653e+00
618 2.9525858591080430e+02 4.0850349695641084e+00
619 2.9411381378707460e+02 4.0691965337631908e+00
620 2.9260107129469134e+02 4.0482670628647632e+00
621 2.9145559747520736e+02 4.0324189187883501e+00
622 2.8994710732935062e+02 4.0115482810114385e+00
623 2.8880094231097263e+02 3.9956905738883011e+00
624 2.8729667280819382e+02 3.9748783306014741e+00
625 2.8614982682785961e+02 3.9590112020642381e+00
626 2.8464974646035949e+02 3.9382569173429607e+00
627 2.8350222952079997e+02 3.9223805057838943e+00
628 2.8200630683706953e+02 3.9016837444824328e+00
629 2.8085812874008315e+02 3.8857981855138144e+00
630 2.7936633247398930e+02 3.8651585150511933e+00
631 2.7821750279061473e+02 3.8492639410926359e+00
632 2.7672980171825111e+02 3.8286809294721054e+00
633 2.7558032984175628e+02 3.8127774704836837e+00
634 2.7409669290676385e+02 3.7922506880265874e+00
635 2.7294658794424822e+02 3.7763384700091076e+00
636 2.7146698421011496e+02 3.7558674886949248e+00
637 2.7031625510309345e+02 3.7399466353582560e+00
638 2.6884065372417894e+02 3.7195310284237171e+00
639 2.6768930914311886e+02 3.7036016597276635e+00
640 2.6621767944954166e+02 3.6832410028412021e+00
641 2.6506572786714219e+02 3.6673032360093574e+00
642 2.6359803921389863e+02 3.6469971051836017e+00
643 2.6244548892436649e+02 3.6310510549700363e+00
644 2.6098171084323593e+02 3.6107990286634881e+00
645 2.5982856986237465e+02 3.5948448059704390e+00
646 2.5836867193567468e+02 3.5746464633408190e+00
647 2.5721494814052062e+02 3.5586841771506172e+00
648 2.5575890009982774e+02 3.5385390994207095e+00
649 2.5460460106071685e+02 3.5225688544723486e+00
650 2.5315237275094975e+02 3.5024766244330783e+00
651 2.5199750587468372e+02 3.4864985232029815e+00
652 2.5054906722070254e+02 3.4664587247512983e+00
653 2.4939363967484738e+02 3.4504728664059567e+00
654 2.4794896071209982e+02 3.4304850849688400e+00
655 2.4679297949524491e+02 3.4144915663368769e+00
656 2.4535203033355080e+02 3.3945553883702764e+00
657 2.4419550217045088e+02 3.3785543024916893e+00
658 2.4275825307001543e+02 3.3586693165322057e+00
659 2.4160118452539496e+02 3.3426607542329023e+00
660 2.4016760577139519e+02 3.3228265491626314e+00
661 2.3901000314685243e+02 3.3068105976280502e+00
662 2.3758006522255951e+02 3.2870267650698088e+00
663 2.3642193463654630e+02 3.2710035089514755e+00
664 2.3499560798096130e+02 3.2512696399155847e+00
665 2.3383695536138023e+02 3.2352391612286904e+00
666 2.3241421062391541e+02 3.2155548496366038e+00
667 2.3125504164445806e+02 3.1995172268792160e+00
668 2.2983584944914136e+02 3.1798820663011846e+00
669 2.2867616966412717e+02 3.1638373763198047e+00
670 2.2726050079630980e+02 3.1442509625580581e+00
671 2.2610031540718450e+02 3.1281992773170200e+00
672 2.2468814073891585e+02 3.1086612073732969e+00
673 2.2352745487757724e+02 3.0926025978747091e+00
674 2.2211874531359672e+02 3.0731124692030294e+00
675 2.2095756378210973e+02 3.0570470018856137e+00
676 2.1955229038095700e+02 3.0376044140678919e+00
677 2.1839061787070622e+02 3.0215321538390585e+00
678 2.1698875167273530e+02 3.0021367062056035e+00
679 2.1582659261239553e+02 2.9860577143380547e+00
680 2.1442810482482119e+02 2.9667090085277676e+00
681 2.1326546346755683e+02 2.9506233438659408e+00
682 2.1187032529168715e+02 2.9313209814360022e+00
683 2.1070720564740986e+02 2.9152286994588232e+00
684 2.0931538844754627e+02 2.8959722842214992e+00
685 2.0815179435449681e+02 2.8798734380327513e+00
686 2.0676326944776247e+02 2.8606625731475757e+00
687 2.0559920454574515e+02 2.8445572131055834e+00
688 2.0421394342984695e+02 2.8253915042305464e+00
689 2.0304941108805005e+02 2.8092796769495414e+00
690 2.0166738525343132e+02 2.7901587296421391e+00
691 2.0050238874108942e+02 2.7740404803534475e+00
692 1.9912356975975501e+02 2.7549639012996168e+00
693 1.9795811203222294e+02 2.7388392708918987e+00
694 1.9658247157549903e+02 2.7198066681517297e+00
695 1.9541655545259542e+02 2.7036756956384402e+00
696 1.9404406522605953e+02 2.6846866777459080e+00
697 1.9287769333586635e+02 2.6685493994877407e+00
698 1.9150832525592301e+02 2.6496035778937048e+00
699 1.9034150044263441e+02 2.6334600332413607e+00
700 1.8897522750940962e+02 2.6145570343904541e+00
701 1.8780795528145350e+02 2.5984072995555043e+00
702 1.8644475834202387e+02 2.5795468584584413e+00
703 1.8527706406204607e+02 2.5633912843444668e+00
704 1.8391697428857239e+02 2.5445738322820737e+00
705 1.8274900619070277e+02 2.5284144697747495e+00
706 1.8139234607596450e+02 2.5096444685792791e+00
707 1.8022492187735469e+02 2.4934926311621712e+00
708 1.7887350100052612e+02 2.4747951171731577e+00
709 1.7771064023523920e+02 2.4587064169029267e+00
710 1.7637290606478282e+02 2.4401982646355243e+00
711 1.7523193115557714e+02 2.4244123650007259e+00
712 1.7394189866294676e+02 2.4065641868418659e+00
713 1.7288744054525884e+02 2.3919752858234307e+00
714 1.7176261176786190e+02 2.3764127751642938e+00
715 1.7100033067266153e+02 2.3658662743032761e+00
716 1.7038368987010119e+02 2.3573347722155433e+00
717 1.7046154954731119e+02 2.3584119957724492e+00
718 1.7118245450419431e+02 2.3683860392012468e+00
719 1.7329606918111344e+02 2.3976288462842792e+00
720 1.7697318182965378e+02 2.4485033490865500e+00
721 1.8318501404473315e+02 2.5344468339995676e+00
722 1.9222031551614054e+02 2.6594542824955898e+00
723 2.0500909445270801e+02 2.8363927752840272e+00
724 2.2133038988608169e+02 3.0622052182592161e+00
725 2.4098495920391744e+02 3.3341350005123078e+00
726 2.6149492964943101e+02 3.6178996410432354e+00
727 2.7961444570757777e+02 3.8685912729250886e+00
728 2.8993145354081042e+02 4.0113317038257295e+00
729 2.8919292285384824e+02 4.0011138005155509e+00
730 2.7684028456296829e+02 3.8302095091840700e+00
731 2.5804592577542462e+02 3.5701811254511622e+00
732 2.3927389810326835e+02 3.3104617027159011e+00
733 2.2720072195970187e+02 3.1434238955407516e+00
734 2.2485735948834886e+02 3.1110024246720500e+00
735 2.3276040053695286e+02 3.2203445423613926e+00
736 2.4648145366767636e+02 3.4101814667825683e+00
737 2.5856469445682075e+02 3.5773585228436229e+00
738 2.6024233697204858e+02 3.6005694595213575e+00
739 2.5021722409352253e+02 3.4618675262438674e+00
740 2.3497745503542296e+02 3.2510184857718500e+00
741 2.2477896540965065e+02 3.1099178074308576e+00
742 2.2495805692224749e+02 3.1123956188362514e+00
743 2.3489211901388779e+02 3.2498378236378116e+00
744 2.4612620007615115e+02 3.4052663740005342e+00
745 2.4866702612834126e+02 3.4404198420792294e+00
746 2.3914328964190352e+02 3.3086546760705948e+00
747 2.2642790342557058e+02 3.1327316044857261e+00
748 2.2081328693901787e+02 3.0550508670483811e+00
749 2.2648801622244528e+02 3.1335632919931156e+00
750 2.3708693239882311e+02 3.2802040512666220e+00
751 2.4134343708768242e+02 3.3390947028236835e+00
752 2.3346302929071680e+02 3.2300657263225392e+00
753 2.2206205070696157e+02 3.0723280738907786e+00
754 2.1825006920041164e+02 3.0195875999446886e+00
755 2.2526678056030912e+02 3.1166669488418548e+00
756 2.3415178641911751e+02 3.2395949901248913e+00
757 2.3355674929433152e+02 3.2313623846091484e+00
758 2.2322789020896388e+02 3.0884579863195309e+00
759 2.1572056360280067e+02 2.9845907554327034e+00
760 2.1873649434140012e+02 3.0263175099484347e+00
761 2.2783921103541905e+02 3.1522576782873011e+00
762 2.2979596556474186e+02 3.1793302548712430e+00
763 2.2130581276298352e+02 3.0618651827374799e+00
764 2.1321713975224355e+02 2.9499547635897567e+00
765 2.1561186150419687e+02 2.9830868131419424e+00
766 2.2389458152376662e+02 3.0976819596934893e+00
767 2.2537816575407123e+02 3.1182080129575902e+00
768 2.1668758159391305e+02 2.9979698830801045e+00
769 2.1036954827684534e+02 2.9105570582862823e+00
770 2.1427307728214467e+02 2.9645641329397279e+00
771 2.2175006115688112e+02 3.0680115585275223e+00
772 2.1975400321778798e+02 3.0403952016404960e+00
773 2.1091216133135677e+02 2.9180643532758035e+00
774 2.0816624418043102e+02 2.8800733578557880e+00
775 2.1485853400320866e+02 2.9726641892728409e+00
776 2.1880735799709774e+02 3.0272979404097637e+00
777 2.1249541304413884e+02 2.9399693508642253e+00
778 2.0565795191436860e+02 2.8453700093006757e+00
779 2.0880235655312123e+02 2.8888742578499271e+00
780 2.1523449222355592e+02 2.9778657398813557e+00
781 2.1271919328099403e+02 2.9430654508141414e+00
782 2.0467097589526080e+02 2.8317147533841061e+00
783 2.0452582299812553e+02 2.8297064979462432e+00
784 2.1109726592674963e+02 2.9206253583787514e+00
785 2.1144690839223981e+02 2.9254628187153102e+00
786 2.0371755835647832e+02 2.8185237940949537e+00
787 2.0151748077648233e+02 2.7880847339663086e+00
788 2.0744490030911842e+02 2.8700932418489908e+00
789 2.0930222561114820e+02 2.8957901704759537e+00
790 2.0221529242280937e+02 2.7977392710854296e+00
791 1.9914803880780866e+02 2.7553024415546368e+00
792 2.0453374102327211e+02 2.8298160473756488e+00
793 2.0678940181614973e+02 2.8610241261854670e+00
794 2.0008687221297041e+02 2.7682916228136678e+00
795 1.9708162632271856e+02 2.7267126979673426e+00
796 2.0230160909161535e+02 2.7989335009143135e+00
797 2.0409142495633196e+02 2.8236964061957766e+00
798 1.9744099262415256e+02 2.7316846919356546e+00
799 1.9527427121104233e+02 2.7017071293372461e+00
800 2.0058645248953692e+02 2.7752035400186608e+00
801 2.0113790503554569e+02 2.7828331333378591e+00
802 1.9447587329534838e+02 2.6906609360650813e+00
803 1.9386618116185397e+02 2.6822255719305894e+00
804 1.9912921824486040e+02 2.7550420506245867e+00
805 1.9774636983630771e+02 2.7359097226378561e+00
806 1.9151877695240199e+02 2.6497481818024315e+00
807 1.9302883926565897e+02 2.6706405712204964e+00
808 1.9749764928578955e+02 2.7324685622618361e+00
809 1.9382743208800150e+02 2.6816894611135669e+00
810 1.8906495636845369e+02 2.6157984734017647e+00
811 1.9273608972609037e+02 2.6665902500324692e+00
812 1.9509960314159972e+02 2.6992905182519555e+00
813 1.8964585715692223e+02 2.6238354963639292e+00
814 1.8766189945027136e+02 2.5963865516201063e+00
815 1.9249059524191591e+02 2.6631937237313146e+00
816 1.9147549966977155e+02 2.6491494211859106e+00
817 1.8597753774929512e+02 2.5730826519937597e+00
818 1.8752118522390015e+02 2.5944397071831582e+00
819 1.9125910368547449e+02 2.6461554856822236e+00
820 1.8687288076203220e+02 2.5854701241666795e+00
821 1.8385952205798702e+02 2.5437789549026517e+00
822 1.8795278362451833e+02 2.6004110646422292e+00
823 1.8807096737475663e+02 2.6020461898361957e+00
824 1.8260339886099572e+02 2.5263999270584274e+00
825 1.8375403988533620e+02 2.5423195617316963e+00
826 1.8722812235411709e+02 2.5903850509310749e+00
827 1.8326005477612881e+02 2.5354850561767392e+00
828 1.8041173202190504e+02 2.4960772333027101e+00
829 1.8449883380388522e+02 2.5526241196601505e+00
830 1.8385432651891978e+02 2.5437070722892807e+00
831 1.7899595061305413e+02 2.4764892624852863e+00
832 1.8077088144238260e+02 2.5010462266257112e+00
833 1.8342789125698795e+02 2.5378071491697782e+00
834 1.7878967551782330e+02 2.4736353540213925e+00
835 1.7761587325332633e+02 2.4573952732019571e+00
836 1.8142430040836661e+02 2.5100865711006639e+00
837 1.7914833003342719e+02 2.4785975001134846e+00
838 1.7538063992949193e+02 2.4264698175887647e+00
839 1.7865255655542276e+02 2.4717382516740769e+00
840 1.7896051214646670e+02 2.4759989554046951e+00
841 1.7433117028433682e+02 2.4119499343253201e+00
842 1.7555548339045865e+02 2.4288888552944607e+00
843 1.7811079613187360e+02 2.4642427532163529e+00
844 1.7380497447319530e+02 2.4046697792615124e+00
845 1.7295277232841866e+02 2.3928791803469669e+00
846 1.7634168433997996e+02 2.4397662980688741e+00
847 1.7361837352008217e+02 2.4020880713783370e+00
848 1.7079234650828548e+02 2.3629887201011832e+00
849 1.7420285853402117e+02 2.4101746837075320e+00
850 1.7314488368970288e+02 2.3955371271987942e+00
851 1.6932446592291507e+02 2.3426799338083644e+00
852 1.7173563967722333e+02 2.3760396041924121e+00
853 1.7247239790383694e+02 2.3862329847186596e+00
854 1.6813431390238208e+02 2.3262136467807508e+00
855 1.6945412394285907e+02 2.3444738106703085e+00
856 1.7130154095309311e+02 2.3700336536360722e+00
857 1.6730464531840892e+02 2.3147348097869878e+00
858 1.6722740230077162e+02 2.3136661179918629e+00
859 1.6996228612843680e+02 2.3515044624357486e+00
860 1.6642340749922221e+02 2.3025424892934945e+00
861 1.6535885894820834e+02 2.2878139826040931e+00
862 1.6829402631504388e+02 2.3284233396463598e+00
863 1.6564183761325597e+02 2.2917291193605545e+00
864 1.6357642135546763e+02 2.2631531590248217e+00
865 1.6665529782014661e+02 2.3057507958941561e+00
866 1.6465060802876584e+02 2.2780150134590516e+00
867 1.6208749135294997e+02 2.2425531446043934e+00
868 1.6486862365850089e+02 2.2810313574838390e+00
869 1.6368058035863370e+02 2.2645942455524697e+00
870 1.6059411045851874e+02 2.2218915500979652e+00
871 1.6323722591248915e+02 2.2584602379305561e+00
872 1.6248828225218955e+02 2.2480982664636824e+00
873 1.5929449021689453e+02 2.2039107211313453e+00
874 1.6154288028068379e+02 2.2350182061430570e+00
875 1.6133284222657338e+02 2.2321122354552498e+00
876 1.5791387600682054e+02 2.1848093042826813e+00
877 1.6004275074499830e+02 2.2142632411578815e+00
878 1.5999069081043393e+02 2.2135429686125376e+00
879 1.5666492737104556e+02 2.1675295397109187e+00
880 1.5850011888783393e+02 2.1929202374913133e+00
881 1.5871506813431625e+02 2.1958941567284223e+00
882 1.5530103520219072e+02 2.1486594798029239e+00
883 1.5714936442171219e+02 2.1742319435933362e+00
884 1.5728203544081987e+02 2.1760675066501420e+00
885 1.5404669301125804e+02 2.1313050929763624e+00
886 1.5575257001758592e+02 2.1549066665025931e+00
887 1.5592865048129198e+02 2.1573428186960255e+00
888 1.5267704426346052e+02 2.1123553882166748e+00
889 1.5453289826642074e+02 2.1380319607610829e+00
890 1.5442814294400983e+02 2.1365826238892134e+00
891 1.5142260127023263e+02 2.0949996067451462e+00
892 1.5325569143986979e+02 2.1203612314451781e+00
893 1.5300338934486675e+02 2.1168705187947658e+00
894 1.5007509886677050e+02 2.0763563065927251e+00
895 1.5213346126265196e+02 2.1048346735850796e+00
896 1.5143035433148700e+02 2.0951068738251108e+00
897 1.4886723958848322e+02 2.0596450317117752e+00
898 1.5093118518381945e+02 2.0882006447728405e+00
899 1.4992560935627591e+02 2.0742880521639178e+00
900 1.4760286680778609e+02 2.0421518671767629e+00
901 1.4984612523530618e+02 2.0731883536989777e+00
902 1.4827807840620179e+02 2.0514937224961427e+00
903 1.4651143729018347e+02 2.0270514502575812e+00
904 1.4863807189901763e+02 2.0564743939385388e+00
905 1.4670964048518519e+02 2.0297936803612839e+00
906 1.4539955510471415e+02 2.0116680615047482e+00
907 1.4748729445443755e+02 2.0405528718300658e+00
908 1.4503411257798706e+02 2.0066120002341137e+00
909 1.4448076502819700e+02 1.9989561886876277e+00
910 1.4615238077739627e+02 2.0220837423541482e+00
911 1.4348843696858162e+02 1.9852268848900638e+00
912 1.4354621071209044e+02 1.9860262105449915e+00
913 1.4480903271963516e+02 2.0034979194378657e+00
914 1.4191510763651058e+02 1.9634591678893034e+00
915 1.4277345953322344e+02 1.9753348513802587e+00
916 1.4323803333509986e+02 1.9817624383063228e+00
917 1.4056047189525844e+02 1.9447171748090137e+00
918 1.4191836219203753e+02 1.9635041961247972e+00
919 1.4164257367731278e+02 1.9596885383230793e+00
920 1.3927531106784051e+02 1.9269363983234751e+00
921 1.4111185731501999e+02 1.9523458394064732e+00
922 1.3986215059776114e+02 1.9350555864373562e+00
923 1.3828066637796394e+02 1.9131750429071606e+00
924 1.4008226518374778e+02 1.9381009704633374e+00
925 1.3815608594968950e+02 1.9114514168034369e+00
926 1.3738516799971580e+02 1.9007854211827082e+00
927 1.3894962492324899e+02 1.9224303844317714e+00
928 1.3643029185875011e+02 1.8875742814781182e+00
929 1.3673023781343130e+02 1.8917241682970647e+00
930 1.3748424641364701e+02 1.9021562154794749e+00
931 1.3497338052151423e+02 1.8674172596533207e+00
932 1.3603545990619742e+02 1.8821116043190322e+00
933 1.3588660532557935e+02 1.8800521344298542e+00
934 1.3368907178656255e+02 1.8496482722492451e+00
935 1.3535070729866138e+02 1.8726377448590064e+00
936 1.3405859396597515e+02 1.8547607773446466e+00
937 1.3279267664173275e+02 1.8372462433569052e+00
938 1.3435417953744152e+02 1.8588503363060360e+00
939 1.3232506515814757e+02 1.8307766287418969e+00
940 1.3206473157062641e+02 1.8271747967900995e+00
941 1.3312750710930177e+02 1.8418787730585415e+00
942 1.3068293684347043e+02 1.8080570469581043e+00
943 1.3154899559465440e+02 1.8200393582374528e+00
944 1.3149241544927082e+02 1.8192565465479571e+00
945 1.2944969468662541e+02 1.7909945885672263e+00
946 1.3087156304088032e+02 1.8106667750045160e+00
947 1.2974101416368077e+02 1.7950251241989514e+00
948 1.2851177223337950e+02 1.7780180107365435e+00
949 1.2999757170054258e+02 1.7985747127961897e+00
950 1.2792080611931378e+02 1.7698417294801021e+00
951 1.2796161220676116e+02 1.7704063000028505e+00
952 1.2863652358532852e+02 1.7797440016459698e+00
953 1.2643973166970733e+02 1.7493504001576823e+00
954 1.2742232524663351e+02 1.7629450230209953e+00
955 1.2699872973341888e+02 1.7570843890987191e+00
956 1.2529882133607927e+02 1.7335653939549647e+00
957 1.2677557754514137e+02 1.7539969784825762e+00
958 1.2513961739493206e+02 1.7313627360208268e+00
959 1.2465948592377921e+02 1.7247199017621808e+00
960 1.2562954555625957e+02 1.7381411118821870e+00
961 1.2353136033341012e+02 1.7091117782168419e+00
962 1.2416368591049299e+02 1.7178602861952472e+00
963 1.2410776703514917e+02 1.7170866234733535e+00
964 1.2227422543801241e+02 1.6917187530713840e+00
965 1.2363283430287962e+02 1.7105157160989688e+00
966 1.2226322534554492e+02 1.6915665618581819e+00
967 1.2158609720009704e+02 1.6821981902509755e+00
968 1.2259882188249418e+02 1.6962096904733019e+00
969 1.2061847400292021e+02 1.6688106893062176e+00
970 1.2111553317862311e+02 1.6756877259499630e+00
971 1.2112817060153704e+02 1.6758625703642898e+00
972 1.1934837014500691e+02 1.6512382327473369e+00
973 1.2062428295792279e+02 1.6688910588041914e+00
974 1.1929777631039978e+02 1.6505382443524970e+00
975 1.1868899552735567e+02 1.6421154891602565e+00
976 1.1959521798925958e+02 1.6546534833922015e+00
977 1.1768471975371719e+02 1.6282208833802281e+00
978 1.1825473162874388e+02 1.6361072533408776e+00
979 1.1809338156522701e+02 1.6338749028411468e+00
980 1.1650523225049352e+02 1.6119021447329864e+00
981 1.1773487082797740e+02 1.6289147459870756e+00
982 1.1627175662423029e+02 1.6086719047218991e+00
983 1.1595112542500755e+02 1.6042358282666869e+00
984 1.1660418813667563e+02 1.6132712438033865e+00
985 1.1476720412984366e+02 1.5878557461192462e+00
986 1.1554512906088343e+02 1.5986186864658927e+00
987 1.1500798526903175e+02 1.5911870611784193e+00
988 1.1378003135658035e+02 1.5741977680206840e+00
989 1.1490411877193178e+02 1.5897500216033951e+00
990 1.1323118077156907e+02 1.5666041739989538e+00
991 1.1337115141881669e+02 1.5685407306852066e+00
992 1.1357446242639421e+02 1.5713536296669226e+00
993 1.1194255500997198e+02 1.5487754585949063e+00
994 1.1292328286130444e+02 1.5623442683077891e+00
995 1.1188254254222336e+02 1.5479451591859772e+00
996 1.1122601915326537e+02 1.5388618636267404e+00
997 1.1203643858983256e+02 1.5500743800322465e+00
998 1.1026127745703738e+02 1.5255142295400606e+00
999 1.1091790646686691e+02 1.5345989864114296e+00
1000 1.1046280985444531e+02 1.5283025206523135e+00
1001 1.0931071052032689e+02 1.5123627096091659e+00
1002 1.1027517390570337e+02 1.5257064931403830e+00
1003 1.0878448925428852e+02 1.5050822023654427e+00
1004 1.0885948747583265e+02 1.5061198363997512e+00
1005 1.0903476375632222e+02 1.5085448623576800e+00
1006 1.0749465632140830e+02 1.4872367852052357e+00
1007 1.0847935700441826e+02 1.5008605608263264e+00
1008 1.0730337525837776e+02 1.4845903259021649e+00
1009 1.0694014043431702e+02 1.4795648091881484e+00
1010 1.0745349093440144e+02 1.4866672436119237e+00
1011 1.0586961812887351e+02 1.4647536529267817e+00
1012 1.0658452939159893e+02 1.4746447709085322e+00
1013 1.0588749890075923e+02 1.4650010414259531e+00
1014 1.0505676281643933e+02 1.4535074350860828e+00
1015 1.0586018802095946e+02 1.4646231831540675e+00
1016 1.0426777047386952e+02 1.4425913721368089e+00
1017 1.0476413690183171e+02 1.4494588243048405e+00
1018 1.0438549268667687e+02 1.4442201117534030e+00
1019 1.0332813331373126e+02 1.4295910705671662e+00
1020 1.0416156061630733e+02 1.4411219111187132e+00
1021 1.0277119772653496e+02 1.4218856169138085e+00
1022 1.0292598593805974e+02 1.4240271812480156e+00
1023 1.0290964290084845e+02 1.4238010679977913e+00
1024 1.0161856209273955e+02 1.4059383859240810e+00
1025 1.0250653120321968e+02 1.4182238368518310e+00
1026 1.0123540928551442e+02 1.4006372949790944e+00
1027 1.0120112862842930e+02 1.4001630067122846e+00
1028 1.0134790864772658e+02 1.4021937741150785e+00
1029 1.0002457385133279e+02 1.3838848436464393e+00
1030 1.0080163416475550e+02 1.3946358216205434e+00
1031 9.9759222374921848e+01 1.3802135869511585e+00
1032 9.9476337742381730e+01 1.3762997511766155e+00
1033 9.9824910009243638e+01 1.3811224048351320e+00
1034 9.8415943646434357e+01 1.3616287232364732e+00
1035 9.9176274849825774e+01 1.3721482464697214e+00
1036 9.8223443664625179e+01 1.3589653996453737e+00
1037 9.7860258387284048e+01 1.3539405684324464e+00
1038 9.8239885301531714e+01 1.3591928770666073e+00
1039 9.6890005893270356e+01 1.3405166899866217e+00
1040 9.7528407905321956e+01 1.3493492681683066e+00
1041 9.6735239404070668e+01 1.3383754261905254e+00
1042 9.6238252612943967e+01 1.3314993910198587e+00
1043 9.6710481148409869e+01 1.3380328846185410e+00
1044 9.5331235861409468e+01 1.3189504074346086e+00
1045 9.5970266063332446e+01 1.3277916769049283e+00
1046 9.5188996458240482e+01 1.3169824614925698e+00
1047 9.4711811922732110e+01 1.3103803994103658e+00
1048 9.5136346944087038e+01 1.3162540318491645e+00
1049 9.3840100825668543e+01 1.2983198853905042e+00
1050 9.4397115392321922e+01 1.3060264317600754e+00
1051 9.3690569574814688e+01 1.2962510534651044e+00
1052 9.3173529274211219e+01 1.2890975689961475e+00
1053 9.3623850566733338e+01 1.2953279660625614e+00
1054 9.2313655909932578e+01 1.2772008353189899e+00
1055 9.2910319008039707e+01 1.2854559369049348e+00
1056 9.2141117204085816e+01 1.2748136849341396e+00
1057 9.1722434258229384e+01 1.2690210185847168e+00
1058 9.2072298831817776e+01 1.2738615518864376e+00
1059 9.0852976764903914e+01 1.2569916841833897e+00
1060 9.1406571089560131e+01 1.2646509099708356e+00
1061 9.0641934313975341e+01 1.2540718172150971e+00
1062 9.0258967793717616e+01 1.2487733036338604e+00
1063 9.0578291629398535e+01 1.2531912921280748e+00
1064 8.9364770954802324e+01 1.2364016892898626e+00
1065 8.9978991499717182e+01 1.2448997060275024e+00
1066 8.9100021573271405e+01 1.2327387628473070e+00
1067 8.8878864190164464e+01 1.2296789512554365e+00
1068 8.9043009894674995e+01 1.2319499807022545e+00
1069 8.7948837799099195e+01 1.2168116189866744e+00
1070 8.8526218461399026e+01 1.2247999394243989e+00
1071 8.7613387784360825e+01 1.2121705175720623e+00
1072 8.7487401998234631e+01 1.2104274477121091e+00
1073 8.7556548919181679e+01 1.2113841263781504e+00
1074 8.6519279043119738e+01 1.1970330323921197e+00
1075 8.7133272057124785e+01 1.2055279011375670e+00
1076 8.6096880827087375e+01 1.1911889636133883e+00
1077 8.6173592472482966e+01 1.1922503036352106e+00
1078 8.6025737332705773e+01 1.1902046614583490e+00
1079 8.5172481330270884e+01 1.1783994819504111e+00
1080 8.5700576235156262e+01 1.1857059118279731e+00
1081 8.4647842597648193e+01 1.1711408697663137e+00
1082 8.4842859789943503e+01 1.1738390200935434e+00
1083 8.4539241810834412e+01 1.1696383291696095e+00
1084 8.3826050555950943e+01 1.1597710082678343e+00
1085 8.4306484923398997e+01 1.1664180332325838e+00
1086 8.3190352111712684e+01 1.1509758351594890e+00
1087 8.3573292531179007e+01 1.1562739876245693e+00
1088 8.3015117710177378e+01 1.1485513886156766e+00
1089 8.2567973931299093e+01 1.1423649538757479e+00
1090 8.2856668767816274e+01 1.1463591764283869e+00
1091 8.1820954236370554e+01 1.1320296013327467e+00
1092 8.2266946378938457e+01 1.1382001026677733e+00
1093 8.1546624257698014e+01 1.1282341230315138e+00
1094 8.1311947194423993e+01 1.1249872606004969e+00
1095 8.1429643063410154e+01 1.1266156357385089e+00
1096 8.0468966146560518e+01 1.1133242396977199e+00
1097 8.0990634203052707e+01 1.1205417512451028e+00
1098 8.0067206053496690e+01 1.1077657086071564e+00
1099 8.0129738877406695e+01 1.1086308782740433e+00
1100 7.9945952043717739e+01 1.1060881049953293e+00
1101 7.9222558019514508e+01 1.0960796242037272e+00
1102 7.9647425652338313e+01 1.1019578584713854e+00
1103 7.8675596745462613e+01 1.0885121696465401e+00
1104 7.8923822679820020e+01 1.0919464867861239e+00
1105 7.8495621652492488e+01 1.0860221335103661e+00
1106 7.8003665190849276e+01 1.0792156952043768e+00
1107 7.8303958851985968e+01 1.0833703926980931e+00
1108 7.7314701317590391e+01 1.0696835709941799e+00
1109 7.7747289614215916e+01 1.0756686241085143e+00
1110 7.7023223003806990e+01 1.0656508377850786e+00
1111 7.6877545942137360e+01 1.0636353302957773e+00
1112 7.6882019288653353e+01 1.0636972210512736e+00
1113 7.6075408293378644e+01 1.0525373961392641e+00
1114 7.6497516040084733e+01 1.0583774461445812e+00
1115 7.5633022201067064e+01 1.0464167861269695e+00
1116 7.5744809691705626e+01 1.0479634162004343e+00
1117 7.5469239783818679e+01 1.0441507829223700e+00
1118 7.4888089921449705e+01 1.0361103139110750e+00
1119 7.5227332502487855e+01 1.0408038871815393e+00
1120 7.4284065653184882e+01 1.0277533672342640e+00
1121 7.4642320852246669e+01 1.0327099886028892e+00
1122 7.4023562665853902e+01 1.0241491915601164e+00
1123 7.3810376585713911e+01 1.0211996665201934e+00
1124 7.3859725229911220e+01 1.0218824271472036e+00
1125 7.3071348675779120e+01 1.0109748839071673e+00
1126 7.3459405354178671e+01 1.0163438221094043e+00
1127 7.2657952687474264e+01 1.0052553649868503e+00
1128 7.2737386194017247e+01 1.0063543631784937e+00
1129 7.2483060760447415e+01 1.0028356567314738e+00
1130 7.1931277171031013e+01 9.9520148327824687e-01
1131 7.2236062741001874e+01 9.9941832834545730e-01
1132 7.1348451482655193e+01 9.8713782846248233e-01
1133 7.1687027162543529e+01 9.9182217485641111e-01
1134 7.1072824163037595e+01 9.8332440086737338e-01
1135 7.0909079330229659e+01 9.8105891766036535e-01
1136 7.0901190171896417e+01 9.8094976761626995e-01
1137 7.0191409130026017e+01 9.7112962854112672e-01
1138 7.0540665659435973e+01 9.7596174927891033e-01
1139 6.9753435889484550e+01 9.6507007231238529e-01
1140 6.9888140609444719e+01 9.6693377253266899e-01
1141 6.9551967057080404e+01 9.6228266065047063e-01
1142 6.9121157092592668e+01 9.5632221155890473e-01
1143 6.9332282870396895e+01 9.5924323139189693e-01
1144 6.8514722610363521e+01 9.4793191849083480e-01
1145 6.8865558633484568e+01 9.5278589223256782e-01
1146 6.8187612640554960e+01 9.4340620533861941e-01
1147 6.8160632256020747e+01 9.4303291961697122e-01
1148 6.8008669429199600e+01 9.4093044574741969e-01
1149 6.7444391226859551e+01 9.3312340372013647e-01
1150 6.7720929825905714e+01 9.3694943927487928e-01
1151 6.6943311354437512e+01 9.2619073893386294e-01
1152 6.7174575937919798e+01 9.2939038817634834e-01
1153 6.6688123965207055e+01 9.2266010694366196e-01
1154 6.6459316239945096e+01 9.1949444943663905e-01
1155 6.6498450230652111e+01 9.2003588575099249e-01
1156 6.5810730553312084e+01 9.1052097554939704e-01
1157 6.6144042945196276e+01 9.1513250199302532e-01
1158 6.5396483087450818e+01 9.0478967605517069e-01
1159 6.5548092035532292e+01 9.0688725385363222e-01
1160 6.5181313363055978e+01 9.0181270640725009e-01
1161 6.4849061832883976e+01 8.9721585746124244e-01
1162 6.4965657739519742e+01 8.9882901412676619e-01
1163 6.4267750101193002e+01 8.8917314891527355e-01
1164 6.4557854576354842e+01 8.9318687445083234e-01
1165 6.3917612005549955e+01 8.8432883131324280e-01
1166 6.3938572913632328e+01 8.8461883487824045e-01
1167 6.3720021097897821e+01 8.8159507247965307e-01
1168 6.3269722089144679e+01 8.7536498371917804e-01
1169 6.3475520650149043e+01 8.7821229911830678e-01
1170 6.2747301326712808e+01 8.6813705814750564e-01
1171 6.3031077683672407e+01 8.7206323132936081e-01
1172 6.2441430555445002e+01 8.6390519883360239e-01
1173 6.2407060923843375e+01 8.6342967956444860e-01
1174 6.2248864901389226e+01 8.6124096663751493e-01
1175 6.1771801871694784e+01 8.5464058564274603e-01
1176 6.1980582864995576e+01 8.5752916433041793e-01
1177 6.1295511757169066e+01 8.4805089827601521e-01
1178 6.1516081654520548e+01 8.5110258173895159e-01
1179 6.1017688915384412e+01 8.4420709464695887e-01
1180 6.0899767639901974e+01 8.4257560090896855e-01
1181 6.0824288769975126e+01 8.4153131688869787e-01
1182 6.0296453115423645e+01 8.3422847385578791e-01
1183 6.0540524670249333e+01 8.3760531329117027e-01
1184 5.9853966865517677e+01 8.2810647811825089e-01
1185 6.0069761174531777e+01 8.3109208917452626e-01
1186 5.9592773897214599e+01 8.2449275624787433e-01
1187 5.9467877876641580e+01 8.2276476378314611e-01
1188 5.9397547311997428e+01 8.2179170887565112e-01
1189 5.8891162219068804e+01 8.1478564398409770e-01
1190 5.9107892029610120e+01 8.1778419812360625e-01
1191 5.8470543438764842e+01 8.0896619449680607e-01
1192 5.8642420612926323e+01 8.1134419229407118e-01
1193 5.8217311983989646e+01 8.0546262373709654e-01
1194 5.8059178899801829e+01 8.0327478158930743e-01
1195 5.8021135244494445e+01 8.0274843055426037e-01
1196 5.7503679078043447e+01 7.9558919239477299e-01
1197 5.7734365635617173e+01 7.9878084438954922e-01
1198 5.7095293952894778e+01 7.8993900101376391e-01
1199 5.7283171205172991e+01 7.9253836706835168e-01
1200 5.6843892657348619e+01 7.8646075132787663e-01
1201 5.6720740116968692e+01 7.8475688069362981e-01
1202 5.6648501014076039e+01 7.8375742030342266e-01
1203 5.6180852661531567e+01 7.7728729558982568e-01
1204 5.6372420843345225e+01 7.7993772731004329e-01
1205 5.5776042565796637e+01 7.7168656634427768e-01
1206 5.5943357436124892e+01 7.7400144262166215e-01
1207 5.5520834301897267e+01 7.6815564554366933e-01
1208 5.5404392078013679e+01 7.6654461514795380e-01
1209 5.5326893831387814e+01 7.6547239214529339e-01
1210 5.4876663791625255e+01 7.5924325760173805e-01
1211 5.5067251260770192e+01 7.6188012072230105e-01
1212 5.4469001537998302e+01 7.5360306747246442e-01
1213 5.4666764953718619e+01 7.5633921303255314e-01
1214 5.4205013042487629e+01 7.4995066822928202e-01
1215 5.4154174891037606e+01 7.4924729960133607e-01
1216 5.4011937065772862e+01 7.4727937549031043e-01
1217 5.3636573255044333e+01 7.4208604880548334e-01
1218 5.3772586123567812e+01 7.4396784784788939e-01
1219 5.3220727567799742e+01 7.3633263720156217e-01
1220 5.3406570984894557e+01 7.3890386423414356e-01
1221 5.2942397876597461e+01 7.3248182108347382e-01
1222 5.2925076906482310e+01 7.3224217769288824e-01
1223 5.2747147627145928e+01 7.2978044630595396e-01
1224 5.2418861076196720e+01 7.2523845462592118e-01
1225 5.2528977206090161e+01 7.2676196067381527e-01
1226 5.1992219418506203e+01 7.1933567592852177e-01
1227 5.2201799729151148e+01 7.2223531353017090e-01
1228 5.1694469991009889e+01 7.1521617904839530e-01
1229 5.1756968496569996e+01 7.1608087390551844e-01
1230 5.1492062286651638e+01 7.1241577767187969e-01
1231 5.1265824777659468e+01 7.0928568025977845e-01
1232 5.1293022500023497e+01 7.0966197294778555e-01
1233 5.0827947399866893e+01 7.0322745033516565e-01
1234 5.1007379148200101e+01 7.0570996905457928e-01
1235 5.0505928621229501e+01 6.9877217609637532e-01
1236 5.0605949931446283e+01 7.0015601578617381e-01
1237 5.0289063795567415e+01 6.9577175396211199e-01
1238 5.0137238323310655e+01 6.9367118045456699e-01
1239 5.0103198349563193e+01 6.9320022214968835e-01
1240 4.9691842503780812e+01 6.8750892951624298e-01
1241 4.9858436721121706e+01 6.8981383523631001e-01
1242 4.9343066470084089e+01 6.8268345665217056e-01
1243 4.9506348065939818e+01 6.8494253076816725e-01
1244 4.9103766486622817e+01 6.7937263404682646e-01
1245 4.9069581299182857e+01 6.7889966664537882e-01
1246 4.8921777940218746e+01 6.7685474087929176e-01
1247 4.8624064969105206e+01 6.7273574838957284e-01
1248 4.8713231756197800e+01 6.7396941088332663e-01
1249 4.8248968977631968e+01 6.6754612710426875e-01
1250 4.8414464122622185e+01 6.6983582666539299e-01
1251 4.7979486955186374e+01 6.6381772245190862e-01
1252 4.8020945402097382e+01 6.6439131866044177e-01
1253 4.7788930570762531e+01 6.6118128940240450e-01
1254 4.7587604329734752e+01 6.5839585055613903e-01
1255 4.7606581408975401e+01 6.5865840695929700e-01
1256 4.7192132707744712e+01 6.5292432328347372e-01
1257 4.7360367092677365e+01 6.5525192145784350e-01
1258 4.6888027877484923e+01 6.4871689655550080e-01
1259 4.7020085127005558e+01 6.5054396783477342e-01
1260 4.6675727293481494e+01 6.4577962275180223e-01
1261 4.6614181584244555e+01 6.4492811025917163e-01
1262 4.6504833795088395e+01 6.4341523455000460e-01
1263 4.6209851536670783e+01 6.3933402269525108e-01
1264 4.6304156857147007e+01 6.4063877910317379e-01
1265 4.5871767568793103e+01 6.3465647935753922e-01
1266 4.6023280280039991e+01 6.3675272567622876e-01
1267 4.5626106524095789e+01 6.3125764861684286e-01
1268 4.5661513609632060e+01 6.3174752152651570e-01
1269 4.5448338495253253e+01 6.2879814820281721e-01
1270 4.5266205798706821e+01 6.2627826065340675e-01
1271 4.5278526836363469e+01 6.2644872773578975e-01
1272 4.4902970965245309e+01 6.2125274380932649e-01
1273 4.5055445650274009e+01 6.2336229946676525e-01
1274 4.4618269138477231e+01 6.1731376633756652e-01
1275 4.4751212124736114e+01 6.1915309218189563e-01
1276 4.4415670108227481e+01 6.1451071788152589e-01
1277 4.4386057941484580e+01 6.1410102027257685e-01
1278 4.4255969482844684e+01 6.1230118809820888e-01
1279 4.4014627818573025e+01 6.0896211792309007e-01
1280 4.4079390495739339e+01 6.0985813860994287e-01
1281 4.3693987090428898e+01 6.0452590963097641e-01
1282 4.3838501427647465e+01 6.0652533030597611e-01
1283 4.3453253763277047e+01 6.0119525607276991e-01
1284 4.3524061407223336e+01 6.0217491158639624e-01
1285 4.3280107030556437e+01 5.9879969336339922e-01
1286 4.3168664181225495e+01 5.9725783155700862e-01
1287 4.3128785610280474e+01 5.9670609364109284e-01
1288 4.2826869553903457e+01 5.9252894958152746e-01
1289 4.2944783175072075e+01 5.9416033741865293e-01
1290 4.2545175641845901e+01 5.8863158795893922e-01
1291 4.2693947595396040e+01 5.9068991466557152e-01
1292 4.2338848772399473e+01 5.8577696317555028e-01
1293 4.2380219088963024e+01 5.8634934006119688e-01
1294 4.2185875839667041e+01 5.8366051403764940e-01
1295 4.2041928713317866e+01 5.8166894097944111e-01
1296 4.2039268955611519e+01 5.8163214203858227e-01
1297 4.1729894658966607e+01 5.7735180987963686e-01
1298 4.1851513141615804e+01 5.7903445613710214e-01
1299 4.1480963526841798e+01 5.7390773601263601e-01
1300 4.1599146129437493e+01 5.7554284532845235e-01
1301 4.1300738523396973e+01 5.7141424225295123e-01
1302 4.1294234584273468e+01 5.7132425733794034e-01
1303 4.1162312874093310e+01 5.6949906130623729e-01
1304 4.0976555519254013e+01 5.6692902498356290e-01
1305 4.1020378355001178e+01 5.6753533357215280e-01
1306 4.0692009133051371e+01 5.6299219810174606e-01
1307 4.0834045862736140e+01 5.6495733996522457e-01
1308 4.0469881614299844e+01 5.5991896424809406e-01
1309 4.0587305072108137e+01 5.6154357045527448e-01
1310 4.0309883679326532e+01 5.5770532105323889e-01
1311 4.0296297664875645e+01 5.5751735244952261e-01
1312 4.0183555614136374e+01 5.5595751560891193e-01
1313 3.9999780272013950e+01 5.5341490132117532e-01
1314 4.0048535791617191e+01 5.5408945580339009e-01
1315 3.9739002139599201e+01 5.4980691889138178e-01
1316 3.9869240712377241e+01 5.5160882796218236e-01
1317 3.9538132005210421e+01 5.4702779048504613e-01
1318 3.9634094803309999e+01 5.4835547883932290e-01
1319 3.9394076492825377e+01 5.4503471785741675e-01
1320 3.9360397334814955e+01 5.4456875160009821e-01
1321 3.9279003069499474e+01 5.4344262543137034e-01
1322 3.9084618410926254e+01 5.4075322649189883e-01
1323 3.9153803031584324e+01 5.4171042675035164e-01
1324 3.8844162849542464e+01 5.3742641594768081e-01
1325 3.8986598119811944e+01 5.3939707179890783e-01
1326 3.8660266031800454e+01 5.3488212099026133e-01
1327 3.8767683455216130e+01 5.3636828922357427e-01
1328 3.8529391918106171e+01 5.3307141892582299e-01
1329 3.8513401487120582e+01 5.3285018414088681e-01
1330 3.8425775485329694e+01 5.3163783910287665e-01
1331 3.8257297840507661e+01 5.2930687531882692e-01
1332 3.8313491911353559e+01 5.3008434549392625e-01
1333 3.8033870452715135e+01 5.2621565719395735e-01
1334 3.8162940097189789e+01 5.2800139361737664e-01
1335 3.7863256226948231e+01 5.2385513285420637e-01
1336 3.7964308846990441e+01 5.2525324117801719e-01
1337 3.7743276968118600e+01 5.2219516599353233e-01
1338 3.7731464846160563e+01 5.2203173998810570e-01
1339 3.7651255193078079e+01 5.2092200346096018e-01
1340 3.7494601564100499e+01 5.1875463023959056e-01
1341 3.7554351186710264e+01 5.1958129306812850e-01
1342 3.7285982916019428e+01 5.1586829767085085e-01
1343 3.7424170310766009e+01 5.1778018225890243e-01
1344 3.7125960426113522e+01 5.1365431474748957e-01
1345 3.7249307418503641e+01 5.1536087571251565e-01
1346 3.7015054934974550e+01 5.1211988753270821e-01
1347 3.7039936509766314e+01 5.1246413528018231e-01
1348 3.6934536303811342e+01 5.1100587615522874e-01
1349 3.6822422746818447e+01 5.0945473480749992e-01
1350 3.6854773368853181e+01 5.0990232017370141e-01
1351 3.6627120783002056e+01 5.0675264453854663e-01
1352 3.6748016540133563e+01 5.0842529156430771e-01
1353 3.6475447545716456e+01 5.0465417727011008e-01
1354 3.6600315396080198e+01 5.0638177998735767e-01
1355 3.6371609184070422e+01 5.0321752696171085e-01
1356 3.6417192445624977e+01 5.0384819183095664e-01
1357 3.6301625395549138e+01 5.0224926985741647e-01
1358 3.6220529624654766e+01 5.0112727349288966e-01
1359 3.6239506889993471e+01 5.0138983247079760e-01
1360 3.6038577277066842e+01 4.9860988115221272e-01
1361 3.6158139629957425e+01 5.0026407993222366e-01
1362 3.5894076016983838e+01 4.9661064140524913e-01
1363 3.6040586658054451e+01 4.9863768183945179e-01
1364 3.5795510606169309e+01 4.9524694473670094e-01
1365 3.5886957078223091e+01 4.9651214769440871e-01
1366 3.5734416678043935e+01 4.9440168283838792e-01
1367 3.5713789528269992e+01 4.9411629696928927e-01
1368 3.5689219800244672e+01 4.9377636376170275e-01
1369 3.5546541977782972e+01 4.9180235209210349e-01
1370 3.5634033631567050e+01 4.9301283836517984e-01
1371 3.5408971276057414e+01 4.8989899972860562e-01
1372 3.5549124808937485e+01 4.9183808671961354e-01
1373 3.5314003411058565e+01 4.8858507672003865e-01
1374 3.5428804990009617e+01 4.9017340805722759e-01
1375 3.5259317381973524e+01 4.8782847097910864e-01
1376 3.5283341060771349e+01 4.8816084935071119e-01
1377 3.5228755920663517e+01 4.8740563945403298e-01
1378 3.5134218325418807e+01 4.8609766942050514e-01
1379 3.5198803943906704e+01 4.8699124042112518e-01
1380 3.5005207839295757e+01 4.8431275147941488e-01
1381 3.5147800089362079e+01 4.8628557921654197e-01
1382 3.4913224075605605e+01 4.8304011485092441e-01
1383 3.5064395334157503e+01 4.8513163701842565e-01
1384 3.4862385456120293e+01 4.8233673974750035e-01
1385 3.4951786966467076e+01 4.8357364974275713e-01
1386 3.4843002873822407e+01 4.8206857302766365e-01
1387 3.4825993605844069e+01 4.8183324217594986e-01
1388 3.4835510697845379e+01 4.8196491541252645e-01
1389 3.4709176813721911e+01 4.8021702946064720e-01
1390 3.4817916812688409e+01 4.8172149611992571e-01
1391 3.4621085382354956e+01 4.7899824499569121e-01
1392 3.4774140705394956e+01 4.8111583404045216e-01
1393 3.4572010315671520e+01 4.7831926943629433e-01
1394 3.4700040324734395e+01 4.8009062203747982e-01
1395 3.4559523506293253e+01 4.7814650882778853e-01
1396 3.4604680768218998e+01 4.7877127980109452e-01
1397 3.4569748270377453e+01 4.7828797302504689e-01
1398 3.4506460415941262e+01 4.7741235717217334e-01
1399 3.4582562427625788e+01 4.7846526263816164e-01
1400 3.4425963216709363e+01 4.7629864231507646e-01
1401 3.4578985162242439e+01 4.7841576956705817e-01
1402 3.4378527026361475e+01 4.7564234134487349e-01
1403 3.4548137504220072e+01 4.7798897838209808e-01
1404 3.4369150109761584e+01 4.7551260749784890e-01
1405 3.4491109725304028e+01 4.7719997348190191e-01
1406 3.4391161444444165e+01 4.7581714418601245e-01
1407 3.4420231959463990e+01 4.7621934780042352e-01
1408 3.4428823003042247e+01 4.7633820874170307e-01
1409 3.4354220380823158e+01 4.7530604800149606e-01
1410 3.4462956735979759e+01 4.7681046424703027e-01
1411 3.4311335482955904e+01 4.7471271620417171e-01
1412 3.4477759966188763e+01 4.7701527357672258e-01
1413 3.4303171352811582e+01 4.7459976180173580e-01
1414 3.4466406093236351e+01 4.7685818765182891e-01
1415 3.4331055622554494e+01 4.7498555318066954e-01
1416 3.4433313148647457e+01 4.7640033192013370e-01
1417 3.4385946885629053e+01 4.7574499842589890e-01
1418 3.4392265083450020e+01 4.7583241352667799e-01
1419 3.4451683544089541e+01 4.7665449458082026e-01
1420 3.4361299327537665e+01 4.7540398840443893e-01
1421 3.4510547967825758e+01 4.7746891028590099e-01
1422 3.4356456010068570e+01 4.7533697893486188e-01
1423 3.4549358966761375e+01 4.7800587786422433e-01
1424 3.4386595365908882e+01 4.7575397044143575e-01
1425 3.4563958276577090e+01 4.7820786586381031e-01
1426 3.4450771855485584e+01 4.7664188096006127e-01
1427 3.4560393484338242e+01 4.7815854536425562e-01
1428 3.4538661695926770e+01 4.7785787632413890e-01
1429 3.4552283140173714e+01 4.7804633511497502e-01
1430 3.4633553294270975e+01 4.7917074414933064e-01
1431 3.4555091010357543e+01 4.7808518325839328e-01
1432 3.4716335406102544e+01 4.8031607179710473e-01
1433 3.4578417746505913e+01 4.7840791911583813e-01
1434 3.4767649359125265e+01 4.8102602335322209e-01
1435 3.4616513355586726e+01 4.7893498895464370e-01
1436 3.4764204553306023e+01 4.8097836291960061e-01
1437 3.4635592060421679e+01 4.7919895139348140e-01
1438 3.4665272190004458e+01 4.7960958929880371e-01
1439 3.4556289748395436e+01 4.7810176833682216e-01
1440 3.4389146605423520e+01 4.7578926798443821e-01
1441 3.4235175629782816e+01 4.7365901047524528e-01
1442 3.3791464923505806e+01 4.6752007383460464e-01
1443 3.3465894848243948e+01 4.6301566581413783e-01
1444 3.2679664085125530e+01 4.5213781055523583e-01
1445 3.2042508551790782e+01 4.4332247796568669e-01
1446 3.0911446252092741e+01 4.2767372372956802e-01
1447 2.9915138699105114e+01 4.1388936185626146e-01
1448 2.8575041523061969e+01 3.9534851634667784e-01
1449 2.7368862328540811e+01 3.7866048617820675e-01
1450 2.6120167122531626e+01 3.6138422792092600e-01
1451 2.5043732201808137e+01 3.4649126797515217e-01
1452 2.4263141729047668e+01 3.3569144866321388e-01
1453 2.3697148598260252e+01 3.2786067983165779e-01
1454 2.3667317718308009e+01 3.2744795622735723e-01
1455 2.3822850038416849e+01 3.2959981563758278e-01
1456 2.4532566808314012e+01 3.3941906548114814e-01
1457 2.5224353550149051e+01 3.4899024534424838e-01
1458 2.6152037569419022e+01 3.6182516984858931e-01
1459 2.6668986105979990e+01 3.6897738472085889e-01
1460 2.6908450613011485e+01 3.7229048358359135e-01
1461 2.6559073914675515e+01 3.6745670025481653e-01
1462 2.5825771621014368e+01 3.5731113411106924e-01
1463 2.4981783259023597e+01 3.4563417656552653e-01
1464 2.4163097381126494e+01 3.3430729023644185e-01
1465 2.3871136157962411e+01 3.3026787575945765e-01
1466 2.3849596930194025e+01 3.2996987088220797e-01
1467 2.4457746787430064e+01 3.3838389693290216e-01
1468 2.5001203806012143e+01 3.4590286854388691e-01
1469 2.5616857292883743e+01 3.5442071067622150e-01
1470 2.5572161704540711e+01 3.5380232716400861e-01
1471 2.5186331642404095e+01 3.4846419519648197e-01
1472 2.4386224035896781e+01 3.3739434758505976e-01
1473 2.3712809026949703e+01 3.2807734888680962e-01
1474 2.3429187827855401e+01 3.2415332238361444e-01
1475 2.3568634124833896e+01 3.2608262444870478e-01
1476 2.4172551408444349e+01 3.3443809094483623e-01
1477 2.4589987740106579e+01 3.4021350982773341e-01
1478 2.4820593974594779e+01 3.4340405051659378e-01
1479 2.4306247769399771e+01 3.3628784006600609e-01
1480 2.3717368314604670e+01 3.2814042867651122e-01
1481 2.3052744519173977e+01 3.1894506036041764e-01
1482 2.2994726919341065e+01 3.1814236084386838e-01
1483 2.3280871185676762e+01 3.2210129511402946e-01
1484 2.3812903928791552e+01 3.2946220674974935e-01
1485 2.4066555857167124e+01 3.3297159495031670e-01
1486 2.3759773019178329e+01 3.2872711678423577e-01
1487 2.3191353821810292e+01 3.2086278223336362e-01
1488 2.2565551824777351e+01 3.1220453091099598e-01
1489 2.2554514755919755e+01 3.1205182811285148e-01
1490 2.2792420339768359e+01 3.1534335857411877e-01
1491 2.3348156936345752e+01 3.2303222365447581e-01
1492 2.3337309027759726e+01 3.2288213797353332e-01
1493 2.3017618697185458e+01 3.1845907885808422e-01
1494 2.2336152637762982e+01 3.0903069026533775e-01
1495 2.2049276992768505e+01 3.0506163704338429e-01
1496 2.2182151610206759e+01 3.0690001697441432e-01
1497 2.2603659142933864e+01 3.1273176275011577e-01
1498 2.2855801672924862e+01 3.1622026774701617e-01
1499 2.2518077203723795e+01 3.1154769823474260e-01
1500 2.2017531004209349e+01 3.0462241705251603e-01
1501 2.1556190169833545e+01 2.9823955968191829e-01
1502 2.1755003011784314e+01 3.0099022452460861e-01
1503 2.2053031717622609e+01 3.0511358534586225e-01
1504 2.2339956066425515e+01 3.0908331240685066e-01
1505 2.1958410001839795e+01 3.0380445146695884e-01
1506 2.1475313582627951e+01 2.9712059582203693e-01
1507 2.1143525072904929e+01 2.9253015297162122e-01
1508 2.1341428190895510e+01 2.9526823137528030e-01
1509 2.1716539250671474e+01 3.0045806113731127e-01
1510 2.1732284921269976e+01 3.0067590955250878e-01
1511 2.1371568357837045e+01 2.9568523410380343e-01
1512 2.0820375057539295e+01 2.8805922756529762e-01
1513 2.0816725653192972e+01 2.8800873641928465e-01
1514 2.1029264263607931e+01 2.9094930342514969e-01
1515 2.1371644204920351e+01 2.9568628348222092e-01
1516 2.1066243654498930e+01 2.9146092988463745e-01
1517 2.0653008426760419e+01 2.8574363515886253e-01
1518 2.0320901439432792e+01 2.8114878602793908e-01
1519 2.0554417592519780e+01 2.8437958674581082e-01
1520 2.0834654033155484e+01 2.8825678359755236e-01
1521 2.0773390648580655e+01 2.8740917719325415e-01
1522 2.0342698586692478e+01 2.8145035933703655e-01
1523 1.9960037200150730e+01 2.7615606741762333e-01
1524 2.0115680277758212e+01 2.7830945920752109e-01
1525 2.0349931074887557e+01 2.8155042405523167e-01
1526 2.0433851512503665e+01 2.8271150095081254e-01
1527 1.9938952675670734e+01 2.7586435356431838e-01
1528 1.9664807981683722e+01 2.7207143875981649e-01
1529 1.9656128692320564e+01 2.7195135689852157e-01
1530 2.0013823070366836e+01 2.7690021905684986e-01
1531 1.9962579602643373e+01 2.7619124269646284e-01
1532 1.9596947157221891e+01 2.7113255381550605e-01
1533 1.9256201163379426e+01 2.6641818015456248e-01
1534 1.9337693776603324e+01 2.6754566701071558e-01
1535 1.9639949634825726e+01 2.7172751238122456e-01
1536 1.9531763343903503e+01 2.7023070652109549e-01
1537 1.9188424709632791e+01 2.6548046251693996e-01
1538 1.8853852485280633e+01 2.6085150572603971e-01
1539 1.9090677307792795e+01 2.6412808336945925e-01
1540 1.9229734510650658e+01 2.6605200214286873e-01
1541 1.9149504725804526e+01 2.6494198708374339e-01
1542 1.8668560674179943e+01 2.5828791040980109e-01
1543 1.8589821783861286e+01 2.5719852254518011e-01
1544 1.8766836246949541e+01 2.5964759703899543e-01
1545 1.8916776295994858e+01 2.6172208487073390e-01
1546 1.8619861638200053e+01 2.5761413740385025e-01
1547 1.8260448334239889e+01 2.5264149313450668e-01
1548 1.8312319257011573e+01 2.5335915061692077e-01
1549 1.8504756815876021e+01 2.5602161055858119e-01
1550 1.8513007979439408e+01 2.5613576910740732e-01
1551 1.8072422570987936e+01 2.5004007236398507e-01
1552 1.7947500101649403e+01 2.4831171396872281e-01
1553 1.8048291446300851e+01 2.4970620743031155e-01
1554 1.8258823422977891e+01 2.5261901175836915e-01
1555 1.7942114502489002e+01 2.4823720178871478e-01
1556 1.7663509175126819e+01 2.4438257212072204e-01
1557 1.7648854352491515e+01 2.4417981607637770e-01
1558 1.7884852674774486e+01 2.4744495871841296e-01
1559 1.7795017569919438e+01 2.4620204974865248e-01
1560 1.7426509466218377e+01 2.4110357484556755e-01
1561 1.7325333998354218e+01 2.3970376686703865e-01
1562 1.7472814682844895e+01 2.4174422828705530e-01
1563 1.7586029533513649e+01 2.4331060652675721e-01
1564 1.7215762585985111e+01 2.3818779723041800e-01
1565 1.7045449840332704e+01 2.3583144400327513e-01
1566 1.7092096368796980e+01 2.3647681964712822e-01
1567 1.7304719291935431e+01 2.3941855315733984e-01
1568 1.7021056320826908e+01 2.3549394871959176e-01
1569 1.6774577359035767e+01 2.3208380172903875e-01
1570 1.6767837157116887e+01 2.3199054801228192e-01
1571 1.6973550717515757e+01 2.3483668738990796e-01
1572 1.6827610801793476e+01 2.3281754319688910e-01
1573 1.6502919466111663e+01 2.2832529293265677e-01
1574 1.6484778734679704e+01 2.2807430777656240e-01
1575 1.6633527349602129e+01 2.3013231158281208e-01
1576 1.6613532493187321e+01 2.2985567377594207e-01
1577 1.6241330373635019e+01 2.2470609050666382e-01
1578 1.6211664368145712e+01 2.2429564801450980e-01
1579 1.6320712223362079e+01 2.2580437400308917e-01
1580 1.6362722859019296e+01 2.2638560999060145e-01
1581 1.6000355637688958e+01 2.2137209694950943e-01
1582 1.5928074730792629e+01 2.2037205818216088e-01
1583 1.6048023347512657e+01 2.2203160109550460e-01
1584 1.6078531611516954e+01 2.2245369661199499e-01
1585 1.5774543396095762e+01 2.1824788330261979e-01
1586 1.5637196409696584e+01 2.1634762614100628e-01
1587 1.5803206448136963e+01 2.1864444948396064e-01
1588 1.5782777772302543e+01 2.1836180959083759e-01
1589 1.5543758938886652e+01 2.1505487682247670e-01
1590 1.5358326312291293e+01 2.1248933326070879e-01
1591 1.5562470437667107e+01 2.1531375880084602e-01
1592 1.5499842253039789e+01 2.1444726977566253e-01
1593 1.5288310954907605e+01 2.1152063938704341e-01
1594 1.5108575853411569e+01 2.0903392364055784e-01
1595 1.5309577977695989e+01 2.1181487818630160e-01
1596 1.5239414078844236e+01 2.1084412917479969e-01
1597 1.5004740607613719e+01 2.0759731644131577e-01
1598 1.4889469192298035e+01 2.0600248470728458e-01
1599 1.5046470750928776e+01 2.0817467169146392e-01
1600 1.4990867876553750e+01 2.0740538098471076e-01
1601 1.4709212291543869e+01 2.0350854963401813e-01
1602 1.4687131442882697e+01 2.0320305118878140e-01
1603 1.4787942453362081e+01 2.0459781673592045e-01
1604 1.4732243877601645e+01 2.0382720195757481e-01
1605 1.4426553477323797e+01 1.9959783815722015e-01
1606 1.4483869701444116e+01 2.0039083382619491e-01
1607 1.4546109112303924e+01 2.0125194399192670e-01
1608 1.4447104875046351e+01 1.9988217596271049e-01
1609 1.4174917059209001e+01 1.9611633544513532e-01
1610 1.4271207810317737e+01 1.9744856117639181e-01
1611 1.4317831313883776e+01 1.9809361826045035e-01
1612 1.4137526838268091e+01 1.9559902496763582e-01
1613 1.3957325528176172e+01 1.9310585901611585e-01
1614 1.4053493696439075e+01 1.9443638875871769e-01
1615 1.4084372035889526e+01 1.9486360443499701e-01
1616 1.3824419207998263e+01 1.9126704046346296e-01
1617 1.3763855671157559e+01 1.9042911676647181e-01
1618 1.3839234849582079e+01 1.9147202151009271e-01
1619 1.3823643749795020e+01 1.9125631165140178e-01
1620 1.3536167553143661e+01 1.8727894952790761e-01
1621 1.3580318177895963e+01 1.8788979322440807e-01
1622 1.3628370691397222e+01 1.8855462130187978e-01
1623 1.3527424400620221e+01 1.8715798409114542e-01
1624 1.3294140746498616e+01 1.8393040010074338e-01
1625 1.3395429310336709e+01 1.8533177281279903e-01
1626 1.3407356135083209e+01 1.8549678578275219e-01
1627 1.3211925184000723e+01 1.8279291091711730e-01
1628 1.3102766678477096e+01 1.8128265403190658e-01
1629 1.3200927086859151e+01 1.8264074731014412e-01
1630 1.3157856303278589e+01 1.8204484370060006e-01
1631 1.2913259072031021e+01 1.7866073129613735e-01
1632 1.2946786367585810e+01 1.7912459646826684e-01
1633 1.2987479865651910e+01 1.7968760926642513e-01
1634 1.2874348140142473e+01 1.7812238110058684e-01
1635 1.2668726019376718e+01 1.7527750683129872e-01
1636 1.2795216636969265e+01 1.7702756126102295e-01
1637 1.2745646067960369e+01 1.7634173020470370e-01
1638 1.2577177843531143e+01 1.7401089675601389e-01
1639 1.2493370224463700e+01 1.7285138075565670e-01
1640 1.2611752574675423e+01 1.7448925366933435e-01
1641 1.2476098571309150e+01 1.7261241968734137e-01
1642 1.2307096530538050e+01 1.7027420065012699e-01
1643 1.2364281025434748e+01 1.7106537378620792e-01
1644 1.2371979156647587e+01 1.7117188088441043e-01
1645 1.2199777458496271e+01 1.6878939315218594e-01
1646 1.2098972968617874e+01 1.6739471782048626e-01
1647 1.2225095286133911e+01 1.6913967665345692e-01
1648 1.2083176331079576e+01 1.6717616425481632e-01
1649 1.1952628966398816e+01 1.6536998290953803e-01
1650 1.1950293147419488e+01 1.6533766580626499e-01
1651 1.2018436373065951e+01 1.6628045789763127e-01
1652 1.1790839142418291e+01 1.6313154812654504e-01
1653 1.1760525226757792e+01 1.6271214150656291e-01
1654 1.1811343570062768e+01 1.6341523607993749e-01
1655 1.1733342797518768e+01 1.6233606040579970e-01
1656 1.1554368180886492e+01 1.5985986630850751e-01
1657 1.1609879047267672e+01 1.6062788404339712e-01
1658 1.1618404312950299e+01 1.6074583491798700e-01
1659 1.1426347359384428e+01 1.5808864082134677e-01
1660 1.1399243792719183e+01 1.5771365081966435e-01
1661 1.1445010841263695e+01 1.5834685846435093e-01
1662 1.1355251097242469e+01 1.5710499214552828e-01
1663 1.1181681756026471e+01 1.5470358245806962e-01
1664 1.1282562595736076e+01 1.5609931412392952e-01
1665 1.1215272060719215e+01 1.5516831938988443e-01
1666 1.1079271638435131e+01 1.5328669254678290e-01
1667 1.1033593436098514e+01 1.5265471412923309e-01
1668 1.1116075610069478e+01 1.5379589200217342e-01
1669 1.0939589863108973e+01 1.5135413253313260e-01
1670 1.0867032971797933e+01 1.5035027539761817e-01
1671 1.0922548292209779e+01 1.5111835475601981e-01
1672 1.0853888736262642e+01 1.5016841900335207e-01
1673 1.0701617802447297e+01 1.4806168233533937e-01
1674 1.0726182901391219e+01 1.4840155149750842e-01
1675 1.0747222489520205e+01 1.4869264363624168e-01
1676 1.0559362635381918e+01 1.4609351829272349e-01
1677 1.0554970745031975e+01 1.4603275451982028e-01
1678 1.0575207595167392e+01 1.4631274041835729e-01
1679 1.0485211137845312e+01 1.4506759906484340e-01
1680 1.0343899004115555e+01 1.4311248231140827e-01
1681 1.0443452923241381e+01 1.4448985543582271e-01
1682 1.0343097821892169e+01 1.4310139759599033e-01
1683 1.0229813548525616e+01 1.4153405886212594e-01
1684 1.0228639907338671e+01 1.4151782100988669e-01
1685 1.0253768195381090e+01 1.4186548214584285e-01
1686 1.0081016941715019e+01 1.3947539106657741e-01
1687 1.0064955416729955e+01 1.3925317266427045e-01
1688 1.0105548199895685e+01 1.3981479202660810e-01
1689 9.9739052312972145e+00 1.3799345250971276e-01
1690 9.9003559529911698e+00 1.3697586525500322e-01
1691 9.9400285324266857e+00 1.3752475318599078e-01
1692 9.8823926160063298e+00 1.3672733443065219e-01
1693 9.7290184777021249e+00 1.3460533443371150e-01
1694 9.7998284507868298e+00 1.3558502217201251e-01
1695 9.7394007542975380e+00 1.3474897788721216e-01
1696 9.6283905548672504e+00 1.3321310198625527e-01
1697 9.5985485638082224e+00 1.3280022465480867e-01
1698 9.6467962560388472e+00 1.3346775311754544e-01
1699 9.4793852717540243e+00 1.3115154706046148e-01
1700 9.4623932824748831e+00 1.3091645526730117e-01
1701 9.4860598525313531e+00 1.3124389287929164e-01
1702 9.3864852043799623e+00 1.2986623295951083e-01
1703 9.2961959566962751e+00 1.2861704072001767e-01
1704 9.3460982355537343e+00 1.2930746113087491e-01
1705 9.2750466368707745e+00 1.2832443039404476e-01
1706 9.1495411305040015e+00 1.2658800541998491e-01
1707 9.2047746612032029e+00 1.2735218609131987e-01
1708 9.1448631126776938e+00 1.2652328294510831e-01
1709 9.0406918893817068e+00 1.2508202734648219e-01
1710 9.0254276693415552e+00 1.2487084001570638e-01
1711 9.0538176827068320e+00 1.2526362858449869e-01
1712 8.8894029775292616e+00 1.2298887739279636e-01
1713 8.9050928851133673e+00 1.2320595430167808e-01
1714 8.8973479379615572e+00 1.2309879948396135e-01
1715 8.8028611960706193e+00 1.2179153302939240e-01
1716 8.7328211421364781e+00 1.2082249746787427e-01
1717 8.7888978742890220e+00 1.2159834420952068e-01
1718 8.6718090856167276e+00 1.1997836829994724e-01
1719 8.6068508095848983e+00 1.1907964141505731e-01
1720 8.6450851871464973e+00 1.1960863117803691e-01
1721 8.5632285704990476e+00 1.1847610817125108e-01
1722 8.4766398306152162e+00 1.1727811411697217e-01
1723 8.4996289194140431e+00 1.1759617847188984e-01
1724 8.4635164294557921e+00 1.1709654597564111e-01
1725 8.3326176034207045e+00 1.1528550200488336e-01
1726 8.3832282023492404e+00 1.1598572234162949e-01
1727 8.3253306671523895e+00 1.1518468397317319e-01
1728 8.2366040127928706e+00 1.1395711091319601e-01
1729 8.2201282784800735e+00 1.1372916173905293e-01
1730 8.2358434692819120e+00 1.1394658845259234e-01
1731 8.0932725102147085e+00 1.1197405528598779e-01
1732 8.1098755776728115e+00 1.1220376617130942e-01
1733 8.0965264235753356e+00 1.1201907463682255e-01
1734 7.9959016610901843e+00 1.1062688591422229e-01
1735 7.9656133022722866e+00 1.1020783288462065e-01
1736 7.9858951209135398e+00 1.1048844094260581e-01
1737 7.8789765610833724e+00 1.0900917471075570e-01
1738 7.8367296007851568e+00 1.0842466906583559e-01
1739 7.8714034555841961e+00 1.0890439739937997e-01
1740 7.7572185014640320e+00 1.0732459734330352e-01
1741 7.7266749937475137e+00 1.0690201421424654e-01
1742 7.7327211362972132e+00 1.0698566530832158e-01
1743 7.6674840118126655e+00 1.0608308043001533e-01
1744 7.5817260763300736e+00 1.0489658092727151e-01
1745 7.6375921036876706e+00 1.0566951247357158e-01
1746 7.5319110569581067e+00 1.0420736779053491e-01
1747 7.4876776104413620e+00 1.0359537821777501e-01
1748 7.4945094925703124e+00 1.0368990037135985e-01
1749 7.4438386258060740e+00 1.0298884620207459e-01
1750 7.3521065894714352e+00 1.0171969233445589e-01
1751 7.3925181320622411e+00 1.0227880415214692e-01
1752 7.3217714570641093e+00 1.0129999217126498e-01
1753 7.2458377621808809e+00 1.0024941544371840e-01
1754 7.2722378270992092e+00 1.0061467218318783e-01
1755 7.2119783337766172e+00 9.9780955064643587e-02
1756 7.1381757314077241e+00 9.8759862957900110e-02
1757 7.1485013864464557e+00 9.8902723026767406e-02
1758 7.1153093305441830e+00 9.8443496045596823e-02
1759 7.0118668388798220e+00 9.7012322775955104e-02
1760 7.0537084827476990e+00 9.7591220686263316e-02
1761 6.9865706592085104e+00 9.6662338784008123e-02
1762 6.9238768064432037e+00 9.5794941210681162e-02
1763 6.9204137344649883e+00 9.5747028056557326e-02
1764 6.9001946300864194e+00 9.5467287678525872e-02
1765 6.7954180453940376e+00 9.4017656633455515e-02
1766 6.8298349504064539e+00 9.4493829951451294e-02
1767 6.7758984789945655e+00 9.3747594677131382e-02
1768 6.7026183488643678e+00 9.2733731208156769e-02
1769 6.7113949443738194e+00 9.2855159343630728e-02
1770 6.6763572968899911e+00 9.2370397775118934e-02
1771 6.5938548346607044e+00 9.1228939205024742e-02
1772 6.6048068401707116e+00 9.1380465113601553e-02
1773 6.5743712108147481e+00 9.0959374530049944e-02
1774 6.4819563032435754e+00 8.9680772832582897e-02
1775 6.5116134739961025e+00 9.0091093092190877e-02
1776 6.4550825961433764e+00 8.9308963041082712e-02
1777 6.3954126968539189e+00 8.8483403220439794e-02
1778 6.3904092396664929e+00 8.8414178146031544e-02
1779 6.3701151901393471e+00 8.8133400868254080e-02
1780 6.2735902162040960e+00 8.6797934559135870e-02
1781 6.3095236319943924e+00 8.7295089483950122e-02
1782 6.2464832597499624e+00 8.6422897658203754e-02
1783 6.1917143750764625e+00 8.5665145573043874e-02
1784 6.1929096174125844e+00 8.5681682286870842e-02
1785 6.1579633379640129e+00 8.5198184836108470e-02
1786 6.0810790651330970e+00 8.4134456436289209e-02
1787 6.1032117118305553e+00 8.4440671530591108e-02
1788 6.0498791772971821e+00 8.3702791993871623e-02
1789 5.9860118149131250e+00 8.2819158388610398e-02
1790 6.0069387544351445e+00 8.3108691983339561e-02
1791 5.9441913436340688e+00 8.2240553410565131e-02
1792 5.8975864919200642e+00 8.1595754383245497e-02
1793 5.9004470725978013e+00 8.1635331799989427e-02
1794 5.8560069569320321e+00 8.1020482866854648e-02
1795 5.7890027590098558e+00 8.0093449734946434e-02
1796 5.8211146987566185e+00 8.0537732824636804e-02
1797 5.7392995507732127e+00 7.9405783555418122e-02
1798 5.7140544259256476e+00 7.9056505929857496e-02
1799 5.7088565854557540e+00 7.8984591475548802e-02
1800 5.6574242001734074e+00 7.8273001355998642e-02
1801 5.6078687700445871e+00 7.7587379752875552e-02
1802 5.6286166028023983e+00 7.7874435325186425e-02
1803 5.5479981363392570e+00 7.6759042681552855e-02
1804 5.5285112246292414e+00 7.6489432517504077e-02
1805 5.5275156720124023e+00 7.6475658600511004e-02
1806 5.4563879691449921e+00 7.5491574928153671e-02
1807 5.4399375543801476e+00 7.5263976061313187e-02
1808 5.4321437211225705e+00 7.5156144882396095e-02
1809 5.3665093389332785e+00 7.4248063765561145e-02
1810 5.3469845693029319e+00 7.3977929820204028e-02
1811 5.3478319872395685e+00 7.3989654227453072e-02
1812 5.2628105624689567e+00 7.2813344680759534e-02
1813 5.2757375004366214e+00 7.2992194665712204e-02
1814 5.2394026881097382e+00 7.2489486239774317e-02
1815 5.1883928062321560e+00 7.1783741644336180e-02
1816 5.1758474930369349e+00 7.1610171609281917e-02
1817 5.1619419863355951e+00 7.1417782686977585e-02
1818 5.0853787761393709e+00 7.0358496332716750e-02
1819 5.1072145861302038e+00 7.0660604558041171e-02
1820 5.0553274720045565e+00 6.9942723060982634e-02
1821 5.0121212204794032e+00 6.9344945191663190e-02
1822 5.0141650609723811e+00 6.9373222641615301e-02
1823 4.9704989343657084e+00 6.8769082194273468e-02
1824 4.9247278086255912e+00 6.8135818139756929e-02
1825 4.9331169403927815e+00 6.8251885540566090e-02
1826 4.8790914215165628e+00 6.7504418254636364e-02
1827 4.8424964885144322e+00 6.6998110942483480e-02
1828 4.8534394467809729e+00 6.7149511678388937e-02
1829 4.7828288518365625e+00 6.6172582426086743e-02
1830 4.7736743996370885e+00 6.6045926473824776e-02
1831 4.7574920723486649e+00 6.5822036717466906e-02
1832 4.7076429732930967e+00 6.5132352073021788e-02
1833 4.6845762554726624e+00 6.4813213685770935e-02
1834 4.6847764885155243e+00 6.4815983999730237e-02
1835 4.6098349600040969e+00 6.3779134338957794e-02
1836 4.6227961824980017e+00 6.3958458665708776e-02
1837 4.5848177361411562e+00 6.3433009825740766e-02
1838 4.5410261915593058e+00 6.2827134164458134e-02
1839 4.5366362688083264e+00 6.2766397614169106e-02
1840 4.5072611038827057e+00 6.2359979031665555e-02
1841 4.4560734628009095e+00 6.1651775057906082e-02
1842 4.4661705702807781e+00 6.1791473068785165e-02
1843 4.4174837429710418e+00 6.1117868975261926e-02
1844 4.3832067612001229e+00 6.0643631558072592e-02
1845 4.3895034479103945e+00 6.0730749042986712e-02
1846 4.3302262101776803e+00 5.9910621871103367e-02
1847 4.3166088013624027e+00 5.9722218912274375e-02
1848 4.3035324129184973e+00 5.9541301212949302e-02
1849 4.2569060903147484e+00 5.8896205126239630e-02
1850 4.2369152008692055e+00 5.8619622204168727e-02
1851 4.2337155910198021e+00 5.8575354166768713e-02
1852 4.1670280528439383e+00 5.7652702164483365e-02
1853 4.1799527257955402e+00 5.7831520811922874e-02
1854 4.1394281787106628e+00 5.7270845526370025e-02
1855 4.1051109725514934e+00 5.6796051586727243e-02
1856 4.0981282684561284e+00 5.6699442743588291e-02
1857 4.0687852882049134e+00 5.6293469450491053e-02
1858 4.0248711753011372e+00 5.5685898001498528e-02
1859 4.0351937145499752e+00 5.5828714962015094e-02
1860 3.9812090424830826e+00 5.5081812810013571e-02
1861 3.9633526327401980e+00 5.4834761372015477e-02
1862 3.9574056403147435e+00 5.4752482064381547e-02
1863 3.9057185001010364e+00 5.4037367296089787e-02
1864 3.8982607177669610e+00 5.3934185532429582e-02
1865 3.8795841545170746e+00 5.3675786902795453e-02
1866 3.8356037886113885e+00 5.3067298813804786e-02
1867 3.8285122160074239e+00 5.2969183726018144e-02
1868 3.8087006097117242e+00 5.2695081266739892e-02
1869 3.7586835885243608e+00 5.2003073344282620e-02
1870 3.7716699630497041e+00 5.2182745660670091e-02
1871 3.7217848119634858e+00 5.1492562220210369e-02
1872 3.7039343556433568e+00 5.1245593150486407e-02
1873 3.6930053083670855e+00 5.1094384879370881e-02
1874 3.6569689000407810e+00 5.0595805006625319e-02
1875 3.6318663924548371e+00 5.0248500554847891e-02
1876 3.6317974573266314e+00 5.0247546806429427e-02
1877 3.5764503080429568e+00 4.9481794171016488e-02
1878 3.5790898253210157e+00 4.9518313076471435e-02
1879 3.5520008424499774e+00 4.9143524848123205e-02
1880 3.5147624554497678e+00 4.8628315061295967e-02
1881 3.5138527527128565e+00 4.8615728915898271e-02
1882 3.4807855948699742e+00 4.8158229955400381e-02
1883 3.4516023229275516e+00 4.7754466298389878e-02
1884 3.4493604929041659e+00 4.7723449574479555e-02
1885 3.4108919915938554e+00 4.7191220604424086e-02
1886 3.3890236774996438e+00 4.6888662670250235e-02
1887 3.3876595702002614e+00 4.6869789633914895e-02
1888 3.3360290378675708e+00 4.6155458061047552e-02
1889 3.3391569969391086e+00 4.6198734777797998e-02
1890 3.3101654249324661e+00 4.5797623375382936e-02
1891 3.2809771970809067e+00 4.5393791151146633e-02
1892 3.2719692464397032e+00 4.5269162113654254e-02
1893 3.2494321535427448e+00 4.4957351324774429e-02
1894 3.2127270009628841e+00 4.4449519075326432e-02
1895 3.2204843243487780e+00 4.4556845123792869e-02
1896 3.1723406851944334e+00 4.3890756282037778e-02
1897 3.1652318156353325e+00 4.3792401883118559e-02
1898 3.1494590349754894e+00 4.3574178388062643e-02
1899 3.1137709317851985e+00 4.3080417473100485e-02
1900 3.1061630543116787e+00 4.2975159075863308e-02
1901 3.0868079620930358e+00 4.2707372693603182e-02
1902 3.0518309780451567e+00 4.2223450430937344e-02
1903 3.0517294103957191e+00 4.2222045196950837e-02
1904 3.0203214144263404e+00 4.1787501485163234e-02
1905 2.9955237549137479e+00 4.1444414743215321e-02
1906 2.9958570908401665e+00 4.1449026595269792e-02
1907 2.9521766146399542e+00 4.0844687614865052e-02
1908 2.9486612157418177e+00 4.0796050494333720e-02
1909 2.9279615206912935e+00 4.0509660928794551e-02
1910 2.8990938077687378e+00 4.0110263172362833e-02
1911 2.8897312520051464e+00 3.9980728013949800e-02
1912 2.8717343672508613e+00 3.9731733041161170e-02
1913 2.8369238604795672e+00 3.9250114066287589e-02
1914 2.8434083570892015e+00 3.9339829985398499e-02
1915 2.8012529012657956e+00 3.8756590345930229e-02
1916 2.7938983178716432e+00 3.8654836385892087e-02
1917 2.7787571022366566e+00 3.8445350876233388e-02
1918 2.7483731185556439e+00 3.8024974833759564e-02
1919 2.7396030408720518e+00 3.7903636875329827e-02
1920 2.7227299013212591e+00 3.7670189421469345e-02
1921 2.6911244154765277e+00 3.7232913348675331e-02
1922 2.6914961110045694e+00 3.7238055923023837e-02
1923 2.6606578899288813e+00 3.6811395302453802e-02
1924 2.6423195426692612e+00 3.6557676042746345e-02
1925 2.6383114733025392e+00 3.6502222605302725e-02
1926 2.6010288274470112e+00 3.5986400477360556e-02
1927 2.5986062040667517e+00 3.5952882396265928e-02
1928 2.5771105810622168e+00 3.5655480810482344e-02
1929 2.5530733923892241e+00 3.5322915523697256e-02
1930 2.5455733329018631e+00 3.5219148836658609e-02
1931 2.5248244003596971e+00 3.4932078048337888e-02
1932 2.4990982767901180e+00 3.4576145589713961e-02
1933 2.5014022312266575e+00 3.4608021832745174e-02
1934 2.4620935351431892e+00 3.4064168391147225e-02
1935 2.4612654798968858e+00 3.4052711875403756e-02
1936 2.4402341174894353e+00 3.3761733543217459e-02
1937 2.4174547604477481e+00 3.3446570921231621e-02
1938 2.4101416205692221e+00 3.3345390350820986e-02
1939 2.3898550713570939e+00 3.3064716843265944e-02
1940 2.3669454718294816e+00 3.2747752258069168e-02
1941 2.3657671813019996e+00 3.2731450080118199e-02
1942 2.3329947070243233e+00 3.2278028198920505e-02
1943 2.3264654982099819e+00 3.2187693666402527e-02
1944 2.3124296109058626e+00 3.1993500869978618e-02
1945 2.2845119831578300e+00 3.1607247968081842e-02
1946 2.2838755686536252e+00 3.1598442887962680e-02
1947 2.2576917962102740e+00 3.1236178651899076e-02
1948 2.2430228267320942e+00 3.1033226879638214e-02
1949 2.2345639747372772e+00 3.0916194868207958e-02
1950 2.2101161638083240e+00 3.0577948438333655e-02
1951 2.1979574388472520e+00 3.0409727024896770e-02
1952 2.1895251122866384e+00 3.0293062004746272e-02
1953 2.1585071286106801e+00 2.9863914287971877e-02
1954 2.1621112591586917e+00 2.9913779050678387e-02
1955 2.1328488979333060e+00 2.9508921157963868e-02
1956 2.1227924581812077e+00 2.9369785803339338e-02
1957 2.1118376392296261e+00 2.9218220969536426e-02
1958 2.0896176447940467e+00 2.8910797380099190e-02
1959 2.0789700604576575e+00 2.8763483275002607e-02
1960 2.0684048445691707e+00 2.8617308774327794e-02
1961 2.0419482355728831e+00 2.8251269722177865e-02
1962 2.0425553234674259e+00 2.8259669055498371e-02
1963 2.0168483388882734e+00 2.7904001393391480e-02
1964 2.0052436839146512e+00 2.7743445786750143e-02
1965 1.9976791470154813e+00 2.7638787025798809e-02
1966 1.9718877639634025e+00 2.7281951672963402e-02
1967 1.9683737982055687e+00 2.7233334380570969e-02
1968 1.9504142439920584e+00 2.6984855892557974e-02
1969 1.9329978514057597e+00 2.6743892289283859e-02
1970 1.9272459663449724e+00 2.6664312379552368e-02
1971 1.9071159715415498e+00 2.6385804872461730e-02
1972 1.8932787313320616e+00 2.6194360447691998e-02
1973 1.8886188486229896e+00 2.6129888880296572e-02
1974 1.8605299748219004e+00 2.5741266712446101e-02
1975 1.8623253349690727e+00 2.5766106325362137e-02
1976 1.8391234409226893e+00 2.5445097714394155e-02
1977 1.8281879240205690e+00 2.5293799933103159e-02
1978 1.8192234675624048e+00 2.5169772657141751e-02
1979 1.8006366523669235e+00 2.4912615732095363e-02
1980 1.7896038918364721e+00 2.4759972541589344e-02
1981 1.7818543997138663e+00 2.4652754842163088e-02
1982 1.7579729912913231e+00 2.4322344845015696e-02
1983 1.7585547851351599e+00 2.4330394223799446e-02
1984 1.7361020935874840e+00 2.4019751165443810e-02
1985 1.7264417489192456e+00 2.3886095963966562e-02
1986 1.7187311741377804e+00 2.3779416703410734e-02
1987 1.6975476314614522e+00 2.3486332888946498e-02
1988 1.6935315900136427e+00 2.3430769154185280e-02
1989 1.6781412026836804e+00 2.3217836242364637e-02
1990 1.6631641062687024e+00 2.3010621395727793e-02
1991 1.6581961954660707e+00 2.2941888121496924e-02
1992 1.6397602599366052e+00 2.2686818684304517e-02
1993 1.6297040572092001e+00 2.2547686609022930e-02
1994 1.6232084233183186e+00 2.2457816600630516e-02
1995 1.6007055132493830e+00 2.2146478746508543e-02
1996 1.6018815521194922e+00 2.2162749771769817e-02
1997 1.5804857827448255e+00 2.1866729705743198e-02
1998 1.5732465077396673e+00 2.1766571088986508e-02
1999 1.5636474121133235e+00 2.1633763295476144e-02
2000 1.5478208531572717e+00 2.1414795753570789e-02
