# step 8
# iter abs_residual rel_residual
0 7.2278104865846402e+01 1.0000000000000000e+00
1 1.1546600861374693e+03 1.5975240195915559e+01
2 1.1527745212176042e+03 1.5949152559509416e+01
3 1.1585072720811572e+03 1.6028467739039836e+01
4 1.2484330970662118e+03 1.7272631862489995e+01
5 1.4402468346342976e+03 1.9926460956710251e+01
6 1.2677694538270468e+03 1.7540159031287860e+01
7 1.4124522130195019e+03 1.9541909899839229e+01
8 1.3004236603879076e+03 1.7991944625576330e+01
9 1.3783981910461684e+03 1.9070757231454522e+01
10 1.3232324643113413e+03 1.8307514658379052e+01
11 1.3547601259470778e+03 1.8743713998334826e+01
12 1.3364428175034311e+03 1.8490285820082992e+01
13 1.3388396176553331e+03 1.8523446625230697e+01
14 1.3429152194676080e+03 1.8579834404349143e+01
15 1.3277325809240544e+03 1.8369775790170841e+01
16 1.3450051727494565e+03 1.8608749845418433e+01
17 1.3195692023761530e+03 1.8256831786408522e+01
18 1.3443069584353746e+03 1.8599089737210313e+01
19 1.3132163294697646e+03 1.8168936940269710e+01
20 1.3418458874598525e+03 1.8565039716390178e+01
21 1.3079856800742357e+03 1.8096568559758939e+01
22 1.3382737217512179e+03 1.8515617201573761e+01
23 1.3034526903345507e+03 1.8033852613510785e+01
24 1.3340055733957781e+03 1.8456565454666983e+01
25 1.2993510853111720e+03 1.7977105068303402e+01
26 1.3293075319972784e+03 1.8391565944687859e+01
27 1.2955114809386175e+03 1.7923982419616344e+01
28 1.3243513570126449e+03 1.8322995040762908e+01
29 1.2918249965162981e+03 1.7872978254120284e+01
30 1.3192485335202102e+03 1.8252395188955695e+01
31 1.2882212246139864e+03 1.7823118453437896e+01
32 1.3140716232937432e+03 1.8180770313952738e+01
33 1.2846546044813490e+03 1.7773772664152784e+01
34 1.3088677968927582e+03 1.8108773041602504e+01
35 1.2810958289430794e+03 1.7724535408349315e+01
36 1.3036675101297728e+03 1.8036824741731646e+01
37 1.2775263299657961e+03 1.7675149788957263e+01
38 1.2984901357302456e+03 1.7965193444686200e+01
39 1.2739346838620463e+03 1.7625457754136814e+01
40 1.2933476589212512e+03 1.7894044971458531e+01
41 1.2703142383687375e+03 1.7575367266844314e+01
42 1.2882471280015391e+03 1.7823476838423236e+01
43 1.2666615286057688e+03 1.7524830388909447e+01
44 1.2831922934637018e+03 1.7753540935327557e+01
45 1.2629752087398922e+03 1.7473828500125581e+01
46 1.2781847130489493e+03 1.7684258814219827e+01
47 1.2592553284049609e+03 1.7422362287199331e+01
48 1.2732245007417453e+03 1.7615632052126237e+01
49 1.2555028382783410e+03 1.7370444903178473e+01
50 1.2683108376859768e+03 1.7547649319805178e+01
51 1.2517192522232922e+03 1.7318097293040225e+01
52 1.2634423194692074e+03 1.7480291186580658e+01
53 1.2479064168627499e+03 1.7265345005641169e+01
54 1.2586171941787645e+03 1.7413533413955065e+01
55 1.2440663539091424e+03 1.7212216012279558e+01
56 1.2538335239661797e+03 1.7347349190925648e+01
57 1.2402011533676346e+03 1.7158739229114282e+01
58 1.2490892942248861e+03 1.7281710644506934e+01
59 1.2363129023457152e+03 1.7104943532213593e+01
60 1.2443824862357724e+03 1.7216589844814550e+01
61 1.2324036388437628e+03 1.7050857118226837e+01
62 1.2397111252413929e+03 1.7151959470193496e+01
63 1.2284753213144293e+03 1.6996507083224884e+01
64 1.2350733099348126e+03 1.7087793215209523e+01
65 1.2245298121544313e+03 1.6941919194301658e+01
66 1.2304672309104715e+03 1.7024066045925128e+01
67 1.2205688672035351e+03 1.6887117744287881e+01
68 1.2258911806677052e+03 1.6960754338302745e+01
69 1.2165941326642201e+03 1.6832125509133235e+01
70 1.2213435565443672e+03 1.6897835918792733e+01
71 1.2126071450134627e+03 1.6776963746685844e+01
72 1.2168228618978351e+03 1.6835290080673115e+01
73 1.2086093333596841e+03 1.6721652229301721e+01
74 1.2123277032838528e+03 1.6773097545017599e+01
75 1.2046020237667981e+03 1.6666209303669902e+01
76 1.2078567863335572e+03 1.6711240403652397e+01
77 1.2005864443565358e+03 1.6610651961405388e+01
78 1.2034089109101690e+03 1.6649702052146864e+01
79 1.1965637310967509e+03 1.6554995919132953e+01
80 1.1989829658859890e+03 1.6588467117550902e+01
81 1.1925349333545100e+03 1.6499255695316645e+01
82 1.1945779226431689e+03 1.6527521368475217e+01
83 1.1885010204049722e+03 1.6443444700313041e+01
84 1.1901928302487593e+03 1.6466851648335918e+01
85 1.1844628864411666e+03 1.6387575305683772e+01
86 1.1858268092570747e+03 1.6406445789607496e+01
87 1.1804213570168458e+03 1.6331658933335298e+01
88 1.1814790463301522e+03 1.6346292539394415e+01
89 1.1763771933523180e+03 1.6275706115092014e+01
90 1.1771487897181833e+03 1.6286381496900894e+01
91 1.1723310979354567e+03 1.6219726570188737e+01
92 1.1728353439170576e+03 1.6226703039515606e+01
93 1.1682837191229764e+03 1.6163729268931426e+01
94 1.1685380650382585e+03 1.6167248258752121e+01
95 1.1642356550318550e+03 1.6107722486536744e+01
96 1.1642563576319455e+03 1.6108008916294814e+01
97 1.1601874578349423e+03 1.6051713862563737e+01
98 1.1599896696503095e+03 1.6048977374314635e+01
99 1.1561396376451296e+03 1.5995710454653061e+01
100 1.1557374897054390e+03 1.5990146557530453e+01
101 1.1520926651050531e+03 1.5939718774356685e+01
102 1.1514993435987824e+03 1.5931509905192614e+01
103 1.1480469756784621e+03 1.5883744846510899e+01
104 1.1472747910265819e+03 1.5873061325501133e+01
105 1.1440029715528515e+03 1.5827794235560091e+01
106 1.1430634233289527e+03 1.5814795164463213e+01
107 1.1399610245723063e+03 1.5771872086133964e+01
108 1.1388648605586491e+03 1.5756706165338285e+01
109 1.1359214789444309e+03 1.5715983160499110e+01
110 1.1346787494226032e+03 1.5698789440158293e+01
111 1.1318846530402714e+03 1.5660131863461755e+01
112 1.1305047609336661e+03 1.5641040437238470e+01
113 1.1278508414169260e+03 1.5604322270351471e+01
114 1.1263425889435373e+03 1.5583454920879758e+01
115 1.1238203171283608e+03 1.5548558158992350e+01
116 1.1221919476106898e+03 1.5526028936336425e+01
117 1.1197933329737148e+03 1.5492843026973873e+01
118 1.1180525705923380e+03 1.5468758798636568e+01
119 1.1157701230422490e+03 1.5437180113025962e+01
120 1.1139242088676449e+03 1.5411641062465209e+01
121 1.1117509047696367e+03 1.5381572425468681e+01
122 1.1098066298866611e+03 1.5354672510389497e+01
123 1.1077358792262310e+03 1.5326022746200556e+01
124 1.1056996160753358e+03 1.5297850132174847e+01
125 1.1037252332627008e+03 1.5270533660384398e+01
126 1.1016029635330344e+03 1.5241171106764522e+01
127 1.0997191401755656e+03 1.5215107565655284e+01
128 1.0975164815433718e+03 1.5184632795511794e+01
129 1.0957177605423826e+03 1.5159746683675744e+01
130 1.0934399909868162e+03 1.5128232720217596e+01
131 1.0917212434669518e+03 1.5104453077363727e+01
132 1.0893733238512930e+03 1.5071968556359520e+01
133 1.0877297275775506e+03 1.5049228664703630e+01
134 1.0853163221768530e+03 1.5015838118490816e+01
135 1.0837433411671748e+03 1.4994075220686595e+01
136 1.0812688376700437e+03 1.4959839354905057e+01
137 1.0797622035141585e+03 1.4938994395581876e+01
138 1.0772307304170781e+03 1.4903970329832241e+01
139 1.0757864254723256e+03 1.4883987723101846e+01
140 1.0732018690390742e+03 1.4848229225586607e+01
141 1.0718161096221056e+03 1.4829056622492757e+01
142 1.0691821292846321e+03 1.4792614323094311e+01
143 1.0678513515702755e+03 1.4774202416517255e+01
144 1.0651713940623708e+03 1.4737124002343574e+01
145 1.0638922397487922e+03 1.4719426328671128e+01
146 1.0611695529636788e+03 1.4681756735781732e+01
147 1.0599388563580105e+03 1.4664729496233150e+01
148 1.0571765012100079e+03 1.4626511073750578e+01
149 1.0559912776354890e+03 1.4610112973984144e+01
150 1.0531921400326532e+03 1.4571385649740776e+01
151 1.0520495743118786e+03 1.4555577740514389e+01
152 1.0492163758016177e+03 1.4516379168339322e+01
153 1.0481138117913606e+03 1.4501124700720068e+01
154 1.0452491196660756e+03 1.4461490400255189e+01
155 1.0441840510119214e+03 1.4446754697705558e+01
156 1.0412902872588400e+03 1.4406718178230504e+01
157 1.0402603481842716e+03 1.4392468509171250e+01
158 1.0373397988396121e+03 1.4352061399022467e+01
159 1.0363427553354006e+03 1.4338266854933879e+01
160 1.0333975781026945e+03 1.4297519006907530e+01
161 1.0324313207362547e+03 1.4284150402843640e+01
162 1.0294635529042632e+03 1.4243090003743527e+01
163 1.0285260887848658e+03 1.4230119767167215e+01
164 1.0255376543607915e+03 1.4188773436495969e+01
165 1.0246271007434500e+03 1.4176175518785875e+01
166 1.0216198166708390e+03 1.4134568394772417e+01
167 1.0207343943746347e+03 1.4122318180162505e+01
168 1.0177099774287027e+03 1.4080474015161977e+01
169 1.0168480047089191e+03 1.4068548235959776e+01
170 1.0138080767373147e+03 1.4026489468961849e+01
171 1.0129679638449368e+03 1.4014866130276680e+01
172 1.0099140573905931e+03 1.3972613964700232e+01
173 1.0090943013404999e+03 1.3961272272058805e+01
174 1.0060278648025350e+03 1.3918846747155287e+01
175 1.0052270441555563e+03 1.3907767034309122e+01
176 1.0021494466796964e+03 1.3865187092823771e+01
177 1.0013662172154924e+03 1.3854350761881532e+01
178 9.9827875258423535e+02 1.3811634303875508e+01
179 9.9751184302693093e+02 1.3801023766165258e+01
180 9.9441573467219428e+02 1.3758187718367889e+01
181 9.9366394213107435e+02 1.3747786331357046e+01
182 9.9056034660973432e+02 1.3704846695251470e+01
183 9.8982253330690151e+02 1.3694638717272493e+01
184 9.8671254400453711e+02 1.3651610620338618e+01
185 9.8598763320211356e+02 1.3641581154240011e+01
186 9.8287228418025097e+02 1.3598478903182864e+01
187 9.8215925727232025e+02 1.3588613856094895e+01
188 9.7903952593258191e+02 1.3545450973704318e+01
189 9.7833741900896860e+02 1.3535737009497364e+01
190 9.7521422962331485e+02 1.3492526283490495e+01
191 9.7452213053163462e+02 1.3482950782127187e+01
192 9.7139635705747912e+02 1.3439704304096846e+01
193 9.7071340264627088e+02 1.3430255323489568e+01
194 9.6758587122217091e+02 1.3386984523433245e+01
195 9.6691124481860629e+02 1.3377650764547109e+01
196 9.6378273646046352e+02 1.3334366448170117e+01
197 9.6311566502259961e+02 1.3325137215623108e+01
198 9.5998691833284863e+02 1.3281849601821417e+01
199 9.5932667049499275e+02 1.3272714776841136e+01
200 9.5619838332430186e+02 1.3229433520691749e+01
201 9.5554426703428601e+02 1.3220383528426042e+01
202 9.5241709909062263e+02 1.3177117757284593e+01
203 9.5176845945133027e+02 1.3168143536938111e+01
204 9.4864303432141116e+02 1.3124901878406524e+01
205 9.4799925168120444e+02 1.3115994856820919e+01
206 9.4487615845586924e+02 1.3072785461235190e+01
207 9.4423664670828521e+02 1.3063937529364660e+01
208 9.4111644193147708e+02 1.3020768096759870e+01
209 9.4048064648302170e+02 1.3011971581554670e+01
210 9.3736385591333749e+02 1.2968849386036826e+01
211 9.3673125252492650e+02 1.2960097034414089e+01
212 9.3361837237628970e+02 1.2917028941325393e+01
213 9.3298846505334939e+02 1.2908313890977720e+01
214 9.2987996415289888e+02 1.2865306386751922e+01
215 9.2925228388286905e+02 1.2856622148680174e+01
216 9.2614860447981084e+02 1.2813681352033404e+01
217 9.2552270815967984e+02 1.2805021795708667e+01
218 9.2242426760239584e+02 1.2762153480842983e+01
219 9.2179973606354361e+02 1.2753512806879389e+01
220 9.1870692806514978e+02 1.2710722420992346e+01
221 9.1808336550750550e+02 1.2702095153318384e+01
222 9.1499656116692881e+02 1.2659387830730084e+01
223 9.1437359359183063e+02 1.2650768794906519e+01
224 9.1129314270456621e+02 1.2608149375194532e+01
225 9.1067041698910327e+02 1.2599533685607502e+01
226 9.0759664896075799e+02 1.2557006726246152e+01
227 9.0697383169884642e+02 1.2548389770072944e+01
228 9.0390705672522222e+02 1.2505959562760282e+01
229 9.0328383340689243e+02 1.2497336988614396e+01
230 9.0022434340328016e+02 1.2455007572129405e+01
231 8.9960041708199617e+02 1.2446375271622328e+01
232 8.9654848648801442e+02 1.2404150442960228e+01
233 8.9592357757042794e+02 1.2395504547792578e+01
234 8.9287946419363004e+02 1.2353387873836503e+01
235 8.9225330891519377e+02 1.2344724734707460e+01
236 8.8921725518998801e+02 1.2302719569646190e+01
237 8.8858960492037090e+02 1.2294035746643607e+01
238 8.8556183822489197e+02 1.2252145236355620e+01
239 8.8493245909420921e+02 1.2243437493784741e+01
240 8.8191319253651022e+02 1.2201664586715541e+01
241 8.8128186447234214e+02 1.2192929879775729e+01
242 8.7827129783240093e+02 1.2151277339970916e+01
243 8.7763781374624909e+02 1.2142512803499910e+01
244 8.7463613380994661e+02 1.2100983215225925e+01
245 8.7400029932614882e+02 1.2092186159949255e+01
246 8.7100768086096207e+02 1.2050781941192534e+01
247 8.7036931317637686e+02 1.2041949837946744e+01
248 8.6738591940281901e+02 1.2000673246936296e+01
249 8.6674484725032062e+02 1.1991803726163880e+01
250 8.6377083001906624e+02 1.1950656863821898e+01
251 8.6312689283083000e+02 1.1941747703994984e+01
252 8.6016239401639268e+02 1.1900732533218999e+01
253 8.5951544118109234e+02 1.1891781650562333e+01
254 8.5656059241339085e+02 1.1850899992511311e+01
255 8.5591048331260561e+02 1.1841905441505970e+01
256 8.5296540675296512e+02 1.1801158986336638e+01
257 8.5231200980630695e+02 1.1792118946508934e+01
258 8.4937681873203803e+02 1.1751509261463694e+01
259 8.4872001123428572e+02 1.1742422035131854e+01
260 8.4579481023391247e+02 1.1701950567239848e+01
261 8.4513447784188509e+02 1.1692814572414678e+01
262 8.4221936322869249e+02 1.1652482654213403e+01
263 8.4155539962047044e+02 1.1643296419883457e+01
264 8.3865046014683753e+02 1.1603105279301884e+01
265 8.3798276641901828e+02 1.1593867437094225e+01
266 8.3508808331810712e+02 1.1553818198029589e+01
267 8.3441656792411709e+02 1.1544527481356312e+01
268 8.3153221536808883e+02 1.1504621170013730e+01
269 8.3085679340961281e+02 1.1495276404268560e+01
270 8.2798283914349247e+02 1.1455513957930840e+01
271 8.2730343237744717e+02 1.1446114060585630e+01
272 8.2443993739987957e+02 1.1406496323196382e+01
273 8.2375647377222060e+02 1.1397040297351108e+01
274 8.2090349337120153e+02 1.1357568033844553e+01
275 8.2021590649469863e+02 1.1348054961002104e+01
276 8.1737349013461835e+02 1.1308728855740268e+01
277 8.1668171944360120e+02 1.1299157897947433e+01
278 8.1384991106383347e+02 1.1259978558851261e+01
279 8.1315390119842709e+02 1.1250348950179337e+01
280 8.1033273951038700e+02 1.1211316912838619e+01
281 8.0963244025435563e+02 1.1201627958523460e+01
282 8.0682195906184609e+02 1.1162743690628972e+01
283 8.0611732501036261e+02 1.1152994762474432e+01
284 8.0331755331955799e+02 1.1114258665339605e+01
285 8.0260854365374655e+02 1.1104449198598225e+01
286 7.9981950615311757e+02 1.1065861613799127e+01
287 7.9910608423076053e+02 1.1055991101509392e+01
288 7.9632780127275157e+02 1.1017552310631219e+01
289 7.9560993485272229e+02 1.1007620306722682e+01
290 7.9284242268551679e+02 1.0969330534566339e+01
291 7.9212008323961311e+02 1.0959336644338524e+01
292 7.8936335448901605e+02 1.0921196065587688e+01
293 7.8863651723974442e+02 1.0911139946232861e+01
294 7.8589058052263681e+02 1.0873148680105944e+01
295 7.8515922454872691e+02 1.0863030042168946e+01
296 7.8242408522122491e+02 1.0825188162770218e+01
297 7.8168819265293700e+02 1.0815006759015183e+01
298 7.7896385265691424e+02 1.0777314293211337e+01
299 7.7822340903304155e+02 1.0767069923560983e+01
300 7.7550986720954700e+02 1.0729526855317411e+01
301 7.7476486104812716e+02 1.0719219360913641e+01
302 7.7206211320995885e+02 1.0681825632298525e+01
303 7.7131253598763817e+02 1.0671454895216916e+01
304 7.6862057518712095e+02 1.0634210410106055e+01
305 7.6786642094195679e+02 1.0623776347860456e+01
306 7.6518523750120733e+02 1.0586680972355994e+01
307 7.6442650311654904e+02 1.0576183541826147e+01
308 7.6175608487694160e+02 1.0539237107708042e+01
309 7.6099276934675174e+02 1.0528676294974966e+01
310 7.5833310178234478e+02 1.0491878601270303e+01
311 7.5756520684446707e+02 1.0481254430377845e+01
312 7.5491627275324822e+02 1.0444605239089066e+01
313 7.5414380217732719e+02 1.0433917762191950e+01
314 7.5150558279933728e+02 1.0397416813766606e+01
315 7.5072854235985335e+02 1.0386666110757359e+01
316 7.4810101621280103e+02 1.0350313107978312e+01
317 7.4731941401693723e+02 1.0339499291023447e+01
318 7.4470255811380719e+02 1.0303293915855031e+01
319 7.4391640374388703e+02 1.0292417117530292e+01
320 7.4131019305209782e+02 1.0256359023635516e+01
321 7.4051949826643340e+02 1.0245419406622425e+01
322 7.3792390604510456e+02 1.0209508224029211e+01
323 7.3712868386942353e+02 1.0198505968544552e+01
324 7.3454368180292317e+02 1.0162741305493434e+01
325 7.3374394726851710e+02 1.0151676619501869e+01
326 7.3116950527657787e+02 1.0116058059818855e+01
327 7.3036527465597646e+02 1.0104931168458130e+01
328 7.2780136136155022e+02 1.0069458278027685e+01
329 7.2699265252839950e+02 1.0058269428587710e+01
330 7.2443923489443375e+02 1.0022941750327398e+01
331 7.2362606703656786e+02 1.0011691208280464e+01
332 7.2108311097132389e+02 9.9765082705157866e+00
333 7.2026550458751285e+02 9.9651963194715716e+00
334 7.1773297436944893e+02 9.9301576279789749e+00
335 7.1691095113169160e+02 9.9187845677793050e+00
336 7.1438881029766583e+02 9.8838896180748677e+00
337 7.1356239292374903e+02 9.8724557630305121e+00
338 7.1105060356936713e+02 9.8377040306899382e+00
339 7.1021981597389720e+02 9.8262097116702023e+00
340 7.0771833938692532e+02 9.7916006610923709e+00
341 7.0688320629430882e+02 9.7800462201705098e+00
342 7.0439200252729040e+02 9.7455792986644418e+00
343 7.0355254992890525e+02 9.7339650954428265e+00
344 7.0107157832369160e+02 9.6996397404848000e+00
345 7.0022783261124619e+02 9.6879661401045549e+00
346 6.9775705161294036e+02 9.6537817767639300e+00
347 6.9690904045641378e+02 9.6420491620516255e+00
348 6.9444840747009380e+02 9.6080052010085524e+00
349 6.9359615906132888e+02 9.5962139620109781e+00
350 6.9114563108594223e+02 9.5623098083266083e+00
351 6.9028917440069779e+02 9.5504603459363864e+00
352 6.8784870736081587e+02 9.5166953898073938e+00
353 6.8698807203398405e+02 9.5047881140365487e+00
354 6.8455762145557367e+02 9.4711617401447388e+00
355 6.8369283784520121e+02 9.4591970710104611e+00
356 6.8127235837658236e+02 9.4257086518949968e+00
357 6.8040345729537057e+02 9.4136870157048325e+00
358 6.7799290332574185e+02 9.3803359203198209e+00
359 6.7711991612027066e+02 9.3682577507677625e+00
360 6.7471924113825514e+02 9.3350433356074394e+00
361 6.7384219985941183e+02 9.3229090761318893e+00
362 6.7145135713609750e+02 9.2898306946807985e+00
363 6.7057029403962508e+02 9.2776407915544272e+00
364 6.6818923610328341e+02 9.2446977870199127e+00
365 6.6730418422689058e+02 9.2324526973342387e+00
366 6.6493286331412105e+02 9.1996444088882310e+00
367 6.6404385568621433e+02 9.1873445896060737e+00
368 6.6168222374592892e+02 9.1546703524402151e+00
369 6.6078929408114561e+02 9.1423162700187035e+00
370 6.5843730240244054e+02 9.1097754101957946e+00
371 6.5754048451977440e+02 9.0973675325358769e+00
372 6.5519808441151213e+02 9.0649593763921867e+00
373 6.5429741253369218e+02 9.0524981769806683e+00
374 6.5196455475736241e+02 9.0202220432793254e+00
375 6.5106006326755460e+02 9.0077079978227292e+00
376 6.4873669848801489e+02 8.9755632039899087e+00
377 6.4782842214731897e+02 8.9629967934236419e+00
378 6.4551450051195832e+02 8.9309826497261078e+00
379 6.4460247421799170e+02 8.9183643568743580e+00
380 6.4229794603204255e+02 8.8864801757627134e+00
381 6.4138220481180554e+02 8.8738104852397441e+00
382 6.3908701979245495e+02 8.8420555710287161e+00
383 6.3816759899539443e+02 8.8293349719099794e+00
384 6.3588170698034207e+02 8.7977086305816457e+00
385 6.3495864190201883e+02 8.7849376111970532e+00
386 6.3268199237013141e+02 8.7534391437688743e+00
387 6.3175531872177419e+02 8.7406181981992965e+00
388 6.2948786104177884e+02 8.7092469041649014e+00
389 6.2855761424986815e+02 8.6963765225515850e+00
390 6.2629929790444487e+02 8.6651317029811921e+00
391 6.2536551373037673e+02 8.6522123800990922e+00
392 6.2311628782973912e+02 8.6210933309096838e+00
393 6.2217900199899680e+02 8.6081255610368839e+00
394 6.1993881576341039e+02 8.5771315796680536e+00
395 6.1899806409459688e+02 8.5641158583709949e+00
396 6.1676686648738837e+02 8.5332462387074770e+00
397 6.1582268482345660e+02 8.5201830618894867e+00
398 6.1360042501100224e+02 8.4894371006252971e+00
399 6.1265284918058546e+02 8.4763269639915872e+00
400 6.1043947597802310e+02 8.4457039529611997e+00
401 6.0948854185828975e+02 8.4325473528884896e+00
402 6.0728400447017725e+02 8.4020465893141782e+00
403 6.0632974771321312e+02 8.3888440190650648e+00
404 6.0413399502046764e+02 8.3584647956913898e+00
405 6.0317645159926940e+02 8.3452167529684171e+00
406 6.0098943263581896e+02 8.3149583646569116e+00
407 6.0002863802596357e+02 8.3016653402805982e+00
408 5.9785030189003089e+02 8.2715270827823453e+00
409 5.9688629199439129e+02 8.2581895734850423e+00
410 5.9471658764002984e+02 8.2281707405564735e+00
411 5.9374939782367471e+02 8.2147892356297696e+00
412 5.9158827463064858e+02 8.1848891269172164e+00
413 5.9061794040948428e+02 8.1714641177396050e+00
414 5.8846534737114314e+02 8.1416820275431832e+00
415 5.8749190419275772e+02 8.1282140045479458e+00
416 5.8534779073267339e+02 8.0985492331200835e+00
417 5.8437127384055464e+02 8.0850386839166806e+00
418 5.8223558916662546e+02 8.0554905285258727e+00
419 5.8125603374191655e+02 8.0419379398611994e+00
420 5.7912872750035842e+02 8.0125057038402563e+00
421 5.7814616845623334e+02 7.9989115587537345e+00
422 5.7602719012668513e+02 7.9695945431307988e+00
423 5.7504166241576877e+02 7.9559593252076732e+00
424 5.7293096180219106e+02 7.9267568354980256e+00
425 5.7194249998229361e+02 7.9130810228610988e+00
426 5.6984002684741222e+02 7.8839923640095178e+00
427 5.6884866568139796e+02 7.8702764376186103e+00
428 5.6675436994522363e+02 7.8413009167459826e+00
429 5.6576014366019524e+02 7.8275453501484114e+00
430 5.6367397543460788e+02 7.7986822770302178e+00
431 5.6267691846884748e+02 7.7848875466950629e+00
432 5.6059882782511102e+02 7.7561362305448460e+00
433 5.5959897411040333e+02 7.7423028059335692e+00
434 5.5752891157996919e+02 7.7136625623317707e+00
435 5.5652629506242431e+02 7.6997909131040299e+00
436 5.5446421094619632e+02 7.6712610544413637e+00
437 5.5345886535625243e+02 7.6573516472729013e+00
438 5.5140471043225295e+02 7.6289314925412279e+00
439 5.5039666927504618e+02 7.6149847909906301e+00
440 5.4835039423463445e+02 7.5866736579827876e+00
441 5.4733969080386089e+02 7.5726901226832730e+00
442 5.4530124683690531e+02 7.5444873360891993e+00
443 5.4428791409981625e+02 7.5304674231574769e+00
444 5.4225725228305805e+02 7.5023723061019414e+00
445 5.4124132322851517e+02 7.4883164719537092e+00
446 5.3921839500079454e+02 7.4603283525712865e+00
447 5.3819990213933863e+02 7.4462370470044581e+00
448 5.3618465897513931e+02 7.4183552539228632e+00
449 5.3516363495320365e+02 7.4042289286154865e+00
450 5.3315602853068981e+02 7.3764527932804480e+00
451 5.3213250538226976e+02 7.3622918914372164e+00
452 5.3013248771666724e+02 7.3346207499578604e+00
453 5.2910649755355053e+02 7.3204257158597610e+00
454 5.2711402066293442e+02 7.2928589043846364e+00
455 5.2608559507522546e+02 7.2786301750949320e+00
456 5.2410061143607049e+02 7.2511670361147491e+00
457 5.2306978198995830e+02 7.2369050483658244e+00
458 5.2109224398996128e+02 7.2095449231430138e+00
459 5.2005904192611570e+02 7.1952501091635481e+00
460 5.1808890236779143e+02 7.1679923446997318e+00
461 5.1705335874370246e+02 7.1536651341840294e+00
462 5.1509057042554002e+02 7.1265090774251325e+00
463 5.1405271604220616e+02 7.1121498965188232e+00
464 5.1209723220907756e+02 7.0850949005866788e+00
465 5.1105709751049955e+02 7.0707041704961684e+00
466 5.0910887144397907e+02 7.0437495890204014e+00
467 5.0806648679502104e+02 7.0293277298572043e+00
468 5.0612547205762860e+02 7.0024729203544496e+00
469 5.0508086742100062e+02 6.9880203466660991e+00
470 5.0314701773850112e+02 6.9612646689115580e+00
471 5.0210022304924200e+02 6.9467817948627424e+00
472 5.0017349229862799e+02 6.9201246107239198e+00
473 4.9912453696348973e+02 6.9056118431702433e+00
474 4.9720487948378809e+02 6.8790525209070958e+00
475 4.9615379280127655e+02 6.8645102652065280e+00
476 4.9424116285685369e+02 6.8380481720460500e+00
477 4.9318797383228815e+02 6.8234768295001942e+00
478 4.9128232618383527e+02 6.7971113395362570e+00
479 4.9022706351117949e+02 6.7825113071389707e+00
480 4.8832835285513909e+02 6.7562417935765362e+00
481 4.8727104513326697e+02 6.7416134670060686e+00
482 4.8537922662504769e+02 6.7154393094001019e+00
483 4.8431990193454931e+02 6.7007830771640107e+00
484 4.8243493077044013e+02 6.6747036556350734e+00
485 4.8137361725463819e+02 6.6600199071088513e+00
486 4.7949544894135272e+02 6.6340346060723689e+00
487 4.7843217406714496e+02 6.6193237212728677e+00
488 4.7656076444609886e+02 6.5934319297750195e+00
489 4.7549555577814391e+02 6.5786942900716534e+00
490 4.7363086062849470e+02 6.5528953962972496e+00
491 4.7256374523986699e+02 6.5381313762581472e+00
492 4.7070572087824729e+02 6.5124247758282054e+00
493 4.6963672571607918e+02 6.4976347482790295e+00
494 4.6778532834146631e+02 6.4720198351867566e+00
495 4.6671448003223935e+02 6.4572041685168218e+00
496 4.6486966644004258e+02 6.4316803450073250e+00
497 4.6379699120420696e+02 6.4168394019883204e+00
498 4.6195871815811631e+02 6.3914060698678590e+00
499 4.6088424215464681e+02 6.3765402124209345e+00
500 4.5905246676170884e+02 6.3511967782462575e+00
501 4.5797621573741941e+02 6.3363063625901335e+00
502 4.5615089517981005e+02 6.3110522339574402e+00
503 4.5507289478208111e+02 6.2961376149351267e+00
504 4.5325398660033215e+02 6.2709722043986300e+00
505 4.5217426198715538e+02 6.2560337300822262e+00
506 4.5036172385003863e+02 6.2309564519703979e+00
507 4.4928030019221723e+02 6.2159944706092567e+00
508 4.4747408998369946e+02 6.1910047422278849e+00
509 4.4639099185379200e+02 6.1760195937943756e+00
510 4.4459106782807481e+02 6.1511168375716165e+00
511 4.4350631979906802e+02 6.1361088620440327e+00
512 4.4171264019140028e+02 6.1112925001458214e+00
513 4.4062626640849231e+02 6.0962620315838079e+00
514 4.3883878989427217e+02 6.0715314922657413e+00
515 4.3775081434653094e+02 6.0564788625688148e+00
516 4.3596949957352223e+02 6.0318335737041586e+00
517 4.3487994591745934e+02 6.0167591101707663e+00
518 4.3310475206455976e+02 5.9921985069812598e+00
519 4.3201364359209958e+02 5.9771025318656239e+00
520 4.3024452981021761e+02 5.9526260491857643e+00
521 4.2915188970290404e+02 5.9375088832149405e+00
522 4.2738881550325249e+02 5.9131159608641966e+00
523 4.2629466656216181e+02 5.8979779195013036e+00
524 4.2453759150004964e+02 5.8736679979092337e+00
525 4.2344195642650135e+02 5.8585093952372089e+00
526 4.2169084042020427e+02 5.8342819198551785e+00
527 4.2059374137976749e+02 5.8191030625446132e+00
528 4.1884854450752397e+02 5.7949574810371463e+00
529 4.1775000370054050e+02 5.7797586762397257e+00
530 4.1601068621656168e+02 5.7556944387060067e+00
531 4.1491072525687940e+02 5.7404759854590113e+00
532 4.1317724778804563e+02 5.7164925471542682e+00
533 4.1207588825627221e+02 5.7012547440350856e+00
534 4.1034821139267734e+02 5.6773515597055910e+00
535 4.0924547452869649e+02 5.6620947005775379e+00
536 4.0752355924121491e+02 5.6382712302378328e+00
537 4.0641946609089922e+02 5.6229956062799973e+00
538 4.0470327336868036e+02 5.5992513101974666e+00
539 4.0359784463661543e+02 5.5839572078670763e+00
540 4.0188733594856132e+02 5.5602915529466967e+00
541 4.0078059203970821e+02 5.5449792545555407e+00
542 3.9907572879843855e+02 5.5213917069235992e+00
543 3.9796768999656490e+02 5.5060614931067002e+00
544 3.9626843397235780e+02 5.4825515238378459e+00
545 3.9515912016074236e+02 5.4672036696892841e+00
546 3.9346543316927642e+02 5.4437707504863040e+00
547 3.9235486417502307e+02 5.4284055303229550e+00
548 3.9066670834779285e+02 5.4050491372580902e+00
549 3.8955490346159519e+02 5.3896668179753524e+00
550 3.8787224110980100e+02 5.3663864296071546e+00
551 3.8675921961490286e+02 5.3509872779973557e+00
552 3.8508201321582277e+02 5.3277823751821378e+00
553 3.8396779388060696e+02 5.3123666509142717e+00
554 3.8229600622973885e+02 5.2892367189110585e+00
555 3.8118060777592666e+02 5.2738046810085368e+00
556 3.7951420163601517e+02 5.2507492046231992e+00
557 3.7839764244551952e+02 5.2353011074080316e+00
558 3.7673658095650029e+02 5.2123195766650454e+00
559 3.7561887921176265e+02 5.1968556716994661e+00
560 3.7396312553042361e+02 5.1739475768564667e+00
561 3.7284429909022441e+02 5.1584681112247130e+00
562 3.7119381681105318e+02 5.1356329485951084e+00
563 3.7007388322521996e+02 5.1201381651069147e+00
564 3.6842863591479693e+02 5.0973754306180021e+00
565 3.6730761260822607e+02 5.0818655703546272e+00
566 3.6566756416446458e+02 5.0591747645178451e+00
567 3.6454546818842994e+02 5.0436500633913095e+00
568 3.6291058250975607e+02 5.0210306867251902e+00
569 3.6178743088597275e+02 5.0054913802385581e+00
570 3.6015767215627631e+02 4.9829429372111518e+00
571 3.5903348138554543e+02 4.9673892536604072e+00
572 3.5740881398401893e+02 4.9449112514418658e+00
573 3.5628360053902139e+02 4.9293434187339384e+00
574 3.5466398896033559e+02 4.9069353660921049e+00
575 3.5353776886651548e+02 4.8913536059462013e+00
576 3.5192317786923559e+02 4.8690150153000200e+00
577 3.5079596711206511e+02 4.8534195488823180e+00
578 3.4918636144306998e+02 4.8311499324890450e+00
579 3.4805817566459467e+02 4.8155409762142609e+00
580 3.4645352041653723e+02 4.7933398511150926e+00
581 3.4532437503473460e+02 4.7777176182978591e+00
582 3.4372463533276419e+02 4.7555845019835949e+00
583 3.4259454549186631e+02 4.7399492021511573e+00
584 3.4099968684159086e+02 4.7178836173764092e+00
585 3.3986866738065402e+02 4.7022354558337662e+00
586 3.3827865522826085e+02 4.6802369245310382e+00
587 3.3714672088796607e+02 4.6645761052221237e+00
588 3.3556152101826962e+02 4.6426441540089778e+00
589 3.3442868614232032e+02 4.6269708753853616e+00
590 3.3284826433943789e+02 4.6051050308697121e+00
591 3.3171454323851691e+02 4.5894194909261117e+00
592 3.3013886555191237e+02 4.5676192833870637e+00
593 3.2900427204087310e+02 4.5519216732581711e+00
594 3.2743330468293846e+02 4.5301866352290130e+00
595 3.2629785255469847e+02 4.5144771457460298e+00
596 3.2473156185196189e+02 4.4928068113391753e+00
597 3.2359526447148903e+02 4.4770856274124258e+00
598 3.2203361696056845e+02 4.4554795336469750e+00
599 3.2089648764773295e+02 4.4397468395628383e+00
600 3.1933944989422093e+02 4.4182045238587673e+00
601 3.1820150162065005e+02 4.4024604990855245e+00
602 3.1664904046802258e+02 4.3809815027074519e+00
603 3.1551028603024452e+02 4.3652263242908118e+00
604 3.1396236836385532e+02 4.3438101890827534e+00
605 3.1282282025277294e+02 4.3280440298399583e+00
606 3.1127941325232302e+02 4.3066903017183558e+00
607 3.1013908376477883e+02 4.2909133317817378e+00
608 3.0860015458910448e+02 4.2696215563743625e+00
609 3.0745905582904197e+02 4.2538339432074084e+00
610 3.0592457186914095e+02 4.2326036693540869e+00
611 3.0478271566467572e+02 4.2168055766040817e+00
612 3.0325264440585005e+02 4.1956363544493840e+00
613 3.0211004241091661e+02 4.1798279433537386e+00
614 3.0058435149673630e+02 4.1587193252319423e+00
615 2.9944101505366490e+02 4.1429007527168835e+00
616 2.9791967231200903e+02 4.1218522935122657e+00
617 2.9677561256680019e+02 4.1060237137877102e+00
618 2.9525858591080009e+02 4.0850349695640507e+00
619 2.9411381378706977e+02 4.0691965337631242e+00
620 2.9260107129468696e+02 4.0482670628647019e+00
621 2.9145559747520315e+02 4.0324189187882924e+00
622 2.8994710732934669e+02 4.0115482810113843e+00
623 2.8880094231096876e+02 3.9956905738882478e+00
624 2.8729667280819064e+02 3.9748783306014301e+00
625 2.8614982682785649e+02 3.9590112020641945e+00
626 2.8464974646035643e+02 3.9382569173429181e+00
627 2.8350222952079702e+02 3.9223805057838534e+00
628 2.8200630683706657e+02 3.9016837444823920e+00
629 2.8085812874007991e+02 3.8857981855137695e+00
630 2.7936633247398646e+02 3.8651585150511538e+00
631 2.7821750279061217e+02 3.8492639410926004e+00
632 2.7672980171824861e+02 3.8286809294720707e+00
633 2.7558032984175395e+02 3.8127774704836517e+00
634 2.7409669290676152e+02 3.7922506880265550e+00
635 2.7294658794424561e+02 3.7763384700090712e+00
636 2.7146698421011257e+02 3.7558674886948920e+00
637 2.7031625510309107e+02 3.7399466353582231e+00
638 2.6884065372417604e+02 3.7195310284236771e+00
639 2.6768930914311636e+02 3.7036016597276293e+00
640 2.6621767944953876e+02 3.6832410028411617e+00
641 2.6506572786713957e+02 3.6673032360093214e+00
642 2.6359803921389664e+02 3.6469971051835741e+00
643 2.6244548892436416e+02 3.6310510549700039e+00
644 2.6098171084323332e+02 3.6107990286634521e+00
645 2.5982856986237198e+02 3.5948448059704021e+00
646 2.5836867193567167e+02 3.5746464633407773e+00
647 2.5721494814051795e+02 3.5586841771505804e+00
648 2.5575890009982535e+02 3.5385390994206767e+00
649 2.5460460106071474e+02 3.5225688544723197e+00
650 2.5315237275094819e+02 3.5024766244330565e+00
651 2.5199750587468219e+02 3.4864985232029606e+00
652 2.5054906722070098e+02 3.4664587247512770e+00
653 2.4939363967484613e+02 3.4504728664059399e+00
654 2.4794896071209868e+02 3.4304850849688244e+00
655 2.4679297949524366e+02 3.4144915663368596e+00
656 2.4535203033354935e+02 3.3945553883702564e+00
657 2.4419550217044960e+02 3.3785543024916720e+00
658 2.4275825307001401e+02 3.3586693165321861e+00
659 2.4160118452539376e+02 3.3426607542328859e+00
660 2.4016760577139434e+02 3.3228265491626194e+00
661 2.3901000314685155e+02 3.3068105976280382e+00
662 2.3758006522255860e+02 3.2870267650697964e+00
663 2.3642193463654513e+02 3.2710035089514595e+00
664 2.3499560798096019e+02 3.2512696399155692e+00
665 2.3383695536137907e+02 3.2352391612286744e+00
666 2.3241421062391390e+02 3.2155548496365829e+00
667 2.3125504164445672e+02 3.1995172268791978e+00
668 2.2983584944914011e+02 3.1798820663011673e+00
669 2.2867616966412584e+02 3.1638373763197860e+00
670 2.2726050079630866e+02 3.1442509625580422e+00
671 2.2610031540718313e+02 3.1281992773170009e+00
672 2.2468814073891443e+02 3.1086612073732773e+00
673 2.2352745487757596e+02 3.0926025978746914e+00
674 2.2211874531359555e+02 3.0731124692030130e+00
675 2.2095756378210822e+02 3.0570470018855929e+00
676 2.1955229038095578e+02 3.0376044140678751e+00
677 2.1839061787070526e+02 3.0215321538390452e+00
678 2.1698875167273420e+02 3.0021367062055879e+00
679 2.1582659261239507e+02 2.9860577143380485e+00
680 2.1442810482482076e+02 2.9667090085277619e+00
681 2.1326546346755660e+02 2.9506233438659377e+00
682 2.1187032529168727e+02 2.9313209814360035e+00
683 2.1070720564740972e+02 2.9152286994588215e+00
684 2.0931538844754581e+02 2.8959722842214930e+00
685 2.0815179435449645e+02 2.8798734380327464e+00
686 2.0676326944776196e+02 2.8606625731475686e+00
687 2.0559920454574453e+02 2.8445572131055750e+00
688 2.0421394342984618e+02 2.8253915042305358e+00
689 2.0304941108804931e+02 2.8092796769495312e+00
690 2.0166738525343061e+02 2.7901587296421293e+00
691 2.0050238874108854e+02 2.7740404803534355e+00
692 1.9912356975975391e+02 2.7549639012996012e+00
693 1.9795811203222163e+02 2.7388392708918805e+00
694 1.9658247157549755e+02 2.7198066681517092e+00
695 1.9541655545259374e+02 2.7036756956384171e+00
696 1.9404406522605797e+02 2.6846866777458867e+00
697 1.9287769333586468e+02 2.6685493994877172e+00
698 1.9150832525592148e+02 2.6496035778936835e+00
699 1.9034150044263296e+02 2.6334600332413407e+00
700 1.8897522750940831e+02 2.6145570343904359e+00
701 1.8780795528145225e+02 2.5984072995554870e+00
702 1.8644475834202265e+02 2.5795468584584245e+00
703 1.8527706406204524e+02 2.5633912843444553e+00
704 1.8391697428857142e+02 2.5445738322820604e+00
705 1.8274900619070206e+02 2.5284144697747397e+00
706 1.8139234607596373e+02 2.5096444685792685e+00
707 1.8022492187735367e+02 2.4934926311621575e+00
708 1.7887350100052512e+02 2.4747951171731439e+00
709 1.7771064023523803e+02 2.4587064169029107e+00
710 1.7637290606478177e+02 2.4401982646355096e+00
711 1.7523193115557584e+02 2.4244123650007077e+00
712 1.7394189866294550e+02 2.4065641868418486e+00
713 1.7288744054525725e+02 2.3919752858234085e+00
714 1.7176261176786016e+02 2.3764127751642699e+00
715 1.7100033067265957e+02 2.3658662743032490e+00
716 1.7038368987009940e+02 2.3573347722155189e+00
717 1.7046154954730929e+02 2.3584119957724230e+00
718 1.7118245450419244e+02 2.3683860392012206e+00
719 1.7329606918111145e+02 2.3976288462842517e+00
720 1.7697318182965179e+02 2.4485033490865225e+00
721 1.8318501404473130e+02 2.5344468339995418e+00
722 1.9222031551613824e+02 2.6594542824955578e+00
723 2.0500909445270599e+02 2.8363927752839992e+00
724 2.2133038988607933e+02 3.0622052182591837e+00
725 2.4098495920391517e+02 3.3341350005122763e+00
726 2.6149492964942834e+02 3.6178996410431985e+00
727 2.7961444570757465e+02 3.8685912729250456e+00
728 2.8993145354080690e+02 4.0113317038256815e+00
729 2.8919292285384472e+02 4.0011138005155020e+00
730 2.7684028456296500e+02 3.8302095091840243e+00
731 2.5804592577542110e+02 3.5701811254511133e+00
732 2.3927389810326497e+02 3.3104617027158545e+00
733 2.2720072195969854e+02 3.1434238955407059e+00
734 2.2485735948834554e+02 3.1110024246720043e+00
735 2.3276040053694931e+02 3.2203445423613433e+00
736 2.4648145366767235e+02 3.4101814667825128e+00
737 2.5856469445681711e+02 3.5773585228435723e+00
738 2.6024233697204517e+02 3.6005694595213105e+00
739 2.5021722409351892e+02 3.4618675262438177e+00
740 2.3497745503541933e+02 3.2510184857717999e+00
741 2.2477896540964744e+02 3.1099178074308131e+00
742 2.2495805692224459e+02 3.1123956188362114e+00
743 2.3489211901388467e+02 3.2498378236377685e+00
744 2.4612620007614831e+02 3.4052663740004951e+00
745 2.4866702612833842e+02 3.4404198420791903e+00
746 2.3914328964190105e+02 3.3086546760705606e+00
747 2.2642790342556827e+02 3.1327316044856945e+00
748 2.2081328693901591e+02 3.0550508670483540e+00
749 2.2648801622244372e+02 3.1335632919930942e+00
750 2.3708693239882166e+02 3.2802040512666020e+00
751 2.4134343708768100e+02 3.3390947028236639e+00
752 2.3346302929071524e+02 3.2300657263225174e+00
753 2.2206205070695992e+02 3.0723280738907555e+00
754 2.1825006920041008e+02 3.0195875999446669e+00
755 2.2526678056030741e+02 3.1166669488418313e+00
756 2.3415178641911513e+02 3.2395949901248580e+00
757 2.3355674929432902e+02 3.2313623846091137e+00
758 2.2322789020896147e+02 3.0884579863194976e+00
759 2.1572056360279811e+02 2.9845907554326678e+00
760 2.1873649434139784e+02 3.0263175099484032e+00
761 2.2783921103541678e+02 3.1522576782872695e+00
762 2.2979596556473976e+02 3.1793302548712137e+00
763 2.2130581276298162e+02 3.0618651827374537e+00
764 2.1321713975224154e+02 2.9499547635897287e+00
765 2.1561186150419505e+02 2.9830868131419175e+00
766 2.2389458152376469e+02 3.0976819596934626e+00
767 2.2537816575406927e+02 3.1182080129575631e+00
768 2.1668758159391083e+02 2.9979698830800734e+00
769 2.1036954827684283e+02 2.9105570582862477e+00
770 2.1427307728214220e+02 2.9645641329396937e+00
771 2.2175006115687881e+02 3.0680115585274903e+00
772 2.1975400321778557e+02 3.0403952016404627e+00
773 2.1091216133135427e+02 2.9180643532757689e+00
774 2.0816624418042821e+02 2.8800733578557494e+00
775 2.1485853400320576e+02 2.9726641892728005e+00
776 2.1880735799709529e+02 3.0272979404097300e+00
777 2.1249541304413626e+02 2.9399693508641893e+00
778 2.0565795191436638e+02 2.8453700093006451e+00
779 2.0880235655311870e+02 2.8888742578498920e+00
780 2.1523449222355356e+02 2.9778657398813233e+00
781 2.1271919328099222e+02 2.9430654508141165e+00
782 2.0467097589525915e+02 2.8317147533840834e+00
783 2.0452582299812372e+02 2.8297064979462179e+00
784 2.1109726592674792e+02 2.9206253583787278e+00
785 2.1144690839223793e+02 2.9254628187152845e+00
786 2.0371755835647653e+02 2.8185237940949288e+00
787 2.0151748077648034e+02 2.7880847339662811e+00
788 2.0744490030911632e+02 2.8700932418489620e+00
789 2.0930222561114604e+02 2.8957901704759239e+00
790 2.0221529242280701e+02 2.7977392710853972e+00
791 1.9914803880780610e+02 2.7553024415546012e+00
792 2.0453374102326924e+02 2.8298160473756093e+00
793 2.0678940181614669e+02 2.8610241261854248e+00
794 2.0008687221296773e+02 2.7682916228136309e+00
795 1.9708162632271575e+02 2.7267126979673040e+00
796 2.0230160909161282e+02 2.7989335009142784e+00
797 2.0409142495632966e+02 2.8236964061957450e+00
798 1.9744099262415071e+02 2.7316846919356288e+00
799 1.9527427121104012e+02 2.7017071293372155e+00
800 2.0058645248953454e+02 2.7752035400186279e+00
801 2.0113790503554347e+02 2.7828331333378280e+00
802 1.9447587329534622e+02 2.6906609360650515e+00
803 1.9386618116185159e+02 2.6822255719305561e+00
804 1.9912921824485778e+02 2.7550420506245508e+00
805 1.9774636983630512e+02 2.7359097226378202e+00
806 1.9151877695239943e+02 2.6497481818023965e+00
807 1.9302883926565627e+02 2.6706405712204591e+00
808 1.9749764928578693e+02 2.7324685622618001e+00
809 1.9382743208799909e+02 2.6816894611135331e+00
810 1.8906495636845165e+02 2.6157984734017368e+00
811 1.9273608972608858e+02 2.6665902500324443e+00
812 1.9509960314159804e+02 2.6992905182519324e+00
813 1.8964585715692070e+02 2.6238354963639083e+00
814 1.8766189945026971e+02 2.5963865516200837e+00
815 1.9249059524191412e+02 2.6631937237312897e+00
816 1.9147549966976987e+02 2.6491494211858875e+00
817 1.8597753774929322e+02 2.5730826519937335e+00
818 1.8752118522389844e+02 2.5944397071831347e+00
819 1.9125910368547292e+02 2.6461554856822023e+00
820 1.8687288076203058e+02 2.5854701241666573e+00
821 1.8385952205798566e+02 2.5437789549026326e+00
822 1.8795278362451685e+02 2.6004110646422087e+00
823 1.8807096737475527e+02 2.6020461898361771e+00
824 1.8260339886099459e+02 2.5263999270584119e+00
825 1.8375403988533478e+02 2.5423195617316763e+00
826 1.8722812235411601e+02 2.5903850509310598e+00
827 1.8326005477612748e+02 2.5354850561767206e+00
828 1.8041173202190393e+02 2.4960772333026946e+00
829 1.8449883380388408e+02 2.5526241196601349e+00
830 1.8385432651891873e+02 2.5437070722892665e+00
831 1.7899595061305300e+02 2.4764892624852703e+00
832 1.8077088144238135e+02 2.5010462266256939e+00
833 1.8342789125698653e+02 2.5378071491697587e+00
834 1.7878967551782165e+02 2.4736353540213698e+00
835 1.7761587325332451e+02 2.4573952732019322e+00
836 1.8142430040836504e+02 2.5100865711006421e+00
837 1.7914833003342551e+02 2.4785975001134615e+00
838 1.7538063992949034e+02 2.4264698175887429e+00
839 1.7865255655542089e+02 2.4717382516740507e+00
840 1.7896051214646488e+02 2.4759989554046697e+00
841 1.7433117028433517e+02 2.4119499343252970e+00
842 1.7555548339045711e+02 2.4288888552944394e+00
843 1.7811079613187164e+02 2.4642427532163258e+00
844 1.7380497447319325e+02 2.4046697792614840e+00
845 1.7295277232841684e+02 2.3928791803469416e+00
846 1.7634168433997789e+02 2.4397662980688457e+00
847 1.7361837352008004e+02 2.4020880713783073e+00
848 1.7079234650828374e+02 2.3629887201011592e+00
849 1.7420285853401901e+02 2.4101746837075022e+00
850 1.7314488368970086e+02 2.3955371271987662e+00
851 1.6932446592291311e+02 2.3426799338083373e+00
852 1.7173563967722140e+02 2.3760396041923855e+00
853 1.7247239790383506e+02 2.3862329847186339e+00
854 1.6813431390238037e+02 2.3262136467807268e+00
855 1.6945412394285739e+02 2.3444738106702854e+00
856 1.7130154095309121e+02 2.3700336536360456e+00
857 1.6730464531840721e+02 2.3147348097869642e+00
858 1.6722740230077005e+02 2.3136661179918412e+00
859 1.6996228612843547e+02 2.3515044624357300e+00
860 1.6642340749922056e+02 2.3025424892934718e+00
861 1.6535885894820697e+02 2.2878139826040744e+00
862 1.6829402631504240e+02 2.3284233396463394e+00
863 1.6564183761325469e+02 2.2917291193605367e+00
864 1.6357642135546615e+02 2.2631531590248013e+00
865 1.6665529782014485e+02 2.3057507958941317e+00
866 1.6465060802876417e+02 2.2780150134590285e+00
867 1.6208749135294801e+02 2.2425531446043663e+00
868 1.6486862365849890e+02 2.2810313574838115e+00
869 1.6368058035863214e+02 2.2645942455524479e+00
870 1.6059411045851706e+02 2.2218915500979421e+00
871 1.6323722591248739e+02 2.2584602379305316e+00
872 1.6248828225218779e+02 2.2480982664636580e+00
873 1.5929449021689274e+02 2.2039107211313205e+00
874 1.6154288028068217e+02 2.2350182061430348e+00
875 1.6133284222657136e+02 2.2321122354552219e+00
876 1.5791387600681864e+02 2.1848093042826546e+00
877 1.6004275074499643e+02 2.2142632411578558e+00
878 1.5999069081043189e+02 2.2135429686125092e+00
879 1.5666492737104366e+02 2.1675295397108925e+00
880 1.5850011888783231e+02 2.1929202374912911e+00
881 1.5871506813431455e+02 2.1958941567283987e+00
882 1.5530103520218930e+02 2.1486594798029044e+00
883 1.5714936442171060e+02 2.1742319435933144e+00
884 1.5728203544081819e+02 2.1760675066501185e+00
885 1.5404669301125654e+02 2.1313050929763415e+00
886 1.5575257001758442e+02 2.1549066665025722e+00
887 1.5592865048129059e+02 2.1573428186960060e+00
888 1.5267704426345895e+02 2.1123553882166535e+00
889 1.5453289826641961e+02 2.1380319607610669e+00
890 1.5442814294400827e+02 2.1365826238891921e+00
891 1.5142260127023127e+02 2.0949996067451271e+00
892 1.5325569143986826e+02 2.1203612314451568e+00
893 1.5300338934486518e+02 2.1168705187947441e+00
894 1.5007509886676888e+02 2.0763563065927024e+00
895 1.5213346126265048e+02 2.1048346735850592e+00
896 1.5143035433148535e+02 2.0951068738250882e+00
897 1.4886723958848157e+02 2.0596450317117521e+00
898 1.5093118518381797e+02 2.0882006447728201e+00
899 1.4992560935627498e+02 2.0742880521639049e+00
900 1.4760286680778506e+02 2.0421518671767487e+00
901 1.4984612523530524e+02 2.0731883536989648e+00
902 1.4827807840620102e+02 2.0514937224961320e+00
903 1.4651143729018244e+02 2.0270514502575669e+00
904 1.4863807189901661e+02 2.0564743939385246e+00
905 1.4670964048518434e+02 2.0297936803612719e+00
906 1.4539955510471341e+02 2.0116680615047380e+00
907 1.4748729445443686e+02 2.0405528718300565e+00
908 1.4503411257798649e+02 2.0066120002341057e+00
909 1.4448076502819637e+02 1.9989561886876190e+00
910 1.4615238077739568e+02 2.0220837423541402e+00
911 1.4348843696858137e+02 1.9852268848900605e+00
912 1.4354621071209030e+02 1.9860262105449895e+00
913 1.4480903271963498e+02 2.0034979194378635e+00
914 1.4191510763651033e+02 1.9634591678892999e+00
915 1.4277345953322310e+02 1.9753348513802538e+00
916 1.4323803333509971e+02 1.9817624383063208e+00
917 1.4056047189525839e+02 1.9447171748090131e+00
918 1.4191836219203756e+02 1.9635041961247977e+00
919 1.4164257367731278e+02 1.9596885383230793e+00
920 1.3927531106784090e+02 1.9269363983234806e+00
921 1.4111185731502016e+02 1.9523458394064757e+00
922 1.3986215059776131e+02 1.9350555864373586e+00
923 1.3828066637796385e+02 1.9131750429071595e+00
924 1.4008226518374761e+02 1.9381009704633350e+00
925 1.3815608594968961e+02 1.9114514168034387e+00
926 1.3738516799971569e+02 1.9007854211827067e+00
927 1.3894962492324876e+02 1.9224303844317683e+00
928 1.3643029185875011e+02 1.8875742814781182e+00
929 1.3673023781343147e+02 1.8917241682970669e+00
930 1.3748424641364704e+02 1.9021562154794753e+00
931 1.3497338052151440e+02 1.8674172596533229e+00
932 1.3603545990619739e+02 1.8821116043190318e+00
933 1.3588660532557924e+02 1.8800521344298526e+00
934 1.3368907178656238e+02 1.8496482722492427e+00
935 1.3535070729866101e+02 1.8726377448590013e+00
936 1.3405859396597501e+02 1.8547607773446446e+00
937 1.3279267664173270e+02 1.8372462433569043e+00
938 1.3435417953744147e+02 1.8588503363060354e+00
939 1.3232506515814751e+02 1.8307766287418961e+00
940 1.3206473157062649e+02 1.8271747967901009e+00
941 1.3312750710930160e+02 1.8418787730585393e+00
942 1.3068293684347012e+02 1.8080570469580999e+00
943 1.3154899559465406e+02 1.8200393582374481e+00
944 1.3149241544927062e+02 1.8192565465479544e+00
945 1.2944969468662509e+02 1.7909945885672218e+00
946 1.3087156304088029e+02 1.8106667750045156e+00
947 1.2974101416368069e+02 1.7950251241989503e+00
948 1.2851177223337933e+02 1.7780180107365411e+00
949 1.2999757170054201e+02 1.7985747127961820e+00
950 1.2792080611931297e+02 1.7698417294800910e+00
951 1.2796161220676036e+02 1.7704063000028396e+00
952 1.2863652358532806e+02 1.7797440016459636e+00
953 1.2643973166970684e+02 1.7493504001576756e+00
954 1.2742232524663297e+02 1.7629450230209880e+00
955 1.2699872973341840e+02 1.7570843890987125e+00
956 1.2529882133607919e+02 1.7335653939549636e+00
957 1.2677557754514098e+02 1.7539969784825706e+00
958 1.2513961739493178e+02 1.7313627360208228e+00
959 1.2465948592377887e+02 1.7247199017621762e+00
960 1.2562954555625906e+02 1.7381411118821799e+00
961 1.2353136033340958e+02 1.7091117782168346e+00
962 1.2416368591049225e+02 1.7178602861952370e+00
963 1.2410776703514857e+02 1.7170866234733453e+00
964 1.2227422543801163e+02 1.6917187530713731e+00
965 1.2363283430287872e+02 1.7105157160989564e+00
966 1.2226322534554411e+02 1.6915665618581708e+00
967 1.2158609720009632e+02 1.6821981902509655e+00
968 1.2259882188249335e+02 1.6962096904732904e+00
969 1.2061847400291947e+02 1.6688106893062074e+00
970 1.2111553317862241e+02 1.6756877259499534e+00
971 1.2112817060153618e+02 1.6758625703642780e+00
972 1.1934837014500604e+02 1.6512382327473250e+00
973 1.2062428295792185e+02 1.6688910588041785e+00
974 1.1929777631039883e+02 1.6505382443524836e+00
975 1.1868899552735449e+02 1.6421154891602401e+00
976 1.1959521798925851e+02 1.6546534833921869e+00
977 1.1768471975371610e+02 1.6282208833802130e+00
978 1.1825473162874282e+02 1.6361072533408629e+00
979 1.1809338156522605e+02 1.6338749028411337e+00
980 1.1650523225049275e+02 1.6119021447329758e+00
981 1.1773487082797648e+02 1.6289147459870628e+00
982 1.1627175662422927e+02 1.6086719047218849e+00
983 1.1595112542500654e+02 1.6042358282666729e+00
984 1.1660418813667469e+02 1.6132712438033736e+00
985 1.1476720412984274e+02 1.5878557461192335e+00
986 1.1554512906088235e+02 1.5986186864658778e+00
987 1.1500798526903068e+02 1.5911870611784047e+00
988 1.1378003135657919e+02 1.5741977680206680e+00
989 1.1490411877193061e+02 1.5897500216033791e+00
990 1.1323118077156779e+02 1.5666041739989363e+00
991 1.1337115141881557e+02 1.5685407306851911e+00
992 1.1357446242639283e+02 1.5713536296669035e+00
993 1.1194255500997069e+02 1.5487754585948883e+00
994 1.1292328286130309e+02 1.5623442683077704e+00
995 1.1188254254222210e+02 1.5479451591859597e+00
996 1.1122601915326429e+02 1.5388618636267255e+00
997 1.1203643858983148e+02 1.5500743800322314e+00
998 1.1026127745703604e+02 1.5255142295400421e+00
999 1.1091790646686556e+02 1.5345989864114109e+00
1000 1.1046280985444398e+02 1.5283025206522951e+00
1001 1.0931071052032557e+02 1.5123627096091474e+00
1002 1.1027517390570205e+02 1.5257064931403648e+00
1003 1.0878448925428727e+02 1.5050822023654253e+00
1004 1.0885948747583147e+02 1.5061198363997350e+00
1005 1.0903476375632101e+02 1.5085448623576634e+00
1006 1.0749465632140715e+02 1.4872367852052197e+00
1007 1.0847935700441703e+02 1.5008605608263093e+00
1008 1.0730337525837642e+02 1.4845903259021465e+00
1009 1.0694014043431574e+02 1.4795648091881308e+00
1010 1.0745349093440009e+02 1.4866672436119051e+00
1011 1.0586961812887229e+02 1.4647536529267648e+00
1012 1.0658452939159773e+02 1.4746447709085155e+00
1013 1.0588749890075796e+02 1.4650010414259356e+00
1014 1.0505676281643811e+02 1.4535074350860659e+00
1015 1.0586018802095842e+02 1.4646231831540533e+00
1016 1.0426777047386851e+02 1.4425913721367949e+00
1017 1.0476413690183085e+02 1.4494588243048288e+00
1018 1.0438549268667622e+02 1.4442201117533939e+00
1019 1.0332813331373046e+02 1.4295910705671551e+00
1020 1.0416156061630653e+02 1.4411219111187021e+00
1021 1.0277119772653411e+02 1.4218856169137968e+00
1022 1.0292598593805873e+02 1.4240271812480017e+00
1023 1.0290964290084739e+02 1.4238010679977764e+00
1024 1.0161856209273863e+02 1.4059383859240682e+00
1025 1.0250653120321878e+02 1.4182238368518185e+00
1026 1.0123540928551346e+02 1.4006372949790811e+00
1027 1.0120112862842858e+02 1.4001630067122746e+00
1028 1.0134790864772604e+02 1.4021937741150710e+00
1029 1.0002457385133224e+02 1.3838848436464317e+00
1030 1.0080163416475483e+02 1.3946358216205343e+00
1031 9.9759222374921166e+01 1.3802135869511492e+00
1032 9.9476337742380977e+01 1.3762997511766051e+00
1033 9.9824910009242871e+01 1.3811224048351214e+00
1034 9.8415943646433618e+01 1.3616287232364630e+00
1035 9.9176274849825091e+01 1.3721482464697119e+00
1036 9.8223443664624682e+01 1.3589653996453668e+00
1037 9.7860258387283508e+01 1.3539405684324390e+00
1038 9.8239885301531160e+01 1.3591928770665995e+00
1039 9.6890005893269816e+01 1.3405166899866143e+00
1040 9.7528407905321373e+01 1.3493492681682984e+00
1041 9.6735239404070100e+01 1.3383754261905176e+00
1042 9.6238252612943370e+01 1.3314993910198505e+00
1043 9.6710481148409215e+01 1.3380328846185321e+00
1044 9.5331235861408615e+01 1.3189504074345966e+00
1045 9.5970266063331692e+01 1.3277916769049178e+00
1046 9.5188996458239814e+01 1.3169824614925605e+00
1047 9.4711811922731542e+01 1.3103803994103580e+00
1048 9.5136346944086441e+01 1.3162540318491562e+00
1049 9.3840100825667946e+01 1.2983198853904960e+00
1050 9.4397115392321240e+01 1.3060264317600661e+00
1051 9.3690569574814020e+01 1.2962510534650953e+00
1052 9.3173529274210566e+01 1.2890975689961386e+00
1053 9.3623850566732742e+01 1.2953279660625532e+00
1054 9.2313655909931882e+01 1.2772008353189803e+00
1055 9.2910319008039167e+01 1.2854559369049272e+00
1056 9.2141117204085347e+01 1.2748136849341332e+00
1057 9.1722434258228901e+01 1.2690210185847102e+00
1058 9.2072298831817491e+01 1.2738615518864338e+00
1059 9.0852976764903474e+01 1.2569916841833835e+00
1060 9.1406571089559762e+01 1.2646509099708305e+00
1061 9.0641934313975071e+01 1.2540718172150933e+00
1062 9.0258967793717105e+01 1.2487733036338533e+00
1063 9.0578291629398038e+01 1.2531912921280679e+00
1064 8.9364770954801784e+01 1.2364016892898551e+00
1065 8.9978991499716514e+01 1.2448997060274933e+00
1066 8.9100021573270865e+01 1.2327387628472994e+00
1067 8.8878864190163668e+01 1.2296789512554254e+00
1068 8.9043009894674356e+01 1.2319499807022456e+00
1069 8.7948837799098811e+01 1.2168116189866691e+00
1070 8.8526218461398656e+01 1.2247999394243938e+00
1071 8.7613387784360413e+01 1.2121705175720565e+00
1072 8.7487401998234091e+01 1.2104274477121015e+00
1073 8.7556548919181154e+01 1.2113841263781431e+00
1074 8.6519279043119241e+01 1.1970330323921128e+00
1075 8.7133272057124287e+01 1.2055279011375601e+00
1076 8.6096880827086778e+01 1.1911889636133801e+00
1077 8.6173592472482227e+01 1.1922503036352003e+00
1078 8.6025737332705120e+01 1.1902046614583401e+00
1079 8.5172481330270386e+01 1.1783994819504042e+00
1080 8.5700576235155992e+01 1.1857059118279694e+00
1081 8.4647842597647852e+01 1.1711408697663090e+00
1082 8.4842859789943262e+01 1.1738390200935400e+00
1083 8.4539241810834071e+01 1.1696383291696049e+00
1084 8.3826050555950772e+01 1.1597710082678319e+00
1085 8.4306484923398827e+01 1.1664180332325813e+00
1086 8.3190352111712627e+01 1.1509758351594881e+00
1087 8.3573292531179007e+01 1.1562739876245693e+00
1088 8.3015117710177293e+01 1.1485513886156755e+00
1089 8.2567973931299008e+01 1.1423649538757468e+00
1090 8.2856668767816245e+01 1.1463591764283867e+00
1091 8.1820954236370369e+01 1.1320296013327440e+00
1092 8.2266946378938300e+01 1.1382001026677711e+00
1093 8.1546624257697957e+01 1.1282341230315132e+00
1094 8.1311947194423851e+01 1.1249872606004949e+00
1095 8.1429643063409955e+01 1.1266156357385062e+00
1096 8.0468966146560220e+01 1.1133242396977159e+00
1097 8.0990634203052380e+01 1.1205417512450981e+00
1098 8.0067206053496278e+01 1.1077657086071506e+00
1099 8.0129738877406240e+01 1.1086308782740371e+00
1100 7.9945952043717156e+01 1.1060881049953213e+00
1101 7.9222558019513912e+01 1.0960796242037190e+00
1102 7.9647425652337674e+01 1.1019578584713765e+00
1103 7.8675596745461803e+01 1.0885121696465290e+00
1104 7.8923822679819281e+01 1.0919464867861135e+00
1105 7.8495621652492019e+01 1.0860221335103597e+00
1106 7.8003665190848693e+01 1.0792156952043688e+00
1107 7.8303958851985470e+01 1.0833703926980862e+00
1108 7.7314701317589908e+01 1.0696835709941732e+00
1109 7.7747289614215404e+01 1.0756686241085074e+00
1110 7.7023223003806336e+01 1.0656508377850697e+00
1111 7.6877545942136777e+01 1.0636353302957691e+00
1112 7.6882019288652685e+01 1.0636972210512643e+00
1113 7.6075408293377919e+01 1.0525373961392541e+00
1114 7.6497516040084051e+01 1.0583774461445716e+00
1115 7.5633022201066339e+01 1.0464167861269593e+00
1116 7.5744809691704901e+01 1.0479634162004243e+00
1117 7.5469239783817969e+01 1.0441507829223602e+00
1118 7.4888089921448938e+01 1.0361103139110643e+00
1119 7.5227332502487258e+01 1.0408038871815308e+00
1120 7.4284065653184200e+01 1.0277533672342545e+00
1121 7.4642320852246044e+01 1.0327099886028805e+00
1122 7.4023562665853120e+01 1.0241491915601055e+00
1123 7.3810376585713101e+01 1.0211996665201821e+00
1124 7.3859725229910453e+01 1.0218824271471929e+00
1125 7.3071348675778353e+01 1.0109748839071566e+00
1126 7.3459405354177818e+01 1.0163438221093926e+00
1127 7.2657952687473454e+01 1.0052553649868390e+00
1128 7.2737386194016423e+01 1.0063543631784824e+00
1129 7.2483060760446691e+01 1.0028356567314638e+00
1130 7.1931277171030260e+01 9.9520148327823643e-01
1131 7.2236062741001135e+01 9.9941832834544708e-01
1132 7.1348451482654525e+01 9.8713782846247311e-01
1133 7.1687027162542762e+01 9.9182217485640045e-01
1134 7.1072824163036884e+01 9.8332440086736350e-01
1135 7.0909079330228934e+01 9.8105891766035536e-01
1136 7.0901190171895607e+01 9.8094976761625874e-01
1137 7.0191409130025406e+01 9.7112962854111817e-01
1138 7.0540665659435405e+01 9.7596174927890245e-01
1139 6.9753435889484066e+01 9.6507007231237851e-01
1140 6.9888140609444164e+01 9.6693377253266133e-01
1141 6.9551967057079850e+01 9.6228266065046297e-01
1142 6.9121157092592085e+01 9.5632221155889674e-01
1143 6.9332282870396355e+01 9.5924323139188949e-01
1144 6.8514722610363052e+01 9.4793191849082825e-01
1145 6.8865558633484156e+01 9.5278589223256216e-01
1146 6.8187612640554633e+01 9.4340620533861497e-01
1147 6.8160632256020335e+01 9.4303291961696556e-01
1148 6.8008669429199202e+01 9.4093044574741425e-01
1149 6.7444391226859096e+01 9.3312340372013014e-01
1150 6.7720929825905174e+01 9.3694943927487184e-01
1151 6.6943311354437014e+01 9.2619073893385606e-01
1152 6.7174575937919343e+01 9.2939038817634201e-01
1153 6.6688123965206628e+01 9.2266010694365608e-01
1154 6.6459316239944670e+01 9.1949444943663317e-01
1155 6.6498450230651756e+01 9.2003588575098749e-01
1156 6.5810730553311743e+01 9.1052097554939226e-01
1157 6.6144042945195991e+01 9.1513250199302143e-01
1158 6.5396483087450591e+01 9.0478967605516747e-01
1159 6.5548092035532150e+01 9.0688725385363023e-01
1160 6.5181313363055907e+01 9.0181270640724909e-01
1161 6.4849061832883820e+01 8.9721585746124022e-01
1162 6.4965657739519557e+01 8.9882901412676364e-01
1163 6.4267750101192746e+01 8.8917314891527000e-01
1164 6.4557854576354501e+01 8.9318687445082756e-01
1165 6.3917612005549685e+01 8.8432883131323903e-01
1166 6.3938572913631987e+01 8.8461883487823578e-01
1167 6.3720021097897543e+01 8.8159507247964919e-01
1168 6.3269722089144224e+01 8.7536498371917171e-01
1169 6.3475520650148617e+01 8.7821229911830090e-01
1170 6.2747301326712353e+01 8.6813705814749931e-01
1171 6.3031077683671896e+01 8.7206323132935371e-01
1172 6.2441430555444477e+01 8.6390519883359518e-01
1173 6.2407060923842856e+01 8.6342967956444150e-01
1174 6.2248864901388693e+01 8.6124096663750760e-01
1175 6.1771801871694151e+01 8.5464058564273737e-01
1176 6.1980582864994950e+01 8.5752916433040927e-01
1177 6.1295511757168505e+01 8.4805089827600744e-01
1178 6.1516081654520093e+01 8.5110258173894526e-01
1179 6.1017688915383928e+01 8.4420709464695221e-01
1180 6.0899767639901484e+01 8.4257560090896177e-01
1181 6.0824288769974657e+01 8.4153131688869143e-01
1182 6.0296453115423304e+01 8.3422847385578325e-01
1183 6.0540524670249084e+01 8.3760531329116683e-01
1184 5.9853966865517485e+01 8.2810647811824822e-01
1185 6.0069761174531536e+01 8.3109208917452293e-01
1186 5.9592773897214421e+01 8.2449275624787188e-01
1187 5.9467877876641417e+01 8.2276476378314389e-01
1188 5.9397547311997357e+01 8.2179170887565012e-01
1189 5.8891162219068754e+01 8.1478564398409703e-01
1190 5.9107892029610021e+01 8.1778419812360481e-01
1191 5.8470543438764643e+01 8.0896619449680329e-01
1192 5.8642420612926010e+01 8.1134419229406685e-01
1193 5.8217311983989376e+01 8.0546262373709276e-01
1194 5.8059178899801609e+01 8.0327478158930443e-01
1195 5.8021135244494133e+01 8.0274843055425604e-01
1196 5.7503679078043113e+01 7.9558919239476833e-01
1197 5.7734365635616747e+01 7.9878084438954333e-01
1198 5.7095293952894302e+01 7.8993900101375736e-01
1199 5.7283171205172486e+01 7.9253836706834468e-01
1200 5.6843892657348007e+01 7.8646075132786819e-01
1201 5.6720740116968102e+01 7.8475688069362171e-01
1202 5.6648501014075407e+01 7.8375742030341400e-01
1203 5.6180852661530899e+01 7.7728729558981635e-01
1204 5.6372420843344500e+01 7.7993772731003330e-01
1205 5.5776042565795983e+01 7.7168656634426858e-01
1206 5.5943357436124288e+01 7.7400144262165371e-01
1207 5.5520834301896656e+01 7.6815564554366078e-01
1208 5.5404392078013096e+01 7.6654461514794581e-01
1209 5.5326893831387295e+01 7.6547239214528617e-01
1210 5.4876663791624765e+01 7.5924325760173128e-01
1211 5.5067251260769631e+01 7.6188012072229327e-01
1212 5.4469001537997805e+01 7.5360306747245753e-01
1213 5.4666764953718072e+01 7.5633921303254559e-01
1214 5.4205013042487025e+01 7.4995066822927370e-01
1215 5.4154174891036917e+01 7.4924729960132652e-01
1216 5.4011937065772116e+01 7.4727937549030010e-01
1217 5.3636573255043459e+01 7.4208604880547124e-01
1218 5.3772586123566967e+01 7.4396784784787773e-01
1219 5.3220727567798917e+01 7.3633263720155073e-01
1220 5.3406570984893669e+01 7.3890386423413124e-01
1221 5.2942397876596623e+01 7.3248182108346216e-01
1222 5.2925076906481536e+01 7.3224217769287747e-01
1223 5.2747147627145175e+01 7.2978044630594352e-01
1224 5.2418861076196123e+01 7.2523845462591296e-01
1225 5.2528977206089444e+01 7.2676196067380539e-01
1226 5.1992219418505435e+01 7.1933567592851122e-01
1227 5.2201799729150316e+01 7.2223531353015946e-01
1228 5.1694469991009029e+01 7.1521617904838342e-01
1229 5.1756968496569151e+01 7.1608087390550679e-01
1230 5.1492062286650821e+01 7.1241577767186837e-01
1231 5.1265824777658636e+01 7.0928568025976690e-01
1232 5.1293022500022708e+01 7.0966197294777467e-01
1233 5.0827947399866204e+01 7.0322745033515610e-01
1234 5.1007379148199412e+01 7.0570996905456973e-01
1235 5.0505928621228811e+01 6.9877217609636577e-01
1236 5.0605949931445579e+01 7.0015601578616415e-01
1237 5.0289063795566719e+01 6.9577175396210245e-01
1238 5.0137238323310015e+01 6.9367118045455811e-01
1239 5.0103198349562533e+01 6.9320022214967913e-01
1240 4.9691842503780059e+01 6.8750892951623255e-01
1241 4.9858436721121016e+01 6.8981383523630047e-01
1242 4.9343066470083485e+01 6.8268345665216223e-01
1243 4.9506348065939086e+01 6.8494253076815714e-01
1244 4.9103766486622071e+01 6.7937263404681614e-01
1245 4.9069581299182197e+01 6.7889966664536971e-01
1246 4.8921777940218128e+01 6.7685474087928321e-01
1247 4.8624064969104531e+01 6.7273574838956351e-01
1248 4.8713231756197203e+01 6.7396941088331830e-01
1249 4.8248968977631456e+01 6.6754612710426164e-01
1250 4.8414464122621652e+01 6.6983582666538555e-01
1251 4.7979486955185870e+01 6.6381772245190163e-01
1252 4.8020945402096913e+01 6.6439131866043522e-01
1253 4.7788930570762062e+01 6.6118128940239806e-01
1254 4.7587604329734333e+01 6.5839585055613326e-01
1255 4.7606581408974989e+01 6.5865840695929123e-01
1256 4.7192132707744307e+01 6.5292432328346817e-01
1257 4.7360367092676931e+01 6.5525192145783751e-01
1258 4.6888027877484426e+01 6.4871689655549403e-01
1259 4.7020085127005075e+01 6.5054396783476665e-01
1260 4.6675727293481025e+01 6.4577962275179579e-01
1261 4.6614181584244065e+01 6.4492811025916486e-01
1262 4.6504833795087976e+01 6.4341523454999883e-01
1263 4.6209851536670350e+01 6.3933402269524509e-01
1264 4.6304156857146509e+01 6.4063877910316691e-01
1265 4.5871767568792578e+01 6.3465647935753200e-01
1266 4.6023280280039515e+01 6.3675272567622221e-01
1267 4.5626106524095349e+01 6.3125764861683675e-01
1268 4.5661513609631605e+01 6.3174752152650937e-01
1269 4.5448338495252798e+01 6.2879814820281099e-01
1270 4.5266205798706295e+01 6.2627826065339953e-01
1271 4.5278526836362957e+01 6.2644872773578264e-01
1272 4.4902970965244769e+01 6.2125274380931905e-01
1273 4.5055445650273455e+01 6.2336229946675759e-01
1274 4.4618269138476599e+01 6.1731376633755775e-01
1275 4.4751212124735403e+01 6.1915309218188574e-01
1276 4.4415670108226877e+01 6.1451071788151757e-01
1277 4.4386057941483998e+01 6.1410102027256885e-01
1278 4.4255969482844137e+01 6.1230118809820133e-01
1279 4.4014627818572478e+01 6.0896211792308252e-01
1280 4.4079390495738764e+01 6.0985813860993487e-01
1281 4.3693987090428308e+01 6.0452590963096819e-01
1282 4.3838501427646889e+01 6.0652533030596811e-01
1283 4.3453253763276507e+01 6.0119525607276247e-01
1284 4.3524061407222817e+01 6.0217491158638914e-01
1285 4.3280107030555875e+01 5.9879969336339145e-01
1286 4.3168664181224905e+01 5.9725783155700041e-01
1287 4.3128785610279841e+01 5.9670609364108418e-01
1288 4.2826869553902853e+01 5.9252894958151914e-01
1289 4.2944783175071500e+01 5.9416033741864493e-01
1290 4.2545175641845248e+01 5.8863158795893022e-01
1291 4.2693947595395308e+01 5.9068991466556142e-01
1292 4.2338848772398848e+01 5.8577696317554173e-01
1293 4.2380219088962441e+01 5.8634934006118888e-01
1294 4.2185875839666508e+01 5.8366051403764208e-01
1295 4.2041928713317247e+01 5.8166894097943256e-01
1296 4.2039268955610922e+01 5.8163214203857405e-01
1297 4.1729894658965996e+01 5.7735180987962842e-01
1298 4.1851513141615172e+01 5.7903445613709337e-01
1299 4.1480963526841123e+01 5.7390773601262668e-01
1300 4.1599146129436747e+01 5.7554284532844202e-01
1301 4.1300738523396191e+01 5.7141424225294046e-01
1302 4.1294234584272786e+01 5.7132425733793091e-01
1303 4.1162312874092613e+01 5.6949906130622774e-01
1304 4.0976555519253289e+01 5.6692902498355291e-01
1305 4.1020378355000410e+01 5.6753533357214214e-01
1306 4.0692009133050576e+01 5.6299219810173506e-01
1307 4.0834045862735408e+01 5.6495733996521447e-01
1308 4.0469881614299041e+01 5.5991896424808296e-01
1309 4.0587305072107334e+01 5.6154357045526337e-01
1310 4.0309883679325750e+01 5.5770532105322801e-01
1311 4.0296297664874885e+01 5.5751735244951217e-01
1312 4.0183555614135585e+01 5.5595751560890105e-01
1313 3.9999780272013155e+01 5.5341490132116433e-01
1314 4.0048535791616381e+01 5.5408945580337887e-01
1315 3.9739002139598362e+01 5.4980691889137023e-01
1316 3.9869240712376381e+01 5.5160882796217048e-01
1317 3.9538132005209597e+01 5.4702779048503480e-01
1318 3.9634094803309203e+01 5.4835547883931191e-01
1319 3.9394076492824510e+01 5.4503471785740476e-01
1320 3.9360397334814145e+01 5.4456875160008700e-01
1321 3.9279003069498714e+01 5.4344262543135990e-01
1322 3.9084618410925451e+01 5.4075322649188773e-01
1323 3.9153803031583578e+01 5.4171042675034131e-01
1324 3.8844162849541668e+01 5.3742641594766982e-01
1325 3.8986598119811049e+01 5.3939707179889551e-01
1326 3.8660266031799516e+01 5.3488212099024834e-01
1327 3.8767683455215192e+01 5.3636828922356128e-01
1328 3.8529391918105254e+01 5.3307141892581034e-01
1329 3.8513401487119687e+01 5.3285018414087437e-01
1330 3.8425775485328828e+01 5.3163783910286466e-01
1331 3.8257297840506745e+01 5.2930687531881426e-01
1332 3.8313491911352671e+01 5.3008434549391403e-01
1333 3.8033870452714289e+01 5.2621565719394570e-01
1334 3.8162940097188930e+01 5.2800139361736476e-01
1335 3.7863256226947250e+01 5.2385513285419283e-01
1336 3.7964308846989454e+01 5.2525324117800354e-01
1337 3.7743276968117620e+01 5.2219516599351878e-01
1338 3.7731464846159554e+01 5.2203173998809171e-01
1339 3.7651255193077148e+01 5.2092200346094730e-01
1340 3.7494601564099575e+01 5.1875463023957780e-01
1341 3.7554351186709340e+01 5.1958129306811573e-01
1342 3.7285982916018561e+01 5.1586829767083886e-01
1343 3.7424170310765170e+01 5.1778018225889078e-01
1344 3.7125960426112634e+01 5.1365431474747725e-01
1345 3.7249307418502667e+01 5.1536087571250222e-01
1346 3.7015054934973570e+01 5.1211988753269466e-01
1347 3.7039936509765326e+01 5.1246413528016865e-01
1348 3.6934536303810319e+01 5.1100587615521453e-01
1349 3.6822422746817402e+01 5.0945473480748549e-01
1350 3.6854773368852179e+01 5.0990232017368764e-01
1351 3.6627120783001025e+01 5.0675264453853230e-01
1352 3.6748016540132568e+01 5.0842529156429395e-01
1353 3.6475447545715433e+01 5.0465417727009587e-01
1354 3.6600315396079097e+01 5.0638177998734246e-01
1355 3.6371609184069314e+01 5.0321752696169542e-01
1356 3.6417192445623833e+01 5.0384819183094076e-01
1357 3.6301625395548029e+01 5.0224926985740115e-01
1358 3.6220529624653601e+01 5.0112727349287345e-01
1359 3.6239506889992278e+01 5.0138983247078117e-01
1360 3.6038577277065599e+01 4.9860988115219551e-01
1361 3.6158139629956153e+01 5.0026407993220601e-01
1362 3.5894076016982595e+01 4.9661064140523192e-01
1363 3.6040586658053236e+01 4.9863768183943497e-01
1364 3.5795510606168087e+01 4.9524694473668401e-01
1365 3.5886957078221812e+01 4.9651214769439106e-01
1366 3.5734416678042585e+01 4.9440168283836922e-01
1367 3.5713789528268670e+01 4.9411629696927095e-01
1368 3.5689219800243372e+01 4.9377636376168477e-01
1369 3.5546541977781636e+01 4.9180235209208506e-01
1370 3.5634033631565650e+01 4.9301283836516047e-01
1371 3.5408971276056015e+01 4.8989899972858625e-01
1372 3.5549124808936043e+01 4.9183808671959361e-01
1373 3.5314003411057136e+01 4.8858507672001888e-01
1374 3.5428804990008182e+01 4.9017340805720777e-01
1375 3.5259317381972124e+01 4.8782847097908932e-01
1376 3.5283341060769921e+01 4.8816084935069143e-01
1377 3.5228755920662138e+01 4.8740563945401388e-01
1378 3.5134218325417415e+01 4.8609766942048588e-01
1379 3.5198803943905304e+01 4.8699124042110581e-01
1380 3.5005207839294343e+01 4.8431275147939534e-01
1381 3.5147800089360615e+01 4.8628557921652171e-01
1382 3.4913224075604113e+01 4.8304011485090376e-01
1383 3.5064395334156032e+01 4.8513163701840534e-01
1384 3.4862385456118879e+01 4.8233673974748076e-01
1385 3.4951786966465626e+01 4.8357364974273703e-01
1386 3.4843002873821014e+01 4.8206857302764439e-01
1387 3.4825993605842733e+01 4.8183324217593138e-01
1388 3.4835510697844022e+01 4.8196491541250769e-01
1389 3.4709176813720553e+01 4.8021702946062844e-01
1390 3.4817916812686988e+01 4.8172149611990600e-01
1391 3.4621085382353527e+01 4.7899824499567145e-01
1392 3.4774140705393485e+01 4.8111583404043184e-01
1393 3.4572010315670070e+01 4.7831926943627423e-01
1394 3.4700040324732953e+01 4.8009062203745984e-01
1395 3.4559523506291796e+01 4.7814650882776838e-01
1396 3.4604680768217506e+01 4.7877127980107387e-01
1397 3.4569748270375989e+01 4.7828797302502662e-01
1398 3.4506460415939777e+01 4.7741235717215280e-01
1399 3.4582562427624353e+01 4.7846526263814182e-01
1400 3.4425963216707949e+01 4.7629864231505692e-01
1401 3.4578985162240997e+01 4.7841576956703824e-01
1402 3.4378527026360075e+01 4.7564234134485411e-01
1403 3.4548137504218666e+01 4.7798897838207860e-01
1404 3.4369150109760184e+01 4.7551260749782953e-01
1405 3.4491109725302636e+01 4.7719997348188264e-01
1406 3.4391161444442723e+01 4.7581714418599247e-01
1407 3.4420231959462498e+01 4.7621934780040287e-01
1408 3.4428823003040755e+01 4.7633820874168242e-01
1409 3.4354220380821694e+01 4.7530604800147586e-01
1410 3.4462956735978253e+01 4.7681046424700940e-01
1411 3.4311335482954320e+01 4.7471271620414979e-01
1412 3.4477759966187222e+01 4.7701527357670120e-01
1413 3.4303171352809997e+01 4.7459976180171387e-01
1414 3.4466406093234781e+01 4.7685818765180715e-01
1415 3.4331055622552995e+01 4.7498555318064878e-01
1416 3.4433313148645965e+01 4.7640033192011305e-01
1417 3.4385946885627554e+01 4.7574499842587820e-01
1418 3.4392265083448571e+01 4.7583241352665789e-01
1419 3.4451683544088027e+01 4.7665449458079928e-01
1420 3.4361299327536159e+01 4.7540398840441811e-01
1421 3.4510547967824181e+01 4.7746891028587912e-01
1422 3.4356456010066992e+01 4.7533697893484006e-01
1423 3.4549358966759776e+01 4.7800587786420223e-01
1424 3.4386595365907191e+01 4.7575397044141232e-01
1425 3.4563958276575455e+01 4.7820786586378766e-01
1426 3.4450771855483936e+01 4.7664188096003846e-01
1427 3.4560393484336572e+01 4.7815854536423252e-01
1428 3.4538661695924993e+01 4.7785787632411431e-01
1429 3.4552283140171916e+01 4.7804633511495015e-01
1430 3.4633553294269134e+01 4.7917074414930516e-01
1431 3.4555091010355753e+01 4.7808518325836852e-01
1432 3.4716335406100796e+01 4.8031607179708052e-01
1433 3.4578417746504108e+01 4.7840791911581315e-01
1434 3.4767649359123439e+01 4.8102602335319683e-01
1435 3.4616513355584878e+01 4.7893498895461817e-01
1436 3.4764204553304168e+01 4.8097836291957496e-01
1437 3.4635592060419889e+01 4.7919895139345658e-01
1438 3.4665272190002597e+01 4.7960958929877795e-01
1439 3.4556289748393553e+01 4.7810176833679613e-01
1440 3.4389146605421686e+01 4.7578926798441284e-01
1441 3.4235175629781075e+01 4.7365901047522119e-01
1442 3.3791464923504059e+01 4.6752007383458044e-01
1443 3.3465894848242201e+01 4.6301566581411369e-01
1444 3.2679664085123790e+01 4.5213781055521174e-01
1445 3.2042508551789119e+01 4.4332247796566365e-01
1446 3.0911446252091096e+01 4.2767372372954526e-01
1447 2.9915138699103537e+01 4.1388936185623965e-01
1448 2.8575041523060438e+01 3.9534851634665663e-01
1449 2.7368862328539347e+01 3.7866048617818654e-01
1450 2.6120167122530255e+01 3.6138422792090702e-01
1451 2.5043732201806783e+01 3.4649126797513347e-01
1452 2.4263141729046335e+01 3.3569144866319545e-01
1453 2.3697148598258991e+01 3.2786067983164030e-01
1454 2.3667317718306752e+01 3.2744795622733985e-01
1455 2.3822850038415567e+01 3.2959981563756502e-01
1456 2.4532566808312701e+01 3.3941906548112999e-01
1457 2.5224353550147690e+01 3.4899024534422957e-01
1458 2.6152037569417576e+01 3.6182516984856927e-01
1459 2.6668986105978476e+01 3.6897738472083791e-01
1460 2.6908450613009961e+01 3.7229048358357031e-01
1461 2.6559073914674070e+01 3.6745670025479649e-01
1462 2.5825771621012922e+01 3.5731113411104920e-01
1463 2.4981783259022205e+01 3.4563417656550727e-01
1464 2.4163097381125088e+01 3.3430729023642242e-01
1465 2.3871136157960997e+01 3.3026787575943811e-01
1466 2.3849596930192611e+01 3.2996987088218843e-01
1467 2.4457746787428633e+01 3.3838389693288240e-01
1468 2.5001203806010658e+01 3.4590286854386637e-01
1469 2.5616857292882209e+01 3.5442071067620023e-01
1470 2.5572161704539184e+01 3.5380232716398746e-01
1471 2.5186331642402649e+01 3.4846419519646199e-01
1472 2.4386224035895360e+01 3.3739434758504011e-01
1473 2.3712809026948307e+01 3.2807734888679030e-01
1474 2.3429187827854054e+01 3.2415332238359584e-01
1475 2.3568634124832514e+01 3.2608262444868569e-01
1476 2.4172551408442910e+01 3.3443809094481630e-01
1477 2.4589987740105087e+01 3.4021350982771276e-01
1478 2.4820593974593287e+01 3.4340405051657313e-01
1479 2.4306247769398276e+01 3.3628784006598539e-01
1480 2.3717368314603213e+01 3.2814042867649107e-01
1481 2.3052744519172549e+01 3.1894506036039788e-01
1482 2.2994726919339659e+01 3.1814236084384895e-01
1483 2.3280871185675377e+01 3.2210129511401031e-01
1484 2.3812903928790099e+01 3.2946220674972926e-01
1485 2.4066555857165692e+01 3.3297159495029693e-01
1486 2.3759773019176922e+01 3.2872711678421629e-01
1487 2.3191353821808889e+01 3.2086278223334419e-01
1488 2.2565551824776005e+01 3.1220453091097733e-01
1489 2.2554514755918429e+01 3.1205182811283311e-01
1490 2.2792420339767020e+01 3.1534335857410023e-01
1491 2.3348156936344367e+01 3.2303222365445666e-01
1492 2.3337309027758327e+01 3.2288213797351395e-01
1493 2.3017618697184052e+01 3.1845907885806474e-01
1494 2.2336152637761657e+01 3.0903069026531943e-01
1495 2.2049276992767197e+01 3.0506163704336625e-01
1496 2.2182151610205441e+01 3.0690001697439606e-01
1497 2.2603659142932511e+01 3.1273176275009701e-01
1498 2.2855801672923501e+01 3.1622026774699735e-01
1499 2.2518077203722466e+01 3.1154769823472422e-01
1500 2.2017531004208060e+01 3.0462241705249815e-01
1501 2.1556190169832266e+01 2.9823955968190058e-01
1502 2.1755003011783046e+01 3.0099022452459107e-01
1503 2.2053031717621312e+01 3.0511358534584432e-01
1504 2.2339956066424232e+01 3.0908331240683290e-01
1505 2.1958410001838516e+01 3.0380445146694113e-01
1506 2.1475313582626697e+01 2.9712059582201961e-01
1507 2.1143525072903696e+01 2.9253015297160417e-01
1508 2.1341428190894259e+01 2.9526823137526303e-01
1509 2.1716539250670234e+01 3.0045806113729412e-01
1510 2.1732284921268725e+01 3.0067590955249146e-01
1511 2.1371568357835802e+01 2.9568523410378622e-01
1512 2.0820375057538051e+01 2.8805922756528041e-01
1513 2.0816725653191732e+01 2.8800873641926750e-01
1514 2.1029264263606677e+01 2.9094930342513231e-01
1515 2.1371644204919090e+01 2.9568628348220349e-01
1516 2.1066243654497651e+01 2.9146092988461975e-01
1517 2.0653008426759172e+01 2.8574363515884527e-01
1518 2.0320901439431545e+01 2.8114878602792182e-01
1519 2.0554417592518526e+01 2.8437958674579350e-01
1520 2.0834654033154223e+01 2.8825678359753493e-01
1521 2.0773390648579412e+01 2.8740917719323694e-01
1522 2.0342698586691242e+01 2.8145035933701940e-01
1523 1.9960037200149504e+01 2.7615606741760640e-01
1524 2.0115680277756979e+01 2.7830945920750405e-01
1525 2.0349931074886300e+01 2.8155042405521424e-01
1526 2.0433851512502375e+01 2.8271150095079473e-01
1527 1.9938952675669523e+01 2.7586435356430167e-01
1528 1.9664807981682525e+01 2.7207143875979989e-01
1529 1.9656128692319331e+01 2.7195135689850453e-01
1530 2.0013823070365596e+01 2.7690021905683271e-01
1531 1.9962579602642130e+01 2.7619124269644563e-01
1532 1.9596947157220644e+01 2.7113255381548884e-01
1533 1.9256201163378204e+01 2.6641818015454560e-01
1534 1.9337693776602080e+01 2.6754566701069837e-01
1535 1.9639949634824475e+01 2.7172751238120729e-01
1536 1.9531763343902238e+01 2.7023070652107800e-01
1537 1.9188424709631590e+01 2.6548046251692337e-01
1538 1.8853852485279411e+01 2.6085150572602284e-01
1539 1.9090677307791566e+01 2.6412808336944221e-01
1540 1.9229734510649418e+01 2.6605200214285157e-01
1541 1.9149504725803268e+01 2.6494198708372596e-01
1542 1.8668560674178728e+01 2.5828791040978427e-01
1543 1.8589821783860099e+01 2.5719852254516368e-01
1544 1.8766836246948348e+01 2.5964759703897894e-01
1545 1.8916776295993650e+01 2.6172208487071719e-01
1546 1.8619861638198870e+01 2.5761413740383388e-01
1547 1.8260448334238720e+01 2.5264149313449052e-01
1548 1.8312319257010426e+01 2.5335915061690489e-01
1549 1.8504756815874853e+01 2.5602161055856504e-01
1550 1.8513007979438253e+01 2.5613576910739133e-01
1551 1.8072422570986813e+01 2.5004007236396952e-01
1552 1.7947500101648306e+01 2.4831171396870760e-01
1553 1.8048291446299768e+01 2.4970620743029653e-01
1554 1.8258823422976821e+01 2.5261901175835433e-01
1555 1.7942114502487964e+01 2.4823720178870043e-01
1556 1.7663509175125800e+01 2.4438257212070794e-01
1557 1.7648854352490538e+01 2.4417981607636419e-01
1558 1.7884852674773491e+01 2.4744495871839919e-01
1559 1.7795017569918457e+01 2.4620204974863893e-01
1560 1.7426509466217407e+01 2.4110357484555411e-01
1561 1.7325333998353234e+01 2.3970376686702502e-01
1562 1.7472814682843897e+01 2.4174422828704148e-01
1563 1.7586029533512665e+01 2.4331060652674358e-01
1564 1.7215762585984187e+01 2.3818779723040520e-01
1565 1.7045449840331802e+01 2.3583144400326267e-01
1566 1.7092096368796046e+01 2.3647681964711528e-01
1567 1.7304719291934504e+01 2.3941855315732702e-01
1568 1.7021056320826006e+01 2.3549394871957927e-01
1569 1.6774577359034865e+01 2.3208380172902626e-01
1570 1.6767837157115981e+01 2.3199054801226937e-01
1571 1.6973550717514819e+01 2.3483668738989497e-01
1572 1.6827610801792538e+01 2.3281754319687614e-01
1573 1.6502919466110754e+01 2.2832529293264417e-01
1574 1.6484778734678777e+01 2.2807430777654955e-01
1575 1.6633527349601245e+01 2.3013231158279984e-01
1576 1.6613532493186444e+01 2.2985567377592991e-01
1577 1.6241330373634160e+01 2.2470609050665191e-01
1578 1.6211664368144842e+01 2.2429564801449775e-01
1579 1.6320712223361205e+01 2.2580437400307707e-01
1580 1.6362722859018433e+01 2.2638560999058951e-01
1581 1.6000355637688141e+01 2.2137209694949811e-01
1582 1.5928074730791799e+01 2.2037205818214942e-01
1583 1.6048023347511869e+01 2.2203160109549366e-01
1584 1.6078531611516169e+01 2.2245369661198414e-01
1585 1.5774543396094996e+01 2.1824788330260922e-01
1586 1.5637196409695827e+01 2.1634762614099581e-01
1587 1.5803206448136216e+01 2.1864444948395029e-01
1588 1.5782777772301790e+01 2.1836180959082716e-01
1589 1.5543758938885890e+01 2.1505487682246616e-01
1590 1.5358326312290552e+01 2.1248933326069855e-01
1591 1.5562470437666384e+01 2.1531375880083603e-01
1592 1.5499842253039077e+01 2.1444726977565268e-01
1593 1.5288310954906914e+01 2.1152063938703386e-01
1594 1.5108575853410899e+01 2.0903392364054857e-01
1595 1.5309577977695318e+01 2.1181487818629233e-01
1596 1.5239414078843549e+01 2.1084412917479017e-01
1597 1.5004740607613021e+01 2.0759731644130611e-01
1598 1.4889469192297337e+01 2.0600248470727492e-01
1599 1.5046470750928068e+01 2.0817467169145412e-01
1600 1.4990867876553047e+01 2.0740538098470104e-01
1601 1.4709212291543192e+01 2.0350854963400875e-01
1602 1.4687131442882045e+01 2.0320305118877238e-01
1603 1.4787942453361437e+01 2.0459781673591151e-01
1604 1.4732243877601007e+01 2.0382720195756598e-01
1605 1.4426553477323194e+01 1.9959783815721183e-01
1606 1.4483869701443540e+01 2.0039083382618694e-01
1607 1.4546109112303363e+01 2.0125194399191892e-01
1608 1.4447104875045801e+01 1.9988217596270286e-01
1609 1.4174917059208440e+01 1.9611633544512758e-01
1610 1.4271207810317161e+01 1.9744856117638387e-01
1611 1.4317831313883200e+01 1.9809361826044239e-01
1612 1.4137526838267526e+01 1.9559902496762802e-01
1613 1.3957325528175609e+01 1.9310585901610805e-01
1614 1.4053493696438506e+01 1.9443638875870980e-01
1615 1.4084372035888968e+01 1.9486360443498929e-01
1616 1.3824419207997728e+01 1.9126704046345555e-01
1617 1.3763855671157046e+01 1.9042911676646471e-01
1618 1.3839234849581565e+01 1.9147202151008560e-01
1619 1.3823643749794490e+01 1.9125631165139448e-01
1620 1.3536167553143180e+01 1.8727894952790095e-01
1621 1.3580318177895524e+01 1.8788979322440200e-01
1622 1.3628370691396798e+01 1.8855462130187389e-01
1623 1.3527424400619802e+01 1.8715798409113962e-01
1624 1.3294140746498204e+01 1.8393040010073769e-01
1625 1.3395429310336301e+01 1.8533177281279337e-01
1626 1.3407356135082811e+01 1.8549678578274670e-01
1627 1.3211925184000341e+01 1.8279291091711200e-01
1628 1.3102766678476714e+01 1.8128265403190127e-01
1629 1.3200927086858789e+01 1.8264074731013910e-01
1630 1.3157856303278239e+01 1.8204484370059520e-01
1631 1.2913259072030659e+01 1.7866073129613233e-01
1632 1.2946786367585432e+01 1.7912459646826159e-01
1633 1.2987479865651522e+01 1.7968760926641977e-01
1634 1.2874348140142081e+01 1.7812238110058140e-01
1635 1.2668726019376340e+01 1.7527750683129348e-01
1636 1.2795216636968883e+01 1.7702756126101768e-01
1637 1.2745646067960005e+01 1.7634173020469868e-01
1638 1.2577177843530778e+01 1.7401089675600884e-01
1639 1.2493370224463314e+01 1.7285138075565137e-01
1640 1.2611752574675030e+01 1.7448925366932894e-01
1641 1.2476098571308759e+01 1.7261241968733596e-01
1642 1.2307096530537677e+01 1.7027420065012183e-01
1643 1.2364281025434380e+01 1.7106537378620282e-01
1644 1.2371979156647200e+01 1.7117188088440508e-01
1645 1.2199777458495916e+01 1.6878939315218103e-01
1646 1.2098972968617501e+01 1.6739471782048110e-01
1647 1.2225095286133524e+01 1.6913967665345156e-01
1648 1.2083176331079196e+01 1.6717616425481105e-01
1649 1.1952628966398446e+01 1.6536998290953289e-01
1650 1.1950293147419096e+01 1.6533766580625955e-01
1651 1.2018436373065542e+01 1.6628045789762563e-01
1652 1.1790839142417893e+01 1.6313154812653952e-01
1653 1.1760525226757407e+01 1.6271214150655758e-01
1654 1.1811343570062373e+01 1.6341523607993202e-01
1655 1.1733342797518395e+01 1.6233606040579457e-01
1656 1.1554368180886126e+01 1.5985986630850244e-01
1657 1.1609879047267293e+01 1.6062788404339187e-01
1658 1.1618404312949925e+01 1.6074583491798183e-01
1659 1.1426347359384058e+01 1.5808864082134166e-01
1660 1.1399243792718813e+01 1.5771365081965924e-01
1661 1.1445010841263297e+01 1.5834685846434543e-01
1662 1.1355251097242066e+01 1.5710499214552270e-01
1663 1.1181681756026068e+01 1.5470358245806404e-01
1664 1.1282562595735676e+01 1.5609931412392400e-01
1665 1.1215272060718842e+01 1.5516831938987927e-01
1666 1.1079271638434754e+01 1.5328669254677771e-01
1667 1.1033593436098123e+01 1.5265471412922768e-01
1668 1.1116075610069093e+01 1.5379589200216809e-01
1669 1.0939589863108584e+01 1.5135413253312721e-01
1670 1.0867032971797533e+01 1.5035027539761264e-01
1671 1.0922548292209383e+01 1.5111835475601434e-01
1672 1.0853888736262229e+01 1.5016841900334635e-01
1673 1.0701617802446910e+01 1.4806168233533401e-01
1674 1.0726182901390821e+01 1.4840155149750292e-01
1675 1.0747222489519817e+01 1.4869264363623633e-01
1676 1.0559362635381518e+01 1.4609351829271797e-01
1677 1.0554970745031561e+01 1.4603275451981454e-01
1678 1.0575207595166953e+01 1.4631274041835121e-01
1679 1.0485211137844875e+01 1.4506759906483735e-01
1680 1.0343899004115123e+01 1.4311248231140228e-01
1681 1.0443452923240939e+01 1.4448985543581661e-01
1682 1.0343097821891737e+01 1.4310139759598436e-01
1683 1.0229813548525181e+01 1.4153405886211992e-01
1684 1.0228639907338239e+01 1.4151782100988072e-01
1685 1.0253768195380646e+01 1.4186548214583672e-01
1686 1.0081016941714585e+01 1.3947539106657142e-01
1687 1.0064955416729505e+01 1.3925317266426424e-01
1688 1.0105548199895244e+01 1.3981479202660199e-01
1689 9.9739052312967917e+00 1.3799345250970690e-01
1690 9.9003559529907452e+00 1.3697586525499736e-01
1691 9.9400285324262665e+00 1.3752475318598498e-01
1692 9.8823926160059070e+00 1.3672733443064633e-01
1693 9.7290184777016968e+00 1.3460533443370556e-01
1694 9.7998284507863822e+00 1.3558502217200633e-01
1695 9.7394007542970868e+00 1.3474897788720591e-01
1696 9.6283905548667867e+00 1.3321310198624886e-01
1697 9.5985485638077570e+00 1.3280022465480223e-01
1698 9.6467962560383764e+00 1.3346775311753892e-01
1699 9.4793852717535536e+00 1.3115154706045498e-01
1700 9.4623932824744195e+00 1.3091645526729476e-01
1701 9.4860598525309037e+00 1.3124389287928542e-01
1702 9.3864852043795235e+00 1.2986623295950475e-01
1703 9.2961959566958487e+00 1.2861704072001179e-01
1704 9.3460982355532920e+00 1.2930746113086880e-01
1705 9.2750466368703375e+00 1.2832443039403871e-01
1706 9.1495411305035717e+00 1.2658800541997894e-01
1707 9.2047746612027694e+00 1.2735218609131388e-01
1708 9.1448631126772781e+00 1.2652328294510257e-01
1709 9.0406918893812787e+00 1.2508202734647628e-01
1710 9.0254276693411253e+00 1.2487084001570044e-01
1711 9.0538176827064039e+00 1.2526362858449278e-01
1712 8.8894029775288494e+00 1.2298887739279067e-01
1713 8.9050928851129623e+00 1.2320595430167247e-01
1714 8.8973479379611451e+00 1.2309879948395565e-01
1715 8.8028611960702019e+00 1.2179153302938663e-01
1716 8.7328211421360713e+00 1.2082249746786865e-01
1717 8.7888978742886188e+00 1.2159834420951510e-01
1718 8.6718090856163172e+00 1.1997836829994156e-01
1719 8.6068508095844845e+00 1.1907964141505158e-01
1720 8.6450851871460817e+00 1.1960863117803117e-01
1721 8.5632285704986373e+00 1.1847610817124540e-01
1722 8.4766398306147988e+00 1.1727811411696640e-01
1723 8.4996289194136185e+00 1.1759617847188397e-01
1724 8.4635164294553658e+00 1.1709654597563521e-01
1725 8.3326176034202746e+00 1.1528550200487740e-01
1726 8.3832282023488052e+00 1.1598572234162348e-01
1727 8.3253306671519702e+00 1.1518468397316739e-01
1728 8.2366040127924443e+00 1.1395711091319011e-01
1729 8.2201282784796383e+00 1.1372916173904690e-01
1730 8.2358434692814537e+00 1.1394658845258600e-01
1731 8.0932725102142591e+00 1.1197405528598157e-01
1732 8.1098755776723674e+00 1.1220376617130327e-01
1733 8.0965264235748933e+00 1.1201907463681643e-01
1734 7.9959016610897322e+00 1.1062688591421603e-01
1735 7.9656133022718203e+00 1.1020783288461419e-01
1736 7.9858951209130797e+00 1.1048844094259945e-01
1737 7.8789765610829159e+00 1.0900917471074939e-01
1738 7.8367296007847091e+00 1.0842466906582938e-01
1739 7.8714034555837369e+00 1.0890439739937362e-01
1740 7.7572185014635782e+00 1.0732459734329725e-01
1741 7.7266749937470625e+00 1.0690201421424030e-01
1742 7.7327211362967647e+00 1.0698566530831538e-01
1743 7.6674840118122081e+00 1.0608308043000900e-01
1744 7.5817260763296241e+00 1.0489658092726530e-01
1745 7.6375921036872239e+00 1.0566951247356539e-01
1746 7.5319110569576688e+00 1.0420736779052885e-01
1747 7.4876776104409162e+00 1.0359537821776883e-01
1748 7.4945094925698665e+00 1.0368990037135367e-01
1749 7.4438386258056246e+00 1.0298884620206837e-01
1750 7.3521065894709832e+00 1.0171969233444964e-01
1751 7.3925181320617845e+00 1.0227880415214059e-01
1752 7.3217714570636714e+00 1.0129999217125892e-01
1753 7.2458377621804448e+00 1.0024941544371238e-01
1754 7.2722378270987686e+00 1.0061467218318174e-01
1755 7.2119783337761634e+00 9.9780955064637314e-02
1756 7.1381757314072560e+00 9.8759862957893643e-02
1757 7.1485013864459770e+00 9.8902723026760772e-02
1758 7.1153093305437158e+00 9.8443496045590370e-02
1759 7.0118668388793548e+00 9.7012322775948637e-02
1760 7.0537084827472363e+00 9.7591220686256919e-02
1761 6.9865706592080556e+00 9.6662338784001822e-02
1762 6.9238768064427498e+00 9.5794941210674875e-02
1763 6.9204137344645362e+00 9.5747028056551081e-02
1764 6.9001946300859620e+00 9.5467287678519544e-02
1765 6.7954180453936024e+00 9.4017656633449492e-02
1766 6.8298349504060178e+00 9.4493829951445257e-02
1767 6.7758984789941348e+00 9.3747594677125415e-02
1768 6.7026183488639495e+00 9.2733731208150982e-02
1769 6.7113949443734100e+00 9.2855159343625066e-02
1770 6.6763572968895906e+00 9.2370397775113383e-02
1771 6.5938548346603012e+00 9.1228939205019163e-02
1772 6.6048068401703164e+00 9.1380465113596085e-02
1773 6.5743712108143537e+00 9.0959374530044490e-02
1774 6.4819563032431819e+00 8.9680772832577443e-02
1775 6.5116134739957108e+00 9.0091093092185451e-02
1776 6.4550825961430025e+00 8.9308963041077535e-02
1777 6.3954126968535574e+00 8.8483403220434798e-02
1778 6.3904092396661278e+00 8.8414178146026492e-02
1779 6.3701151901389883e+00 8.8133400868249126e-02
1780 6.2735902162037256e+00 8.6797934559130749e-02
1781 6.3095236319940229e+00 8.7295089483945015e-02
1782 6.2464832597495796e+00 8.6422897658198453e-02
1783 6.1917143750760841e+00 8.5665145573038642e-02
1784 6.1929096174122211e+00 8.5681682286865804e-02
1785 6.1579633379636487e+00 8.5198184836103433e-02
1786 6.0810790651327267e+00 8.4134456436284089e-02
1787 6.1032117118301903e+00 8.4440671530586070e-02
1788 6.0498791772968277e+00 8.3702791993866724e-02
1789 5.9860118149127697e+00 8.2819158388605485e-02
1790 6.0069387544347936e+00 8.3108691983334704e-02
1791 5.9441913436337233e+00 8.2240553410560358e-02
1792 5.8975864919197205e+00 8.1595754383240737e-02
1793 5.9004470725974620e+00 8.1635331799984737e-02
1794 5.8560069569316964e+00 8.1020482866849999e-02
1795 5.7890027590095308e+00 8.0093449734941938e-02
1796 5.8211146987562801e+00 8.0537732824632113e-02
1797 5.7392995507728717e+00 7.9405783555413403e-02
1798 5.7140544259253199e+00 7.9056505929852958e-02
1799 5.7088565854554139e+00 7.8984591475544097e-02
1800 5.6574242001730664e+00 7.8273001355993924e-02
1801 5.6078687700442513e+00 7.7587379752870902e-02
1802 5.6286166028020785e+00 7.7874435325182012e-02
1803 5.5479981363389497e+00 7.6759042681548609e-02
1804 5.5285112246289341e+00 7.6489432517499831e-02
1805 5.5275156720121030e+00 7.6475658600506854e-02
1806 5.4563879691446848e+00 7.5491574928149424e-02
1807 5.4399375543798385e+00 7.5263976061308913e-02
1808 5.4321437211222614e+00 7.5156144882391820e-02
1809 5.3665093389329659e+00 7.4248063765556815e-02
1810 5.3469845693026157e+00 7.3977929820199642e-02
1811 5.3478319872392603e+00 7.3989654227448812e-02
1812 5.2628105624686494e+00 7.2813344680755274e-02
1813 5.2757375004363194e+00 7.2992194665708027e-02
1814 5.2394026881094442e+00 7.2489486239770251e-02
1815 5.1883928062318638e+00 7.1783741644332141e-02
1816 5.1758474930366383e+00 7.1610171609277809e-02
1817 5.1619419863352984e+00 7.1417782686973477e-02
1818 5.0853787761390805e+00 7.0358496332712739e-02
1819 5.1072145861299170e+00 7.0660604558037202e-02
1820 5.0553274720042811e+00 6.9942723060978831e-02
1821 5.0121212204791341e+00 6.9344945191659471e-02
1822 5.0141650609721093e+00 6.9373222641611554e-02
1823 4.9704989343654287e+00 6.8769082194269596e-02
1824 4.9247278086253194e+00 6.8135818139753168e-02
1825 4.9331169403925053e+00 6.8251885540562274e-02
1826 4.8790914215162973e+00 6.7504418254632687e-02
1827 4.8424964885141701e+00 6.6998110942479858e-02
1828 4.8534394467807109e+00 6.7149511678385315e-02
1829 4.7828288518363138e+00 6.6172582426083301e-02
1830 4.7736743996368407e+00 6.6045926473821348e-02
1831 4.7574920723484135e+00 6.5822036717463422e-02
1832 4.7076429732928453e+00 6.5132352073018304e-02
1833 4.6845762554724084e+00 6.4813213685767410e-02
1834 4.6847764885152658e+00 6.4815983999726656e-02
1835 4.6098349600038517e+00 6.3779134338954407e-02
1836 4.6227961824977619e+00 6.3958458665705459e-02
1837 4.5848177361409252e+00 6.3433009825737574e-02
1838 4.5410261915590793e+00 6.2827134164454998e-02
1839 4.5366362688080972e+00 6.2766397614165942e-02
1840 4.5072611038824739e+00 6.2359979031662349e-02
1841 4.4560734628006875e+00 6.1651775057903015e-02
1842 4.4661705702805552e+00 6.1791473068782084e-02
1843 4.4174837429708189e+00 6.1117868975258845e-02
1844 4.3832067611999017e+00 6.0643631558069531e-02
1845 4.3895034479101653e+00 6.0730749042983541e-02
1846 4.3302262101774529e+00 5.9910621871100224e-02
1847 4.3166088013621797e+00 5.9722218912271294e-02
1848 4.3035324129182770e+00 5.9541301212946256e-02
1849 4.2569060903145273e+00 5.8896205126236570e-02
1850 4.2369152008689825e+00 5.8619622204165646e-02
1851 4.2337155910195738e+00 5.8575354166765556e-02
1852 4.1670280528437118e+00 5.7652702164480228e-02
1853 4.1799527257953129e+00 5.7831520811919730e-02
1854 4.1394281787104310e+00 5.7270845526366819e-02
1855 4.1051109725512642e+00 5.6796051586724072e-02
1856 4.0981282684558966e+00 5.6699442743585085e-02
1857 4.0687852882046744e+00 5.6293469450487750e-02
1858 4.0248711753008948e+00 5.5685898001495177e-02
1859 4.0351937145497301e+00 5.5828714962011708e-02
1860 3.9812090424828450e+00 5.5081812810010282e-02
1861 3.9633526327399640e+00 5.4834761372012236e-02
1862 3.9574056403145041e+00 5.4752482064378230e-02
1863 3.9057185001008063e+00 5.4037367296086602e-02
1864 3.8982607177667354e+00 5.3934185532426460e-02
1865 3.8795841545168446e+00 5.3675786902792268e-02
1866 3.8356037886111629e+00 5.3067298813801664e-02
1867 3.8285122160072067e+00 5.2969183726015140e-02
1868 3.8087006097115030e+00 5.2695081266736832e-02
1869 3.7586835885241507e+00 5.2003073344279713e-02
1870 3.7716699630494936e+00 5.2182745660667176e-02
1871 3.7217848119632788e+00 5.1492562220207511e-02
1872 3.7039343556431548e+00 5.1245593150483618e-02
1873 3.6930053083668883e+00 5.1094384879368154e-02
1874 3.6569689000405812e+00 5.0595805006622550e-02
1875 3.6318663924546373e+00 5.0248500554845130e-02
1876 3.6317974573264333e+00 5.0247546806426686e-02
1877 3.5764503080427579e+00 4.9481794171013734e-02
1878 3.5790898253208145e+00 4.9518313076468652e-02
1879 3.5520008424497784e+00 4.9143524848120450e-02
1880 3.5147624554495707e+00 4.8628315061293240e-02
1881 3.5138527527126571e+00 4.8615728915895516e-02
1882 3.4807855948697761e+00 4.8158229955397640e-02
1883 3.4516023229273518e+00 4.7754466298387116e-02
1884 3.4493604929039590e+00 4.7723449574476690e-02
1885 3.4108919915936489e+00 4.7191220604421227e-02
1886 3.3890236774994333e+00 4.6888662670247321e-02
1887 3.3876595702000469e+00 4.6869789633911925e-02
1888 3.3360290378673612e+00 4.6155458061044652e-02
1889 3.3391569969388963e+00 4.6198734777795056e-02
1890 3.3101654249322614e+00 4.5797623375380105e-02
1891 3.2809771970807069e+00 4.5393791151143864e-02
1892 3.2719692464395065e+00 4.5269162113651534e-02
1893 3.2494321535425503e+00 4.4957351324771737e-02
1894 3.2127270009626887e+00 4.4449519075323733e-02
1895 3.2204843243485812e+00 4.4556845123790149e-02
1896 3.1723406851942388e+00 4.3890756282035086e-02
1897 3.1652318156351305e+00 4.3792401883115763e-02
1898 3.1494590349752936e+00 4.3574178388059930e-02
1899 3.1137709317850031e+00 4.3080417473097779e-02
1900 3.1061630543114869e+00 4.2975159075860650e-02
1901 3.0868079620928448e+00 4.2707372693600539e-02
1902 3.0518309780449715e+00 4.2223450430934784e-02
1903 3.0517294103955388e+00 4.2222045196948346e-02
1904 3.0203214144261596e+00 4.1787501485160729e-02
1905 2.9955237549135698e+00 4.1444414743212858e-02
1906 2.9958570908399920e+00 4.1449026595267377e-02
1907 2.9521766146397810e+00 4.0844687614862658e-02
1908 2.9486612157416441e+00 4.0796050494331319e-02
1909 2.9279615206911194e+00 4.0509660928792143e-02
1910 2.8990938077685642e+00 4.0110263172360432e-02
1911 2.8897312520049758e+00 3.9980728013947441e-02
1912 2.8717343672506943e+00 3.9731733041158859e-02
1913 2.8369238604794011e+00 3.9250114066285292e-02
1914 2.8434083570890318e+00 3.9339829985396153e-02
1915 2.8012529012656300e+00 3.8756590345927940e-02
1916 2.7938983178714758e+00 3.8654836385889770e-02
1917 2.7787571022364923e+00 3.8445350876231112e-02
1918 2.7483731185554805e+00 3.8024974833757302e-02
1919 2.7396030408718932e+00 3.7903636875327634e-02
1920 2.7227299013211019e+00 3.7670189421467173e-02
1921 2.6911244154763723e+00 3.7232913348673180e-02
1922 2.6914961110044158e+00 3.7238055923021707e-02
1923 2.6606578899287272e+00 3.6811395302451665e-02
1924 2.6423195426691066e+00 3.6557676042744208e-02
1925 2.6383114733023869e+00 3.6502222605300616e-02
1926 2.6010288274468674e+00 3.5986400477358564e-02
1927 2.5986062040666078e+00 3.5952882396263937e-02
1928 2.5771105810620680e+00 3.5655480810480283e-02
1929 2.5530733923890723e+00 3.5322915523695153e-02
1930 2.5455733329017085e+00 3.5219148836656465e-02
1931 2.5248244003595448e+00 3.4932078048335785e-02
1932 2.4990982767899670e+00 3.4576145589711865e-02
1933 2.5014022312265105e+00 3.4608021832743141e-02
1934 2.4620935351430480e+00 3.4064168391145268e-02
1935 2.4612654798967468e+00 3.4052711875401834e-02
1936 2.4402341174892954e+00 3.3761733543215523e-02
1937 2.4174547604476069e+00 3.3446570921229671e-02
1938 2.4101416205690831e+00 3.3345390350819064e-02
1939 2.3898550713569526e+00 3.3064716843263994e-02
1940 2.3669454718293426e+00 3.2747752258067246e-02
1941 2.3657671813018597e+00 3.2731450080116263e-02
1942 2.3329947070241808e+00 3.2278028198918528e-02
1943 2.3264654982098412e+00 3.2187693666400577e-02
1944 2.3124296109057254e+00 3.1993500869976717e-02
1945 2.2845119831576963e+00 3.1607247968079996e-02
1946 2.2838755686534928e+00 3.1598442887960848e-02
1947 2.2576917962101448e+00 3.1236178651897286e-02
1948 2.2430228267319636e+00 3.1033226879636409e-02
1949 2.2345639747371480e+00 3.0916194868206171e-02
1950 2.2101161638082010e+00 3.0577948438331951e-02
1951 2.1979574388471290e+00 3.0409727024895066e-02
1952 2.1895251122865109e+00 3.0293062004744509e-02
1953 2.1585071286105539e+00 2.9863914287970132e-02
1954 2.1621112591585696e+00 2.9913779050676697e-02
1955 2.1328488979331830e+00 2.9508921157962165e-02
1956 2.1227924581810846e+00 2.9369785803337638e-02
1957 2.1118376392295048e+00 2.9218220969534747e-02
1958 2.0896176447939294e+00 2.8910797380097567e-02
1959 2.0789700604575345e+00 2.8763483275000907e-02
1960 2.0684048445690499e+00 2.8617308774326125e-02
1961 2.0419482355727681e+00 2.8251269722176273e-02
1962 2.0425553234673113e+00 2.8259669055496785e-02
1963 2.0168483388881606e+00 2.7904001393389919e-02
1964 2.0052436839145389e+00 2.7743445786748588e-02
1965 1.9976791470153707e+00 2.7638787025797279e-02
1966 1.9718877639632928e+00 2.7281951672961886e-02
1967 1.9683737982054619e+00 2.7233334380569491e-02
1968 1.9504142439919545e+00 2.6984855892556538e-02
1969 1.9329978514056545e+00 2.6743892289282402e-02
1970 1.9272459663448662e+00 2.6664312379550897e-02
1971 1.9071159715414454e+00 2.6385804872460283e-02
1972 1.8932787313319557e+00 2.6194360447690534e-02
1973 1.8886188486228817e+00 2.6129888880295080e-02
1974 1.8605299748217923e+00 2.5741266712444602e-02
1975 1.8623253349689681e+00 2.5766106325360690e-02
1976 1.8391234409225901e+00 2.5445097714392781e-02
1977 1.8281879240204721e+00 2.5293799933101820e-02
1978 1.8192234675623096e+00 2.5169772657140432e-02
1979 1.8006366523668320e+00 2.4912615732094096e-02
1980 1.7896038918363806e+00 2.4759972541588078e-02
1981 1.7818543997137732e+00 2.4652754842161801e-02
1982 1.7579729912912341e+00 2.4322344845014464e-02
1983 1.7585547851350722e+00 2.4330394223798232e-02
1984 1.7361020935873965e+00 2.4019751165442599e-02
1985 1.7264417489191608e+00 2.3886095963965386e-02
1986 1.7187311741376945e+00 2.3779416703409544e-02
1987 1.6975476314613673e+00 2.3486332888945322e-02
1988 1.6935315900135588e+00 2.3430769154184117e-02
1989 1.6781412026835978e+00 2.3217836242363492e-02
1990 1.6631641062686213e+00 2.3010621395726672e-02
1991 1.6581961954659916e+00 2.2941888121495831e-02
1992 1.6397602599365277e+00 2.2686818684303445e-02
1993 1.6297040572091268e+00 2.2547686609021917e-02
1994 1.6232084233182462e+00 2.2457816600629513e-02
1995 1.6007055132493100e+00 2.2146478746507534e-02
1996 1.6018815521194190e+00 2.2162749771768804e-02
1997 1.5804857827447549e+00 2.1866729705742223e-02
1998 1.5732465077395954e+00 2.1766571088985512e-02
1999 1.5636474121132535e+00 2.1633763295475176e-02
2000 1.5478208531572004e+00 2.1414795753569804e-02
