# step 13
# iter abs_residual rel_residual
0 7.2278104865846402e+01 1.0000000000000000e+00
1 1.1546600861374693e+03 1.5975240195915559e+01
2 1.1527745212176037e+03 1.5949152559509411e+01
3 1.1585072720811575e+03 1.6028467739039840e+01
4 1.2484330970662118e+03 1.7272631862489995e+01
5 1.4402468346342960e+03 1.9926460956710230e+01
6 1.2677694538270443e+03 1.7540159031287825e+01
7 1.4124522130194998e+03 1.9541909899839201e+01
8 1.3004236603879001e+03 1.7991944625576227e+01
9 1.3783981910461628e+03 1.9070757231454444e+01
10 1.3232324643113327e+03 1.8307514658378935e+01
11 1.3547601259470662e+03 1.8743713998334666e+01
12 1.3364428175034225e+03 1.8490285820082871e+01
13 1.3388396176553242e+03 1.8523446625230577e+01
14 1.3429152194675958e+03 1.8579834404348972e+01
15 1.3277325809240349e+03 1.8369775790170571e+01
16 1.3450051727494385e+03 1.8608749845418185e+01
17 1.3195692023761310e+03 1.8256831786408217e+01
18 1.3443069584353518e+03 1.8599089737209997e+01
19 1.3132163294697471e+03 1.8168936940269468e+01
20 1.3418458874598284e+03 1.8565039716389844e+01
21 1.3079856800742152e+03 1.8096568559758659e+01
22 1.3382737217512038e+03 1.8515617201573566e+01
23 1.3034526903345381e+03 1.8033852613510611e+01
24 1.3340055733957706e+03 1.8456565454666876e+01
25 1.2993510853111654e+03 1.7977105068303310e+01
26 1.3293075319972743e+03 1.8391565944687802e+01
27 1.2955114809386052e+03 1.7923982419616177e+01
28 1.3243513570126304e+03 1.8322995040762706e+01
29 1.2918249965162804e+03 1.7872978254120039e+01
30 1.3192485335201889e+03 1.8252395188955401e+01
31 1.2882212246139800e+03 1.7823118453437807e+01
32 1.3140716232937393e+03 1.8180770313952685e+01
33 1.2846546044813429e+03 1.7773772664152698e+01
34 1.3088677968927514e+03 1.8108773041602412e+01
35 1.2810958289430805e+03 1.7724535408349329e+01
36 1.3036675101297708e+03 1.8036824741731618e+01
37 1.2775263299657986e+03 1.7675149788957299e+01
38 1.2984901357302504e+03 1.7965193444686268e+01
39 1.2739346838620545e+03 1.7625457754136928e+01
40 1.2933476589212614e+03 1.7894044971458673e+01
41 1.2703142383687475e+03 1.7575367266844452e+01
42 1.2882471280015423e+03 1.7823476838423279e+01
43 1.2666615286057727e+03 1.7524830388909500e+01
44 1.2831922934637164e+03 1.7753540935327756e+01
45 1.2629752087399070e+03 1.7473828500125784e+01
46 1.2781847130489680e+03 1.7684258814220087e+01
47 1.2592553284049791e+03 1.7422362287199583e+01
48 1.2732245007417689e+03 1.7615632052126564e+01
49 1.2555028382783723e+03 1.7370444903178910e+01
50 1.2683108376860089e+03 1.7547649319805618e+01
51 1.2517192522233242e+03 1.7318097293040669e+01
52 1.2634423194692426e+03 1.7480291186581145e+01
53 1.2479064168627817e+03 1.7265345005641610e+01
54 1.2586171941787948e+03 1.7413533413955484e+01
55 1.2440663539091706e+03 1.7212216012279949e+01
56 1.2538335239662083e+03 1.7347349190926042e+01
57 1.2402011533676578e+03 1.7158739229114602e+01
58 1.2490892942249091e+03 1.7281710644507250e+01
59 1.2363129023457373e+03 1.7104943532213898e+01
60 1.2443824862357935e+03 1.7216589844814845e+01
61 1.2324036388437878e+03 1.7050857118227182e+01
62 1.2397111252414136e+03 1.7151959470193784e+01
63 1.2284753213144559e+03 1.6996507083225250e+01
64 1.2350733099348374e+03 1.7087793215209867e+01
65 1.2245298121544542e+03 1.6941919194301978e+01
66 1.2304672309104942e+03 1.7024066045925441e+01
67 1.2205688672035587e+03 1.6887117744288208e+01
68 1.2258911806677227e+03 1.6960754338302987e+01
69 1.2165941326642367e+03 1.6832125509133462e+01
70 1.2213435565443772e+03 1.6897835918792872e+01
71 1.2126071450134757e+03 1.6776963746686022e+01
72 1.2168228618978469e+03 1.6835290080673278e+01
73 1.2086093333596941e+03 1.6721652229301860e+01
74 1.2123277032838605e+03 1.6773097545017706e+01
75 1.2046020237668072e+03 1.6666209303670026e+01
76 1.2078567863335675e+03 1.6711240403652539e+01
77 1.2005864443565495e+03 1.6610651961405576e+01
78 1.2034089109101851e+03 1.6649702052147084e+01
79 1.1965637310967627e+03 1.6554995919133116e+01
80 1.1989829658859994e+03 1.6588467117551048e+01
81 1.1925349333545189e+03 1.6499255695316769e+01
82 1.1945779226431791e+03 1.6527521368475359e+01
83 1.1885010204049795e+03 1.6443444700313140e+01
84 1.1901928302487634e+03 1.6466851648335975e+01
85 1.1844628864411698e+03 1.6387575305683818e+01
86 1.1858268092570806e+03 1.6406445789607577e+01
87 1.1804213570168506e+03 1.6331658933335365e+01
88 1.1814790463301597e+03 1.6346292539394518e+01
89 1.1763771933523285e+03 1.6275706115092156e+01
90 1.1771487897181976e+03 1.6286381496901093e+01
91 1.1723310979354742e+03 1.6219726570188978e+01
92 1.1728353439170760e+03 1.6226703039515861e+01
93 1.1682837191229933e+03 1.6163729268931661e+01
94 1.1685380650382772e+03 1.6167248258752380e+01
95 1.1642356550318773e+03 1.6107722486537053e+01
96 1.1642563576319681e+03 1.6108008916295127e+01
97 1.1601874578349648e+03 1.6051713862564050e+01
98 1.1599896696503272e+03 1.6048977374314880e+01
99 1.1561396376451437e+03 1.5995710454653256e+01
100 1.1557374897054517e+03 1.5990146557530631e+01
101 1.1520926651050725e+03 1.5939718774356953e+01
102 1.1514993435988079e+03 1.5931509905192966e+01
103 1.1480469756784858e+03 1.5883744846511226e+01
104 1.1472747910266082e+03 1.5873061325501499e+01
105 1.1440029715528792e+03 1.5827794235560475e+01
106 1.1430634233289798e+03 1.5814795164463588e+01
107 1.1399610245723302e+03 1.5771872086134294e+01
108 1.1388648605586741e+03 1.5756706165338631e+01
109 1.1359214789444522e+03 1.5715983160499407e+01
110 1.1346787494226246e+03 1.5698789440158588e+01
111 1.1318846530402941e+03 1.5660131863462070e+01
112 1.1305047609336871e+03 1.5641040437238759e+01
113 1.1278508414169532e+03 1.5604322270351847e+01
114 1.1263425889435650e+03 1.5583454920880142e+01
115 1.1238203171283824e+03 1.5548558158992650e+01
116 1.1221919476107118e+03 1.5526028936336731e+01
117 1.1197933329737336e+03 1.5492843026974134e+01
118 1.1180525705923537e+03 1.5468758798636784e+01
119 1.1157701230422695e+03 1.5437180113026244e+01
120 1.1139242088676608e+03 1.5411641062465430e+01
121 1.1117509047696542e+03 1.5381572425468923e+01
122 1.1098066298866806e+03 1.5354672510389767e+01
123 1.1077358792262530e+03 1.5326022746200859e+01
124 1.1056996160753567e+03 1.5297850132175137e+01
125 1.1037252332627195e+03 1.5270533660384656e+01
126 1.1016029635330574e+03 1.5241171106764840e+01
127 1.0997191401755931e+03 1.5215107565655664e+01
128 1.0975164815434064e+03 1.5184632795512272e+01
129 1.0957177605424199e+03 1.5159746683676259e+01
130 1.0934399909868571e+03 1.5128232720218161e+01
131 1.0917212434669889e+03 1.5104453077364239e+01
132 1.0893733238513271e+03 1.5071968556359991e+01
133 1.0877297275775807e+03 1.5049228664704046e+01
134 1.0853163221768866e+03 1.5015838118491281e+01
135 1.0837433411672071e+03 1.4994075220687042e+01
136 1.0812688376700762e+03 1.4959839354905506e+01
137 1.0797622035141908e+03 1.4938994395582322e+01
138 1.0772307304171084e+03 1.4903970329832660e+01
139 1.0757864254723538e+03 1.4883987723102235e+01
140 1.0732018690391023e+03 1.4848229225586998e+01
141 1.0718161096221368e+03 1.4829056622493189e+01
142 1.0691821292846644e+03 1.4792614323094758e+01
143 1.0678513515703044e+03 1.4774202416517655e+01
144 1.0651713940624002e+03 1.4737124002343979e+01
145 1.0638922397488229e+03 1.4719426328671553e+01
146 1.0611695529637097e+03 1.4681756735782161e+01
147 1.0599388563580433e+03 1.4664729496233603e+01
148 1.0571765012100366e+03 1.4626511073750974e+01
149 1.0559912776355150e+03 1.4610112973984503e+01
150 1.0531921400326798e+03 1.4571385649741144e+01
151 1.0520495743119056e+03 1.4555577740514762e+01
152 1.0492163758016504e+03 1.4516379168339775e+01
153 1.0481138117913922e+03 1.4501124700720505e+01
154 1.0452491196661063e+03 1.4461490400255613e+01
155 1.0441840510119564e+03 1.4446754697706041e+01
156 1.0412902872588747e+03 1.4406718178230985e+01
157 1.0402603481843078e+03 1.4392468509171749e+01
158 1.0373397988396509e+03 1.4352061399023004e+01
159 1.0363427553354422e+03 1.4338266854934455e+01
160 1.0333975781027336e+03 1.4297519006908070e+01
161 1.0324313207362911e+03 1.4284150402844144e+01
162 1.0294635529043028e+03 1.4243090003744074e+01
163 1.0285260887849079e+03 1.4230119767167798e+01
164 1.0255376543608370e+03 1.4188773436496598e+01
165 1.0246271007434973e+03 1.4176175518786529e+01
166 1.0216198166708857e+03 1.4134568394773064e+01
167 1.0207343943746773e+03 1.4122318180163095e+01
168 1.0177099774287454e+03 1.4080474015162569e+01
169 1.0168480047089678e+03 1.4068548235960449e+01
170 1.0138080767373687e+03 1.4026489468962595e+01
171 1.0129679638449900e+03 1.4014866130277415e+01
172 1.0099140573906515e+03 1.3972613964701038e+01
173 1.0090943013405561e+03 1.3961272272059581e+01
174 1.0060278648025910e+03 1.3918846747156064e+01
175 1.0052270441556100e+03 1.3907767034309865e+01
176 1.0021494466797495e+03 1.3865187092824504e+01
177 1.0013662172155405e+03 1.3854350761882198e+01
178 9.9827875258428742e+02 1.3811634303876227e+01
179 9.9751184302698175e+02 1.3801023766165960e+01
180 9.9441573467224748e+02 1.3758187718368625e+01
181 9.9366394213112426e+02 1.3747786331357736e+01
182 9.9056034660978924e+02 1.3704846695252231e+01
183 9.8982253330695710e+02 1.3694638717273262e+01
184 9.8671254400459304e+02 1.3651610620339392e+01
185 9.8598763320217438e+02 1.3641581154240853e+01
186 9.8287228418031282e+02 1.3598478903183720e+01
187 9.8215925727238766e+02 1.3588613856095828e+01
188 9.7903952593265171e+02 1.3545450973705282e+01
189 9.7833741900903738e+02 1.3535737009498314e+01
190 9.7521422962338568e+02 1.3492526283491475e+01
191 9.7452213053170294e+02 1.3482950782128134e+01
192 9.7139635705754620e+02 1.3439704304097775e+01
193 9.7071340264634148e+02 1.3430255323490545e+01
194 9.6758587122223992e+02 1.3386984523434199e+01
195 9.6691124481867996e+02 1.3377650764548129e+01
196 9.6378273646053219e+02 1.3334366448171068e+01
197 9.6311566502267226e+02 1.3325137215624114e+01
198 9.5998691833291957e+02 1.3281849601822397e+01
199 9.5932667049506529e+02 1.3272714776842140e+01
200 9.5619838332437018e+02 1.3229433520692695e+01
201 9.5554426703435729e+02 1.3220383528427030e+01
202 9.5241709909069164e+02 1.3177117757285549e+01
203 9.5176845945139780e+02 1.3168143536939045e+01
204 9.4864303432148017e+02 1.3124901878407480e+01
205 9.4799925168127447e+02 1.3115994856821889e+01
206 9.4487615845594053e+02 1.3072785461236176e+01
207 9.4423664670835603e+02 1.3063937529365639e+01
208 9.4111644193154518e+02 1.3020768096760811e+01
209 9.4048064648308593e+02 1.3011971581555558e+01
210 9.3736385591340593e+02 1.2968849386037773e+01
211 9.3673125252499369e+02 1.2960097034415019e+01
212 9.3361837237635359e+02 1.2917028941326278e+01
213 9.3298846505341544e+02 1.2908313890978633e+01
214 9.2987996415296323e+02 1.2865306386752811e+01
215 9.2925228388293408e+02 1.2856622148681073e+01
216 9.2614860447987587e+02 1.2813681352034303e+01
217 9.2552270815974316e+02 1.2805021795709543e+01
218 9.2242426760246099e+02 1.2762153480843885e+01
219 9.2179973606360784e+02 1.2753512806880279e+01
220 9.1870692806521095e+02 1.2710722420993191e+01
221 9.1808336550756781e+02 1.2702095153319247e+01
222 9.1499656116698918e+02 1.2659387830730919e+01
223 9.1437359359189372e+02 1.2650768794907391e+01
224 9.1129314270462703e+02 1.2608149375195374e+01
225 9.1067041698916421e+02 1.2599533685608346e+01
226 9.0759664896081563e+02 1.2557006726246950e+01
227 9.0697383169890543e+02 1.2548389770073760e+01
228 9.0390705672528213e+02 1.2505959562761110e+01
229 9.0328383340695166e+02 1.2497336988615215e+01
230 9.0022434340334121e+02 1.2455007572130251e+01
231 8.9960041708206052e+02 1.2446375271623220e+01
232 8.9654848648807592e+02 1.2404150442961079e+01
233 8.9592357757048808e+02 1.2395504547793410e+01
234 8.9287946419369007e+02 1.2353387873837333e+01
235 8.9225330891525311e+02 1.2344724734708283e+01
236 8.8921725519004531e+02 1.2302719569646982e+01
237 8.8858960492042820e+02 1.2294035746644401e+01
238 8.8556183822495029e+02 1.2252145236356426e+01
239 8.8493245909426662e+02 1.2243437493785535e+01
240 8.8191319253656775e+02 1.2201664586716337e+01
241 8.8128186447239977e+02 1.2192929879776527e+01
242 8.7827129783245960e+02 1.2151277339971728e+01
243 8.7763781374631128e+02 1.2142512803500770e+01
244 8.7463613381000414e+02 1.2100983215226721e+01
245 8.7400029932620441e+02 1.2092186159950025e+01
246 8.7100768086101664e+02 1.2050781941193289e+01
247 8.7036931317643143e+02 1.2041949837947499e+01
248 8.6738591940287608e+02 1.2000673246937085e+01
249 8.6674484725038008e+02 1.1991803726164704e+01
250 8.6377083001912581e+02 1.1950656863822722e+01
251 8.6312689283088957e+02 1.1941747703995809e+01
252 8.6016239401645510e+02 1.1900732533219863e+01
253 8.5951544118115601e+02 1.1891781650563214e+01
254 8.5656059241345395e+02 1.1850899992512185e+01
255 8.5591048331266836e+02 1.1841905441506839e+01
256 8.5296540675302390e+02 1.1801158986337452e+01
257 8.5231200980636299e+02 1.1792118946509710e+01
258 8.4937681873209385e+02 1.1751509261464467e+01
259 8.4872001123434177e+02 1.1742422035132630e+01
260 8.4579481023396909e+02 1.1701950567240631e+01
261 8.4513447784194091e+02 1.1692814572415450e+01
262 8.4221936322875263e+02 1.1652482654214234e+01
263 8.4155539962052910e+02 1.1643296419884267e+01
264 8.3865046014689506e+02 1.1603105279302680e+01
265 8.3798276641907728e+02 1.1593867437095042e+01
266 8.3508808331816465e+02 1.1553818198030385e+01
267 8.3441656792417757e+02 1.1544527481357148e+01
268 8.3153221536814658e+02 1.1504621170014529e+01
269 8.3085679340966965e+02 1.1495276404269347e+01
270 8.2798283914354533e+02 1.1455513957931572e+01
271 8.2730343237750049e+02 1.1446114060586368e+01
272 8.2443993739993255e+02 1.1406496323197116e+01
273 8.2375647377227085e+02 1.1397040297351802e+01
274 8.2090349337125122e+02 1.1357568033845240e+01
275 8.2021590649474615e+02 1.1348054961002763e+01
276 8.1737349013466428e+02 1.1308728855740904e+01
277 8.1668171944364497e+02 1.1299157897948039e+01
278 8.1384991106387690e+02 1.1259978558851861e+01
279 8.1315390119846893e+02 1.1250348950179916e+01
280 8.1033273951042793e+02 1.1211316912839184e+01
281 8.0963244025439906e+02 1.1201627958524062e+01
282 8.0682195906188883e+02 1.1162743690629563e+01
283 8.0611732501040478e+02 1.1152994762475014e+01
284 8.0331755331960039e+02 1.1114258665340191e+01
285 8.0260854365378941e+02 1.1104449198598818e+01
286 7.9981950615316305e+02 1.1065861613799756e+01
287 7.9910608423080600e+02 1.1055991101510022e+01
288 7.9632780127279739e+02 1.1017552310631853e+01
289 7.9560993485276765e+02 1.1007620306723309e+01
290 7.9284242268556295e+02 1.0969330534566977e+01
291 7.9212008323965892e+02 1.0959336644339158e+01
292 7.8936335448906357e+02 1.0921196065588346e+01
293 7.8863651723979012e+02 1.0911139946233494e+01
294 7.8589058052268467e+02 1.0873148680106606e+01
295 7.8515922454877784e+02 1.0863030042169651e+01
296 7.8242408522127596e+02 1.0825188162770923e+01
297 7.8168819265298896e+02 1.0815006759015901e+01
298 7.7896385265696517e+02 1.0777314293212040e+01
299 7.7822340903308918e+02 1.0767069923561642e+01
300 7.7550986720959418e+02 1.0729526855318063e+01
301 7.7476486104817718e+02 1.0719219360914332e+01
302 7.7206211321000796e+02 1.0681825632299205e+01
303 7.7131253598768797e+02 1.0671454895217606e+01
304 7.6862057518717097e+02 1.0634210410106748e+01
305 7.6786642094200772e+02 1.0623776347861162e+01
306 7.6518523750125871e+02 1.0586680972356705e+01
307 7.6442650311660179e+02 1.0576183541826877e+01
308 7.6175608487699753e+02 1.0539237107708816e+01
309 7.6099276934680654e+02 1.0528676294975725e+01
310 7.5833310178239992e+02 1.0491878601271065e+01
311 7.5756520684452221e+02 1.0481254430378607e+01
312 7.5491627275330211e+02 1.0444605239089812e+01
313 7.5414380217737994e+02 1.0433917762192680e+01
314 7.5150558279938889e+02 1.0397416813767320e+01
315 7.5072854235990519e+02 1.0386666110758076e+01
316 7.4810101621285446e+02 1.0350313107979051e+01
317 7.4731941401698919e+02 1.0339499291024167e+01
318 7.4470255811385982e+02 1.0303293915855759e+01
319 7.4391640374394251e+02 1.0292417117531061e+01
320 7.4131019305215534e+02 1.0256359023636312e+01
321 7.4051949826649013e+02 1.0245419406623210e+01
322 7.3792390604516049e+02 1.0209508224029985e+01
323 7.3712868386947889e+02 1.0198505968545318e+01
324 7.3454368180297968e+02 1.0162741305494215e+01
325 7.3374394726857292e+02 1.0151676619502640e+01
326 7.3116950527663255e+02 1.0116058059819611e+01
327 7.3036527465602967e+02 1.0104931168458865e+01
328 7.2780136136160229e+02 1.0069458278028407e+01
329 7.2699265252845112e+02 1.0058269428588424e+01
330 7.2443923489448548e+02 1.0022941750328114e+01
331 7.2362606703661709e+02 1.0011691208281146e+01
332 7.2108311097137425e+02 9.9765082705164829e+00
333 7.2026550458756412e+02 9.9651963194722804e+00
334 7.1773297436949963e+02 9.9301576279796766e+00
335 7.1691095113174231e+02 9.9187845677800066e+00
336 7.1438881029771608e+02 9.8838896180755622e+00
337 7.1356239292380019e+02 9.8724557630312209e+00
338 7.1105060356942067e+02 9.8377040306906789e+00
339 7.1021981597394938e+02 9.8262097116709235e+00
340 7.0771833938697819e+02 9.7916006610931028e+00
341 7.0688320629436191e+02 9.7800462201712435e+00
342 7.0439200252734349e+02 9.7455792986651772e+00
343 7.0355254992895800e+02 9.7339650954435566e+00
344 7.0107157832374435e+02 9.6996397404855301e+00
345 7.0022783261129939e+02 9.6879661401052903e+00
346 6.9775705161299311e+02 9.6537817767646601e+00
347 6.9690904045646698e+02 9.6420491620523610e+00
348 6.9444840747014666e+02 9.6080052010092842e+00
349 6.9359615906138208e+02 9.5962139620117153e+00
350 6.9114563108599486e+02 9.5623098083273366e+00
351 6.9028917440075202e+02 9.5504603459371360e+00
352 6.8784870736086964e+02 9.5166953898081381e+00
353 6.8698807203404067e+02 9.5047881140373320e+00
354 6.8455762145563006e+02 9.4711617401455186e+00
355 6.8369283784525715e+02 9.4591970710112339e+00
356 6.8127235837663682e+02 9.4257086518957518e+00
357 6.8040345729542412e+02 9.4136870157055732e+00
358 6.7799290332579699e+02 9.3803359203205847e+00
359 6.7711991612032261e+02 9.3682577507684819e+00
360 6.7471924113830528e+02 9.3350433356081339e+00
361 6.7384219985946265e+02 9.3229090761325910e+00
362 6.7145135713614377e+02 9.2898306946814397e+00
363 6.7057029403967124e+02 9.2776407915550649e+00
364 6.6818923610332956e+02 9.2446977870205505e+00
365 6.6730418422693469e+02 9.2324526973348497e+00
366 6.6493286331416516e+02 9.1996444088888403e+00
367 6.6404385568625776e+02 9.1873445896066741e+00
368 6.6168222374597212e+02 9.1546703524408137e+00
369 6.6078929408119041e+02 9.1423162700193235e+00
370 6.5843730240248681e+02 9.1097754101964341e+00
371 6.5754048451982203e+02 9.0973675325365360e+00
372 6.5519808441156044e+02 9.0649593763928564e+00
373 6.5429741253374050e+02 9.0524981769813380e+00
374 6.5196455475741061e+02 9.0202220432799933e+00
375 6.5106006326760144e+02 9.0077079978233776e+00
376 6.4873669848806321e+02 8.9755632039905766e+00
377 6.4782842214736559e+02 8.9629967934242867e+00
378 6.4551450051200266e+02 8.9309826497267206e+00
379 6.4460247421803729e+02 8.9183643568749886e+00
380 6.4229794603208666e+02 8.8864801757633227e+00
381 6.4138220481184896e+02 8.8738104852403445e+00
382 6.3908701979249963e+02 8.8420555710293343e+00
383 6.3816759899543877e+02 8.8293349719105922e+00
384 6.3588170698038539e+02 8.7977086305822443e+00
385 6.3495864190206134e+02 8.7849376111976412e+00
386 6.3268199237017200e+02 8.7534391437694357e+00
387 6.3175531872181500e+02 8.7406181981998614e+00
388 6.2948786104181943e+02 8.7092469041654628e+00
389 6.2855761424990817e+02 8.6963765225521392e+00
390 6.2629929790448637e+02 8.6651317029817676e+00
391 6.2536551373041800e+02 8.6522123800996642e+00
392 6.2311628782978278e+02 8.6210933309102877e+00
393 6.2217900199904147e+02 8.6081255610375020e+00
394 6.1993881576345382e+02 8.5771315796686540e+00
395 6.1899806409463963e+02 8.5641158583715864e+00
396 6.1676686648742918e+02 8.5332462387080419e+00
397 6.1582268482349798e+02 8.5201830618900587e+00
398 6.1360042501104101e+02 8.4894371006258336e+00
399 6.1265284918062184e+02 8.4763269639920917e+00
400 6.1043947597805970e+02 8.4457039529617060e+00
401 6.0948854185832408e+02 8.4325473528889656e+00
402 6.0728400447021170e+02 8.4020465893146543e+00
403 6.0632974771324712e+02 8.3888440190655356e+00
404 6.0413399502050049e+02 8.3584647956918428e+00
405 6.0317645159930180e+02 8.3452167529688648e+00
406 6.0098943263585045e+02 8.3149583646573468e+00
407 6.0002863802599416e+02 8.3016653402810228e+00
408 5.9785030189006022e+02 8.2715270827827503e+00
409 5.9688629199441914e+02 8.2581895734854278e+00
410 5.9471658764005849e+02 8.2281707405568696e+00
411 5.9374939782370291e+02 8.2147892356301604e+00
412 5.9158827463067598e+02 8.1848891269175965e+00
413 5.9061794040951202e+02 8.1714641177399905e+00
414 5.8846534737116986e+02 8.1416820275435526e+00
415 5.8749190419278409e+02 8.1282140045483100e+00
416 5.8534779073269976e+02 8.0985492331204494e+00
417 5.8437127384058067e+02 8.0850386839170412e+00
418 5.8223558916665036e+02 8.0554905285262173e+00
419 5.8125603374194179e+02 8.0419379398615494e+00
420 5.7912872750038275e+02 8.0125057038405920e+00
421 5.7814616845625756e+02 7.9989115587540693e+00
422 5.7602719012670809e+02 7.9695945431311168e+00
423 5.7504166241579219e+02 7.9559593252079974e+00
424 5.7293096180221357e+02 7.9267568354983373e+00
425 5.7194249998231533e+02 7.9130810228613990e+00
426 5.6984002684743382e+02 7.8839923640098171e+00
427 5.6884866568141888e+02 7.8702764376188998e+00
428 5.6675436994524409e+02 7.8413009167462651e+00
429 5.6576014366021434e+02 7.8275453501486751e+00
430 5.6367397543462789e+02 7.7986822770304949e+00
431 5.6267691846886794e+02 7.7848875466953462e+00
432 5.6059882782513148e+02 7.7561362305451294e+00
433 5.5959897411042414e+02 7.7423028059338570e+00
434 5.5752891157999090e+02 7.7136625623320709e+00
435 5.5652629506244557e+02 7.6997909131043247e+00
436 5.5446421094621678e+02 7.6712610544416471e+00
437 5.5345886535627392e+02 7.6573516472731979e+00
438 5.5140471043227149e+02 7.6289314925414837e+00
439 5.5039666927506687e+02 7.6149847909909161e+00
440 5.4835039423465366e+02 7.5866736579830532e+00
441 5.4733969080388215e+02 7.5726901226835679e+00
442 5.4530124683692645e+02 7.5444873360894915e+00
443 5.4428791409983614e+02 7.5304674231577522e+00
444 5.4225725228307886e+02 7.5023723061022300e+00
445 5.4124132322853643e+02 7.4883164719540041e+00
446 5.3921839500081603e+02 7.4603283525715831e+00
447 5.3819990213936069e+02 7.4462370470047627e+00
448 5.3618465897516057e+02 7.4183552539231572e+00
449 5.3516363495322400e+02 7.4042289286157681e+00
450 5.3315602853071084e+02 7.3764527932807384e+00
451 5.3213250538229090e+02 7.3622918914375086e+00
452 5.3013248771668884e+02 7.3346207499581597e+00
453 5.2910649755357156e+02 7.3204257158600523e+00
454 5.2711402066295614e+02 7.2928589043849366e+00
455 5.2608559507524683e+02 7.2786301750952278e+00
456 5.2410061143609073e+02 7.2511670361150289e+00
457 5.2306978198997956e+02 7.2369050483661193e+00
458 5.2109224398998219e+02 7.2095449231433033e+00
459 5.2005904192613593e+02 7.1952501091638279e+00
460 5.1808890236781144e+02 7.1679923447000089e+00
461 5.1705335874372247e+02 7.1536651341843065e+00
462 5.1509057042556140e+02 7.1265090774254283e+00
463 5.1405271604222776e+02 7.1121498965191225e+00
464 5.1209723220909916e+02 7.0850949005869781e+00
465 5.1105709751052137e+02 7.0707041704964704e+00
466 5.0910887144400112e+02 7.0437495890207069e+00
467 5.0806648679504377e+02 7.0293277298575187e+00
468 5.0612547205765117e+02 7.0024729203547613e+00
469 5.0508086742102341e+02 6.9880203466664144e+00
470 5.0314701773852227e+02 6.9612646689118503e+00
471 5.0210022304926309e+02 6.9467817948630346e+00
472 5.0017349229864885e+02 6.9201246107242085e+00
473 4.9912453696351037e+02 6.9056118431705293e+00
474 4.9720487948380872e+02 6.8790525209073810e+00
475 4.9615379280129650e+02 6.8645102652068042e+00
476 4.9424116285687353e+02 6.8380481720463244e+00
477 4.9318797383230810e+02 6.8234768295004704e+00
478 4.9128232618385476e+02 6.7971113395365261e+00
479 4.9022706351119820e+02 6.7825113071392300e+00
480 4.8832835285515750e+02 6.7562417935767911e+00
481 4.8727104513328715e+02 6.7416134670063483e+00
482 4.8537922662506691e+02 6.7154393094003675e+00
483 4.8431990193456772e+02 6.7007830771642656e+00
484 4.8243493077045673e+02 6.6747036556353025e+00
485 4.8137361725465445e+02 6.6600199071090769e+00
486 4.7949544894136847e+02 6.6340346060725865e+00
487 4.7843217406716099e+02 6.6193237212730889e+00
488 4.7656076444611500e+02 6.5934319297752424e+00
489 4.7549555577816045e+02 6.5786942900718826e+00
490 4.7363086062851033e+02 6.5528953962974654e+00
491 4.7256374523988353e+02 6.5381313762583755e+00
492 4.7070572087826383e+02 6.5124247758284346e+00
493 4.6963672571609516e+02 6.4976347482792507e+00
494 4.6778532834148245e+02 6.4720198351869795e+00
495 4.6671448003225527e+02 6.4572041685170420e+00
496 4.6486966644005810e+02 6.4316803450075390e+00
497 4.6379699120422197e+02 6.4168394019885282e+00
498 4.6195871815813143e+02 6.3914060698680677e+00
499 4.6088424215466210e+02 6.3765402124211468e+00
500 4.5905246676172453e+02 6.3511967782464751e+00
501 4.5797621573743493e+02 6.3363063625903475e+00
502 4.5615089517982619e+02 6.3110522339576631e+00
503 4.5507289478209748e+02 6.2961376149353532e+00
504 4.5325398660034955e+02 6.2709722043988707e+00
505 4.5217426198717288e+02 6.2560337300824687e+00
506 4.5036172385005636e+02 6.2309564519706431e+00
507 4.4928030019223337e+02 6.2159944706094796e+00
508 4.4747408998371594e+02 6.1910047422281131e+00
509 4.4639099185380792e+02 6.1760195937945959e+00
510 4.4459106782808999e+02 6.1511168375718270e+00
511 4.4350631979908360e+02 6.1361088620442485e+00
512 4.4171264019141614e+02 6.1112925001460408e+00
513 4.4062626640850846e+02 6.0962620315840317e+00
514 4.3883878989428820e+02 6.0715314922659633e+00
515 4.3775081434654760e+02 6.0564788625690458e+00
516 4.3596949957353917e+02 6.0318335737043931e+00
517 4.3487994591747650e+02 6.0167591101710043e+00
518 4.3310475206457704e+02 5.9921985069814996e+00
519 4.3201364359211703e+02 5.9771025318658655e+00
520 4.3024452981023495e+02 5.9526260491860041e+00
521 4.2915188970292195e+02 5.9375088832151883e+00
522 4.2738881550327056e+02 5.9131159608644461e+00
523 4.2629466656217915e+02 5.8979779195015434e+00
524 4.2453759150006709e+02 5.8736679979094744e+00
525 4.2344195642651761e+02 5.8585093952374336e+00
526 4.2169084042021984e+02 5.8342819198553943e+00
527 4.2059374137978284e+02 5.8191030625448255e+00
528 4.1884854450753897e+02 5.7949574810373541e+00
529 4.1775000370055574e+02 5.7797586762399371e+00
530 4.1601068621657674e+02 5.7556944387062146e+00
531 4.1491072525689356e+02 5.7404759854592076e+00
532 4.1317724778805882e+02 5.7164925471544512e+00
533 4.1207588825628534e+02 5.7012547440352677e+00
534 4.1034821139268979e+02 5.6773515597057633e+00
535 4.0924547452870905e+02 5.6620947005777120e+00
536 4.0752355924122742e+02 5.6382712302380060e+00
537 4.0641946609091178e+02 5.6229956062801714e+00
538 4.0470327336869394e+02 5.5992513101976549e+00
539 4.0359784463662913e+02 5.5839572078672663e+00
540 4.0188733594857473e+02 5.5602915529468824e+00
541 4.0078059203972128e+02 5.5449792545557219e+00
542 3.9907572879845117e+02 5.5213917069237732e+00
543 3.9796768999657775e+02 5.5060614931068779e+00
544 3.9626843397237121e+02 5.4825515238380316e+00
545 3.9515912016075606e+02 5.4672036696894741e+00
546 3.9346543316928927e+02 5.4437707504864816e+00
547 3.9235486417503546e+02 5.4284055303231264e+00
548 3.9066670834780467e+02 5.4050491372582536e+00
549 3.8955490346160730e+02 5.3896668179755194e+00
550 3.8787224110981333e+02 5.3663864296073251e+00
551 3.8675921961491520e+02 5.3509872779975263e+00
552 3.8508201321583516e+02 5.3277823751823092e+00
553 3.8396779388061873e+02 5.3123666509144343e+00
554 3.8229600622975056e+02 5.2892367189112210e+00
555 3.8118060777593803e+02 5.2738046810086940e+00
556 3.7951420163602637e+02 5.2507492046233537e+00
557 3.7839764244553112e+02 5.2353011074081923e+00
558 3.7673658095651172e+02 5.2123195766652035e+00
559 3.7561887921177407e+02 5.1968556716996241e+00
560 3.7396312553043492e+02 5.1739475768566239e+00
561 3.7284429909023521e+02 5.1584681112248623e+00
562 3.7119381681106370e+02 5.1356329485952532e+00
563 3.7007388322522985e+02 5.1201381651070514e+00
564 3.6842863591480619e+02 5.0973754306181309e+00
565 3.6730761260823584e+02 5.0818655703547622e+00
566 3.6566756416447464e+02 5.0591747645179845e+00
567 3.6454546818844022e+02 5.0436500633914525e+00
568 3.6291058250976602e+02 5.0210306867253278e+00
569 3.6178743088598293e+02 5.0054913802386993e+00
570 3.6015767215628665e+02 4.9829429372112948e+00
571 3.5903348138555549e+02 4.9673892536605466e+00
572 3.5740881398402939e+02 4.9449112514420106e+00
573 3.5628360053903128e+02 4.9293434187340752e+00
574 3.5466398896034536e+02 4.9069353660922408e+00
575 3.5353776886652554e+02 4.8913536059463407e+00
576 3.5192317786924548e+02 4.8690150153001568e+00
577 3.5079596711207529e+02 4.8534195488824583e+00
578 3.4918636144308016e+02 4.8311499324891862e+00
579 3.4805817566460468e+02 4.8155409762143986e+00
580 3.4645352041654689e+02 4.7933398511152259e+00
581 3.4532437503474409e+02 4.7777176182979906e+00
582 3.4372463533277335e+02 4.7555845019837211e+00
583 3.4259454549187546e+02 4.7399492021512835e+00
584 3.4099968684160035e+02 4.7178836173765406e+00
585 3.3986866738066357e+02 4.7022354558338986e+00
586 3.3827865522827028e+02 4.6802369245311688e+00
587 3.3714672088797550e+02 4.6645761052222543e+00
588 3.3556152101827860e+02 4.6426441540091012e+00
589 3.3442868614232918e+02 4.6269708753854850e+00
590 3.3284826433944681e+02 4.6051050308698356e+00
591 3.3171454323852561e+02 4.5894194909262325e+00
592 3.3013886555192164e+02 4.5676192833871916e+00
593 3.2900427204088260e+02 4.5519216732583025e+00
594 3.2743330468294852e+02 4.5301866352291524e+00
595 3.2629785255470807e+02 4.5144771457461621e+00
596 3.2473156185197172e+02 4.4928068113393111e+00
597 3.2359526447149972e+02 4.4770856274125732e+00
598 3.2203361696057937e+02 4.4554795336471260e+00
599 3.2089648764774364e+02 4.4397468395629858e+00
600 3.1933944989423196e+02 4.4182045238589200e+00
601 3.1820150162066045e+02 4.4024604990856684e+00
602 3.1664904046803360e+02 4.3809815027076047e+00
603 3.1551028603025583e+02 4.3652263242909681e+00
604 3.1396236836386635e+02 4.3438101890829062e+00
605 3.1282282025278460e+02 4.3280440298401190e+00
606 3.1127941325233445e+02 4.3066903017185139e+00
607 3.1013908376479083e+02 4.2909133317819039e+00
608 3.0860015458911607e+02 4.2696215563745223e+00
609 3.0745905582905323e+02 4.2538339432075638e+00
610 3.0592457186915243e+02 4.2326036693542459e+00
611 3.0478271566468749e+02 4.2168055766042443e+00
612 3.0325264440586199e+02 4.1956363544495483e+00
613 3.0211004241092843e+02 4.1798279433539021e+00
614 3.0058435149674813e+02 4.1587193252321057e+00
615 2.9944101505367701e+02 4.1429007527170514e+00
616 2.9791967231202102e+02 4.1218522935124318e+00
617 2.9677561256681213e+02 4.1060237137878755e+00
618 2.9525858591081209e+02 4.0850349695642159e+00
619 2.9411381378708245e+02 4.0691965337632992e+00
620 2.9260107129469941e+02 4.0482670628648743e+00
621 2.9145559747521571e+02 4.0324189187884656e+00
622 2.8994710732935914e+02 4.0115482810115566e+00
623 2.8880094231098161e+02 3.9956905738884254e+00
624 2.8729667280820331e+02 3.9748783306016051e+00
625 2.8614982682786922e+02 3.9590112020643708e+00
626 2.8464974646036865e+02 3.9382569173430872e+00
627 2.8350222952080964e+02 3.9223805057840280e+00
628 2.8200630683707902e+02 3.9016837444825643e+00
629 2.8085812874009218e+02 3.8857981855139396e+00
630 2.7936633247399891e+02 3.8651585150513261e+00
631 2.7821750279062388e+02 3.8492639410927625e+00
632 2.7672980171826083e+02 3.8286809294722399e+00
633 2.7558032984176577e+02 3.8127774704838151e+00
634 2.7409669290677363e+02 3.7922506880267228e+00
635 2.7294658794425771e+02 3.7763384700092386e+00
636 2.7146698421012456e+02 3.7558674886950580e+00
637 2.7031625510310255e+02 3.7399466353583821e+00
638 2.6884065372418797e+02 3.7195310284238423e+00
639 2.6768930914312773e+02 3.7036016597277865e+00
640 2.6621767944955030e+02 3.6832410028413216e+00
641 2.6506572786715060e+02 3.6673032360094737e+00
642 2.6359803921390790e+02 3.6469971051837300e+00
643 2.6244548892437518e+02 3.6310510549701567e+00
644 2.6098171084324480e+02 3.6107990286636111e+00
645 2.5982856986238374e+02 3.5948448059705647e+00
646 2.5836867193568327e+02 3.5746464633409376e+00
647 2.5721494814052943e+02 3.5586841771507389e+00
648 2.5575890009983681e+02 3.5385390994208352e+00
649 2.5460460106072591e+02 3.5225688544724743e+00
650 2.5315237275095910e+02 3.5024766244332075e+00
651 2.5199750587469285e+02 3.4864985232031080e+00
652 2.5054906722071175e+02 3.4664587247514258e+00
653 2.4939363967485698e+02 3.4504728664060900e+00
654 2.4794896071210934e+02 3.4304850849689719e+00
655 2.4679297949525440e+02 3.4144915663370079e+00
656 2.4535203033356038e+02 3.3945553883704092e+00
657 2.4419550217046023e+02 3.3785543024918190e+00
658 2.4275825307002489e+02 3.3586693165323367e+00
659 2.4160118452540465e+02 3.3426607542330364e+00
660 2.4016760577140519e+02 3.3228265491627695e+00
661 2.3901000314686235e+02 3.3068105976281874e+00
662 2.3758006522256889e+02 3.2870267650699385e+00
663 2.3642193463655545e+02 3.2710035089516021e+00
664 2.3499560798097036e+02 3.2512696399157099e+00
665 2.3383695536138907e+02 3.2352391612288125e+00
666 2.3241421062392394e+02 3.2155548496367219e+00
667 2.3125504164446701e+02 3.1995172268793399e+00
668 2.2983584944915034e+02 3.1798820663013090e+00
669 2.2867616966413615e+02 3.1638373763199286e+00
670 2.2726050079631861e+02 3.1442509625581798e+00
671 2.2610031540719325e+02 3.1281992773171412e+00
672 2.2468814073892435e+02 3.1086612073734146e+00
673 2.2352745487758523e+02 3.0926025978748197e+00
674 2.2211874531360471e+02 3.0731124692031400e+00
675 2.2095756378211755e+02 3.0570470018857216e+00
676 2.1955229038096479e+02 3.0376044140679994e+00
677 2.1839061787071415e+02 3.0215321538391682e+00
678 2.1698875167274289e+02 3.0021367062057083e+00
679 2.1582659261240323e+02 2.9860577143381613e+00
680 2.1442810482482892e+02 2.9667090085278747e+00
681 2.1326546346756484e+02 2.9506233438660514e+00
682 2.1187032529169500e+02 2.9313209814361105e+00
683 2.1070720564741745e+02 2.9152286994589285e+00
684 2.0931538844755389e+02 2.8959722842216049e+00
685 2.0815179435450429e+02 2.8798734380328548e+00
686 2.0676326944776991e+02 2.8606625731476787e+00
687 2.0559920454575271e+02 2.8445572131056882e+00
688 2.0421394342985454e+02 2.8253915042306517e+00
689 2.0304941108805752e+02 2.8092796769496449e+00
690 2.0166738525343871e+02 2.7901587296422417e+00
691 2.0050238874109667e+02 2.7740404803535479e+00
692 1.9912356975976195e+02 2.7549639012997127e+00
693 1.9795811203223002e+02 2.7388392708919964e+00
694 1.9658247157550588e+02 2.7198066681518247e+00
695 1.9541655545260264e+02 2.7036756956385402e+00
696 1.9404406522606678e+02 2.6846866777460083e+00
697 1.9287769333587346e+02 2.6685493994878389e+00
698 1.9150832525593043e+02 2.6496035778938074e+00
699 1.9034150044264183e+02 2.6334600332414633e+00
700 1.8897522750941678e+02 2.6145570343905531e+00
701 1.8780795528146095e+02 2.5984072995556073e+00
702 1.8644475834203132e+02 2.5795468584585444e+00
703 1.8527706406205380e+02 2.5633912843445739e+00
704 1.8391697428857992e+02 2.5445738322821780e+00
705 1.8274900619071050e+02 2.5284144697748565e+00
706 1.8139234607597217e+02 2.5096444685793853e+00
707 1.8022492187736228e+02 2.4934926311622765e+00
708 1.7887350100053342e+02 2.4747951171732585e+00
709 1.7771064023524673e+02 2.4587064169030310e+00
710 1.7637290606479047e+02 2.4401982646356299e+00
711 1.7523193115558476e+02 2.4244123650008311e+00
712 1.7394189866295434e+02 2.4065641868419707e+00
713 1.7288744054526612e+02 2.3919752858235315e+00
714 1.7176261176786915e+02 2.3764127751643942e+00
715 1.7100033067266861e+02 2.3658662743033743e+00
716 1.7038368987010824e+02 2.3573347722156410e+00
717 1.7046154954731821e+02 2.3584119957725465e+00
718 1.7118245450420130e+02 2.3683860392013432e+00
719 1.7329606918112029e+02 2.3976288462843738e+00
720 1.7697318182966063e+02 2.4485033490866450e+00
721 1.8318501404474017e+02 2.5344468339996649e+00
722 1.9222031551614799e+02 2.6594542824956928e+00
723 2.0500909445271594e+02 2.8363927752841369e+00
724 2.2133038988608993e+02 3.0622052182593302e+00
725 2.4098495920392685e+02 3.3341350005124379e+00
726 2.6149492964944125e+02 3.6178996410433770e+00
727 2.7961444570758891e+02 3.8685912729252427e+00
728 2.8993145354082219e+02 4.0113317038258929e+00
729 2.8919292285385967e+02 4.0011138005157090e+00
730 2.7684028456297909e+02 3.8302095091842197e+00
731 2.5804592577543451e+02 3.5701811254512990e+00
732 2.3927389810327728e+02 3.3104617027160246e+00
733 2.2720072195971056e+02 3.1434238955408720e+00
734 2.2485735948835747e+02 3.1110024246721695e+00
735 2.3276040053696212e+02 3.2203445423615205e+00
736 2.4648145366768614e+02 3.4101814667827033e+00
737 2.5856469445683155e+02 3.5773585228437721e+00
738 2.6024233697205972e+02 3.6005694595215116e+00
739 2.5021722409353259e+02 3.4618675262440068e+00
740 2.3497745503543246e+02 3.2510184857719815e+00
741 2.2477896540966012e+02 3.1099178074309886e+00
742 2.2495805692225713e+02 3.1123956188363850e+00
743 2.3489211901389811e+02 3.2498378236379546e+00
744 2.4612620007616201e+02 3.4052663740006843e+00
745 2.4866702612835243e+02 3.4404198420793839e+00
746 2.3914328964191441e+02 3.3086546760707458e+00
747 2.2642790342558095e+02 3.1327316044858700e+00
748 2.2081328693902793e+02 3.0550508670485206e+00
749 2.2648801622245608e+02 3.1335632919932652e+00
750 2.3708693239883451e+02 3.2802040512667796e+00
751 2.4134343708769421e+02 3.3390947028238465e+00
752 2.3346302929072783e+02 3.2300657263226915e+00
753 2.2206205070697223e+02 3.0723280738909260e+00
754 2.1825006920042256e+02 3.0195875999448396e+00
755 2.2526678056032043e+02 3.1166669488420111e+00
756 2.3415178641912897e+02 3.2395949901250494e+00
757 2.3355674929434309e+02 3.2313623846093087e+00
758 2.2322789020897497e+02 3.0884579863196846e+00
759 2.1572056360281118e+02 2.9845907554328490e+00
760 2.1873649434141112e+02 3.0263175099485866e+00
761 2.2783921103543082e+02 3.1522576782874641e+00
762 2.2979596556475403e+02 3.1793302548714113e+00
763 2.2130581276299563e+02 3.0618651827376473e+00
764 2.1321713975225524e+02 2.9499547635899184e+00
765 2.1561186150420875e+02 2.9830868131421067e+00
766 2.2389458152377890e+02 3.0976819596936593e+00
767 2.2537816575408328e+02 3.1182080129577567e+00
768 2.1668758159392428e+02 2.9979698830802595e+00
769 2.1036954827685605e+02 2.9105570582864306e+00
770 2.1427307728215547e+02 2.9645641329398775e+00
771 2.2175006115689192e+02 3.0680115585276719e+00
772 2.1975400321779850e+02 3.0403952016406413e+00
773 2.1091216133136706e+02 2.9180643532759456e+00
774 2.0816624418044128e+02 2.8800733578559301e+00
775 2.1485853400321915e+02 2.9726641892729857e+00
776 2.1880735799710885e+02 3.0272979404099174e+00
777 2.1249541304414964e+02 2.9399693508643745e+00
778 2.0565795191437914e+02 2.8453700093008218e+00
779 2.0880235655313166e+02 2.8888742578500715e+00
780 2.1523449222356712e+02 2.9778657398815107e+00
781 2.1271919328100552e+02 2.9430654508143004e+00
782 2.0467097589527225e+02 2.8317147533842646e+00
783 2.0452582299813668e+02 2.8297064979463973e+00
784 2.1109726592676137e+02 2.9206253583789139e+00
785 2.1144690839225132e+02 2.9254628187154696e+00
786 2.0371755835648941e+02 2.8185237940951069e+00
787 2.0151748077649296e+02 2.7880847339664556e+00
788 2.0744490030912942e+02 2.8700932418491432e+00
789 2.0930222561115951e+02 2.8957901704761100e+00
790 2.0221529242282057e+02 2.7977392710855846e+00
791 1.9914803880781946e+02 2.7553024415547860e+00
792 2.0453374102328320e+02 2.8298160473758021e+00
793 2.0678940181616107e+02 2.8610241261856237e+00
794 2.0008687221298160e+02 2.7682916228138228e+00
795 1.9708162632272968e+02 2.7267126979674963e+00
796 2.0230160909162700e+02 2.7989335009144747e+00
797 2.0409142495634387e+02 2.8236964061959413e+00
798 1.9744099262416438e+02 2.7316846919358180e+00
799 1.9527427121105418e+02 2.7017071293374104e+00
800 2.0058645248954917e+02 2.7752035400188304e+00
801 2.0113790503555842e+02 2.7828331333380349e+00
802 1.9447587329536060e+02 2.6906609360652505e+00
803 1.9386618116186614e+02 2.6822255719307577e+00
804 1.9912921824487336e+02 2.7550420506247661e+00
805 1.9774636983632053e+02 2.7359097226380333e+00
806 1.9151877695241436e+02 2.6497481818026025e+00
807 1.9302883926567142e+02 2.6706405712206687e+00
808 1.9749764928580200e+02 2.7324685622620084e+00
809 1.9382743208801375e+02 2.6816894611137361e+00
810 1.8906495636846597e+02 2.6157984734019348e+00
811 1.9273608972610313e+02 2.6665902500326455e+00
812 1.9509960314161290e+02 2.6992905182521381e+00
813 1.8964585715693502e+02 2.6238354963641064e+00
814 1.8766189945028381e+02 2.5963865516202786e+00
815 1.9249059524192870e+02 2.6631937237314913e+00
816 1.9147549966978431e+02 2.6491494211860873e+00
817 1.8597753774930723e+02 2.5730826519939272e+00
818 1.8752118522391268e+02 2.5944397071833318e+00
819 1.9125910368548710e+02 2.6461554856823986e+00
820 1.8687288076204430e+02 2.5854701241668474e+00
821 1.8385952205799907e+02 2.5437789549028182e+00
822 1.8795278362453067e+02 2.6004110646424001e+00
823 1.8807096737476886e+02 2.6020461898363649e+00
824 1.8260339886100726e+02 2.5263999270585873e+00
825 1.8375403988534813e+02 2.5423195617318615e+00
826 1.8722812235412937e+02 2.5903850509312445e+00
827 1.8326005477614112e+02 2.5354850561769093e+00
828 1.8041173202191720e+02 2.4960772333028785e+00
829 1.8449883380389775e+02 2.5526241196603241e+00
830 1.8385432651893217e+02 2.5437070722894521e+00
831 1.7899595061306579e+02 2.4764892624854475e+00
832 1.8077088144239420e+02 2.5010462266258715e+00
833 1.8342789125699994e+02 2.5378071491699443e+00
834 1.7878967551783447e+02 2.4736353540215470e+00
835 1.7761587325333704e+02 2.4573952732021054e+00
836 1.8142430040837777e+02 2.5100865711008185e+00
837 1.7914833003343836e+02 2.4785975001136391e+00
838 1.7538063992950268e+02 2.4264698175889134e+00
839 1.7865255655543328e+02 2.4717382516742221e+00
840 1.7896051214647727e+02 2.4759989554048412e+00
841 1.7433117028434728e+02 2.4119499343254649e+00
842 1.7555548339046894e+02 2.4288888552946029e+00
843 1.7811079613188380e+02 2.4642427532164941e+00
844 1.7380497447320519e+02 2.4046697792616492e+00
845 1.7295277232842858e+02 2.3928791803471041e+00
846 1.7634168433998985e+02 2.4397662980690109e+00
847 1.7361837352009201e+02 2.4020880713784729e+00
848 1.7079234650829545e+02 2.3629887201013209e+00
849 1.7420285853403107e+02 2.4101746837076687e+00
850 1.7314488368971297e+02 2.3955371271989336e+00
851 1.6932446592292490e+02 2.3426799338085003e+00
852 1.7173563967723322e+02 2.3760396041925489e+00
853 1.7247239790384700e+02 2.3862329847187986e+00
854 1.6813431390239168e+02 2.3262136467808836e+00
855 1.6945412394286916e+02 2.3444738106704479e+00
856 1.7130154095310334e+02 2.3700336536362139e+00
857 1.6730464531841935e+02 2.3147348097871321e+00
858 1.6722740230078236e+02 2.3136661179920113e+00
859 1.6996228612844791e+02 2.3515044624359023e+00
860 1.6642340749923258e+02 2.3025424892936379e+00
861 1.6535885894821902e+02 2.2878139826042410e+00
862 1.6829402631505459e+02 2.3284233396465082e+00
863 1.6564183761326677e+02 2.2917291193607037e+00
864 1.6357642135547832e+02 2.2631531590249696e+00
865 1.6665529782015733e+02 2.3057507958943044e+00
866 1.6465060802877639e+02 2.2780150134591977e+00
867 1.6208749135296023e+02 2.2425531446045355e+00
868 1.6486862365851141e+02 2.2810313574839847e+00
869 1.6368058035864456e+02 2.2645942455526198e+00
870 1.6059411045852926e+02 2.2218915500981109e+00
871 1.6323722591249975e+02 2.2584602379307026e+00
872 1.6248828225220015e+02 2.2480982664638294e+00
873 1.5929449021690465e+02 2.2039107211314852e+00
874 1.6154288028069396e+02 2.2350182061431978e+00
875 1.6133284222658313e+02 2.2321122354553848e+00
876 1.5791387600683029e+02 2.1848093042828158e+00
877 1.6004275074500833e+02 2.2142632411580205e+00
878 1.5999069081044388e+02 2.2135429686126753e+00
879 1.5666492737105526e+02 2.1675295397110528e+00
880 1.5850011888784405e+02 2.1929202374914532e+00
881 1.5871506813432623e+02 2.1958941567285604e+00
882 1.5530103520220041e+02 2.1486594798030580e+00
883 1.5714936442172171e+02 2.1742319435934681e+00
884 1.5728203544082930e+02 2.1760675066502726e+00
885 1.5404669301126754e+02 2.1313050929764938e+00
886 1.5575257001759562e+02 2.1549066665027272e+00
887 1.5592865048130159e+02 2.1573428186961583e+00
888 1.5267704426346984e+02 2.1123553882168040e+00
889 1.5453289826643032e+02 2.1380319607612153e+00
890 1.5442814294401930e+02 2.1365826238893444e+00
891 1.5142260127024187e+02 2.0949996067452736e+00
892 1.5325569143987923e+02 2.1203612314453086e+00
893 1.5300338934487610e+02 2.1168705187948951e+00
894 1.5007509886677971e+02 2.0763563065928525e+00
895 1.5213346126266140e+02 2.1048346735852101e+00
896 1.5143035433149635e+02 2.0951068738252405e+00
897 1.4886723958849225e+02 2.0596450317118999e+00
898 1.5093118518382877e+02 2.0882006447729697e+00
899 1.4992560935628586e+02 2.0742880521640554e+00
900 1.4760286680779598e+02 2.0421518671768997e+00
901 1.4984612523531649e+02 2.0731883536991207e+00
902 1.4827807840621179e+02 2.0514937224962808e+00
903 1.4651143729019302e+02 2.0270514502577131e+00
904 1.4863807189902752e+02 2.0564743939386756e+00
905 1.4670964048519531e+02 2.0297936803614238e+00
906 1.4539955510472407e+02 2.0116680615048854e+00
907 1.4748729445444769e+02 2.0405528718302066e+00
908 1.4503411257799738e+02 2.0066120002342562e+00
909 1.4448076502820732e+02 1.9989561886877705e+00
910 1.4615238077740679e+02 2.0220837423542939e+00
911 1.4348843696859237e+02 1.9852268848902126e+00
912 1.4354621071210130e+02 1.9860262105451418e+00
913 1.4480903271964584e+02 2.0034979194380136e+00
914 1.4191510763652107e+02 1.9634591678894484e+00
915 1.4277345953323376e+02 1.9753348513804012e+00
916 1.4323803333511040e+02 1.9817624383064687e+00
917 1.4056047189526913e+02 1.9447171748091616e+00
918 1.4191836219204831e+02 1.9635041961249462e+00
919 1.4164257367732318e+02 1.9596885383232232e+00
920 1.3927531106785096e+02 1.9269363983236198e+00
921 1.4111185731503051e+02 1.9523458394066187e+00
922 1.3986215059777160e+02 1.9350555864375010e+00
923 1.3828066637797440e+02 1.9131750429073053e+00
924 1.4008226518375855e+02 1.9381009704634864e+00
925 1.3815608594970021e+02 1.9114514168035852e+00
926 1.3738516799972612e+02 1.9007854211828510e+00
927 1.3894962492325928e+02 1.9224303844319137e+00
928 1.3643029185876040e+02 1.8875742814782608e+00
929 1.3673023781344165e+02 1.8917241682972077e+00
930 1.3748424641365747e+02 1.9021562154796197e+00
931 1.3497338052152452e+02 1.8674172596534631e+00
932 1.3603545990620754e+02 1.8821116043191721e+00
933 1.3588660532558939e+02 1.8800521344299930e+00
934 1.3368907178657216e+02 1.8496482722493779e+00
935 1.3535070729867110e+02 1.8726377448591407e+00
936 1.3405859396598481e+02 1.8547607773447803e+00
937 1.3279267664174250e+02 1.8372462433570400e+00
938 1.3435417953745139e+02 1.8588503363061726e+00
939 1.3232506515815743e+02 1.8307766287420333e+00
940 1.3206473157063638e+02 1.8271747967902376e+00
941 1.3312750710931169e+02 1.8418787730586788e+00
942 1.3068293684347992e+02 1.8080570469582355e+00
943 1.3154899559466375e+02 1.8200393582375822e+00
944 1.3149241544928029e+02 1.8192565465480881e+00
945 1.2944969468663453e+02 1.7909945885673524e+00
946 1.3087156304088955e+02 1.8106667750046437e+00
947 1.2974101416368995e+02 1.7950251241990784e+00
948 1.2851177223338871e+02 1.7780180107366710e+00
949 1.2999757170055176e+02 1.7985747127963168e+00
950 1.2792080611932258e+02 1.7698417294802238e+00
951 1.2796161220676986e+02 1.7704063000029708e+00
952 1.2863652358533747e+02 1.7797440016460937e+00
953 1.2643973166971618e+02 1.7493504001578049e+00
954 1.2742232524664225e+02 1.7629450230211163e+00
955 1.2699872973342762e+02 1.7570843890988401e+00
956 1.2529882133608797e+02 1.7335653939550850e+00
957 1.2677557754514980e+02 1.7539969784826928e+00
958 1.2513961739494040e+02 1.7313627360209423e+00
959 1.2465948592378766e+02 1.7247199017622976e+00
960 1.2562954555626807e+02 1.7381411118823045e+00
961 1.2353136033341842e+02 1.7091117782169567e+00
962 1.2416368591050137e+02 1.7178602861953631e+00
963 1.2410776703515754e+02 1.7170866234734694e+00
964 1.2227422543802055e+02 1.6917187530714968e+00
965 1.2363283430288772e+02 1.7105157160990809e+00
966 1.2226322534555280e+02 1.6915665618582909e+00
967 1.2158609720010480e+02 1.6821981902510827e+00
968 1.2259882188250197e+02 1.6962096904734096e+00
969 1.2061847400292775e+02 1.6688106893063219e+00
970 1.2111553317863053e+02 1.6756877259500655e+00
971 1.2112817060154451e+02 1.6758625703643932e+00
972 1.1934837014501427e+02 1.6512382327474389e+00
973 1.2062428295793025e+02 1.6688910588042947e+00
974 1.1929777631040703e+02 1.6505382443525971e+00
975 1.1868899552736268e+02 1.6421154891603533e+00
976 1.1959521798926671e+02 1.6546534833923003e+00
977 1.1768471975372421e+02 1.6282208833803251e+00
978 1.1825473162875097e+02 1.6361072533409757e+00
979 1.1809338156523410e+02 1.6338749028412449e+00
980 1.1650523225050078e+02 1.6119021447330870e+00
981 1.1773487082798471e+02 1.6289147459871767e+00
982 1.1627175662423748e+02 1.6086719047219986e+00
983 1.1595112542501485e+02 1.6042358282667879e+00
984 1.1660418813668284e+02 1.6132712438034862e+00
985 1.1476720412985070e+02 1.5878557461193437e+00
986 1.1554512906089050e+02 1.5986186864659906e+00
987 1.1500798526903891e+02 1.5911870611785184e+00
988 1.1378003135658740e+02 1.5741977680207817e+00
989 1.1490411877193901e+02 1.5897500216034952e+00
990 1.1323118077157609e+02 1.5666041739990511e+00
991 1.1337115141882381e+02 1.5685407306853050e+00
992 1.1357446242640107e+02 1.5713536296670176e+00
993 1.1194255500997879e+02 1.5487754585950004e+00
994 1.1292328286131134e+02 1.5623442683078843e+00
995 1.1188254254223021e+02 1.5479451591860720e+00
996 1.1122601915327230e+02 1.5388618636268363e+00
997 1.1203643858983949e+02 1.5500743800323424e+00
998 1.1026127745704409e+02 1.5255142295401534e+00
999 1.1091790646687355e+02 1.5345989864115215e+00
1000 1.1046280985445193e+02 1.5283025206524052e+00
1001 1.0931071052033349e+02 1.5123627096092569e+00
1002 1.1027517390571001e+02 1.5257064931404749e+00
1003 1.0878448925429500e+02 1.5050822023655324e+00
1004 1.0885948747583937e+02 1.5061198363998443e+00
1005 1.0903476375632891e+02 1.5085448623577726e+00
1006 1.0749465632141495e+02 1.4872367852053276e+00
1007 1.0847935700442493e+02 1.5008605608264187e+00
1008 1.0730337525838424e+02 1.4845903259022546e+00
1009 1.0694014043432341e+02 1.4795648091882370e+00
1010 1.0745349093440777e+02 1.4866672436120112e+00
1011 1.0586961812887974e+02 1.4647536529268679e+00
1012 1.0658452939160543e+02 1.4746447709086221e+00
1013 1.0588749890076561e+02 1.4650010414260415e+00
1014 1.0505676281644551e+02 1.4535074350861685e+00
1015 1.0586018802096579e+02 1.4646231831541552e+00
1016 1.0426777047387579e+02 1.4425913721368955e+00
1017 1.0476413690183816e+02 1.4494588243049298e+00
1018 1.0438549268668342e+02 1.4442201117534936e+00
1019 1.0332813331373757e+02 1.4295910705672534e+00
1020 1.0416156061631374e+02 1.4411219111188018e+00
1021 1.0277119772654129e+02 1.4218856169138960e+00
1022 1.0292598593806582e+02 1.4240271812480998e+00
1023 1.0290964290085454e+02 1.4238010679978754e+00
1024 1.0161856209274565e+02 1.4059383859241652e+00
1025 1.0250653120322583e+02 1.4182238368519162e+00
1026 1.0123540928552043e+02 1.4006372949791774e+00
1027 1.0120112862843555e+02 1.4001630067123711e+00
1028 1.0134790864773287e+02 1.4021937741151653e+00
1029 1.0002457385133900e+02 1.3838848436465252e+00
1030 1.0080163416476179e+02 1.3946358216206305e+00
1031 9.9759222374928058e+01 1.3802135869512444e+00
1032 9.9476337742387784e+01 1.3762997511766992e+00
1033 9.9824910009249649e+01 1.3811224048352151e+00
1034 9.8415943646440141e+01 1.3616287232365532e+00
1035 9.9176274849831557e+01 1.3721482464698014e+00
1036 9.8223443664631034e+01 1.3589653996454547e+00
1037 9.7860258387290116e+01 1.3539405684325303e+00
1038 9.8239885301537754e+01 1.3591928770666908e+00
1039 9.6890005893276395e+01 1.3405166899867054e+00
1040 9.7528407905328109e+01 1.3493492681683916e+00
1041 9.6735239404076765e+01 1.3383754261906098e+00
1042 9.6238252612950092e+01 1.3314993910199433e+00
1043 9.6710481148416036e+01 1.3380328846186265e+00
1044 9.5331235861415465e+01 1.3189504074346914e+00
1045 9.5970266063338528e+01 1.3277916769050124e+00
1046 9.5188996458246606e+01 1.3169824614926546e+00
1047 9.4711811922738349e+01 1.3103803994104521e+00
1048 9.5136346944093376e+01 1.3162540318492522e+00
1049 9.3840100825674625e+01 1.2983198853905884e+00
1050 9.4397115392327862e+01 1.3060264317601575e+00
1051 9.3690569574820600e+01 1.2962510534651863e+00
1052 9.3173529274217103e+01 1.2890975689962290e+00
1053 9.3623850566739478e+01 1.2953279660626462e+00
1054 9.2313655909938646e+01 1.2772008353190740e+00
1055 9.2910319008045832e+01 1.2854559369050194e+00
1056 9.2141117204091870e+01 1.2748136849342233e+00
1057 9.1722434258235282e+01 1.2690210185847985e+00
1058 9.2072298831823787e+01 1.2738615518865208e+00
1059 9.0852976764909698e+01 1.2569916841834696e+00
1060 9.1406571089565901e+01 1.2646509099709153e+00
1061 9.0641934313981011e+01 1.2540718172151755e+00
1062 9.0258967793723201e+01 1.2487733036339377e+00
1063 9.0578291629404092e+01 1.2531912921281516e+00
1064 8.9364770954807739e+01 1.2364016892899374e+00
1065 8.9978991499722440e+01 1.2448997060275753e+00
1066 8.9100021573276820e+01 1.2327387628473818e+00
1067 8.8878864190169665e+01 1.2296789512555084e+00
1068 8.9043009894680296e+01 1.2319499807023278e+00
1069 8.7948837799104467e+01 1.2168116189867475e+00
1070 8.8526218461404198e+01 1.2247999394244704e+00
1071 8.7613387784365926e+01 1.2121705175721329e+00
1072 8.7487401998239719e+01 1.2104274477121795e+00
1073 8.7556548919186895e+01 1.2113841263782226e+00
1074 8.6519279043124996e+01 1.1970330323921925e+00
1075 8.7133272057130199e+01 1.2055279011376419e+00
1076 8.6096880827092690e+01 1.1911889636134618e+00
1077 8.6173592472488281e+01 1.1922503036352841e+00
1078 8.6025737332711032e+01 1.1902046614584219e+00
1079 8.5172481330276071e+01 1.1783994819504828e+00
1080 8.5700576235161691e+01 1.1857059118280482e+00
1081 8.4647842597653465e+01 1.1711408697663868e+00
1082 8.4842859789948776e+01 1.1738390200936162e+00
1083 8.4539241810839613e+01 1.1696383291696815e+00
1084 8.3826050555956144e+01 1.1597710082679062e+00
1085 8.4306484923404170e+01 1.1664180332326552e+00
1086 8.3190352111717800e+01 1.1509758351595598e+00
1087 8.3573292531184194e+01 1.1562739876246411e+00
1088 8.3015117710182537e+01 1.1485513886157479e+00
1089 8.2567973931304238e+01 1.1423649538758192e+00
1090 8.2856668767821589e+01 1.1463591764284606e+00
1091 8.1820954236375684e+01 1.1320296013328175e+00
1092 8.2266946378943757e+01 1.1382001026678465e+00
1093 8.1546624257703215e+01 1.1282341230315858e+00
1094 8.1311947194429081e+01 1.1249872606005673e+00
1095 8.1429643063415185e+01 1.1266156357385784e+00
1096 8.0468966146565492e+01 1.1133242396977887e+00
1097 8.0990634203057667e+01 1.1205417512451714e+00
1098 8.0067206053501579e+01 1.1077657086072239e+00
1099 8.0129738877411512e+01 1.1086308782741099e+00
1100 7.9945952043722514e+01 1.1060881049953954e+00
1101 7.9222558019519255e+01 1.0960796242037929e+00
1102 7.9647425652343045e+01 1.1019578584714507e+00
1103 7.8675596745467274e+01 1.0885121696466047e+00
1104 7.8923822679824738e+01 1.0919464867861890e+00
1105 7.8495621652497249e+01 1.0860221335104321e+00
1106 7.8003665190853823e+01 1.0792156952044398e+00
1107 7.8303958851990600e+01 1.0833703926981573e+00
1108 7.7314701317595080e+01 1.0696835709942447e+00
1109 7.7747289614220605e+01 1.0756686241085793e+00
1110 7.7023223003811665e+01 1.0656508377851435e+00
1111 7.6877545942141992e+01 1.0636353302958412e+00
1112 7.6882019288657901e+01 1.0636972210513365e+00
1113 7.6075408293383191e+01 1.0525373961393270e+00
1114 7.6497516040089479e+01 1.0583774461446467e+00
1115 7.5633022201071668e+01 1.0464167861270333e+00
1116 7.5744809691710159e+01 1.0479634162004969e+00
1117 7.5469239783823170e+01 1.0441507829224321e+00
1118 7.4888089921454153e+01 1.0361103139111365e+00
1119 7.5227332502492473e+01 1.0408038871816030e+00
1120 7.4284065653189302e+01 1.0277533672343251e+00
1121 7.4642320852251032e+01 1.0327099886029496e+00
1122 7.4023562665858066e+01 1.0241491915601739e+00
1123 7.3810376585717989e+01 1.0211996665202498e+00
1124 7.3859725229915384e+01 1.0218824271472611e+00
1125 7.3071348675783355e+01 1.0109748839072257e+00
1126 7.3459405354183019e+01 1.0163438221094645e+00
1127 7.2657952687478613e+01 1.0052553649869105e+00
1128 7.2737386194021596e+01 1.0063543631785539e+00
1129 7.2483060760451750e+01 1.0028356567315340e+00
1130 7.1931277171035376e+01 9.9520148327830726e-01
1131 7.2236062741006194e+01 9.9941832834551703e-01
1132 7.1348451482659357e+01 9.8713782846253995e-01
1133 7.1687027162547821e+01 9.9182217485647051e-01
1134 7.1072824163041858e+01 9.8332440086743234e-01
1135 7.0909079330233965e+01 9.8105891766042497e-01
1136 7.0901190171900666e+01 9.8094976761632868e-01
1137 7.0191409130030337e+01 9.7112962854118645e-01
1138 7.0540665659440307e+01 9.7596174927897028e-01
1139 6.9753435889488898e+01 9.6507007231244535e-01
1140 6.9888140609449138e+01 9.6693377253273016e-01
1141 6.9551967057084795e+01 9.6228266065053136e-01
1142 6.9121157092597031e+01 9.5632221155896513e-01
1143 6.9332282870401329e+01 9.5924323139195833e-01
1144 6.8514722610368054e+01 9.4793191849089753e-01
1145 6.8865558633489172e+01 9.5278589223263155e-01
1146 6.8187612640559607e+01 9.4340620533868369e-01
1147 6.8160632256025394e+01 9.4303291961703550e-01
1148 6.8008669429204303e+01 9.4093044574748474e-01
1149 6.7444391226864170e+01 9.3312340372020031e-01
1150 6.7720929825910275e+01 9.3694943927494245e-01
1151 6.6943311354442130e+01 9.2619073893392678e-01
1152 6.7174575937924473e+01 9.2939038817641306e-01
1153 6.6688123965211688e+01 9.2266010694372602e-01
1154 6.6459316239949672e+01 9.1949444943670233e-01
1155 6.6498450230656744e+01 9.2003588575105655e-01
1156 6.5810730553316702e+01 9.1052097554946088e-01
1157 6.6144042945200894e+01 9.1513250199308926e-01
1158 6.5396483087455508e+01 9.0478967605523553e-01
1159 6.5548092035536953e+01 9.0688725385369662e-01
1160 6.5181313363060696e+01 9.0181270640731537e-01
1161 6.4849061832888495e+01 8.9721585746130494e-01
1162 6.4965657739524218e+01 8.9882901412682814e-01
1163 6.4267750101197350e+01 8.8917314891533372e-01
1164 6.4557854576359091e+01 8.9318687445089107e-01
1165 6.3917612005554055e+01 8.8432883131329953e-01
1166 6.3938572913636357e+01 8.8461883487829618e-01
1167 6.3720021097901814e+01 8.8159507247970825e-01
1168 6.3269722089148559e+01 8.7536498371923177e-01
1169 6.3475520650153122e+01 8.7821229911836318e-01
1170 6.2747301326716851e+01 8.6813705814756159e-01
1171 6.3031077683676351e+01 8.7206323132941532e-01
1172 6.2441430555449003e+01 8.6390519883365779e-01
1173 6.2407060923847474e+01 8.6342967956450534e-01
1174 6.2248864901393411e+01 8.6124096663757277e-01
1175 6.1771801871698834e+01 8.5464058564280210e-01
1176 6.1980582864999533e+01 8.5752916433047266e-01
1177 6.1295511757173152e+01 8.4805089827607172e-01
1178 6.1516081654524712e+01 8.5110258173900910e-01
1179 6.1017688915388476e+01 8.4420709464701515e-01
1180 6.0899767639906031e+01 8.4257560090902461e-01
1181 6.0824288769979212e+01 8.4153131688875449e-01
1182 6.0296453115427809e+01 8.3422847385584553e-01
1183 6.0540524670253610e+01 8.3760531329122945e-01
1184 5.9853966865521990e+01 8.2810647811831062e-01
1185 6.0069761174536133e+01 8.3109208917458655e-01
1186 5.9592773897218962e+01 8.2449275624793472e-01
1187 5.9467877876645922e+01 8.2276476378320618e-01
1188 5.9397547312001805e+01 8.2179170887571162e-01
1189 5.8891162219073152e+01 8.1478564398415787e-01
1190 5.9107892029614405e+01 8.1778419812366554e-01
1191 5.8470543438768971e+01 8.0896619449686313e-01
1192 5.8642420612930415e+01 8.1134419229412780e-01
1193 5.8217311983993682e+01 8.0546262373715238e-01
1194 5.8059178899805808e+01 8.0327478158936250e-01
1195 5.8021135244498382e+01 8.0274843055431477e-01
1196 5.7503679078047369e+01 7.9558919239482717e-01
1197 5.7734365635621110e+01 7.9878084438960362e-01
1198 5.7095293952898693e+01 7.8993900101381809e-01
1199 5.7283171205176885e+01 7.9253836706840552e-01
1200 5.6843892657352505e+01 7.8646075132793047e-01
1201 5.6720740116972550e+01 7.8475688069368321e-01
1202 5.6648501014079848e+01 7.8375742030347539e-01
1203 5.6180852661535326e+01 7.7728729558987764e-01
1204 5.6372420843348998e+01 7.7993772731009547e-01
1205 5.5776042565800381e+01 7.7168656634432942e-01
1206 5.5943357436128693e+01 7.7400144262171466e-01
1207 5.5520834301900976e+01 7.6815564554372062e-01
1208 5.5404392078017374e+01 7.6654461514800498e-01
1209 5.5326893831391466e+01 7.6547239214534391e-01
1210 5.4876663791628928e+01 7.5924325760178890e-01
1211 5.5067251260773844e+01 7.6188012072235156e-01
1212 5.4469001538001898e+01 7.5360306747251415e-01
1213 5.4666764953722321e+01 7.5633921303260443e-01
1214 5.4205013042491316e+01 7.4995066822933298e-01
1215 5.4154174891041158e+01 7.4924729960138525e-01
1216 5.4011937065776372e+01 7.4727937549035894e-01
1217 5.3636573255047722e+01 7.4208604880553020e-01
1218 5.3772586123571280e+01 7.4396784784793746e-01
1219 5.3220727567803173e+01 7.3633263720160957e-01
1220 5.3406570984898011e+01 7.3890386423419130e-01
1221 5.2942397876600829e+01 7.3248182108352045e-01
1222 5.2925076906485721e+01 7.3224217769293543e-01
1223 5.2747147627149303e+01 7.2978044630600059e-01
1224 5.2418861076200230e+01 7.2523845462596981e-01
1225 5.2528977206093607e+01 7.2676196067386301e-01
1226 5.1992219418509578e+01 7.1933567592856851e-01
1227 5.2201799729154537e+01 7.2223531353021786e-01
1228 5.1694469991013214e+01 7.1521617904844126e-01
1229 5.1756968496573322e+01 7.1608087390556441e-01
1230 5.1492062286654971e+01 7.1241577767192588e-01
1231 5.1265824777662765e+01 7.0928568025982408e-01
1232 5.1293022500026794e+01 7.0966197294783118e-01
1233 5.0827947399870148e+01 7.0322745033521061e-01
1234 5.1007379148203356e+01 7.0570996905462435e-01
1235 5.0505928621232698e+01 6.9877217609641951e-01
1236 5.0605949931449508e+01 7.0015601578621844e-01
1237 5.0289063795570549e+01 6.9577175396215540e-01
1238 5.0137238323313788e+01 6.9367118045461029e-01
1239 5.0103198349566348e+01 6.9320022214973198e-01
1240 4.9691842503783874e+01 6.8750892951628539e-01
1241 4.9858436721124818e+01 6.8981383523635309e-01
1242 4.9343066470087237e+01 6.8268345665221408e-01
1243 4.9506348065942902e+01 6.8494253076820988e-01
1244 4.9103766486625830e+01 6.7937263404686821e-01
1245 4.9069581299185955e+01 6.7889966664542167e-01
1246 4.8921777940221894e+01 6.7685474087933539e-01
1247 4.8624064969108325e+01 6.7273574838961603e-01
1248 4.8713231756200983e+01 6.7396941088337059e-01
1249 4.8248968977635258e+01 6.6754612710431427e-01
1250 4.8414464122625446e+01 6.6983582666543806e-01
1251 4.7979486955189621e+01 6.6381772245195358e-01
1252 4.8020945402100651e+01 6.6439131866048695e-01
1253 4.7788930570765800e+01 6.6118128940244969e-01
1254 4.7587604329737914e+01 6.5839585055618277e-01
1255 4.7606581408978620e+01 6.5865840695934152e-01
1256 4.7192132707747795e+01 6.5292432328351635e-01
1257 4.7360367092680491e+01 6.5525192145788680e-01
1258 4.6888027877487964e+01 6.4871689655554288e-01
1259 4.7020085127008549e+01 6.5054396783481472e-01
1260 4.6675727293484563e+01 6.4577962275184475e-01
1261 4.6614181584247596e+01 6.4492811025921370e-01
1262 4.6504833795091486e+01 6.4341523455004745e-01
1263 4.6209851536673860e+01 6.3933402269529371e-01
1264 4.6304156857150112e+01 6.4063877910321676e-01
1265 4.5871767568796137e+01 6.3465647935758118e-01
1266 4.6023280280043075e+01 6.3675272567627150e-01
1267 4.5626106524098937e+01 6.3125764861688638e-01
1268 4.5661513609635278e+01 6.3174752152656022e-01
1269 4.5448338495256500e+01 6.2879814820286217e-01
1270 4.5266205798710025e+01 6.2627826065345116e-01
1271 4.5278526836366638e+01 6.2644872773583349e-01
1272 4.4902970965248485e+01 6.2125274380937046e-01
1273 4.5055445650277164e+01 6.2336229946680888e-01
1274 4.4618269138480350e+01 6.1731376633760959e-01
1275 4.4751212124739176e+01 6.1915309218193793e-01
1276 4.4415670108230621e+01 6.1451071788156930e-01
1277 4.4386057941487621e+01 6.1410102027261892e-01
1278 4.4255969482847753e+01 6.1230118809825129e-01
1279 4.4014627818576017e+01 6.0896211792313149e-01
1280 4.4079390495742274e+01 6.0985813860998350e-01
1281 4.3693987090431825e+01 6.0452590963101693e-01
1282 4.3838501427650463e+01 6.0652533030601752e-01
1283 4.3453253763280031e+01 6.0119525607281121e-01
1284 4.3524061407226320e+01 6.0217491158643754e-01
1285 4.3280107030559371e+01 5.9879969336343974e-01
1286 4.3168664181228429e+01 5.9725783155704926e-01
1287 4.3128785610283344e+01 5.9670609364113258e-01
1288 4.2826869553906349e+01 5.9252894958156743e-01
1289 4.2944783175074974e+01 5.9416033741869301e-01
1290 4.2545175641848729e+01 5.8863158795897841e-01
1291 4.2693947595398832e+01 5.9068991466561016e-01
1292 4.2338848772402280e+01 5.8577696317558914e-01
1293 4.2380219088965866e+01 5.8634934006123629e-01
1294 4.2185875839669912e+01 5.8366051403768915e-01
1295 4.2041928713320722e+01 5.8166894097948063e-01
1296 4.2039268955614418e+01 5.8163214203862235e-01
1297 4.1729894658969435e+01 5.7735180987967594e-01
1298 4.1851513141618597e+01 5.7903445613714077e-01
1299 4.1480963526844540e+01 5.7390773601267397e-01
1300 4.1599146129440236e+01 5.7554284532849032e-01
1301 4.1300738523399630e+01 5.7141424225298809e-01
1302 4.1294234584276232e+01 5.7132425733797865e-01
1303 4.1162312874096052e+01 5.6949906130627526e-01
1304 4.0976555519256777e+01 5.6692902498360109e-01
1305 4.1020378355003849e+01 5.6753533357218977e-01
1306 4.0692009133053993e+01 5.6299219810178236e-01
1307 4.0834045862738897e+01 5.6495733996526276e-01
1308 4.0469881614302530e+01 5.5991896424813126e-01
1309 4.0587305072110901e+01 5.6154357045531278e-01
1310 4.0309883679329310e+01 5.5770532105327730e-01
1311 4.0296297664878473e+01 5.5751735244956180e-01
1312 4.0183555614139109e+01 5.5595751560894979e-01
1313 3.9999780272016622e+01 5.5341490132121229e-01
1314 4.0048535791619798e+01 5.5408945580342617e-01
1315 3.9739002139601816e+01 5.4980691889141797e-01
1316 3.9869240712379870e+01 5.5160882796221866e-01
1317 3.9538132005213001e+01 5.4702779048508188e-01
1318 3.9634094803312593e+01 5.4835547883935876e-01
1319 3.9394076492827956e+01 5.4503471785745250e-01
1320 3.9360397334817492e+01 5.4456875160013329e-01
1321 3.9279003069502025e+01 5.4344262543140565e-01
1322 3.9084618410928748e+01 5.4075322649193336e-01
1323 3.9153803031586861e+01 5.4171042675038672e-01
1324 3.8844162849544993e+01 5.3742641594771590e-01
1325 3.8986598119814388e+01 5.3939707179894170e-01
1326 3.8660266031802834e+01 5.3488212099029431e-01
1327 3.8767683455218588e+01 5.3636828922360824e-01
1328 3.8529391918108580e+01 5.3307141892585630e-01
1329 3.8513401487123005e+01 5.3285018414092034e-01
1330 3.8425775485332132e+01 5.3163783910291040e-01
1331 3.8257297840510091e+01 5.2930687531886056e-01
1332 3.8313491911355975e+01 5.3008434549395966e-01
1333 3.8033870452717501e+01 5.2621565719399011e-01
1334 3.8162940097192163e+01 5.2800139361740950e-01
1335 3.7863256226950462e+01 5.2385513285423735e-01
1336 3.7964308846992672e+01 5.2525324117804806e-01
1337 3.7743276968120767e+01 5.2219516599356230e-01
1338 3.7731464846162744e+01 5.2203173998813579e-01
1339 3.7651255193080345e+01 5.2092200346099149e-01
1340 3.7494601564102801e+01 5.1875463023962243e-01
1341 3.7554351186712559e+01 5.1958129306816025e-01
1342 3.7285982916021744e+01 5.1586829767088294e-01
1343 3.7424170310768375e+01 5.1778018225893507e-01
1344 3.7125960426115846e+01 5.1365431474752166e-01
1345 3.7249307418505921e+01 5.1536087571254718e-01
1346 3.7015054934976803e+01 5.1211988753273940e-01
1347 3.7039936509768467e+01 5.1246413528021206e-01
1348 3.6934536303813495e+01 5.1100587615525850e-01
1349 3.6822422746820536e+01 5.0945473480752879e-01
1350 3.6854773368855319e+01 5.0990232017373105e-01
1351 3.6627120783004166e+01 5.0675264453857582e-01
1352 3.6748016540135687e+01 5.0842529156433702e-01
1353 3.6475447545718531e+01 5.0465417727013884e-01
1354 3.6600315396082244e+01 5.0638177998738598e-01
1355 3.6371609184072526e+01 5.0321752696173994e-01
1356 3.6417192445627066e+01 5.0384819183098550e-01
1357 3.6301625395551262e+01 5.0224926985744589e-01
1358 3.6220529624656891e+01 5.0112727349291897e-01
1359 3.6239506889995596e+01 5.0138983247082702e-01
1360 3.6038577277068910e+01 4.9860988115224131e-01
1361 3.6158139629959422e+01 5.0026407993225119e-01
1362 3.5894076016985807e+01 4.9661064140527633e-01
1363 3.6040586658056441e+01 4.9863768183947932e-01
1364 3.5795510606171284e+01 4.9524694473672826e-01
1365 3.5886957078224988e+01 4.9651214769443497e-01
1366 3.5734416678045854e+01 4.9440168283841446e-01
1367 3.5713789528271903e+01 4.9411629696931569e-01
1368 3.5689219800246576e+01 4.9377636376172912e-01
1369 3.5546541977784869e+01 4.9180235209212975e-01
1370 3.5634033631568961e+01 4.9301283836520626e-01
1371 3.5408971276059333e+01 4.8989899972863216e-01
1372 3.5549124808939389e+01 4.9183808671963991e-01
1373 3.5314003411060412e+01 4.8858507672006424e-01
1374 3.5428804990011507e+01 4.9017340805725379e-01
1375 3.5259317381975421e+01 4.8782847097913490e-01
1376 3.5283341060773260e+01 4.8816084935073761e-01
1377 3.5228755920665407e+01 4.8740563945405913e-01
1378 3.5134218325420733e+01 4.8609766942053179e-01
1379 3.5198803943908572e+01 4.8699124042115105e-01
1380 3.5005207839297555e+01 4.8431275147943975e-01
1381 3.5147800089363891e+01 4.8628557921656707e-01
1382 3.4913224075607395e+01 4.8304011485094916e-01
1383 3.5064395334159350e+01 4.8513163701845124e-01
1384 3.4862385456122112e+01 4.8233673974752550e-01
1385 3.4951786966468909e+01 4.8357364974278244e-01
1386 3.4843002873824275e+01 4.8206857302768952e-01
1387 3.4825993605845987e+01 4.8183324217597640e-01
1388 3.4835510697847234e+01 4.8196491541255215e-01
1389 3.4709176813723744e+01 4.8021702946067257e-01
1390 3.4817916812690207e+01 4.8172149611995058e-01
1391 3.4621085382356746e+01 4.7899824499571597e-01
1392 3.4774140705396732e+01 4.8111583404047675e-01
1393 3.4572010315673225e+01 4.7831926943631792e-01
1394 3.4700040324736200e+01 4.8009062203750480e-01
1395 3.4559523506295051e+01 4.7814650882781340e-01
1396 3.4604680768220781e+01 4.7877127980111917e-01
1397 3.4569748270379272e+01 4.7828797302507203e-01
1398 3.4506460415943131e+01 4.7741235717219921e-01
1399 3.4582562427627650e+01 4.7846526263818739e-01
1400 3.4425963216711239e+01 4.7629864231510244e-01
1401 3.4578985162244336e+01 4.7841576956708443e-01
1402 3.4378527026363408e+01 4.7564234134490024e-01
1403 3.4548137504222048e+01 4.7798897838212540e-01
1404 3.4369150109763602e+01 4.7551260749787683e-01
1405 3.4491109725306110e+01 4.7719997348193072e-01
1406 3.4391161444446155e+01 4.7581714418603999e-01
1407 3.4420231959465937e+01 4.7621934780045044e-01
1408 3.4428823003044180e+01 4.7633820874172977e-01
1409 3.4354220380825140e+01 4.7530604800152354e-01
1410 3.4462956735981791e+01 4.7681046424705836e-01
1411 3.4311335482957865e+01 4.7471271620419880e-01
1412 3.4477759966190696e+01 4.7701527357674928e-01
1413 3.4303171352813443e+01 4.7459976180176155e-01
1414 3.4466406093238234e+01 4.7685818765185495e-01
1415 3.4331055622556349e+01 4.7498555318069519e-01
1416 3.4433313148649368e+01 4.7640033192016018e-01
1417 3.4385946885630986e+01 4.7574499842592566e-01
1418 3.4392265083451939e+01 4.7583241352670452e-01
1419 3.4451683544091466e+01 4.7665449458084685e-01
1420 3.4361299327539591e+01 4.7540398840446557e-01
1421 3.4510547967827684e+01 4.7746891028592764e-01
1422 3.4356456010070531e+01 4.7533697893488902e-01
1423 3.4549358966763343e+01 4.7800587786425158e-01
1424 3.4386595365910800e+01 4.7575397044146228e-01
1425 3.4563958276579072e+01 4.7820786586383773e-01
1426 3.4450771855487538e+01 4.7664188096008830e-01
1427 3.4560393484340139e+01 4.7815854536428187e-01
1428 3.4538661695928582e+01 4.7785787632416393e-01
1429 3.4552283140175561e+01 4.7804633511500055e-01
1430 3.4633553294272829e+01 4.7917074414935629e-01
1431 3.4555091010359384e+01 4.7808518325841876e-01
1432 3.4716335406104477e+01 4.8031607179713148e-01
1433 3.4578417746507803e+01 4.7840791911586428e-01
1434 3.4767649359127134e+01 4.8102602335324790e-01
1435 3.4616513355588630e+01 4.7893498895467007e-01
1436 3.4764204553307898e+01 4.8097836291962659e-01
1437 3.4635592060423598e+01 4.7919895139350793e-01
1438 3.4665272190006320e+01 4.7960958929882946e-01
1439 3.4556289748397205e+01 4.7810176833684664e-01
1440 3.4389146605425282e+01 4.7578926798446258e-01
1441 3.4235175629784685e+01 4.7365901047527109e-01
1442 3.3791464923507618e+01 4.6752007383462968e-01
1443 3.3465894848245711e+01 4.6301566581416226e-01
1444 3.2679664085127264e+01 4.5213781055525981e-01
1445 3.2042508551792494e+01 4.4332247796571034e-01
1446 3.0911446252094390e+01 4.2767372372959084e-01
1447 2.9915138699106770e+01 4.1388936185628439e-01
1448 2.8575041523063494e+01 3.9534851634669887e-01
1449 2.7368862328542274e+01 3.7866048617822701e-01
1450 2.6120167122533044e+01 3.6138422792094560e-01
1451 2.5043732201809522e+01 3.4649126797517138e-01
1452 2.4263141729049021e+01 3.3569144866323264e-01
1453 2.3697148598261606e+01 3.2786067983167649e-01
1454 2.3667317718309384e+01 3.2744795622737627e-01
1455 2.3822850038418217e+01 3.2959981563760171e-01
1456 2.4532566808315433e+01 3.3941906548116779e-01
1457 2.5224353550150489e+01 3.4899024534426831e-01
1458 2.6152037569420536e+01 3.6182516984861024e-01
1459 2.6668986105981531e+01 3.6897738472088021e-01
1460 2.6908450613013056e+01 3.7229048358361311e-01
1461 2.6559073914677143e+01 3.6745670025483901e-01
1462 2.5825771621015932e+01 3.5731113411109083e-01
1463 2.4981783259025100e+01 3.4563417656554735e-01
1464 2.4163097381127926e+01 3.3430729023646166e-01
1465 2.3871136157963800e+01 3.3026787575947686e-01
1466 2.3849596930195425e+01 3.2996987088222735e-01
1467 2.4457746787431475e+01 3.3838389693292170e-01
1468 2.5001203806013589e+01 3.4590286854390695e-01
1469 2.5616857292885225e+01 3.5442071067624198e-01
1470 2.5572161704542182e+01 3.5380232716402898e-01
1471 2.5186331642405584e+01 3.4846419519650257e-01
1472 2.4386224035898216e+01 3.3739434758507963e-01
1473 2.3712809026951049e+01 3.2807734888682827e-01
1474 2.3429187827856740e+01 3.2415332238363298e-01
1475 2.3568634124835199e+01 3.2608262444872282e-01
1476 2.4172551408445678e+01 3.3443809094485460e-01
1477 2.4589987740107912e+01 3.4021350982775184e-01
1478 2.4820593974596164e+01 3.4340405051661294e-01
1479 2.4306247769401104e+01 3.3628784006602452e-01
1480 2.3717368314606013e+01 3.2814042867652982e-01
1481 2.3052744519175270e+01 3.1894506036043552e-01
1482 2.2994726919342366e+01 3.1814236084388636e-01
1483 2.3280871185678137e+01 3.2210129511404850e-01
1484 2.3812903928792945e+01 3.2946220674976862e-01
1485 2.4066555857168559e+01 3.3297159495033657e-01
1486 2.3759773019179757e+01 3.2872711678425554e-01
1487 2.3191353821811685e+01 3.2086278223338288e-01
1488 2.2565551824778712e+01 3.1220453091101480e-01
1489 2.2554514755921115e+01 3.1205182811287030e-01
1490 2.2792420339769734e+01 3.1534335857413776e-01
1491 2.3348156936347163e+01 3.2303222365449535e-01
1492 2.3337309027761119e+01 3.2288213797355259e-01
1493 2.3017618697186784e+01 3.1845907885810254e-01
1494 2.2336152637764268e+01 3.0903069026535557e-01
1495 2.2049276992769769e+01 3.0506163704340183e-01
1496 2.2182151610208070e+01 3.0690001697443248e-01
1497 2.2603659142935175e+01 3.1273176275013392e-01
1498 2.2855801672926180e+01 3.1622026774703443e-01
1499 2.2518077203725085e+01 3.1154769823476042e-01
1500 2.2017531004210603e+01 3.0462241705253335e-01
1501 2.1556190169834768e+01 2.9823955968193516e-01
1502 2.1755003011785558e+01 3.0099022452462582e-01
1503 2.2053031717623856e+01 3.0511358534587951e-01
1504 2.2339956066426794e+01 3.0908331240686832e-01
1505 2.1958410001841056e+01 3.0380445146697627e-01
1506 2.1475313582629148e+01 2.9712059582205352e-01
1507 2.1143525072906112e+01 2.9253015297163759e-01
1508 2.1341428190896707e+01 2.9526823137529690e-01
1509 2.1716539250672689e+01 3.0045806113732809e-01
1510 2.1732284921271180e+01 3.0067590955252543e-01
1511 2.1371568357838221e+01 2.9568523410381969e-01
1512 2.0820375057540438e+01 2.8805922756531344e-01
1513 2.0816725653194105e+01 2.8800873641930030e-01
1514 2.1029264263609086e+01 2.9094930342516562e-01
1515 2.1371644204921541e+01 2.9568628348223741e-01
1516 2.1066243654500116e+01 2.9146092988465383e-01
1517 2.0653008426761563e+01 2.8574363515887835e-01
1518 2.0320901439433900e+01 2.8114878602795440e-01
1519 2.0554417592520906e+01 2.8437958674582642e-01
1520 2.0834654033156664e+01 2.8825678359756868e-01
1521 2.0773390648581838e+01 2.8740917719327053e-01
1522 2.0342698586693626e+01 2.8145035933705242e-01
1523 1.9960037200151856e+01 2.7615606741763893e-01
1524 2.0115680277759353e+01 2.7830945920753691e-01
1525 2.0349931074888698e+01 2.8155042405524744e-01
1526 2.0433851512504777e+01 2.8271150095082792e-01
1527 1.9938952675671818e+01 2.7586435356433342e-01
1528 1.9664807981684785e+01 2.7207143875983120e-01
1529 1.9656128692321577e+01 2.7195135689853561e-01
1530 2.0013823070367877e+01 2.7690021905686429e-01
1531 1.9962579602644411e+01 2.7619124269647716e-01
1532 1.9596947157222903e+01 2.7113255381552009e-01
1533 1.9256201163380432e+01 2.6641818015457641e-01
1534 1.9337693776604318e+01 2.6754566701072935e-01
1535 1.9639949634826724e+01 2.7172751238123838e-01
1536 1.9531763343904462e+01 2.7023070652110875e-01
1537 1.9188424709633768e+01 2.6548046251695345e-01
1538 1.8853852485281575e+01 2.6085150572605276e-01
1539 1.9090677307793744e+01 2.6412808336947236e-01
1540 1.9229734510651635e+01 2.6605200214288227e-01
1541 1.9149504725805478e+01 2.6494198708375655e-01
1542 1.8668560674180917e+01 2.5828791040981458e-01
1543 1.8589821783862284e+01 2.5719852254519388e-01
1544 1.8766836246950554e+01 2.5964759703900941e-01
1545 1.8916776295995856e+01 2.6172208487074772e-01
1546 1.8619861638201044e+01 2.5761413740386396e-01
1547 1.8260448334240863e+01 2.5264149313452017e-01
1548 1.8312319257012568e+01 2.5335915061693454e-01
1549 1.8504756815877023e+01 2.5602161055859507e-01
1550 1.8513007979440420e+01 2.5613576910742131e-01
1551 1.8072422570988937e+01 2.5004007236399894e-01
1552 1.7947500101650412e+01 2.4831171396873675e-01
1553 1.8048291446301906e+01 2.4970620743032615e-01
1554 1.8258823422978967e+01 2.5261901175838403e-01
1555 1.7942114502490085e+01 2.4823720178872979e-01
1556 1.7663509175127906e+01 2.4438257212073708e-01
1557 1.7648854352492616e+01 2.4417981607639294e-01
1558 1.7884852674775612e+01 2.4744495871842853e-01
1559 1.7795017569920560e+01 2.4620204974866802e-01
1560 1.7426509466219475e+01 2.4110357484558273e-01
1561 1.7325333998355308e+01 2.3970376686705375e-01
1562 1.7472814682846010e+01 2.4174422828707073e-01
1563 1.7586029533514772e+01 2.4331060652677275e-01
1564 1.7215762585986244e+01 2.3818779723043368e-01
1565 1.7045449840333838e+01 2.3583144400329081e-01
1566 1.7092096368798117e+01 2.3647681964714395e-01
1567 1.7304719291936578e+01 2.3941855315735572e-01
1568 1.7021056320828027e+01 2.3549394871960724e-01
1569 1.6774577359036815e+01 2.3208380172905324e-01
1570 1.6767837157117921e+01 2.3199054801229621e-01
1571 1.6973550717516812e+01 2.3483668738992255e-01
1572 1.6827610801794524e+01 2.3281754319690362e-01
1573 1.6502919466112704e+01 2.2832529293267115e-01
1574 1.6484778734680752e+01 2.2807430777657689e-01
1575 1.6633527349603224e+01 2.3013231158282721e-01
1576 1.6613532493188433e+01 2.2985567377595745e-01
1577 1.6241330373636103e+01 2.2470609050667881e-01
1578 1.6211664368146781e+01 2.2429564801452459e-01
1579 1.6320712223363167e+01 2.2580437400310421e-01
1580 1.6362722859020387e+01 2.2638560999061655e-01
1581 1.6000355637690021e+01 2.2137209694952412e-01
1582 1.5928074730793664e+01 2.2037205818217520e-01
1583 1.6048023347513737e+01 2.2203160109551953e-01
1584 1.6078531611518009e+01 2.2245369661200959e-01
1585 1.5774543396096780e+01 2.1824788330263389e-01
1586 1.5637196409697605e+01 2.1634762614102040e-01
1587 1.5803206448137987e+01 2.1864444948397480e-01
1588 1.5782777772303563e+01 2.1836180959085169e-01
1589 1.5543758938887654e+01 2.1505487682249058e-01
1590 1.5358326312292283e+01 2.1248933326072247e-01
1591 1.5562470437668111e+01 2.1531375880085990e-01
1592 1.5499842253040805e+01 2.1444726977567657e-01
1593 1.5288310954908614e+01 2.1152063938705737e-01
1594 1.5108575853412587e+01 2.0903392364057194e-01
1595 1.5309577977697023e+01 2.1181487818631592e-01
1596 1.5239414078845240e+01 2.1084412917481357e-01
1597 1.5004740607614675e+01 2.0759731644132898e-01
1598 1.4889469192298971e+01 2.0600248470729754e-01
1599 1.5046470750929728e+01 2.0817467169147710e-01
1600 1.4990867876554701e+01 2.0740538098472391e-01
1601 1.4709212291544787e+01 2.0350854963403084e-01
1602 1.4687131442883611e+01 2.0320305118879406e-01
1603 1.4787942453363016e+01 2.0459781673593336e-01
1604 1.4732243877602599e+01 2.0382720195758799e-01
1605 1.4426553477324722e+01 1.9959783815723295e-01
1606 1.4483869701445053e+01 2.0039083382620787e-01
1607 1.4546109112304853e+01 2.0125194399193955e-01
1608 1.4447104875047252e+01 1.9988217596272295e-01
1609 1.4174917059209857e+01 1.9611633544514717e-01
1610 1.4271207810318598e+01 1.9744856117640375e-01
1611 1.4317831313884646e+01 1.9809361826046240e-01
1612 1.4137526838268949e+01 1.9559902496764769e-01
1613 1.3957325528177027e+01 1.9310585901612767e-01
1614 1.4053493696439924e+01 1.9443638875872943e-01
1615 1.4084372035890400e+01 1.9486360443500911e-01
1616 1.3824419207999133e+01 1.9126704046347501e-01
1617 1.3763855671158437e+01 1.9042911676648397e-01
1618 1.3839234849582958e+01 1.9147202151010487e-01
1619 1.3823643749795883e+01 1.9125631165141374e-01
1620 1.3536167553144512e+01 1.8727894952791937e-01
1621 1.3580318177896833e+01 1.8788979322442012e-01
1622 1.3628370691398114e+01 1.8855462130189213e-01
1623 1.3527424400621124e+01 1.8715798409115791e-01
1624 1.3294140746499513e+01 1.8393040010075581e-01
1625 1.3395429310337629e+01 1.8533177281281177e-01
1626 1.3407356135084127e+01 1.8549678578276491e-01
1627 1.3211925184001641e+01 1.8279291091712999e-01
1628 1.3102766678478003e+01 1.8128265403191912e-01
1629 1.3200927086860048e+01 1.8264074731015653e-01
1630 1.3157856303279491e+01 1.8204484370061255e-01
1631 1.2913259072031881e+01 1.7866073129614923e-01
1632 1.2946786367586675e+01 1.7912459646827880e-01
1633 1.2987479865652761e+01 1.7968760926643690e-01
1634 1.2874348140143319e+01 1.7812238110059855e-01
1635 1.2668726019377541e+01 1.7527750683131010e-01
1636 1.2795216636970082e+01 1.7702756126103425e-01
1637 1.2745646067961188e+01 1.7634173020471505e-01
1638 1.2577177843531938e+01 1.7401089675602488e-01
1639 1.2493370224464471e+01 1.7285138075566736e-01
1640 1.2611752574676192e+01 1.7448925366934501e-01
1641 1.2476098571309908e+01 1.7261241968735186e-01
1642 1.2307096530538795e+01 1.7027420065013729e-01
1643 1.2364281025435490e+01 1.7106537378621819e-01
1644 1.2371979156648312e+01 1.7117188088442048e-01
1645 1.2199777458496994e+01 1.6878939315219593e-01
1646 1.2098972968618567e+01 1.6739471782049586e-01
1647 1.2225095286134600e+01 1.6913967665346644e-01
1648 1.2083176331080278e+01 1.6717616425482601e-01
1649 1.1952628966399525e+01 1.6536998290954782e-01
1650 1.1950293147420160e+01 1.6533766580627429e-01
1651 1.2018436373066617e+01 1.6628045789764048e-01
1652 1.1790839142418948e+01 1.6313154812655412e-01
1653 1.1760525226758457e+01 1.6271214150657209e-01
1654 1.1811343570063446e+01 1.6341523607994687e-01
1655 1.1733342797519439e+01 1.6233606040580900e-01
1656 1.1554368180887147e+01 1.5985986630851659e-01
1657 1.1609879047268327e+01 1.6062788404340617e-01
1658 1.1618404312950938e+01 1.6074583491799585e-01
1659 1.1426347359385057e+01 1.5808864082135546e-01
1660 1.1399243792719812e+01 1.5771365081967306e-01
1661 1.1445010841264295e+01 1.5834685846435925e-01
1662 1.1355251097243050e+01 1.5710499214553633e-01
1663 1.1181681756027059e+01 1.5470358245807775e-01
1664 1.1282562595736682e+01 1.5609931412393790e-01
1665 1.1215272060719835e+01 1.5516831938989301e-01
1666 1.1079271638435729e+01 1.5328669254679120e-01
1667 1.1033593436099107e+01 1.5265471412924131e-01
1668 1.1116075610070066e+01 1.5379589200218155e-01
1669 1.0939589863109543e+01 1.5135413253314048e-01
1670 1.0867032971798487e+01 1.5035027539762585e-01
1671 1.0922548292210346e+01 1.5111835475602767e-01
1672 1.0853888736263199e+01 1.5016841900335978e-01
1673 1.0701617802447855e+01 1.4806168233534708e-01
1674 1.0726182901391766e+01 1.4840155149751599e-01
1675 1.0747222489520752e+01 1.4869264363624926e-01
1676 1.0559362635382444e+01 1.4609351829273076e-01
1677 1.0554970745032515e+01 1.4603275451982775e-01
1678 1.0575207595167937e+01 1.4631274041836484e-01
1679 1.0485211137845846e+01 1.4506759906485078e-01
1680 1.0343899004116079e+01 1.4311248231141552e-01
1681 1.0443452923241917e+01 1.4448985543583015e-01
1682 1.0343097821892698e+01 1.4310139759599766e-01
1683 1.0229813548526135e+01 1.4153405886213311e-01
1684 1.0228639907339188e+01 1.4151782100989385e-01
1685 1.0253768195381598e+01 1.4186548214584987e-01
1686 1.0081016941715511e+01 1.3947539106658421e-01
1687 1.0064955416730438e+01 1.3925317266427714e-01
1688 1.0105548199896182e+01 1.3981479202661498e-01
1689 9.9739052312977172e+00 1.3799345250971973e-01
1690 9.9003559529916654e+00 1.3697586525501007e-01
1691 9.9400285324271973e+00 1.3752475318599786e-01
1692 9.8823926160068272e+00 1.3672733443065907e-01
1693 9.7290184777026205e+00 1.3460533443371836e-01
1694 9.7998284507873308e+00 1.3558502217201945e-01
1695 9.7394007542980443e+00 1.3474897788721915e-01
1696 9.6283905548677424e+00 1.3321310198626207e-01
1697 9.5985485638087145e+00 1.3280022465481547e-01
1698 9.6467962560393445e+00 1.3346775311755232e-01
1699 9.4793852717545128e+00 1.3115154706046825e-01
1700 9.4623932824753858e+00 1.3091645526730811e-01
1701 9.4860598525318505e+00 1.3124389287929852e-01
1702 9.3864852043804579e+00 1.2986623295951769e-01
1703 9.2961959566967582e+00 1.2861704072002436e-01
1704 9.3460982355542299e+00 1.2930746113088176e-01
1705 9.2750466368712772e+00 1.2832443039405173e-01
1706 9.1495411305045078e+00 1.2658800541999191e-01
1707 9.2047746612037145e+00 1.2735218609132695e-01
1708 9.1448631126782161e+00 1.2652328294511553e-01
1709 9.0406918893822237e+00 1.2508202734648935e-01
1710 9.0254276693420845e+00 1.2487084001571370e-01
1711 9.0538176827073631e+00 1.2526362858450604e-01
1712 8.8894029775297945e+00 1.2298887739280374e-01
1713 8.9050928851139126e+00 1.2320595430168561e-01
1714 8.8973479379620954e+00 1.2309879948396879e-01
1715 8.8028611960711434e+00 1.2179153302939964e-01
1716 8.7328211421369879e+00 1.2082249746788133e-01
1717 8.7888978742895336e+00 1.2159834420952775e-01
1718 8.6718090856172303e+00 1.1997836829995419e-01
1719 8.6068508095853886e+00 1.1907964141506409e-01
1720 8.6450851871469787e+00 1.1960863117804357e-01
1721 8.5632285704995308e+00 1.1847610817125777e-01
1722 8.4766398306156905e+00 1.1727811411697874e-01
1723 8.4996289194145245e+00 1.1759617847189650e-01
1724 8.4635164294562593e+00 1.1709654597564757e-01
1725 8.3326176034211539e+00 1.1528550200488957e-01
1726 8.3832282023496969e+00 1.1598572234163582e-01
1727 8.3253306671528282e+00 1.1518468397317927e-01
1728 8.2366040127933005e+00 1.1395711091320196e-01
1729 8.2201282784804857e+00 1.1372916173905863e-01
1730 8.2358434692823295e+00 1.1394658845259811e-01
1731 8.0932725102151206e+00 1.1197405528599350e-01
1732 8.1098755776732379e+00 1.1220376617131532e-01
1733 8.0965264235757441e+00 1.1201907463682821e-01
1734 7.9959016610905786e+00 1.1062688591422774e-01
1735 7.9656133022726818e+00 1.1020783288462611e-01
1736 7.9858951209139422e+00 1.1048844094261137e-01
1737 7.8789765610837623e+00 1.0900917471076110e-01
1738 7.8367296007855467e+00 1.0842466906584097e-01
1739 7.8714034555845673e+00 1.0890439739938511e-01
1740 7.7572185014643988e+00 1.0732459734330860e-01
1741 7.7266749937478805e+00 1.0690201421425161e-01
1742 7.7327211362975845e+00 1.0698566530832673e-01
1743 7.6674840118130270e+00 1.0608308043002032e-01
1744 7.5817260763304279e+00 1.0489658092727641e-01
1745 7.6375921036880303e+00 1.0566951247357655e-01
1746 7.5319110569584753e+00 1.0420736779054000e-01
1747 7.4876776104417289e+00 1.0359537821778009e-01
1748 7.4945094925706712e+00 1.0368990037136480e-01
1749 7.4438386258064231e+00 1.0298884620207942e-01
1750 7.3521065894717719e+00 1.0171969233446054e-01
1751 7.3925181320625768e+00 1.0227880415215156e-01
1752 7.3217714570644565e+00 1.0129999217126978e-01
1753 7.2458377621812113e+00 1.0024941544372298e-01
1754 7.2722378270995334e+00 1.0061467218319232e-01
1755 7.2119783337769334e+00 9.9780955064647972e-02
1756 7.1381757314080243e+00 9.8759862957904274e-02
1757 7.1485013864467470e+00 9.8902723026771430e-02
1758 7.1153093305444779e+00 9.8443496045600903e-02
1759 7.0118668388801053e+00 9.7012322775959017e-02
1760 7.0537084827479930e+00 9.7591220686267383e-02
1761 6.9865706592087982e+00 9.6662338784012092e-02
1762 6.9238768064435012e+00 9.5794941210685269e-02
1763 6.9204137344652903e+00 9.5747028056561503e-02
1764 6.9001946300867116e+00 9.5467287678529925e-02
1765 6.7954180453943342e+00 9.4017656633459623e-02
1766 6.8298349504067497e+00 9.4493829951455388e-02
1767 6.7758984789948613e+00 9.3747594677135462e-02
1768 6.7026183488646449e+00 9.2733731208160600e-02
1769 6.7113949443740877e+00 9.2855159343634447e-02
1770 6.6763572968902682e+00 9.2370397775122765e-02
1771 6.5938548346609656e+00 9.1228939205028350e-02
1772 6.6048068401709816e+00 9.1380465113605286e-02
1773 6.5743712108150234e+00 9.0959374530053747e-02
1774 6.4819563032438445e+00 8.9680772832586617e-02
1775 6.5116134739963769e+00 9.0091093092194680e-02
1776 6.4550825961436491e+00 8.9308963041086473e-02
1777 6.3954126968541880e+00 8.8483403220443527e-02
1778 6.3904092396667584e+00 8.8414178146035222e-02
1779 6.3701151901396038e+00 8.8133400868257633e-02
1780 6.2735902162043571e+00 8.6797934559139478e-02
1781 6.3095236319946517e+00 8.7295089483953717e-02
1782 6.2464832597502147e+00 8.6422897658207251e-02
1783 6.1917143750767165e+00 8.5665145573047385e-02
1784 6.1929096174128437e+00 8.5681682286874422e-02
1785 6.1579633379642642e+00 8.5198184836111954e-02
1786 6.0810790651333377e+00 8.4134456436292540e-02
1787 6.1032117118307969e+00 8.4440671530594452e-02
1788 6.0498791772974352e+00 8.3702791993875134e-02
1789 5.9860118149133710e+00 8.2819158388613798e-02
1790 6.0069387544353923e+00 8.3108691983342989e-02
1791 5.9441913436343103e+00 8.2240553410568476e-02
1792 5.8975864919203032e+00 8.1595754383248800e-02
1793 5.9004470725980385e+00 8.1635331799992703e-02
1794 5.8560069569322710e+00 8.1020482866857951e-02
1795 5.7890027590101036e+00 8.0093449734949862e-02
1796 5.8211146987568529e+00 8.0537732824640038e-02
1797 5.7392995507734295e+00 7.9405783555421119e-02
1798 5.7140544259258697e+00 7.9056505929860563e-02
1799 5.7088565854559645e+00 7.8984591475551716e-02
1800 5.6574242001736188e+00 7.8273001356001570e-02
1801 5.6078687700447922e+00 7.7587379752878396e-02
1802 5.6286166028026052e+00 7.7874435325189298e-02
1803 5.5479981363394630e+00 7.6759042681555700e-02
1804 5.5285112246294510e+00 7.6489432517506978e-02
1805 5.5275156720126084e+00 7.6475658600513849e-02
1806 5.4563879691451911e+00 7.5491574928156419e-02
1807 5.4399375543803501e+00 7.5263976061315990e-02
1808 5.4321437211227748e+00 7.5156144882398926e-02
1809 5.3665093389334801e+00 7.4248063765563935e-02
1810 5.3469845693031326e+00 7.3977929820206803e-02
1811 5.3478319872397764e+00 7.3989654227455945e-02
1812 5.2628105624691610e+00 7.2813344680762365e-02
1813 5.2757375004368372e+00 7.2992194665715202e-02
1814 5.2394026881099611e+00 7.2489486239777412e-02
1815 5.1883928062323781e+00 7.1783741644339261e-02
1816 5.1758474930371516e+00 7.1610171609284914e-02
1817 5.1619419863358109e+00 7.1417782686980569e-02
1818 5.0853787761395779e+00 7.0358496332719622e-02
1819 5.1072145861304108e+00 7.0660604558044030e-02
1820 5.0553274720047687e+00 6.9942723060985576e-02
1821 5.0121212204796155e+00 6.9344945191666132e-02
1822 5.0141650609725996e+00 6.9373222641618326e-02
1823 4.9704989343659181e+00 6.8769082194276368e-02
1824 4.9247278086257973e+00 6.8135818139759788e-02
1825 4.9331169403929795e+00 6.8251885540568824e-02
1826 4.8790914215167689e+00 6.7504418254639209e-02
1827 4.8424964885146320e+00 6.6998110942486241e-02
1828 4.8534394467811754e+00 6.7149511678391741e-02
1829 4.7828288518367703e+00 6.6172582426089616e-02
1830 4.7736743996372892e+00 6.6045926473827551e-02
1831 4.7574920723488674e+00 6.5822036717469709e-02
1832 4.7076429732933009e+00 6.5132352073024605e-02
1833 4.6845762554728676e+00 6.4813213685773766e-02
1834 4.6847764885157224e+00 6.4815983999732971e-02
1835 4.6098349600042923e+00 6.3779134338960500e-02
1836 4.6227961824982051e+00 6.3958458665711593e-02
1837 4.5848177361413587e+00 6.3433009825743569e-02
1838 4.5410261915595100e+00 6.2827134164460952e-02
1839 4.5366362688085244e+00 6.2766397614171854e-02
1840 4.5072611038829056e+00 6.2359979031668317e-02
1841 4.4560734628011112e+00 6.1651775057908871e-02
1842 4.4661705702809771e+00 6.1791473068787919e-02
1843 4.4174837429712310e+00 6.1117868975264542e-02
1844 4.3832067612003085e+00 6.0643631558075159e-02
1845 4.3895034479105712e+00 6.0730749042989154e-02
1846 4.3302262101778561e+00 5.9910621871105803e-02
1847 4.3166088013625803e+00 5.9722218912276838e-02
1848 4.3035324129186741e+00 5.9541301212951751e-02
1849 4.2569060903149225e+00 5.8896205126242038e-02
1850 4.2369152008693796e+00 5.8619622204171135e-02
1851 4.2337155910199771e+00 5.8575354166771135e-02
1852 4.1670280528441088e+00 5.7652702164485724e-02
1853 4.1799527257957090e+00 5.7831520811925212e-02
1854 4.1394281787108245e+00 5.7270845526372259e-02
1855 4.1051109725516541e+00 5.6796051586729464e-02
1856 4.0981282684562856e+00 5.6699442743590470e-02
1857 4.0687852882050670e+00 5.6293469450493183e-02
1858 4.0248711753012882e+00 5.5685898001500617e-02
1859 4.0351937145501227e+00 5.5828714962017134e-02
1860 3.9812090424832274e+00 5.5081812810015576e-02
1861 3.9633526327403490e+00 5.4834761372017565e-02
1862 3.9574056403148954e+00 5.4752482064383642e-02
1863 3.9057185001011883e+00 5.4037367296091890e-02
1864 3.8982607177671147e+00 5.3934185532431705e-02
1865 3.8795841545172207e+00 5.3675786902797472e-02
1866 3.8356037886115355e+00 5.3067298813806819e-02
1867 3.8285122160075757e+00 5.2969183726020240e-02
1868 3.8087006097118712e+00 5.2695081266741925e-02
1869 3.7586835885245078e+00 5.2003073344284653e-02
1870 3.7716699630498556e+00 5.2182745660672186e-02
1871 3.7217848119636341e+00 5.1492562220212423e-02
1872 3.7039343556435087e+00 5.1245593150488510e-02
1873 3.6930053083672387e+00 5.1094384879373005e-02
1874 3.6569689000409245e+00 5.0595805006627304e-02
1875 3.6318663924549832e+00 5.0248500554849918e-02
1876 3.6317974573267739e+00 5.0247546806431398e-02
1877 3.5764503080430941e+00 4.9481794171018383e-02
1878 3.5790898253211556e+00 4.9518313076473371e-02
1879 3.5520008424501186e+00 4.9143524848125161e-02
1880 3.5147624554499117e+00 4.8628315061297958e-02
1881 3.5138527527129981e+00 4.8615728915900235e-02
1882 3.4807855948701141e+00 4.8158229955402317e-02
1883 3.4516023229276955e+00 4.7754466298391869e-02
1884 3.4493604929043173e+00 4.7723449574481651e-02
1885 3.4108919915940095e+00 4.7191220604426216e-02
1886 3.3890236774997926e+00 4.6888662670252289e-02
1887 3.3876595702004111e+00 4.6869789633916963e-02
1888 3.3360290378677151e+00 4.6155458061049551e-02
1889 3.3391569969392498e+00 4.6198734777799948e-02
1890 3.3101654249326073e+00 4.5797623375384885e-02
1891 3.2809771970810457e+00 4.5393791151148555e-02
1892 3.2719692464398378e+00 4.5269162113656114e-02
1893 3.2494321535428767e+00 4.4957351324776254e-02
1894 3.2127270009630191e+00 4.4449519075328306e-02
1895 3.2204843243489121e+00 4.4556845123794729e-02
1896 3.1723406851945688e+00 4.3890756282039652e-02
1897 3.1652318156354617e+00 4.3792401883120342e-02
1898 3.1494590349756271e+00 4.3574178388064544e-02
1899 3.1137709317853384e+00 4.3080417473102421e-02
1900 3.1061630543118159e+00 4.2975159075865202e-02
1901 3.0868079620931677e+00 4.2707372693605007e-02
1902 3.0518309780452877e+00 4.2223450430939155e-02
1903 3.0517294103958559e+00 4.2222045196952732e-02
1904 3.0203214144264781e+00 4.1787501485165135e-02
1905 2.9955237549138909e+00 4.1444414743217306e-02
1906 2.9958570908403117e+00 4.1449026595271804e-02
1907 2.9521766146400941e+00 4.0844687614866988e-02
1908 2.9486612157419558e+00 4.0796050494335635e-02
1909 2.9279615206914320e+00 4.0509660928796473e-02
1910 2.8990938077688782e+00 4.0110263172364775e-02
1911 2.8897312520052836e+00 3.9980728013951694e-02
1912 2.8717343672509972e+00 3.9731733041163050e-02
1913 2.8369238604797027e+00 3.9250114066289463e-02
1914 2.8434083570893347e+00 3.9339829985400344e-02
1915 2.8012529012659275e+00 3.8756590345932054e-02
1916 2.7938983178717720e+00 3.8654836385893863e-02
1917 2.7787571022367823e+00 3.8445350876235129e-02
1918 2.7483731185557700e+00 3.8024974833761306e-02
1919 2.7396030408721797e+00 3.7903636875331596e-02
1920 2.7227299013213870e+00 3.7670189421471115e-02
1921 2.6911244154766552e+00 3.7232913348677094e-02
1922 2.6914961110047027e+00 3.7238055923025676e-02
1923 2.6606578899290119e+00 3.6811395302455606e-02
1924 2.6423195426693860e+00 3.6557676042748073e-02
1925 2.6383114733026627e+00 3.6502222605304432e-02
1926 2.6010288274471365e+00 3.5986400477362290e-02
1927 2.5986062040668743e+00 3.5952882396267621e-02
1928 2.5771105810623336e+00 3.5655480810483961e-02
1929 2.5530733923893418e+00 3.5322915523698886e-02
1930 2.5455733329019785e+00 3.5219148836660205e-02
1931 2.5248244003598113e+00 3.4932078048339470e-02
1932 2.4990982767902312e+00 3.4576145589715522e-02
1933 2.5014022312267761e+00 3.4608021832746812e-02
1934 2.4620935351433082e+00 3.4064168391148869e-02
1935 2.4612654798969986e+00 3.4052711875405317e-02
1936 2.4402341174895423e+00 3.3761733543218937e-02
1937 2.4174547604478573e+00 3.3446570921233133e-02
1938 2.4101416205693327e+00 3.3345390350822519e-02
1939 2.3898550713572035e+00 3.3064716843267464e-02
1940 2.3669454718295868e+00 3.2747752258070625e-02
1941 2.3657671813021057e+00 3.2731450080119663e-02
1942 2.3329947070244268e+00 3.2278028198921935e-02
1943 2.3264654982100867e+00 3.2187693666403977e-02
1944 2.3124296109059714e+00 3.1993500869980124e-02
1945 2.2845119831579352e+00 3.1607247968083299e-02
1946 2.2838755686537318e+00 3.1598442887964158e-02
1947 2.2576917962103829e+00 3.1236178651900582e-02
1948 2.2430228267321999e+00 3.1033226879639678e-02
1949 2.2345639747373771e+00 3.0916194868209342e-02
1950 2.2101161638084248e+00 3.0577948438335049e-02
1951 2.1979574388473497e+00 3.0409727024898123e-02
1952 2.1895251122867379e+00 3.0293062004747649e-02
1953 2.1585071286107822e+00 2.9863914287973289e-02
1954 2.1621112591587974e+00 2.9913779050679851e-02
1955 2.1328488979334073e+00 2.9508921157965266e-02
1956 2.1227924581813071e+00 2.9369785803340716e-02
1957 2.1118376392297256e+00 2.9218220969537800e-02
1958 2.0896176447941484e+00 2.8910797380100595e-02
1959 2.0789700604577543e+00 2.8763483275003946e-02
1960 2.0684048445692693e+00 2.8617308774329161e-02
1961 2.0419482355729826e+00 2.8251269722179242e-02
1962 2.0425553234675244e+00 2.8259669055499734e-02
1963 2.0168483388883685e+00 2.7904001393392795e-02
1964 2.0052436839147449e+00 2.7743445786751437e-02
1965 1.9976791470155759e+00 2.7638787025800117e-02
1966 1.9718877639634955e+00 2.7281951672964690e-02
1967 1.9683737982056611e+00 2.7233334380572249e-02
1968 1.9504142439921528e+00 2.6984855892559279e-02
1969 1.9329978514058535e+00 2.6743892289285157e-02
1970 1.9272459663450621e+00 2.6664312379553606e-02
1971 1.9071159715416388e+00 2.6385804872462962e-02
1972 1.8932787313321493e+00 2.6194360447693212e-02
1973 1.8886188486230793e+00 2.6129888880297814e-02
1974 1.8605299748219897e+00 2.5741266712447333e-02
1975 1.8623253349691635e+00 2.5766106325363393e-02
1976 1.8391234409227828e+00 2.5445097714395449e-02
1977 1.8281879240206629e+00 2.5293799933104461e-02
1978 1.8192234675625003e+00 2.5169772657143073e-02
1979 1.8006366523670203e+00 2.4912615732096702e-02
1980 1.7896038918365726e+00 2.4759972541590736e-02
1981 1.7818543997139682e+00 2.4652754842164497e-02
1982 1.7579729912914248e+00 2.4322344845017104e-02
1983 1.7585547851352592e+00 2.4330394223800820e-02
1984 1.7361020935875828e+00 2.4019751165445177e-02
1985 1.7264417489193464e+00 2.3886095963967957e-02
1986 1.7187311741378812e+00 2.3779416703412128e-02
1987 1.6975476314615527e+00 2.3486332888947890e-02
1988 1.6935315900137426e+00 2.3430769154186661e-02
1989 1.6781412026837814e+00 2.3217836242366036e-02
1990 1.6631641062688065e+00 2.3010621395729236e-02
1991 1.6581961954661741e+00 2.2941888121498357e-02
1992 1.6397602599367103e+00 2.2686818684305967e-02
1993 1.6297040572093056e+00 2.2547686609024391e-02
1994 1.6232084233184241e+00 2.2457816600631977e-02
1995 1.6007055132494870e+00 2.2146478746509980e-02
1996 1.6018815521195966e+00 2.2162749771771260e-02
1997 1.5804857827449288e+00 2.1866729705744627e-02
1998 1.5732465077397704e+00 2.1766571088987934e-02
1999 1.5636474121134267e+00 2.1633763295477570e-02
2000 1.5478208531573707e+00 2.1414795753572160e-02
