# step 20
# iter abs_residual rel_residual
0 7.2278104865846402e+01 1.0000000000000000e+00
1 1.1546600861374693e+03 1.5975240195915559e+01
2 1.1527745212176039e+03 1.5949152559509413e+01
3 1.1585072720811575e+03 1.6028467739039840e+01
4 1.2484330970662174e+03 1.7272631862490073e+01
5 1.4402468346342985e+03 1.9926460956710265e+01
6 1.2677694538270421e+03 1.7540159031287796e+01
7 1.4124522130194996e+03 1.9541909899839201e+01
8 1.3004236603879053e+03 1.7991944625576298e+01
9 1.3783981910461696e+03 1.9070757231454536e+01
10 1.3232324643113363e+03 1.8307514658378985e+01
11 1.3547601259470819e+03 1.8743713998334883e+01
12 1.3364428175034395e+03 1.8490285820083106e+01
13 1.3388396176553533e+03 1.8523446625230978e+01
14 1.3429152194676253e+03 1.8579834404349381e+01
15 1.3277325809240781e+03 1.8369775790171168e+01
16 1.3450051727494829e+03 1.8608749845418799e+01
17 1.3195692023761810e+03 1.8256831786408910e+01
18 1.3443069584354043e+03 1.8599089737210726e+01
19 1.3132163294697962e+03 1.8168936940270147e+01
20 1.3418458874598891e+03 1.8565039716390682e+01
21 1.3079856800742782e+03 1.8096568559759529e+01
22 1.3382737217512615e+03 1.8515617201574365e+01
23 1.3034526903345870e+03 1.8033852613511286e+01
24 1.3340055733958116e+03 1.8456565454667444e+01
25 1.2993510853112091e+03 1.7977105068303914e+01
26 1.3293075319973148e+03 1.8391565944688359e+01
27 1.2955114809386475e+03 1.7923982419616760e+01
28 1.3243513570126702e+03 1.8322995040763256e+01
29 1.2918249965163175e+03 1.7872978254120550e+01
30 1.3192485335202243e+03 1.8252395188955891e+01
31 1.2882212246139989e+03 1.7823118453438070e+01
32 1.3140716232937580e+03 1.8180770313952941e+01
33 1.2846546044813599e+03 1.7773772664152933e+01
34 1.3088677968927655e+03 1.8108773041602607e+01
35 1.2810958289430869e+03 1.7724535408349418e+01
36 1.3036675101297769e+03 1.8036824741731703e+01
37 1.2775263299657975e+03 1.7675149788957285e+01
38 1.2984901357302419e+03 1.7965193444686150e+01
39 1.2739346838620393e+03 1.7625457754136718e+01
40 1.2933476589212391e+03 1.7894044971458364e+01
41 1.2703142383687223e+03 1.7575367266844101e+01
42 1.2882471280015263e+03 1.7823476838423058e+01
43 1.2666615286057540e+03 1.7524830388909244e+01
44 1.2831922934636909e+03 1.7753540935327404e+01
45 1.2629752087398836e+03 1.7473828500125460e+01
46 1.2781847130489414e+03 1.7684258814219717e+01
47 1.2592553284049538e+03 1.7422362287199235e+01
48 1.2732245007417450e+03 1.7615632052126234e+01
49 1.2555028382783414e+03 1.7370444903178480e+01
50 1.2683108376859773e+03 1.7547649319805181e+01
51 1.2517192522232911e+03 1.7318097293040211e+01
52 1.2634423194692044e+03 1.7480291186580615e+01
53 1.2479064168627453e+03 1.7265345005641105e+01
54 1.2586171941787654e+03 1.7413533413955079e+01
55 1.2440663539091420e+03 1.7212216012279551e+01
56 1.2538335239661815e+03 1.7347349190925673e+01
57 1.2402011533676355e+03 1.7158739229114296e+01
58 1.2490892942248884e+03 1.7281710644506965e+01
59 1.2363129023457118e+03 1.7104943532213547e+01
60 1.2443824862357735e+03 1.7216589844814568e+01
61 1.2324036388437607e+03 1.7050857118226808e+01
62 1.2397111252413897e+03 1.7151959470193454e+01
63 1.2284753213144288e+03 1.6996507083224877e+01
64 1.2350733099348167e+03 1.7087793215209580e+01
65 1.2245298121544379e+03 1.6941919194301750e+01
66 1.2304672309104803e+03 1.7024066045925249e+01
67 1.2205688672035487e+03 1.6887117744288069e+01
68 1.2258911806677181e+03 1.6960754338302927e+01
69 1.2165941326642317e+03 1.6832125509133395e+01
70 1.2213435565443754e+03 1.6897835918792847e+01
71 1.2126071450134700e+03 1.6776963746685944e+01
72 1.2168228618978396e+03 1.6835290080673179e+01
73 1.2086093333596875e+03 1.6721652229301768e+01
74 1.2123277032838550e+03 1.6773097545017631e+01
75 1.2046020237668019e+03 1.6666209303669955e+01
76 1.2078567863335604e+03 1.6711240403652440e+01
77 1.2005864443565424e+03 1.6610651961405480e+01
78 1.2034089109101824e+03 1.6649702052147049e+01
79 1.1965637310967595e+03 1.6554995919133074e+01
80 1.1989829658859981e+03 1.6588467117551030e+01
81 1.1925349333545130e+03 1.6499255695316688e+01
82 1.1945779226431778e+03 1.6527521368475337e+01
83 1.1885010204049834e+03 1.6443444700313194e+01
84 1.1901928302487681e+03 1.6466851648336043e+01
85 1.1844628864411691e+03 1.6387575305683807e+01
86 1.1858268092570779e+03 1.6406445789607538e+01
87 1.1804213570168492e+03 1.6331658933335344e+01
88 1.1814790463301533e+03 1.6346292539394430e+01
89 1.1763771933523230e+03 1.6275706115092081e+01
90 1.1771487897181880e+03 1.6286381496900958e+01
91 1.1723310979354658e+03 1.6219726570188861e+01
92 1.1728353439170639e+03 1.6226703039515694e+01
93 1.1682837191229855e+03 1.6163729268931551e+01
94 1.1685380650382706e+03 1.6167248258752288e+01
95 1.1642356550318707e+03 1.6107722486536961e+01
96 1.1642563576319617e+03 1.6108008916295038e+01
97 1.1601874578349593e+03 1.6051713862563975e+01
98 1.1599896696503233e+03 1.6048977374314827e+01
99 1.1561396376451476e+03 1.5995710454653310e+01
100 1.1557374897054601e+03 1.5990146557530746e+01
101 1.1520926651050781e+03 1.5939718774357031e+01
102 1.1514993435988097e+03 1.5931509905192991e+01
103 1.1480469756784864e+03 1.5883744846511236e+01
104 1.1472747910266073e+03 1.5873061325501487e+01
105 1.1440029715528740e+03 1.5827794235560402e+01
106 1.1430634233289741e+03 1.5814795164463508e+01
107 1.1399610245723229e+03 1.5771872086134193e+01
108 1.1388648605586643e+03 1.5756706165338496e+01
109 1.1359214789444482e+03 1.5715983160499350e+01
110 1.1346787494226180e+03 1.5698789440158498e+01
111 1.1318846530402902e+03 1.5660131863462016e+01
112 1.1305047609336839e+03 1.5641040437238715e+01
113 1.1278508414169482e+03 1.5604322270351778e+01
114 1.1263425889435589e+03 1.5583454920880056e+01
115 1.1238203171283760e+03 1.5548558158992561e+01
116 1.1221919476107003e+03 1.5526028936336569e+01
117 1.1197933329737184e+03 1.5492843026973922e+01
118 1.1180525705923358e+03 1.5468758798636536e+01
119 1.1157701230422431e+03 1.5437180113025878e+01
120 1.1139242088676360e+03 1.5411641062465087e+01
121 1.1117509047696249e+03 1.5381572425468518e+01
122 1.1098066298866520e+03 1.5354672510389371e+01
123 1.1077358792262278e+03 1.5326022746200511e+01
124 1.1056996160753313e+03 1.5297850132174784e+01
125 1.1037252332626974e+03 1.5270533660384350e+01
126 1.1016029635330344e+03 1.5241171106764522e+01
127 1.0997191401755647e+03 1.5215107565655272e+01
128 1.0975164815433707e+03 1.5184632795511778e+01
129 1.0957177605423806e+03 1.5159746683675715e+01
130 1.0934399909868132e+03 1.5128232720217555e+01
131 1.0917212434669486e+03 1.5104453077363683e+01
132 1.0893733238512862e+03 1.5071968556359426e+01
133 1.0877297275775391e+03 1.5049228664703470e+01
134 1.0853163221768380e+03 1.5015838118490610e+01
135 1.0837433411671559e+03 1.4994075220686334e+01
136 1.0812688376700210e+03 1.4959839354904743e+01
137 1.0797622035141371e+03 1.4938994395581581e+01
138 1.0772307304170549e+03 1.4903970329831921e+01
139 1.0757864254722972e+03 1.4883987723101452e+01
140 1.0732018690390457e+03 1.4848229225586214e+01
141 1.0718161096220779e+03 1.4829056622492374e+01
142 1.0691821292846037e+03 1.4792614323093918e+01
143 1.0678513515702443e+03 1.4774202416516824e+01
144 1.0651713940623399e+03 1.4737124002343146e+01
145 1.0638922397487627e+03 1.4719426328670718e+01
146 1.0611695529636527e+03 1.4681756735781370e+01
147 1.0599388563579821e+03 1.4664729496232757e+01
148 1.0571765012099804e+03 1.4626511073750198e+01
149 1.0559912776354640e+03 1.4610112973983799e+01
150 1.0531921400326300e+03 1.4571385649740456e+01
151 1.0520495743118529e+03 1.4555577740514034e+01
152 1.0492163758015945e+03 1.4516379168339000e+01
153 1.0481138117913374e+03 1.4501124700719748e+01
154 1.0452491196660526e+03 1.4461490400254871e+01
155 1.0441840510118982e+03 1.4446754697705236e+01
156 1.0412902872588172e+03 1.4406718178230189e+01
157 1.0402603481842461e+03 1.4392468509170897e+01
158 1.0373397988395898e+03 1.4352061399022158e+01
159 1.0363427553353795e+03 1.4338266854933588e+01
160 1.0333975781026722e+03 1.4297519006907221e+01
161 1.0324313207362286e+03 1.4284150402843279e+01
162 1.0294635529042373e+03 1.4243090003743168e+01
163 1.0285260887848401e+03 1.4230119767166860e+01
164 1.0255376543607676e+03 1.4188773436495639e+01
165 1.0246271007434273e+03 1.4176175518785561e+01
166 1.0216198166708158e+03 1.4134568394772096e+01
167 1.0207343943746077e+03 1.4122318180162132e+01
168 1.0177099774286759e+03 1.4080474015161606e+01
169 1.0168480047089001e+03 1.4068548235959513e+01
170 1.0138080767373018e+03 1.4026489468961671e+01
171 1.0129679638449282e+03 1.4014866130276561e+01
172 1.0099140573905848e+03 1.3972613964700116e+01
173 1.0090943013404882e+03 1.3961272272058642e+01
174 1.0060278648025215e+03 1.3918846747155103e+01
175 1.0052270441555435e+03 1.3907767034308945e+01
176 1.0021494466796848e+03 1.3865187092823609e+01
177 1.0013662172154752e+03 1.3854350761881294e+01
178 9.9827875258422273e+02 1.3811634303875332e+01
179 9.9751184302691968e+02 1.3801023766165102e+01
180 9.9441573467218200e+02 1.3758187718367719e+01
181 9.9366394213106162e+02 1.3747786331356870e+01
182 9.9056034660972819e+02 1.3704846695251385e+01
183 9.8982253330690276e+02 1.3694638717272511e+01
184 9.8671254400454256e+02 1.3651610620338694e+01
185 9.8598763320212538e+02 1.3641581154240175e+01
186 9.8287228418026257e+02 1.3598478903183024e+01
187 9.8215925727233184e+02 1.3588613856095055e+01
188 9.7903952593259476e+02 1.3545450973704495e+01
189 9.7833741900898087e+02 1.3535737009497533e+01
190 9.7521422962332895e+02 1.3492526283490690e+01
191 9.7452213053164849e+02 1.3482950782127379e+01
192 9.7139635705749720e+02 1.3439704304097097e+01
193 9.7071340264629123e+02 1.3430255323489849e+01
194 9.6758587122219171e+02 1.3386984523433533e+01
195 9.6691124481862857e+02 1.3377650764547418e+01
196 9.6378273646048524e+02 1.3334366448170417e+01
197 9.6311566502262201e+02 1.3325137215623419e+01
198 9.5998691833286898e+02 1.3281849601821698e+01
199 9.5932667049501276e+02 1.3272714776841413e+01
200 9.5619838332431834e+02 1.3229433520691979e+01
201 9.5554426703430101e+02 1.3220383528426250e+01
202 9.5241709909063934e+02 1.3177117757284826e+01
203 9.5176845945134903e+02 1.3168143536938370e+01
204 9.4864303432142879e+02 1.3124901878406767e+01
205 9.4799925168122365e+02 1.3115994856821185e+01
206 9.4487615845588641e+02 1.3072785461235426e+01
207 9.4423664670829839e+02 1.3063937529364841e+01
208 9.4111644193148834e+02 1.3020768096760024e+01
209 9.4048064648302966e+02 1.3011971581554780e+01
210 9.3736385591334817e+02 1.2968849386036975e+01
211 9.3673125252493867e+02 1.2960097034414257e+01
212 9.3361837237630220e+02 1.2917028941325567e+01
213 9.3298846505336428e+02 1.2908313890977926e+01
214 9.2987996415291150e+02 1.2865306386752097e+01
215 9.2925228388288224e+02 1.2856622148680355e+01
216 9.2614860447982232e+02 1.2813681352033562e+01
217 9.2552270815969166e+02 1.2805021795708830e+01
218 9.2242426760240585e+02 1.2762153480843121e+01
219 9.2179973606355486e+02 1.2753512806879545e+01
220 9.1870692806515751e+02 1.2710722420992452e+01
221 9.1808336550751517e+02 1.2702095153318519e+01
222 9.1499656116693529e+02 1.2659387830730173e+01
223 9.1437359359183836e+02 1.2650768794906625e+01
224 9.1129314270457701e+02 1.2608149375194682e+01
225 9.1067041698911544e+02 1.2599533685607671e+01
226 9.0759664896077106e+02 1.2557006726246334e+01
227 9.0697383169886200e+02 1.2548389770073159e+01
228 9.0390705672523848e+02 1.2505959562760506e+01
229 9.0328383340690607e+02 1.2497336988614585e+01
230 9.0022434340329585e+02 1.2455007572129622e+01
231 8.9960041708201300e+02 1.2446375271622562e+01
232 8.9654848648802874e+02 1.2404150442960425e+01
233 8.9592357757044249e+02 1.2395504547792779e+01
234 8.9287946419364880e+02 1.2353387873836763e+01
235 8.9225330891521492e+02 1.2344724734707754e+01
236 8.8921725519001029e+02 1.2302719569646499e+01
237 8.8858960492039409e+02 1.2294035746643928e+01
238 8.8556183822491721e+02 1.2252145236355970e+01
239 8.8493245909423354e+02 1.2243437493785079e+01
240 8.8191319253653637e+02 1.2201664586715902e+01
241 8.8128186447236817e+02 1.2192929879776090e+01
242 8.7827129783242663e+02 1.2151277339971271e+01
243 8.7763781374628081e+02 1.2142512803500349e+01
244 8.7463613380997435e+02 1.2100983215226309e+01
245 8.7400029932617497e+02 1.2092186159949618e+01
246 8.7100768086099004e+02 1.2050781941192922e+01
247 8.7036931317640642e+02 1.2041949837947152e+01
248 8.6738591940284971e+02 1.2000673246936721e+01
249 8.6674484725035290e+02 1.1991803726164328e+01
250 8.6377083001910012e+02 1.1950656863822367e+01
251 8.6312689283086297e+02 1.1941747703995441e+01
252 8.6016239401642645e+02 1.1900732533219466e+01
253 8.5951544118112383e+02 1.1891781650562770e+01
254 8.5656059241342098e+02 1.1850899992511728e+01
255 8.5591048331263460e+02 1.1841905441506372e+01
256 8.5296540675299229e+02 1.1801158986337013e+01
257 8.5231200980633071e+02 1.1792118946509262e+01
258 8.4937681873206179e+02 1.1751509261464022e+01
259 8.4872001123431028e+02 1.1742422035132195e+01
260 8.4579481023393794e+02 1.1701950567240200e+01
261 8.4513447784191123e+02 1.1692814572415040e+01
262 8.4221936322872159e+02 1.1652482654213804e+01
263 8.4155539962050102e+02 1.1643296419883880e+01
264 8.3865046014686766e+02 1.1603105279302300e+01
265 8.3798276641904920e+02 1.1593867437094653e+01
266 8.3508808331813725e+02 1.1553818198030006e+01
267 8.3441656792414733e+02 1.1544527481356729e+01
268 8.3153221536811941e+02 1.1504621170014152e+01
269 8.3085679340964373e+02 1.1495276404268989e+01
270 8.2798283914351782e+02 1.1455513957931192e+01
271 8.2730343237747252e+02 1.1446114060585980e+01
272 8.2443993739990412e+02 1.1406496323196723e+01
273 8.2375647377224391e+02 1.1397040297351429e+01
274 8.2090349337122234e+02 1.1357568033844840e+01
275 8.2021590649471921e+02 1.1348054961002390e+01
276 8.1737349013463756e+02 1.1308728855740535e+01
277 8.1668171944361723e+02 1.1299157897947655e+01
278 8.1384991106384950e+02 1.1259978558851483e+01
279 8.1315390119844324e+02 1.1250348950179561e+01
280 8.1033273951040303e+02 1.1211316912838841e+01
281 8.0963244025437427e+02 1.1201627958523719e+01
282 8.0682195906186405e+02 1.1162743690629220e+01
283 8.0611732501038159e+02 1.1152994762474695e+01
284 8.0331755331957731e+02 1.1114258665339872e+01
285 8.0260854365376338e+02 1.1104449198598457e+01
286 7.9981950615313519e+02 1.1065861613799370e+01
287 7.9910608423077792e+02 1.1055991101509633e+01
288 7.9632780127277022e+02 1.1017552310631476e+01
289 7.9560993485274128e+02 1.1007620306722943e+01
290 7.9284242268553510e+02 1.0969330534566591e+01
291 7.9212008323963119e+02 1.0959336644338775e+01
292 7.8936335448903651e+02 1.0921196065587971e+01
293 7.8863651723976591e+02 1.0911139946233158e+01
294 7.8589058052265989e+02 1.0873148680106263e+01
295 7.8515922454875351e+02 1.0863030042169314e+01
296 7.8242408522124947e+02 1.0825188162770557e+01
297 7.8168819265295895e+02 1.0815006759015487e+01
298 7.7896385265693459e+02 1.0777314293211617e+01
299 7.7822340903306076e+02 1.0767069923561250e+01
300 7.7550986720956405e+02 1.0729526855317648e+01
301 7.7476486104814649e+02 1.0719219360913907e+01
302 7.7206211320997613e+02 1.0681825632298764e+01
303 7.7131253598765670e+02 1.0671454895217172e+01
304 7.6862057518713902e+02 1.0634210410106306e+01
305 7.6786642094197543e+02 1.0623776347860714e+01
306 7.6518523750122711e+02 1.0586680972356268e+01
307 7.6442650311656791e+02 1.0576183541826408e+01
308 7.6175608487696127e+02 1.0539237107708315e+01
309 7.6099276934677050e+02 1.0528676294975226e+01
310 7.5833310178236218e+02 1.0491878601270543e+01
311 7.5756520684448287e+02 1.0481254430378064e+01
312 7.5491627275326482e+02 1.0444605239089295e+01
313 7.5414380217734265e+02 1.0433917762192165e+01
314 7.5150558279935035e+02 1.0397416813766787e+01
315 7.5072854235986892e+02 1.0386666110757574e+01
316 7.4810101621281729e+02 1.0350313107978536e+01
317 7.4731941401695394e+02 1.0339499291023678e+01
318 7.4470255811382549e+02 1.0303293915855285e+01
319 7.4391640374390693e+02 1.0292417117530567e+01
320 7.4131019305211805e+02 1.0256359023635795e+01
321 7.4051949826645227e+02 1.0245419406622686e+01
322 7.3792390604512184e+02 1.0209508224029451e+01
323 7.3712868386943956e+02 1.0198505968544774e+01
324 7.3454368180294114e+02 1.0162741305493682e+01
325 7.3374394726853586e+02 1.0151676619502128e+01
326 7.3116950527659537e+02 1.0116058059819096e+01
327 7.3036527465599272e+02 1.0104931168458354e+01
328 7.2780136136156455e+02 1.0069458278027884e+01
329 7.2699265252841167e+02 1.0058269428587879e+01
330 7.2443923489444694e+02 1.0022941750327581e+01
331 7.2362606703657877e+02 1.0011691208280615e+01
332 7.2108311097133458e+02 9.9765082705159340e+00
333 7.2026550458752274e+02 9.9651963194717084e+00
334 7.1773297436945916e+02 9.9301576279791171e+00
335 7.1691095113170263e+02 9.9187845677794577e+00
336 7.1438881029767560e+02 9.8838896180750027e+00
337 7.1356239292375983e+02 9.8724557630306613e+00
338 7.1105060356937827e+02 9.8377040306900909e+00
339 7.1021981597390743e+02 9.8262097116703444e+00
340 7.0771833938693521e+02 9.7916006610925077e+00
341 7.0688320629431905e+02 9.7800462201706519e+00
342 7.0439200252730188e+02 9.7455792986646017e+00
343 7.0355254992891696e+02 9.7339650954429899e+00
344 7.0107157832370387e+02 9.6996397404849706e+00
345 7.0022783261125971e+02 9.6879661401047414e+00
346 6.9775705161295457e+02 9.6537817767641272e+00
347 6.9690904045643038e+02 9.6420491620518547e+00
348 6.9444840747011108e+02 9.6080052010087922e+00
349 6.9359615906134570e+02 9.5962139620112108e+00
350 6.9114563108595814e+02 9.5623098083268285e+00
351 6.9028917440071530e+02 9.5504603459366280e+00
352 6.8784870736083246e+02 9.5166953898076247e+00
353 6.8698807203400224e+02 9.5047881140367991e+00
354 6.8455762145559231e+02 9.4711617401449963e+00
355 6.8369283784521906e+02 9.4591970710107081e+00
356 6.8127235837659748e+02 9.4257086518952065e+00
357 6.8040345729538399e+02 9.4136870157050190e+00
358 6.7799290332575629e+02 9.3803359203200216e+00
359 6.7711991612028555e+02 9.3682577507679685e+00
360 6.7471924113826810e+02 9.3350433356076188e+00
361 6.7384219985942536e+02 9.3229090761320759e+00
362 6.7145135713610898e+02 9.2898306946809583e+00
363 6.7057029403963702e+02 9.2776407915545924e+00
364 6.6818923610329500e+02 9.2446977870200726e+00
365 6.6730418422690059e+02 9.2324526973343772e+00
366 6.6493286331413162e+02 9.1996444088883766e+00
367 6.6404385568622445e+02 9.1873445896062140e+00
368 6.6168222374593824e+02 9.1546703524403448e+00
369 6.6078929408115437e+02 9.1423162700188243e+00
370 6.5843730240244986e+02 9.1097754101959225e+00
371 6.5754048451978531e+02 9.0973675325360279e+00
372 6.5519808441152418e+02 9.0649593763923537e+00
373 6.5429741253370287e+02 9.0524981769808175e+00
374 6.5196455475737321e+02 9.0202220432794746e+00
375 6.5106006326756551e+02 9.0077079978228802e+00
376 6.4873669848802808e+02 8.9755632039900899e+00
377 6.4782842214732966e+02 8.9629967934237893e+00
378 6.4551450051196866e+02 8.9309826497262499e+00
379 6.4460247421800261e+02 8.9183643568745090e+00
380 6.4229794603205335e+02 8.8864801757628626e+00
381 6.4138220481181736e+02 8.8738104852399076e+00
382 6.3908701979246814e+02 8.8420555710288991e+00
383 6.3816759899540762e+02 8.8293349719101606e+00
384 6.3588170698035560e+02 8.7977086305818322e+00
385 6.3495864190203054e+02 8.7849376111972148e+00
386 6.3268199237014335e+02 8.7534391437690395e+00
387 6.3175531872178271e+02 8.7406181981994138e+00
388 6.2948786104178771e+02 8.7092469041650240e+00
389 6.2855761424987611e+02 8.6963765225516951e+00
390 6.2629929790445408e+02 8.6651317029813200e+00
391 6.2536551373038549e+02 8.6522123800992148e+00
392 6.2311628782974867e+02 8.6210933309098152e+00
393 6.2217900199900851e+02 8.6081255610370455e+00
394 6.1993881576341971e+02 8.5771315796681833e+00
395 6.1899806409460575e+02 8.5641158583711174e+00
396 6.1676686648739951e+02 8.5332462387076315e+00
397 6.1582268482346785e+02 8.5201830618896430e+00
398 6.1360042501101213e+02 8.4894371006254339e+00
399 6.1265284918059569e+02 8.4763269639917294e+00
400 6.1043947597803287e+02 8.4457039529613347e+00
401 6.0948854185829964e+02 8.4325473528886263e+00
402 6.0728400447018805e+02 8.4020465893143275e+00
403 6.0632974771322301e+02 8.3888440190652016e+00
404 6.0413399502047787e+02 8.3584647956915301e+00
405 6.0317645159928077e+02 8.3452167529685735e+00
406 6.0098943263582782e+02 8.3149583646570342e+00
407 6.0002863802597210e+02 8.3016653402807172e+00
408 5.9785030189003851e+02 8.2715270827824501e+00
409 5.9688629199439708e+02 8.2581895734851223e+00
410 5.9471658764003519e+02 8.2281707405565481e+00
411 5.9374939782367915e+02 8.2147892356298318e+00
412 5.9158827463065109e+02 8.1848891269172519e+00
413 5.9061794040948598e+02 8.1714641177396299e+00
414 5.8846534737114257e+02 8.1416820275431760e+00
415 5.8749190419275874e+02 8.1282140045479601e+00
416 5.8534779073267498e+02 8.0985492331201065e+00
417 5.8437127384055691e+02 8.0850386839167125e+00
418 5.8223558916662807e+02 8.0554905285259082e+00
419 5.8125603374191985e+02 8.0419379398612456e+00
420 5.7912872750036252e+02 8.0125057038403114e+00
421 5.7814616845623675e+02 7.9989115587537816e+00
422 5.7602719012668797e+02 7.9695945431308379e+00
423 5.7504166241577195e+02 7.9559593252077168e+00
424 5.7293096180219447e+02 7.9267568354980726e+00
425 5.7194249998229498e+02 7.9130810228611175e+00
426 5.6984002684741370e+02 7.8839923640095382e+00
427 5.6884866568139876e+02 7.8702764376186209e+00
428 5.6675436994522465e+02 7.8413009167459968e+00
429 5.6576014366019638e+02 7.8275453501484265e+00
430 5.6367397543460845e+02 7.7986822770302258e+00
431 5.6267691846884838e+02 7.7848875466950753e+00
432 5.6059882782511067e+02 7.7561362305448416e+00
433 5.5959897411040322e+02 7.7423028059335675e+00
434 5.5752891157997010e+02 7.7136625623317832e+00
435 5.5652629506242499e+02 7.6997909131040396e+00
436 5.5446421094619529e+02 7.6712610544413495e+00
437 5.5345886535625266e+02 7.6573516472729040e+00
438 5.5140471043225216e+02 7.6289314925412164e+00
439 5.5039666927504686e+02 7.6149847909906390e+00
440 5.4835039423463434e+02 7.5866736579827858e+00
441 5.4733969080386248e+02 7.5726901226832952e+00
442 5.4530124683690644e+02 7.5444873360892153e+00
443 5.4428791409981591e+02 7.5304674231574724e+00
444 5.4225725228305885e+02 7.5023723061019529e+00
445 5.4124132322851597e+02 7.4883164719537207e+00
446 5.3921839500079523e+02 7.4603283525712953e+00
447 5.3819990213933977e+02 7.4462370470044732e+00
448 5.3618465897513988e+02 7.4183552539228712e+00
449 5.3516363495320275e+02 7.4042289286154732e+00
450 5.3315602853069015e+02 7.3764527932804524e+00
451 5.3213250538227032e+02 7.3622918914372235e+00
452 5.3013248771666906e+02 7.3346207499578862e+00
453 5.2910649755355178e+02 7.3204257158597787e+00
454 5.2711402066293681e+02 7.2928589043846692e+00
455 5.2608559507522841e+02 7.2786301750949729e+00
456 5.2410061143607334e+02 7.2511670361147891e+00
457 5.2306978198996205e+02 7.2369050483658768e+00
458 5.2109224398996435e+02 7.2095449231430564e+00
459 5.2005904192611956e+02 7.1952501091636014e+00
460 5.1808890236779484e+02 7.1679923446997789e+00
461 5.1705335874370530e+02 7.1536651341840694e+00
462 5.1509057042554309e+02 7.1265090774251751e+00
463 5.1405271604220968e+02 7.1121498965188721e+00
464 5.1209723220908177e+02 7.0850949005867374e+00
465 5.1105709751050262e+02 7.0707041704962110e+00
466 5.0910887144398197e+02 7.0437495890204413e+00
467 5.0806648679502433e+02 7.0293277298572496e+00
468 5.0612547205763173e+02 7.0024729203544931e+00
469 5.0508086742100392e+02 6.9880203466661444e+00
470 5.0314701773850248e+02 6.9612646689115767e+00
471 5.0210022304924365e+02 6.9467817948627655e+00
472 5.0017349229862879e+02 6.9201246107239305e+00
473 4.9912453696348996e+02 6.9056118431702469e+00
474 4.9720487948378826e+02 6.8790525209070976e+00
475 4.9615379280127672e+02 6.8645102652065306e+00
476 4.9424116285685341e+02 6.8380481720460455e+00
477 4.9318797383228855e+02 6.8234768295001995e+00
478 4.9128232618383606e+02 6.7971113395362677e+00
479 4.9022706351117915e+02 6.7825113071389662e+00
480 4.8832835285513880e+02 6.7562417935765327e+00
481 4.8727104513326839e+02 6.7416134670060881e+00
482 4.8537922662504803e+02 6.7154393094001064e+00
483 4.8431990193455005e+02 6.7007830771640213e+00
484 4.8243493077044064e+02 6.6747036556350796e+00
485 4.8137361725463927e+02 6.6600199071088664e+00
486 4.7949544894135340e+02 6.6340346060723787e+00
487 4.7843217406714558e+02 6.6193237212728766e+00
488 4.7656076444609965e+02 6.5934319297750301e+00
489 4.7549555577814505e+02 6.5786942900716694e+00
490 4.7363086062849516e+02 6.5528953962972558e+00
491 4.7256374523986830e+02 6.5381313762581650e+00
492 4.7070572087824888e+02 6.5124247758282277e+00
493 4.6963672571608015e+02 6.4976347482790429e+00
494 4.6778532834146728e+02 6.4720198351867699e+00
495 4.6671448003224185e+02 6.4572041685168564e+00
496 4.6486966644004394e+02 6.4316803450073436e+00
497 4.6379699120420787e+02 6.4168394019883337e+00
498 4.6195871815811790e+02 6.3914060698678812e+00
499 4.6088424215464943e+02 6.3765402124209709e+00
500 4.5905246676171191e+02 6.3511967782463001e+00
501 4.5797621573742373e+02 6.3363063625901930e+00
502 4.5615089517981414e+02 6.3110522339574970e+00
503 4.5507289478208497e+02 6.2961376149351800e+00
504 4.5325398660033636e+02 6.2709722043986886e+00
505 4.5217426198715992e+02 6.2560337300822892e+00
506 4.5036172385004278e+02 6.2309564519704548e+00
507 4.4928030019222183e+02 6.2159944706093198e+00
508 4.4747408998370366e+02 6.1910047422279435e+00
509 4.4639099185379615e+02 6.1760195937944333e+00
510 4.4459106782807896e+02 6.1511168375716743e+00
511 4.4350631979907064e+02 6.1361088620440691e+00
512 4.4171264019140290e+02 6.1112925001458569e+00
513 4.4062626640849561e+02 6.0962620315838540e+00
514 4.3883878989427529e+02 6.0715314922657848e+00
515 4.3775081434653401e+02 6.0564788625688575e+00
516 4.3596949957352507e+02 6.0318335737041977e+00
517 4.3487994591746269e+02 6.0167591101708124e+00
518 4.3310475206456329e+02 5.9921985069813086e+00
519 4.3201364359210305e+02 5.9771025318656719e+00
520 4.3024452981022125e+02 5.9526260491858141e+00
521 4.2915188970290836e+02 5.9375088832150009e+00
522 4.2738881550325669e+02 5.9131159608642543e+00
523 4.2629466656216539e+02 5.8979779195013533e+00
524 4.2453759150005374e+02 5.8736679979092896e+00
525 4.2344195642650379e+02 5.8585093952372427e+00
526 4.2169084042020580e+02 5.8342819198551998e+00
527 4.2059374137976909e+02 5.8191030625446354e+00
528 4.1884854450752567e+02 5.7949574810371702e+00
529 4.1775000370054261e+02 5.7797586762397550e+00
530 4.1601068621656299e+02 5.7556944387060245e+00
531 4.1491072525688111e+02 5.7404759854590353e+00
532 4.1317724778804694e+02 5.7164925471542869e+00
533 4.1207588825627312e+02 5.7012547440350980e+00
534 4.1034821139267763e+02 5.6773515597055955e+00
535 4.0924547452869712e+02 5.6620947005775468e+00
536 4.0752355924121565e+02 5.6382712302378435e+00
537 4.0641946609089950e+02 5.6229956062800017e+00
538 4.0470327336868212e+02 5.5992513101974914e+00
539 4.0359784463661720e+02 5.5839572078671011e+00
540 4.0188733594856257e+02 5.5602915529467145e+00
541 4.0078059203970946e+02 5.5449792545555585e+00
542 3.9907572879843985e+02 5.5213917069236169e+00
543 3.9796768999656632e+02 5.5060614931067198e+00
544 3.9626843397236030e+02 5.4825515238378806e+00
545 3.9515912016074549e+02 5.4672036696893276e+00
546 3.9346543316927949e+02 5.4437707504863457e+00
547 3.9235486417502636e+02 5.4284055303230003e+00
548 3.9066670834779654e+02 5.4050491372581408e+00
549 3.8955490346159826e+02 5.3896668179753942e+00
550 3.8787224110980497e+02 5.3663864296072097e+00
551 3.8675921961490599e+02 5.3509872779973993e+00
552 3.8508201321582607e+02 5.3277823751821831e+00
553 3.8396779388060958e+02 5.3123666509143082e+00
554 3.8229600622974135e+02 5.2892367189110931e+00
555 3.8118060777592916e+02 5.2738046810085715e+00
556 3.7951420163601767e+02 5.2507492046232338e+00
557 3.7839764244552174e+02 5.2353011074080626e+00
558 3.7673658095650171e+02 5.2123195766650650e+00
559 3.7561887921176429e+02 5.1968556716994891e+00
560 3.7396312553042515e+02 5.1739475768564880e+00
561 3.7284429909022589e+02 5.1584681112247335e+00
562 3.7119381681105426e+02 5.1356329485951226e+00
563 3.7007388322522075e+02 5.1201381651069253e+00
564 3.6842863591479784e+02 5.0973754306180146e+00
565 3.6730761260822720e+02 5.0818655703546431e+00
566 3.6566756416446623e+02 5.0591747645178682e+00
567 3.6454546818843193e+02 5.0436500633913370e+00
568 3.6291058250975772e+02 5.0210306867252132e+00
569 3.6178743088597417e+02 5.0054913802385776e+00
570 3.6015767215627807e+02 4.9829429372111758e+00
571 3.5903348138554713e+02 4.9673892536604312e+00
572 3.5740881398402115e+02 4.9449112514418960e+00
573 3.5628360053902384e+02 4.9293434187339722e+00
574 3.5466398896033752e+02 4.9069353660921324e+00
575 3.5353776886651718e+02 4.8913536059462253e+00
576 3.5192317786923724e+02 4.8690150153000431e+00
577 3.5079596711206653e+02 4.8534195488823375e+00
578 3.4918636144307135e+02 4.8311499324890645e+00
579 3.4805817566459604e+02 4.8155409762142796e+00
580 3.4645352041653825e+02 4.7933398511151069e+00
581 3.4532437503473602e+02 4.7777176182978796e+00
582 3.4372463533276527e+02 4.7555845019836100e+00
583 3.4259454549186768e+02 4.7399492021511760e+00
584 3.4099968684159251e+02 4.7178836173764322e+00
585 3.3986866738065549e+02 4.7022354558337867e+00
586 3.3827865522826340e+02 4.6802369245310738e+00
587 3.3714672088796834e+02 4.6645761052221557e+00
588 3.3556152101827178e+02 4.6426441540090071e+00
589 3.3442868614232185e+02 4.6269708753853829e+00
590 3.3284826433943914e+02 4.6051050308697299e+00
591 3.3171454323851839e+02 4.5894194909261321e+00
592 3.3013886555191385e+02 4.5676192833870841e+00
593 3.2900427204087424e+02 4.5519216732581871e+00
594 3.2743330468293942e+02 4.5301866352290263e+00
595 3.2629785255469989e+02 4.5144771457460493e+00
596 3.2473156185196297e+02 4.4928068113391904e+00
597 3.2359526447149057e+02 4.4770856274124471e+00
598 3.2203361696057016e+02 4.4554795336469981e+00
599 3.2089648764773477e+02 4.4397468395628632e+00
600 3.1933944989422321e+02 4.4182045238587984e+00
601 3.1820150162065204e+02 4.4024604990855520e+00
602 3.1664904046802474e+02 4.3809815027074821e+00
603 3.1551028603024719e+02 4.3652263242908482e+00
604 3.1396236836385731e+02 4.3438101890827809e+00
605 3.1282282025277618e+02 4.3280440298400027e+00
606 3.1127941325232615e+02 4.3066903017183993e+00
607 3.1013908376478207e+02 4.2909133317817831e+00
608 3.0860015458910726e+02 4.2696215563744007e+00
609 3.0745905582904510e+02 4.2538339432074519e+00
610 3.0592457186914407e+02 4.2326036693541296e+00
611 3.0478271566467930e+02 4.2168055766041315e+00
612 3.0325264440585346e+02 4.1956363544494311e+00
613 3.0211004241092002e+02 4.1798279433537857e+00
614 3.0058435149673977e+02 4.1587193252319903e+00
615 2.9944101505366802e+02 4.1429007527169270e+00
616 2.9791967231201221e+02 4.1218522935123092e+00
617 2.9677561256680372e+02 4.1060237137877591e+00
618 2.9525858591080339e+02 4.0850349695640960e+00
619 2.9411381378707392e+02 4.0691965337631819e+00
620 2.9260107129469100e+02 4.0482670628647579e+00
621 2.9145559747520718e+02 4.0324189187883483e+00
622 2.8994710732935062e+02 4.0115482810114385e+00
623 2.8880094231097291e+02 3.9956905738883051e+00
624 2.8729667280819439e+02 3.9748783306014817e+00
625 2.8614982682785995e+02 3.9590112020642430e+00
626 2.8464974646035978e+02 3.9382569173429647e+00
627 2.8350222952080071e+02 3.9223805057839045e+00
628 2.8200630683707050e+02 3.9016837444824461e+00
629 2.8085812874008377e+02 3.8857981855138228e+00
630 2.7936633247399038e+02 3.8651585150512080e+00
631 2.7821750279061541e+02 3.8492639410926452e+00
632 2.7672980171825191e+02 3.8286809294721165e+00
633 2.7558032984175753e+02 3.8127774704837010e+00
634 2.7409669290676476e+02 3.7922506880265998e+00
635 2.7294658794424845e+02 3.7763384700091107e+00
636 2.7146698421011513e+02 3.7558674886949275e+00
637 2.7031625510309345e+02 3.7399466353582560e+00
638 2.6884065372417859e+02 3.7195310284237122e+00
639 2.6768930914311852e+02 3.7036016597276591e+00
640 2.6621767944954132e+02 3.6832410028411973e+00
641 2.6506572786714133e+02 3.6673032360093454e+00
642 2.6359803921389806e+02 3.6469971051835941e+00
643 2.6244548892436569e+02 3.6310510549700252e+00
644 2.6098171084323479e+02 3.6107990286634726e+00
645 2.5982856986237374e+02 3.5948448059704265e+00
646 2.5836867193567349e+02 3.5746464633408026e+00
647 2.5721494814051943e+02 3.5586841771506008e+00
648 2.5575890009982632e+02 3.5385390994206900e+00
649 2.5460460106071605e+02 3.5225688544723375e+00
650 2.5315237275094910e+02 3.5024766244330694e+00
651 2.5199750587468293e+02 3.4864985232029708e+00
652 2.5054906722070206e+02 3.4664587247512917e+00
653 2.4939363967484687e+02 3.4504728664059501e+00
654 2.4794896071209928e+02 3.4304850849688324e+00
655 2.4679297949524425e+02 3.4144915663368676e+00
656 2.4535203033355006e+02 3.3945553883702662e+00
657 2.4419550217044971e+02 3.3785543024916733e+00
658 2.4275825307001421e+02 3.3586693165321888e+00
659 2.4160118452539436e+02 3.3426607542328943e+00
660 2.4016760577139468e+02 3.3228265491626243e+00
661 2.3901000314685174e+02 3.3068105976280409e+00
662 2.3758006522255860e+02 3.2870267650697964e+00
663 2.3642193463654547e+02 3.2710035089514640e+00
664 2.3499560798096036e+02 3.2512696399155718e+00
665 2.3383695536137941e+02 3.2352391612286788e+00
666 2.3241421062391427e+02 3.2155548496365882e+00
667 2.3125504164445701e+02 3.1995172268792018e+00
668 2.2983584944914045e+02 3.1798820663011722e+00
669 2.2867616966412621e+02 3.1638373763197909e+00
670 2.2726050079630903e+02 3.1442509625580475e+00
671 2.2610031540718361e+02 3.1281992773170075e+00
672 2.2468814073891474e+02 3.1086612073732818e+00
673 2.2352745487757610e+02 3.0926025978746936e+00
674 2.2211874531359510e+02 3.0731124692030067e+00
675 2.2095756378210817e+02 3.0570470018855920e+00
676 2.1955229038095558e+02 3.0376044140678724e+00
677 2.1839061787070511e+02 3.0215321538390434e+00
678 2.1698875167273403e+02 3.0021367062055857e+00
679 2.1582659261239445e+02 2.9860577143380396e+00
680 2.1442810482482022e+02 2.9667090085277543e+00
681 2.1326546346755603e+02 2.9506233438659297e+00
682 2.1187032529168673e+02 2.9313209814359964e+00
683 2.1070720564740915e+02 2.9152286994588135e+00
684 2.0931538844754567e+02 2.8959722842214912e+00
685 2.0815179435449608e+02 2.8798734380327411e+00
686 2.0676326944776196e+02 2.8606625731475686e+00
687 2.0559920454574441e+02 2.8445572131055732e+00
688 2.0421394342984621e+02 2.8253915042305362e+00
689 2.0304941108804937e+02 2.8092796769495321e+00
690 2.0166738525343050e+02 2.7901587296421280e+00
691 2.0050238874108854e+02 2.7740404803534355e+00
692 1.9912356975975365e+02 2.7549639012995977e+00
693 1.9795811203222163e+02 2.7388392708918805e+00
694 1.9658247157549764e+02 2.7198066681517106e+00
695 1.9541655545259442e+02 2.7036756956384269e+00
696 1.9404406522605876e+02 2.6846866777458973e+00
697 1.9287769333586550e+02 2.6685493994877287e+00
698 1.9150832525592236e+02 2.6496035778936955e+00
699 1.9034150044263345e+02 2.6334600332413474e+00
700 1.8897522750940837e+02 2.6145570343904367e+00
701 1.8780795528145245e+02 2.5984072995554897e+00
702 1.8644475834202265e+02 2.5795468584584245e+00
703 1.8527706406204490e+02 2.5633912843444508e+00
704 1.8391697428857097e+02 2.5445738322820541e+00
705 1.8274900619070149e+02 2.5284144697747317e+00
706 1.8139234607596308e+02 2.5096444685792596e+00
707 1.8022492187735347e+02 2.4934926311621544e+00
708 1.7887350100052464e+02 2.4747951171731373e+00
709 1.7771064023523780e+02 2.4587064169029076e+00
710 1.7637290606478149e+02 2.4401982646355056e+00
711 1.7523193115557575e+02 2.4244123650007063e+00
712 1.7394189866294545e+02 2.4065641868418477e+00
713 1.7288744054525728e+02 2.3919752858234089e+00
714 1.7176261176786014e+02 2.3764127751642694e+00
715 1.7100033067265991e+02 2.3658662743032539e+00
716 1.7038368987009935e+02 2.3573347722155180e+00
717 1.7046154954730940e+02 2.3584119957724248e+00
718 1.7118245450419232e+02 2.3683860392012193e+00
719 1.7329606918111125e+02 2.3976288462842485e+00
720 1.7697318182965159e+02 2.4485033490865198e+00
721 1.8318501404473074e+02 2.5344468339995343e+00
722 1.9222031551613793e+02 2.6594542824955538e+00
723 2.0500909445270526e+02 2.8363927752839890e+00
724 2.2133038988607851e+02 3.0622052182591721e+00
725 2.4098495920391443e+02 3.3341350005122661e+00
726 2.6149492964942743e+02 3.6178996410431856e+00
727 2.7961444570757448e+02 3.8685912729250429e+00
728 2.8993145354080724e+02 4.0113317038256859e+00
729 2.8919292285384489e+02 4.0011138005155047e+00
730 2.7684028456296545e+02 3.8302095091840309e+00
731 2.5804592577542172e+02 3.5701811254511218e+00
732 2.3927389810326545e+02 3.3104617027158612e+00
733 2.2720072195969928e+02 3.1434238955407161e+00
734 2.2485735948834582e+02 3.1110024246720083e+00
735 2.3276040053694987e+02 3.2203445423613513e+00
736 2.4648145366767315e+02 3.4101814667825239e+00
737 2.5856469445681745e+02 3.5773585228435771e+00
738 2.6024233697204551e+02 3.6005694595213149e+00
739 2.5021722409351906e+02 3.4618675262438194e+00
740 2.3497745503541955e+02 3.2510184857718030e+00
741 2.2477896540964770e+02 3.1099178074308167e+00
742 2.2495805692224462e+02 3.1123956188362119e+00
743 2.3489211901388498e+02 3.2498378236377725e+00
744 2.4612620007614862e+02 3.4052663740004991e+00
745 2.4866702612833899e+02 3.4404198420791978e+00
746 2.3914328964190153e+02 3.3086546760705673e+00
747 2.2642790342556853e+02 3.1327316044856981e+00
748 2.2081328693901614e+02 3.0550508670483572e+00
749 2.2648801622244375e+02 3.1335632919930942e+00
750 2.3708693239882163e+02 3.2802040512666015e+00
751 2.4134343708768091e+02 3.3390947028236626e+00
752 2.3346302929071501e+02 3.2300657263225143e+00
753 2.2206205070695989e+02 3.0723280738907550e+00
754 2.1825006920041000e+02 3.0195875999446655e+00
755 2.2526678056030744e+02 3.1166669488418317e+00
756 2.3415178641911521e+02 3.2395949901248593e+00
757 2.3355674929432931e+02 3.2313623846091177e+00
758 2.2322789020896209e+02 3.0884579863195065e+00
759 2.1572056360279853e+02 2.9845907554326740e+00
760 2.1873649434139836e+02 3.0263175099484103e+00
761 2.2783921103541712e+02 3.1522576782872744e+00
762 2.2979596556473984e+02 3.1793302548712150e+00
763 2.2130581276298193e+02 3.0618651827374577e+00
764 2.1321713975224199e+02 2.9499547635897350e+00
765 2.1561186150419573e+02 2.9830868131419268e+00
766 2.2389458152376514e+02 3.0976819596934688e+00
767 2.2537816575406981e+02 3.1182080129575707e+00
768 2.1668758159391174e+02 2.9979698830800863e+00
769 2.1036954827684372e+02 2.9105570582862601e+00
770 2.1427307728214319e+02 2.9645641329397074e+00
771 2.2175006115687958e+02 3.0680115585275010e+00
772 2.1975400321778633e+02 3.0403952016404729e+00
773 2.1091216133135521e+02 2.9180643532757817e+00
774 2.0816624418042943e+02 2.8800733578557662e+00
775 2.1485853400320678e+02 2.9726641892728147e+00
776 2.1880735799709629e+02 3.0272979404097438e+00
777 2.1249541304413759e+02 2.9399693508642080e+00
778 2.0565795191436769e+02 2.8453700093006633e+00
779 2.0880235655311998e+02 2.8888742578499098e+00
780 2.1523449222355512e+02 2.9778657398813446e+00
781 2.1271919328099344e+02 2.9430654508141334e+00
782 2.0467097589526057e+02 2.8317147533841029e+00
783 2.0452582299812542e+02 2.8297064979462414e+00
784 2.1109726592674934e+02 2.9206253583787474e+00
785 2.1144690839223941e+02 2.9254628187153049e+00
786 2.0371755835647772e+02 2.8185237940949452e+00
787 2.0151748077648196e+02 2.7880847339663037e+00
788 2.0744490030911800e+02 2.8700932418489851e+00
789 2.0930222561114769e+02 2.8957901704759466e+00
790 2.0221529242280894e+02 2.7977392710854239e+00
791 1.9914803880780806e+02 2.7553024415546283e+00
792 2.0453374102327135e+02 2.8298160473756382e+00
793 2.0678940181614888e+02 2.8610241261854550e+00
794 2.0008687221296975e+02 2.7682916228136589e+00
795 1.9708162632271802e+02 2.7267126979673351e+00
796 2.0230160909161472e+02 2.7989335009143050e+00
797 2.0409142495633156e+02 2.8236964061957712e+00
798 1.9744099262415224e+02 2.7316846919356501e+00
799 1.9527427121104196e+02 2.7017071293372412e+00
800 2.0058645248953630e+02 2.7752035400186523e+00
801 2.0113790503554520e+02 2.7828331333378520e+00
802 1.9447587329534798e+02 2.6906609360650755e+00
803 1.9386618116185360e+02 2.6822255719305841e+00
804 1.9912921824486040e+02 2.7550420506245867e+00
805 1.9774636983630739e+02 2.7359097226378517e+00
806 1.9151877695240162e+02 2.6497481818024267e+00
807 1.9302883926565846e+02 2.6706405712204893e+00
808 1.9749764928578875e+02 2.7324685622618254e+00
809 1.9382743208800068e+02 2.6816894611135553e+00
810 1.8906495636845310e+02 2.6157984734017568e+00
811 1.9273608972609006e+02 2.6665902500324647e+00
812 1.9509960314159935e+02 2.6992905182519502e+00
813 1.8964585715692158e+02 2.6238354963639203e+00
814 1.8766189945027082e+02 2.5963865516200988e+00
815 1.9249059524191543e+02 2.6631937237313079e+00
816 1.9147549966977115e+02 2.6491494211859052e+00
817 1.8597753774929467e+02 2.5730826519937535e+00
818 1.8752118522389983e+02 2.5944397071831538e+00
819 1.9125910368547443e+02 2.6461554856822231e+00
820 1.8687288076203208e+02 2.5854701241666782e+00
821 1.8385952205798733e+02 2.5437789549026562e+00
822 1.8795278362451876e+02 2.6004110646422354e+00
823 1.8807096737475675e+02 2.6020461898361975e+00
824 1.8260339886099578e+02 2.5263999270584283e+00
825 1.8375403988533645e+02 2.5423195617316998e+00
826 1.8722812235411769e+02 2.5903850509310828e+00
827 1.8326005477612964e+02 2.5354850561767508e+00
828 1.8041173202190592e+02 2.4960772333027221e+00
829 1.8449883380388604e+02 2.5526241196601620e+00
830 1.8385432651892049e+02 2.5437070722892905e+00
831 1.7899595061305510e+02 2.4764892624852997e+00
832 1.8077088144238354e+02 2.5010462266257241e+00
833 1.8342789125698880e+02 2.5378071491697902e+00
834 1.7878967551782398e+02 2.4736353540214018e+00
835 1.7761587325332664e+02 2.4573952732019615e+00
836 1.8142430040836709e+02 2.5100865711006706e+00
837 1.7914833003342733e+02 2.4785975001134868e+00
838 1.7538063992949216e+02 2.4264698175887678e+00
839 1.7865255655542242e+02 2.4717382516740720e+00
840 1.7896051214646624e+02 2.4759989554046888e+00
841 1.7433117028433662e+02 2.4119499343253175e+00
842 1.7555548339045882e+02 2.4288888552944630e+00
843 1.7811079613187349e+02 2.4642427532163511e+00
844 1.7380497447319516e+02 2.4046697792615102e+00
845 1.7295277232841863e+02 2.3928791803469665e+00
846 1.7634168433997985e+02 2.4397662980688728e+00
847 1.7361837352008223e+02 2.4020880713783379e+00
848 1.7079234650828570e+02 2.3629887201011863e+00
849 1.7420285853402095e+02 2.4101746837075289e+00
850 1.7314488368970271e+02 2.3955371271987920e+00
851 1.6932446592291475e+02 2.3426799338083599e+00
852 1.7173563967722325e+02 2.3760396041924108e+00
853 1.7247239790383699e+02 2.3862329847186605e+00
854 1.6813431390238227e+02 2.3262136467807535e+00
855 1.6945412394285935e+02 2.3444738106703125e+00
856 1.7130154095309322e+02 2.3700336536360735e+00
857 1.6730464531840911e+02 2.3147348097869904e+00
858 1.6722740230077162e+02 2.3136661179918629e+00
859 1.6996228612843692e+02 2.3515044624357500e+00
860 1.6642340749922192e+02 2.3025424892934905e+00
861 1.6535885894820822e+02 2.2878139826040917e+00
862 1.6829402631504345e+02 2.3284233396463536e+00
863 1.6564183761325580e+02 2.2917291193605518e+00
864 1.6357642135546729e+02 2.2631531590248173e+00
865 1.6665529782014610e+02 2.3057507958941490e+00
866 1.6465060802876519e+02 2.2780150134590427e+00
867 1.6208749135294892e+02 2.2425531446043792e+00
868 1.6486862365850004e+02 2.2810313574838275e+00
869 1.6368058035863308e+02 2.2645942455524608e+00
870 1.6059411045851809e+02 2.2218915500979564e+00
871 1.6323722591248858e+02 2.2584602379305481e+00
872 1.6248828225218890e+02 2.2480982664636735e+00
873 1.5929449021689382e+02 2.2039107211313351e+00
874 1.6154288028068302e+02 2.2350182061430464e+00
875 1.6133284222657241e+02 2.2321122354552365e+00
876 1.5791387600681972e+02 2.1848093042826697e+00
877 1.6004275074499748e+02 2.2142632411578700e+00
878 1.5999069081043297e+02 2.2135429686125243e+00
879 1.5666492737104468e+02 2.1675295397109067e+00
880 1.5850011888783317e+02 2.1929202374913026e+00
881 1.5871506813431563e+02 2.1958941567284134e+00
882 1.5530103520219004e+02 2.1486594798029146e+00
883 1.5714936442171140e+02 2.1742319435933251e+00
884 1.5728203544081896e+02 2.1760675066501292e+00
885 1.5404669301125756e+02 2.1313050929763557e+00
886 1.5575257001758513e+02 2.1549066665025820e+00
887 1.5592865048129102e+02 2.1573428186960122e+00
888 1.5267704426345949e+02 2.1123553882166606e+00
889 1.5453289826642012e+02 2.1380319607610740e+00
890 1.5442814294400904e+02 2.1365826238892023e+00
891 1.5142260127023189e+02 2.0949996067451360e+00
892 1.5325569143986908e+02 2.1203612314451683e+00
893 1.5300338934486589e+02 2.1168705187947539e+00
894 1.5007509886676945e+02 2.0763563065927104e+00
895 1.5213346126265108e+02 2.1048346735850676e+00
896 1.5143035433148583e+02 2.0951068738250949e+00
897 1.4886723958848199e+02 2.0596450317117583e+00
898 1.5093118518381840e+02 2.0882006447728263e+00
899 1.4992560935627526e+02 2.0742880521639084e+00
900 1.4760286680778532e+02 2.0421518671767522e+00
901 1.4984612523530552e+02 2.0731883536989688e+00
902 1.4827807840620122e+02 2.0514937224961347e+00
903 1.4651143729018270e+02 2.0270514502575705e+00
904 1.4863807189901692e+02 2.0564743939385290e+00
905 1.4670964048518448e+02 2.0297936803612742e+00
906 1.4539955510471350e+02 2.0116680615047393e+00
907 1.4748729445443695e+02 2.0405528718300578e+00
908 1.4503411257798652e+02 2.0066120002341061e+00
909 1.4448076502819646e+02 1.9989561886876202e+00
910 1.4615238077739588e+02 2.0220837423541429e+00
911 1.4348843696858123e+02 1.9852268848900585e+00
912 1.4354621071209007e+02 1.9860262105449864e+00
913 1.4480903271963456e+02 2.0034979194378577e+00
914 1.4191510763650979e+02 1.9634591678892923e+00
915 1.4277345953322265e+02 1.9753348513802476e+00
916 1.4323803333509900e+02 1.9817624383063110e+00
917 1.4056047189525779e+02 1.9447171748090046e+00
918 1.4191836219203674e+02 1.9635041961247863e+00
919 1.4164257367731184e+02 1.9596885383230664e+00
920 1.3927531106784014e+02 1.9269363983234700e+00
921 1.4111185731501953e+02 1.9523458394064670e+00
922 1.3986215059776066e+02 1.9350555864373495e+00
923 1.3828066637796357e+02 1.9131750429071555e+00
924 1.4008226518374755e+02 1.9381009704633343e+00
925 1.3815608594968919e+02 1.9114514168034327e+00
926 1.3738516799971546e+02 1.9007854211827035e+00
927 1.3894962492324882e+02 1.9224303844317692e+00
928 1.3643029185874988e+02 1.8875742814781151e+00
929 1.3673023781343127e+02 1.8917241682970642e+00
930 1.3748424641364690e+02 1.9021562154794733e+00
931 1.3497338052151414e+02 1.8674172596533194e+00
932 1.3603545990619705e+02 1.8821116043190271e+00
933 1.3588660532557893e+02 1.8800521344298482e+00
934 1.3368907178656204e+02 1.8496482722492380e+00
935 1.3535070729866089e+02 1.8726377448589997e+00
936 1.3405859396597469e+02 1.8547607773446402e+00
937 1.3279267664173230e+02 1.8372462433568990e+00
938 1.3435417953744121e+02 1.8588503363060318e+00
939 1.3232506515814691e+02 1.8307766287418878e+00
940 1.3206473157062581e+02 1.8271747967900913e+00
941 1.3312750710930138e+02 1.8418787730585360e+00
942 1.3068293684346992e+02 1.8080570469580972e+00
943 1.3154899559465392e+02 1.8200393582374461e+00
944 1.3149241544927020e+02 1.8192565465479484e+00
945 1.2944969468662481e+02 1.7909945885672180e+00
946 1.3087156304087986e+02 1.8106667750045098e+00
947 1.2974101416368049e+02 1.7950251241989474e+00
948 1.2851177223337916e+02 1.7780180107365389e+00
949 1.2999757170054187e+02 1.7985747127961800e+00
950 1.2792080611931323e+02 1.7698417294800945e+00
951 1.2796161220676031e+02 1.7704063000028387e+00
952 1.2863652358532784e+02 1.7797440016459605e+00
953 1.2643973166970653e+02 1.7493504001576714e+00
954 1.2742232524663272e+02 1.7629450230209847e+00
955 1.2699872973341814e+02 1.7570843890987089e+00
956 1.2529882133607884e+02 1.7335653939549589e+00
957 1.2677557754514049e+02 1.7539969784825640e+00
958 1.2513961739493128e+02 1.7313627360208159e+00
959 1.2465948592377840e+02 1.7247199017621697e+00
960 1.2562954555625869e+02 1.7381411118821748e+00
961 1.2353136033340917e+02 1.7091117782168288e+00
962 1.2416368591049223e+02 1.7178602861952368e+00
963 1.2410776703514843e+02 1.7170866234733433e+00
964 1.2227422543801157e+02 1.6917187530713724e+00
965 1.2363283430287886e+02 1.7105157160989584e+00
966 1.2226322534554401e+02 1.6915665618581692e+00
967 1.2158609720009635e+02 1.6821981902509660e+00
968 1.2259882188249354e+02 1.6962096904732931e+00
969 1.2061847400291965e+02 1.6688106893062098e+00
970 1.2111553317862251e+02 1.6756877259499547e+00
971 1.2112817060153654e+02 1.6758625703642829e+00
972 1.1934837014500640e+02 1.6512382327473298e+00
973 1.2062428295792238e+02 1.6688910588041859e+00
974 1.1929777631039921e+02 1.6505382443524890e+00
975 1.1868899552735492e+02 1.6421154891602461e+00
976 1.1959521798925873e+02 1.6546534833921898e+00
977 1.1768471975371634e+02 1.6282208833802163e+00
978 1.1825473162874320e+02 1.6361072533408683e+00
979 1.1809338156522630e+02 1.6338749028411370e+00
980 1.1650523225049285e+02 1.6119021447329773e+00
981 1.1773487082797665e+02 1.6289147459870652e+00
982 1.1627175662422961e+02 1.6086719047218896e+00
983 1.1595112542500694e+02 1.6042358282666784e+00
984 1.1660418813667476e+02 1.6132712438033745e+00
985 1.1476720412984287e+02 1.5878557461192353e+00
986 1.1554512906088264e+02 1.5986186864658820e+00
987 1.1500798526903101e+02 1.5911870611784091e+00
988 1.1378003135657958e+02 1.5741977680206736e+00
989 1.1490411877193090e+02 1.5897500216033829e+00
990 1.1323118077156805e+02 1.5666041739989398e+00
991 1.1337115141881569e+02 1.5685407306851926e+00
992 1.1357446242639297e+02 1.5713536296669055e+00
993 1.1194255500997069e+02 1.5487754585948883e+00
994 1.1292328286130326e+02 1.5623442683077726e+00
995 1.1188254254222234e+02 1.5479451591859630e+00
996 1.1122601915326464e+02 1.5388618636267304e+00
997 1.1203643858983179e+02 1.5500743800322359e+00
998 1.1026127745703651e+02 1.5255142295400486e+00
999 1.1091790646686614e+02 1.5345989864114191e+00
1000 1.1046280985444469e+02 1.5283025206523051e+00
1001 1.0931071052032635e+02 1.5123627096091583e+00
1002 1.1027517390570281e+02 1.5257064931403754e+00
1003 1.0878448925428792e+02 1.5050822023654344e+00
1004 1.0885948747583200e+02 1.5061198363997423e+00
1005 1.0903476375632150e+02 1.5085448623576700e+00
1006 1.0749465632140766e+02 1.4872367852052268e+00
1007 1.0847935700441759e+02 1.5008605608263172e+00
1008 1.0730337525837696e+02 1.4845903259021538e+00
1009 1.0694014043431625e+02 1.4795648091881379e+00
1010 1.0745349093440056e+02 1.4866672436119115e+00
1011 1.0586961812887262e+02 1.4647536529267693e+00
1012 1.0658452939159808e+02 1.4746447709085204e+00
1013 1.0588749890075820e+02 1.4650010414259389e+00
1014 1.0505676281643831e+02 1.4535074350860688e+00
1015 1.0586018802095847e+02 1.4646231831540539e+00
1016 1.0426777047386865e+02 1.4425913721367969e+00
1017 1.0476413690183077e+02 1.4494588243048276e+00
1018 1.0438549268667609e+02 1.4442201117533922e+00
1019 1.0332813331373029e+02 1.4295910705671528e+00
1020 1.0416156061630640e+02 1.4411219111187004e+00
1021 1.0277119772653413e+02 1.4218856169137970e+00
1022 1.0292598593805880e+02 1.4240271812480028e+00
1023 1.0290964290084744e+02 1.4238010679977773e+00
1024 1.0161856209273866e+02 1.4059383859240686e+00
1025 1.0250653120321874e+02 1.4182238368518181e+00
1026 1.0123540928551357e+02 1.4006372949790826e+00
1027 1.0120112862842861e+02 1.4001630067122750e+00
1028 1.0134790864772604e+02 1.4021937741150710e+00
1029 1.0002457385133242e+02 1.3838848436464342e+00
1030 1.0080163416475510e+02 1.3946358216205379e+00
1031 9.9759222374921521e+01 1.3802135869511540e+00
1032 9.9476337742381332e+01 1.3762997511766100e+00
1033 9.9824910009243254e+01 1.3811224048351267e+00
1034 9.8415943646433917e+01 1.3616287232364670e+00
1035 9.9176274849825376e+01 1.3721482464697159e+00
1036 9.8223443664624895e+01 1.3589653996453697e+00
1037 9.7860258387283864e+01 1.3539405684324439e+00
1038 9.8239885301531501e+01 1.3591928770666042e+00
1039 9.6890005893270157e+01 1.3405166899866190e+00
1040 9.7528407905321714e+01 1.3493492681683033e+00
1041 9.6735239404070455e+01 1.3383754261905225e+00
1042 9.6238252612943768e+01 1.3314993910198558e+00
1043 9.6710481148409727e+01 1.3380328846185392e+00
1044 9.5331235861409283e+01 1.3189504074346059e+00
1045 9.5970266063332303e+01 1.3277916769049263e+00
1046 9.5188996458240368e+01 1.3169824614925683e+00
1047 9.4711811922731982e+01 1.3103803994103640e+00
1048 9.5136346944087023e+01 1.3162540318491642e+00
1049 9.3840100825668415e+01 1.2983198853905025e+00
1050 9.4397115392321723e+01 1.3060264317600727e+00
1051 9.3690569574814603e+01 1.2962510534651033e+00
1052 9.3173529274211248e+01 1.2890975689961479e+00
1053 9.3623850566733537e+01 1.2953279660625641e+00
1054 9.2313655909932834e+01 1.2772008353189934e+00
1055 9.2910319008039878e+01 1.2854559369049370e+00
1056 9.2141117204086171e+01 1.2748136849341445e+00
1057 9.1722434258229654e+01 1.2690210185847206e+00
1058 9.2072298831818088e+01 1.2738615518864420e+00
1059 9.0852976764904213e+01 1.2569916841833937e+00
1060 9.1406571089560330e+01 1.2646509099708383e+00
1061 9.0641934313975526e+01 1.2540718172150995e+00
1062 9.0258967793717858e+01 1.2487733036338637e+00
1063 9.0578291629398862e+01 1.2531912921280792e+00
1064 8.9364770954802609e+01 1.2364016892898664e+00
1065 8.9978991499717381e+01 1.2448997060275053e+00
1066 8.9100021573271619e+01 1.2327387628473099e+00
1067 8.8878864190164663e+01 1.2296789512554391e+00
1068 8.9043009894675365e+01 1.2319499807022596e+00
1069 8.7948837799099621e+01 1.2168116189866804e+00
1070 8.8526218461399480e+01 1.2247999394244051e+00
1071 8.7613387784361265e+01 1.2121705175720683e+00
1072 8.7487401998234944e+01 1.2104274477121133e+00
1073 8.7556548919181978e+01 1.2113841263781544e+00
1074 8.6519279043119994e+01 1.1970330323921232e+00
1075 8.7133272057125183e+01 1.2055279011375726e+00
1076 8.6096880827087659e+01 1.1911889636133923e+00
1077 8.6173592472483250e+01 1.1922503036352146e+00
1078 8.6025737332706029e+01 1.1902046614583526e+00
1079 8.5172481330271140e+01 1.1783994819504147e+00
1080 8.5700576235156717e+01 1.1857059118279794e+00
1081 8.4647842597648690e+01 1.1711408697663206e+00
1082 8.4842859789944001e+01 1.1738390200935502e+00
1083 8.4539241810834810e+01 1.1696383291696151e+00
1084 8.3826050555951412e+01 1.1597710082678407e+00
1085 8.4306484923399395e+01 1.1664180332325893e+00
1086 8.3190352111713167e+01 1.1509758351594956e+00
1087 8.3573292531179561e+01 1.1562739876245771e+00
1088 8.3015117710177904e+01 1.1485513886156840e+00
1089 8.2567973931299662e+01 1.1423649538757557e+00
1090 8.2856668767816885e+01 1.1463591764283956e+00
1091 8.1820954236371108e+01 1.1320296013327542e+00
1092 8.2266946378939096e+01 1.1382001026677822e+00
1093 8.1546624257698824e+01 1.1282341230315251e+00
1094 8.1311947194424633e+01 1.1249872606005058e+00
1095 8.1429643063410722e+01 1.1266156357385166e+00
1096 8.0468966146561201e+01 1.1133242396977294e+00
1097 8.0990634203053418e+01 1.1205417512451126e+00
1098 8.0067206053497330e+01 1.1077657086071651e+00
1099 8.0129738877407334e+01 1.1086308782740522e+00
1100 7.9945952043718250e+01 1.1060881049953364e+00
1101 7.9222558019514850e+01 1.0960796242037318e+00
1102 7.9647425652338569e+01 1.1019578584713887e+00
1103 7.8675596745462769e+01 1.0885121696465423e+00
1104 7.8923822679820120e+01 1.0919464867861253e+00
1105 7.8495621652492773e+01 1.0860221335103701e+00
1106 7.8003665190849475e+01 1.0792156952043797e+00
1107 7.8303958851986323e+01 1.0833703926980980e+00
1108 7.7314701317590760e+01 1.0696835709941850e+00
1109 7.7747289614216214e+01 1.0756686241085185e+00
1110 7.7023223003807161e+01 1.0656508377850811e+00
1111 7.6877545942137544e+01 1.0636353302957797e+00
1112 7.6882019288653481e+01 1.0636972210512754e+00
1113 7.6075408293378658e+01 1.0525373961392643e+00
1114 7.6497516040084761e+01 1.0583774461445814e+00
1115 7.5633022201067007e+01 1.0464167861269686e+00
1116 7.5744809691705555e+01 1.0479634162004332e+00
1117 7.5469239783818622e+01 1.0441507829223693e+00
1118 7.4888089921449691e+01 1.0361103139110748e+00
1119 7.5227332502487982e+01 1.0408038871815408e+00
1120 7.4284065653184797e+01 1.0277533672342629e+00
1121 7.4642320852246669e+01 1.0327099886028892e+00
1122 7.4023562665853731e+01 1.0241491915601140e+00
1123 7.3810376585713541e+01 1.0211996665201883e+00
1124 7.3859725229910850e+01 1.0218824271471985e+00
1125 7.3071348675778694e+01 1.0109748839071613e+00
1126 7.3459405354178188e+01 1.0163438221093977e+00
1127 7.2657952687473767e+01 1.0052553649868434e+00
1128 7.2737386194016679e+01 1.0063543631784859e+00
1129 7.2483060760446961e+01 1.0028356567314676e+00
1130 7.1931277171030530e+01 9.9520148327824021e-01
1131 7.2236062741001291e+01 9.9941832834544919e-01
1132 7.1348451482654625e+01 9.8713782846247444e-01
1133 7.1687027162543004e+01 9.9182217485640389e-01
1134 7.1072824163036941e+01 9.8332440086736428e-01
1135 7.0909079330229233e+01 9.8105891766035946e-01
1136 7.0901190171896047e+01 9.8094976761626484e-01
1137 7.0191409130025747e+01 9.7112962854112295e-01
1138 7.0540665659435646e+01 9.7596174927890578e-01
1139 6.9753435889484308e+01 9.6507007231238184e-01
1140 6.9888140609444449e+01 9.6693377253266521e-01
1141 6.9551967057080049e+01 9.6228266065046575e-01
1142 6.9121157092592355e+01 9.5632221155890051e-01
1143 6.9332282870396710e+01 9.5924323139189438e-01
1144 6.8514722610363378e+01 9.4793191849083280e-01
1145 6.8865558633484568e+01 9.5278589223256782e-01
1146 6.8187612640554974e+01 9.4340620533861963e-01
1147 6.8160632256020676e+01 9.4303291961697022e-01
1148 6.8008669429199557e+01 9.4093044574741913e-01
1149 6.7444391226859452e+01 9.3312340372013514e-01
1150 6.7720929825905529e+01 9.3694943927487673e-01
1151 6.6943311354437455e+01 9.2619073893386217e-01
1152 6.7174575937919755e+01 9.2939038817634778e-01
1153 6.6688123965207069e+01 9.2266010694366218e-01
1154 6.6459316239945082e+01 9.1949444943663883e-01
1155 6.6498450230652125e+01 9.2003588575099260e-01
1156 6.5810730553312169e+01 9.1052097554939815e-01
1157 6.6144042945196546e+01 9.1513250199302909e-01
1158 6.5396483087451031e+01 9.0478967605517358e-01
1159 6.5548092035532449e+01 9.0688725385363433e-01
1160 6.5181313363056091e+01 9.0181270640725175e-01
1161 6.4849061832883976e+01 8.9721585746124244e-01
1162 6.4965657739519600e+01 8.9882901412676419e-01
1163 6.4267750101192874e+01 8.8917314891527177e-01
1164 6.4557854576354529e+01 8.9318687445082801e-01
1165 6.3917612005549636e+01 8.8432883131323836e-01
1166 6.3938572913632058e+01 8.8461883487823678e-01
1167 6.3720021097897487e+01 8.8159507247964841e-01
1168 6.3269722089144267e+01 8.7536498371917237e-01
1169 6.3475520650148781e+01 8.7821229911830312e-01
1170 6.2747301326712424e+01 8.6813705814750031e-01
1171 6.3031077683672031e+01 8.7206323132935559e-01
1172 6.2441430555444711e+01 8.6390519883359840e-01
1173 6.2407060923843069e+01 8.6342967956444439e-01
1174 6.2248864901388927e+01 8.6124096663751082e-01
1175 6.1771801871694528e+01 8.5464058564274259e-01
1176 6.1980582864995242e+01 8.5752916433041326e-01
1177 6.1295511757168796e+01 8.4805089827601143e-01
1178 6.1516081654520335e+01 8.5110258173894859e-01
1179 6.1017688915384056e+01 8.4420709464695398e-01
1180 6.0899767639901562e+01 8.4257560090896277e-01
1181 6.0824288769974714e+01 8.4153131688869220e-01
1182 6.0296453115423319e+01 8.3422847385578347e-01
1183 6.0540524670249084e+01 8.3760531329116683e-01
1184 5.9853966865517442e+01 8.2810647811824767e-01
1185 6.0069761174531571e+01 8.3109208917452337e-01
1186 5.9592773897214514e+01 8.2449275624787322e-01
1187 5.9467877876641623e+01 8.2276476378314678e-01
1188 5.9397547311997492e+01 8.2179170887565200e-01
1189 5.8891162219068839e+01 8.1478564398409814e-01
1190 5.9107892029610198e+01 8.1778419812360725e-01
1191 5.8470543438764864e+01 8.0896619449680629e-01
1192 5.8642420612926315e+01 8.1134419229407106e-01
1193 5.8217311983989660e+01 8.0546262373709676e-01
1194 5.8059178899801864e+01 8.0327478158930798e-01
1195 5.8021135244494431e+01 8.0274843055426015e-01
1196 5.7503679078043412e+01 7.9558919239477244e-01
1197 5.7734365635617110e+01 7.9878084438954833e-01
1198 5.7095293952894643e+01 7.8993900101376213e-01
1199 5.7283171205172927e+01 7.9253836706835079e-01
1200 5.6843892657348420e+01 7.8646075132787385e-01
1201 5.6720740116968564e+01 7.8475688069362803e-01
1202 5.6648501014075840e+01 7.8375742030341999e-01
1203 5.6180852661531432e+01 7.7728729558982379e-01
1204 5.6372420843344990e+01 7.7993772731004007e-01
1205 5.5776042565796459e+01 7.7168656634427524e-01
1206 5.5943357436124707e+01 7.7400144262165960e-01
1207 5.5520834301897054e+01 7.6815564554366633e-01
1208 5.5404392078013537e+01 7.6654461514795191e-01
1209 5.5326893831387721e+01 7.6547239214529206e-01
1210 5.4876663791625141e+01 7.5924325760173650e-01
1211 5.5067251260770028e+01 7.6188012072229883e-01
1212 5.4469001537998125e+01 7.5360306747246197e-01
1213 5.4666764953718442e+01 7.5633921303255069e-01
1214 5.4205013042487458e+01 7.4995066822927969e-01
1215 5.4154174891037343e+01 7.4924729960133241e-01
1216 5.4011937065772557e+01 7.4727937549030610e-01
1217 5.3636573255043920e+01 7.4208604880547757e-01
1218 5.3772586123567365e+01 7.4396784784788328e-01
1219 5.3220727567799372e+01 7.3633263720155706e-01
1220 5.3406570984894074e+01 7.3890386423413679e-01
1221 5.2942397876597006e+01 7.3248182108346749e-01
1222 5.2925076906481934e+01 7.3224217769288302e-01
1223 5.2747147627145537e+01 7.2978044630594852e-01
1224 5.2418861076196471e+01 7.2523845462591774e-01
1225 5.2528977206089884e+01 7.2676196067381149e-01
1226 5.1992219418505790e+01 7.1933567592851611e-01
1227 5.2201799729150771e+01 7.2223531353016568e-01
1228 5.1694469991009548e+01 7.1521617904839052e-01
1229 5.1756968496569726e+01 7.1608087390551467e-01
1230 5.1492062286651368e+01 7.1241577767187603e-01
1231 5.1265824777659212e+01 7.0928568025977490e-01
1232 5.1293022500023291e+01 7.0966197294778266e-01
1233 5.0827947399866694e+01 7.0322745033516287e-01
1234 5.1007379148199796e+01 7.0570996905457506e-01
1235 5.0505928621229209e+01 6.9877217609637121e-01
1236 5.0605949931446062e+01 7.0015601578617082e-01
1237 5.0289063795567145e+01 6.9577175396210833e-01
1238 5.0137238323310399e+01 6.9367118045456344e-01
1239 5.0103198349562931e+01 6.9320022214968469e-01
1240 4.9691842503780457e+01 6.8750892951623810e-01
1241 4.9858436721121350e+01 6.8981383523630513e-01
1242 4.9343066470083748e+01 6.8268345665216579e-01
1243 4.9506348065939420e+01 6.8494253076816169e-01
1244 4.9103766486622369e+01 6.7937263404682036e-01
1245 4.9069581299182516e+01 6.7889966664537416e-01
1246 4.8921777940218448e+01 6.7685474087928765e-01
1247 4.8624064969104815e+01 6.7273574838956740e-01
1248 4.8713231756197523e+01 6.7396941088332274e-01
1249 4.8248968977631755e+01 6.6754612710426575e-01
1250 4.8414464122621986e+01 6.6983582666539021e-01
1251 4.7979486955186196e+01 6.6381772245190618e-01
1252 4.8020945402097219e+01 6.6439131866043954e-01
1253 4.7788930570762354e+01 6.6118128940240206e-01
1254 4.7587604329734575e+01 6.5839585055613659e-01
1255 4.7606581408975259e+01 6.5865840695929501e-01
1256 4.7192132707744548e+01 6.5292432328347150e-01
1257 4.7360367092677158e+01 6.5525192145784072e-01
1258 4.6888027877484646e+01 6.4871689655549702e-01
1259 4.7020085127005238e+01 6.5054396783476898e-01
1260 4.6675727293481174e+01 6.4577962275179790e-01
1261 4.6614181584244285e+01 6.4492811025916785e-01
1262 4.6504833795088139e+01 6.4341523455000116e-01
1263 4.6209851536670485e+01 6.3933402269524697e-01
1264 4.6304156857146616e+01 6.4063877910316847e-01
1265 4.5871767568792741e+01 6.3465647935753422e-01
1266 4.6023280280039579e+01 6.3675272567622310e-01
1267 4.5626106524095398e+01 6.3125764861683742e-01
1268 4.5661513609631726e+01 6.3174752152651115e-01
1269 4.5448338495252948e+01 6.2879814820281299e-01
1270 4.5266205798706395e+01 6.2627826065340086e-01
1271 4.5278526836363014e+01 6.2644872773578342e-01
1272 4.4902970965244869e+01 6.2125274380932038e-01
1273 4.5055445650273498e+01 6.2336229946675825e-01
1274 4.4618269138476734e+01 6.1731376633755963e-01
1275 4.4751212124735595e+01 6.1915309218188841e-01
1276 4.4415670108227012e+01 6.1451071788151934e-01
1277 4.4386057941484047e+01 6.1410102027256952e-01
1278 4.4255969482844179e+01 6.1230118809820189e-01
1279 4.4014627818572500e+01 6.0896211792308275e-01
1280 4.4079390495738814e+01 6.0985813860993554e-01
1281 4.3693987090428394e+01 6.0452590963096942e-01
1282 4.3838501427646996e+01 6.0652533030596956e-01
1283 4.3453253763276628e+01 6.0119525607276414e-01
1284 4.3524061407222973e+01 6.0217491158639125e-01
1285 4.3280107030555939e+01 5.9879969336339234e-01
1286 4.3168664181225012e+01 5.9725783155700196e-01
1287 4.3128785610279969e+01 5.9670609364108596e-01
1288 4.2826869553902959e+01 5.9252894958152058e-01
1289 4.2944783175071649e+01 5.9416033741864704e-01
1290 4.2545175641845454e+01 5.8863158795893311e-01
1291 4.2693947595395507e+01 5.9068991466556409e-01
1292 4.2338848772398983e+01 5.8577696317554351e-01
1293 4.2380219088962569e+01 5.8634934006119066e-01
1294 4.2185875839666537e+01 5.8366051403764241e-01
1295 4.2041928713317304e+01 5.8166894097943334e-01
1296 4.2039268955611000e+01 5.8163214203857505e-01
1297 4.1729894658966110e+01 5.7735180987962997e-01
1298 4.1851513141615300e+01 5.7903445613709514e-01
1299 4.1480963526841229e+01 5.7390773601262812e-01
1300 4.1599146129436910e+01 5.7554284532844424e-01
1301 4.1300738523396411e+01 5.7141424225294357e-01
1302 4.1294234584272992e+01 5.7132425733793379e-01
1303 4.1162312874092848e+01 5.6949906130623096e-01
1304 4.0976555519253502e+01 5.6692902498355580e-01
1305 4.1020378355000638e+01 5.6753533357214536e-01
1306 4.0692009133050831e+01 5.6299219810173862e-01
1307 4.0834045862735671e+01 5.6495733996521813e-01
1308 4.0469881614299403e+01 5.5991896424808796e-01
1309 4.0587305072107661e+01 5.6154357045526793e-01
1310 4.0309883679326049e+01 5.5770532105323212e-01
1311 4.0296297664875169e+01 5.5751735244951606e-01
1312 4.0183555614135841e+01 5.5595751560890461e-01
1313 3.9999780272013375e+01 5.5341490132116744e-01
1314 4.0048535791616573e+01 5.5408945580338154e-01
1315 3.9739002139598611e+01 5.4980691889137367e-01
1316 3.9869240712376680e+01 5.5160882796217459e-01
1317 3.9538132005209818e+01 5.4702779048503780e-01
1318 3.9634094803309416e+01 5.4835547883931490e-01
1319 3.9394076492824780e+01 5.4503471785740853e-01
1320 3.9360397334814309e+01 5.4456875160008922e-01
1321 3.9279003069498920e+01 5.4344262543136268e-01
1322 3.9084618410925636e+01 5.4075322649189028e-01
1323 3.9153803031583777e+01 5.4171042675034409e-01
1324 3.8844162849541902e+01 5.3742641594767304e-01
1325 3.8986598119811440e+01 5.3939707179890095e-01
1326 3.8660266031799893e+01 5.3488212099025356e-01
1327 3.8767683455215625e+01 5.3636828922356727e-01
1328 3.8529391918105638e+01 5.3307141892581555e-01
1329 3.8513401487120078e+01 5.3285018414087981e-01
1330 3.8425775485329268e+01 5.3163783910287077e-01
1331 3.8257297840507228e+01 5.2930687531882092e-01
1332 3.8313491911353168e+01 5.3008434549392092e-01
1333 3.8033870452714808e+01 5.2621565719395291e-01
1334 3.8162940097189434e+01 5.2800139361737164e-01
1335 3.7863256226947833e+01 5.2385513285420093e-01
1336 3.7964308846990022e+01 5.2525324117801142e-01
1337 3.7743276968118174e+01 5.2219516599352644e-01
1338 3.7731464846160144e+01 5.2203173998809982e-01
1339 3.7651255193077667e+01 5.2092200346095441e-01
1340 3.7494601564100073e+01 5.1875463023958468e-01
1341 3.7554351186709837e+01 5.1958129306812262e-01
1342 3.7285982916019066e+01 5.1586829767084585e-01
1343 3.7424170310765653e+01 5.1778018225889744e-01
1344 3.7125960426113117e+01 5.1365431474748391e-01
1345 3.7249307418503207e+01 5.1536087571250966e-01
1346 3.7015054934974160e+01 5.1211988753270277e-01
1347 3.7039936509765880e+01 5.1246413528017631e-01
1348 3.6934536303810873e+01 5.1100587615522219e-01
1349 3.6822422746817942e+01 5.0945473480749293e-01
1350 3.6854773368852662e+01 5.0990232017369430e-01
1351 3.6627120783001516e+01 5.0675264453853908e-01
1352 3.6748016540133023e+01 5.0842529156430016e-01
1353 3.6475447545715902e+01 5.0465417727010242e-01
1354 3.6600315396079559e+01 5.0638177998734879e-01
1355 3.6371609184069804e+01 5.0321752696170230e-01
1356 3.6417192445624302e+01 5.0384819183094731e-01
1357 3.6301625395548506e+01 5.0224926985740770e-01
1358 3.6220529624654112e+01 5.0112727349288055e-01
1359 3.6239506889992775e+01 5.0138983247078805e-01
1360 3.6038577277066089e+01 4.9860988115220228e-01
1361 3.6158139629956665e+01 5.0026407993221311e-01
1362 3.5894076016983078e+01 4.9661064140523858e-01
1363 3.6040586658053705e+01 4.9863768183944146e-01
1364 3.5795510606168463e+01 4.9524694473668923e-01
1365 3.5886957078222203e+01 4.9651214769439644e-01
1366 3.5734416678043040e+01 4.9440168283837554e-01
1367 3.5713789528269125e+01 4.9411629696927728e-01
1368 3.5689219800243812e+01 4.9377636376169087e-01
1369 3.5546541977782077e+01 4.9180235209209111e-01
1370 3.5634033631566069e+01 4.9301283836516624e-01
1371 3.5408971276056469e+01 4.8989899972859252e-01
1372 3.5549124808936547e+01 4.9183808671960055e-01
1373 3.5314003411057605e+01 4.8858507672002538e-01
1374 3.5428804990008672e+01 4.9017340805721454e-01
1375 3.5259317381972657e+01 4.8782847097909665e-01
1376 3.5283341060770475e+01 4.8816084935069909e-01
1377 3.5228755920662664e+01 4.8740563945402116e-01
1378 3.5134218325417876e+01 4.8609766942049226e-01
1379 3.5198803943905794e+01 4.8699124042111264e-01
1380 3.5005207839294798e+01 4.8431275147940162e-01
1381 3.5147800089361112e+01 4.8628557921652860e-01
1382 3.4913224075604674e+01 4.8304011485091153e-01
1383 3.5064395334156593e+01 4.8513163701841311e-01
1384 3.4862385456119426e+01 4.8233673974748836e-01
1385 3.4951786966466223e+01 4.8357364974274530e-01
1386 3.4843002873821547e+01 4.8206857302765177e-01
1387 3.4825993605843244e+01 4.8183324217593843e-01
1388 3.4835510697844505e+01 4.8196491541251441e-01
1389 3.4709176813721022e+01 4.8021702946063494e-01
1390 3.4817916812687479e+01 4.8172149611991283e-01
1391 3.4621085382354032e+01 4.7899824499567845e-01
1392 3.4774140705394011e+01 4.8111583404043912e-01
1393 3.4572010315670575e+01 4.7831926943628122e-01
1394 3.4700040324733550e+01 4.8009062203746811e-01
1395 3.4559523506292471e+01 4.7814650882777776e-01
1396 3.4604680768218152e+01 4.7877127980108281e-01
1397 3.4569748270376628e+01 4.7828797302503545e-01
1398 3.4506460415940438e+01 4.7741235717216196e-01
1399 3.4582562427624964e+01 4.7846526263815026e-01
1400 3.4425963216708617e+01 4.7629864231506613e-01
1401 3.4578985162241686e+01 4.7841576956704779e-01
1402 3.4378527026360743e+01 4.7564234134486333e-01
1403 3.4548137504219369e+01 4.7798897838208831e-01
1404 3.4369150109760895e+01 4.7551260749783936e-01
1405 3.4491109725303360e+01 4.7719997348189269e-01
1406 3.4391161444443490e+01 4.7581714418600313e-01
1407 3.4420231959463251e+01 4.7621934780041331e-01
1408 3.4428823003041458e+01 4.7633820874169214e-01
1409 3.4354220380822412e+01 4.7530604800148579e-01
1410 3.4462956735979006e+01 4.7681046424701984e-01
1411 3.4311335482955130e+01 4.7471271620416100e-01
1412 3.4477759966187982e+01 4.7701527357671175e-01
1413 3.4303171352810772e+01 4.7459976180172458e-01
1414 3.4466406093235562e+01 4.7685818765181798e-01
1415 3.4331055622553741e+01 4.7498555318065910e-01
1416 3.4433313148646633e+01 4.7640033192012232e-01
1417 3.4385946885628236e+01 4.7574499842588763e-01
1418 3.4392265083449239e+01 4.7583241352666716e-01
1419 3.4451683544088759e+01 4.7665449458080944e-01
1420 3.4361299327536848e+01 4.7540398840442766e-01
1421 3.4510547967824884e+01 4.7746891028588889e-01
1422 3.4356456010067689e+01 4.7533697893484972e-01
1423 3.4549358966760529e+01 4.7800587786421267e-01
1424 3.4386595365907951e+01 4.7575397044142287e-01
1425 3.4563958276576180e+01 4.7820786586379771e-01
1426 3.4450771855484703e+01 4.7664188096004906e-01
1427 3.4560393484337283e+01 4.7815854536424235e-01
1428 3.4538661695925690e+01 4.7785787632412391e-01
1429 3.4552283140172648e+01 4.7804633511496025e-01
1430 3.4633553294269866e+01 4.7917074414931526e-01
1431 3.4555091010356414e+01 4.7808518325837762e-01
1432 3.4716335406101472e+01 4.8031607179708991e-01
1433 3.4578417746504847e+01 4.7840791911582342e-01
1434 3.4767649359124185e+01 4.8102602335320715e-01
1435 3.4616513355585653e+01 4.7893498895462888e-01
1436 3.4764204553304907e+01 4.8097836291958518e-01
1437 3.4635592060420585e+01 4.7919895139346624e-01
1438 3.4665272190003321e+01 4.7960958929878800e-01
1439 3.4556289748394292e+01 4.7810176833680634e-01
1440 3.4389146605422432e+01 4.7578926798442317e-01
1441 3.4235175629781800e+01 4.7365901047523118e-01
1442 3.3791464923504755e+01 4.6752007383459010e-01
1443 3.3465894848242918e+01 4.6301566581412362e-01
1444 3.2679664085124507e+01 4.5213781055522168e-01
1445 3.2042508551789830e+01 4.4332247796567348e-01
1446 3.0911446252091828e+01 4.2767372372955542e-01
1447 2.9915138699104244e+01 4.1388936185624942e-01
1448 2.8575041523061095e+01 3.9534851634666573e-01
1449 2.7368862328539972e+01 3.7866048617819514e-01
1450 2.6120167122530841e+01 3.6138422792091512e-01
1451 2.5043732201807348e+01 3.4649126797514129e-01
1452 2.4263141729046893e+01 3.3569144866320316e-01
1453 2.3697148598259531e+01 3.2786067983164779e-01
1454 2.3667317718307292e+01 3.2744795622734729e-01
1455 2.3822850038416128e+01 3.2959981563757279e-01
1456 2.4532566808313280e+01 3.3941906548113804e-01
1457 2.5224353550148283e+01 3.4899024534423778e-01
1458 2.6152037569418241e+01 3.6182516984857849e-01
1459 2.6668986105979176e+01 3.6897738472084762e-01
1460 2.6908450613010665e+01 3.7229048358358002e-01
1461 2.6559073914674808e+01 3.6745670025480670e-01
1462 2.5825771621013622e+01 3.5731113411105891e-01
1463 2.4981783259022905e+01 3.4563417656551693e-01
1464 2.4163097381125791e+01 3.3430729023643213e-01
1465 2.3871136157961686e+01 3.3026787575944760e-01
1466 2.3849596930193307e+01 3.2996987088219804e-01
1467 2.4457746787429379e+01 3.3838389693289267e-01
1468 2.5001203806011429e+01 3.4590286854387708e-01
1469 2.5616857292883033e+01 3.5442071067621167e-01
1470 2.5572161704540012e+01 3.5380232716399895e-01
1471 2.5186331642403378e+01 3.4846419519647204e-01
1472 2.4386224035896067e+01 3.3739434758504988e-01
1473 2.3712809026948989e+01 3.2807734888679974e-01
1474 2.3429187827854708e+01 3.2415332238360489e-01
1475 2.3568634124833178e+01 3.2608262444869490e-01
1476 2.4172551408443624e+01 3.3443809094482618e-01
1477 2.4589987740105851e+01 3.4021350982772330e-01
1478 2.4820593974594065e+01 3.4340405051658390e-01
1479 2.4306247769399068e+01 3.3628784006599638e-01
1480 2.3717368314603963e+01 3.2814042867650145e-01
1481 2.3052744519173274e+01 3.1894506036040793e-01
1482 2.2994726919340369e+01 3.1814236084385877e-01
1483 2.3280871185676101e+01 3.2210129511402036e-01
1484 2.3812903928790842e+01 3.2946220674973953e-01
1485 2.4066555857166453e+01 3.3297159495030743e-01
1486 2.3759773019177672e+01 3.2872711678422667e-01
1487 2.3191353821809614e+01 3.2086278223335424e-01
1488 2.2565551824776691e+01 3.1220453091098682e-01
1489 2.2554514755919083e+01 3.1205182811284216e-01
1490 2.2792420339767705e+01 3.1534335857410972e-01
1491 2.3348156936345077e+01 3.2303222365446649e-01
1492 2.3337309027759034e+01 3.2288213797352372e-01
1493 2.3017618697184744e+01 3.1845907885807434e-01
1494 2.2336152637762314e+01 3.0903069026532853e-01
1495 2.2049276992767872e+01 3.0506163704337558e-01
1496 2.2182151610206148e+01 3.0690001697440589e-01
1497 2.2603659142933218e+01 3.1273176275010683e-01
1498 2.2855801672924233e+01 3.1622026774700746e-01
1499 2.2518077203723202e+01 3.1154769823473438e-01
1500 2.2017531004208760e+01 3.0462241705250787e-01
1501 2.1556190169832973e+01 2.9823955968191035e-01
1502 2.1755003011783739e+01 3.0099022452460067e-01
1503 2.2053031717622012e+01 3.0511358534585403e-01
1504 2.2339956066424957e+01 3.0908331240684295e-01
1505 2.1958410001839241e+01 3.0380445146695118e-01
1506 2.1475313582627408e+01 2.9712059582202943e-01
1507 2.1143525072904382e+01 2.9253015297161367e-01
1508 2.1341428190894980e+01 2.9526823137527297e-01
1509 2.1716539250670952e+01 3.0045806113730406e-01
1510 2.1732284921269475e+01 3.0067590955250184e-01
1511 2.1371568357836562e+01 2.9568523410379671e-01
1512 2.0820375057538818e+01 2.8805922756529106e-01
1513 2.0816725653192513e+01 2.8800873641927832e-01
1514 2.1029264263607491e+01 2.9094930342514358e-01
1515 2.1371644204919907e+01 2.9568628348221476e-01
1516 2.1066243654498479e+01 2.9146092988463118e-01
1517 2.0653008426760003e+01 2.8574363515885676e-01
1518 2.0320901439432355e+01 2.8114878602793303e-01
1519 2.0554417592519364e+01 2.8437958674580510e-01
1520 2.0834654033155061e+01 2.8825678359754653e-01
1521 2.0773390648580246e+01 2.8740917719324854e-01
1522 2.0342698586692048e+01 2.8145035933703055e-01
1523 1.9960037200150314e+01 2.7615606741761761e-01
1524 2.0115680277757789e+01 2.7830945920751526e-01
1525 2.0349931074887106e+01 2.8155042405522540e-01
1526 2.0433851512503164e+01 2.8271150095080561e-01
1527 1.9938952675670272e+01 2.7586435356431199e-01
1528 1.9664807981683243e+01 2.7207143875980982e-01
1529 1.9656128692320042e+01 2.7195135689851435e-01
1530 2.0013823070366303e+01 2.7690021905684253e-01
1531 1.9962579602642819e+01 2.7619124269645512e-01
1532 1.9596947157221368e+01 2.7113255381549883e-01
1533 1.9256201163378918e+01 2.6641818015455548e-01
1534 1.9337693776602801e+01 2.6754566701070837e-01
1535 1.9639949634825207e+01 2.7172751238121740e-01
1536 1.9531763343902977e+01 2.7023070652108822e-01
1537 1.9188424709632294e+01 2.6548046251693308e-01
1538 1.8853852485280107e+01 2.6085150572603244e-01
1539 1.9090677307792266e+01 2.6412808336945193e-01
1540 1.9229734510650111e+01 2.6605200214286118e-01
1541 1.9149504725803975e+01 2.6494198708373573e-01
1542 1.8668560674179457e+01 2.5828791040979437e-01
1543 1.8589821783860813e+01 2.5719852254517356e-01
1544 1.8766836246949062e+01 2.5964759703898882e-01
1545 1.8916776295994410e+01 2.6172208487072773e-01
1546 1.8619861638199609e+01 2.5761413740384409e-01
1547 1.8260448334239459e+01 2.5264149313450074e-01
1548 1.8312319257011172e+01 2.5335915061691522e-01
1549 1.8504756815875627e+01 2.5602161055857575e-01
1550 1.8513007979439013e+01 2.5613576910740188e-01
1551 1.8072422570987541e+01 2.5004007236397963e-01
1552 1.7947500101649023e+01 2.4831171396871754e-01
1553 1.8048291446300510e+01 2.4970620743030683e-01
1554 1.8258823422977535e+01 2.5261901175836421e-01
1555 1.7942114502488653e+01 2.4823720178870998e-01
1556 1.7663509175126485e+01 2.4438257212071743e-01
1557 1.7648854352491192e+01 2.4417981607637324e-01
1558 1.7884852674774173e+01 2.4744495871840863e-01
1559 1.7795017569919121e+01 2.4620204974864812e-01
1560 1.7426509466218068e+01 2.4110357484556327e-01
1561 1.7325333998353909e+01 2.3970376686703437e-01
1562 1.7472814682844582e+01 2.4174422828705097e-01
1563 1.7586029533513369e+01 2.4331060652675332e-01
1564 1.7215762585984855e+01 2.3818779723041444e-01
1565 1.7045449840332459e+01 2.3583144400327175e-01
1566 1.7092096368796696e+01 2.3647681964712428e-01
1567 1.7304719291935147e+01 2.3941855315733593e-01
1568 1.7021056320826617e+01 2.3549394871958773e-01
1569 1.6774577359035469e+01 2.3208380172903462e-01
1570 1.6767837157116560e+01 2.3199054801227739e-01
1571 1.6973550717515415e+01 2.3483668738990324e-01
1572 1.6827610801793153e+01 2.3281754319688464e-01
1573 1.6502919466111337e+01 2.2832529293265225e-01
1574 1.6484778734679381e+01 2.2807430777655793e-01
1575 1.6633527349601817e+01 2.3013231158280775e-01
1576 1.6613532493187034e+01 2.2985567377593807e-01
1577 1.6241330373634739e+01 2.2470609050665993e-01
1578 1.6211664368145435e+01 2.2429564801450597e-01
1579 1.6320712223361806e+01 2.2580437400308537e-01
1580 1.6362722859019030e+01 2.2638560999059776e-01
1581 1.6000355637688706e+01 2.2137209694950594e-01
1582 1.5928074730792375e+01 2.2037205818215735e-01
1583 1.6048023347512423e+01 2.2203160109550135e-01
1584 1.6078531611516730e+01 2.2245369661199188e-01
1585 1.5774543396095522e+01 2.1824788330261649e-01
1586 1.5637196409696351e+01 2.1634762614100306e-01
1587 1.5803206448136736e+01 2.1864444948395750e-01
1588 1.5782777772302294e+01 2.1836180959083415e-01
1589 1.5543758938886398e+01 2.1505487682247321e-01
1590 1.5358326312291027e+01 2.1248933326070510e-01
1591 1.5562470437666844e+01 2.1531375880084239e-01
1592 1.5499842253039528e+01 2.1444726977565892e-01
1593 1.5288310954907345e+01 2.1152063938703983e-01
1594 1.5108575853411349e+01 2.0903392364055479e-01
1595 1.5309577977695769e+01 2.1181487818629857e-01
1596 1.5239414078843987e+01 2.1084412917479625e-01
1597 1.5004740607613456e+01 2.0759731644131210e-01
1598 1.4889469192297778e+01 2.0600248470728103e-01
1599 1.5046470750928520e+01 2.0817467169146039e-01
1600 1.4990867876553512e+01 2.0740538098470748e-01
1601 1.4709212291543643e+01 2.0350854963401499e-01
1602 1.4687131442882485e+01 2.0320305118877849e-01
1603 1.4787942453361859e+01 2.0459781673591737e-01
1604 1.4732243877601428e+01 2.0382720195757181e-01
1605 1.4426553477323592e+01 1.9959783815721732e-01
1606 1.4483869701443899e+01 2.0039083382619191e-01
1607 1.4546109112303702e+01 2.0125194399192362e-01
1608 1.4447104875046113e+01 1.9988217596270719e-01
1609 1.4174917059208756e+01 1.9611633544513193e-01
1610 1.4271207810317488e+01 1.9744856117638837e-01
1611 1.4317831313883529e+01 1.9809361826044694e-01
1612 1.4137526838267844e+01 1.9559902496763240e-01
1613 1.3957325528175923e+01 1.9310585901611241e-01
1614 1.4053493696438812e+01 1.9443638875871405e-01
1615 1.4084372035889288e+01 1.9486360443499373e-01
1616 1.3824419207998025e+01 1.9126704046345966e-01
1617 1.3763855671157314e+01 1.9042911676646843e-01
1618 1.3839234849581809e+01 1.9147202151008896e-01
1619 1.3823643749794750e+01 1.9125631165139806e-01
1620 1.3536167553143429e+01 1.8727894952790439e-01
1621 1.3580318177895752e+01 1.8788979322440513e-01
1622 1.3628370691397011e+01 1.8855462130187686e-01
1623 1.3527424400620017e+01 1.8715798409114259e-01
1624 1.3294140746498417e+01 1.8393040010074063e-01
1625 1.3395429310336530e+01 1.8533177281279656e-01
1626 1.3407356135083027e+01 1.8549678578274970e-01
1627 1.3211925184000554e+01 1.8279291091711494e-01
1628 1.3102766678476929e+01 1.8128265403190424e-01
1629 1.3200927086858993e+01 1.8264074731014193e-01
1630 1.3157856303278441e+01 1.8204484370059801e-01
1631 1.2913259072030845e+01 1.7866073129613491e-01
1632 1.2946786367585631e+01 1.7912459646826434e-01
1633 1.2987479865651713e+01 1.7968760926642241e-01
1634 1.2874348140142255e+01 1.7812238110058382e-01
1635 1.2668726019376509e+01 1.7527750683129584e-01
1636 1.2795216636969050e+01 1.7702756126101998e-01
1637 1.2745646067960163e+01 1.7634173020470087e-01
1638 1.2577177843530947e+01 1.7401089675601117e-01
1639 1.2493370224463497e+01 1.7285138075565390e-01
1640 1.2611752574675201e+01 1.7448925366933130e-01
1641 1.2476098571308944e+01 1.7261241968733851e-01
1642 1.2307096530537867e+01 1.7027420065012447e-01
1643 1.2364281025434551e+01 1.7106537378620518e-01
1644 1.2371979156647377e+01 1.7117188088440755e-01
1645 1.2199777458496055e+01 1.6878939315218294e-01
1646 1.2098972968617643e+01 1.6739471782048307e-01
1647 1.2225095286133676e+01 1.6913967665345367e-01
1648 1.2083176331079352e+01 1.6717616425481321e-01
1649 1.1952628966398613e+01 1.6536998290953522e-01
1650 1.1950293147419263e+01 1.6533766580626189e-01
1651 1.2018436373065716e+01 1.6628045789762802e-01
1652 1.1790839142418058e+01 1.6313154812654182e-01
1653 1.1760525226757565e+01 1.6271214150655977e-01
1654 1.1811343570062540e+01 1.6341523607993433e-01
1655 1.1733342797518539e+01 1.6233606040579654e-01
1656 1.1554368180886264e+01 1.5985986630850435e-01
1657 1.1609879047267430e+01 1.6062788404339376e-01
1658 1.1618404312950046e+01 1.6074583491798350e-01
1659 1.1426347359384183e+01 1.5808864082134338e-01
1660 1.1399243792718943e+01 1.5771365081966104e-01
1661 1.1445010841263437e+01 1.5834685846434737e-01
1662 1.1355251097242197e+01 1.5710499214552454e-01
1663 1.1181681756026220e+01 1.5470358245806615e-01
1664 1.1282562595735826e+01 1.5609931412392605e-01
1665 1.1215272060718997e+01 1.5516831938988140e-01
1666 1.1079271638434900e+01 1.5328669254677971e-01
1667 1.1033593436098265e+01 1.5265471412922965e-01
1668 1.1116075610069220e+01 1.5379589200216986e-01
1669 1.0939589863108703e+01 1.5135413253312888e-01
1670 1.0867032971797647e+01 1.5035027539761422e-01
1671 1.0922548292209502e+01 1.5111835475601598e-01
1672 1.0853888736262371e+01 1.5016841900334832e-01
1673 1.0701617802447030e+01 1.4806168233533568e-01
1674 1.0726182901390930e+01 1.4840155149750442e-01
1675 1.0747222489519931e+01 1.4869264363623788e-01
1676 1.0559362635381646e+01 1.4609351829271972e-01
1677 1.0554970745031717e+01 1.4603275451981670e-01
1678 1.0575207595167115e+01 1.4631274041835346e-01
1679 1.0485211137845052e+01 1.4506759906483979e-01
1680 1.0343899004115283e+01 1.4311248231140450e-01
1681 1.0443452923241095e+01 1.4448985543581877e-01
1682 1.0343097821891893e+01 1.4310139759598650e-01
1683 1.0229813548525341e+01 1.4153405886212214e-01
1684 1.0228639907338392e+01 1.4151782100988283e-01
1685 1.0253768195380802e+01 1.4186548214583886e-01
1686 1.0081016941714742e+01 1.3947539106657358e-01
1687 1.0064955416729669e+01 1.3925317266426648e-01
1688 1.0105548199895406e+01 1.3981479202660424e-01
1689 9.9739052312969481e+00 1.3799345250970907e-01
1690 9.9003559529909122e+00 1.3697586525499966e-01
1691 9.9400285324264406e+00 1.3752475318598739e-01
1692 9.8823926160060651e+00 1.3672733443064852e-01
1693 9.7290184777018549e+00 1.3460533443370776e-01
1694 9.7998284507865403e+00 1.3558502217200852e-01
1695 9.7394007542972485e+00 1.3474897788720816e-01
1696 9.6283905548669448e+00 1.3321310198625105e-01
1697 9.5985485638079275e+00 1.3280022465480459e-01
1698 9.6467962560385452e+00 1.3346775311754125e-01
1699 9.4793852717537384e+00 1.3115154706045754e-01
1700 9.4623932824746149e+00 1.3091645526729745e-01
1701 9.4860598525310778e+00 1.3124389287928784e-01
1702 9.3864852043797047e+00 1.2986623295950728e-01
1703 9.2961959566960264e+00 1.2861704072001426e-01
1704 9.3460982355534963e+00 1.2930746113087160e-01
1705 9.2750466368705506e+00 1.2832443039404168e-01
1706 9.1495411305037795e+00 1.2658800541998183e-01
1707 9.2047746612029844e+00 1.2735218609131685e-01
1708 9.1448631126774824e+00 1.2652328294510537e-01
1709 9.0406918893814989e+00 1.2508202734647930e-01
1710 9.0254276693413349e+00 1.2487084001570334e-01
1711 9.0538176827066010e+00 1.2526362858449550e-01
1712 8.8894029775290431e+00 1.2298887739279335e-01
1713 8.9050928851131683e+00 1.2320595430167532e-01
1714 8.8973479379613547e+00 1.2309879948395855e-01
1715 8.8028611960703991e+00 1.2179153302938935e-01
1716 8.7328211421362596e+00 1.2082249746787126e-01
1717 8.7888978742888035e+00 1.2159834420951765e-01
1718 8.6718090856165109e+00 1.1997836829994424e-01
1719 8.6068508095846816e+00 1.1907964141505431e-01
1720 8.6450851871462842e+00 1.1960863117803396e-01
1721 8.5632285704988362e+00 1.1847610817124817e-01
1722 8.4766398306149995e+00 1.1727811411696917e-01
1723 8.4996289194138424e+00 1.1759617847188707e-01
1724 8.4635164294555878e+00 1.1709654597563827e-01
1725 8.3326176034205037e+00 1.1528550200488058e-01
1726 8.3832282023490361e+00 1.1598572234162667e-01
1727 8.3253306671521905e+00 1.1518468397317044e-01
1728 8.2366040127926716e+00 1.1395711091319326e-01
1729 8.2201282784798693e+00 1.1372916173905009e-01
1730 8.2358434692816989e+00 1.1394658845258940e-01
1731 8.0932725102144936e+00 1.1197405528598482e-01
1732 8.1098755776726019e+00 1.1220376617130652e-01
1733 8.0965264235751171e+00 1.1201907463681954e-01
1734 7.9959016610899623e+00 1.1062688591421921e-01
1735 7.9656133022720610e+00 1.1020783288461752e-01
1736 7.9858951209133036e+00 1.1048844094260254e-01
1737 7.8789765610831308e+00 1.0900917471075236e-01
1738 7.8367296007849045e+00 1.0842466906583209e-01
1739 7.8714034555839190e+00 1.0890439739937614e-01
1740 7.7572185014637460e+00 1.0732459734329956e-01
1741 7.7266749937472312e+00 1.0690201421424263e-01
1742 7.7327211362969406e+00 1.0698566530831782e-01
1743 7.6674840118123795e+00 1.0608308043001137e-01
1744 7.5817260763297964e+00 1.0489658092726767e-01
1745 7.6375921036873793e+00 1.0566951247356754e-01
1746 7.5319110569578207e+00 1.0420736779053096e-01
1747 7.4876776104410769e+00 1.0359537821777107e-01
1748 7.4945094925700255e+00 1.0368990037135588e-01
1749 7.4438386258057880e+00 1.0298884620207063e-01
1750 7.3521065894711377e+00 1.0171969233445177e-01
1751 7.3925181320619435e+00 1.0227880415214280e-01
1752 7.3217714570638348e+00 1.0129999217126118e-01
1753 7.2458377621806145e+00 1.0024941544371473e-01
1754 7.2722378270989463e+00 1.0061467218318419e-01
1755 7.2119783337763419e+00 9.9780955064639784e-02
1756 7.1381757314074434e+00 9.8759862957896238e-02
1757 7.1485013864461617e+00 9.8902723026763326e-02
1758 7.1153093305438970e+00 9.8443496045592868e-02
1759 7.0118668388795431e+00 9.7012322775951246e-02
1760 7.0537084827474192e+00 9.7591220686259444e-02
1761 6.9865706592082333e+00 9.6662338784004279e-02
1762 6.9238768064429310e+00 9.5794941210677387e-02
1763 6.9204137344647263e+00 9.5747028056553704e-02
1764 6.9001946300861592e+00 9.5467287678522278e-02
1765 6.7954180453937925e+00 9.4017656633452129e-02
1766 6.8298349504062150e+00 9.4493829951447991e-02
1767 6.7758984789943248e+00 9.3747594677128052e-02
1768 6.7026183488641342e+00 9.2733731208153536e-02
1769 6.7113949443735761e+00 9.2855159343627369e-02
1770 6.6763572968897584e+00 9.2370397775115715e-02
1771 6.5938548346604664e+00 9.1228939205021453e-02
1772 6.6048068401704851e+00 9.1380465113598416e-02
1773 6.5743712108145225e+00 9.0959374530046821e-02
1774 6.4819563032433516e+00 8.9680772832579803e-02
1775 6.5116134739958831e+00 9.0091093092187838e-02
1776 6.4550825961431704e+00 8.9308963041079853e-02
1777 6.3954126968537173e+00 8.8483403220437004e-02
1778 6.3904092396662966e+00 8.8414178146028824e-02
1779 6.3701151901391455e+00 8.8133400868251291e-02
1780 6.2735902162038961e+00 8.6797934559133108e-02
1781 6.3095236319941872e+00 8.7295089483947277e-02
1782 6.2464832597497555e+00 8.6422897658200895e-02
1783 6.1917143750762431e+00 8.5665145573040835e-02
1784 6.1929096174123615e+00 8.5681682286867747e-02
1785 6.1579633379637997e+00 8.5198184836105528e-02
1786 6.0810790651328830e+00 8.4134456436286240e-02
1787 6.1032117118303360e+00 8.4440671530588082e-02
1788 6.0498791772969698e+00 8.3702791993868694e-02
1789 5.9860118149128976e+00 8.2819158388607247e-02
1790 6.0069387544349206e+00 8.3108691983336452e-02
1791 5.9441913436338467e+00 8.2240553410562064e-02
1792 5.8975864919198537e+00 8.1595754383242583e-02
1793 5.9004470725975864e+00 8.1635331799986458e-02
1794 5.8560069569318225e+00 8.1020482866851748e-02
1795 5.7890027590096533e+00 8.0093449734943631e-02
1796 5.8211146987564009e+00 8.0537732824633793e-02
1797 5.7392995507729934e+00 7.9405783555415083e-02
1798 5.7140544259254300e+00 7.9056505929854484e-02
1799 5.7088565854555302e+00 7.8984591475545707e-02
1800 5.6574242001731854e+00 7.8273001355995575e-02
1801 5.6078687700443659e+00 7.7587379752872498e-02
1802 5.6286166028021851e+00 7.7874435325183483e-02
1803 5.5479981363390518e+00 7.6759042681550010e-02
1804 5.5285112246290433e+00 7.6489432517501330e-02
1805 5.5275156720122061e+00 7.6475658600508284e-02
1806 5.4563879691447905e+00 7.5491574928150881e-02
1807 5.4399375543799389e+00 7.5263976061310300e-02
1808 5.4321437211223618e+00 7.5156144882393208e-02
1809 5.3665093389330716e+00 7.4248063765558273e-02
1810 5.3469845693027276e+00 7.3977929820201196e-02
1811 5.3478319872393580e+00 7.3989654227450158e-02
1812 5.2628105624687489e+00 7.2813344680756661e-02
1813 5.2757375004364251e+00 7.2992194665709498e-02
1814 5.2394026881095472e+00 7.2489486239771680e-02
1815 5.1883928062319731e+00 7.1783741644333654e-02
1816 5.1758474930367457e+00 7.1610171609279294e-02
1817 5.1619419863354086e+00 7.1417782686975004e-02
1818 5.0853787761391969e+00 7.0358496332714349e-02
1819 5.1072145861300315e+00 7.0660604558038784e-02
1820 5.0553274720043868e+00 6.9942723060980289e-02
1821 5.0121212204792354e+00 6.9344945191660873e-02
1822 5.0141650609722186e+00 6.9373222641613053e-02
1823 4.9704989343655459e+00 6.8769082194271219e-02
1824 4.9247278086254305e+00 6.8135818139754709e-02
1825 4.9331169403926189e+00 6.8251885540563842e-02
1826 4.8790914215164056e+00 6.7504418254634185e-02
1827 4.8424964885142741e+00 6.6998110942481287e-02
1828 4.8534394467808175e+00 6.7149511678386786e-02
1829 4.7828288518364186e+00 6.6172582426084758e-02
1830 4.7736743996369428e+00 6.6045926473822764e-02
1831 4.7574920723485228e+00 6.5822036717464935e-02
1832 4.7076429732929546e+00 6.5132352073019817e-02
1833 4.6845762554725132e+00 6.4813213685768867e-02
1834 4.6847764885153760e+00 6.4815983999728183e-02
1835 4.6098349600039539e+00 6.3779134338955823e-02
1836 4.6227961824978649e+00 6.3958458665706888e-02
1837 4.5848177361410229e+00 6.3433009825738920e-02
1838 4.5410261915591796e+00 6.2827134164456386e-02
1839 4.5366362688081958e+00 6.2766397614167302e-02
1840 4.5072611038825752e+00 6.2359979031663751e-02
1841 4.4560734628007781e+00 6.1651775057904264e-02
1842 4.4661705702806431e+00 6.1791473068783298e-02
1843 4.4174837429708971e+00 6.1117868975259920e-02
1844 4.3832067611999790e+00 6.0643631558070600e-02
1845 4.3895034479102462e+00 6.0730749042984658e-02
1846 4.3302262101775320e+00 5.9910621871101320e-02
1847 4.3166088013622561e+00 5.9722218912272348e-02
1848 4.3035324129183543e+00 5.9541301212947324e-02
1849 4.2569060903146001e+00 5.8896205126237576e-02
1850 4.2369152008690554e+00 5.8619622204166652e-02
1851 4.2337155910196556e+00 5.8575354166766687e-02
1852 4.1670280528437926e+00 5.7652702164481345e-02
1853 4.1799527257953892e+00 5.7831520811920785e-02
1854 4.1394281787105101e+00 5.7270845526367908e-02
1855 4.1051109725513486e+00 5.6796051586725238e-02
1856 4.0981282684559801e+00 5.6699442743586244e-02
1857 4.0687852882047570e+00 5.6293469450488895e-02
1858 4.0248711753009765e+00 5.5685898001496308e-02
1859 4.0351937145498100e+00 5.5828714962012811e-02
1860 3.9812090424829196e+00 5.5081812810011316e-02
1861 3.9633526327400426e+00 5.4834761372013326e-02
1862 3.9574056403145885e+00 5.4752482064379403e-02
1863 3.9057185001008814e+00 5.4037367296087643e-02
1864 3.8982607177668136e+00 5.3934185532427542e-02
1865 3.8795841545169214e+00 5.3675786902793336e-02
1866 3.8356037886112344e+00 5.3067298813802649e-02
1867 3.8285122160072773e+00 5.2969183726016111e-02
1868 3.8087006097115790e+00 5.2695081266737887e-02
1869 3.7586835885242222e+00 5.2003073344280698e-02
1870 3.7716699630495669e+00 5.2182745660668196e-02
1871 3.7217848119633490e+00 5.1492562220208475e-02
1872 3.7039343556432192e+00 5.1245593150484506e-02
1873 3.6930053083669439e+00 5.1094384879368925e-02
1874 3.6569689000406389e+00 5.0595805006623348e-02
1875 3.6318663924546946e+00 5.0248500554845921e-02
1876 3.6317974573264902e+00 5.0247546806427471e-02
1877 3.5764503080428187e+00 4.9481794171014573e-02
1878 3.5790898253208758e+00 4.9518313076469506e-02
1879 3.5520008424498370e+00 4.9143524848121262e-02
1880 3.5147624554496271e+00 4.8628315061294017e-02
1881 3.5138527527127179e+00 4.8615728915896356e-02
1882 3.4807855948698352e+00 4.8158229955398459e-02
1883 3.4516023229274131e+00 4.7754466298387963e-02
1884 3.4493604929040242e+00 4.7723449574477592e-02
1885 3.4108919915937159e+00 4.7191220604422157e-02
1886 3.3890236774995022e+00 4.6888662670248271e-02
1887 3.3876595702001118e+00 4.6869789633912827e-02
1888 3.3360290378674233e+00 4.6155458061045512e-02
1889 3.3391569969389576e+00 4.6198734777795902e-02
1890 3.3101654249323182e+00 4.5797623375380889e-02
1891 3.2809771970807575e+00 4.5393791151144565e-02
1892 3.2719692464395558e+00 4.5269162113652214e-02
1893 3.2494321535426001e+00 4.4957351324772424e-02
1894 3.2127270009627376e+00 4.4449519075324406e-02
1895 3.2204843243486310e+00 4.4556845123790836e-02
1896 3.1723406851942908e+00 4.3890756282035807e-02
1897 3.1652318156351864e+00 4.3792401883116533e-02
1898 3.1494590349753504e+00 4.3574178388060714e-02
1899 3.1137709317850617e+00 4.3080417473098591e-02
1900 3.1061630543115410e+00 4.2975159075861399e-02
1901 3.0868079620928937e+00 4.2707372693601212e-02
1902 3.0518309780450150e+00 4.2223450430935380e-02
1903 3.0517294103955850e+00 4.2222045196948985e-02
1904 3.0203214144262103e+00 4.1787501485161430e-02
1905 2.9955237549136209e+00 4.1444414743213566e-02
1906 2.9958570908400399e+00 4.1449026595268043e-02
1907 2.9521766146398241e+00 4.0844687614863255e-02
1908 2.9486612157416916e+00 4.0796050494331978e-02
1909 2.9279615206911664e+00 4.0509660928792796e-02
1910 2.8990938077686095e+00 4.0110263172361056e-02
1911 2.8897312520050198e+00 3.9980728013948044e-02
1912 2.8717343672507356e+00 3.9731733041159428e-02
1913 2.8369238604794464e+00 3.9250114066285917e-02
1914 2.8434083570890767e+00 3.9339829985396771e-02
1915 2.8012529012656748e+00 3.8756590345928564e-02
1916 2.7938983178715229e+00 3.8654836385890422e-02
1917 2.7787571022365376e+00 3.8445350876231743e-02
1918 2.7483731185555289e+00 3.8024974833757968e-02
1919 2.7396030408719345e+00 3.7903636875328203e-02
1920 2.7227299013211441e+00 3.7670189421467756e-02
1921 2.6911244154764118e+00 3.7232913348673728e-02
1922 2.6914961110044504e+00 3.7238055923022186e-02
1923 2.6606578899287592e+00 3.6811395302452109e-02
1924 2.6423195426691382e+00 3.6557676042744645e-02
1925 2.6383114733024144e+00 3.6502222605300998e-02
1926 2.6010288274468896e+00 3.5986400477358869e-02
1927 2.5986062040666313e+00 3.5952882396264263e-02
1928 2.5771105810620911e+00 3.5655480810480603e-02
1929 2.5530733923891007e+00 3.5322915523695549e-02
1930 2.5455733329017387e+00 3.5219148836656888e-02
1931 2.5248244003595737e+00 3.4932078048336181e-02
1932 2.4990982767899950e+00 3.4576145589712254e-02
1933 2.5014022312265403e+00 3.4608021832743550e-02
1934 2.4620935351430746e+00 3.4064168391145636e-02
1935 2.4612654798967686e+00 3.4052711875402132e-02
1936 2.4402341174893203e+00 3.3761733543215863e-02
1937 2.4174547604476344e+00 3.3446570921230052e-02
1938 2.4101416205691137e+00 3.3345390350819487e-02
1939 2.3898550713569851e+00 3.3064716843264438e-02
1940 2.3669454718293714e+00 3.2747752258067642e-02
1941 2.3657671813018908e+00 3.2731450080116693e-02
1942 2.3329947070242194e+00 3.2278028198919062e-02
1943 2.3264654982098754e+00 3.2187693666401056e-02
1944 2.3124296109057583e+00 3.1993500869977175e-02
1945 2.2845119831577283e+00 3.1607247968080433e-02
1946 2.2838755686535293e+00 3.1598442887961355e-02
1947 2.2576917962101803e+00 3.1236178651897779e-02
1948 2.2430228267319978e+00 3.1033226879636881e-02
1949 2.2345639747371804e+00 3.0916194868206619e-02
1950 2.2101161638082307e+00 3.0577948438332364e-02
1951 2.1979574388471566e+00 3.0409727024895448e-02
1952 2.1895251122865411e+00 3.0293062004744929e-02
1953 2.1585071286105877e+00 2.9863914287970601e-02
1954 2.1621112591586034e+00 2.9913779050677165e-02
1955 2.1328488979332163e+00 2.9508921157962626e-02
1956 2.1227924581811157e+00 2.9369785803338069e-02
1957 2.1118376392295368e+00 2.9218220969535191e-02
1958 2.0896176447939596e+00 2.8910797380097986e-02
1959 2.0789700604575647e+00 2.8763483275001323e-02
1960 2.0684048445690797e+00 2.8617308774326534e-02
1961 2.0419482355727920e+00 2.8251269722176606e-02
1962 2.0425553234673322e+00 2.8259669055497077e-02
1963 2.0168483388881802e+00 2.7904001393390190e-02
1964 2.0052436839145558e+00 2.7743445786748821e-02
1965 1.9976791470153832e+00 2.7638787025797452e-02
1966 1.9718877639633055e+00 2.7281951672962060e-02
1967 1.9683737982054745e+00 2.7233334380569667e-02
1968 1.9504142439919669e+00 2.6984855892556708e-02
1969 1.9329978514056683e+00 2.6743892289282593e-02
1970 1.9272459663448807e+00 2.6664312379551098e-02
1971 1.9071159715414592e+00 2.6385804872460474e-02
1972 1.8932787313319692e+00 2.6194360447690721e-02
1973 1.8886188486228983e+00 2.6129888880295313e-02
1974 1.8605299748218107e+00 2.5741266712444859e-02
1975 1.8623253349689846e+00 2.5766106325360916e-02
1976 1.8391234409226052e+00 2.5445097714392989e-02
1977 1.8281879240204886e+00 2.5293799933102049e-02
1978 1.8192234675623273e+00 2.5169772657140679e-02
1979 1.8006366523668471e+00 2.4912615732094308e-02
1980 1.7896038918363972e+00 2.4759972541588307e-02
1981 1.7818543997137908e+00 2.4652754842162044e-02
1982 1.7579729912912501e+00 2.4322344845014686e-02
1983 1.7585547851350867e+00 2.4330394223798433e-02
1984 1.7361020935874114e+00 2.4019751165442804e-02
1985 1.7264417489191735e+00 2.3886095963965563e-02
1986 1.7187311741377074e+00 2.3779416703409720e-02
1987 1.6975476314613820e+00 2.3486332888945527e-02
1988 1.6935315900135697e+00 2.3430769154184267e-02
1989 1.6781412026836080e+00 2.3217836242363635e-02
1990 1.6631641062686313e+00 2.3010621395726811e-02
1991 1.6581961954660009e+00 2.2941888121495960e-02
1992 1.6397602599365404e+00 2.2686818684303618e-02
1993 1.6297040572091370e+00 2.2547686609022059e-02
1994 1.6232084233182593e+00 2.2457816600629697e-02
1995 1.6007055132493231e+00 2.2146478746507714e-02
1996 1.6018815521194312e+00 2.2162749771768971e-02
1997 1.5804857827447620e+00 2.1866729705742320e-02
1998 1.5732465077396027e+00 2.1766571088985612e-02
1999 1.5636474121132597e+00 2.1633763295475263e-02
2000 1.5478208531572071e+00 2.1414795753569894e-02
