# step 15
# iter abs_residual rel_residual
0 7.2278104865846402e+01 1.0000000000000000e+00
1 1.1546600861374693e+03 1.5975240195915559e+01
2 1.1527745212176037e+03 1.5949152559509411e+01
3 1.1585072720811568e+03 1.6028467739039829e+01
4 1.2484330970662159e+03 1.7272631862490051e+01
5 1.4402468346342978e+03 1.9926460956710255e+01
6 1.2677694538270478e+03 1.7540159031287875e+01
7 1.4124522130195041e+03 1.9541909899839261e+01
8 1.3004236603879103e+03 1.7991944625576370e+01
9 1.3783981910461698e+03 1.9070757231454539e+01
10 1.3232324643113373e+03 1.8307514658378995e+01
11 1.3547601259470678e+03 1.8743713998334687e+01
12 1.3364428175034247e+03 1.8490285820082903e+01
13 1.3388396176553267e+03 1.8523446625230612e+01
14 1.3429152194675967e+03 1.8579834404348983e+01
15 1.3277325809240367e+03 1.8369775790170596e+01
16 1.3450051727494395e+03 1.8608749845418195e+01
17 1.3195692023761464e+03 1.8256831786408430e+01
18 1.3443069584353771e+03 1.8599089737210345e+01
19 1.3132163294697671e+03 1.8168936940269745e+01
20 1.3418458874598562e+03 1.8565039716390228e+01
21 1.3079856800742389e+03 1.8096568559758985e+01
22 1.3382737217512197e+03 1.8515617201573786e+01
23 1.3034526903345513e+03 1.8033852613510792e+01
24 1.3340055733957759e+03 1.8456565454666951e+01
25 1.2993510853111713e+03 1.7977105068303391e+01
26 1.3293075319972813e+03 1.8391565944687898e+01
27 1.2955114809386137e+03 1.7923982419616291e+01
28 1.3243513570126347e+03 1.8322995040762766e+01
29 1.2918249965162845e+03 1.7872978254120095e+01
30 1.3192485335202016e+03 1.8252395188955578e+01
31 1.2882212246139841e+03 1.7823118453437864e+01
32 1.3140716232937446e+03 1.8180770313952756e+01
33 1.2846546044813474e+03 1.7773772664152762e+01
34 1.3088677968927559e+03 1.8108773041602475e+01
35 1.2810958289430769e+03 1.7724535408349279e+01
36 1.3036675101297699e+03 1.8036824741731603e+01
37 1.2775263299657929e+03 1.7675149788957221e+01
38 1.2984901357302360e+03 1.7965193444686069e+01
39 1.2739346838620368e+03 1.7625457754136683e+01
40 1.2933476589212460e+03 1.7894044971458460e+01
41 1.2703142383687339e+03 1.7575367266844264e+01
42 1.2882471280015343e+03 1.7823476838423169e+01
43 1.2666615286057624e+03 1.7524830388909358e+01
44 1.2831922934636982e+03 1.7753540935327504e+01
45 1.2629752087398920e+03 1.7473828500125578e+01
46 1.2781847130489509e+03 1.7684258814219852e+01
47 1.2592553284049636e+03 1.7422362287199370e+01
48 1.2732245007417498e+03 1.7615632052126301e+01
49 1.2555028382783485e+03 1.7370444903178580e+01
50 1.2683108376859861e+03 1.7547649319805306e+01
51 1.2517192522232997e+03 1.7318097293040331e+01
52 1.2634423194692154e+03 1.7480291186580768e+01
53 1.2479064168627558e+03 1.7265345005641251e+01
54 1.2586171941787757e+03 1.7413533413955221e+01
55 1.2440663539091506e+03 1.7212216012279672e+01
56 1.2538335239661842e+03 1.7347349190925708e+01
57 1.2402011533676382e+03 1.7158739229114332e+01
58 1.2490892942248911e+03 1.7281710644507001e+01
59 1.2363129023457220e+03 1.7104943532213689e+01
60 1.2443824862357817e+03 1.7216589844814681e+01
61 1.2324036388437737e+03 1.7050857118226986e+01
62 1.2397111252413961e+03 1.7151959470193543e+01
63 1.2284753213144350e+03 1.6996507083224962e+01
64 1.2350733099348208e+03 1.7087793215209636e+01
65 1.2245298121544365e+03 1.6941919194301732e+01
66 1.2304672309104735e+03 1.7024066045925156e+01
67 1.2205688672035385e+03 1.6887117744287931e+01
68 1.2258911806677036e+03 1.6960754338302724e+01
69 1.2165941326642192e+03 1.6832125509133220e+01
70 1.2213435565443631e+03 1.6897835918792676e+01
71 1.2126071450134521e+03 1.6776963746685695e+01
72 1.2168228618978242e+03 1.6835290080672962e+01
73 1.2086093333596757e+03 1.6721652229301604e+01
74 1.2123277032838462e+03 1.6773097545017507e+01
75 1.2046020237667947e+03 1.6666209303669856e+01
76 1.2078567863335579e+03 1.6711240403652404e+01
77 1.2005864443565351e+03 1.6610651961405377e+01
78 1.2034089109101708e+03 1.6649702052146889e+01
79 1.1965637310967529e+03 1.6554995919132981e+01
80 1.1989829658859912e+03 1.6588467117550934e+01
81 1.1925349333545114e+03 1.6499255695316666e+01
82 1.1945779226431705e+03 1.6527521368475238e+01
83 1.1885010204049740e+03 1.6443444700313066e+01
84 1.1901928302487577e+03 1.6466851648335897e+01
85 1.1844628864411654e+03 1.6387575305683757e+01
86 1.1858268092570759e+03 1.6406445789607510e+01
87 1.1804213570168470e+03 1.6331658933335312e+01
88 1.1814790463301524e+03 1.6346292539394419e+01
89 1.1763771933523176e+03 1.6275706115092007e+01
90 1.1771487897181837e+03 1.6286381496900898e+01
91 1.1723310979354599e+03 1.6219726570188779e+01
92 1.1728353439170610e+03 1.6226703039515655e+01
93 1.1682837191229792e+03 1.6163729268931466e+01
94 1.1685380650382601e+03 1.6167248258752146e+01
95 1.1642356550318634e+03 1.6107722486536861e+01
96 1.1642563576319578e+03 1.6108008916294985e+01
97 1.1601874578349509e+03 1.6051713862563858e+01
98 1.1599896696503142e+03 1.6048977374314703e+01
99 1.1561396376451357e+03 1.5995710454653146e+01
100 1.1557374897054426e+03 1.5990146557530505e+01
101 1.1520926651050600e+03 1.5939718774356779e+01
102 1.1514993435987960e+03 1.5931509905192803e+01
103 1.1480469756784714e+03 1.5883744846511028e+01
104 1.1472747910265962e+03 1.5873061325501332e+01
105 1.1440029715528628e+03 1.5827794235560249e+01
106 1.1430634233289586e+03 1.5814795164463295e+01
107 1.1399610245723115e+03 1.5771872086134037e+01
108 1.1388648605586511e+03 1.5756706165338313e+01
109 1.1359214789444295e+03 1.5715983160499091e+01
110 1.1346787494225998e+03 1.5698789440158246e+01
111 1.1318846530402718e+03 1.5660131863461761e+01
112 1.1305047609336646e+03 1.5641040437238447e+01
113 1.1278508414169264e+03 1.5604322270351476e+01
114 1.1263425889435373e+03 1.5583454920879758e+01
115 1.1238203171283549e+03 1.5548558158992268e+01
116 1.1221919476106818e+03 1.5526028936336315e+01
117 1.1197933329737002e+03 1.5492843026973672e+01
118 1.1180525705923201e+03 1.5468758798636319e+01
119 1.1157701230422290e+03 1.5437180113025684e+01
120 1.1139242088676253e+03 1.5411641062464939e+01
121 1.1117509047696180e+03 1.5381572425468423e+01
122 1.1098066298866454e+03 1.5354672510389280e+01
123 1.1077358792262196e+03 1.5326022746200398e+01
124 1.1056996160753226e+03 1.5297850132174664e+01
125 1.1037252332626902e+03 1.5270533660384251e+01
126 1.1016029635330299e+03 1.5241171106764460e+01
127 1.0997191401755640e+03 1.5215107565655263e+01
128 1.0975164815433732e+03 1.5184632795511812e+01
129 1.0957177605423828e+03 1.5159746683675747e+01
130 1.0934399909868200e+03 1.5128232720217650e+01
131 1.0917212434669509e+03 1.5104453077363713e+01
132 1.0893733238512878e+03 1.5071968556359447e+01
133 1.0877297275775397e+03 1.5049228664703479e+01
134 1.0853163221768382e+03 1.5015838118490612e+01
135 1.0837433411671582e+03 1.4994075220686366e+01
136 1.0812688376700255e+03 1.4959839354904805e+01
137 1.0797622035141428e+03 1.4938994395581659e+01
138 1.0772307304170604e+03 1.4903970329831996e+01
139 1.0757864254723063e+03 1.4883987723101578e+01
140 1.0732018690390546e+03 1.4848229225586337e+01
141 1.0718161096220842e+03 1.4829056622492462e+01
142 1.0691821292846091e+03 1.4792614323093993e+01
143 1.0678513515702491e+03 1.4774202416516891e+01
144 1.0651713940623454e+03 1.4737124002343220e+01
145 1.0638922397487659e+03 1.4719426328670762e+01
146 1.0611695529636504e+03 1.4681756735781340e+01
147 1.0599388563579837e+03 1.4664729496232779e+01
148 1.0571765012099797e+03 1.4626511073750187e+01
149 1.0559912776354593e+03 1.4610112973983732e+01
150 1.0531921400326241e+03 1.4571385649740373e+01
151 1.0520495743118452e+03 1.4555577740513925e+01
152 1.0492163758015890e+03 1.4516379168338926e+01
153 1.0481138117913313e+03 1.4501124700719663e+01
154 1.0452491196660515e+03 1.4461490400254855e+01
155 1.0441840510119023e+03 1.4446754697705293e+01
156 1.0412902872588238e+03 1.4406718178230280e+01
157 1.0402603481842539e+03 1.4392468509171005e+01
158 1.0373397988395971e+03 1.4352061399022260e+01
159 1.0363427553353870e+03 1.4338266854933691e+01
160 1.0333975781026797e+03 1.4297519006907326e+01
161 1.0324313207362391e+03 1.4284150402843423e+01
162 1.0294635529042466e+03 1.4243090003743298e+01
163 1.0285260887848508e+03 1.4230119767167007e+01
164 1.0255376543607797e+03 1.4188773436495806e+01
165 1.0246271007434395e+03 1.4176175518785730e+01
166 1.0216198166708234e+03 1.4134568394772201e+01
167 1.0207343943746151e+03 1.4122318180162235e+01
168 1.0177099774286831e+03 1.4080474015161707e+01
169 1.0168480047089065e+03 1.4068548235959602e+01
170 1.0138080767373093e+03 1.4026489468961774e+01
171 1.0129679638449348e+03 1.4014866130276653e+01
172 1.0099140573905921e+03 1.3972613964700217e+01
173 1.0090943013404972e+03 1.3961272272058766e+01
174 1.0060278648025319e+03 1.3918846747155245e+01
175 1.0052270441555524e+03 1.3907767034309069e+01
176 1.0021494466796914e+03 1.3865187092823701e+01
177 1.0013662172154857e+03 1.3854350761881440e+01
178 9.9827875258423217e+02 1.3811634303875463e+01
179 9.9751184302692980e+02 1.3801023766165242e+01
180 9.9441573467219473e+02 1.3758187718367894e+01
181 9.9366394213107117e+02 1.3747786331357002e+01
182 9.9056034660973853e+02 1.3704846695251529e+01
183 9.8982253330690662e+02 1.3694638717272564e+01
184 9.8671254400454484e+02 1.3651610620338726e+01
185 9.8598763320212367e+02 1.3641581154240152e+01
186 9.8287228418025768e+02 1.3598478903182956e+01
187 9.8215925727232639e+02 1.3588613856094980e+01
188 9.7903952593259055e+02 1.3545450973704437e+01
189 9.7833741900897564e+02 1.3535737009497462e+01
190 9.7521422962332281e+02 1.3492526283490605e+01
191 9.7452213053163757e+02 1.3482950782127228e+01
192 9.7139635705747935e+02 1.3439704304096850e+01
193 9.7071340264627463e+02 1.3430255323489620e+01
194 9.6758587122217602e+02 1.3386984523433316e+01
195 9.6691124481861232e+02 1.3377650764547193e+01
196 9.6378273646046273e+02 1.3334366448170107e+01
197 9.6311566502259939e+02 1.3325137215623107e+01
198 9.5998691833284568e+02 1.3281849601821376e+01
199 9.5932667049499116e+02 1.3272714776841115e+01
200 9.5619838332430027e+02 1.3229433520691728e+01
201 9.5554426703428533e+02 1.3220383528426034e+01
202 9.5241709909062229e+02 1.3177117757284590e+01
203 9.5176845945132948e+02 1.3168143536938100e+01
204 9.4864303432141116e+02 1.3124901878406524e+01
205 9.4799925168120410e+02 1.3115994856820913e+01
206 9.4487615845586697e+02 1.3072785461235158e+01
207 9.4423664670828373e+02 1.3063937529364638e+01
208 9.4111644193147265e+02 1.3020768096759808e+01
209 9.4048064648301579e+02 1.3011971581554588e+01
210 9.3736385591333010e+02 1.2968849386036725e+01
211 9.3673125252491775e+02 1.2960097034413968e+01
212 9.3361837237628208e+02 1.2917028941325288e+01
213 9.3298846505334291e+02 1.2908313890977629e+01
214 9.2987996415288990e+02 1.2865306386751797e+01
215 9.2925228388285711e+02 1.2856622148680009e+01
216 9.2614860447979856e+02 1.2813681352033234e+01
217 9.2552270815966858e+02 1.2805021795708511e+01
218 9.2242426760238254e+02 1.2762153480842800e+01
219 9.2179973606353087e+02 1.2753512806879213e+01
220 9.1870692806513500e+02 1.2710722420992141e+01
221 9.1808336550749618e+02 1.2702095153318256e+01
222 9.1499656116691938e+02 1.2659387830729953e+01
223 9.1437359359182119e+02 1.2650768794906387e+01
224 9.1129314270455620e+02 1.2608149375194394e+01
225 9.1067041698909293e+02 1.2599533685607359e+01
226 9.0759664896074821e+02 1.2557006726246017e+01
227 9.0697383169883722e+02 1.2548389770072816e+01
228 9.0390705672521551e+02 1.2505959562760188e+01
229 9.0328383340688765e+02 1.2497336988614331e+01
230 9.0022434340327800e+02 1.2455007572129375e+01
231 8.9960041708199583e+02 1.2446375271622324e+01
232 8.9654848648801214e+02 1.2404150442960196e+01
233 8.9592357757042612e+02 1.2395504547792553e+01
234 8.9287946419363141e+02 1.2353387873836521e+01
235 8.9225330891519945e+02 1.2344724734707540e+01
236 8.8921725518999688e+02 1.2302719569646312e+01
237 8.8858960492038204e+02 1.2294035746643761e+01
238 8.8556183822490561e+02 1.2252145236355808e+01
239 8.8493245909422239e+02 1.2243437493784924e+01
240 8.8191319253652409e+02 1.2201664586715733e+01
241 8.8128186447235657e+02 1.2192929879775930e+01
242 8.7827129783241821e+02 1.2151277339971154e+01
243 8.7763781374626819e+02 1.2142512803500175e+01
244 8.7463613380996264e+02 1.2100983215226147e+01
245 8.7400029932616405e+02 1.2092186159949467e+01
246 8.7100768086097821e+02 1.2050781941192758e+01
247 8.7036931317639267e+02 1.2041949837946962e+01
248 8.6738591940283550e+02 1.2000673246936524e+01
249 8.6674484725033642e+02 1.1991803726164100e+01
250 8.6377083001908318e+02 1.1950656863822132e+01
251 8.6312689283084433e+02 1.1941747703995183e+01
252 8.6016239401640826e+02 1.1900732533219214e+01
253 8.5951544118110814e+02 1.1891781650562551e+01
254 8.5656059241340574e+02 1.1850899992511517e+01
255 8.5591048331262061e+02 1.1841905441506178e+01
256 8.5296540675297842e+02 1.1801158986336821e+01
257 8.5231200980631809e+02 1.1792118946509088e+01
258 8.4937681873204815e+02 1.1751509261463834e+01
259 8.4872001123429811e+02 1.1742422035132027e+01
260 8.4579481023392782e+02 1.1701950567240059e+01
261 8.4513447784190009e+02 1.1692814572414886e+01
262 8.4221936322870772e+02 1.1652482654213612e+01
263 8.4155539962048658e+02 1.1643296419883679e+01
264 8.3865046014685129e+02 1.1603105279302074e+01
265 8.3798276641903283e+02 1.1593867437094426e+01
266 8.3508808331812145e+02 1.1553818198029788e+01
267 8.3441656792413335e+02 1.1544527481356536e+01
268 8.3153221536810543e+02 1.1504621170013959e+01
269 8.3085679340962997e+02 1.1495276404268798e+01
270 8.2798283914350645e+02 1.1455513957931034e+01
271 8.2730343237746251e+02 1.1446114060585844e+01
272 8.2443993739989753e+02 1.1406496323196631e+01
273 8.2375647377223777e+02 1.1397040297351346e+01
274 8.2090349337121893e+02 1.1357568033844794e+01
275 8.2021590649471648e+02 1.1348054961002351e+01
276 8.1737349013463722e+02 1.1308728855740529e+01
277 8.1668171944361802e+02 1.1299157897947666e+01
278 8.1384991106385121e+02 1.1259978558851506e+01
279 8.1315390119844346e+02 1.1250348950179564e+01
280 8.1033273951040348e+02 1.1211316912838846e+01
281 8.0963244025437371e+02 1.1201627958523710e+01
282 8.0682195906186496e+02 1.1162743690629233e+01
283 8.0611732501038045e+02 1.1152994762474679e+01
284 8.0331755331957652e+02 1.1114258665339861e+01
285 8.0260854365376315e+02 1.1104449198598454e+01
286 7.9981950615313633e+02 1.1065861613799386e+01
287 7.9910608423077861e+02 1.1055991101509642e+01
288 7.9632780127277204e+02 1.1017552310631501e+01
289 7.9560993485274241e+02 1.1007620306722959e+01
290 7.9284242268553555e+02 1.0969330534566598e+01
291 7.9212008323963266e+02 1.0959336644338796e+01
292 7.8936335448903594e+02 1.0921196065587964e+01
293 7.8863651723976545e+02 1.0911139946233153e+01
294 7.8589058052265648e+02 1.0873148680106215e+01
295 7.8515922454874737e+02 1.0863030042169228e+01
296 7.8242408522124526e+02 1.0825188162770498e+01
297 7.8168819265295622e+02 1.0815006759015448e+01
298 7.7896385265693323e+02 1.0777314293211600e+01
299 7.7822340903305883e+02 1.0767069923561222e+01
300 7.7550986720956496e+02 1.0729526855317660e+01
301 7.7476486104814694e+02 1.0719219360913915e+01
302 7.7206211320997659e+02 1.0681825632298771e+01
303 7.7131253598765750e+02 1.0671454895217183e+01
304 7.6862057518714016e+02 1.0634210410106322e+01
305 7.6786642094197668e+02 1.0623776347860732e+01
306 7.6518523750122563e+02 1.0586680972356248e+01
307 7.6442650311656689e+02 1.0576183541826394e+01
308 7.6175608487696172e+02 1.0539237107708320e+01
309 7.6099276934676948e+02 1.0528676294975211e+01
310 7.5833310178236195e+02 1.0491878601270541e+01
311 7.5756520684448310e+02 1.0481254430378067e+01
312 7.5491627275326289e+02 1.0444605239089269e+01
313 7.5414380217734094e+02 1.0433917762192140e+01
314 7.5150558279934887e+02 1.0397416813766766e+01
315 7.5072854235986472e+02 1.0386666110757515e+01
316 7.4810101621281376e+02 1.0350313107978488e+01
317 7.4731941401694962e+02 1.0339499291023619e+01
318 7.4470255811382083e+02 1.0303293915855221e+01
319 7.4391640374390317e+02 1.0292417117530515e+01
320 7.4131019305211498e+02 1.0256359023635753e+01
321 7.4051949826644773e+02 1.0245419406622622e+01
322 7.3792390604511741e+02 1.0209508224029388e+01
323 7.3712868386943467e+02 1.0198505968544707e+01
324 7.3454368180293568e+02 1.0162741305493608e+01
325 7.3374394726853097e+02 1.0151676619502060e+01
326 7.3116950527659299e+02 1.0116058059819064e+01
327 7.3036527465599249e+02 1.0104931168458350e+01
328 7.2780136136156432e+02 1.0069458278027881e+01
329 7.2699265252841406e+02 1.0058269428587911e+01
330 7.2443923489444967e+02 1.0022941750327618e+01
331 7.2362606703658116e+02 1.0011691208280649e+01
332 7.2108311097133594e+02 9.9765082705159518e+00
333 7.2026550458752456e+02 9.9651963194717332e+00
334 7.1773297436945870e+02 9.9301576279791099e+00
335 7.1691095113170081e+02 9.9187845677794328e+00
336 7.1438881029767560e+02 9.8838896180750027e+00
337 7.1356239292375847e+02 9.8724557630306435e+00
338 7.1105060356937634e+02 9.8377040306900643e+00
339 7.1021981597390402e+02 9.8262097116702964e+00
340 7.0771833938693374e+02 9.7916006610924864e+00
341 7.0688320629431848e+02 9.7800462201706431e+00
342 7.0439200252730041e+02 9.7455792986645804e+00
343 7.0355254992891457e+02 9.7339650954429562e+00
344 7.0107157832370126e+02 9.6996397404849350e+00
345 7.0022783261125653e+02 9.6879661401046970e+00
346 6.9775705161295025e+02 9.6537817767640668e+00
347 6.9690904045642469e+02 9.6420491620517765e+00
348 6.9444840747010392e+02 9.6080052010086927e+00
349 6.9359615906133752e+02 9.5962139620110971e+00
350 6.9114563108595019e+02 9.5623098083267184e+00
351 6.9028917440070745e+02 9.5504603459365196e+00
352 6.8784870736082473e+02 9.5166953898075182e+00
353 6.8698807203399406e+02 9.5047881140366854e+00
354 6.8455762145558481e+02 9.4711617401448915e+00
355 6.8369283784521292e+02 9.4591970710106228e+00
356 6.8127235837659259e+02 9.4257086518951390e+00
357 6.8040345729537933e+02 9.4136870157049533e+00
358 6.7799290332575208e+02 9.3803359203199630e+00
359 6.7711991612028044e+02 9.3682577507678975e+00
360 6.7471924113826492e+02 9.3350433356075762e+00
361 6.7384219985942252e+02 9.3229090761320368e+00
362 6.7145135713610614e+02 9.2898306946809175e+00
363 6.7057029403963281e+02 9.2776407915545338e+00
364 6.6818923610329148e+02 9.2446977870200246e+00
365 6.6730418422689877e+02 9.2324526973343524e+00
366 6.6493286331412980e+02 9.1996444088883518e+00
367 6.6404385568622149e+02 9.1873445896061714e+00
368 6.6168222374593711e+02 9.1546703524403288e+00
369 6.6078929408115448e+02 9.1423162700188261e+00
370 6.5843730240245054e+02 9.1097754101959332e+00
371 6.5754048451978554e+02 9.0973675325360297e+00
372 6.5519808441152361e+02 9.0649593763923466e+00
373 6.5429741253370366e+02 9.0524981769808281e+00
374 6.5196455475737321e+02 9.0202220432794746e+00
375 6.5106006326756358e+02 9.0077079978228536e+00
376 6.4873669848802604e+02 8.9755632039900615e+00
377 6.4782842214732921e+02 8.9629967934237822e+00
378 6.4551450051196809e+02 8.9309826497262428e+00
379 6.4460247421800204e+02 8.9183643568745019e+00
380 6.4229794603205391e+02 8.8864801757628697e+00
381 6.4138220481181611e+02 8.8738104852398898e+00
382 6.3908701979246666e+02 8.8420555710288777e+00
383 6.3816759899540716e+02 8.8293349719101553e+00
384 6.3588170698035435e+02 8.7977086305818144e+00
385 6.3495864190203099e+02 8.7849376111972219e+00
386 6.3268199237014221e+02 8.7534391437690235e+00
387 6.3175531872178487e+02 8.7406181981994440e+00
388 6.2948786104178816e+02 8.7092469041650293e+00
389 6.2855761424987600e+02 8.6963765225516934e+00
390 6.2629929790445397e+02 8.6651317029813182e+00
391 6.2536551373038458e+02 8.6522123800992023e+00
392 6.2311628782974753e+02 8.6210933309097992e+00
393 6.2217900199900612e+02 8.6081255610370135e+00
394 6.1993881576341846e+02 8.5771315796681655e+00
395 6.1899806409460530e+02 8.5641158583711103e+00
396 6.1676686648739587e+02 8.5332462387075800e+00
397 6.1582268482346399e+02 8.5201830618895897e+00
398 6.1360042501100997e+02 8.4894371006254037e+00
399 6.1265284918059319e+02 8.4763269639916956e+00
400 6.1043947597803060e+02 8.4457039529613045e+00
401 6.0948854185829623e+02 8.4325473528885801e+00
402 6.0728400447018498e+02 8.4020465893142848e+00
403 6.0632974771322108e+02 8.3888440190651750e+00
404 6.0413399502047605e+02 8.3584647956915052e+00
405 6.0317645159927758e+02 8.3452167529685291e+00
406 6.0098943263582601e+02 8.3149583646570093e+00
407 6.0002863802597096e+02 8.3016653402807012e+00
408 5.9785030189003646e+02 8.2715270827824217e+00
409 5.9688629199439595e+02 8.2581895734851081e+00
410 5.9471658764003485e+02 8.2281707405565427e+00
411 5.9374939782367812e+02 8.2147892356298176e+00
412 5.9158827463065256e+02 8.1848891269172714e+00
413 5.9061794040948769e+02 8.1714641177396530e+00
414 5.8846534737114484e+02 8.1416820275432062e+00
415 5.8749190419276101e+02 8.1282140045479903e+00
416 5.8534779073267748e+02 8.0985492331201403e+00
417 5.8437127384055850e+02 8.0850386839167339e+00
418 5.8223558916662932e+02 8.0554905285259260e+00
419 5.8125603374192065e+02 8.0419379398612563e+00
420 5.7912872750036308e+02 8.0125057038403202e+00
421 5.7814616845623777e+02 7.9989115587537958e+00
422 5.7602719012668956e+02 7.9695945431308601e+00
423 5.7504166241577263e+02 7.9559593252077265e+00
424 5.7293096180219436e+02 7.9267568354980709e+00
425 5.7194249998229543e+02 7.9130810228611237e+00
426 5.6984002684741438e+02 7.8839923640095479e+00
427 5.6884866568139955e+02 7.8702764376186325e+00
428 5.6675436994522488e+02 7.8413009167459995e+00
429 5.6576014366019592e+02 7.8275453501484202e+00
430 5.6367397543460834e+02 7.7986822770302240e+00
431 5.6267691846884702e+02 7.7848875466950567e+00
432 5.6059882782510977e+02 7.7561362305448291e+00
433 5.5959897411040220e+02 7.7423028059335532e+00
434 5.5752891157996885e+02 7.7136625623317663e+00
435 5.5652629506242340e+02 7.6997909131040174e+00
436 5.5446421094619575e+02 7.6712610544413558e+00
437 5.5345886535625141e+02 7.6573516472728871e+00
438 5.5140471043225068e+02 7.6289314925411960e+00
439 5.5039666927504493e+02 7.6149847909906123e+00
440 5.4835039423463252e+02 7.5866736579827609e+00
441 5.4733969080385918e+02 7.5726901226832499e+00
442 5.4530124683690292e+02 7.5444873360891664e+00
443 5.4428791409981204e+02 7.5304674231574191e+00
444 5.4225725228305544e+02 7.5023723061019059e+00
445 5.4124132322851324e+02 7.4883164719536826e+00
446 5.3921839500079329e+02 7.4603283525712687e+00
447 5.3819990213933784e+02 7.4462370470044466e+00
448 5.3618465897513772e+02 7.4183552539228410e+00
449 5.3516363495320104e+02 7.4042289286154501e+00
450 5.3315602853068992e+02 7.3764527932804489e+00
451 5.3213250538226896e+02 7.3622918914372049e+00
452 5.3013248771666611e+02 7.3346207499578453e+00
453 5.2910649755354859e+02 7.3204257158597343e+00
454 5.2711402066293374e+02 7.2928589043846266e+00
455 5.2608559507522455e+02 7.2786301750949196e+00
456 5.2410061143606970e+02 7.2511670361147385e+00
457 5.2306978198995819e+02 7.2369050483658235e+00
458 5.2109224398996025e+02 7.2095449231429996e+00
459 5.2005904192611513e+02 7.1952501091635401e+00
460 5.1808890236779109e+02 7.1679923446997273e+00
461 5.1705335874370235e+02 7.1536651341840276e+00
462 5.1509057042554150e+02 7.1265090774251529e+00
463 5.1405271604220809e+02 7.1121498965188499e+00
464 5.1209723220907972e+02 7.0850949005867090e+00
465 5.1105709751050153e+02 7.0707041704961959e+00
466 5.0910887144398174e+02 7.0437495890204387e+00
467 5.0806648679502439e+02 7.0293277298572505e+00
468 5.0612547205763155e+02 7.0024729203544904e+00
469 5.0508086742100397e+02 6.9880203466661452e+00
470 5.0314701773850339e+02 6.9612646689115891e+00
471 5.0210022304924473e+02 6.9467817948627806e+00
472 5.0017349229863009e+02 6.9201246107239491e+00
473 4.9912453696349144e+02 6.9056118431702673e+00
474 4.9720487948378906e+02 6.8790525209071092e+00
475 4.9615379280127712e+02 6.8645102652065360e+00
476 4.9424116285685415e+02 6.8380481720460562e+00
477 4.9318797383228934e+02 6.8234768295002102e+00
478 4.9128232618383697e+02 6.7971113395362801e+00
479 4.9022706351118063e+02 6.7825113071389866e+00
480 4.8832835285514011e+02 6.7562417935765504e+00
481 4.8727104513326901e+02 6.7416134670060970e+00
482 4.8537922662505053e+02 6.7154393094001410e+00
483 4.8431990193455186e+02 6.7007830771640462e+00
484 4.8243493077044150e+02 6.6747036556350920e+00
485 4.8137361725464109e+02 6.6600199071088921e+00
486 4.7949544894135579e+02 6.6340346060724116e+00
487 4.7843217406714797e+02 6.6193237212729095e+00
488 4.7656076444610108e+02 6.5934319297750497e+00
489 4.7549555577814692e+02 6.5786942900716951e+00
490 4.7363086062849641e+02 6.5528953962972727e+00
491 4.7256374523986892e+02 6.5381313762581739e+00
492 4.7070572087825008e+02 6.5124247758282445e+00
493 4.6963672571608168e+02 6.4976347482790642e+00
494 4.6778532834146876e+02 6.4720198351867904e+00
495 4.6671448003224197e+02 6.4572041685168582e+00
496 4.6486966644004463e+02 6.4316803450073534e+00
497 4.6379699120420838e+02 6.4168394019883408e+00
498 4.6195871815811807e+02 6.3914060698678830e+00
499 4.6088424215464943e+02 6.3765402124209709e+00
500 4.5905246676171174e+02 6.3511967782462984e+00
501 4.5797621573742236e+02 6.3363063625901743e+00
502 4.5615089517981318e+02 6.3110522339574837e+00
503 4.5507289478208446e+02 6.2961376149351729e+00
504 4.5325398660033602e+02 6.2709722043986833e+00
505 4.5217426198715935e+02 6.2560337300822813e+00
506 4.5036172385004295e+02 6.2309564519704574e+00
507 4.4928030019222155e+02 6.2159944706093162e+00
508 4.4747408998370480e+02 6.1910047422279595e+00
509 4.4639099185379689e+02 6.1760195937944440e+00
510 4.4459106782807868e+02 6.1511168375716707e+00
511 4.4350631979907178e+02 6.1361088620440842e+00
512 4.4171264019140443e+02 6.1112925001458782e+00
513 4.4062626640849584e+02 6.0962620315838567e+00
514 4.3883878989427546e+02 6.0715314922657875e+00
515 4.3775081434653424e+02 6.0564788625688601e+00
516 4.3596949957352604e+02 6.0318335737042110e+00
517 4.3487994591746389e+02 6.0167591101708293e+00
518 4.3310475206456465e+02 5.9921985069813282e+00
519 4.3201364359210453e+02 5.9771025318656923e+00
520 4.3024452981022250e+02 5.9526260491858318e+00
521 4.2915188970290939e+02 5.9375088832150142e+00
522 4.2738881550325749e+02 5.9131159608642658e+00
523 4.2629466656216709e+02 5.8979779195013764e+00
524 4.2453759150005499e+02 5.8736679979093074e+00
525 4.2344195642650556e+02 5.8585093952372667e+00
526 4.2169084042020705e+02 5.8342819198552167e+00
527 4.2059374137976994e+02 5.8191030625446469e+00
528 4.1884854450752658e+02 5.7949574810371827e+00
529 4.1775000370054295e+02 5.7797586762397595e+00
530 4.1601068621656367e+02 5.7556944387060343e+00
531 4.1491072525688105e+02 5.7404759854590344e+00
532 4.1317724778804723e+02 5.7164925471542904e+00
533 4.1207588825627397e+02 5.7012547440351105e+00
534 4.1034821139267814e+02 5.6773515597056017e+00
535 4.0924547452869791e+02 5.6620947005775575e+00
536 4.0752355924121679e+02 5.6382712302378595e+00
537 4.0641946609090212e+02 5.6229956062800373e+00
538 4.0470327336868428e+02 5.5992513101975208e+00
539 4.0359784463661873e+02 5.5839572078671225e+00
540 4.0188733594856416e+02 5.5602915529467367e+00
541 4.0078059203971105e+02 5.5449792545555807e+00
542 3.9907572879844116e+02 5.5213917069236356e+00
543 3.9796768999656842e+02 5.5060614931067491e+00
544 3.9626843397236183e+02 5.4825515238379019e+00
545 3.9515912016074657e+02 5.4672036696893427e+00
546 3.9346543316928063e+02 5.4437707504863617e+00
547 3.9235486417502750e+02 5.4284055303230163e+00
548 3.9066670834779762e+02 5.4050491372581559e+00
549 3.8955490346159951e+02 5.3896668179754119e+00
550 3.8787224110980605e+02 5.3663864296072248e+00
551 3.8675921961490729e+02 5.3509872779974170e+00
552 3.8508201321582720e+02 5.3277823751821991e+00
553 3.8396779388061054e+02 5.3123666509143215e+00
554 3.8229600622974232e+02 5.2892367189111065e+00
555 3.8118060777592984e+02 5.2738046810085812e+00
556 3.7951420163601807e+02 5.2507492046232391e+00
557 3.7839764244552271e+02 5.2353011074080760e+00
558 3.7673658095650279e+02 5.2123195766650801e+00
559 3.7561887921176543e+02 5.1968556716995042e+00
560 3.7396312553042571e+02 5.1739475768564960e+00
561 3.7284429909022629e+02 5.1584681112247388e+00
562 3.7119381681105483e+02 5.1356329485951306e+00
563 3.7007388322522155e+02 5.1201381651069369e+00
564 3.6842863591479824e+02 5.0973754306180208e+00
565 3.6730761260822715e+02 5.0818655703546423e+00
566 3.6566756416446577e+02 5.0591747645178620e+00
567 3.6454546818843130e+02 5.0436500633913290e+00
568 3.6291058250975726e+02 5.0210306867252070e+00
569 3.6178743088597429e+02 5.0054913802385794e+00
570 3.6015767215627716e+02 4.9829429372111633e+00
571 3.5903348138554611e+02 4.9673892536604169e+00
572 3.5740881398402047e+02 4.9449112514418871e+00
573 3.5628360053902247e+02 4.9293434187339535e+00
574 3.5466398896033650e+02 4.9069353660921182e+00
575 3.5353776886651616e+02 4.8913536059462110e+00
576 3.5192317786923587e+02 4.8690150153000245e+00
577 3.5079596711206591e+02 4.8534195488823286e+00
578 3.4918636144307118e+02 4.8311499324890619e+00
579 3.4805817566459609e+02 4.8155409762142805e+00
580 3.4645352041653854e+02 4.7933398511151104e+00
581 3.4532437503473585e+02 4.7777176182978769e+00
582 3.4372463533276510e+02 4.7555845019836074e+00
583 3.4259454549186739e+02 4.7399492021511715e+00
584 3.4099968684159199e+02 4.7178836173764251e+00
585 3.3986866738065510e+02 4.7022354558337813e+00
586 3.3827865522826261e+02 4.6802369245310631e+00
587 3.3714672088796732e+02 4.6645761052221415e+00
588 3.3556152101827075e+02 4.6426441540089929e+00
589 3.3442868614232140e+02 4.6269708753853767e+00
590 3.3284826433943846e+02 4.6051050308697201e+00
591 3.3171454323851765e+02 4.5894194909261223e+00
592 3.3013886555191340e+02 4.5676192833870779e+00
593 3.2900427204087418e+02 4.5519216732581862e+00
594 3.2743330468294005e+02 4.5301866352290352e+00
595 3.2629785255470028e+02 4.5144771457460546e+00
596 3.2473156185196410e+02 4.4928068113392055e+00
597 3.2359526447149130e+02 4.4770856274124569e+00
598 3.2203361696057135e+02 4.4554795336470150e+00
599 3.2089648764773608e+02 4.4397468395628810e+00
600 3.1933944989422412e+02 4.4182045238588108e+00
601 3.1820150162065346e+02 4.4024604990855716e+00
602 3.1664904046802627e+02 4.3809815027075034e+00
603 3.1551028603024884e+02 4.3652263242908713e+00
604 3.1396236836385958e+02 4.3438101890828120e+00
605 3.1282282025277829e+02 4.3280440298400320e+00
606 3.1127941325232808e+02 4.3066903017184259e+00
607 3.1013908376478440e+02 4.2909133317818151e+00
608 3.0860015458910920e+02 4.2696215563744273e+00
609 3.0745905582904652e+02 4.2538339432074714e+00
610 3.0592457186914578e+02 4.2326036693541536e+00
611 3.0478271566467993e+02 4.2168055766041403e+00
612 3.0325264440585414e+02 4.1956363544494399e+00
613 3.0211004241092081e+02 4.1798279433537964e+00
614 3.0058435149674119e+02 4.1587193252320098e+00
615 2.9944101505366962e+02 4.1429007527169484e+00
616 2.9791967231201386e+02 4.1218522935123323e+00
617 2.9677561256680497e+02 4.1060237137877760e+00
618 2.9525858591080492e+02 4.0850349695641173e+00
619 2.9411381378707500e+02 4.0691965337631961e+00
620 2.9260107129469230e+02 4.0482670628647766e+00
621 2.9145559747520878e+02 4.0324189187883697e+00
622 2.8994710732935283e+02 4.0115482810114687e+00
623 2.8880094231097507e+02 3.9956905738883353e+00
624 2.8729667280819660e+02 3.9748783306015123e+00
625 2.8614982682786228e+02 3.9590112020642749e+00
626 2.8464974646036211e+02 3.9382569173429967e+00
627 2.8350222952080259e+02 3.9223805057839307e+00
628 2.8200630683707260e+02 3.9016837444824750e+00
629 2.8085812874008531e+02 3.8857981855138441e+00
630 2.7936633247399186e+02 3.8651585150512284e+00
631 2.7821750279061695e+02 3.8492639410926666e+00
632 2.7672980171825355e+02 3.8286809294721391e+00
633 2.7558032984175884e+02 3.8127774704837192e+00
634 2.7409669290676629e+02 3.7922506880266211e+00
635 2.7294658794425038e+02 3.7763384700091374e+00
636 2.7146698421011706e+02 3.7558674886949541e+00
637 2.7031625510309550e+02 3.7399466353582844e+00
638 2.6884065372418075e+02 3.7195310284237424e+00
639 2.6768930914312085e+02 3.7036016597276911e+00
640 2.6621767944954343e+02 3.6832410028412266e+00
641 2.6506572786714412e+02 3.6673032360093840e+00
642 2.6359803921390136e+02 3.6469971051836394e+00
643 2.6244548892436922e+02 3.6310510549700741e+00
644 2.6098171084323855e+02 3.6107990286635245e+00
645 2.5982856986237732e+02 3.5948448059704758e+00
646 2.5836867193567662e+02 3.5746464633408457e+00
647 2.5721494814052278e+02 3.5586841771506470e+00
648 2.5575890009983013e+02 3.5385390994207429e+00
649 2.5460460106071932e+02 3.5225688544723828e+00
650 2.5315237275095265e+02 3.5024766244331182e+00
651 2.5199750587468620e+02 3.4864985232030161e+00
652 2.5054906722070504e+02 3.4664587247513330e+00
653 2.4939363967485045e+02 3.4504728664059994e+00
654 2.4794896071210275e+02 3.4304850849688804e+00
655 2.4679297949524772e+02 3.4144915663369155e+00
656 2.4535203033355373e+02 3.3945553883703168e+00
657 2.4419550217045389e+02 3.3785543024917311e+00
658 2.4275825307001861e+02 3.3586693165322496e+00
659 2.4160118452539820e+02 3.3426607542329472e+00
660 2.4016760577139860e+02 3.3228265491626785e+00
661 2.3901000314685572e+02 3.3068105976280959e+00
662 2.3758006522256261e+02 3.2870267650698519e+00
663 2.3642193463654942e+02 3.2710035089515186e+00
664 2.3499560798096405e+02 3.2512696399156229e+00
665 2.3383695536138285e+02 3.2352391612287263e+00
666 2.3241421062391814e+02 3.2155548496366415e+00
667 2.3125504164446090e+02 3.1995172268792555e+00
668 2.2983584944914386e+02 3.1798820663012193e+00
669 2.2867616966412965e+02 3.1638373763198389e+00
670 2.2726050079631241e+02 3.1442509625580941e+00
671 2.2610031540718668e+02 3.1281992773170502e+00
672 2.2468814073891770e+02 3.1086612073733226e+00
673 2.2352745487757912e+02 3.0926025978747353e+00
674 2.2211874531359840e+02 3.0731124692030525e+00
675 2.2095756378211121e+02 3.0570470018856342e+00
676 2.1955229038095902e+02 3.0376044140679199e+00
677 2.1839061787070870e+02 3.0215321538390927e+00
678 2.1698875167273781e+02 3.0021367062056381e+00
679 2.1582659261239837e+02 2.9860577143380937e+00
680 2.1442810482482400e+02 2.9667090085278063e+00
681 2.1326546346755947e+02 2.9506233438659772e+00
682 2.1187032529169008e+02 2.9313209814360426e+00
683 2.1070720564741268e+02 2.9152286994588623e+00
684 2.0931538844754883e+02 2.8959722842215347e+00
685 2.0815179435449903e+02 2.8798734380327820e+00
686 2.0676326944776477e+02 2.8606625731476072e+00
687 2.0559920454574740e+02 2.8445572131056145e+00
688 2.0421394342984880e+02 2.8253915042305722e+00
689 2.0304941108805178e+02 2.8092796769495654e+00
690 2.0166738525343291e+02 2.7901587296421613e+00
691 2.0050238874109078e+02 2.7740404803534666e+00
692 1.9912356975975618e+02 2.7549639012996328e+00
693 1.9795811203222402e+02 2.7388392708919134e+00
694 1.9658247157549997e+02 2.7198066681517425e+00
695 1.9541655545259638e+02 2.7036756956384540e+00
696 1.9404406522606035e+02 2.6846866777459195e+00
697 1.9287769333586732e+02 2.6685493994877540e+00
698 1.9150832525592432e+02 2.6496035778937226e+00
699 1.9034150044263600e+02 2.6334600332413824e+00
700 1.8897522750941130e+02 2.6145570343904772e+00
701 1.8780795528145543e+02 2.5984072995555310e+00
702 1.8644475834202603e+02 2.5795468584584711e+00
703 1.8527706406204828e+02 2.5633912843444975e+00
704 1.8391697428857447e+02 2.5445738322821025e+00
705 1.8274900619070502e+02 2.5284144697747806e+00
706 1.8139234607596657e+02 2.5096444685793076e+00
707 1.8022492187735676e+02 2.4934926311622001e+00
708 1.7887350100052834e+02 2.4747951171731883e+00
709 1.7771064023524139e+02 2.4587064169029569e+00
710 1.7637290606478496e+02 2.4401982646355536e+00
711 1.7523193115557919e+02 2.4244123650007543e+00
712 1.7394189866294877e+02 2.4065641868418939e+00
713 1.7288744054526080e+02 2.3919752858234578e+00
714 1.7176261176786383e+02 2.3764127751643205e+00
715 1.7100033067266349e+02 2.3658662743033037e+00
716 1.7038368987010310e+02 2.3573347722155700e+00
717 1.7046154954731330e+02 2.3584119957724785e+00
718 1.7118245450419636e+02 2.3683860392012748e+00
719 1.7329606918111526e+02 2.3976288462843041e+00
720 1.7697318182965574e+02 2.4485033490865771e+00
721 1.8318501404473520e+02 2.5344468339995960e+00
722 1.9222031551614248e+02 2.6594542824956164e+00
723 2.0500909445271009e+02 2.8363927752840556e+00
724 2.2133038988608371e+02 3.0622052182592441e+00
725 2.4098495920391946e+02 3.3341350005123358e+00
726 2.6149492964943300e+02 3.6178996410432629e+00
727 2.7961444570757999e+02 3.8685912729251193e+00
728 2.8993145354081281e+02 4.0113317038257632e+00
729 2.8919292285385092e+02 4.0011138005155882e+00
730 2.7684028456297108e+02 3.8302095091841086e+00
731 2.5804592577542707e+02 3.5701811254511959e+00
732 2.3927389810327054e+02 3.3104617027159318e+00
733 2.2720072195970394e+02 3.1434238955407805e+00
734 2.2485735948835048e+02 3.1110024246720727e+00
735 2.3276040053695459e+02 3.2203445423614165e+00
736 2.4648145366767844e+02 3.4101814667825967e+00
737 2.5856469445682296e+02 3.5773585228436535e+00
738 2.6024233697205108e+02 3.6005694595213922e+00
739 2.5021722409352475e+02 3.4618675262438985e+00
740 2.3497745503542481e+02 3.2510184857718758e+00
741 2.2477896540965284e+02 3.1099178074308882e+00
742 2.2495805692224977e+02 3.1123956188362829e+00
743 2.3489211901389007e+02 3.2498378236378431e+00
744 2.4612620007615430e+02 3.4052663740005777e+00
745 2.4866702612834445e+02 3.4404198420792733e+00
746 2.3914328964190699e+02 3.3086546760706428e+00
747 2.2642790342557404e+02 3.1327316044857740e+00
748 2.2081328693902162e+02 3.0550508670484331e+00
749 2.2648801622244955e+02 3.1335632919931746e+00
750 2.3708693239882774e+02 3.2802040512666859e+00
751 2.4134343708768705e+02 3.3390947028237474e+00
752 2.3346302929072107e+02 3.2300657263225983e+00
753 2.2206205070696552e+02 3.0723280738908332e+00
754 2.1825006920041585e+02 3.0195875999447468e+00
755 2.2526678056031378e+02 3.1166669488419192e+00
756 2.3415178641912209e+02 3.2395949901249543e+00
757 2.3355674929433630e+02 3.2313623846092145e+00
758 2.2322789020896863e+02 3.0884579863195967e+00
759 2.1572056360280482e+02 2.9845907554327606e+00
760 2.1873649434140475e+02 3.0263175099484987e+00
761 2.2783921103542403e+02 3.1522576782873699e+00
762 2.2979596556474715e+02 3.1793302548713163e+00
763 2.2130581276298918e+02 3.0618651827375580e+00
764 2.1321713975224870e+02 2.9499547635898278e+00
765 2.1561186150420218e+02 2.9830868131420161e+00
766 2.2389458152377182e+02 3.0976819596935616e+00
767 2.2537816575407604e+02 3.1182080129576564e+00
768 2.1668758159391760e+02 2.9979698830801671e+00
769 2.1036954827684929e+02 2.9105570582863369e+00
770 2.1427307728214839e+02 2.9645641329397794e+00
771 2.2175006115688501e+02 3.0680115585275765e+00
772 2.1975400321779185e+02 3.0403952016405493e+00
773 2.1091216133136072e+02 2.9180643532758581e+00
774 2.0816624418043460e+02 2.8800733578558377e+00
775 2.1485853400321264e+02 2.9726641892728960e+00
776 2.1880735799710200e+02 3.0272979404098228e+00
777 2.1249541304414291e+02 2.9399693508642812e+00
778 2.0565795191437249e+02 2.8453700093007295e+00
779 2.0880235655312498e+02 2.8888742578499791e+00
780 2.1523449222356018e+02 2.9778657398814148e+00
781 2.1271919328099864e+02 2.9430654508142053e+00
782 2.0467097589526523e+02 2.8317147533841673e+00
783 2.0452582299813011e+02 2.8297064979463062e+00
784 2.1109726592675423e+02 2.9206253583788153e+00
785 2.1144690839224430e+02 2.9254628187153724e+00
786 2.0371755835648244e+02 2.8185237940950105e+00
787 2.0151748077648614e+02 2.7880847339663615e+00
788 2.0744490030912240e+02 2.8700932418490459e+00
789 2.0930222561115224e+02 2.8957901704760096e+00
790 2.0221529242281321e+02 2.7977392710854829e+00
791 1.9914803880781218e+02 2.7553024415546856e+00
792 2.0453374102327567e+02 2.8298160473756981e+00
793 2.0678940181615349e+02 2.8610241261855185e+00
794 2.0008687221297376e+02 2.7682916228137144e+00
795 1.9708162632272163e+02 2.7267126979673852e+00
796 2.0230160909161890e+02 2.7989335009143628e+00
797 2.0409142495633569e+02 2.8236964061958281e+00
798 1.9744099262415625e+02 2.7316846919357056e+00
799 1.9527427121104569e+02 2.7017071293372927e+00
800 2.0058645248954036e+02 2.7752035400187083e+00
801 2.0113790503554938e+02 2.7828331333379102e+00
802 1.9447587329535190e+02 2.6906609360651301e+00
803 1.9386618116185736e+02 2.6822255719306360e+00
804 1.9912921824486403e+02 2.7550420506246374e+00
805 1.9774636983631129e+02 2.7359097226379059e+00
806 1.9151877695240532e+02 2.6497481818024777e+00
807 1.9302883926566238e+02 2.6706405712205434e+00
808 1.9749764928579296e+02 2.7324685622618836e+00
809 1.9382743208800514e+02 2.6816894611136171e+00
810 1.8906495636845725e+02 2.6157984734018140e+00
811 1.9273608972609409e+02 2.6665902500325207e+00
812 1.9509960314160386e+02 2.6992905182520128e+00
813 1.8964585715692610e+02 2.6238354963639829e+00
814 1.8766189945027551e+02 2.5963865516201636e+00
815 1.9249059524192018e+02 2.6631937237313732e+00
816 1.9147549966977579e+02 2.6491494211859692e+00
817 1.8597753774929879e+02 2.5730826519938104e+00
818 1.8752118522390404e+02 2.5944397071832124e+00
819 1.9125910368547881e+02 2.6461554856822835e+00
820 1.8687288076203637e+02 2.5854701241667377e+00
821 1.8385952205799117e+02 2.5437789549027090e+00
822 1.8795278362452254e+02 2.6004110646422873e+00
823 1.8807096737476112e+02 2.6020461898362579e+00
824 1.8260339886100033e+02 2.5263999270584914e+00
825 1.8375403988534072e+02 2.5423195617317589e+00
826 1.8722812235412198e+02 2.5903850509311424e+00
827 1.8326005477613361e+02 2.5354850561768059e+00
828 1.8041173202190993e+02 2.4960772333027776e+00
829 1.8449883380389028e+02 2.5526241196602206e+00
830 1.8385432651892464e+02 2.5437070722893482e+00
831 1.7899595061305871e+02 2.4764892624853494e+00
832 1.8077088144238706e+02 2.5010462266257729e+00
833 1.8342789125699238e+02 2.5378071491698400e+00
834 1.7878967551782736e+02 2.4736353540214489e+00
835 1.7761587325333014e+02 2.4573952732020099e+00
836 1.8142430040837050e+02 2.5100865711007176e+00
837 1.7914833003343108e+02 2.4785975001135387e+00
838 1.7538063992949597e+02 2.4264698175888206e+00
839 1.7865255655542617e+02 2.4717382516741240e+00
840 1.7896051214647005e+02 2.4759989554047417e+00
841 1.7433117028434040e+02 2.4119499343253694e+00
842 1.7555548339046237e+02 2.4288888552945123e+00
843 1.7811079613187735e+02 2.4642427532164048e+00
844 1.7380497447319894e+02 2.4046697792615626e+00
845 1.7295277232842233e+02 2.3928791803470175e+00
846 1.7634168433998343e+02 2.4397662980689221e+00
847 1.7361837352008581e+02 2.4020880713783872e+00
848 1.7079234650828914e+02 2.3629887201012338e+00
849 1.7420285853402481e+02 2.4101746837075821e+00
850 1.7314488368970692e+02 2.3955371271988501e+00
851 1.6932446592291899e+02 2.3426799338084185e+00
852 1.7173563967722708e+02 2.3760396041924641e+00
853 1.7247239790384066e+02 2.3862329847187111e+00
854 1.6813431390238557e+02 2.3262136467807992e+00
855 1.6945412394286271e+02 2.3444738106703586e+00
856 1.7130154095309635e+02 2.3700336536361171e+00
857 1.6730464531841233e+02 2.3147348097870348e+00
858 1.6722740230077486e+02 2.3136661179919078e+00
859 1.6996228612844004e+02 2.3515044624357935e+00
860 1.6642340749922499e+02 2.3025424892935331e+00
861 1.6535885894821138e+02 2.2878139826041353e+00
862 1.6829402631504684e+02 2.3284233396464007e+00
863 1.6564183761325918e+02 2.2917291193605989e+00
864 1.6357642135547067e+02 2.2631531590248639e+00
865 1.6665529782014931e+02 2.3057507958941934e+00
866 1.6465060802876857e+02 2.2780150134590893e+00
867 1.6208749135295250e+02 2.2425531446044285e+00
868 1.6486862365850354e+02 2.2810313574838759e+00
869 1.6368058035863646e+02 2.2645942455525074e+00
870 1.6059411045852133e+02 2.2218915500980008e+00
871 1.6323722591249194e+02 2.2584602379305947e+00
872 1.6248828225219236e+02 2.2480982664637215e+00
873 1.5929449021689706e+02 2.2039107211313800e+00
874 1.6154288028068649e+02 2.2350182061430943e+00
875 1.6133284222657591e+02 2.2321122354552849e+00
876 1.5791387600682296e+02 2.1848093042827146e+00
877 1.6004275074500083e+02 2.2142632411579166e+00
878 1.5999069081043643e+02 2.2135429686125723e+00
879 1.5666492737104778e+02 2.1675295397109493e+00
880 1.5850011888783652e+02 2.1929202374913492e+00
881 1.5871506813431876e+02 2.1958941567284569e+00
882 1.5530103520219328e+02 2.1486594798029595e+00
883 1.5714936442171484e+02 2.1742319435933726e+00
884 1.5728203544082228e+02 2.1760675066501753e+00
885 1.5404669301126080e+02 2.1313050929764006e+00
886 1.5575257001758868e+02 2.1549066665026313e+00
887 1.5592865048129468e+02 2.1573428186960628e+00
888 1.5267704426346319e+02 2.1123553882167121e+00
889 1.5453289826642381e+02 2.1380319607611251e+00
890 1.5442814294401248e+02 2.1365826238892502e+00
891 1.5142260127023522e+02 2.0949996067451817e+00
892 1.5325569143987246e+02 2.1203612314452149e+00
893 1.5300338934486945e+02 2.1168705187948031e+00
894 1.5007509886677306e+02 2.0763563065927606e+00
895 1.5213346126265463e+02 2.1048346735851164e+00
896 1.5143035433148958e+02 2.0951068738251468e+00
897 1.4886723958848575e+02 2.0596450317118102e+00
898 1.5093118518382215e+02 2.0882006447728783e+00
899 1.4992560935627881e+02 2.0742880521639577e+00
900 1.4760286680778896e+02 2.0421518671768024e+00
901 1.4984612523530939e+02 2.0731883536990221e+00
902 1.4827807840620497e+02 2.0514937224961867e+00
903 1.4651143729018645e+02 2.0270514502576220e+00
904 1.4863807189902076e+02 2.0564743939385819e+00
905 1.4670964048518852e+02 2.0297936803613301e+00
906 1.4539955510471725e+02 2.0116680615047913e+00
907 1.4748729445444081e+02 2.0405528718301111e+00
908 1.4503411257799075e+02 2.0066120002341647e+00
909 1.4448076502820064e+02 1.9989561886876779e+00
910 1.4615238077740008e+02 2.0220837423542011e+00
911 1.4348843696858566e+02 1.9852268848901198e+00
912 1.4354621071209485e+02 1.9860262105450526e+00
913 1.4480903271963953e+02 2.0034979194379265e+00
914 1.4191510763651470e+02 1.9634591678893605e+00
915 1.4277345953322748e+02 1.9753348513803144e+00
916 1.4323803333510415e+02 1.9817624383063821e+00
917 1.4056047189526288e+02 1.9447171748090750e+00
918 1.4191836219204208e+02 1.9635041961248600e+00
919 1.4164257367731730e+02 1.9596885383231419e+00
920 1.3927531106784519e+02 1.9269363983235399e+00
921 1.4111185731502451e+02 1.9523458394065358e+00
922 1.3986215059776561e+02 1.9350555864374179e+00
923 1.3828066637796834e+02 1.9131750429072214e+00
924 1.4008226518375230e+02 1.9381009704634000e+00
925 1.3815608594969402e+02 1.9114514168034995e+00
926 1.3738516799972024e+02 1.9007854211827695e+00
927 1.3894962492325334e+02 1.9224303844318316e+00
928 1.3643029185875437e+02 1.8875742814781773e+00
929 1.3673023781343565e+02 1.8917241682971249e+00
930 1.3748424641365168e+02 1.9021562154795395e+00
931 1.3497338052151869e+02 1.8674172596533825e+00
932 1.3603545990620157e+02 1.8821116043190895e+00
933 1.3588660532558342e+02 1.8800521344299104e+00
934 1.3368907178656650e+02 1.8496482722492997e+00
935 1.3535070729866518e+02 1.8726377448590590e+00
936 1.3405859396597921e+02 1.8547607773447028e+00
937 1.3279267664173662e+02 1.8372462433569587e+00
938 1.3435417953744548e+02 1.8588503363060906e+00
939 1.3232506515815143e+02 1.8307766287419502e+00
940 1.3206473157063047e+02 1.8271747967901557e+00
941 1.3312750710930572e+02 1.8418787730585962e+00
942 1.3068293684347418e+02 1.8080570469581561e+00
943 1.3154899559465812e+02 1.8200393582375043e+00
944 1.3149241544927452e+02 1.8192565465480082e+00
945 1.2944969468662902e+02 1.7909945885672762e+00
946 1.3087156304088396e+02 1.8106667750045664e+00
947 1.2974101416368421e+02 1.7950251241989990e+00
948 1.2851177223338294e+02 1.7780180107365910e+00
949 1.2999757170054585e+02 1.7985747127962350e+00
950 1.2792080611931712e+02 1.7698417294801483e+00
951 1.2796161220676420e+02 1.7704063000028927e+00
952 1.2863652358533182e+02 1.7797440016460155e+00
953 1.2643973166971068e+02 1.7493504001577287e+00
954 1.2742232524663680e+02 1.7629450230210411e+00
955 1.2699872973342222e+02 1.7570843890987653e+00
956 1.2529882133608271e+02 1.7335653939550124e+00
957 1.2677557754514433e+02 1.7539969784826170e+00
958 1.2513961739493509e+02 1.7313627360208688e+00
959 1.2465948592378228e+02 1.7247199017622235e+00
960 1.2562954555626254e+02 1.7381411118822281e+00
961 1.2353136033341318e+02 1.7091117782168843e+00
962 1.2416368591049616e+02 1.7178602861952910e+00
963 1.2410776703515231e+02 1.7170866234733970e+00
964 1.2227422543801539e+02 1.6917187530714253e+00
965 1.2363283430288259e+02 1.7105157160990099e+00
966 1.2226322534554781e+02 1.6915665618582219e+00
967 1.2158609720009981e+02 1.6821981902510139e+00
968 1.2259882188249716e+02 1.6962096904733432e+00
969 1.2061847400292331e+02 1.6688106893062604e+00
970 1.2111553317862622e+02 1.6756877259500060e+00
971 1.2112817060154053e+02 1.6758625703643382e+00
972 1.1934837014501043e+02 1.6512382327473858e+00
973 1.2062428295792634e+02 1.6688910588042407e+00
974 1.1929777631040324e+02 1.6505382443525447e+00
975 1.1868899552735910e+02 1.6421154891603038e+00
976 1.1959521798926312e+02 1.6546534833922506e+00
977 1.1768471975372077e+02 1.6282208833802776e+00
978 1.1825473162874751e+02 1.6361072533409278e+00
979 1.1809338156523070e+02 1.6338749028411979e+00
980 1.1650523225049717e+02 1.6119021447330371e+00
981 1.1773487082798111e+02 1.6289147459871269e+00
982 1.1627175662423390e+02 1.6086719047219491e+00
983 1.1595112542501106e+02 1.6042358282667353e+00
984 1.1660418813667900e+02 1.6132712438034331e+00
985 1.1476720412984709e+02 1.5878557461192937e+00
986 1.1554512906088679e+02 1.5986186864659393e+00
987 1.1500798526903517e+02 1.5911870611784669e+00
988 1.1378003135658382e+02 1.5741977680207320e+00
989 1.1490411877193537e+02 1.5897500216034448e+00
990 1.1323118077157240e+02 1.5666041739990000e+00
991 1.1337115141882028e+02 1.5685407306852561e+00
992 1.1357446242639759e+02 1.5713536296669695e+00
993 1.1194255500997529e+02 1.5487754585949520e+00
994 1.1292328286130783e+02 1.5623442683078359e+00
995 1.1188254254222655e+02 1.5479451591860212e+00
996 1.1122601915326857e+02 1.5388618636267846e+00
997 1.1203643858983568e+02 1.5500743800322898e+00
998 1.1026127745704019e+02 1.5255142295400996e+00
999 1.1091790646686958e+02 1.5345989864114666e+00
1000 1.1046280985444787e+02 1.5283025206523491e+00
1001 1.0931071052032937e+02 1.5123627096092001e+00
1002 1.1027517390570586e+02 1.5257064931404174e+00
1003 1.0878448925429090e+02 1.5050822023654757e+00
1004 1.0885948747583508e+02 1.5061198363997850e+00
1005 1.0903476375632459e+02 1.5085448623577129e+00
1006 1.0749465632141073e+02 1.4872367852052693e+00
1007 1.0847935700442071e+02 1.5008605608263603e+00
1008 1.0730337525837999e+02 1.4845903259021958e+00
1009 1.0694014043431935e+02 1.4795648091881808e+00
1010 1.0745349093440367e+02 1.4866672436119546e+00
1011 1.0586961812887569e+02 1.4647536529268117e+00
1012 1.0658452939160109e+02 1.4746447709085622e+00
1013 1.0588749890076134e+02 1.4650010414259824e+00
1014 1.0505676281644132e+02 1.4535074350861104e+00
1015 1.0586018802096167e+02 1.4646231831540981e+00
1016 1.0426777047387176e+02 1.4425913721368400e+00
1017 1.0476413690183388e+02 1.4494588243048707e+00
1018 1.0438549268667917e+02 1.4442201117534348e+00
1019 1.0332813331373333e+02 1.4295910705671948e+00
1020 1.0416156061630950e+02 1.4411219111187432e+00
1021 1.0277119772653703e+02 1.4218856169138372e+00
1022 1.0292598593806184e+02 1.4240271812480447e+00
1023 1.0290964290085059e+02 1.4238010679978206e+00
1024 1.0161856209274156e+02 1.4059383859241086e+00
1025 1.0250653120322181e+02 1.4182238368518605e+00
1026 1.0123540928551643e+02 1.4006372949791221e+00
1027 1.0120112862843150e+02 1.4001630067123150e+00
1028 1.0134790864772879e+02 1.4021937741151089e+00
1029 1.0002457385133496e+02 1.3838848436464695e+00
1030 1.0080163416475759e+02 1.3946358216205723e+00
1031 9.9759222374923965e+01 1.3802135869511878e+00
1032 9.9476337742383691e+01 1.3762997511766426e+00
1033 9.9824910009245670e+01 1.3811224048351600e+00
1034 9.8415943646436517e+01 1.3616287232365032e+00
1035 9.9176274849827792e+01 1.3721482464697492e+00
1036 9.8223443664627254e+01 1.3589653996454023e+00
1037 9.7860258387286137e+01 1.3539405684324752e+00
1038 9.8239885301533732e+01 1.3591928770666351e+00
1039 9.6890005893272374e+01 1.3405166899866496e+00
1040 9.7528407905323931e+01 1.3493492681683339e+00
1041 9.6735239404072630e+01 1.3383754261905525e+00
1042 9.6238252612945914e+01 1.3314993910198856e+00
1043 9.6710481148411787e+01 1.3380328846185676e+00
1044 9.5331235861411400e+01 1.3189504074346352e+00
1045 9.5970266063334492e+01 1.3277916769049565e+00
1046 9.5188996458242727e+01 1.3169824614926009e+00
1047 9.4711811922734256e+01 1.3103803994103955e+00
1048 9.5136346944089240e+01 1.3162540318491949e+00
1049 9.3840100825670518e+01 1.2983198853905316e+00
1050 9.4397115392323940e+01 1.3060264317601034e+00
1051 9.3690569574816706e+01 1.2962510534651324e+00
1052 9.3173529274213379e+01 1.2890975689961774e+00
1053 9.3623850566735612e+01 1.2953279660625927e+00
1054 9.2313655909934880e+01 1.2772008353190218e+00
1055 9.2910319008042094e+01 1.2854559369049678e+00
1056 9.2141117204088275e+01 1.2748136849341736e+00
1057 9.1722434258231814e+01 1.2690210185847506e+00
1058 9.2072298831820348e+01 1.2738615518864733e+00
1059 9.0852976764906330e+01 1.2569916841834230e+00
1060 9.1406571089562377e+01 1.2646509099708667e+00
1061 9.0641934313977615e+01 1.2540718172151284e+00
1062 9.0258967793719791e+01 1.2487733036338906e+00
1063 9.0578291629400780e+01 1.2531912921281059e+00
1064 8.9364770954804527e+01 1.2364016892898930e+00
1065 8.9978991499719214e+01 1.2448997060275306e+00
1066 8.9100021573273452e+01 1.2327387628473352e+00
1067 8.8878864190166468e+01 1.2296789512554642e+00
1068 8.9043009894677084e+01 1.2319499807022833e+00
1069 8.7948837799101341e+01 1.2168116189867042e+00
1070 8.8526218461401399e+01 1.2247999394244318e+00
1071 8.7613387784362970e+01 1.2121705175720920e+00
1072 8.7487401998236678e+01 1.2104274477121373e+00
1073 8.7556548919183768e+01 1.2113841263781793e+00
1074 8.6519279043121799e+01 1.1970330323921481e+00
1075 8.7133272057126973e+01 1.2055279011375972e+00
1076 8.6096880827089478e+01 1.1911889636134174e+00
1077 8.6173592472485026e+01 1.1922503036352392e+00
1078 8.6025737332707934e+01 1.1902046614583790e+00
1079 8.5172481330273087e+01 1.1783994819504415e+00
1080 8.5700576235158536e+01 1.1857059118280044e+00
1081 8.4647842597650452e+01 1.1711408697663450e+00
1082 8.4842859789945820e+01 1.1738390200935753e+00
1083 8.4539241810836543e+01 1.1696383291696391e+00
1084 8.3826050555953202e+01 1.1597710082678656e+00
1085 8.4306484923401271e+01 1.1664180332326151e+00
1086 8.3190352111715058e+01 1.1509758351595218e+00
1087 8.3573292531181551e+01 1.1562739876246044e+00
1088 8.3015117710179908e+01 1.1485513886157117e+00
1089 8.2567973931301694e+01 1.1423649538757839e+00
1090 8.2856668767818974e+01 1.1463591764284244e+00
1091 8.1820954236373126e+01 1.1320296013327822e+00
1092 8.2266946378941086e+01 1.1382001026678097e+00
1093 8.1546624257700657e+01 1.1282341230315505e+00
1094 8.1311947194426494e+01 1.1249872606005316e+00
1095 8.1429643063412641e+01 1.1266156357385433e+00
1096 8.0468966146562963e+01 1.1133242396977538e+00
1097 8.0990634203055180e+01 1.1205417512451370e+00
1098 8.0067206053499035e+01 1.1077657086071888e+00
1099 8.0129738877408926e+01 1.1086308782740741e+00
1100 7.9945952043719743e+01 1.1060881049953570e+00
1101 7.9222558019516427e+01 1.0960796242037538e+00
1102 7.9647425652340161e+01 1.1019578584714109e+00
1103 7.8675596745464389e+01 1.0885121696465647e+00
1104 7.8923822679821711e+01 1.0919464867861473e+00
1105 7.8495621652494307e+01 1.0860221335103915e+00
1106 7.8003665190850981e+01 1.0792156952044005e+00
1107 7.8303958851987716e+01 1.0833703926981173e+00
1108 7.7314701317592181e+01 1.0696835709942047e+00
1109 7.7747289614217735e+01 1.0756686241085396e+00
1110 7.7023223003808681e+01 1.0656508377851022e+00
1111 7.6877545942139065e+01 1.0636353302958008e+00
1112 7.6882019288654902e+01 1.0636972210512949e+00
1113 7.6075408293380150e+01 1.0525373961392850e+00
1114 7.6497516040086182e+01 1.0583774461446012e+00
1115 7.5633022201068457e+01 1.0464167861269886e+00
1116 7.5744809691707061e+01 1.0479634162004541e+00
1117 7.5469239783820157e+01 1.0441507829223904e+00
1118 7.4888089921451083e+01 1.0361103139110939e+00
1119 7.5227332502489418e+01 1.0408038871815608e+00
1120 7.4284065653186317e+01 1.0277533672342838e+00
1121 7.4642320852248247e+01 1.0327099886029110e+00
1122 7.4023562665855394e+01 1.0241491915601371e+00
1123 7.3810376585715247e+01 1.0211996665202119e+00
1124 7.3859725229912669e+01 1.0218824271472235e+00
1125 7.3071348675780456e+01 1.0109748839071857e+00
1126 7.3459405354180134e+01 1.0163438221094245e+00
1127 7.2657952687475671e+01 1.0052553649868698e+00
1128 7.2737386194018626e+01 1.0063543631785128e+00
1129 7.2483060760448822e+01 1.0028356567314933e+00
1130 7.1931277171032363e+01 9.9520148327826552e-01
1131 7.2236062741003238e+01 9.9941832834547617e-01
1132 7.1348451482656557e+01 9.8713782846250120e-01
1133 7.1687027162544950e+01 9.9182217485643076e-01
1134 7.1072824163038931e+01 9.8332440086739181e-01
1135 7.0909079330231052e+01 9.8105891766038467e-01
1136 7.0901190171897824e+01 9.8094976761628938e-01
1137 7.0191409130027466e+01 9.7112962854114671e-01
1138 7.0540665659437479e+01 9.7596174927893120e-01
1139 6.9753435889486155e+01 9.6507007231240749e-01
1140 6.9888140609446296e+01 9.6693377253269075e-01
1141 6.9551967057081967e+01 9.6228266065049228e-01
1142 6.9121157092594288e+01 9.5632221155892716e-01
1143 6.9332282870398572e+01 9.5924323139192014e-01
1144 6.8514722610365340e+01 9.4793191849086000e-01
1145 6.8865558633486415e+01 9.5278589223259347e-01
1146 6.8187612640556793e+01 9.4340620533864483e-01
1147 6.8160632256022495e+01 9.4303291961699542e-01
1148 6.8008669429201390e+01 9.4093044574744444e-01
1149 6.7444391226861157e+01 9.3312340372015867e-01
1150 6.7720929825907277e+01 9.3694943927490093e-01
1151 6.6943311354439146e+01 9.2619073893388548e-01
1152 6.7174575937921404e+01 9.2939038817637054e-01
1153 6.6688123965208675e+01 9.2266010694368439e-01
1154 6.6459316239946773e+01 9.1949444943666225e-01
1155 6.6498450230653887e+01 9.2003588575101702e-01
1156 6.5810730553313888e+01 9.1052097554942202e-01
1157 6.6144042945198109e+01 9.1513250199305074e-01
1158 6.5396483087452751e+01 9.0478967605519733e-01
1159 6.5548092035534268e+01 9.0688725385365954e-01
1160 6.5181313363057924e+01 9.0181270640727706e-01
1161 6.4849061832885710e+01 8.9721585746126642e-01
1162 6.4965657739521447e+01 8.9882901412678973e-01
1163 6.4267750101194665e+01 8.8917314891529653e-01
1164 6.4557854576356434e+01 8.9318687445085432e-01
1165 6.3917612005551533e+01 8.8432883131326456e-01
1166 6.3938572913633884e+01 8.8461883487826198e-01
1167 6.3720021097899327e+01 8.8159507247967384e-01
1168 6.3269722089146079e+01 8.7536498371919746e-01
1169 6.3475520650150550e+01 8.7821229911832766e-01
1170 6.2747301326714350e+01 8.6813705814752695e-01
1171 6.3031077683673963e+01 8.7206323132938235e-01
1172 6.2441430555446544e+01 8.6390519883362371e-01
1173 6.2407060923844938e+01 8.6342967956447025e-01
1174 6.2248864901390753e+01 8.6124096663753602e-01
1175 6.1771801871696219e+01 8.5464058564276590e-01
1176 6.1980582864996911e+01 8.5752916433043636e-01
1177 6.1295511757170473e+01 8.4805089827603464e-01
1178 6.1516081654521990e+01 8.5110258173897146e-01
1179 6.1017688915385769e+01 8.4420709464697763e-01
1180 6.0899767639903303e+01 8.4257560090898687e-01
1181 6.0824288769976427e+01 8.4153131688871585e-01
1182 6.0296453115424995e+01 8.3422847385580667e-01
1183 6.0540524670250797e+01 8.3760531329119048e-01
1184 5.9853966865519077e+01 8.2810647811827032e-01
1185 6.0069761174533312e+01 8.3109208917454747e-01
1186 5.9592773897216183e+01 8.2449275624789631e-01
1187 5.9467877876643158e+01 8.2276476378316798e-01
1188 5.9397547311999062e+01 8.2179170887567377e-01
1189 5.8891162219070466e+01 8.1478564398412068e-01
1190 5.9107892029611776e+01 8.1778419812362912e-01
1191 5.8470543438766406e+01 8.0896619449682761e-01
1192 5.8642420612927850e+01 8.1134419229409227e-01
1193 5.8217311983991110e+01 8.0546262373711675e-01
1194 5.8059178899803314e+01 8.0327478158932797e-01
1195 5.8021135244495817e+01 8.0274843055427925e-01
1196 5.7503679078044719e+01 7.9558919239479053e-01
1197 5.7734365635618438e+01 7.9878084438956665e-01
1198 5.7095293952895972e+01 7.8993900101378045e-01
1199 5.7283171205174128e+01 7.9253836706836744e-01
1200 5.6843892657349720e+01 7.8646075132789184e-01
1201 5.6720740116969750e+01 7.8475688069364447e-01
1202 5.6648501014076970e+01 7.8375742030343554e-01
1203 5.6180852661532519e+01 7.7728729558983878e-01
1204 5.6372420843346184e+01 7.7993772731005662e-01
1205 5.5776042565797674e+01 7.7168656634429200e-01
1206 5.5943357436125929e+01 7.7400144262167647e-01
1207 5.5520834301898191e+01 7.6815564554368210e-01
1208 5.5404392078014595e+01 7.6654461514796646e-01
1209 5.5326893831388773e+01 7.6547239214530660e-01
1210 5.4876663791626285e+01 7.5924325760175226e-01
1211 5.5067251260771194e+01 7.6188012072231492e-01
1212 5.4469001537999254e+01 7.5360306747247752e-01
1213 5.4666764953719628e+01 7.5633921303256713e-01
1214 5.4205013042488680e+01 7.4995066822929657e-01
1215 5.4154174891038522e+01 7.4924729960134873e-01
1216 5.4011937065773772e+01 7.4727937549032297e-01
1217 5.3636573255045114e+01 7.4208604880549411e-01
1218 5.3772586123568658e+01 7.4396784784790115e-01
1219 5.3220727567800687e+01 7.3633263720157527e-01
1220 5.3406570984895382e+01 7.3890386423415488e-01
1221 5.2942397876598257e+01 7.3248182108348481e-01
1222 5.2925076906483234e+01 7.3224217769290101e-01
1223 5.2747147627146852e+01 7.2978044630596672e-01
1224 5.2418861076197722e+01 7.2523845462593506e-01
1225 5.2528977206091184e+01 7.2676196067382948e-01
1226 5.1992219418507098e+01 7.1933567592853420e-01
1227 5.2201799729152071e+01 7.2223531353018366e-01
1228 5.1694469991010848e+01 7.1521617904840851e-01
1229 5.1756968496570948e+01 7.1608087390553166e-01
1230 5.1492062286652626e+01 7.1241577767189335e-01
1231 5.1265824777660434e+01 7.0928568025979177e-01
1232 5.1293022500024541e+01 7.0966197294779998e-01
1233 5.0827947399867952e+01 7.0322745033518030e-01
1234 5.1007379148201188e+01 7.0570996905459438e-01
1235 5.0505928621230609e+01 6.9877217609639064e-01
1236 5.0605949931447455e+01 7.0015601578619002e-01
1237 5.0289063795568559e+01 6.9577175396212787e-01
1238 5.0137238323311770e+01 6.9367118045458243e-01
1239 5.0103198349564408e+01 6.9320022214970511e-01
1240 4.9691842503781942e+01 6.8750892951625864e-01
1241 4.9858436721122906e+01 6.8981383523632667e-01
1242 4.9343066470085311e+01 6.8268345665218744e-01
1243 4.9506348065941040e+01 6.8494253076818412e-01
1244 4.9103766486624004e+01 6.7937263404684289e-01
1245 4.9069581299184087e+01 6.7889966664539592e-01
1246 4.8921777940219961e+01 6.7685474087930864e-01
1247 4.8624064969106321e+01 6.7273574838958827e-01
1248 4.8713231756198915e+01 6.7396941088334206e-01
1249 4.8248968977633169e+01 6.6754612710428540e-01
1250 4.8414464122623407e+01 6.6983582666540986e-01
1251 4.7979486955187589e+01 6.6381772245192550e-01
1252 4.8020945402098562e+01 6.6439131866045809e-01
1253 4.7788930570763696e+01 6.6118128940242060e-01
1254 4.7587604329735925e+01 6.5839585055615524e-01
1255 4.7606581408976581e+01 6.5865840695931333e-01
1256 4.7192132707745884e+01 6.5292432328348993e-01
1257 4.7360367092678416e+01 6.5525192145785804e-01
1258 4.6888027877485918e+01 6.4871689655551457e-01
1259 4.7020085127006510e+01 6.5054396783478652e-01
1260 4.6675727293482439e+01 6.4577962275181533e-01
1261 4.6614181584245571e+01 6.4492811025918562e-01
1262 4.6504833795089453e+01 6.4341523455001925e-01
1263 4.6209851536671870e+01 6.3933402269526618e-01
1264 4.6304156857148044e+01 6.4063877910318823e-01
1265 4.5871767568794063e+01 6.3465647935755254e-01
1266 4.6023280280041035e+01 6.3675272567624319e-01
1267 4.5626106524096819e+01 6.3125764861685718e-01
1268 4.5661513609633090e+01 6.3174752152653002e-01
1269 4.5448338495254326e+01 6.2879814820283209e-01
1270 4.5266205798707851e+01 6.2627826065342107e-01
1271 4.5278526836364506e+01 6.2644872773580407e-01
1272 4.4902970965246290e+01 6.2125274380934004e-01
1273 4.5055445650275018e+01 6.2336229946677923e-01
1274 4.4618269138478198e+01 6.1731376633757984e-01
1275 4.4751212124737080e+01 6.1915309218190895e-01
1276 4.4415670108228525e+01 6.1451071788154032e-01
1277 4.4386057941485625e+01 6.1410102027259139e-01
1278 4.4255969482845721e+01 6.1230118809822320e-01
1279 4.4014627818573992e+01 6.0896211792310340e-01
1280 4.4079390495740356e+01 6.0985813860995686e-01
1281 4.3693987090429907e+01 6.0452590963099040e-01
1282 4.3838501427648460e+01 6.0652533030598987e-01
1283 4.3453253763278092e+01 6.0119525607278435e-01
1284 4.3524061407224444e+01 6.0217491158641157e-01
1285 4.3280107030557467e+01 5.9879969336341343e-01
1286 4.3168664181226504e+01 5.9725783155702261e-01
1287 4.3128785610281440e+01 5.9670609364110627e-01
1288 4.2826869553904395e+01 5.9252894958154045e-01
1289 4.2944783175073063e+01 5.9416033741866658e-01
1290 4.2545175641846853e+01 5.8863158795895243e-01
1291 4.2693947595396928e+01 5.9068991466558385e-01
1292 4.2338848772400418e+01 5.8577696317556338e-01
1293 4.2380219088963969e+01 5.8634934006120998e-01
1294 4.2185875839668050e+01 5.8366051403766339e-01
1295 4.2041928713318761e+01 5.8166894097945354e-01
1296 4.2039268955612521e+01 5.8163214203859614e-01
1297 4.1729894658967595e+01 5.7735180987965051e-01
1298 4.1851513141616770e+01 5.7903445613711546e-01
1299 4.1480963526842729e+01 5.7390773601264888e-01
1300 4.1599146129438331e+01 5.7554284532846389e-01
1301 4.1300738523397754e+01 5.7141424225296211e-01
1302 4.1294234584274349e+01 5.7132425733795256e-01
1303 4.1162312874094212e+01 5.6949906130624983e-01
1304 4.0976555519254902e+01 5.6692902498357522e-01
1305 4.1020378355002009e+01 5.6753533357216435e-01
1306 4.0692009133052217e+01 5.6299219810175771e-01
1307 4.0834045862737035e+01 5.6495733996523700e-01
1308 4.0469881614300732e+01 5.5991896424810639e-01
1309 4.0587305072109110e+01 5.6154357045528791e-01
1310 4.0309883679327463e+01 5.5770532105325177e-01
1311 4.0296297664876583e+01 5.5751735244953560e-01
1312 4.0183555614137269e+01 5.5595751560892437e-01
1313 3.9999780272014853e+01 5.5341490132118787e-01
1314 4.0048535791618029e+01 5.5408945580340163e-01
1315 3.9739002139600117e+01 5.4980691889139444e-01
1316 3.9869240712378037e+01 5.5160882796219335e-01
1317 3.9538132005211182e+01 5.4702779048505668e-01
1318 3.9634094803310717e+01 5.4835547883933289e-01
1319 3.9394076492826066e+01 5.4503471785742630e-01
1320 3.9360397334815652e+01 5.4456875160010776e-01
1321 3.9279003069500199e+01 5.4344262543138044e-01
1322 3.9084618410926907e+01 5.4075322649190782e-01
1323 3.9153803031585078e+01 5.4171042675036207e-01
1324 3.8844162849543238e+01 5.3742641594769158e-01
1325 3.8986598119812662e+01 5.3939707179891783e-01
1326 3.8660266031801143e+01 5.3488212099027088e-01
1327 3.8767683455216790e+01 5.3636828922358337e-01
1328 3.8529391918106803e+01 5.3307141892583176e-01
1329 3.8513401487121207e+01 5.3285018414089547e-01
1330 3.8425775485330348e+01 5.3163783910288565e-01
1331 3.8257297840508350e+01 5.2930687531883647e-01
1332 3.8313491911354276e+01 5.3008434549393624e-01
1333 3.8033870452715881e+01 5.2621565719396768e-01
1334 3.8162940097190486e+01 5.2800139361738629e-01
1335 3.7863256226948884e+01 5.2385513285421548e-01
1336 3.7964308846991088e+01 5.2525324117802619e-01
1337 3.7743276968119240e+01 5.2219516599354121e-01
1338 3.7731464846161224e+01 5.2203173998811481e-01
1339 3.7651255193078818e+01 5.2092200346097040e-01
1340 3.7494601564101217e+01 5.1875463023960044e-01
1341 3.7554351186710967e+01 5.1958129306813827e-01
1342 3.7285982916020146e+01 5.1586829767086084e-01
1343 3.7424170310766755e+01 5.1778018225891265e-01
1344 3.7125960426114233e+01 5.1365431474749934e-01
1345 3.7249307418504337e+01 5.1536087571252531e-01
1346 3.7015054934975232e+01 5.1211988753271764e-01
1347 3.7039936509766939e+01 5.1246413528019097e-01
1348 3.6934536303811910e+01 5.1100587615523663e-01
1349 3.6822422746819015e+01 5.0945473480750780e-01
1350 3.6854773368853756e+01 5.0990232017370940e-01
1351 3.6627120783002617e+01 5.0675264453855440e-01
1352 3.6748016540134110e+01 5.0842529156431526e-01
1353 3.6475447545716946e+01 5.0465417727011685e-01
1354 3.6600315396080589e+01 5.0638177998736311e-01
1355 3.6371609184070842e+01 5.0321752696171662e-01
1356 3.6417192445625346e+01 5.0384819183096174e-01
1357 3.6301625395549486e+01 5.0224926985742135e-01
1358 3.6220529624655114e+01 5.0112727349289443e-01
1359 3.6239506889993798e+01 5.0138983247080215e-01
1360 3.6038577277067112e+01 4.9860988115221644e-01
1361 3.6158139629957631e+01 5.0026407993222644e-01
1362 3.5894076016984094e+01 4.9661064140525263e-01
1363 3.6040586658054686e+01 4.9863768183945506e-01
1364 3.5795510606169557e+01 4.9524694473670439e-01
1365 3.5886957078223332e+01 4.9651214769441210e-01
1366 3.5734416678044170e+01 4.9440168283839114e-01
1367 3.5713789528270254e+01 4.9411629696929288e-01
1368 3.5689219800244977e+01 4.9377636376170697e-01
1369 3.5546541977783292e+01 4.9180235209210793e-01
1370 3.5634033631567391e+01 4.9301283836518456e-01
1371 3.5408971276057748e+01 4.8989899972861023e-01
1372 3.5549124808937840e+01 4.9183808671961848e-01
1373 3.5314003411058884e+01 4.8858507672004309e-01
1374 3.5428804990009937e+01 4.9017340805723203e-01
1375 3.5259317381973908e+01 4.8782847097911397e-01
1376 3.5283341060771761e+01 4.8816084935071685e-01
1377 3.5228755920663914e+01 4.8740563945403848e-01
1378 3.5134218325419184e+01 4.8609766942051036e-01
1379 3.5198803943907080e+01 4.8699124042113040e-01
1380 3.5005207839296055e+01 4.8431275147941905e-01
1381 3.5147800089362349e+01 4.8628557921654569e-01
1382 3.4913224075605832e+01 4.8304011485092757e-01
1383 3.5064395334157773e+01 4.8513163701842943e-01
1384 3.4862385456120592e+01 4.8233673974750446e-01
1385 3.4951786966467381e+01 4.8357364974276135e-01
1386 3.4843002873822705e+01 4.8206857302766776e-01
1387 3.4825993605844438e+01 4.8183324217595497e-01
1388 3.4835510697845713e+01 4.8196491541253111e-01
1389 3.4709176813722266e+01 4.8021702946065215e-01
1390 3.4817916812688672e+01 4.8172149611992932e-01
1391 3.4621085382355226e+01 4.7899824499569493e-01
1392 3.4774140705395155e+01 4.8111583404045494e-01
1393 3.4572010315671641e+01 4.7831926943629599e-01
1394 3.4700040324734566e+01 4.8009062203748215e-01
1395 3.4559523506293409e+01 4.7814650882779069e-01
1396 3.4604680768219097e+01 4.7877127980109591e-01
1397 3.4569748270377538e+01 4.7828797302504805e-01
1398 3.4506460415941405e+01 4.7741235717217528e-01
1399 3.4582562427625888e+01 4.7846526263816302e-01
1400 3.4425963216709476e+01 4.7629864231507801e-01
1401 3.4578985162242532e+01 4.7841576956705945e-01
1402 3.4378527026361603e+01 4.7564234134487526e-01
1403 3.4548137504220207e+01 4.7798897838209992e-01
1404 3.4369150109761740e+01 4.7551260749785107e-01
1405 3.4491109725304163e+01 4.7719997348190379e-01
1406 3.4391161444444272e+01 4.7581714418601395e-01
1407 3.4420231959464033e+01 4.7621934780042408e-01
1408 3.4428823003042275e+01 4.7633820874170346e-01
1409 3.4354220380823229e+01 4.7530604800149706e-01
1410 3.4462956735979866e+01 4.7681046424703172e-01
1411 3.4311335482955954e+01 4.7471271620417238e-01
1412 3.4477759966188842e+01 4.7701527357672363e-01
1413 3.4303171352811582e+01 4.7459976180173580e-01
1414 3.4466406093236408e+01 4.7685818765182969e-01
1415 3.4331055622554572e+01 4.7498555318067059e-01
1416 3.4433313148647557e+01 4.7640033192013509e-01
1417 3.4385946885629124e+01 4.7574499842589990e-01
1418 3.4392265083450063e+01 4.7583241352667854e-01
1419 3.4451683544089583e+01 4.7665449458082082e-01
1420 3.4361299327537701e+01 4.7540398840443943e-01
1421 3.4510547967825715e+01 4.7746891028590038e-01
1422 3.4356456010068584e+01 4.7533697893486210e-01
1423 3.4549358966761432e+01 4.7800587786422516e-01
1424 3.4386595365908896e+01 4.7575397044143591e-01
1425 3.4563958276577125e+01 4.7820786586381075e-01
1426 3.4450771855485655e+01 4.7664188096006221e-01
1427 3.4560393484338263e+01 4.7815854536425589e-01
1428 3.4538661695926713e+01 4.7785787632413806e-01
1429 3.4552283140173678e+01 4.7804633511497452e-01
1430 3.4633553294270904e+01 4.7917074414932964e-01
1431 3.4555091010357515e+01 4.7808518325839289e-01
1432 3.4716335406102580e+01 4.8031607179710523e-01
1433 3.4578417746505899e+01 4.7840791911583797e-01
1434 3.4767649359125201e+01 4.8102602335322120e-01
1435 3.4616513355586662e+01 4.7893498895464282e-01
1436 3.4764204553305959e+01 4.8097836291959972e-01
1437 3.4635592060421672e+01 4.7919895139348129e-01
1438 3.4665272190004394e+01 4.7960958929880282e-01
1439 3.4556289748395329e+01 4.7810176833682072e-01
1440 3.4389146605423434e+01 4.7578926798443699e-01
1441 3.4235175629782752e+01 4.7365901047524439e-01
1442 3.3791464923505750e+01 4.6752007383460387e-01
1443 3.3465894848243892e+01 4.6301566581413706e-01
1444 3.2679664085125523e+01 4.5213781055523572e-01
1445 3.2042508551790824e+01 4.4332247796568724e-01
1446 3.0911446252092741e+01 4.2767372372956802e-01
1447 2.9915138699105174e+01 4.1388936185626229e-01
1448 2.8575041523061987e+01 3.9534851634667806e-01
1449 2.7368862328540818e+01 3.7866048617820686e-01
1450 2.6120167122531644e+01 3.6138422792092623e-01
1451 2.5043732201808151e+01 3.4649126797515239e-01
1452 2.4263141729047685e+01 3.3569144866321415e-01
1453 2.3697148598260295e+01 3.2786067983165834e-01
1454 2.3667317718308084e+01 3.2744795622735828e-01
1455 2.3822850038416913e+01 3.2959981563758367e-01
1456 2.4532566808314083e+01 3.3941906548114914e-01
1457 2.5224353550149122e+01 3.4899024534424938e-01
1458 2.6152037569419093e+01 3.6182516984859026e-01
1459 2.6668986105980057e+01 3.6897738472085984e-01
1460 2.6908450613011514e+01 3.7229048358359179e-01
1461 2.6559073914675590e+01 3.6745670025481753e-01
1462 2.5825771621014404e+01 3.5731113411106974e-01
1463 2.4981783259023661e+01 3.4563417656552742e-01
1464 2.4163097381126548e+01 3.3430729023644262e-01
1465 2.3871136157962425e+01 3.3026787575945787e-01
1466 2.3849596930194060e+01 3.2996987088220847e-01
1467 2.4457746787430121e+01 3.3838389693290299e-01
1468 2.5001203806012249e+01 3.4590286854388841e-01
1469 2.5616857292883861e+01 3.5442071067622311e-01
1470 2.5572161704540814e+01 3.5380232716401006e-01
1471 2.5186331642404223e+01 3.4846419519648375e-01
1472 2.4386224035896859e+01 3.3739434758506087e-01
1473 2.3712809026949763e+01 3.2807734888681045e-01
1474 2.3429187827855507e+01 3.2415332238361594e-01
1475 2.3568634124833949e+01 3.2608262444870556e-01
1476 2.4172551408444381e+01 3.3443809094483667e-01
1477 2.4589987740106654e+01 3.4021350982773441e-01
1478 2.4820593974594878e+01 3.4340405051659512e-01
1479 2.4306247769399860e+01 3.3628784006600732e-01
1480 2.3717368314604794e+01 3.2814042867651294e-01
1481 2.3052744519174070e+01 3.1894506036041892e-01
1482 2.2994726919341165e+01 3.1814236084386976e-01
1483 2.3280871185676908e+01 3.2210129511403152e-01
1484 2.3812903928791673e+01 3.2946220674975102e-01
1485 2.4066555857167291e+01 3.3297159495031903e-01
1486 2.3759773019178532e+01 3.2872711678423855e-01
1487 2.3191353821810445e+01 3.2086278223336573e-01
1488 2.2565551824777501e+01 3.1220453091099803e-01
1489 2.2554514755919921e+01 3.1205182811285376e-01
1490 2.2792420339768540e+01 3.1534335857412127e-01
1491 2.3348156936345930e+01 3.2303222365447831e-01
1492 2.3337309027759876e+01 3.2288213797353538e-01
1493 2.3017618697185565e+01 3.1845907885808566e-01
1494 2.2336152637763117e+01 3.0903069026533964e-01
1495 2.2049276992768618e+01 3.0506163704338590e-01
1496 2.2182151610206908e+01 3.0690001697441638e-01
1497 2.2603659142934045e+01 3.1273176275011827e-01
1498 2.2855801672925043e+01 3.1622026774701867e-01
1499 2.2518077203723983e+01 3.1154769823474521e-01
1500 2.2017531004209538e+01 3.0462241705251863e-01
1501 2.1556190169833751e+01 2.9823955968192112e-01
1502 2.1755003011784520e+01 3.0099022452461144e-01
1503 2.2053031717622819e+01 3.0511358534586519e-01
1504 2.2339956066425760e+01 3.0908331240685405e-01
1505 2.1958410001840022e+01 3.0380445146696200e-01
1506 2.1475313582628168e+01 2.9712059582203992e-01
1507 2.1143525072905149e+01 2.9253015297162427e-01
1508 2.1341428190895726e+01 2.9526823137528330e-01
1509 2.1716539250671687e+01 3.0045806113731421e-01
1510 2.1732284921270207e+01 3.0067590955251194e-01
1511 2.1371568357837273e+01 2.9568523410380654e-01
1512 2.0820375057539515e+01 2.8805922756530067e-01
1513 2.0816725653193185e+01 2.8800873641928759e-01
1514 2.1029264263608169e+01 2.9094930342515296e-01
1515 2.1371644204920599e+01 2.9568628348222437e-01
1516 2.1066243654499161e+01 2.9146092988464062e-01
1517 2.0653008426760668e+01 2.8574363515886597e-01
1518 2.0320901439433005e+01 2.8114878602794202e-01
1519 2.0554417592520029e+01 2.8437958674581426e-01
1520 2.0834654033155743e+01 2.8825678359755597e-01
1521 2.0773390648580921e+01 2.8740917719325787e-01
1522 2.0342698586692723e+01 2.8145035933703993e-01
1523 1.9960037200151000e+01 2.7615606741762710e-01
1524 2.0115680277758504e+01 2.7830945920752514e-01
1525 2.0349931074887824e+01 2.8155042405523534e-01
1526 2.0433851512503892e+01 2.8271150095081571e-01
1527 1.9938952675670972e+01 2.7586435356432171e-01
1528 1.9664807981683936e+01 2.7207143875981943e-01
1529 1.9656128692320731e+01 2.7195135689852390e-01
1530 2.0013823070367017e+01 2.7690021905685241e-01
1531 1.9962579602643526e+01 2.7619124269646494e-01
1532 1.9596947157222054e+01 2.7113255381550833e-01
1533 1.9256201163379593e+01 2.6641818015456481e-01
1534 1.9337693776603459e+01 2.6754566701071747e-01
1535 1.9639949634825879e+01 2.7172751238122667e-01
1536 1.9531763343903648e+01 2.7023070652109749e-01
1537 1.9188424709632958e+01 2.6548046251694224e-01
1538 1.8853852485280786e+01 2.6085150572604188e-01
1539 1.9090677307792962e+01 2.6412808336946153e-01
1540 1.9229734510650797e+01 2.6605200214287067e-01
1541 1.9149504725804658e+01 2.6494198708374517e-01
1542 1.8668560674180075e+01 2.5828791040980292e-01
1543 1.8589821783861442e+01 2.5719852254518222e-01
1544 1.8766836246949701e+01 2.5964759703899765e-01
1545 1.8916776295995007e+01 2.6172208487073595e-01
1546 1.8619861638200199e+01 2.5761413740385225e-01
1547 1.8260448334240021e+01 2.5264149313450851e-01
1548 1.8312319257011726e+01 2.5335915061692288e-01
1549 1.8504756815876146e+01 2.5602161055858291e-01
1550 1.8513007979439546e+01 2.5613576910740926e-01
1551 1.8072422570988081e+01 2.5004007236398706e-01
1552 1.7947500101649570e+01 2.4831171396872512e-01
1553 1.8048291446301064e+01 2.4970620743031449e-01
1554 1.8258823422978107e+01 2.5261901175837215e-01
1555 1.7942114502489211e+01 2.4823720178871769e-01
1556 1.7663509175127029e+01 2.4438257212072495e-01
1557 1.7648854352491721e+01 2.4417981607638056e-01
1558 1.7884852674774685e+01 2.4744495871841571e-01
1559 1.7795017569919640e+01 2.4620204974865528e-01
1560 1.7426509466218565e+01 2.4110357484557013e-01
1561 1.7325333998354434e+01 2.3970376686704165e-01
1562 1.7472814682845115e+01 2.4174422828705835e-01
1563 1.7586029533513869e+01 2.4331060652676026e-01
1564 1.7215762585985352e+01 2.3818779723042133e-01
1565 1.7045449840332960e+01 2.3583144400327868e-01
1566 1.7092096368797218e+01 2.3647681964713152e-01
1567 1.7304719291935680e+01 2.3941855315734328e-01
1568 1.7021056320827178e+01 2.3549394871959550e-01
1569 1.6774577359036027e+01 2.3208380172904233e-01
1570 1.6767837157117146e+01 2.3199054801228550e-01
1571 1.6973550717516009e+01 2.3483668738991145e-01
1572 1.6827610801793707e+01 2.3281754319689232e-01
1573 1.6502919466111909e+01 2.2832529293266016e-01
1574 1.6484778734679963e+01 2.2807430777656598e-01
1575 1.6633527349602435e+01 2.3013231158281630e-01
1576 1.6613532493187627e+01 2.2985567377594629e-01
1577 1.6241330373635314e+01 2.2470609050666790e-01
1578 1.6211664368146003e+01 2.2429564801451382e-01
1579 1.6320712223362342e+01 2.2580437400309281e-01
1580 1.6362722859019570e+01 2.2638560999060522e-01
1581 1.6000355637689243e+01 2.2137209694951335e-01
1582 1.5928074730792908e+01 2.2037205818216474e-01
1583 1.6048023347512952e+01 2.2203160109550868e-01
1584 1.6078531611517288e+01 2.2245369661199962e-01
1585 1.5774543396096066e+01 2.1824788330262401e-01
1586 1.5637196409696884e+01 2.1634762614101041e-01
1587 1.5803206448137274e+01 2.1864444948396494e-01
1588 1.5782777772302840e+01 2.1836180959084167e-01
1589 1.5543758938886935e+01 2.1505487682248062e-01
1590 1.5358326312291572e+01 2.1248933326071265e-01
1591 1.5562470437667391e+01 2.1531375880084996e-01
1592 1.5499842253040081e+01 2.1444726977566655e-01
1593 1.5288310954907901e+01 2.1152063938704752e-01
1594 1.5108575853411860e+01 2.0903392364056186e-01
1595 1.5309577977696302e+01 2.1181487818630593e-01
1596 1.5239414078844522e+01 2.1084412917480364e-01
1597 1.5004740607614011e+01 2.0759731644131979e-01
1598 1.4889469192298314e+01 2.0600248470728846e-01
1599 1.5046470750929061e+01 2.0817467169146786e-01
1600 1.4990867876554047e+01 2.0740538098471487e-01
1601 1.4709212291544166e+01 2.0350854963402223e-01
1602 1.4687131442882990e+01 2.0320305118878546e-01
1603 1.4787942453362385e+01 2.0459781673592464e-01
1604 1.4732243877601951e+01 2.0382720195757903e-01
1605 1.4426553477324099e+01 1.9959783815722434e-01
1606 1.4483869701444416e+01 2.0039083382619904e-01
1607 1.4546109112304226e+01 2.0125194399193086e-01
1608 1.4447104875046634e+01 1.9988217596271440e-01
1609 1.4174917059209259e+01 1.9611633544513890e-01
1610 1.4271207810317998e+01 1.9744856117639545e-01
1611 1.4317831313884041e+01 1.9809361826045402e-01
1612 1.4137526838268354e+01 1.9559902496763945e-01
1613 1.3957325528176430e+01 1.9310585901611940e-01
1614 1.4053493696439320e+01 1.9443638875872107e-01
1615 1.4084372035889791e+01 1.9486360443500067e-01
1616 1.3824419207998547e+01 1.9126704046346690e-01
1617 1.3763855671157865e+01 1.9042911676647606e-01
1618 1.3839234849582384e+01 1.9147202151009693e-01
1619 1.3823643749795307e+01 1.9125631165140577e-01
1620 1.3536167553143953e+01 1.8727894952791163e-01
1621 1.3580318177896268e+01 1.8788979322441229e-01
1622 1.3628370691397548e+01 1.8855462130188427e-01
1623 1.3527424400620554e+01 1.8715798409115003e-01
1624 1.3294140746498931e+01 1.8393040010074774e-01
1625 1.3395429310337034e+01 1.8533177281280352e-01
1626 1.3407356135083548e+01 1.8549678578275688e-01
1627 1.3211925184001064e+01 1.8279291091712202e-01
1628 1.3102766678477431e+01 1.8128265403191121e-01
1629 1.3200927086859480e+01 1.8264074731014868e-01
1630 1.3157856303278937e+01 1.8204484370060486e-01
1631 1.2913259072031364e+01 1.7866073129614210e-01
1632 1.2946786367586164e+01 1.7912459646827172e-01
1633 1.2987479865652254e+01 1.7968760926642990e-01
1634 1.2874348140142800e+01 1.7812238110059136e-01
1635 1.2668726019377035e+01 1.7527750683130311e-01
1636 1.2795216636969569e+01 1.7702756126102714e-01
1637 1.2745646067960694e+01 1.7634173020470820e-01
1638 1.2577177843531466e+01 1.7401089675601836e-01
1639 1.2493370224464002e+01 1.7285138075566087e-01
1640 1.2611752574675709e+01 1.7448925366933832e-01
1641 1.2476098571309427e+01 1.7261241968734520e-01
1642 1.2307096530538338e+01 1.7027420065013096e-01
1643 1.2364281025435028e+01 1.7106537378621181e-01
1644 1.2371979156647848e+01 1.7117188088441404e-01
1645 1.2199777458496520e+01 1.6878939315218938e-01
1646 1.2098972968618098e+01 1.6739471782048937e-01
1647 1.2225095286134140e+01 1.6913967665346008e-01
1648 1.2083176331079827e+01 1.6717616425481976e-01
1649 1.1952628966399081e+01 1.6536998290954169e-01
1650 1.1950293147419742e+01 1.6533766580626852e-01
1651 1.2018436373066201e+01 1.6628045789763474e-01
1652 1.1790839142418530e+01 1.6313154812654834e-01
1653 1.1760525226758027e+01 1.6271214150656615e-01
1654 1.1811343570062993e+01 1.6341523607994060e-01
1655 1.1733342797518981e+01 1.6233606040580267e-01
1656 1.1554368180886705e+01 1.5985986630851046e-01
1657 1.1609879047267876e+01 1.6062788404339992e-01
1658 1.1618404312950522e+01 1.6074583491799010e-01
1659 1.1426347359384648e+01 1.5808864082134982e-01
1660 1.1399243792719398e+01 1.5771365081966734e-01
1661 1.1445010841263901e+01 1.5834685846435378e-01
1662 1.1355251097242657e+01 1.5710499214553089e-01
1663 1.1181681756026661e+01 1.5470358245807223e-01
1664 1.1282562595736266e+01 1.5609931412393216e-01
1665 1.1215272060719434e+01 1.5516831938988745e-01
1666 1.1079271638435339e+01 1.5328669254678579e-01
1667 1.1033593436098698e+01 1.5265471412923565e-01
1668 1.1116075610069672e+01 1.5379589200217608e-01
1669 1.0939589863109152e+01 1.5135413253313509e-01
1670 1.0867032971798098e+01 1.5035027539762047e-01
1671 1.0922548292209944e+01 1.5111835475602212e-01
1672 1.0853888736262808e+01 1.5016841900335437e-01
1673 1.0701617802447480e+01 1.4806168233534189e-01
1674 1.0726182901391393e+01 1.4840155149751083e-01
1675 1.0747222489520405e+01 1.4869264363624446e-01
1676 1.0559362635382090e+01 1.4609351829272588e-01
1677 1.0554970745032147e+01 1.4603275451982264e-01
1678 1.0575207595167551e+01 1.4631274041835951e-01
1679 1.0485211137845457e+01 1.4506759906484540e-01
1680 1.0343899004115693e+01 1.4311248231141019e-01
1681 1.0443452923241512e+01 1.4448985543582454e-01
1682 1.0343097821892314e+01 1.4310139759599233e-01
1683 1.0229813548525756e+01 1.4153405886212789e-01
1684 1.0228639907338817e+01 1.4151782100988872e-01
1685 1.0253768195381221e+01 1.4186548214584466e-01
1686 1.0081016941715154e+01 1.3947539106657927e-01
1687 1.0064955416730092e+01 1.3925317266427234e-01
1688 1.0105548199895825e+01 1.3981479202661004e-01
1689 9.9739052312973548e+00 1.3799345250971470e-01
1690 9.9003559529913225e+00 1.3697586525500535e-01
1691 9.9400285324268545e+00 1.3752475318599311e-01
1692 9.8823926160064985e+00 1.3672733443065452e-01
1693 9.7290184777022901e+00 1.3460533443371378e-01
1694 9.7998284507869808e+00 1.3558502217201460e-01
1695 9.7394007542976837e+00 1.3474897788721418e-01
1696 9.6283905548673783e+00 1.3321310198625705e-01
1697 9.5985485638083414e+00 1.3280022465481031e-01
1698 9.6467962560389591e+00 1.3346775311754699e-01
1699 9.4793852717541203e+00 1.3115154706046281e-01
1700 9.4623932824749968e+00 1.3091645526730275e-01
1701 9.4860598525314650e+00 1.3124389287929319e-01
1702 9.3864852043800884e+00 1.2986623295951258e-01
1703 9.2961959566964065e+00 1.2861704072001950e-01
1704 9.3460982355538604e+00 1.2930746113087666e-01
1705 9.2750466368708882e+00 1.2832443039404634e-01
1706 9.1495411305041241e+00 1.2658800541998660e-01
1707 9.2047746612033148e+00 1.2735218609132140e-01
1708 9.1448631126778093e+00 1.2652328294510989e-01
1709 9.0406918893818151e+00 1.2508202734648369e-01
1710 9.0254276693416582e+00 1.2487084001570781e-01
1711 9.0538176827069403e+00 1.2526362858450021e-01
1712 8.8894029775293646e+00 1.2298887739279779e-01
1713 8.9050928851134721e+00 1.2320595430167952e-01
1714 8.8973479379616780e+00 1.2309879948396302e-01
1715 8.8028611960707313e+00 1.2179153302939394e-01
1716 8.7328211421365793e+00 1.2082249746787567e-01
1717 8.7888978742891268e+00 1.2159834420952213e-01
1718 8.6718090856168129e+00 1.1997836829994842e-01
1719 8.6068508095849836e+00 1.1907964141505849e-01
1720 8.6450851871465701e+00 1.1960863117803792e-01
1721 8.5632285704991258e+00 1.1847610817125216e-01
1722 8.4766398306152784e+00 1.1727811411697303e-01
1723 8.4996289194141141e+00 1.1759617847189083e-01
1724 8.4635164294558578e+00 1.1709654597564201e-01
1725 8.3326176034207649e+00 1.1528550200488419e-01
1726 8.3832282023492866e+00 1.1598572234163013e-01
1727 8.3253306671524268e+00 1.1518468397317370e-01
1728 8.2366040127928937e+00 1.1395711091319632e-01
1729 8.2201282784800878e+00 1.1372916173905312e-01
1730 8.2358434692819209e+00 1.1394658845259246e-01
1731 8.0932725102147067e+00 1.1197405528598778e-01
1732 8.1098755776728098e+00 1.1220376617130939e-01
1733 8.0965264235753232e+00 1.1201907463682238e-01
1734 7.9959016610901550e+00 1.1062688591422187e-01
1735 7.9656133022722528e+00 1.1020783288462017e-01
1736 7.9858951209135087e+00 1.1048844094260538e-01
1737 7.8789765610833360e+00 1.0900917471075521e-01
1738 7.8367296007851186e+00 1.0842466906583506e-01
1739 7.8714034555841472e+00 1.0890439739937931e-01
1740 7.7572185014639929e+00 1.0732459734330298e-01
1741 7.7266749937474835e+00 1.0690201421424611e-01
1742 7.7327211362971884e+00 1.0698566530832125e-01
1743 7.6674840118126415e+00 1.0608308043001499e-01
1744 7.5817260763300443e+00 1.0489658092727110e-01
1745 7.6375921036876431e+00 1.0566951247357119e-01
1746 7.5319110569580729e+00 1.0420736779053444e-01
1747 7.4876776104413283e+00 1.0359537821777454e-01
1748 7.4945094925702600e+00 1.0368990037135911e-01
1749 7.4438386258060234e+00 1.0298884620207389e-01
1750 7.3521065894713784e+00 1.0171969233445510e-01
1751 7.3925181320621807e+00 1.0227880415214607e-01
1752 7.3217714570640631e+00 1.0129999217126433e-01
1753 7.2458377621808374e+00 1.0024941544371781e-01
1754 7.2722378270991586e+00 1.0061467218318713e-01
1755 7.2119783337765497e+00 9.9780955064642657e-02
1756 7.1381757314076424e+00 9.8759862957898986e-02
1757 7.1485013864463580e+00 9.8902723026766046e-02
1758 7.1153093305440915e+00 9.8443496045595560e-02
1759 7.0118668388797261e+00 9.7012322775953772e-02
1760 7.0537084827476075e+00 9.7591220686262053e-02
1761 6.9865706592084136e+00 9.6662338784006777e-02
1762 6.9238768064431149e+00 9.5794941210679926e-02
1763 6.9204137344649164e+00 9.5747028056556341e-02
1764 6.9001946300863510e+00 9.5467287678524929e-02
1765 6.7954180453939781e+00 9.4017656633454696e-02
1766 6.8298349504064024e+00 9.4493829951450573e-02
1767 6.7758984789945051e+00 9.3747594677130536e-02
1768 6.7026183488643101e+00 9.2733731208155964e-02
1769 6.7113949443737768e+00 9.2855159343630145e-02
1770 6.6763572968899645e+00 9.2370397775118560e-02
1771 6.5938548346606769e+00 9.1228939205024367e-02
1772 6.6048068401707019e+00 9.1380465113601414e-02
1773 6.5743712108147392e+00 9.0959374530049819e-02
1774 6.4819563032435683e+00 8.9680772832582800e-02
1775 6.5116134739961051e+00 9.0091093092190919e-02
1776 6.4550825961433880e+00 8.9308963041082864e-02
1777 6.3954126968539367e+00 8.8483403220440043e-02
1778 6.3904092396665080e+00 8.8414178146031752e-02
1779 6.3701151901393569e+00 8.8133400868254219e-02
1780 6.2735902162040977e+00 8.6797934559135898e-02
1781 6.3095236319943968e+00 8.7295089483950178e-02
1782 6.2464832597499731e+00 8.6422897658203907e-02
1783 6.1917143750764678e+00 8.5665145573043944e-02
1784 6.1929096174125871e+00 8.5681682286870869e-02
1785 6.1579633379640093e+00 8.5198184836108429e-02
1786 6.0810790651330944e+00 8.4134456436289168e-02
1787 6.1032117118305544e+00 8.4440671530591108e-02
1788 6.0498791772971954e+00 8.3702791993871817e-02
1789 5.9860118149131321e+00 8.2819158388610495e-02
1790 6.0069387544351498e+00 8.3108691983339630e-02
1791 5.9441913436340794e+00 8.2240553410565284e-02
1792 5.8975864919200767e+00 8.1595754383245664e-02
1793 5.9004470725978164e+00 8.1635331799989636e-02
1794 5.8560069569320490e+00 8.1020482866854884e-02
1795 5.7890027590098843e+00 8.0093449734946823e-02
1796 5.8211146987566371e+00 8.0537732824637054e-02
1797 5.7392995507732190e+00 7.9405783555418205e-02
1798 5.7140544259256565e+00 7.9056505929857621e-02
1799 5.7088565854557505e+00 7.8984591475548746e-02
1800 5.6574242001734074e+00 7.8273001355998642e-02
1801 5.6078687700445871e+00 7.7587379752875552e-02
1802 5.6286166028024187e+00 7.7874435325186717e-02
1803 5.5479981363392818e+00 7.6759042681553202e-02
1804 5.5285112246292734e+00 7.6489432517504521e-02
1805 5.5275156720124468e+00 7.6475658600511615e-02
1806 5.4563879691450285e+00 7.5491574928154170e-02
1807 5.4399375543801716e+00 7.5263976061313520e-02
1808 5.4321437211225962e+00 7.5156144882396456e-02
1809 5.3665093389332990e+00 7.4248063765561423e-02
1810 5.3469845693029558e+00 7.3977929820204347e-02
1811 5.3478319872395987e+00 7.3989654227453489e-02
1812 5.2628105624689878e+00 7.2813344680759964e-02
1813 5.2757375004366596e+00 7.2992194665712731e-02
1814 5.2394026881097790e+00 7.2489486239774886e-02
1815 5.1883928062322013e+00 7.1783741644336804e-02
1816 5.1758474930369740e+00 7.1610171609282458e-02
1817 5.1619419863356342e+00 7.1417782686978126e-02
1818 5.0853787761394127e+00 7.0358496332717332e-02
1819 5.1072145861302465e+00 7.0660604558041754e-02
1820 5.0553274720046035e+00 6.9942723060983286e-02
1821 5.0121212204794476e+00 6.9344945191663801e-02
1822 5.0141650609724282e+00 6.9373222641615953e-02
1823 4.9704989343657555e+00 6.8769082194274120e-02
1824 4.9247278086256383e+00 6.8135818139757581e-02
1825 4.9331169403928214e+00 6.8251885540566645e-02
1826 4.8790914215166117e+00 6.7504418254637030e-02
1827 4.8424964885144783e+00 6.6998110942484118e-02
1828 4.8534394467810191e+00 6.7149511678389576e-02
1829 4.7828288518366184e+00 6.6172582426087520e-02
1830 4.7736743996371471e+00 6.6045926473825595e-02
1831 4.7574920723487191e+00 6.5822036717467655e-02
1832 4.7076429732931411e+00 6.5132352073022398e-02
1833 4.6845762554727122e+00 6.4813213685771615e-02
1834 4.6847764885155829e+00 6.4815983999731042e-02
1835 4.6098349600041626e+00 6.3779134338958710e-02
1836 4.6227961824980657e+00 6.3958458665709664e-02
1837 4.5848177361412201e+00 6.3433009825741654e-02
1838 4.5410261915593830e+00 6.2827134164459203e-02
1839 4.5366362688083992e+00 6.2766397614170119e-02
1840 4.5072611038827768e+00 6.2359979031666540e-02
1841 4.4560734628009779e+00 6.1651775057907032e-02
1842 4.4661705702808456e+00 6.1791473068786101e-02
1843 4.4174837429711040e+00 6.1117868975262786e-02
1844 4.3832067612001762e+00 6.0643631558073327e-02
1845 4.3895034479104442e+00 6.0730749042987399e-02
1846 4.3302262101777345e+00 5.9910621871104117e-02
1847 4.3166088013624604e+00 5.9722218912275173e-02
1848 4.3035324129185568e+00 5.9541301212950128e-02
1849 4.2569060903148044e+00 5.8896205126240407e-02
1850 4.2369152008692588e+00 5.8619622204169462e-02
1851 4.2337155910198589e+00 5.8575354166769504e-02
1852 4.1670280528439987e+00 5.7652702164484197e-02
1853 4.1799527257955944e+00 5.7831520811923623e-02
1854 4.1394281787107072e+00 5.7270845526370635e-02
1855 4.1051109725515404e+00 5.6796051586727889e-02
1856 4.0981282684561640e+00 5.6699442743588783e-02
1857 4.0687852882049400e+00 5.6293469450491428e-02
1858 4.0248711753011586e+00 5.5685898001498826e-02
1859 4.0351937145499930e+00 5.5828714962015344e-02
1860 3.9812090424830977e+00 5.5081812810013779e-02
1861 3.9633526327402184e+00 5.4834761372015754e-02
1862 3.9574056403147604e+00 5.4752482064381776e-02
1863 3.9057185001010630e+00 5.4037367296090155e-02
1864 3.8982607177669855e+00 5.3934185532429915e-02
1865 3.8795841545170928e+00 5.3675786902795702e-02
1866 3.8356037886114014e+00 5.3067298813804960e-02
1867 3.8285122160074394e+00 5.2969183726018360e-02
1868 3.8087006097117384e+00 5.2695081266740086e-02
1869 3.7586835885243843e+00 5.2003073344282946e-02
1870 3.7716699630497326e+00 5.2182745660670486e-02
1871 3.7217848119635115e+00 5.1492562220210723e-02
1872 3.7039343556433839e+00 5.1245593150486782e-02
1873 3.6930053083671157e+00 5.1094384879371305e-02
1874 3.6569689000408121e+00 5.0595805006625749e-02
1875 3.6318663924548678e+00 5.0248500554848315e-02
1876 3.6317974573266594e+00 5.0247546806429809e-02
1877 3.5764503080429813e+00 4.9481794171016821e-02
1878 3.5790898253210415e+00 4.9518313076471795e-02
1879 3.5520008424500040e+00 4.9143524848123572e-02
1880 3.5147624554497918e+00 4.8628315061296300e-02
1881 3.5138527527128796e+00 4.8615728915898590e-02
1882 3.4807855948699924e+00 4.8158229955400630e-02
1883 3.4516023229275659e+00 4.7754466298390079e-02
1884 3.4493604929041823e+00 4.7723449574479777e-02
1885 3.4108919915938705e+00 4.7191220604424294e-02
1886 3.3890236774996558e+00 4.6888662670250401e-02
1887 3.3876595702002748e+00 4.6869789633915082e-02
1888 3.3360290378675850e+00 4.6155458061047754e-02
1889 3.3391569969391188e+00 4.6198734777798137e-02
1890 3.3101654249324817e+00 4.5797623375383151e-02
1891 3.2809771970809192e+00 4.5393791151146806e-02
1892 3.2719692464397103e+00 4.5269162113654351e-02
1893 3.2494321535427542e+00 4.4957351324774561e-02
1894 3.2127270009628939e+00 4.4449519075326571e-02
1895 3.2204843243487895e+00 4.4556845123793029e-02
1896 3.1723406851944480e+00 4.3890756282037979e-02
1897 3.1652318156353410e+00 4.3792401883118677e-02
1898 3.1494590349755036e+00 4.3574178388062837e-02
1899 3.1137709317852122e+00 4.3080417473100673e-02
1900 3.1061630543116925e+00 4.2975159075863495e-02
1901 3.0868079620930464e+00 4.2707372693603328e-02
1902 3.0518309780451669e+00 4.2223450430937483e-02
1903 3.0517294103957306e+00 4.2222045196950997e-02
1904 3.0203214144263510e+00 4.1787501485163379e-02
1905 2.9955237549137639e+00 4.1444414743215544e-02
1906 2.9958570908401811e+00 4.1449026595269993e-02
1907 2.9521766146399697e+00 4.0844687614865267e-02
1908 2.9486612157418364e+00 4.0796050494333984e-02
1909 2.9279615206913086e+00 4.0509660928794759e-02
1910 2.8990938077687565e+00 4.0110263172363089e-02
1911 2.8897312520051623e+00 3.9980728013950015e-02
1912 2.8717343672508804e+00 3.9731733041161434e-02
1913 2.8369238604795886e+00 3.9250114066287881e-02
1914 2.8434083570892250e+00 3.9339829985398825e-02
1915 2.8012529012658125e+00 3.8756590345930465e-02
1916 2.7938983178716605e+00 3.8654836385892323e-02
1917 2.7787571022366757e+00 3.8445350876233651e-02
1918 2.7483731185556639e+00 3.8024974833759835e-02
1919 2.7396030408720695e+00 3.7903636875330070e-02
1920 2.7227299013212778e+00 3.7670189421469602e-02
1921 2.6911244154765495e+00 3.7232913348675629e-02
1922 2.6914961110045912e+00 3.7238055923024135e-02
1923 2.6606578899288986e+00 3.6811395302454038e-02
1924 2.6423195426692754e+00 3.6557676042746547e-02
1925 2.6383114733025543e+00 3.6502222605302934e-02
1926 2.6010288274470272e+00 3.5986400477360778e-02
1927 2.5986062040667650e+00 3.5952882396266109e-02
1928 2.5771105810622275e+00 3.5655480810482490e-02
1929 2.5530733923892388e+00 3.5322915523697464e-02
1930 2.5455733329018728e+00 3.5219148836658741e-02
1931 2.5248244003597060e+00 3.4932078048338012e-02
1932 2.4990982767901260e+00 3.4576145589714065e-02
1933 2.5014022312266713e+00 3.4608021832745368e-02
1934 2.4620935351432056e+00 3.4064168391147447e-02
1935 2.4612654798969036e+00 3.4052711875404006e-02
1936 2.4402341174894540e+00 3.3761733543217716e-02
1937 2.4174547604477676e+00 3.3446570921231891e-02
1938 2.4101416205692447e+00 3.3345390350821298e-02
1939 2.3898550713571183e+00 3.3064716843266284e-02
1940 2.3669454718295051e+00 3.2747752258069494e-02
1941 2.3657671813020258e+00 3.2731450080118560e-02
1942 2.3329947070243495e+00 3.2278028198920866e-02
1943 2.3264654982100113e+00 3.2187693666402936e-02
1944 2.3124296109058946e+00 3.1993500869979062e-02
1945 2.2845119831578637e+00 3.1607247968082307e-02
1946 2.2838755686536607e+00 3.1598442887963173e-02
1947 2.2576917962103122e+00 3.1236178651899604e-02
1948 2.2430228267321328e+00 3.1033226879638748e-02
1949 2.2345639747373141e+00 3.0916194868208468e-02
1950 2.2101161638083626e+00 3.0577948438334189e-02
1951 2.1979574388472884e+00 3.0409727024897273e-02
1952 2.1895251122866735e+00 3.0293062004746758e-02
1953 2.1585071286107165e+00 2.9863914287972380e-02
1954 2.1621112591587299e+00 2.9913779050678917e-02
1955 2.1328488979333380e+00 2.9508921157964309e-02
1956 2.1227924581812383e+00 2.9369785803339762e-02
1957 2.1118376392296576e+00 2.9218220969536860e-02
1958 2.0896176447940822e+00 2.8910797380099683e-02
1959 2.0789700604576864e+00 2.8763483275003006e-02
1960 2.0684048445692018e+00 2.8617308774328224e-02
1961 2.0419482355729124e+00 2.8251269722178271e-02
1962 2.0425553234674543e+00 2.8259669055498766e-02
1963 2.0168483388883036e+00 2.7904001393391897e-02
1964 2.0052436839146823e+00 2.7743445786750573e-02
1965 1.9976791470155135e+00 2.7638787025799257e-02
1966 1.9718877639634378e+00 2.7281951672963892e-02
1967 1.9683737982056069e+00 2.7233334380571499e-02
1968 1.9504142439920984e+00 2.6984855892558526e-02
1969 1.9329978514057964e+00 2.6743892289284366e-02
1970 1.9272459663450046e+00 2.6664312379552812e-02
1971 1.9071159715415849e+00 2.6385804872462216e-02
1972 1.8932787313320900e+00 2.6194360447692393e-02
1973 1.8886188486230189e+00 2.6129888880296978e-02
1974 1.8605299748219275e+00 2.5741266712446476e-02
1975 1.8623253349691022e+00 2.5766106325362543e-02
1976 1.8391234409227193e+00 2.5445097714394571e-02
1977 1.8281879240205998e+00 2.5293799933103586e-02
1978 1.8192234675624357e+00 2.5169772657142177e-02
1979 1.8006366523669570e+00 2.4912615732095827e-02
1980 1.7896038918365049e+00 2.4759972541589799e-02
1981 1.7818543997138985e+00 2.4652754842163532e-02
1982 1.7579729912913580e+00 2.4322344845016178e-02
1983 1.7585547851351908e+00 2.4330394223799873e-02
1984 1.7361020935875120e+00 2.4019751165444195e-02
1985 1.7264417489192765e+00 2.3886095963966989e-02
1986 1.7187311741378108e+00 2.3779416703411153e-02
1987 1.6975476314614826e+00 2.3486332888946918e-02
1988 1.6935315900136729e+00 2.3430769154185696e-02
1989 1.6781412026837119e+00 2.3217836242365075e-02
1990 1.6631641062687337e+00 2.3010621395728226e-02
1991 1.6581961954661006e+00 2.2941888121497341e-02
1992 1.6397602599366385e+00 2.2686818684304975e-02
1993 1.6297040572092336e+00 2.2547686609023395e-02
1994 1.6232084233183517e+00 2.2457816600630974e-02
1995 1.6007055132494139e+00 2.2146478746508970e-02
1996 1.6018815521195215e+00 2.2162749771770223e-02
1997 1.5804857827448535e+00 2.1866729705743587e-02
1998 1.5732465077396931e+00 2.1766571088986865e-02
1999 1.5636474121133515e+00 2.1633763295476529e-02
2000 1.5478208531572966e+00 2.1414795753571133e-02
