# step 25
# iter abs_residual rel_residual
0 7.2278104865849201e+01 1.0000000000000000e+00
1 1.1546600861370712e+03 1.5975240195909430e+01
2 1.1527745212182472e+03 1.5949152559517696e+01
3 1.1585072720827211e+03 1.6028467739060851e+01
4 1.2484330970678582e+03 1.7272631862512107e+01
5 1.4402468346330709e+03 1.9926460956692509e+01
6 1.2677694538247454e+03 1.7540159031255339e+01
7 1.4124522130153985e+03 1.9541909899781700e+01
8 1.3004236603857705e+03 1.7991944625546065e+01
9 1.3783981910463460e+03 1.9070757231456238e+01
10 1.3232324643112315e+03 1.8307514658376824e+01
11 1.3547601259433043e+03 1.8743713998281894e+01
12 1.3364428175000219e+03 1.8490285820035105e+01
13 1.3388396176509991e+03 1.8523446625170020e+01
14 1.3429152194641533e+03 1.8579834404300623e+01
15 1.3277325809195952e+03 1.8369775790108434e+01
16 1.3450051727454106e+03 1.8608749845361736e+01
17 1.3195692023732483e+03 1.8256831786367627e+01
18 1.3443069584323878e+03 1.8599089737168267e+01
19 1.3132163294656775e+03 1.8168936940212461e+01
20 1.3418458874560386e+03 1.8565039716336688e+01
21 1.3079856800712323e+03 1.8096568559716687e+01
22 1.3382737217474814e+03 1.8515617201521351e+01
23 1.3034526903312012e+03 1.8033852613463743e+01
24 1.3340055733909228e+03 1.8456565454599090e+01
25 1.2993510853062960e+03 1.7977105068235243e+01
26 1.3293075319924892e+03 1.8391565944620883e+01
27 1.2955114809330032e+03 1.7923982419537975e+01
28 1.3243513570057069e+03 1.8322995040666207e+01
29 1.2918249965090210e+03 1.7872978254018907e+01
30 1.3192485335129263e+03 1.8252395188854216e+01
31 1.2882212246053903e+03 1.7823118453318273e+01
32 1.3140716232851598e+03 1.8180770313833278e+01
33 1.2846546044736137e+03 1.7773772664045072e+01
34 1.3088677968841318e+03 1.8108773041482454e+01
35 1.2810958289341081e+03 1.7724535408224504e+01
36 1.3036675101213525e+03 1.8036824741614449e+01
37 1.2775263299582425e+03 1.7675149788852075e+01
38 1.2984901357237766e+03 1.7965193444596004e+01
39 1.2739346838558504e+03 1.7625457754050409e+01
40 1.2933476589156007e+03 1.7894044971379660e+01
41 1.2703142383655654e+03 1.7575367266799745e+01
42 1.2882471280007287e+03 1.7823476838411334e+01
43 1.2666615286045273e+03 1.7524830388891591e+01
44 1.2831922934621330e+03 1.7753540935305161e+01
45 1.2629752087364473e+03 1.7473828500077239e+01
46 1.2781847130457161e+03 1.7684258814174409e+01
47 1.2592553284009009e+03 1.7422362287142487e+01
48 1.2732245007395175e+03 1.7615632052094732e+01
49 1.2555028382771159e+03 1.7370444903160852e+01
50 1.2683108376869552e+03 1.7547649319818031e+01
51 1.2517192522222251e+03 1.7318097293024792e+01
52 1.2634423194683952e+03 1.7480291186568742e+01
53 1.2479064168621094e+03 1.7265345005631641e+01
54 1.2586171941776131e+03 1.7413533413938460e+01
55 1.2440663539084705e+03 1.7212216012269597e+01
56 1.2538335239641021e+03 1.7347349190896232e+01
57 1.2402011533651280e+03 1.7158739229078940e+01
58 1.2490892942193618e+03 1.7281710644429833e+01
59 1.2363129023389542e+03 1.7104943532119389e+01
60 1.2443824862296046e+03 1.7216589844728553e+01
61 1.2324036388369032e+03 1.7050857118131269e+01
62 1.2397111252359337e+03 1.7151959470117301e+01
63 1.2284753213117608e+03 1.6996507083187307e+01
64 1.2350733099315798e+03 1.7087793215164137e+01
65 1.2245298121521612e+03 1.6941919194269595e+01
66 1.2304672309067550e+03 1.7024066045873049e+01
67 1.2205688671995511e+03 1.6887117744232107e+01
68 1.2258911806642411e+03 1.6960754338254162e+01
69 1.2165941326615393e+03 1.6832125509095491e+01
70 1.2213435565392522e+03 1.6897835918721309e+01
71 1.2126071450063819e+03 1.6776963746587228e+01
72 1.2168228618900043e+03 1.6835290080564121e+01
73 1.2086093333520168e+03 1.6721652229194994e+01
74 1.2123277032764877e+03 1.6773097544915050e+01
75 1.2046020237593311e+03 1.6666209303565946e+01
76 1.2078567863268297e+03 1.6711240403558669e+01
77 1.2005864443492928e+03 1.6610651961304534e+01
78 1.2034089109005847e+03 1.6649702052013616e+01
79 1.1965637310880923e+03 1.6554995919012516e+01
80 1.1989829658778847e+03 1.6588467117438135e+01
81 1.1925349333463314e+03 1.6499255695202852e+01
82 1.1945779226339312e+03 1.6527521368346768e+01
83 1.1885010203952390e+03 1.6443444700177739e+01
84 1.1901928302410415e+03 1.6466851648228502e+01
85 1.1844628864324395e+03 1.6387575305562393e+01
86 1.1858268092485878e+03 1.6406445789489439e+01
87 1.1804213570084030e+03 1.6331658933217856e+01
88 1.1814790463198042e+03 1.6346292539250612e+01
89 1.1763771933419102e+03 1.6275706114947386e+01
90 1.1771487897093414e+03 1.6286381496777931e+01
91 1.1723310979274286e+03 1.6219726570077036e+01
92 1.1728353439089535e+03 1.6226703039402857e+01
93 1.1682837191154269e+03 1.6163729268826351e+01
94 1.1685380650308389e+03 1.6167248258648844e+01
95 1.1642356550242916e+03 1.6107722486431477e+01
96 1.1642563576223245e+03 1.6108008916161079e+01
97 1.1601874578271056e+03 1.6051713862454694e+01
98 1.1599896696435287e+03 1.6048977374220200e+01
99 1.1561396376374653e+03 1.5995710454546403e+01
100 1.1557374896964634e+03 1.5990146557405653e+01
101 1.1520926650962131e+03 1.5939718774233761e+01
102 1.1514993435899071e+03 1.5931509905069202e+01
103 1.1480469756716395e+03 1.5883744846415890e+01
104 1.1472747910196504e+03 1.5873061325404619e+01
105 1.1440029715472454e+03 1.5827794235481916e+01
106 1.1430634233226435e+03 1.5814795164375310e+01
107 1.1399610245663409e+03 1.5771872086050820e+01
108 1.1388648605503106e+03 1.5756706165222308e+01
109 1.1359214789359473e+03 1.5715983160381128e+01
110 1.1346787494109776e+03 1.5698789439996839e+01
111 1.1318846530282583e+03 1.5660131863294943e+01
112 1.1305047609220455e+03 1.5641040437077088e+01
113 1.1278508414052997e+03 1.5604322270190011e+01
114 1.1263425889315729e+03 1.5583454920713622e+01
115 1.1238203171158984e+03 1.5548558158819326e+01
116 1.1221919475995501e+03 1.5526028936181701e+01
117 1.1197933329620446e+03 1.5492843026811810e+01
118 1.1180525705789680e+03 1.5468758798450988e+01
119 1.1157701230275386e+03 1.5437180112821839e+01
120 1.1139242088508804e+03 1.5411641062232668e+01
121 1.1117509047523099e+03 1.5381572425228361e+01
122 1.1098066298683573e+03 1.5354672510135661e+01
123 1.1077358792088166e+03 1.5326022745959026e+01
124 1.1056996160574895e+03 1.5297850131927342e+01
125 1.1037252332449566e+03 1.5270533660138307e+01
126 1.1016029635163875e+03 1.5241171106533615e+01
127 1.0997191401594380e+03 1.5215107565431563e+01
128 1.0975164815270375e+03 1.5184632795285212e+01
129 1.0957177605256020e+03 1.5159746683442989e+01
130 1.0934399909708868e+03 1.5128232719996619e+01
131 1.0917212434519986e+03 1.5104453077156258e+01
132 1.0893733238364860e+03 1.5071968556154074e+01
133 1.0877297275654012e+03 1.5049228664534954e+01
134 1.0853163221649268e+03 1.5015838118325231e+01
135 1.0837433411556449e+03 1.4994075220526494e+01
136 1.0812688376586818e+03 1.4959839354747281e+01
137 1.0797622035015811e+03 1.4938994395407283e+01
138 1.0772307304028618e+03 1.4903970329634975e+01
139 1.0757864254568949e+03 1.4883987722887777e+01
140 1.0732018690252253e+03 1.4848229225394427e+01
141 1.0718161096088393e+03 1.4829056622308638e+01
142 1.0691821292698696e+03 1.4792614322889493e+01
143 1.0678513515561501e+03 1.4774202416321252e+01
144 1.0651713940478351e+03 1.4737124002141893e+01
145 1.0638922397350461e+03 1.4719426328480374e+01
146 1.0611695529501935e+03 1.4681756735594588e+01
147 1.0599388563454165e+03 1.4664729496058339e+01
148 1.0571765011969062e+03 1.4626511073568743e+01
149 1.0559912776228834e+03 1.4610112973809175e+01
150 1.0531921400208182e+03 1.4571385649576468e+01
151 1.0520495743010599e+03 1.4555577740364143e+01
152 1.0492163757914336e+03 1.4516379168197858e+01
153 1.0481138117809573e+03 1.4501124700575573e+01
154 1.0452491196545263e+03 1.4461490400094840e+01
155 1.0441840510007660e+03 1.4446754697550658e+01
156 1.0412902872473685e+03 1.4406718178071232e+01
157 1.0402603481726292e+03 1.4392468509009614e+01
158 1.0373397988282429e+03 1.4352061398864613e+01
159 1.0363427553242170e+03 1.4338266854778594e+01
160 1.0333975780927585e+03 1.4297519006769507e+01
161 1.0324313207265548e+03 1.4284150402708883e+01
162 1.0294635528955689e+03 1.4243090003622685e+01
163 1.0285260887763739e+03 1.4230119767049175e+01
164 1.0255376543521825e+03 1.4188773436376310e+01
165 1.0246271007353605e+03 1.4176175518673404e+01
166 1.0216198166626762e+03 1.4134568394658933e+01
167 1.0207343943662891e+03 1.4122318180046493e+01
168 1.0177099774206878e+03 1.4080474015050541e+01
169 1.0168480047007594e+03 1.4068548235846338e+01
170 1.0138080767292735e+03 1.4026489468850052e+01
171 1.0129679638380604e+03 1.4014866130181000e+01
172 1.0099140573838904e+03 1.3972613964606953e+01
173 1.0090943013337378e+03 1.3961272271964706e+01
174 1.0060278647948061e+03 1.3918846747047816e+01
175 1.0052270441466956e+03 1.3907767034185991e+01
176 1.0021494466701442e+03 1.3865187092691073e+01
177 1.0013662172058470e+03 1.3854350761747547e+01
178 9.9827875257410960e+02 1.3811634303734877e+01
179 9.9751184301716444e+02 1.3801023766029600e+01
180 9.9441573466252282e+02 1.3758187718233547e+01
181 9.9366394212144451e+02 1.3747786331223280e+01
182 9.9056034660087482e+02 1.3704846695128365e+01
183 9.8982253329745299e+02 1.3694638717141238e+01
184 9.8671254399497900e+02 1.3651610620205849e+01
185 9.8598763319316595e+02 1.3641581154115690e+01
186 9.8287228417261827e+02 1.3598478903076735e+01
187 9.8215925726555906e+02 1.3588613856000824e+01
188 9.7903952592572352e+02 1.3545450973608904e+01
189 9.7833741900265125e+02 1.3535737009409436e+01
190 9.7521422961612609e+02 1.3492526283390513e+01
191 9.7452213052350510e+02 1.3482950782014189e+01
192 9.7139635704935108e+02 1.3439704303983872e+01
193 9.7071340263786954e+02 1.3430255323372812e+01
194 9.6758587121350740e+02 1.3386984523312863e+01
195 9.6691124481032512e+02 1.3377650764432017e+01
196 9.6378273645222725e+02 1.3334366448055649e+01
197 9.6311566501508742e+02 1.3325137215518659e+01
198 9.5998691832634813e+02 1.3281849601730965e+01
199 9.5932667048833014e+02 1.3272714776748442e+01
200 9.5619838331654898e+02 1.3229433520583973e+01
201 9.5554426702640853e+02 1.3220383528316543e+01
202 9.5241709908378664e+02 1.3177117757189505e+01
203 9.5176845944501918e+02 1.3168143536850284e+01
204 9.4864303431538190e+02 1.3124901878322598e+01
205 9.4799925167511935e+02 1.3115994856736220e+01
206 9.4487615844915922e+02 1.3072785461141846e+01
207 9.4423664670166863e+02 1.3063937529272611e+01
208 9.4111644192567280e+02 1.3020768096679060e+01
209 9.4048064647702904e+02 1.3011971581471254e+01
210 9.3736385590789280e+02 1.2968849385960995e+01
211 9.3673125252002660e+02 1.2960097034345795e+01
212 9.3361837237168311e+02 1.2917028941261158e+01
213 9.3298846504836297e+02 1.2908313890908230e+01
214 9.2987996414790791e+02 1.2865306386682372e+01
215 9.2925228387689310e+02 1.2856622148596996e+01
216 9.2614860447372155e+02 1.2813681351948659e+01
217 9.2552270815404802e+02 1.2805021795630253e+01
218 9.2242426759721116e+02 1.2762153480770756e+01
219 9.2179973605850012e+02 1.2753512806809116e+01
220 9.1870692805965541e+02 1.2710722420915836e+01
221 9.1808336550164745e+02 1.2702095153236844e+01
222 9.1499656116062545e+02 1.2659387830642384e+01
223 9.1437359358518404e+02 1.2650768794814070e+01
224 9.1129314269840870e+02 1.2608149375108852e+01
225 9.1067041698316052e+02 1.2599533685524793e+01
226 9.0759664895479921e+02 1.2557006726163223e+01
227 9.0697383169300065e+02 1.2548389769991578e+01
228 9.0390705671973683e+02 1.2505959562683904e+01
229 9.0328383340021514e+02 1.2497336988521528e+01
230 9.0022434339647248e+02 1.2455007572034736e+01
231 8.9960041707632513e+02 1.2446375271543385e+01
232 8.9654848648244786e+02 1.2404150442882731e+01
233 8.9592357756565252e+02 1.2395504547726029e+01
234 8.9287946418854733e+02 1.2353387873765703e+01
235 8.9225330891034127e+02 1.2344724734639847e+01
236 8.8921725518509777e+02 1.2302719569578054e+01
237 8.8858960491627568e+02 1.2294035746586472e+01
238 8.8556183822115349e+02 1.2252145236303422e+01
239 8.8493245909092866e+02 1.2243437493738879e+01
240 8.8191319253303334e+02 1.2201664586666963e+01
241 8.8128186446886230e+02 1.2192929879727112e+01
242 8.7827129782939073e+02 1.2151277339928797e+01
243 8.7763781374285122e+02 1.2142512803452428e+01
244 8.7463613380703282e+02 1.2100983215185144e+01
245 8.7400029932282473e+02 1.2092186159902797e+01
246 8.7100768085756783e+02 1.2050781941145107e+01
247 8.7036931317321466e+02 1.2041949837902527e+01
248 8.6738591939973878e+02 1.2000673246893214e+01
249 8.6674484724611534e+02 1.1991803726105235e+01
250 8.6377083001486267e+02 1.1950656863763276e+01
251 8.6312689282656447e+02 1.1941747703935507e+01
252 8.6016239401205053e+02 1.1900732533158463e+01
253 8.5951544117690366e+02 1.1891781650503921e+01
254 8.5656059240938441e+02 1.1850899992455421e+01
255 8.5591048330842057e+02 1.1841905441447610e+01
256 8.5296540674889843e+02 1.1801158986279916e+01
257 8.5231200980230631e+02 1.1792118946453128e+01
258 8.4937681872722465e+02 1.1751509261396643e+01
259 8.4872001122935058e+02 1.1742422035063120e+01
260 8.4579481022968321e+02 1.1701950567180880e+01
261 8.4513447783772892e+02 1.1692814572356724e+01
262 8.4221936322481713e+02 1.1652482654159334e+01
263 8.4155539961650663e+02 1.1643296419828165e+01
264 8.3865046014322581e+02 1.1603105279251464e+01
265 8.3798276641542520e+02 1.1593867437044064e+01
266 8.3508808331453758e+02 1.1553818197979755e+01
267 8.3441656792038361e+02 1.1544527481304209e+01
268 8.3153221536431636e+02 1.1504621169961089e+01
269 8.3085679340564900e+02 1.1495276404213275e+01
270 8.2798283913890828e+02 1.1455513957866973e+01
271 8.2730343237235104e+02 1.1446114060514679e+01
272 8.2443993739572159e+02 1.1406496323138413e+01
273 8.2375647376835309e+02 1.1397040297297158e+01
274 8.2090349336718180e+02 1.1357568033788498e+01
275 8.2021590649087204e+02 1.1348054960948723e+01
276 8.1737349013084292e+02 1.1308728855687596e+01
277 8.1668171944030541e+02 1.1299157897901397e+01
278 8.1384991106045686e+02 1.1259978558804107e+01
279 8.1315390119526660e+02 1.1250348950135175e+01
280 8.1033273950696821e+02 1.1211316912790883e+01
281 8.0963244025211009e+02 1.1201627958491958e+01
282 8.0682195905933611e+02 1.1162743690593812e+01
283 8.0611732500810911e+02 1.1152994762442821e+01
284 8.0331755331703710e+02 1.1114258665304297e+01
285 8.0260854365102250e+02 1.1104449198560106e+01
286 7.9981950615062271e+02 1.1065861613764181e+01
287 7.9910608422738710e+02 1.1055991101462292e+01
288 7.9632780126899718e+02 1.1017552310578848e+01
289 7.9560993484962671e+02 1.1007620306679426e+01
290 7.9284242268251353e+02 1.0969330534524362e+01
291 7.9212008323708915e+02 1.0959336644303180e+01
292 7.8936335448636123e+02 1.0921196065550534e+01
293 7.8863651723681301e+02 1.0911139946191881e+01
294 7.8589058051906784e+02 1.0873148680056145e+01
295 7.8515922454556335e+02 1.0863030042124755e+01
296 7.8242408521847346e+02 1.0825188162731731e+01
297 7.8168819265033983e+02 1.0815006758978830e+01
298 7.7896385265376648e+02 1.0777314293167368e+01
299 7.7822340903050872e+02 1.0767069923525524e+01
300 7.7550986720644846e+02 1.0729526855274125e+01
301 7.7476486104469348e+02 1.0719219360865718e+01
302 7.7206211320729017e+02 1.0681825632261189e+01
303 7.7131253598518595e+02 1.0671454895182574e+01
304 7.6862057518476126e+02 1.0634210410072996e+01
305 7.6786642093943180e+02 1.0623776347825110e+01
306 7.6518523749857400e+02 1.0586680972319151e+01
307 7.6442650311330306e+02 1.0576183541780827e+01
308 7.6175608487419493e+02 1.0539237107669633e+01
309 7.6099276934341208e+02 1.0528676294928353e+01
310 7.5833310177914416e+02 1.0491878601225613e+01
311 7.5756520684196039e+02 1.0481254430342759e+01
312 7.5491627275051985e+02 1.0444605239050913e+01
313 7.5414380217488906e+02 1.0433917762157813e+01
314 7.5150558279707946e+02 1.0397416813734965e+01
315 7.5072854235766715e+02 1.0386666110726710e+01
316 7.4810101621157128e+02 1.0350313107960897e+01
317 7.4731941401573101e+02 1.0339499291006359e+01
318 7.4470255811301956e+02 1.0303293915843735e+01
319 7.4391640374323481e+02 1.0292417117520870e+01
320 7.4131019305153291e+02 1.0256359023627303e+01
321 7.4051949826591010e+02 1.0245419406614788e+01
322 7.3792390604469551e+02 1.0209508224023157e+01
323 7.3712868386887692e+02 1.0198505968536594e+01
324 7.3454368180251731e+02 1.0162741305487424e+01
325 7.3374394726872561e+02 1.0151676619504359e+01
326 7.3116950527660777e+02 1.0116058059818876e+01
327 7.3036527465580411e+02 1.0104931168455353e+01
328 7.2780136136175838e+02 1.0069458278030176e+01
329 7.2699265252867838e+02 1.0058269428591180e+01
330 7.2443923489458371e+02 1.0022941750329084e+01
331 7.2362606703691722e+02 1.0011691208284910e+01
332 7.2108311097185356e+02 9.9765082705227268e+00
333 7.2026550458788699e+02 9.9651963194763624e+00
334 7.1773297436992323e+02 9.9301576279851531e+00
335 7.1691095113257256e+02 9.9187845677911088e+00
336 7.1438881029842833e+02 9.8838896180850337e+00
337 7.1356239292462760e+02 9.8724557630422858e+00
338 7.1105060357019408e+02 9.8377040307009977e+00
339 7.1021981597500815e+02 9.8262097116851912e+00
340 7.0771833938819248e+02 9.7916006611095234e+00
341 7.0688320629534587e+02 9.7800462201844791e+00
342 7.0439200252838737e+02 9.7455792986792424e+00
343 7.0355254993002927e+02 9.7339650954580019e+00
344 7.0107157832510723e+02 9.6996397405040113e+00
345 7.0022783261316806e+02 9.6879661401307686e+00
346 6.9775705161520489e+02 9.6537817767948866e+00
347 6.9690904045869866e+02 9.6420491620828646e+00
348 6.9444840747239209e+02 9.6080052010399779e+00
349 6.9359615906376871e+02 9.5962139620443629e+00
350 6.9114563108804543e+02 9.5623098083553373e+00
351 6.9028917440248995e+02 9.5504603459608113e+00
352 6.8784870736220796e+02 9.5166953898262854e+00
353 6.8698807203572710e+02 9.5047881140602950e+00
354 6.8455762145751476e+02 9.4711617401712278e+00
355 6.8369283784736069e+02 9.4591970710399718e+00
356 6.8127235837917317e+02 9.4257086519304778e+00
357 6.8040345729789465e+02 9.4136870157393897e+00
358 6.7799290332828650e+02 9.3803359203546641e+00
359 6.7711991612256077e+02 9.3682577507990832e+00
360 6.7471924114074125e+02 9.3350433356414744e+00
361 6.7384219986179687e+02 9.3229090761645264e+00
362 6.7145135713860986e+02 9.2898306947151994e+00
363 6.7057029404216041e+02 9.2776407915891443e+00
364 6.6818923610601394e+02 9.2446977870573335e+00
365 6.6730418422975663e+02 9.2324526973735335e+00
366 6.6493286331682077e+02 9.1996444089252254e+00
367 6.6404385568917064e+02 9.1873445896466190e+00
368 6.6168222374951324e+02 9.1546703524894522e+00
369 6.6078929408481144e+02 9.1423162700690686e+00
370 6.5843730240628281e+02 9.1097754102486004e+00
371 6.5754048452370648e+02 9.0973675325899261e+00
372 6.5519808441602027e+02 9.0649593764542082e+00
373 6.5429741253810221e+02 9.0524981770413326e+00
374 6.5196455476182882e+02 9.0202220433407714e+00
375 6.5106006327205239e+02 9.0077079978846104e+00
376 6.4873669849298153e+02 8.9755632040582753e+00
377 6.4782842215213316e+02 8.9629967934899000e+00
378 6.4551450051699692e+02 8.9309826497954727e+00
379 6.4460247422330337e+02 8.9183643569475031e+00
380 6.4229794603743710e+02 8.8864801758370042e+00
381 6.4138220481743826e+02 8.8738104853173319e+00
382 6.3908701979811451e+02 8.8420555711066768e+00
383 6.3816759900076534e+02 8.8293349719839451e+00
384 6.3588170698552278e+02 8.7977086306529824e+00
385 6.3495864190735426e+02 8.7849376112705322e+00
386 6.3268199237572742e+02 8.7534391438459576e+00
387 6.3175531872716238e+02 8.7406181982735056e+00
388 6.2948786104744840e+02 8.7092469042430043e+00
389 6.2855761425527453e+02 8.6963765226260481e+00
390 6.2629929790945585e+02 8.6651317030501858e+00
391 6.2536551373561747e+02 8.6522123801712656e+00
392 6.2311628783520791e+02 8.6210933309850120e+00
393 6.2217900200430665e+02 8.6081255611100147e+00
394 6.1993881576870785e+02 8.5771315797410139e+00
395 6.1899806409993880e+02 8.5641158584445698e+00
396 6.1676686649267981e+02 8.5332462387803556e+00
397 6.1582268482879658e+02 8.5201830619630385e+00
398 6.1360042501638679e+02 8.4894371006994653e+00
399 6.1265284918536304e+02 8.4763269640573604e+00
400 6.1043947598222826e+02 8.4457039530190539e+00
401 6.0948854186215078e+02 8.4325473529415831e+00
402 6.0728400447402669e+02 8.4020465893671119e+00
403 6.0632974771726094e+02 8.3888440191207430e+00
404 6.0413399502440654e+02 8.3584647957455616e+00
405 6.0317645160324241e+02 8.3452167530230614e+00
406 6.0098943263995113e+02 8.3149583647137604e+00
407 6.0002863802996558e+02 8.3016653403356475e+00
408 5.9785030189399527e+02 8.2715270828368741e+00
409 5.9688629199859031e+02 8.2581895735428184e+00
410 5.9471658764415224e+02 8.2281707406131908e+00
411 5.9374939782772969e+02 8.2147892356855543e+00
412 5.9158827463498051e+02 8.1848891269768345e+00
413 5.9061794041396683e+02 8.1714641178013068e+00
414 5.8846534737586273e+02 8.1416820276081658e+00
415 5.8749190419770719e+02 8.1282140046161082e+00
416 5.8534779073796324e+02 8.0985492331929585e+00
417 5.8437127384576013e+02 8.0850386839883885e+00
418 5.8223558917190724e+02 8.0554905285986358e+00
419 5.8125603374733237e+02 8.0419379399358188e+00
420 5.7912872750551401e+02 8.0125057039112750e+00
421 5.7814616846160880e+02 7.9989115588277970e+00
422 5.7602719013204012e+02 7.9695945432045789e+00
423 5.7504166242104566e+02 7.9559593252803733e+00
424 5.7293096180794146e+02 7.9267568355772777e+00
425 5.7194249998816531e+02 7.9130810229420296e+00
426 5.6984002685362509e+02 7.8839923640951701e+00
427 5.6884866568725954e+02 7.8702764376994034e+00
428 5.6675436995088319e+02 7.8413009168239807e+00
429 5.6576014366539789e+02 7.8275453502200891e+00
430 5.6367397544005996e+02 7.7986822771053479e+00
431 5.6267691847462288e+02 7.7848875467746668e+00
432 5.6059882783077035e+02 7.7561362306228450e+00
433 5.5959897411610882e+02 7.7423028060122068e+00
434 5.5752891158568548e+02 7.7136625624105593e+00
435 5.5652629506799997e+02 7.6997909131808733e+00
436 5.5446421095184644e+02 7.6712610545192383e+00
437 5.5345886536198873e+02 7.6573516473519687e+00
438 5.5140471043791661e+02 7.6289314926192917e+00
439 5.5039666928043653e+02 7.6149847910649129e+00
440 5.4835039423967430e+02 7.5866736580522227e+00
441 5.4733969080822897e+02 7.5726901227434142e+00
442 5.4530124684077305e+02 7.5444873361424190e+00
443 5.4428791410372241e+02 7.5304674232112285e+00
444 5.4225725228701174e+02 7.5023723061563521e+00
445 5.4124132323261563e+02 7.4883164720101512e+00
446 5.3921839500478779e+02 7.4603283526262452e+00
447 5.3819990214354743e+02 7.4462370470624002e+00
448 5.3618465897934539e+02 7.4183552539807689e+00
449 5.3516363495735618e+02 7.4042289286726515e+00
450 5.3315602853503538e+02 7.3764527933402846e+00
451 5.3213250538695468e+02 7.3622918915017488e+00
452 5.3013248772137285e+02 7.3346207500226805e+00
453 5.2910649755811403e+02 7.3204257159226156e+00
454 5.2711402066756307e+02 7.2928589044483934e+00
455 5.2608559508013127e+02 7.2786301751625242e+00
456 5.2410061144095505e+02 7.2511670361820482e+00
457 5.2306978199470188e+02 7.2369050484311739e+00
458 5.2109224399466541e+02 7.2095449232078179e+00
459 5.2005904193074332e+02 7.1952501092272945e+00
460 5.1808890237234891e+02 7.1679923447625091e+00
461 5.1705335874829530e+02 7.1536651342472961e+00
462 5.1509057042990014e+02 7.1265090774851805e+00
463 5.1405271604685504e+02 7.1121498965828671e+00
464 5.1209723221362685e+02 7.0850949006493460e+00
465 5.1105709751530389e+02 7.0707041705623643e+00
466 5.0910887144875886e+02 7.0437495890862589e+00
467 5.0806648679980384e+02 7.0293277299231045e+00
468 5.0612547206230568e+02 7.0024729204188878e+00
469 5.0508086742573437e+02 6.9880203467313216e+00
470 5.0314701774324948e+02 6.9612646689769839e+00
471 5.0210022305392340e+02 6.9467817949272428e+00
472 5.0017349230332366e+02 6.9201246107886183e+00
473 4.9912453696797468e+02 6.9056118432320277e+00
474 4.9720487948812678e+02 6.8790525209668569e+00
475 4.9615379280566060e+02 6.8645102652669179e+00
476 4.9424116286129743e+02 6.8380481721072659e+00
477 4.9318797383682562e+02 6.8234768295627077e+00
478 4.9128232618840866e+02 6.7971113395992679e+00
479 4.9022706351584804e+02 6.7825113072032996e+00
480 4.8832835285971663e+02 6.7562417936396075e+00
481 4.8727104513781433e+02 6.7416134670687224e+00
482 4.8537922662958488e+02 6.7154393094626155e+00
483 4.8431990193904790e+02 6.7007830772259913e+00
484 4.8243493077498874e+02 6.6747036556977468e+00
485 4.8137361725906976e+02 6.6600199071699064e+00
486 4.7949544894594089e+02 6.6340346061355913e+00
487 4.7843217407183619e+02 6.6193237213375165e+00
488 4.7656076445077554e+02 6.5934319298394684e+00
489 4.7549555578294269e+02 6.5786942901377916e+00
490 4.7363086063310527e+02 6.5528953963607846e+00
491 4.7256374524433318e+02 6.5381313763196856e+00
492 4.7070572088268949e+02 6.5124247758894134e+00
493 4.6963672572058698e+02 6.4976347483411452e+00
494 4.6778532834614577e+02 6.4720198352512481e+00
495 4.6671448003699737e+02 6.4572041685824004e+00
496 4.6486966644480276e+02 6.4316803450729347e+00
497 4.6379699120894912e+02 6.4168394020536823e+00
498 4.6195871816285381e+02 6.3914060699331570e+00
499 4.6088424215938619e+02 6.3765402124862591e+00
500 4.5905246676650654e+02 6.3511967783123904e+00
501 4.5797621574227321e+02 6.3363063626570417e+00
502 4.5615089518484729e+02 6.3110522340268878e+00
503 4.5507289478720941e+02 6.2961376150058346e+00
504 4.5325398660532647e+02 6.2709722044674860e+00
505 4.5217426199213509e+02 6.2560337301508806e+00
506 4.5036172385495991e+02 6.2309564520382441e+00
507 4.4928030019724611e+02 6.2159944706785923e+00
508 4.4747408998862471e+02 6.1910047422957888e+00
509 4.4639099185855213e+02 6.1760195938599951e+00
510 4.4459106783261956e+02 6.1511168376342571e+00
511 4.4350631980348669e+02 6.1361088621049289e+00
512 4.4171264019584981e+02 6.1112925002071457e+00
513 4.4062626641304155e+02 6.0962620316465124e+00
514 4.3883878989888763e+02 6.0715314923293633e+00
515 4.3775081435102027e+02 6.0564788626306925e+00
516 4.3596949957787297e+02 6.0318335737641195e+00
517 4.3487994592176148e+02 6.0167591102300557e+00
518 4.3310475206883137e+02 5.9921985070401274e+00
519 4.3201364359632231e+02 5.9771025319238156e+00
520 4.3024452981440612e+02 5.9526260492434835e+00
521 4.2915188970700427e+02 5.9375088832714393e+00
522 4.2738881550747249e+02 5.9131159609223527e+00
523 4.2629466656621571e+02 5.8979779195571629e+00
524 4.2453759150407456e+02 5.8736679979646924e+00
525 4.2344195643073067e+02 5.8585093952954965e+00
526 4.2169084042450459e+02 5.8342819199144493e+00
527 4.2059374138415063e+02 5.8191030626050306e+00
528 4.1884854451199590e+02 5.7949574810987929e+00
529 4.1775000370511975e+02 5.7797586763028583e+00
530 4.1601068622119527e+02 5.7556944387698916e+00
531 4.1491072526152851e+02 5.7404759855231120e+00
532 4.1317724779279916e+02 5.7164925472198140e+00
533 4.1207588826095741e+02 5.7012547440996864e+00
534 4.1034821139732082e+02 5.6773515597696163e+00
535 4.0924547453354870e+02 5.6620947006444515e+00
536 4.0752355924608531e+02 5.6382712303049987e+00
537 4.0641946609587870e+02 5.6229956063486730e+00
538 4.0470327337368923e+02 5.5992513102665500e+00
539 4.0359784464159515e+02 5.5839572079357565e+00
540 4.0188733595360679e+02 5.5602915530162882e+00
541 4.0078059204466553e+02 5.5449792546239127e+00
542 3.9907572880323482e+02 5.5213917069897436e+00
543 3.9796769000133031e+02 5.5060614931724183e+00
544 3.9626843397717329e+02 5.4825515239042577e+00
545 3.9515912016562936e+02 5.4672036697566861e+00
546 3.9346543317393923e+02 5.4437707505506046e+00
547 3.9235486417974664e+02 5.4284055303880976e+00
548 3.9066670835254689e+02 5.4050491373236547e+00
549 3.8955490346639942e+02 5.3896668180416123e+00
550 3.8787224111461285e+02 5.3663864296735211e+00
551 3.8675921961979452e+02 5.3509872780648271e+00
552 3.8508201322057590e+02 5.3277823752476934e+00
553 3.8396779388537027e+02 5.3123666509799685e+00
554 3.8229600623451739e+02 5.2892367189769676e+00
555 3.8118060778066092e+02 5.2738046810738330e+00
556 3.7951420164081571e+02 5.2507492046894138e+00
557 3.7839764245035190e+02 5.2353011074746876e+00
558 3.7673658096125280e+02 5.2123195767305965e+00
559 3.7561887921655614e+02 5.1968556717655847e+00
560 3.7396312553511694e+02 5.1739475769212007e+00
561 3.7284429909502370e+02 5.1584681112909134e+00
562 3.7119381681585133e+02 5.1356329486612937e+00
563 3.7007388323029318e+02 5.1201381651769067e+00
564 3.6842863592000987e+02 5.0973754306899286e+00
565 3.6730761261342025e+02 5.0818655704262943e+00
566 3.6566756416964148e+02 5.0591747645892742e+00
567 3.6454546819359973e+02 5.0436500634626409e+00
568 3.6291058251490404e+02 5.0210306867962204e+00
569 3.6178743089100175e+02 5.0054913803079426e+00
570 3.6015767216129922e+02 4.9829429372804528e+00
571 3.5903348139053730e+02 4.9673892537292801e+00
572 3.5740881398901411e+02 4.9449112515107849e+00
573 3.5628360054398877e+02 4.9293434188024730e+00
574 3.5466398896528995e+02 4.9069353661604609e+00
575 3.5353776887138451e+02 4.8913536060133769e+00
576 3.5192317787411400e+02 4.8690150153673271e+00
577 3.5079596711694660e+02 4.8534195489496677e+00
578 3.4918636144799456e+02 4.8311499325569915e+00
579 3.4805817566952612e+02 4.8155409762823025e+00
580 3.4645352042144918e+02 4.7933398511828660e+00
581 3.4532437503963200e+02 4.7777176183654326e+00
582 3.4372463533770849e+02 4.7555845020518168e+00
583 3.4259454549687098e+02 4.7399492022202150e+00
584 3.4099968684651918e+02 4.7178836174444116e+00
585 3.3986866738553579e+02 4.7022354559011257e+00
586 3.3827865523316268e+02 4.6802369245986766e+00
587 3.3714672089286910e+02 4.6645761052897790e+00
588 3.3556152102314064e+02 4.6426441540761907e+00
589 3.3442868614720908e+02 4.6269708754528214e+00
590 3.3284826434430954e+02 4.6051050309369357e+00
591 3.3171454324330250e+02 4.5894194909921451e+00
592 3.3013886555666653e+02 4.5676192834526628e+00
593 3.2900427204558611e+02 4.5519216733232009e+00
594 3.2743330468760507e+02 4.5301866352934024e+00
595 3.2629785255938350e+02 4.5144771458106741e+00
596 3.2473156185662674e+02 4.4928068114035415e+00
597 3.2359526447609375e+02 4.4770856274759607e+00
598 3.2203361696516271e+02 4.4554795337103652e+00
599 3.2089648765233437e+02 4.4397468396263289e+00
600 3.1933944989879626e+02 4.4182045239218972e+00
601 3.1820150162523851e+02 4.4024604991488374e+00
602 3.1664904047264918e+02 4.3809815027712933e+00
603 3.1551028603485850e+02 4.3652263243544791e+00
604 3.1396236836845623e+02 4.3438101891462404e+00
605 3.1282282025734384e+02 4.3280440299030305e+00
606 3.1127941325687959e+02 4.3066903017812317e+00
607 3.1013908376933455e+02 4.2909133318446022e+00
608 3.0860015459366997e+02 4.2696215564373627e+00
609 3.0745905583364083e+02 4.2538339432708714e+00
610 3.0592457187370837e+02 4.2326036694171147e+00
611 3.0478271566922695e+02 4.2168055766668866e+00
612 3.0325264441035694e+02 4.1956363545115760e+00
613 3.0211004241539854e+02 4.1798279434155861e+00
614 3.0058435150116463e+02 4.1587193252930490e+00
615 2.9944101505807566e+02 4.1429007527777477e+00
616 2.9791967231638131e+02 4.1218522935725987e+00
617 2.9677561257114149e+02 4.1060237138476152e+00
618 2.9525858591507767e+02 4.0850349696230746e+00
619 2.9411381379128943e+02 4.0691965338213469e+00
620 2.9260107129888752e+02 4.0482670629226618e+00
621 2.9145559747934487e+02 4.0324189188454387e+00
622 2.8994710733346773e+02 4.0115482810682455e+00
623 2.8880094231507996e+02 3.9956905739449735e+00
624 2.8729667281233105e+02 3.9748783306585604e+00
625 2.8614982683197258e+02 3.9590112021209896e+00
626 2.8464974646443869e+02 3.9382569173992454e+00
627 2.8350222952485035e+02 3.9223805058397812e+00
628 2.8200630684110371e+02 3.9016837445380963e+00
629 2.8085812874409555e+02 3.8857981855691772e+00
630 2.7936633247802030e+02 3.8651585151068142e+00
631 2.7821750279464658e+02 3.8492639411482692e+00
632 2.7672980172224015e+02 3.8286809295271476e+00
633 2.7558032984569383e+02 3.8127774705380140e+00
634 2.7409669291071538e+02 3.7922506880811118e+00
635 2.7294658794821760e+02 3.7763384700638793e+00
636 2.7146698421401754e+02 3.7558674887487733e+00
637 2.7031625510699041e+02 3.7399466354120277e+00
638 2.6884065372806515e+02 3.7195310284773404e+00
639 2.6768930914693163e+02 3.7036016597802717e+00
640 2.6621767945331283e+02 3.6832410028932352e+00
641 2.6506572787086810e+02 3.6673032360607651e+00
642 2.6359803921758618e+02 3.6469971052344796e+00
643 2.6244548892802527e+02 3.6310510550205164e+00
644 2.6098171084686896e+02 3.6107990287136129e+00
645 2.5982856986595237e+02 3.5948448060197991e+00
646 2.5836867193923223e+02 3.5746464633899007e+00
647 2.5721494814406776e+02 3.5586841771995554e+00
648 2.5575890010334470e+02 3.5385390994692312e+00
649 2.5460460106421672e+02 3.5225688545206344e+00
650 2.5315237275444181e+02 3.5024766244812566e+00
651 2.5199750587817002e+02 3.4864985232510812e+00
652 2.5054906722417789e+02 3.4664587247992471e+00
653 2.4939363967831375e+02 3.4504728664537820e+00
654 2.4794896071555101e+02 3.4304850850164557e+00
655 2.4679297949868806e+02 3.4144915663843820e+00
656 2.4535203033698119e+02 3.3945553884176061e+00
657 2.4419550217386490e+02 3.3785543025387930e+00
658 2.4275825307340276e+02 3.3586693165789407e+00
659 2.4160118452876171e+02 3.3426607542793536e+00
660 2.4016760577475284e+02 3.3228265492089570e+00
661 2.3901000315019817e+02 3.3068105976742119e+00
662 2.3758006522588465e+02 3.2870267651156864e+00
663 2.3642193463985336e+02 3.2710035089971035e+00
664 2.3499560798424298e+02 3.2512696399608623e+00
665 2.3383695536464666e+02 3.2352391612737574e+00
666 2.3241421062714812e+02 3.2155548496812054e+00
667 2.3125504164768665e+02 3.1995172269237613e+00
668 2.2983584945233713e+02 3.1798820663452765e+00
669 2.2867616966730969e+02 3.1638373763637135e+00
670 2.2726050079950488e+02 3.1442509626021415e+00
671 2.2610031541035784e+02 3.1281992773608032e+00
672 2.2468814074206281e+02 3.1086612074167164e+00
673 2.2352745488070556e+02 3.0926025979178711e+00
674 2.2211874531670705e+02 3.0731124692459431e+00
675 2.2095756378520133e+02 3.0570470019282689e+00
676 2.1955229038401544e+02 3.0376044141100889e+00
677 2.1839061787373700e+02 3.0215321538808739e+00
678 2.1698875167574701e+02 3.0021367062471551e+00
679 2.1582659261538780e+02 2.9860577143793381e+00
680 2.1442810482780635e+02 2.9667090085689538e+00
681 2.1326546347053238e+02 2.9506233439069947e+00
682 2.1187032529465984e+02 2.9313209814770169e+00
683 2.1070720565038252e+02 2.9152286994998384e+00
684 2.0931538845049329e+02 2.8959722842621605e+00
685 2.0815179435743121e+02 2.8798734380732385e+00
686 2.0676326945068973e+02 2.8606625731879647e+00
687 2.0559920454865306e+02 2.8445572131457055e+00
688 2.0421394343274153e+02 2.8253915042704851e+00
689 2.0304941109092513e+02 2.8092796769892106e+00
690 2.0166738525627818e+02 2.7901587296814188e+00
691 2.0050238874393622e+02 2.7740404803927272e+00
692 1.9912356976258616e+02 2.7549639013386802e+00
693 1.9795811203503769e+02 2.7388392709307356e+00
694 1.9658247157830837e+02 2.7198066681904929e+00
695 1.9541655545539760e+02 2.7036756956771053e+00
696 1.9404406522882749e+02 2.6846866777841001e+00
697 1.9287769333863235e+02 2.6685493995259062e+00
698 1.9150832525866392e+02 2.6496035779315239e+00
699 1.9034150044535826e+02 2.6334600332789444e+00
700 1.8897522751212438e+02 2.6145570344279125e+00
701 1.8780795528416397e+02 2.5984072995929042e+00
702 1.8644475834472928e+02 2.5795468584957719e+00
703 1.8527706406473050e+02 2.5633912843815079e+00
704 1.8391697429124960e+02 2.5445738323190157e+00
705 1.8274900619336853e+02 2.5284144698115334e+00
706 1.8139234607861570e+02 2.5096444686158623e+00
707 1.8022492187998276e+02 2.4934926311984356e+00
708 1.7887350100313293e+02 2.4747951172091280e+00
709 1.7771064023783376e+02 2.4587064169387283e+00
710 1.7637290606736534e+02 2.4401982646711597e+00
711 1.7523193115813245e+02 2.4244123650359857e+00
712 1.7394189866547563e+02 2.4065641868767607e+00
713 1.7288744054776706e+02 2.3919752858580403e+00
714 1.7176261177035664e+02 2.3764127751987179e+00
715 1.7100033067513777e+02 2.3658662743374448e+00
716 1.7038368987257221e+02 2.3573347722496396e+00
717 1.7046154954978206e+02 2.3584119958065437e+00
718 1.7118245450667396e+02 2.3683860392354621e+00
719 1.7329606918362245e+02 2.3976288463188995e+00
720 1.7697318183221824e+02 2.4485033491219359e+00
721 1.8318501404737975e+02 2.5344468340360864e+00
722 1.9222031551892815e+02 2.6594542825340546e+00
723 2.0500909445568593e+02 2.8363927753251179e+00
724 2.2133038988929553e+02 3.0622052183035624e+00
725 2.4098495920742883e+02 3.3341350005607606e+00
726 2.6149492965323691e+02 3.6178996410957516e+00
727 2.7961444571166720e+02 3.8685912729815177e+00
728 2.8993145354503946e+02 4.0113317038840854e+00
729 2.8919292285805250e+02 4.0011138005735640e+00
730 2.7684028456698326e+02 3.8302095092394706e+00
731 2.5804592577915639e+02 3.5701811255026543e+00
732 2.3927389810673600e+02 3.3104617027637495e+00
733 2.2720072196300072e+02 3.1434238955862712e+00
734 2.2485735949161207e+02 3.1110024247170776e+00
735 2.3276040054034783e+02 3.2203445424082386e+00
736 2.4648145367126588e+02 3.4101814668320989e+00
737 2.5856469446059617e+02 3.5773585228957190e+00
738 2.6024233697585311e+02 3.6005694595738555e+00
739 2.5021722409718765e+02 3.4618675262944421e+00
740 2.3497745503887185e+02 3.2510184858194413e+00
741 2.2477896541294967e+02 3.1099178074763807e+00
742 2.2495805692556971e+02 3.1123956188820951e+00
743 2.3489211901735399e+02 3.2498378236856422e+00
744 2.4612620007978961e+02 3.4052663740507421e+00
745 2.4866702613201477e+02 3.4404198421299208e+00
746 2.3914328964543796e+02 3.3086546761193674e+00
747 2.2642790342892101e+02 3.1327316045319598e+00
748 2.2081328694227858e+02 3.0550508670933763e+00
749 2.2648801622580544e+02 3.1335632920394834e+00
750 2.3708693240232921e+02 3.2802040513150033e+00
751 2.4134343709125332e+02 3.3390947028729592e+00
752 2.3346302929416208e+02 3.2300657263700812e+00
753 2.2206205071022225e+02 3.0723280739357723e+00
754 2.1825006920361184e+02 3.0195875999888475e+00
755 2.2526678056361993e+02 3.1166669488875405e+00
756 2.3415178642257621e+02 3.2395949901726180e+00
757 2.3355674929777365e+02 3.2313623846566468e+00
758 2.2322789021225304e+02 3.0884579863649186e+00
759 2.1572056360599098e+02 2.9845907554767273e+00
760 2.1873649434462016e+02 3.0263175099928681e+00
761 2.2783921103876969e+02 3.1522576783335365e+00
762 2.2979596556813817e+02 3.1793302549181091e+00
763 2.2130581276625153e+02 3.0618651827825758e+00
764 2.1321713975538910e+02 2.9499547636331624e+00
765 2.1561186150738274e+02 2.9830868131859050e+00
766 2.2389458152707255e+02 3.0976819597391083e+00
767 2.2537816575739694e+02 3.1182080130034819e+00
768 2.1668758159710870e+02 2.9979698831242012e+00
769 2.1036954827996146e+02 2.9105570583292826e+00
770 2.1427307728532796e+02 2.9645641329836554e+00
771 2.2175006116017451e+02 3.0680115585729690e+00
772 2.1975400322104764e+02 3.0403952016854769e+00
773 2.1091216133448253e+02 2.9180643533189365e+00
774 2.0816624418352535e+02 2.8800733578984881e+00
775 2.1485853400641517e+02 2.9726641893170891e+00
776 2.1880735800037931e+02 3.0272979404550484e+00
777 2.1249541304730653e+02 2.9399693509079379e+00
778 2.0565795191743379e+02 2.8453700093429739e+00
779 2.0880235655624736e+02 2.8888742578930668e+00
780 2.1523449222678533e+02 2.9778657399259210e+00
781 2.1271919328418784e+02 2.9430654508582150e+00
782 2.0467097589832707e+02 2.8317147534264198e+00
783 2.0452582300119002e+02 2.8297064979885320e+00
784 2.1109726592992328e+02 2.9206253584225474e+00
785 2.1144690839540900e+02 2.9254628187590441e+00
786 2.0371755835952007e+02 2.8185237941369281e+00
787 2.0151748077950029e+02 2.7880847340079558e+00
788 2.0744490031222998e+02 2.8700932418919294e+00
789 2.0930222561428556e+02 2.8957901705192484e+00
790 2.0221529242583657e+02 2.7977392711272042e+00
791 1.9914803881077734e+02 2.7553024415956031e+00
792 2.0453374102631631e+02 2.8298160474176570e+00
793 2.0678940181923295e+02 2.8610241262280138e+00
794 2.0008687221594974e+02 2.7682916228547811e+00
795 1.9708162632563372e+02 2.7267126980075695e+00
796 2.0230160909460500e+02 2.7989335009555685e+00
797 2.0409142495934682e+02 2.8236964062373793e+00
798 1.9744099262707397e+02 2.7316846919759676e+00
799 1.9527427121394385e+02 2.7017071293772852e+00
800 2.0058645249251424e+02 2.7752035400597457e+00
801 2.0113790503853326e+02 2.7828331333790857e+00
802 1.9447587329824975e+02 2.6906609361051186e+00
803 1.9386618116474943e+02 2.6822255719705455e+00
804 1.9912921824783140e+02 2.7550420506655855e+00
805 1.9774636983926666e+02 2.7359097226786888e+00
806 1.9151877695527594e+02 2.6497481818420914e+00
807 1.9302883926853929e+02 2.6706405712602432e+00
808 1.9749764928873421e+02 2.7324685623024711e+00
809 1.9382743209090924e+02 2.6816894611536926e+00
810 1.8906495637127728e+02 2.6157984734407291e+00
811 1.9273608972896548e+02 2.6665902500721441e+00
812 1.9509960314450592e+02 2.6992905182920595e+00
813 1.8964585715974653e+02 2.6238354964029029e+00
814 1.8766189945307127e+02 2.5963865516587439e+00
815 1.9249059524479480e+02 2.6631937237710419e+00
816 1.9147549967263313e+02 2.6491494212253994e+00
817 1.8597753775207863e+02 2.5730826520321712e+00
818 1.8752118522670420e+02 2.5944397072218530e+00
819 1.9125910368833325e+02 2.6461554857216738e+00
820 1.8687288076481627e+02 2.5854701242050986e+00
821 1.8385952206074336e+02 2.5437789549406884e+00
822 1.8795278362733083e+02 2.6004110646810408e+00
823 1.8807096737756208e+02 2.6020461898749097e+00
824 1.8260339886371662e+02 2.5263999270959743e+00
825 1.8375403988808117e+02 2.5423195617695757e+00
826 1.8722812235691435e+02 2.5903850509696760e+00
827 1.8326005477885062e+02 2.5354850562142985e+00
828 1.8041173202458785e+02 2.4960772333397312e+00
829 1.8449883380661947e+02 2.5526241196978812e+00
830 1.8385432652162987e+02 2.5437070723266779e+00
831 1.7899595061567956e+02 2.4764892625215142e+00
832 1.8077088144503341e+02 2.5010462266622895e+00
833 1.8342789125967107e+02 2.5378071492068024e+00
834 1.7878967552042775e+02 2.4736353540573304e+00
835 1.7761587325591987e+02 2.4573952732377449e+00
836 1.8142430041102182e+02 2.5100865711373026e+00
837 1.7914833003605642e+02 2.4785975001497653e+00
838 1.7538063993205694e+02 2.4264698176241590e+00
839 1.7865255655803995e+02 2.4717382517101911e+00
840 1.7896051214909303e+02 2.4759989554409358e+00
841 1.7433117028689313e+02 2.4119499343605941e+00
842 1.7555548339303044e+02 2.4288888553299484e+00
843 1.7811079613448817e+02 2.4642427532524311e+00
844 1.7380497447575360e+02 2.4046697792968144e+00
845 1.7295277233096124e+02 2.3928791803820522e+00
846 1.7634168434256929e+02 2.4397662981046042e+00
847 1.7361837352263117e+02 2.4020880714135107e+00
848 1.7079234651078539e+02 2.3629887201356787e+00
849 1.7420285853656446e+02 2.4101746837426261e+00
850 1.7314488369223193e+02 2.3955371272336921e+00
851 1.6932446592539316e+02 2.3426799338425592e+00
852 1.7173563967973175e+02 2.3760396042270249e+00
853 1.7247239790635189e+02 2.3862329847533625e+00
854 1.6813431390483998e+02 2.3262136468146668e+00
855 1.6945412394532974e+02 2.3444738107044003e+00
856 1.7130154095558765e+02 2.3700336536704936e+00
857 1.6730464532084721e+02 2.3147348098206328e+00
858 1.6722740230320238e+02 2.3136661180254041e+00
859 1.6996228613090270e+02 2.3515044624697743e+00
860 1.6642340750163658e+02 2.3025424893268092e+00
861 1.6535885895060397e+02 2.2878139826371493e+00
862 1.6829402631747374e+02 2.3284233396798877e+00
863 1.6564183761564394e+02 2.2917291193935041e+00
864 1.6357642135782683e+02 2.2631531590573748e+00
865 1.6665529782255248e+02 2.3057507959273531e+00
866 1.6465060803115435e+02 2.2780150134920096e+00
867 1.6208749135529311e+02 2.2425531446367253e+00
868 1.6486862366088576e+02 2.2810313575167465e+00
869 1.6368058036100754e+02 2.2645942455852248e+00
870 1.6059411046084267e+02 2.2218915501300316e+00
871 1.6323722591486663e+02 2.2584602379633623e+00
872 1.6248828225455009e+02 2.2480982664962545e+00
873 1.5929449021919081e+02 2.2039107211630298e+00
874 1.6154288028299749e+02 2.2350182061749817e+00
875 1.6133284222888676e+02 2.2321122354871701e+00
876 1.5791387600908627e+02 2.1848093043139438e+00
877 1.6004275074729020e+02 2.2142632411895051e+00
878 1.5999069081272364e+02 2.2135429686441310e+00
879 1.5666492737329969e+02 2.1675295397420218e+00
880 1.5850011889011788e+02 2.1929202375228276e+00
881 1.5871506813659988e+02 2.1958941567599322e+00
882 1.5530103520442458e+02 2.1486594798337473e+00
883 1.5714936442396154e+02 2.1742319436243727e+00
884 1.5728203544305111e+02 2.1760675066809281e+00
885 1.5404669301344049e+02 2.1313050930064752e+00
886 1.5575257001979236e+02 2.1549066665330368e+00
887 1.5592865048349489e+02 2.1573428187264199e+00
888 1.5267704426562136e+02 2.1123553882464892e+00
889 1.5453289826861072e+02 2.1380319607912992e+00
890 1.5442814294620581e+02 2.1365826239195131e+00
891 1.5142260127238637e+02 2.0949996067748629e+00
892 1.5325569144204835e+02 2.1203612314752371e+00
893 1.5300338934703834e+02 2.1168705188247285e+00
894 1.5007509886891469e+02 2.0763563066223103e+00
895 1.5213346126484387e+02 2.1048346736153243e+00
896 1.5143035433366805e+02 2.0951068738552059e+00
897 1.4886723959063656e+02 2.0596450317414878e+00
898 1.5093118518601514e+02 2.0882006448031381e+00
899 1.4992560935845557e+02 2.0742880521939941e+00
900 1.4760286680994156e+02 2.0421518672065053e+00
901 1.4984612523749544e+02 2.0731883537291869e+00
902 1.4827807840836707e+02 2.0514937225260206e+00
903 1.4651143729232854e+02 2.0270514502871806e+00
904 1.4863807190119252e+02 2.0564743939685495e+00
905 1.4670964048733143e+02 2.0297936803908994e+00
906 1.4539955510684118e+02 2.0116680615340989e+00
907 1.4748729445659106e+02 2.0405528718597816e+00
908 1.4503411258011292e+02 2.0066120002634480e+00
909 1.4448076503032331e+02 1.9989561887169687e+00
910 1.4615238077954362e+02 2.0220837423837796e+00
911 1.4348843697068705e+02 1.9852268849191166e+00
912 1.4354621071419339e+02 1.9860262105740099e+00
913 1.4480903272176738e+02 2.0034979194672884e+00
914 1.4191510763859034e+02 1.9634591679180018e+00
915 1.4277345953531591e+02 1.9753348514091322e+00
916 1.4323803333720358e+02 1.9817624383353518e+00
917 1.4056047189731635e+02 1.9447171748374104e+00
918 1.4191836219410271e+02 1.9635041961532937e+00
919 1.4164257367935744e+02 1.9596885383512921e+00
920 1.3927531106985464e+02 1.9269363983512668e+00
921 1.4111185731705567e+02 1.9523458394345621e+00
922 1.3986215059977312e+02 1.9350555864651178e+00
923 1.3828066637995269e+02 1.9131750429346017e+00
924 1.4008226518576038e+02 1.9381009704911074e+00
925 1.3815608595167444e+02 1.9114514168308256e+00
926 1.3738516800169393e+02 1.9007854212100028e+00
927 1.3894962492523479e+02 1.9224303844591715e+00
928 1.3643029186070081e+02 1.8875742815050340e+00
929 1.3673023781539271e+02 1.8917241683241284e+00
930 1.3748424641561840e+02 1.9021562155066762e+00
931 1.3497338052345981e+02 1.8674172596801664e+00
932 1.3603545990814098e+02 1.8821116043458492e+00
933 1.3588660532750481e+02 1.8800521344564209e+00
934 1.3368907178845038e+02 1.8496482722752923e+00
935 1.3535070730057654e+02 1.8726377448854310e+00
936 1.3405859396786570e+02 1.8547607773707313e+00
937 1.3279267664360506e+02 1.8372462433827383e+00
938 1.3435417953933813e+02 1.8588503363322044e+00
939 1.3232506516002917e+02 1.8307766287678588e+00
940 1.3206473157251190e+02 1.8271747968161154e+00
941 1.3312750711120586e+02 1.8418787730848141e+00
942 1.3068293684533469e+02 1.8080570469838271e+00
943 1.3154899559652213e+02 1.8200393582632233e+00
944 1.3149241545114072e+02 1.8192565465737576e+00
945 1.2944969468845520e+02 1.7909945885924727e+00
946 1.3087156304273125e+02 1.8106667750300545e+00
947 1.2974101416551213e+02 1.7950251242242194e+00
948 1.2851177223519852e+02 1.7780180107616415e+00
949 1.2999757170237504e+02 1.7985747128214731e+00
950 1.2792080612112176e+02 1.7698417295050477e+00
951 1.2796161220858396e+02 1.7704063000280013e+00
952 1.2863652358716433e+02 1.7797440016713002e+00
953 1.2643973167151042e+02 1.7493504001825610e+00
954 1.2742232524845366e+02 1.7629450230461099e+00
955 1.2699872973523033e+02 1.7570843891237131e+00
956 1.2529882133786072e+02 1.7335653939795448e+00
957 1.2677557754694324e+02 1.7539969785074379e+00
958 1.2513961739671058e+02 1.7313627360453663e+00
959 1.2465948592554497e+02 1.7247199017865442e+00
960 1.2562954555804370e+02 1.7381411119068040e+00
961 1.2353136033516668e+02 1.7091117782410785e+00
962 1.2416368591224985e+02 1.7178602862194876e+00
963 1.2410776703689295e+02 1.7170866234974131e+00
964 1.2227422543973219e+02 1.6917187530951125e+00
965 1.2363283430461910e+02 1.7105157161229689e+00
966 1.2226322534726418e+02 1.6915665618819031e+00
967 1.2158609720180613e+02 1.6821981902745562e+00
968 1.2259882188422192e+02 1.6962096904971402e+00
969 1.2061847400461775e+02 1.6688106893296393e+00
970 1.2111553318032145e+02 1.6756877259733953e+00
971 1.2112817060322578e+02 1.6758625703875896e+00
972 1.1934837014666847e+02 1.6512382327702615e+00
973 1.2062428295959813e+02 1.6688910588273060e+00
974 1.1929777631205656e+02 1.6505382443753551e+00
975 1.1868899552899818e+02 1.6421154891829175e+00
976 1.1959521799091920e+02 1.6546534834150990e+00
977 1.1768471975535311e+02 1.6282208834027987e+00
978 1.1825473163039428e+02 1.6361072533636483e+00
979 1.1809338156687132e+02 1.6338749028638333e+00
980 1.1650523225211457e+02 1.6119021447553519e+00
981 1.1773487082962686e+02 1.6289147460098334e+00
982 1.1627175662585853e+02 1.6086719047443641e+00
983 1.1595112542662974e+02 1.6042358282890685e+00
984 1.1660418813831203e+02 1.6132712438259644e+00
985 1.1476720413145057e+02 1.5878557461414171e+00
986 1.1554512906250088e+02 1.5986186864882090e+00
987 1.1500798527063438e+02 1.5911870612005308e+00
988 1.1378003135815270e+02 1.5741977680423773e+00
989 1.1490411877352111e+02 1.5897500216253226e+00
990 1.1323118077313940e+02 1.5666041740206194e+00
991 1.1337115142039576e+02 1.5685407307069930e+00
992 1.1357446242798116e+02 1.5713536296888180e+00
993 1.1194255501153104e+02 1.5487754586164164e+00
994 1.1292328286287785e+02 1.5623442683294975e+00
995 1.1188254254377834e+02 1.5479451592074311e+00
996 1.1122601915481037e+02 1.5388618636480567e+00
997 1.1203643859138917e+02 1.5500743800537229e+00
998 1.1026127745855770e+02 1.5255142295610358e+00
999 1.1091790646838854e+02 1.5345989864324225e+00
1000 1.1046280985595651e+02 1.5283025206731624e+00
1001 1.0931071052182045e+02 1.5123627096297714e+00
1002 1.1027517390721529e+02 1.5257064931612421e+00
1003 1.0878448925577995e+02 1.5050822023860189e+00
1004 1.0885948747733532e+02 1.5061198364204831e+00
1005 1.0903476375783691e+02 1.5085448623785780e+00
1006 1.0749465632290348e+02 1.4872367852258646e+00
1007 1.0847935700592588e+02 1.5008605608471268e+00
1008 1.0730337525987211e+02 1.4845903259227824e+00
1009 1.0694014043581120e+02 1.4795648092087639e+00
1010 1.0745349093590619e+02 1.4866672436326849e+00
1011 1.0586961813035693e+02 1.4647536529472487e+00
1012 1.0658452939309667e+02 1.4746447709291970e+00
1013 1.0588749890224754e+02 1.4650010414464878e+00
1014 1.0505676281791214e+02 1.4535074351064037e+00
1015 1.0586018802243824e+02 1.4646231831744705e+00
1016 1.0426777047531682e+02 1.4425913721567771e+00
1017 1.0476413690328984e+02 1.4494588243249584e+00
1018 1.0438549268813556e+02 1.4442201117735287e+00
1019 1.0332813331517630e+02 1.4295910705871036e+00
1020 1.0416156061775970e+02 1.4411219111387517e+00
1021 1.0277119772796689e+02 1.4218856169335650e+00
1022 1.0292598593949366e+02 1.4240271812677994e+00
1023 1.0290964290228879e+02 1.4238010680176638e+00
1024 1.0161856209416723e+02 1.4059383859437791e+00
1025 1.0250653120465445e+02 1.4182238368716267e+00
1026 1.0123540928693613e+02 1.4006372949987100e+00
1027 1.0120112862984949e+02 1.4001630067318793e+00
1028 1.0134790864915689e+02 1.4021937741348132e+00
1029 1.0002457385275162e+02 1.3838848436660158e+00
1030 1.0080163416618113e+02 1.3946358216402137e+00
1031 9.9759222376329959e+01 1.3802135869705869e+00
1032 9.9476337743784256e+01 1.3762997511959669e+00
1033 9.9824910010650342e+01 1.3811224048545410e+00
1034 9.8415943647820384e+01 1.3616287232555968e+00
1035 9.9176274851212213e+01 1.3721482464888501e+00
1036 9.8223443665998118e+01 1.3589653996643163e+00
1037 9.7860258388655822e+01 1.3539405684513730e+00
1038 9.8239885302907481e+01 1.3591928770855890e+00
1039 9.6890005894625077e+01 1.3405166900053129e+00
1040 9.7528407906691115e+01 1.3493492681871972e+00
1041 9.6735239405427109e+01 1.3383754262092407e+00
1042 9.6238252614290758e+01 1.3314993910384405e+00
1043 9.6710481149764263e+01 1.3380328846372278e+00
1044 9.5331235862745359e+01 1.3189504074530400e+00
1045 9.5970266064681184e+01 1.3277916769235372e+00
1046 9.5188996459577524e+01 1.3169824615110173e+00
1047 9.4711811924075349e+01 1.3103803994288994e+00
1048 9.5136346945433090e+01 1.3162540318677367e+00
1049 9.3840100826994231e+01 1.2983198854087954e+00
1050 9.4397115393651291e+01 1.3060264317784174e+00
1051 9.3690569576123011e+01 1.2962510534831555e+00
1052 9.3173529275517183e+01 1.2890975690141662e+00
1053 9.3623850568047942e+01 1.2953279660806993e+00
1054 9.2313655911228537e+01 1.2772008353368707e+00
1055 9.2910319009341379e+01 1.2854559369228942e+00
1056 9.2141117205377682e+01 1.2748136849519638e+00
1057 9.1722434259514799e+01 1.2690210186024520e+00
1058 9.2072298833106316e+01 1.2738615519042158e+00
1059 9.0852976766176553e+01 1.2569916842009485e+00
1060 9.1406571090842490e+01 1.2646509099885286e+00
1061 9.0641934315248761e+01 1.2540718172326668e+00
1062 9.0258967794985224e+01 1.2487733036513500e+00
1063 9.0578291630667508e+01 1.2531912921455830e+00
1064 8.9364770956051458e+01 1.2364016893070970e+00
1065 8.9978991500976889e+01 1.2448997060448830e+00
1066 8.9100021574515722e+01 1.2327387628644748e+00
1067 8.8878864191405839e+01 1.2296789512725639e+00
1068 8.9043009895919809e+01 1.2319499807194292e+00
1069 8.7948837800325521e+01 1.2168116190035940e+00
1070 8.8526218462634134e+01 1.2247999394414397e+00
1071 8.7613387785586241e+01 1.2121705175889694e+00
1072 8.7487401999461213e+01 1.2104274477290324e+00
1073 8.7556548920408446e+01 1.2113841263950762e+00
1074 8.6519279044338845e+01 1.1970330324089402e+00
1075 8.7133272058356226e+01 1.2055279011545579e+00
1076 8.6096880828302105e+01 1.1911889636301485e+00
1077 8.6173592473696189e+01 1.1922503036519498e+00
1078 8.6025737333916254e+01 1.1902046614750506e+00
1079 8.5172481331467495e+01 1.1783994819669210e+00
1080 8.5700576236360050e+01 1.1857059118445821e+00
1081 8.4647842598832383e+01 1.1711408697826522e+00
1082 8.4842859791128731e+01 1.1738390201098960e+00
1083 8.4539241812010232e+01 1.1696383291858323e+00
1084 8.3826050557115465e+01 1.1597710082839010e+00
1085 8.4306484924573127e+01 1.1664180332487830e+00
1086 8.3190352112871878e+01 1.1509758351754824e+00
1087 8.3573292532342208e+01 1.1562739876406181e+00
1088 8.3015117711328401e+01 1.1485513886315570e+00
1089 8.2567973932447657e+01 1.1423649538915945e+00
1090 8.2856668768973080e+01 1.1463591764443475e+00
1091 8.1820954237514286e+01 1.1320296013485267e+00
1092 8.2266946380085955e+01 1.1382001026836053e+00
1093 8.1546624258833276e+01 1.1282341230471771e+00
1094 8.1311947195558773e+01 1.1249872606161535e+00
1095 8.1429643064547179e+01 1.1266156357541965e+00
1096 8.0468966147685080e+01 1.1133242397132357e+00
1097 8.0990634204190926e+01 1.1205417512608071e+00
1098 8.0067206054621138e+01 1.1077657086226707e+00
1099 8.0129738878528130e+01 1.1086308782895158e+00
1100 7.9945952044836389e+01 1.1060881050107636e+00
1101 7.9222558020628526e+01 1.0960796242190975e+00
1102 7.9647425653457390e+01 1.1019578584868255e+00
1103 7.8675596746569539e+01 1.0885121696618127e+00
1104 7.8923822680920523e+01 1.0919464868013076e+00
1105 7.8495621653583868e+01 1.0860221335254239e+00
1106 7.8003665191927681e+01 1.0792156952192553e+00
1107 7.8303958853072288e+01 1.0833703927130809e+00
1108 7.7314701318662529e+01 1.0696835710089720e+00
1109 7.7747289615297461e+01 1.0756686241234363e+00
1110 7.7023223004880933e+01 1.0656508377998959e+00
1111 7.6877545943209014e+01 1.0636353303105628e+00
1112 7.6882019289727040e+01 1.0636972210660873e+00
1113 7.6075408294447868e+01 1.0525373961540165e+00
1114 7.6497516041154753e+01 1.0583774461593443e+00
1115 7.5633022202126270e+01 1.0464167861415834e+00
1116 7.5744809692764591e+01 1.0479634162150449e+00
1117 7.5469239784874304e+01 1.0441507829369345e+00
1118 7.4888089922493606e+01 1.0361103139254777e+00
1119 7.5227332503535450e+01 1.0408038871959928e+00
1120 7.4284065654225728e+01 1.0277533672486248e+00
1121 7.4642320853293953e+01 1.0327099886173388e+00
1122 7.4023562666894421e+01 1.0241491915744727e+00
1123 7.3810376586754472e+01 1.0211996665345504e+00
1124 7.3859725230953345e+01 1.0218824271615823e+00
1125 7.3071348676808313e+01 1.0109748839213673e+00
1126 7.3459405355213036e+01 1.0163438221236760e+00
1127 7.2657952688498227e+01 1.0052553650009783e+00
1128 7.2737386195042347e+01 1.0063543631926375e+00
1129 7.2483060761467698e+01 1.0028356567455512e+00
1130 7.1931277172043735e+01 9.9520148329221980e-01
1131 7.2236062742018689e+01 9.9941832835948663e-01
1132 7.1348451483655680e+01 9.8713782847628628e-01
1133 7.1687027163553225e+01 9.9182217487034230e-01
1134 7.1072824164044704e+01 9.8332440088126905e-01
1135 7.0909079331231425e+01 9.8105891767418729e-01
1136 7.0901190172896136e+01 9.8094976763006347e-01
1137 7.0191409131016741e+01 9.7112962855479612e-01
1138 7.0540665660435735e+01 9.7596174929270463e-01
1139 6.9753435890474606e+01 9.6507007232604569e-01
1140 6.9888140610439422e+01 9.6693377254639368e-01
1141 6.9551967058072549e+01 9.6228266066416013e-01
1142 6.9121157093578375e+01 9.5632221157250541e-01
1143 6.9332282871384791e+01 9.5924323140552781e-01
1144 6.8514722611342847e+01 9.4793191850434755e-01
1145 6.8865558634464421e+01 9.5278589224608767e-01
1146 6.8187612641523330e+01 9.4340620535198072e-01
1147 6.8160632256991576e+01 9.4303291963036662e-01
1148 6.8008669430168268e+01 9.4093044576078522e-01
1149 6.7444391227817889e+01 9.3312340373335934e-01
1150 6.7720929826867135e+01 9.3694943928814478e-01
1151 6.6943311355386854e+01 9.2619073894696158e-01
1152 6.7174575938873431e+01 9.2939038818950626e-01
1153 6.6688123966148567e+01 9.2266010695665246e-01
1154 6.6459316240875907e+01 9.1949444944948155e-01
1155 6.6498450231579312e+01 9.2003588576378503e-01
1156 6.5810730554226964e+01 9.1052097556201950e-01
1157 6.6144042946111028e+01 9.1513250200564589e-01
1158 6.5396483088360583e+01 9.0478967606772254e-01
1159 6.5548092036445183e+01 9.0688725386622726e-01
1160 6.5181313363964406e+01 9.0181270641978373e-01
1161 6.4849061833788156e+01 8.9721585747371735e-01
1162 6.4965657740423268e+01 8.9882901413923200e-01
1163 6.4267750102079887e+01 8.8917314892750954e-01
1164 6.4557854577248037e+01 8.9318687446315548e-01
1165 6.3917612006430211e+01 8.8432883132538731e-01
1166 6.3938572914511184e+01 8.8461883489036564e-01
1167 6.3720021098777003e+01 8.8159507249178282e-01
1168 6.3269722090021766e+01 8.7536498373127902e-01
1169 6.3475520651029520e+01 8.7821229913045451e-01
1170 6.2747301327583614e+01 8.6813705815952003e-01
1171 6.3031077684545870e+01 8.7206323134141173e-01
1172 6.2441430556312021e+01 8.6390519884556460e-01
1173 6.2407060924710549e+01 8.6342967957641292e-01
1174 6.2248864902252528e+01 8.6124096664942573e-01
1175 6.1771801872553716e+01 8.5464058565459666e-01
1176 6.1980582865856128e+01 8.5752916434229076e-01
1177 6.1295511758018606e+01 8.4805089828773617e-01
1178 6.1516081655370705e+01 8.5110258175068088e-01
1179 6.1017688916229069e+01 8.4420709465861243e-01
1180 6.0899767640746099e+01 8.4257560092061479e-01
1181 6.0824288770814945e+01 8.4153131690028460e-01
1182 6.0296453116260864e+01 8.3422847386733889e-01
1183 6.0540524671088278e+01 8.3760531330274501e-01
1184 5.9853966866343768e+01 8.2810647812964822e-01
1185 6.0069761175361229e+01 8.3109208918596988e-01
1186 5.9592773898038381e+01 8.2449275625923979e-01
1187 5.9467877877466599e+01 8.2276476379452879e-01
1188 5.9397547312824869e+01 8.2179170888706732e-01
1189 5.8891162219891186e+01 8.1478564399544418e-01
1190 5.9107892030434080e+01 8.1778419813497438e-01
1191 5.8470543439578300e+01 8.0896619450802920e-01
1192 5.8642420613737990e+01 8.1134419230526955e-01
1193 5.8217311984797384e+01 8.0546262374824074e-01
1194 5.8059178900606554e+01 8.0327478160041010e-01
1195 5.8021135245295334e+01 8.0274843056530987e-01
1196 5.7503679078837017e+01 7.9558919240572157e-01
1197 5.7734365636414466e+01 7.9878084440054919e-01
1198 5.7095293953684447e+01 7.8993900102465875e-01
1199 5.7283171205966674e+01 7.9253836707930192e-01
1200 5.6843892658134202e+01 7.8646075133871507e-01
1201 5.6720740117753842e+01 7.8475688070446237e-01
1202 5.6648501014860948e+01 7.8375742031425188e-01
1203 5.6180852662310528e+01 7.7728729560057286e-01
1204 5.6372420844124989e+01 7.7993772732080147e-01
1205 5.5776042566569060e+01 7.7168656635493460e-01
1206 5.5943357436898381e+01 7.7400144263233372e-01
1207 5.5520834302669506e+01 7.6815564555432381e-01
1208 5.5404392078786003e+01 7.6654461515860961e-01
1209 5.5326893832159243e+01 7.6547239215593676e-01
1210 5.4876663792387113e+01 7.5924325761224931e-01
1211 5.5067251261530998e+01 7.6188012073279765e-01
1212 5.4469001538754277e+01 7.5360306748289441e-01
1213 5.4666764954477657e+01 7.5633921304302554e-01
1214 5.4205013043237017e+01 7.4995066823962109e-01
1215 5.4154174891786965e+01 7.4924729961167480e-01
1216 5.4011937066521426e+01 7.4727937550063817e-01
1217 5.3636573255786523e+01 7.4208604881572304e-01
1218 5.3772586124314621e+01 7.4396784785819303e-01
1219 5.3220727568537647e+01 7.3633263721174291e-01
1220 5.3406570985633877e+01 7.3890386424434373e-01
1221 5.2942397877329363e+01 7.3248182109357163e-01
1222 5.2925076907212912e+01 7.3224217770296807e-01
1223 5.2747147627872849e+01 7.2978044631598293e-01
1224 5.2418861076921246e+01 7.2523845463591730e-01
1225 5.2528977206821338e+01 7.2676196068390331e-01
1226 5.1992219419232761e+01 7.1933567593854619e-01
1227 5.2201799729877969e+01 7.2223531354019888e-01
1228 5.1694469991731360e+01 7.1521617905834944e-01
1229 5.1756968497291879e+01 7.1608087391547826e-01
1230 5.1492062287374864e+01 7.1241577768185826e-01
1231 5.1265824778384861e+01 7.0928568026978711e-01
1232 5.1293022500750425e+01 7.0966197295781541e-01
1233 5.0827947400583540e+01 7.0322745034505352e-01
1234 5.1007379148919043e+01 7.0570996906449879e-01
1235 5.0505928621941081e+01 6.9877217610619324e-01
1236 5.0605949932159469e+01 7.0015601579601394e-01
1237 5.0289063796275393e+01 6.9577175397188029e-01
1238 5.0137238324013886e+01 6.9367118046426968e-01
1239 5.0103198350263753e+01 6.9320022215935406e-01
1240 4.9691842504475900e+01 6.8750892952583320e-01
1241 4.9858436721816567e+01 6.8981383524589701e-01
1242 4.9343066470768242e+01 6.8268345666160968e-01
1243 4.9506348066625876e+01 6.8494253077763267e-01
1244 4.9103766487302828e+01 6.7937263405620840e-01
1245 4.9069581299865789e+01 6.7889966665480117e-01
1246 4.8921777940898032e+01 6.7685474088866382e-01
1247 4.8624064969782353e+01 6.7273574839891548e-01
1248 4.8713231756879878e+01 6.7396941089273732e-01
1249 4.8248968978312725e+01 6.6754612711366146e-01
1250 4.8414464123307390e+01 6.6983582667484709e-01
1251 4.7979486955865589e+01 6.6381772246128012e-01
1252 4.8020945402778501e+01 6.6439131866983958e-01
1253 4.7788930571439359e+01 6.6118128941174314e-01
1254 4.7587604330413292e+01 6.5839585056550143e-01
1255 4.7606581409653693e+01 6.5865840696865596e-01
1256 4.7192132708414626e+01 6.5292432329271699e-01
1257 4.7360367093352288e+01 6.5525192146715605e-01
1258 4.6888027878152357e+01 6.4871689656470999e-01
1259 4.7020085127677319e+01 6.5054396784404234e-01
1260 4.6675727294149212e+01 6.4577962276101541e-01
1261 4.6614181584911151e+01 6.4492811026836927e-01
1262 4.6504833795755580e+01 6.4341523455921057e-01
1263 4.6209851537336682e+01 6.3933402270443940e-01
1264 4.6304156857814085e+01 6.4063877911237832e-01
1265 4.5871767569455663e+01 6.3465647936668146e-01
1266 4.6023280280706729e+01 6.3675272568542873e-01
1267 4.5626106524755237e+01 6.3125764862594214e-01
1268 4.5661513610290740e+01 6.3174752153560443e-01
1269 4.5448338495908928e+01 6.2879814821186442e-01
1270 4.5266205799360463e+01 6.2627826066242598e-01
1271 4.5278526837017097e+01 6.2644872774480864e-01
1272 4.4902970965892237e+01 6.2125274381825302e-01
1273 4.5055445650922756e+01 6.2336229947571686e-01
1274 4.4618269139118418e+01 6.1731376634641366e-01
1275 4.4751212125378970e+01 6.1915309219076586e-01
1276 4.4415670108864276e+01 6.1451071789031242e-01
1277 4.4386057942122655e+01 6.1410102028138114e-01
1278 4.4255969483482154e+01 6.1230118810700485e-01
1279 4.4014627819208030e+01 6.0896211793185206e-01
1280 4.4079390496375972e+01 6.0985813861872729e-01
1281 4.3693987091059284e+01 6.0452590963967467e-01
1282 4.3838501428279336e+01 6.0652533031469480e-01
1283 4.3453253763906027e+01 6.0119525608144886e-01
1284 4.3524061407855740e+01 6.0217491159512260e-01
1285 4.3280107031185544e+01 5.9879969337207994e-01
1286 4.3168664181854950e+01 5.9725783156569423e-01
1287 4.3128785610907634e+01 5.9670609364974680e-01
1288 4.2826869554526347e+01 5.9252894959012248e-01
1289 4.2944783175698774e+01 5.9416033742730057e-01
1290 4.2545175642466930e+01 5.8863158796750870e-01
1291 4.2693947596021616e+01 5.9068991467420373e-01
1292 4.2338848773021915e+01 5.8577696318413941e-01
1293 4.2380219089585729e+01 5.8634934006978967e-01
1294 4.2185875840286521e+01 5.8366051404619756e-01
1295 4.2041928713934261e+01 5.8166894098794664e-01
1296 4.2039268956229314e+01 5.8163214204710723e-01
1297 4.1729894659579941e+01 5.7735180988810020e-01
1298 4.1851513142232989e+01 5.7903445614561866e-01
1299 4.1480963527454577e+01 5.7390773602109180e-01
1300 4.1599146130052830e+01 5.7554284533694344e-01
1301 4.1300738524010924e+01 5.7141424226142346e-01
1302 4.1294234584886127e+01 5.7132425734639458e-01
1303 4.1162312874705393e+01 5.6949906131468375e-01
1304 4.0976555519861954e+01 5.6692902499195208e-01
1305 4.1020378355608329e+01 5.6753533358053099e-01
1306 4.0692009133653166e+01 5.6299219811005030e-01
1307 4.0834045863339696e+01 5.6495733997355324e-01
1308 4.0469881614899428e+01 5.5991896425636789e-01
1309 4.0587305072709547e+01 5.6154357046357350e-01
1310 4.0309883679921548e+01 5.5770532106144954e-01
1311 4.0296297665468636e+01 5.5751735245770528e-01
1312 4.0183555614725009e+01 5.5595751561703444e-01
1313 3.9999780272600177e+01 5.5341490132926463e-01
1314 4.0048535792204554e+01 5.5408945581149505e-01
1315 3.9739002140186649e+01 5.4980691889948807e-01
1316 3.9869240712972257e+01 5.5160882797039323e-01
1317 3.9538132005798126e+01 5.4702779049315609e-01
1318 3.9634094803895856e+01 5.4835547884740732e-01
1319 3.9394076493404782e+01 5.4503471786541202e-01
1320 3.9360397335390182e+01 5.4456875160803564e-01
1321 3.9279003070074786e+01 5.4344262543930899e-01
1322 3.9084618411497196e+01 5.4075322649977708e-01
1323 3.9153803032159729e+01 5.4171042675829173e-01
1324 3.8844162850112966e+01 5.3742641595555318e-01
1325 3.8986598120385338e+01 5.3939707180682017e-01
1326 3.8660266032370060e+01 5.3488212099812138e-01
1327 3.8767683455790234e+01 5.3636828923149649e-01
1328 3.8529391918677184e+01 5.3307141893370258e-01
1329 3.8513401487691432e+01 5.3285018414876417e-01
1330 3.8425775485901276e+01 5.3163783911076412e-01
1331 3.8257297841076387e+01 5.2930687532667497e-01
1332 3.8313491911923862e+01 5.3008434550179617e-01
1333 3.8033870453276386e+01 5.2621565720170216e-01
1334 3.8162940097749413e+01 5.2800139362509879e-01
1335 3.7863256227505673e+01 5.2385513286189855e-01
1336 3.7964308847551798e+01 5.2525324118576355e-01
1337 3.7743276968674309e+01 5.2219516600120064e-01
1338 3.7731464846714516e+01 5.2203173999574959e-01
1339 3.7651255193630753e+01 5.2092200346858641e-01
1340 3.7494601564655483e+01 5.1875463024724888e-01
1341 3.7554351187266782e+01 5.1958129307580803e-01
1342 3.7285982916568095e+01 5.1586829767842202e-01
1343 3.7424170311315628e+01 5.1778018226648659e-01
1344 3.7125960426656953e+01 5.1365431475498824e-01
1345 3.7249307419047128e+01 5.1536087572001510e-01
1346 3.7015054935512246e+01 5.1211988754012761e-01
1347 3.7039936510302070e+01 5.1246413528757484e-01
1348 3.6934536304344576e+01 5.1100587616258653e-01
1349 3.6822422747347744e+01 5.0945473481480319e-01
1350 3.6854773369381533e+01 5.0990232018099169e-01
1351 3.6627120783525271e+01 5.0675264454576585e-01
1352 3.6748016540657630e+01 5.0842529157153871e-01
1353 3.6475447546237248e+01 5.0465417727729589e-01
1354 3.6600315396601239e+01 5.0638177999454692e-01
1355 3.6371609184587300e+01 5.0321752696884259e-01
1356 3.6417192446140930e+01 5.0384819183807550e-01
1357 3.6301625396062299e+01 5.0224926986449681e-01
1358 3.6220529625165675e+01 5.0112727349993891e-01
1359 3.6239506890505311e+01 5.0138983247785973e-01
1360 3.6038577277575918e+01 4.9860988115923671e-01
1361 3.6158139630466287e+01 5.0026407993924460e-01
1362 3.5894076017490320e+01 4.9661064141223726e-01
1363 3.6040586658561431e+01 4.9863768184644680e-01
1364 3.5795510606672174e+01 4.9524694474363912e-01
1365 3.5886957078729999e+01 4.9651214770140278e-01
1366 3.5734416678550325e+01 4.9440168284537489e-01
1367 3.5713789528776495e+01 4.9411629697627785e-01
1368 3.5689219800748141e+01 4.9377636376864936e-01
1369 3.5546541978285489e+01 4.9180235209903700e-01
1370 3.5634033632069908e+01 4.9301283837211801e-01
1371 3.5408971276556308e+01 4.8989899973548906e-01
1372 3.5549124809437082e+01 4.9183808672650664e-01
1373 3.5314003411555042e+01 4.8858507672688872e-01
1374 3.5428804990508866e+01 4.9017340806411597e-01
1375 3.5259317382471743e+01 4.8782847098598286e-01
1376 3.5283341061269198e+01 4.8816084935758020e-01
1377 3.5228755921160911e+01 4.8740563946089577e-01
1378 3.5134218325914446e+01 4.8609766942734367e-01
1379 3.5198803944403615e+01 4.8699124042798131e-01
1380 3.5005207839791886e+01 4.8431275148626030e-01
1381 3.5147800089856759e+01 4.8628557922336724e-01
1382 3.4913224076096412e+01 4.8304011485769627e-01
1383 3.5064395334648623e+01 4.8513163702520173e-01
1384 3.4862385456606717e+01 4.8233673975421154e-01
1385 3.4951786966954657e+01 4.8357364974948430e-01
1386 3.4843002874308638e+01 4.8206857303437217e-01
1387 3.4825993606330677e+01 4.8183324218266366e-01
1388 3.4835510698332207e+01 4.8196491541924330e-01
1389 3.4709176814208398e+01 4.8021702946735939e-01
1390 3.4817916813174982e+01 4.8172149612663900e-01
1391 3.4621085382837926e+01 4.7899824500235477e-01
1392 3.4774140705878239e+01 4.8111583404711999e-01
1393 3.4572010316148095e+01 4.7831926944286940e-01
1394 3.4700040325213315e+01 4.8009062204408731e-01
1395 3.4559523506768670e+01 4.7814650883434762e-01
1396 3.4604680768693804e+01 4.7877127980764511e-01
1397 3.4569748270846574e+01 4.7828797303151888e-01
1398 3.4506460416412288e+01 4.7741235717867170e-01
1399 3.4582562428099408e+01 4.7846526264469585e-01
1400 3.4425963217183053e+01 4.7629864232161173e-01
1401 3.4578985162719768e+01 4.7841576957364373e-01
1402 3.4378527026836636e+01 4.7564234135142913e-01
1403 3.4548137504695475e+01 4.7798897838865695e-01
1404 3.4369150110232781e+01 4.7551260750434970e-01
1405 3.4491109725777122e+01 4.7719997348842891e-01
1406 3.4391161444916378e+01 4.7581714419252730e-01
1407 3.4420231959935002e+01 4.7621934780692171e-01
1408 3.4428823003513912e+01 4.7633820874821031e-01
1409 3.4354220381293963e+01 4.7530604800799148e-01
1410 3.4462956736450636e+01 4.7681046425352658e-01
1411 3.4311335483424401e+01 4.7471271621063516e-01
1412 3.4477759966659207e+01 4.7701527358321288e-01
1413 3.4303171353281627e+01 4.7459976180822067e-01
1414 3.4466406093709637e+01 4.7685818765835852e-01
1415 3.4331055623025790e+01 4.7498555318717173e-01
1416 3.4433313149119371e+01 4.7640033192664438e-01
1417 3.4385946886096583e+01 4.7574499843234896e-01
1418 3.4392265083918389e+01 4.7583241353313965e-01
1419 3.4451683544559103e+01 4.7665449458729836e-01
1420 3.4361299328006446e+01 4.7540398841090631e-01
1421 3.4510547968296216e+01 4.7746891029239147e-01
1422 3.4356456010535652e+01 4.7533697894130578e-01
1423 3.4549358967226432e+01 4.7800587787064014e-01
1424 3.4386595366372397e+01 4.7575397044783024e-01
1425 3.4563958277040108e+01 4.7820786587019781e-01
1426 3.4450771855945938e+01 4.7664188096641197e-01
1427 3.4560393484797274e+01 4.7815854537058800e-01
1428 3.4538661696384402e+01 4.7785787633045190e-01
1429 3.4552283140632170e+01 4.7804633512129940e-01
1430 3.4633553294730532e+01 4.7917074415567024e-01
1431 3.4555091010817996e+01 4.7808518326474531e-01
1432 3.4716335406565520e+01 4.8031607180349162e-01
1433 3.4578417746968725e+01 4.7840791912222286e-01
1434 3.4767649359591395e+01 4.8102602335965255e-01
1435 3.4616513356048856e+01 4.7893498896101894e-01
1436 3.4764204553771485e+01 4.8097836292602186e-01
1437 3.4635592060884242e+01 4.7919895139986257e-01
1438 3.4665272190467029e+01 4.7960958930518499e-01
1439 3.4556289748858454e+01 4.7810176834320972e-01
1440 3.4389146605884413e+01 4.7578926799079641e-01
1441 3.4235175630243354e+01 4.7365901048159864e-01
1442 3.3791464923959154e+01 4.6752007384085881e-01
1443 3.3465894848693459e+01 4.6301566582033910e-01
1444 3.2679664085565101e+01 4.5213781056129998e-01
1445 3.2042508552220681e+01 4.4332247797161733e-01
1446 3.0911446252507499e+01 4.2767372373528983e-01
1447 2.9915138699506027e+01 4.1388936186179226e-01
1448 2.8575041523444717e+01 3.9534851635195800e-01
1449 2.7368862328907735e+01 3.7866048618326864e-01
1450 2.6120167122881746e+01 3.6138422792575609e-01
1451 2.5043732202142291e+01 3.4649126797976193e-01
1452 2.4263141729370606e+01 3.3569144866766887e-01
1453 2.3697148598574746e+01 3.2786067983599620e-01
1454 2.3667317718622233e+01 3.2744795623169198e-01
1455 2.3822850038733979e+01 3.2959981564195767e-01
1456 2.4532566808641505e+01 3.3941906548566603e-01
1457 2.5224353550487766e+01 3.4899024534892120e-01
1458 2.6152037569769323e+01 3.6182516985342184e-01
1459 2.6668986106338394e+01 3.6897738472580327e-01
1460 2.6908450613372761e+01 3.7229048358857536e-01
1461 2.6559073915031664e+01 3.6745670025972976e-01
1462 2.5825771621358697e+01 3.5731113411581933e-01
1463 2.4981783259356448e+01 3.4563417657011825e-01
1464 2.4163097381446633e+01 3.3430729024085820e-01
1465 2.3871136158279654e+01 3.3026787576383404e-01
1466 2.3849596930509744e+01 3.2996987088656332e-01
1467 2.4457746787753681e+01 3.3838389693736648e-01
1468 2.5001203806342868e+01 3.4590286854844926e-01
1469 2.5616857293223450e+01 3.5442071068090775e-01
1470 2.5572161704880561e+01 3.5380232716869686e-01
1471 2.5186331642738910e+01 3.4846419520110083e-01
1472 2.4386224036222181e+01 3.3739434758954878e-01
1473 2.3712809027266637e+01 3.2807734889118184e-01
1474 2.3429187828168811e+01 3.2415332238793804e-01
1475 2.3568634125148893e+01 3.2608262445305031e-01
1476 2.4172551408766115e+01 3.3443809094927507e-01
1477 2.4589987740433369e+01 3.4021350983224147e-01
1478 2.4820593974924886e+01 3.4340405052114764e-01
1479 2.4306247769723004e+01 3.3628784007046514e-01
1480 2.3717368314919380e+01 3.2814042868085269e-01
1481 2.3052744519478701e+01 3.1894506036462128e-01
1482 2.2994726919644620e+01 3.1814236084805586e-01
1483 2.3280871185982711e+01 3.2210129511824998e-01
1484 2.3812903929103452e+01 3.2946220675405186e-01
1485 2.4066555857481582e+01 3.3297159495465450e-01
1486 2.3759773019486317e+01 3.2872711678848421e-01
1487 2.3191353822110486e+01 3.2086278223750447e-01
1488 2.2565551825070102e+01 3.1220453091503420e-01
1489 2.2554514756212267e+01 3.1205182811688642e-01
1490 2.2792420340062858e+01 3.1534335857818108e-01
1491 2.3348156936647687e+01 3.2303222365864070e-01
1492 2.3337309028060741e+01 3.2288213797768545e-01
1493 2.3017618697481375e+01 3.1845907886216601e-01
1494 2.2336152638050432e+01 3.0903069026930280e-01
1495 2.2049276993052352e+01 3.0506163704729966e-01
1496 2.2182151610491729e+01 3.0690001697834512e-01
1497 2.2603659143223599e+01 3.1273176275411224e-01
1498 2.2855801673217972e+01 3.1622026775105921e-01
1499 2.2518077204010513e+01 3.1154769823869738e-01
1500 2.2017531004489470e+01 3.0462241705637982e-01
1501 2.1556190170108330e+01 2.9823955968570848e-01
1502 2.1755003012063213e+01 3.0099022452845564e-01
1503 2.2053031717905732e+01 3.0511358534976757e-01
1504 2.2339956066712688e+01 3.0908331241081183e-01
1505 2.1958410002120544e+01 3.0380445147083135e-01
1506 2.1475313582900846e+01 2.9712059582580108e-01
1507 2.1143525073173734e+01 2.9253015297532892e-01
1508 2.1341428191167598e+01 2.9526823137903335e-01
1509 2.1716539250947530e+01 3.0045806114111900e-01
1510 2.1732284921547155e+01 3.0067590955633200e-01
1511 2.1371568358109887e+01 2.9568523410756681e-01
1512 2.0820375057803993e+01 2.8805922756894869e-01
1513 2.0816725653457652e+01 2.8800873642293545e-01
1514 2.1029264263874566e+01 2.9094930342882741e-01
1515 2.1371644205189810e+01 2.9568628348593756e-01
1516 2.1066243654764893e+01 2.9146092988830585e-01
1517 2.0653008427020630e+01 2.8574363516245160e-01
1518 2.0320901439689301e+01 2.8114878603147708e-01
1519 2.0554417592779235e+01 2.8437958674938951e-01
1520 2.0834654033420708e+01 2.8825678360121071e-01
1521 2.0773390648845695e+01 2.8740917719691000e-01
1522 2.0342698586951567e+01 2.8145035934061025e-01
1523 1.9960037200404017e+01 2.7615606742111698e-01
1524 2.0115680278012487e+01 2.7830945921102834e-01
1525 2.0349931075144799e+01 2.8155042405877978e-01
1526 2.0433851512761979e+01 2.8271150095437553e-01
1527 1.9938952675923161e+01 2.7586435356780015e-01
1528 1.9664807981932224e+01 2.7207143876324408e-01
1529 1.9656128692568743e+01 2.7195135690194472e-01
1530 2.0013823070618820e+01 2.7690021906032547e-01
1531 1.9962579602894714e+01 2.7619124269992951e-01
1532 1.9596947157469209e+01 2.7113255381891732e-01
1533 1.9256201163623430e+01 2.6641818015792806e-01
1534 1.9337693776848436e+01 2.6754566701409649e-01
1535 1.9639949635076224e+01 2.7172751238467979e-01
1536 1.9531763344151230e+01 2.7023070652451242e-01
1537 1.9188424709876305e+01 2.6548046252029878e-01
1538 1.8853852485519543e+01 2.6085150572933508e-01
1539 1.9090677308033957e+01 2.6412808337278559e-01
1540 1.9229734510895490e+01 2.6605200214624580e-01
1541 1.9149504726047635e+01 2.6494198708709660e-01
1542 1.8668560674416501e+01 2.5828791041306398e-01
1543 1.8589821784096433e+01 2.5719852254842346e-01
1544 1.8766836247186585e+01 2.5964759704226498e-01
1545 1.8916776296233905e+01 2.6172208487403109e-01
1546 1.8619861638436106e+01 2.5761413740710620e-01
1547 1.8260448334470954e+01 2.5264149313769380e-01
1548 1.8312319257243953e+01 2.5335915062012604e-01
1549 1.8504756816112092e+01 2.5602161056183742e-01
1550 1.8513007979674963e+01 2.5613576911065644e-01
1551 1.8072422571217235e+01 2.5004007236714787e-01
1552 1.7947500101876560e+01 2.4831171397185600e-01
1553 1.8048291446529348e+01 2.4970620743346322e-01
1554 1.8258823423209876e+01 2.5261901176156898e-01
1555 1.7942114502718695e+01 2.4823720179188308e-01
1556 1.7663509175352868e+01 2.4438257212384007e-01
1557 1.7648854352717663e+01 2.4417981607949710e-01
1558 1.7884852675004304e+01 2.4744495872158301e-01
1559 1.7795017570148879e+01 2.4620204975181739e-01
1560 1.7426509466442109e+01 2.4110357484865363e-01
1561 1.7325333998577587e+01 2.3970376687011979e-01
1562 1.7472814683070148e+01 2.4174422829016240e-01
1563 1.7586029533740938e+01 2.4331060652989242e-01
1564 1.7215762586206594e+01 2.3818779723347308e-01
1565 1.7045449840552013e+01 2.3583144400630024e-01
1566 1.7092096369016225e+01 2.3647681965015241e-01
1567 1.7304719292157785e+01 2.3941855316040694e-01
1568 1.7021056321045638e+01 2.3549394872260887e-01
1569 1.6774577359250255e+01 2.3208380173199730e-01
1570 1.6767837157330483e+01 2.3199054801522814e-01
1571 1.6973550717731452e+01 2.3483668739288310e-01
1572 1.6827610802007722e+01 2.3281754319984430e-01
1573 1.6502919466322137e+01 2.2832529293555992e-01
1574 1.6484778734889321e+01 2.2807430777945370e-01
1575 1.6633527349813704e+01 2.3013231158573039e-01
1576 1.6613532493399827e+01 2.2985567377887328e-01
1577 1.6241330373842775e+01 2.2470609050952950e-01
1578 1.6211664368353322e+01 2.2429564801737348e-01
1579 1.6320712223571334e+01 2.2580437400597556e-01
1580 1.6362722859228960e+01 2.2638560999349347e-01
1581 1.6000355637893282e+01 2.2137209695232776e-01
1582 1.5928074730995796e+01 2.2037205818496325e-01
1583 1.6048023347716939e+01 2.2203160109832232e-01
1584 1.6078531611721580e+01 2.2245369661481745e-01
1585 1.5774543396297815e+01 2.1824788330540684e-01
1586 1.5637196409897619e+01 2.1634762614377931e-01
1587 1.5803206448341262e+01 2.1864444948677875e-01
1588 1.5782777772506527e+01 2.1836180959365134e-01
1589 1.5543758939088326e+01 2.1505487682525862e-01
1590 1.5358326312489989e+01 2.1248933326344960e-01
1591 1.5562470437868834e+01 2.1531375880362866e-01
1592 1.5499842253240514e+01 2.1444726977843134e-01
1593 1.5288310955104528e+01 2.1152063938975973e-01
1594 1.5108575853606675e+01 2.0903392364324913e-01
1595 1.5309577977893893e+01 2.1181487818903150e-01
1596 1.5239414079041357e+01 2.1084412917751877e-01
1597 1.5004740607808040e+01 2.0759731644399623e-01
1598 1.4889469192490724e+01 2.0600248470994253e-01
1599 1.5046470751123616e+01 2.0817467169415158e-01
1600 1.4990867876747490e+01 2.0740538098738323e-01
1601 1.4709212291734064e+01 2.0350854963664167e-01
1602 1.4687131443072193e+01 2.0320305119139531e-01
1603 1.4787942453553388e+01 2.0459781673855931e-01
1604 1.4732243877792548e+01 2.0382720196020815e-01
1605 1.4426553477511881e+01 1.9959783815981466e-01
1606 1.4483869701633113e+01 2.0039083382880202e-01
1607 1.4546109112494367e+01 2.0125194399455376e-01
1608 1.4447104875236013e+01 1.9988217596532679e-01
1609 1.4174917059395115e+01 1.9611633544770271e-01
1610 1.4271207810505047e+01 1.9744856117897569e-01
1611 1.4317831314071567e+01 1.9809361826304084e-01
1612 1.4137526838454384e+01 1.9559902497020570e-01
1613 1.3957325528359362e+01 1.9310585901864288e-01
1614 1.4053493696623466e+01 1.9443638876126129e-01
1615 1.4084372036074486e+01 1.9486360443754847e-01
1616 1.3824419208180712e+01 1.9126704046597984e-01
1617 1.3763855671340069e+01 1.9042911676898955e-01
1618 1.3839234849766232e+01 1.9147202151263312e-01
1619 1.3823643749978887e+01 1.9125631165393828e-01
1620 1.3536167553322933e+01 1.8727894953038066e-01
1621 1.3580318178075968e+01 1.8788979322689126e-01
1622 1.3628370691576954e+01 1.8855462130435915e-01
1623 1.3527424400798777e+01 1.8715798409360856e-01
1624 1.3294140746674479e+01 1.8393040010316941e-01
1625 1.3395429310513382e+01 1.8533177281523619e-01
1626 1.3407356135260397e+01 1.8549678578519649e-01
1627 1.3211925184174694e+01 1.8279291091951719e-01
1628 1.3102766678648123e+01 1.8128265403426580e-01
1629 1.3200927087032172e+01 1.8264074731253088e-01
1630 1.3157856303451545e+01 1.8204484370298593e-01
1631 1.2913259072201074e+01 1.7866073129848317e-01
1632 1.2946786367756619e+01 1.7912459647062312e-01
1633 1.2987479865823561e+01 1.7968760926879304e-01
1634 1.2874348140312440e+01 1.7812238110293152e-01
1635 1.2668726019543591e+01 1.7527750683360069e-01
1636 1.2795216637138148e+01 1.7702756126335267e-01
1637 1.2745646068128682e+01 1.7634173020702557e-01
1638 1.2577177843697038e+01 1.7401089675830239e-01
1639 1.2493370224628533e+01 1.7285138075793055e-01
1640 1.2611752574841905e+01 1.7448925367163096e-01
1641 1.2476098571473152e+01 1.7261241968960372e-01
1642 1.2307096530699539e+01 1.7027420065235466e-01
1643 1.2364281025597041e+01 1.7106537378844669e-01
1644 1.2371979156809978e+01 1.7117188088665056e-01
1645 1.2199777458656662e+01 1.6878939315439848e-01
1646 1.2098972968777138e+01 1.6739471782268328e-01
1647 1.2225095286295037e+01 1.6913967665567961e-01
1648 1.2083176331240130e+01 1.6717616425703116e-01
1649 1.1952628966557647e+01 1.6536998291172911e-01
1650 1.1950293147578638e+01 1.6533766580846049e-01
1651 1.2018436373226548e+01 1.6628045789984677e-01
1652 1.1790839142576157e+01 1.6313154812872285e-01
1653 1.1760525226915689e+01 1.6271214150874116e-01
1654 1.1811343570221858e+01 1.6341523608213224e-01
1655 1.1733342797676602e+01 1.6233606040797713e-01
1656 1.1554368181041257e+01 1.5985986631064256e-01
1657 1.1609879047422577e+01 1.6062788404553408e-01
1658 1.1618404313105055e+01 1.6074583492012190e-01
1659 1.1426347359536791e+01 1.5808864082344867e-01
1660 1.1399243792871680e+01 1.5771365082176811e-01
1661 1.1445010841417295e+01 1.5834685846646993e-01
1662 1.1355251097394802e+01 1.5710499214762980e-01
1663 1.1181681756176111e+01 1.5470358246013396e-01
1664 1.1282562595886656e+01 1.5609931412600681e-01
1665 1.1215272060868866e+01 1.5516831939194892e-01
1666 1.1079271638582799e+01 1.5328669254882002e-01
1667 1.1033593436244985e+01 1.5265471413125367e-01
1668 1.1116075610216992e+01 1.5379589200420837e-01
1669 1.0939589863254731e+01 1.5135413253514338e-01
1670 1.0867032971943537e+01 1.5035027539962686e-01
1671 1.0922548292355852e+01 1.5111835475803495e-01
1672 1.0853888736407177e+01 1.5016841900534594e-01
1673 1.0701617802589698e+01 1.4806168233730382e-01
1674 1.0726182901533743e+01 1.4840155149947457e-01
1675 1.0747222489662155e+01 1.4869264363819987e-01
1676 1.0559362635521747e+01 1.4609351829465245e-01
1677 1.0554970745172158e+01 1.4603275452175410e-01
1678 1.0575207595308116e+01 1.4631274042029863e-01
1679 1.0485211137984503e+01 1.4506759906676356e-01
1680 1.0343899004252641e+01 1.4311248231329937e-01
1681 1.0443452923379917e+01 1.4448985543773382e-01
1682 1.0343097822029705e+01 1.4310139759788765e-01
1683 1.0229813548661628e+01 1.4153405886400225e-01
1684 1.0228639907474511e+01 1.4151782101176061e-01
1685 1.0253768195517136e+01 1.4186548214771960e-01
1686 1.0081016941848613e+01 1.3947539106842036e-01
1687 1.0064955416863299e+01 1.3925317266610993e-01
1688 1.0105548200029638e+01 1.3981479202845598e-01
1689 9.9739052314299173e+00 1.3799345251154344e-01
1690 9.9003559531233929e+00 1.3697586525682728e-01
1691 9.9400285325595856e+00 1.3752475318782417e-01
1692 9.8823926161384961e+00 1.3672733443247548e-01
1693 9.7290184778324633e+00 1.3460533443550957e-01
1694 9.7998284509179125e+00 1.3558502217382085e-01
1695 9.7394007544265673e+00 1.3474897788899212e-01
1696 9.6283905549948781e+00 1.3321310198801589e-01
1697 9.5985485639363866e+00 1.3280022465657673e-01
1698 9.6467962561677609e+00 1.3346775311932385e-01
1699 9.4793852718805578e+00 1.3115154706220705e-01
1700 9.4623932826012993e+00 1.3091645526904511e-01
1701 9.4860598526578652e+00 1.3124389288103691e-01
1702 9.3864852045042255e+00 1.2986623296122504e-01
1703 9.2961959568195383e+00 1.2861704072171812e-01
1704 9.3460982356782907e+00 1.2930746113259320e-01
1705 9.2750466369941051e+00 1.2832443039574612e-01
1706 9.1495411306250851e+00 1.2658800542165524e-01
1707 9.2047746613245387e+00 1.2735218609299367e-01
1708 9.1448631127985269e+00 1.2652328294677520e-01
1709 9.0406918895003159e+00 1.2508202734811835e-01
1710 9.0254276694596847e+00 1.2487084001733592e-01
1711 9.0538176828253203e+00 1.2526362858613319e-01
1712 8.8894029776455881e+00 1.2298887739440104e-01
1713 8.9050928852302906e+00 1.2320595430329098e-01
1714 8.8973479380777825e+00 1.2309879948556461e-01
1715 8.8028611961852423e+00 1.2179153303097354e-01
1716 8.7328211422501987e+00 1.2082249746944297e-01
1717 8.7888978744045723e+00 1.2159834421111465e-01
1718 8.6718090857306080e+00 1.1997836830151817e-01
1719 8.6068508096983063e+00 1.1907964141662175e-01
1720 8.6450851872611079e+00 1.1960863117961797e-01
1721 8.5632285706129121e+00 1.1847610817282186e-01
1722 8.4766398307279722e+00 1.1727811411852766e-01
1723 8.4996289195265273e+00 1.1759617847344156e-01
1724 8.4635164295682266e+00 1.1709654597719214e-01
1725 8.3326176035320305e+00 1.1528550200641913e-01
1726 8.3832282024612859e+00 1.1598572234317520e-01
1727 8.3253306672636427e+00 1.1518468397470798e-01
1728 8.2366040129027809e+00 1.1395711091471225e-01
1729 8.2201282785895042e+00 1.1372916174056254e-01
1730 8.2358434693911615e+00 1.1394658845409944e-01
1731 8.0932725103224019e+00 1.1197405528747345e-01
1732 8.1098755777806968e+00 1.1220376617279772e-01
1733 8.0965264236827164e+00 1.1201907463830388e-01
1734 7.9959016611961902e+00 1.1062688591568463e-01
1735 7.9656133023776867e+00 1.1020783288607464e-01
1736 7.9858951210187108e+00 1.1048844094405662e-01
1737 7.8789765611868221e+00 1.0900917471218276e-01
1738 7.8367296008881082e+00 1.0842466906725576e-01
1739 7.8714034556875196e+00 1.0890439740080529e-01
1740 7.7572185015655801e+00 1.0732459734470433e-01
1741 7.7266749938483947e+00 1.0690201421563814e-01
1742 7.7327211363980384e+00 1.0698566530971240e-01
1743 7.6674840119123528e+00 1.0608308043139043e-01
1744 7.5817260764286392e+00 1.0489658092863115e-01
1745 7.6375921037869361e+00 1.0566951247494086e-01
1746 7.5319110570560523e+00 1.0420736779188600e-01
1747 7.4876776105387934e+00 1.0359537821911900e-01
1748 7.4945094926679214e+00 1.0368990037270628e-01
1749 7.4438386259033322e+00 1.0298884620341621e-01
1750 7.3521065895670983e+00 1.0171969233577549e-01
1751 7.3925181321581057e+00 1.0227880415346928e-01
1752 7.3217714571597217e+00 1.0129999217258390e-01
1753 7.2458377622756975e+00 1.0024941544502636e-01
1754 7.2722378271938775e+00 1.0061467218449371e-01
1755 7.2119783338704142e+00 9.9780955065937454e-02
1756 7.1381757315006809e+00 9.8759862959182390e-02
1757 7.1485013865393601e+00 9.8902723028048936e-02
1758 7.1153093306364825e+00 9.8443496046870013e-02
1759 7.0118668389710530e+00 9.7012322777213569e-02
1760 7.0537084828397330e+00 9.7591220687532870e-02
1761 6.9865706592995593e+00 9.6662338785264076e-02
1762 6.9238768065337544e+00 9.5794941211930260e-02
1763 6.9204137345553614e+00 9.5747028057803968e-02
1764 6.9001946301767934e+00 9.5467287679772542e-02
1765 6.7954180454832755e+00 9.4017656634686531e-02
1766 6.8298349504962728e+00 9.4493829952690317e-02
1767 6.7758984790835974e+00 9.3747594678359539e-02
1768 6.7026183489522149e+00 9.2733731209368578e-02
1769 6.7113949444619321e+00 9.2855159344846214e-02
1770 6.6763572969776952e+00 9.2370397776328772e-02
1771 6.5938548347472832e+00 9.1228939206219065e-02
1772 6.6048068402579130e+00 9.1380465114804479e-02
1773 6.5743712109015471e+00 9.0959374531247320e-02
1774 6.4819563033298095e+00 8.9680772833772501e-02
1775 6.5116134740832408e+00 9.0091093093392985e-02
1776 6.4550825962301630e+00 8.9308963042279976e-02
1777 6.3954126969404443e+00 8.8483403221633491e-02
1778 6.3904092397529935e+00 8.8414178147224895e-02
1779 6.3701151902257731e+00 8.8133400869446418e-02
1780 6.2735902162895183e+00 8.6797934560314371e-02
1781 6.3095236320800625e+00 8.7295089485132024e-02
1782 6.2464832598347755e+00 8.6422897659373832e-02
1783 6.1917143751602994e+00 8.5665145574200477e-02
1784 6.1929096174961389e+00 8.5681682288023531e-02
1785 6.1579633380468435e+00 8.5198184837251167e-02
1786 6.0810790652141815e+00 8.4134456437407787e-02
1787 6.1032117119116887e+00 8.4440671531710365e-02
1788 6.0498791773776057e+00 8.3702791994981082e-02
1789 5.9860118149929757e+00 8.2819158389711961e-02
1790 6.0069387545150734e+00 8.3108691984442193e-02
1791 5.9441913437133875e+00 8.2240553411659367e-02
1792 5.8975864919989069e+00 8.1595754384333155e-02
1793 5.9004470726769744e+00 8.1635331801081665e-02
1794 5.8560069570104796e+00 8.1020482867936866e-02
1795 5.7890027590874702e+00 8.0093449736017161e-02
1796 5.8211146988345916e+00 8.0537732825712471e-02
1797 5.7392995508498004e+00 7.9405783556474666e-02
1798 5.7140544260021162e+00 7.9056505930912402e-02
1799 5.7088565855321862e+00 7.8984591476603222e-02
1800 5.6574242002494586e+00 7.8273001357047817e-02
1801 5.6078687701199597e+00 7.7587379753915359e-02
1802 5.6286166028778979e+00 7.7874435326227981e-02
1803 5.5479981364136410e+00 7.6759042682579021e-02
1804 5.5285112247033874e+00 7.6489432518526954e-02
1805 5.5275156720866487e+00 7.6475658601535268e-02
1806 5.4563879692185431e+00 7.5491574929168359e-02
1807 5.4399375544537163e+00 7.5263976062328125e-02
1808 5.4321437211960681e+00 7.5156144883410061e-02
1809 5.3665093390056224e+00 7.4248063766559180e-02
1810 5.3469845693748077e+00 7.3977929821195595e-02
1811 5.3478319873114160e+00 7.3989654228444252e-02
1812 5.2628105625400012e+00 7.2813344681739639e-02
1813 5.2757375005081322e+00 7.2992194666698762e-02
1814 5.2394026881806575e+00 7.2489486240752715e-02
1815 5.1883928063022626e+00 7.1783741645303364e-02
1816 5.1758474931072769e+00 7.1610171610252349e-02
1817 5.1619419864058722e+00 7.1417782687947129e-02
1818 5.0853787762087403e+00 7.0358496333673790e-02
1819 5.1072145862000218e+00 7.0660604559004400e-02
1820 5.0553274720737038e+00 6.9942723061936607e-02
1821 5.0121212205478649e+00 6.9344945192607699e-02
1822 5.0141650610406563e+00 6.9373222642557242e-02
1823 4.9704989344330368e+00 6.8769082195202322e-02
1824 4.9247278086919728e+00 6.8135818140672710e-02
1825 4.9331169404591062e+00 6.8251885541481080e-02
1826 4.8790914215823689e+00 6.7504418255544194e-02
1827 4.8424964885796857e+00 6.6998110943383690e-02
1828 4.8534394468464255e+00 6.7149511679291896e-02
1829 4.7828288519011775e+00 6.6172582426978155e-02
1830 4.7736743997017763e+00 6.6045926474717201e-02
1831 4.7574920724127923e+00 6.5822036718351587e-02
1832 4.7076429733564868e+00 6.5132352073896296e-02
1833 4.6845762555355375e+00 6.4813213686638324e-02
1834 4.6847764885783159e+00 6.4815984000596474e-02
1835 4.6098349600659736e+00 6.3779134339811416e-02
1836 4.6227961825598447e+00 6.3958458666561926e-02
1837 4.5848177362027096e+00 6.3433009826589934e-02
1838 4.5410261916203041e+00 6.2827134165299628e-02
1839 4.5366362688693842e+00 6.2766397615011446e-02
1840 4.5072611039432777e+00 6.2359979032501178e-02
1841 4.4560734628609051e+00 6.1651775058733760e-02
1842 4.4661705703409034e+00 6.1791473069614633e-02
1843 4.4174837430305880e+00 6.1117868976083407e-02
1844 4.3832067612589451e+00 6.0643631558884074e-02
1845 4.3895034479694495e+00 6.0730749043801407e-02
1846 4.3302262102363924e+00 5.9910621871913358e-02
1847 4.3166088014208146e+00 5.9722218913080216e-02
1848 4.3035324129761445e+00 5.9541301213744575e-02
1849 4.2569060903717109e+00 5.8896205127025453e-02
1850 4.2369152009261857e+00 5.8619622204954806e-02
1851 4.2337155910768649e+00 5.8575354167555937e-02
1852 4.1670280529002230e+00 5.7652702165259855e-02
1853 4.1799527258517299e+00 5.7831520812698045e-02
1854 4.1394281787664449e+00 5.7270845527139576e-02
1855 4.1051109726070756e+00 5.6796051587494047e-02
1856 4.0981282685114548e+00 5.6699442744351562e-02
1857 4.0687852882599005e+00 5.6293469451249648e-02
1858 4.0248711753554769e+00 5.5685898002248185e-02
1859 4.0351937146045627e+00 5.5828714962768179e-02
1860 3.9812090425367486e+00 5.5081812810753930e-02
1861 3.9633526327934208e+00 5.4834761372749709e-02
1862 3.9574056403677984e+00 5.4752482065113461e-02
1863 3.9057185001533594e+00 5.4037367296811606e-02
1864 3.8982607178189941e+00 5.3934185533147390e-02
1865 3.8795841545688887e+00 5.3675786903510249e-02
1866 3.8356037886625836e+00 5.3067298814511034e-02
1867 3.8285122160585039e+00 5.2969183726722803e-02
1868 3.8087006097626324e+00 5.2695081267442191e-02
1869 3.7586835885747325e+00 5.2003073344977516e-02
1870 3.7716699631003840e+00 5.2182745661369247e-02
1871 3.7217848120133898e+00 5.1492562220898819e-02
1872 3.7039343556929456e+00 5.1245593151170506e-02
1873 3.6930053084166619e+00 5.1094384880054813e-02
1874 3.6569689000898404e+00 5.0595805007302118e-02
1875 3.6318663925032491e+00 5.0248500555515746e-02
1876 3.6317974573748186e+00 5.0247546807094173e-02
1877 3.5764503080904526e+00 4.9481794171671693e-02
1878 3.5790898253683960e+00 4.9518313077125051e-02
1879 3.5520008424968039e+00 4.9143524848769167e-02
1880 3.5147624554960362e+00 4.8628315061934227e-02
1881 3.5138527527592980e+00 4.8615728916538925e-02
1882 3.4807855949159499e+00 4.8158229956034609e-02
1883 3.4516023229730921e+00 4.7754466299018104e-02
1884 3.4493604929493733e+00 4.7723449575103168e-02
1885 3.4108919916385387e+00 4.7191220605040468e-02
1886 3.3890236775441136e+00 4.6888662670863675e-02
1887 3.3876595702447214e+00 4.6869789634528203e-02
1888 3.3360290379109361e+00 4.6155458061645747e-02
1889 3.3391569969823500e+00 4.6198734778394472e-02
1890 3.3101654249750294e+00 4.5797623375970042e-02
1891 3.2809771971230028e+00 4.5393791151727293e-02
1892 3.2719692464816217e+00 4.5269162114232465e-02
1893 3.2494321535843058e+00 4.4957351325347700e-02
1894 3.2127270010041435e+00 4.4449519075895554e-02
1895 3.2204843243901666e+00 4.4556845124363774e-02
1896 3.1723406852350720e+00 4.3890756282598330e-02
1897 3.1652318156760324e+00 4.3792401883679964e-02
1898 3.1494590350159211e+00 4.3574178388620342e-02
1899 3.1137709318250990e+00 4.3080417473650857e-02
1900 3.1061630543510916e+00 4.2975159076406935e-02
1901 3.0868079621323363e+00 4.2707372694145269e-02
1902 3.0518309780841038e+00 4.2223450431474560e-02
1903 3.0517294104344566e+00 4.2222045197485153e-02
1904 3.0203214144644610e+00 4.1787501485689028e-02
1905 2.9955237549514679e+00 4.1444414743735593e-02
1906 2.9958570908779980e+00 4.1449026595791603e-02
1907 2.9521766146771999e+00 4.0844687615378787e-02
1908 2.9486612157790928e+00 4.0796050494847858e-02
1909 2.9279615207280623e+00 4.0509660929301694e-02
1910 2.8990938078053179e+00 4.0110263172867380e-02
1911 2.8897312520416643e+00 3.9980728014453487e-02
1912 2.8717343672871074e+00 3.9731733041661110e-02
1913 2.8369238605152658e+00 3.9250114066779973e-02
1914 2.8434083571250848e+00 3.9339829985893436e-02
1915 2.8012529013012486e+00 3.8756590346419241e-02
1916 2.7938983179070069e+00 3.8654836386379864e-02
1917 2.7787571022716189e+00 3.8445350876715620e-02
1918 2.7483731185904121e+00 3.8024974834239125e-02
1919 2.7396030409068577e+00 3.7903636875809915e-02
1920 2.7227299013558848e+00 3.7670189421946949e-02
1921 2.6911244155107905e+00 3.7232913349147925e-02
1922 2.6914961110387901e+00 3.7238055923495848e-02
1923 2.6606578899627276e+00 3.6811395302920651e-02
1924 2.6423195427029098e+00 3.6557676043210474e-02
1925 2.6383114733360351e+00 3.6502222605764738e-02
1926 2.6010288274800812e+00 3.5986400477816698e-02
1927 2.5986062040997733e+00 3.5952882396721404e-02
1928 2.5771105810949098e+00 3.5655480810933282e-02
1929 2.5530733924214828e+00 3.5322915524142205e-02
1930 2.5455733329340715e+00 3.5219148837102858e-02
1931 2.5248244003916835e+00 3.4932078048779083e-02
1932 2.4990982768216314e+00 3.4576145590148620e-02
1933 2.5014022312581927e+00 3.4608021833180139e-02
1934 2.4620935351739965e+00 3.4064168391572135e-02
1935 2.4612654799277465e+00 3.4052711875829408e-02
1936 2.4402341175200282e+00 3.3761733543639413e-02
1937 2.4174547604780896e+00 3.3446570921650112e-02
1938 2.4101416205996173e+00 3.3345390351240227e-02
1939 2.3898550713873199e+00 3.3064716843682854e-02
1940 2.3669454718595775e+00 3.2747752258484288e-02
1941 2.3657671813322296e+00 3.2731450080535178e-02
1942 2.3329947070540715e+00 3.2278028199330830e-02
1943 2.3264654982397581e+00 3.2187693666813247e-02
1944 2.3124296109354949e+00 3.1993500870387354e-02
1945 2.2845119831871403e+00 3.1607247968486137e-02
1946 2.2838755686829963e+00 3.1598442888367821e-02
1947 2.2576917962394147e+00 3.1236178652301039e-02
1948 2.2430228267610177e+00 3.1033226880037183e-02
1949 2.2345639747659645e+00 3.0916194868603662e-02
1950 2.2101161638367999e+00 3.0577948438726445e-02
1951 2.1979574388755156e+00 3.0409727025286631e-02
1952 2.1895251123148745e+00 3.0293062005135759e-02
1953 2.1585071286387221e+00 2.9863914288358696e-02
1954 2.1621112591867999e+00 2.9913779051066118e-02
1955 2.1328488979610150e+00 2.9508921158346090e-02
1956 2.1227924582087572e+00 2.9369785803719361e-02
1957 2.1118376392569949e+00 2.9218220969913954e-02
1958 2.0896176448209758e+00 2.8910797380470647e-02
1959 2.0789700604844064e+00 2.8763483275371576e-02
1960 2.0684048445958343e+00 2.8617308774695590e-02
1961 2.0419482355991603e+00 2.8251269722540329e-02
1962 2.0425553234936618e+00 2.8259669055860262e-02
1963 2.0168483389141230e+00 2.7904001393748039e-02
1964 2.0052436839402716e+00 2.7743445787103537e-02
1965 1.9976791470409239e+00 2.7638787026149747e-02
1966 1.9718877639885470e+00 2.7281951673310233e-02
1967 1.9683737982306768e+00 2.7233334380917296e-02
1968 1.9504142440168883e+00 2.6984855892900460e-02
1969 1.9329978514303248e+00 2.6743892289622692e-02
1970 1.9272459663694297e+00 2.6664312379889712e-02
1971 1.9071159715657890e+00 2.6385804872796067e-02
1972 1.8932787313561092e+00 2.6194360448023694e-02
1973 1.8886188486469049e+00 2.6129888880626440e-02
1974 1.8605299748453776e+00 2.5741266712769922e-02
1975 1.8623253349925724e+00 2.5766106325686267e-02
1976 1.8391234409459005e+00 2.5445097714714308e-02
1977 1.8281879240435666e+00 2.5293799933420364e-02
1978 1.8192234675853272e+00 2.5169772657457914e-02
1979 1.8006366523895023e+00 2.4912615732406787e-02
1980 1.7896038918589006e+00 2.4759972541898694e-02
1981 1.7818543997361747e+00 2.4652754842470780e-02
1982 1.7579729913133655e+00 2.4322344845319720e-02
1983 1.7585547851571874e+00 2.4330394224103265e-02
1984 1.7361020936093805e+00 2.4019751165745826e-02
1985 1.7264417489411046e+00 2.3886095964268064e-02
1986 1.7187311741596214e+00 2.3779416703711989e-02
1987 1.6975476314829598e+00 2.3486332889243157e-02
1988 1.6935315900349934e+00 2.3430769154479766e-02
1989 1.6781412027047069e+00 2.3217836242654648e-02
1990 1.6631641062895597e+00 2.3010621396015472e-02
1991 1.6581961954868036e+00 2.2941888121782886e-02
1992 1.6397602599571217e+00 2.2686818684587492e-02
1993 1.6297040572296975e+00 2.2547686609305648e-02
1994 1.6232084233387947e+00 2.2457816600912943e-02
1995 1.6007055132695405e+00 2.2146478746786571e-02
1996 1.6018815521395893e+00 2.2162749772047009e-02
1997 1.5804857827645276e+00 2.1866729706014939e-02
1998 1.5732465077592446e+00 2.1766571089256524e-02
1999 1.5636474121328223e+00 2.1633763295745082e-02
2000 1.5478208531766231e+00 2.1414795753837694e-02
