# step 15
# iter abs_residual rel_residual
0 7.2278104865845847e+01 1.0000000000000000e+00
1 1.1546600861375250e+03 1.5975240195916451e+01
2 1.1527745212176255e+03 1.5949152559509836e+01
3 1.1585072720811627e+03 1.6028467739040035e+01
4 1.2484330970662093e+03 1.7272631862490094e+01
5 1.4402468346342753e+03 1.9926460956710095e+01
6 1.2677694538270759e+03 1.7540159031288397e+01
7 1.4124522130195385e+03 1.9541909899839887e+01
8 1.3004236603879162e+03 1.7991944625576590e+01
9 1.3783981910462555e+03 1.9070757231455872e+01
10 1.3232324643114471e+03 1.8307514658380658e+01
11 1.3547601259469873e+03 1.8743713998333718e+01
12 1.3364428175032574e+03 1.8490285820080729e+01
13 1.3388396176551148e+03 1.8523446625227820e+01
14 1.3429152194674216e+03 1.8579834404346705e+01
15 1.3277325809237780e+03 1.8369775790167157e+01
16 1.3450051727492028e+03 1.8608749845415065e+01
17 1.3195692023759477e+03 1.8256831786405822e+01
18 1.3443069584351611e+03 1.8599089737207500e+01
19 1.3132163294694910e+03 1.8168936940266065e+01
20 1.3418458874595965e+03 1.8565039716386778e+01
21 1.3079856800740629e+03 1.8096568559756687e+01
22 1.3382737217510262e+03 1.8515617201571253e+01
23 1.3034526903343367e+03 1.8033852613507960e+01
24 1.3340055733955096e+03 1.8456565454663409e+01
25 1.2993510853109340e+03 1.7977105068300244e+01
26 1.3293075319970728e+03 1.8391565944685155e+01
27 1.2955114809383790e+03 1.7923982419613182e+01
28 1.3243513570123548e+03 1.8322995040759032e+01
29 1.2918249965159830e+03 1.7872978254116060e+01
30 1.3192485335198985e+03 1.8252395188951525e+01
31 1.2882212246136298e+03 1.7823118453433100e+01
32 1.3140716232934089e+03 1.8180770313948251e+01
33 1.2846546044810493e+03 1.7773772664148773e+01
34 1.3088677968924649e+03 1.8108773041598585e+01
35 1.2810958289427979e+03 1.7724535408345556e+01
36 1.3036675101295170e+03 1.8036824741728246e+01
37 1.2775263299655446e+03 1.7675149788953920e+01
38 1.2984901357299916e+03 1.7965193444682825e+01
39 1.2739346838617728e+03 1.7625457754133166e+01
40 1.2933476589209668e+03 1.7894044971454733e+01
41 1.2703142383685101e+03 1.7575367266841301e+01
42 1.2882471280013397e+03 1.7823476838420614e+01
43 1.2666615286055451e+03 1.7524830388906487e+01
44 1.2831922934634208e+03 1.7753540935323802e+01
45 1.2629752087395652e+03 1.7473828500121190e+01
46 1.2781847130486080e+03 1.7684258814215244e+01
47 1.2592553284046210e+03 1.7422362287194762e+01
48 1.2732245007414383e+03 1.7615632052122127e+01
49 1.2555028382780795e+03 1.7370444903174992e+01
50 1.2683108376857090e+03 1.7547649319801604e+01
51 1.2517192522229800e+03 1.7318097293036040e+01
52 1.2634423194688732e+03 1.7480291186576167e+01
53 1.2479064168624207e+03 1.7265345005636746e+01
54 1.2586171941784362e+03 1.7413533413950656e+01
55 1.2440663539088166e+03 1.7212216012275181e+01
56 1.2538335239658716e+03 1.7347349190921516e+01
57 1.2402011533673242e+03 1.7158739229110122e+01
58 1.2490892942245857e+03 1.7281710644502908e+01
59 1.2363129023454555e+03 1.7104943532210132e+01
60 1.2443824862355220e+03 1.7216589844811221e+01
61 1.2324036388435109e+03 1.7050857118223480e+01
62 1.2397111252411712e+03 1.7151959470190562e+01
63 1.2284753213142355e+03 1.6996507083222333e+01
64 1.2350733099345994e+03 1.7087793215206705e+01
65 1.2245298121542257e+03 1.6941919194298944e+01
66 1.2304672309102787e+03 1.7024066045922591e+01
67 1.2205688672033632e+03 1.6887117744285632e+01
68 1.2258911806675151e+03 1.6960754338300244e+01
69 1.2165941326640555e+03 1.6832125509131085e+01
70 1.2213435565442003e+03 1.6897835918790555e+01
71 1.2126071450133049e+03 1.6776963746683791e+01
72 1.2168228618976784e+03 1.6835290080671076e+01
73 1.2086093333595177e+03 1.6721652229299547e+01
74 1.2123277032836818e+03 1.6773097545015361e+01
75 1.2046020237666230e+03 1.6666209303667607e+01
76 1.2078567863333521e+03 1.6711240403649686e+01
77 1.2005864443563378e+03 1.6610651961402773e+01
78 1.2034089109099987e+03 1.6649702052144633e+01
79 1.1965637310965992e+03 1.6554995919130981e+01
80 1.1989829658858384e+03 1.6588467117548948e+01
81 1.1925349333543504e+03 1.6499255695314563e+01
82 1.1945779226430316e+03 1.6527521368473444e+01
83 1.1885010204048647e+03 1.6443444700311680e+01
84 1.1901928302486783e+03 1.6466851648334927e+01
85 1.1844628864410838e+03 1.6387575305682752e+01
86 1.1858268092569858e+03 1.6406445789606391e+01
87 1.1804213570167663e+03 1.6331658933334321e+01
88 1.1814790463300524e+03 1.6346292539393158e+01
89 1.1763771933522096e+03 1.6275706115090639e+01
90 1.1771487897180546e+03 1.6286381496899239e+01
91 1.1723310979353444e+03 1.6219726570187309e+01
92 1.1728353439169587e+03 1.6226703039514362e+01
93 1.1682837191228837e+03 1.6163729268930268e+01
94 1.1685380650381610e+03 1.6167248258750895e+01
95 1.1642356550317647e+03 1.6107722486535618e+01
96 1.1642563576318473e+03 1.6108008916293581e+01
97 1.1601874578348406e+03 1.6051713862562455e+01
98 1.1599896696501924e+03 1.6048977374313139e+01
99 1.1561396376450136e+03 1.5995710454651579e+01
100 1.1557374897053246e+03 1.5990146557528995e+01
101 1.1520926651049417e+03 1.5939718774355265e+01
102 1.1514993435986748e+03 1.5931509905191248e+01
103 1.1480469756783484e+03 1.5883744846509448e+01
104 1.1472747910264470e+03 1.5873061325499391e+01
105 1.1440029715527196e+03 1.5827794235558388e+01
106 1.1430634233288263e+03 1.5814795164461586e+01
107 1.1399610245721806e+03 1.5771872086132346e+01
108 1.1388648605585468e+03 1.5756706165336990e+01
109 1.1359214789443406e+03 1.5715983160497982e+01
110 1.1346787494225155e+03 1.5698789440157199e+01
111 1.1318846530401991e+03 1.5660131863460874e+01
112 1.1305047609335836e+03 1.5641040437237448e+01
113 1.1278508414168502e+03 1.5604322270350542e+01
114 1.1263425889434645e+03 1.5583454920878872e+01
115 1.1238203171282848e+03 1.5548558158991419e+01
116 1.1221919476106407e+03 1.5526028936335864e+01
117 1.1197933329736757e+03 1.5492843026973450e+01
118 1.1180525705922857e+03 1.5468758798635962e+01
119 1.1157701230422033e+03 1.5437180113025446e+01
120 1.1139242088675890e+03 1.5411641062464554e+01
121 1.1117509047695794e+03 1.5381572425468006e+01
122 1.1098066298866072e+03 1.5354672510388870e+01
123 1.1077358792261832e+03 1.5326022746200012e+01
124 1.1056996160752842e+03 1.5297850132174251e+01
125 1.1037252332626388e+03 1.5270533660383657e+01
126 1.1016029635329733e+03 1.5241171106763794e+01
127 1.0997191401755001e+03 1.5215107565654495e+01
128 1.0975164815433077e+03 1.5184632795511023e+01
129 1.0957177605423299e+03 1.5159746683675131e+01
130 1.0934399909867450e+03 1.5128232720216728e+01
131 1.0917212434668754e+03 1.5104453077362786e+01
132 1.0893733238512107e+03 1.5071968556358497e+01
133 1.0877297275774713e+03 1.5049228664702648e+01
134 1.0853163221767936e+03 1.5015838118490111e+01
135 1.0837433411671395e+03 1.4994075220686224e+01
136 1.0812688376700125e+03 1.4959839354904741e+01
137 1.0797622035141244e+03 1.4938994395581519e+01
138 1.0772307304170456e+03 1.4903970329831905e+01
139 1.0757864254723247e+03 1.4883987723101948e+01
140 1.0732018690390673e+03 1.4848229225586627e+01
141 1.0718161096221022e+03 1.4829056622492825e+01
142 1.0691821292846309e+03 1.4792614323094408e+01
143 1.0678513515702784e+03 1.4774202416517410e+01
144 1.0651713940623722e+03 1.4737124002343705e+01
145 1.0638922397488000e+03 1.4719426328671346e+01
146 1.0611695529636900e+03 1.4681756735781999e+01
147 1.0599388563580037e+03 1.4664729496233168e+01
148 1.0571765012099956e+03 1.4626511073750521e+01
149 1.0559912776354890e+03 1.4610112973984256e+01
150 1.0531921400326592e+03 1.4571385649740970e+01
151 1.0520495743118895e+03 1.4555577740514652e+01
152 1.0492163758016243e+03 1.4516379168339524e+01
153 1.0481138117913622e+03 1.4501124700720201e+01
154 1.0452491196660733e+03 1.4461490400255268e+01
155 1.0441840510119196e+03 1.4446754697705643e+01
156 1.0412902872588038e+03 1.4406718178230113e+01
157 1.0402603481842118e+03 1.4392468509170532e+01
158 1.0373397988395552e+03 1.4352061399021791e+01
159 1.0363427553353329e+03 1.4338266854933051e+01
160 1.0333975781026140e+03 1.4297519006906526e+01
161 1.0324313207361517e+03 1.4284150402842325e+01
162 1.0294635529041559e+03 1.4243090003742150e+01
163 1.0285260887847551e+03 1.4230119767165792e+01
164 1.0255376543606908e+03 1.4188773436494685e+01
165 1.0246271007433438e+03 1.4176175518784515e+01
166 1.0216198166707220e+03 1.4134568394770907e+01
167 1.0207343943745045e+03 1.4122318180160812e+01
168 1.0177099774285585e+03 1.4080474015160091e+01
169 1.0168480047087821e+03 1.4068548235957989e+01
170 1.0138080767371970e+03 1.4026489468960328e+01
171 1.0129679638448222e+03 1.4014866130275202e+01
172 1.0099140573904740e+03 1.3972613964698690e+01
173 1.0090943013403712e+03 1.3961272272057130e+01
174 1.0060278648024155e+03 1.3918846747153742e+01
175 1.0052270441554485e+03 1.3907767034307737e+01
176 1.0021494466795889e+03 1.3865187092822389e+01
177 1.0013662172153963e+03 1.3854350761880310e+01
178 9.9827875258414849e+02 1.3811634303874412e+01
179 9.9751184302683703e+02 1.3801023766164064e+01
180 9.9441573467209503e+02 1.3758187718366621e+01
181 9.9366394213096669e+02 1.3747786331355663e+01
182 9.9056034660962382e+02 1.3704846695250048e+01
183 9.8982253330680260e+02 1.3694638717271230e+01
184 9.8671254400442467e+02 1.3651610620337168e+01
185 9.8598763320198725e+02 1.3641581154238368e+01
186 9.8287228418012376e+02 1.3598478903181208e+01
187 9.8215925727220713e+02 1.3588613856093433e+01
188 9.7903952593247084e+02 1.3545450973702884e+01
189 9.7833741900885502e+02 1.3535737009495897e+01
190 9.7521422962319696e+02 1.3492526283488967e+01
191 9.7452213053151627e+02 1.3482950782125654e+01
192 9.7139635705736794e+02 1.3439704304095411e+01
193 9.7071340264615401e+02 1.3430255323488055e+01
194 9.6758587122204949e+02 1.3386984523431668e+01
195 9.6691124481848340e+02 1.3377650764545512e+01
196 9.6378273646034279e+02 1.3334366448168549e+01
197 9.6311566502247763e+02 1.3325137215621524e+01
198 9.5998691833272221e+02 1.3281849601819770e+01
199 9.5932667049485713e+02 1.3272714776839361e+01
200 9.5619838332416305e+02 1.3229433520689931e+01
201 9.5554426703415254e+02 1.3220383528424298e+01
202 9.5241709909049519e+02 1.3177117757282932e+01
203 9.5176845945118748e+02 1.3168143536936237e+01
204 9.4864303432126883e+02 1.3124901878404655e+01
205 9.4799925168104608e+02 1.3115994856818828e+01
206 9.4487615845570247e+02 1.3072785461232982e+01
207 9.4423664670812718e+02 1.3063937529362573e+01
208 9.4111644193132179e+02 1.3020768096757820e+01
209 9.4048064648286788e+02 1.3011971581552642e+01
210 9.3736385591318049e+02 1.2968849386034755e+01
211 9.3673125252477348e+02 1.2960097034412071e+01
212 9.3361837237613031e+02 1.2917028941323288e+01
213 9.3298846505319216e+02 1.2908313890975643e+01
214 9.2987996415274836e+02 1.2865306386749937e+01
215 9.2925228388272546e+02 1.2856622148678285e+01
216 9.2614860447967999e+02 1.2813681352031692e+01
217 9.2552270815955706e+02 1.2805021795707066e+01
218 9.2242426760226954e+02 1.2762153480841334e+01
219 9.2179973606342094e+02 1.2753512806877790e+01
220 9.1870692806500915e+02 1.2710722420990496e+01
221 9.1808336550737408e+02 1.2702095153316664e+01
222 9.1499656116680819e+02 1.2659387830728512e+01
223 9.1437359359170921e+02 1.2650768794904936e+01
224 9.1129314270444468e+02 1.2608149375192948e+01
225 9.1067041698898754e+02 1.2599533685605998e+01
226 9.0759664896064191e+02 1.2557006726244643e+01
227 9.0697383169872171e+02 1.2548389770071314e+01
228 9.0390705672510182e+02 1.2505959562758711e+01
229 9.0328383340678488e+02 1.2497336988613004e+01
230 9.0022434340317147e+02 1.2455007572127997e+01
231 8.9960041708190352e+02 1.2446375271621143e+01
232 8.9654848648792256e+02 1.2404150442959052e+01
233 8.9592357757033346e+02 1.2395504547791367e+01
234 8.9287946419354080e+02 1.2353387873835363e+01
235 8.9225330891509850e+02 1.2344724734706238e+01
236 8.8921725518989933e+02 1.2302719569645058e+01
237 8.8858960492027313e+02 1.2294035746642349e+01
238 8.8556183822479602e+02 1.2252145236354387e+01
239 8.8493245909412042e+02 1.2243437493783608e+01
240 8.8191319253642178e+02 1.2201664586714410e+01
241 8.8128186447225869e+02 1.2192929879774669e+01
242 8.7827129783231874e+02 1.2151277339969871e+01
243 8.7763781374617588e+02 1.2142512803498990e+01
244 8.7463613380987022e+02 1.2100983215224961e+01
245 8.7400029932606697e+02 1.2092186159948216e+01
246 8.7100768086088055e+02 1.2050781941191499e+01
247 8.7036931317630717e+02 1.2041949837945872e+01
248 8.6738591940275398e+02 1.2000673246935488e+01
249 8.6674484725026423e+02 1.1991803726163193e+01
250 8.6377083001902042e+02 1.1950656863821356e+01
251 8.6312689283077623e+02 1.1941747703994332e+01
252 8.6016239401634368e+02 1.1900732533218411e+01
253 8.5951544118103720e+02 1.1891781650561661e+01
254 8.5656059241333185e+02 1.1850899992510586e+01
255 8.5591048331254262e+02 1.1841905441505189e+01
256 8.5296540675290044e+02 1.1801158986335833e+01
257 8.5231200980624828e+02 1.1792118946508213e+01
258 8.4937681873198119e+02 1.1751509261462997e+01
259 8.4872001123422751e+02 1.1742422035131140e+01
260 8.4579481023385279e+02 1.1701950567239111e+01
261 8.4513447784182961e+02 1.1692814572414001e+01
262 8.4221936322864212e+02 1.1652482654212795e+01
263 8.4155539962042076e+02 1.1643296419882859e+01
264 8.3865046014679149e+02 1.1603105279301335e+01
265 8.3798276641896234e+02 1.1593867437093540e+01
266 8.3508808331805005e+02 1.1553818198028887e+01
267 8.3441656792406764e+02 1.1544527481355715e+01
268 8.3153221536803710e+02 1.1504621170013101e+01
269 8.3085679340955869e+02 1.1495276404267900e+01
270 8.2798283914343631e+02 1.1455513957930151e+01
271 8.2730343237738646e+02 1.1446114060584879e+01
272 8.2443993739981340e+02 1.1406496323195555e+01
273 8.2375647377215478e+02 1.1397040297350284e+01
274 8.2090349337113241e+02 1.1357568033843684e+01
275 8.2021590649461643e+02 1.1348054961001054e+01
276 8.1737349013453047e+02 1.1308728855739140e+01
277 8.1668171944350240e+02 1.1299157897946154e+01
278 8.1384991106373525e+02 1.1259978558849989e+01
279 8.1315390119834365e+02 1.1250348950178269e+01
280 8.1033273951029219e+02 1.1211316912837393e+01
281 8.0963244025425263e+02 1.1201627958522121e+01
282 8.0682195906174150e+02 1.1162743690627609e+01
283 8.0611732501026211e+02 1.1152994762473126e+01
284 8.0331755331946044e+02 1.1114258665338340e+01
285 8.0260854365365037e+02 1.1104449198596980e+01
286 7.9981950615302526e+02 1.1065861613797935e+01
287 7.9910608423065923e+02 1.1055991101508075e+01
288 7.9632780127265369e+02 1.1017552310629949e+01
289 7.9560993485262281e+02 1.1007620306721389e+01
290 7.9284242268541709e+02 1.0969330534565044e+01
291 7.9212008323951034e+02 1.0959336644337187e+01
292 7.8936335448890725e+02 1.0921196065586267e+01
293 7.8863651723964517e+02 1.0911139946231572e+01
294 7.8589058052254552e+02 1.0873148680104764e+01
295 7.8515922454864130e+02 1.0863030042167845e+01
296 7.8242408522113362e+02 1.0825188162769038e+01
297 7.8168819265283207e+02 1.0815006759013814e+01
298 7.7896385265680794e+02 1.0777314293209947e+01
299 7.7822340903293423e+02 1.0767069923559580e+01
300 7.7550986720944798e+02 1.0729526855316124e+01
301 7.7476486104802723e+02 1.0719219360912341e+01
302 7.7206211320984789e+02 1.0681825632297071e+01
303 7.7131253598752880e+02 1.0671454895215485e+01
304 7.6862057518701408e+02 1.0634210410104659e+01
305 7.6786642094184594e+02 1.0623776347859005e+01
306 7.6518523750109284e+02 1.0586680972354491e+01
307 7.6442650311644013e+02 1.0576183541824721e+01
308 7.6175608487683508e+02 1.0539237107706649e+01
309 7.6099276934664385e+02 1.0528676294973554e+01
310 7.5833310178223940e+02 1.0491878601268924e+01
311 7.5756520684436509e+02 1.0481254430376515e+01
312 7.5491627275315466e+02 1.0444605239087851e+01
313 7.5414380217722714e+02 1.0433917762190646e+01
314 7.5150558279923462e+02 1.0397416813765265e+01
315 7.5072854235975524e+02 1.0386666110756080e+01
316 7.4810101621270485e+02 1.0350313107977060e+01
317 7.4731941401683969e+02 1.0339499291022177e+01
318 7.4470255811370782e+02 1.0303293915853736e+01
319 7.4391640374379165e+02 1.0292417117529052e+01
320 7.4131019305201050e+02 1.0256359023634387e+01
321 7.4051949826635109e+02 1.0245419406621364e+01
322 7.3792390604503169e+02 1.0209508224028282e+01
323 7.3712868386935793e+02 1.0198505968543722e+01
324 7.3454368180285553e+02 1.0162741305492576e+01
325 7.3374394726844650e+02 1.0151676619500970e+01
326 7.3116950527650317e+02 1.0116058059817899e+01
327 7.3036527465589802e+02 1.0104931168457121e+01
328 7.2780136136147109e+02 1.0069458278026669e+01
329 7.2699265252831708e+02 1.0058269428586648e+01
330 7.2443923489434906e+02 1.0022941750326304e+01
331 7.2362606703647089e+02 1.0011691208279199e+01
332 7.2108311097121953e+02 9.9765082705144188e+00
333 7.2026550458741292e+02 9.9651963194702660e+00
334 7.1773297436935275e+02 9.9301576279777208e+00
335 7.1691095113160088e+02 9.9187845677781254e+00
336 7.1438881029757317e+02 9.8838896180736615e+00
337 7.1356239292365160e+02 9.8724557630292402e+00
338 7.1105060356926685e+02 9.8377040306886254e+00
339 7.1021981597379067e+02 9.8262097116688043e+00
340 7.0771833938681505e+02 9.7916006610909196e+00
341 7.0688320629419320e+02 9.7800462201689857e+00
342 7.0439200252717274e+02 9.7455792986628893e+00
343 7.0355254992879100e+02 9.7339650954413219e+00
344 7.0107157832358098e+02 9.6996397404833452e+00
345 7.0022783261113170e+02 9.6879661401030450e+00
346 6.9775705161283463e+02 9.6537817767625409e+00
347 6.9690904045631271e+02 9.6420491620503004e+00
348 6.9444840746999546e+02 9.6080052010072663e+00
349 6.9359615906123338e+02 9.5962139620097311e+00
350 6.9114563108585151e+02 9.5623098083254270e+00
351 6.9028917440060263e+02 9.5504603459351429e+00
352 6.8784870736071707e+02 9.5166953898061006e+00
353 6.8698807203388719e+02 9.5047881140352803e+00
354 6.8455762145547840e+02 9.4711617401434918e+00
355 6.8369283784511424e+02 9.4591970710093296e+00
356 6.8127235837650039e+02 9.4257086518939364e+00
357 6.8040345729528940e+02 9.4136870157037826e+00
358 6.7799290332565829e+02 9.3803359203187373e+00
359 6.7711991612018517e+02 9.3682577507666505e+00
360 6.7471924113816863e+02 9.3350433356063149e+00
361 6.7384219985932623e+02 9.3229090761307756e+00
362 6.7145135713600462e+02 9.2898306946795852e+00
363 6.7057029403953163e+02 9.2776407915532051e+00
364 6.6818923610319280e+02 9.2446977870187297e+00
365 6.6730418422680134e+02 9.2324526973330752e+00
366 6.6493286331402510e+02 9.1996444088869733e+00
367 6.6404385568611360e+02 9.1873445896047503e+00
368 6.6168222374582774e+02 9.1546703524388864e+00
369 6.6078929408104875e+02 9.1423162700174334e+00
370 6.5843730240235072e+02 9.1097754101946222e+00
371 6.5754048451968231e+02 9.0973675325346726e+00
372 6.5519808441142175e+02 9.0649593763910072e+00
373 6.5429741253359759e+02 9.0524981769794302e+00
374 6.5196455475726850e+02 9.0202220432780962e+00
375 6.5106006326746024e+02 9.0077079978214929e+00
376 6.4873669848792076e+02 8.9755632039886741e+00
377 6.4782842214722427e+02 8.9629967934224002e+00
378 6.4551450051186737e+02 8.9309826497249176e+00
379 6.4460247421790200e+02 8.9183643568731856e+00
380 6.4229794603195057e+02 8.8864801757615091e+00
381 6.4138220481172175e+02 8.8738104852386517e+00
382 6.3908701979237549e+02 8.8420555710276840e+00
383 6.3816759899531576e+02 8.8293349719089580e+00
384 6.3588170698026477e+02 8.7977086305806420e+00
385 6.3495864190194504e+02 8.7849376111961011e+00
386 6.3268199237006456e+02 8.7534391437680164e+00
387 6.3175531872171234e+02 8.7406181981985078e+00
388 6.2948786104171927e+02 8.7092469041641429e+00
389 6.2855761424981415e+02 8.6963765225509047e+00
390 6.2629929790439462e+02 8.6651317029805632e+00
391 6.2536551373032910e+02 8.6522123800985007e+00
392 6.2311628782969251e+02 8.6210933309091047e+00
393 6.2217900199895303e+02 8.6081255610363439e+00
394 6.1993881576336400e+02 8.5771315796674781e+00
395 6.1899806409454823e+02 8.5641158583703874e+00
396 6.1676686648734346e+02 8.5332462387069210e+00
397 6.1582268482340510e+02 8.5201830618888401e+00
398 6.1360042501094870e+02 8.4894371006246221e+00
399 6.1265284918053158e+02 8.4763269639909069e+00
400 6.1043947597796853e+02 8.4457039529605105e+00
401 6.0948854185824109e+02 8.4325473528878820e+00
402 6.0728400447013632e+02 8.4020465893136755e+00
403 6.0632974771317583e+02 8.3888440190646136e+00
404 6.0413399502042603e+02 8.3584647956908782e+00
405 6.0317645159922711e+02 8.3452167529678949e+00
406 6.0098943263577235e+02 8.3149583646563308e+00
407 6.0002863802592037e+02 8.3016653402800653e+00
408 5.9785030188998871e+02 8.2715270827818248e+00
409 5.9688629199434649e+02 8.2581895734844863e+00
410 5.9471658763998789e+02 8.2281707405559565e+00
411 5.9374939782363310e+02 8.2147892356292580e+00
412 5.9158827463060788e+02 8.1848891269167172e+00
413 5.9061794040944937e+02 8.1714641177391858e+00
414 5.8846534737111153e+02 8.1416820275428083e+00
415 5.8749190419273111e+02 8.1282140045476403e+00
416 5.8534779073265088e+02 8.0985492331198348e+00
417 5.8437127384053645e+02 8.0850386839164905e+00
418 5.8223558916661034e+02 8.0554905285257252e+00
419 5.8125603374190348e+02 8.0419379398610804e+00
420 5.7912872750035092e+02 8.0125057038402137e+00
421 5.7814616845622493e+02 7.9989115587536794e+00
422 5.7602719012667137e+02 7.9695945431306701e+00
423 5.7504166241575342e+02 7.9559593252075214e+00
424 5.7293096180217242e+02 7.9267568354978284e+00
425 5.7194249998227315e+02 7.9130810228608768e+00
426 5.6984002684739028e+02 7.8839923640092753e+00
427 5.6884866568137522e+02 7.8702764376183563e+00
428 5.6675436994520419e+02 7.8413009167457730e+00
429 5.6576014366017216e+02 7.8275453501481520e+00
430 5.6367397543457605e+02 7.7986822770298376e+00
431 5.6267691846881564e+02 7.7848875466946819e+00
432 5.6059882782508271e+02 7.7561362305445138e+00
433 5.5959897411037900e+02 7.7423028059332912e+00
434 5.5752891157994588e+02 7.7136625623315078e+00
435 5.5652629506240248e+02 7.6997909131037874e+00
436 5.5446421094617756e+02 7.6712610544411630e+00
437 5.5345886535623322e+02 7.6573516472726944e+00
438 5.5140471043223613e+02 7.6289314925410530e+00
439 5.5039666927502560e+02 7.6149847909904036e+00
440 5.4835039423461296e+02 7.5866736579825487e+00
441 5.4733969080383633e+02 7.5726901226829915e+00
442 5.4530124683688177e+02 7.5444873360889311e+00
443 5.4428791409978692e+02 7.5304674231571287e+00
444 5.4225725228302758e+02 7.5023723061015781e+00
445 5.4124132322848777e+02 7.4883164719533877e+00
446 5.3921839500076726e+02 7.4603283525709658e+00
447 5.3819990213931123e+02 7.4462370470041357e+00
448 5.3618465897511578e+02 7.4183552539225941e+00
449 5.3516363495318205e+02 7.4042289286152441e+00
450 5.3315602853067082e+02 7.3764527932802419e+00
451 5.3213250538224997e+02 7.3622918914369988e+00
452 5.3013248771664428e+02 7.3346207499575993e+00
453 5.2910649755352483e+02 7.3204257158594617e+00
454 5.2711402066290282e+02 7.2928589043842544e+00
455 5.2608559507519760e+02 7.2786301750946025e+00
456 5.2410061143604150e+02 7.2511670361144036e+00
457 5.2306978198993329e+02 7.2369050483655339e+00
458 5.2109224398993445e+02 7.2095449231426976e+00
459 5.2005904192608739e+02 7.1952501091632115e+00
460 5.1808890236775983e+02 7.1679923446993490e+00
461 5.1705335874366858e+02 7.1536651341836155e+00
462 5.1509057042550910e+02 7.1265090774247595e+00
463 5.1405271604217921e+02 7.1121498965185053e+00
464 5.1209723220905471e+02 7.0850949005864168e+00
465 5.1105709751048153e+02 7.0707041704959730e+00
466 5.0910887144396378e+02 7.0437495890202442e+00
467 5.0806648679500569e+02 7.0293277298570462e+00
468 5.0612547205760910e+02 7.0024729203542337e+00
469 5.0508086742098328e+02 6.9880203466659125e+00
470 5.0314701773848429e+02 6.9612646689113786e+00
471 5.0210022304922444e+02 6.9467817948625532e+00
472 5.0017349229860810e+02 6.9201246107236978e+00
473 4.9912453696347092e+02 6.9056118431700364e+00
474 4.9720487948376865e+02 6.8790525209068791e+00
475 4.9615379280125558e+02 6.8645102652062908e+00
476 4.9424116285683544e+02 6.8380481720458501e+00
477 4.9318797383227383e+02 6.8234768295000485e+00
478 4.9128232618382543e+02 6.7971113395361726e+00
479 4.9022706351117552e+02 6.7825113071389680e+00
480 4.8832835285513534e+02 6.7562417935765362e+00
481 4.8727104513326594e+02 6.7416134670061059e+00
482 4.8537922662505019e+02 6.7154393094001881e+00
483 4.8431990193455215e+02 6.7007830771641013e+00
484 4.8243493077044360e+02 6.6747036556351720e+00
485 4.8137361725464427e+02 6.6600199071089872e+00
486 4.7949544894136056e+02 6.6340346060725288e+00
487 4.7843217406715212e+02 6.6193237212730169e+00
488 4.7656076444610432e+02 6.5934319297751456e+00
489 4.7549555577815187e+02 6.5786942900718142e+00
490 4.7363086062850027e+02 6.5528953962973766e+00
491 4.7256374523987046e+02 6.5381313762582449e+00
492 4.7070572087825070e+02 6.5124247758283031e+00
493 4.6963672571608214e+02 6.4976347482791201e+00
494 4.6778532834146785e+02 6.4720198351868268e+00
495 4.6671448003224191e+02 6.4572041685169062e+00
496 4.6486966644004258e+02 6.4316803450073738e+00
497 4.6379699120420440e+02 6.4168394019883346e+00
498 4.6195871815811415e+02 6.3914060698678776e+00
499 4.6088424215464590e+02 6.3765402124209709e+00
500 4.5905246676170702e+02 6.3511967782462815e+00
501 4.5797621573741827e+02 6.3363063625901663e+00
502 4.5615089517980670e+02 6.3110522339574420e+00
503 4.5507289478208037e+02 6.2961376149351640e+00
504 4.5325398660032846e+02 6.2709722043986273e+00
505 4.5217426198715168e+02 6.2560337300822235e+00
506 4.5036172385003346e+02 6.2309564519703740e+00
507 4.4928030019221040e+02 6.2159944706092096e+00
508 4.4747408998369104e+02 6.1910047422278165e+00
509 4.4639099185378473e+02 6.1760195937943223e+00
510 4.4459106782806862e+02 6.1511168375715783e+00
511 4.4350631979906223e+02 6.1361088620439999e+00
512 4.4171264019139471e+02 6.1112925001457912e+00
513 4.4062626640848765e+02 6.0962620315837901e+00
514 4.3883878989426802e+02 6.0715314922657306e+00
515 4.3775081434652674e+02 6.0564788625688033e+00
516 4.3596949957351899e+02 6.0318335737041595e+00
517 4.3487994591745843e+02 6.0167591101708000e+00
518 4.3310475206455885e+02 5.9921985069812935e+00
519 4.3201364359209703e+02 5.9771025318656346e+00
520 4.3024452981021204e+02 5.9526260491857323e+00
521 4.2915188970289881e+02 5.9375088832149139e+00
522 4.2738881550324635e+02 5.9131159608641566e+00
523 4.2629466656215584e+02 5.8979779195012663e+00
524 4.2453759150004066e+02 5.8736679979091537e+00
525 4.2344195642649197e+02 5.8585093952371237e+00
526 4.2169084042019580e+02 5.8342819198551057e+00
527 4.2059374137975630e+02 5.8191030625445030e+00
528 4.1884854450750936e+02 5.7949574810369882e+00
529 4.1775000370052652e+02 5.7797586762395765e+00
530 4.1601068621654912e+02 5.7556944387058770e+00
531 4.1491072525686735e+02 5.7404759854588887e+00
532 4.1317724778803193e+02 5.7164925471541226e+00
533 4.1207588825625692e+02 5.7012547440349177e+00
534 4.1034821139266228e+02 5.6773515597054258e+00
535 4.0924547452868217e+02 5.6620947005773834e+00
536 4.0752355924120116e+02 5.6382712302376863e+00
537 4.0641946609088347e+02 5.6229956062798223e+00
538 4.0470327336866274e+02 5.5992513101972659e+00
539 4.0359784463659520e+02 5.5839572078668391e+00
540 4.0188733594853829e+02 5.5602915529464214e+00
541 4.0078059203968638e+02 5.5449792545552814e+00
542 3.9907572879841734e+02 5.5213917069233478e+00
543 3.9796768999654563e+02 5.5060614931064755e+00
544 3.9626843397233847e+02 5.4825515238376203e+00
545 3.9515912016072389e+02 5.4672036696890709e+00
546 3.9346543316925613e+02 5.4437707504860651e+00
547 3.9235486417500249e+02 5.4284055303227117e+00
548 3.9066670834777113e+02 5.4050491372578309e+00
549 3.8955490346157296e+02 5.3896668179750860e+00
550 3.8787224110977957e+02 5.3663864296068997e+00
551 3.8675921961488064e+02 5.3509872779970893e+00
552 3.8508201321580202e+02 5.3277823751818918e+00
553 3.8396779388058667e+02 5.3123666509140319e+00
554 3.8229600622971765e+02 5.2892367189108063e+00
555 3.8118060777590546e+02 5.2738046810082837e+00
556 3.7951420163599136e+02 5.2507492046229096e+00
557 3.7839764244549639e+02 5.2353011074077518e+00
558 3.7673658095647778e+02 5.2123195766647745e+00
559 3.7561887921173997e+02 5.1968556716991925e+00
560 3.7396312553040156e+02 5.1739475768562020e+00
561 3.7284429909020469e+02 5.1584681112244795e+00
562 3.7119381681103226e+02 5.1356329485948580e+00
563 3.7007388322520080e+02 5.1201381651066891e+00
564 3.6842863591477732e+02 5.0973754306177703e+00
565 3.6730761260820577e+02 5.0818655703543856e+00
566 3.6566756416444321e+02 5.0591747645175884e+00
567 3.6454546818840839e+02 5.0436500633910502e+00
568 3.6291058250973339e+02 5.0210306867249148e+00
569 3.6178743088594808e+02 5.0054913802382552e+00
570 3.6015767215624908e+02 4.9829429372108134e+00
571 3.5903348138551860e+02 4.9673892536600741e+00
572 3.5740881398399654e+02 4.9449112514415940e+00
573 3.5628360053900064e+02 4.9293434187336889e+00
574 3.5466398896031558e+02 4.9069353660918660e+00
575 3.5353776886649615e+02 4.8913536059459712e+00
576 3.5192317786921848e+02 4.8690150152998211e+00
577 3.5079596711204448e+02 4.8534195488820693e+00
578 3.4918636144305083e+02 4.8311499324888176e+00
579 3.4805817566457523e+02 4.8155409762140282e+00
580 3.4645352041651859e+02 4.7933398511148715e+00
581 3.4532437503471573e+02 4.7777176182976353e+00
582 3.4372463533274544e+02 4.7555845019833720e+00
583 3.4259454549184892e+02 4.7399492021509531e+00
584 3.4099968684157261e+02 4.7178836173761924e+00
585 3.3986866738063640e+02 4.7022354558335584e+00
586 3.3827865522824374e+02 4.6802369245308375e+00
587 3.3714672088794958e+02 4.6645761052219319e+00
588 3.3556152101825364e+02 4.6426441540087922e+00
589 3.3442868614230451e+02 4.6269708753851786e+00
590 3.3284826433942055e+02 4.6051050308695078e+00
591 3.3171454323849883e+02 4.5894194909258967e+00
592 3.3013886555189555e+02 4.5676192833868656e+00
593 3.2900427204085889e+02 4.5519216732580094e+00
594 3.2743330468292504e+02 4.5301866352288620e+00
595 3.2629785255468420e+02 4.5144771457458663e+00
596 3.2473156185194779e+02 4.4928068113390145e+00
597 3.2359526447147482e+02 4.4770856274122632e+00
598 3.2203361696055259e+02 4.4554795336467894e+00
599 3.2089648764771835e+02 4.4397468395626705e+00
600 3.1933944989420581e+02 4.4182045238585914e+00
601 3.1820150162063692e+02 4.4024604990853771e+00
602 3.1664904046800990e+02 4.3809815027073107e+00
603 3.1551028603023320e+02 4.3652263242906884e+00
604 3.1396236836384287e+02 4.3438101890826140e+00
605 3.1282282025276123e+02 4.3280440298398295e+00
606 3.1127941325231239e+02 4.3066903017182421e+00
607 3.1013908376476832e+02 4.2909133317816250e+00
608 3.0860015458909220e+02 4.2696215563742248e+00
609 3.0745905582903100e+02 4.2538339432072894e+00
610 3.0592457186913049e+02 4.2326036693539741e+00
611 3.0478271566466555e+02 4.2168055766039734e+00
612 3.0325264440583970e+02 4.1956363544492730e+00
613 3.0211004241090723e+02 4.1798279433536409e+00
614 3.0058435149672783e+02 4.1587193252318571e+00
615 2.9944101505365751e+02 4.1429007527168134e+00
616 2.9791967231200402e+02 4.1218522935122275e+00
617 2.9677561256679604e+02 4.1060237137876836e+00
618 2.9525858591079617e+02 4.0850349695640276e+00
619 2.9411381378706625e+02 4.0691965337631064e+00
620 2.9260107129468389e+02 4.0482670628646913e+00
621 2.9145559747520201e+02 4.0324189187883075e+00
622 2.8994710732934561e+02 4.0115482810114003e+00
623 2.8880094231096984e+02 3.9956905738882935e+00
624 2.8729667280819353e+02 3.9748783306015008e+00
625 2.8614982682785813e+02 3.9590112020642478e+00
626 2.8464974646035665e+02 3.9382569173429514e+00
627 2.8350222952079662e+02 3.9223805057838783e+00
628 2.8200630683706544e+02 3.9016837444824062e+00
629 2.8085812874007837e+02 3.8857981855137780e+00
630 2.7936633247398521e+02 3.8651585150511663e+00
631 2.7821750279061041e+02 3.8492639410926053e+00
632 2.7672980171824770e+02 3.8286809294720876e+00
633 2.7558032984175355e+02 3.8127774704836752e+00
634 2.7409669290676243e+02 3.7922506880265967e+00
635 2.7294658794424544e+02 3.7763384700090978e+00
636 2.7146698421011229e+02 3.7558674886949168e+00
637 2.7031625510309095e+02 3.7399466353582502e+00
638 2.6884065372417695e+02 3.7195310284237180e+00
639 2.6768930914311488e+02 3.7036016597276369e+00
640 2.6621767944953808e+02 3.6832410028411808e+00
641 2.6506572786713900e+02 3.6673032360093414e+00
642 2.6359803921389693e+02 3.6469971051836061e+00
643 2.6244548892436461e+02 3.6310510549700381e+00
644 2.6098171084323457e+02 3.6107990286634970e+00
645 2.5982856986237300e+02 3.5948448059704439e+00
646 2.5836867193567406e+02 3.5746464633408377e+00
647 2.5721494814052096e+02 3.5586841771506492e+00
648 2.5575890009982953e+02 3.5385390994207615e+00
649 2.5460460106071935e+02 3.5225688544724103e+00
650 2.5315237275095319e+02 3.5024766244331529e+00
651 2.5199750587468660e+02 3.4864985232030481e+00
652 2.5054906722070325e+02 3.4664587247513348e+00
653 2.4939363967484786e+02 3.4504728664059900e+00
654 2.4794896071209999e+02 3.4304850849688688e+00
655 2.4679297949524553e+02 3.4144915663369115e+00
656 2.4535203033355131e+02 3.3945553883703097e+00
657 2.4419550217045125e+02 3.3785543024917204e+00
658 2.4275825307001574e+02 3.3586693165322359e+00
659 2.4160118452539615e+02 3.3426607542329445e+00
660 2.4016760577139576e+02 3.3228265491626647e+00
661 2.3901000314685405e+02 3.3068105976280981e+00
662 2.3758006522256056e+02 3.2870267650698488e+00
663 2.3642193463654684e+02 3.2710035089515079e+00
664 2.3499560798096223e+02 3.2512696399156225e+00
665 2.3383695536138279e+02 3.2352391612287503e+00
666 2.3241421062391785e+02 3.2155548496366624e+00
667 2.3125504164446133e+02 3.1995172268792857e+00
668 2.2983584944914415e+02 3.1798820663012477e+00
669 2.2867616966413050e+02 3.1638373763198748e+00
670 2.2726050079631466e+02 3.1442509625581492e+00
671 2.2610031540718893e+02 3.1281992773171052e+00
672 2.2468814073892133e+02 3.1086612073733968e+00
673 2.2352745487758301e+02 3.0926025978748126e+00
674 2.2211874531360220e+02 3.0731124692031289e+00
675 2.2095756378211553e+02 3.0570470018857172e+00
676 2.1955229038096238e+02 3.0376044140679896e+00
677 2.1839061787071145e+02 3.0215321538391540e+00
678 2.1698875167274068e+02 3.0021367062057007e+00
679 2.1582659261240082e+02 2.9860577143381506e+00
680 2.1442810482482594e+02 2.9667090085278560e+00
681 2.1326546346756237e+02 2.9506233438660399e+00
682 2.1187032529169281e+02 2.9313209814361030e+00
683 2.1070720564741652e+02 2.9152286994589378e+00
684 2.0931538844755232e+02 2.8959722842216054e+00
685 2.0815179435450312e+02 2.8798734380328610e+00
686 2.0676326944776812e+02 2.8606625731476756e+00
687 2.0559920454575135e+02 2.8445572131056909e+00
688 2.0421394342985320e+02 2.8253915042306548e+00
689 2.0304941108805622e+02 2.8092796769496484e+00
690 2.0166738525343837e+02 2.7901587296422581e+00
691 2.0050238874109658e+02 2.7740404803535679e+00
692 1.9912356975976067e+02 2.7549639012997162e+00
693 1.9795811203222846e+02 2.7388392708919960e+00
694 1.9658247157550429e+02 2.7198066681518234e+00
695 1.9541655545260113e+02 2.7036756956385402e+00
696 1.9404406522606595e+02 2.6846866777460177e+00
697 1.9287769333587210e+02 2.6685493994878406e+00
698 1.9150832525592830e+02 2.6496035778937981e+00
699 1.9034150044263953e+02 2.6334600332414517e+00
700 1.8897522750941363e+02 2.6145570343905296e+00
701 1.8780795528145720e+02 2.5984072995555754e+00
702 1.8644475834202782e+02 2.5795468584585159e+00
703 1.8527706406205084e+02 2.5633912843445525e+00
704 1.8391697428857745e+02 2.5445738322821634e+00
705 1.8274900619070857e+02 2.5284144697748490e+00
706 1.8139234607597038e+02 2.5096444685793795e+00
707 1.8022492187736148e+02 2.4934926311622845e+00
708 1.7887350100053345e+02 2.4747951171732780e+00
709 1.7771064023524664e+02 2.4587064169030484e+00
710 1.7637290606479013e+02 2.4401982646356442e+00
711 1.7523193115558448e+02 2.4244123650008458e+00
712 1.7394189866295383e+02 2.4065641868419823e+00
713 1.7288744054526583e+02 2.3919752858235457e+00
714 1.7176261176786841e+02 2.3764127751644022e+00
715 1.7100033067266813e+02 2.3658662743033858e+00
716 1.7038368987010728e+02 2.3573347722156459e+00
717 1.7046154954731691e+02 2.3584119957725465e+00
718 1.7118245450420031e+02 2.3683860392013476e+00
719 1.7329606918111929e+02 2.3976288462843782e+00
720 1.7697318182965964e+02 2.4485033490866499e+00
721 1.8318501404473915e+02 2.5344468339996697e+00
722 1.9222031551614751e+02 2.6594542824957066e+00
723 2.0500909445271540e+02 2.8363927752841511e+00
724 2.2133038988609019e+02 3.0622052182593573e+00
725 2.4098495920392691e+02 3.3341350005124646e+00
726 2.6149492964943977e+02 3.6178996410433841e+00
727 2.7961444570758721e+02 3.8685912729252490e+00
728 2.8993145354081844e+02 4.0113317038258716e+00
729 2.8919292285385615e+02 4.0011138005156912e+00
730 2.7684028456297568e+02 3.8302095091842019e+00
731 2.5804592577543121e+02 3.5701811254512807e+00
732 2.3927389810327392e+02 3.3104617027160037e+00
733 2.2720072195970735e+02 3.1434238955408520e+00
734 2.2485735948835438e+02 3.1110024246721504e+00
735 2.3276040053695908e+02 3.2203445423615031e+00
736 2.4648145366768304e+02 3.4101814667826869e+00
737 2.5856469445682905e+02 3.5773585228437650e+00
738 2.6024233697205699e+02 3.6005694595215014e+00
739 2.5021722409353120e+02 3.4618675262440139e+00
740 2.3497745503543092e+02 3.2510184857719850e+00
741 2.2477896540965907e+02 3.1099178074309979e+00
742 2.2495805692225713e+02 3.1123956188364086e+00
743 2.3489211901389743e+02 3.2498378236379697e+00
744 2.4612620007616081e+02 3.4052663740006941e+00
745 2.4866702612835206e+02 3.4404198420794052e+00
746 2.3914328964191355e+02 3.3086546760707591e+00
747 2.2642790342558084e+02 3.1327316044858922e+00
748 2.2081328693902887e+02 3.0550508670485570e+00
749 2.2648801622245719e+02 3.1335632919933043e+00
750 2.3708693239883601e+02 3.2802040512668258e+00
751 2.4134343708769597e+02 3.3390947028238966e+00
752 2.3346302929073019e+02 3.2300657263227492e+00
753 2.2206205070697382e+02 3.0723280738909713e+00
754 2.1825006920042244e+02 3.0195875999448609e+00
755 2.2526678056032000e+02 3.1166669488420293e+00
756 2.3415178641912800e+02 3.2395949901250609e+00
757 2.3355674929434187e+02 3.2313623846093162e+00
758 2.2322789020897267e+02 3.0884579863196762e+00
759 2.1572056360280840e+02 2.9845907554328330e+00
760 2.1873649434140833e+02 3.0263175099485715e+00
761 2.2783921103542761e+02 3.1522576782874436e+00
762 2.2979596556475104e+02 3.1793302548713944e+00
763 2.2130581276299199e+02 3.0618651827376206e+00
764 2.1321713975225063e+02 2.9499547635898771e+00
765 2.1561186150420511e+02 2.9830868131420796e+00
766 2.2389458152377622e+02 3.0976819596936460e+00
767 2.2537816575408118e+02 3.1182080129577519e+00
768 2.1668758159392141e+02 2.9979698830802430e+00
769 2.1036954827685298e+02 2.9105570582864106e+00
770 2.1427307728215249e+02 2.9645641329398589e+00
771 2.2175006115688970e+02 3.0680115585276648e+00
772 2.1975400321779588e+02 3.0403952016406284e+00
773 2.1091216133136521e+02 2.9180643532759425e+00
774 2.0816624418043921e+02 2.8800733578559234e+00
775 2.1485853400321733e+02 2.9726641892729835e+00
776 2.1880735799710533e+02 3.0272979404098921e+00
777 2.1249541304414538e+02 2.9399693508643381e+00
778 2.0565795191437624e+02 2.8453700093008032e+00
779 2.0880235655312870e+02 2.8888742578500528e+00
780 2.1523449222356277e+02 2.9778657398814734e+00
781 2.1271919328100097e+02 2.9430654508142600e+00
782 2.0467097589526762e+02 2.8317147533842220e+00
783 2.0452582299813108e+02 2.8297064979463413e+00
784 2.1109726592675494e+02 2.9206253583788473e+00
785 2.1144690839224543e+02 2.9254628187154106e+00
786 2.0371755835648364e+02 2.8185237940950487e+00
787 2.0151748077648728e+02 2.7880847339663983e+00
788 2.0744490030912283e+02 2.8700932418490739e+00
789 2.0930222561115207e+02 2.8957901704760292e+00
790 2.0221529242281264e+02 2.7977392710854967e+00
791 1.9914803880781213e+02 2.7553024415547060e+00
792 2.0453374102327444e+02 2.8298160473757026e+00
793 2.0678940181615329e+02 2.8610241261855380e+00
794 2.0008687221297384e+02 2.7682916228137366e+00
795 1.9708162632272095e+02 2.7267126979673968e+00
796 2.0230160909161785e+02 2.7989335009143694e+00
797 2.0409142495633503e+02 2.8236964061958409e+00
798 1.9744099262415551e+02 2.7316846919357163e+00
799 1.9527427121104483e+02 2.7017071293373016e+00
800 2.0058645248953957e+02 2.7752035400187185e+00
801 2.0113790503554941e+02 2.7828331333379319e+00
802 1.9447587329535097e+02 2.6906609360651377e+00
803 1.9386618116185579e+02 2.6822255719306352e+00
804 1.9912921824486102e+02 2.7550420506246165e+00
805 1.9774636983630757e+02 2.7359097226378752e+00
806 1.9151877695240162e+02 2.6497481818024471e+00
807 1.9302883926565795e+02 2.6706405712205026e+00
808 1.9749764928578833e+02 2.7324685622618401e+00
809 1.9382743208800125e+02 2.6816894611135838e+00
810 1.8906495636845358e+02 2.6157984734017834e+00
811 1.9273608972609094e+02 2.6665902500324972e+00
812 1.9509960314160077e+02 2.6992905182519906e+00
813 1.8964585715692311e+02 2.6238354963639616e+00
814 1.8766189945027114e+02 2.5963865516201232e+00
815 1.9249059524191557e+02 2.6631937237313301e+00
816 1.9147549966977002e+02 2.6491494211859097e+00
817 1.8597753774929279e+02 2.5730826519937473e+00
818 1.8752118522389767e+02 2.5944397071831440e+00
819 1.9125910368547235e+02 2.6461554856822147e+00
820 1.8687288076202969e+02 2.5854701241666649e+00
821 1.8385952205798449e+02 2.5437789549026362e+00
822 1.8795278362451563e+02 2.6004110646422118e+00
823 1.8807096737475402e+02 2.6020461898361797e+00
824 1.8260339886099285e+02 2.5263999270584070e+00
825 1.8375403988533347e+02 2.5423195617316781e+00
826 1.8722812235411530e+02 2.5903850509310700e+00
827 1.8326005477612742e+02 2.5354850561767392e+00
828 1.8041173202190345e+02 2.4960772333027075e+00
829 1.8449883380388360e+02 2.5526241196601478e+00
830 1.8385432651891824e+02 2.5437070722892789e+00
831 1.7899595061305206e+02 2.4764892624852766e+00
832 1.8077088144238112e+02 2.5010462266257099e+00
833 1.8342789125698570e+02 2.5378071491697667e+00
834 1.7878967551782068e+02 2.4736353540213751e+00
835 1.7761587325332397e+02 2.4573952732019433e+00
836 1.8142430040836490e+02 2.5100865711006595e+00
837 1.7914833003342562e+02 2.4785975001134819e+00
838 1.7538063992949128e+02 2.4264698175887744e+00
839 1.7865255655542134e+02 2.4717382516740760e+00
840 1.7896051214646459e+02 2.4759989554046848e+00
841 1.7433117028433395e+02 2.4119499343252988e+00
842 1.7555548339045572e+02 2.4288888552944385e+00
843 1.7811079613187013e+02 2.4642427532163236e+00
844 1.7380497447319132e+02 2.4046697792614755e+00
845 1.7295277232841397e+02 2.3928791803469203e+00
846 1.7634168433997462e+02 2.4397662980688191e+00
847 1.7361837352007740e+02 2.4020880713782895e+00
848 1.7079234650828079e+02 2.3629887201011361e+00
849 1.7420285853401617e+02 2.4101746837074813e+00
850 1.7314488368969828e+02 2.3955371271987489e+00
851 1.6932446592291089e+02 2.3426799338083244e+00
852 1.7173563967721830e+02 2.3760396041923606e+00
853 1.7247239790383239e+02 2.3862329847186152e+00
854 1.6813431390237753e+02 2.3262136467807055e+00
855 1.6945412394285441e+02 2.3444738106702618e+00
856 1.7130154095308887e+02 2.3700336536360318e+00
857 1.6730464531840542e+02 2.3147348097869571e+00
858 1.6722740230076852e+02 2.3136661179918376e+00
859 1.6996228612843433e+02 2.3515044624357322e+00
860 1.6642340749922013e+02 2.3025424892934834e+00
861 1.6535885894820638e+02 2.2878139826040833e+00
862 1.6829402631504081e+02 2.3284233396463350e+00
863 1.6564183761325282e+02 2.2917291193605283e+00
864 1.6357642135546487e+02 2.2631531590248009e+00
865 1.6665529782014426e+02 2.3057507958941410e+00
866 1.6465060802876286e+02 2.2780150134590280e+00
867 1.6208749135294622e+02 2.2425531446043587e+00
868 1.6486862365849680e+02 2.2810313574837999e+00
869 1.6368058035862867e+02 2.2645942455524173e+00
870 1.6059411045851368e+02 2.2218915500979124e+00
871 1.6323722591248452e+02 2.2584602379305094e+00
872 1.6248828225218489e+02 2.2480982664636353e+00
873 1.5929449021688950e+02 2.2039107211312925e+00
874 1.6154288028067904e+02 2.2350182061430086e+00
875 1.6133284222656812e+02 2.2321122354551943e+00
876 1.5791387600681546e+02 2.1848093042826275e+00
877 1.6004275074499321e+02 2.2142632411578282e+00
878 1.5999069081042836e+02 2.2135429686124772e+00
879 1.5666492737104082e+02 2.1675295397108698e+00
880 1.5850011888782939e+02 2.1929202374912671e+00
881 1.5871506813431111e+02 2.1958941567283681e+00
882 1.5530103520218600e+02 2.1486594798028751e+00
883 1.5714936442170747e+02 2.1742319435932878e+00
884 1.5728203544081521e+02 2.1760675066500941e+00
885 1.5404669301125276e+02 2.1313050929763055e+00
886 1.5575257001758004e+02 2.1549066665025283e+00
887 1.5592865048128644e+02 2.1573428186959651e+00
888 1.5267704426345526e+02 2.1123553882166184e+00
889 1.5453289826641685e+02 2.1380319607610452e+00
890 1.5442814294400614e+02 2.1365826238891787e+00
891 1.5142260127022894e+02 2.0949996067451111e+00
892 1.5325569143986613e+02 2.1203612314451434e+00
893 1.5300338934486282e+02 2.1168705187947277e+00
894 1.5007509886676743e+02 2.0763563065926984e+00
895 1.5213346126264952e+02 2.1048346735850618e+00
896 1.5143035433148458e+02 2.0951068738250935e+00
897 1.4886723958847998e+02 2.0596450317117458e+00
898 1.5093118518381573e+02 2.0882006447728054e+00
899 1.4992560935627216e+02 2.0742880521638818e+00
900 1.4760286680778219e+02 2.0421518671767243e+00
901 1.4984612523530228e+02 2.0731883536989399e+00
902 1.4827807840619886e+02 2.0514937224961178e+00
903 1.4651143729018074e+02 2.0270514502575585e+00
904 1.4863807189901434e+02 2.0564743939385091e+00
905 1.4670964048518201e+02 2.0297936803612555e+00
906 1.4539955510471179e+02 2.0116680615047313e+00
907 1.4748729445443547e+02 2.0405528718300530e+00
908 1.4503411257798510e+02 2.0066120002341017e+00
909 1.4448076502819507e+02 1.9989561886876162e+00
910 1.4615238077739318e+02 2.0220837423541211e+00
911 1.4348843696857858e+02 1.9852268848900372e+00
912 1.4354621071208845e+02 1.9860262105449793e+00
913 1.4480903271963268e+02 2.0034979194378471e+00
914 1.4191510763650720e+02 1.9634591678892717e+00
915 1.4277345953321924e+02 1.9753348513802156e+00
916 1.4323803333509647e+02 1.9817624383062911e+00
917 1.4056047189525509e+02 1.9447171748089822e+00
918 1.4191836219203364e+02 1.9635041961247583e+00
919 1.4164257367730769e+02 1.9596885383230240e+00
920 1.3927531106783545e+02 1.9269363983234198e+00
921 1.4111185731501547e+02 1.9523458394064257e+00
922 1.3986215059775731e+02 1.9350555864373180e+00
923 1.3828066637796070e+02 1.9131750429071304e+00
924 1.4008226518374494e+02 1.9381009704633130e+00
925 1.3815608594968640e+02 1.9114514168034087e+00
926 1.3738516799971174e+02 1.9007854211826665e+00
927 1.3894962492324433e+02 1.9224303844317217e+00
928 1.3643029185874536e+02 1.8875742814780672e+00
929 1.3673023781342607e+02 1.8917241682970067e+00
930 1.3748424641364082e+02 1.9021562154794038e+00
931 1.3497338052150732e+02 1.8674172596532395e+00
932 1.3603545990619025e+02 1.8821116043189474e+00
933 1.3588660532557145e+02 1.8800521344297592e+00
934 1.3368907178655451e+02 1.8496482722491481e+00
935 1.3535070729865345e+02 1.8726377448589109e+00
936 1.3405859396596705e+02 1.8547607773445487e+00
937 1.3279267664172494e+02 1.8372462433568111e+00
938 1.3435417953743328e+02 1.8588503363059363e+00
939 1.3232506515813895e+02 1.8307766287417917e+00
940 1.3206473157061811e+02 1.8271747967899987e+00
941 1.3312750710929328e+02 1.8418787730584381e+00
942 1.3068293684346230e+02 1.8080570469580057e+00
943 1.3154899559464593e+02 1.8200393582373495e+00
944 1.3149241544926210e+02 1.8192565465478503e+00
945 1.2944969468661705e+02 1.7909945885671243e+00
946 1.3087156304087173e+02 1.8106667750044112e+00
947 1.2974101416367185e+02 1.7950251241988417e+00
948 1.2851177223337010e+02 1.7780180107364270e+00
949 1.2999757170053348e+02 1.7985747127960778e+00
950 1.2792080611930528e+02 1.7698417294799982e+00
951 1.2796161220675306e+02 1.7704063000027521e+00
952 1.2863652358532008e+02 1.7797440016458668e+00
953 1.2643973166969879e+02 1.7493504001575775e+00
954 1.2742232524662506e+02 1.7629450230208921e+00
955 1.2699872973341020e+02 1.7570843890986125e+00
956 1.2529882133607059e+02 1.7335653939548579e+00
957 1.2677557754513258e+02 1.7539969784824678e+00
958 1.2513961739492289e+02 1.7313627360207133e+00
959 1.2465948592377026e+02 1.7247199017620702e+00
960 1.2562954555625049e+02 1.7381411118820747e+00
961 1.2353136033340161e+02 1.7091117782167373e+00
962 1.2416368591048486e+02 1.7178602861951480e+00
963 1.2410776703514145e+02 1.7170866234732600e+00
964 1.2227422543800454e+02 1.6917187530712881e+00
965 1.2363283430287127e+02 1.7105157160988664e+00
966 1.2226322534553672e+02 1.6915665618580815e+00
967 1.2158609720008903e+02 1.6821981902508776e+00
968 1.2259882188248643e+02 1.6962096904732078e+00
969 1.2061847400291259e+02 1.6688106893061250e+00
970 1.2111553317861558e+02 1.6756877259498717e+00
971 1.2112817060152948e+02 1.6758625703641981e+00
972 1.1934837014499999e+02 1.6512382327472539e+00
973 1.2062428295791570e+02 1.6688910588041062e+00
974 1.1929777631039276e+02 1.6505382443524124e+00
975 1.1868899552734842e+02 1.6421154891601688e+00
976 1.1959521798925296e+02 1.6546534833921227e+00
977 1.1768471975371101e+02 1.6282208833801550e+00
978 1.1825473162873722e+02 1.6361072533407981e+00
979 1.1809338156522105e+02 1.6338749028410768e+00
980 1.1650523225048848e+02 1.6119021447329291e+00
981 1.1773487082797185e+02 1.6289147459870112e+00
982 1.1627175662422398e+02 1.6086719047218241e+00
983 1.1595112542500152e+02 1.6042358282666158e+00
984 1.1660418813666941e+02 1.6132712438033128e+00
985 1.1476720412983771e+02 1.5878557461191760e+00
986 1.1554512906087665e+02 1.5986186864658112e+00
987 1.1500798526902545e+02 1.5911870611783445e+00
988 1.1378003135657389e+02 1.5741977680206067e+00
989 1.1490411877192513e+02 1.5897500216033154e+00
990 1.1323118077156249e+02 1.5666041739988750e+00
991 1.1337115141881053e+02 1.5685407306851331e+00
992 1.1357446242638775e+02 1.5713536296668453e+00
993 1.1194255500996570e+02 1.5487754585948312e+00
994 1.1292328286129805e+02 1.5623442683077124e+00
995 1.1188254254221727e+02 1.5479451591859048e+00
996 1.1122601915325863e+02 1.5388618636266591e+00
997 1.1203643858982595e+02 1.5500743800321670e+00
998 1.1026127745703111e+02 1.5255142295399857e+00
999 1.1091790646686090e+02 1.5345989864113583e+00
1000 1.1046280985443994e+02 1.5283025206522511e+00
1001 1.0931071052032173e+02 1.5123627096091059e+00
1002 1.1027517390569851e+02 1.5257064931403275e+00
1003 1.0878448925428397e+02 1.5050822023653911e+00
1004 1.0885948747582827e+02 1.5061198363997024e+00
1005 1.0903476375631776e+02 1.5085448623576299e+00
1006 1.0749465632140416e+02 1.4872367852051898e+00
1007 1.0847935700441413e+02 1.5008605608262806e+00
1008 1.0730337525837314e+02 1.4845903259021123e+00
1009 1.0694014043431227e+02 1.4795648091880942e+00
1010 1.0745349093439692e+02 1.4866672436118726e+00
1011 1.0586961812886911e+02 1.4647536529267320e+00
1012 1.0658452939159493e+02 1.4746447709084880e+00
1013 1.0588749890075515e+02 1.4650010414259078e+00
1014 1.0505676281643521e+02 1.4535074350860371e+00
1015 1.0586018802095514e+02 1.4646231831540191e+00
1016 1.0426777047386540e+02 1.4425913721367629e+00
1017 1.0476413690182703e+02 1.4494588243047870e+00
1018 1.0438549268667259e+02 1.4442201117533549e+00
1019 1.0332813331372749e+02 1.4295910705671251e+00
1020 1.0416156061630319e+02 1.4411219111186671e+00
1021 1.0277119772653062e+02 1.4218856169137595e+00
1022 1.0292598593805494e+02 1.4240271812479601e+00
1023 1.0290964290084393e+02 1.4238010679977395e+00
1024 1.0161856209273532e+02 1.4059383859240331e+00
1025 1.0250653120321559e+02 1.4182238368517852e+00
1026 1.0123540928551033e+02 1.4006372949790484e+00
1027 1.0120112862842515e+02 1.4001630067122379e+00
1028 1.0134790864772270e+02 1.4021937741150357e+00
1029 1.0002457385132888e+02 1.3838848436463957e+00
1030 1.0080163416475172e+02 1.3946358216205019e+00
1031 9.9759222374918224e+01 1.3802135869511190e+00
1032 9.9476337742377950e+01 1.3762997511765738e+00
1033 9.9824910009239474e+01 1.3811224048350850e+00
1034 9.8415943646430023e+01 1.3616287232364237e+00
1035 9.9176274849820985e+01 1.3721482464696657e+00
1036 9.8223443664620916e+01 1.3589653996453250e+00
1037 9.7860258387280524e+01 1.3539405684324080e+00
1038 9.8239885301528460e+01 1.3591928770665727e+00
1039 9.6890005893266760e+01 1.3405166899865824e+00
1040 9.7528407905317451e+01 1.3493492681682546e+00
1041 9.6735239404066448e+01 1.3383754261904772e+00
1042 9.6238252612939405e+01 1.3314993910198059e+00
1043 9.6710481148405137e+01 1.3380328846184859e+00
1044 9.5331235861404522e+01 1.3189504074345502e+00
1045 9.5970266063327230e+01 1.3277916769048663e+00
1046 9.5188996458235906e+01 1.3169824614925165e+00
1047 9.4711811922727520e+01 1.3103803994103123e+00
1048 9.5136346944082206e+01 1.3162540318491076e+00
1049 9.3840100825663455e+01 1.2983198853904439e+00
1050 9.4397115392316707e+01 1.3060264317600132e+00
1051 9.3690569574809359e+01 1.2962510534650407e+00
1052 9.3173529274206444e+01 1.2890975689960913e+00
1053 9.3623850566728990e+01 1.2953279660625112e+00
1054 9.2313655909928670e+01 1.2772008353189457e+00
1055 9.2910319008035842e+01 1.2854559369048910e+00
1056 9.2141117204082107e+01 1.2748136849340981e+00
1057 9.1722434258225093e+01 1.2690210185846673e+00
1058 9.2072298831813896e+01 1.2738615518863936e+00
1059 9.0852976764900404e+01 1.2569916841833506e+00
1060 9.1406571089557133e+01 1.2646509099708039e+00
1061 9.0641934313971916e+01 1.2540718172150591e+00
1062 9.0258967793713978e+01 1.2487733036338198e+00
1063 9.0578291629394798e+01 1.2531912921280326e+00
1064 8.9364770954798672e+01 1.2364016892898215e+00
1065 8.9978991499713274e+01 1.2448997060274580e+00
1066 8.9100021573267540e+01 1.2327387628472628e+00
1067 8.8878864190160527e+01 1.2296789512553914e+00
1068 8.9043009894671115e+01 1.2319499807022103e+00
1069 8.7948837799095074e+01 1.2168116189866267e+00
1070 8.8526218461394748e+01 1.2247999394243492e+00
1071 8.7613387784356817e+01 1.2121705175720161e+00
1072 8.7487401998230482e+01 1.2104274477120609e+00
1073 8.7556548919178198e+01 1.2113841263781115e+00
1074 8.6519279043115944e+01 1.1970330323920764e+00
1075 8.7133272057120976e+01 1.2055279011375235e+00
1076 8.6096880827083737e+01 1.1911889636133470e+00
1077 8.6173592472479314e+01 1.1922503036351693e+00
1078 8.6025737332702334e+01 1.1902046614583106e+00
1079 8.5172481330267502e+01 1.1783994819503734e+00
1080 8.5700576235153108e+01 1.1857059118279385e+00
1081 8.4647842597644981e+01 1.1711408697662784e+00
1082 8.4842859789940277e+01 1.1738390200935076e+00
1083 8.4539241810830575e+01 1.1696383291695653e+00
1084 8.3826050555947035e+01 1.1597710082677892e+00
1085 8.4306484923394677e+01 1.1664180332325329e+00
1086 8.3190352111708251e+01 1.1509758351594364e+00
1087 8.3573292531174758e+01 1.1562739876245194e+00
1088 8.3015117710173158e+01 1.1485513886156271e+00
1089 8.2567973931294759e+01 1.1423649538756966e+00
1090 8.2856668767811939e+01 1.1463591764283358e+00
1091 8.1820954236366347e+01 1.1320296013326971e+00
1092 8.2266946378934591e+01 1.1382001026677284e+00
1093 8.1546624257694390e+01 1.1282341230314725e+00
1094 8.1311947194420370e+01 1.1249872606004554e+00
1095 8.1429643063406971e+01 1.1266156357384733e+00
1096 8.0468966146557634e+01 1.1133242396976886e+00
1097 8.0990634203050035e+01 1.1205417512450744e+00
1098 8.0067206053493649e+01 1.1077657086071226e+00
1099 8.0129738877403597e+01 1.1086308782740089e+00
1100 7.9945952043714968e+01 1.1060881049952995e+00
1101 7.9222558019511425e+01 1.0960796242036930e+00
1102 7.9647425652335102e+01 1.1019578584713492e+00
1103 7.8675596745459217e+01 1.0885121696465014e+00
1104 7.8923822679816382e+01 1.0919464867860820e+00
1105 7.8495621652489305e+01 1.0860221335103304e+00
1106 7.8003665190845766e+01 1.0792156952043366e+00
1107 7.8303958851982870e+01 1.0833703926980585e+00
1108 7.7314701317587208e+01 1.0696835709941441e+00
1109 7.7747289614212789e+01 1.0756686241084794e+00
1110 7.7023223003804063e+01 1.0656508377850464e+00
1111 7.6877545942134375e+01 1.0636353302957440e+00
1112 7.6882019288650426e+01 1.0636972210512412e+00
1113 7.6075408293375915e+01 1.0525373961392344e+00
1114 7.6497516040081763e+01 1.0583774461445481e+00
1115 7.5633022201064108e+01 1.0464167861269367e+00
1116 7.5744809691702869e+01 1.0479634162004041e+00
1117 7.5469239783816178e+01 1.0441507829223433e+00
1118 7.4888089921447062e+01 1.0361103139110464e+00
1119 7.5227332502485183e+01 1.0408038871815102e+00
1120 7.4284065653182594e+01 1.0277533672342403e+00
1121 7.4642320852244325e+01 1.0327099886028648e+00
1122 7.4023562665851856e+01 1.0241491915600958e+00
1123 7.3810376585711865e+01 1.0211996665201728e+00
1124 7.3859725229909060e+01 1.0218824271471814e+00
1125 7.3071348675776619e+01 1.0109748839071404e+00
1126 7.3459405354176070e+01 1.0163438221093761e+00
1127 7.2657952687471649e+01 1.0052553649868219e+00
1128 7.2737386194014732e+01 1.0063543631784666e+00
1129 7.2483060760444701e+01 1.0028356567314440e+00
1130 7.1931277171027659e+01 9.9520148327820812e-01
1131 7.2236062740998591e+01 9.9941832834541955e-01
1132 7.1348451482652493e+01 9.8713782846245257e-01
1133 7.1687027162540943e+01 9.9182217485638291e-01
1134 7.1072824163034909e+01 9.8332440086734374e-01
1135 7.0909079330227030e+01 9.8105891766033648e-01
1136 7.0901190171893518e+01 9.8094976761623731e-01
1137 7.0191409130023061e+01 9.7112962854109319e-01
1138 7.0540665659433344e+01 9.7596174927888146e-01
1139 6.9753435889482262e+01 9.6507007231236097e-01
1140 6.9888140609442473e+01 9.6693377253264534e-01
1141 6.9551967057078016e+01 9.6228266065044499e-01
1142 6.9121157092590465e+01 9.5632221155888164e-01
1143 6.9332282870394707e+01 9.5924323139187406e-01
1144 6.8514722610361346e+01 9.4793191849081193e-01
1145 6.8865558633482649e+01 9.5278589223254861e-01
1146 6.8187612640552857e+01 9.4340620533859754e-01
1147 6.8160632256018715e+01 9.4303291961695035e-01
1148 6.8008669429197496e+01 9.4093044574739781e-01
1149 6.7444391226857405e+01 9.3312340372011393e-01
1150 6.7720929825903866e+01 9.3694943927486096e-01
1151 6.6943311354435835e+01 9.2619073893384685e-01
1152 6.7174575937918490e+01 9.2939038817633735e-01
1153 6.6688123965205932e+01 9.2266010694365352e-01
1154 6.6459316239944016e+01 9.1949444943663117e-01
1155 6.6498450230651017e+01 9.2003588575098438e-01
1156 6.5810730553310975e+01 9.1052097554938860e-01
1157 6.6144042945195196e+01 9.1513250199301743e-01
1158 6.5396483087449923e+01 9.0478967605516514e-01
1159 6.5548092035531553e+01 9.0688725385362889e-01
1160 6.5181313363055608e+01 9.0181270640725197e-01
1161 6.4849061832883649e+01 8.9721585746124477e-01
1162 6.4965657739519401e+01 8.9882901412676830e-01
1163 6.4267750101192604e+01 8.8917314891527488e-01
1164 6.4557854576354089e+01 8.9318687445082878e-01
1165 6.3917612005549543e+01 8.8432883131324391e-01
1166 6.3938572913631504e+01 8.8461883487823589e-01
1167 6.3720021097896847e+01 8.8159507247964630e-01
1168 6.3269722089143528e+01 8.7536498371916882e-01
1169 6.3475520650147963e+01 8.7821229911829857e-01
1170 6.2747301326711366e+01 8.6813705814749231e-01
1171 6.3031077683670773e+01 8.7206323132934482e-01
1172 6.2441430555443098e+01 8.6390519883358274e-01
1173 6.2407060923841286e+01 8.6342967956442640e-01
1174 6.2248864901386924e+01 8.6124096663748972e-01
1175 6.1771801871692240e+01 8.5464058564271739e-01
1176 6.1980582864992869e+01 8.5752916433038706e-01
1177 6.1295511757166274e+01 8.4805089827598312e-01
1178 6.1516081654517791e+01 8.5110258173891995e-01
1179 6.1017688915381534e+01 8.4420709464692556e-01
1180 6.0899767639899380e+01 8.4257560090893913e-01
1181 6.0824288769972661e+01 8.4153131688867022e-01
1182 6.0296453115421293e+01 8.3422847385576182e-01
1183 6.0540524670246867e+01 8.3760531329114252e-01
1184 5.9853966865514984e+01 8.2810647811822002e-01
1185 6.0069761174528622e+01 8.3109208917448896e-01
1186 5.9592773897211728e+01 8.2449275624784102e-01
1187 5.9467877876638795e+01 8.2276476378311392e-01
1188 5.9397547311994948e+01 8.2179170887562314e-01
1189 5.8891162219066565e+01 8.1478564398407294e-01
1190 5.9107892029608252e+01 8.1778419812358660e-01
1191 5.8470543438763208e+01 8.0896619449678964e-01
1192 5.8642420612924866e+01 8.1134419229405719e-01
1193 5.8217311983988068e+01 8.0546262373708089e-01
1194 5.8059178899800294e+01 8.0327478158929233e-01
1195 5.8021135244493159e+01 8.0274843055424872e-01
1196 5.7503679078042488e+01 7.9558919239476578e-01
1197 5.7734365635615895e+01 7.9878084438953767e-01
1198 5.7095293952893265e+01 7.8993900101374903e-01
1199 5.7283171205171740e+01 7.9253836706834047e-01
1200 5.6843892657347546e+01 7.8646075132786786e-01
1201 5.6720740116967796e+01 7.8475688069362348e-01
1202 5.6648501014075144e+01 7.8375742030341633e-01
1203 5.6180852661530899e+01 7.7728729558982235e-01
1204 5.6372420843344095e+01 7.7993772731003363e-01
1205 5.5776042565795606e+01 7.7168656634426935e-01
1206 5.5943357436123833e+01 7.7400144262165338e-01
1207 5.5520834301896144e+01 7.6815564554365967e-01
1208 5.5404392078012386e+01 7.6654461514794181e-01
1209 5.5326893831386307e+01 7.6547239214527840e-01
1210 5.4876663791623770e+01 7.5924325760172329e-01
1211 5.5067251260768685e+01 7.6188012072228606e-01
1212 5.4469001537997087e+01 7.5360306747245331e-01
1213 5.4666764953717674e+01 7.5633921303254592e-01
1214 5.4205013042486691e+01 7.4995066822927481e-01
1215 5.4154174891036739e+01 7.4924729960132985e-01
1216 5.4011937065771917e+01 7.4727937549030299e-01
1217 5.3636573255043643e+01 7.4208604880547946e-01
1218 5.3772586123567287e+01 7.4396784784788783e-01
1219 5.3220727567799486e+01 7.3633263720156428e-01
1220 5.3406570984894515e+01 7.3890386423414856e-01
1221 5.2942397876597425e+01 7.3248182108347892e-01
1222 5.2925076906482460e+01 7.3224217769289590e-01
1223 5.2747147627146113e+01 7.2978044630596206e-01
1224 5.2418861076196812e+01 7.2523845462592806e-01
1225 5.2528977206090339e+01 7.2676196067382337e-01
1226 5.1992219418506679e+01 7.1933567592853387e-01
1227 5.2201799729151794e+01 7.2223531353018544e-01
1228 5.1694469991010486e+01 7.1521617904840906e-01
1229 5.1756968496570700e+01 7.1608087390553365e-01
1230 5.1492062286652462e+01 7.1241577767189657e-01
1231 5.1265824777660285e+01 7.0928568025979521e-01
1232 5.1293022500024556e+01 7.0966197294780564e-01
1233 5.0827947399868265e+01 7.0322745033518996e-01
1234 5.1007379148201622e+01 7.0570996905460570e-01
1235 5.0505928621230872e+01 6.9877217609639963e-01
1236 5.0605949931447888e+01 7.0015601578620146e-01
1237 5.0289063795569092e+01 6.9577175396214053e-01
1238 5.0137238323312147e+01 6.9367118045459297e-01
1239 5.0103198349564543e+01 6.9320022214971233e-01
1240 4.9691842503782176e+01 6.8750892951626708e-01
1241 4.9858436721123319e+01 6.8981383523633766e-01
1242 4.9343066470085581e+01 6.8268345665219643e-01
1243 4.9506348065941175e+01 6.8494253076819123e-01
1244 4.9103766486624082e+01 6.7937263404684922e-01
1245 4.9069581299184229e+01 6.7889966664540302e-01
1246 4.8921777940219989e+01 6.7685474087931419e-01
1247 4.8624064969106172e+01 6.7273574838959138e-01
1248 4.8713231756198724e+01 6.7396941088334450e-01
1249 4.8248968977633083e+01 6.6754612710428929e-01
1250 4.8414464122623421e+01 6.6983582666541519e-01
1251 4.7979486955187561e+01 6.6381772245193016e-01
1252 4.8020945402098633e+01 6.6439131866046419e-01
1253 4.7788930570763718e+01 6.6118128940242604e-01
1254 4.7587604329736052e+01 6.5839585055616201e-01
1255 4.7606581408976744e+01 6.5865840695932054e-01
1256 4.7192132707745799e+01 6.5292432328349381e-01
1257 4.7360367092678395e+01 6.5525192145786282e-01
1258 4.6888027877485918e+01 6.4871689655551956e-01
1259 4.7020085127006467e+01 6.5054396783479096e-01
1260 4.6675727293482588e+01 6.4577962275182232e-01
1261 4.6614181584245706e+01 6.4492811025919250e-01
1262 4.6504833795089780e+01 6.4341523455002880e-01
1263 4.6209851536672026e+01 6.3933402269527317e-01
1264 4.6304156857148243e+01 6.4063877910319589e-01
1265 4.5871767568794134e+01 6.3465647935755831e-01
1266 4.6023280280041128e+01 6.3675272567624941e-01
1267 4.5626106524097153e+01 6.3125764861686662e-01
1268 4.5661513609633381e+01 6.3174752152653879e-01
1269 4.5448338495254482e+01 6.2879814820283908e-01
1270 4.5266205798708363e+01 6.2627826065343295e-01
1271 4.5278526836365110e+01 6.2644872773581717e-01
1272 4.4902970965247150e+01 6.2125274380935669e-01
1273 4.5055445650275836e+01 6.2336229946679533e-01
1274 4.4618269138479171e+01 6.1731376633759805e-01
1275 4.4751212124737854e+01 6.1915309218192438e-01
1276 4.4415670108229179e+01 6.1451071788155409e-01
1277 4.4386057941486186e+01 6.1410102027260383e-01
1278 4.4255969482846226e+01 6.1230118809823486e-01
1279 4.4014627818574695e+01 6.0896211792311783e-01
1280 4.4079390495741137e+01 6.0985813860997240e-01
1281 4.3693987090430944e+01 6.0452590963100938e-01
1282 4.3838501427649561e+01 6.0652533030600975e-01
1283 4.3453253763279029e+01 6.0119525607280200e-01
1284 4.3524061407225275e+01 6.0217491158642777e-01
1285 4.3280107030558263e+01 5.9879969336342909e-01
1286 4.3168664181227392e+01 5.9725783155703949e-01
1287 4.3128785610282300e+01 5.9670609364112270e-01
1288 4.2826869553905205e+01 5.9252894958155622e-01
1289 4.2944783175073873e+01 5.9416033741868235e-01
1290 4.2545175641847699e+01 5.8863158795896864e-01
1291 4.2693947595397653e+01 5.9068991466559839e-01
1292 4.2338848772401221e+01 5.8577696317557904e-01
1293 4.2380219088964665e+01 5.8634934006122408e-01
1294 4.2185875839668761e+01 5.8366051403767771e-01
1295 4.2041928713319599e+01 5.8166894097946953e-01
1296 4.2039268955613295e+01 5.8163214203861135e-01
1297 4.1729894658968384e+01 5.7735180987966583e-01
1298 4.1851513141617666e+01 5.7903445613713234e-01
1299 4.1480963526843752e+01 5.7390773601266742e-01
1300 4.1599146129439532e+01 5.7554284532848499e-01
1301 4.1300738523398920e+01 5.7141424225298265e-01
1302 4.1294234584275522e+01 5.7132425733797310e-01
1303 4.1162312874095527e+01 5.6949906130627237e-01
1304 4.0976555519256173e+01 5.6692902498359710e-01
1305 4.1020378355003196e+01 5.6753533357218511e-01
1306 4.0692009133053361e+01 5.6299219810177792e-01
1307 4.0834045862737959e+01 5.6495733996525410e-01
1308 4.0469881614301627e+01 5.5991896424812304e-01
1309 4.0587305072109920e+01 5.6154357045530345e-01
1310 4.0309883679328273e+01 5.5770532105326720e-01
1311 4.0296297664877180e+01 5.5751735244954814e-01
1312 4.0183555614137894e+01 5.5595751560893725e-01
1313 3.9999780272015457e+01 5.5341490132120041e-01
1314 4.0048535791618555e+01 5.5408945580341318e-01
1315 3.9739002139600601e+01 5.4980691889140543e-01
1316 3.9869240712378854e+01 5.5160882796220889e-01
1317 3.9538132005211899e+01 5.4702779048507078e-01
1318 3.9634094803311420e+01 5.4835547883934677e-01
1319 3.9394076492826784e+01 5.4503471785744040e-01
1320 3.9360397334816575e+01 5.4456875160012475e-01
1321 3.9279003069501172e+01 5.4344262543139799e-01
1322 3.9084618410928123e+01 5.4075322649192881e-01
1323 3.9153803031586349e+01 5.4171042675038383e-01
1324 3.8844162849544340e+01 5.3742641594771090e-01
1325 3.8986598119813976e+01 5.3939707179894014e-01
1326 3.8660266031802429e+01 5.3488212099029275e-01
1327 3.8767683455218140e+01 5.3636828922360613e-01
1328 3.8529391918108111e+01 5.3307141892585386e-01
1329 3.8513401487122529e+01 5.3285018414091778e-01
1330 3.8425775485331847e+01 5.3163783910291051e-01
1331 3.8257297840509743e+01 5.2930687531885978e-01
1332 3.8313491911355719e+01 5.3008434549396022e-01
1333 3.8033870452717224e+01 5.2621565719399033e-01
1334 3.8162940097191715e+01 5.2800139361740728e-01
1335 3.7863256226950121e+01 5.2385513285423657e-01
1336 3.7964308846992395e+01 5.2525324117804828e-01
1337 3.7743276968120483e+01 5.2219516599356242e-01
1338 3.7731464846162353e+01 5.2203173998813446e-01
1339 3.7651255193079940e+01 5.2092200346098994e-01
1340 3.7494601564102446e+01 5.1875463023962143e-01
1341 3.7554351186712253e+01 5.1958129306816003e-01
1342 3.7285982916021410e+01 5.1586829767088227e-01
1343 3.7424170310768083e+01 5.1778018225893507e-01
1344 3.7125960426115569e+01 5.1365431474752177e-01
1345 3.7249307418505701e+01 5.1536087571254807e-01
1346 3.7015054934976519e+01 5.1211988753273940e-01
1347 3.7039936509768118e+01 5.1246413528021117e-01
1348 3.6934536303813161e+01 5.1100587615525783e-01
1349 3.6822422746820095e+01 5.0945473480752657e-01
1350 3.6854773368854850e+01 5.0990232017372850e-01
1351 3.6627120783003640e+01 5.0675264453857238e-01
1352 3.6748016540135261e+01 5.0842529156433502e-01
1353 3.6475447545718090e+01 5.0465417727013662e-01
1354 3.6600315396081832e+01 5.0638177998738421e-01
1355 3.6371609184071943e+01 5.0321752696173572e-01
1356 3.6417192445626441e+01 5.0384819183098073e-01
1357 3.6301625395550516e+01 5.0224926985743945e-01
1358 3.6220529624656166e+01 5.0112727349291286e-01
1359 3.6239506889994871e+01 5.0138983247082081e-01
1360 3.6038577277068121e+01 4.9860988115223426e-01
1361 3.6158139629958569e+01 5.0026407993224331e-01
1362 3.5894076016985046e+01 4.9661064140526961e-01
1363 3.6040586658055716e+01 4.9863768183947310e-01
1364 3.5795510606170502e+01 4.9524694473672126e-01
1365 3.5886957078224263e+01 4.9651214769442875e-01
1366 3.5734416678045157e+01 4.9440168283840863e-01
1367 3.5713789528271171e+01 4.9411629696930937e-01
1368 3.5689219800245944e+01 4.9377636376172418e-01
1369 3.5546541977784258e+01 4.9180235209212508e-01
1370 3.5634033631568172e+01 4.9301283836519916e-01
1371 3.5408971276058544e+01 4.8989899972862500e-01
1372 3.5549124808938650e+01 4.9183808671963347e-01
1373 3.5314003411059730e+01 4.8858507672005852e-01
1374 3.5428804990010690e+01 4.9017340805724624e-01
1375 3.5259317381974661e+01 4.8782847097912813e-01
1376 3.5283341060772685e+01 4.8816084935073339e-01
1377 3.5228755920664923e+01 4.8740563945405618e-01
1378 3.5134218325420193e+01 4.8609766942052801e-01
1379 3.5198803943908018e+01 4.8699124042114711e-01
1380 3.5005207839297029e+01 4.8431275147943620e-01
1381 3.5147800089363386e+01 4.8628557921656379e-01
1382 3.4913224075606927e+01 4.8304011485094639e-01
1383 3.5064395334158711e+01 4.8513163701844608e-01
1384 3.4862385456121523e+01 4.8233673974752106e-01
1385 3.4951786966468461e+01 4.8357364974278000e-01
1386 3.4843002873824084e+01 4.8206857302769052e-01
1387 3.4825993605845809e+01 4.8183324217597762e-01
1388 3.4835510697846949e+01 4.8196491541255188e-01
1389 3.4709176813723495e+01 4.8021702946067285e-01
1390 3.4817916812689887e+01 4.8172149611994985e-01
1391 3.4621085382356370e+01 4.7899824499571447e-01
1392 3.4774140705396363e+01 4.8111583404047531e-01
1393 3.4572010315673012e+01 4.7831926943631864e-01
1394 3.4700040324735959e+01 4.8009062203750513e-01
1395 3.4559523506294859e+01 4.7814650882781445e-01
1396 3.4604680768220618e+01 4.7877127980112061e-01
1397 3.4569748270379094e+01 4.7828797302507325e-01
1398 3.4506460415942826e+01 4.7741235717219865e-01
1399 3.4582562427627344e+01 4.7846526263818684e-01
1400 3.4425963216710947e+01 4.7629864231510205e-01
1401 3.4578985162244081e+01 4.7841576956708459e-01
1402 3.4378527026363194e+01 4.7564234134490091e-01
1403 3.4548137504221906e+01 4.7798897838212712e-01
1404 3.4369150109763353e+01 4.7551260749787705e-01
1405 3.4491109725305797e+01 4.7719997348193005e-01
1406 3.4391161444446020e+01 4.7581714418604176e-01
1407 3.4420231959465852e+01 4.7621934780045294e-01
1408 3.4428823003044009e+01 4.7633820874173111e-01
1409 3.4354220380824941e+01 4.7530604800152443e-01
1410 3.4462956735981535e+01 4.7681046424705847e-01
1411 3.4311335482957695e+01 4.7471271620420014e-01
1412 3.4477759966190575e+01 4.7701527357675128e-01
1413 3.4303171352813230e+01 4.7459976180176222e-01
1414 3.4466406093237936e+01 4.7685818765185450e-01
1415 3.4331055622556129e+01 4.7498555318069580e-01
1416 3.4433313148649063e+01 4.7640033192015957e-01
1417 3.4385946885630617e+01 4.7574499842592421e-01
1418 3.4392265083451761e+01 4.7583241352670569e-01
1419 3.4451683544091260e+01 4.7665449458084769e-01
1420 3.4361299327539328e+01 4.7540398840446563e-01
1421 3.4510547967827364e+01 4.7746891028592686e-01
1422 3.4356456010070090e+01 4.7533697893488658e-01
1423 3.4549358966762824e+01 4.7800587786424809e-01
1424 3.4386595365910189e+01 4.7575397044145745e-01
1425 3.4563958276578404e+01 4.7820786586383213e-01
1426 3.4450771855486892e+01 4.7664188096008298e-01
1427 3.4560393484339620e+01 4.7815854536427838e-01
1428 3.4538661695928205e+01 4.7785787632416238e-01
1429 3.4552283140175213e+01 4.7804633511499939e-01
1430 3.4633553294272382e+01 4.7917074414935373e-01
1431 3.4555091010359028e+01 4.7808518325841748e-01
1432 3.4716335406104250e+01 4.8031607179713198e-01
1433 3.4578417746507476e+01 4.7840791911586344e-01
1434 3.4767649359126601e+01 4.8102602335324424e-01
1435 3.4616513355588012e+01 4.7893498895466519e-01
1436 3.4764204553307223e+01 4.8097836291962093e-01
1437 3.4635592060422745e+01 4.7919895139349977e-01
1438 3.4665272190005588e+01 4.7960958929882302e-01
1439 3.4556289748396587e+01 4.7810176833684176e-01
1440 3.4389146605424763e+01 4.7578926798445903e-01
1441 3.4235175629784109e+01 4.7365901047526676e-01
1442 3.3791464923507178e+01 4.6752007383462718e-01
1443 3.3465894848245384e+01 4.6301566581416126e-01
1444 3.2679664085127108e+01 4.5213781055526114e-01
1445 3.2042508551792416e+01 4.4332247796571267e-01
1446 3.0911446252094326e+01 4.2767372372959322e-01
1447 2.9915138699106596e+01 4.1388936185628517e-01
1448 2.8575041523063376e+01 3.9534851634670032e-01
1449 2.7368862328542154e+01 3.7866048617822823e-01
1450 2.6120167122532987e+01 3.6138422792094760e-01
1451 2.5043732201809412e+01 3.4649126797517249e-01
1452 2.4263141729048900e+01 3.3569144866323353e-01
1453 2.3697148598261446e+01 3.2786067983167677e-01
1454 2.3667317718309214e+01 3.2744795622737644e-01
1455 2.3822850038417972e+01 3.2959981563760082e-01
1456 2.4532566808315099e+01 3.3941906548116579e-01
1457 2.5224353550150006e+01 3.4899024534426432e-01
1458 2.6152037569420123e+01 3.6182516984860730e-01
1459 2.6668986105981148e+01 3.6897738472087771e-01
1460 2.6908450613012615e+01 3.7229048358360983e-01
1461 2.6559073914676645e+01 3.6745670025483496e-01
1462 2.5825771621015537e+01 3.5731113411108811e-01
1463 2.4981783259024770e+01 3.4563417656554540e-01
1464 2.4163097381127749e+01 3.3430729023646177e-01
1465 2.3871136157963598e+01 3.3026787575947658e-01
1466 2.3849596930195286e+01 3.2996987088222796e-01
1467 2.4457746787431372e+01 3.3838389693292287e-01
1468 2.5001203806013589e+01 3.4590286854390961e-01
1469 2.5616857292885275e+01 3.5442071067624537e-01
1470 2.5572161704542239e+01 3.5380232716403248e-01
1471 2.5186331642405765e+01 3.4846419519650779e-01
1472 2.4386224035898429e+01 3.3739434758508519e-01
1473 2.3712809026951344e+01 3.2807734888683487e-01
1474 2.3429187827857010e+01 3.2415332238363920e-01
1475 2.3568634124835423e+01 3.2608262444872843e-01
1476 2.4172551408445752e+01 3.3443809094485821e-01
1477 2.4589987740107965e+01 3.4021350982775517e-01
1478 2.4820593974596132e+01 3.4340405051661510e-01
1479 2.4306247769400947e+01 3.3628784006602497e-01
1480 2.3717368314605903e+01 3.2814042867653082e-01
1481 2.3052744519175167e+01 3.1894506036043657e-01
1482 2.2994726919342270e+01 3.1814236084388747e-01
1483 2.3280871185678023e+01 3.2210129511404939e-01
1484 2.3812903928792799e+01 3.2946220674976912e-01
1485 2.4066555857168467e+01 3.3297159495033785e-01
1486 2.3759773019179725e+01 3.2872711678425759e-01
1487 2.3191353821811607e+01 3.2086278223338427e-01
1488 2.2565551824778634e+01 3.1220453091101613e-01
1489 2.2554514755920998e+01 3.1205182811287108e-01
1490 2.2792420339769542e+01 3.1534335857413753e-01
1491 2.3348156936346935e+01 3.2303222365449469e-01
1492 2.3337309027760956e+01 3.2288213797355281e-01
1493 2.3017618697186652e+01 3.1845907885810315e-01
1494 2.2336152637764201e+01 3.0903069026535701e-01
1495 2.2049276992769698e+01 3.0506163704340317e-01
1496 2.2182151610207924e+01 3.0690001697443281e-01
1497 2.2603659142935008e+01 3.1273176275013398e-01
1498 2.2855801672926113e+01 3.1622026774703593e-01
1499 2.2518077203725063e+01 3.1154769823476253e-01
1500 2.2017531004210561e+01 3.0462241705253512e-01
1501 2.1556190169834792e+01 2.9823955968193783e-01
1502 2.1755003011785575e+01 3.0099022452462837e-01
1503 2.2053031717623810e+01 3.0511358534588123e-01
1504 2.2339956066426819e+01 3.0908331240687104e-01
1505 2.1958410001841099e+01 3.0380445146697921e-01
1506 2.1475313582629258e+01 2.9712059582205730e-01
1507 2.1143525072906201e+01 2.9253015297164109e-01
1508 2.1341428190896764e+01 2.9526823137529995e-01
1509 2.1716539250672735e+01 3.0045806113733103e-01
1510 2.1732284921271226e+01 3.0067590955252838e-01
1511 2.1371568357838289e+01 2.9568523410382286e-01
1512 2.0820375057540513e+01 2.8805922756531671e-01
1513 2.0816725653194212e+01 2.8800873641930402e-01
1514 2.1029264263609186e+01 2.9094930342516923e-01
1515 2.1371644204921669e+01 2.9568628348224141e-01
1516 2.1066243654500280e+01 2.9146092988465833e-01
1517 2.0653008426761790e+01 2.8574363515888368e-01
1518 2.0320901439434127e+01 2.8114878602795973e-01
1519 2.0554417592521098e+01 2.8437958674583125e-01
1520 2.0834654033156809e+01 2.8825678359757295e-01
1521 2.0773390648581941e+01 2.8740917719327419e-01
1522 2.0342698586693672e+01 2.8145035933705520e-01
1523 1.9960037200151980e+01 2.7615606741764276e-01
1524 2.0115680277759544e+01 2.7830945920754169e-01
1525 2.0349931074888836e+01 2.8155042405525149e-01
1526 2.0433851512504912e+01 2.8271150095083197e-01
1527 1.9938952675672002e+01 2.7586435356433808e-01
1528 1.9664807981684962e+01 2.7207143875983569e-01
1529 1.9656128692321779e+01 2.7195135689854050e-01
1530 2.0013823070368115e+01 2.7690021905686968e-01
1531 1.9962579602644748e+01 2.7619124269648393e-01
1532 1.9596947157223248e+01 2.7113255381552692e-01
1533 1.9256201163380727e+01 2.6641818015458252e-01
1534 1.9337693776604539e+01 2.6754566701073446e-01
1535 1.9639949634826959e+01 2.7172751238124371e-01
1536 1.9531763343904728e+01 2.7023070652111453e-01
1537 1.9188424709633981e+01 2.6548046251695845e-01
1538 1.8853852485281813e+01 2.6085150572605803e-01
1539 1.9090677307793911e+01 2.6412808336947668e-01
1540 1.9229734510651816e+01 2.6605200214288682e-01
1541 1.9149504725805688e+01 2.6494198708376149e-01
1542 1.8668560674180995e+01 2.5828791040981763e-01
1543 1.8589821783862366e+01 2.5719852254519698e-01
1544 1.8766836246950600e+01 2.5964759703901208e-01
1545 1.8916776295995881e+01 2.6172208487075005e-01
1546 1.8619861638200959e+01 2.5761413740386480e-01
1547 1.8260448334240753e+01 2.5264149313452061e-01
1548 1.8312319257012405e+01 2.5335915061693420e-01
1549 1.8504756815876902e+01 2.5602161055859535e-01
1550 1.8513007979440335e+01 2.5613576910742214e-01
1551 1.8072422570988760e+01 2.5004007236399839e-01
1552 1.7947500101650292e+01 2.4831171396873700e-01
1553 1.8048291446301814e+01 2.4970620743032676e-01
1554 1.8258823422978793e+01 2.5261901175838358e-01
1555 1.7942114502489883e+01 2.4823720178872888e-01
1556 1.7663509175127778e+01 2.4438257212073719e-01
1557 1.7648854352492595e+01 2.4417981607639452e-01
1558 1.7884852674775598e+01 2.4744495871843025e-01
1559 1.7795017569920645e+01 2.4620204974867110e-01
1560 1.7426509466219510e+01 2.4110357484558506e-01
1561 1.7325333998355330e+01 2.3970376686705588e-01
1562 1.7472814682846025e+01 2.4174422828707279e-01
1563 1.7586029533514768e+01 2.4331060652677455e-01
1564 1.7215762585986315e+01 2.3818779723043648e-01
1565 1.7045449840333841e+01 2.3583144400329267e-01
1566 1.7092096368798060e+01 2.3647681964714498e-01
1567 1.7304719291936472e+01 2.3941855315735608e-01
1568 1.7021056320827896e+01 2.3549394871960722e-01
1569 1.6774577359036797e+01 2.3208380172905479e-01
1570 1.6767837157117928e+01 2.3199054801229810e-01
1571 1.6973550717516776e+01 2.3483668738992386e-01
1572 1.6827610801794481e+01 2.3281754319690481e-01
1573 1.6502919466112623e+01 2.2832529293267179e-01
1574 1.6484778734680589e+01 2.2807430777657639e-01
1575 1.6633527349603025e+01 2.3013231158282621e-01
1576 1.6613532493188206e+01 2.2985567377595606e-01
1577 1.6241330373635883e+01 2.2470609050667747e-01
1578 1.6211664368146558e+01 2.2429564801452320e-01
1579 1.6320712223362886e+01 2.2580437400310205e-01
1580 1.6362722859020082e+01 2.2638560999061405e-01
1581 1.6000355637689736e+01 2.2137209694952190e-01
1582 1.5928074730793357e+01 2.2037205818217265e-01
1583 1.6048023347513396e+01 2.2203160109551651e-01
1584 1.6078531611517732e+01 2.2245369661200745e-01
1585 1.5774543396096512e+01 2.1824788330263184e-01
1586 1.5637196409697260e+01 2.1634762614101730e-01
1587 1.5803206448137631e+01 2.1864444948397155e-01
1588 1.5782777772303216e+01 2.1836180959084855e-01
1589 1.5543758938887320e+01 2.1505487682248761e-01
1590 1.5358326312291863e+01 2.1248933326071831e-01
1591 1.5562470437667747e+01 2.1531375880085651e-01
1592 1.5499842253040420e+01 2.1444726977567288e-01
1593 1.5288310954908221e+01 2.1152063938705357e-01
1594 1.5108575853412201e+01 2.0903392364056819e-01
1595 1.5309577977696609e+01 2.1181487818631181e-01
1596 1.5239414078844780e+01 2.1084412917480883e-01
1597 1.5004740607614197e+01 2.0759731644132395e-01
1598 1.4889469192298522e+01 2.0600248470729290e-01
1599 1.5046470750929286e+01 2.0817467169147258e-01
1600 1.4990867876554230e+01 2.0740538098471900e-01
1601 1.4709212291544342e+01 2.0350854963402623e-01
1602 1.4687131442883189e+01 2.0320305118878976e-01
1603 1.4787942453362517e+01 2.0459781673592803e-01
1604 1.4732243877602096e+01 2.0382720195758261e-01
1605 1.4426553477324182e+01 1.9959783815722701e-01
1606 1.4483869701444485e+01 2.0039083382620154e-01
1607 1.4546109112304284e+01 2.0125194399193322e-01
1608 1.4447104875046660e+01 1.9988217596271629e-01
1609 1.4174917059209347e+01 1.9611633544514162e-01
1610 1.4271207810318076e+01 1.9744856117639803e-01
1611 1.4317831313884124e+01 1.9809361826045668e-01
1612 1.4137526838268430e+01 1.9559902496764203e-01
1613 1.3957325528176531e+01 1.9310585901612229e-01
1614 1.4053493696439448e+01 1.9443638875872432e-01
1615 1.4084372035889906e+01 1.9486360443500378e-01
1616 1.3824419207998680e+01 1.9126704046347021e-01
1617 1.3763855671157984e+01 1.9042911676647914e-01
1618 1.3839234849582541e+01 1.9147202151010057e-01
1619 1.3823643749795416e+01 1.9125631165140874e-01
1620 1.3536167553144102e+01 1.8727894952791513e-01
1621 1.3580318177896467e+01 1.8788979322441648e-01
1622 1.3628370691397752e+01 1.8855462130188855e-01
1623 1.3527424400620751e+01 1.8715798409115417e-01
1624 1.3294140746499158e+01 1.8393040010075229e-01
1625 1.3395429310337260e+01 1.8533177281280808e-01
1626 1.3407356135083795e+01 1.8549678578276171e-01
1627 1.3211925184001318e+01 1.8279291091712693e-01
1628 1.3102766678477657e+01 1.8128265403191574e-01
1629 1.3200927086859714e+01 1.8264074731015331e-01
1630 1.3157856303279182e+01 1.8204484370060967e-01
1631 1.2913259072031543e+01 1.7866073129614593e-01
1632 1.2946786367586304e+01 1.7912459646827503e-01
1633 1.2987479865652412e+01 1.7968760926643348e-01
1634 1.2874348140142928e+01 1.7812238110059450e-01
1635 1.2668726019377175e+01 1.7527750683130638e-01
1636 1.2795216636969712e+01 1.7702756126103050e-01
1637 1.2745646067960770e+01 1.7634173020471061e-01
1638 1.2577177843531508e+01 1.7401089675602027e-01
1639 1.2493370224464064e+01 1.7285138075566306e-01
1640 1.2611752574675837e+01 1.7448925366934143e-01
1641 1.2476098571309548e+01 1.7261241968734820e-01
1642 1.2307096530538386e+01 1.7027420065013293e-01
1643 1.2364281025435060e+01 1.7106537378621356e-01
1644 1.2371979156647894e+01 1.7117188088441601e-01
1645 1.2199777458496584e+01 1.6878939315219155e-01
1646 1.2098972968618167e+01 1.6739471782049162e-01
1647 1.2225095286134167e+01 1.6913967665346175e-01
1648 1.2083176331079883e+01 1.6717616425482185e-01
1649 1.1952628966399109e+01 1.6536998290954333e-01
1650 1.1950293147419831e+01 1.6533766580627102e-01
1651 1.2018436373066333e+01 1.6628045789763785e-01
1652 1.1790839142418655e+01 1.6313154812655131e-01
1653 1.1760525226758187e+01 1.6271214150656960e-01
1654 1.1811343570063157e+01 1.6341523607994413e-01
1655 1.1733342797519244e+01 1.6233606040580756e-01
1656 1.1554368180886978e+01 1.5985986630851548e-01
1657 1.1609879047268125e+01 1.6062788404340461e-01
1658 1.1618404312950723e+01 1.6074583491799410e-01
1659 1.1426347359384778e+01 1.5808864082135282e-01
1660 1.1399243792719620e+01 1.5771365081967162e-01
1661 1.1445010841264168e+01 1.5834685846435870e-01
1662 1.1355251097242899e+01 1.5710499214553544e-01
1663 1.1181681756026919e+01 1.5470358245807700e-01
1664 1.1282562595736524e+01 1.5609931412393691e-01
1665 1.1215272060719661e+01 1.5516831938989181e-01
1666 1.1079271638435545e+01 1.5328669254678981e-01
1667 1.1033593436098910e+01 1.5265471412923973e-01
1668 1.1116075610069922e+01 1.5379589200218075e-01
1669 1.0939589863109410e+01 1.5135413253313981e-01
1670 1.0867032971798322e+01 1.5035027539762472e-01
1671 1.0922548292210198e+01 1.5111835475602678e-01
1672 1.0853888736263084e+01 1.5016841900335934e-01
1673 1.0701617802447757e+01 1.4806168233534686e-01
1674 1.0726182901391612e+01 1.4840155149751499e-01
1675 1.0747222489520631e+01 1.4869264363624871e-01
1676 1.0559362635382323e+01 1.4609351829273021e-01
1677 1.0554970745032382e+01 1.4603275451982703e-01
1678 1.0575207595167750e+01 1.4631274041836337e-01
1679 1.0485211137845649e+01 1.4506759906484917e-01
1680 1.0343899004115862e+01 1.4311248231141360e-01
1681 1.0443452923241674e+01 1.4448985543582787e-01
1682 1.0343097821892481e+01 1.4310139759599574e-01
1683 1.0229813548525978e+01 1.4153405886213205e-01
1684 1.0228639907339113e+01 1.4151782100989388e-01
1685 1.0253768195381499e+01 1.4186548214584960e-01
1686 1.0081016941715387e+01 1.3947539106658358e-01
1687 1.0064955416730298e+01 1.3925317266427625e-01
1688 1.0105548199896036e+01 1.3981479202661404e-01
1689 9.9739052312975467e+00 1.3799345250971842e-01
1690 9.9003559529914629e+00 1.3697586525500832e-01
1691 9.9400285324270072e+00 1.3752475318599627e-01
1692 9.8823926160066193e+00 1.3672733443065724e-01
1693 9.7290184777023967e+00 1.3460533443371628e-01
1694 9.7998284507870999e+00 1.3558502217201729e-01
1695 9.7394007542977974e+00 1.3474897788721676e-01
1696 9.6283905548675097e+00 1.3321310198625988e-01
1697 9.5985485638084658e+00 1.3280022465481306e-01
1698 9.6467962560390852e+00 1.3346775311754974e-01
1699 9.4793852717542659e+00 1.3115154706046583e-01
1700 9.4623932824751069e+00 1.3091645526730528e-01
1701 9.4860598525315503e+00 1.3124389287929539e-01
1702 9.3864852043801665e+00 1.2986623295951466e-01
1703 9.2961959566964385e+00 1.2861704072002092e-01
1704 9.3460982355538533e+00 1.2930746113087754e-01
1705 9.2750466368708615e+00 1.2832443039404695e-01
1706 9.1495411305041028e+00 1.2658800541998727e-01
1707 9.2047746612033432e+00 1.2735218609132279e-01
1708 9.1448631126778892e+00 1.2652328294511198e-01
1709 9.0406918893818595e+00 1.2508202734648527e-01
1710 9.0254276693417186e+00 1.2487084001570960e-01
1711 9.0538176827069616e+00 1.2526362858450146e-01
1712 8.8894029775294197e+00 1.2298887739279950e-01
1713 8.9050928851135982e+00 1.2320595430168221e-01
1714 8.8973479379618219e+00 1.2309879948396596e-01
1715 8.8028611960708982e+00 1.2179153302939719e-01
1716 8.7328211421367481e+00 1.2082249746787893e-01
1717 8.7888978742893134e+00 1.2159834420952564e-01
1718 8.6718090856170456e+00 1.1997836829995255e-01
1719 8.6068508095852323e+00 1.1907964141506285e-01
1720 8.6450851871468526e+00 1.1960863117804274e-01
1721 8.5632285704993620e+00 1.1847610817125634e-01
1722 8.4766398306155128e+00 1.1727811411697718e-01
1723 8.4996289194143451e+00 1.1759617847189492e-01
1724 8.4635164294560532e+00 1.1709654597564562e-01
1725 8.3326176034209603e+00 1.1528550200488777e-01
1726 8.3832282023494731e+00 1.1598572234163360e-01
1727 8.3253306671525973e+00 1.1518468397317695e-01
1728 8.2366040127930802e+00 1.1395711091319978e-01
1729 8.2201282784802796e+00 1.1372916173905664e-01
1730 8.2358434692820985e+00 1.1394658845259580e-01
1731 8.0932725102149075e+00 1.1197405528599141e-01
1732 8.1098755776730105e+00 1.1220376617131304e-01
1733 8.0965264235755114e+00 1.1201907463682585e-01
1734 7.9959016610903557e+00 1.1062688591422551e-01
1735 7.9656133022724429e+00 1.1020783288462366e-01
1736 7.9858951209137388e+00 1.1048844094260941e-01
1737 7.8789765610835554e+00 1.0900917471075908e-01
1738 7.8367296007852989e+00 1.0842466906583838e-01
1739 7.8714034555843408e+00 1.0890439739938282e-01
1740 7.7572185014641724e+00 1.0732459734330628e-01
1741 7.7266749937476487e+00 1.0690201421424922e-01
1742 7.7327211362973935e+00 1.0698566530832490e-01
1743 7.6674840118128404e+00 1.0608308043001856e-01
1744 7.5817260763302246e+00 1.0489658092727440e-01
1745 7.6375921036878403e+00 1.0566951247357473e-01
1746 7.5319110569582728e+00 1.0420736779053801e-01
1747 7.4876776104415343e+00 1.0359537821777819e-01
1748 7.4945094925704501e+00 1.0368990037136254e-01
1749 7.4438386258062410e+00 1.0298884620207768e-01
1750 7.3521065894715631e+00 1.0171969233445843e-01
1751 7.3925181320623601e+00 1.0227880415214935e-01
1752 7.3217714570642389e+00 1.0129999217126755e-01
1753 7.2458377621809946e+00 1.0024941544372075e-01
1754 7.2722378270993158e+00 1.0061467218319008e-01
1755 7.2119783337767362e+00 9.9780955064646001e-02
1756 7.1381757314078351e+00 9.8759862957902414e-02
1757 7.1485013864465490e+00 9.8902723026769446e-02
1758 7.1153093305443003e+00 9.8443496045599210e-02
1759 7.0118668388799366e+00 9.7012322775957435e-02
1760 7.0537084827477861e+00 9.7591220686265273e-02
1761 6.9865706592085841e+00 9.6662338784009871e-02
1762 6.9238768064432765e+00 9.5794941210682896e-02
1763 6.9204137344650745e+00 9.5747028056559255e-02
1764 6.9001946300864967e+00 9.5467287678527676e-02
1765 6.7954180453941060e+00 9.4017656633457181e-02
1766 6.8298349504065241e+00 9.4493829951452987e-02
1767 6.7758984789946499e+00 9.3747594677133256e-02
1768 6.7026183488644540e+00 9.2733731208158671e-02
1769 6.7113949443739100e+00 9.2855159343632698e-02
1770 6.6763572968900942e+00 9.2370397775121058e-02
1771 6.5938548346608181e+00 9.1228939205027018e-02
1772 6.6048068401708617e+00 9.1380465113604328e-02
1773 6.5743712108149071e+00 9.0959374530052844e-02
1774 6.4819563032437157e+00 8.9680772832585520e-02
1775 6.5116134739962428e+00 9.0091093092193514e-02
1776 6.4550825961434901e+00 8.9308963041084960e-02
1777 6.3954126968540264e+00 8.8483403220441958e-02
1778 6.3904092396665888e+00 8.8414178146033542e-02
1779 6.3701151901394280e+00 8.8133400868255884e-02
1780 6.2735902162041972e+00 8.6797934559137938e-02
1781 6.3095236319944910e+00 8.7295089483952162e-02
1782 6.2464832597500477e+00 8.6422897658205600e-02
1783 6.1917143750765478e+00 8.5665145573045706e-02
1784 6.1929096174126501e+00 8.5681682286872396e-02
1785 6.1579633379640635e+00 8.5198184836109830e-02
1786 6.0810790651331823e+00 8.4134456436291027e-02
1787 6.1032117118306406e+00 8.4440671530592940e-02
1788 6.0498791772972682e+00 8.3702791993873454e-02
1789 5.9860118149131898e+00 8.2819158388611924e-02
1790 6.0069387544352031e+00 8.3108691983341004e-02
1791 5.9441913436340768e+00 8.2240553410565881e-02
1792 5.8975864919200482e+00 8.1595754383245900e-02
1793 5.9004470725977622e+00 8.1635331799989511e-02
1794 5.8560069569319761e+00 8.1020482866854496e-02
1795 5.7890027590098185e+00 8.0093449734946531e-02
1796 5.8211146987565527e+00 8.0537732824636513e-02
1797 5.7392995507731355e+00 7.9405783555417664e-02
1798 5.7140544259255650e+00 7.9056505929856954e-02
1799 5.7088565854556554e+00 7.8984591475548038e-02
1800 5.6574242001732937e+00 7.8273001355997671e-02
1801 5.6078687700444743e+00 7.7587379752874580e-02
1802 5.6286166028023104e+00 7.7874435325185815e-02
1803 5.5479981363391948e+00 7.6759042681552578e-02
1804 5.5285112246291739e+00 7.6489432517503730e-02
1805 5.5275156720123455e+00 7.6475658600510796e-02
1806 5.4563879691449193e+00 7.5491574928153241e-02
1807 5.4399375543800685e+00 7.5263976061312673e-02
1808 5.4321437211224737e+00 7.5156144882395332e-02
1809 5.3665093389331995e+00 7.4248063765560618e-02
1810 5.3469845693028875e+00 7.3977929820203972e-02
1811 5.3478319872395303e+00 7.3989654227453114e-02
1812 5.2628105624688697e+00 7.2813344680758882e-02
1813 5.2757375004365628e+00 7.2992194665711954e-02
1814 5.2394026881096991e+00 7.2489486239774331e-02
1815 5.1883928062321312e+00 7.1783741644336388e-02
1816 5.1758474930369340e+00 7.1610171609282444e-02
1817 5.1619419863355889e+00 7.1417782686978043e-02
1818 5.0853787761393798e+00 7.0358496332717416e-02
1819 5.1072145861302136e+00 7.0660604558041851e-02
1820 5.0553274720045795e+00 6.9942723060983494e-02
1821 5.0121212204794361e+00 6.9344945191664176e-02
1822 5.0141650609724442e+00 6.9373222641616716e-02
1823 4.9704989343657520e+00 6.8769082194274606e-02
1824 4.9247278086256205e+00 6.8135818139757859e-02
1825 4.9331169403927975e+00 6.8251885540566840e-02
1826 4.8790914215165788e+00 6.7504418254637100e-02
1827 4.8424964885144428e+00 6.6998110942484146e-02
1828 4.8534394467809969e+00 6.7149511678389784e-02
1829 4.7828288518365811e+00 6.6172582426087506e-02
1830 4.7736743996370690e+00 6.6045926473825012e-02
1831 4.7574920723486578e+00 6.5822036717467308e-02
1832 4.7076429732930940e+00 6.5132352073022245e-02
1833 4.6845762554726660e+00 6.4813213685771476e-02
1834 4.6847764885155128e+00 6.4815983999730570e-02
1835 4.6098349600040995e+00 6.3779134338958321e-02
1836 4.6227961824980159e+00 6.3958458665709469e-02
1837 4.5848177361411446e+00 6.3433009825741085e-02
1838 4.5410261915592853e+00 6.2827134164458329e-02
1839 4.5366362688083104e+00 6.2766397614169370e-02
1840 4.5072611038826951e+00 6.2359979031665888e-02
1841 4.4560734628009202e+00 6.1651775057906706e-02
1842 4.4661705702807835e+00 6.1791473068785713e-02
1843 4.4174837429710418e+00 6.1117868975262397e-02
1844 4.3832067612000909e+00 6.0643631558072612e-02
1845 4.3895034479103421e+00 6.0730749042986448e-02
1846 4.3302262101776243e+00 5.9910621871103055e-02
1847 4.3166088013623432e+00 5.9722218912274014e-02
1848 4.3035324129184351e+00 5.9541301212948899e-02
1849 4.2569060903146889e+00 5.8896205126239262e-02
1850 4.2369152008691460e+00 5.8619622204168352e-02
1851 4.2337155910197470e+00 5.8575354166768401e-02
1852 4.1670280528438868e+00 5.7652702164483094e-02
1853 4.1799527257954967e+00 5.7831520811922714e-02
1854 4.1394281787106033e+00 5.7270845526369636e-02
1855 4.1051109725514410e+00 5.6796051586726952e-02
1856 4.0981282684560574e+00 5.6699442743587743e-02
1857 4.0687852882048237e+00 5.6293469450490248e-02
1858 4.0248711753010342e+00 5.5685898001497529e-02
1859 4.0351937145498491e+00 5.5828714962013783e-02
1860 3.9812090424829516e+00 5.5081812810012183e-02
1861 3.9633526327400799e+00 5.4834761372014262e-02
1862 3.9574056403146258e+00 5.4752482064380333e-02
1863 3.9057185001009236e+00 5.4037367296088643e-02
1864 3.8982607177668491e+00 5.3934185532428444e-02
1865 3.8795841545169520e+00 5.3675786902794169e-02
1866 3.8356037886112770e+00 5.3067298813803648e-02
1867 3.8285122160073115e+00 5.2969183726016993e-02
1868 3.8087006097116221e+00 5.2695081266738886e-02
1869 3.7586835885242555e+00 5.2003073344281558e-02
1870 3.7716699630496007e+00 5.2182745660669057e-02
1871 3.7217848119633921e+00 5.1492562220209467e-02
1872 3.7039343556432849e+00 5.1245593150485810e-02
1873 3.6930053083670153e+00 5.1094384879370305e-02
1874 3.6569689000406918e+00 5.0595805006624472e-02
1875 3.6318663924547367e+00 5.0248500554846892e-02
1876 3.6317974573265386e+00 5.0247546806428525e-02
1877 3.5764503080428787e+00 4.9481794171015787e-02
1878 3.5790898253209371e+00 4.9518313076470727e-02
1879 3.5520008424498921e+00 4.9143524848122400e-02
1880 3.5147624554496866e+00 4.8628315061295217e-02
1881 3.5138527527127672e+00 4.8615728915897410e-02
1882 3.4807855948698823e+00 4.8158229955399479e-02
1883 3.4516023229274500e+00 4.7754466298388837e-02
1884 3.4493604929040704e+00 4.7723449574478598e-02
1885 3.4108919915937590e+00 4.7191220604423115e-02
1886 3.3890236774995386e+00 4.6888662670249139e-02
1887 3.3876595702001540e+00 4.6869789633913771e-02
1888 3.3360290378674562e+00 4.6155458061046324e-02
1889 3.3391569969389834e+00 4.6198734777796617e-02
1890 3.3101654249323396e+00 4.5797623375381534e-02
1891 3.2809771970807824e+00 4.5393791151145259e-02
1892 3.2719692464395882e+00 4.5269162113653012e-02
1893 3.2494321535426391e+00 4.4957351324773312e-02
1894 3.2127270009627775e+00 4.4449519075325301e-02
1895 3.2204843243486727e+00 4.4556845123791752e-02
1896 3.1723406851943361e+00 4.3890756282036772e-02
1897 3.1652318156352361e+00 4.3792401883117560e-02
1898 3.1494590349753904e+00 4.3574178388061602e-02
1899 3.1137709317850879e+00 4.3080417473099285e-02
1900 3.1061630543115646e+00 4.2975159075862059e-02
1901 3.0868079620929310e+00 4.2707372693602058e-02
1902 3.0518309780450594e+00 4.2223450430936324e-02
1903 3.0517294103956307e+00 4.2222045196949942e-02
1904 3.0203214144262569e+00 4.1787501485162401e-02
1905 2.9955237549136529e+00 4.1444414743214329e-02
1906 2.9958570908400675e+00 4.1449026595268737e-02
1907 2.9521766146398449e+00 4.0844687614863859e-02
1908 2.9486612157417191e+00 4.0796050494332672e-02
1909 2.9279615206911869e+00 4.0509660928793392e-02
1910 2.8990938077686335e+00 4.0110263172361695e-02
1911 2.8897312520050438e+00 3.9980728013948683e-02
1912 2.8717343672507520e+00 3.9731733041159963e-02
1913 2.8369238604794584e+00 3.9250114066286382e-02
1914 2.8434083570890905e+00 3.9339829985397264e-02
1915 2.8012529012656899e+00 3.8756590345929071e-02
1916 2.7938983178715295e+00 3.8654836385890810e-02
1917 2.7787571022365536e+00 3.8445350876232257e-02
1918 2.7483731185555560e+00 3.8024974833758635e-02
1919 2.7396030408719771e+00 3.7903636875329084e-02
1920 2.7227299013212001e+00 3.7670189421468818e-02
1921 2.6911244154764780e+00 3.7232913348674929e-02
1922 2.6914961110045375e+00 3.7238055923023677e-02
1923 2.6606578899288462e+00 3.6811395302453594e-02
1924 2.6423195426692327e+00 3.6557676042746234e-02
1925 2.6383114733025104e+00 3.6502222605302601e-02
1926 2.6010288274469855e+00 3.5986400477360472e-02
1927 2.5986062040667259e+00 3.5952882396265845e-02
1928 2.5771105810621919e+00 3.5655480810482275e-02
1929 2.5530733923891882e+00 3.5322915523697034e-02
1930 2.5455733329018115e+00 3.5219148836658165e-02
1931 2.5248244003596416e+00 3.4932078048337388e-02
1932 2.4990982767900607e+00 3.4576145589713426e-02
1933 2.5014022312266082e+00 3.4608021832744758e-02
1934 2.4620935351431288e+00 3.4064168391146649e-02
1935 2.4612654798968339e+00 3.4052711875403298e-02
1936 2.4402341174893665e+00 3.3761733543216765e-02
1937 2.4174547604476802e+00 3.3446570921230941e-02
1938 2.4101416205691604e+00 3.3345390350820389e-02
1939 2.3898550713570317e+00 3.3064716843265340e-02
1940 2.3669454718294229e+00 3.2747752258068606e-02
1941 2.3657671813019410e+00 3.2731450080117637e-02
1942 2.3329947070242607e+00 3.2278028198919881e-02
1943 2.3264654982099180e+00 3.2187693666401888e-02
1944 2.3124296109058013e+00 3.1993500869978014e-02
1945 2.2845119831577714e+00 3.1607247968081273e-02
1946 2.2838755686535683e+00 3.1598442887962139e-02
1947 2.2576917962102301e+00 3.1236178651898705e-02
1948 2.2430228267320609e+00 3.1033226879637991e-02
1949 2.2345639747372394e+00 3.0916194868207673e-02
1950 2.2101161638082902e+00 3.0577948438333422e-02
1951 2.1979574388472218e+00 3.0409727024896586e-02
1952 2.1895251122866011e+00 3.0293062004745991e-02
1953 2.1585071286106374e+00 2.9863914287971517e-02
1954 2.1621112591586451e+00 2.9913779050677974e-02
1955 2.1328488979332612e+00 2.9508921157963473e-02
1956 2.1227924581811557e+00 2.9369785803338846e-02
1957 2.1118376392295697e+00 2.9218220969535868e-02
1958 2.0896176447939947e+00 2.8910797380098694e-02
1959 2.0789700604575980e+00 2.8763483275002003e-02
1960 2.0684048445691197e+00 2.8617308774327308e-02
1961 2.0419482355728444e+00 2.8251269722177546e-02
1962 2.0425553234673974e+00 2.8259669055498194e-02
1963 2.0168483388882388e+00 2.7904001393391213e-02
1964 2.0052436839146082e+00 2.7743445786749758e-02
1965 1.9976791470154247e+00 2.7638787025798237e-02
1966 1.9718877639633550e+00 2.7281951672962955e-02
1967 1.9683737982055212e+00 2.7233334380570521e-02
1968 1.9504142439920167e+00 2.6984855892557603e-02
1969 1.9329978514057176e+00 2.6743892289283481e-02
1970 1.9272459663449373e+00 2.6664312379552087e-02
1971 1.9071159715415171e+00 2.6385804872461480e-02
1972 1.8932787313320283e+00 2.6194360447691738e-02
1973 1.8886188486229438e+00 2.6129888880296142e-02
1974 1.8605299748218571e+00 2.5741266712445698e-02
1975 1.8623253349690367e+00 2.5766106325361835e-02
1976 1.8391234409226618e+00 2.5445097714393967e-02
1977 1.8281879240205521e+00 2.5293799933103121e-02
1978 1.8192234675623791e+00 2.5169772657141588e-02
1979 1.8006366523668986e+00 2.4912615732095210e-02
1980 1.7896038918364536e+00 2.4759972541589279e-02
1981 1.7818543997138365e+00 2.4652754842162866e-02
1982 1.7579729912912971e+00 2.4322344845015522e-02
1983 1.7585547851351360e+00 2.4330394223799300e-02
1984 1.7361020935874658e+00 2.4019751165443741e-02
1985 1.7264417489192241e+00 2.3886095963966448e-02
1986 1.7187311741377567e+00 2.3779416703410584e-02
1987 1.6975476314614240e+00 2.3486332888946287e-02
1988 1.6935315900136176e+00 2.3430769154185110e-02
1989 1.6781412026836444e+00 2.3217836242364318e-02
1990 1.6631641062686677e+00 2.3010621395727491e-02
1991 1.6581961954660294e+00 2.2941888121496529e-02
1992 1.6397602599365644e+00 2.2686818684304125e-02
1993 1.6297040572091621e+00 2.2547686609022580e-02
1994 1.6232084233182829e+00 2.2457816600630193e-02
1995 1.6007055132493397e+00 2.2146478746508113e-02
1996 1.6018815521194540e+00 2.2162749771769460e-02
1997 1.5804857827447896e+00 2.1866729705742868e-02
1998 1.5732465077396303e+00 2.1766571088986161e-02
1999 1.5636474121132842e+00 2.1633763295475766e-02
2000 1.5478208531572251e+00 2.1414795753570307e-02
