# step 7
# iter abs_residual rel_residual
0 7.2278104865856122e+01 1.0000000000000000e+00
1 1.1546600861378695e+03 1.5975240195918946e+01
2 1.1527745212178302e+03 1.5949152559510399e+01
3 1.1585072720811820e+03 1.6028467739038025e+01
4 1.2484330970660308e+03 1.7272631862485170e+01
5 1.4402468346335756e+03 1.9926460956697582e+01
6 1.2677694538265623e+03 1.7540159031278797e+01
7 1.4124522130187429e+03 1.9541909899826102e+01
8 1.3004236603872334e+03 1.7991944625564585e+01
9 1.3783981910459388e+03 1.9070757231448781e+01
10 1.3232324643110499e+03 1.8307514658372558e+01
11 1.3547601259457604e+03 1.8743713998314078e+01
12 1.3364428175016149e+03 1.8490285820055377e+01
13 1.3388396176532729e+03 1.8523446625199703e+01
14 1.3429152194657795e+03 1.8579834404321343e+01
15 1.3277325809219553e+03 1.8369775790139329e+01
16 1.3450051727474392e+03 1.8608749845388022e+01
17 1.3195692023744191e+03 1.8256831786382076e+01
18 1.3443069584335362e+03 1.8599089737182378e+01
19 1.3132163294674806e+03 1.8168936940235668e+01
20 1.3418458874577141e+03 1.8565039716358093e+01
21 1.3079856800725122e+03 1.8096568559732663e+01
22 1.3382737217493391e+03 1.8515617201545279e+01
23 1.3034526903327419e+03 1.8033852613483333e+01
24 1.3340055733936485e+03 1.8456565454635037e+01
25 1.2993510853092857e+03 1.7977105068274884e+01
26 1.3293075319954010e+03 1.8391565944659408e+01
27 1.2955114809363936e+03 1.7923982419583165e+01
28 1.3243513570100517e+03 1.8322995040724564e+01
29 1.2918249965136454e+03 1.7872978254081175e+01
30 1.3192485335175356e+03 1.8252395188916239e+01
31 1.2882212246109480e+03 1.7823118453393462e+01
32 1.3140716232905993e+03 1.8180770313906795e+01
33 1.2846546044784300e+03 1.7773772664110005e+01
34 1.3088677968895929e+03 1.8108773041556276e+01
35 1.2810958289398404e+03 1.7724535408302117e+01
36 1.3036675101266437e+03 1.8036824741685926e+01
37 1.2775263299629260e+03 1.7675149788915178e+01
38 1.2984901357275737e+03 1.7965193444646818e+01
39 1.2739346838593976e+03 1.7625457754097798e+01
40 1.2933476589186973e+03 1.7894044971420790e+01
41 1.2703142383667582e+03 1.7575367266814563e+01
42 1.2882471280000348e+03 1.7823476838400026e+01
43 1.2666615286041708e+03 1.7524830388884983e+01
44 1.2831922934619370e+03 1.7753540935300748e+01
45 1.2629752087375152e+03 1.7473828500090342e+01
46 1.2781847130465135e+03 1.7684258814183750e+01
47 1.2592553284022958e+03 1.7422362287160116e+01
48 1.2732245007395948e+03 1.7615632052094117e+01
49 1.2555028382765026e+03 1.7370444903150705e+01
50 1.2683108376846876e+03 1.7547649319784981e+01
51 1.2517192522214509e+03 1.7318097293012421e+01
52 1.2634423194673664e+03 1.7480291186552837e+01
53 1.2479064168610780e+03 1.7265345005615718e+01
54 1.2586171941769774e+03 1.7413533413927997e+01
55 1.2440663539074721e+03 1.7212216012254135e+01
56 1.2538335239642147e+03 1.7347349190896129e+01
57 1.2402011533656560e+03 1.7158739229084599e+01
58 1.2490892942222483e+03 1.7281710644468113e+01
59 1.2363129023427070e+03 1.7104943532169674e+01
60 1.2443824862328552e+03 1.7216589844771875e+01
61 1.2324036388408051e+03 1.7050857118183622e+01
62 1.2397111252386867e+03 1.7151959470153749e+01
63 1.2284753213123420e+03 1.6996507083193720e+01
64 1.2350733099324871e+03 1.7087793215175051e+01
65 1.2245298121523622e+03 1.6941919194270753e+01
66 1.2304672309080902e+03 1.7024066045889892e+01
67 1.2205688672011579e+03 1.6887117744252723e+01
68 1.2258911806653543e+03 1.6960754338267940e+01
69 1.2165941326620648e+03 1.6832125509101150e+01
70 1.2213435565415900e+03 1.6897835918752037e+01
71 1.2126071450101720e+03 1.6776963746638057e+01
72 1.2168228618943456e+03 1.6835290080622570e+01
73 1.2086093333562667e+03 1.6721652229252193e+01
74 1.2123277032805154e+03 1.6773097544969168e+01
75 1.2046020237635184e+03 1.6666209303622285e+01
76 1.2078567863304565e+03 1.6711240403607249e+01
77 1.2005864443533219e+03 1.6610651961358688e+01
78 1.2034089109064441e+03 1.6649702052093090e+01
79 1.1965637310932061e+03 1.6554995919081684e+01
80 1.1989829658824297e+03 1.6588467117499427e+01
81 1.1925349333508573e+03 1.6499255695263891e+01
82 1.1945779226392033e+03 1.6527521368418128e+01
83 1.1885010204008761e+03 1.6443444700254158e+01
84 1.1901928302450046e+03 1.6466851648281757e+01
85 1.1844628864371934e+03 1.6387575305626598e+01
86 1.1858268092531384e+03 1.6406445789550830e+01
87 1.1804213570129266e+03 1.6331658933278877e+01
88 1.1814790463259130e+03 1.6346292539333565e+01
89 1.1763771933481451e+03 1.6275706115032090e+01
90 1.1771487897142847e+03 1.6286381496844765e+01
91 1.1723310979318876e+03 1.6219726570137176e+01
92 1.1728353439133714e+03 1.6226703039462425e+01
93 1.1682837191193698e+03 1.6163729268879354e+01
94 1.1685380650347201e+03 1.6167248258700994e+01
95 1.1642356550283469e+03 1.6107722486486043e+01
96 1.1642563576281109e+03 1.6108008916239594e+01
97 1.1601874578314314e+03 1.6051713862513004e+01
98 1.1599896696470771e+03 1.6048977374267757e+01
99 1.1561396376417392e+03 1.5995710454604003e+01
100 1.1557374897017448e+03 1.5990146557477193e+01
101 1.1520926651013610e+03 1.5939718774303460e+01
102 1.1514993435950360e+03 1.5931509905138638e+01
103 1.1480469756750881e+03 1.5883744846462083e+01
104 1.1472747910230623e+03 1.5873061325450305e+01
105 1.1440029715494970e+03 1.5827794235511552e+01
106 1.1430634233254934e+03 1.5814795164413226e+01
107 1.1399610245689755e+03 1.5771872086085761e+01
108 1.1388648605549970e+03 1.5756706165285637e+01
109 1.1359214789407515e+03 1.5715983160446092e+01
110 1.1346787494185387e+03 1.5698789440099947e+01
111 1.1318846530361009e+03 1.5660131863401949e+01
112 1.1305047609295846e+03 1.5641040437179896e+01
113 1.1278508414127425e+03 1.5604322270291492e+01
114 1.1263425889392672e+03 1.5583454920818584e+01
115 1.1238203171240114e+03 1.5548558158930083e+01
116 1.1221919476064204e+03 1.5526028936275267e+01
117 1.1197933329693815e+03 1.5492843026911837e+01
118 1.1180525705878492e+03 1.5468758798572383e+01
119 1.1157701230376997e+03 1.5437180112960943e+01
120 1.1139242088630092e+03 1.5411641062399001e+01
121 1.1117509047648300e+03 1.5381572425400110e+01
122 1.1098066298818769e+03 1.5354672510321240e+01
123 1.1077358792213736e+03 1.5326022746131290e+01
124 1.1056996160704441e+03 1.5297850132105111e+01
125 1.1037252332577661e+03 1.5270533660314070e+01
126 1.1016029635281616e+03 1.5241171106695054e+01
127 1.0997191401706718e+03 1.5215107565585530e+01
128 1.0975164815384223e+03 1.5184632795441273e+01
129 1.0957177605375696e+03 1.5159746683607114e+01
130 1.0934399909818776e+03 1.5128232720147235e+01
131 1.0917212434618434e+03 1.5104453077291017e+01
132 1.0893733238463046e+03 1.5071968556288477e+01
133 1.0877297275725923e+03 1.5049228664633006e+01
134 1.0853163221721559e+03 1.5015838118423812e+01
135 1.0837433411626414e+03 1.4994075220621857e+01
136 1.0812688376655169e+03 1.4959839354840415e+01
137 1.0797622035096176e+03 1.4938994395517042e+01
138 1.0772307304125950e+03 1.4903970329768210e+01
139 1.0757864254680517e+03 1.4883987723040713e+01
140 1.0732018690348950e+03 1.4848229225526792e+01
141 1.0718161096179283e+03 1.4829056622432969e+01
142 1.0691821292805232e+03 1.4792614323035474e+01
143 1.0678513515663583e+03 1.4774202416461073e+01
144 1.0651713940584027e+03 1.4737124002286691e+01
145 1.0638922397447302e+03 1.4719426328612947e+01
146 1.0611695529595133e+03 1.4681756735722127e+01
147 1.0599388563538673e+03 1.4664729496173855e+01
148 1.0571765012059857e+03 1.4626511073692962e+01
149 1.0559912776314222e+03 1.4610112973925913e+01
150 1.0531921400286894e+03 1.4571385649683975e+01
151 1.0520495743080232e+03 1.4555577740459091e+01
152 1.0492163757976421e+03 1.4516379168282365e+01
153 1.0481138117873472e+03 1.4501124700662592e+01
154 1.0452491196619153e+03 1.4461490400195684e+01
155 1.0441840510078375e+03 1.4446754697647112e+01
156 1.0412902872548177e+03 1.4406718178172916e+01
157 1.0402603481802889e+03 1.4392468509114211e+01
158 1.0373397988356171e+03 1.4352061398965265e+01
159 1.0363427553315303e+03 1.4338266854878404e+01
160 1.0333975780987580e+03 1.4297519006851143e+01
161 1.0324313207324965e+03 1.4284150402789722e+01
162 1.0294635529005870e+03 1.4243090003690750e+01
163 1.0285260887812092e+03 1.4230119767114711e+01
164 1.0255376543571108e+03 1.4188773436443137e+01
165 1.0246271007397772e+03 1.4176175518733155e+01
166 1.0216198166672697e+03 1.4134568394721134e+01
167 1.0207343943711933e+03 1.4122318180112993e+01
168 1.0177099774252821e+03 1.4080474015112758e+01
169 1.0168480047055950e+03 1.4068548235911894e+01
170 1.0138080767340550e+03 1.4026489468914864e+01
171 1.0129679638417535e+03 1.4014866130230754e+01
172 1.0099140573874864e+03 1.3972613964655370e+01
173 1.0090943013374086e+03 1.3961272272014158e+01
174 1.0060278647994563e+03 1.3918846747110821e+01
175 1.0052270441523988e+03 1.3907767034263566e+01
176 1.0021494466764408e+03 1.3865187092776862e+01
177 1.0013662172121266e+03 1.3854350761833102e+01
178 9.9827875258087204e+02 1.3811634303827116e+01
179 9.9751184302354102e+02 1.3801023766116501e+01
180 9.9441573466873945e+02 1.3758187718318238e+01
181 9.9366394212767784e+02 1.3747786331308205e+01
182 9.9056034660634612e+02 1.3704846695202750e+01
183 9.8982253330349488e+02 1.3694638717223519e+01
184 9.8671254400119335e+02 1.3651610620290521e+01
185 9.8598763319888053e+02 1.3641581154193446e+01
186 9.8287228417720758e+02 1.3598478903138927e+01
187 9.8215925726926628e+02 1.3588613856050815e+01
188 9.7903952592951771e+02 1.3545450973660101e+01
189 9.7833741900599580e+02 1.3535737009454413e+01
190 9.7521422962021506e+02 1.3492526283445795e+01
191 9.7452213052844593e+02 1.3482950782081257e+01
192 9.7139635705429475e+02 1.3439704304050982e+01
193 9.7071340264311414e+02 1.3430255323444086e+01
194 9.6758587121904509e+02 1.3386984523388199e+01
195 9.6691124481557029e+02 1.3377650764503306e+01
196 9.6378273645752779e+02 1.3334366448127707e+01
197 9.6311566501976768e+02 1.3325137215582137e+01
198 9.5998691833022781e+02 1.3281849601783371e+01
199 9.5932667049234794e+02 1.3272714776802760e+01
200 9.5619838332151051e+02 1.3229433520651352e+01
201 9.5554426703146964e+02 1.3220383528385300e+01
202 9.5241709908797782e+02 1.3177117757246229e+01
203 9.5176845944888873e+02 1.3168143536902560e+01
204 9.4864303431904432e+02 1.3124901878372013e+01
205 9.4799925167885397e+02 1.3115994856786635e+01
206 9.4487615845351547e+02 1.3072785461200866e+01
207 9.4423664670595747e+02 1.3063937529330698e+01
208 9.4111644192923609e+02 1.3020768096727112e+01
209 9.4048064648077127e+02 1.3011971581521784e+01
210 9.3736385591123860e+02 1.2968849386006044e+01
211 9.3673125252286854e+02 1.2960097034383873e+01
212 9.3361837237423163e+02 1.2917028941295182e+01
213 9.3298846505122083e+02 1.2908313890946534e+01
214 9.2987996415075042e+02 1.2865306386720468e+01
215 9.2925228388068842e+02 1.2856622148648274e+01
216 9.2614860447763738e+02 1.2813681352001609e+01
217 9.2552270815755730e+02 1.2805021795677579e+01
218 9.2242426760033243e+02 1.2762153480812719e+01
219 9.2179973606147996e+02 1.2753512806849123e+01
220 9.1870692806308080e+02 1.2710722420962011e+01
221 9.1808336550547040e+02 1.2702095153288520e+01
222 9.1499656116484903e+02 1.2659387830699607e+01
223 9.1437359358976323e+02 1.2650768794876214e+01
224 9.1129314270252064e+02 1.2608149375164535e+01
225 9.1067041698711523e+02 1.2599533685578303e+01
226 9.0759664895878518e+02 1.2557006726217169e+01
227 9.0697383169693467e+02 1.2548389770044805e+01
228 9.0390705672339141e+02 1.2505959562733269e+01
229 9.0328383340497544e+02 1.2497336988586193e+01
230 9.0022434340133861e+02 1.2455007572100868e+01
231 8.9960041708015387e+02 1.2446375271595166e+01
232 8.9654848648615996e+02 1.2404150442932902e+01
233 8.9592357756859678e+02 1.2395504547765576e+01
234 8.9287946419178479e+02 1.2353387873809311e+01
235 8.9225330891336137e+02 1.2344724734680449e+01
236 8.8921725518812559e+02 1.2302719569618768e+01
237 8.8858960491853156e+02 1.2294035746616506e+01
238 8.8556183822306025e+02 1.2252145236328630e+01
239 8.8493245909236589e+02 1.2243437493757591e+01
240 8.8191319253466202e+02 1.2201664586688329e+01
241 8.8128186447049256e+02 1.2192929879748499e+01
242 8.7827129783062855e+02 1.2151277339944759e+01
243 8.7763781374444261e+02 1.2142512803473284e+01
244 8.7463613380820743e+02 1.2100983215200236e+01
245 8.7400029932436621e+02 1.2092186159922967e+01
246 8.7100768085918071e+02 1.2050781941166267e+01
247 8.7036931317462688e+02 1.2041949837920914e+01
248 8.6738591940108120e+02 1.2000673246910639e+01
249 8.6674484724849208e+02 1.1991803726136970e+01
250 8.6377083001727885e+02 1.1950656863795562e+01
251 8.6312689282902306e+02 1.1941747703968378e+01
252 8.6016239401451605e+02 1.1900732533191434e+01
253 8.5951544117916274e+02 1.1891781650534037e+01
254 8.5656059241139747e+02 1.1850899992482137e+01
255 8.5591048331060790e+02 1.1841905441476738e+01
256 8.5296540675100402e+02 1.1801158986307918e+01
257 8.5231200980438132e+02 1.1792118946480706e+01
258 8.4937681873009240e+02 1.1751509261435194e+01
259 8.4872001123237931e+02 1.1742422035103900e+01
260 8.4579481023204892e+02 1.1701950567212490e+01
261 8.4513447784001653e+02 1.1692814572387254e+01
262 8.4221936322686338e+02 1.1652482654186528e+01
263 8.4155539961863906e+02 1.1643296419856553e+01
264 8.3865046014503810e+02 1.1603105279275427e+01
265 8.3798276641724033e+02 1.1593867437068067e+01
266 8.3508808331632633e+02 1.1553818198003396e+01
267 8.3441656792234028e+02 1.1544527481330176e+01
268 8.3153221536635442e+02 1.1504621169988186e+01
269 8.3085679340782633e+02 1.1495276404242299e+01
270 8.2798283914162221e+02 1.1455513957903424e+01
271 8.2730343237551926e+02 1.1446114060557418e+01
272 8.2443993739794905e+02 1.1406496323168140e+01
273 8.2375647377026246e+02 1.1397040297322484e+01
274 8.2090349336929626e+02 1.1357568033816666e+01
275 8.2021590649286804e+02 1.1348054960975253e+01
276 8.1737349013278913e+02 1.1308728855713440e+01
277 8.1668171944179653e+02 1.1299157897920946e+01
278 8.1384991106205393e+02 1.1259978558825125e+01
279 8.1315390119664107e+02 1.1250348950153114e+01
280 8.1033273950856199e+02 1.1211316912811860e+01
281 8.0963244025260497e+02 1.1201627958497733e+01
282 8.0682195906012771e+02 1.1162743690603696e+01
283 8.0611732500867549e+02 1.1152994762449589e+01
284 8.0331755331787122e+02 1.1114258665314772e+01
285 8.0260854365206478e+02 1.1104449198573464e+01
286 7.9981950615143330e+02 1.1065861613774336e+01
287 7.9910608422903601e+02 1.1055991101484047e+01
288 7.9632780127100943e+02 1.1017552310605634e+01
289 7.9560993485098891e+02 1.1007620306697218e+01
290 7.9284242268377250e+02 1.0969330534540731e+01
291 7.9212008323787450e+02 1.0959336644312996e+01
292 7.8936335448729164e+02 1.0921196065562361e+01
293 7.8863651723801888e+02 1.0911139946207520e+01
294 7.8589058052090093e+02 1.0873148680080465e+01
295 7.8515922454698364e+02 1.0863030042143366e+01
296 7.8242408521947061e+02 1.0825188162744491e+01
297 7.8168819265117133e+02 1.0815006758989300e+01
298 7.7896385265512197e+02 1.0777314293185089e+01
299 7.7822340903124234e+02 1.0767069923534642e+01
300 7.7550986720777917e+02 1.0729526855291509e+01
301 7.7476486104639378e+02 1.0719219360888216e+01
302 7.7206211320825389e+02 1.0681825632273499e+01
303 7.7131253598591991e+02 1.0671454895191708e+01
304 7.6862057518536380e+02 1.0634210410080314e+01
305 7.6786642094021181e+02 1.0623776347834886e+01
306 7.6518523749946348e+02 1.0586680972330443e+01
307 7.6442650311482930e+02 1.0576183541800932e+01
308 7.6175608487522891e+02 1.0539237107682929e+01
309 7.6099276934505872e+02 1.0528676294950126e+01
310 7.5833310178065972e+02 1.0491878601245578e+01
311 7.5756520684278178e+02 1.0481254430353118e+01
312 7.5491627275157441e+02 1.0444605239064503e+01
313 7.5414380217565133e+02 1.0433917762167361e+01
314 7.5150558279764357e+02 1.0397416813741774e+01
315 7.5072854235816931e+02 1.0386666110732662e+01
316 7.4810101621115462e+02 1.0350313107954142e+01
317 7.4731941401531378e+02 1.0339499290999596e+01
318 7.4470255811221034e+02 1.0303293915831553e+01
319 7.4391640374231690e+02 1.0292417117507185e+01
320 7.4131019305055281e+02 1.0256359023612761e+01
321 7.4051949826491727e+02 1.0245419406600071e+01
322 7.3792390604360969e+02 1.0209508224007156e+01
323 7.3712868386794094e+02 1.0198505968522667e+01
324 7.3454368180145116e+02 1.0162741305471702e+01
325 7.3374394726704509e+02 1.0151676619480137e+01
326 7.3116950527510414e+02 1.0116058059797105e+01
327 7.3036527465450183e+02 1.0104931168436368e+01
328 7.2780136136011004e+02 1.0069458278006406e+01
329 7.2699265252696659e+02 1.0058269428566533e+01
330 7.2443923489305087e+02 1.0022941750306916e+01
331 7.2362606703520248e+02 1.0011691208260228e+01
332 7.2108311096997011e+02 9.9765082704957138e+00
333 7.2026550458615714e+02 9.9651963194514739e+00
334 7.1773297436810424e+02 9.9301576279590353e+00
335 7.1691095113036477e+02 9.9187845677596140e+00
336 7.1438881029633478e+02 9.8838896180551234e+00
337 7.1356239292239582e+02 9.8724557630104623e+00
338 7.1105060356801459e+02 9.8377040306699008e+00
339 7.1021981597254353e+02 9.8262097116501526e+00
340 7.0771833938557575e+02 9.7916006610723816e+00
341 7.0688320629298607e+02 9.7800462201508935e+00
342 7.0439200252597595e+02 9.7455792986449463e+00
343 7.0355254992759876e+02 9.7339650954234429e+00
344 7.0107157832236214e+02 9.6996397404651020e+00
345 7.0022783260987671e+02 9.6879661400843045e+00
346 6.9775705161157975e+02 9.6537817767438074e+00
347 6.9690904045506716e+02 9.6420491620316966e+00
348 6.9444840746877537e+02 9.6080052009890196e+00
349 6.9359615906001682e+02 9.5962139619915341e+00
350 6.9114563108464120e+02 9.5623098083073224e+00
351 6.9028917439940778e+02 9.5504603459172532e+00
352 6.8784870735952939e+02 9.5166953897883158e+00
353 6.8698807203270962e+02 9.5047881140176376e+00
354 6.8455762145429685e+02 9.4711617401257993e+00
355 6.8369283784393906e+02 9.4591970709917259e+00
356 6.8127235837532464e+02 9.4257086518763291e+00
357 6.8040345729412024e+02 9.4136870156862678e+00
358 6.7799290332452028e+02 9.3803359203016594e+00
359 6.7711991611908127e+02 9.3682577507500469e+00
360 6.7471924113708258e+02 9.3350433355899618e+00
361 6.7384219985824291e+02 9.3229090761144615e+00
362 6.7145135713488605e+02 9.2898306946627880e+00
363 6.7057029403842819e+02 9.2776407915366192e+00
364 6.6818923610209458e+02 9.2446977870022220e+00
365 6.6730418422570415e+02 9.2324526973165817e+00
366 6.6493286331296270e+02 9.1996444088709666e+00
367 6.6404385568505847e+02 9.1873445895888466e+00
368 6.6168222374480183e+02 9.1546703524233912e+00
369 6.6078929408001557e+02 9.1423162700018406e+00
370 6.5843730240130276e+02 9.1097754101788269e+00
371 6.5754048451862946e+02 9.0973675325188115e+00
372 6.5519808441039413e+02 9.0649593763754996e+00
373 6.5429741253257794e+02 9.0524981769640362e+00
374 6.5196455475627715e+02 9.0202220432630984e+00
375 6.5106006326649106e+02 9.0077079978068042e+00
376 6.4873669848697079e+02 8.9755632039742554e+00
377 6.4782842214629704e+02 8.9629967934082977e+00
378 6.4551450051095139e+02 8.9309826497109750e+00
379 6.4460247421698853e+02 8.9183643568592803e+00
380 6.4229794603102573e+02 8.8864801757474492e+00
381 6.4138220481078883e+02 8.8738104852244835e+00
382 6.3908701979146633e+02 8.8420555710138498e+00
383 6.3816759899437682e+02 8.8293349718947116e+00
384 6.3588170697933492e+02 8.7977086305665271e+00
385 6.3495864190104157e+02 8.7849376111823521e+00
386 6.3268199236914404e+02 8.7534391437540364e+00
387 6.3175531872077715e+02 8.7406181981843272e+00
388 6.2948786104078397e+02 8.7092469041499658e+00
389 6.2855761424889340e+02 8.6963765225369301e+00
390 6.2629929790349354e+02 8.6651317029668657e+00
391 6.2536551372942222e+02 8.6522123800847233e+00
392 6.2311628782875118e+02 8.6210933308948547e+00
393 6.2217900199800579e+02 8.6081255610220158e+00
394 6.1993881576241711e+02 8.5771315796531571e+00
395 6.1899806409359394e+02 8.5641158583559669e+00
396 6.1676686648637258e+02 8.5332462386922749e+00
397 6.1582268482239908e+02 8.5201830618737091e+00
398 6.1360042500995951e+02 8.4894371006097291e+00
399 6.1265284917954102e+02 8.4763269639759979e+00
400 6.1043947597696911e+02 8.4457039529454825e+00
401 6.0948854185723349e+02 8.4325473528727422e+00
402 6.0728400446914122e+02 8.4020465892987133e+00
403 6.0632974771218437e+02 8.3888440190497029e+00
404 6.0413399501941876e+02 8.3584647956757525e+00
405 6.0317645159821814e+02 8.3452167529527497e+00
406 6.0098943263472574e+02 8.3149583646406686e+00
407 6.0002863802486763e+02 8.3016653402643197e+00
408 5.9785030188894336e+02 8.2715270827661858e+00
409 5.9688629199334946e+02 8.2581895734695188e+00
410 5.9471658763901769e+02 8.2281707405413638e+00
411 5.9374939782265744e+02 8.2147892356145906e+00
412 5.9158827462964041e+02 8.1848891269021671e+00
413 5.9061794040849543e+02 8.1714641177248257e+00
414 5.8846534737012485e+02 8.1416820275279989e+00
415 5.8749190419176921e+02 8.1282140045331754e+00
416 5.8534779073170216e+02 8.0985492331055582e+00
417 5.8437127383963173e+02 8.0850386839028250e+00
418 5.8223558916570744e+02 8.0554905285120881e+00
419 5.8125603374095795e+02 8.0419379398468553e+00
420 5.7912872749934604e+02 8.0125057038251715e+00
421 5.7814616845522380e+02 7.9989115587386914e+00
422 5.7602719012573687e+02 7.9695945431166075e+00
423 5.7504166241483176e+02 7.9559593251936391e+00
424 5.7293096180122973e+02 7.9267568354836593e+00
425 5.7194249998127657e+02 7.9130810228459634e+00
426 5.6984002684638483e+02 7.8839923639942437e+00
427 5.6884866568037444e+02 7.8702764376033914e+00
428 5.6675436994419340e+02 7.8413009167306740e+00
429 5.6576014365910987e+02 7.8275453501323415e+00
430 5.6367397543351296e+02 7.7986822770140201e+00
431 5.6267691846772414e+02 7.7848875466784744e+00
432 5.6059882782395960e+02 7.7561362305278729e+00
433 5.5959897410927329e+02 7.7423028059168928e+00
434 5.5752891157886643e+02 7.7136625623154762e+00
435 5.5652629506136429e+02 7.6997909130883286e+00
436 5.5446421094508673e+02 7.6712610544249804e+00
437 5.5345886535515240e+02 7.6573516472566521e+00
438 5.5140471043119476e+02 7.6289314925255614e+00
439 5.5039666927399458e+02 7.6149847909750559e+00
440 5.4835039423358171e+02 7.5866736579672027e+00
441 5.4733969080281668e+02 7.5726901226678081e+00
442 5.4530124683585018e+02 7.5444873360735860e+00
443 5.4428791409876123e+02 7.5304674231418680e+00
444 5.4225725228201793e+02 7.5023723060865422e+00
445 5.4124132322747516e+02 7.4883164719383135e+00
446 5.3921839499970122e+02 7.4603283525551563e+00
447 5.3819990213819813e+02 7.4462370469876769e+00
448 5.3618465897402154e+02 7.4183552539064008e+00
449 5.3516363495210408e+02 7.4042289285992773e+00
450 5.3315602852965333e+02 7.3764527932651154e+00
451 5.3213250538131103e+02 7.3622918914229620e+00
452 5.3013248771573933e+02 7.3346207499440359e+00
453 5.2910649755261511e+02 7.3204257158458343e+00
454 5.2711402066200924e+02 7.2928589043708554e+00
455 5.2608559507426412e+02 7.2786301750806528e+00
456 5.2410061143513587e+02 7.2511670361008429e+00
457 5.2306978198899640e+02 7.2369050483515434e+00
458 5.2109224398902893e+02 7.2095449231291449e+00
459 5.2005904192522144e+02 7.1952501091502077e+00
460 5.1808890236690877e+02 7.1679923446865557e+00
461 5.1705335874279967e+02 7.1536651341705770e+00
462 5.1509057042458176e+02 7.1265090774109163e+00
463 5.1405271604118775e+02 7.1121498965037766e+00
464 5.1209723220803835e+02 7.0850949005713479e+00
465 5.1105709750944209e+02 7.0707041704805871e+00
466 5.0910887144292656e+02 7.0437495890048920e+00
467 5.0806648679401275e+02 7.0293277298423087e+00
468 5.0612547205662037e+02 7.0024729203395584e+00
469 5.0508086742000893e+02 6.9880203466514388e+00
470 5.0314701773753723e+02 6.9612646688972859e+00
471 5.0210022304826276e+02 6.9467817948482606e+00
472 5.0017349229768985e+02 6.9201246107100101e+00
473 4.9912453696253607e+02 6.9056118431561204e+00
474 4.9720487948285057e+02 6.8790525208931994e+00
475 4.9615379280033090e+02 6.8645102651925214e+00
476 4.9424116285589253e+02 6.8380481720318320e+00
477 4.9318797383131215e+02 6.8234768294857728e+00
478 4.9128232618284949e+02 6.7971113395217042e+00
479 4.9022706351010970e+02 6.7825113071232579e+00
480 4.8832835285405685e+02 6.7562417935606547e+00
481 4.8727104513217336e+02 6.7416134669900316e+00
482 4.8537922662397222e+02 6.7154393093843190e+00
483 4.8431990193353016e+02 6.7007830771490093e+00
484 4.8243493076944253e+02 6.6747036556203732e+00
485 4.8137361725364190e+02 6.6600199070941715e+00
486 4.7949544894033772e+02 6.6340346060574342e+00
487 4.7843217406613257e+02 6.6193237212579703e+00
488 4.7656076444511092e+02 6.5934319297604640e+00
489 4.7549555577713295e+02 6.5786942900567817e+00
490 4.7363086062754275e+02 6.5528953962831977e+00
491 4.7256374523893419e+02 6.5381313762443618e+00
492 4.7070572087731938e+02 6.5124247758144920e+00
493 4.6963672571511734e+02 6.4976347482648480e+00
494 4.6778532834046996e+02 6.4720198351721008e+00
495 4.6671448003122003e+02 6.4572041685018506e+00
496 4.6486966643904503e+02 6.4316803449926585e+00
497 4.6379699120325654e+02 6.4168394019743085e+00
498 4.6195871815720358e+02 6.3914060698543711e+00
499 4.6088424215375619e+02 6.3765402124077548e+00
500 4.5905246676085574e+02 6.3511967782336010e+00
501 4.5797621573657500e+02 6.3363063625775977e+00
502 4.5615089517892244e+02 6.3110522339443111e+00
503 4.5507289478123278e+02 6.2961376149225421e+00
504 4.5325398659951753e+02 6.2709722043865161e+00
505 4.5217426198635320e+02 6.2560337300702864e+00
506 4.5036172384927062e+02 6.2309564519589342e+00
507 4.4928030019144808e+02 6.2159944705977788e+00
508 4.4747408998295873e+02 6.1910047422168040e+00
509 4.4639099185305628e+02 6.1760195937833666e+00
510 4.4459106782737143e+02 6.1511168375610579e+00
511 4.4350631979834310e+02 6.1361088620331774e+00
512 4.4171264019064085e+02 6.1112925001344918e+00
513 4.4062626640770969e+02 6.0962620315721603e+00
514 4.3883878989346761e+02 6.0715314922537935e+00
515 4.3775081434568142e+02 6.0564788625562471e+00
516 4.3596949957270073e+02 6.0318335736919817e+00
517 4.3487994591663079e+02 6.0167591101584943e+00
518 4.3310475206375168e+02 5.9921985069692738e+00
519 4.3201364359128422e+02 5.9771025318535393e+00
520 4.3024452980943153e+02 5.9526260491740874e+00
521 4.2915188970213563e+02 5.9375088832035106e+00
522 4.2738881550248294e+02 5.9131159608527541e+00
523 4.2629466656137981e+02 5.8979779194896915e+00
524 4.2453759149924923e+02 5.8736679978973694e+00
525 4.2344195642573186e+02 5.8585093952257745e+00
526 4.2169084041947548e+02 5.8342819198443108e+00
527 4.2059374137903080e+02 5.8191030625336380e+00
528 4.1884854450680740e+02 5.7949574810264526e+00
529 4.1775000369979523e+02 5.7797586762286377e+00
530 4.1601068621580771e+02 5.7556944386948006e+00
531 4.1491072525612441e+02 5.7404759854477936e+00
532 4.1317724778730451e+02 5.7164925471432460e+00
533 4.1207588825557224e+02 5.7012547440246344e+00
534 4.1034821139197027e+02 5.6773515596950448e+00
535 4.0924547452801630e+02 5.6620947005673656e+00
536 4.0752355924054069e+02 5.6382712302277467e+00
537 4.0641946609023739e+02 5.6229956062700843e+00
538 4.0470327336799807e+02 5.5992513101872738e+00
539 4.0359784463590972e+02 5.5839572078565620e+00
540 4.0188733594785106e+02 5.5602915529361230e+00
541 4.0078059203900091e+02 5.5449792545450096e+00
542 3.9907572879775921e+02 5.5213917069134579e+00
543 3.9796768999589472e+02 5.5060614930966878e+00
544 3.9626843397167806e+02 5.4825515238277038e+00
545 3.9515912016008673e+02 5.4672036696794777e+00
546 3.9346543316865404e+02 5.4437707504769604e+00
547 3.9235486417440802e+02 5.4284055303137153e+00
548 3.9066670834715160e+02 5.4050491372484908e+00
549 3.8955490346096565e+02 5.3896668179659173e+00
550 3.8787224110916259e+02 5.3663864295976005e+00
551 3.8675921961424211e+02 5.3509872779874943e+00
552 3.8508201321517544e+02 5.3277823751724647e+00
553 3.8396779388001210e+02 5.3123666509053269e+00
554 3.8229600622915723e+02 5.2892367189023002e+00
555 3.8118060777533196e+02 5.2738046809996000e+00
556 3.7951420163538063e+02 5.2507492046137134e+00
557 3.7839764244487907e+02 5.2353011073984668e+00
558 3.7673658095587012e+02 5.2123195766556263e+00
559 3.7561887921111452e+02 5.1968556716898000e+00
560 3.7396312552980748e+02 5.1739475768472465e+00
561 3.7284429908960220e+02 5.1584681112154103e+00
562 3.7119381681046281e+02 5.1356329485862489e+00
563 3.7007388322463913e+02 5.1201381650981901e+00
564 3.6842863591421923e+02 5.0973754306093237e+00
565 3.6730761260761767e+02 5.0818655703455260e+00
566 3.6566756416387489e+02 5.0591747645090059e+00
567 3.6454546818786292e+02 5.0436500633827865e+00
568 3.6291058250918837e+02 5.0210306867166610e+00
569 3.6178743088539994e+02 5.0054913802299597e+00
570 3.6015767215572089e+02 4.9829429372027976e+00
571 3.5903348138498063e+02 4.9673892536519251e+00
572 3.5740881398345806e+02 4.9449112514334406e+00
573 3.5628360053843653e+02 4.9293434187251837e+00
574 3.5466398895973776e+02 4.9069353660831743e+00
575 3.5353776886589901e+02 4.8913536059370148e+00
576 3.5192317786863470e+02 4.8690150152910521e+00
577 3.5079596711145047e+02 4.8534195488731617e+00
578 3.4918636144249376e+02 4.8311499324804235e+00
579 3.4805817566404102e+02 4.8155409762059529e+00
580 3.4645352041600358e+02 4.7933398511070644e+00
581 3.4532437503421323e+02 4.7777176182900041e+00
582 3.4372463533226801e+02 4.7555845019760898e+00
583 3.4259454549141208e+02 4.7399492021442349e+00
584 3.4099968684111428e+02 4.7178836173691812e+00
585 3.3986866738017898e+02 4.7022354558265613e+00
586 3.3827865522782156e+02 4.6802369245243316e+00
587 3.3714672088753161e+02 4.6645761052154864e+00
588 3.3556152101782277e+02 4.6426441540021708e+00
589 3.3442868614189763e+02 4.6269708753788921e+00
590 3.3284826433901600e+02 4.6051050308632560e+00
591 3.3171454323806472e+02 4.5894194909192381e+00
592 3.3013886555145308e+02 4.5676192833800950e+00
593 3.2900427204040329e+02 4.5519216732510586e+00
594 3.2743330468246023e+02 4.5301866352217877e+00
595 3.2629785255421484e+02 4.5144771457387316e+00
596 3.2473156185150140e+02 4.4928068113321995e+00
597 3.2359526447101933e+02 4.4770856274053248e+00
598 3.2203361696009443e+02 4.4554795336398172e+00
599 3.2089648764727252e+02 4.4397468395558706e+00
600 3.1933944989375033e+02 4.4182045238516618e+00
601 3.1820150162018928e+02 4.4024604990785576e+00
602 3.1664904046757096e+02 4.3809815027006147e+00
603 3.1551028602979613e+02 4.3652263242840208e+00
604 3.1396236836341234e+02 4.3438101890760406e+00
605 3.1282282025233957e+02 4.3280440298333804e+00
606 3.1127941325188982e+02 4.3066903017117832e+00
607 3.1013908376434165e+02 4.2909133317751120e+00
608 3.0860015458866388e+02 4.2696215563676922e+00
609 3.0745905582860331e+02 4.2538339432007675e+00
610 3.0592457186871644e+02 4.2326036693476441e+00
611 3.0478271566425798e+02 4.2168055765977348e+00
612 3.0325264440543634e+02 4.1956363544430957e+00
613 3.0211004241049886e+02 4.1798279433473970e+00
614 3.0058435149632800e+02 4.1587193252257340e+00
615 2.9944101505326148e+02 4.1429007527107453e+00
616 2.9791967231161311e+02 4.1218522935062332e+00
617 2.9677561256640257e+02 4.1060237137816564e+00
618 2.9525858591040986e+02 4.0850349695581016e+00
619 2.9411381378668989e+02 4.0691965337573208e+00
620 2.9260107129430077e+02 4.0482670628588151e+00
621 2.9145559747481036e+02 4.0324189187823158e+00
622 2.8994710732894742e+02 4.0115482810053207e+00
623 2.8880094231057927e+02 3.9956905738823218e+00
624 2.8729667280778887e+02 3.9748783305953368e+00
625 2.8614982682746336e+02 3.9590112020582233e+00
626 2.8464974645997273e+02 3.9382569173370801e+00
627 2.8350222952041543e+02 3.9223805057780465e+00
628 2.8200630683669283e+02 3.9016837444766961e+00
629 2.8085812873972139e+02 3.8857981855082868e+00
630 2.7936633247361647e+02 3.8651585150455152e+00
631 2.7821750279024150e+02 3.8492639410869542e+00
632 2.7672980171787657e+02 3.8286809294664086e+00
633 2.7558032984138532e+02 3.8127774704780388e+00
634 2.7409669290639397e+02 3.7922506880209599e+00
635 2.7294658794388812e+02 3.7763384700036173e+00
636 2.7146698420975531e+02 3.7558674886894439e+00
637 2.7031625510273079e+02 3.7399466353527355e+00
638 2.6884065372381122e+02 3.7195310284181291e+00
639 2.6768930914274421e+02 3.7036016597219823e+00
640 2.6621767944916536e+02 3.6832410028355005e+00
641 2.6506572786677003e+02 3.6673032360037152e+00
642 2.6359803921352426e+02 3.6469971051779320e+00
643 2.6244548892399229e+02 3.6310510549643706e+00
644 2.6098171084287014e+02 3.6107990286579419e+00
645 2.5982856986201716e+02 3.5948448059650095e+00
646 2.5836867193532339e+02 3.5746464633354780e+00
647 2.5721494814017768e+02 3.5586841771453939e+00
648 2.5575890009948566e+02 3.5385390994155008e+00
649 2.5460460106036916e+02 3.5225688544670644e+00
650 2.5315237275060139e+02 3.5024766244277874e+00
651 2.5199750587433638e+02 3.4864985231977070e+00
652 2.5054906722036131e+02 3.4664587247461114e+00
653 2.4939363967451126e+02 3.4504728664008426e+00
654 2.4794896071176558e+02 3.4304850849637543e+00
655 2.4679297949491334e+02 3.4144915663318303e+00
656 2.4535203033321690e+02 3.3945553883652004e+00
657 2.4419550217011641e+02 3.3785543024866076e+00
658 2.4275825306967778e+02 3.3586693165270827e+00
659 2.4160118452506535e+02 3.3426607542278926e+00
660 2.4016760577106902e+02 3.3228265491576718e+00
661 2.3901000314653027e+02 3.3068105976231483e+00
662 2.3758006522223855e+02 3.2870267650649261e+00
663 2.3642193463622840e+02 3.2710035089466376e+00
664 2.3499560798064186e+02 3.2512696399107277e+00
665 2.3383695536106092e+02 3.2352391612238374e+00
666 2.3241421062360001e+02 3.2155548496318076e+00
667 2.3125504164414366e+02 3.1995172268744358e+00
668 2.2983584944883162e+02 3.1798820662964715e+00
669 2.2867616966381948e+02 3.1638373763151217e+00
670 2.2726050079600671e+02 3.1442509625534418e+00
671 2.2610031540688610e+02 3.1281992773124707e+00
672 2.2468814073862316e+02 3.1086612073688293e+00
673 2.2352745487728936e+02 3.0926025978703104e+00
674 2.2211874531331080e+02 3.0731124691986600e+00
675 2.2095756378182509e+02 3.0570470018812643e+00
676 2.1955229038067492e+02 3.0376044140635807e+00
677 2.1839061787042564e+02 3.0215321538347704e+00
678 2.1698875167245453e+02 3.0021367062013149e+00
679 2.1582659261211782e+02 2.9860577143338110e+00
680 2.1442810482454425e+02 2.9667090085235368e+00
681 2.1326546346727829e+02 2.9506233438616905e+00
682 2.1187032529141089e+02 2.9313209814317855e+00
683 2.1070720564713207e+02 2.9152286994545880e+00
684 2.0931538844726671e+02 2.8959722842172422e+00
685 2.0815179435421859e+02 2.8798734380285147e+00
686 2.0676326944748592e+02 2.8606625731433648e+00
687 2.0559920454546770e+02 2.8445572131013623e+00
688 2.0421394342956930e+02 2.8253915042263253e+00
689 2.0304941108777047e+02 2.8092796769452955e+00
690 2.0166738525315458e+02 2.7901587296379353e+00
691 2.0050238874081634e+02 2.7740404803492966e+00
692 1.9912356975948833e+02 2.7549639012955565e+00
693 1.9795811203195697e+02 2.7388392708878504e+00
694 1.9658247157523601e+02 2.7198066681477249e+00
695 1.9541655545233550e+02 2.7036756956344807e+00
696 1.9404406522580291e+02 2.6846866777419964e+00
697 1.9287769333561241e+02 2.6685493994838683e+00
698 1.9150832525566949e+02 2.6496035778898408e+00
699 1.9034150044238248e+02 2.6334600332375211e+00
700 1.8897522750915607e+02 2.6145570343865945e+00
701 1.8780795528119907e+02 2.5984072995516345e+00
702 1.8644475834177200e+02 2.5795468584546097e+00
703 1.8527706406179462e+02 2.5633912843406432e+00
704 1.8391697428831895e+02 2.5445738322782252e+00
705 1.8274900619044735e+02 2.5284144697708757e+00
706 1.8139234607571188e+02 2.5096444685754467e+00
707 1.8022492187710671e+02 2.4934926311584054e+00
708 1.7887350100028101e+02 2.4747951171694336e+00
709 1.7771064023499846e+02 2.4587064168992656e+00
710 1.7637290606454536e+02 2.4401982646319107e+00
711 1.7523193115533985e+02 2.4244123649971168e+00
712 1.7394189866270972e+02 2.4065641868382626e+00
713 1.7288744054501851e+02 2.3919752858197838e+00
714 1.7176261176762387e+02 2.3764127751606812e+00
715 1.7100033067242450e+02 2.3658662742996786e+00
716 1.7038368986986671e+02 2.3573347722119822e+00
717 1.7046154954707566e+02 2.3584119957688734e+00
718 1.7118245450395634e+02 2.3683860391976355e+00
719 1.7329606918087021e+02 2.3976288462805915e+00
720 1.7697318182940376e+02 2.4485033490827615e+00
721 1.8318501404447210e+02 2.5344468339956148e+00
722 1.9222031551586369e+02 2.6594542824914016e+00
723 2.0500909445241425e+02 2.8363927752795810e+00
724 2.2133038988576502e+02 3.0622052182544230e+00
725 2.4098495920357320e+02 3.3341350005070969e+00
726 2.6149492964905846e+02 3.6178996410375945e+00
727 2.7961444570718407e+02 3.8685912729191214e+00
728 2.8993145354040405e+02 4.0113317038195682e+00
729 2.8919292285344551e+02 4.0011138005094411e+00
730 2.7684028456258164e+02 3.8302095091782054e+00
731 2.5804592577506315e+02 3.5701811254456808e+00
732 2.3927389810293369e+02 3.3104617027108261e+00
733 2.2720072195938226e+02 3.1434238955359071e+00
734 2.2485735948802844e+02 3.1110024246671983e+00
735 2.3276040053661751e+02 3.2203445423563197e+00
736 2.4648145366732084e+02 3.4101814667771908e+00
737 2.5856469445644746e+02 3.5773585228379772e+00
738 2.6024233697166892e+02 3.6005694595156204e+00
739 2.5021722409315987e+02 3.4618675262383847e+00
740 2.3497745503508560e+02 3.2510184857667452e+00
741 2.2477896540933097e+02 3.1099178074260165e+00
742 2.2495805692192792e+02 3.1123956188314117e+00
743 2.3489211901355304e+02 3.2498378236327432e+00
744 2.4612620007579861e+02 3.4052663739951989e+00
745 2.4866702612798633e+02 3.4404198420738563e+00
746 2.3914328964156135e+02 3.3086546760654159e+00
747 2.2642790342524560e+02 3.1327316044808087e+00
748 2.2081328693869602e+02 3.0550508670435175e+00
749 2.2648801622211502e+02 3.1335632919881249e+00
750 2.3708693239847918e+02 3.2802040512614226e+00
751 2.4134343708733127e+02 3.3390947028183762e+00
752 2.3346302929037458e+02 3.2300657263173700e+00
753 2.2206205070663279e+02 3.0723280738858163e+00
754 2.1825006920008570e+02 3.0195875999397730e+00
755 2.2526678055997320e+02 3.1166669488367882e+00
756 2.3415178641876355e+02 3.2395949901195582e+00
757 2.3355674929397915e+02 3.2313623846038388e+00
758 2.2322789020863459e+02 3.0884579863145598e+00
759 2.1572056360248268e+02 2.9845907554279028e+00
760 2.1873649434108012e+02 3.0263175099436004e+00
761 2.2783921103508473e+02 3.1522576782822518e+00
762 2.2979596556440424e+02 3.1793302548661444e+00
763 2.2130581276265741e+02 3.0618651827325563e+00
764 2.1321713975192796e+02 2.9499547635849934e+00
765 2.1561186150387530e+02 2.9830868131370925e+00
766 2.2389458152342792e+02 3.0976819596883867e+00
767 2.2537816575372412e+02 3.1182080129523682e+00
768 2.1668758159357708e+02 2.9979698830750530e+00
769 2.1036954827651877e+02 2.9105570582813729e+00
770 2.1427307728181458e+02 2.9645641329347625e+00
771 2.2175006115654136e+02 3.0680115585224090e+00
772 2.1975400321745369e+02 3.0403952016354618e+00
773 2.1091216133103984e+02 2.9180643532710260e+00
774 2.0816624418011995e+02 2.8800733578510971e+00
775 2.1485853400288843e+02 2.9726641892680106e+00
776 2.1880735799677416e+02 3.0272979404048797e+00
777 2.1249541304382518e+02 2.9399693508594900e+00
778 2.0565795191406301e+02 2.8453700092960652e+00
779 2.0880235655280867e+02 2.8888742578452145e+00
780 2.1523449222323458e+02 2.9778657398765094e+00
781 2.1271919328068347e+02 2.9430654508094487e+00
782 2.0467097589496342e+02 2.8317147533796110e+00
783 2.0452582299782884e+02 2.8297064979417574e+00
784 2.1109726592644506e+02 2.9206253583741448e+00
785 2.1144690839193606e+02 2.9254628187107143e+00
786 2.0371755835618990e+02 2.8185237940905838e+00
787 2.0151748077619999e+02 2.7880847339620276e+00
788 2.0744490030882764e+02 2.8700932418445819e+00
789 2.0930222561085583e+02 2.8957901704715190e+00
790 2.0221529242252686e+02 2.7977392710811451e+00
791 1.9914803880752635e+02 2.7553024415503602e+00
792 2.0453374102298034e+02 2.8298160473712315e+00
793 2.0678940181585506e+02 2.8610241261810052e+00
794 2.0008687221268329e+02 2.7682916228093233e+00
795 1.9708162632243580e+02 2.7267126979630638e+00
796 2.0230160909132093e+02 2.7989335009098637e+00
797 2.0409142495603680e+02 2.8236964061913135e+00
798 1.9744099262386936e+02 2.7316846919313691e+00
799 1.9527427121076505e+02 2.7017071293330468e+00
800 2.0058645248925288e+02 2.7752035400143575e+00
801 2.0113790503525564e+02 2.7828331333334719e+00
802 1.9447587329506842e+02 2.6906609360608460e+00
803 1.9386618116157806e+02 2.6822255719264110e+00
804 1.9912921824458107e+02 2.7550420506203515e+00
805 1.9774636983602971e+02 2.7359097226336422e+00
806 1.9151877695213406e+02 2.6497481817983686e+00
807 1.9302883926538965e+02 2.6706405712164112e+00
808 1.9749764928551249e+02 2.7324685622576355e+00
809 1.9382743208772916e+02 2.6816894611094382e+00
810 1.8906495636819000e+02 2.6157984733977648e+00
811 1.9273608972582267e+02 2.6665902500284067e+00
812 1.9509960314133201e+02 2.6992905182478886e+00
813 1.8964585715666604e+02 2.6238354963600319e+00
814 1.8766189945002048e+02 2.5963865516162863e+00
815 1.9249059524165745e+02 2.6631937237273804e+00
816 1.9147549966951323e+02 2.6491494211819804e+00
817 1.8597753774904200e+02 2.5730826519899117e+00
818 1.8752118522364833e+02 2.5944397071793253e+00
819 1.9125910368522079e+02 2.6461554856783578e+00
820 1.8687288076178709e+02 2.5854701241629408e+00
821 1.8385952205774831e+02 2.5437789548990071e+00
822 1.8795278362427544e+02 2.6004110646385192e+00
823 1.8807096737451405e+02 2.6020461898324898e+00
824 1.8260339886076125e+02 2.5263999270548436e+00
825 1.8375403988509996e+02 2.5423195617280858e+00
826 1.8722812235387747e+02 2.5903850509274111e+00
827 1.8326005477589246e+02 2.5354850561731284e+00
828 1.8041173202167130e+02 2.4960772332991406e+00
829 1.8449883380364807e+02 2.5526241196565262e+00
830 1.8385432651868177e+02 2.5437070722856459e+00
831 1.7899595061281960e+02 2.4764892624817083e+00
832 1.8077088144214761e+02 2.5010462266221238e+00
833 1.8342789125674952e+02 2.5378071491661385e+00
834 1.7878967551758785e+02 2.4736353540178024e+00
835 1.7761587325308875e+02 2.4573952731983395e+00
836 1.8142430040812499e+02 2.5100865710969833e+00
837 1.7914833003318759e+02 2.4785975001098364e+00
838 1.7538063992925689e+02 2.4264698175851867e+00
839 1.7865255655518382e+02 2.4717382516704385e+00
840 1.7896051214622648e+02 2.4759989554010384e+00
841 1.7433117028409993e+02 2.4119499343217181e+00
842 1.7555548339021698e+02 2.4288888552907903e+00
843 1.7811079613162659e+02 2.4642427532126039e+00
844 1.7380497447295406e+02 2.4046697792578513e+00
845 1.7295277232817975e+02 2.3928791803433396e+00
846 1.7634168433973733e+02 2.4397662980651891e+00
847 1.7361837351984309e+02 2.4020880713747061e+00
848 1.7079234650804912e+02 2.3629887200975950e+00
849 1.7420285853378084e+02 2.4101746837038829e+00
850 1.7314488368946448e+02 2.3955371271951735e+00
851 1.6932446592268468e+02 2.3426799338048618e+00
852 1.7173563967698931e+02 2.3760396041888545e+00
853 1.7247239790360243e+02 2.3862329847150940e+00
854 1.6813431390214853e+02 2.3262136467772065e+00
855 1.6945412394261919e+02 2.3444738106666740e+00
856 1.7130154095284774e+02 2.3700336536323587e+00
857 1.6730464531816722e+02 2.3147348097833325e+00
858 1.6722740230053336e+02 2.3136661179882552e+00
859 1.6996228612819576e+02 2.3515044624320973e+00
860 1.6642340749898702e+02 2.3025424892899307e+00
861 1.6535885894797516e+02 2.2878139826005595e+00
862 1.6829402631480767e+02 2.3284233396427783e+00
863 1.6564183761302615e+02 2.2917291193570666e+00
864 1.6357642135523793e+02 2.2631531590213396e+00
865 1.6665529781990850e+02 2.3057507958905514e+00
866 1.6465060802853296e+02 2.2780150134555233e+00
867 1.6208749135272106e+02 2.2425531446009250e+00
868 1.6486862365826570e+02 2.2810313574802783e+00
869 1.6368058035839866e+02 2.2645942455489130e+00
870 1.6059411045828807e+02 2.2218915500944751e+00
871 1.6323722591225513e+02 2.2584602379270144e+00
872 1.6248828225195788e+02 2.2480982664601750e+00
873 1.5929449021667108e+02 2.2039107211279574e+00
874 1.6154288028045679e+02 2.2350182061396158e+00
875 1.6133284222634646e+02 2.2321122354518099e+00
876 1.5791387600659823e+02 2.1848093042793115e+00
877 1.6004275074477263e+02 2.2142632411544616e+00
878 1.5999069081020951e+02 2.2135429686091350e+00
879 1.5666492737082547e+02 2.1675295397075822e+00
880 1.5850011888761131e+02 2.1929202374879382e+00
881 1.5871506813409201e+02 2.1958941567250245e+00
882 1.5530103520196914e+02 2.1486594797995693e+00
883 1.5714936442148843e+02 2.1742319435899478e+00
884 1.5728203544059602e+02 2.1760675066467523e+00
885 1.5404669301104292e+02 2.1313050929730997e+00
886 1.5575257001737072e+02 2.1549066664993259e+00
887 1.5592865048107885e+02 2.1573428186927863e+00
888 1.5267704426325125e+02 2.1123553882134956e+00
889 1.5453289826621045e+02 2.1380319607578859e+00
890 1.5442814294380281e+02 2.1365826238860621e+00
891 1.5142260127003189e+02 2.0949996067420869e+00
892 1.5325569143966678e+02 2.1203612314420841e+00
893 1.5300338934466490e+02 2.1168705187916883e+00
894 1.5007509886657149e+02 2.0763563065896924e+00
895 1.5213346126244849e+02 2.1048346735819816e+00
896 1.5143035433128296e+02 2.0951068738220062e+00
897 1.4886723958828068e+02 2.0596450317086958e+00
898 1.5093118518361271e+02 2.0882006447696995e+00
899 1.4992560935607332e+02 2.0742880521608358e+00
900 1.4760286680758685e+02 2.0421518671737315e+00
901 1.4984612523510285e+02 2.0731883536958859e+00
902 1.4827807840599937e+02 2.0514937224930661e+00
903 1.4651143728998113e+02 2.0270514502545089e+00
904 1.4863807189881331e+02 2.0564743939354355e+00
905 1.4670964048498570e+02 2.0297936803582508e+00
906 1.4539955510451725e+02 2.0116680615017537e+00
907 1.4748729445423911e+02 2.0405528718270460e+00
908 1.4503411257778998e+02 2.0066120002311170e+00
909 1.4448076502800032e+02 1.9989561886846376e+00
910 1.4615238077719820e+02 2.0220837423511360e+00
911 1.4348843696838568e+02 1.9852268848870860e+00
912 1.4354621071189516e+02 1.9860262105420226e+00
913 1.4480903271943990e+02 2.0034979194348947e+00
914 1.4191510763632061e+02 1.9634591678864111e+00
915 1.4277345953303163e+02 1.9753348513773390e+00
916 1.4323803333490818e+02 1.9817624383034043e+00
917 1.4056047189507029e+02 1.9447171748061491e+00
918 1.4191836219184503e+02 1.9635041961218698e+00
919 1.4164257367712017e+02 1.9596885383201508e+00
920 1.3927531106764991e+02 1.9269363983205789e+00
921 1.4111185731482681e+02 1.9523458394035378e+00
922 1.3986215059757089e+02 1.9350555864344638e+00
923 1.3828066637777601e+02 1.9131750429043033e+00
924 1.4008226518355778e+02 1.9381009704604479e+00
925 1.3815608594950331e+02 1.9114514168006038e+00
926 1.3738516799953206e+02 1.9007854211799105e+00
927 1.3894962492306593e+02 1.9224303844289801e+00
928 1.3643029185857168e+02 1.8875742814753957e+00
929 1.3673023781325426e+02 1.8917241682943609e+00
930 1.3748424641346858e+02 1.9021562154767504e+00
931 1.3497338052133767e+02 1.8674172596506269e+00
932 1.3603545990601813e+02 1.8821116043162986e+00
933 1.3588660532540149e+02 1.8800521344271406e+00
934 1.3368907178638671e+02 1.8496482722465635e+00
935 1.3535070729848073e+02 1.8726377448562552e+00
936 1.3405859396579658e+02 1.8547607773419263e+00
937 1.3279267664155722e+02 1.8372462433542296e+00
938 1.3435417953726480e+02 1.8588503363033411e+00
939 1.3232506515797297e+02 1.8307766287392351e+00
940 1.3206473157044965e+02 1.8271747967874084e+00
941 1.3312750710911868e+02 1.8418787730557606e+00
942 1.3068293684328754e+02 1.8080570469553308e+00
943 1.3154899559446821e+02 1.8200393582346319e+00
944 1.3149241544908779e+02 1.8192565465451802e+00
945 1.2944969468644334e+02 1.7909945885644662e+00
946 1.3087156304069515e+02 1.8106667750017107e+00
947 1.2974101416349674e+02 1.7950251241961639e+00
948 1.2851177223319698e+02 1.7780180107337791e+00
949 1.2999757170035841e+02 1.7985747127933998e+00
950 1.2792080611913107e+02 1.7698417294773363e+00
951 1.2796161220657859e+02 1.7704063000000867e+00
952 1.2863652358514523e+02 1.7797440016431945e+00
953 1.2643973166952722e+02 1.7493504001549551e+00
954 1.2742232524644866e+02 1.7629450230182009e+00
955 1.2699872973323585e+02 1.7570843890959504e+00
956 1.2529882133589966e+02 1.7335653939522466e+00
957 1.2677557754495659e+02 1.7539969784797838e+00
958 1.2513961739474733e+02 1.7313627360180381e+00
959 1.2465948592359413e+02 1.7247199017593882e+00
960 1.2562954555607364e+02 1.7381411118793808e+00
961 1.2353136033322690e+02 1.7091117782140772e+00
962 1.2416368591031103e+02 1.7178602861924988e+00
963 1.2410776703496649e+02 1.7170866234705953e+00
964 1.2227422543783189e+02 1.6917187530686588e+00
965 1.2363283430269752e+02 1.7105157160962192e+00
966 1.2226322534536183e+02 1.6915665618554212e+00
967 1.2158609719991411e+02 1.6821981902482184e+00
968 1.2259882188231013e+02 1.6962096904705275e+00
969 1.2061847400274094e+02 1.6688106893035128e+00
970 1.2111553317844351e+02 1.6756877259472529e+00
971 1.2112817060135862e+02 1.6758625703615959e+00
972 1.1934837014483122e+02 1.6512382327446842e+00
973 1.2062428295774455e+02 1.6688910588015011e+00
974 1.1929777631022250e+02 1.6505382443498222e+00
975 1.1868899552717809e+02 1.6421154891575787e+00
976 1.1959521798908010e+02 1.6546534833894957e+00
977 1.1768471975353937e+02 1.6282208833775489e+00
978 1.1825473162856386e+02 1.6361072533381669e+00
979 1.1809338156504751e+02 1.6338749028384436e+00
980 1.1650523225031303e+02 1.6119021447302726e+00
981 1.1773487082779371e+02 1.6289147459843152e+00
982 1.1627175662404903e+02 1.6086719047191749e+00
983 1.1595112542482978e+02 1.6042358282640117e+00
984 1.1660418813649783e+02 1.6132712438007095e+00
985 1.1476720412966986e+02 1.5878557461166281e+00
986 1.1554512906070782e+02 1.5986186864632481e+00
987 1.1500798526885903e+02 1.5911870611758157e+00
988 1.1378003135640716e+02 1.5741977680180763e+00
989 1.1490411877176084e+02 1.5897500216008162e+00
990 1.1323118077140163e+02 1.5666041739964265e+00
991 1.1337115141864682e+02 1.5685407306826453e+00
992 1.1357446242622538e+02 1.5713536296643755e+00
993 1.1194255500980773e+02 1.5487754585924254e+00
994 1.1292328286114044e+02 1.5623442683053099e+00
995 1.1188254254206092e+02 1.5479451591835216e+00
996 1.1122601915310206e+02 1.5388618636242739e+00
997 1.1203643858966744e+02 1.5500743800297536e+00
998 1.1026127745687555e+02 1.5255142295376165e+00
999 1.1091790646670283e+02 1.5345989864089531e+00
1000 1.1046280985428159e+02 1.5283025206498428e+00
1001 1.0931071052016620e+02 1.5123627096067391e+00
1002 1.1027517390554399e+02 1.5257064931379729e+00
1003 1.0878448925413142e+02 1.5050822023630666e+00
1004 1.0885948747567447e+02 1.5061198363973602e+00
1005 1.0903476375616184e+02 1.5085448623552582e+00
1006 1.0749465632125097e+02 1.4872367852028590e+00
1007 1.0847935700425845e+02 1.5008605608239134e+00
1008 1.0730337525821768e+02 1.4845903258997506e+00
1009 1.0694014043415504e+02 1.4795648091857085e+00
1010 1.0745349093423881e+02 1.4866672436094737e+00
1011 1.0586961812871444e+02 1.4647536529243839e+00
1012 1.0658452939143825e+02 1.4746447709061108e+00
1013 1.0588749890060015e+02 1.4650010414235553e+00
1014 1.0505676281628143e+02 1.4535074350837029e+00
1015 1.0586018802080024e+02 1.4646231831516676e+00
1016 1.0426777047371273e+02 1.4425913721344457e+00
1017 1.0476413690167203e+02 1.4494588243024364e+00
1018 1.0438549268651802e+02 1.4442201117510109e+00
1019 1.0332813331357417e+02 1.4295910705648005e+00
1020 1.0416156061614969e+02 1.4411219111163383e+00
1021 1.0277119772637901e+02 1.4218856169114598e+00
1022 1.0292598593790275e+02 1.4240271812456522e+00
1023 1.0290964290069299e+02 1.4238010679954487e+00
1024 1.0161856209258576e+02 1.4059383859217642e+00
1025 1.0250653120306356e+02 1.4182238368494804e+00
1026 1.0123540928536052e+02 1.4006372949767767e+00
1027 1.0120112862827494e+02 1.4001630067099606e+00
1028 1.0134790864757240e+02 1.4021937741127566e+00
1029 1.0002457385118174e+02 1.3838848436441633e+00
1030 1.0080163416460383e+02 1.3946358216182575e+00
1031 9.9759222374771142e+01 1.3802135869488878e+00
1032 9.9476337742231479e+01 1.3762997511743518e+00
1033 9.9824910009091582e+01 1.3811224048328425e+00
1034 9.8415943646283381e+01 1.3616287232342013e+00
1035 9.9176274849673945e+01 1.3721482464674362e+00
1036 9.8223443664474374e+01 1.3589653996431044e+00
1037 9.7860258387133925e+01 1.3539405684301873e+00
1038 9.8239885301381037e+01 1.3591928770643398e+00
1039 9.6890005893121895e+01 1.3405166899843874e+00
1040 9.7528407905172486e+01 1.3493492681660570e+00
1041 9.6735239403923316e+01 1.3383754261883067e+00
1042 9.6238252612797112e+01 1.3314993910176478e+00
1043 9.6710481148261877e+01 1.3380328846163136e+00
1044 9.5331235861262684e+01 1.3189504074324003e+00
1045 9.5970266063185363e+01 1.3277916769027147e+00
1046 9.5188996458096142e+01 1.3169824614903958e+00
1047 9.4711811922588538e+01 1.3103803994082033e+00
1048 9.5136346943942456e+01 1.3162540318469871e+00
1049 9.3840100825529078e+01 1.2983198853883999e+00
1050 9.4397115392183025e+01 1.3060264317579782e+00
1051 9.3690569574677369e+01 1.2962510534630303e+00
1052 9.3173529274074752e+01 1.2890975689940860e+00
1053 9.3623850566595024e+01 1.2953279660604735e+00
1054 9.2313655909795571e+01 1.2772008353169226e+00
1055 9.2910319007900739e+01 1.2854559369028391e+00
1056 9.2141117203946564e+01 1.2748136849320415e+00
1057 9.1722434258090445e+01 1.2690210185826241e+00
1058 9.2072298831677728e+01 1.2738615518843286e+00
1059 9.0852976764766169e+01 1.2569916841813147e+00
1060 9.1406571089422215e+01 1.2646509099687573e+00
1061 9.0641934313838220e+01 1.2540718172130312e+00
1062 9.0258967793580140e+01 1.2487733036317905e+00
1063 9.0578291629262097e+01 1.2531912921260184e+00
1064 8.9364770954669524e+01 1.2364016892878589e+00
1065 8.9978991499585106e+01 1.2448997060255078e+00
1066 8.9100021573141234e+01 1.2327387628453401e+00
1067 8.8878864190035301e+01 1.2296789512534840e+00
1068 8.9043009894547168e+01 1.2319499807003202e+00
1069 8.7948837798973798e+01 1.2168116189847760e+00
1070 8.8526218461273302e+01 1.2247999394224949e+00
1071 8.7613387784234888e+01 1.2121705175701569e+00
1072 8.7487401998107757e+01 1.2104274477101908e+00
1073 8.7556548919053569e+01 1.2113841263762148e+00
1074 8.6519279042992366e+01 1.1970330323901965e+00
1075 8.7133272056996006e+01 1.2055279011356232e+00
1076 8.6096880826958440e+01 1.1911889636114443e+00
1077 8.6173592472353064e+01 1.1922503036332530e+00
1078 8.6025737332575602e+01 1.1902046614563881e+00
1079 8.5172481330143142e+01 1.1783994819484853e+00
1080 8.5700576235026887e+01 1.1857059118260236e+00
1081 8.4647842597522867e+01 1.1711408697644223e+00
1082 8.4842859789818306e+01 1.1738390200916533e+00
1083 8.4539241810709711e+01 1.1696383291677270e+00
1084 8.3826050555828289e+01 1.1597710082659813e+00
1085 8.4306484923278219e+01 1.1664180332307559e+00
1086 8.3190352111594763e+01 1.1509758351577026e+00
1087 8.3573292531061426e+01 1.1562739876227870e+00
1088 8.3015117710060480e+01 1.1485513886139049e+00
1089 8.2567973931180234e+01 1.1423649538739498e+00
1090 8.2856668767696974e+01 1.1463591764265824e+00
1091 8.1820954236252945e+01 1.1320296013309672e+00
1092 8.2266946378820151e+01 1.1382001026659834e+00
1093 8.1546624257580604e+01 1.1282341230297377e+00
1094 8.1311947194306711e+01 1.1249872605987230e+00
1095 8.1429643063291749e+01 1.1266156357367192e+00
1096 8.0468966146442924e+01 1.1133242396959433e+00
1097 8.0990634202933634e+01 1.1205417512433047e+00
1098 8.0067206053380062e+01 1.1077657086053938e+00
1099 8.0129738877290890e+01 1.1086308782722920e+00
1100 7.9945952043600244e+01 1.1060881049935549e+00
1101 7.9222558019396175e+01 1.0960796242019426e+00
1102 7.9647425652219468e+01 1.1019578584695928e+00
1103 7.8675596745344549e+01 1.0885121696447602e+00
1104 7.8923822679702411e+01 1.0919464867843498e+00
1105 7.8495621652376073e+01 1.0860221335086095e+00
1106 7.8003665190734779e+01 1.0792156952026475e+00
1107 7.8303958851870931e+01 1.0833703926963558e+00
1108 7.7314701317476207e+01 1.0696835709924564e+00
1109 7.7747289614100040e+01 1.0756686241067666e+00
1110 7.7023223003690845e+01 1.0656508377833285e+00
1111 7.6877545942021342e+01 1.0636353302940291e+00
1112 7.6882019288537776e+01 1.0636972210495315e+00
1113 7.6075408293264175e+01 1.0525373961375388e+00
1114 7.6497516039969597e+01 1.0583774461428457e+00
1115 7.5633022200952723e+01 1.0464167861252467e+00
1116 7.5744809691591144e+01 1.0479634161987095e+00
1117 7.5469239783703699e+01 1.0441507829206387e+00
1118 7.4888089921335734e+01 1.0361103139093588e+00
1119 7.5227332502373557e+01 1.0408038871798178e+00
1120 7.4284065653071394e+01 1.0277533672325556e+00
1121 7.4642320852132727e+01 1.0327099886011739e+00
1122 7.4023562665740798e+01 1.0241491915584138e+00
1123 7.3810376585602086e+01 1.0211996665185088e+00
1124 7.3859725229799466e+01 1.0218824271455198e+00
1125 7.3071348675668830e+01 1.0109748839055053e+00
1126 7.3459405354068167e+01 1.0163438221077388e+00
1127 7.2657952687365409e+01 1.0052553649852090e+00
1128 7.2737386193908662e+01 1.0063543631768561e+00
1129 7.2483060760338347e+01 1.0028356567298300e+00
1130 7.1931277170923892e+01 9.9520148327663094e-01
1131 7.2236062740895477e+01 9.9941832834385080e-01
1132 7.1348451482550246e+01 9.8713782846089759e-01
1133 7.1687027162438810e+01 9.9182217485482893e-01
1134 7.1072824162934268e+01 9.8332440086581152e-01
1135 7.0909079330127256e+01 9.8105891765881659e-01
1136 7.0901190171793729e+01 9.8094976761471731e-01
1137 7.0191409129924367e+01 9.7112962853958973e-01
1138 7.0540665659334152e+01 9.7596174927737034e-01
1139 6.9753435889384505e+01 9.6507007231087127e-01
1140 6.9888140609345584e+01 9.6693377253116730e-01
1141 6.9551967056981681e+01 9.6228266064897539e-01
1142 6.9121157092493675e+01 9.5632221155740660e-01
1143 6.9332282870298073e+01 9.5924323139040069e-01
1144 6.8514722610266389e+01 9.4793191848936342e-01
1145 6.8865558633386627e+01 9.5278589223108467e-01
1146 6.8187612640459477e+01 9.4340620533717157e-01
1147 6.8160632255924142e+01 9.4303291961550784e-01
1148 6.8008669429104657e+01 9.4093044574597962e-01
1149 6.7444391226766413e+01 9.3312340371872238e-01
1150 6.7720929825811865e+01 9.3694943927345486e-01
1151 6.6943311354343592e+01 9.2619073893243897e-01
1152 6.7174575937825296e+01 9.2939038817491582e-01
1153 6.6688123965113107e+01 9.2266010694223810e-01
1154 6.6459316239852811e+01 9.1949444943523850e-01
1155 6.6498450230560493e+01 9.2003588574960116e-01
1156 6.5810730553220822e+01 9.1052097554801192e-01
1157 6.6144042945105070e+01 9.1513250199164042e-01
1158 6.5396483087360068e+01 9.0478967605379335e-01
1159 6.5548092035441059e+01 9.0688725385224800e-01
1160 6.5181313362964630e+01 9.0181270640586497e-01
1161 6.4849061832792785e+01 8.9721585745986010e-01
1162 6.4965657739427570e+01 8.9882901412537008e-01
1163 6.4267750101100475e+01 8.8917314891387389e-01
1164 6.4557854576262244e+01 8.9318687444943101e-01
1165 6.3917612005458430e+01 8.8432883131185758e-01
1166 6.3938572913540945e+01 8.8461883487685722e-01
1167 6.3720021097806580e+01 8.8159507247827207e-01
1168 6.3269722089054120e+01 8.7536498371780735e-01
1169 6.3475520650058819e+01 8.7821229911694032e-01
1170 6.2747301326623813e+01 8.6813705814615760e-01
1171 6.3031077683580875e+01 8.7206323132797714e-01
1172 6.2441430555353762e+01 8.6390519883222383e-01
1173 6.2407060923753590e+01 8.6342967956309036e-01
1174 6.2248864901301140e+01 8.6124096663618044e-01
1175 6.1771801871608247e+01 8.5464058564143386e-01
1176 6.1980582864909422e+01 8.5752916432911064e-01
1177 6.1295511757084455e+01 8.4805089827473057e-01
1178 6.1516081654436370e+01 8.5110258173767239e-01
1179 6.1017688915300980e+01 8.4420709464569099e-01
1180 6.0899767639817611e+01 8.4257560090768802e-01
1181 6.0824288769890515e+01 8.4153131688741412e-01
1182 6.0296453115338942e+01 8.3422847385450383e-01
1183 6.0540524670163059e+01 8.3760531328986398e-01
1184 5.9853966865430735e+01 8.2810647811693661e-01
1185 6.0069761174444700e+01 8.3109208917320976e-01
1186 5.9592773897128538e+01 8.2449275624657281e-01
1187 5.9467877876555690e+01 8.2276476378184715e-01
1188 5.9397547311913002e+01 8.2179170887437247e-01
1189 5.8891162218984860e+01 8.1478564398282671e-01
1190 5.9107892029526013e+01 8.1778419812233261e-01
1191 5.8470543438681638e+01 8.0896619449554608e-01
1192 5.8642420612842550e+01 8.1134419229280297e-01
1193 5.8217311983907507e+01 8.0546262373585176e-01
1194 5.8059178899720074e+01 8.0327478158806831e-01
1195 5.8021135244412449e+01 8.0274843055301792e-01
1196 5.7503679077962502e+01 7.9558919239354609e-01
1197 5.7734365635535767e+01 7.9878084438831543e-01
1198 5.7095293952814508e+01 7.8993900101254710e-01
1199 5.7283171205094092e+01 7.9253836706715353e-01
1200 5.6843892657270210e+01 7.8646075132668603e-01
1201 5.6720740116890298e+01 7.8475688069243965e-01
1202 5.6648501013997581e+01 7.8375742030223183e-01
1203 5.6180852661454431e+01 7.7728729558865395e-01
1204 5.6372420843268621e+01 7.7993772730887856e-01
1205 5.5776042565720751e+01 7.7168656634312394e-01
1206 5.5943357436047613e+01 7.7400144262048887e-01
1207 5.5520834301819811e+01 7.6815564554249438e-01
1208 5.5404392077937253e+01 7.6654461514679340e-01
1209 5.5326893831312120e+01 7.6547239214414320e-01
1210 5.4876663791549454e+01 7.5924325760058720e-01
1211 5.5067251260694256e+01 7.6188012072114797e-01
1212 5.4469001537923745e+01 7.5360306747133154e-01
1213 5.4666764953644680e+01 7.5633921303142848e-01
1214 5.4205013042415878e+01 7.4995066822818846e-01
1215 5.4154174890965663e+01 7.4924729960023995e-01
1216 5.4011937065700977e+01 7.4727937548921530e-01
1217 5.3636573254972888e+01 7.4208604880439499e-01
1218 5.3772586123496637e+01 7.4396784784680459e-01
1219 5.3220727567729085e+01 7.3633263720048558e-01
1220 5.3406570984823375e+01 7.3890386423305932e-01
1221 5.2942397876526400e+01 7.3248182108239213e-01
1222 5.2925076906411356e+01 7.3224217769180810e-01
1223 5.2747147627075407e+01 7.2978044630488015e-01
1224 5.2418861076126561e+01 7.2523845462485304e-01
1225 5.2528977206019363e+01 7.2676196067273802e-01
1226 5.1992219418435241e+01 7.1933567592744330e-01
1227 5.2201799729079276e+01 7.2223531352907944e-01
1228 5.1694469990939275e+01 7.1521617904732215e-01
1229 5.1756968496498622e+01 7.1608087390443464e-01
1230 5.1492062286580619e+01 7.1241577767080133e-01
1231 5.1265824777589295e+01 7.0928568025871219e-01
1232 5.1293022499952947e+01 7.0966197294671407e-01
1233 5.0827947399796656e+01 7.0322745033409928e-01
1234 5.1007379148129331e+01 7.0570996905350525e-01
1235 5.0505928621159775e+01 6.9877217609531661e-01
1236 5.0605949931376628e+01 7.0015601578511599e-01
1237 5.0289063795498151e+01 6.9577175396106017e-01
1238 5.0137238323241803e+01 6.9367118045352105e-01
1239 5.0103198349494811e+01 6.9320022214864896e-01
1240 4.9691842503713168e+01 6.8750892951521458e-01
1241 4.9858436721053792e+01 6.8981383523527762e-01
1242 4.9343066470016922e+01 6.8268345665114949e-01
1243 4.9506348065872778e+01 6.8494253076714762e-01
1244 4.9103766486556530e+01 6.7937263404581805e-01
1245 4.9069581299116756e+01 6.7889966664437296e-01
1246 4.8921777940152928e+01 6.7685474087829012e-01
1247 4.8624064969039956e+01 6.7273574838857964e-01
1248 4.8713231756132238e+01 6.7396941088232887e-01
1249 4.8248968977568559e+01 6.6754612710330175e-01
1250 4.8414464122559494e+01 6.6983582666443553e-01
1251 4.7979486955124173e+01 6.6381772245095882e-01
1252 4.8020945402035416e+01 6.6439131865949508e-01
1253 4.7788930570700629e+01 6.6118128940145915e-01
1254 4.7587604329673368e+01 6.5839585055520122e-01
1255 4.7606581408913250e+01 6.5865840695834854e-01
1256 4.7192132707682461e+01 6.5292432328252470e-01
1257 4.7360367092614581e+01 6.5525192145688682e-01
1258 4.6888027877422751e+01 6.4871689655455345e-01
1259 4.7020085126943314e+01 6.5054396783382473e-01
1260 4.6675727293419776e+01 6.4577962275086154e-01
1261 4.6614181584183285e+01 6.4492811025823715e-01
1262 4.6504833795026983e+01 6.4341523454906846e-01
1263 4.6209851536609165e+01 6.3933402269431261e-01
1264 4.6304156857084784e+01 6.4063877910222677e-01
1265 4.5871767568731123e+01 6.3465647935659641e-01
1266 4.6023280279977534e+01 6.3675272567527907e-01
1267 4.5626106524033794e+01 6.3125764861590028e-01
1268 4.5661513609569710e+01 6.3174752152556812e-01
1269 4.5448338495189581e+01 6.2879814820185176e-01
1270 4.5266205798643846e+01 6.2627826065245129e-01
1271 4.5278526836300422e+01 6.2644872773483318e-01
1272 4.4902970965182739e+01 6.2125274380837725e-01
1273 4.5055445650210835e+01 6.2336229946580746e-01
1274 4.4618269138414853e+01 6.1731376633662038e-01
1275 4.4751212124673650e+01 6.1915309218094816e-01
1276 4.4415670108166140e+01 6.1451071788059453e-01
1277 4.4386057941423964e+01 6.1410102027165570e-01
1278 4.4255969482784231e+01 6.1230118809729017e-01
1279 4.4014627818513013e+01 6.0896211792217780e-01
1280 4.4079390495678922e+01 6.0985813860902494e-01
1281 4.3693987090368488e+01 6.0452590963005925e-01
1282 4.3838501427587552e+01 6.0652533030506561e-01
1283 4.3453253763218385e+01 6.0119525607187752e-01
1284 4.3524061407165775e+01 6.0217491158551895e-01
1285 4.3280107030498648e+01 5.9879969336251915e-01
1286 4.3168664181168083e+01 5.9725783155613399e-01
1287 4.3128785610223787e+01 5.9670609364022831e-01
1288 4.2826869553846507e+01 5.9252894958065983e-01
1289 4.2944783175015253e+01 5.9416033741778684e-01
1290 4.2545175641789243e+01 5.8863158795807624e-01
1291 4.2693947595338315e+01 5.9068991466469345e-01
1292 4.2338848772341514e+01 5.8577696317466965e-01
1293 4.2380219088905250e+01 5.8634934006031869e-01
1294 4.2185875839608840e+01 5.8366051403676567e-01
1295 4.2041928713260063e+01 5.8166894097856314e-01
1296 4.2039268955554135e+01 5.8163214203771008e-01
1297 4.1729894658909778e+01 5.7735180987877299e-01
1298 4.1851513141559309e+01 5.7903445613624260e-01
1299 4.1480963526786056e+01 5.7390773601178757e-01
1300 4.1599146129382518e+01 5.7554284532761435e-01
1301 4.1300738523342950e+01 5.7141424225212700e-01
1302 4.1294234584219041e+01 5.7132425733711045e-01
1303 4.1162312874039138e+01 5.6949906130541128e-01
1304 4.0976555519199607e+01 5.6692902498273390e-01
1305 4.1020378354945692e+01 5.6753533357130881e-01
1306 4.0692009132996382e+01 5.6299219810090950e-01
1307 4.0834045862681052e+01 5.6495733996438646e-01
1308 4.0469881614245843e+01 5.5991896424727161e-01
1309 4.0587305072053908e+01 5.6154357045444869e-01
1310 4.0309883679272012e+01 5.5770532105240955e-01
1311 4.0296297664821019e+01 5.5751735244869183e-01
1312 4.0183555614081541e+01 5.5595751560807849e-01
1313 3.9999780271960297e+01 5.5341490132035864e-01
1314 4.0048535791562642e+01 5.5408945580256086e-01
1315 3.9739002139544759e+01 5.4980691889055466e-01
1316 3.9869240712321982e+01 5.5160882796134358e-01
1317 3.9538132005155262e+01 5.4702779048420946e-01
1318 3.9634094803254541e+01 5.4835547883848190e-01
1319 3.9394076492770687e+01 5.4503471785658686e-01
1320 3.9360397334760123e+01 5.4456875159926632e-01
1321 3.9279003069444748e+01 5.4344262543054012e-01
1322 3.9084618410872636e+01 5.4075322649108426e-01
1323 3.9153803031531183e+01 5.4171042674954362e-01
1324 3.8844162849490388e+01 5.3742641594688811e-01
1325 3.8986598119759762e+01 5.3939707179811336e-01
1326 3.8660266031748840e+01 5.3488212098947530e-01
1327 3.8767683455165063e+01 5.3636828922279556e-01
1328 3.8529391918055573e+01 5.3307141892505128e-01
1329 3.8513401487070830e+01 5.3285018414012686e-01
1330 3.8425775485280447e+01 5.3163783910212381e-01
1331 3.8257297840457959e+01 5.2930687531806808e-01
1332 3.8313491911303458e+01 5.3008434549316186e-01
1333 3.8033870452665582e+01 5.2621565719320107e-01
1334 3.8162940097140208e+01 5.2800139361661957e-01
1335 3.7863256226898486e+01 5.2385513285344776e-01
1336 3.7964308846940625e+01 5.2525324117725736e-01
1337 3.7743276968068791e+01 5.2219516599277305e-01
1338 3.7731464846110853e+01 5.2203173998734764e-01
1339 3.7651255193028732e+01 5.2092200346020734e-01
1340 3.7494601564051685e+01 5.1875463023884538e-01
1341 3.7554351186661521e+01 5.1958129306738421e-01
1342 3.7285982915970948e+01 5.1586829767011078e-01
1343 3.7424170310716931e+01 5.1778018225815370e-01
1344 3.7125960426065170e+01 5.1365431474675149e-01
1345 3.7249307418454819e+01 5.1536087571177092e-01
1346 3.7015054934925715e+01 5.1211988753196369e-01
1347 3.7039936509717428e+01 5.1246413527943702e-01
1348 3.6934536303762528e+01 5.1100587615448467e-01
1349 3.6822422746769540e+01 5.0945473480675474e-01
1350 3.6854773368804089e+01 5.0990232017295367e-01
1351 3.6627120782953490e+01 5.0675264453780655e-01
1352 3.6748016540084841e+01 5.0842529156356520e-01
1353 3.6475447545667940e+01 5.0465417726937101e-01
1354 3.6600315396031718e+01 5.0638177998661882e-01
1355 3.6371609184022283e+01 5.0321752696097710e-01
1356 3.6417192445575829e+01 5.0384819183020890e-01
1357 3.6301625395499400e+01 5.0224926985666085e-01
1358 3.6220529624604545e+01 5.0112727349212738e-01
1359 3.6239506889942668e+01 5.0138983247002733e-01
1360 3.6038577277016039e+01 4.9860988115144278e-01
1361 3.6158139629906380e+01 5.0026407993145006e-01
1362 3.5894076016933539e+01 4.9661064140448641e-01
1363 3.6040586658004251e+01 4.9863768183869023e-01
1364 3.5795510606119443e+01 4.9524694473594444e-01
1365 3.5886957078173310e+01 4.9651214769365321e-01
1366 3.5734416677994254e+01 4.9440168283763408e-01
1367 3.5713789528220182e+01 4.9411629696853365e-01
1368 3.5689219800194458e+01 4.9377636376094164e-01
1369 3.5546541977732723e+01 4.9180235209134215e-01
1370 3.5634033631516715e+01 4.9301283836441712e-01
1371 3.5408971276007755e+01 4.8989899972785267e-01
1372 3.5549124808888038e+01 4.9183808671886331e-01
1373 3.5314003411009260e+01 4.8858507671929080e-01
1374 3.5428804989960071e+01 4.9017340805647619e-01
1375 3.5259317381923850e+01 4.8782847097835580e-01
1376 3.5283341060721220e+01 4.8816084934995196e-01
1377 3.5228755920613516e+01 4.8740563945327564e-01
1378 3.5134218325368678e+01 4.8609766941974619e-01
1379 3.5198803943857030e+01 4.8699124042037245e-01
1380 3.5005207839246474e+01 4.8431275147866792e-01
1381 3.5147800089311950e+01 4.8628557921578303e-01
1382 3.4913224075556158e+01 4.8304011485017534e-01
1383 3.5064395334107665e+01 4.8513163701767092e-01
1384 3.4862385456070740e+01 4.8233673974674990e-01
1385 3.4951786966416954e+01 4.8357364974199862e-01
1386 3.4843002873772463e+01 4.8206857302690781e-01
1387 3.4825993605793954e+01 4.8183324217519169e-01
1388 3.4835510697794817e+01 4.8196491541176212e-01
1389 3.4709176813671931e+01 4.8021702945989114e-01
1390 3.4817916812638870e+01 4.8172149611917553e-01
1391 3.4621085382305800e+01 4.7899824499494670e-01
1392 3.4774140705345701e+01 4.8111583403970598e-01
1393 3.4572010315621732e+01 4.7831926943554115e-01
1394 3.4700040324684366e+01 4.8009062203672309e-01
1395 3.4559523506243615e+01 4.7814650882703746e-01
1396 3.4604680768169658e+01 4.7877127980034750e-01
1397 3.4569748270328581e+01 4.7828797302430637e-01
1398 3.4506460415893258e+01 4.7741235717144498e-01
1399 3.4582562427577770e+01 4.7846526263743294e-01
1400 3.4425963216662026e+01 4.7629864231435748e-01
1401 3.4578985162194869e+01 4.7841576956633569e-01
1402 3.4378527026313868e+01 4.7564234134415084e-01
1403 3.4548137504172196e+01 4.7798897838137139e-01
1404 3.4369150109713544e+01 4.7551260749712032e-01
1405 3.4491109725256187e+01 4.7719997348117582e-01
1406 3.4391161444396708e+01 4.7581714418529186e-01
1407 3.4420231959416569e+01 4.7621934779970337e-01
1408 3.4428823002994683e+01 4.7633820874098093e-01
1409 3.4354220380775615e+01 4.7530604800077442e-01
1410 3.4462956735932714e+01 4.7681046424631524e-01
1411 3.4311335482908973e+01 4.7471271620345856e-01
1412 3.4477759966142116e+01 4.7701527357601303e-01
1413 3.4303171352765482e+01 4.7459976180103414e-01
1414 3.4466406093190251e+01 4.7685818765112697e-01
1415 3.4331055622508060e+01 4.7498555317996322e-01
1416 3.4433313148601513e+01 4.7640033191943398e-01
1417 3.4385946885583394e+01 4.7574499842520324e-01
1418 3.4392265083404084e+01 4.7583241352597844e-01
1419 3.4451683544043689e+01 4.7665449458012177e-01
1420 3.4361299327491544e+01 4.7540398840373693e-01
1421 3.4510547967779047e+01 4.7746891028519051e-01
1422 3.4356456010021354e+01 4.7533697893414473e-01
1423 3.4549358966713662e+01 4.7800587786349996e-01
1424 3.4386595365861297e+01 4.7575397044071338e-01
1425 3.4563958276529377e+01 4.7820786586308583e-01
1426 3.4450771855437644e+01 4.7664188095933385e-01
1427 3.4560393484290501e+01 4.7815854536353081e-01
1428 3.4538661695879732e+01 4.7785787632342380e-01
1429 3.4552283140126171e+01 4.7804633511425293e-01
1430 3.4633553294223411e+01 4.7917074414860811e-01
1431 3.4555091010309852e+01 4.7808518325766913e-01
1432 3.4716335406054405e+01 4.8031607179637409e-01
1433 3.4578417746457873e+01 4.7840791911510916e-01
1434 3.4767649359076721e+01 4.8102602335248573e-01
1435 3.4616513355537997e+01 4.7893498895390513e-01
1436 3.4764204553257450e+01 4.8097836291886392e-01
1437 3.4635592060373604e+01 4.7919895139275176e-01
1438 3.4665272189955758e+01 4.7960958929806541e-01
1439 3.4556289748347041e+01 4.7810176833608831e-01
1440 3.4389146605375444e+01 4.7578926798370907e-01
1441 3.4235175629734741e+01 4.7365901047451642e-01
1442 3.3791464923458406e+01 4.6752007383388594e-01
1443 3.3465894848196797e+01 4.6301566581342324e-01
1444 3.2679664085079530e+01 4.5213781055453861e-01
1445 3.2042508551746174e+01 4.4332247796500990e-01
1446 3.0911446252049593e+01 4.2767372372891355e-01
1447 2.9915138699063483e+01 4.1388936185562980e-01
1448 2.8575041523022293e+01 3.9534851634607571e-01
1449 2.7368862328503042e+01 3.7866048617763332e-01
1450 2.6120167122494905e+01 3.6138422792036934e-01
1451 2.5043732201772794e+01 3.4649126797461660e-01
1452 2.4263141729013025e+01 3.3569144866268946e-01
1453 2.3697148598226285e+01 3.2786067983114370e-01
1454 2.3667317718274589e+01 3.2744795622685080e-01
1455 2.3822850038383329e+01 3.2959981563707469e-01
1456 2.4532566808279448e+01 3.3941906548062428e-01
1457 2.5224353550113385e+01 3.4899024534370804e-01
1458 2.6152037569382216e+01 3.6182516984803142e-01
1459 2.6668986105942501e+01 3.6897738472029057e-01
1460 2.6908450612974015e+01 3.7229048358302286e-01
1461 2.6559073914638528e+01 3.6745670025425536e-01
1462 2.5825771620978692e+01 3.5731113411052756e-01
1463 2.4981783258989569e+01 3.4563417656500928e-01
1464 2.4163097381093856e+01 3.3430729023594535e-01
1465 2.3871136157929978e+01 3.3026787575896449e-01
1466 2.3849596930162061e+01 3.2996987088172136e-01
1467 2.4457746787397436e+01 3.3838389693240523e-01
1468 2.5001203805978477e+01 3.4590286854337465e-01
1469 2.5616857292849360e+01 3.5442071067569814e-01
1470 2.5572161704506239e+01 3.5380232716348409e-01
1471 2.5186331642369971e+01 3.4846419519596300e-01
1472 2.4386224035864036e+01 3.3739434758456133e-01
1473 2.3712809026917796e+01 3.2807734888632406e-01
1474 2.3429187827823831e+01 3.2415332238313410e-01
1475 2.3568634124802106e+01 3.2608262444822111e-01
1476 2.4172551408411827e+01 3.3443809094434129e-01
1477 2.4589987740073713e+01 3.4021350982723292e-01
1478 2.4820593974561525e+01 3.4340405051608752e-01
1479 2.4306247769367552e+01 3.3628784006551510e-01
1480 2.3717368314573857e+01 3.2814042867604076e-01
1481 2.3052744519143936e+01 3.1894506035995912e-01
1482 2.2994726919311319e+01 3.1814236084341402e-01
1483 2.3280871185646753e+01 3.2210129511357100e-01
1484 2.3812903928761056e+01 3.2946220674928312e-01
1485 2.4066555857136827e+01 3.3297159494985273e-01
1486 2.3759773019149037e+01 3.2872711678378630e-01
1487 2.3191353821782172e+01 3.2086278223293141e-01
1488 2.2565551824749932e+01 3.1220453091057460e-01
1489 2.2554514755892487e+01 3.1205182811243226e-01
1490 2.2792420339741071e+01 3.1534335857369877e-01
1491 2.3348156936317775e+01 3.2303222365404533e-01
1492 2.3337309027732047e+01 3.2288213797310694e-01
1493 2.3017618697158301e+01 3.1845907885766567e-01
1494 2.2336152637736575e+01 3.0903069026493085e-01
1495 2.2049276992742545e+01 3.0506163704298411e-01
1496 2.2182151610180409e+01 3.0690001697400848e-01
1497 2.2603659142907087e+01 3.1273176274970321e-01
1498 2.2855801672898089e+01 3.1622026774660322e-01
1499 2.2518077203697505e+01 3.1154769823433698e-01
1500 2.2017531004183624e+01 3.0462241705211912e-01
1501 2.1556190169808438e+01 2.9823955968153082e-01
1502 2.1755003011758923e+01 3.0099022452421681e-01
1503 2.2053031717597001e+01 3.0511358534546695e-01
1504 2.2339956066399665e+01 3.0908331240645143e-01
1505 2.1958410001814354e+01 3.0380445146656598e-01
1506 2.1475313582603608e+01 2.9712059582166017e-01
1507 2.1143525072881129e+01 2.9253015297125262e-01
1508 2.1341428190871390e+01 2.9526823137490693e-01
1509 2.1716539250647038e+01 3.0045806113693280e-01
1510 2.1732284921245537e+01 3.0067590955213019e-01
1511 2.1371568357812382e+01 2.9568523410342240e-01
1512 2.0820375057514891e+01 2.8805922756492125e-01
1513 2.0816725653168561e+01 2.8800873641890817e-01
1514 2.1029264263583652e+01 2.9094930342477465e-01
1515 2.1371644204894977e+01 2.9568628348183013e-01
1516 2.1066243654473773e+01 2.9146092988425021e-01
1517 2.0653008426735834e+01 2.8574363515848394e-01
1518 2.0320901439408953e+01 2.8114878602757143e-01
1519 2.0554417592495327e+01 2.8437958674543429e-01
1520 2.0834654033130640e+01 2.8825678359716989e-01
1521 2.0773390648556138e+01 2.8740917719287629e-01
1522 2.0342698586668323e+01 2.8145035933666446e-01
1523 1.9960037200127086e+01 2.7615606741725912e-01
1524 2.0115680277734292e+01 2.7830945920715272e-01
1525 2.0349931074863729e+01 2.8155042405486413e-01
1526 2.0433851512479762e+01 2.8271150095044384e-01
1527 1.9938952675647300e+01 2.7586435356395711e-01
1528 1.9664807981660626e+01 2.7207143875946033e-01
1529 1.9656128692297447e+01 2.7195135689816519e-01
1530 2.0013823070343253e+01 2.7690021905648637e-01
1531 1.9962579602619837e+01 2.7619124269610001e-01
1532 1.9596947157198684e+01 2.7113255381514856e-01
1533 1.9256201163356955e+01 2.6641818015421576e-01
1534 1.9337693776580661e+01 2.6754566701036608e-01
1535 1.9639949634802775e+01 2.7172751238087051e-01
1536 1.9531763343880886e+01 2.7023070652074621e-01
1537 1.9188424709610583e+01 2.6548046251659702e-01
1538 1.8853852485258720e+01 2.6085150572570148e-01
1539 1.9090677307770793e+01 2.6412808336911930e-01
1540 1.9229734510628830e+01 2.6605200214253094e-01
1541 1.9149504725782911e+01 2.6494198708340871e-01
1542 1.8668560674159082e+01 2.5828791040947774e-01
1543 1.8589821783840740e+01 2.5719852254486125e-01
1544 1.8766836246928921e+01 2.5964759703867524e-01
1545 1.8916776295974294e+01 2.6172208487041421e-01
1546 1.8619861638179575e+01 2.5761413740353228e-01
1547 1.8260448334220072e+01 2.5264149313419854e-01
1548 1.8312319256991728e+01 2.5335915061661213e-01
1549 1.8504756815855909e+01 2.5602161055826855e-01
1550 1.8513007979419285e+01 2.5613576910709446e-01
1551 1.8072422570968243e+01 2.5004007236367898e-01
1552 1.7947500101629789e+01 2.4831171396841803e-01
1553 1.8048291446281418e+01 2.4970620743000910e-01
1554 1.8258823422957771e+01 2.5261901175805684e-01
1555 1.7942114502468989e+01 2.4823720178840453e-01
1556 1.7663509175106871e+01 2.4438257212041317e-01
1557 1.7648854352471634e+01 2.4417981607606981e-01
1558 1.7884852674753908e+01 2.4744495871809499e-01
1559 1.7795017569898953e+01 2.4620204974833595e-01
1560 1.7426509466198368e+01 2.4110357484525827e-01
1561 1.7325333998334457e+01 2.3970376686673303e-01
1562 1.7472814682825234e+01 2.4174422828675077e-01
1563 1.7586029533493750e+01 2.4331060652644917e-01
1564 1.7215762585965322e+01 2.3818779723011219e-01
1565 1.7045449840313157e+01 2.3583144400297298e-01
1566 1.7092096368777216e+01 2.3647681964682299e-01
1567 1.7304719291915593e+01 2.3941855315703317e-01
1568 1.7021056320807414e+01 2.3549394871929039e-01
1569 1.6774577359016792e+01 2.3208380172874502e-01
1570 1.6767837157098196e+01 2.3199054801199212e-01
1571 1.6973550717496849e+01 2.3483668738961477e-01
1572 1.6827610801775112e+01 2.3281754319660372e-01
1573 1.6502919466093822e+01 2.2832529293237921e-01
1574 1.6484778734661724e+01 2.2807430777628296e-01
1575 1.6633527349584135e+01 2.3013231158253217e-01
1576 1.6613532493169249e+01 2.2985567377566110e-01
1577 1.6241330373617028e+01 2.2470609050638468e-01
1578 1.6211664368127600e+01 2.2429564801422905e-01
1579 1.6320712223343865e+01 2.2580437400280678e-01
1580 1.6362722859000755e+01 2.2638560999031448e-01
1581 1.6000355637670644e+01 2.2137209694922627e-01
1582 1.5928074730774458e+01 2.2037205818187985e-01
1583 1.6048023347494539e+01 2.2203160109522405e-01
1584 1.6078531611498573e+01 2.2245369661171074e-01
1585 1.5774543396077830e+01 2.1824788330234235e-01
1586 1.5637196409679088e+01 2.1634762614073513e-01
1587 1.5803206448119189e+01 2.1864444948368533e-01
1588 1.5782777772284684e+01 2.1836180959056112e-01
1589 1.5543758938869177e+01 2.1505487682220600e-01
1590 1.5358326312274022e+01 2.1248933326044125e-01
1591 1.5562470437649488e+01 2.1531375880057330e-01
1592 1.5499842253021995e+01 2.1444726977538750e-01
1593 1.5288310954889880e+01 2.1152063938676974e-01
1594 1.5108575853394109e+01 2.0903392364028817e-01
1595 1.5309577977678538e+01 2.1181487818603167e-01
1596 1.5239414078826865e+01 2.1084412917453099e-01
1597 1.5004740607596565e+01 2.0759731644105051e-01
1598 1.4889469192281140e+01 2.0600248470702315e-01
1599 1.5046470750911558e+01 2.0817467169119772e-01
1600 1.4990867876536477e+01 2.0740538098444389e-01
1601 1.4709212291527113e+01 2.0350854963375892e-01
1602 1.4687131442866155e+01 2.0320305118852522e-01
1603 1.4787942453345465e+01 2.0459781673566305e-01
1604 1.4732243877585203e+01 2.0382720195731990e-01
1605 1.4426553477307699e+01 1.9959783815697060e-01
1606 1.4483869701427873e+01 2.0039083382594322e-01
1607 1.4546109112287803e+01 2.0125194399167659e-01
1608 1.4447104875030179e+01 1.9988217596245986e-01
1609 1.4174917059193145e+01 1.9611633544488957e-01
1610 1.4271207810301844e+01 1.9744856117614537e-01
1611 1.4317831313867877e+01 1.9809361826020375e-01
1612 1.4137526838252542e+01 1.9559902496739440e-01
1613 1.3957325528160874e+01 1.9310585901587823e-01
1614 1.4053493696423741e+01 1.9443638875847938e-01
1615 1.4084372035874015e+01 1.9486360443475620e-01
1616 1.3824419207983205e+01 1.9126704046322890e-01
1617 1.3763855671142601e+01 1.9042911676623925e-01
1618 1.3839234849566671e+01 1.9147202150985379e-01
1619 1.3823643749779512e+01 1.9125631165116153e-01
1620 1.3536167553128690e+01 1.8727894952767529e-01
1621 1.3580318177880917e+01 1.8788979322417462e-01
1622 1.3628370691382093e+01 1.8855462130164510e-01
1623 1.3527424400605218e+01 1.8715798409091267e-01
1624 1.3294140746483968e+01 1.8393040010051601e-01
1625 1.3395429310321767e+01 1.8533177281256735e-01
1626 1.3407356135068103e+01 1.8549678578251824e-01
1627 1.3211925183985954e+01 1.8279291091688837e-01
1628 1.3102766678462372e+01 1.8128265403167848e-01
1629 1.3200927086844183e+01 1.8264074730991248e-01
1630 1.3157856303263552e+01 1.8204484370036753e-01
1631 1.2913259072016297e+01 1.7866073129590959e-01
1632 1.2946786367571191e+01 1.7912459646804046e-01
1633 1.2987479865637347e+01 1.7968760926619951e-01
1634 1.2874348140128133e+01 1.7812238110036449e-01
1635 1.2668726019362657e+01 1.7527750683108059e-01
1636 1.2795216636955017e+01 1.7702756126080202e-01
1637 1.2745646067946028e+01 1.7634173020448160e-01
1638 1.2577177843517177e+01 1.7401089675579726e-01
1639 1.2493370224449666e+01 1.7285138075543929e-01
1640 1.2611752574661129e+01 1.7448925366911314e-01
1641 1.2476098571294951e+01 1.7261241968712171e-01
1642 1.2307096530524156e+01 1.7027420064991186e-01
1643 1.2364281025420803e+01 1.7106537378599199e-01
1644 1.2371979156633552e+01 1.7117188088419324e-01
1645 1.2199777458482409e+01 1.6878939315197145e-01
1646 1.2098972968604150e+01 1.6739471782027388e-01
1647 1.2225095286120222e+01 1.6913967665324478e-01
1648 1.2083176331066365e+01 1.6717616425461104e-01
1649 1.1952628966385660e+01 1.6536998290933377e-01
1650 1.1950293147406157e+01 1.6533766580605833e-01
1651 1.2018436373052509e+01 1.6628045789742293e-01
1652 1.1790839142404907e+01 1.6313154812633793e-01
1653 1.1760525226744408e+01 1.6271214150635582e-01
1654 1.1811343570049248e+01 1.6341523607972844e-01
1655 1.1733342797505193e+01 1.6233606040559007e-01
1656 1.1554368180873203e+01 1.5985986630830215e-01
1657 1.1609879047254216e+01 1.6062788404318934e-01
1658 1.1618404312936793e+01 1.6074583491777852e-01
1659 1.1426347359371070e+01 1.5808864082114069e-01
1660 1.1399243792705875e+01 1.5771365081945901e-01
1661 1.1445010841250374e+01 1.5834685846414534e-01
1662 1.1355251097229209e+01 1.5710499214532370e-01
1663 1.1181681756013489e+01 1.5470358245786919e-01
1664 1.1282562595723082e+01 1.5609931412372874e-01
1665 1.1215272060706432e+01 1.5516831938968673e-01
1666 1.1079271638422659e+01 1.5328669254658975e-01
1667 1.1033593436086127e+01 1.5265471412904119e-01
1668 1.1116075610056773e+01 1.5379589200197696e-01
1669 1.0939589863096517e+01 1.5135413253293992e-01
1670 1.0867032971785333e+01 1.5035027539742363e-01
1671 1.0922548292196952e+01 1.5111835475582203e-01
1672 1.0853888736249786e+01 1.5016841900315400e-01
1673 1.0701617802434575e+01 1.4806168233514344e-01
1674 1.0726182901378390e+01 1.4840155149731096e-01
1675 1.0747222489507397e+01 1.4869264363604448e-01
1676 1.0559362635369403e+01 1.4609351829253070e-01
1677 1.0554970745019540e+01 1.4603275451962860e-01
1678 1.0575207595154914e+01 1.4631274041816500e-01
1679 1.0485211137832943e+01 1.4506759906465275e-01
1680 1.0343899004103418e+01 1.4311248231122112e-01
1681 1.0443452923229081e+01 1.4448985543563311e-01
1682 1.0343097821879960e+01 1.4310139759580218e-01
1683 1.0229813548513643e+01 1.4153405886194126e-01
1684 1.0228639907326555e+01 1.4151782100970001e-01
1685 1.0253768195368984e+01 1.4186548214565628e-01
1686 1.0081016941703252e+01 1.3947539106639587e-01
1687 1.0064955416718290e+01 1.3925317266409032e-01
1688 1.0105548199884012e+01 1.3981479202642780e-01
1689 9.9739052312856646e+00 1.3799345250953440e-01
1690 9.9003559529797069e+00 1.3697586525482622e-01
1691 9.9400285324152673e+00 1.3752475318581431e-01
1692 9.8823926159950322e+00 1.3672733443047749e-01
1693 9.7290184776910671e+00 1.3460533443354039e-01
1694 9.7998284507755553e+00 1.3558502217183829e-01
1695 9.7394007542863612e+00 1.3474897788703941e-01
1696 9.6283905548561322e+00 1.3321310198608355e-01
1697 9.5985485637970545e+00 1.3280022465463631e-01
1698 9.6467962560276472e+00 1.3346775311737252e-01
1699 9.4793852717431317e+00 1.3115154706029314e-01
1700 9.4623932824641805e+00 1.3091645526713550e-01
1701 9.4860598525207500e+00 1.3124389287912730e-01
1702 9.3864852043695421e+00 1.2986623295934921e-01
1703 9.2961959566859704e+00 1.2861704071985783e-01
1704 9.3460982355434012e+00 1.2930746113071456e-01
1705 9.2750466368604165e+00 1.2832443039388419e-01
1706 9.1495411304936365e+00 1.2658800541982448e-01
1707 9.2047746611928503e+00 1.2735218609115950e-01
1708 9.1448631126674638e+00 1.2652328294494974e-01
1709 9.0406918893717378e+00 1.2508202734632745e-01
1710 9.0254276693317319e+00 1.2487084001555368e-01
1711 9.0538176826971490e+00 1.2526362858434789e-01
1712 8.8894029775197669e+00 1.2298887739264847e-01
1713 8.9050928851038318e+00 1.2320595430152957e-01
1714 8.8973479379521141e+00 1.2309879948381415e-01
1715 8.8028611960612508e+00 1.2179153302924640e-01
1716 8.7328211421272375e+00 1.2082249746773017e-01
1717 8.7888978742797139e+00 1.2159834420937554e-01
1718 8.6718090856075776e+00 1.1997836829980450e-01
1719 8.6068508095760095e+00 1.1907964141491831e-01
1720 8.6450851871377434e+00 1.1960863117789972e-01
1721 8.5632285704905300e+00 1.1847610817111731e-01
1722 8.4766398306067270e+00 1.1727811411683896e-01
1723 8.4996289194055734e+00 1.1759617847175685e-01
1724 8.4635164294473206e+00 1.1709654597550814e-01
1725 8.3326176034122987e+00 1.1528550200475154e-01
1726 8.3832282023408489e+00 1.1598572234149780e-01
1727 8.3253306671441187e+00 1.1518468397304328e-01
1728 8.2366040127847917e+00 1.1395711091306891e-01
1729 8.2201282784720195e+00 1.1372916173892619e-01
1730 8.2358434692737301e+00 1.1394658845246382e-01
1731 8.0932725102067540e+00 1.1197405528586268e-01
1732 8.1098755776647984e+00 1.1220376617118347e-01
1733 8.0965264235672301e+00 1.1201907463669535e-01
1734 7.9959016610821685e+00 1.1062688591409650e-01
1735 7.9656133022643809e+00 1.1020783288449644e-01
1736 7.9858951209055773e+00 1.1048844094248078e-01
1737 7.8789765610754143e+00 1.0900917471063094e-01
1738 7.8367296007771960e+00 1.0842466906571087e-01
1739 7.8714034555763632e+00 1.0890439739925696e-01
1740 7.7572185014563981e+00 1.0732459734318348e-01
1741 7.7266749937400059e+00 1.0690201421412829e-01
1742 7.7327211362895589e+00 1.0698566530820131e-01
1743 7.6674840118050636e+00 1.0608308042989588e-01
1744 7.5817260763225383e+00 1.0489658092715315e-01
1745 7.6375921036801016e+00 1.0566951247345265e-01
1746 7.5319110569505687e+00 1.0420736779041660e-01
1747 7.4876776104338534e+00 1.0359537821765719e-01
1748 7.4945094925629068e+00 1.0368990037124344e-01
1749 7.4438386257986577e+00 1.0298884620195813e-01
1750 7.3521065894641628e+00 1.0171969233434160e-01
1751 7.3925181320549695e+00 1.0227880415203255e-01
1752 7.3217714570569887e+00 1.0129999217115283e-01
1753 7.2458377621738856e+00 1.0024941544360814e-01
1754 7.2722378270924333e+00 1.0061467218308055e-01
1755 7.2119783337699124e+00 9.9780955064537408e-02
1756 7.1381757314010663e+00 9.8759862957794722e-02
1757 7.1485013864396088e+00 9.8902723026659367e-02
1758 7.1153093305372730e+00 9.8443496045487980e-02
1759 7.0118668388730381e+00 9.7012322775848189e-02
1760 7.0537084827408414e+00 9.7591220686155319e-02
1761 6.9865706592018499e+00 9.6662338783902971e-02
1762 6.9238768064367253e+00 9.5794941210578646e-02
1763 6.9204137344584025e+00 9.5747028056453340e-02
1764 6.9001946300797732e+00 9.5467287678421081e-02
1765 6.7954180453876054e+00 9.4017656633353888e-02
1766 6.8298349503999152e+00 9.4493829951348113e-02
1767 6.7758984789879841e+00 9.3747594677027715e-02
1768 6.7026183488579134e+00 9.2733731208054990e-02
1769 6.7113949443674317e+00 9.2855159343529864e-02
1770 6.6763572968837517e+00 9.2370397775020180e-02
1771 6.5938548346546382e+00 9.1228939204928541e-02
1772 6.6048068401646125e+00 9.1380465113504880e-02
1773 6.5743712108085717e+00 9.0959374529952258e-02
1774 6.4819563032375456e+00 8.9680772832487404e-02
1775 6.5116134739900460e+00 9.0091093092094968e-02
1776 6.4550825961372551e+00 8.9308963040986011e-02
1777 6.3954126968477851e+00 8.8483403220343038e-02
1778 6.3904092396602517e+00 8.8414178145933303e-02
1779 6.3701151901331503e+00 8.8133400868156492e-02
1780 6.2735902161981070e+00 8.6797934559041334e-02
1781 6.3095236319883572e+00 8.7295089483854879e-02
1782 6.2464832597439539e+00 8.6422897658108996e-02
1783 6.1917143750703802e+00 8.5665145572948201e-02
1784 6.1929096174063627e+00 8.5681682286773239e-02
1785 6.1579633379578178e+00 8.5198184836011298e-02
1786 6.0810790651270121e+00 8.4134456436193703e-02
1787 6.1032117118243612e+00 8.4440671530494060e-02
1788 6.0498791772911265e+00 8.3702791993776587e-02
1789 5.9860118149073136e+00 8.2819158388518860e-02
1790 6.0069387544292461e+00 8.3108691983246774e-02
1791 5.9441913436281242e+00 8.2240553410471831e-02
1792 5.8975864919141836e+00 8.1595754383153168e-02
1793 5.9004470725919651e+00 8.1635331799897709e-02
1794 5.8560069569261834e+00 8.1020482866762833e-02
1795 5.7890027590040933e+00 8.0093449734855937e-02
1796 5.8211146987509146e+00 8.0537732824547056e-02
1797 5.7392995507676225e+00 7.9405783555330095e-02
1798 5.7140544259201302e+00 7.9056505929770524e-02
1799 5.7088565854502074e+00 7.8984591475461441e-02
1800 5.6574242001679407e+00 7.8273001355912475e-02
1801 5.6078687700391852e+00 7.7587379752790384e-02
1802 5.6286166027969902e+00 7.7874435325101132e-02
1803 5.5479981363338267e+00 7.6759042681467396e-02
1804 5.5285112246238022e+00 7.6489432517418535e-02
1805 5.5275156720070040e+00 7.6475658600426030e-02
1806 5.4563879691396000e+00 7.5491574928068919e-02
1807 5.4399375543748629e+00 7.5263976061229948e-02
1808 5.4321437211173302e+00 7.5156144882313494e-02
1809 5.3665093389281546e+00 7.4248063765480266e-02
1810 5.3469845692977778e+00 7.3977929820122759e-02
1811 5.3478319872343754e+00 7.3989654227371277e-02
1812 5.2628105624638675e+00 7.2813344680679334e-02
1813 5.2757375004315117e+00 7.2992194665631699e-02
1814 5.2394026881046045e+00 7.2489486239693549e-02
1815 5.1883928062270002e+00 7.1783741644255189e-02
1816 5.1758474930318599e+00 7.1610171609202064e-02
1817 5.1619419863305724e+00 7.1417782686898482e-02
1818 5.0853787761343714e+00 7.0358496332638118e-02
1819 5.1072145861251625e+00 7.0660604557961915e-02
1820 5.0553274719995871e+00 6.9942723060904474e-02
1821 5.0121212204744161e+00 6.9344945191584864e-02
1822 5.0141650609673798e+00 6.9373222641536780e-02
1823 4.9704989343607053e+00 6.8769082194195003e-02
1824 4.9247278086206316e+00 6.8135818139679158e-02
1825 4.9331169403878521e+00 6.8251885540488708e-02
1826 4.8790914215116556e+00 6.7504418254559384e-02
1827 4.8424964885096609e+00 6.6998110942408456e-02
1828 4.8534394467761857e+00 6.7149511678313664e-02
1829 4.7828288518318951e+00 6.6172582426013274e-02
1830 4.7736743996323900e+00 6.6045926473750891e-02
1831 4.7574920723439318e+00 6.5822036717392562e-02
1832 4.7076429732883698e+00 6.5132352072947625e-02
1833 4.6845762554678725e+00 6.4813213685695939e-02
1834 4.6847764885105851e+00 6.4815983999653187e-02
1835 4.6098349599993407e+00 6.3779134338883423e-02
1836 4.6227961824931949e+00 6.3958458665633669e-02
1837 4.5848177361364328e+00 6.3433009825666881e-02
1838 4.5410261915546384e+00 6.2827134164385109e-02
1839 4.5366362688035959e+00 6.2766397614095221e-02
1840 4.5072611038779637e+00 6.2359979031591559e-02
1841 4.4560734627961800e+00 6.1651775057832356e-02
1842 4.4661705702760388e+00 6.1791473068711286e-02
1843 4.4174837429664189e+00 6.1117868975189747e-02
1844 4.3832067611956305e+00 6.0643631558002280e-02
1845 4.3895034479059403e+00 6.0730749042916921e-02
1846 4.3302262101733060e+00 5.9910621871034790e-02
1847 4.3166088013580266e+00 5.9722218912205798e-02
1848 4.3035324129141506e+00 5.9541301212881155e-02
1849 4.2569060903104283e+00 5.8896205126171941e-02
1850 4.2369152008649396e+00 5.8619622204101822e-02
1851 4.2337155910155531e+00 5.8575354166702051e-02
1852 4.1670280528398145e+00 5.7652702164418555e-02
1853 4.1799527257914253e+00 5.7831520811858168e-02
1854 4.1394281787065790e+00 5.7270845526305819e-02
1855 4.1051109725475046e+00 5.6796051586664412e-02
1856 4.0981282684521858e+00 5.6699442743526118e-02
1857 4.0687852882010089e+00 5.6293469450429463e-02
1858 4.0248711752973190e+00 5.5685898001438215e-02
1859 4.0351937145461889e+00 5.5828714961955204e-02
1860 3.9812090424794526e+00 5.5081812809955943e-02
1861 3.9633526327366364e+00 5.4834761371958828e-02
1862 3.9574056403112454e+00 5.4752482064325786e-02
1863 3.9057185000975649e+00 5.4037367296034491e-02
1864 3.8982607177634883e+00 5.3934185532374279e-02
1865 3.8795841545136627e+00 5.3675786902741031e-02
1866 3.8356037886080285e+00 5.3067298813751163e-02
1867 3.8285122160040457e+00 5.2969183725964278e-02
1868 3.8087006097083225e+00 5.2695081266685741e-02
1869 3.7586835885210474e+00 5.2003073344229780e-02
1870 3.7716699630463237e+00 5.2182745660616307e-02
1871 3.7217848119601289e+00 5.1492562220157002e-02
1872 3.7039343556400759e+00 5.1245593150434122e-02
1873 3.6930053083638716e+00 5.1094384879319547e-02
1874 3.6569689000376444e+00 5.0595805006575116e-02
1875 3.6318663924517880e+00 5.0248500554798951e-02
1876 3.6317974573235512e+00 5.0247546806380050e-02
1877 3.5764503080399423e+00 4.9481794170968124e-02
1878 3.5790898253179697e+00 4.9518313076422633e-02
1879 3.5520008424469367e+00 4.9143524848074528e-02
1880 3.5147624554467334e+00 4.8628315061247443e-02
1881 3.5138527527097612e+00 4.8615728915848908e-02
1882 3.4807855948669268e+00 4.8158229955351746e-02
1883 3.4516023229245199e+00 4.7754466298341514e-02
1884 3.4493604929011150e+00 4.7723449574430921e-02
1885 3.4108919915908942e+00 4.7191220604376770e-02
1886 3.3890236774967137e+00 4.6888662670203390e-02
1887 3.3876595701972936e+00 4.6869789633867530e-02
1888 3.3360290378646060e+00 4.6155458061000326e-02
1889 3.3391569969361781e+00 4.6198734777751237e-02
1890 3.3101654249295613e+00 4.5797623375336584e-02
1891 3.2809771970779638e+00 4.5393791151099809e-02
1892 3.2719692464367127e+00 4.5269162113606792e-02
1893 3.2494321535397130e+00 4.4957351324726440e-02
1894 3.2127270009598576e+00 4.4449519075278589e-02
1895 3.2204843243457195e+00 4.4556845123744561e-02
1896 3.1723406851914020e+00 4.3890756281989934e-02
1897 3.1652318156323211e+00 4.3792401883071007e-02
1898 3.1494590349725016e+00 4.3574178388015444e-02
1899 3.1137709317822524e+00 4.3080417473053932e-02
1900 3.1061630543087397e+00 4.2975159075816866e-02
1901 3.0868079620900670e+00 4.2707372693556366e-02
1902 3.0518309780422204e+00 4.2223450430891041e-02
1903 3.0517294103927903e+00 4.2222045196904638e-02
1904 3.0203214144234312e+00 4.1787501485117361e-02
1905 2.9955237549108431e+00 4.1444414743169559e-02
1906 2.9958570908372493e+00 4.1449026595223856e-02
1907 2.9521766146370636e+00 4.0844687614819568e-02
1908 2.9486612157389320e+00 4.0796050494288312e-02
1909 2.9279615206884904e+00 4.0509660928750323e-02
1910 2.8990938077659316e+00 4.0110263172318611e-02
1911 2.8897312520023850e+00 3.9980728013906217e-02
1912 2.8717343672481315e+00 3.9731733041118059e-02
1913 2.8369238604768690e+00 3.9250114066244977e-02
1914 2.8434083570864996e+00 3.9339829985355831e-02
1915 2.8012529012631084e+00 3.8756590345887840e-02
1916 2.7938983178689809e+00 3.8654836385850051e-02
1917 2.7787571022339876e+00 3.8445350876191289e-02
1918 2.7483731185529736e+00 3.8024974833717501e-02
1919 2.7396030408694050e+00 3.7903636875288110e-02
1920 2.7227299013185817e+00 3.7670189421427233e-02
1921 2.6911244154738934e+00 3.7232913348633871e-02
1922 2.6914961110019195e+00 3.7238055922982162e-02
1923 2.6606578899262141e+00 3.6811395302411946e-02
1924 2.6423195426666091e+00 3.6557676042704740e-02
1925 2.6383114732999151e+00 3.6502222605261508e-02
1926 2.6010288274444271e+00 3.5986400477319963e-02
1927 2.5986062040641915e+00 3.5952882396225669e-02
1928 2.5771105810596495e+00 3.5655480810442029e-02
1929 2.5530733923866720e+00 3.5322915523657197e-02
1930 2.5455733328993042e+00 3.5219148836618468e-02
1931 2.5248244003571441e+00 3.4932078048297871e-02
1932 2.4990982767875658e+00 3.4576145589674000e-02
1933 2.5014022312240800e+00 3.4608021832704859e-02
1934 2.4620935351406521e+00 3.4064168391107541e-02
1935 2.4612654798943683e+00 3.4052711875364343e-02
1936 2.4402341174869675e+00 3.3761733543178775e-02
1937 2.4174547604453371e+00 3.3446570921193769e-02
1938 2.4101416205668698e+00 3.3345390350783960e-02
1939 2.3898550713547659e+00 3.3064716843229293e-02
1940 2.3669454718272127e+00 3.2747752258033370e-02
1941 2.3657671812997458e+00 3.2731450080082609e-02
1942 2.3329947070221193e+00 3.2278028198885665e-02
1943 2.3264654982077517e+00 3.2187693666367340e-02
1944 2.3124296109036497e+00 3.1993500869943702e-02
1945 2.2845119831555949e+00 3.1607247968046669e-02
1946 2.2838755686513936e+00 3.1598442887927555e-02
1947 2.2576917962080452e+00 3.1236178651864038e-02
1948 2.2430228267298782e+00 3.1033226879603380e-02
1949 2.2345639747350967e+00 3.0916194868173631e-02
1950 2.2101161638061795e+00 3.0577948438299869e-02
1951 2.1979574388451617e+00 3.0409727024863758e-02
1952 2.1895251122845827e+00 3.0293062004713760e-02
1953 2.1585071286086910e+00 2.9863914287940344e-02
1954 2.1621112591567249e+00 2.9913779050647151e-02
1955 2.1328488979314089e+00 2.9508921157933649e-02
1956 2.1227924581793487e+00 2.9369785803309671e-02
1957 2.1118376392277938e+00 2.9218220969507144e-02
1958 2.0896176447922556e+00 2.8910797380070522e-02
1959 2.0789700604558830e+00 2.8763483274974185e-02
1960 2.0684048445673859e+00 2.8617308774299254e-02
1961 2.0419482355711382e+00 2.8251269722149926e-02
1962 2.0425553234656748e+00 2.8259669055470345e-02
1963 2.0168483388865708e+00 2.7904001393364169e-02
1964 2.0052436839129606e+00 2.7743445786723019e-02
1965 1.9976791470137802e+00 2.7638787025771556e-02
1966 1.9718877639617514e+00 2.7281951672936889e-02
1967 1.9683737982039489e+00 2.7233334380544896e-02
1968 1.9504142439904637e+00 2.6984855892532283e-02
1969 1.9329978514041799e+00 2.6743892289258404e-02
1970 1.9272459663434223e+00 2.6664312379527336e-02
1971 1.9071159715400225e+00 2.6385804872437052e-02
1972 1.8932787313305748e+00 2.6194360447667906e-02
1973 1.8886188486215145e+00 2.6129888880272650e-02
1974 1.8605299748204283e+00 2.5741266712422269e-02
1975 1.8623253349675861e+00 2.5766106325338104e-02
1976 1.8391234409212576e+00 2.5445097714370923e-02
1977 1.8281879240191456e+00 2.5293799933080067e-02
1978 1.8192234675609986e+00 2.5169772657118908e-02
1979 1.8006366523655311e+00 2.4912615732072749e-02
1980 1.7896038918351058e+00 2.4759972541567112e-02
1981 1.7818543997125351e+00 2.4652754842141356e-02
1982 1.7579729912900393e+00 2.4322344844994664e-02
1983 1.7585547851338892e+00 2.4330394223778591e-02
1984 1.7361020935862079e+00 2.4019751165422924e-02
1985 1.7264417489179809e+00 2.3886095963945850e-02
1986 1.7187311741365219e+00 2.3779416703390122e-02
1987 1.6975476314601987e+00 2.3486332888925997e-02
1988 1.6935315900124015e+00 2.3430769154164956e-02
1989 1.6781412026824201e+00 2.3217836242344077e-02
1990 1.6631641062674338e+00 2.3010621395707150e-02
1991 1.6581961954648012e+00 2.2941888121476278e-02
1992 1.6397602599353545e+00 2.2686818684284158e-02
1993 1.6297040572079511e+00 2.2547686609002620e-02
1994 1.6232084233170567e+00 2.2457816600610036e-02
1995 1.6007055132481609e+00 2.2146478746488656e-02
1996 1.6018815521182537e+00 2.2162749771749701e-02
1997 1.5804857827435852e+00 2.1866729705723096e-02
1998 1.5732465077384215e+00 2.1766571088966343e-02
1999 1.5636474121121069e+00 2.1633763295456403e-02
2000 1.5478208531560664e+00 2.1414795753551232e-02
