# step 14
# iter abs_residual rel_residual
0 7.2278104865856122e+01 1.0000000000000000e+00
1 1.1546600861378695e+03 1.5975240195918946e+01
2 1.1527745212178302e+03 1.5949152559510399e+01
3 1.1585072720811820e+03 1.6028467739038025e+01
4 1.2484330970660308e+03 1.7272631862485170e+01
5 1.4402468346335761e+03 1.9926460956697589e+01
6 1.2677694538265769e+03 1.7540159031279000e+01
7 1.4124522130187727e+03 1.9541909899826514e+01
8 1.3004236603872573e+03 1.7991944625564916e+01
9 1.3783981910459786e+03 1.9070757231449328e+01
10 1.3232324643110408e+03 1.8307514658372433e+01
11 1.3547601259457469e+03 1.8743713998313893e+01
12 1.3364428175015662e+03 1.8490285820054702e+01
13 1.3388396176531587e+03 1.8523446625198126e+01
14 1.3429152194656554e+03 1.8579834404319627e+01
15 1.3277325809218069e+03 1.8369775790137272e+01
16 1.3450051727472364e+03 1.8608749845385216e+01
17 1.3195692023741817e+03 1.8256831786378793e+01
18 1.3443069584332959e+03 1.8599089737179053e+01
19 1.3132163294672710e+03 1.8168936940232765e+01
20 1.3418458874574790e+03 1.8565039716354839e+01
21 1.3079856800722671e+03 1.8096568559729270e+01
22 1.3382737217490414e+03 1.8515617201541161e+01
23 1.3034526903324424e+03 1.8033852613479191e+01
24 1.3340055733933307e+03 1.8456565454630638e+01
25 1.2993510853089017e+03 1.7977105068269573e+01
26 1.3293075319949801e+03 1.8391565944653586e+01
27 1.2955114809360291e+03 1.7923982419578124e+01
28 1.3243513570097500e+03 1.8322995040720389e+01
29 1.2918249965133693e+03 1.7872978254077356e+01
30 1.3192485335172257e+03 1.8252395188911951e+01
31 1.2882212246107088e+03 1.7823118453390151e+01
32 1.3140716232903849e+03 1.8180770313903828e+01
33 1.2846546044781953e+03 1.7773772664106758e+01
34 1.3088677968893101e+03 1.8108773041552364e+01
35 1.2810958289395528e+03 1.7724535408298138e+01
36 1.3036675101262917e+03 1.8036824741681059e+01
37 1.2775263299625781e+03 1.7675149788910364e+01
38 1.2984901357272861e+03 1.7965193444642839e+01
39 1.2739346838591985e+03 1.7625457754095045e+01
40 1.2933476589185532e+03 1.7894044971418797e+01
41 1.2703142383666820e+03 1.7575367266813512e+01
42 1.2882471279999088e+03 1.7823476838398282e+01
43 1.2666615286039982e+03 1.7524830388882595e+01
44 1.2831922934618310e+03 1.7753540935299284e+01
45 1.2629752087374532e+03 1.7473828500089486e+01
46 1.2781847130465089e+03 1.7684258814183686e+01
47 1.2592553284023018e+03 1.7422362287160198e+01
48 1.2732245007394999e+03 1.7615632052092803e+01
49 1.2555028382763740e+03 1.7370444903148925e+01
50 1.2683108376846158e+03 1.7547649319783986e+01
51 1.2517192522214154e+03 1.7318097293011931e+01
52 1.2634423194672981e+03 1.7480291186551892e+01
53 1.2479064168609636e+03 1.7265345005614133e+01
54 1.2586171941768948e+03 1.7413533413926856e+01
55 1.2440663539074460e+03 1.7212216012253773e+01
56 1.2538335239641592e+03 1.7347349190895361e+01
57 1.2402011533655875e+03 1.7158739229083654e+01
58 1.2490892942220917e+03 1.7281710644465946e+01
59 1.2363129023425624e+03 1.7104943532167674e+01
60 1.2443824862327599e+03 1.7216589844770557e+01
61 1.2324036388406864e+03 1.7050857118181980e+01
62 1.2397111252386044e+03 1.7151959470152612e+01
63 1.2284753213122574e+03 1.6996507083192547e+01
64 1.2350733099325066e+03 1.7087793215175321e+01
65 1.2245298121523927e+03 1.6941919194271176e+01
66 1.2304672309081654e+03 1.7024066045890933e+01
67 1.2205688672012905e+03 1.6887117744254557e+01
68 1.2258911806655137e+03 1.6960754338270146e+01
69 1.2165941326622856e+03 1.6832125509104205e+01
70 1.2213435565418629e+03 1.6897835918755813e+01
71 1.2126071450105112e+03 1.6776963746642750e+01
72 1.2168228618946794e+03 1.6835290080627189e+01
73 1.2086093333566319e+03 1.6721652229257245e+01
74 1.2123277032808519e+03 1.6773097544973822e+01
75 1.2046020237638688e+03 1.6666209303627134e+01
76 1.2078567863308012e+03 1.6711240403612017e+01
77 1.2005864443536248e+03 1.6610651961362876e+01
78 1.2034089109067331e+03 1.6649702052097087e+01
79 1.1965637310934828e+03 1.6554995919085513e+01
80 1.1989829658827766e+03 1.6588467117504226e+01
81 1.1925349333511826e+03 1.6499255695268392e+01
82 1.1945779226395352e+03 1.6527521368422722e+01
83 1.1885010204011664e+03 1.6443444700258176e+01
84 1.1901928302453739e+03 1.6466851648286866e+01
85 1.1844628864376070e+03 1.6387575305632321e+01
86 1.1858268092535591e+03 1.6406445789556649e+01
87 1.1804213570132595e+03 1.6331658933283482e+01
88 1.1814790463263009e+03 1.6346292539338933e+01
89 1.1763771933484411e+03 1.6275706115036186e+01
90 1.1771487897145532e+03 1.6286381496848481e+01
91 1.1723310979319947e+03 1.6219726570138658e+01
92 1.1728353439135233e+03 1.6226703039464525e+01
93 1.1682837191195574e+03 1.6163729268881948e+01
94 1.1685380650349209e+03 1.6167248258703772e+01
95 1.1642356550284080e+03 1.6107722486486889e+01
96 1.1642563576280822e+03 1.6108008916239200e+01
97 1.1601874578314073e+03 1.6051713862512671e+01
98 1.1599896696470837e+03 1.6048977374267846e+01
99 1.1561396376416621e+03 1.5995710454602937e+01
100 1.1557374897015955e+03 1.5990146557475127e+01
101 1.1520926651012505e+03 1.5939718774301930e+01
102 1.1514993435948945e+03 1.5931509905136680e+01
103 1.1480469756749080e+03 1.5883744846459591e+01
104 1.1472747910228941e+03 1.5873061325447978e+01
105 1.1440029715493408e+03 1.5827794235509392e+01
106 1.1430634233253384e+03 1.5814795164411080e+01
107 1.1399610245689205e+03 1.5771872086084999e+01
108 1.1388648605549317e+03 1.5756706165284735e+01
109 1.1359214789406774e+03 1.5715983160445067e+01
110 1.1346787494185071e+03 1.5698789440099510e+01
111 1.1318846530361334e+03 1.5660131863402398e+01
112 1.1305047609295900e+03 1.5641040437179971e+01
113 1.1278508414128185e+03 1.5604322270292542e+01
114 1.1263425889393482e+03 1.5583454920819705e+01
115 1.1238203171241237e+03 1.5548558158931638e+01
116 1.1221919476065282e+03 1.5526028936276759e+01
117 1.1197933329694949e+03 1.5492843026913405e+01
118 1.1180525705880052e+03 1.5468758798574541e+01
119 1.1157701230378129e+03 1.5437180112962510e+01
120 1.1139242088631374e+03 1.5411641062400774e+01
121 1.1117509047650040e+03 1.5381572425402517e+01
122 1.1098066298820572e+03 1.5354672510323736e+01
123 1.1077358792216014e+03 1.5326022746134441e+01
124 1.1056996160706765e+03 1.5297850132108326e+01
125 1.1037252332580376e+03 1.5270533660317827e+01
126 1.1016029635284146e+03 1.5241171106698555e+01
127 1.0997191401709381e+03 1.5215107565589214e+01
128 1.0975164815387391e+03 1.5184632795445655e+01
129 1.0957177605378620e+03 1.5159746683611159e+01
130 1.0934399909822075e+03 1.5128232720151798e+01
131 1.0917212434622054e+03 1.5104453077296027e+01
132 1.0893733238465816e+03 1.5071968556292308e+01
133 1.0877297275729086e+03 1.5049228664637383e+01
134 1.0853163221724380e+03 1.5015838118427714e+01
135 1.0837433411629186e+03 1.4994075220625692e+01
136 1.0812688376657627e+03 1.4959839354843815e+01
137 1.0797622035098682e+03 1.4938994395520508e+01
138 1.0772307304128080e+03 1.4903970329771159e+01
139 1.0757864254682479e+03 1.4883987723043427e+01
140 1.0732018690351065e+03 1.4848229225529717e+01
141 1.0718161096181013e+03 1.4829056622435363e+01
142 1.0691821292806721e+03 1.4792614323037533e+01
143 1.0678513515664565e+03 1.4774202416462431e+01
144 1.0651713940585071e+03 1.4737124002288136e+01
145 1.0638922397448848e+03 1.4719426328615087e+01
146 1.0611695529596559e+03 1.4681756735724099e+01
147 1.0599388563540185e+03 1.4664729496175948e+01
148 1.0571765012061064e+03 1.4626511073694632e+01
149 1.0559912776315482e+03 1.4610112973927656e+01
150 1.0531921400287840e+03 1.4571385649685284e+01
151 1.0520495743080717e+03 1.4555577740459761e+01
152 1.0492163757976766e+03 1.4516379168282842e+01
153 1.0481138117873895e+03 1.4501124700663176e+01
154 1.0452491196619803e+03 1.4461490400196585e+01
155 1.0441840510078689e+03 1.4446754697647547e+01
156 1.0412902872548568e+03 1.4406718178173458e+01
157 1.0402603481802976e+03 1.4392468509114332e+01
158 1.0373397988356653e+03 1.4352061398965931e+01
159 1.0363427553315248e+03 1.4338266854878327e+01
160 1.0333975780987835e+03 1.4297519006851495e+01
161 1.0324313207325231e+03 1.4284150402790090e+01
162 1.0294635529006334e+03 1.4243090003691391e+01
163 1.0285260887812437e+03 1.4230119767115189e+01
164 1.0255376543571560e+03 1.4188773436443762e+01
165 1.0246271007397524e+03 1.4176175518732812e+01
166 1.0216198166672415e+03 1.4134568394720743e+01
167 1.0207343943711140e+03 1.4122318180111897e+01
168 1.0177099774251591e+03 1.4080474015111056e+01
169 1.0168480047055116e+03 1.4068548235910740e+01
170 1.0138080767339893e+03 1.4026489468913955e+01
171 1.0129679638416980e+03 1.4014866130229985e+01
172 1.0099140573874281e+03 1.3972613964654562e+01
173 1.0090943013373659e+03 1.3961272272013566e+01
174 1.0060278647994240e+03 1.3918846747110376e+01
175 1.0052270441523616e+03 1.3907767034263051e+01
176 1.0021494466763357e+03 1.3865187092775409e+01
177 1.0013662172120731e+03 1.3854350761832363e+01
178 9.9827875258078416e+02 1.3811634303825901e+01
179 9.9751184302347519e+02 1.3801023766115589e+01
180 9.9441573466865259e+02 1.3758187718317037e+01
181 9.9366394212754324e+02 1.3747786331306342e+01
182 9.9056034660615990e+02 1.3704846695200175e+01
183 9.8982253330333401e+02 1.3694638717221293e+01
184 9.8671254400102202e+02 1.3651610620288150e+01
185 9.8598763319868658e+02 1.3641581154190764e+01
186 9.8287228417707729e+02 1.3598478903137126e+01
187 9.8215925726914179e+02 1.3588613856049092e+01
188 9.7903952592936264e+02 1.3545450973657957e+01
189 9.7833741900583198e+02 1.3535737009452147e+01
190 9.7521422962001714e+02 1.3492526283443055e+01
191 9.7452213052825095e+02 1.3482950782078559e+01
192 9.7139635705403032e+02 1.3439704304047323e+01
193 9.7071340264286152e+02 1.3430255323440592e+01
194 9.6758587121876280e+02 1.3386984523384292e+01
195 9.6691124481525242e+02 1.3377650764498908e+01
196 9.6378273645715910e+02 1.3334366448122605e+01
197 9.6311566501937364e+02 1.3325137215576683e+01
198 9.5998691832984184e+02 1.3281849601778029e+01
199 9.5932667049196971e+02 1.3272714776797526e+01
200 9.5619838332109975e+02 1.3229433520645669e+01
201 9.5554426703105162e+02 1.3220383528379516e+01
202 9.5241709908759037e+02 1.3177117757240870e+01
203 9.5176845944847776e+02 1.3168143536896874e+01
204 9.4864303431861322e+02 1.3124901878366048e+01
205 9.4799925167839933e+02 1.3115994856780345e+01
206 9.4487615845305379e+02 1.3072785461194478e+01
207 9.4423664670550932e+02 1.3063937529324496e+01
208 9.4111644192880124e+02 1.3020768096721097e+01
209 9.4048064648035074e+02 1.3011971581515967e+01
210 9.3736385591080830e+02 1.2968849386000091e+01
211 9.3673125252242062e+02 1.2960097034377677e+01
212 9.3361837237373788e+02 1.2917028941288351e+01
213 9.3298846505070196e+02 1.2908313890939356e+01
214 9.2987996415028590e+02 1.2865306386714041e+01
215 9.2925228388022390e+02 1.2856622148641847e+01
216 9.2614860447720389e+02 1.2813681351995612e+01
217 9.2552270815709278e+02 1.2805021795671152e+01
218 9.2242426759983027e+02 1.2762153480805772e+01
219 9.2179973606100737e+02 1.2753512806842584e+01
220 9.1870692806258933e+02 1.2710722420955211e+01
221 9.1808336550501292e+02 1.2702095153282190e+01
222 9.1499656116437325e+02 1.2659387830693024e+01
223 9.1437359358924994e+02 1.2650768794869112e+01
224 9.1129314270198881e+02 1.2608149375157177e+01
225 9.1067041698656385e+02 1.2599533685570673e+01
226 9.0759664895822334e+02 1.2557006726209396e+01
227 9.0697383169630280e+02 1.2548389770036064e+01
228 9.0390705672276829e+02 1.2505959562724648e+01
229 9.0328383340434107e+02 1.2497336988577416e+01
230 9.0022434340071766e+02 1.2455007572092278e+01
231 8.9960041707956248e+02 1.2446375271586984e+01
232 8.9654848648553912e+02 1.2404150442924312e+01
233 8.9592357756801539e+02 1.2395504547757533e+01
234 8.9287946419114542e+02 1.2353387873800465e+01
235 8.9225330891276610e+02 1.2344724734672212e+01
236 8.8921725518753533e+02 1.2302719569610602e+01
237 8.8858960491796824e+02 1.2294035746608712e+01
238 8.8556183822251182e+02 1.2252145236321041e+01
239 8.8493245909180075e+02 1.2243437493749774e+01
240 8.8191319253412678e+02 1.2201664586680923e+01
241 8.8128186446997449e+02 1.2192929879741332e+01
242 8.7827129783011515e+02 1.2151277339937657e+01
243 8.7763781374393363e+02 1.2142512803466241e+01
244 8.7463613380768845e+02 1.2100983215193056e+01
245 8.7400029932385576e+02 1.2092186159915904e+01
246 8.7100768085863933e+02 1.2050781941158778e+01
247 8.7036931317407846e+02 1.2041949837913325e+01
248 8.6738591940051504e+02 1.2000673246902805e+01
249 8.6674484724791978e+02 1.1991803726129051e+01
250 8.6377083001671031e+02 1.1950656863787696e+01
251 8.6312689282845213e+02 1.1941747703960480e+01
252 8.6016239401396570e+02 1.1900732533183820e+01
253 8.5951544117859260e+02 1.1891781650526148e+01
254 8.5656059241084370e+02 1.1850899992474476e+01
255 8.5591048331007346e+02 1.1841905441469343e+01
256 8.5296540675047095e+02 1.1801158986300543e+01
257 8.5231200980384278e+02 1.1792118946473256e+01
258 8.4937681872957239e+02 1.1751509261428000e+01
259 8.4872001123186271e+02 1.1742422035096752e+01
260 8.4579481023156598e+02 1.1701950567205810e+01
261 8.4513447783955087e+02 1.1692814572380811e+01
262 8.4221936322637350e+02 1.1652482654179751e+01
263 8.4155539961814065e+02 1.1643296419849657e+01
264 8.3865046014452082e+02 1.1603105279268270e+01
265 8.3798276641672203e+02 1.1593867437060897e+01
266 8.3508808331580394e+02 1.1553818197996170e+01
267 8.3441656792181334e+02 1.1544527481322884e+01
268 8.3153221536579213e+02 1.1504621169980405e+01
269 8.3085679340729143e+02 1.1495276404234898e+01
270 8.2798283914108356e+02 1.1455513957895972e+01
271 8.2730343237497641e+02 1.1446114060549908e+01
272 8.2443993739740858e+02 1.1406496323160662e+01
273 8.2375647376973757e+02 1.1397040297315220e+01
274 8.2090349336874408e+02 1.1357568033809025e+01
275 8.2021590649232189e+02 1.1348054960967696e+01
276 8.1737349013223991e+02 1.1308728855705841e+01
277 8.1668171944125493e+02 1.1299157897913453e+01
278 8.1384991106153348e+02 1.1259978558817926e+01
279 8.1315390119612368e+02 1.1250348950145955e+01
280 8.1033273950806426e+02 1.1211316912804975e+01
281 8.0963244025208223e+02 1.1201627958490501e+01
282 8.0682195905959406e+02 1.1162743690596313e+01
283 8.0611732500813434e+02 1.1152994762442102e+01
284 8.0331755331734644e+02 1.1114258665307512e+01
285 8.0260854365155626e+02 1.1104449198566428e+01
286 7.9981950615090909e+02 1.1065861613767083e+01
287 7.9910608422853443e+02 1.1055991101477106e+01
288 7.9632780127050808e+02 1.1017552310598697e+01
289 7.9560993485050415e+02 1.1007620306690512e+01
290 7.9284242268330456e+02 1.0969330534534256e+01
291 7.9212008323741532e+02 1.0959336644306644e+01
292 7.8936335448684895e+02 1.0921196065556236e+01
293 7.8863651723757357e+02 1.0911139946201359e+01
294 7.8589058052044766e+02 1.0873148680074193e+01
295 7.8515922454651923e+02 1.0863030042136941e+01
296 7.8242408521900825e+02 1.0825188162738092e+01
297 7.8168819265071863e+02 1.0815006758983037e+01
298 7.7896385265466677e+02 1.0777314293178792e+01
299 7.7822340903079998e+02 1.0767069923528522e+01
300 7.7550986720733795e+02 1.0729526855285405e+01
301 7.7476486104593459e+02 1.0719219360881864e+01
302 7.7206211320779391e+02 1.0681825632267136e+01
303 7.7131253598543947e+02 1.0671454895185061e+01
304 7.6862057518491861e+02 1.0634210410074155e+01
305 7.6786642093976081e+02 1.0623776347828645e+01
306 7.6518523749901772e+02 1.0586680972324277e+01
307 7.6442650311436512e+02 1.0576183541794508e+01
308 7.6175608487476575e+02 1.0539237107676520e+01
309 7.6099276934460136e+02 1.0528676294943798e+01
310 7.5833310178019462e+02 1.0491878601239144e+01
311 7.5756520684231430e+02 1.0481254430346651e+01
312 7.5491627275111694e+02 1.0444605239058173e+01
313 7.5414380217520261e+02 1.0433917762161153e+01
314 7.5150558279721668e+02 1.0397416813735868e+01
315 7.5072854235773912e+02 1.0386666110726710e+01
316 7.4810101621071556e+02 1.0350313107948066e+01
317 7.4731941401487211e+02 1.0339499290993485e+01
318 7.4470255811176810e+02 1.0303293915825435e+01
319 7.4391640374185886e+02 1.0292417117500849e+01
320 7.4131019305008840e+02 1.0256359023606334e+01
321 7.4051949826442501e+02 1.0245419406593259e+01
322 7.3792390604311026e+02 1.0209508224000245e+01
323 7.3712868386744856e+02 1.0198505968515855e+01
324 7.3454368180094514e+02 1.0162741305464699e+01
325 7.3374394726655453e+02 1.0151676619473349e+01
326 7.3116950527459721e+02 1.0116058059790092e+01
327 7.3036527465399831e+02 1.0104931168429401e+01
328 7.2780136135957525e+02 1.0069458277999008e+01
329 7.2699265252643761e+02 1.0058269428559214e+01
330 7.2443923489248789e+02 1.0022941750299129e+01
331 7.2362606703462848e+02 1.0011691208252286e+01
332 7.2108311096939917e+02 9.9765082704878143e+00
333 7.2026550458558813e+02 9.9651963194436028e+00
334 7.1773297436752284e+02 9.9301576279509920e+00
335 7.1691095112978167e+02 9.9187845677515458e+00
336 7.1438881029577544e+02 9.8838896180473839e+00
337 7.1356239292184307e+02 9.8724557630028151e+00
338 7.1105060356746947e+02 9.8377040306623602e+00
339 7.1021981597198112e+02 9.8262097116423703e+00
340 7.0771833938503914e+02 9.7916006610649582e+00
341 7.0688320629247301e+02 9.7800462201437952e+00
342 7.0439200252545015e+02 9.7455792986376704e+00
343 7.0355254992706796e+02 9.7339650954160977e+00
344 7.0107157832183407e+02 9.6996397404577959e+00
345 7.0022783260935182e+02 9.6879661400770427e+00
346 6.9775705161105748e+02 9.6537817767365812e+00
347 6.9690904045456023e+02 9.6420491620246835e+00
348 6.9444840746826151e+02 9.6080052009819106e+00
349 6.9359615905949136e+02 9.5962139619842652e+00
350 6.9114563108409686e+02 9.5623098082997906e+00
351 6.9028917439886743e+02 9.5504603459097783e+00
352 6.8784870735898346e+02 9.5166953897807627e+00
353 6.8698807203216620e+02 9.5047881140101182e+00
354 6.8455762145376752e+02 9.4711617401184753e+00
355 6.8369283784338973e+02 9.4591970709841267e+00
356 6.8127235837477031e+02 9.4257086518686588e+00
357 6.8040345729356386e+02 9.4136870156785708e+00
358 6.7799290332394025e+02 9.3803359202936338e+00
359 6.7711991611848430e+02 9.3682577507417868e+00
360 6.7471924113648652e+02 9.3350433355817142e+00
361 6.7384219985763650e+02 9.3229090761060718e+00
362 6.7145135713430273e+02 9.2898306946547180e+00
363 6.7057029403785430e+02 9.2776407915286789e+00
364 6.6818923610150614e+02 9.2446977869940792e+00
365 6.6730418422509501e+02 9.2324526973081547e+00
366 6.6493286331235151e+02 9.1996444088625111e+00
367 6.6404385568444468e+02 9.1873445895803538e+00
368 6.6168222374417360e+02 9.1546703524146977e+00
369 6.6078929407941393e+02 9.1423162699935165e+00
370 6.5843730240069010e+02 9.1097754101703519e+00
371 6.5754048451799906e+02 9.0973675325100896e+00
372 6.5519808440976317e+02 9.0649593763667706e+00
373 6.5429741253194845e+02 9.0524981769553268e+00
374 6.5196455475562061e+02 9.0202220432540141e+00
375 6.5106006326581644e+02 9.0077079977974694e+00
376 6.4873669848632073e+02 8.9755632039652617e+00
377 6.4782842214563527e+02 8.9629967933991406e+00
378 6.4551450051031452e+02 8.9309826497021625e+00
379 6.4460247421634051e+02 8.9183643568503150e+00
380 6.4229794603036271e+02 8.8864801757382761e+00
381 6.4138220481011638e+02 8.8738104852151807e+00
382 6.3908701979079717e+02 8.8420555710045914e+00
383 6.3816759899373221e+02 8.8293349718857943e+00
384 6.3588170697869236e+02 8.7977086305576382e+00
385 6.3495864190037628e+02 8.7849376111731470e+00
386 6.3268199236847636e+02 8.7534391437447976e+00
387 6.3175531872014278e+02 8.7406181981755502e+00
388 6.2948786104012379e+02 8.7092469041408318e+00
389 6.2855761424822288e+02 8.6963765225276521e+00
390 6.2629929790275617e+02 8.6651317029566641e+00
391 6.2536551372865995e+02 8.6522123800741770e+00
392 6.2311628782799460e+02 8.6210933308843867e+00
393 6.2217900199727603e+02 8.6081255610119189e+00
394 6.1993881576167246e+02 8.5771315796428560e+00
395 6.1899806409281337e+02 8.5641158583451666e+00
396 6.1676686648557063e+02 8.5332462386811798e+00
397 6.1582268482160475e+02 8.5201830618627206e+00
398 6.1360042500914767e+02 8.4894371005984972e+00
399 6.1265284917871929e+02 8.4763269639646293e+00
400 6.1043947597617296e+02 8.4457039529344673e+00
401 6.0948854185646451e+02 8.4325473528621036e+00
402 6.0728400446836304e+02 8.4020465892879468e+00
403 6.0632974771139368e+02 8.3888440190387641e+00
404 6.0413399501864706e+02 8.3584647956650766e+00
405 6.0317645159749384e+02 8.3452167529427275e+00
406 6.0098943263404226e+02 8.3149583646312113e+00
407 6.0002863802421609e+02 8.3016653402553047e+00
408 5.9785030188833230e+02 8.2715270827577321e+00
409 5.9688629199276352e+02 8.2581895734614115e+00
410 5.9471658763840492e+02 8.2281707405328852e+00
411 5.9374939782205831e+02 8.2147892356063021e+00
412 5.9158827462906356e+02 8.1848891268941859e+00
413 5.9061794040793882e+02 8.1714641177171252e+00
414 5.8846534736958722e+02 8.1416820275205612e+00
415 5.8749190419122249e+02 8.1282140045256117e+00
416 5.8534779073115271e+02 8.0985492330979554e+00
417 5.8437127383905624e+02 8.0850386838948634e+00
418 5.8223558916512536e+02 8.0554905285040341e+00
419 5.8125603374040031e+02 8.0419379398391406e+00
420 5.7912872749879375e+02 8.0125057038175296e+00
421 5.7814616845465014e+02 7.9989115587307547e+00
422 5.7602719012515638e+02 7.9695945431085766e+00
423 5.7504166241426162e+02 7.9559593251857512e+00
424 5.7293096180067062e+02 7.9267568354759232e+00
425 5.7194249998077487e+02 7.9130810228390223e+00
426 5.6984002684588245e+02 7.8839923639872929e+00
427 5.6884866567986342e+02 7.8702764375963206e+00
428 5.6675436994369784e+02 7.8413009167238181e+00
429 5.6576014365862261e+02 7.8275453501256003e+00
430 5.6367397543303855e+02 7.7986822770074564e+00
431 5.6267691846724438e+02 7.7848875466718361e+00
432 5.6059882782347131e+02 7.7561362305211174e+00
433 5.5959897410879330e+02 7.7423028059102519e+00
434 5.5752891157835802e+02 7.7136625623084418e+00
435 5.5652629506087249e+02 7.6997909130815243e+00
436 5.5446421094463767e+02 7.6712610544187676e+00
437 5.5345886535471266e+02 7.6573516472505680e+00
438 5.5140471043076786e+02 7.6289314925196550e+00
439 5.5039666927356473e+02 7.6149847909691095e+00
440 5.4835039423317357e+02 7.5866736579615557e+00
441 5.4733969080238660e+02 7.5726901226618573e+00
442 5.4530124683541089e+02 7.5444873360675091e+00
443 5.4428791409833104e+02 7.5304674231359154e+00
444 5.4225725228159183e+02 7.5023723060806473e+00
445 5.4124132322701803e+02 7.4883164719319888e+00
446 5.3921839499925625e+02 7.4603283525489994e+00
447 5.3819990213776509e+02 7.4462370469816861e+00
448 5.3618465897358965e+02 7.4183552539004252e+00
449 5.3516363495167184e+02 7.4042289285932972e+00
450 5.3315602852917914e+02 7.3764527932585553e+00
451 5.3213250538080786e+02 7.3622918914159996e+00
452 5.3013248771525969e+02 7.3346207499374003e+00
453 5.2910649755214513e+02 7.3204257158393320e+00
454 5.2711402066155006e+02 7.2928589043645022e+00
455 5.2608559507379096e+02 7.2786301750741060e+00
456 5.2410061143462667e+02 7.2511670360937979e+00
457 5.2306978198850288e+02 7.2369050483447150e+00
458 5.2109224398854349e+02 7.2095449231224285e+00
459 5.2005904192471348e+02 7.1952501091431804e+00
460 5.1808890236637308e+02 7.1679923446791438e+00
461 5.1705335874227058e+02 7.1536651341632567e+00
462 5.1509057042407528e+02 7.1265090774039086e+00
463 5.1405271604066149e+02 7.1121498964964962e+00
464 5.1209723220752744e+02 7.0850949005642798e+00
465 5.1105709750895318e+02 7.0707041704738227e+00
466 5.0910887144241673e+02 7.0437495889978381e+00
467 5.0806648679347541e+02 7.0293277298348746e+00
468 5.0612547205606938e+02 7.0024729203319351e+00
469 5.0508086741943481e+02 6.9880203466434958e+00
470 5.0314701773696430e+02 6.9612646688893589e+00
471 5.0210022304770376e+02 6.9467817948405264e+00
472 5.0017349229709993e+02 6.9201246107018477e+00
473 4.9912453696193626e+02 6.9056118431478222e+00
474 4.9720487948227679e+02 6.8790525208852609e+00
475 4.9615379279977600e+02 6.8645102651848440e+00
476 4.9424116285535052e+02 6.8380481720243331e+00
477 4.9318797383078629e+02 6.8234768294784978e+00
478 4.9128232618234671e+02 6.7971113395147480e+00
479 4.9022706350963193e+02 6.7825113071166472e+00
480 4.8832835285357163e+02 6.7562417935539418e+00
481 4.8727104513164790e+02 6.7416134669827619e+00
482 4.8537922662346983e+02 6.7154393093773681e+00
483 4.8431990193302300e+02 6.7007830771419927e+00
484 4.8243493076890201e+02 6.6747036556128947e+00
485 4.8137361725312070e+02 6.6600199070869612e+00
486 4.7949544893978731e+02 6.6340346060498190e+00
487 4.7843217406555931e+02 6.6193237212500389e+00
488 4.7656076444453583e+02 6.5934319297525077e+00
489 4.7549555577655292e+02 6.5786942900487562e+00
490 4.7363086062696783e+02 6.5528953962752432e+00
491 4.7256374523831806e+02 6.5381313762358371e+00
492 4.7070572087672434e+02 6.5124247758062594e+00
493 4.6963672571454129e+02 6.4976347482568784e+00
494 4.6778532833990965e+02 6.4720198351643488e+00
495 4.6671448003068036e+02 6.4572041684943837e+00
496 4.6486966643850451e+02 6.4316803449851800e+00
497 4.6379699120271562e+02 6.4168394019668247e+00
498 4.6195871815665754e+02 6.3914060698468163e+00
499 4.6088424215319009e+02 6.3765402123999229e+00
500 4.5905246676027286e+02 6.3511967782255363e+00
501 4.5797621573599571e+02 6.3363063625695837e+00
502 4.5615089517832570e+02 6.3110522339360546e+00
503 4.5507289478061875e+02 6.2961376149140476e+00
504 4.5325398659888782e+02 6.2709722043778040e+00
505 4.5217426198570757e+02 6.2560337300613540e+00
506 4.5036172384860629e+02 6.2309564519497425e+00
507 4.4928030019079313e+02 6.2159944705887176e+00
508 4.4747408998228354e+02 6.1910047422074630e+00
509 4.4639099185236176e+02 6.1760195937737574e+00
510 4.4459106782665754e+02 6.1511168375511813e+00
511 4.4350631979762147e+02 6.1361088620231934e+00
512 4.4171264018994918e+02 6.1112925001249225e+00
513 4.4062626640700825e+02 6.0962620315624552e+00
514 4.3883878989275161e+02 6.0715314922438877e+00
515 4.3775081434496042e+02 6.0564788625462711e+00
516 4.3596949957197097e+02 6.0318335736818849e+00
517 4.3487994591592377e+02 6.0167591101487119e+00
518 4.3310475206303664e+02 5.9921985069593813e+00
519 4.3201364359057715e+02 5.9771025318437561e+00
520 4.3024452980870183e+02 5.9526260491639915e+00
521 4.2915188970139741e+02 5.9375088831932974e+00
522 4.2738881550172903e+02 5.9131159608423234e+00
523 4.2629466656063789e+02 5.8979779194794260e+00
524 4.2453759149854437e+02 5.8736679978876172e+00
525 4.2344195642501768e+02 5.8585093952158935e+00
526 4.2169084041876818e+02 5.8342819198345248e+00
527 4.2059374137835562e+02 5.8191030625242961e+00
528 4.1884854450613597e+02 5.7949574810171631e+00
529 4.1775000369911578e+02 5.7797586762192372e+00
530 4.1601068621512735e+02 5.7556944386853877e+00
531 4.1491072525545428e+02 5.7404759854385228e+00
532 4.1317724778662745e+02 5.7164925471338783e+00
533 4.1207588825489597e+02 5.7012547440152783e+00
534 4.1034821139129593e+02 5.6773515596857154e+00
535 4.0924547452732031e+02 5.6620947005577369e+00
536 4.0752355923986363e+02 5.6382712302183791e+00
537 4.0641946608957801e+02 5.6229956062609618e+00
538 4.0470327336733516e+02 5.5992513101781025e+00
539 4.0359784463527359e+02 5.5839572078477602e+00
540 4.0188733594720918e+02 5.5602915529272421e+00
541 4.0078059203837103e+02 5.5449792545362948e+00
542 3.9907572879713331e+02 5.5213917069047982e+00
543 3.9796768999530309e+02 5.5060614930885023e+00
544 3.9626843397112168e+02 5.4825515238200060e+00
545 3.9515912015950022e+02 5.4672036696713633e+00
546 3.9346543316809090e+02 5.4437707504691693e+00
547 3.9235486417382680e+02 5.4284055303056737e+00
548 3.9066670834657185e+02 5.4050491372404696e+00
549 3.8955490346036993e+02 5.3896668179576750e+00
550 3.8787224110858693e+02 5.3663864295896362e+00
551 3.8675921961367169e+02 5.3509872779796019e+00
552 3.8508201321460450e+02 5.3277823751645661e+00
553 3.8396779387941280e+02 5.3123666508970349e+00
554 3.8229600622856447e+02 5.2892367188940996e+00
555 3.8118060777478348e+02 5.2738046809920114e+00
556 3.7951420163483351e+02 5.2507492046061444e+00
557 3.7839764244434025e+02 5.2353011073910123e+00
558 3.7673658095531130e+02 5.2123195766478947e+00
559 3.7561887921055165e+02 5.1968556716820125e+00
560 3.7396312552923888e+02 5.1739475768393799e+00
561 3.7284429908902922e+02 5.1584681112074833e+00
562 3.7119381680988391e+02 5.1356329485782402e+00
563 3.7007388322406337e+02 5.1201381650902240e+00
564 3.6842863591364255e+02 5.0973754306013452e+00
565 3.6730761260705799e+02 5.0818655703377829e+00
566 3.6566756416332316e+02 5.0591747645013729e+00
567 3.6454546818731899e+02 5.0436500633752610e+00
568 3.6291058250864012e+02 5.0210306867090750e+00
569 3.6178743088484981e+02 5.0054913802223489e+00
570 3.6015767215516865e+02 4.9829429371951566e+00
571 3.5903348138443488e+02 4.9673892536443747e+00
572 3.5740881398292140e+02 4.9449112514260163e+00
573 3.5628360053791062e+02 4.9293434187179068e+00
574 3.5466398895923044e+02 4.9069353660761550e+00
575 3.5353776886538645e+02 4.8913536059299227e+00
576 3.5192317786811122e+02 4.8690150152838090e+00
577 3.5079596711092489e+02 4.8534195488658902e+00
578 3.4918636144197529e+02 4.8311499324732505e+00
579 3.4805817566352624e+02 4.8155409761988306e+00
580 3.4645352041548620e+02 4.7933398510999066e+00
581 3.4532437503369761e+02 4.7777176182828693e+00
582 3.4372463533174414e+02 4.7555845019688423e+00
583 3.4259454549089537e+02 4.7399492021370859e+00
584 3.4099968684058581e+02 4.7178836173618697e+00
585 3.3986866737965710e+02 4.7022354558193413e+00
586 3.3827865522730781e+02 4.6802369245172235e+00
587 3.3714672088703520e+02 4.6645761052086181e+00
588 3.3556152101733869e+02 4.6426441539954730e+00
589 3.3442868614141884e+02 4.6269708753722671e+00
590 3.3284826433853010e+02 4.6051050308565333e+00
591 3.3171454323757177e+02 4.5894194909124177e+00
592 3.3013886555095013e+02 4.5676192833731362e+00
593 3.2900427203989659e+02 4.5519216732440482e+00
594 3.2743330468193022e+02 4.5301866352144540e+00
595 3.2629785255370223e+02 4.5144771457316386e+00
596 3.2473156185098964e+02 4.4928068113251189e+00
597 3.2359526447049899e+02 4.4770856273981261e+00
598 3.2203361695958654e+02 4.4554795336327899e+00
599 3.2089648764677941e+02 4.4397468395490485e+00
600 3.1933944989325494e+02 4.4182045238448078e+00
601 3.1820150161969281e+02 4.4024604990716885e+00
602 3.1664904046708529e+02 4.3809815026938947e+00
603 3.1551028602932007e+02 4.3652263242774341e+00
604 3.1396236836295276e+02 4.3438101890696821e+00
605 3.1282282025188050e+02 4.3280440298270291e+00
606 3.1127941325143843e+02 4.3066903017055385e+00
607 3.1013908376389190e+02 4.2909133317688894e+00
608 3.0860015458821380e+02 4.2696215563614652e+00
609 3.0745905582816300e+02 4.2538339431946754e+00
610 3.0592457186827397e+02 4.2326036693415228e+00
611 3.0478271566380852e+02 4.2168055765915167e+00
612 3.0325264440498847e+02 4.1956363544368989e+00
613 3.0211004241004974e+02 4.1798279433411833e+00
614 3.0058435149587496e+02 4.1587193252194661e+00
615 2.9944101505280611e+02 4.1429007527044446e+00
616 2.9791967231116894e+02 4.1218522935000879e+00
617 2.9677561256594862e+02 4.1060237137753761e+00
618 2.9525858590996194e+02 4.0850349695519048e+00
619 2.9411381378624145e+02 4.0691965337511169e+00
620 2.9260107129385051e+02 4.0482670628525854e+00
621 2.9145559747436897e+02 4.0324189187762087e+00
622 2.8994710732850558e+02 4.0115482809992073e+00
623 2.8880094231013618e+02 3.9956905738761912e+00
624 2.8729667280735720e+02 3.9748783305893642e+00
625 2.8614982682703101e+02 3.9590112020522414e+00
626 2.8464974645954737e+02 3.9382569173311950e+00
627 2.8350222951998921e+02 3.9223805057721499e+00
628 2.8200630683627145e+02 3.9016837444708661e+00
629 2.8085812873930189e+02 3.8857981855024826e+00
630 2.7936633247320162e+02 3.8651585150397754e+00
631 2.7821750278982063e+02 3.8492639410811313e+00
632 2.7672980171745684e+02 3.8286809294606012e+00
633 2.7558032984096548e+02 3.8127774704722297e+00
634 2.7409669290597537e+02 3.7922506880151685e+00
635 2.7294658794346674e+02 3.7763384699977873e+00
636 2.7146698420934086e+02 3.7558674886837098e+00
637 2.7031625510231578e+02 3.7399466353469939e+00
638 2.6884065372339876e+02 3.7195310284124226e+00
639 2.6768930914233397e+02 3.7036016597163064e+00
640 2.6621767944876302e+02 3.6832410028299338e+00
641 2.6506572786637224e+02 3.6673032359982116e+00
642 2.6359803921312169e+02 3.6469971051723622e+00
643 2.6244548892358773e+02 3.6310510549587733e+00
644 2.6098171084247002e+02 3.6107990286524059e+00
645 2.5982856986162153e+02 3.5948448059595357e+00
646 2.5836867193492952e+02 3.5746464633300286e+00
647 2.5721494813978302e+02 3.5586841771399333e+00
648 2.5575890009909799e+02 3.5385390994101371e+00
649 2.5460460105998015e+02 3.5225688544616824e+00
650 2.5315237275021792e+02 3.5024766244224819e+00
651 2.5199750587395127e+02 3.4864985231923789e+00
652 2.5054906721997611e+02 3.4664587247407819e+00
653 2.4939363967412703e+02 3.4504728663955264e+00
654 2.4794896071138700e+02 3.4304850849585167e+00
655 2.4679297949453692e+02 3.4144915663266220e+00
656 2.4535203033284449e+02 3.3945553883600477e+00
657 2.4419550216974477e+02 3.3785543024814659e+00
658 2.4275825306931071e+02 3.3586693165220041e+00
659 2.4160118452469789e+02 3.3426607542228086e+00
660 2.4016760577070846e+02 3.3228265491526834e+00
661 2.3901000314616860e+02 3.3068105976181443e+00
662 2.3758006522187802e+02 3.2870267650599381e+00
663 2.3642193463586872e+02 3.2710035089416611e+00
664 2.3499560798028537e+02 3.2512696399057956e+00
665 2.3383695536070744e+02 3.2352391612189466e+00
666 2.3241421062324861e+02 3.2155548496269457e+00
667 2.3125504164379635e+02 3.1995172268696308e+00
668 2.2983584944848371e+02 3.1798820662916580e+00
669 2.2867616966347020e+02 3.1638373763102896e+00
670 2.2726050079566255e+02 3.1442509625486803e+00
671 2.2610031540654637e+02 3.1281992773077705e+00
672 2.2468814073828710e+02 3.1086612073641802e+00
673 2.2352745487695111e+02 3.0926025978656306e+00
674 2.2211874531297508e+02 3.0731124691940153e+00
675 2.2095756378149136e+02 3.0570470018766471e+00
676 2.1955229038034645e+02 3.0376044140590359e+00
677 2.1839061787009777e+02 3.0215321538302340e+00
678 2.1698875167212736e+02 3.0021367061967883e+00
679 2.1582659261179253e+02 2.9860577143293106e+00
680 2.1442810482421936e+02 2.9667090085190422e+00
681 2.1326546346695477e+02 2.9506233438572140e+00
682 2.1187032529108919e+02 2.9313209814273349e+00
683 2.1070720564681534e+02 2.9152286994502057e+00
684 2.0931538844695336e+02 2.8959722842129070e+00
685 2.0815179435390749e+02 2.8798734380242106e+00
686 2.0676326944717593e+02 2.8606625731390758e+00
687 2.0559920454516126e+02 2.8445572130971226e+00
688 2.0421394342926359e+02 2.8253915042220954e+00
689 2.0304941108746834e+02 2.8092796769411152e+00
690 2.0166738525285129e+02 2.7901587296337391e+00
691 2.0050238874051644e+02 2.7740404803451471e+00
692 1.9912356975919170e+02 2.7549639012914526e+00
693 1.9795811203166366e+02 2.7388392708837923e+00
694 1.9658247157494390e+02 2.7198066681436837e+00
695 1.9541655545204497e+02 2.7036756956304613e+00
696 1.9404406522551685e+02 2.6846866777380387e+00
697 1.9287769333532594e+02 2.6685493994799048e+00
698 1.9150832525538578e+02 2.6496035778859155e+00
699 1.9034150044210091e+02 2.6334600332336251e+00
700 1.8897522750887578e+02 2.6145570343827167e+00
701 1.8780795528092062e+02 2.5984072995477820e+00
702 1.8644475834149196e+02 2.5795468584507351e+00
703 1.8527706406151782e+02 2.5633912843368134e+00
704 1.8391697428804687e+02 2.5445738322744611e+00
705 1.8274900619017924e+02 2.5284144697671662e+00
706 1.8139234607544677e+02 2.5096444685717785e+00
707 1.8022492187684375e+02 2.4934926311547669e+00
708 1.7887350100001802e+02 2.4747951171657951e+00
709 1.7771064023473858e+02 2.4587064168956698e+00
710 1.7637290606428550e+02 2.4401982646283153e+00
711 1.7523193115508025e+02 2.4244123649935250e+00
712 1.7394189866245134e+02 2.4065641868346881e+00
713 1.7288744054476180e+02 2.3919752858162324e+00
714 1.7176261176736753e+02 2.3764127751571347e+00
715 1.7100033067216910e+02 2.3658662742961449e+00
716 1.7038368986961035e+02 2.3573347722084352e+00
717 1.7046154954682271e+02 2.3584119957653740e+00
718 1.7118245450370301e+02 2.3683860391941307e+00
719 1.7329606918061461e+02 2.3976288462770552e+00
720 1.7697318182914319e+02 2.4485033490791563e+00
721 1.8318501404420155e+02 2.5344468339918720e+00
722 1.9222031551558294e+02 2.6594542824875176e+00
723 2.0500909445211187e+02 2.8363927752753977e+00
724 2.2133038988544192e+02 3.0622052182499528e+00
725 2.4098495920321960e+02 3.3341350005022048e+00
726 2.6149492964867500e+02 3.6178996410322890e+00
727 2.7961444570676900e+02 3.8685912729133789e+00
728 2.8993145353997272e+02 4.0113317038136005e+00
729 2.8919292285301447e+02 4.0011138005034770e+00
730 2.7684028456216879e+02 3.8302095091724935e+00
731 2.5804592577468077e+02 3.5701811254403903e+00
732 2.3927389810257915e+02 3.3104617027059207e+00
733 2.2720072195904450e+02 3.1434238955312344e+00
734 2.2485735948769610e+02 3.1110024246626007e+00
735 2.3276040053627065e+02 3.2203445423515205e+00
736 2.4648145366695346e+02 3.4101814667721078e+00
737 2.5856469445606280e+02 3.5773585228326552e+00
738 2.6024233697128471e+02 3.6005694595103050e+00
739 2.5021722409279269e+02 3.4618675262333043e+00
740 2.3497745503474025e+02 3.2510184857619673e+00
741 2.2477896540899906e+02 3.1099178074214242e+00
742 2.2495805692159584e+02 3.1123956188268171e+00
743 2.3489211901320940e+02 3.2498378236279888e+00
744 2.4612620007544345e+02 3.4052663739902851e+00
745 2.4866702612762288e+02 3.4404198420688274e+00
746 2.3914328964121196e+02 3.3086546760605819e+00
747 2.2642790342491350e+02 3.1327316044762141e+00
748 2.2081328693837645e+02 3.0550508670390961e+00
749 2.2648801622179082e+02 3.1335632919836396e+00
750 2.3708693239813783e+02 3.2802040512566997e+00
751 2.4134343708698444e+02 3.3390947028135773e+00
752 2.3346302929004045e+02 3.2300657263127470e+00
753 2.2206205070631540e+02 3.0723280738814251e+00
754 2.1825006919977608e+02 3.0195875999354889e+00
755 2.2526678055965755e+02 3.1166669488324210e+00
756 2.3415178641844190e+02 3.2395949901151080e+00
757 2.3355674929365998e+02 3.2313623845994228e+00
758 2.2322789020832383e+02 3.0884579863102601e+00
759 2.1572056360218204e+02 2.9845907554237430e+00
760 2.1873649434077430e+02 3.0263175099393691e+00
761 2.2783921103477203e+02 3.1522576782779255e+00
762 2.2979596556408816e+02 3.1793302548617710e+00
763 2.2130581276235262e+02 3.0618651827283392e+00
764 2.1321713975163621e+02 2.9499547635809571e+00
765 2.1561186150358122e+02 2.9830868131330237e+00
766 2.2389458152312301e+02 3.0976819596841683e+00
767 2.2537816575342114e+02 3.1182080129481764e+00
768 2.1668758159328499e+02 2.9979698830710118e+00
769 2.1036954827623350e+02 2.9105570582774258e+00
770 2.1427307728152309e+02 2.9645641329307293e+00
771 2.2175006115624069e+02 3.0680115585182492e+00
772 2.1975400321715475e+02 3.0403952016313260e+00
773 2.1091216133075233e+02 2.9180643532670483e+00
774 2.0816624417983817e+02 2.8800733578471984e+00
775 2.1485853400259589e+02 2.9726641892639631e+00
776 2.1880735799647260e+02 3.0272979404007074e+00
777 2.1249541304353176e+02 2.9399693508554305e+00
778 2.0565795191377509e+02 2.8453700092920817e+00
779 2.0880235655252102e+02 2.8888742578412345e+00
780 2.1523449222294084e+02 2.9778657398724455e+00
781 2.1271919328039186e+02 2.9430654508054146e+00
782 2.0467097589468023e+02 2.8317147533756928e+00
783 2.0452582299754695e+02 2.8297064979378574e+00
784 2.1109726592615326e+02 2.9206253583701076e+00
785 2.1144690839164255e+02 2.9254628187066536e+00
786 2.0371755835591085e+02 2.8185237940867234e+00
787 2.0151748077592597e+02 2.7880847339582364e+00
788 2.0744490030854436e+02 2.8700932418406624e+00
789 2.0930222561057030e+02 2.8957901704675688e+00
790 2.0221529242225142e+02 2.7977392710773343e+00
791 1.9914803880725424e+02 2.7553024415465956e+00
792 2.0453374102270001e+02 2.8298160473673528e+00
793 2.0678940181557346e+02 2.8610241261771088e+00
794 2.0008687221241203e+02 2.7682916228055703e+00
795 1.9708162632216730e+02 2.7267126979593490e+00
796 2.0230160909104495e+02 2.7989335009060454e+00
797 2.0409142495575679e+02 2.8236964061874392e+00
798 1.9744099262359714e+02 2.7316846919276028e+00
799 1.9527427121049678e+02 2.7017071293293351e+00
800 2.0058645248898040e+02 2.7752035400105877e+00
801 2.0113790503498814e+02 2.7828331333297709e+00
802 1.9447587329480947e+02 2.6906609360572635e+00
803 1.9386618116131640e+02 2.6822255719227912e+00
804 1.9912921824431314e+02 2.7550420506166446e+00
805 1.9774636983576198e+02 2.7359097226299380e+00
806 1.9151877695187605e+02 2.6497481817947985e+00
807 1.9302883926512729e+02 2.6706405712127812e+00
808 1.9749764928524712e+02 2.7324685622539642e+00
809 1.9382743208746930e+02 2.6816894611058428e+00
810 1.8906495636793886e+02 2.6157984733942903e+00
811 1.9273608972556852e+02 2.6665902500248904e+00
812 1.9509960314107082e+02 2.6992905182442750e+00
813 1.8964585715641039e+02 2.6238354963564947e+00
814 1.8766189944976719e+02 2.5963865516127815e+00
815 1.9249059524139773e+02 2.6631937237237868e+00
816 1.9147549966925604e+02 2.6491494211784219e+00
817 1.8597753774879268e+02 2.5730826519864620e+00
818 1.8752118522339873e+02 2.5944397071758720e+00
819 1.9125910368496562e+02 2.6461554856748277e+00
820 1.8687288076153877e+02 2.5854701241595053e+00
821 1.8385952205750183e+02 2.5437789548955969e+00
822 1.8795278362402118e+02 2.6004110646350012e+00
823 1.8807096737426218e+02 2.6020461898290050e+00
824 1.8260339886051582e+02 2.5263999270514481e+00
825 1.8375403988485655e+02 2.5423195617247183e+00
826 1.8722812235362974e+02 2.5903850509239836e+00
827 1.8326005477564829e+02 2.5354850561697497e+00
828 1.8041173202143037e+02 2.4960772332958072e+00
829 1.8449883380339693e+02 2.5526241196530517e+00
830 1.8385432651843243e+02 2.5437070722821962e+00
831 1.7899595061257776e+02 2.4764892624783625e+00
832 1.8077088144190287e+02 2.5010462266187377e+00
833 1.8342789125650040e+02 2.5378071491626919e+00
834 1.7878967551735016e+02 2.4736353540145140e+00
835 1.7761587325285035e+02 2.4573952731950413e+00
836 1.8142430040787883e+02 2.5100865710935776e+00
837 1.7914833003294544e+02 2.4785975001064862e+00
838 1.7538063992902025e+02 2.4264698175819124e+00
839 1.7865255655494565e+02 2.4717382516671433e+00
840 1.7896051214598916e+02 2.4759989553977553e+00
841 1.7433117028387178e+02 2.4119499343185615e+00
842 1.7555548338999282e+02 2.4288888552876888e+00
843 1.7811079613139725e+02 2.4642427532094309e+00
844 1.7380497447272867e+02 2.4046697792547329e+00
845 1.7295277232795556e+02 2.3928791803402381e+00
846 1.7634168433950933e+02 2.4397662980620347e+00
847 1.7361837351961910e+02 2.4020880713716068e+00
848 1.7079234650783090e+02 2.3629887200945761e+00
849 1.7420285853356145e+02 2.4101746837008475e+00
850 1.7314488368924464e+02 2.3955371271921320e+00
851 1.6932446592246868e+02 2.3426799338018731e+00
852 1.7173563967677160e+02 2.3760396041858427e+00
853 1.7247239790338517e+02 2.3862329847120884e+00
854 1.6813431390193776e+02 2.3262136467742907e+00
855 1.6945412394240762e+02 2.3444738106637470e+00
856 1.7130154095263046e+02 2.3700336536293523e+00
857 1.6730464531795701e+02 2.3147348097804241e+00
858 1.6722740230032628e+02 2.3136661179853903e+00
859 1.6996228612798581e+02 2.3515044624291925e+00
860 1.6642340749878079e+02 2.3025424892870774e+00
861 1.6535885894777005e+02 2.2878139825977213e+00
862 1.6829402631459558e+02 2.3284233396398442e+00
863 1.6564183761281879e+02 2.2917291193541973e+00
864 1.6357642135503278e+02 2.2631531590185010e+00
865 1.6665529781970173e+02 2.3057507958876906e+00
866 1.6465060802832596e+02 2.2780150134526593e+00
867 1.6208749135251924e+02 2.2425531445981326e+00
868 1.6486862365805976e+02 2.2810313574774290e+00
869 1.6368058035819706e+02 2.2645942455461237e+00
870 1.6059411045809219e+02 2.2218915500917649e+00
871 1.6323722591205808e+02 2.2584602379242882e+00
872 1.6248828225175947e+02 2.2480982664574301e+00
873 1.5929449021647667e+02 2.2039107211252675e+00
874 1.6154288028025826e+02 2.2350182061368691e+00
875 1.6133284222615018e+02 2.2321122354490943e+00
876 1.5791387600640664e+02 2.1848093042766608e+00
877 1.6004275074457962e+02 2.2142632411517913e+00
878 1.5999069081001196e+02 2.2135429686064017e+00
879 1.5666492737063285e+02 2.1675295397049172e+00
880 1.5850011888741659e+02 2.1929202374852443e+00
881 1.5871506813389840e+02 2.1958941567223458e+00
882 1.5530103520178218e+02 2.1486594797969829e+00
883 1.5714936442130042e+02 2.1742319435873467e+00
884 1.5728203544041082e+02 2.1760675066441899e+00
885 1.5404669301085957e+02 2.1313050929705630e+00
886 1.5575257001718509e+02 2.1549066664967578e+00
887 1.5592865048089169e+02 2.1573428186901968e+00
888 1.5267704426306733e+02 2.1123553882109509e+00
889 1.5453289826602304e+02 2.1380319607552929e+00
890 1.5442814294361503e+02 2.1365826238834638e+00
891 1.5142260126984709e+02 2.0949996067395302e+00
892 1.5325569143948152e+02 2.1203612314395208e+00
893 1.5300338934448246e+02 2.1168705187891641e+00
894 1.5007509886639525e+02 2.0763563065872539e+00
895 1.5213346126227117e+02 2.1048346735795280e+00
896 1.5143035433110492e+02 2.0951068738195429e+00
897 1.4886723958810509e+02 2.0596450317062667e+00
898 1.5093118518343533e+02 2.0882006447672454e+00
899 1.4992560935589529e+02 2.0742880521583724e+00
900 1.4760286680741228e+02 2.0421518671713161e+00
901 1.4984612523492652e+02 2.0731883536934461e+00
902 1.4827807840582400e+02 2.0514937224906400e+00
903 1.4651143728980836e+02 2.0270514502521184e+00
904 1.4863807189863661e+02 2.0564743939329908e+00
905 1.4670964048481090e+02 2.0297936803558327e+00
906 1.4539955510434541e+02 2.0116680614993760e+00
907 1.4748729445406386e+02 2.0405528718246213e+00
908 1.4503411257761971e+02 2.0066120002287611e+00
909 1.4448076502783073e+02 1.9989561886822913e+00
910 1.4615238077702722e+02 2.0220837423487703e+00
911 1.4348843696822024e+02 1.9852268848847971e+00
912 1.4354621071173219e+02 1.9860262105397679e+00
913 1.4480903271927619e+02 2.0034979194326299e+00
914 1.4191510763616046e+02 1.9634591678841951e+00
915 1.4277345953286914e+02 1.9753348513750910e+00
916 1.4323803333474325e+02 1.9817624383011225e+00
917 1.4056047189490883e+02 1.9447171748039151e+00
918 1.4191836219168391e+02 1.9635041961196407e+00
919 1.4164257367695998e+02 1.9596885383179345e+00
920 1.3927531106749299e+02 1.9269363983184080e+00
921 1.4111185731466705e+02 1.9523458394013276e+00
922 1.3986215059741207e+02 1.9350555864322665e+00
923 1.3828066637761930e+02 1.9131750429021350e+00
924 1.4008226518340078e+02 1.9381009704582759e+00
925 1.3815608594934730e+02 1.9114514167984455e+00
926 1.3738516799937395e+02 1.9007854211777229e+00
927 1.3894962492290290e+02 1.9224303844267245e+00
928 1.3643029185840865e+02 1.8875742814731402e+00
929 1.3673023781308942e+02 1.8917241682920800e+00
930 1.3748424641330604e+02 1.9021562154745015e+00
931 1.3497338052117829e+02 1.8674172596484215e+00
932 1.3603545990585732e+02 1.8821116043140738e+00
933 1.3588660532524113e+02 1.8800521344249219e+00
934 1.3368907178622848e+02 1.8496482722443743e+00
935 1.3535070729832273e+02 1.8726377448540692e+00
936 1.3405859396563960e+02 1.8547607773397545e+00
937 1.3279267664139959e+02 1.8372462433520487e+00
938 1.3435417953710459e+02 1.8588503363011244e+00
939 1.3232506515781839e+02 1.8307766287370963e+00
940 1.3206473157029453e+02 1.8271747967852621e+00
941 1.3312750710896444e+02 1.8418787730536266e+00
942 1.3068293684313880e+02 1.8080570469532729e+00
943 1.3154899559431979e+02 1.8200393582325787e+00
944 1.3149241544893732e+02 1.8192565465430983e+00
945 1.2944969468629651e+02 1.7909945885624350e+00
946 1.3087156304054611e+02 1.8106667749996486e+00
947 1.2974101416334955e+02 1.7950251241941273e+00
948 1.2851177223305157e+02 1.7780180107317674e+00
949 1.2999757170020979e+02 1.7985747127913436e+00
950 1.2792080611898244e+02 1.7698417294752800e+00
951 1.2796161220643100e+02 1.7704062999980446e+00
952 1.2863652358499715e+02 1.7797440016411459e+00
953 1.2643973166938213e+02 1.7493504001529478e+00
954 1.2742232524630450e+02 1.7629450230162063e+00
955 1.2699872973309218e+02 1.7570843890939627e+00
956 1.2529882133575802e+02 1.7335653939502869e+00
957 1.2677557754481541e+02 1.7539969784778304e+00
958 1.2513961739460950e+02 1.7313627360161312e+00
959 1.2465948592345988e+02 1.7247199017575308e+00
960 1.2562954555593774e+02 1.7381411118775005e+00
961 1.2353136033309666e+02 1.7091117782122751e+00
962 1.2416368591017731e+02 1.7178602861906487e+00
963 1.2410776703483535e+02 1.7170866234687809e+00
964 1.2227422543770338e+02 1.6917187530668809e+00
965 1.2363283430256786e+02 1.7105157160944253e+00
966 1.2226322534523507e+02 1.6915665618536675e+00
967 1.2158609719979152e+02 1.6821981902465222e+00
968 1.2259882188218732e+02 1.6962096904688282e+00
969 1.2061847400261814e+02 1.6688106893018140e+00
970 1.2111553317831921e+02 1.6756877259455329e+00
971 1.2112817060123241e+02 1.6758625703598500e+00
972 1.1934837014470692e+02 1.6512382327429644e+00
973 1.2062428295761677e+02 1.6688910587997332e+00
974 1.1929777631009794e+02 1.6505382443480989e+00
975 1.1868899552705530e+02 1.6421154891558798e+00
976 1.1959521798895950e+02 1.6546534833878273e+00
977 1.1768471975342227e+02 1.6282208833759289e+00
978 1.1825473162844897e+02 1.6361072533365772e+00
979 1.1809338156493264e+02 1.6338749028368544e+00
980 1.1650523225020244e+02 1.6119021447287425e+00
981 1.1773487082767936e+02 1.6289147459827329e+00
982 1.1627175662393566e+02 1.6086719047176063e+00
983 1.1595112542471567e+02 1.6042358282624327e+00
984 1.1660418813638417e+02 1.6132712437991370e+00
985 1.1476720412955636e+02 1.5878557461150578e+00
986 1.1554512906059118e+02 1.5986186864616343e+00
987 1.1500798526874037e+02 1.5911870611741741e+00
988 1.1378003135629207e+02 1.5741977680164838e+00
989 1.1490411877164350e+02 1.5897500215991929e+00
990 1.1323118077128616e+02 1.5666041739948291e+00
991 1.1337115141853363e+02 1.5685407306810792e+00
992 1.1357446242611088e+02 1.5713536296627915e+00
993 1.1194255500969382e+02 1.5487754585908493e+00
994 1.1292328286102516e+02 1.5623442683037150e+00
995 1.1188254254194761e+02 1.5479451591819540e+00
996 1.1122601915299188e+02 1.5388618636227496e+00
997 1.1203643858955890e+02 1.5500743800282517e+00
998 1.1026127745676993e+02 1.5255142295361552e+00
999 1.1091790646659676e+02 1.5345989864074856e+00
1000 1.1046280985417391e+02 1.5283025206483531e+00
1001 1.0931071052006016e+02 1.5123627096052719e+00
1002 1.1027517390543748e+02 1.5257064931364992e+00
1003 1.0878448925402571e+02 1.5050822023616042e+00
1004 1.0885948747557022e+02 1.5061198363959178e+00
1005 1.0903476375605860e+02 1.5085448623538298e+00
1006 1.0749465632114784e+02 1.4872367852014321e+00
1007 1.0847935700415644e+02 1.5008605608225021e+00
1008 1.0730337525811760e+02 1.4845903258983657e+00
1009 1.0694014043405755e+02 1.4795648091843596e+00
1010 1.0745349093414083e+02 1.4866672436081181e+00
1011 1.0586961812861836e+02 1.4647536529230545e+00
1012 1.0658452939134177e+02 1.4746447709047761e+00
1013 1.0588749890050201e+02 1.4650010414221974e+00
1014 1.0505676281618290e+02 1.4535074350823396e+00
1015 1.0586018802070203e+02 1.4646231831503089e+00
1016 1.0426777047361770e+02 1.4425913721331307e+00
1017 1.0476413690157774e+02 1.4494588243011319e+00
1018 1.0438549268642383e+02 1.4442201117497078e+00
1019 1.0332813331348009e+02 1.4295910705634989e+00
1020 1.0416156061605510e+02 1.4411219111150297e+00
1021 1.0277119772628529e+02 1.4218856169101630e+00
1022 1.0292598593780842e+02 1.4240271812443470e+00
1023 1.0290964290059844e+02 1.4238010679941406e+00
1024 1.0161856209249309e+02 1.4059383859204819e+00
1025 1.0250653120296973e+02 1.4182238368481821e+00
1026 1.0123540928527008e+02 1.4006372949755255e+00
1027 1.0120112862818436e+02 1.4001630067087074e+00
1028 1.0134790864748086e+02 1.4021937741114903e+00
1029 1.0002457385109038e+02 1.3838848436428994e+00
1030 1.0080163416451089e+02 1.3946358216169716e+00
1031 9.9759222374679467e+01 1.3802135869476195e+00
1032 9.9476337742139862e+01 1.3762997511730841e+00
1033 9.9824910008999112e+01 1.3811224048315631e+00
1034 9.8415943646194236e+01 1.3616287232329678e+00
1035 9.9176274849584331e+01 1.3721482464661963e+00
1036 9.8223443664385684e+01 1.3589653996418773e+00
1037 9.7860258387045121e+01 1.3539405684289587e+00
1038 9.8239885301291963e+01 1.3591928770631074e+00
1039 9.6890005893034015e+01 1.3405166899831715e+00
1040 9.7528407905085302e+01 1.3493492681648509e+00
1041 9.6735239403835124e+01 1.3383754261870866e+00
1042 9.6238252612709402e+01 1.3314993910164343e+00
1043 9.6710481148172647e+01 1.3380328846150791e+00
1044 9.5331235861175742e+01 1.3189504074311973e+00
1045 9.5970266063098435e+01 1.3277916769015121e+00
1046 9.5188996458007054e+01 1.3169824614891632e+00
1047 9.4711811922499024e+01 1.3103803994069647e+00
1048 9.5136346943853496e+01 1.3162540318457563e+00
1049 9.3840100825438896e+01 1.2983198853871523e+00
1050 9.4397115392090598e+01 1.3060264317566994e+00
1051 9.3690569574586362e+01 1.2962510534617711e+00
1052 9.3173529273984244e+01 1.2890975689928339e+00
1053 9.3623850566506690e+01 1.2953279660592514e+00
1054 9.2313655909708658e+01 1.2772008353157203e+00
1055 9.2910319007815914e+01 1.2854559369016656e+00
1056 9.2141117203863345e+01 1.2748136849308902e+00
1057 9.1722434258007752e+01 1.2690210185814799e+00
1058 9.2072298831595788e+01 1.2738615518831951e+00
1059 9.0852976764684783e+01 1.2569916841801887e+00
1060 9.1406571089340943e+01 1.2646509099676329e+00
1061 9.0641934313758824e+01 1.2540718172119327e+00
1062 9.0258967793502904e+01 1.2487733036307218e+00
1063 9.0578291629183695e+01 1.2531912921249337e+00
1064 8.9364770954590838e+01 1.2364016892867702e+00
1065 8.9978991499504019e+01 1.2448997060243858e+00
1066 8.9100021573060829e+01 1.2327387628442277e+00
1067 8.8878864189956104e+01 1.2296789512523885e+00
1068 8.9043009894466977e+01 1.2319499806992107e+00
1069 8.7948837798892143e+01 1.2168116189836462e+00
1070 8.8526218461190297e+01 1.2247999394213462e+00
1071 8.7613387784153502e+01 1.2121705175690309e+00
1072 8.7487401998027124e+01 1.2104274477090753e+00
1073 8.7556548918975494e+01 1.2113841263751348e+00
1074 8.6519279042916580e+01 1.1970330323891478e+00
1075 8.7133272056920447e+01 1.2055279011345779e+00
1076 8.6096880826885709e+01 1.1911889636104380e+00
1077 8.6173592472281598e+01 1.1922503036322643e+00
1078 8.6025737332504775e+01 1.1902046614554083e+00
1079 8.5172481330071818e+01 1.1783994819474983e+00
1080 8.5700576234955548e+01 1.1857059118250366e+00
1081 8.4647842597451756e+01 1.1711408697634385e+00
1082 8.4842859789747763e+01 1.1738390200906772e+00
1083 8.4539241810638316e+01 1.1696383291667392e+00
1084 8.3826050555756780e+01 1.1597710082649919e+00
1085 8.4306484923206071e+01 1.1664180332297576e+00
1086 8.3190352111521136e+01 1.1509758351566841e+00
1087 8.3573292530985825e+01 1.1562739876217412e+00
1088 8.3015117709984935e+01 1.1485513886128595e+00
1089 8.2567973931107616e+01 1.1423649538729450e+00
1090 8.2856668767624441e+01 1.1463591764255787e+00
1091 8.1820954236180285e+01 1.1320296013299620e+00
1092 8.2266946378747448e+01 1.1382001026649775e+00
1093 8.1546624257508299e+01 1.1282341230287374e+00
1094 8.1311947194232886e+01 1.1249872605977016e+00
1095 8.1429643063218194e+01 1.1266156357357016e+00
1096 8.0468966146370278e+01 1.1133242396949381e+00
1097 8.0990634202859752e+01 1.1205417512422824e+00
1098 8.0067206053305156e+01 1.1077657086043573e+00
1099 8.0129738877216198e+01 1.1086308782712586e+00
1100 7.9945952043527484e+01 1.1060881049925484e+00
1101 7.9222558019326826e+01 1.0960796242009831e+00
1102 7.9647425652148854e+01 1.1019578584686158e+00
1103 7.8675596745275854e+01 1.0885121696438098e+00
1104 7.8923822679633972e+01 1.0919464867834030e+00
1105 7.8495621652306994e+01 1.0860221335076536e+00
1106 7.8003665190665487e+01 1.0792156952016889e+00
1107 7.8303958851801440e+01 1.0833703926953944e+00
1108 7.7314701317408137e+01 1.0696835709915145e+00
1109 7.7747289614033633e+01 1.0756686241058477e+00
1110 7.7023223003625148e+01 1.0656508377824194e+00
1111 7.6877545941954892e+01 1.0636353302931096e+00
1112 7.6882019288470985e+01 1.0636972210486073e+00
1113 7.6075408293197995e+01 1.0525373961366231e+00
1114 7.6497516039903118e+01 1.0583774461419260e+00
1115 7.5633022200886501e+01 1.0464167861243305e+00
1116 7.5744809691525077e+01 1.0479634161977953e+00
1117 7.5469239783639296e+01 1.0441507829197476e+00
1118 7.4888089921272453e+01 1.0361103139084833e+00
1119 7.5227332502308570e+01 1.0408038871789187e+00
1120 7.4284065653006977e+01 1.0277533672316643e+00
1121 7.4642320852067584e+01 1.0327099886002726e+00
1122 7.4023562665676494e+01 1.0241491915575240e+00
1123 7.3810376585536616e+01 1.0211996665176031e+00
1124 7.3859725229733868e+01 1.0218824271446123e+00
1125 7.3071348675603943e+01 1.0109748839046075e+00
1126 7.3459405354003323e+01 1.0163438221068417e+00
1127 7.2657952687301460e+01 1.0052553649843243e+00
1128 7.2737386193844884e+01 1.0063543631759737e+00
1129 7.2483060760275507e+01 1.0028356567289607e+00
1130 7.1931277170860938e+01 9.9520148327575997e-01
1131 7.2236062740832111e+01 9.9941832834297417e-01
1132 7.1348451482487746e+01 9.8713782846003284e-01
1133 7.1687027162375131e+01 9.9182217485394786e-01
1134 7.1072824162871584e+01 9.8332440086494421e-01
1135 7.0909079330064017e+01 9.8105891765794173e-01
1136 7.0901190171731145e+01 9.8094976761385144e-01
1137 7.0191409129861583e+01 9.7112962853872109e-01
1138 7.0540665659270061e+01 9.7596174927648360e-01
1139 6.9753435889320528e+01 9.6507007230998609e-01
1140 6.9888140609281265e+01 9.6693377253027746e-01
1141 6.9551967056917945e+01 9.6228266064809354e-01
1142 6.9121157092430678e+01 9.5632221155653496e-01
1143 6.9332282870235332e+01 9.5924323138953271e-01
1144 6.8514722610205467e+01 9.4793191848852054e-01
1145 6.8865558633326771e+01 9.5278589223025656e-01
1146 6.8187612640398896e+01 9.4340620533633335e-01
1147 6.8160632255864058e+01 9.4303291961467650e-01
1148 6.8008669429045142e+01 9.4093044574515616e-01
1149 6.7444391226707367e+01 9.3312340371790548e-01
1150 6.7720929825753771e+01 9.3694943927265117e-01
1151 6.6943311354287246e+01 9.2619073893165937e-01
1152 6.7174575937768950e+01 9.2939038817413633e-01
1153 6.6688123965058182e+01 9.2266010694147815e-01
1154 6.6459316239797147e+01 9.1949444943446845e-01
1155 6.6498450230504261e+01 9.2003588574882311e-01
1156 6.5810730553165598e+01 9.1052097554724787e-01
1157 6.6144042945049236e+01 9.1513250199086793e-01
1158 6.5396483087305484e+01 9.0478967605303817e-01
1159 6.5548092035385977e+01 9.0688725385148583e-01
1160 6.5181313362910075e+01 9.0181270640511024e-01
1161 6.4849061832738229e+01 8.9721585745910526e-01
1162 6.4965657739374720e+01 8.9882901412463889e-01
1163 6.4267750101049486e+01 8.8917314891316834e-01
1164 6.4557854576210843e+01 8.9318687444871991e-01
1165 6.3917612005407484e+01 8.8432883131115270e-01
1166 6.3938572913489253e+01 8.8461883487614201e-01
1167 6.3720021097755101e+01 8.8159507247755986e-01
1168 6.3269722089003324e+01 8.7536498371710458e-01
1169 6.3475520650006793e+01 8.7821229911622056e-01
1170 6.2747301326573009e+01 8.6813705814545472e-01
1171 6.3031077683531244e+01 8.7206323132729047e-01
1172 6.2441430555304784e+01 8.6390519883154626e-01
1173 6.2407060923703568e+01 8.6342967956239824e-01
1174 6.2248864901250819e+01 8.6124096663548422e-01
1175 6.1771801871558807e+01 8.5464058564074985e-01
1176 6.1980582864859151e+01 8.5752916432841508e-01
1177 6.1295511757034653e+01 8.4805089827404145e-01
1178 6.1516081654387229e+01 8.5110258173699249e-01
1179 6.1017688915251306e+01 8.4420709464500376e-01
1180 6.0899767639768605e+01 8.4257560090701000e-01
1181 6.0824288769842546e+01 8.4153131688675042e-01
1182 6.0296453115291179e+01 8.3422847385384302e-01
1183 6.0540524670114515e+01 8.3760531328919230e-01
1184 5.9853966865383079e+01 8.2810647811627736e-01
1185 6.0069761174396383e+01 8.3109208917254129e-01
1186 5.9592773897080029e+01 8.2449275624590168e-01
1187 5.9467877876507977e+01 8.2276476378118701e-01
1188 5.9397547311865374e+01 8.2179170887371356e-01
1189 5.8891162218938774e+01 8.1478564398218911e-01
1190 5.9107892029479423e+01 8.1778419812168801e-01
1191 5.8470543438634827e+01 8.0896619449489837e-01
1192 5.8642420612795355e+01 8.1134419229215005e-01
1193 5.8217311983860512e+01 8.0546262373520161e-01
1194 5.8059178899673057e+01 8.0327478158741783e-01
1195 5.8021135244366278e+01 8.0274843055237910e-01
1196 5.7503679077916928e+01 7.9558919239291548e-01
1197 5.7734365635489716e+01 7.9878084438767838e-01
1198 5.7095293952769843e+01 7.8993900101192915e-01
1199 5.7283171205048724e+01 7.9253836706652581e-01
1200 5.6843892657225076e+01 7.8646075132606164e-01
1201 5.6720740116845633e+01 7.8475688069182170e-01
1202 5.6648501013953691e+01 7.8375742030162454e-01
1203 5.6180852661410228e+01 7.7728729558804233e-01
1204 5.6372420843224290e+01 7.7993772730826527e-01
1205 5.5776042565677834e+01 7.7168656634253019e-01
1206 5.5943357436005108e+01 7.7400144261990078e-01
1207 5.5520834301778507e+01 7.6815564554192284e-01
1208 5.5404392077895757e+01 7.6654461514621919e-01
1209 5.5326893831270134e+01 7.6547239214356222e-01
1210 5.4876663791508676e+01 7.5924325760002298e-01
1211 5.5067251260652988e+01 7.6188012072057698e-01
1212 5.4469001537883003e+01 7.5360306747076777e-01
1213 5.4666764953603980e+01 7.5633921303086538e-01
1214 5.4205013042375100e+01 7.4995066822762424e-01
1215 5.4154174890925184e+01 7.4924729959967995e-01
1216 5.4011937065660391e+01 7.4727937548865375e-01
1217 5.3636573254933339e+01 7.4208604880384788e-01
1218 5.3772586123457351e+01 7.4396784784626113e-01
1219 5.3220727567690638e+01 7.3633263719995357e-01
1220 5.3406570984783968e+01 7.3890386423251408e-01
1221 5.2942397876487654e+01 7.3248182108185611e-01
1222 5.2925076906372972e+01 7.3224217769127697e-01
1223 5.2747147627037542e+01 7.2978044630435623e-01
1224 5.2418861076088533e+01 7.2523845462432690e-01
1225 5.2528977205981654e+01 7.2676196067221632e-01
1226 5.1992219418398328e+01 7.1933567592693259e-01
1227 5.2201799729042364e+01 7.2223531352856873e-01
1228 5.1694469990902391e+01 7.1521617904681178e-01
1229 5.1756968496462058e+01 7.1608087390392872e-01
1230 5.1492062286544758e+01 7.1241577767030517e-01
1231 5.1265824777553490e+01 7.0928568025821681e-01
1232 5.1293022499917079e+01 7.0966197294621780e-01
1233 5.0827947399761463e+01 7.0322745033361234e-01
1234 5.1007379148094735e+01 7.0570996905302663e-01
1235 5.0505928621125328e+01 6.9877217609483999e-01
1236 5.0605949931341719e+01 7.0015601578463305e-01
1237 5.0289063795462901e+01 6.9577175396057245e-01
1238 5.0137238323205956e+01 6.9367118045302512e-01
1239 5.0103198349458530e+01 6.9320022214814703e-01
1240 4.9691842503676682e+01 6.8750892951470988e-01
1241 4.9858436721017732e+01 6.8981383523477868e-01
1242 4.9343066469982020e+01 6.8268345665066654e-01
1243 4.9506348065837699e+01 6.8494253076666223e-01
1244 4.9103766486522318e+01 6.7937263404534465e-01
1245 4.9069581299082571e+01 6.7889966664390000e-01
1246 4.8921777940118773e+01 6.7685474087781761e-01
1247 4.8624064969005907e+01 6.7273574838810857e-01
1248 4.8713231756098871e+01 6.7396941088186724e-01
1249 4.8248968977533821e+01 6.6754612710282102e-01
1250 4.8414464122524350e+01 6.6983582666394925e-01
1251 4.7979486955090003e+01 6.6381772245048598e-01
1252 4.8020945402000784e+01 6.6439131865901591e-01
1253 4.7788930570666068e+01 6.6118128940098098e-01
1254 4.7587604329638950e+01 6.5839585055472505e-01
1255 4.7606581408879400e+01 6.5865840695788014e-01
1256 4.7192132707649584e+01 6.5292432328206984e-01
1257 4.7360367092582095e+01 6.5525192145643729e-01
1258 4.6888027877390527e+01 6.4871689655410758e-01
1259 4.7020085126911802e+01 6.5054396783338875e-01
1260 4.6675727293388178e+01 6.4577962275042433e-01
1261 4.6614181584151893e+01 6.4492811025780283e-01
1262 4.6504833794996593e+01 6.4341523454864802e-01
1263 4.6209851536578988e+01 6.3933402269389505e-01
1264 4.6304156857054927e+01 6.4063877910181377e-01
1265 4.5871767568701848e+01 6.3465647935619129e-01
1266 4.6023280279948537e+01 6.3675272567487784e-01
1267 4.5626106524005543e+01 6.3125764861550937e-01
1268 4.5661513609542567e+01 6.3174752152519253e-01
1269 4.5448338495163952e+01 6.2879814820149715e-01
1270 4.5266205798618294e+01 6.2627826065209780e-01
1271 4.5278526836275745e+01 6.2644872773449178e-01
1272 4.4902970965158246e+01 6.2125274380803841e-01
1273 4.5055445650186158e+01 6.2336229946546595e-01
1274 4.4618269138390012e+01 6.1731376633627677e-01
1275 4.4751212124648639e+01 6.1915309218060210e-01
1276 4.4415670108140233e+01 6.1451071788023615e-01
1277 4.4386057941397489e+01 6.1410102027128932e-01
1278 4.4255969482757592e+01 6.1230118809692158e-01
1279 4.4014627818486311e+01 6.0896211792180843e-01
1280 4.4079390495652227e+01 6.0985813860865556e-01
1281 4.3693987090342290e+01 6.0452590962969688e-01
1282 4.3838501427561127e+01 6.0652533030470002e-01
1283 4.3453253763191974e+01 6.0119525607151203e-01
1284 4.3524061407139200e+01 6.0217491158515124e-01
1285 4.3280107030472585e+01 5.9879969336215855e-01
1286 4.3168664181141366e+01 5.9725783155576428e-01
1287 4.3128785610197248e+01 5.9670609363986116e-01
1288 4.2826869553821233e+01 5.9252894958031022e-01
1289 4.2944783174989176e+01 5.9416033741742602e-01
1290 4.2545175641763457e+01 5.8863158795771942e-01
1291 4.2693947595312615e+01 5.9068991466433785e-01
1292 4.2338848772316325e+01 5.8577696317432115e-01
1293 4.2380219088880175e+01 5.8634934005997186e-01
1294 4.2185875839585208e+01 5.8366051403643870e-01
1295 4.2041928713235954e+01 5.8166894097822963e-01
1296 4.2039268955529337e+01 5.8163214203736702e-01
1297 4.1729894658885250e+01 5.7735180987843360e-01
1298 4.1851513141534852e+01 5.7903445613590421e-01
1299 4.1480963526761379e+01 5.7390773601144618e-01
1300 4.1599146129357649e+01 5.7554284532727029e-01
1301 4.1300738523318088e+01 5.7141424225178306e-01
1302 4.1294234584194641e+01 5.7132425733677294e-01
1303 4.1162312874014738e+01 5.6949906130507366e-01
1304 4.0976555519175335e+01 5.6692902498239806e-01
1305 4.1020378354921853e+01 5.6753533357097896e-01
1306 4.0692009132972856e+01 5.6299219810058398e-01
1307 4.0834045862656723e+01 5.6495733996404984e-01
1308 4.0469881614220405e+01 5.5991896424691967e-01
1309 4.0587305072028528e+01 5.6154357045409753e-01
1310 4.0309883679246674e+01 5.5770532105205894e-01
1311 4.0296297664795162e+01 5.5751735244833411e-01
1312 4.0183555614056196e+01 5.5595751560772788e-01
1313 3.9999780271935116e+01 5.5341490132001026e-01
1314 4.0048535791538434e+01 5.5408945580222591e-01
1315 3.9739002139520998e+01 5.4980691889022593e-01
1316 3.9869240712298080e+01 5.5160882796101296e-01
1317 3.9538132005130443e+01 5.4702779048386607e-01
1318 3.9634094803230319e+01 5.4835547883814673e-01
1319 3.9394076492746329e+01 5.4503471785624980e-01
1320 3.9360397334735886e+01 5.4456875159893092e-01
1321 3.9279003069420902e+01 5.4344262543021016e-01
1322 3.9084618410848400e+01 5.4075322649074897e-01
1323 3.9153803031506413e+01 5.4171042674920089e-01
1324 3.8844162849465071e+01 5.3742641594653784e-01
1325 3.8986598119733962e+01 5.3939707179775642e-01
1326 3.8660266031722699e+01 5.3488212098911370e-01
1327 3.8767683455137998e+01 5.3636828922242108e-01
1328 3.8529391918029511e+01 5.3307141892469068e-01
1329 3.8513401487043929e+01 5.3285018413975460e-01
1330 3.8425775485253368e+01 5.3163783910174911e-01
1331 3.8257297840430873e+01 5.2930687531769338e-01
1332 3.8313491911276643e+01 5.3008434549279082e-01
1333 3.8033870452638745e+01 5.2621565719282970e-01
1334 3.8162940097112845e+01 5.2800139361624099e-01
1335 3.7863256226871982e+01 5.2385513285308105e-01
1336 3.7964308846913760e+01 5.2525324117688565e-01
1337 3.7743276968042586e+01 5.2219516599241045e-01
1338 3.7731464846084414e+01 5.2203173998698194e-01
1339 3.7651255193002413e+01 5.2092200345984319e-01
1340 3.7494601564025103e+01 5.1875463023847768e-01
1341 3.7554351186634491e+01 5.1958129306701029e-01
1342 3.7285982915944402e+01 5.1586829766974351e-01
1343 3.7424170310690322e+01 5.1778018225778555e-01
1344 3.7125960426038930e+01 5.1365431474638845e-01
1345 3.7249307418428856e+01 5.1536087571141165e-01
1346 3.7015054934900732e+01 5.1211988753161808e-01
1347 3.7039936509692623e+01 5.1246413527909385e-01
1348 3.6934536303737175e+01 5.1100587615413384e-01
1349 3.6822422746744337e+01 5.0945473480640602e-01
1350 3.6854773368778943e+01 5.0990232017260573e-01
1351 3.6627120782927982e+01 5.0675264453745361e-01
1352 3.6748016540059311e+01 5.0842529156321203e-01
1353 3.6475447545642922e+01 5.0465417726902484e-01
1354 3.6600315396006678e+01 5.0638177998627243e-01
1355 3.6371609183997244e+01 5.0321752696063071e-01
1356 3.6417192445551265e+01 5.0384819182986906e-01
1357 3.6301625395474780e+01 5.0224926985632012e-01
1358 3.6220529624580095e+01 5.0112727349178909e-01
1359 3.6239506889918580e+01 5.0138983246969404e-01
1360 3.6038577276992726e+01 4.9860988115112020e-01
1361 3.6158139629882541e+01 5.0026407993112032e-01
1362 3.5894076016909821e+01 4.9661064140415828e-01
1363 3.6040586657980107e+01 4.9863768183835616e-01
1364 3.5795510606094879e+01 4.9524694473560460e-01
1365 3.5886957078148100e+01 4.9651214769330443e-01
1366 3.5734416677969385e+01 4.9440168283728997e-01
1367 3.5713789528195356e+01 4.9411629696819021e-01
1368 3.5689219800169994e+01 4.9377636376060319e-01
1369 3.5546541977708870e+01 4.9180235209101214e-01
1370 3.5634033631492258e+01 4.9301283836407878e-01
1371 3.5408971275982914e+01 4.8989899972750900e-01
1372 3.5549124808863475e+01 4.9183808671852347e-01
1373 3.5314003410985713e+01 4.8858507671896501e-01
1374 3.5428804989937007e+01 4.9017340805615711e-01
1375 3.5259317381901177e+01 4.8782847097804211e-01
1376 3.5283341060698589e+01 4.8816084934963888e-01
1377 3.5228755920591219e+01 4.8740563945296717e-01
1378 3.5134218325346176e+01 4.8609766941943489e-01
1379 3.5198803943834037e+01 4.8699124042005432e-01
1380 3.5005207839222919e+01 4.8431275147834202e-01
1381 3.5147800089288829e+01 4.8628557921546312e-01
1382 3.4913224075532995e+01 4.8304011484985487e-01
1383 3.5064395334084963e+01 4.8513163701735679e-01
1384 3.4862385456048017e+01 4.8233673974643548e-01
1385 3.4951786966393897e+01 4.8357364974167960e-01
1386 3.4843002873749271e+01 4.8206857302658696e-01
1387 3.4825993605770606e+01 4.8183324217486867e-01
1388 3.4835510697771028e+01 4.8196491541143299e-01
1389 3.4709176813647680e+01 4.8021702945955563e-01
1390 3.4817916812614143e+01 4.8172149611883341e-01
1391 3.4621085382281592e+01 4.7899824499461180e-01
1392 3.4774140705320967e+01 4.8111583403936381e-01
1393 3.4572010315597836e+01 4.7831926943521053e-01
1394 3.4700040324660279e+01 4.8009062203638980e-01
1395 3.4559523506219492e+01 4.7814650882670373e-01
1396 3.4604680768145045e+01 4.7877127980000694e-01
1397 3.4569748270303606e+01 4.7828797302396087e-01
1398 3.4506460415867771e+01 4.7741235717109237e-01
1399 3.4582562427552404e+01 4.7846526263708200e-01
1400 3.4425963216636731e+01 4.7629864231400754e-01
1401 3.4578985162169552e+01 4.7841576956598542e-01
1402 3.4378527026288197e+01 4.7564234134379568e-01
1403 3.4548137504146347e+01 4.7798897838101373e-01
1404 3.4369150109688000e+01 4.7551260749676688e-01
1405 3.4491109725230288e+01 4.7719997348081750e-01
1406 3.4391161444370908e+01 4.7581714418493493e-01
1407 3.4420231959391067e+01 4.7621934779935055e-01
1408 3.4428823002969011e+01 4.7633820874062577e-01
1409 3.4354220380750149e+01 4.7530604800042209e-01
1410 3.4462956735905635e+01 4.7681046424594059e-01
1411 3.4311335482882129e+01 4.7471271620308714e-01
1412 3.4477759966114689e+01 4.7701527357563356e-01
1413 3.4303171352737600e+01 4.7459976180064839e-01
1414 3.4466406093162426e+01 4.7685818765074200e-01
1415 3.4331055622480193e+01 4.7498555317957764e-01
1416 3.4433313148573006e+01 4.7640033191903958e-01
1417 3.4385946885554951e+01 4.7574499842480972e-01
1418 3.4392265083375570e+01 4.7583241352558392e-01
1419 3.4451683544014863e+01 4.7665449457972292e-01
1420 3.4361299327463087e+01 4.7540398840334319e-01
1421 3.4510547967751101e+01 4.7746891028480387e-01
1422 3.4356456009993835e+01 4.7533697893376398e-01
1423 3.4549358966686164e+01 4.7800587786311949e-01
1424 3.4386595365834310e+01 4.7575397044034001e-01
1425 3.4563958276502021e+01 4.7820786586270736e-01
1426 3.4450771855410416e+01 4.7664188095895715e-01
1427 3.4560393484262718e+01 4.7815854536314639e-01
1428 3.4538661695851253e+01 4.7785787632302978e-01
1429 3.4552283140098481e+01 4.7804633511386985e-01
1430 3.4633553294195544e+01 4.7917074414822258e-01
1431 3.4555091010282183e+01 4.7808518325728633e-01
1432 3.4716335406026147e+01 4.8031607179598312e-01
1433 3.4578417746429771e+01 4.7840791911472036e-01
1434 3.4767649359049301e+01 4.8102602335210637e-01
1435 3.4616513355511060e+01 4.7893498895353243e-01
1436 3.4764204553230208e+01 4.8097836291848700e-01
1437 3.4635592060346198e+01 4.7919895139237262e-01
1438 3.4665272189927819e+01 4.7960958929767888e-01
1439 3.4556289748318896e+01 4.7810176833569890e-01
1440 3.4389146605347101e+01 4.7578926798331689e-01
1441 3.4235175629706490e+01 4.7365901047412556e-01
1442 3.3791464923430972e+01 4.6752007383350641e-01
1443 3.3465894848169462e+01 4.6301566581304504e-01
1444 3.2679664085053282e+01 4.5213781055417546e-01
1445 3.2042508551720111e+01 4.4332247796464930e-01
1446 3.0911446252024213e+01 4.2767372372856238e-01
1447 2.9915138699039073e+01 4.1388936185529207e-01
1448 2.8575041522999090e+01 3.9534851634575469e-01
1449 2.7368862328480798e+01 3.7866048617732556e-01
1450 2.6120167122473678e+01 3.6138422792007563e-01
1451 2.5043732201752523e+01 3.4649126797433616e-01
1452 2.4263141728993517e+01 3.3569144866241957e-01
1453 2.3697148598207090e+01 3.2786067983087813e-01
1454 2.3667317718255301e+01 3.2744795622658396e-01
1455 2.3822850038363637e+01 3.2959981563680224e-01
1456 2.4532566808259606e+01 3.3941906548034978e-01
1457 2.5224353550093230e+01 3.4899024534342921e-01
1458 2.6152037569361248e+01 3.6182516984774132e-01
1459 2.6668986105921054e+01 3.6897738471999386e-01
1460 2.6908450612951921e+01 3.7229048358271721e-01
1461 2.6559073914616821e+01 3.6745670025395505e-01
1462 2.5825771620957216e+01 3.5731113411023041e-01
1463 2.4981783258968473e+01 3.4563417656471740e-01
1464 2.4163097381073030e+01 3.3430729023565720e-01
1465 2.3871136157909252e+01 3.3026787575867778e-01
1466 2.3849596930141189e+01 3.2996987088143259e-01
1467 2.4457746787375825e+01 3.3838389693210624e-01
1468 2.5001203805956450e+01 3.4590286854306990e-01
1469 2.5616857292826182e+01 3.5442071067537745e-01
1470 2.5572161704483232e+01 3.5380232716316579e-01
1471 2.5186331642346985e+01 3.4846419519564498e-01
1472 2.4386224035841572e+01 3.3739434758425058e-01
1473 2.3712809026895904e+01 3.2807734888602119e-01
1474 2.3429187827802469e+01 3.2415332238283850e-01
1475 2.3568634124780711e+01 3.2608262444792513e-01
1476 2.4172551408389793e+01 3.3443809094403648e-01
1477 2.4589987740051054e+01 3.4021350982691945e-01
1478 2.4820593974538880e+01 3.4340405051577422e-01
1479 2.4306247769345255e+01 3.3628784006520662e-01
1480 2.3717368314551571e+01 3.2814042867573245e-01
1481 2.3052744519122349e+01 3.1894506035966047e-01
1482 2.2994726919289235e+01 3.1814236084310848e-01
1483 2.3280871185623944e+01 3.2210129511325541e-01
1484 2.3812903928737523e+01 3.2946220674895754e-01
1485 2.4066555857113201e+01 3.3297159494952588e-01
1486 2.3759773019125603e+01 3.2872711678346206e-01
1487 2.3191353821758902e+01 3.2086278223260944e-01
1488 2.2565551824727471e+01 3.1220453091026390e-01
1489 2.2554514755870187e+01 3.1205182811212373e-01
1490 2.2792420339718333e+01 3.1534335857338419e-01
1491 2.3348156936294409e+01 3.2303222365372203e-01
1492 2.3337309027708777e+01 3.2288213797278498e-01
1493 2.3017618697135468e+01 3.1845907885734975e-01
1494 2.2336152637714555e+01 3.0903069026462621e-01
1495 2.2049276992720621e+01 3.0506163704268080e-01
1496 2.2182151610158744e+01 3.0690001697370872e-01
1497 2.2603659142884997e+01 3.1273176274939762e-01
1498 2.2855801672875337e+01 3.1622026774628847e-01
1499 2.2518077203674942e+01 3.1154769823402478e-01
1500 2.2017531004161622e+01 3.0462241705181470e-01
1501 2.1556190169787037e+01 2.9823955968123472e-01
1502 2.1755003011737383e+01 3.0099022452391883e-01
1503 2.2053031717575017e+01 3.0511358534516275e-01
1504 2.2339956066377500e+01 3.0908331240614478e-01
1505 2.1958410001792735e+01 3.0380445146626689e-01
1506 2.1475313582581840e+01 2.9712059582135902e-01
1507 2.1143525072859877e+01 2.9253015297095858e-01
1508 2.1341428190850110e+01 2.9526823137461250e-01
1509 2.1716539250625523e+01 3.0045806113663515e-01
1510 2.1732284921223943e+01 3.0067590955183143e-01
1511 2.1371568357791343e+01 2.9568523410313136e-01
1512 2.0820375057494655e+01 2.8805922756464125e-01
1513 2.0816725653148115e+01 2.8800873641862529e-01
1514 2.1029264263562734e+01 2.9094930342448522e-01
1515 2.1371644204874531e+01 2.9568628348154724e-01
1516 2.1066243654453519e+01 2.9146092988396993e-01
1517 2.0653008426715889e+01 2.8574363515820800e-01
1518 2.0320901439389154e+01 2.8114878602729748e-01
1519 2.0554417592475868e+01 2.8437958674516506e-01
1520 2.0834654033110713e+01 2.8825678359689416e-01
1521 2.0773390648536051e+01 2.8740917719259840e-01
1522 2.0342698586648591e+01 2.8145035933639151e-01
1523 1.9960037200107553e+01 2.7615606741698884e-01
1524 2.0115680277714791e+01 2.7830945920688294e-01
1525 2.0349931074843848e+01 2.8155042405458908e-01
1526 2.0433851512459700e+01 2.8271150095016628e-01
1527 1.9938952675627679e+01 2.7586435356368560e-01
1528 1.9664807981640973e+01 2.7207143875918843e-01
1529 1.9656128692277537e+01 2.7195135689788974e-01
1530 2.0013823070323141e+01 2.7690021905620810e-01
1531 1.9962579602599821e+01 2.7619124269582312e-01
1532 1.9596947157179294e+01 2.7113255381488027e-01
1533 1.9256201163337703e+01 2.6641818015394941e-01
1534 1.9337693776561384e+01 2.6754566701009935e-01
1535 1.9639949634783367e+01 2.7172751238060194e-01
1536 1.9531763343861765e+01 2.7023070652048170e-01
1537 1.9188424709591700e+01 2.6548046251633572e-01
1538 1.8853852485240168e+01 2.6085150572544480e-01
1539 1.9090677307751822e+01 2.6412808336885685e-01
1540 1.9229734510609649e+01 2.6605200214226560e-01
1541 1.9149504725763617e+01 2.6494198708314176e-01
1542 1.8668560674140306e+01 2.5828791040921795e-01
1543 1.8589821783822231e+01 2.5719852254460512e-01
1544 1.8766836246910312e+01 2.5964759703841778e-01
1545 1.8916776295955483e+01 2.6172208487015397e-01
1546 1.8619861638161524e+01 2.5761413740328254e-01
1547 1.8260448334202248e+01 2.5264149313395196e-01
1548 1.8312319256973936e+01 2.5335915061636599e-01
1549 1.8504756815838004e+01 2.5602161055802081e-01
1550 1.8513007979401124e+01 2.5613576910684321e-01
1551 1.8072422570950653e+01 2.5004007236343562e-01
1552 1.7947500101612235e+01 2.4831171396817517e-01
1553 1.8048291446263573e+01 2.4970620742976218e-01
1554 1.8258823422939958e+01 2.5261901175781037e-01
1555 1.7942114502451794e+01 2.4823720178816663e-01
1556 1.7663509175089978e+01 2.4438257212017947e-01
1557 1.7648854352455050e+01 2.4417981607584036e-01
1558 1.7884852674737754e+01 2.4744495871787148e-01
1559 1.7795017569882763e+01 2.4620204974811197e-01
1560 1.7426509466182164e+01 2.4110357484503409e-01
1561 1.7325333998318055e+01 2.3970376686650607e-01
1562 1.7472814682808238e+01 2.4174422828651562e-01
1563 1.7586029533476754e+01 2.4331060652621403e-01
1564 1.7215762585948877e+01 2.3818779722988465e-01
1565 1.7045449840296591e+01 2.3583144400274378e-01
1566 1.7092096368760743e+01 2.3647681964659506e-01
1567 1.7304719291898508e+01 2.3941855315679680e-01
1568 1.7021056320790436e+01 2.3549394871905549e-01
1569 1.6774577359000030e+01 2.3208380172851312e-01
1570 1.6767837157081367e+01 2.3199054801175928e-01
1571 1.6973550717480133e+01 2.3483668738938351e-01
1572 1.6827610801758226e+01 2.3281754319637010e-01
1573 1.6502919466077067e+01 2.2832529293214740e-01
1574 1.6484778734644905e+01 2.2807430777605026e-01
1575 1.6633527349567153e+01 2.3013231158229722e-01
1576 1.6613532493152491e+01 2.2985567377542926e-01
1577 1.6241330373600899e+01 2.2470609050616153e-01
1578 1.6211664368111588e+01 2.2429564801400750e-01
1579 1.6320712223327863e+01 2.2580437400258541e-01
1580 1.6362722858984846e+01 2.2638560999009436e-01
1581 1.6000355637655094e+01 2.2137209694901111e-01
1582 1.5928074730759077e+01 2.2037205818166705e-01
1583 1.6048023347478892e+01 2.2203160109500758e-01
1584 1.6078531611482870e+01 2.2245369661149350e-01
1585 1.5774543396062299e+01 2.1824788330212747e-01
1586 1.5637196409663551e+01 2.1634762614052014e-01
1587 1.5803206448103490e+01 2.1864444948346812e-01
1588 1.5782777772268988e+01 2.1836180959034396e-01
1589 1.5543758938853639e+01 2.1505487682199104e-01
1590 1.5358326312258590e+01 2.1248933326022776e-01
1591 1.5562470437634209e+01 2.1531375880036191e-01
1592 1.5499842253006893e+01 2.1444726977517856e-01
1593 1.5288310954875200e+01 2.1152063938656665e-01
1594 1.5108575853379575e+01 2.0903392364008708e-01
1595 1.5309577977663661e+01 2.1181487818582584e-01
1596 1.5239414078812215e+01 2.1084412917432829e-01
1597 1.5004740607582248e+01 2.0759731644085241e-01
1598 1.4889469192266846e+01 2.0600248470682536e-01
1599 1.5046470750897086e+01 2.0817467169099749e-01
1600 1.4990867876521923e+01 2.0740538098424255e-01
1601 1.4709212291512664e+01 2.0350854963355902e-01
1602 1.4687131442851683e+01 2.0320305118832499e-01
1603 1.4787942453331032e+01 2.0459781673546334e-01
1604 1.4732243877570692e+01 2.0382720195711915e-01
1605 1.4426553477293597e+01 1.9959783815677548e-01
1606 1.4483869701413921e+01 2.0039083382575021e-01
1607 1.4546109112273655e+01 2.0125194399148083e-01
1608 1.4447104875016260e+01 1.9988217596226726e-01
1609 1.4174917059179663e+01 1.9611633544470305e-01
1610 1.4271207810288399e+01 1.9744856117595935e-01
1611 1.4317831313854462e+01 1.9809361826001814e-01
1612 1.4137526838239276e+01 1.9559902496721085e-01
1613 1.3957325528147972e+01 1.9310585901569971e-01
1614 1.4053493696410564e+01 1.9443638875829708e-01
1615 1.4084372035861051e+01 1.9486360443457684e-01
1616 1.3824419207970299e+01 1.9126704046305035e-01
1617 1.3763855671129692e+01 1.9042911676606064e-01
1618 1.3839234849553931e+01 1.9147202150967751e-01
1619 1.3823643749766886e+01 1.9125631165098683e-01
1620 1.3536167553116062e+01 1.8727894952750057e-01
1621 1.3580318177868330e+01 1.8788979322400048e-01
1622 1.3628370691369319e+01 1.8855462130146838e-01
1623 1.3527424400592690e+01 1.8715798409073933e-01
1624 1.3294140746471411e+01 1.8393040010034226e-01
1625 1.3395429310309428e+01 1.8533177281239666e-01
1626 1.3407356135055808e+01 1.8549678578234816e-01
1627 1.3211925183973612e+01 1.8279291091671762e-01
1628 1.3102766678450262e+01 1.8128265403151092e-01
1629 1.3200927086831765e+01 1.8264074730974067e-01
1630 1.3157856303251275e+01 1.8204484370019769e-01
1631 1.2913259072004246e+01 1.7866073129574286e-01
1632 1.2946786367559035e+01 1.7912459646787229e-01
1633 1.2987479865625088e+01 1.7968760926602989e-01
1634 1.2874348140115853e+01 1.7812238110019457e-01
1635 1.2668726019350588e+01 1.7527750683091364e-01
1636 1.2795216636942939e+01 1.7702756126063490e-01
1637 1.2745646067934125e+01 1.7634173020431690e-01
1638 1.2577177843505016e+01 1.7401089675562900e-01
1639 1.2493370224437669e+01 1.7285138075527332e-01
1640 1.2611752574648994e+01 1.7448925366894524e-01
1641 1.2476098571282803e+01 1.7261241968695365e-01
1642 1.2307096530512034e+01 1.7027420064974413e-01
1643 1.2364281025408676e+01 1.7106537378582420e-01
1644 1.2371979156621526e+01 1.7117188088402685e-01
1645 1.2199777458470592e+01 1.6878939315180796e-01
1646 1.2098972968592442e+01 1.6739471782011189e-01
1647 1.2225095286108150e+01 1.6913967665307775e-01
1648 1.2083176331054251e+01 1.6717616425444343e-01
1649 1.1952628966373689e+01 1.6536998290916813e-01
1650 1.1950293147394369e+01 1.6533766580589523e-01
1651 1.2018436373040750e+01 1.6628045789726026e-01
1652 1.1790839142393596e+01 1.6313154812618141e-01
1653 1.1760525226733298e+01 1.6271214150620214e-01
1654 1.1811343570038019e+01 1.6341523607957309e-01
1655 1.1733342797494274e+01 1.6233606040543899e-01
1656 1.1554368180862419e+01 1.5985986630815294e-01
1657 1.1609879047243346e+01 1.6062788404303896e-01
1658 1.1618404312926073e+01 1.6074583491763020e-01
1659 1.1426347359360502e+01 1.5808864082099447e-01
1660 1.1399243792695410e+01 1.5771365081931424e-01
1661 1.1445010841239698e+01 1.5834685846399763e-01
1662 1.1355251097218718e+01 1.5710499214517856e-01
1663 1.1181681756003099e+01 1.5470358245772545e-01
1664 1.1282562595712477e+01 1.5609931412358202e-01
1665 1.1215272060695886e+01 1.5516831938954082e-01
1666 1.1079271638412267e+01 1.5328669254644597e-01
1667 1.1033593436075719e+01 1.5265471412889720e-01
1668 1.1116075610046478e+01 1.5379589200183452e-01
1669 1.0939589863086297e+01 1.5135413253279853e-01
1670 1.0867032971775108e+01 1.5035027539728216e-01
1671 1.0922548292186747e+01 1.5111835475568083e-01
1672 1.0853888736239746e+01 1.5016841900301509e-01
1673 1.0701617802424648e+01 1.4806168233500611e-01
1674 1.0726182901368496e+01 1.4840155149717407e-01
1675 1.0747222489497426e+01 1.4869264363590654e-01
1676 1.0559362635359694e+01 1.4609351829239636e-01
1677 1.0554970745009813e+01 1.4603275451949402e-01
1678 1.0575207595145139e+01 1.4631274041802975e-01
1679 1.0485211137823100e+01 1.4506759906451658e-01
1680 1.0343899004093648e+01 1.4311248231108595e-01
1681 1.0443452923219329e+01 1.4448985543549819e-01
1682 1.0343097821870254e+01 1.4310139759566787e-01
1683 1.0229813548504026e+01 1.4153405886180820e-01
1684 1.0228639907317124e+01 1.4151782100956953e-01
1685 1.0253768195359450e+01 1.4186548214552439e-01
1686 1.0081016941693782e+01 1.3947539106626483e-01
1687 1.0064955416708788e+01 1.3925317266395887e-01
1688 1.0105548199874583e+01 1.3981479202629735e-01
1689 9.9739052312764720e+00 1.3799345250940723e-01
1690 9.9003559529705960e+00 1.3697586525470015e-01
1691 9.9400285324060889e+00 1.3752475318568733e-01
1692 9.8823926159859727e+00 1.3672733443035215e-01
1693 9.7290184776822013e+00 1.3460533443341774e-01
1694 9.7998284507667428e+00 1.3558502217171636e-01
1695 9.7394007542777192e+00 1.3474897788691984e-01
1696 9.6283905548476447e+00 1.3321310198596611e-01
1697 9.5985485637885617e+00 1.3280022465451879e-01
1698 9.6467962560190266e+00 1.3346775311725326e-01
1699 9.4793852717346443e+00 1.3115154706017570e-01
1700 9.4623932824556753e+00 1.3091645526701781e-01
1701 9.4860598525123248e+00 1.3124389287901073e-01
1702 9.3864852043612412e+00 1.2986623295923436e-01
1703 9.2961959566777388e+00 1.2861704071974392e-01
1704 9.3460982355351536e+00 1.2930746113060046e-01
1705 9.2750466368522488e+00 1.2832443039377120e-01
1706 9.1495411304856749e+00 1.2658800541971432e-01
1707 9.2047746611847607e+00 1.2735218609104759e-01
1708 9.1448631126592712e+00 1.2652328294483642e-01
1709 9.0406918893634778e+00 1.2508202734621315e-01
1710 9.0254276693234079e+00 1.2487084001543852e-01
1711 9.0538176826887664e+00 1.2526362858423190e-01
1712 8.8894029775115300e+00 1.2298887739253450e-01
1713 8.9050928850956890e+00 1.2320595430141691e-01
1714 8.8973479379440743e+00 1.2309879948370291e-01
1715 8.8028611960532253e+00 1.2179153302913537e-01
1716 8.7328211421192812e+00 1.2082249746762010e-01
1717 8.7888978742716173e+00 1.2159834420926352e-01
1718 8.6718090855996035e+00 1.1997836829969417e-01
1719 8.6068508095680301e+00 1.1907964141480791e-01
1720 8.6450851871297605e+00 1.1960863117778926e-01
1721 8.5632285704826288e+00 1.1847610817100798e-01
1722 8.4766398305989323e+00 1.1727811411673111e-01
1723 8.4996289193976384e+00 1.1759617847164706e-01
1724 8.4635164294395242e+00 1.1709654597540028e-01
1725 8.3326176034045627e+00 1.1528550200464452e-01
1726 8.3832282023331004e+00 1.1598572234139060e-01
1727 8.3253306671362903e+00 1.1518468397293496e-01
1728 8.2366040127769971e+00 1.1395711091296107e-01
1729 8.2201282784640703e+00 1.1372916173881621e-01
1730 8.2358434692658271e+00 1.1394658845235447e-01
1731 8.0932725101988687e+00 1.1197405528575359e-01
1732 8.1098755776568350e+00 1.1220376617107329e-01
1733 8.0965264235593999e+00 1.1201907463658702e-01
1734 7.9959016610745248e+00 1.1062688591399075e-01
1735 7.9656133022568198e+00 1.1020783288439183e-01
1736 7.9858951208980757e+00 1.1048844094237700e-01
1737 7.8789765610680629e+00 1.0900917471052923e-01
1738 7.8367296007698304e+00 1.0842466906560895e-01
1739 7.8714034555687880e+00 1.0890439739915216e-01
1740 7.7572185014488788e+00 1.0732459734307943e-01
1741 7.7266749937324155e+00 1.0690201421402327e-01
1742 7.7327211362819384e+00 1.0698566530809586e-01
1743 7.6674840117974981e+00 1.0608308042979120e-01
1744 7.5817260763151051e+00 1.0489658092705030e-01
1745 7.6375921036725032e+00 1.0566951247334752e-01
1746 7.5319110569431000e+00 1.0420736779031327e-01
1747 7.4876776104263616e+00 1.0359537821755353e-01
1748 7.4945094925553990e+00 1.0368990037113957e-01
1749 7.4438386257912619e+00 1.0298884620185580e-01
1750 7.3521065894569144e+00 1.0171969233424132e-01
1751 7.3925181320476838e+00 1.0227880415193176e-01
1752 7.3217714570496240e+00 1.0129999217105094e-01
1753 7.2458377621665493e+00 1.0024941544350664e-01
1754 7.2722378270848100e+00 1.0061467218297508e-01
1755 7.2119783337624375e+00 9.9780955064433990e-02
1756 7.1381757313937726e+00 9.8759862957693803e-02
1757 7.1485013864324731e+00 9.8902723026560641e-02
1758 7.1153093305302288e+00 9.8443496045390530e-02
1759 7.0118668388661289e+00 9.7012322775752599e-02
1760 7.0537084827338843e+00 9.7591220686059063e-02
1761 6.9865706591948067e+00 9.6662338783805521e-02
1762 6.9238768064296909e+00 9.5794941210481321e-02
1763 6.9204137344514658e+00 9.5747028056357361e-02
1764 6.9001946300728809e+00 9.5467287678325727e-02
1765 6.7954180453807664e+00 9.4017656633259269e-02
1766 6.8298349503930185e+00 9.4493829951252703e-02
1767 6.7758984789811425e+00 9.3747594676933055e-02
1768 6.7026183488510487e+00 9.2733731207960024e-02
1769 6.7113949443604497e+00 9.2855159343433274e-02
1770 6.6763572968767297e+00 9.2370397774923035e-02
1771 6.5938548346476429e+00 9.1228939204831758e-02
1772 6.6048068401576456e+00 9.1380465113408485e-02
1773 6.5743712108016146e+00 9.0959374529856002e-02
1774 6.4819563032306533e+00 8.9680772832392050e-02
1775 6.5116134739831306e+00 9.0091093091999294e-02
1776 6.4550825961304303e+00 8.9308963040891587e-02
1777 6.3954126968409577e+00 8.8483403220248572e-02
1778 6.3904092396533496e+00 8.8414178145837810e-02
1779 6.3701151901262349e+00 8.8133400868060818e-02
1780 6.2735902161912032e+00 8.6797934558945827e-02
1781 6.3095236319813486e+00 8.7295089483757915e-02
1782 6.2464832597369035e+00 8.6422897658011463e-02
1783 6.1917143750634054e+00 8.5665145572851695e-02
1784 6.1929096173994997e+00 8.5681682286678287e-02
1785 6.1579633379509868e+00 8.5198184835916790e-02
1786 6.0810790651202273e+00 8.4134456436099833e-02
1787 6.1032117118175639e+00 8.4440671530400011e-02
1788 6.0498791772843665e+00 8.3702791993683065e-02
1789 5.9860118149005848e+00 8.2819158388425754e-02
1790 6.0069387544225750e+00 8.3108691983154473e-02
1791 5.9441913436215561e+00 8.2240553410380959e-02
1792 5.8975864919076573e+00 8.1595754383062866e-02
1793 5.9004470725853793e+00 8.1635331799806587e-02
1794 5.8560069569196376e+00 8.1020482866672267e-02
1795 5.7890027589976212e+00 8.0093449734766384e-02
1796 5.8211146987442834e+00 8.0537732824455310e-02
1797 5.7392995507610838e+00 7.9405783555239640e-02
1798 5.7140544259134893e+00 7.9056505929678639e-02
1799 5.7088565854436046e+00 7.8984591475370083e-02
1800 5.6574242001614028e+00 7.8273001355822019e-02
1801 5.6078687700327405e+00 7.7587379752701219e-02
1802 5.6286166027905198e+00 7.7874435325011621e-02
1803 5.5479981363275321e+00 7.6759042681380313e-02
1804 5.5285112246174393e+00 7.6489432517330508e-02
1805 5.5275156720005452e+00 7.6475658600336671e-02
1806 5.4563879691332664e+00 7.5491574927981295e-02
1807 5.4399375543684041e+00 7.5263976061140589e-02
1808 5.4321437211108536e+00 7.5156144882223885e-02
1809 5.3665093389216976e+00 7.4248063765390920e-02
1810 5.3469845692913571e+00 7.3977929820033927e-02
1811 5.3478319872279565e+00 7.3989654227282459e-02
1812 5.2628105624574486e+00 7.2813344680590517e-02
1813 5.2757375004250839e+00 7.2992194665542770e-02
1814 5.2394026880982336e+00 7.2489486239605397e-02
1815 5.1883928062207367e+00 7.1783741644168536e-02
1816 5.1758474930255787e+00 7.1610171609115161e-02
1817 5.1619419863242220e+00 7.1417782686810621e-02
1818 5.0853787761281692e+00 7.0358496332552312e-02
1819 5.1072145861189959e+00 7.0660604557876594e-02
1820 5.0553274719935288e+00 6.9942723060820652e-02
1821 5.0121212204684271e+00 6.9344945191502000e-02
1822 5.0141650609614699e+00 6.9373222641455012e-02
1823 4.9704989343547936e+00 6.8769082194113207e-02
1824 4.9247278086147679e+00 6.8135818139598028e-02
1825 4.9331169403820248e+00 6.8251885540408092e-02
1826 4.8790914215059571e+00 6.7504418254480544e-02
1827 4.8424964885038868e+00 6.6998110942328562e-02
1828 4.8534394467703965e+00 6.7149511678233575e-02
1829 4.7828288518261903e+00 6.6172582425934337e-02
1830 4.7736743996267155e+00 6.6045926473672384e-02
1831 4.7574920723383611e+00 6.5822036717315485e-02
1832 4.7076429732828382e+00 6.5132352072871089e-02
1833 4.6845762554624244e+00 6.4813213685620569e-02
1834 4.6847764885052356e+00 6.4815983999579163e-02
1835 4.6098349599939690e+00 6.3779134338809093e-02
1836 4.6227961824878561e+00 6.3958458665559811e-02
1837 4.5848177361311508e+00 6.3433009825593800e-02
1838 4.5410261915493431e+00 6.2827134164311835e-02
1839 4.5366362687983521e+00 6.2766397614022668e-02
1840 4.5072611038727937e+00 6.2359979031520033e-02
1841 4.4560734627911023e+00 6.1651775057762107e-02
1842 4.4661705702709611e+00 6.1791473068641037e-02
1843 4.4174837429614007e+00 6.1117868975120317e-02
1844 4.3832067611905163e+00 6.0643631557931524e-02
1845 4.3895034479007471e+00 6.0730749042845068e-02
1846 4.3302262101682247e+00 5.9910621870964492e-02
1847 4.3166088013529915e+00 5.9722218912136138e-02
1848 4.3035324129091128e+00 5.9541301212811461e-02
1849 4.2569060903055762e+00 5.8896205126104807e-02
1850 4.2369152008601167e+00 5.8619622204035098e-02
1851 4.2337155910107702e+00 5.8575354166635875e-02
1852 4.1670280528351089e+00 5.7652702164353448e-02
1853 4.1799527257866940e+00 5.7831520811792707e-02
1854 4.1394281787019285e+00 5.7270845526241475e-02
1855 4.1051109725428319e+00 5.6796051586599769e-02
1856 4.0981282684474021e+00 5.6699442743459935e-02
1857 4.0687852881962554e+00 5.6293469450363696e-02
1858 4.0248711752925557e+00 5.5685898001372310e-02
1859 4.0351937145414007e+00 5.5828714961888959e-02
1860 3.9812090424746560e+00 5.5081812809889580e-02
1861 3.9633526327317732e+00 5.4834761371891541e-02
1862 3.9574056403064013e+00 5.4752482064258763e-02
1863 3.9057185000928354e+00 5.4037367295969058e-02
1864 3.8982607177588426e+00 5.3934185532310004e-02
1865 3.8795841545089731e+00 5.3675786902676145e-02
1866 3.8356037886033856e+00 5.3067298813686922e-02
1867 3.8285122159994169e+00 5.2969183725900239e-02
1868 3.8087006097036720e+00 5.2695081266621396e-02
1869 3.7586835885164467e+00 5.2003073344166130e-02
1870 3.7716699630417398e+00 5.2182745660552886e-02
1871 3.7217848119556587e+00 5.1492562220095156e-02
1872 3.7039343556355622e+00 5.1245593150371672e-02
1873 3.6930053083593228e+00 5.1094384879256612e-02
1874 3.6569689000330690e+00 5.0595805006511813e-02
1875 3.6318663924471828e+00 5.0248500554735231e-02
1876 3.6317974573189709e+00 5.0247546806316677e-02
1877 3.5764503080354206e+00 4.9481794170905563e-02
1878 3.5790898253134631e+00 4.9518313076360287e-02
1879 3.5520008424425060e+00 4.9143524848013230e-02
1880 3.5147624554424670e+00 4.8628315061188414e-02
1881 3.5138527527055623e+00 4.8615728915790815e-02
1882 3.4807855948628070e+00 4.8158229955294743e-02
1883 3.4516023229204040e+00 4.7754466298284566e-02
1884 3.4493604928970076e+00 4.7723449574374098e-02
1885 3.4108919915868485e+00 4.7191220604320794e-02
1886 3.3890236774926823e+00 4.6888662670147609e-02
1887 3.3876595701932652e+00 4.6869789633811797e-02
1888 3.3360290378606630e+00 4.6155458060945773e-02
1889 3.3391569969321826e+00 4.6198734777695954e-02
1890 3.3101654249256347e+00 4.5797623375282259e-02
1891 3.2809771970741028e+00 4.5393791151046393e-02
1892 3.2719692464328434e+00 4.5269162113553259e-02
1893 3.2494321535359161e+00 4.4957351324673905e-02
1894 3.2127270009560993e+00 4.4449519075226589e-02
1895 3.2204843243419798e+00 4.4556845123692825e-02
1896 3.1723406851877054e+00 4.3890756281938795e-02
1897 3.1652318156286450e+00 4.3792401883020145e-02
1898 3.1494590349688467e+00 4.3574178387964874e-02
1899 3.1137709317786322e+00 4.3080417473003840e-02
1900 3.1061630543051564e+00 4.2975159075767287e-02
1901 3.0868079620865592e+00 4.2707372693507828e-02
1902 3.0518309780387041e+00 4.2223450430842392e-02
1903 3.0517294103892563e+00 4.2222045196855747e-02
1904 3.0203214144199659e+00 4.1787501485069420e-02
1905 2.9955237549074267e+00 4.1444414743122292e-02
1906 2.9958570908338298e+00 4.1449026595176547e-02
1907 2.9521766146337334e+00 4.0844687614773494e-02
1908 2.9486612157356311e+00 4.0796050494242640e-02
1909 2.9279615206852170e+00 4.0509660928705032e-02
1910 2.8990938077627169e+00 4.0110263172274140e-02
1911 2.8897312519991489e+00 3.9980728013861440e-02
1912 2.8717343672449624e+00 3.9731733041074212e-02
1913 2.8369238604737488e+00 3.9250114066201811e-02
1914 2.8434083570834008e+00 3.9339829985312956e-02
1915 2.8012529012600824e+00 3.8756590345845977e-02
1916 2.7938983178659527e+00 3.8654836385808154e-02
1917 2.7787571022309998e+00 3.8445350876149954e-02
1918 2.7483731185500866e+00 3.8024974833677561e-02
1919 2.7396030408665362e+00 3.7903636875248420e-02
1920 2.7227299013158071e+00 3.7670189421388847e-02
1921 2.6911244154711089e+00 3.7232913348595353e-02
1922 2.6914961109991786e+00 3.7238055922944241e-02
1923 2.6606578899235380e+00 3.6811395302374920e-02
1924 2.6423195426639432e+00 3.6557676042667853e-02
1925 2.6383114732972612e+00 3.6502222605224788e-02
1926 2.6010288274418460e+00 3.5986400477284256e-02
1927 2.5986062040615749e+00 3.5952882396189469e-02
1928 2.5771105810570250e+00 3.5655480810405718e-02
1929 2.5530733923840572e+00 3.5322915523621018e-02
1930 2.5455733328966623e+00 3.5219148836581914e-02
1931 2.5248244003545111e+00 3.4932078048261442e-02
1932 2.4990982767849768e+00 3.4576145589638174e-02
1933 2.5014022312214954e+00 3.4608021832669103e-02
1934 2.4620935351381310e+00 3.4064168391072659e-02
1935 2.4612654798918263e+00 3.4052711875329177e-02
1936 2.4402341174844202e+00 3.3761733543143532e-02
1937 2.4174547604428032e+00 3.3446570921158707e-02
1938 2.4101416205643069e+00 3.3345390350748502e-02
1939 2.3898550713522186e+00 3.3064716843194050e-02
1940 2.3669454718246570e+00 3.2747752257998010e-02
1941 2.3657671812972318e+00 3.2731450080047832e-02
1942 2.3329947070196302e+00 3.2278028198851227e-02
1943 2.3264654982053274e+00 3.2187693666333804e-02
1944 2.3124296109012099e+00 3.1993500869909944e-02
1945 2.2845119831532297e+00 3.1607247968013945e-02
1946 2.2838755686490297e+00 3.1598442887894852e-02
1947 2.2576917962057177e+00 3.1236178651831835e-02
1948 2.2430228267275689e+00 3.1033226879571434e-02
1949 2.2345639747327728e+00 3.0916194868141480e-02
1950 2.2101161638039173e+00 3.0577948438268571e-02
1951 2.1979574388428840e+00 3.0409727024832245e-02
1952 2.1895251122822965e+00 3.0293062004682129e-02
1953 2.1585071286064395e+00 2.9863914287909191e-02
1954 2.1621112591544565e+00 2.9913779050615767e-02
1955 2.1328488979291444e+00 2.9508921157902320e-02
1956 2.1227924581770456e+00 2.9369785803277808e-02
1957 2.1118376392254858e+00 2.9218220969475215e-02
1958 2.0896176447899983e+00 2.8910797380039290e-02
1959 2.0789700604536674e+00 2.8763483274943533e-02
1960 2.0684048445652290e+00 2.8617308774269410e-02
1961 2.0419482355689813e+00 2.8251269722120081e-02
1962 2.0425553234635214e+00 2.8259669055440553e-02
1963 2.0168483388844329e+00 2.7904001393334592e-02
1964 2.0052436839108316e+00 2.7743445786693563e-02
1965 1.9976791470116944e+00 2.7638787025742698e-02
1966 1.9718877639596468e+00 2.7281951672907773e-02
1967 1.9683737982018452e+00 2.7233334380515790e-02
1968 1.9504142439884067e+00 2.6984855892503823e-02
1969 1.9329978514021542e+00 2.6743892289230378e-02
1970 1.9272459663413810e+00 2.6664312379499094e-02
1971 1.9071159715379944e+00 2.6385804872408991e-02
1972 1.8932787313285575e+00 2.6194360447639994e-02
1973 1.8886188486194835e+00 2.6129888880244551e-02
1974 1.8605299748184441e+00 2.5741266712394819e-02
1975 1.8623253349656024e+00 2.5766106325310657e-02
1976 1.8391234409192776e+00 2.5445097714343529e-02
1977 1.8281879240171868e+00 2.5293799933052964e-02
1978 1.8192234675590311e+00 2.5169772657091687e-02
1979 1.8006366523635842e+00 2.4912615732045812e-02
1980 1.7896038918331498e+00 2.4759972541540051e-02
1981 1.7818543997105494e+00 2.4652754842113881e-02
1982 1.7579729912880304e+00 2.4322344844966870e-02
1983 1.7585547851318708e+00 2.4330394223750669e-02
1984 1.7361020935842446e+00 2.4019751165395762e-02
1985 1.7264417489160497e+00 2.3886095963919132e-02
1986 1.7187311741346101e+00 2.3779416703363671e-02
1987 1.6975476314583502e+00 2.3486332888900421e-02
1988 1.6935315900105359e+00 2.3430769154139143e-02
1989 1.6781412026806066e+00 2.3217836242318986e-02
1990 1.6631641062656515e+00 2.3010621395682489e-02
1991 1.6581961954630324e+00 2.2941888121451804e-02
1992 1.6397602599336181e+00 2.2686818684260136e-02
1993 1.6297040572062174e+00 2.2547686608978632e-02
1994 1.6232084233153425e+00 2.2457816600586322e-02
1995 1.6007055132464660e+00 2.2146478746465206e-02
1996 1.6018815521165644e+00 2.2162749771726328e-02
1997 1.5804857827419445e+00 2.1866729705700399e-02
1998 1.5732465077368025e+00 2.1766571088943944e-02
1999 1.5636474121104558e+00 2.1633763295433556e-02
2000 1.5478208531544149e+00 2.1414795753528382e-02
