# step 11
# iter abs_residual rel_residual
0 7.2278104865856122e+01 1.0000000000000000e+00
1 1.1546600861378695e+03 1.5975240195918946e+01
2 1.1527745212178302e+03 1.5949152559510399e+01
3 1.1585072720811820e+03 1.6028467739038025e+01
4 1.2484330970660308e+03 1.7272631862485170e+01
5 1.4402468346335759e+03 1.9926460956697586e+01
6 1.2677694538265698e+03 1.7540159031278900e+01
7 1.4124522130187454e+03 1.9541909899826138e+01
8 1.3004236603872214e+03 1.7991944625564418e+01
9 1.3783981910459288e+03 1.9070757231448642e+01
10 1.3232324643110383e+03 1.8307514658372398e+01
11 1.3547601259457167e+03 1.8743713998313474e+01
12 1.3364428175015421e+03 1.8490285820054368e+01
13 1.3388396176531760e+03 1.8523446625198364e+01
14 1.3429152194656144e+03 1.8579834404319062e+01
15 1.3277325809217891e+03 1.8369775790137027e+01
16 1.3450051727472110e+03 1.8608749845384864e+01
17 1.3195692023741576e+03 1.8256831786378459e+01
18 1.3443069584332679e+03 1.8599089737178666e+01
19 1.3132163294672696e+03 1.8168936940232747e+01
20 1.3418458874574744e+03 1.8565039716354779e+01
21 1.3079856800722807e+03 1.8096568559729459e+01
22 1.3382737217490883e+03 1.8515617201541808e+01
23 1.3034526903324413e+03 1.8033852613479176e+01
24 1.3340055733933377e+03 1.8456565454630734e+01
25 1.2993510853088803e+03 1.7977105068269275e+01
26 1.3293075319949116e+03 1.8391565944652640e+01
27 1.2955114809359802e+03 1.7923982419577445e+01
28 1.3243513570096557e+03 1.8322995040719086e+01
29 1.2918249965133111e+03 1.7872978254076553e+01
30 1.3192485335171884e+03 1.8252395188911436e+01
31 1.2882212246106458e+03 1.7823118453389281e+01
32 1.3140716232903485e+03 1.8180770313903327e+01
33 1.2846546044781946e+03 1.7773772664106751e+01
34 1.3088677968893680e+03 1.8108773041553167e+01
35 1.2810958289395599e+03 1.7724535408298237e+01
36 1.3036675101263156e+03 1.8036824741681389e+01
37 1.2775263299626158e+03 1.7675149788910886e+01
38 1.2984901357272586e+03 1.7965193444642459e+01
39 1.2739346838592060e+03 1.7625457754095148e+01
40 1.2933476589185195e+03 1.7894044971418332e+01
41 1.2703142383665531e+03 1.7575367266811728e+01
42 1.2882471279997935e+03 1.7823476838396687e+01
43 1.2666615286038395e+03 1.7524830388880400e+01
44 1.2831922934616121e+03 1.7753540935296254e+01
45 1.2629752087373674e+03 1.7473828500088299e+01
46 1.2781847130464203e+03 1.7684258814182460e+01
47 1.2592553284021474e+03 1.7422362287158062e+01
48 1.2732245007394151e+03 1.7615632052091630e+01
49 1.2555028382762853e+03 1.7370444903147696e+01
50 1.2683108376845064e+03 1.7547649319782472e+01
51 1.2517192522213099e+03 1.7318097293010471e+01
52 1.2634423194672079e+03 1.7480291186550641e+01
53 1.2479064168608697e+03 1.7265345005612836e+01
54 1.2586171941767732e+03 1.7413533413925173e+01
55 1.2440663539073525e+03 1.7212216012252480e+01
56 1.2538335239641403e+03 1.7347349190895098e+01
57 1.2402011533655414e+03 1.7158739229083015e+01
58 1.2490892942220719e+03 1.7281710644465672e+01
59 1.2363129023425640e+03 1.7104943532167695e+01
60 1.2443824862327822e+03 1.7216589844770866e+01
61 1.2324036388407440e+03 1.7050857118182776e+01
62 1.2397111252386519e+03 1.7151959470153269e+01
63 1.2284753213123035e+03 1.6996507083193187e+01
64 1.2350733099325078e+03 1.7087793215175338e+01
65 1.2245298121523961e+03 1.6941919194271222e+01
66 1.2304672309081766e+03 1.7024066045891086e+01
67 1.2205688672012982e+03 1.6887117744254663e+01
68 1.2258911806654962e+03 1.6960754338269904e+01
69 1.2165941326622178e+03 1.6832125509103268e+01
70 1.2213435565418504e+03 1.6897835918755639e+01
71 1.2126071450104832e+03 1.6776963746642366e+01
72 1.2168228618946293e+03 1.6835290080626496e+01
73 1.2086093333565689e+03 1.6721652229256371e+01
74 1.2123277032808362e+03 1.6773097544973606e+01
75 1.2046020237638634e+03 1.6666209303627056e+01
76 1.2078567863307942e+03 1.6711240403611921e+01
77 1.2005864443536120e+03 1.6610651961362702e+01
78 1.2034089109067272e+03 1.6649702052097005e+01
79 1.1965637310934960e+03 1.6554995919085695e+01
80 1.1989829658827775e+03 1.6588467117504241e+01
81 1.1925349333511269e+03 1.6499255695267621e+01
82 1.1945779226394595e+03 1.6527521368421674e+01
83 1.1885010204010771e+03 1.6443444700256940e+01
84 1.1901928302452013e+03 1.6466851648284479e+01
85 1.1844628864374065e+03 1.6387575305629547e+01
86 1.1858268092532940e+03 1.6406445789552979e+01
87 1.1804213570130155e+03 1.6331658933280107e+01
88 1.1814790463260113e+03 1.6346292539334925e+01
89 1.1763771933481914e+03 1.6275706115032730e+01
90 1.1771487897142906e+03 1.6286381496844847e+01
91 1.1723310979317905e+03 1.6219726570135833e+01
92 1.1728353439133530e+03 1.6226703039462169e+01
93 1.1682837191193732e+03 1.6163729268879401e+01
94 1.1685380650347877e+03 1.6167248258701928e+01
95 1.1642356550283284e+03 1.6107722486485788e+01
96 1.1642563576280581e+03 1.6108008916238866e+01
97 1.1601874578313509e+03 1.6051713862511892e+01
98 1.1599896696470246e+03 1.6048977374267029e+01
99 1.1561396376416208e+03 1.5995710454602364e+01
100 1.1557374897015875e+03 1.5990146557475017e+01
101 1.1520926651012178e+03 1.5939718774301477e+01
102 1.1514993435948770e+03 1.5931509905136439e+01
103 1.1480469756749226e+03 1.5883744846459791e+01
104 1.1472747910228743e+03 1.5873061325447704e+01
105 1.1440029715493513e+03 1.5827794235509536e+01
106 1.1430634233253418e+03 1.5814795164411127e+01
107 1.1399610245689310e+03 1.5771872086085143e+01
108 1.1388648605548981e+03 1.5756706165284269e+01
109 1.1359214789407024e+03 1.5715983160445411e+01
110 1.1346787494184905e+03 1.5698789440099281e+01
111 1.1318846530360945e+03 1.5660131863401860e+01
112 1.1305047609295505e+03 1.5641040437179424e+01
113 1.1278508414127821e+03 1.5604322270292039e+01
114 1.1263425889393259e+03 1.5583454920819396e+01
115 1.1238203171241080e+03 1.5548558158931421e+01
116 1.1221919476065154e+03 1.5526028936276584e+01
117 1.1197933329694392e+03 1.5492843026912634e+01
118 1.1180525705879390e+03 1.5468758798573626e+01
119 1.1157701230377506e+03 1.5437180112961649e+01
120 1.1139242088630558e+03 1.5411641062399646e+01
121 1.1117509047649169e+03 1.5381572425401311e+01
122 1.1098066298819783e+03 1.5354672510322644e+01
123 1.1077358792214859e+03 1.5326022746132844e+01
124 1.1056996160705680e+03 1.5297850132106825e+01
125 1.1037252332579269e+03 1.5270533660316294e+01
126 1.1016029635282814e+03 1.5241171106696713e+01
127 1.0997191401707846e+03 1.5215107565587092e+01
128 1.0975164815385683e+03 1.5184632795443292e+01
129 1.0957177605377376e+03 1.5159746683609439e+01
130 1.0934399909820627e+03 1.5128232720149795e+01
131 1.0917212434620296e+03 1.5104453077293595e+01
132 1.0893733238464597e+03 1.5071968556290622e+01
133 1.0877297275727481e+03 1.5049228664635161e+01
134 1.0853163221723062e+03 1.5015838118425890e+01
135 1.0837433411627796e+03 1.4994075220623770e+01
136 1.0812688376656820e+03 1.4959839354842700e+01
137 1.0797622035097486e+03 1.4938994395518854e+01
138 1.0772307304127442e+03 1.4903970329770274e+01
139 1.0757864254681986e+03 1.4883987723042745e+01
140 1.0732018690350374e+03 1.4848229225528760e+01
141 1.0718161096180529e+03 1.4829056622434692e+01
142 1.0691821292806153e+03 1.4792614323036748e+01
143 1.0678513515664181e+03 1.4774202416461899e+01
144 1.0651713940584812e+03 1.4737124002287777e+01
145 1.0638922397448464e+03 1.4719426328614555e+01
146 1.0611695529596150e+03 1.4681756735723534e+01
147 1.0599388563539558e+03 1.4664729496175079e+01
148 1.0571765012060671e+03 1.4626511073694088e+01
149 1.0559912776315070e+03 1.4610112973927087e+01
150 1.0531921400287758e+03 1.4571385649685171e+01
151 1.0520495743080787e+03 1.4555577740459858e+01
152 1.0492163757976600e+03 1.4516379168282613e+01
153 1.0481138117873707e+03 1.4501124700662915e+01
154 1.0452491196619849e+03 1.4461490400196647e+01
155 1.0441840510078700e+03 1.4446754697647561e+01
156 1.0412902872548714e+03 1.4406718178173659e+01
157 1.0402603481803581e+03 1.4392468509115169e+01
158 1.0373397988357151e+03 1.4352061398966621e+01
159 1.0363427553315844e+03 1.4338266854879151e+01
160 1.0333975780988153e+03 1.4297519006851935e+01
161 1.0324313207325288e+03 1.4284150402790170e+01
162 1.0294635529006732e+03 1.4243090003691941e+01
163 1.0285260887812951e+03 1.4230119767115900e+01
164 1.0255376543571572e+03 1.4188773436443778e+01
165 1.0246271007397759e+03 1.4176175518733135e+01
166 1.0216198166672710e+03 1.4134568394721152e+01
167 1.0207343943711990e+03 1.4122318180113071e+01
168 1.0177099774252484e+03 1.4080474015112292e+01
169 1.0168480047055568e+03 1.4068548235911365e+01
170 1.0138080767340077e+03 1.4026489468914209e+01
171 1.0129679638417343e+03 1.4014866130230487e+01
172 1.0099140573874607e+03 1.3972613964655013e+01
173 1.0090943013374127e+03 1.3961272272014215e+01
174 1.0060278647994541e+03 1.3918846747110790e+01
175 1.0052270441523807e+03 1.3907767034263316e+01
176 1.0021494466763635e+03 1.3865187092775793e+01
177 1.0013662172120669e+03 1.3854350761832276e+01
178 9.9827875258078757e+02 1.3811634303825947e+01
179 9.9751184302342858e+02 1.3801023766114945e+01
180 9.9441573466860416e+02 1.3758187718316368e+01
181 9.9366394212752346e+02 1.3747786331306068e+01
182 9.9056034660619355e+02 1.3704846695200640e+01
183 9.8982253330337551e+02 1.3694638717221867e+01
184 9.8671254400105101e+02 1.3651610620288551e+01
185 9.8598763319871171e+02 1.3641581154191110e+01
186 9.8287228417705194e+02 1.3598478903136774e+01
187 9.8215925726913360e+02 1.3588613856048978e+01
188 9.7903952592939584e+02 1.3545450973658415e+01
189 9.7833741900586165e+02 1.3535737009452557e+01
190 9.7521422962007375e+02 1.3492526283443839e+01
191 9.7452213052833076e+02 1.3482950782079664e+01
192 9.7139635705412809e+02 1.3439704304048677e+01
193 9.7071340264291939e+02 1.3430255323441392e+01
194 9.6758587121878736e+02 1.3386984523384632e+01
195 9.6691124481530039e+02 1.3377650764499572e+01
196 9.6378273645718355e+02 1.3334366448122944e+01
197 9.6311566501941434e+02 1.3325137215577247e+01
198 9.5998691832989039e+02 1.3281849601778703e+01
199 9.5932667049202905e+02 1.3272714776798347e+01
200 9.5619838332114477e+02 1.3229433520646291e+01
201 9.5554426703110050e+02 1.3220383528380193e+01
202 9.5241709908761641e+02 1.3177117757241229e+01
203 9.5176845944851391e+02 1.3168143536897373e+01
204 9.4864303431864221e+02 1.3124901878366449e+01
205 9.4799925167844583e+02 1.3115994856780988e+01
206 9.4487615845309347e+02 1.3072785461195027e+01
207 9.4423664670555490e+02 1.3063937529325127e+01
208 9.4111644192884023e+02 1.3020768096721635e+01
209 9.4048064648040679e+02 1.3011971581516741e+01
210 9.3736385591087992e+02 1.2968849386001081e+01
211 9.3673125252249281e+02 1.2960097034378675e+01
212 9.3361837237386283e+02 1.2917028941290079e+01
213 9.3298846505085123e+02 1.2908313890941420e+01
214 9.2987996415040618e+02 1.2865306386715703e+01
215 9.2925228388032212e+02 1.2856622148643206e+01
216 9.2614860447728722e+02 1.2813681351996765e+01
217 9.2552270815718771e+02 1.2805021795672465e+01
218 9.2242426759995317e+02 1.2762153480807472e+01
219 9.2179973606112480e+02 1.2753512806844210e+01
220 9.1870692806270597e+02 1.2710722420956825e+01
221 9.1808336550508318e+02 1.2702095153283162e+01
222 9.1499656116445169e+02 1.2659387830694110e+01
223 9.1437359358935043e+02 1.2650768794870503e+01
224 9.1129314270207794e+02 1.2608149375158410e+01
225 9.1067041698666901e+02 1.2599533685572130e+01
226 9.0759664895833384e+02 1.2557006726210924e+01
227 9.0697383169647264e+02 1.2548389770038414e+01
228 9.0390705672294746e+02 1.2505959562727128e+01
229 9.0328383340451956e+02 1.2497336988579885e+01
230 9.0022434340091672e+02 1.2455007572095031e+01
231 8.9960041707977882e+02 1.2446375271589977e+01
232 8.9654848648575603e+02 1.2404150442927314e+01
233 8.9592357756823606e+02 1.2395504547760586e+01
234 8.9287946419139030e+02 1.2353387873803854e+01
235 8.9225330891298131e+02 1.2344724734675191e+01
236 8.8921725518773121e+02 1.2302719569613311e+01
237 8.8858960491814685e+02 1.2294035746611183e+01
238 8.8556183822271714e+02 1.2252145236323884e+01
239 8.8493245909200255e+02 1.2243437493752564e+01
240 8.8191319253432187e+02 1.2201664586683622e+01
241 8.8128186447018902e+02 1.2192929879744300e+01
242 8.7827129783033149e+02 1.2151277339940650e+01
243 8.7763781374416601e+02 1.2142512803469456e+01
244 8.7463613380791742e+02 1.2100983215196223e+01
245 8.7400029932408245e+02 1.2092186159919040e+01
246 8.7100768085890627e+02 1.2050781941162471e+01
247 8.7036931317433653e+02 1.2041949837916896e+01
248 8.6738591940078652e+02 1.2000673246906562e+01
249 8.6674484724821525e+02 1.1991803726133140e+01
250 8.6377083001700043e+02 1.1950656863791711e+01
251 8.6312689282874680e+02 1.1941747703964557e+01
252 8.6016239401424707e+02 1.1900732533187712e+01
253 8.5951544117889887e+02 1.1891781650530387e+01
254 8.5656059241116043e+02 1.1850899992478858e+01
255 8.5591048331037382e+02 1.1841905441473500e+01
256 8.5296540675075744e+02 1.1801158986304506e+01
257 8.5231200980414121e+02 1.1792118946477384e+01
258 8.4937681872984763e+02 1.1751509261431808e+01
259 8.4872001123212544e+02 1.1742422035100388e+01
260 8.4579481023180199e+02 1.1701950567209074e+01
261 8.4513447783976198e+02 1.1692814572383732e+01
262 8.4221936322662259e+02 1.1652482654183197e+01
263 8.4155539961838429e+02 1.1643296419853028e+01
264 8.3865046014477605e+02 1.1603105279271801e+01
265 8.3798276641697487e+02 1.1593867437064395e+01
266 8.3508808331606156e+02 1.1553818197999734e+01
267 8.3441656792205310e+02 1.1544527481326202e+01
268 8.3153221536603894e+02 1.1504621169983821e+01
269 8.3085679340752290e+02 1.1495276404238099e+01
270 8.2798283914130525e+02 1.1455513957899038e+01
271 8.2730343237518446e+02 1.1446114060552786e+01
272 8.2443993739760117e+02 1.1406496323163326e+01
273 8.2375647376992913e+02 1.1397040297317870e+01
274 8.2090349336894906e+02 1.1357568033811862e+01
275 8.2021590649250629e+02 1.1348054960970247e+01
276 8.1737349013241123e+02 1.1308728855708212e+01
277 8.1668171944143558e+02 1.1299157897915952e+01
278 8.1384991106169434e+02 1.1259978558820151e+01
279 8.1315390119627261e+02 1.1250348950148016e+01
280 8.1033273950821024e+02 1.1211316912806994e+01
281 8.0963244025224435e+02 1.1201627958492743e+01
282 8.0682195905974868e+02 1.1162743690598452e+01
283 8.0611732500829407e+02 1.1152994762444312e+01
284 8.0331755331749218e+02 1.1114258665309528e+01
285 8.0260854365166801e+02 1.1104449198567973e+01
286 7.9981950615103233e+02 1.1065861613768789e+01
287 7.9910608422862833e+02 1.1055991101478405e+01
288 7.9632780127061244e+02 1.1017552310600141e+01
289 7.9560993485061408e+02 1.1007620306692033e+01
290 7.9284242268342496e+02 1.0969330534535922e+01
291 7.9212008323753980e+02 1.0959336644308365e+01
292 7.8936335448698526e+02 1.0921196065558123e+01
293 7.8863651723771022e+02 1.0911139946203249e+01
294 7.8589058052057976e+02 1.0873148680076021e+01
295 7.8515922454665258e+02 1.0863030042138785e+01
296 7.8242408521913114e+02 1.0825188162739794e+01
297 7.8168819265086336e+02 1.0815006758985039e+01
298 7.7896385265479637e+02 1.0777314293180584e+01
299 7.7822340903092766e+02 1.0767069923530288e+01
300 7.7550986720746096e+02 1.0729526855287107e+01
301 7.7476486104607159e+02 1.0719219360883759e+01
302 7.7206211320792841e+02 1.0681825632268996e+01
303 7.7131253598559124e+02 1.0671454895187161e+01
304 7.6862057518505117e+02 1.0634210410075989e+01
305 7.6786642093989781e+02 1.0623776347830541e+01
306 7.6518523749915494e+02 1.0586680972326175e+01
307 7.6442650311450188e+02 1.0576183541796402e+01
308 7.6175608487490354e+02 1.0539237107678428e+01
309 7.6099276934474017e+02 1.0528676294945718e+01
310 7.5833310178035765e+02 1.0491878601241398e+01
311 7.5756520684246971e+02 1.0481254430348802e+01
312 7.5491627275127121e+02 1.0444605239060309e+01
313 7.5414380217536268e+02 1.0433917762163366e+01
314 7.5150558279738129e+02 1.0397416813738145e+01
315 7.5072854235790226e+02 1.0386666110728967e+01
316 7.4810101621087756e+02 1.0350313107950308e+01
317 7.4731941401503889e+02 1.0339499290995793e+01
318 7.4470255811193886e+02 1.0303293915827798e+01
319 7.4391640374205110e+02 1.0292417117503508e+01
320 7.4131019305028053e+02 1.0256359023608994e+01
321 7.4051949826462453e+02 1.0245419406596019e+01
322 7.3792390604332047e+02 1.0209508224003153e+01
323 7.3712868386767423e+02 1.0198505968518978e+01
324 7.3454368180118308e+02 1.0162741305467993e+01
325 7.3374394726676962e+02 1.0151676619476325e+01
326 7.3116950527481151e+02 1.0116058059793057e+01
327 7.3036527465421182e+02 1.0104931168432355e+01
328 7.2780136135978830e+02 1.0069458278001955e+01
329 7.2699265252665202e+02 1.0058269428562181e+01
330 7.2443923489270855e+02 1.0022941750302181e+01
331 7.2362606703487165e+02 1.0011691208255650e+01
332 7.2108311096964599e+02 9.9765082704912302e+00
333 7.2026550458582506e+02 9.9651963194468802e+00
334 7.1773297436775329e+02 9.9301576279541806e+00
335 7.1691095113000893e+02 9.9187845677546900e+00
336 7.1438881029600191e+02 9.8838896180505174e+00
337 7.1356239292207601e+02 9.8724557630060374e+00
338 7.1105060356771241e+02 9.8377040306657211e+00
339 7.1021981597222259e+02 9.8262097116457117e+00
340 7.0771833938526595e+02 9.7916006610680952e+00
341 7.0688320629268026e+02 9.7800462201466623e+00
342 7.0439200252567696e+02 9.7455792986408092e+00
343 7.0355254992728590e+02 9.7339650954191139e+00
344 7.0107157832206815e+02 9.6996397404610359e+00
345 7.0022783260959056e+02 9.6879661400803450e+00
346 6.9775705161129633e+02 9.6537817767398870e+00
347 6.9690904045479033e+02 9.6420491620278668e+00
348 6.9444840746849889e+02 9.6080052009851933e+00
349 6.9359615905974965e+02 9.5962139619878393e+00
350 6.9114563108434777e+02 9.5623098083032634e+00
351 6.9028917439911424e+02 9.5504603459131925e+00
352 6.8784870735923801e+02 9.5166953897842852e+00
353 6.8698807203242825e+02 9.5047881140137438e+00
354 6.8455762145402014e+02 9.4711617401219712e+00
355 6.8369283784363563e+02 9.4591970709875284e+00
356 6.8127235837500825e+02 9.4257086518719522e+00
357 6.8040345729378396e+02 9.4136870156816155e+00
358 6.7799290332416695e+02 9.3803359202967709e+00
359 6.7711991611871804e+02 9.3682577507450215e+00
360 6.7471924113671457e+02 9.3350433355848708e+00
361 6.7384219985786740e+02 9.3229090761092674e+00
362 6.7145135713451828e+02 9.2898306946577005e+00
363 6.7057029403805927e+02 9.2776407915315158e+00
364 6.6818923610171191e+02 9.2446977869969267e+00
365 6.6730418422531045e+02 9.2324526973111354e+00
366 6.6493286331256070e+02 9.1996444088654048e+00
367 6.6404385568464841e+02 9.1873445895831729e+00
368 6.6168222374437403e+02 9.1546703524174724e+00
369 6.6078929407960629e+02 9.1423162699961775e+00
370 6.5843730240088109e+02 9.1097754101729933e+00
371 6.5754048451819290e+02 9.0973675325127719e+00
372 6.5519808440994461e+02 9.0649593763692806e+00
373 6.5429741253212308e+02 9.0524981769577426e+00
374 6.5196455475580001e+02 9.0202220432564957e+00
375 6.5106006326598254e+02 9.0077079977997681e+00
376 6.4873669848647512e+02 8.9755632039673969e+00
377 6.4782842214579182e+02 8.9629967934013077e+00
378 6.4551450051044549e+02 8.9309826497039744e+00
379 6.4460247421646625e+02 8.9183643568520541e+00
380 6.4229794603051675e+02 8.8864801757404077e+00
381 6.4138220481029373e+02 8.8738104852176338e+00
382 6.3908701979096884e+02 8.8420555710069664e+00
383 6.3816759899386784e+02 8.8293349718876701e+00
384 6.3588170697884163e+02 8.7977086305597023e+00
385 6.3495864190055238e+02 8.7849376111755841e+00
386 6.3268199236864621e+02 8.7534391437471477e+00
387 6.3175531872031218e+02 8.7406181981778932e+00
388 6.2948786104031046e+02 8.7092469041434146e+00
389 6.2855761424840068e+02 8.6963765225301124e+00
390 6.2629929790294739e+02 8.6651317029593091e+00
391 6.2536551372887232e+02 8.6522123800771151e+00
392 6.2311628782817991e+02 8.6210933308869517e+00
393 6.2217900199746714e+02 8.6081255610145622e+00
394 6.1993881576188119e+02 8.5771315796457426e+00
395 6.1899806409303767e+02 8.5641158583482699e+00
396 6.1676686648577390e+02 8.5332462386839918e+00
397 6.1582268482179757e+02 8.5201830618653869e+00
398 6.1360042500935617e+02 8.4894371006013820e+00
399 6.1265284917893280e+02 8.4763269639675833e+00
400 6.1043947597635406e+02 8.4457039529369720e+00
401 6.0948854185662572e+02 8.4325473528643329e+00
402 6.0728400446852572e+02 8.4020465892901992e+00
403 6.0632974771155591e+02 8.3888440190410076e+00
404 6.0413399501877825e+02 8.3584647956668920e+00
405 6.0317645159758354e+02 8.3452167529439691e+00
406 6.0098943263410160e+02 8.3149583646320337e+00
407 6.0002863802426668e+02 8.3016653402560046e+00
408 5.9785030188836993e+02 8.2715270827582525e+00
409 5.9688629199278182e+02 8.2581895734616637e+00
410 5.9471658763845164e+02 8.2281707405335318e+00
411 5.9374939782211231e+02 8.2147892356070482e+00
412 5.9158827462909392e+02 8.1848891268946069e+00
413 5.9061794040798816e+02 8.1714641177178073e+00
414 5.8846534736964645e+02 8.1416820275213801e+00
415 5.8749190419129138e+02 8.1282140045265656e+00
416 5.8534779073123877e+02 8.0985492330991455e+00
417 5.8437127383916993e+02 8.0850386838964354e+00
418 5.8223558916523950e+02 8.0554905285056133e+00
419 5.8125603374050945e+02 8.0419379398406505e+00
420 5.7912872749891642e+02 8.0125057038192278e+00
421 5.7814616845480077e+02 7.9989115587328392e+00
422 5.7602719012528075e+02 7.9695945431102970e+00
423 5.7504166241439134e+02 7.9559593251875453e+00
424 5.7293096180078862e+02 7.9267568354775557e+00
425 5.7194249998087321e+02 7.9130810228403829e+00
426 5.6984002684596635e+02 7.8839923639884537e+00
427 5.6884866567992754e+02 7.8702764375972079e+00
428 5.6675436994375661e+02 7.8413009167246308e+00
429 5.6576014365868264e+02 7.8275453501264307e+00
430 5.6367397543310096e+02 7.7986822770083197e+00
431 5.6267691846730088e+02 7.7848875466726177e+00
432 5.6059882782354339e+02 7.7561362305221140e+00
433 5.5959897410886106e+02 7.7423028059111898e+00
434 5.5752891157842794e+02 7.7136625623094099e+00
435 5.5652629506093513e+02 7.6997909130823912e+00
436 5.5446421094471282e+02 7.6712610544198068e+00
437 5.5345886535479212e+02 7.6573516472516676e+00
438 5.5140471043084233e+02 7.6289314925206853e+00
439 5.5039666927364624e+02 7.6149847909702366e+00
440 5.4835039423326475e+02 7.5866736579628169e+00
441 5.4733969080250256e+02 7.5726901226634622e+00
442 5.4530124683550935e+02 7.5444873360688707e+00
443 5.4428791409841028e+02 7.5304674231370123e+00
444 5.4225725228164424e+02 7.5023723060813721e+00
445 5.4124132322706976e+02 7.4883164719327047e+00
446 5.3921839499930616e+02 7.4603283525496904e+00
447 5.3819990213779568e+02 7.4462370469821089e+00
448 5.3618465897361909e+02 7.4183552539008328e+00
449 5.3516363495169696e+02 7.4042289285936445e+00
450 5.3315602852921734e+02 7.3764527932590838e+00
451 5.3213250538084151e+02 7.3622918914164659e+00
452 5.3013248771532380e+02 7.3346207499382876e+00
453 5.2910649755221959e+02 7.3204257158403623e+00
454 5.2711402066165022e+02 7.2928589043658878e+00
455 5.2608559507387986e+02 7.2786301750753362e+00
456 5.2410061143470023e+02 7.2511670360948157e+00
457 5.2306978198857871e+02 7.2369050483457640e+00
458 5.2109224398859669e+02 7.2095449231231648e+00
459 5.2005904192476055e+02 7.1952501091438315e+00
460 5.1808890236643572e+02 7.1679923446800107e+00
461 5.1705335874235845e+02 7.1536651341644726e+00
462 5.1509057042413428e+02 7.1265090774047248e+00
463 5.1405271604070140e+02 7.1121498964970478e+00
464 5.1209723220755666e+02 7.0850949005646839e+00
465 5.1105709750895909e+02 7.0707041704739044e+00
466 5.0910887144244236e+02 7.0437495889981934e+00
467 5.0806648679349973e+02 7.0293277298352113e+00
468 5.0612547205608530e+02 7.0024729203321554e+00
469 5.0508086741943259e+02 6.9880203466434647e+00
470 5.0314701773695037e+02 6.9612646688891662e+00
471 5.0210022304767119e+02 6.9467817948400752e+00
472 5.0017349229706036e+02 6.9201246107013006e+00
473 4.9912453696188243e+02 6.9056118431470770e+00
474 4.9720487948221103e+02 6.8790525208843514e+00
475 4.9615379279971262e+02 6.8645102651839673e+00
476 4.9424116285529703e+02 6.8380481720235933e+00
477 4.9318797383069921e+02 6.8234768294772925e+00
478 4.9128232618225167e+02 6.7971113395134326e+00
479 4.9022706350954832e+02 6.7825113071154908e+00
480 4.8832835285348864e+02 6.7562417935527934e+00
481 4.8727104513159037e+02 6.7416134669819661e+00
482 4.8537922662341833e+02 6.7154393093766558e+00
483 4.8431990193294553e+02 6.7007830771409207e+00
484 4.8243493076882510e+02 6.6747036556118307e+00
485 4.8137361725302554e+02 6.6600199070856441e+00
486 4.7949544893970426e+02 6.6340346060486697e+00
487 4.7843217406549928e+02 6.6193237212492084e+00
488 4.7656076444447967e+02 6.5934319297517305e+00
489 4.7549555577650705e+02 6.5786942900481220e+00
490 4.7363086062691758e+02 6.5528953962745478e+00
491 4.7256374523830323e+02 6.5381313762356319e+00
492 4.7070572087669626e+02 6.5124247758058704e+00
493 4.6963672571451389e+02 6.4976347482564991e+00
494 4.6778532833988476e+02 6.4720198351640041e+00
495 4.6671448003065404e+02 6.4572041684940196e+00
496 4.6486966643845972e+02 6.4316803449845601e+00
497 4.6379699120264706e+02 6.4168394019658761e+00
498 4.6195871815661297e+02 6.3914060698461999e+00
499 4.6088424215314649e+02 6.3765402123993198e+00
500 4.5905246676022017e+02 6.3511967782248071e+00
501 4.5797621573593119e+02 6.3363063625686911e+00
502 4.5615089517827954e+02 6.3110522339354160e+00
503 4.5507289478058618e+02 6.2961376149135964e+00
504 4.5325398659884019e+02 6.2709722043771450e+00
505 4.5217426198565585e+02 6.2560337300606381e+00
506 4.5036172384857014e+02 6.2309564519492424e+00
507 4.4928030019074231e+02 6.2159944705880141e+00
508 4.4747408998223796e+02 6.1910047422068324e+00
509 4.4639099185233550e+02 6.1760195937733942e+00
510 4.4459106782664401e+02 6.1511168375509939e+00
511 4.4350631979761192e+02 6.1361088620230619e+00
512 4.4171264018994691e+02 6.1112925001248914e+00
513 4.4062626640699989e+02 6.0962620315623397e+00
514 4.3883878989275496e+02 6.0715314922439338e+00
515 4.3775081434499037e+02 6.0564788625466859e+00
516 4.3596949957201002e+02 6.0318335736824249e+00
517 4.3487994591595253e+02 6.0167591101491098e+00
518 4.3310475206306705e+02 5.9921985069598023e+00
519 4.3201364359059437e+02 5.9771025318439950e+00
520 4.3024452980872655e+02 5.9526260491643344e+00
521 4.2915188970142390e+02 5.9375088831936642e+00
522 4.2738881550175688e+02 5.9131159608427089e+00
523 4.2629466656068138e+02 5.8979779194800281e+00
524 4.2453759149857655e+02 5.8736679978880622e+00
525 4.2344195642503740e+02 5.8585093952161662e+00
526 4.2169084041877454e+02 5.8342819198346128e+00
527 4.2059374137834669e+02 5.8191030625241726e+00
528 4.1884854450611380e+02 5.7949574810168567e+00
529 4.1775000369908474e+02 5.7797586762188073e+00
530 4.1601068621509114e+02 5.7556944386848867e+00
531 4.1491072525541620e+02 5.7404759854379952e+00
532 4.1317724778658265e+02 5.7164925471332593e+00
533 4.1207588825487380e+02 5.7012547440149710e+00
534 4.1034821139127200e+02 5.6773515596853841e+00
535 4.0924547452729382e+02 5.6620947005573701e+00
536 4.0752355923984749e+02 5.6382712302181561e+00
537 4.0641946608955044e+02 5.6229956062605799e+00
538 4.0470327336731680e+02 5.5992513101778485e+00
539 4.0359784463525125e+02 5.5839572078474511e+00
540 4.0188733594718974e+02 5.5602915529269730e+00
541 4.0078059203835835e+02 5.5449792545361198e+00
542 3.9907572879712677e+02 5.5213917069047076e+00
543 3.9796768999528842e+02 5.5060614930882990e+00
544 3.9626843397110684e+02 5.4825515238198008e+00
545 3.9515912015949277e+02 5.4672036696712603e+00
546 3.9346543316807208e+02 5.4437707504689090e+00
547 3.9235486417380775e+02 5.4284055303054100e+00
548 3.9066670834656253e+02 5.4050491372403409e+00
549 3.8955490346036720e+02 5.3896668179576377e+00
550 3.8787224110857460e+02 5.3663864295894657e+00
551 3.8675921961365947e+02 5.3509872779794332e+00
552 3.8508201321460479e+02 5.3277823751645697e+00
553 3.8396779387942007e+02 5.3123666508971361e+00
554 3.8229600622856827e+02 5.2892367188941520e+00
555 3.8118060777477552e+02 5.2738046809919013e+00
556 3.7951420163483738e+02 5.2507492046061977e+00
557 3.7839764244435094e+02 5.2353011073911597e+00
558 3.7673658095533045e+02 5.2123195766481594e+00
559 3.7561887921055558e+02 5.1968556716820666e+00
560 3.7396312552922046e+02 5.1739475768391250e+00
561 3.7284429908900836e+02 5.1584681112071946e+00
562 3.7119381680986845e+02 5.1356329485780261e+00
563 3.7007388322405257e+02 5.1201381650900748e+00
564 3.6842863591362885e+02 5.0973754306011561e+00
565 3.6730761260703878e+02 5.0818655703375173e+00
566 3.6566756416330622e+02 5.0591747645011385e+00
567 3.6454546818729466e+02 5.0436500633749244e+00
568 3.6291058250861153e+02 5.0210306867086798e+00
569 3.6178743088481798e+02 5.0054913802219083e+00
570 3.6015767215513341e+02 4.9829429371946690e+00
571 3.5903348138440123e+02 4.9673892536439093e+00
572 3.5740881398288633e+02 4.9449112514255305e+00
573 3.5628360053788066e+02 4.9293434187174929e+00
574 3.5466398895921151e+02 4.9069353660758930e+00
575 3.5353776886536969e+02 4.8913536059296909e+00
576 3.5192317786808093e+02 4.8690150152833906e+00
577 3.5079596711088095e+02 4.8534195488652818e+00
578 3.4918636144193471e+02 4.8311499324726883e+00
579 3.4805817566347292e+02 4.8155409761980934e+00
580 3.4645352041544152e+02 4.7933398510992884e+00
581 3.4532437503364690e+02 4.7777176182821686e+00
582 3.4372463533169628e+02 4.7555845019681797e+00
583 3.4259454549084143e+02 4.7399492021363399e+00
584 3.4099968684053067e+02 4.7178836173611067e+00
585 3.3986866737959809e+02 4.7022354558185251e+00
586 3.3827865522725222e+02 4.6802369245164543e+00
587 3.3714672088698012e+02 4.6645761052078560e+00
588 3.3556152101727992e+02 4.6426441539946603e+00
589 3.3442868614135443e+02 4.6269708753713763e+00
590 3.3284826433848042e+02 4.6051050308558459e+00
591 3.3171454323752442e+02 4.5894194909117632e+00
592 3.3013886555090141e+02 4.5676192833724620e+00
593 3.2900427203985259e+02 4.5519216732434398e+00
594 3.2743330468190868e+02 4.5301866352141564e+00
595 3.2629785255368540e+02 4.5144771457314059e+00
596 3.2473156185097258e+02 4.4928068113248836e+00
597 3.2359526447049046e+02 4.4770856273980080e+00
598 3.2203361695956443e+02 4.4554795336324844e+00
599 3.2089648764674763e+02 4.4397468395486088e+00
600 3.1933944989322589e+02 4.4182045238444063e+00
601 3.1820150161966416e+02 4.4024604990712923e+00
602 3.1664904046705209e+02 4.3809815026934356e+00
603 3.1551028602928432e+02 4.3652263242769402e+00
604 3.1396236836292269e+02 4.3438101890692655e+00
605 3.1282282025184935e+02 4.3280440298265974e+00
606 3.1127941325139960e+02 4.3066903017050011e+00
607 3.1013908376385348e+02 4.2909133317683583e+00
608 3.0860015458817207e+02 4.2696215563608879e+00
609 3.0745905582812100e+02 4.2538339431940946e+00
610 3.0592457186822492e+02 4.2326036693408442e+00
611 3.0478271566376310e+02 4.2168055765908878e+00
612 3.0325264440493720e+02 4.1956363544361901e+00
613 3.0211004241000478e+02 4.1798279433405607e+00
614 3.0058435149583255e+02 4.1587193252188790e+00
615 2.9944101505276404e+02 4.1429007527038628e+00
616 2.9791967231112784e+02 4.1218522934995194e+00
617 2.9677561256590923e+02 4.1060237137748308e+00
618 2.9525858590992669e+02 4.0850349695514172e+00
619 2.9411381378620950e+02 4.0691965337506746e+00
620 2.9260107129382226e+02 4.0482670628521946e+00
621 2.9145559747433538e+02 4.0324189187757442e+00
622 2.8994710732846488e+02 4.0115482809986442e+00
623 2.8880094231009355e+02 3.9956905738756014e+00
624 2.8729667280731047e+02 3.9748783305887181e+00
625 2.8614982682698724e+02 3.9590112020516357e+00
626 2.8464974645950480e+02 3.9382569173306061e+00
627 2.8350222951995005e+02 3.9223805057716077e+00
628 2.8200630683622967e+02 3.9016837444702883e+00
629 2.8085812873926403e+02 3.8857981855019590e+00
630 2.7936633247316360e+02 3.8651585150392496e+00
631 2.7821750278978755e+02 3.8492639410806735e+00
632 2.7672980171742410e+02 3.8286809294601483e+00
633 2.7558032984093427e+02 3.8127774704717980e+00
634 2.7409669290594729e+02 3.7922506880147799e+00
635 2.7294658794343854e+02 3.7763384699973974e+00
636 2.7146698420931523e+02 3.7558674886833554e+00
637 2.7031625510228542e+02 3.7399466353465738e+00
638 2.6884065372337085e+02 3.7195310284120366e+00
639 2.6768930914230583e+02 3.7036016597159169e+00
640 2.6621767944873392e+02 3.6832410028295310e+00
641 2.6506572786634251e+02 3.6673032359978004e+00
642 2.6359803921309322e+02 3.6469971051719683e+00
643 2.6244548892355687e+02 3.6310510549583466e+00
644 2.6098171084244251e+02 3.6107990286520253e+00
645 2.5982856986159487e+02 3.5948448059591671e+00
646 2.5836867193490139e+02 3.5746464633296395e+00
647 2.5721494813975761e+02 3.5586841771395821e+00
648 2.5575890009907297e+02 3.5385390994097912e+00
649 2.5460460105995946e+02 3.5225688544613960e+00
650 2.5315237275019732e+02 3.5024766244221968e+00
651 2.5199750587393143e+02 3.4864985231921044e+00
652 2.5054906721995411e+02 3.4664587247404777e+00
653 2.4939363967410554e+02 3.4504728663952293e+00
654 2.4794896071136438e+02 3.4304850849582036e+00
655 2.4679297949451666e+02 3.4144915663263418e+00
656 2.4535203033282488e+02 3.3945553883597763e+00
657 2.4419550216972678e+02 3.3785543024812168e+00
658 2.4275825306929460e+02 3.3586693165217811e+00
659 2.4160118452468311e+02 3.3426607542226043e+00
660 2.4016760577069394e+02 3.3228265491524822e+00
661 2.3901000314615652e+02 3.3068105976179774e+00
662 2.3758006522186801e+02 3.2870267650597995e+00
663 2.3642193463585912e+02 3.2710035089415284e+00
664 2.3499560798027619e+02 3.2512696399056686e+00
665 2.3383695536070223e+02 3.2352391612188747e+00
666 2.3241421062324585e+02 3.2155548496269075e+00
667 2.3125504164379277e+02 3.1995172268695811e+00
668 2.2983584944848155e+02 3.1798820662916283e+00
669 2.2867616966346796e+02 3.1638373763102585e+00
670 2.2726050079565965e+02 3.1442509625486399e+00
671 2.2610031540654526e+02 3.1281992773077554e+00
672 2.2468814073828878e+02 3.1086612073642033e+00
673 2.2352745487695671e+02 3.0926025978657079e+00
674 2.2211874531297818e+02 3.0731124691940583e+00
675 2.2095756378149395e+02 3.0570470018766831e+00
676 2.1955229038034705e+02 3.0376044140590444e+00
677 2.1839061787009570e+02 3.0215321538302056e+00
678 2.1698875167212367e+02 3.0021367061967372e+00
679 2.1582659261178799e+02 2.9860577143292475e+00
680 2.1442810482421393e+02 2.9667090085189667e+00
681 2.1326546346695216e+02 2.9506233438571781e+00
682 2.1187032529108828e+02 2.9313209814273220e+00
683 2.1070720564681233e+02 2.9152286994501644e+00
684 2.0931538844694975e+02 2.8959722842128568e+00
685 2.0815179435390226e+02 2.8798734380241382e+00
686 2.0676326944717175e+02 2.8606625731390181e+00
687 2.0559920454515463e+02 2.8445572130970307e+00
688 2.0421394342925845e+02 2.8253915042220243e+00
689 2.0304941108746277e+02 2.8092796769410384e+00
690 2.0166738525284555e+02 2.7901587296336596e+00
691 2.0050238874050831e+02 2.7740404803450347e+00
692 1.9912356975918334e+02 2.7549639012913367e+00
693 1.9795811203165536e+02 2.7388392708836773e+00
694 1.9658247157493642e+02 2.7198066681435802e+00
695 1.9541655545204028e+02 2.7036756956303964e+00
696 1.9404406522550971e+02 2.6846866777379401e+00
697 1.9287769333532029e+02 2.6685493994798266e+00
698 1.9150832525538155e+02 2.6496035778858569e+00
699 1.9034150044209827e+02 2.6334600332335887e+00
700 1.8897522750887290e+02 2.6145570343826767e+00
701 1.8780795528091997e+02 2.5984072995477732e+00
702 1.8644475834149443e+02 2.5795468584507697e+00
703 1.8527706406152245e+02 2.5633912843368778e+00
704 1.8391697428805065e+02 2.5445738322745131e+00
705 1.8274900619018160e+02 2.5284144697671991e+00
706 1.8139234607545066e+02 2.5096444685718322e+00
707 1.8022492187684580e+02 2.4934926311547954e+00
708 1.7887350100002104e+02 2.4747951171658369e+00
709 1.7771064023474111e+02 2.4587064168957049e+00
710 1.7637290606428783e+02 2.4401982646283478e+00
711 1.7523193115508411e+02 2.4244123649935783e+00
712 1.7394189866245574e+02 2.4065641868347489e+00
713 1.7288744054476638e+02 2.3919752858162955e+00
714 1.7176261176737020e+02 2.3764127751571715e+00
715 1.7100033067217342e+02 2.3658662742962049e+00
716 1.7038368986961572e+02 2.3573347722085098e+00
717 1.7046154954682564e+02 2.3584119957654144e+00
718 1.7118245450370708e+02 2.3683860391941871e+00
719 1.7329606918062095e+02 2.3976288462771427e+00
720 1.7697318182914896e+02 2.4485033490792363e+00
721 1.8318501404420655e+02 2.5344468339919408e+00
722 1.9222031551558953e+02 2.6594542824876086e+00
723 2.0500909445211815e+02 2.8363927752754847e+00
724 2.2133038988544672e+02 3.0622052182500190e+00
725 2.4098495920322725e+02 3.3341350005023105e+00
726 2.6149492964867966e+02 3.6178996410323534e+00
727 2.7961444570677116e+02 3.8685912729134087e+00
728 2.8993145353997295e+02 4.0113317038136032e+00
729 2.8919292285301310e+02 4.0011138005034583e+00
730 2.7684028456216731e+02 3.8302095091724730e+00
731 2.5804592577467690e+02 3.5701811254403371e+00
732 2.3927389810257239e+02 3.3104617027058270e+00
733 2.2720072195903879e+02 3.1434238955311553e+00
734 2.2485735948769053e+02 3.1110024246625234e+00
735 2.3276040053626954e+02 3.2203445423515054e+00
736 2.4648145366695627e+02 3.4101814667721468e+00
737 2.5856469445606842e+02 3.5773585228327329e+00
738 2.6024233697129455e+02 3.6005694595104409e+00
739 2.5021722409279809e+02 3.4618675262333789e+00
740 2.3497745503474076e+02 3.2510184857619744e+00
741 2.2477896540899701e+02 3.1099178074213962e+00
742 2.2495805692159294e+02 3.1123956188267767e+00
743 2.3489211901320198e+02 3.2498378236278862e+00
744 2.4612620007543134e+02 3.4052663739901177e+00
745 2.4866702612761193e+02 3.4404198420686760e+00
746 2.3914328964120412e+02 3.3086546760604736e+00
747 2.2642790342490690e+02 3.1327316044761226e+00
748 2.2081328693836821e+02 3.0550508670389820e+00
749 2.2648801622178158e+02 3.1335632919835117e+00
750 2.3708693239813064e+02 3.2802040512566002e+00
751 2.4134343708697585e+02 3.3390947028134588e+00
752 2.3346302929003900e+02 3.2300657263127270e+00
753 2.2206205070631484e+02 3.0723280738814172e+00
754 2.1825006919977528e+02 3.0195875999354782e+00
755 2.2526678055965297e+02 3.1166669488323575e+00
756 2.3415178641843707e+02 3.2395949901150409e+00
757 2.3355674929365657e+02 3.2313623845993757e+00
758 2.2322789020832394e+02 3.0884579863102619e+00
759 2.1572056360218500e+02 2.9845907554237838e+00
760 2.1873649434077763e+02 3.0263175099394153e+00
761 2.2783921103477289e+02 3.1522576782779370e+00
762 2.2979596556408856e+02 3.1793302548617768e+00
763 2.2130581276235495e+02 3.0618651827283716e+00
764 2.1321713975163746e+02 2.9499547635809744e+00
765 2.1561186150358122e+02 2.9830868131330237e+00
766 2.2389458152312238e+02 3.0976819596841598e+00
767 2.2537816575341708e+02 3.1182080129481204e+00
768 2.1668758159328269e+02 2.9979698830709798e+00
769 2.1036954827623316e+02 2.9105570582774214e+00
770 2.1427307728152192e+02 2.9645641329307133e+00
771 2.2175006115623884e+02 3.0680115585182235e+00
772 2.1975400321715466e+02 3.0403952016313247e+00
773 2.1091216133075048e+02 2.9180643532670225e+00
774 2.0816624417983351e+02 2.8800733578471340e+00
775 2.1485853400259475e+02 2.9726641892639472e+00
776 2.1880735799647317e+02 3.0272979404007154e+00
777 2.1249541304353357e+02 2.9399693508554559e+00
778 2.0565795191377777e+02 2.8453700092921186e+00
779 2.0880235655251863e+02 2.8888742578412012e+00
780 2.1523449222293644e+02 2.9778657398723847e+00
781 2.1271919328038439e+02 2.9430654508053111e+00
782 2.0467097589467480e+02 2.8317147533756177e+00
783 2.0452582299754189e+02 2.8297064979377877e+00
784 2.1109726592614706e+02 2.9206253583700219e+00
785 2.1144690839163692e+02 2.9254628187065759e+00
786 2.0371755835590497e+02 2.8185237940866421e+00
787 2.0151748077591952e+02 2.7880847339581472e+00
788 2.0744490030853964e+02 2.8700932418405971e+00
789 2.0930222561056621e+02 2.8957901704675120e+00
790 2.0221529242224929e+02 2.7977392710773046e+00
791 1.9914803880725316e+02 2.7553024415465805e+00
792 2.0453374102270212e+02 2.8298160473673821e+00
793 2.0678940181557442e+02 2.8610241261771221e+00
794 2.0008687221241073e+02 2.7682916228055521e+00
795 1.9708162632216792e+02 2.7267126979593574e+00
796 2.0230160909104725e+02 2.7989335009060774e+00
797 2.0409142495575875e+02 2.8236964061874663e+00
798 1.9744099262359907e+02 2.7316846919276294e+00
799 1.9527427121049686e+02 2.7017071293293360e+00
800 2.0058645248897682e+02 2.7752035400105384e+00
801 2.0113790503498370e+02 2.7828331333297092e+00
802 1.9447587329480331e+02 2.6906609360571778e+00
803 1.9386618116131024e+02 2.6822255719227059e+00
804 1.9912921824430578e+02 2.7550420506165429e+00
805 1.9774636983575670e+02 2.7359097226298648e+00
806 1.9151877695186823e+02 2.6497481817946906e+00
807 1.9302883926512004e+02 2.6706405712126808e+00
808 1.9749764928523717e+02 2.7324685622538265e+00
809 1.9382743208745867e+02 2.6816894611056958e+00
810 1.8906495636792573e+02 2.6157984733941086e+00
811 1.9273608972555263e+02 2.6665902500246705e+00
812 1.9509960314105552e+02 2.6992905182440632e+00
813 1.8964585715639419e+02 2.6238354963562709e+00
814 1.8766189944975093e+02 2.5963865516125568e+00
815 1.9249059524138195e+02 2.6631937237235688e+00
816 1.9147549966923842e+02 2.6491494211781781e+00
817 1.8597753774877458e+02 2.5730826519862116e+00
818 1.8752118522338054e+02 2.5944397071756202e+00
819 1.9125910368494769e+02 2.6461554856745795e+00
820 1.8687288076152186e+02 2.5854701241592712e+00
821 1.8385952205748612e+02 2.5437789548953793e+00
822 1.8795278362400660e+02 2.6004110646347995e+00
823 1.8807096737424683e+02 2.6020461898287928e+00
824 1.8260339886050161e+02 2.5263999270512514e+00
825 1.8375403988483973e+02 2.5423195617244851e+00
826 1.8722812235361189e+02 2.5903850509237367e+00
827 1.8326005477563123e+02 2.5354850561695139e+00
828 1.8041173202141496e+02 2.4960772332955941e+00
829 1.8449883380338474e+02 2.5526241196528829e+00
830 1.8385432651841728e+02 2.5437070722819866e+00
831 1.7899595061256082e+02 2.4764892624781281e+00
832 1.8077088144188735e+02 2.5010462266185227e+00
833 1.8342789125648295e+02 2.5378071491624503e+00
834 1.7878967551732964e+02 2.4736353540142297e+00
835 1.7761587325283185e+02 2.4573952731947855e+00
836 1.8142430040785842e+02 2.5100865710932956e+00
837 1.7914833003292412e+02 2.4785975001061913e+00
838 1.7538063992900067e+02 2.4264698175816415e+00
839 1.7865255655492385e+02 2.4717382516668418e+00
840 1.7896051214596355e+02 2.4759989553974009e+00
841 1.7433117028384694e+02 2.4119499343182178e+00
842 1.7555548338996530e+02 2.4288888552873082e+00
843 1.7811079613136747e+02 2.4642427532090188e+00
844 1.7380497447270125e+02 2.4046697792543532e+00
845 1.7295277232792870e+02 2.3928791803398664e+00
846 1.7634168433948182e+02 2.4397662980616541e+00
847 1.7361837351959451e+02 2.4020880713712671e+00
848 1.7079234650780626e+02 2.3629887200942350e+00
849 1.7420285853353420e+02 2.4101746837004701e+00
850 1.7314488368921786e+02 2.3955371271917616e+00
851 1.6932446592244216e+02 2.3426799338015063e+00
852 1.7173563967674235e+02 2.3760396041854377e+00
853 1.7247239790335303e+02 2.3862329847116435e+00
854 1.6813431390190837e+02 2.3262136467738839e+00
855 1.6945412394237871e+02 2.3444738106633469e+00
856 1.7130154095260374e+02 2.3700336536289828e+00
857 1.6730464531793118e+02 2.3147348097800666e+00
858 1.6722740230029640e+02 2.3136661179849769e+00
859 1.6996228612795389e+02 2.3515044624287511e+00
860 1.6642340749875012e+02 2.3025424892866533e+00
861 1.6535885894774032e+02 2.2878139825973101e+00
862 1.6829402631456787e+02 2.3284233396394609e+00
863 1.6564183761278949e+02 2.2917291193537923e+00
864 1.6357642135500498e+02 2.2631531590181164e+00
865 1.6665529781967095e+02 2.3057507958872647e+00
866 1.6465060802829731e+02 2.2780150134522632e+00
867 1.6208749135249067e+02 2.2425531445977374e+00
868 1.6486862365803015e+02 2.2810313574770191e+00
869 1.6368058035816702e+02 2.2645942455457080e+00
870 1.6059411045806178e+02 2.2218915500913439e+00
871 1.6323722591202571e+02 2.2584602379238405e+00
872 1.6248828225172835e+02 2.2480982664569993e+00
873 1.5929449021644393e+02 2.2039107211248146e+00
874 1.6154288028022626e+02 2.2350182061364263e+00
875 1.6133284222611505e+02 2.2321122354486085e+00
876 1.5791387600637231e+02 2.1848093042761856e+00
877 1.6004275074454389e+02 2.2142632411512970e+00
878 1.5999069080997967e+02 2.2135429686059549e+00
879 1.5666492737060219e+02 2.1675295397044927e+00
880 1.5850011888738516e+02 2.1929202374848091e+00
881 1.5871506813386563e+02 2.1958941567218924e+00
882 1.5530103520174862e+02 2.1486594797965184e+00
883 1.5714936442126509e+02 2.1742319435868578e+00
884 1.5728203544037387e+02 2.1760675066436788e+00
885 1.5404669301082200e+02 2.1313050929700430e+00
886 1.5575257001714550e+02 2.1549066664962098e+00
887 1.5592865048085466e+02 2.1573428186896848e+00
888 1.5267704426303268e+02 2.1123553882104718e+00
889 1.5453289826598751e+02 2.1380319607548013e+00
890 1.5442814294357990e+02 2.1365826238829779e+00
891 1.5142260126981276e+02 2.0949996067390551e+00
892 1.5325569143944506e+02 2.1203612314390163e+00
893 1.5300338934444386e+02 2.1168705187886303e+00
894 1.5007509886635663e+02 2.0763563065867197e+00
895 1.5213346126223277e+02 2.1048346735789969e+00
896 1.5143035433106590e+02 2.0951068738190033e+00
897 1.4886723958806508e+02 2.0596450317057129e+00
898 1.5093118518339418e+02 2.0882006447666761e+00
899 1.4992560935585544e+02 2.0742880521578213e+00
900 1.4760286680737607e+02 2.0421518671708152e+00
901 1.4984612523488781e+02 2.0731883536929105e+00
902 1.4827807840578851e+02 2.0514937224901488e+00
903 1.4651143728977584e+02 2.0270514502516686e+00
904 1.4863807189860449e+02 2.0564743939325463e+00
905 1.4670964048478086e+02 2.0297936803554171e+00
906 1.4539955510431477e+02 2.0116680614989524e+00
907 1.4748729445403220e+02 2.0405528718241834e+00
908 1.4503411257758742e+02 2.0066120002283143e+00
909 1.4448076502779847e+02 1.9989561886818450e+00
910 1.4615238077699266e+02 2.0220837423482920e+00
911 1.4348843696818551e+02 1.9852268848843166e+00
912 1.4354621071169404e+02 1.9860262105392401e+00
913 1.4480903271923611e+02 2.0034979194320757e+00
914 1.4191510763611996e+02 1.9634591678836348e+00
915 1.4277345953282943e+02 1.9753348513745417e+00
916 1.4323803333470482e+02 1.9817624383005907e+00
917 1.4056047189487143e+02 1.9447171748033976e+00
918 1.4191836219164784e+02 1.9635041961191417e+00
919 1.4164257367692355e+02 1.9596885383174305e+00
920 1.3927531106745721e+02 1.9269363983179129e+00
921 1.4111185731463127e+02 1.9523458394008324e+00
922 1.3986215059737518e+02 1.9350555864317560e+00
923 1.3828066637757925e+02 1.9131750429015810e+00
924 1.4008226518335934e+02 1.9381009704577026e+00
925 1.3815608594930509e+02 1.9114514167978616e+00
926 1.3738516799933208e+02 1.9007854211771436e+00
927 1.3894962492286305e+02 1.9224303844261732e+00
928 1.3643029185837307e+02 1.8875742814726479e+00
929 1.3673023781305534e+02 1.8917241682916086e+00
930 1.3748424641327065e+02 1.9021562154740119e+00
931 1.3497338052114179e+02 1.8674172596479166e+00
932 1.3603545990582100e+02 1.8821116043135713e+00
933 1.3588660532520407e+02 1.8800521344244092e+00
934 1.3368907178619298e+02 1.8496482722438832e+00
935 1.3535070729828729e+02 1.8726377448535789e+00
936 1.3405859396560433e+02 1.8547607773392667e+00
937 1.3279267664136663e+02 1.8372462433515926e+00
938 1.3435417953707108e+02 1.8588503363006608e+00
939 1.3232506515778337e+02 1.8307766287366118e+00
940 1.3206473157025985e+02 1.8271747967847825e+00
941 1.3312750710892880e+02 1.8418787730531336e+00
942 1.3068293684310225e+02 1.8080570469527673e+00
943 1.3154899559428387e+02 1.8200393582320815e+00
944 1.3149241544890083e+02 1.8192565465425934e+00
945 1.2944969468625845e+02 1.7909945885619083e+00
946 1.3087156304050819e+02 1.8106667749991239e+00
947 1.2974101416331024e+02 1.7950251241935835e+00
948 1.2851177223301323e+02 1.7780180107312369e+00
949 1.2999757170017082e+02 1.7985747127908045e+00
950 1.2792080611894625e+02 1.7698417294747790e+00
951 1.2796161220639442e+02 1.7704062999975385e+00
952 1.2863652358495835e+02 1.7797440016406092e+00
953 1.2643973166934218e+02 1.7493504001523952e+00
954 1.2742232524626560e+02 1.7629450230156682e+00
955 1.2699872973305402e+02 1.7570843890934349e+00
956 1.2529882133572114e+02 1.7335653939497768e+00
957 1.2677557754477645e+02 1.7539969784772915e+00
958 1.2513961739457105e+02 1.7313627360155992e+00
959 1.2465948592341923e+02 1.7247199017569683e+00
960 1.2562954555589633e+02 1.7381411118769277e+00
961 1.2353136033305563e+02 1.7091117782117076e+00
962 1.2416368591013639e+02 1.7178602861900825e+00
963 1.2410776703479250e+02 1.7170866234681881e+00
964 1.2227422543766149e+02 1.6917187530663014e+00
965 1.2363283430252604e+02 1.7105157160938467e+00
966 1.2226322534519596e+02 1.6915665618531264e+00
967 1.2158609719975148e+02 1.6821981902459682e+00
968 1.2259882188214713e+02 1.6962096904682722e+00
969 1.2061847400257929e+02 1.6688106893012764e+00
970 1.2111553317828206e+02 1.6756877259450191e+00
971 1.2112817060119539e+02 1.6758625703593377e+00
972 1.1934837014467149e+02 1.6512382327424742e+00
973 1.2062428295758066e+02 1.6688910587992336e+00
974 1.1929777631005928e+02 1.6505382443475638e+00
975 1.1868899552701782e+02 1.6421154891553613e+00
976 1.1959521798891987e+02 1.6546534833872790e+00
977 1.1768471975338286e+02 1.6282208833753835e+00
978 1.1825473162840903e+02 1.6361072533360248e+00
979 1.1809338156489112e+02 1.6338749028362798e+00
980 1.1650523225016278e+02 1.6119021447281938e+00
981 1.1773487082764086e+02 1.6289147459822004e+00
982 1.1627175662389722e+02 1.6086719047170746e+00
983 1.1595112542467771e+02 1.6042358282619076e+00
984 1.1660418813634638e+02 1.6132712437986143e+00
985 1.1476720412951883e+02 1.5878557461145386e+00
986 1.1554512906055290e+02 1.5986186864611047e+00
987 1.1500798526870076e+02 1.5911870611736261e+00
988 1.1378003135625140e+02 1.5741977680159212e+00
989 1.1490411877160085e+02 1.5897500215986029e+00
990 1.1323118077124565e+02 1.5666041739942684e+00
991 1.1337115141849135e+02 1.5685407306804944e+00
992 1.1357446242606862e+02 1.5713536296622066e+00
993 1.1194255500964974e+02 1.5487754585902396e+00
994 1.1292328286098019e+02 1.5623442683030928e+00
995 1.1188254254190034e+02 1.5479451591812998e+00
996 1.1122601915294419e+02 1.5388618636220899e+00
997 1.1203643858950919e+02 1.5500743800275640e+00
998 1.1026127745671936e+02 1.5255142295354553e+00
999 1.1091790646654489e+02 1.5345989864067680e+00
1000 1.1046280985412271e+02 1.5283025206476448e+00
1001 1.0931071052000931e+02 1.5123627096045684e+00
1002 1.1027517390538557e+02 1.5257064931357809e+00
1003 1.0878448925397500e+02 1.5050822023609025e+00
1004 1.0885948747551964e+02 1.5061198363952182e+00
1005 1.0903476375600610e+02 1.5085448623531035e+00
1006 1.0749465632109779e+02 1.4872367852007395e+00
1007 1.0847935700410650e+02 1.5008605608218113e+00
1008 1.0730337525806918e+02 1.4845903258976960e+00
1009 1.0694014043400699e+02 1.4795648091836602e+00
1010 1.0745349093408953e+02 1.4866672436074084e+00
1011 1.0586961812856826e+02 1.4647536529223615e+00
1012 1.0658452939129153e+02 1.4746447709040809e+00
1013 1.0588749890045341e+02 1.4650010414215249e+00
1014 1.0505676281613590e+02 1.4535074350816892e+00
1015 1.0586018802065453e+02 1.4646231831496519e+00
1016 1.0426777047356956e+02 1.4425913721324648e+00
1017 1.0476413690152808e+02 1.4494588243004449e+00
1018 1.0438549268637432e+02 1.4442201117490228e+00
1019 1.0332813331343070e+02 1.4295910705628154e+00
1020 1.0416156061600344e+02 1.4411219111143150e+00
1021 1.0277119772623362e+02 1.4218856169094483e+00
1022 1.0292598593775564e+02 1.4240271812436169e+00
1023 1.0290964290054517e+02 1.4238010679934037e+00
1024 1.0161856209244034e+02 1.4059383859197523e+00
1025 1.0250653120291619e+02 1.4182238368474414e+00
1026 1.0123540928521696e+02 1.4006372949747905e+00
1027 1.0120112862813127e+02 1.4001630067079729e+00
1028 1.0134790864742860e+02 1.4021937741107671e+00
1029 1.0002457385103743e+02 1.3838848436421667e+00
1030 1.0080163416445886e+02 1.3946358216162518e+00
1031 9.9759222374626461e+01 1.3802135869468861e+00
1032 9.9476337742086983e+01 1.3762997511723525e+00
1033 9.9824910008946546e+01 1.3811224048308359e+00
1034 9.8415943646140789e+01 1.3616287232322284e+00
1035 9.9176274849529861e+01 1.3721482464654426e+00
1036 9.8223443664330674e+01 1.3589653996411162e+00
1037 9.7860258386989926e+01 1.3539405684281951e+00
1038 9.8239885301235589e+01 1.3591928770623274e+00
1039 9.6890005892978593e+01 1.3405166899824048e+00
1040 9.7528407905027606e+01 1.3493492681640527e+00
1041 9.6735239403778863e+01 1.3383754261863081e+00
1042 9.6238252612654620e+01 1.3314993910156763e+00
1043 9.6710481148118348e+01 1.3380328846143277e+00
1044 9.5331235861122494e+01 1.3189504074304608e+00
1045 9.5970266063045571e+01 1.3277916769007807e+00
1046 9.5188996457955255e+01 1.3169824614884464e+00
1047 9.4711811922445861e+01 1.3103803994062291e+00
1048 9.5136346943799921e+01 1.3162540318450151e+00
1049 9.3840100825387466e+01 1.2983198853864408e+00
1050 9.4397115392040618e+01 1.3060264317560077e+00
1051 9.3690569574536724e+01 1.2962510534610843e+00
1052 9.3173529273935429e+01 1.2890975689921584e+00
1053 9.3623850566455403e+01 1.2953279660585417e+00
1054 9.2313655909656958e+01 1.2772008353150048e+00
1055 9.2910319007762922e+01 1.2854559369009324e+00
1056 9.2141117203811291e+01 1.2748136849301699e+00
1057 9.1722434257955086e+01 1.2690210185807511e+00
1058 9.2072298831543051e+01 1.2738615518824654e+00
1059 9.0852976764632757e+01 1.2569916841794690e+00
1060 9.1406571089287880e+01 1.2646509099668988e+00
1061 9.0641934313705576e+01 1.2540718172111960e+00
1062 9.0258967793447965e+01 1.2487733036299618e+00
1063 9.0578291629127705e+01 1.2531912921241590e+00
1064 8.9364770954536723e+01 1.2364016892860215e+00
1065 8.9978991499449535e+01 1.2448997060236320e+00
1066 8.9100021573007993e+01 1.2327387628434967e+00
1067 8.8878864189902359e+01 1.2296789512516448e+00
1068 8.9043009894411881e+01 1.2319499806984484e+00
1069 8.7948837798838412e+01 1.2168116189829028e+00
1070 8.8526218461137859e+01 1.2247999394206208e+00
1071 8.7613387784102841e+01 1.2121705175683299e+00
1072 8.7487401997977997e+01 1.2104274477083956e+00
1073 8.7556548918925344e+01 1.2113841263744409e+00
1074 8.6519279042867339e+01 1.1970330323884666e+00
1075 8.7133272056870283e+01 1.2055279011338838e+00
1076 8.6096880826835289e+01 1.1911889636097404e+00
1077 8.6173592472230581e+01 1.1922503036315584e+00
1078 8.6025737332453531e+01 1.1902046614546993e+00
1079 8.5172481330022251e+01 1.1783994819468127e+00
1080 8.5700576234906052e+01 1.1857059118243518e+00
1081 8.4647842597403056e+01 1.1711408697627648e+00
1082 8.4842859789698366e+01 1.1738390200899937e+00
1083 8.4539241810588990e+01 1.1696383291660568e+00
1084 8.3826050555708306e+01 1.1597710082643213e+00
1085 8.4306484923154983e+01 1.1664180332290508e+00
1086 8.3190352111469764e+01 1.1509758351559733e+00
1087 8.3573292530934054e+01 1.1562739876210248e+00
1088 8.3015117709934927e+01 1.1485513886121677e+00
1089 8.2567973931056130e+01 1.1423649538722327e+00
1090 8.2856668767571875e+01 1.1463591764248515e+00
1091 8.1820954236128330e+01 1.1320296013292430e+00
1092 8.2266946378695593e+01 1.1382001026642601e+00
1093 8.1546624257457324e+01 1.1282341230280322e+00
1094 8.1311947194182054e+01 1.1249872605969984e+00
1095 8.1429643063169152e+01 1.1266156357350230e+00
1096 8.0468966146321819e+01 1.1133242396942677e+00
1097 8.0990634202812387e+01 1.1205417512416271e+00
1098 8.0067206053259710e+01 1.1077657086037287e+00
1099 8.0129738877169899e+01 1.1086308782706180e+00
1100 7.9945952043479807e+01 1.1060881049918887e+00
1101 7.9222558019279333e+01 1.0960796242003261e+00
1102 7.9647425652101759e+01 1.1019578584679643e+00
1103 7.8675596745229228e+01 1.0885121696431648e+00
1104 7.8923822679586266e+01 1.0919464867827429e+00
1105 7.8495621652261093e+01 1.0860221335070186e+00
1106 7.8003665190619827e+01 1.0792156952010572e+00
1107 7.8303958851755738e+01 1.0833703926947620e+00
1108 7.7314701317362321e+01 1.0696835709908805e+00
1109 7.7747289613986084e+01 1.0756686241051898e+00
1110 7.7023223003577826e+01 1.0656508377817648e+00
1111 7.6877545941909133e+01 1.0636353302924766e+00
1112 7.6882019288425440e+01 1.0636972210479771e+00
1113 7.6075408293154538e+01 1.0525373961360218e+00
1114 7.6497516039859562e+01 1.0583774461413233e+00
1115 7.5633022200844252e+01 1.0464167861237461e+00
1116 7.5744809691483042e+01 1.0479634161972138e+00
1117 7.5469239783596919e+01 1.0441507829191614e+00
1118 7.4888089921228485e+01 1.0361103139078749e+00
1119 7.5227332502265114e+01 1.0408038871783174e+00
1120 7.4284065652963392e+01 1.0277533672310615e+00
1121 7.4642320852023744e+01 1.0327099885996660e+00
1122 7.4023562665633534e+01 1.0241491915569296e+00
1123 7.3810376585493970e+01 1.0211996665170131e+00
1124 7.3859725229692586e+01 1.0218824271440412e+00
1125 7.3071348675562831e+01 1.0109748839040387e+00
1126 7.3459405353961458e+01 1.0163438221062624e+00
1127 7.2657952687258927e+01 1.0052553649837359e+00
1128 7.2737386193801640e+01 1.0063543631753755e+00
1129 7.2483060760233045e+01 1.0028356567283732e+00
1130 7.1931277170819129e+01 9.9520148327518154e-01
1131 7.2236062740789151e+01 9.9941832834237976e-01
1132 7.1348451482445569e+01 9.8713782845944931e-01
1133 7.1687027162332924e+01 9.9182217485336388e-01
1134 7.1072824162829519e+01 9.8332440086436224e-01
1135 7.0909079330023388e+01 9.8105891765737963e-01
1136 7.0901190171688114e+01 9.8094976761325603e-01
1137 7.0191409129820045e+01 9.7112962853814633e-01
1138 7.0540665659228310e+01 9.7596174927590595e-01
1139 6.9753435889278677e+01 9.6507007230940711e-01
1140 6.9888140609238263e+01 9.6693377252968249e-01
1141 6.9551967056875185e+01 9.6228266064750190e-01
1142 6.9121157092388600e+01 9.5632221155595276e-01
1143 6.9332282870191960e+01 9.5924323138893264e-01
1144 6.8514722610161627e+01 9.4793191848791403e-01
1145 6.8865558633282106e+01 9.5278589222963861e-01
1146 6.8187612640355383e+01 9.4340620533573138e-01
1147 6.8160632255820659e+01 9.4303291961407609e-01
1148 6.8008669429000932e+01 9.4093044574454454e-01
1149 6.7444391226663527e+01 9.3312340371729885e-01
1150 6.7720929825709760e+01 9.3694943927204222e-01
1151 6.6943311354243278e+01 9.2619073893105108e-01
1152 6.7174575937724811e+01 9.2939038817352559e-01
1153 6.6688123965013233e+01 9.2266010694085632e-01
1154 6.6459316239753420e+01 9.1949444943386338e-01
1155 6.6498450230460989e+01 9.2003588574822448e-01
1156 6.5810730553122823e+01 9.1052097554665601e-01
1157 6.6144042945005339e+01 9.1513250199026053e-01
1158 6.5396483087260947e+01 9.0478967605242200e-01
1159 6.5548092035342478e+01 9.0688725385088409e-01
1160 6.5181313362867328e+01 9.0181270640451883e-01
1161 6.4849061832695654e+01 8.9721585745851617e-01
1162 6.4965657739331022e+01 8.9882901412403426e-01
1163 6.4267750101005859e+01 8.8917314891256483e-01
1164 6.4557854576166321e+01 8.9318687444810396e-01
1165 6.3917612005363672e+01 8.8432883131054651e-01
1166 6.3938572913444851e+01 8.8461883487552773e-01
1167 6.3720021097709804e+01 8.8159507247693314e-01
1168 6.3269722088957245e+01 8.7536498371646709e-01
1169 6.3475520649960949e+01 8.7821229911558629e-01
1170 6.2747301326528209e+01 8.6813705814483488e-01
1171 6.3031077683487489e+01 8.7206323132668506e-01
1172 6.2441430555260780e+01 8.6390519883093742e-01
1173 6.2407060923659209e+01 8.6342967956178451e-01
1174 6.2248864901206062e+01 8.6124096663486494e-01
1175 6.1771801871513752e+01 8.5464058564012646e-01
1176 6.1980582864812462e+01 8.5752916432776916e-01
1177 6.1295511756988077e+01 8.4805089827339708e-01
1178 6.1516081654339480e+01 8.5110258173633191e-01
1179 6.1017688915205525e+01 8.4420709464437038e-01
1180 6.0899767639722647e+01 8.4257560090637418e-01
1181 6.0824288769795629e+01 8.4153131688610128e-01
1182 6.0296453115244759e+01 8.3422847385320076e-01
1183 6.0540524670067470e+01 8.3760531328854149e-01
1184 5.9853966865336481e+01 8.2810647811563265e-01
1185 6.0069761174348862e+01 8.3109208917188382e-01
1186 5.9592773897033041e+01 8.2449275624525153e-01
1187 5.9467877876459490e+01 8.2276476378051622e-01
1188 5.9397547311816389e+01 8.2179170887303588e-01
1189 5.8891162218889924e+01 8.1478564398151321e-01
1190 5.9107892029430758e+01 8.1778419812101466e-01
1191 5.8470543438586247e+01 8.0896619449422624e-01
1192 5.8642420612747529e+01 8.1134419229148835e-01
1193 5.8217311983813786e+01 8.0546262373455513e-01
1194 5.8059178899626673e+01 8.0327478158677612e-01
1195 5.8021135244319744e+01 8.0274843055173528e-01
1196 5.7503679077869904e+01 7.9558919239226489e-01
1197 5.7734365635442181e+01 7.9878084438702068e-01
1198 5.7095293952722564e+01 7.8993900101127501e-01
1199 5.7283171205000983e+01 7.9253836706586533e-01
1200 5.6843892657177783e+01 7.8646075132540727e-01
1201 5.6720740116798524e+01 7.8475688069117000e-01
1202 5.6648501013906404e+01 7.8375742030097029e-01
1203 5.6180852661363254e+01 7.7728729558739240e-01
1204 5.6372420843176080e+01 7.7993772730759825e-01
1205 5.5776042565629098e+01 7.7168656634185595e-01
1206 5.5943357435956258e+01 7.7400144261922488e-01
1207 5.5520834301729316e+01 7.6815564554124227e-01
1208 5.5404392077846801e+01 7.6654461514554195e-01
1209 5.5326893831221085e+01 7.6547239214288365e-01
1210 5.4876663791459656e+01 7.5924325759934475e-01
1211 5.5067251260603925e+01 7.6188012071989819e-01
1212 5.4469001537834842e+01 7.5360306747010153e-01
1213 5.4666764953555081e+01 7.5633921303018881e-01
1214 5.4205013042326904e+01 7.4995066822695744e-01
1215 5.4154174890877485e+01 7.4924729959901992e-01
1216 5.4011937065613040e+01 7.4727937548799861e-01
1217 5.3636573254885825e+01 7.4208604880319051e-01
1218 5.3772586123408992e+01 7.4396784784559200e-01
1219 5.3220727567642612e+01 7.3633263719928921e-01
1220 5.3406570984736064e+01 7.3890386423185128e-01
1221 5.2942397876440381e+01 7.3248182108120208e-01
1222 5.2925076906325351e+01 7.3224217769061817e-01
1223 5.2747147626990206e+01 7.2978044630370131e-01
1224 5.2418861076041964e+01 7.2523845462368253e-01
1225 5.2528977205935163e+01 7.2676196067157306e-01
1226 5.1992219418352768e+01 7.1933567592630221e-01
1227 5.2201799728996612e+01 7.2223531352793569e-01
1228 5.1694469990856348e+01 7.1521617904617474e-01
1229 5.1756968496415979e+01 7.1608087390329123e-01
1230 5.1492062286499582e+01 7.1241577766968012e-01
1231 5.1265824777507426e+01 7.0928568025757954e-01
1232 5.1293022499872045e+01 7.0966197294559474e-01
1233 5.0827947399716443e+01 7.0322745033298950e-01
1234 5.1007379148048791e+01 7.0570996905239092e-01
1235 5.0505928621079853e+01 6.9877217609421083e-01
1236 5.0605949931296003e+01 7.0015601578400055e-01
1237 5.0289063795417910e+01 6.9577175395994995e-01
1238 5.0137238323161739e+01 6.9367118045241338e-01
1239 5.0103198349415074e+01 6.9320022214754584e-01
1240 4.9691842503633197e+01 6.8750892951410825e-01
1241 4.9858436720974005e+01 6.8981383523417372e-01
1242 4.9343066469938165e+01 6.8268345665005981e-01
1243 4.9506348065793723e+01 6.8494253076605383e-01
1244 4.9103766486478143e+01 6.7937263404473347e-01
1245 4.9069581299038568e+01 6.7889966664329127e-01
1246 4.8921777940074833e+01 6.7685474087720965e-01
1247 4.8624064968962259e+01 6.7273574838750461e-01
1248 4.8713231756054618e+01 6.7396941088125495e-01
1249 4.8248968977490733e+01 6.6754612710222494e-01
1250 4.8414464122480489e+01 6.6983582666334240e-01
1251 4.7979486955045765e+01 6.6381772244987403e-01
1252 4.8020945401956745e+01 6.6439131865840662e-01
1253 4.7788930570621645e+01 6.6118128940036636e-01
1254 4.7587604329594939e+01 6.5839585055411609e-01
1255 4.7606581408835225e+01 6.5865840695726896e-01
1256 4.7192132707605573e+01 6.5292432328146088e-01
1257 4.7360367092537906e+01 6.5525192145582589e-01
1258 4.6888027877346914e+01 6.4871689655350417e-01
1259 4.7020085126868047e+01 6.5054396783278334e-01
1260 4.6675727293345091e+01 6.4577962274982825e-01
1261 4.6614181584108294e+01 6.4492811025719965e-01
1262 4.6504833794952816e+01 6.4341523454804228e-01
1263 4.6209851536535119e+01 6.3933402269328821e-01
1264 4.6304156857010724e+01 6.4063877910120215e-01
1265 4.5871767568656971e+01 6.3465647935557046e-01
1266 4.6023280279902529e+01 6.3675272567424135e-01
1267 4.5626106523959862e+01 6.3125764861487732e-01
1268 4.5661513609496097e+01 6.3174752152454960e-01
1269 4.5448338495116730e+01 6.2879814820084379e-01
1270 4.5266205798571107e+01 6.2627826065144487e-01
1271 4.5278526836227798e+01 6.2644872773382843e-01
1272 4.4902970965111393e+01 6.2125274380739015e-01
1273 4.5055445650139269e+01 6.2336229946481725e-01
1274 4.4618269138343798e+01 6.1731376633563739e-01
1275 4.4751212124601672e+01 6.1915309217995229e-01
1276 4.4415670108093359e+01 6.1451071787958755e-01
1277 4.4386057941350870e+01 6.1410102027064439e-01
1278 4.4255969482711222e+01 6.1230118809627998e-01
1279 4.4014627818440417e+01 6.0896211792117350e-01
1280 4.4079390495606511e+01 6.0985813860802307e-01
1281 4.3693987090297313e+01 6.0452590962907460e-01
1282 4.3838501427516178e+01 6.0652533030407807e-01
1283 4.3453253763147970e+01 6.0119525607090329e-01
1284 4.3524061407095303e+01 6.0217491158454395e-01
1285 4.3280107030429043e+01 5.9879969336155614e-01
1286 4.3168664181097739e+01 5.9725783155516077e-01
1287 4.3128785610152697e+01 5.9670609363924476e-01
1288 4.2826869553776817e+01 5.9252894957969560e-01
1289 4.2944783174945186e+01 5.9416033741681740e-01
1290 4.2545175641720135e+01 5.8863158795712001e-01
1291 4.2693947595269343e+01 5.9068991466373921e-01
1292 4.2338848772273103e+01 5.8577696317372319e-01
1293 4.2380219088836171e+01 5.8634934005936301e-01
1294 4.2185875839540799e+01 5.8366051403582431e-01
1295 4.2041928713191886e+01 5.8166894097761990e-01
1296 4.2039268955485412e+01 5.8163214203675928e-01
1297 4.1729894658841886e+01 5.7735180987783363e-01
1298 4.1851513141491360e+01 5.7903445613530247e-01
1299 4.1480963526718376e+01 5.7390773601085121e-01
1300 4.1599146129313979e+01 5.7554284532666611e-01
1301 4.1300738523274696e+01 5.7141424225118265e-01
1302 4.1294234584151916e+01 5.7132425733618175e-01
1303 4.1162312873973192e+01 5.6949906130449890e-01
1304 4.0976555519133477e+01 5.6692902498181896e-01
1305 4.1020378354879533e+01 5.6753533357039343e-01
1306 4.0692009132930352e+01 5.6299219809999601e-01
1307 4.0834045862614836e+01 5.6495733996347031e-01
1308 4.0469881614178931e+01 5.5991896424634591e-01
1309 4.0587305071986272e+01 5.6154357045351289e-01
1310 4.0309883679204745e+01 5.5770532105147885e-01
1311 4.0296297664753261e+01 5.5751735244775447e-01
1312 4.0183555614013869e+01 5.5595751560714224e-01
1313 3.9999780271893144e+01 5.5341490131942950e-01
1314 4.0048535791496093e+01 5.5408945580164004e-01
1315 3.9739002139478330e+01 5.4980691888963551e-01
1316 3.9869240712255731e+01 5.5160882796042698e-01
1317 3.9538132005089395e+01 5.4702779048329819e-01
1318 3.9634094803189008e+01 5.4835547883757518e-01
1319 3.9394076492705366e+01 5.4503471785568314e-01
1320 3.9360397334694881e+01 5.4456875159836360e-01
1321 3.9279003069380181e+01 5.4344262542964683e-01
1322 3.9084618410808062e+01 5.4075322649019086e-01
1323 3.9153803031466303e+01 5.4171042674864600e-01
1324 3.8844162849425629e+01 5.3742641594599216e-01
1325 3.8986598119694712e+01 5.3939707179721341e-01
1326 3.8660266031684358e+01 5.3488212098858323e-01
1327 3.8767683455100368e+01 5.3636828922190050e-01
1328 3.8529391917991433e+01 5.3307141892416388e-01
1329 3.8513401487006199e+01 5.3285018413923257e-01
1330 3.8425775485215908e+01 5.3163783910123086e-01
1331 3.8257297840393953e+01 5.2930687531718257e-01
1332 3.8313491911239637e+01 5.3008434549227890e-01
1333 3.8033870452601676e+01 5.2621565719231689e-01
1334 3.8162940097075939e+01 5.2800139361573040e-01
1335 3.7863256226835404e+01 5.2385513285257501e-01
1336 3.7964308846876904e+01 5.2525324117637573e-01
1337 3.7743276968005439e+01 5.2219516599189653e-01
1338 3.7731464846047551e+01 5.2203173998647190e-01
1339 3.7651255192965401e+01 5.2092200345933115e-01
1340 3.7494601563988624e+01 5.1875463023797297e-01
1341 3.7554351186597906e+01 5.1958129306650414e-01
1342 3.7285982915907994e+01 5.1586829766923981e-01
1343 3.7424170310654191e+01 5.1778018225728573e-01
1344 3.7125960426003253e+01 5.1365431474589485e-01
1345 3.7249307418392910e+01 5.1536087571091438e-01
1346 3.7015054934864978e+01 5.1211988753112336e-01
1347 3.7039936509656840e+01 5.1246413527859880e-01
1348 3.6934536303702060e+01 5.1100587615364801e-01
1349 3.6822422746709613e+01 5.0945473480592562e-01
1350 3.6854773368743835e+01 5.0990232017212000e-01
1351 3.6627120782893435e+01 5.0675264453697566e-01
1352 3.6748016540024729e+01 5.0842529156273353e-01
1353 3.6475447545608461e+01 5.0465417726854800e-01
1354 3.6600315395971982e+01 5.0638177998579237e-01
1355 3.6371609183963081e+01 5.0321752696015798e-01
1356 3.6417192445517522e+01 5.0384819182940221e-01
1357 3.6301625395441874e+01 5.0224926985586493e-01
1358 3.6220529624547730e+01 5.0112727349134134e-01
1359 3.6239506889885611e+01 5.0138983246923796e-01
1360 3.6038577276958989e+01 4.9860988115065347e-01
1361 3.6158139629849053e+01 5.0026407993065691e-01
1362 3.5894076016876298e+01 4.9661064140369443e-01
1363 3.6040586657947244e+01 4.9863768183790147e-01
1364 3.5795510606062592e+01 4.9524694473515790e-01
1365 3.5886957078115991e+01 4.9651214769286017e-01
1366 3.5734416677937162e+01 4.9440168283684416e-01
1367 3.5713789528162827e+01 4.9411629696774012e-01
1368 3.5689219800137302e+01 4.9377636376015083e-01
1369 3.5546541977675851e+01 4.9180235209055528e-01
1370 3.5634033631459339e+01 4.9301283836362331e-01
1371 3.5408971275950691e+01 4.8989899972706319e-01
1372 3.5549124808830605e+01 4.9183808671806867e-01
1373 3.5314003410952473e+01 4.8858507671850515e-01
1374 3.5428804989902950e+01 4.9017340805568593e-01
1375 3.5259317381867064e+01 4.8782847097757015e-01
1376 3.5283341060664156e+01 4.8816084934916248e-01
1377 3.5228755920556452e+01 4.8740563945248611e-01
1378 3.5134218325311721e+01 4.8609766941895816e-01
1379 3.5198803943799582e+01 4.8699124041957764e-01
1380 3.5005207839188877e+01 4.8431275147787101e-01
1381 3.5147800089255036e+01 4.8628557921499560e-01
1382 3.4913224075499521e+01 4.8304011484939174e-01
1383 3.5064395334051397e+01 4.8513163701689244e-01
1384 3.4862385456014536e+01 4.8233673974597224e-01
1385 3.4951786966360494e+01 4.8357364974121747e-01
1386 3.4843002873716422e+01 4.8206857302613249e-01
1387 3.4825993605738077e+01 4.8183324217441859e-01
1388 3.4835510697738655e+01 4.8196491541098507e-01
1389 3.4709176813615670e+01 4.8021702945911277e-01
1390 3.4817916812582254e+01 4.8172149611839221e-01
1391 3.4621085382249959e+01 4.7899824499417409e-01
1392 3.4774140705289291e+01 4.8111583403892555e-01
1393 3.4572010315566324e+01 4.7831926943477454e-01
1394 3.4700040324628638e+01 4.8009062203595204e-01
1395 3.4559523506188484e+01 4.7814650882627474e-01
1396 3.4604680768113759e+01 4.7877127979957412e-01
1397 3.4569748270272150e+01 4.7828797302352566e-01
1398 3.4506460415837203e+01 4.7741235717066943e-01
1399 3.4582562427521815e+01 4.7846526263665878e-01
1400 3.4425963216606803e+01 4.7629864231359342e-01
1401 3.4578985162139340e+01 4.7841576956556742e-01
1402 3.4378527026258752e+01 4.7564234134338829e-01
1403 3.4548137504117015e+01 4.7798897838060794e-01
1404 3.4369150109659486e+01 4.7551260749637242e-01
1405 3.4491109725201575e+01 4.7719997348042026e-01
1406 3.4391161444341712e+01 4.7581714418453097e-01
1407 3.4420231959361281e+01 4.7621934779893843e-01
1408 3.4428823002939026e+01 4.7633820874021088e-01
1409 3.4354220380719596e+01 4.7530604799999937e-01
1410 3.4462956735876006e+01 4.7681046424553064e-01
1411 3.4311335482853060e+01 4.7471271620268496e-01
1412 3.4477759966085550e+01 4.7701527357523038e-01
1413 3.4303171352708773e+01 4.7459976180024954e-01
1414 3.4466406093132775e+01 4.7685818765033178e-01
1415 3.4331055622450606e+01 4.7498555317916830e-01
1416 3.4433313148543476e+01 4.7640033191863101e-01
1417 3.4385946885525662e+01 4.7574499842440449e-01
1418 3.4392265083346736e+01 4.7583241352518502e-01
1419 3.4451683543986569e+01 4.7665449457933146e-01
1420 3.4361299327434565e+01 4.7540398840294856e-01
1421 3.4510547967722260e+01 4.7746891028440480e-01
1422 3.4356456009965598e+01 4.7533697893337329e-01
1423 3.4549358966657287e+01 4.7800587786271997e-01
1424 3.4386595365805114e+01 4.7575397043993611e-01
1425 3.4563958276472960e+01 4.7820786586230529e-01
1426 3.4450771855381561e+01 4.7664188095855792e-01
1427 3.4560393484233906e+01 4.7815854536274777e-01
1428 3.4538661695822334e+01 4.7785787632262972e-01
1429 3.4552283140069477e+01 4.7804633511346856e-01
1430 3.4633553294165992e+01 4.7917074414781369e-01
1431 3.4555091010252887e+01 4.7808518325688104e-01
1432 3.4716335405997057e+01 4.8031607179558067e-01
1433 3.4578417746401080e+01 4.7840791911432340e-01
1434 3.4767649359020382e+01 4.8102602335170630e-01
1435 3.4616513355482333e+01 4.7893498895313497e-01
1436 3.4764204553201537e+01 4.8097836291809032e-01
1437 3.4635592060317570e+01 4.7919895139197655e-01
1438 3.4665272189899675e+01 4.7960958929728947e-01
1439 3.4556289748290617e+01 4.7810176833530765e-01
1440 3.4389146605318707e+01 4.7578926798292409e-01
1441 3.4235175629677656e+01 4.7365901047372660e-01
1442 3.3791464923401534e+01 4.6752007383309913e-01
1443 3.3465894848140728e+01 4.6301566581264747e-01
1444 3.2679664085024861e+01 4.5213781055378222e-01
1445 3.2042508551692073e+01 4.4332247796426139e-01
1446 3.0911446251997354e+01 4.2767372372819079e-01
1447 2.9915138699013262e+01 4.1388936185493497e-01
1448 2.8575041522974768e+01 3.9534851634541818e-01
1449 2.7368862328457560e+01 3.7866048617700404e-01
1450 2.6120167122451772e+01 3.6138422791977259e-01
1451 2.5043732201731373e+01 3.4649126797404356e-01
1452 2.4263141728973089e+01 3.3569144866213690e-01
1453 2.3697148598187439e+01 3.2786067983060629e-01
1454 2.3667317718235594e+01 3.2744795622631134e-01
1455 2.3822850038343812e+01 3.2959981563652796e-01
1456 2.4532566808238421e+01 3.3941906548005668e-01
1457 2.5224353550071161e+01 3.4899024534312384e-01
1458 2.6152037569338603e+01 3.6182516984742802e-01
1459 2.6668986105898057e+01 3.6897738471967567e-01
1460 2.6908450612928579e+01 3.7229048358239425e-01
1461 2.6559073914593828e+01 3.6745670025363691e-01
1462 2.5825771620935033e+01 3.5731113410992354e-01
1463 2.4981783258947562e+01 3.4563417656442808e-01
1464 2.4163097381052982e+01 3.3430729023537981e-01
1465 2.3871136157889531e+01 3.3026787575840488e-01
1466 2.3849596930121546e+01 3.2996987088116081e-01
1467 2.4457746787355852e+01 3.3838389693182991e-01
1468 2.5001203805935919e+01 3.4590286854278585e-01
1469 2.5616857292805474e+01 3.5442071067509090e-01
1470 2.5572161704462317e+01 3.5380232716287641e-01
1471 2.5186331642326586e+01 3.4846419519536276e-01
1472 2.4386224035821613e+01 3.3739434758397441e-01
1473 2.3712809026876034e+01 3.2807734888574624e-01
1474 2.3429187827782705e+01 3.2415332238256506e-01
1475 2.3568634124760703e+01 3.2608262444764829e-01
1476 2.4172551408369547e+01 3.3443809094375632e-01
1477 2.4589987740030640e+01 3.4021350982663701e-01
1478 2.4820593974518314e+01 3.4340405051548967e-01
1479 2.4306247769325097e+01 3.3628784006492773e-01
1480 2.3717368314531790e+01 3.2814042867545878e-01
1481 2.3052744519103047e+01 3.1894506035939341e-01
1482 2.2994726919270207e+01 3.1814236084284525e-01
1483 2.3280871185605012e+01 3.2210129511299346e-01
1484 2.3812903928718210e+01 3.2946220674869031e-01
1485 2.4066555857093295e+01 3.3297159494925049e-01
1486 2.3759773019106007e+01 3.2872711678319094e-01
1487 2.3191353821739966e+01 3.2086278223234749e-01
1488 2.2565551824709473e+01 3.1220453091001488e-01
1489 2.2554514755852143e+01 3.1205182811187404e-01
1490 2.2792420339700175e+01 3.1534335857313300e-01
1491 2.3348156936276187e+01 3.2303222365346990e-01
1492 2.3337309027690324e+01 3.2288213797252968e-01
1493 2.3017618697116983e+01 3.1845907885709401e-01
1494 2.2336152637696976e+01 3.0903069026438301e-01
1495 2.2049276992703330e+01 3.0506163704244155e-01
1496 2.2182151610141663e+01 3.0690001697347241e-01
1497 2.2603659142867414e+01 3.1273176274915432e-01
1498 2.2855801672857808e+01 3.1622026774604595e-01
1499 2.2518077203657835e+01 3.1154769823378814e-01
1500 2.2017531004145045e+01 3.0462241705158538e-01
1501 2.1556190169770602e+01 2.9823955968100729e-01
1502 2.1755003011720639e+01 3.0099022452368718e-01
1503 2.2053031717558014e+01 3.0511358534492755e-01
1504 2.2339956066360035e+01 3.0908331240590314e-01
1505 2.1958410001775668e+01 3.0380445146603074e-01
1506 2.1475313582565409e+01 2.9712059582113171e-01
1507 2.1143525072843406e+01 2.9253015297073071e-01
1508 2.1341428190833394e+01 2.9526823137438124e-01
1509 2.1716539250608339e+01 3.0045806113639739e-01
1510 2.1732284921206809e+01 3.0067590955159440e-01
1511 2.1371568357774681e+01 2.9568523410290082e-01
1512 2.0820375057478305e+01 2.8805922756441510e-01
1513 2.0816725653131922e+01 2.8800873641840125e-01
1514 2.1029264263546430e+01 2.9094930342425962e-01
1515 2.1371644204857940e+01 2.9568628348131770e-01
1516 2.1066243654437482e+01 2.9146092988374805e-01
1517 2.0653008426700133e+01 2.8574363515799001e-01
1518 2.0320901439373419e+01 2.8114878602707982e-01
1519 2.0554417592459888e+01 2.8437958674494396e-01
1520 2.0834654033094697e+01 2.8825678359667262e-01
1521 2.0773390648519833e+01 2.8740917719237402e-01
1522 2.0342698586632537e+01 2.8145035933616935e-01
1523 1.9960037200091922e+01 2.7615606741677257e-01
1524 2.0115680277699052e+01 2.7830945920666517e-01
1525 2.0349931074828039e+01 2.8155042405437031e-01
1526 2.0433851512443837e+01 2.8271150094994679e-01
1527 1.9938952675612381e+01 2.7586435356347394e-01
1528 1.9664807981625984e+01 2.7207143875898104e-01
1529 1.9656128692262651e+01 2.7195135689768374e-01
1530 2.0013823070307712e+01 2.7690021905599466e-01
1531 1.9962579602584622e+01 2.7619124269561279e-01
1532 1.9596947157163939e+01 2.7113255381466783e-01
1533 1.9256201163322388e+01 2.6641818015373753e-01
1534 1.9337693776546089e+01 2.6754566700988774e-01
1535 1.9639949634767376e+01 2.7172751238038073e-01
1536 1.9531763343845423e+01 2.7023070652025560e-01
1537 1.9188424709575731e+01 2.6548046251611479e-01
1538 1.8853852485224490e+01 2.6085150572522786e-01
1539 1.9090677307735863e+01 2.6412808336863602e-01
1540 1.9229734510593254e+01 2.6605200214203872e-01
1541 1.9149504725747249e+01 2.6494198708291528e-01
1542 1.8668560674124194e+01 2.5828791040899501e-01
1543 1.8589821783805913e+01 2.5719852254437936e-01
1544 1.8766836246893575e+01 2.5964759703818618e-01
1545 1.8916776295938565e+01 2.6172208486991988e-01
1546 1.8619861638144631e+01 2.5761413740304884e-01
1547 1.8260448334185195e+01 2.5264149313371603e-01
1548 1.8312319256956545e+01 2.5335915061612535e-01
1549 1.8504756815820489e+01 2.5602161055777845e-01
1550 1.8513007979383801e+01 2.5613576910660352e-01
1551 1.8072422570933604e+01 2.5004007236319975e-01
1552 1.7947500101595292e+01 2.4831171396794074e-01
1553 1.8048291446246626e+01 2.4970620742952773e-01
1554 1.8258823422923005e+01 2.5261901175757578e-01
1555 1.7942114502434965e+01 2.4823720178793379e-01
1556 1.7663509175073585e+01 2.4438257211995265e-01
1557 1.7648854352438448e+01 2.4417981607561068e-01
1558 1.7884852674720829e+01 2.4744495871763730e-01
1559 1.7795017569865937e+01 2.4620204974787918e-01
1560 1.7426509466166163e+01 2.4110357484481271e-01
1561 1.7325333998302085e+01 2.3970376686628514e-01
1562 1.7472814682792102e+01 2.4174422828629236e-01
1563 1.7586029533460689e+01 2.4331060652599176e-01
1564 1.7215762585932769e+01 2.3818779722966180e-01
1565 1.7045449840280988e+01 2.3583144400252790e-01
1566 1.7092096368745189e+01 2.3647681964637987e-01
1567 1.7304719291882840e+01 2.3941855315658003e-01
1568 1.7021056320775063e+01 2.3549394871884280e-01
1569 1.6774577358984718e+01 2.3208380172830126e-01
1570 1.6767837157065983e+01 2.3199054801154645e-01
1571 1.6973550717464359e+01 2.3483668738916527e-01
1572 1.6827610801742797e+01 2.3281754319615663e-01
1573 1.6502919466061922e+01 2.2832529293193785e-01
1574 1.6484778734629888e+01 2.2807430777584251e-01
1575 1.6633527349551805e+01 2.3013231158208486e-01
1576 1.6613532493136990e+01 2.2985567377521479e-01
1577 1.6241330373585598e+01 2.2470609050594981e-01
1578 1.6211664368096329e+01 2.2429564801379639e-01
1579 1.6320712223312277e+01 2.2580437400236977e-01
1580 1.6362722858969402e+01 2.2638560998988069e-01
1581 1.6000355637640105e+01 2.2137209694880375e-01
1582 1.5928074730744141e+01 2.2037205818146041e-01
1583 1.6048023347463740e+01 2.2203160109479794e-01
1584 1.6078531611467692e+01 2.2245369661128350e-01
1585 1.5774543396047477e+01 2.1824788330192241e-01
1586 1.5637196409648880e+01 2.1634762614031716e-01
1587 1.5803206448088742e+01 2.1864444948326409e-01
1588 1.5782777772254354e+01 2.1836180959014151e-01
1589 1.5543758938839114e+01 2.1505487682179006e-01
1590 1.5358326312244291e+01 2.1248933326002992e-01
1591 1.5562470437619432e+01 2.1531375880015746e-01
1592 1.5499842252992076e+01 2.1444726977497355e-01
1593 1.5288310954860673e+01 2.1152063938636564e-01
1594 1.5108575853365362e+01 2.0903392363989046e-01
1595 1.5309577977649358e+01 2.1181487818562797e-01
1596 1.5239414078797777e+01 2.1084412917412854e-01
1597 1.5004740607568069e+01 2.0759731644065624e-01
1598 1.4889469192252575e+01 2.0600248470662791e-01
1599 1.5046470750882893e+01 2.0817467169080112e-01
1600 1.4990867876507828e+01 2.0740538098404751e-01
1601 1.4709212291498744e+01 2.0350854963336643e-01
1602 1.4687131442837700e+01 2.0320305118813153e-01
1603 1.4787942453316893e+01 2.0459781673526772e-01
1604 1.4732243877556515e+01 2.0382720195692300e-01
1605 1.4426553477279709e+01 1.9959783815658336e-01
1606 1.4483869701399845e+01 2.0039083382555545e-01
1607 1.4546109112259582e+01 2.0125194399128615e-01
1608 1.4447104875002301e+01 1.9988217596207414e-01
1609 1.4174917059165857e+01 1.9611633544451204e-01
1610 1.4271207810274712e+01 1.9744856117577000e-01
1611 1.4317831313840607e+01 1.9809361825982644e-01
1612 1.4137526838225460e+01 1.9559902496701970e-01
1613 1.3957325528133888e+01 1.9310585901550487e-01
1614 1.4053493696396409e+01 1.9443638875810124e-01
1615 1.4084372035846831e+01 1.9486360443438011e-01
1616 1.3824419207956376e+01 1.9126704046285772e-01
1617 1.3763855671115744e+01 1.9042911676586768e-01
1618 1.3839234849540070e+01 1.9147202150948575e-01
1619 1.3823643749753193e+01 1.9125631165079737e-01
1620 1.3536167553102384e+01 1.8727894952731133e-01
1621 1.3580318177854585e+01 1.8788979322381030e-01
1622 1.3628370691355460e+01 1.8855462130127662e-01
1623 1.3527424400578573e+01 1.8715798409054402e-01
1624 1.3294140746457526e+01 1.8393040010015016e-01
1625 1.3395429310295459e+01 1.8533177281220339e-01
1626 1.3407356135041915e+01 1.8549678578215592e-01
1627 1.3211925183960043e+01 1.8279291091652988e-01
1628 1.3102766678436897e+01 1.8128265403132601e-01
1629 1.3200927086818529e+01 1.8264074730955754e-01
1630 1.3157856303238026e+01 1.8204484370001436e-01
1631 1.2913259071991355e+01 1.7866073129556453e-01
1632 1.2946786367546157e+01 1.7912459646769413e-01
1633 1.2987479865612112e+01 1.7968760926585037e-01
1634 1.2874348140102869e+01 1.7812238110001496e-01
1635 1.2668726019337711e+01 1.7527750683073548e-01
1636 1.2795216636929998e+01 1.7702756126045588e-01
1637 1.2745646067921264e+01 1.7634173020413896e-01
1638 1.2577177843492361e+01 1.7401089675545392e-01
1639 1.2493370224424886e+01 1.7285138075509646e-01
1640 1.2611752574636169e+01 1.7448925366876780e-01
1641 1.2476098571270255e+01 1.7261241968678004e-01
1642 1.2307096530499816e+01 1.7027420064957510e-01
1643 1.2364281025396169e+01 1.7106537378565115e-01
1644 1.2371979156608894e+01 1.7117188088385210e-01
1645 1.2199777458458158e+01 1.6878939315163591e-01
1646 1.2098972968580295e+01 1.6739471781994383e-01
1647 1.2225095286096142e+01 1.6913967665291160e-01
1648 1.2083176331042289e+01 1.6717616425427795e-01
1649 1.1952628966361965e+01 1.6536998290900592e-01
1650 1.1950293147382633e+01 1.6533766580573284e-01
1651 1.2018436373028770e+01 1.6628045789709450e-01
1652 1.1790839142381605e+01 1.6313154812601552e-01
1653 1.1760525226721210e+01 1.6271214150603489e-01
1654 1.1811343570025748e+01 1.6341523607940334e-01
1655 1.1733342797482161e+01 1.6233606040527140e-01
1656 1.1554368180850460e+01 1.5985986630798749e-01
1657 1.1609879047231409e+01 1.6062788404287379e-01
1658 1.1618404312914125e+01 1.6074583491746491e-01
1659 1.1426347359348823e+01 1.5808864082083290e-01
1660 1.1399243792683601e+01 1.5771365081915087e-01
1661 1.1445010841227875e+01 1.5834685846383406e-01
1662 1.1355251097206857e+01 1.5710499214501444e-01
1663 1.1181681755991557e+01 1.5470358245756574e-01
1664 1.1282562595700897e+01 1.5609931412342182e-01
1665 1.1215272060684375e+01 1.5516831938938155e-01
1666 1.1079271638400860e+01 1.5328669254628813e-01
1667 1.1033593436064253e+01 1.5265471412873854e-01
1668 1.1116075610034908e+01 1.5379589200167446e-01
1669 1.0939589863074641e+01 1.5135413253263724e-01
1670 1.0867032971763644e+01 1.5035027539712356e-01
1671 1.0922548292175254e+01 1.5111835475552182e-01
1672 1.0853888736228541e+01 1.5016841900286007e-01
1673 1.0701617802413670e+01 1.4806168233485423e-01
1674 1.0726182901357442e+01 1.4840155149702114e-01
1675 1.0747222489486301e+01 1.4869264363575260e-01
1676 1.0559362635348778e+01 1.4609351829224534e-01
1677 1.0554970744998768e+01 1.4603275451934120e-01
1678 1.0575207595133994e+01 1.4631274041787554e-01
1679 1.0485211137812303e+01 1.4506759906436720e-01
1680 1.0343899004082948e+01 1.4311248231093787e-01
1681 1.0443452923208410e+01 1.4448985543534712e-01
1682 1.0343097821859633e+01 1.4310139759552093e-01
1683 1.0229813548493416e+01 1.4153405886166140e-01
1684 1.0228639907306466e+01 1.4151782100942209e-01
1685 1.0253768195348833e+01 1.4186548214537748e-01
1686 1.0081016941683231e+01 1.3947539106611886e-01
1687 1.0064955416698087e+01 1.3925317266381082e-01
1688 1.0105548199863740e+01 1.3981479202614733e-01
1689 9.9739052312658227e+00 1.3799345250925990e-01
1690 9.9003559529599450e+00 1.3697586525455280e-01
1691 9.9400285323953739e+00 1.3752475318553908e-01
1692 9.8823926159753377e+00 1.3672733443020502e-01
1693 9.7290184776717030e+00 1.3460533443327249e-01
1694 9.7998284507560491e+00 1.3558502217156843e-01
1695 9.7394007542670149e+00 1.3474897788677173e-01
1696 9.6283905548370221e+00 1.3321310198581915e-01
1697 9.5985485637781469e+00 1.3280022465437472e-01
1698 9.6467962560084768e+00 1.3346775311710729e-01
1699 9.4793852717242402e+00 1.3115154706003176e-01
1700 9.4623932824452641e+00 1.3091645526687376e-01
1701 9.4860598525018300e+00 1.3124389287886554e-01
1702 9.3864852043509455e+00 1.2986623295909192e-01
1703 9.2961959566676580e+00 1.2861704071960445e-01
1704 9.3460982355250088e+00 1.2930746113046010e-01
1705 9.2750466368421840e+00 1.2832443039363195e-01
1706 9.1495411304758267e+00 1.2658800541957807e-01
1707 9.2047746611748558e+00 1.2735218609091054e-01
1708 9.1448631126493858e+00 1.2652328294469964e-01
1709 9.0406918893537913e+00 1.2508202734607915e-01
1710 9.0254276693136735e+00 1.2487084001530384e-01
1711 9.0538176826789787e+00 1.2526362858409648e-01
1712 8.8894029775020229e+00 1.2298887739240297e-01
1713 8.9050928850861393e+00 1.2320595430128480e-01
1714 8.8973479379343896e+00 1.2309879948356892e-01
1715 8.8028611960437591e+00 1.2179153302900439e-01
1716 8.7328211421098203e+00 1.2082249746748920e-01
1717 8.7888978742622292e+00 1.2159834420913364e-01
1718 8.6718090855904375e+00 1.1997836829956736e-01
1719 8.6068508095590541e+00 1.1907964141468373e-01
1720 8.6450851871205607e+00 1.1960863117766198e-01
1721 8.5632285704734592e+00 1.1847610817088113e-01
1722 8.4766398305898853e+00 1.1727811411660594e-01
1723 8.4996289193887655e+00 1.1759617847152430e-01
1724 8.4635164294305820e+00 1.1709654597527656e-01
1725 8.3326176033959136e+00 1.1528550200452485e-01
1726 8.3832282023244051e+00 1.1598572234127029e-01
1727 8.3253306671277016e+00 1.1518468397281614e-01
1728 8.2366040127685789e+00 1.1395711091284459e-01
1729 8.2201282784557108e+00 1.1372916173870055e-01
1730 8.2358434692574356e+00 1.1394658845223837e-01
1731 8.0932725101906069e+00 1.1197405528563928e-01
1732 8.1098755776486158e+00 1.1220376617095958e-01
1733 8.0965264235512020e+00 1.1201907463647359e-01
1734 7.9959016610664282e+00 1.1062688591387873e-01
1735 7.9656133022485793e+00 1.1020783288427782e-01
1736 7.9858951208898006e+00 1.1048844094226251e-01
1737 7.8789765610599245e+00 1.0900917471041663e-01
1738 7.8367296007616440e+00 1.0842466906549569e-01
1739 7.8714034555606016e+00 1.0890439739903889e-01
1740 7.7572185014408417e+00 1.0732459734296824e-01
1741 7.7266749937244379e+00 1.0690201421391289e-01
1742 7.7327211362740300e+00 1.0698566530798645e-01
1743 7.6674840117896057e+00 1.0608308042968201e-01
1744 7.5817260763073699e+00 1.0489658092694329e-01
1745 7.6375921036648258e+00 1.0566951247324130e-01
1746 7.5319110569355177e+00 1.0420736779020837e-01
1747 7.4876776104188485e+00 1.0359537821744959e-01
1748 7.4945094925478859e+00 1.0368990037103562e-01
1749 7.4438386257838118e+00 1.0298884620175273e-01
1750 7.3521065894494564e+00 1.0171969233413812e-01
1751 7.3925181320401343e+00 1.0227880415182730e-01
1752 7.3217714570421819e+00 1.0129999217094797e-01
1753 7.2458377621591650e+00 1.0024941544340447e-01
1754 7.2722378270774870e+00 1.0061467218287377e-01
1755 7.2119783337551935e+00 9.9780955064333765e-02
1756 7.1381757313865855e+00 9.8759862957594369e-02
1757 7.1485013864252451e+00 9.8902723026460637e-02
1758 7.1153093305229529e+00 9.8443496045289861e-02
1759 7.0118668388588743e+00 9.7012322775652235e-02
1760 7.0537084827266661e+00 9.7591220685959199e-02
1761 6.9865706591876480e+00 9.6662338783706475e-02
1762 6.9238768064225935e+00 9.5794941210383122e-02
1763 6.9204137344442529e+00 9.5747028056257566e-02
1764 6.9001946300656307e+00 9.5467287678225418e-02
1765 6.7954180453736450e+00 9.4017656633160737e-02
1766 6.8298349503859850e+00 9.4493829951155392e-02
1767 6.7758984789742813e+00 9.3747594676838131e-02
1768 6.7026183488443722e+00 9.2733731207867653e-02
1769 6.7113949443537813e+00 9.2855159343341015e-02
1770 6.6763572968701332e+00 9.2370397774831761e-02
1771 6.5938548346411281e+00 9.1228939204741621e-02
1772 6.6048068401511069e+00 9.1380465113318016e-02
1773 6.5743712107952419e+00 9.0959374529767836e-02
1774 6.4819563032243401e+00 8.9680772832304703e-02
1775 6.5116134739767757e+00 9.0091093091911364e-02
1776 6.4550825961240745e+00 8.9308963040803643e-02
1777 6.3954126968347778e+00 8.8483403220163070e-02
1778 6.3904092396473064e+00 8.8414178145754196e-02
1779 6.3701151901202548e+00 8.8133400867978079e-02
1780 6.2735902161853501e+00 8.6797934558864837e-02
1781 6.3095236319755141e+00 8.7295089483677188e-02
1782 6.2464832597310753e+00 8.6422897657930819e-02
1783 6.1917143750576615e+00 8.5665145572772231e-02
1784 6.1929096173936617e+00 8.5681682286597505e-02
1785 6.1579633379452394e+00 8.5198184835837271e-02
1786 6.0810790651145608e+00 8.4134456436021438e-02
1787 6.1032117118120031e+00 8.4440671530323086e-02
1788 6.0498791772789469e+00 8.3702791993608083e-02
1789 5.9860118148951473e+00 8.2819158388350536e-02
1790 6.0069387544170603e+00 8.3108691983078173e-02
1791 5.9441913436160885e+00 8.2240553410305312e-02
1792 5.8975864919022003e+00 8.1595754382987370e-02
1793 5.9004470725800084e+00 8.1635331799732272e-02
1794 5.8560069569143520e+00 8.1020482866599144e-02
1795 5.7890027589923934e+00 8.0093449734694053e-02
1796 5.8211146987389553e+00 8.0537732824381592e-02
1797 5.7392995507558169e+00 7.9405783555166767e-02
1798 5.7140544259083370e+00 7.9056505929607362e-02
1799 5.7088565854385340e+00 7.8984591475299931e-02
1800 5.6574242001563846e+00 7.8273001355752603e-02
1801 5.6078687700277445e+00 7.7587379752632094e-02
1802 5.6286166027855709e+00 7.7874435324943148e-02
1803 5.5479981363226285e+00 7.6759042681312464e-02
1804 5.5285112246125907e+00 7.6489432517263423e-02
1805 5.5275156719956691e+00 7.6475658600269197e-02
1806 5.4563879691284134e+00 7.5491574927914140e-02
1807 5.4399375543636337e+00 7.5263976061074586e-02
1808 5.4321437211060761e+00 7.5156144882157785e-02
1809 5.3665093389170675e+00 7.4248063765326874e-02
1810 5.3469845692867617e+00 7.3977929819970353e-02
1811 5.3478319872233886e+00 7.3989654227219259e-02
1812 5.2628105624530273e+00 7.2813344680529343e-02
1813 5.2757375004207017e+00 7.2992194665482138e-02
1814 5.2394026880940059e+00 7.2489486239546916e-02
1815 5.1883928062165650e+00 7.1783741644110818e-02
1816 5.1758474930214380e+00 7.1610171609057874e-02
1817 5.1619419863201470e+00 7.1417782686754250e-02
1818 5.0853787761241165e+00 7.0358496332496245e-02
1819 5.1072145861149130e+00 7.0660604557820111e-02
1820 5.0553274719894983e+00 6.9942723060764891e-02
1821 5.0121212204644285e+00 6.9344945191446683e-02
1822 5.0141650609573922e+00 6.9373222641398599e-02
1823 4.9704989343508039e+00 6.8769082194058015e-02
1824 4.9247278086109159e+00 6.8135818139544738e-02
1825 4.9331169403781043e+00 6.8251885540353843e-02
1826 4.8790914215020917e+00 6.7504418254427059e-02
1827 4.8424964885001147e+00 6.6998110942276382e-02
1828 4.8534394467665827e+00 6.7149511678180812e-02
1829 4.7828288518223880e+00 6.6172582425881740e-02
1830 4.7736743996229514e+00 6.6045926473620301e-02
1831 4.7574920723345908e+00 6.5822036717263332e-02
1832 4.7076429732791825e+00 6.5132352072820518e-02
1833 4.6845762554587811e+00 6.4813213685570165e-02
1834 4.6847764885015879e+00 6.4815983999528703e-02
1835 4.6098349599904420e+00 6.3779134338760299e-02
1836 4.6227961824842936e+00 6.3958458665510518e-02
1837 4.5848177361275848e+00 6.3433009825544465e-02
1838 4.5410261915459378e+00 6.2827134164264734e-02
1839 4.5366362687949371e+00 6.2766397613975428e-02
1840 4.5072611038693466e+00 6.2359979031472342e-02
1841 4.4560734627877094e+00 6.1651775057715165e-02
1842 4.4661705702675683e+00 6.1791473068594095e-02
1843 4.4174837429580069e+00 6.1117868975073361e-02
1844 4.3832067611871643e+00 6.0643631557885144e-02
1845 4.3895034478974271e+00 6.0730749042799133e-02
1846 4.3302262101649669e+00 5.9910621870919417e-02
1847 4.3166088013497568e+00 5.9722218912091382e-02
1848 4.3035324129059012e+00 5.9541301212767024e-02
1849 4.2569060903023024e+00 5.8896205126059510e-02
1850 4.2369152008567994e+00 5.8619622203989204e-02
1851 4.2337155910074458e+00 5.8575354166589884e-02
1852 4.1670280528317925e+00 5.7652702164307568e-02
1853 4.1799527257833944e+00 5.7831520811747056e-02
1854 4.1394281786986857e+00 5.7270845526196615e-02
1855 4.1051109725395740e+00 5.6796051586554694e-02
1856 4.0981282684442473e+00 5.6699442743416290e-02
1857 4.0687852881931761e+00 5.6293469450321092e-02
1858 4.0248711752895145e+00 5.5685898001330232e-02
1859 4.0351937145383241e+00 5.5828714961846389e-02
1860 3.9812090424716442e+00 5.5081812809847912e-02
1861 3.9633526327287480e+00 5.4834761371849686e-02
1862 3.9574056403032749e+00 5.4752482064215506e-02
1863 3.9057185000897197e+00 5.4037367295925946e-02
1864 3.8982607177557171e+00 5.3934185532266761e-02
1865 3.8795841545059231e+00 5.3675786902633950e-02
1866 3.8356037886003480e+00 5.3067298813644893e-02
1867 3.8285122159964513e+00 5.2969183725859209e-02
1868 3.8087006097007605e+00 5.2695081266581116e-02
1869 3.7586835885135179e+00 5.2003073344125607e-02
1870 3.7716699630388200e+00 5.2182745660512488e-02
1871 3.7217848119527708e+00 5.1492562220055202e-02
1872 3.7039343556326938e+00 5.1245593150331989e-02
1873 3.6930053083564816e+00 5.1094384879217303e-02
1874 3.6569689000302819e+00 5.0595805006473253e-02
1875 3.6318663924444254e+00 5.0248500554697088e-02
1876 3.6317974573161877e+00 5.0247546806278173e-02
1877 3.5764503080326979e+00 4.9481794170867899e-02
1878 3.5790898253107333e+00 4.9518313076322519e-02
1879 3.5520008424397291e+00 4.9143524847974809e-02
1880 3.5147624554396542e+00 4.8628315061149500e-02
1881 3.5138527527027588e+00 4.8615728915752027e-02
1882 3.4807855948600488e+00 4.8158229955256579e-02
1883 3.4516023229177657e+00 4.7754466298248067e-02
1884 3.4493604928943946e+00 4.7723449574337946e-02
1885 3.4108919915843017e+00 4.7191220604285558e-02
1886 3.3890236774901918e+00 4.6888662670113157e-02
1887 3.3876595701907917e+00 4.6869789633777574e-02
1888 3.3360290378582138e+00 4.6155458060911890e-02
1889 3.3391569969297334e+00 4.6198734777662072e-02
1890 3.3101654249231878e+00 4.5797623375248404e-02
1891 3.2809771970717025e+00 4.5393791151013184e-02
1892 3.2719692464304617e+00 4.5269162113520306e-02
1893 3.2494321535335424e+00 4.4957351324641064e-02
1894 3.2127270009537887e+00 4.4449519075194621e-02
1895 3.2204843243397074e+00 4.4556845123661384e-02
1896 3.1723406851854632e+00 4.3890756281907771e-02
1897 3.1652318156264792e+00 4.3792401882990176e-02
1898 3.1494590349666858e+00 4.3574178387934981e-02
1899 3.1137709317764988e+00 4.3080417472974329e-02
1900 3.1061630543030114e+00 4.2975159075737610e-02
1901 3.0868079620843738e+00 4.2707372693477595e-02
1902 3.0518309780366062e+00 4.2223450430813367e-02
1903 3.0517294103871540e+00 4.2222045196826659e-02
1904 3.0203214144178552e+00 4.1787501485040214e-02
1905 2.9955237549053018e+00 4.1444414743092892e-02
1906 2.9958570908317061e+00 4.1449026595147168e-02
1907 2.9521766146316231e+00 4.0844687614744295e-02
1908 2.9486612157335452e+00 4.0796050494213781e-02
1909 2.9279615206831542e+00 4.0509660928676493e-02
1910 2.8990938077606350e+00 4.0110263172245329e-02
1911 2.8897312519970613e+00 3.9980728013832560e-02
1912 2.8717343672428997e+00 3.9731733041045672e-02
1913 2.8369238604716496e+00 3.9250114066172764e-02
1914 2.8434083570813016e+00 3.9339829985283910e-02
1915 2.8012529012579930e+00 3.8756590345817070e-02
1916 2.7938983178638650e+00 3.8654836385779275e-02
1917 2.7787571022289392e+00 3.8445350876121442e-02
1918 2.7483731185480385e+00 3.8024974833649222e-02
1919 2.7396030408644747e+00 3.7903636875219894e-02
1920 2.7227299013137474e+00 3.7670189421360349e-02
1921 2.6911244154690941e+00 3.7232913348567473e-02
1922 2.6914961109971509e+00 3.7238055922916187e-02
1923 2.6606578899215916e+00 3.6811395302347991e-02
1924 2.6423195426620545e+00 3.6557676042641721e-02
1925 2.6383114732953437e+00 3.6502222605198260e-02
1926 2.6010288274399396e+00 3.5986400477257874e-02
1927 2.5986062040596778e+00 3.5952882396163219e-02
1928 2.5771105810551833e+00 3.5655480810380238e-02
1929 2.5530733923822528e+00 3.5322915523596059e-02
1930 2.5455733328948580e+00 3.5219148836556954e-02
1931 2.5248244003527103e+00 3.4932078048236524e-02
1932 2.4990982767832093e+00 3.4576145589613722e-02
1933 2.5014022312197395e+00 3.4608021832644803e-02
1934 2.4620935351363702e+00 3.4064168391048297e-02
1935 2.4612654798900917e+00 3.4052711875305175e-02
1936 2.4402341174826994e+00 3.3761733543119718e-02
1937 2.4174547604410934e+00 3.3446570921135052e-02
1938 2.4101416205626154e+00 3.3345390350725097e-02
1939 2.3898550713505453e+00 3.3064716843170895e-02
1940 2.3669454718230263e+00 3.2747752257975452e-02
1941 2.3657671812955763e+00 3.2731450080024926e-02
1942 2.3329947070180075e+00 3.2278028198828780e-02
1943 2.3264654982037132e+00 3.2187693666311468e-02
1944 2.3124296108996409e+00 3.1993500869888239e-02
1945 2.2845119831516651e+00 3.1607247967992295e-02
1946 2.2838755686474248e+00 3.1598442887872648e-02
1947 2.2576917962041572e+00 3.1236178651810245e-02
1948 2.2430228267260190e+00 3.1033226879549989e-02
1949 2.2345639747312713e+00 3.0916194868120708e-02
1950 2.2101161638024034e+00 3.0577948438247626e-02
1951 2.1979574388413865e+00 3.0409727024811529e-02
1952 2.1895251122808115e+00 3.0293062004661583e-02
1953 2.1585071286049318e+00 2.9863914287888333e-02
1954 2.1621112591529235e+00 2.9913779050594558e-02
1955 2.1328488979276359e+00 2.9508921157881451e-02
1956 2.1227924581755540e+00 2.9369785803257168e-02
1957 2.1118376392240013e+00 2.9218220969454672e-02
1958 2.0896176447885351e+00 2.8910797380019046e-02
1959 2.0789700604521997e+00 2.8763483274923226e-02
1960 2.0684048445637426e+00 2.8617308774248847e-02
1961 2.0419482355675203e+00 2.8251269722099868e-02
1962 2.0425553234620764e+00 2.8259669055420558e-02
1963 2.0168483388829865e+00 2.7904001393314580e-02
1964 2.0052436839093728e+00 2.7743445786673381e-02
1965 1.9976791470102451e+00 2.7638787025722648e-02
1966 1.9718877639582015e+00 2.7281951672887775e-02
1967 1.9683737982003504e+00 2.7233334380495109e-02
1968 1.9504142439868939e+00 2.6984855892482892e-02
1969 1.9329978514006916e+00 2.6743892289210144e-02
1970 1.9272459663399086e+00 2.6664312379478722e-02
1971 1.9071159715365613e+00 2.6385804872389163e-02
1972 1.8932787313271051e+00 2.6194360447619899e-02
1973 1.8886188486180229e+00 2.6129888880224342e-02
1974 1.8605299748169974e+00 2.5741266712374804e-02
1975 1.8623253349641486e+00 2.5766106325290545e-02
1976 1.8391234409178427e+00 2.5445097714323680e-02
1977 1.8281879240157524e+00 2.5293799933033118e-02
1978 1.8192234675575847e+00 2.5169772657071675e-02
1979 1.8006366523621768e+00 2.4912615732026341e-02
1980 1.7896038918317858e+00 2.4759972541521177e-02
1981 1.7818543997091725e+00 2.4652754842094830e-02
1982 1.7579729912866959e+00 2.4322344844948406e-02
1983 1.7585547851305565e+00 2.4330394223732482e-02
1984 1.7361020935829405e+00 2.4019751165377717e-02
1985 1.7264417489147350e+00 2.3886095963900941e-02
1986 1.7187311741333335e+00 2.3779416703346011e-02
1987 1.6975476314570772e+00 2.3486332888882810e-02
1988 1.6935315900092991e+00 2.3430769154122032e-02
1989 1.6781412026793698e+00 2.3217836242301875e-02
1990 1.6631641062643994e+00 2.3010621395665166e-02
1991 1.6581961954617512e+00 2.2941888121434079e-02
1992 1.6397602599323395e+00 2.2686818684242445e-02
1993 1.6297040572049333e+00 2.2547686608960865e-02
1994 1.6232084233140520e+00 2.2457816600568465e-02
1995 1.6007055132451804e+00 2.2146478746447418e-02
1996 1.6018815521152918e+00 2.2162749771708720e-02
1997 1.5804857827406873e+00 2.1866729705683003e-02
1998 1.5732465077355708e+00 2.1766571088926902e-02
1999 1.5636474121092487e+00 2.1633763295416858e-02
2000 1.5478208531532376e+00 2.1414795753512097e-02
