# step 1
# iter abs_residual rel_residual
0 7.2278104865856122e+01 1.0000000000000000e+00
1 1.1546600861378695e+03 1.5975240195918946e+01
2 1.1527745212178302e+03 1.5949152559510399e+01
3 1.1585072720811820e+03 1.6028467739038025e+01
4 1.2484330970660308e+03 1.7272631862485170e+01
5 1.4402468346335756e+03 1.9926460956697582e+01
6 1.2677694538265623e+03 1.7540159031278797e+01
7 1.4124522130187429e+03 1.9541909899826102e+01
8 1.3004236603872334e+03 1.7991944625564585e+01
9 1.3783981910459388e+03 1.9070757231448781e+01
10 1.3232324643110499e+03 1.8307514658372558e+01
11 1.3547601259457604e+03 1.8743713998314078e+01
12 1.3364428175016149e+03 1.8490285820055377e+01
13 1.3388396176532729e+03 1.8523446625199703e+01
14 1.3429152194657795e+03 1.8579834404321343e+01
15 1.3277325809219553e+03 1.8369775790139329e+01
16 1.3450051727474395e+03 1.8608749845388022e+01
17 1.3195692023744225e+03 1.8256831786382126e+01
18 1.3443069584335074e+03 1.8599089737181977e+01
19 1.3132163294674438e+03 1.8168936940235156e+01
20 1.3418458874577143e+03 1.8565039716358097e+01
21 1.3079856800725461e+03 1.8096568559733129e+01
22 1.3382737217493959e+03 1.8515617201546064e+01
23 1.3034526903327881e+03 1.8033852613483973e+01
24 1.3340055733936863e+03 1.8456565454635559e+01
25 1.2993510853092494e+03 1.7977105068274383e+01
26 1.3293075319953487e+03 1.8391565944658684e+01
27 1.2955114809363513e+03 1.7923982419582579e+01
28 1.3243513570099960e+03 1.8322995040723793e+01
29 1.2918249965136190e+03 1.7872978254080813e+01
30 1.3192485335175004e+03 1.8252395188915752e+01
31 1.2882212246109123e+03 1.7823118453392969e+01
32 1.3140716232905966e+03 1.8180770313906759e+01
33 1.2846546044784714e+03 1.7773772664110577e+01
34 1.3088677968897441e+03 1.8108773041558369e+01
35 1.2810958289399873e+03 1.7724535408304149e+01
36 1.3036675101267260e+03 1.8036824741687067e+01
37 1.2775263299629166e+03 1.7675149788915050e+01
38 1.2984901357275614e+03 1.7965193444646648e+01
39 1.2739346838594213e+03 1.7625457754098125e+01
40 1.2933476589187046e+03 1.7894044971420893e+01
41 1.2703142383667653e+03 1.7575367266814663e+01
42 1.2882471280000404e+03 1.7823476838400104e+01
43 1.2666615286041647e+03 1.7524830388884897e+01
44 1.2831922934619963e+03 1.7753540935301572e+01
45 1.2629752087376278e+03 1.7473828500091901e+01
46 1.2781847130466535e+03 1.7684258814185686e+01
47 1.2592553284024618e+03 1.7422362287162414e+01
48 1.2732245007396912e+03 1.7615632052095449e+01
49 1.2555028382765456e+03 1.7370444903151299e+01
50 1.2683108376847374e+03 1.7547649319785670e+01
51 1.2517192522215114e+03 1.7318097293013260e+01
52 1.2634423194674671e+03 1.7480291186554229e+01
53 1.2479064168611751e+03 1.7265345005617061e+01
54 1.2586171941770742e+03 1.7413533413929336e+01
55 1.2440663539076022e+03 1.7212216012255933e+01
56 1.2538335239643015e+03 1.7347349190897329e+01
57 1.2402011533657057e+03 1.7158739229085288e+01
58 1.2490892942222938e+03 1.7281710644468742e+01
59 1.2363129023427750e+03 1.7104943532170612e+01
60 1.2443824862328538e+03 1.7216589844771857e+01
61 1.2324036388407455e+03 1.7050857118182797e+01
62 1.2397111252386428e+03 1.7151959470153141e+01
63 1.2284753213122531e+03 1.6996507083192490e+01
64 1.2350733099324734e+03 1.7087793215174862e+01
65 1.2245298121523574e+03 1.6941919194270689e+01
66 1.2304672309081186e+03 1.7024066045890287e+01
67 1.2205688672011931e+03 1.6887117744253210e+01
68 1.2258911806654262e+03 1.6960754338268934e+01
69 1.2165941326621617e+03 1.6832125509102490e+01
70 1.2213435565417433e+03 1.6897835918754158e+01
71 1.2126071450103495e+03 1.6776963746640515e+01
72 1.2168228618944661e+03 1.6835290080624240e+01
73 1.2086093333564122e+03 1.6721652229254204e+01
74 1.2123277032806557e+03 1.6773097544971108e+01
75 1.2046020237636121e+03 1.6666209303623582e+01
76 1.2078567863306173e+03 1.6711240403609473e+01
77 1.2005864443534472e+03 1.6610651961360421e+01
78 1.2034089109065810e+03 1.6649702052094984e+01
79 1.1965637310933132e+03 1.6554995919083165e+01
80 1.1989829658826122e+03 1.6588467117501953e+01
81 1.1925349333510112e+03 1.6499255695266019e+01
82 1.1945779226394225e+03 1.6527521368421159e+01
83 1.1885010204010271e+03 1.6443444700256247e+01
84 1.1901928302451968e+03 1.6466851648284415e+01
85 1.1844628864374379e+03 1.6387575305629980e+01
86 1.1858268092534120e+03 1.6406445789554613e+01
87 1.1804213570131824e+03 1.6331658933282416e+01
88 1.1814790463261650e+03 1.6346292539337050e+01
89 1.1763771933483617e+03 1.6275706115035085e+01
90 1.1771487897144516e+03 1.6286381496847074e+01
91 1.1723310979319720e+03 1.6219726570138342e+01
92 1.1728353439135371e+03 1.6226703039464716e+01
93 1.1682837191195933e+03 1.6163729268882445e+01
94 1.1685380650349462e+03 1.6167248258704120e+01
95 1.1642356550285454e+03 1.6107722486488790e+01
96 1.1642563576283123e+03 1.6108008916242383e+01
97 1.1601874578316535e+03 1.6051713862516078e+01
98 1.1599896696473561e+03 1.6048977374271615e+01
99 1.1561396376419402e+03 1.5995710454606783e+01
100 1.1557374897019638e+03 1.5990146557480223e+01
101 1.1520926651015673e+03 1.5939718774306312e+01
102 1.1514993435952349e+03 1.5931509905141390e+01
103 1.1480469756753118e+03 1.5883744846465177e+01
104 1.1472747910233136e+03 1.5873061325453781e+01
105 1.1440029715496578e+03 1.5827794235513776e+01
106 1.1430634233256681e+03 1.5814795164415642e+01
107 1.1399610245692265e+03 1.5771872086089234e+01
108 1.1388648605551607e+03 1.5756706165287902e+01
109 1.1359214789409355e+03 1.5715983160448637e+01
110 1.1346787494187472e+03 1.5698789440102832e+01
111 1.1318846530362844e+03 1.5660131863404487e+01
112 1.1305047609297205e+03 1.5641040437181777e+01
113 1.1278508414129194e+03 1.5604322270293940e+01
114 1.1263425889394109e+03 1.5583454920820571e+01
115 1.1238203171241444e+03 1.5548558158931924e+01
116 1.1221919476065259e+03 1.5526028936276727e+01
117 1.1197933329695122e+03 1.5492843026913645e+01
118 1.1180525705879827e+03 1.5468758798574230e+01
119 1.1157701230378161e+03 1.5437180112962555e+01
120 1.1139242088631511e+03 1.5411641062400964e+01
121 1.1117509047650174e+03 1.5381572425402702e+01
122 1.1098066298821000e+03 1.5354672510324328e+01
123 1.1077358792215757e+03 1.5326022746134086e+01
124 1.1056996160706515e+03 1.5297850132107980e+01
125 1.1037252332580365e+03 1.5270533660317811e+01
126 1.1016029635283764e+03 1.5241171106698028e+01
127 1.0997191401709022e+03 1.5215107565588717e+01
128 1.0975164815387286e+03 1.5184632795445511e+01
129 1.0957177605378581e+03 1.5159746683611106e+01
130 1.0934399909821968e+03 1.5128232720151651e+01
131 1.0917212434621918e+03 1.5104453077295837e+01
132 1.0893733238466357e+03 1.5071968556293058e+01
133 1.0877297275729793e+03 1.5049228664638360e+01
134 1.0853163221725463e+03 1.5015838118429212e+01
135 1.0837433411630250e+03 1.4994075220627165e+01
136 1.0812688376658768e+03 1.4959839354845395e+01
137 1.0797622035099482e+03 1.4938994395521616e+01
138 1.0772307304129156e+03 1.4903970329772646e+01
139 1.0757864254683516e+03 1.4883987723044861e+01
140 1.0732018690352177e+03 1.4848229225531254e+01
141 1.0718161096182539e+03 1.4829056622437474e+01
142 1.0691821292808063e+03 1.4792614323039389e+01
143 1.0678513515666218e+03 1.4774202416464718e+01
144 1.0651713940586935e+03 1.4737124002290715e+01
145 1.0638922397450879e+03 1.4719426328617896e+01
146 1.0611695529598660e+03 1.4681756735727006e+01
147 1.0599388563542229e+03 1.4664729496178776e+01
148 1.0571765012063320e+03 1.4626511073697753e+01
149 1.0559912776318010e+03 1.4610112973931155e+01
150 1.0531921400290496e+03 1.4571385649688958e+01
151 1.0520495743083916e+03 1.4555577740464187e+01
152 1.0492163757979856e+03 1.4516379168287118e+01
153 1.0481138117876876e+03 1.4501124700667301e+01
154 1.0452491196622591e+03 1.4461490400200441e+01
155 1.0441840510081011e+03 1.4446754697650759e+01
156 1.0412902872550842e+03 1.4406718178176604e+01
157 1.0402603481805345e+03 1.4392468509117609e+01
158 1.0373397988358729e+03 1.4352061398968804e+01
159 1.0363427553317542e+03 1.4338266854881502e+01
160 1.0333975780989579e+03 1.4297519006853909e+01
161 1.0324313207327079e+03 1.4284150402792648e+01
162 1.0294635529008058e+03 1.4243090003693776e+01
163 1.0285260887814557e+03 1.4230119767118120e+01
164 1.0255376543573584e+03 1.4188773436446564e+01
165 1.0246271007399960e+03 1.4176175518736180e+01
166 1.0216198166675040e+03 1.4134568394724374e+01
167 1.0207343943713836e+03 1.4122318180115625e+01
168 1.0177099774254475e+03 1.4080474015115046e+01
169 1.0168480047057934e+03 1.4068548235914639e+01
170 1.0138080767342749e+03 1.4026489468917905e+01
171 1.0129679638419931e+03 1.4014866130234067e+01
172 1.0099140573877417e+03 1.3972613964658899e+01
173 1.0090943013376736e+03 1.3961272272017824e+01
174 1.0060278647996799e+03 1.3918846747113916e+01
175 1.0052270441525867e+03 1.3907767034266165e+01
176 1.0021494466765807e+03 1.3865187092778799e+01
177 1.0013662172122877e+03 1.3854350761835331e+01
178 9.9827875258100732e+02 1.3811634303828988e+01
179 9.9751184302368961e+02 1.3801023766118556e+01
180 9.9441573466886200e+02 1.3758187718319935e+01
181 9.9366394212776186e+02 1.3747786331309367e+01
182 9.9056034660641910e+02 1.3704846695203761e+01
183 9.8982253330358344e+02 1.3694638717224745e+01
184 9.8671254400125611e+02 1.3651610620291388e+01
185 9.8598763319894226e+02 1.3641581154194300e+01
186 9.8287228417731001e+02 1.3598478903140345e+01
187 9.8215925726940725e+02 1.3588613856052765e+01
188 9.7903952592963640e+02 1.3545450973661744e+01
189 9.7833741900612176e+02 1.3535737009456156e+01
190 9.7521422962029237e+02 1.3492526283446864e+01
191 9.7452213052849902e+02 1.3482950782081993e+01
192 9.7139635705431203e+02 1.3439704304051221e+01
193 9.7071340264312244e+02 1.3430255323444202e+01
194 9.6758587121904623e+02 1.3386984523388213e+01
195 9.6691124481553209e+02 1.3377650764502778e+01
196 9.6378273645743354e+02 1.3334366448126403e+01
197 9.6311566501966502e+02 1.3325137215580716e+01
198 9.5998691833010832e+02 1.3281849601781717e+01
199 9.5932667049227234e+02 1.3272714776801713e+01
200 9.5619838332141092e+02 1.3229433520649973e+01
201 9.5554426703138006e+02 1.3220383528384060e+01
202 9.5241709908790267e+02 1.3177117757245190e+01
203 9.5176845944880051e+02 1.3168143536901338e+01
204 9.4864303431897679e+02 1.3124901878371078e+01
205 9.4799925167876120e+02 1.3115994856785353e+01
206 9.4487615845338598e+02 1.3072785461199075e+01
207 9.4423664670583094e+02 1.3063937529328946e+01
208 9.4111644192913673e+02 1.3020768096725739e+01
209 9.4048064648067839e+02 1.3011971581520500e+01
210 9.3736385591112230e+02 1.2968849386004434e+01
211 9.3673125252270222e+02 1.2960097034381572e+01
212 9.3361837237406894e+02 1.2917028941292932e+01
213 9.3298846505107656e+02 1.2908313890944537e+01
214 9.2987996415064265e+02 1.2865306386718975e+01
215 9.2925228388056928e+02 1.2856622148646625e+01
216 9.2614860447750436e+02 1.2813681351999769e+01
217 9.2552270815738484e+02 1.2805021795675193e+01
218 9.2242426760014814e+02 1.2762153480810170e+01
219 9.2179973606128169e+02 1.2753512806846381e+01
220 9.1870692806287502e+02 1.2710722420959163e+01
221 9.1808336550525109e+02 1.2702095153285486e+01
222 9.1499656116463757e+02 1.2659387830696682e+01
223 9.1437359358952597e+02 1.2650768794872931e+01
224 9.1129314270228576e+02 1.2608149375161286e+01
225 9.1067041698689206e+02 1.2599533685575215e+01
226 9.0759664895853894e+02 1.2557006726213762e+01
227 9.0697383169664931e+02 1.2548389770040858e+01
228 9.0390705672309855e+02 1.2505959562729217e+01
229 9.0328383340466621e+02 1.2497336988581916e+01
230 9.0022434340104587e+02 1.2455007572096818e+01
231 8.9960041707988216e+02 1.2446375271591407e+01
232 8.9654848648585812e+02 1.2404150442928726e+01
233 8.9592357756833474e+02 1.2395504547761950e+01
234 8.9287946419149591e+02 1.2353387873805314e+01
235 8.9225330891307738e+02 1.2344724734676520e+01
236 8.8921725518780033e+02 1.2302719569614268e+01
237 8.8858960491822677e+02 1.2294035746612289e+01
238 8.8556183822277717e+02 1.2252145236324713e+01
239 8.8493245909205746e+02 1.2243437493753325e+01
240 8.8191319253435722e+02 1.2201664586684112e+01
241 8.8128186447020857e+02 1.2192929879744572e+01
242 8.7827129783036105e+02 1.2151277339941059e+01
243 8.7763781374419352e+02 1.2142512803469838e+01
244 8.7463613380795709e+02 1.2100983215196772e+01
245 8.7400029932414247e+02 1.2092186159919871e+01
246 8.7100768085893367e+02 1.2050781941162850e+01
247 8.7036931317437416e+02 1.2041949837917416e+01
248 8.6738591940083234e+02 1.2000673246907196e+01
249 8.6674484724825413e+02 1.1991803726133677e+01
250 8.6377083001705023e+02 1.1950656863792398e+01
251 8.6312689282879865e+02 1.1941747703965275e+01
252 8.6016239401429834e+02 1.1900732533188423e+01
253 8.5951544117893616e+02 1.1891781650530902e+01
254 8.5656059241117759e+02 1.1850899992479096e+01
255 8.5591048331040827e+02 1.1841905441473976e+01
256 8.5296540675080144e+02 1.1801158986305115e+01
257 8.5231200980418396e+02 1.1792118946477975e+01
258 8.4937681872990106e+02 1.1751509261432547e+01
259 8.4872001123219718e+02 1.1742422035101379e+01
260 8.4579481023186418e+02 1.1701950567209934e+01
261 8.4513447783983077e+02 1.1692814572384684e+01
262 8.4221936322668284e+02 1.1652482654184031e+01
263 8.4155539961841691e+02 1.1643296419853479e+01
264 8.3865046014480936e+02 1.1603105279272262e+01
265 8.3798276641700215e+02 1.1593867437064771e+01
266 8.3508808331606474e+02 1.1553818197999778e+01
267 8.3441656792206857e+02 1.1544527481326416e+01
268 8.3153221536605940e+02 1.1504621169984103e+01
269 8.3085679340752108e+02 1.1495276404238075e+01
270 8.2798283914130081e+02 1.1455513957898978e+01
271 8.2730343237518332e+02 1.1446114060552770e+01
272 8.2443993739760174e+02 1.1406496323163335e+01
273 8.2375647376993527e+02 1.1397040297317956e+01
274 8.2090349336895872e+02 1.1357568033811996e+01
275 8.2021590649252039e+02 1.1348054960970442e+01
276 8.1737349013242306e+02 1.1308728855708376e+01
277 8.1668171944143148e+02 1.1299157897915896e+01
278 8.1384991106169923e+02 1.1259978558820219e+01
279 8.1315390119629058e+02 1.1250348950148265e+01
280 8.1033273950822502e+02 1.1211316912807199e+01
281 8.0963244025224787e+02 1.1201627958492793e+01
282 8.0682195905976312e+02 1.1162743690598651e+01
283 8.0611732500829203e+02 1.1152994762444283e+01
284 8.0331755331749810e+02 1.1114258665309610e+01
285 8.0260854365168666e+02 1.1104449198568233e+01
286 7.9981950615103995e+02 1.1065861613768893e+01
287 7.9910608422864493e+02 1.1055991101478636e+01
288 7.9632780127063950e+02 1.1017552310600516e+01
289 7.9560993485063432e+02 1.1007620306692314e+01
290 7.9284242268343428e+02 1.0969330534536050e+01
291 7.9212008323754890e+02 1.0959336644308491e+01
292 7.8936335448699413e+02 1.0921196065558245e+01
293 7.8863651723772261e+02 1.0911139946203422e+01
294 7.8589058052058192e+02 1.0873148680076051e+01
295 7.8515922454666782e+02 1.0863030042138996e+01
296 7.8242408521916502e+02 1.0825188162740263e+01
297 7.8168819265088928e+02 1.0815006758985398e+01
298 7.7896385265485469e+02 1.0777314293181393e+01
299 7.7822340903099280e+02 1.0767069923531190e+01
300 7.7550986720752496e+02 1.0729526855287991e+01
301 7.7476486104612968e+02 1.0719219360884564e+01
302 7.7206211320799059e+02 1.0681825632269858e+01
303 7.7131253598564967e+02 1.0671454895187969e+01
304 7.6862057518511278e+02 1.0634210410076841e+01
305 7.6786642093996170e+02 1.0623776347831425e+01
306 7.6518523749922758e+02 1.0586680972327180e+01
307 7.6442650311456532e+02 1.0576183541797279e+01
308 7.6175608487496004e+02 1.0539237107679210e+01
309 7.6099276934480883e+02 1.0528676294946669e+01
310 7.5833310178042348e+02 1.0491878601242309e+01
311 7.5756520684252882e+02 1.0481254430349619e+01
312 7.5491627275133010e+02 1.0444605239061122e+01
313 7.5414380217542487e+02 1.0433917762164228e+01
314 7.5150558279743495e+02 1.0397416813738888e+01
315 7.5072854235794546e+02 1.0386666110729566e+01
316 7.4810101621090450e+02 1.0350313107950681e+01
317 7.4731941401506640e+02 1.0339499290996173e+01
318 7.4470255811196876e+02 1.0303293915828210e+01
319 7.4391640374208214e+02 1.0292417117503938e+01
320 7.4131019305032078e+02 1.0256359023609550e+01
321 7.4051949826467035e+02 1.0245419406596653e+01
322 7.3792390604337311e+02 1.0209508224003882e+01
323 7.3712868386773437e+02 1.0198505968519809e+01
324 7.3454368180124106e+02 1.0162741305468794e+01
325 7.3374394726682840e+02 1.0151676619477138e+01
326 7.3116950527488234e+02 1.0116058059794035e+01
327 7.3036527465428469e+02 1.0104931168433364e+01
328 7.2780136135986879e+02 1.0069458278003069e+01
329 7.2699265252674172e+02 1.0058269428563422e+01
330 7.2443923489279803e+02 1.0022941750303419e+01
331 7.2362606703495828e+02 1.0011691208256849e+01
332 7.2108311096974035e+02 9.9765082704925359e+00
333 7.2026550458590509e+02 9.9651963194479869e+00
334 7.1773297436783582e+02 9.9301576279553210e+00
335 7.1691095113008441e+02 9.9187845677557345e+00
336 7.1438881029607080e+02 9.8838896180514713e+00
337 7.1356239292213002e+02 9.8724557630067853e+00
338 7.1105060356776380e+02 9.8377040306664316e+00
339 7.1021981597226659e+02 9.8262097116463210e+00
340 7.0771833938532961e+02 9.7916006610689763e+00
341 7.0688320629273483e+02 9.7800462201474172e+00
342 7.0439200252571902e+02 9.7455792986413918e+00
343 7.0355254992733501e+02 9.7339650954197925e+00
344 7.0107157832208679e+02 9.6996397404612935e+00
345 7.0022783260960716e+02 9.6879661400805759e+00
346 6.9775705161131827e+02 9.6537817767401890e+00
347 6.9690904045482387e+02 9.6420491620283304e+00
348 6.9444840746852117e+02 9.6080052009855024e+00
349 6.9359615905976796e+02 9.5962139619880915e+00
350 6.9114563108439540e+02 9.5623098083039224e+00
351 6.9028917439915745e+02 9.5504603459137893e+00
352 6.8784870735929076e+02 9.5166953897850135e+00
353 6.8698807203248953e+02 9.5047881140145929e+00
354 6.8455762145406743e+02 9.4711617401226249e+00
355 6.8369283784369111e+02 9.4591970709882958e+00
356 6.8127235837507237e+02 9.4257086518728386e+00
357 6.8040345729384649e+02 9.4136870156824806e+00
358 6.7799290332424357e+02 9.3803359202978296e+00
359 6.7711991611878432e+02 9.3682577507459381e+00
360 6.7471924113679108e+02 9.3350433355859295e+00
361 6.7384219985794584e+02 9.3229090761103528e+00
362 6.7145135713461491e+02 9.2898306946590363e+00
363 6.7057029403815807e+02 9.2776407915328818e+00
364 6.6818923610180639e+02 9.2446977869982341e+00
365 6.6730418422540276e+02 9.2324526973124126e+00
366 6.6493286331264562e+02 9.1996444088665807e+00
367 6.6404385568474163e+02 9.1873445895844625e+00
368 6.6168222374449795e+02 9.1546703524191866e+00
369 6.6078929407973919e+02 9.1423162699980161e+00
370 6.5843730240100956e+02 9.1097754101747714e+00
371 6.5754048451832239e+02 9.0973675325145642e+00
372 6.5519808441008831e+02 9.0649593763712701e+00
373 6.5429741253228542e+02 9.0524981769599879e+00
374 6.5196455475599100e+02 9.0202220432591389e+00
375 6.5106006326619342e+02 9.0077079978026866e+00
376 6.4873669848668146e+02 8.9755632039702515e+00
377 6.4782842214600362e+02 8.9629967934042369e+00
378 6.4551450051064558e+02 8.9309826497067437e+00
379 6.4460247421668521e+02 8.9183643568550828e+00
380 6.4229794603072844e+02 8.8864801757433369e+00
381 6.4138220481049393e+02 8.8738104852204032e+00
382 6.3908701979115028e+02 8.8420555710094764e+00
383 6.3816759899405326e+02 8.8293349718902352e+00
384 6.3588170697900546e+02 8.7977086305619689e+00
385 6.3495864190070552e+02 8.7849376111777016e+00
386 6.3268199236880855e+02 8.7534391437493948e+00
387 6.3175531872045633e+02 8.7406181981798881e+00
388 6.2948786104045018e+02 8.7092469041453473e+00
389 6.2855761424857121e+02 8.6963765225324714e+00
390 6.2629929790315066e+02 8.6651317029621211e+00
391 6.2536551372906899e+02 8.6522123800798365e+00
392 6.2311628782839739e+02 8.6210933308899609e+00
393 6.2217900199762641e+02 8.6081255610167666e+00
394 6.1993881576202784e+02 8.5771315796477730e+00
395 6.1899806409321729e+02 8.5641158583507551e+00
396 6.1676686648600707e+02 8.5332462386872177e+00
397 6.1582268482201437e+02 8.5201830618683871e+00
398 6.1360042500956274e+02 8.4894371006042384e+00
399 6.1265284917914721e+02 8.4763269639705499e+00
400 6.1043947597658234e+02 8.4457039529401303e+00
401 6.0948854185686537e+02 8.4325473528676493e+00
402 6.0728400446876822e+02 8.4020465892935530e+00
403 6.0632974771180818e+02 8.3888440190444982e+00
404 6.0413399501902813e+02 8.3584647956703488e+00
405 6.0317645159785332e+02 8.3452167529477013e+00
406 6.0098943263439446e+02 8.3149583646360856e+00
407 6.0002863802455386e+02 8.3016653402599783e+00
408 5.9785030188865153e+02 8.2715270827621481e+00
409 5.9688629199306388e+02 8.2581895734655664e+00
410 5.9471658763871619e+02 8.2281707405371929e+00
411 5.9374939782235822e+02 8.2147892356104517e+00
412 5.9158827462933198e+02 8.1848891268979003e+00
413 5.9061794040822190e+02 8.1714641177210421e+00
414 5.8846534736987394e+02 8.1416820275245279e+00
415 5.8749190419154354e+02 8.1282140045300544e+00
416 5.8534779073148286e+02 8.0985492331025242e+00
417 5.8437127383942891e+02 8.0850386839000183e+00
418 5.8223558916546699e+02 8.0554905285087610e+00
419 5.8125603374072705e+02 8.0419379398436615e+00
420 5.7912872749911560e+02 8.0125057038219829e+00
421 5.7814616845495823e+02 7.9989115587350170e+00
422 5.7602719012544435e+02 7.9695945431125601e+00
423 5.7504166241454573e+02 7.9559593251896814e+00
424 5.7293096180095324e+02 7.9267568354798339e+00
425 5.7194249998105818e+02 7.9130810228429418e+00
426 5.6984002684617315e+02 7.8839923639913145e+00
427 5.6884866568014763e+02 7.8702764376002534e+00
428 5.6675436994399604e+02 7.8413009167279437e+00
429 5.6576014365893070e+02 7.8275453501298626e+00
430 5.6367397543332606e+02 7.7986822770114346e+00
431 5.6267691846756009e+02 7.7848875466762042e+00
432 5.6059882782380816e+02 7.7561362305257777e+00
433 5.5959897410913823e+02 7.7423028059150241e+00
434 5.5752891157872909e+02 7.7136625623135764e+00
435 5.5652629506123048e+02 7.6997909130864777e+00
436 5.5446421094499112e+02 7.6712610544236579e+00
437 5.5345886535506247e+02 7.6573516472554077e+00
438 5.5140471043108755e+02 7.6289314925240781e+00
439 5.5039666927388396e+02 7.6149847909735255e+00
440 5.4835039423347905e+02 7.5866736579657816e+00
441 5.4733969080272141e+02 7.5726901226664900e+00
442 5.4530124683574968e+02 7.5444873360721960e+00
443 5.4428791409866710e+02 7.5304674231405651e+00
444 5.4225725228189867e+02 7.5023723060848928e+00
445 5.4124132322731634e+02 7.4883164719361162e+00
446 5.3921839499957025e+02 7.4603283525533444e+00
447 5.3819990213808137e+02 7.4462370469860613e+00
448 5.3618465897390718e+02 7.4183552539048181e+00
449 5.3516363495196288e+02 7.4042289285973233e+00
450 5.3315602852947200e+02 7.3764527932626063e+00
451 5.3213250538112561e+02 7.3622918914203961e+00
452 5.3013248771559051e+02 7.3346207499419771e+00
453 5.2910649755248255e+02 7.3204257158440011e+00
454 5.2711402066191897e+02 7.2928589043696057e+00
455 5.2608559507416737e+02 7.2786301750793143e+00
456 5.2410061143499661e+02 7.2511670360989164e+00
457 5.2306978198887691e+02 7.2369050483498896e+00
458 5.2109224398890649e+02 7.2095449231274502e+00
459 5.2005904192505750e+02 7.1952501091479402e+00
460 5.1808890236675654e+02 7.1679923446844498e+00
461 5.1705335874265859e+02 7.1536651341686248e+00
462 5.1509057042445420e+02 7.1265090774091515e+00
463 5.1405271604104109e+02 7.1121498965017480e+00
464 5.1209723220790363e+02 7.0850949005694845e+00
465 5.1105709750932698e+02 7.0707041704789946e+00
466 5.0910887144279087e+02 7.0437495890030153e+00
467 5.0806648679383028e+02 7.0293277298397845e+00
468 5.0612547205642761e+02 7.0024729203368912e+00
469 5.0508086741980242e+02 6.9880203466485815e+00
470 5.0314701773731207e+02 6.9612646688941711e+00
471 5.0210022304804937e+02 6.9467817948453083e+00
472 5.0017349229745827e+02 6.9201246107068055e+00
473 4.9912453696229113e+02 6.9056118431527320e+00
474 4.9720487948260114e+02 6.8790525208897479e+00
475 4.9615379280005902e+02 6.8645102651887600e+00
476 4.9424116285565469e+02 6.8380481720285413e+00
477 4.9318797383107432e+02 6.8234768294824821e+00
478 4.9128232618261853e+02 6.7971113395185085e+00
479 4.9022706350988847e+02 6.7825113071201972e+00
480 4.8832835285382424e+02 6.7562417935574368e+00
481 4.8727104513193041e+02 6.7416134669866699e+00
482 4.8537922662373217e+02 6.7154393093809981e+00
483 4.8431990193329972e+02 6.7007830771458208e+00
484 4.8243493076918071e+02 6.6747036556167503e+00
485 4.8137361725339815e+02 6.6600199070907999e+00
486 4.7949544894010000e+02 6.6340346060541453e+00
487 4.7843217406585859e+02 6.6193237212541796e+00
488 4.7656076444485768e+02 6.5934319297569601e+00
489 4.7549555577685908e+02 6.5786942900529928e+00
490 4.7363086062727967e+02 6.5528953962795580e+00
491 4.7256374523865713e+02 6.5381313762405284e+00
492 4.7070572087705636e+02 6.5124247758108531e+00
493 4.6963672571484921e+02 6.4976347482611381e+00
494 4.6778532834022064e+02 6.4720198351686511e+00
495 4.6671448003101244e+02 6.4572041684989783e+00
496 4.6486966643882488e+02 6.4316803449896121e+00
497 4.6379699120303582e+02 6.4168394019712549e+00
498 4.6195871815699894e+02 6.3914060698515396e+00
499 4.6088424215352757e+02 6.3765402124045920e+00
500 4.5905246676059460e+02 6.3511967782299878e+00
501 4.5797621573632966e+02 6.3363063625742040e+00
502 4.5615089517870302e+02 6.3110522339412753e+00
503 4.5507289478098352e+02 6.2961376149190942e+00
504 4.5325398659926066e+02 6.2709722043829617e+00
505 4.5217426198609968e+02 6.2560337300667790e+00
506 4.5036172384900505e+02 6.2309564519552598e+00
507 4.4928030019117455e+02 6.2159944705939942e+00
508 4.4747408998267730e+02 6.1910047422129102e+00
509 4.4639099185277081e+02 6.1760195937794169e+00
510 4.4459106782710160e+02 6.1511168375573249e+00
511 4.4350631979807497e+02 6.1361088620294684e+00
512 4.4171264019040035e+02 6.1112925001311647e+00
513 4.4062626640743724e+02 6.0962620315683909e+00
514 4.3883878989319413e+02 6.0715314922500099e+00
515 4.3775081434542039e+02 6.0564788625526358e+00
516 4.3596949957243646e+02 6.0318335736883251e+00
517 4.3487994591636715e+02 6.0167591101548465e+00
518 4.3310475206348644e+02 5.9921985069656047e+00
519 4.3201364359102109e+02 5.9771025318498987e+00
520 4.3024452980915902e+02 5.9526260491703171e+00
521 4.2915188970184454e+02 5.9375088831994836e+00
522 4.2738881550216990e+02 5.9131159608484234e+00
523 4.2629466656107235e+02 5.8979779194854371e+00
524 4.2453759149895882e+02 5.8736679978933513e+00
525 4.2344195642541376e+02 5.8585093952213736e+00
526 4.2169084041915636e+02 5.8342819198398956e+00
527 4.2059374137872970e+02 5.8191030625294724e+00
528 4.1884854450649408e+02 5.7949574810221183e+00
529 4.1775000369947077e+02 5.7797586762241489e+00
530 4.1601068621548700e+02 5.7556944386903641e+00
531 4.1491072525579892e+02 5.7404759854432905e+00
532 4.1317724778698255e+02 5.7164925471387917e+00
533 4.1207588825527949e+02 5.7012547440205843e+00
534 4.1034821139167752e+02 5.6773515596909947e+00
535 4.0924547452770651e+02 5.6620947005630802e+00
536 4.0752355924022925e+02 5.6382712302234381e+00
537 4.0641946608991333e+02 5.6229956062656008e+00
538 4.0470327336767292e+02 5.5992513101827752e+00
539 4.0359784463560214e+02 5.5839572078523059e+00
540 4.0188733594755797e+02 5.5602915529320676e+00
541 4.0078059203871754e+02 5.5449792545410892e+00
542 3.9907572879747948e+02 5.5213917069095872e+00
543 3.9796768999563460e+02 5.5060614930930889e+00
544 3.9626843397142540e+02 5.4825515238242080e+00
545 3.9515912015981121e+02 5.4672036696756665e+00
546 3.9346543316838677e+02 5.4437707504732629e+00
547 3.9235486417413711e+02 5.4284055303099672e+00
548 3.9066670834688000e+02 5.4050491372447338e+00
549 3.8955490346068098e+02 5.3896668179619791e+00
550 3.8787224110888246e+02 5.3663864295937245e+00
551 3.8675921961396125e+02 5.3509872779836085e+00
552 3.8508201321491617e+02 5.3277823751688782e+00
553 3.8396779387972191e+02 5.3123666509013123e+00
554 3.8229600622885641e+02 5.2892367188981382e+00
555 3.8118060777506997e+02 5.2738046809959753e+00
556 3.7951420163510818e+02 5.2507492046099440e+00
557 3.7839764244461475e+02 5.2353011073948101e+00
558 3.7673658095559318e+02 5.2123195766517947e+00
559 3.7561887921082496e+02 5.1968556716857934e+00
560 3.7396312552949934e+02 5.1739475768429832e+00
561 3.7284429908929133e+02 5.1584681112111097e+00
562 3.7119381681014607e+02 5.1356329485818675e+00
563 3.7007388322432462e+02 5.1201381650938389e+00
564 3.6842863591390818e+02 5.0973754306050205e+00
565 3.6730761260731282e+02 5.0818655703413080e+00
566 3.6566756416358714e+02 5.0591747645050251e+00
567 3.6454546818756080e+02 5.0436500633786068e+00
568 3.6291058250888199e+02 5.0210306867124217e+00
569 3.6178743088508281e+02 5.0054913802255721e+00
570 3.6015767215540717e+02 4.9829429371984570e+00
571 3.5903348138466271e+02 4.9673892536475268e+00
572 3.5740881398314826e+02 4.9449112514291542e+00
573 3.5628360053813412e+02 4.9293434187209995e+00
574 3.5466398895944013e+02 4.9069353660790567e+00
575 3.5353776886558256e+02 4.8913536059326361e+00
576 3.5192317786830603e+02 4.8690150152865046e+00
577 3.5079596711111964e+02 4.8534195488685841e+00
578 3.4918636144215321e+02 4.8311499324757117e+00
579 3.4805817566370234e+02 4.8155409762012669e+00
580 3.4645352041566315e+02 4.7933398511023544e+00
581 3.4532437503387462e+02 4.7777176182853189e+00
582 3.4372463533192064e+02 4.7555845019712839e+00
583 3.4259454549106954e+02 4.7399492021394956e+00
584 3.4099968684076509e+02 4.7178836173643495e+00
585 3.3986866737984036e+02 4.7022354558218771e+00
586 3.3827865522748743e+02 4.6802369245197086e+00
587 3.3714672088720425e+02 4.6645761052109567e+00
588 3.3556152101750666e+02 4.6426441539977974e+00
589 3.3442868614158192e+02 4.6269708753745240e+00
590 3.3284826433869574e+02 4.6051050308588248e+00
591 3.3171454323773304e+02 4.5894194909146497e+00
592 3.3013886555110435e+02 4.5676192833752696e+00
593 3.2900427204005990e+02 4.5519216732463077e+00
594 3.2743330468211138e+02 4.5301866352169604e+00
595 3.2629785255388862e+02 4.5144771457342179e+00
596 3.2473156185118017e+02 4.4928068113277559e+00
597 3.2359526447069317e+02 4.4770856274008128e+00
598 3.2203361695977117e+02 4.4554795336353443e+00
599 3.2089648764695755e+02 4.4397468395515132e+00
600 3.1933944989343621e+02 4.4182045238473160e+00
601 3.1820150161987056e+02 4.4024604990741478e+00
602 3.1664904046725309e+02 4.3809815026962164e+00
603 3.1551028602948065e+02 4.3652263242796563e+00
604 3.1396236836310254e+02 4.3438101890717542e+00
605 3.1282282025202301e+02 4.3280440298289999e+00
606 3.1127941325157690e+02 4.3066903017074543e+00
607 3.1013908376402753e+02 4.2909133317707662e+00
608 3.0860015458834300e+02 4.2696215563632531e+00
609 3.0745905582828590e+02 4.2538339431963754e+00
610 3.0592457186839533e+02 4.2326036693432014e+00
611 3.0478271566393971e+02 4.2168055765933312e+00
612 3.0325264440511802e+02 4.1956363544386912e+00
613 3.0211004241018310e+02 4.1798279433430281e+00
614 3.0058435149600371e+02 4.1587193252212469e+00
615 2.9944101505293423e+02 4.1429007527062174e+00
616 2.9791967231129075e+02 4.1218522935017736e+00
617 2.9677561256607106e+02 4.1060237137770699e+00
618 2.9525858591008262e+02 4.0850349695535746e+00
619 2.9411381378636077e+02 4.0691965337527671e+00
620 2.9260107129396766e+02 4.0482670628542063e+00
621 2.9145559747448101e+02 4.0324189187777586e+00
622 2.8994710732861569e+02 4.0115482810007306e+00
623 2.8880094231025186e+02 3.9956905738777917e+00
624 2.8729667280746867e+02 3.9748783305909066e+00
625 2.8614982682714640e+02 3.9590112020538379e+00
626 2.8464974645966316e+02 3.9382569173327968e+00
627 2.8350222952010535e+02 3.9223805057737566e+00
628 2.8200630683638190e+02 3.9016837444723942e+00
629 2.8085812873941558e+02 3.8857981855040555e+00
630 2.7936633247331474e+02 3.8651585150413408e+00
631 2.7821750278994170e+02 3.8492639410828065e+00
632 2.7672980171757894e+02 3.8286809294622905e+00
633 2.7558032984108831e+02 3.8127774704739292e+00
634 2.7409669290609952e+02 3.7922506880168863e+00
635 2.7294658794359179e+02 3.7763384699995175e+00
636 2.7146698420946797e+02 3.7558674886854684e+00
637 2.7031625510244373e+02 3.7399466353487640e+00
638 2.6884065372352813e+02 3.7195310284142127e+00
639 2.6768930914246641e+02 3.7036016597181387e+00
640 2.6621767944889450e+02 3.6832410028317528e+00
641 2.6506572786650270e+02 3.6673032360000164e+00
642 2.6359803921325226e+02 3.6469971051741688e+00
643 2.6244548892371705e+02 3.6310510549605626e+00
644 2.6098171084259587e+02 3.6107990286541471e+00
645 2.5982856986175017e+02 3.5948448059613156e+00
646 2.5836867193506095e+02 3.5746464633318471e+00
647 2.5721494813991461e+02 3.5586841771417541e+00
648 2.5575890009922750e+02 3.5385390994119295e+00
649 2.5460460106010916e+02 3.5225688544634672e+00
650 2.5315237275034747e+02 3.5024766244242742e+00
651 2.5199750587407971e+02 3.4864985231941561e+00
652 2.5054906722010543e+02 3.4664587247425711e+00
653 2.4939363967425714e+02 3.4504728663973268e+00
654 2.4794896071151788e+02 3.4304850849603272e+00
655 2.4679297949466823e+02 3.4144915663284388e+00
656 2.4535203033297606e+02 3.3945553883618680e+00
657 2.4419550216987423e+02 3.3785543024832569e+00
658 2.4275825306944216e+02 3.3586693165238226e+00
659 2.4160118452482925e+02 3.3426607542246263e+00
660 2.4016760577083838e+02 3.3228265491544806e+00
661 2.3901000314630056e+02 3.3068105976199704e+00
662 2.3758006522200637e+02 3.2870267650617140e+00
663 2.3642193463600145e+02 3.2710035089434975e+00
664 2.3499560798041836e+02 3.2512696399076355e+00
665 2.3383695536083945e+02 3.2352391612207732e+00
666 2.3241421062337773e+02 3.2155548496287323e+00
667 2.3125504164392362e+02 3.1995172268713916e+00
668 2.2983584944861221e+02 3.1798820662934357e+00
669 2.2867616966360035e+02 3.1638373763120899e+00
670 2.2726050079579065e+02 3.1442509625504522e+00
671 2.2610031540667359e+02 3.1281992773095304e+00
672 2.2468814073840835e+02 3.1086612073658575e+00
673 2.2352745487707401e+02 3.0926025978673306e+00
674 2.2211874531309678e+02 3.0731124691956992e+00
675 2.2095756378161329e+02 3.0570470018783342e+00
676 2.1955229038046375e+02 3.0376044140606591e+00
677 2.1839061787021387e+02 3.0215321538318403e+00
678 2.1698875167224384e+02 3.0021367061983999e+00
679 2.1582659261190736e+02 2.9860577143308991e+00
680 2.1442810482433183e+02 2.9667090085205978e+00
681 2.1326546346706678e+02 2.9506233438587639e+00
682 2.1187032529119958e+02 2.9313209814288621e+00
683 2.1070720564692456e+02 2.9152286994517169e+00
684 2.0931538844706296e+02 2.8959722842144231e+00
685 2.0815179435401370e+02 2.8798734380256801e+00
686 2.0676326944728117e+02 2.8606625731405320e+00
687 2.0559920454526406e+02 2.8445572130985446e+00
688 2.0421394342936782e+02 2.8253915042235374e+00
689 2.0304941108757336e+02 2.8092796769425683e+00
690 2.0166738525295503e+02 2.7901587296351744e+00
691 2.0050238874061588e+02 2.7740404803465233e+00
692 1.9912356975928785e+02 2.7549639012927827e+00
693 1.9795811203175873e+02 2.7388392708851077e+00
694 1.9658247157503854e+02 2.7198066681449928e+00
695 1.9541655545214246e+02 2.7036756956318100e+00
696 1.9404406522561334e+02 2.6846866777393736e+00
697 1.9287769333542093e+02 2.6685493994812188e+00
698 1.9150832525547892e+02 2.6496035778872042e+00
699 1.9034150044219541e+02 2.6334600332349325e+00
700 1.8897522750897335e+02 2.6145570343840663e+00
701 1.8780795528101933e+02 2.5984072995491481e+00
702 1.8644475834159144e+02 2.5795468584521117e+00
703 1.8527706406161690e+02 2.5633912843381843e+00
704 1.8391697428814439e+02 2.5445738322758102e+00
705 1.8274900619027724e+02 2.5284144697685220e+00
706 1.8139234607554562e+02 2.5096444685731463e+00
707 1.8022492187693990e+02 2.4934926311560974e+00
708 1.7887350100011460e+02 2.4747951171671314e+00
709 1.7771064023483501e+02 2.4587064168970039e+00
710 1.7637290606438154e+02 2.4401982646296441e+00
711 1.7523193115517492e+02 2.4244123649948350e+00
712 1.7394189866254004e+02 2.4065641868359151e+00
713 1.7288744054485247e+02 2.3919752858174865e+00
714 1.7176261176745766e+02 2.3764127751583812e+00
715 1.7100033067226209e+02 2.3658662742974319e+00
716 1.7038368986970568e+02 2.3573347722097542e+00
717 1.7046154954691451e+02 2.3584119957666441e+00
718 1.7118245450379302e+02 2.3683860391953759e+00
719 1.7329606918070496e+02 2.3976288462783049e+00
720 1.7697318182923684e+02 2.4485033490804522e+00
721 1.8318501404429850e+02 2.5344468339932131e+00
722 1.9222031551568429e+02 2.6594542824889196e+00
723 2.0500909445221967e+02 2.8363927752768889e+00
724 2.2133038988555543e+02 3.0622052182515231e+00
725 2.4098495920334591e+02 3.3341350005039523e+00
726 2.6149492964881102e+02 3.6178996410341711e+00
727 2.7961444570691629e+02 3.8685912729154164e+00
728 2.8993145354012648e+02 4.0113317038157277e+00
729 2.8919292285316476e+02 4.0011138005055571e+00
730 2.7684028456231465e+02 3.8302095091745114e+00
731 2.5804592577481861e+02 3.5701811254422977e+00
732 2.3927389810270381e+02 3.3104617027076455e+00
733 2.2720072195916305e+02 3.1434238955328744e+00
734 2.2485735948781294e+02 3.1110024246642172e+00
735 2.3276040053639736e+02 3.2203445423532737e+00
736 2.4648145366708687e+02 3.4101814667739538e+00
737 2.5856469445620149e+02 3.5773585228345741e+00
738 2.6024233697142768e+02 3.6005694595122830e+00
739 2.5021722409292846e+02 3.4618675262351828e+00
740 2.3497745503486527e+02 3.2510184857636970e+00
741 2.2477896540911775e+02 3.1099178074230664e+00
742 2.2495805692171200e+02 3.1123956188284243e+00
743 2.3489211901332871e+02 3.2498378236296395e+00
744 2.4612620007556487e+02 3.4052663739919646e+00
745 2.4866702612774566e+02 3.4404198420705261e+00
746 2.3914328964132966e+02 3.3086546760622104e+00
747 2.2642790342502491e+02 3.1327316044777556e+00
748 2.2081328693848255e+02 3.0550508670405638e+00
749 2.2648801622189902e+02 3.1335632919851366e+00
750 2.3708693239824933e+02 3.2802040512582424e+00
751 2.4134343708709366e+02 3.3390947028150886e+00
752 2.3346302929014695e+02 3.2300657263142205e+00
753 2.2206205070641687e+02 3.0723280738828289e+00
754 2.1825006919987661e+02 3.0195875999368798e+00
755 2.2526678055975535e+02 3.1166669488337737e+00
756 2.3415178641853780e+02 3.2395949901164349e+00
757 2.3355674929375769e+02 3.2313623846007746e+00
758 2.2322789020841859e+02 3.0884579863115715e+00
759 2.1572056360227199e+02 2.9845907554249878e+00
760 2.1873649434086525e+02 3.0263175099406276e+00
761 2.2783921103485866e+02 3.1522576782791241e+00
762 2.2979596556417815e+02 3.1793302548630162e+00
763 2.2130581276243566e+02 3.0618651827294880e+00
764 2.1321713975171494e+02 2.9499547635820460e+00
765 2.1561186150365822e+02 2.9830868131340886e+00
766 2.2389458152320356e+02 3.0976819596852825e+00
767 2.2537816575349856e+02 3.1182080129492475e+00
768 2.1668758159335681e+02 2.9979698830720052e+00
769 2.1036954827630532e+02 2.9105570582784197e+00
770 2.1427307728159857e+02 2.9645641329317738e+00
771 2.2175006115631905e+02 3.0680115585193333e+00
772 2.1975400321723285e+02 3.0403952016324065e+00
773 2.1091216133082537e+02 2.9180643532680586e+00
774 2.0816624417990712e+02 2.8800733578481523e+00
775 2.1485853400266936e+02 2.9726641892649797e+00
776 2.1880735799654866e+02 3.0272979404017599e+00
777 2.1249541304360486e+02 2.9399693508564417e+00
778 2.0565795191384930e+02 2.8453700092931085e+00
779 2.0880235655259406e+02 2.8888742578422448e+00
780 2.1523449222301289e+02 2.9778657398734425e+00
781 2.1271919328045939e+02 2.9430654508063485e+00
782 2.0467097589474531e+02 2.8317147533765934e+00
783 2.0452582299761104e+02 2.8297064979387443e+00
784 2.1109726592622056e+02 2.9206253583710389e+00
785 2.1144690839170960e+02 2.9254628187075813e+00
786 2.0371755835597219e+02 2.8185237940875720e+00
787 2.0151748077598816e+02 2.7880847339590966e+00
788 2.0744490030860979e+02 2.8700932418415679e+00
789 2.0930222561063798e+02 2.8957901704685050e+00
790 2.0221529242231611e+02 2.7977392710782292e+00
791 1.9914803880731765e+02 2.7553024415474727e+00
792 2.0453374102276393e+02 2.8298160473682374e+00
793 2.0678940181563851e+02 2.8610241261780089e+00
794 2.0008687221247587e+02 2.7682916228064536e+00
795 1.9708162632222931e+02 2.7267126979602070e+00
796 2.0230160909111135e+02 2.7989335009069638e+00
797 2.0409142495582518e+02 2.8236964061883851e+00
798 1.9744099262366413e+02 2.7316846919285296e+00
799 1.9527427121055911e+02 2.7017071293301971e+00
800 2.0058645248904210e+02 2.7752035400114416e+00
801 2.0113790503504839e+02 2.7828331333306044e+00
802 1.9447587329486896e+02 2.6906609360580864e+00
803 1.9386618116137655e+02 2.6822255719236230e+00
804 1.9912921824437396e+02 2.7550420506174862e+00
805 1.9774636983582550e+02 2.7359097226308169e+00
806 1.9151877695193753e+02 2.6497481817956494e+00
807 1.9302883926519164e+02 2.6706405712136716e+00
808 1.9749764928531383e+02 2.7324685622548870e+00
809 1.9382743208753558e+02 2.6816894611067599e+00
810 1.8906495636800136e+02 2.6157984733951549e+00
811 1.9273608972563207e+02 2.6665902500257697e+00
812 1.9509960314113610e+02 2.6992905182451783e+00
813 1.8964585715647470e+02 2.6238354963573847e+00
814 1.8766189944983208e+02 2.5963865516136795e+00
815 1.9249059524146546e+02 2.6631937237247238e+00
816 1.9147549966932220e+02 2.6491494211793376e+00
817 1.8597753774885820e+02 2.5730826519873684e+00
818 1.8752118522346402e+02 2.5944397071767753e+00
819 1.9125910368503398e+02 2.6461554856757732e+00
820 1.8687288076160166e+02 2.5854701241603752e+00
821 1.8385952205756041e+02 2.5437789548964074e+00
822 1.8795278362408246e+02 2.6004110646358489e+00
823 1.8807096737432261e+02 2.6020461898298408e+00
824 1.8260339886057699e+02 2.5263999270522945e+00
825 1.8375403988491868e+02 2.5423195617255776e+00
826 1.8722812235369216e+02 2.5903850509248474e+00
827 1.8326005477571275e+02 2.5354850561706419e+00
828 1.8041173202149454e+02 2.4960772332966950e+00
829 1.8449883380346708e+02 2.5526241196540220e+00
830 1.8385432651850164e+02 2.5437070722831536e+00
831 1.7899595061264625e+02 2.4764892624793098e+00
832 1.8077088144197305e+02 2.5010462266197084e+00
833 1.8342789125657077e+02 2.5378071491636653e+00
834 1.7878967551741454e+02 2.4736353540154044e+00
835 1.7761587325291634e+02 2.4573952731959543e+00
836 1.8142430040794667e+02 2.5100865710945164e+00
837 1.7914833003301152e+02 2.4785975001074005e+00
838 1.7538063992908459e+02 2.4264698175828028e+00
839 1.7865255655500738e+02 2.4717382516679973e+00
840 1.7896051214605066e+02 2.4759989553986061e+00
841 1.7433117028393229e+02 2.4119499343193986e+00
842 1.7555548339004963e+02 2.4288888552884749e+00
843 1.7811079613145313e+02 2.4642427532102040e+00
844 1.7380497447278429e+02 2.4046697792555025e+00
845 1.7295277232800962e+02 2.3928791803409859e+00
846 1.7634168433956725e+02 2.4397662980628363e+00
847 1.7361837351967426e+02 2.4020880713723702e+00
848 1.7079234650788345e+02 2.3629887200953030e+00
849 1.7420285853361420e+02 2.4101746837015772e+00
850 1.7314488368929869e+02 2.3955371271928798e+00
851 1.6932446592252259e+02 2.3426799338026192e+00
852 1.7173563967682654e+02 2.3760396041866025e+00
853 1.7247239790343903e+02 2.3862329847128336e+00
854 1.6813431390199031e+02 2.3262136467750176e+00
855 1.6945412394246100e+02 2.3444738106644856e+00
856 1.7130154095268537e+02 2.3700336536301121e+00
857 1.6730464531800905e+02 2.3147348097811440e+00
858 1.6722740230037465e+02 2.3136661179860596e+00
859 1.6996228612803168e+02 2.3515044624298271e+00
860 1.6642340749882786e+02 2.3025424892877289e+00
861 1.6535885894781441e+02 2.2878139825983355e+00
862 1.6829402631464157e+02 2.3284233396404805e+00
863 1.6564183761286034e+02 2.2917291193547724e+00
864 1.6357642135507615e+02 2.2631531590191010e+00
865 1.6665529781974539e+02 2.3057507958882950e+00
866 1.6465060802836635e+02 2.2780150134532180e+00
867 1.6208749135255778e+02 2.2425531445986659e+00
868 1.6486862365809984e+02 2.2810313574779837e+00
869 1.6368058035823262e+02 2.2645942455466157e+00
870 1.6059411045812553e+02 2.2218915500922263e+00
871 1.6323722591209059e+02 2.2584602379247380e+00
872 1.6248828225179207e+02 2.2480982664578808e+00
873 1.5929449021650802e+02 2.2039107211257014e+00
874 1.6154288028029148e+02 2.2350182061373287e+00
875 1.6133284222617937e+02 2.2321122354494984e+00
876 1.5791387600643387e+02 2.1848093042770373e+00
877 1.6004275074460875e+02 2.2142632411521941e+00
878 1.5999069081004220e+02 2.2135429686068200e+00
879 1.5666492737066341e+02 2.1675295397053400e+00
880 1.5850011888744805e+02 2.1929202374856795e+00
881 1.5871506813392872e+02 2.1958941567227654e+00
882 1.5530103520180850e+02 2.1486594797973471e+00
883 1.5714936442132489e+02 2.1742319435876851e+00
884 1.5728203544043072e+02 2.1760675066444652e+00
885 1.5404669301087924e+02 2.1313050929708348e+00
886 1.5575257001720479e+02 2.1549066664970300e+00
887 1.5592865048091252e+02 2.1573428186904851e+00
888 1.5267704426308961e+02 2.1123553882112591e+00
889 1.5453289826604450e+02 2.1380319607555900e+00
890 1.5442814294363737e+02 2.1365826238837728e+00
891 1.5142260126987063e+02 2.0949996067398557e+00
892 1.5325569143950204e+02 2.1203612314398050e+00
893 1.5300338934450045e+02 2.1168705187894132e+00
894 1.5007509886641216e+02 2.0763563065874879e+00
895 1.5213346126228927e+02 2.1048346735797785e+00
896 1.5143035433112371e+02 2.0951068738198031e+00
897 1.4886723958812414e+02 2.0596450317065300e+00
898 1.5093118518345261e+02 2.0882006447674843e+00
899 1.4992560935591385e+02 2.0742880521586295e+00
900 1.4760286680743278e+02 2.0421518671715999e+00
901 1.4984612523494550e+02 2.0731883536937090e+00
902 1.4827807840584580e+02 2.0514937224909415e+00
903 1.4651143728983266e+02 2.0270514502524546e+00
904 1.4863807189866199e+02 2.0564743939333416e+00
905 1.4670964048483617e+02 2.0297936803561822e+00
906 1.4539955510437153e+02 2.0116680614997375e+00
907 1.4748729445408978e+02 2.0405528718249801e+00
908 1.4503411257764398e+02 2.0066120002290968e+00
909 1.4448076502785437e+02 1.9989561886826184e+00
910 1.4615238077705050e+02 2.0220837423490923e+00
911 1.4348843696824278e+02 1.9852268848851089e+00
912 1.4354621071175407e+02 1.9860262105400706e+00
913 1.4480903271929739e+02 2.0034979194329234e+00
914 1.4191510763617919e+02 1.9634591678844542e+00
915 1.4277345953288935e+02 1.9753348513753706e+00
916 1.4323803333476323e+02 1.9817624383013990e+00
917 1.4056047189492668e+02 1.9447171748041621e+00
918 1.4191836219170128e+02 1.9635041961198809e+00
919 1.4164257367697499e+02 1.9596885383181424e+00
920 1.3927531106750902e+02 1.9269363983186298e+00
921 1.4111185731468399e+02 1.9523458394015620e+00
922 1.3986215059742818e+02 1.9350555864324894e+00
923 1.3828066637763493e+02 1.9131750429023513e+00
924 1.4008226518341507e+02 1.9381009704584737e+00
925 1.3815608594936134e+02 1.9114514167986398e+00
926 1.3738516799939012e+02 1.9007854211779467e+00
927 1.3894962492291990e+02 1.9224303844269597e+00
928 1.3643029185842551e+02 1.8875742814733734e+00
929 1.3673023781310513e+02 1.8917241682922976e+00
930 1.3748424641332042e+02 1.9021562154747005e+00
931 1.3497338052119221e+02 1.8674172596486143e+00
932 1.3603545990587025e+02 1.8821116043142527e+00
933 1.3588660532525455e+02 1.8800521344251075e+00
934 1.3368907178624258e+02 1.8496482722445693e+00
935 1.3535070729833529e+02 1.8726377448542431e+00
936 1.3405859396565458e+02 1.8547607773399619e+00
937 1.3279267664141605e+02 1.8372462433522765e+00
938 1.3435417953712013e+02 1.8588503363013396e+00
939 1.3232506515783118e+02 1.8307766287372733e+00
940 1.3206473157030945e+02 1.8271747967854686e+00
941 1.3312750710897922e+02 1.8418787730538311e+00
942 1.3068293684315222e+02 1.8080570469534585e+00
943 1.3154899559433349e+02 1.8200393582327681e+00
944 1.3149241544895193e+02 1.8192565465433004e+00
945 1.2944969468630964e+02 1.7909945885626166e+00
946 1.3087156304056029e+02 1.8106667749998446e+00
947 1.2974101416336350e+02 1.7950251241943205e+00
948 1.2851177223306530e+02 1.7780180107319572e+00
949 1.2999757170022212e+02 1.7985747127915144e+00
950 1.2792080611899736e+02 1.7698417294754862e+00
951 1.2796161220644628e+02 1.7704062999982559e+00
952 1.2863652358501412e+02 1.7797440016413806e+00
953 1.2643973166939988e+02 1.7493504001531934e+00
954 1.2742232524632159e+02 1.7629450230164430e+00
955 1.2699872973310976e+02 1.7570843890942058e+00
956 1.2529882133577442e+02 1.7335653939505138e+00
957 1.2677557754483129e+02 1.7539969784780503e+00
958 1.2513961739462165e+02 1.7313627360162993e+00
959 1.2465948592346989e+02 1.7247199017576693e+00
960 1.2562954555594808e+02 1.7381411118776435e+00
961 1.2353136033310665e+02 1.7091117782124134e+00
962 1.2416368591018711e+02 1.7178602861907843e+00
963 1.2410776703484483e+02 1.7170866234689119e+00
964 1.2227422543771245e+02 1.6917187530670064e+00
965 1.2363283430257550e+02 1.7105157160945312e+00
966 1.2226322534524257e+02 1.6915665618537712e+00
967 1.2158609719979893e+02 1.6821981902466248e+00
968 1.2259882188219423e+02 1.6962096904689239e+00
969 1.2061847400262658e+02 1.6688106893019308e+00
970 1.2111553317832868e+02 1.6756877259456640e+00
971 1.2112817060124189e+02 1.6758625703599810e+00
972 1.1934837014471617e+02 1.6512382327430923e+00
973 1.2062428295762845e+02 1.6688910587998949e+00
974 1.1929777631011027e+02 1.6505382443482692e+00
975 1.1868899552706851e+02 1.6421154891560625e+00
976 1.1959521798897022e+02 1.6546534833879756e+00
977 1.1768471975343022e+02 1.6282208833760388e+00
978 1.1825473162845390e+02 1.6361072533366456e+00
979 1.1809338156493901e+02 1.6338749028369424e+00
980 1.1650523225020710e+02 1.6119021447288069e+00
981 1.1773487082768625e+02 1.6289147459828284e+00
982 1.1627175662394137e+02 1.6086719047176854e+00
983 1.1595112542472120e+02 1.6042358282625093e+00
984 1.1660418813638961e+02 1.6132712437992123e+00
985 1.1476720412956210e+02 1.5878557461151372e+00
986 1.1554512906059995e+02 1.5986186864617558e+00
987 1.1500798526874857e+02 1.5911870611742875e+00
988 1.1378003135629967e+02 1.5741977680165891e+00
989 1.1490411877165047e+02 1.5897500215992895e+00
990 1.1323118077129475e+02 1.5666041739949477e+00
991 1.1337115141854083e+02 1.5685407306811789e+00
992 1.1357446242611898e+02 1.5713536296629036e+00
993 1.1194255500970070e+02 1.5487754585909446e+00
994 1.1292328286103124e+02 1.5623442683037991e+00
995 1.1188254254195195e+02 1.5479451591820139e+00
996 1.1122601915299508e+02 1.5388618636227940e+00
997 1.1203643858956184e+02 1.5500743800282926e+00
998 1.1026127745677334e+02 1.5255142295362023e+00
999 1.1091790646660091e+02 1.5345989864075431e+00
1000 1.1046280985418011e+02 1.5283025206484389e+00
1001 1.0931071052006590e+02 1.5123627096053514e+00
1002 1.1027517390544320e+02 1.5257064931365782e+00
1003 1.0878448925403090e+02 1.5050822023616759e+00
1004 1.0885948747557583e+02 1.5061198363959956e+00
1005 1.0903476375606387e+02 1.5085448623539026e+00
1006 1.0749465632115550e+02 1.4872367852015380e+00
1007 1.0847935700416409e+02 1.5008605608226080e+00
1008 1.0730337525812736e+02 1.4845903258985009e+00
1009 1.0694014043406673e+02 1.4795648091844866e+00
1010 1.0745349093414946e+02 1.4866672436082375e+00
1011 1.0586961812862644e+02 1.4647536529231664e+00
1012 1.0658452939134979e+02 1.4746447709048869e+00
1013 1.0588749890051129e+02 1.4650010414223258e+00
1014 1.0505676281619365e+02 1.4535074350824884e+00
1015 1.0586018802071217e+02 1.4646231831504493e+00
1016 1.0426777047362636e+02 1.4425913721332506e+00
1017 1.0476413690158660e+02 1.4494588243012545e+00
1018 1.0438549268643155e+02 1.4442201117498146e+00
1019 1.0332813331348828e+02 1.4295910705636121e+00
1020 1.0416156061606218e+02 1.4411219111151277e+00
1021 1.0277119772629153e+02 1.4218856169102494e+00
1022 1.0292598593781490e+02 1.4240271812444367e+00
1023 1.0290964290060552e+02 1.4238010679942386e+00
1024 1.0161856209249964e+02 1.4059383859205727e+00
1025 1.0250653120297662e+02 1.4182238368482774e+00
1026 1.0123540928527520e+02 1.4006372949755963e+00
1027 1.0120112862818938e+02 1.4001630067087769e+00
1028 1.0134790864748652e+02 1.4021937741115684e+00
1029 1.0002457385109381e+02 1.3838848436429467e+00
1030 1.0080163416451562e+02 1.3946358216170371e+00
1031 9.9759222374684072e+01 1.3802135869476833e+00
1032 9.9476337742143286e+01 1.3762997511731314e+00
1033 9.9824910009003034e+01 1.3811224048316173e+00
1034 9.8415943646197420e+01 1.3616287232330120e+00
1035 9.9176274849587671e+01 1.3721482464662424e+00
1036 9.8223443664388384e+01 1.3589653996419147e+00
1037 9.7860258387046372e+01 1.3539405684289760e+00
1038 9.8239885301294052e+01 1.3591928770631363e+00
1039 9.6890005893036445e+01 1.3405166899832053e+00
1040 9.7528407905085601e+01 1.3493492681648549e+00
1041 9.6735239403835081e+01 1.3383754261870859e+00
1042 9.6238252612710866e+01 1.3314993910164545e+00
1043 9.6710481148175191e+01 1.3380328846151142e+00
1044 9.5331235861178826e+01 1.3189504074312401e+00
1045 9.5970266063099956e+01 1.3277916769015330e+00
1046 9.5188996458008972e+01 1.3169824614891896e+00
1047 9.4711811922499720e+01 1.3103803994069743e+00
1048 9.5136346943854861e+01 1.3162540318457752e+00
1049 9.3840100825440800e+01 1.2983198853871787e+00
1050 9.4397115392094847e+01 1.3060264317567580e+00
1051 9.3690569574590640e+01 1.2962510534618303e+00
1052 9.3173529273988422e+01 1.2890975689928916e+00
1053 9.3623850566508793e+01 1.2953279660592805e+00
1054 9.2313655909709880e+01 1.2772008353157371e+00
1055 9.2910319007814167e+01 1.2854559369016414e+00
1056 9.2141117203861526e+01 1.2748136849308649e+00
1057 9.1722434258004711e+01 1.2690210185814379e+00
1058 9.2072298831591880e+01 1.2738615518831409e+00
1059 9.0852976764682538e+01 1.2569916841801576e+00
1060 9.1406571089339664e+01 1.2646509099676153e+00
1061 9.0641934313756622e+01 1.2540718172119023e+00
1062 9.0258967793500673e+01 1.2487733036306909e+00
1063 9.0578291629181180e+01 1.2531912921248989e+00
1064 8.9364770954588224e+01 1.2364016892867340e+00
1065 8.9978991499503053e+01 1.2448997060243725e+00
1066 8.9100021573060360e+01 1.2327387628442212e+00
1067 8.8878864189955678e+01 1.2296789512523825e+00
1068 8.9043009894466522e+01 1.2319499806992045e+00
1069 8.7948837798892242e+01 1.2168116189836475e+00
1070 8.8526218461192045e+01 1.2247999394213704e+00
1071 8.7613387784154796e+01 1.2121705175690487e+00
1072 8.7487401998030080e+01 1.2104274477091161e+00
1073 8.7556548918977896e+01 1.2113841263751679e+00
1074 8.6519279042918015e+01 1.1970330323891678e+00
1075 8.7133272056919310e+01 1.2055279011345621e+00
1076 8.6096880826883847e+01 1.1911889636104123e+00
1077 8.6173592472278386e+01 1.1922503036322198e+00
1078 8.6025737332501620e+01 1.1902046614553645e+00
1079 8.5172481330068393e+01 1.1783994819474510e+00
1080 8.5700576234952550e+01 1.1857059118249951e+00
1081 8.4647842597447081e+01 1.1711408697633738e+00
1082 8.4842859789743130e+01 1.1738390200906132e+00
1083 8.4539241810633740e+01 1.1696383291666759e+00
1084 8.3826050555752843e+01 1.1597710082649375e+00
1085 8.4306484923200699e+01 1.1664180332296832e+00
1086 8.3190352111515367e+01 1.1509758351566042e+00
1087 8.3573292530981021e+01 1.1562739876216745e+00
1088 8.3015117709980245e+01 1.1485513886127947e+00
1089 8.2567973931101207e+01 1.1423649538728564e+00
1090 8.2856668767616867e+01 1.1463591764254739e+00
1091 8.1820954236173947e+01 1.1320296013298743e+00
1092 8.2266946378740542e+01 1.1382001026648820e+00
1093 8.1546624257499516e+01 1.1282341230286159e+00
1094 8.1311947194224217e+01 1.1249872605975817e+00
1095 8.1429643063210293e+01 1.1266156357355921e+00
1096 8.0468966146363684e+01 1.1133242396948468e+00
1097 8.0990634202853244e+01 1.1205417512421925e+00
1098 8.0067206053300339e+01 1.1077657086042907e+00
1099 8.0129738877209860e+01 1.1086308782711709e+00
1100 7.9945952043520251e+01 1.1060881049924483e+00
1101 7.9222558019318257e+01 1.0960796242008646e+00
1102 7.9647425652141450e+01 1.1019578584685135e+00
1103 7.8675596745269118e+01 1.0885121696437166e+00
1104 7.8923822679626923e+01 1.0919464867833053e+00
1105 7.8495621652301509e+01 1.0860221335075779e+00
1106 7.8003665190659433e+01 1.0792156952016052e+00
1107 7.8303958851794917e+01 1.0833703926953040e+00
1108 7.7314701317402026e+01 1.0696835709914299e+00
1109 7.7747289614025533e+01 1.0756686241057356e+00
1110 7.7023223003616536e+01 1.0656508377823004e+00
1111 7.6877545941946693e+01 1.0636353302929962e+00
1112 7.6882019288462430e+01 1.0636972210484890e+00
1113 7.6075408293188787e+01 1.0525373961364957e+00
1114 7.6497516039893313e+01 1.0583774461417903e+00
1115 7.5633022200877605e+01 1.0464167861242075e+00
1116 7.5744809691515641e+01 1.0479634161976648e+00
1117 7.5469239783628879e+01 1.0441507829196035e+00
1118 7.4888089921261596e+01 1.0361103139083330e+00
1119 7.5227332502298736e+01 1.0408038871787826e+00
1120 7.4284065652997356e+01 1.0277533672315313e+00
1121 7.4642320852058276e+01 1.0327099886001438e+00
1122 7.4023562665665594e+01 1.0241491915573733e+00
1123 7.3810376585525290e+01 1.0211996665174463e+00
1124 7.3859725229722571e+01 1.0218824271444560e+00
1125 7.3071348675593242e+01 1.0109748839044594e+00
1126 7.3459405353993191e+01 1.0163438221067016e+00
1127 7.2657952687290887e+01 1.0052553649841780e+00
1128 7.2737386193833359e+01 1.0063543631758143e+00
1129 7.2483060760263257e+01 1.0028356567287910e+00
1130 7.1931277170849199e+01 9.9520148327559754e-01
1131 7.2236062740819435e+01 9.9941832834279876e-01
1132 7.1348451482474374e+01 9.8713782845984788e-01
1133 7.1687027162361460e+01 9.9182217485375868e-01
1134 7.1072824162857273e+01 9.8332440086474626e-01
1135 7.0909079330050503e+01 9.8105891765775477e-01
1136 7.0901190171716934e+01 9.8094976761365482e-01
1137 7.0191409129846946e+01 9.7112962853851859e-01
1138 7.0540665659255922e+01 9.7596174927628798e-01
1139 6.9753435889306289e+01 9.6507007230978914e-01
1140 6.9888140609267793e+01 9.6693377253009105e-01
1141 6.9551967056904815e+01 9.6228266064791190e-01
1142 6.9121157092417249e+01 9.5632221155634922e-01
1143 6.9332282870221263e+01 9.5924323138933798e-01
1144 6.8514722610190134e+01 9.4793191848830838e-01
1145 6.8865558633311437e+01 9.5278589223004440e-01
1146 6.8187612640384913e+01 9.4340620533613995e-01
1147 6.8160632255849350e+01 9.4303291961447311e-01
1148 6.8008669429028728e+01 9.4093044574492912e-01
1149 6.7444391226691138e+01 9.3312340371768088e-01
1150 6.7720929825737358e+01 9.3694943927242402e-01
1151 6.6943311354270833e+01 9.2619073893143233e-01
1152 6.7174575937751811e+01 9.2939038817389918e-01
1153 6.6688123965040944e+01 9.2266010694123968e-01
1154 6.6459316239781245e+01 9.1949444943424841e-01
1155 6.6498450230488189e+01 9.2003588574860073e-01
1156 6.5810730553148574e+01 9.1052097554701228e-01
1157 6.6144042945032282e+01 9.1513250199063334e-01
1158 6.5396483087287976e+01 9.0478967605279592e-01
1159 6.5548092035369237e+01 9.0688725385125424e-01
1160 6.5181313362893093e+01 9.0181270640487521e-01
1161 6.4849061832721844e+01 8.9721585745887855e-01
1162 6.4965657739356814e+01 8.9882901412439109e-01
1163 6.4267750101031510e+01 8.8917314891291965e-01
1164 6.4557854576192582e+01 8.9318687444846723e-01
1165 6.3917612005388882e+01 8.8432883131089535e-01
1166 6.3938572913470978e+01 8.8461883487588922e-01
1167 6.3720021097737003e+01 8.8159507247730950e-01
1168 6.3269722088984402e+01 8.7536498371684279e-01
1169 6.3475520649987040e+01 8.7821229911594723e-01
1170 6.2747301326554606e+01 8.6813705814520015e-01
1171 6.3031077683512272e+01 8.7206323132702801e-01
1172 6.2441430555285869e+01 8.6390519883128458e-01
1173 6.2407060923685158e+01 8.6342967956214356e-01
1174 6.2248864901233233e+01 8.6124096663524086e-01
1175 6.1771801871540454e+01 8.5464058564049594e-01
1176 6.1980582864840848e+01 8.5752916432816184e-01
1177 6.1295511757016300e+01 8.4805089827378755e-01
1178 6.1516081654367383e+01 8.5110258173671793e-01
1179 6.1017688915233059e+01 8.4420709464475130e-01
1180 6.0899767639750543e+01 8.4257560090676009e-01
1181 6.0824288769822658e+01 8.4153131688647531e-01
1182 6.0296453115270864e+01 8.3422847385356202e-01
1183 6.0540524670094001e+01 8.3760531328890853e-01
1184 5.9853966865362402e+01 8.2810647811599125e-01
1185 6.0069761174376069e+01 8.3109208917226018e-01
1186 5.9592773897059637e+01 8.2449275624561946e-01
1187 5.9467877876488039e+01 8.2276476378091123e-01
1188 5.9397547311845088e+01 8.2179170887343289e-01
1189 5.8891162218918424e+01 8.1478564398190756e-01
1190 5.9107892029459627e+01 8.1778419812141412e-01
1191 5.8470543438614847e+01 8.0896619449462193e-01
1192 5.8642420612775361e+01 8.1134419229187338e-01
1193 5.8217311983840496e+01 8.0546262373492461e-01
1194 5.8059178899653709e+01 8.0327478158715016e-01
1195 5.8021135244345615e+01 8.0274843055209322e-01
1196 5.7503679077896230e+01 7.9558919239262915e-01
1197 5.7734365635468315e+01 7.9878084438738228e-01
1198 5.7095293952748399e+01 7.8993900101163250e-01
1199 5.7283171205027060e+01 7.9253836706622605e-01
1200 5.6843892657203952e+01 7.8646075132576931e-01
1201 5.6720740116823457e+01 7.8475688069151495e-01
1202 5.6648501013931174e+01 7.8375742030131301e-01
1203 5.6180852661387853e+01 7.7728729558773280e-01
1204 5.6372420843202050e+01 7.7993772730795752e-01
1205 5.5776042565654429e+01 7.7168656634220634e-01
1206 5.5943357435980751e+01 7.7400144261956383e-01
1207 5.5520834301753780e+01 7.6815564554158078e-01
1208 5.5404392077871258e+01 7.6654461514588024e-01
1209 5.5326893831246529e+01 7.6547239214323570e-01
1210 5.4876663791484809e+01 7.5924325759969280e-01
1211 5.5067251260629725e+01 7.6188012072025513e-01
1212 5.4469001537859583e+01 7.5360306747044381e-01
1213 5.4666764953579346e+01 7.5633921303052454e-01
1214 5.4205013042350529e+01 7.4995066822728429e-01
1215 5.4154174890901267e+01 7.4924729959934899e-01
1216 5.4011937065636310e+01 7.4727937548832057e-01
1217 5.3636573254908562e+01 7.4208604880350504e-01
1218 5.3772586123431182e+01 7.4396784784589909e-01
1219 5.3220727567664760e+01 7.3633263719959563e-01
1220 5.3406570984758382e+01 7.3890386423216015e-01
1221 5.2942397876462508e+01 7.3248182108150817e-01
1222 5.2925076906347378e+01 7.3224217769092292e-01
1223 5.2747147627011195e+01 7.2978044630399175e-01
1224 5.2418861076063529e+01 7.2523845462398095e-01
1225 5.2528977205956629e+01 7.2676196067187004e-01
1226 5.1992219418373161e+01 7.1933567592658443e-01
1227 5.2201799729017004e+01 7.2223531352821790e-01
1228 5.1694469990877394e+01 7.1521617904646595e-01
1229 5.1756968496437651e+01 7.1608087390359110e-01
1230 5.1492062286520948e+01 7.1241577766997577e-01
1231 5.1265824777529737e+01 7.0928568025788818e-01
1232 5.1293022499893183e+01 7.0966197294588718e-01
1233 5.0827947399737901e+01 7.0322745033328637e-01
1234 5.1007379148070406e+01 7.0570996905269001e-01
1235 5.0505928621102228e+01 6.9877217609452047e-01
1236 5.0605949931318911e+01 7.0015601578431741e-01
1237 5.0289063795440299e+01 6.9577175396025981e-01
1238 5.0137238323184000e+01 6.9367118045272136e-01
1239 5.0103198349437648e+01 6.9320022214785815e-01
1240 4.9691842503656900e+01 6.8750892951443610e-01
1241 4.9858436720997965e+01 6.8981383523450523e-01
1242 4.9343066469961883e+01 6.8268345665038799e-01
1243 4.9506348065817257e+01 6.8494253076637945e-01
1244 4.9103766486501605e+01 6.7937263404505810e-01
1245 4.9069581299061994e+01 6.7889966664361534e-01
1246 4.8921777940098053e+01 6.7685474087753095e-01
1247 4.8624064968984953e+01 6.7273574838781858e-01
1248 4.8713231756076951e+01 6.7396941088156392e-01
1249 4.8248968977512938e+01 6.6754612710253214e-01
1250 4.8414464122503674e+01 6.6983582666366326e-01
1251 4.7979486955069049e+01 6.6381772245019610e-01
1252 4.8020945401979972e+01 6.6439131865872803e-01
1253 4.7788930570645462e+01 6.6118128940069587e-01
1254 4.7587604329617804e+01 6.5839585055443239e-01
1255 4.7606581408856869e+01 6.5865840695756839e-01
1256 4.7192132707626278e+01 6.5292432328174732e-01
1257 4.7360367092558661e+01 6.5525192145611311e-01
1258 4.6888027877368096e+01 6.4871689655379727e-01
1259 4.7020085126888915e+01 6.5054396783307211e-01
1260 4.6675727293365739e+01 6.4577962275011391e-01
1261 4.6614181584129753e+01 6.4492811025749652e-01
1262 4.6504833794973948e+01 6.4341523454833471e-01
1263 4.6209851536556002e+01 6.3933402269357709e-01
1264 4.6304156857031607e+01 6.4063877910149103e-01
1265 4.5871767568679147e+01 6.3465647935587721e-01
1266 4.6023280279925281e+01 6.3675272567455610e-01
1267 4.5626106523982862e+01 6.3125764861519562e-01
1268 4.5661513609519019e+01 6.3174752152486680e-01
1269 4.5448338495140867e+01 6.2879814820117774e-01
1270 4.5266205798594903e+01 6.2627826065177417e-01
1271 4.5278526836251864e+01 6.2644872773416138e-01
1272 4.4902970965134315e+01 6.2125274380770734e-01
1273 4.5055445650161730e+01 6.2336229946512800e-01
1274 4.4618269138366045e+01 6.1731376633594515e-01
1275 4.4751212124623962e+01 6.1915309218026060e-01
1276 4.4415670108116231e+01 6.1451071787990408e-01
1277 4.4386057941373899e+01 6.1410102027096303e-01
1278 4.4255969482734677e+01 6.1230118809660450e-01
1279 4.4014627818464064e+01 6.0896211792150057e-01
1280 4.4079390495629340e+01 6.0985813860833893e-01
1281 4.3693987090319190e+01 6.0452590962937724e-01
1282 4.3838501427537857e+01 6.0652533030437805e-01
1283 4.3453253763168490e+01 6.0119525607118718e-01
1284 4.3524061407115290e+01 6.0217491158482039e-01
1285 4.3280107030448328e+01 5.9879969336182293e-01
1286 4.3168664181117748e+01 5.9725783155543755e-01
1287 4.3128785610172834e+01 5.9670609363952343e-01
1288 4.2826869553796818e+01 5.9252894957997237e-01
1289 4.2944783174964819e+01 5.9416033741708907e-01
1290 4.2545175641739760e+01 5.8863158795739157e-01
1291 4.2693947595288833e+01 5.9068991466400877e-01
1292 4.2338848772292494e+01 5.8577696317399142e-01
1293 4.2380219088855796e+01 5.8634934005963457e-01
1294 4.2185875839559827e+01 5.8366051403608754e-01
1295 4.2041928713211213e+01 5.8166894097788735e-01
1296 4.2039268955505172e+01 5.8163214203703273e-01
1297 4.1729894658861426e+01 5.7735180987810397e-01
1298 4.1851513141510893e+01 5.7903445613557269e-01
1299 4.1480963526737426e+01 5.7390773601111478e-01
1300 4.1599146129333604e+01 5.7554284532693756e-01
1301 4.1300738523294108e+01 5.7141424225145121e-01
1302 4.1294234584170745e+01 5.7132425733644232e-01
1303 4.1162312873990984e+01 5.6949906130474504e-01
1304 4.0976555519151155e+01 5.6692902498206355e-01
1305 4.1020378354897403e+01 5.6753533357064068e-01
1306 4.0692009132947398e+01 5.6299219810023182e-01
1307 4.0834045862631392e+01 5.6495733996369935e-01
1308 4.0469881614195685e+01 5.5991896424657772e-01
1309 4.0587305072003851e+01 5.6154357045375614e-01
1310 4.0309883679222651e+01 5.5770532105172654e-01
1311 4.0296297664771394e+01 5.5751735244800527e-01
1312 4.0183555614032578e+01 5.5595751560740114e-01
1313 3.9999780271911966e+01 5.5341490131968996e-01
1314 4.0048535791515235e+01 5.5408945580190494e-01
1315 3.9739002139498133e+01 5.4980691888990951e-01
1316 3.9869240712275150e+01 5.5160882796069566e-01
1317 3.9538132005108650e+01 5.4702779048356454e-01
1318 3.9634094803208342e+01 5.4835547883784275e-01
1319 3.9394076492724636e+01 5.4503471785594970e-01
1320 3.9360397334714165e+01 5.4456875159863050e-01
1321 3.9279003069398975e+01 5.4344262542990684e-01
1322 3.9084618410826558e+01 5.4075322649044677e-01
1323 3.9153803031484692e+01 5.4171042674890035e-01
1324 3.8844162849444331e+01 5.3742641594625085e-01
1325 3.8986598119713477e+01 5.3939707179747298e-01
1326 3.8660266031702655e+01 5.3488212098883636e-01
1327 3.8767683455118608e+01 5.3636828922215285e-01
1328 3.8529391918009750e+01 5.3307141892441723e-01
1329 3.8513401487024645e+01 5.3285018413948781e-01
1330 3.8425775485234375e+01 5.3163783910148632e-01
1331 3.8257297840412420e+01 5.2930687531743803e-01
1332 3.8313491911258232e+01 5.3008434549253614e-01
1333 3.8033870452620420e+01 5.2621565719257624e-01
1334 3.8162940097094548e+01 5.2800139361598786e-01
1335 3.7863256226853366e+01 5.2385513285282348e-01
1336 3.7964308846895193e+01 5.2525324117662875e-01
1337 3.7743276968023139e+01 5.2219516599214133e-01
1338 3.7731464846064753e+01 5.2203173998670993e-01
1339 3.7651255192982674e+01 5.2092200345957007e-01
1340 3.7494601564005762e+01 5.1875463023821000e-01
1341 3.7554351186615634e+01 5.1958129306674938e-01
1342 3.7285982915925196e+01 5.1586829766947773e-01
1343 3.7424170310670718e+01 5.1778018225751432e-01
1344 3.7125960426019624e+01 5.1365431474612133e-01
1345 3.7249307418409742e+01 5.1536087571114719e-01
1346 3.7015054934881242e+01 5.1211988753134841e-01
1347 3.7039936509672621e+01 5.1246413527881707e-01
1348 3.6934536303717692e+01 5.1100587615386428e-01
1349 3.6822422746724811e+01 5.0945473480613590e-01
1350 3.6854773368759354e+01 5.0990232017233472e-01
1351 3.6627120782908584e+01 5.0675264453718516e-01
1352 3.6748016540039920e+01 5.0842529156294369e-01
1353 3.6475447545623616e+01 5.0465417726875772e-01
1354 3.6600315395987494e+01 5.0638177998600697e-01
1355 3.6371609183978393e+01 5.0321752696036981e-01
1356 3.6417192445532166e+01 5.0384819182960483e-01
1357 3.6301625395455822e+01 5.0224926985605789e-01
1358 3.6220529624561287e+01 5.0112727349152886e-01
1359 3.6239506889899751e+01 5.0138983246943358e-01
1360 3.6038577276973569e+01 4.9860988115085519e-01
1361 3.6158139629863946e+01 5.0026407993086297e-01
1362 3.5894076016890942e+01 4.9661064140389705e-01
1363 3.6040586657961036e+01 4.9863768183809232e-01
1364 3.5795510606076121e+01 4.9524694473534503e-01
1365 3.5886957078129996e+01 4.9651214769305396e-01
1366 3.5734416677951167e+01 4.9440168283703795e-01
1367 3.5713789528176960e+01 4.9411629696793569e-01
1368 3.5689219800151712e+01 4.9377636376035022e-01
1369 3.5546541977689913e+01 4.9180235209074985e-01
1370 3.5634033631474225e+01 4.9301283836382925e-01
1371 3.5408971275965477e+01 4.8989899972726775e-01
1372 3.5549124808845320e+01 4.9183808671827228e-01
1373 3.5314003410967302e+01 4.8858507671871032e-01
1374 3.5428804989917658e+01 4.9017340805588938e-01
1375 3.5259317381881928e+01 4.8782847097777576e-01
1376 3.5283341060679582e+01 4.8816084934937587e-01
1377 3.5228755920572283e+01 4.8740563945270515e-01
1378 3.5134218325327872e+01 4.8609766941918164e-01
1379 3.5198803943815612e+01 4.8699124041979941e-01
1380 3.5005207839205639e+01 4.8431275147810293e-01
1381 3.5147800089270973e+01 4.8628557921521609e-01
1382 3.4913224075515281e+01 4.8304011484960979e-01
1383 3.5064395334066688e+01 4.8513163701710399e-01
1384 3.4862385456029692e+01 4.8233673974618196e-01
1385 3.4951786966375714e+01 4.8357364974142802e-01
1386 3.4843002873731010e+01 4.8206857302633427e-01
1387 3.4825993605752579e+01 4.8183324217461926e-01
1388 3.4835510697753286e+01 4.8196491541118752e-01
1389 3.4709176813630663e+01 4.8021702945932015e-01
1390 3.4817916812596977e+01 4.8172149611859588e-01
1391 3.4621085382263978e+01 4.7899824499436805e-01
1392 3.4774140705303225e+01 4.8111583403911834e-01
1393 3.4572010315580492e+01 4.7831926943497055e-01
1394 3.4700040324642529e+01 4.8009062203614422e-01
1395 3.4559523506201913e+01 4.7814650882646054e-01
1396 3.4604680768127629e+01 4.7877127979976597e-01
1397 3.4569748270286851e+01 4.7828797302372905e-01
1398 3.4506460415851805e+01 4.7741235717087144e-01
1399 3.4582562427536814e+01 4.7846526263686628e-01
1400 3.4425963216621270e+01 4.7629864231379360e-01
1401 3.4578985162153444e+01 4.7841576956576254e-01
1402 3.4378527026271975e+01 4.7564234134357125e-01
1403 3.4548137504130082e+01 4.7798897838078874e-01
1404 3.4369150109672404e+01 4.7551260749655111e-01
1405 3.4491109725214706e+01 4.7719997348060195e-01
1406 3.4391161444354644e+01 4.7581714418470988e-01
1407 3.4420231959374718e+01 4.7621934779912434e-01
1408 3.4428823002952974e+01 4.7633820874040389e-01
1409 3.4354220380733814e+01 4.7530604800019605e-01
1410 3.4462956735890536e+01 4.7681046424573170e-01
1411 3.4311335482867506e+01 4.7471271620288480e-01
1412 3.4477759966100230e+01 4.7701527357543350e-01
1413 3.4303171352723751e+01 4.7459976180045677e-01
1414 3.4466406093148080e+01 4.7685818765054350e-01
1415 3.4331055622466415e+01 4.7498555317938701e-01
1416 3.4433313148558845e+01 4.7640033191884368e-01
1417 3.4385946885541017e+01 4.7574499842461693e-01
1418 3.4392265083362041e+01 4.7583241352539674e-01
1419 3.4451683544001426e+01 4.7665449457953701e-01
1420 3.4361299327449778e+01 4.7540398840315906e-01
1421 3.4510547967737679e+01 4.7746891028461813e-01
1422 3.4356456009980597e+01 4.7533697893358084e-01
1423 3.4549358966672514e+01 4.7800587786293064e-01
1424 3.4386595365820348e+01 4.7575397044014683e-01
1425 3.4563958276488258e+01 4.7820786586251696e-01
1426 3.4450771855397257e+01 4.7664188095877508e-01
1427 3.4560393484249488e+01 4.7815854536296337e-01
1428 3.4538661695838016e+01 4.7785787632284665e-01
1429 3.4552283140085848e+01 4.7804633511369504e-01
1430 3.4633553294183230e+01 4.7917074414805216e-01
1431 3.4555091010270566e+01 4.7808518325712562e-01
1432 3.4716335406015013e+01 4.8031607179582908e-01
1433 3.4578417746419106e+01 4.7840791911457281e-01
1434 3.4767649359038458e+01 4.8102602335195638e-01
1435 3.4616513355500423e+01 4.7893498895338527e-01
1436 3.4764204553219678e+01 4.8097836291834134e-01
1437 3.4635592060335675e+01 4.7919895139222701e-01
1438 3.4665272189918142e+01 4.7960958929754499e-01
1439 3.4556289748309084e+01 4.7810176833556317e-01
1440 3.4389146605337395e+01 4.7578926798318261e-01
1441 3.4235175629696734e+01 4.7365901047399056e-01
1442 3.3791464923420556e+01 4.6752007383336230e-01
1443 3.3465894848159550e+01 4.6301566581290787e-01
1444 3.2679664085043115e+01 4.5213781055403479e-01
1445 3.2042508551710753e+01 4.4332247796451985e-01
1446 3.0911446252015502e+01 4.2767372372844187e-01
1447 2.9915138699030628e+01 4.1388936185517528e-01
1448 2.8575041522990791e+01 3.9534851634563983e-01
1449 2.7368862328472744e+01 3.7866048617721410e-01
1450 2.6120167122466739e+01 3.6138422791997965e-01
1451 2.5043732201745854e+01 3.4649126797424390e-01
1452 2.4263141728987321e+01 3.3569144866233380e-01
1453 2.3697148598201412e+01 3.2786067983079958e-01
1454 2.3667317718249524e+01 3.2744795622650402e-01
1455 2.3822850038357934e+01 3.2959981563672336e-01
1456 2.4532566808253737e+01 3.3941906548026857e-01
1457 2.5224353550086946e+01 3.4899024534334222e-01
1458 2.6152037569354615e+01 3.6182516984764951e-01
1459 2.6668986105913998e+01 3.6897738471989622e-01
1460 2.6908450612944712e+01 3.7229048358261746e-01
1461 2.6559073914609957e+01 3.6745670025386007e-01
1462 2.5825771620950739e+01 3.5731113411014082e-01
1463 2.4981783258962494e+01 3.4563417656463463e-01
1464 2.4163097381067573e+01 3.3430729023558170e-01
1465 2.3871136157903919e+01 3.3026787575860400e-01
1466 2.3849596930135448e+01 3.2996987088135316e-01
1467 2.4457746787370219e+01 3.3838389693202869e-01
1468 2.5001203805950833e+01 3.4590286854299218e-01
1469 2.5616857292820981e+01 3.5442071067530545e-01
1470 2.5572161704477907e+01 3.5380232716309212e-01
1471 2.5186331642342481e+01 3.4846419519558264e-01
1472 2.4386224035837188e+01 3.3739434758418990e-01
1473 2.3712809026891662e+01 3.2807734888596252e-01
1474 2.3429187827798266e+01 3.2415332238278038e-01
1475 2.3568634124776235e+01 3.2608262444786318e-01
1476 2.4172551408385203e+01 3.3443809094397292e-01
1477 2.4589987740046535e+01 3.4021350982685689e-01
1478 2.4820593974534205e+01 3.4340405051570949e-01
1479 2.4306247769340558e+01 3.3628784006514162e-01
1480 2.3717368314547205e+01 3.2814042867567206e-01
1481 2.3052744519118090e+01 3.1894506035960152e-01
1482 2.2994726919285121e+01 3.1814236084305159e-01
1483 2.3280871185620008e+01 3.2210129511320096e-01
1484 2.3812903928733991e+01 3.2946220674890869e-01
1485 2.4066555857109378e+01 3.3297159494947298e-01
1486 2.3759773019121983e+01 3.2872711678341199e-01
1487 2.3191353821755481e+01 3.2086278223256209e-01
1488 2.2565551824724171e+01 3.1220453091021821e-01
1489 2.2554514755866840e+01 3.1205182811207743e-01
1490 2.2792420339714884e+01 3.1534335857333651e-01
1491 2.3348156936290721e+01 3.2303222365367101e-01
1492 2.3337309027704521e+01 3.2288213797272608e-01
1493 2.3017618697131027e+01 3.1845907885728830e-01
1494 2.2336152637710477e+01 3.0903069026456975e-01
1495 2.2049276992716983e+01 3.0506163704263045e-01
1496 2.2182151610155138e+01 3.0690001697365887e-01
1497 2.2603659142881401e+01 3.1273176274934783e-01
1498 2.2855801672871788e+01 3.1622026774623935e-01
1499 2.2518077203671631e+01 3.1154769823397899e-01
1500 2.2017531004158236e+01 3.0462241705176785e-01
1501 2.1556190169783516e+01 2.9823955968118598e-01
1502 2.1755003011733923e+01 3.0099022452387092e-01
1503 2.2053031717571706e+01 3.0511358534511696e-01
1504 2.2339956066373865e+01 3.0908331240609449e-01
1505 2.1958410001789154e+01 3.0380445146621737e-01
1506 2.1475313582578632e+01 2.9712059582131467e-01
1507 2.1143525072856296e+01 2.9253015297090901e-01
1508 2.1341428190846464e+01 2.9526823137456204e-01
1509 2.1716539250621384e+01 3.0045806113657786e-01
1510 2.1732284921220032e+01 3.0067590955177731e-01
1511 2.1371568357787570e+01 2.9568523410307912e-01
1512 2.0820375057490679e+01 2.8805922756458630e-01
1513 2.0816725653144502e+01 2.8800873641857533e-01
1514 2.1029264263559167e+01 2.9094930342443587e-01
1515 2.1371644204870680e+01 2.9568628348149395e-01
1516 2.1066243654450261e+01 2.9146092988392486e-01
1517 2.0653008426712656e+01 2.8574363515816326e-01
1518 2.0320901439386230e+01 2.8114878602725707e-01
1519 2.0554417592472735e+01 2.8437958674512170e-01
1520 2.0834654033107476e+01 2.8825678359684942e-01
1521 2.0773390648532974e+01 2.8740917719255582e-01
1522 2.0342698586645522e+01 2.8145035933634904e-01
1523 1.9960037200104406e+01 2.7615606741694532e-01
1524 2.0115680277711078e+01 2.7830945920683159e-01
1525 2.0349931074840097e+01 2.8155042405453717e-01
1526 2.0433851512456197e+01 2.8271150095011782e-01
1527 1.9938952675624201e+01 2.7586435356363748e-01
1528 1.9664807981637917e+01 2.7207143875914613e-01
1529 1.9656128692274574e+01 2.7195135689784872e-01
1530 2.0013823070320047e+01 2.7690021905616530e-01
1531 1.9962579602596730e+01 2.7619124269578033e-01
1532 1.9596947157176157e+01 2.7113255381483686e-01
1533 1.9256201163334261e+01 2.6641818015390178e-01
1534 1.9337693776557835e+01 2.6754566701005023e-01
1535 1.9639949634779189e+01 2.7172751238054416e-01
1536 1.9531763343857651e+01 2.7023070652042475e-01
1537 1.9188424709587853e+01 2.6548046251628249e-01
1538 1.8853852485236189e+01 2.6085150572538973e-01
1539 1.9090677307747779e+01 2.6412808336880089e-01
1540 1.9229734510605674e+01 2.6605200214221059e-01
1541 1.9149504725759705e+01 2.6494198708308764e-01
1542 1.8668560674136369e+01 2.5828791040916349e-01
1543 1.8589821783818198e+01 2.5719852254454934e-01
1544 1.8766836246906266e+01 2.5964759703836177e-01
1545 1.8916776295951465e+01 2.6172208487009835e-01
1546 1.8619861638157268e+01 2.5761413740322364e-01
1547 1.8260448334197918e+01 2.5264149313389200e-01
1548 1.8312319256969225e+01 2.5335915061630082e-01
1549 1.8504756815833108e+01 2.5602161055795308e-01
1550 1.8513007979396779e+01 2.5613576910678310e-01
1551 1.8072422570946337e+01 2.5004007236337589e-01
1552 1.7947500101608078e+01 2.4831171396811766e-01
1553 1.8048291446259437e+01 2.4970620742970498e-01
1554 1.8258823422935780e+01 2.5261901175775259e-01
1555 1.7942114502447470e+01 2.4823720178810679e-01
1556 1.7663509175085810e+01 2.4438257212012179e-01
1557 1.7648854352450520e+01 2.4417981607577768e-01
1558 1.7884852674732908e+01 2.4744495871780445e-01
1559 1.7795017569877864e+01 2.4620204974804419e-01
1560 1.7426509466177400e+01 2.4110357484496817e-01
1561 1.7325333998313567e+01 2.3970376686644401e-01
1562 1.7472814682804064e+01 2.4174422828645786e-01
1563 1.7586029533472566e+01 2.4331060652615608e-01
1564 1.7215762585944695e+01 2.3818779722982680e-01
1565 1.7045449840292878e+01 2.3583144400269243e-01
1566 1.7092096368757090e+01 2.3647681964654452e-01
1567 1.7304719291894770e+01 2.3941855315674510e-01
1568 1.7021056320786876e+01 2.3549394871900622e-01
1569 1.6774577358996485e+01 2.3208380172846405e-01
1570 1.6767837157077683e+01 2.3199054801170832e-01
1571 1.6973550717476289e+01 2.3483668738933033e-01
1572 1.6827610801754357e+01 2.3281754319631659e-01
1573 1.6502919466073262e+01 2.2832529293209475e-01
1574 1.6484778734641310e+01 2.2807430777600052e-01
1575 1.6633527349563696e+01 2.3013231158224939e-01
1576 1.6613532493149048e+01 2.2985567377538163e-01
1577 1.6241330373597357e+01 2.2470609050611251e-01
1578 1.6211664368108043e+01 2.2429564801395846e-01
1579 1.6320712223324264e+01 2.2580437400253561e-01
1580 1.6362722858981130e+01 2.2638560999004295e-01
1581 1.6000355637651484e+01 2.2137209694896118e-01
1582 1.5928074730755375e+01 2.2037205818161582e-01
1583 1.6048023347475105e+01 2.2203160109495518e-01
1584 1.6078531611479054e+01 2.2245369661144071e-01
1585 1.5774543396058533e+01 2.1824788330207537e-01
1586 1.5637196409659776e+01 2.1634762614046793e-01
1587 1.5803206448099981e+01 2.1864444948341957e-01
1588 1.5782777772265540e+01 2.1836180959029625e-01
1589 1.5543758938849956e+01 2.1505487682194008e-01
1590 1.5358326312255027e+01 2.1248933326017844e-01
1591 1.5562470437630497e+01 2.1531375880031053e-01
1592 1.5499842253003104e+01 2.1444726977512613e-01
1593 1.5288310954871466e+01 2.1152063938651497e-01
1594 1.5108575853375887e+01 2.0903392364003606e-01
1595 1.5309577977659904e+01 2.1181487818577388e-01
1596 1.5239414078808277e+01 2.1084412917427381e-01
1597 1.5004740607578359e+01 2.0759731644079862e-01
1598 1.4889469192263080e+01 2.0600248470677326e-01
1599 1.5046470750893352e+01 2.0817467169094583e-01
1600 1.4990867876518244e+01 2.0740538098419165e-01
1601 1.4709212291509168e+01 2.0350854963351064e-01
1602 1.4687131442848065e+01 2.0320305118827492e-01
1603 1.4787942453327149e+01 2.0459781673540961e-01
1604 1.4732243877566837e+01 2.0382720195706583e-01
1605 1.4426553477289639e+01 1.9959783815672072e-01
1606 1.4483869701409812e+01 2.0039083382569337e-01
1607 1.4546109112269635e+01 2.0125194399142521e-01
1608 1.4447104875012128e+01 1.9988217596221011e-01
1609 1.4174917059175600e+01 1.9611633544464685e-01
1610 1.4271207810284205e+01 1.9744856117590134e-01
1611 1.4317831313850467e+01 1.9809361825996286e-01
1612 1.4137526838235141e+01 1.9559902496715365e-01
1613 1.3957325528143569e+01 1.9310585901563879e-01
1614 1.4053493696406195e+01 1.9443638875823663e-01
1615 1.4084372035856676e+01 1.9486360443451631e-01
1616 1.3824419207966184e+01 1.9126704046299342e-01
1617 1.3763855671125519e+01 1.9042911676600291e-01
1618 1.3839234849549571e+01 1.9147202150961720e-01
1619 1.3823643749762581e+01 1.9125631165092727e-01
1620 1.3536167553111778e+01 1.8727894952744129e-01
1621 1.3580318177864138e+01 1.8788979322394248e-01
1622 1.3628370691365161e+01 1.8855462130141085e-01
1623 1.3527424400588457e+01 1.8715798409068077e-01
1624 1.3294140746467376e+01 1.8393040010028641e-01
1625 1.3395429310305301e+01 1.8533177281233956e-01
1626 1.3407356135051726e+01 1.8549678578229167e-01
1627 1.3211925183969491e+01 1.8279291091666061e-01
1628 1.3102766678445919e+01 1.8128265403145083e-01
1629 1.3200927086827630e+01 1.8264074730968344e-01
1630 1.3157856303246900e+01 1.8204484370013715e-01
1631 1.2913259071999811e+01 1.7866073129568150e-01
1632 1.2946786367554573e+01 1.7912459646781057e-01
1633 1.2987479865620578e+01 1.7968760926596750e-01
1634 1.2874348140111533e+01 1.7812238110013481e-01
1635 1.2668726019346332e+01 1.7527750683085475e-01
1636 1.2795216636938596e+01 1.7702756126057484e-01
1637 1.2745646067929782e+01 1.7634173020425681e-01
1638 1.2577177843500841e+01 1.7401089675557124e-01
1639 1.2493370224433413e+01 1.7285138075521442e-01
1640 1.2611752574644971e+01 1.7448925366888957e-01
1641 1.2476098571279087e+01 1.7261241968690222e-01
1642 1.2307096530508444e+01 1.7027420064969448e-01
1643 1.2364281025405132e+01 1.7106537378577516e-01
1644 1.2371979156617876e+01 1.7117188088397636e-01
1645 1.2199777458466759e+01 1.6878939315175492e-01
1646 1.2098972968588763e+01 1.6739471782006099e-01
1647 1.2225095286104603e+01 1.6913967665302868e-01
1648 1.2083176331051003e+01 1.6717616425439852e-01
1649 1.1952628966370721e+01 1.6536998290912708e-01
1650 1.1950293147391090e+01 1.6533766580584985e-01
1651 1.2018436373037424e+01 1.6628045789721424e-01
1652 1.1790839142390299e+01 1.6313154812613581e-01
1653 1.1760525226729856e+01 1.6271214150615451e-01
1654 1.1811343570034515e+01 1.6341523607952460e-01
1655 1.1733342797490844e+01 1.6233606040539153e-01
1656 1.1554368180859004e+01 1.5985986630810570e-01
1657 1.1609879047240087e+01 1.6062788404299386e-01
1658 1.1618404312922848e+01 1.6074583491758559e-01
1659 1.1426347359357534e+01 1.5808864082095342e-01
1660 1.1399243792692507e+01 1.5771365081927408e-01
1661 1.1445010841236748e+01 1.5834685846395682e-01
1662 1.1355251097215669e+01 1.5710499214513637e-01
1663 1.1181681756000156e+01 1.5470358245768473e-01
1664 1.1282562595709534e+01 1.5609931412354131e-01
1665 1.1215272060693023e+01 1.5516831938950118e-01
1666 1.1079271638409374e+01 1.5328669254640592e-01
1667 1.1033593436072881e+01 1.5265471412885792e-01
1668 1.1116075610043538e+01 1.5379589200179383e-01
1669 1.0939589863083189e+01 1.5135413253275551e-01
1670 1.0867032971772209e+01 1.5035027539724205e-01
1671 1.0922548292183727e+01 1.5111835475563906e-01
1672 1.0853888736236728e+01 1.5016841900297334e-01
1673 1.0701617802421740e+01 1.4806168233496586e-01
1674 1.0726182901365528e+01 1.4840155149713302e-01
1675 1.0747222489494400e+01 1.4869264363586465e-01
1676 1.0559362635356610e+01 1.4609351829235370e-01
1677 1.0554970745006719e+01 1.4603275451945119e-01
1678 1.0575207595142016e+01 1.4631274041798653e-01
1679 1.0485211137819991e+01 1.4506759906447356e-01
1680 1.0343899004090341e+01 1.4311248231104018e-01
1681 1.0443452923215990e+01 1.4448985543545198e-01
1682 1.0343097821867030e+01 1.4310139759562326e-01
1683 1.0229813548500879e+01 1.4153405886176465e-01
1684 1.0228639907313987e+01 1.4151782100952615e-01
1685 1.0253768195356249e+01 1.4186548214548009e-01
1686 1.0081016941690530e+01 1.3947539106621984e-01
1687 1.0064955416705429e+01 1.3925317266391238e-01
1688 1.0105548199870999e+01 1.3981479202624775e-01
1689 9.9739052312727594e+00 1.3799345250935585e-01
1690 9.9003559529669580e+00 1.3697586525464983e-01
1691 9.9400285324024011e+00 1.3752475318563631e-01
1692 9.8823926159820452e+00 1.3672733443029780e-01
1693 9.7290184776784105e+00 1.3460533443336528e-01
1694 9.7998284507628508e+00 1.3558502217166252e-01
1695 9.7394007542737686e+00 1.3474897788686518e-01
1696 9.6283905548439304e+00 1.3321310198591471e-01
1697 9.5985485637850250e+00 1.3280022465446986e-01
1698 9.6467962560155751e+00 1.3346775311720552e-01
1699 9.4793852717313918e+00 1.3115154706013071e-01
1700 9.4623932824522985e+00 1.3091645526697110e-01
1701 9.4860598525088626e+00 1.3124389287896282e-01
1702 9.3864852043578431e+00 1.2986623295918734e-01
1703 9.2961959566742767e+00 1.2861704071969604e-01
1704 9.3460982355316613e+00 1.2930746113055214e-01
1705 9.2750466368486659e+00 1.2832443039372163e-01
1706 9.1495411304822252e+00 1.2658800541966658e-01
1707 9.2047746611812116e+00 1.2735218609099849e-01
1708 9.1448631126557895e+00 1.2652328294478823e-01
1709 9.0406918893599482e+00 1.2508202734616433e-01
1710 9.0254276693198534e+00 1.2487084001538934e-01
1711 9.0538176826851355e+00 1.2526362858418166e-01
1712 8.8894029775079115e+00 1.2298887739248444e-01
1713 8.9050928850920030e+00 1.2320595430136592e-01
1714 8.8973479379403901e+00 1.2309879948365193e-01
1715 8.8028611960496477e+00 1.2179153302908587e-01
1716 8.7328211421157178e+00 1.2082249746757080e-01
1717 8.7888978742681143e+00 1.2159834420921506e-01
1718 8.6718090855962746e+00 1.1997836829964811e-01
1719 8.6068508095646443e+00 1.1907964141476107e-01
1720 8.6450851871261154e+00 1.1960863117773883e-01
1721 8.5632285704789552e+00 1.1847610817095716e-01
1722 8.4766398305952695e+00 1.1727811411668043e-01
1723 8.4996289193940449e+00 1.1759617847159734e-01
1724 8.4635164294358383e+00 1.1709654597534928e-01
1725 8.3326176034011681e+00 1.1528550200459756e-01
1726 8.3832282023295566e+00 1.1598572234134157e-01
1727 8.3253306671328282e+00 1.1518468397288706e-01
1728 8.2366040127735989e+00 1.1395711091291405e-01
1729 8.2201282784607255e+00 1.1372916173876994e-01
1730 8.2358434692624662e+00 1.1394658845230798e-01
1731 8.0932725101955256e+00 1.1197405528570734e-01
1732 8.1098755776535913e+00 1.1220376617102841e-01
1733 8.0965264235561474e+00 1.1201907463654201e-01
1734 7.9959016610713149e+00 1.1062688591394634e-01
1735 7.9656133022536251e+00 1.1020783288434763e-01
1736 7.9858951208950053e+00 1.1048844094233452e-01
1737 7.8789765610650973e+00 1.0900917471048820e-01
1738 7.8367296007668212e+00 1.0842466906556732e-01
1739 7.8714034555658356e+00 1.0890439739911130e-01
1740 7.7572185014459105e+00 1.0732459734303837e-01
1741 7.7266749937294943e+00 1.0690201421398285e-01
1742 7.7327211362791370e+00 1.0698566530805712e-01
1743 7.6674840117948841e+00 1.0608308042975505e-01
1744 7.5817260763124539e+00 1.0489658092701362e-01
1745 7.6375921036699568e+00 1.0566951247331229e-01
1746 7.5319110569405812e+00 1.0420736779027842e-01
1747 7.4876776104239511e+00 1.0359537821752018e-01
1748 7.4945094925531404e+00 1.0368990037110831e-01
1749 7.4438386257890299e+00 1.0298884620182493e-01
1750 7.3521065894546318e+00 1.0171969233420973e-01
1751 7.3925181320453568e+00 1.0227880415189956e-01
1752 7.3217714570474151e+00 1.0129999217102038e-01
1753 7.2458377621643324e+00 1.0024941544347597e-01
1754 7.2722378270825905e+00 1.0061467218294437e-01
1755 7.2119783337601824e+00 9.9780955064402793e-02
1756 7.1381757313914971e+00 9.8759862957662328e-02
1757 7.1485013864301283e+00 9.8902723026528208e-02
1758 7.1153093305278547e+00 9.8443496045357681e-02
1759 7.0118668388637255e+00 9.7012322775719348e-02
1760 7.0537084827314542e+00 9.7591220686025437e-02
1761 6.9865706591924717e+00 9.6662338783773213e-02
1762 6.9238768064274625e+00 9.5794941210450485e-02
1763 6.9204137344492276e+00 9.5747028056326400e-02
1764 6.9001946300706445e+00 9.5467287678294779e-02
1765 6.7954180453786339e+00 9.4017656633229765e-02
1766 6.8298349503909774e+00 9.4493829951224462e-02
1767 6.7758984789791805e+00 9.3747594676905910e-02
1768 6.7026183488491418e+00 9.2733731207933628e-02
1769 6.7113949443586218e+00 9.2855159343407975e-02
1770 6.6763572968748290e+00 9.2370397774896737e-02
1771 6.5938548346458150e+00 9.1228939204806472e-02
1772 6.6048068401558586e+00 9.1380465113383769e-02
1773 6.5743712107998817e+00 9.0959374529832035e-02
1774 6.4819563032289800e+00 8.9680772832368902e-02
1775 6.5116134739815319e+00 9.0091093091977173e-02
1776 6.4550825961289071e+00 8.9308963040870507e-02
1777 6.3954126968395721e+00 8.8483403220229406e-02
1778 6.3904092396521142e+00 8.8414178145820713e-02
1779 6.3701151901249737e+00 8.8133400868043374e-02
1780 6.2735902161899340e+00 8.6797934558928258e-02
1781 6.3095236319800643e+00 8.7295089483740151e-02
1782 6.2464832597356583e+00 8.6422897657994227e-02
1783 6.1917143750621051e+00 8.5665145572833709e-02
1784 6.1929096173980858e+00 8.5681682286658720e-02
1785 6.1579633379496261e+00 8.5198184835897972e-02
1786 6.0810790651190576e+00 8.4134456436083652e-02
1787 6.1032117118164830e+00 8.4440671530385064e-02
1788 6.0498791772834002e+00 8.3702791993669687e-02
1789 5.9860118148996397e+00 8.2819158388412681e-02
1790 6.0069387544215314e+00 8.3108691983140040e-02
1791 5.9441913436205782e+00 8.2240553410367428e-02
1792 5.8975864919066661e+00 8.1595754383049154e-02
1793 5.9004470725844520e+00 8.1635331799793751e-02
1794 5.8560069569188551e+00 8.1020482866661442e-02
1795 5.7890027589968067e+00 8.0093449734755115e-02
1796 5.8211146987434841e+00 8.0537732824444250e-02
1797 5.7392995507603199e+00 7.9405783555229065e-02
1798 5.7140544259127699e+00 7.9056505929668688e-02
1799 5.7088565854428355e+00 7.8984591475359439e-02
1800 5.6574242001606763e+00 7.8273001355811972e-02
1801 5.6078687700320149e+00 7.7587379752691171e-02
1802 5.6286166027898226e+00 7.7874435325001962e-02
1803 5.5479981363267452e+00 7.6759042681369419e-02
1804 5.5285112246166230e+00 7.6489432517319211e-02
1805 5.5275156719997112e+00 7.6475658600325125e-02
1806 5.4563879691324200e+00 7.5491574927969582e-02
1807 5.4399375543676669e+00 7.5263976061130389e-02
1808 5.4321437211100907e+00 7.5156144882213324e-02
1809 5.3665093389210412e+00 7.4248063765381844e-02
1810 5.3469845692907461e+00 7.3977929820025476e-02
1811 5.3478319872274094e+00 7.3989654227274895e-02
1812 5.2628105624569201e+00 7.2813344680583203e-02
1813 5.2757375004245866e+00 7.2992194665535887e-02
1814 5.2394026880977762e+00 7.2489486239599069e-02
1815 5.1883928062202731e+00 7.1783741644162125e-02
1816 5.1758474930250200e+00 7.1610171609107431e-02
1817 5.1619419863236944e+00 7.1417782686803322e-02
1818 5.0853787761275777e+00 7.0358496332544124e-02
1819 5.1072145861183440e+00 7.0660604557867573e-02
1820 5.0553274719928467e+00 6.9942723060811215e-02
1821 5.0121212204678498e+00 6.9344945191494020e-02
1822 5.0141650609608757e+00 6.9373222641446797e-02
1823 4.9704989343542634e+00 6.8769082194105879e-02
1824 4.9247278086142163e+00 6.8135818139590396e-02
1825 4.9331169403814554e+00 6.8251885540400209e-02
1826 4.8790914215053940e+00 6.7504418254472759e-02
1827 4.8424964885032979e+00 6.6998110942320416e-02
1828 4.8534394467698254e+00 6.7149511678225665e-02
1829 4.7828288518255819e+00 6.6172582425925927e-02
1830 4.7736743996262225e+00 6.6045926473665556e-02
1831 4.7574920723378975e+00 6.5822036717309074e-02
1832 4.7076429732824669e+00 6.5132352072865954e-02
1833 4.6845762554620567e+00 6.4813213685615476e-02
1834 4.6847764885048599e+00 6.4815983999573973e-02
1835 4.6098349599935942e+00 6.3779134338803917e-02
1836 4.6227961824875008e+00 6.3958458665554899e-02
1837 4.5848177361307405e+00 6.3433009825588124e-02
1838 4.5410261915490704e+00 6.2827134164308074e-02
1839 4.5366362687980955e+00 6.2766397614019115e-02
1840 4.5072611038725334e+00 6.2359979031516431e-02
1841 4.4560734627908509e+00 6.1651775057758630e-02
1842 4.4661705702706884e+00 6.1791473068637262e-02
1843 4.4174837429611058e+00 6.1117868975116237e-02
1844 4.3832067611902801e+00 6.0643631557928256e-02
1845 4.3895034479005917e+00 6.0730749042842917e-02
1846 4.3302262101680613e+00 5.9910621870962230e-02
1847 4.3166088013528929e+00 5.9722218912134771e-02
1848 4.3035324129091173e+00 5.9541301212811516e-02
1849 4.2569060903055131e+00 5.8896205126103933e-02
1850 4.2369152008601194e+00 5.8619622204035132e-02
1851 4.2337155910107853e+00 5.8575354166636083e-02
1852 4.1670280528351116e+00 5.7652702164353489e-02
1853 4.1799527257866984e+00 5.7831520811792769e-02
1854 4.1394281787019640e+00 5.7270845526241967e-02
1855 4.1051109725428612e+00 5.6796051586600171e-02
1856 4.0981282684474838e+00 5.6699442743461066e-02
1857 4.0687852881963531e+00 5.6293469450365050e-02
1858 4.0248711752926942e+00 5.5685898001374225e-02
1859 4.0351937145415251e+00 5.5828714961890680e-02
1860 3.9812090424747879e+00 5.5081812809891405e-02
1861 3.9633526327319371e+00 5.4834761371893803e-02
1862 3.9574056403065345e+00 5.4752482064260609e-02
1863 3.9057185000929842e+00 5.4037367295971112e-02
1864 3.8982607177590314e+00 5.3934185532312613e-02
1865 3.8795841545091454e+00 5.3675786902678532e-02
1866 3.8356037886035104e+00 5.3067298813688650e-02
1867 3.8285122159995235e+00 5.2969183725901710e-02
1868 3.8087006097038221e+00 5.2695081266623478e-02
1869 3.7586835885165351e+00 5.2003073344167351e-02
1870 3.7716699630419313e+00 5.2182745660555530e-02
1871 3.7217848119557924e+00 5.1492562220097002e-02
1872 3.7039343556356830e+00 5.1245593150373345e-02
1873 3.6930053083594383e+00 5.1094384879258208e-02
1874 3.6569689000332373e+00 5.0595805006514144e-02
1875 3.6318663924473298e+00 5.0248500554737272e-02
1876 3.6317974573190810e+00 5.0247546806318204e-02
1877 3.5764503080355063e+00 4.9481794170906750e-02
1878 3.5790898253135657e+00 4.9518313076361703e-02
1879 3.5520008424425664e+00 4.9143524848014063e-02
1880 3.5147624554424008e+00 4.8628315061187498e-02
1881 3.5138527527054624e+00 4.8615728915789434e-02
1882 3.4807855948626547e+00 4.8158229955292634e-02
1883 3.4516023229203507e+00 4.7754466298283831e-02
1884 3.4493604928969335e+00 4.7723449574373071e-02
1885 3.4108919915867713e+00 4.7191220604319725e-02
1886 3.3890236774926210e+00 4.6888662670146762e-02
1887 3.3876595701932217e+00 4.6869789633811193e-02
1888 3.3360290378606634e+00 4.6155458060945780e-02
1889 3.3391569969321870e+00 4.6198734777696017e-02
1890 3.3101654249256192e+00 4.5797623375282044e-02
1891 3.2809771970740420e+00 4.5393791151045554e-02
1892 3.2719692464327927e+00 4.5269162113552558e-02
1893 3.2494321535358561e+00 4.4957351324673073e-02
1894 3.2127270009560429e+00 4.4449519075225805e-02
1895 3.2204843243419399e+00 4.4556845123692269e-02
1896 3.1723406851876756e+00 4.3890756281938378e-02
1897 3.1652318156286707e+00 4.3792401883020499e-02
1898 3.1494590349688818e+00 4.3574178387965359e-02
1899 3.1137709317786664e+00 4.3080417473004319e-02
1900 3.1061630543051524e+00 4.2975159075767232e-02
1901 3.0868079620865601e+00 4.2707372693507842e-02
1902 3.0518309780388093e+00 4.2223450430843842e-02
1903 3.0517294103893682e+00 4.2222045196857294e-02
1904 3.0203214144200201e+00 4.1787501485070169e-02
1905 2.9955237549074716e+00 4.1444414743122916e-02
1906 2.9958570908338960e+00 4.1449026595177463e-02
1907 2.9521766146337969e+00 4.0844687614774375e-02
1908 2.9486612157356986e+00 4.0796050494243577e-02
1909 2.9279615206852703e+00 4.0509660928705775e-02
1910 2.8990938077627360e+00 4.0110263172274403e-02
1911 2.8897312519991338e+00 3.9980728013861232e-02
1912 2.8717343672449358e+00 3.9731733041073844e-02
1913 2.8369238604737208e+00 3.9250114066201422e-02
1914 2.8434083570833253e+00 3.9339829985311908e-02
1915 2.8012529012599625e+00 3.8756590345844319e-02
1916 2.7938983178658390e+00 3.8654836385806579e-02
1917 2.7787571022308546e+00 3.8445350876147942e-02
1918 2.7483731185499267e+00 3.8024974833675347e-02
1919 2.7396030408663763e+00 3.7903636875246206e-02
1920 2.7227299013156210e+00 3.7670189421386273e-02
1921 2.6911244154708895e+00 3.7232913348592314e-02
1922 2.6914961109989566e+00 3.7238055922941167e-02
1923 2.6606578899233715e+00 3.6811395302372617e-02
1924 2.6423195426638317e+00 3.6557676042666312e-02
1925 2.6383114732971831e+00 3.6502222605223712e-02
1926 2.6010288274417559e+00 3.5986400477283007e-02
1927 2.5986062040615017e+00 3.5952882396188456e-02
1928 2.5771105810569845e+00 3.5655480810405156e-02
1929 2.5530733923840723e+00 3.5322915523621226e-02
1930 2.5455733328967165e+00 3.5219148836582663e-02
1931 2.5248244003545781e+00 3.4932078048262372e-02
1932 2.4990982767850247e+00 3.4576145589638840e-02
1933 2.5014022312215642e+00 3.4608021832670054e-02
1934 2.4620935351381799e+00 3.4064168391073332e-02
1935 2.4612654798918907e+00 3.4052711875330065e-02
1936 2.4402341174844611e+00 3.3761733543144094e-02
1937 2.4174547604428298e+00 3.3446570921159074e-02
1938 2.4101416205643185e+00 3.3345390350748662e-02
1939 2.3898550713522377e+00 3.3064716843194314e-02
1940 2.3669454718246925e+00 3.2747752257998503e-02
1941 2.3657671812972438e+00 3.2731450080047998e-02
1942 2.3329947070196302e+00 3.2278028198851227e-02
1943 2.3264654982053470e+00 3.2187693666334075e-02
1944 2.3124296109012716e+00 3.1993500869910797e-02
1945 2.2845119831532656e+00 3.1607247968014444e-02
1946 2.2838755686490617e+00 3.1598442887895296e-02
1947 2.2576917962057617e+00 3.1236178651832442e-02
1948 2.2430228267276422e+00 3.1033226879572447e-02
1949 2.2345639747328292e+00 3.0916194868142260e-02
1950 2.2101161638039288e+00 3.0577948438268731e-02
1951 2.1979574388428853e+00 3.0409727024832266e-02
1952 2.1895251122823223e+00 3.0293062004682483e-02
1953 2.1585071286064430e+00 2.9863914287909240e-02
1954 2.1621112591544662e+00 2.9913779050615902e-02
1955 2.1328488979291405e+00 2.9508921157902265e-02
1956 2.1227924581770594e+00 2.9369785803277995e-02
1957 2.1118376392254992e+00 2.9218220969475399e-02
1958 2.0896176447900139e+00 2.8910797380039505e-02
1959 2.0789700604536323e+00 2.8763483274943047e-02
1960 2.0684048445651788e+00 2.8617308774268716e-02
1961 2.0419482355689520e+00 2.8251269722119679e-02
1962 2.0425553234634859e+00 2.8259669055440060e-02
1963 2.0168483388843743e+00 2.7904001393333780e-02
1964 2.0052436839107615e+00 2.7743445786692595e-02
1965 1.9976791470116004e+00 2.7638787025741400e-02
1966 1.9718877639595742e+00 2.7281951672906767e-02
1967 1.9683737982017755e+00 2.7233334380514826e-02
1968 1.9504142439883385e+00 2.6984855892502879e-02
1969 1.9329978514020889e+00 2.6743892289229475e-02
1970 1.9272459663413479e+00 2.6664312379498636e-02
1971 1.9071159715379455e+00 2.6385804872408315e-02
1972 1.8932787313284767e+00 2.6194360447638877e-02
1973 1.8886188486194146e+00 2.6129888880243601e-02
1974 1.8605299748183430e+00 2.5741266712393421e-02
1975 1.8623253349655084e+00 2.5766106325309356e-02
1976 1.8391234409191453e+00 2.5445097714341700e-02
1977 1.8281879240170522e+00 2.5293799933051104e-02
1978 1.8192234675588861e+00 2.5169772657089681e-02
1979 1.8006366523634489e+00 2.4912615732043942e-02
1980 1.7896038918330459e+00 2.4759972541538611e-02
1981 1.7818543997104539e+00 2.4652754842112559e-02
1982 1.7579729912879458e+00 2.4322344844965697e-02
1983 1.7585547851317840e+00 2.4330394223749465e-02
1984 1.7361020935841409e+00 2.4019751165394326e-02
1985 1.7264417489159039e+00 2.3886095963917116e-02
1986 1.7187311741344531e+00 2.3779416703361499e-02
1987 1.6975476314581657e+00 2.3486332888897867e-02
1988 1.6935315900103347e+00 2.3430769154136361e-02
1989 1.6781412026803852e+00 2.3217836242315923e-02
1990 1.6631641062654159e+00 2.3010621395679231e-02
1991 1.6581961954627777e+00 2.2941888121448279e-02
1992 1.6397602599333503e+00 2.2686818684256430e-02
1993 1.6297040572059398e+00 2.2547686608974792e-02
1994 1.6232084233150481e+00 2.2457816600582246e-02
1995 1.6007055132461678e+00 2.2146478746461081e-02
1996 1.6018815521162775e+00 2.2162749771722359e-02
1997 1.5804857827416656e+00 2.1866729705696537e-02
1998 1.5732465077365254e+00 2.1766571088940111e-02
1999 1.5636474121101835e+00 2.1633763295429792e-02
2000 1.5478208531541520e+00 2.1414795753524746e-02
