# step 23
# iter abs_residual rel_residual
0 7.2278104865856122e+01 1.0000000000000000e+00
1 1.1546600861378695e+03 1.5975240195918946e+01
2 1.1527745212178302e+03 1.5949152559510399e+01
3 1.1585072720811820e+03 1.6028467739038025e+01
4 1.2484330970660308e+03 1.7272631862485170e+01
5 1.4402468346335759e+03 1.9926460956697586e+01
6 1.2677694538265698e+03 1.7540159031278900e+01
7 1.4124522130187454e+03 1.9541909899826138e+01
8 1.3004236603872214e+03 1.7991944625564418e+01
9 1.3783981910459288e+03 1.9070757231448642e+01
10 1.3232324643110385e+03 1.8307514658372401e+01
11 1.3547601259457542e+03 1.8743713998313993e+01
12 1.3364428175015801e+03 1.8490285820054893e+01
13 1.3388396176532276e+03 1.8523446625199078e+01
14 1.3429152194657133e+03 1.8579834404320430e+01
15 1.3277325809218664e+03 1.8369775790138096e+01
16 1.3450051727472858e+03 1.8608749845385898e+01
17 1.3195692023742608e+03 1.8256831786379887e+01
18 1.3443069584333389e+03 1.8599089737179646e+01
19 1.3132163294673023e+03 1.8168936940233202e+01
20 1.3418458874574790e+03 1.8565039716354839e+01
21 1.3079856800722373e+03 1.8096568559728858e+01
22 1.3382737217490362e+03 1.8515617201541087e+01
23 1.3034526903323963e+03 1.8033852613478551e+01
24 1.3340055733933364e+03 1.8456565454630717e+01
25 1.2993510853089035e+03 1.7977105068269598e+01
26 1.3293075319948680e+03 1.8391565944652037e+01
27 1.2955114809359163e+03 1.7923982419576564e+01
28 1.3243513570095770e+03 1.8322995040717995e+01
29 1.2918249965132106e+03 1.7872978254075161e+01
30 1.3192485335170929e+03 1.8252395188910114e+01
31 1.2882212246105366e+03 1.7823118453387771e+01
32 1.3140716232901932e+03 1.8180770313901178e+01
33 1.2846546044779893e+03 1.7773772664103909e+01
34 1.3088677968891964e+03 1.8108773041550791e+01
35 1.2810958289394716e+03 1.7724535408297015e+01
36 1.3036675101262183e+03 1.8036824741680043e+01
37 1.2775263299625319e+03 1.7675149788909728e+01
38 1.2984901357272120e+03 1.7965193444641812e+01
39 1.2739346838591662e+03 1.7625457754094597e+01
40 1.2933476589184975e+03 1.7894044971418026e+01
41 1.2703142383665336e+03 1.7575367266811458e+01
42 1.2882471279998119e+03 1.7823476838396942e+01
43 1.2666615286038170e+03 1.7524830388880087e+01
44 1.2831922934615816e+03 1.7753540935295835e+01
45 1.2629752087373834e+03 1.7473828500088519e+01
46 1.2781847130463771e+03 1.7684258814181863e+01
47 1.2592553284021253e+03 1.7422362287157757e+01
48 1.2732245007394029e+03 1.7615632052091460e+01
49 1.2555028382762471e+03 1.7370444903147170e+01
50 1.2683108376844179e+03 1.7547649319781250e+01
51 1.2517192522212654e+03 1.7318097293009856e+01
52 1.2634423194671213e+03 1.7480291186549444e+01
53 1.2479064168607217e+03 1.7265345005610786e+01
54 1.2586171941766231e+03 1.7413533413923098e+01
55 1.2440663539071040e+03 1.7212216012249041e+01
56 1.2538335239638579e+03 1.7347349190891194e+01
57 1.2402011533652708e+03 1.7158739229079270e+01
58 1.2490892942218845e+03 1.7281710644463082e+01
59 1.2363129023424117e+03 1.7104943532165585e+01
60 1.2443824862326580e+03 1.7216589844769146e+01
61 1.2324036388406091e+03 1.7050857118180911e+01
62 1.2397111252385678e+03 1.7151959470152104e+01
63 1.2284753213121373e+03 1.6996507083190888e+01
64 1.2350733099322715e+03 1.7087793215172070e+01
65 1.2245298121521539e+03 1.6941919194267872e+01
66 1.2304672309079228e+03 1.7024066045887576e+01
67 1.2205688672009953e+03 1.6887117744250471e+01
68 1.2258911806653014e+03 1.6960754338267208e+01
69 1.2165941326620434e+03 1.6832125509100855e+01
70 1.2213435565416223e+03 1.6897835918752484e+01
71 1.2126071450102627e+03 1.6776963746639314e+01
72 1.2168228618944343e+03 1.6835290080623800e+01
73 1.2086093333564083e+03 1.6721652229254151e+01
74 1.2123277032806179e+03 1.6773097544970586e+01
75 1.2046020237636380e+03 1.6666209303623940e+01
76 1.2078567863305789e+03 1.6711240403608940e+01
77 1.2005864443533969e+03 1.6610651961359725e+01
78 1.2034089109064969e+03 1.6649702052093819e+01
79 1.1965637310932368e+03 1.6554995919082110e+01
80 1.1989829658825747e+03 1.6588467117501434e+01
81 1.1925349333509698e+03 1.6499255695265447e+01
82 1.1945779226393108e+03 1.6527521368419617e+01
83 1.1885010204009525e+03 1.6443444700255213e+01
84 1.1901928302451031e+03 1.6466851648283122e+01
85 1.1844628864373399e+03 1.6387575305628623e+01
86 1.1858268092533131e+03 1.6406445789553246e+01
87 1.1804213570130410e+03 1.6331658933280458e+01
88 1.1814790463260399e+03 1.6346292539335320e+01
89 1.1763771933482208e+03 1.6275706115033138e+01
90 1.1771487897143113e+03 1.6286381496845134e+01
91 1.1723310979318173e+03 1.6219726570136203e+01
92 1.1728353439133884e+03 1.6226703039462659e+01
93 1.1682837191193832e+03 1.6163729268879539e+01
94 1.1685380650347870e+03 1.6167248258701918e+01
95 1.1642356550284180e+03 1.6107722486487027e+01
96 1.1642563576281880e+03 1.6108008916240660e+01
97 1.1601874578315144e+03 1.6051713862514152e+01
98 1.1599896696472240e+03 1.6048977374269789e+01
99 1.1561396376418513e+03 1.5995710454605554e+01
100 1.1557374897018613e+03 1.5990146557478804e+01
101 1.1520926651015172e+03 1.5939718774305620e+01
102 1.1514993435952313e+03 1.5931509905141340e+01
103 1.1480469756752020e+03 1.5883744846463658e+01
104 1.1472747910231642e+03 1.5873061325451715e+01
105 1.1440029715495648e+03 1.5827794235512490e+01
106 1.1430634233255951e+03 1.5814795164414631e+01
107 1.1399610245692429e+03 1.5771872086089459e+01
108 1.1388648605552307e+03 1.5756706165288872e+01
109 1.1359214789409652e+03 1.5715983160449049e+01
110 1.1346787494187708e+03 1.5698789440103159e+01
111 1.1318846530363439e+03 1.5660131863405311e+01
112 1.1305047609298310e+03 1.5641040437183305e+01
113 1.1278508414130533e+03 1.5604322270295793e+01
114 1.1263425889395519e+03 1.5583454920822522e+01
115 1.1238203171243101e+03 1.5548558158934217e+01
116 1.1221919476066942e+03 1.5526028936279056e+01
117 1.1197933329696436e+03 1.5492843026915464e+01
118 1.1180525705881430e+03 1.5468758798576447e+01
119 1.1157701230379803e+03 1.5437180112964825e+01
120 1.1139242088632589e+03 1.5411641062402454e+01
121 1.1117509047651270e+03 1.5381572425404219e+01
122 1.1098066298821948e+03 1.5354672510325639e+01
123 1.1077358792217053e+03 1.5326022746135880e+01
124 1.1056996160708177e+03 1.5297850132110279e+01
125 1.1037252332581734e+03 1.5270533660319705e+01
126 1.1016029635285354e+03 1.5241171106700227e+01
127 1.0997191401710429e+03 1.5215107565590664e+01
128 1.0975164815388557e+03 1.5184632795447270e+01
129 1.0957177605379873e+03 1.5159746683612893e+01
130 1.0934399909823410e+03 1.5128232720153646e+01
131 1.0917212434623641e+03 1.5104453077298222e+01
132 1.0893733238467935e+03 1.5071968556295241e+01
133 1.0877297275730696e+03 1.5049228664639609e+01
134 1.0853163221726459e+03 1.5015838118430590e+01
135 1.0837433411631316e+03 1.4994075220628639e+01
136 1.0812688376660399e+03 1.4959839354847650e+01
137 1.0797622035101260e+03 1.4938994395524075e+01
138 1.0772307304131234e+03 1.4903970329775522e+01
139 1.0757864254685667e+03 1.4883987723047838e+01
140 1.0732018690353989e+03 1.4848229225533762e+01
141 1.0718161096184303e+03 1.4829056622439914e+01
142 1.0691821292810212e+03 1.4792614323042363e+01
143 1.0678513515668121e+03 1.4774202416467352e+01
144 1.0651713940588295e+03 1.4737124002292596e+01
145 1.0638922397451886e+03 1.4719426328619290e+01
146 1.0611695529599674e+03 1.4681756735728410e+01
147 1.0599388563543284e+03 1.4664729496180234e+01
148 1.0571765012064800e+03 1.4626511073699801e+01
149 1.0559912776319763e+03 1.4610112973933580e+01
150 1.0531921400291981e+03 1.4571385649691013e+01
151 1.0520495743085264e+03 1.4555577740466052e+01
152 1.0492163757981616e+03 1.4516379168289554e+01
153 1.0481138117878791e+03 1.4501124700669950e+01
154 1.0452491196624278e+03 1.4461490400202775e+01
155 1.0441840510083248e+03 1.4446754697653853e+01
156 1.0412902872552934e+03 1.4406718178179498e+01
157 1.0402603481807876e+03 1.4392468509121111e+01
158 1.0373397988361110e+03 1.4352061398972097e+01
159 1.0363427553319543e+03 1.4338266854884271e+01
160 1.0333975780991650e+03 1.4297519006856774e+01
161 1.0324313207328996e+03 1.4284150402795300e+01
162 1.0294635529009649e+03 1.4243090003695977e+01
163 1.0285260887816594e+03 1.4230119767120939e+01
164 1.0255376543575333e+03 1.4188773436448981e+01
165 1.0246271007401272e+03 1.4176175518737995e+01
166 1.0216198166676396e+03 1.4134568394726251e+01
167 1.0207343943715508e+03 1.4122318180117940e+01
168 1.0177099774255660e+03 1.4080474015116685e+01
169 1.0168480047059393e+03 1.4068548235916657e+01
170 1.0138080767344238e+03 1.4026489468919966e+01
171 1.0129679638421713e+03 1.4014866130236534e+01
172 1.0099140573879215e+03 1.3972613964661388e+01
173 1.0090943013379128e+03 1.3961272272021134e+01
174 1.0060278647999432e+03 1.3918846747117559e+01
175 1.0052270441528897e+03 1.3907767034270357e+01
176 1.0021494466769254e+03 1.3865187092783566e+01
177 1.0013662172126157e+03 1.3854350761839868e+01
178 9.9827875258138340e+02 1.3811634303834191e+01
179 9.9751184302405318e+02 1.3801023766123587e+01
180 9.9441573466924683e+02 1.3758187718325258e+01
181 9.9366394212820785e+02 1.3747786331315538e+01
182 9.9056034660687840e+02 1.3704846695210115e+01
183 9.8982253330400590e+02 1.3694638717230589e+01
184 9.8671254400169414e+02 1.3651610620297449e+01
185 9.8598763319939451e+02 1.3641581154200559e+01
186 9.8287228417775373e+02 1.3598478903146484e+01
187 9.8215925726980367e+02 1.3588613856058249e+01
188 9.7903952593006397e+02 1.3545450973667659e+01
189 9.7833741900650477e+02 1.3535737009461455e+01
190 9.7521422962066595e+02 1.3492526283452031e+01
191 9.7452213052885020e+02 1.3482950782086851e+01
192 9.7139635705461296e+02 1.3439704304055384e+01
193 9.7071340264344883e+02 1.3430255323448717e+01
194 9.6758587121930896e+02 1.3386984523391849e+01
195 9.6691124481583370e+02 1.3377650764506951e+01
196 9.6378273645774618e+02 1.3334366448130728e+01
197 9.6311566501998618e+02 1.3325137215585158e+01
198 9.5998691833040937e+02 1.3281849601785883e+01
199 9.5932667049253166e+02 1.3272714776805302e+01
200 9.5619838332166955e+02 1.3229433520653552e+01
201 9.5554426703167701e+02 1.3220383528388169e+01
202 9.5241709908819769e+02 1.3177117757249272e+01
203 9.5176845944909871e+02 1.3168143536905465e+01
204 9.4864303431927374e+02 1.3124901878375187e+01
205 9.4799925167905633e+02 1.3115994856789435e+01
206 9.4487615845362427e+02 1.3072785461202372e+01
207 9.4423664670606786e+02 1.3063937529332225e+01
208 9.4111644192937285e+02 1.3020768096729006e+01
209 9.4048064648094135e+02 1.3011971581524138e+01
210 9.3736385591135866e+02 1.2968849386007705e+01
211 9.3673125252296495e+02 1.2960097034385207e+01
212 9.3361837237430689e+02 1.2917028941296223e+01
213 9.3298846505127653e+02 1.2908313890947305e+01
214 9.2987996415084069e+02 1.2865306386721716e+01
215 9.2925228388078892e+02 1.2856622148649665e+01
216 9.2614860447772469e+02 1.2813681352002817e+01
217 9.2552270815767997e+02 1.2805021795679275e+01
218 9.2242426760042804e+02 1.2762153480814042e+01
219 9.2179973606159183e+02 1.2753512806850670e+01
220 9.1870692806318016e+02 1.2710722420963386e+01
221 9.1808336550558090e+02 1.2702095153290049e+01
222 9.1499656116494702e+02 1.2659387830700963e+01
223 9.1437359358984440e+02 1.2650768794877337e+01
224 9.1129314270265354e+02 1.2608149375166374e+01
225 9.1067041698721391e+02 1.2599533685579669e+01
226 9.0759664895889932e+02 1.2557006726218749e+01
227 9.0697383169698651e+02 1.2548389770045523e+01
228 9.0390705672342062e+02 1.2505959562733674e+01
229 9.0328383340497885e+02 1.2497336988586241e+01
230 9.0022434340133645e+02 1.2455007572100838e+01
231 8.9960041708015660e+02 1.2446375271595203e+01
232 8.9654848648616360e+02 1.2404150442932952e+01
233 8.9592357756861861e+02 1.2395504547765878e+01
234 8.9287946419175580e+02 1.2353387873808909e+01
235 8.9225330891337353e+02 1.2344724734680618e+01
236 8.8921725518816322e+02 1.2302719569619288e+01
237 8.8858960491857738e+02 1.2294035746617139e+01
238 8.8556183822313164e+02 1.2252145236329618e+01
239 8.8493245909243592e+02 1.2243437493758561e+01
240 8.8191319253471090e+02 1.2201664586689006e+01
241 8.8128186447054054e+02 1.2192929879749164e+01
242 8.7827129783064913e+02 1.2151277339945045e+01
243 8.7763781374448763e+02 1.2142512803473906e+01
244 8.7463613380826951e+02 1.2100983215201095e+01
245 8.7400029932444795e+02 1.2092186159924097e+01
246 8.7100768085928382e+02 1.2050781941167694e+01
247 8.7036931317468100e+02 1.2041949837921662e+01
248 8.6738591940116339e+02 1.2000673246911775e+01
249 8.6674484724854187e+02 1.1991803726137659e+01
250 8.6377083001729557e+02 1.1950656863795793e+01
251 8.6312689282905183e+02 1.1941747703968776e+01
252 8.6016239401457005e+02 1.1900732533192182e+01
253 8.5951544117920002e+02 1.1891781650534552e+01
254 8.5656059241144658e+02 1.1850899992482818e+01
255 8.5591048331066156e+02 1.1841905441477481e+01
256 8.5296540675104325e+02 1.1801158986308460e+01
257 8.5231200980442338e+02 1.1792118946481288e+01
258 8.4937681873013901e+02 1.1751509261435839e+01
259 8.4872001123240432e+02 1.1742422035104246e+01
260 8.4579481023206665e+02 1.1701950567212736e+01
261 8.4513447784003313e+02 1.1692814572387483e+01
262 8.4221936322690249e+02 1.1652482654187070e+01
263 8.4155539961867453e+02 1.1643296419857043e+01
264 8.3865046014504139e+02 1.1603105279275473e+01
265 8.3798276641722020e+02 1.1593867437067789e+01
266 8.3508808331632213e+02 1.1553818198003338e+01
267 8.3441656792233027e+02 1.1544527481330038e+01
268 8.3153221536632839e+02 1.1504621169987825e+01
269 8.3085679340781439e+02 1.1495276404242134e+01
270 8.2798283914158890e+02 1.1455513957902964e+01
271 8.2730343237546890e+02 1.1446114060556720e+01
272 8.2443993739790426e+02 1.1406496323167520e+01
273 8.2375647377020243e+02 1.1397040297321652e+01
274 8.2090349336921986e+02 1.1357568033815609e+01
275 8.2021590649276948e+02 1.1348054960973888e+01
276 8.1737349013268329e+02 1.1308728855711976e+01
277 8.1668171944172832e+02 1.1299157897920002e+01
278 8.1384991106199573e+02 1.1259978558824320e+01
279 8.1315390119659025e+02 1.1250348950152411e+01
280 8.1033273950851265e+02 1.1211316912811178e+01
281 8.0963244025255699e+02 1.1201627958497069e+01
282 8.0682195906006530e+02 1.1162743690602833e+01
283 8.0611732500860626e+02 1.1152994762448632e+01
284 8.0331755331780482e+02 1.1114258665313853e+01
285 8.0260854365199452e+02 1.1104449198572492e+01
286 7.9981950615138078e+02 1.1065861613773610e+01
287 7.9910608422898599e+02 1.1055991101483354e+01
288 7.9632780127096066e+02 1.1017552310604959e+01
289 7.9560993485094207e+02 1.1007620306696571e+01
290 7.9284242268373623e+02 1.0969330534540228e+01
291 7.9212008323784164e+02 1.0959336644312542e+01
292 7.8936335448727584e+02 1.0921196065562143e+01
293 7.8863651723799740e+02 1.0911139946207223e+01
294 7.8589058052086102e+02 1.0873148680079913e+01
295 7.8515922454692998e+02 1.0863030042142624e+01
296 7.8242408521939899e+02 1.0825188162743499e+01
297 7.8168819265109323e+02 1.0815006758988218e+01
298 7.7896385265505012e+02 1.0777314293184096e+01
299 7.7822340903118481e+02 1.0767069923533846e+01
300 7.7550986720771311e+02 1.0729526855290596e+01
301 7.7476486104632136e+02 1.0719219360887214e+01
302 7.7206211320819580e+02 1.0681825632272696e+01
303 7.7131253598586181e+02 1.0671454895190903e+01
304 7.6862057518531753e+02 1.0634210410079675e+01
305 7.6786642094015644e+02 1.0623776347834120e+01
306 7.6518523749942119e+02 1.0586680972329859e+01
307 7.6442650311477166e+02 1.0576183541800134e+01
308 7.6175608487517229e+02 1.0539237107682146e+01
309 7.6099276934500983e+02 1.0528676294949451e+01
310 7.5833310178062675e+02 1.0491878601245121e+01
311 7.5756520684275301e+02 1.0481254430352720e+01
312 7.5491627275155759e+02 1.0444605239064270e+01
313 7.5414380217564656e+02 1.0433917762167294e+01
314 7.5150558279765062e+02 1.0397416813741872e+01
315 7.5072854235816749e+02 1.0386666110732637e+01
316 7.4810101621115314e+02 1.0350313107954120e+01
317 7.4731941401530344e+02 1.0339499290999452e+01
318 7.4470255811220466e+02 1.0303293915831475e+01
319 7.4391640374230815e+02 1.0292417117507064e+01
320 7.4131019305055224e+02 1.0256359023612752e+01
321 7.4051949826490011e+02 1.0245419406599833e+01
322 7.3792390604360628e+02 1.0209508224007109e+01
323 7.3712868386794401e+02 1.0198505968522710e+01
324 7.3454368180144888e+02 1.0162741305471670e+01
325 7.3374394726703940e+02 1.0151676619480059e+01
326 7.3116950527508186e+02 1.0116058059796796e+01
327 7.3036527465447080e+02 1.0104931168435938e+01
328 7.2780136136005933e+02 1.0069458278005705e+01
329 7.2699265252690498e+02 1.0058269428565680e+01
330 7.2443923489297526e+02 1.0022941750305872e+01
331 7.2362606703512972e+02 1.0011691208259220e+01
332 7.2108311096988177e+02 9.9765082704944916e+00
333 7.2026550458604891e+02 9.9651963194499764e+00
334 7.1773297436798521e+02 9.9301576279573887e+00
335 7.1691095113020788e+02 9.9187845677574433e+00
336 7.1438881029619176e+02 9.8838896180531446e+00
337 7.1356239292226951e+02 9.8724557630087144e+00
338 7.1105060356789431e+02 9.8377040306682382e+00
339 7.1021981597240119e+02 9.8262097116481826e+00
340 7.0771833938544535e+02 9.7916006610705786e+00
341 7.0688320629286147e+02 9.7800462201491705e+00
342 7.0439200252584033e+02 9.7455792986430687e+00
343 7.0355254992745574e+02 9.7339650954214640e+00
344 7.0107157832222367e+02 9.6996397404631871e+00
345 7.0022783260974893e+02 9.6879661400825370e+00
346 6.9775705161146118e+02 9.6537817767421679e+00
347 6.9690904045495279e+02 9.6420491620301156e+00
348 6.9444840746866896e+02 9.6080052009875470e+00
349 6.9359615905990563e+02 9.5962139619899975e+00
350 6.9114563108452364e+02 9.5623098083056952e+00
351 6.9028917439930001e+02 9.5504603459157629e+00
352 6.8784870735943468e+02 9.5166953897870048e+00
353 6.8698807203261106e+02 9.5047881140162733e+00
354 6.8455762145419169e+02 9.4711617401243444e+00
355 6.8369283784380502e+02 9.4591970709898714e+00
356 6.8127235837518197e+02 9.4257086518743556e+00
357 6.8040345729395244e+02 9.4136870156839461e+00
358 6.7799290332433759e+02 9.3803359202991317e+00
359 6.7711991611887288e+02 9.3682577507471638e+00
360 6.7471924113687317e+02 9.3350433355870646e+00
361 6.7384219985802758e+02 9.3229090761114826e+00
362 6.7145135713466459e+02 9.2898306946597238e+00
363 6.7057029403819115e+02 9.2776407915333401e+00
364 6.6818923610184652e+02 9.2446977869987901e+00
365 6.6730418422542323e+02 9.2324526973126950e+00
366 6.6493286331267643e+02 9.1996444088670071e+00
367 6.6404385568477619e+02 9.1873445895849404e+00
368 6.6168222374452796e+02 9.1546703524196005e+00
369 6.6078929407977421e+02 9.1423162699985010e+00
370 6.5843730240104935e+02 9.1097754101753221e+00
371 6.5754048451835467e+02 9.0973675325150101e+00
372 6.5519808441011651e+02 9.0649593763716592e+00
373 6.5429741253230748e+02 9.0524981769602935e+00
374 6.5196455475600260e+02 9.0202220432592988e+00
375 6.5106006326620536e+02 9.0077079978028518e+00
376 6.4873669848670738e+02 8.9755632039706104e+00
377 6.4782842214602113e+02 8.9629967934044803e+00
378 6.4551450051066331e+02 8.9309826497069889e+00
379 6.4460247421669499e+02 8.9183643568552196e+00
380 6.4229794603071423e+02 8.8864801757431398e+00
381 6.4138220481048495e+02 8.8738104852202788e+00
382 6.3908701979113721e+02 8.8420555710092952e+00
383 6.3816759899405497e+02 8.8293349718902601e+00
384 6.3588170697900705e+02 8.7977086305619903e+00
385 6.3495864190070881e+02 8.7849376111777477e+00
386 6.3268199236881935e+02 8.7534391437495440e+00
387 6.3175531872046258e+02 8.7406181981799751e+00
388 6.2948786104043438e+02 8.7092469041451288e+00
389 6.2855761424854677e+02 8.6963765225321339e+00
390 6.2629929790312838e+02 8.6651317029618138e+00
391 6.2536551372901909e+02 8.6522123800791455e+00
392 6.2311628782834839e+02 8.6210933308892823e+00
393 6.2217900199763301e+02 8.6081255610168572e+00
394 6.1993881576203694e+02 8.5771315796478973e+00
395 6.1899806409319592e+02 8.5641158583504602e+00
396 6.1676686648596001e+02 8.5332462386865675e+00
397 6.1582268482201721e+02 8.5201830618684262e+00
398 6.1360042500955501e+02 8.4894371006041318e+00
399 6.1265284917914460e+02 8.4763269639705126e+00
400 6.1043947597659178e+02 8.4457039529402618e+00
401 6.0948854185689743e+02 8.4325473528680917e+00
402 6.0728400446882517e+02 8.4020465892943417e+00
403 6.0632974771184251e+02 8.3888440190449742e+00
404 6.0413399501909248e+02 8.3584647956712388e+00
405 6.0317645159790004e+02 8.3452167529483479e+00
406 6.0098943263441993e+02 8.3149583646364373e+00
407 6.0002863802457637e+02 8.3016653402602891e+00
408 5.9785030188865119e+02 8.2715270827621445e+00
409 5.9688629199304557e+02 8.2581895734653141e+00
410 5.9471658763870016e+02 8.2281707405369708e+00
411 5.9374939782233378e+02 8.2147892356101124e+00
412 5.9158827462931106e+02 8.1848891268976107e+00
413 5.9061794040819984e+02 8.1714641177207366e+00
414 5.8846534736985870e+02 8.1416820275243182e+00
415 5.8749190419150386e+02 8.1282140045295055e+00
416 5.8534779073145808e+02 8.0985492331021813e+00
417 5.8437127383938366e+02 8.0850386838993931e+00
418 5.8223558916544653e+02 8.0554905285084786e+00
419 5.8125603374071272e+02 8.0419379398434625e+00
420 5.7912872749909775e+02 8.0125057038217360e+00
421 5.7814616845498267e+02 7.9989115587353554e+00
422 5.7602719012545083e+02 7.9695945431126498e+00
423 5.7504166241453402e+02 7.9559593251895198e+00
424 5.7293096180092357e+02 7.9267568354794236e+00
425 5.7194249998100884e+02 7.9130810228422597e+00
426 5.6984002684609334e+02 7.8839923639902105e+00
427 5.6884866568008022e+02 7.8702764375993199e+00
428 5.6675436994390782e+02 7.8413009167267225e+00
429 5.6576014365883395e+02 7.8275453501285241e+00
430 5.6367397543324921e+02 7.7986822770103714e+00
431 5.6267691846744287e+02 7.7848875466745824e+00
432 5.6059882782370209e+02 7.7561362305243104e+00
433 5.5959897410902636e+02 7.7423028059134769e+00
434 5.5752891157861791e+02 7.7136625623120381e+00
435 5.5652629506111884e+02 7.6997909130849331e+00
436 5.5446421094487562e+02 7.6712610544220592e+00
437 5.5345886535496288e+02 7.6573516472540302e+00
438 5.5140471043098341e+02 7.6289314925226366e+00
439 5.5039666927377425e+02 7.6149847909720076e+00
440 5.4835039423337844e+02 7.5866736579643899e+00
441 5.4733969080259317e+02 7.5726901226647154e+00
442 5.4530124683562542e+02 7.5444873360704765e+00
443 5.4428791409853591e+02 7.5304674231387505e+00
444 5.4225725228179203e+02 7.5023723060834167e+00
445 5.4124132322723119e+02 7.4883164719349384e+00
446 5.3921839499947589e+02 7.4603283525520387e+00
447 5.3819990213794915e+02 7.4462370469842325e+00
448 5.3618465897376757e+02 7.4183552539028872e+00
449 5.3516363495182986e+02 7.4042289285954830e+00
450 5.3315602852935695e+02 7.3764527932610147e+00
451 5.3213250538099487e+02 7.3622918914185878e+00
452 5.3013248771545182e+02 7.3346207499400586e+00
453 5.2910649755235352e+02 7.3204257158422150e+00
454 5.2711402066177220e+02 7.2928589043675753e+00
455 5.2608559507403459e+02 7.2786301750774767e+00
456 5.2410061143485439e+02 7.2511670360969491e+00
457 5.2306978198871752e+02 7.2369050483476851e+00
458 5.2109224398875256e+02 7.2095449231253212e+00
459 5.2005904192489481e+02 7.1952501091456886e+00
460 5.1808890236656669e+02 7.1679923446818226e+00
461 5.1705335874248169e+02 7.1536651341661779e+00
462 5.1509057042427116e+02 7.1265090774066193e+00
463 5.1405271604085215e+02 7.1121498964991341e+00
464 5.1209723220769251e+02 7.0850949005665633e+00
465 5.1105709750910512e+02 7.0707041704759250e+00
466 5.0910887144255975e+02 7.0437495889998170e+00
467 5.0806648679363269e+02 7.0293277298370507e+00
468 5.0612547205622917e+02 7.0024729203341458e+00
469 5.0508086741960682e+02 6.9880203466458752e+00
470 5.0314701773709271e+02 6.9612646688911362e+00
471 5.0210022304783286e+02 6.9467817948423125e+00
472 5.0017349229724584e+02 6.9201246107038665e+00
473 4.9912453696209121e+02 6.9056118431499662e+00
474 4.9720487948242726e+02 6.8790525208873428e+00
475 4.9615379279992317e+02 6.8645102651868806e+00
476 4.9424116285548314e+02 6.8380481720261681e+00
477 4.9318797383088094e+02 6.8234768294798069e+00
478 4.9128232618241498e+02 6.7971113395156921e+00
479 4.9022706350970299e+02 6.7825113071176304e+00
480 4.8832835285365184e+02 6.7562417935550512e+00
481 4.8727104513175971e+02 6.7416134669843082e+00
482 4.8537922662356004e+02 6.7154393093786160e+00
483 4.8431990193312851e+02 6.7007830771434520e+00
484 4.8243493076903212e+02 6.6747036556146950e+00
485 4.8137361725323495e+02 6.6600199070885413e+00
486 4.7949544893993914e+02 6.6340346060519195e+00
487 4.7843217406570528e+02 6.6193237212520586e+00
488 4.7656076444467999e+02 6.5934319297545017e+00
489 4.7549555577671788e+02 6.5786942900510388e+00
490 4.7363086062714535e+02 6.5528953962776990e+00
491 4.7256374523851167e+02 6.5381313762385158e+00
492 4.7070572087691642e+02 6.5124247758089169e+00
493 4.6963672571472284e+02 6.4976347482593901e+00
494 4.6778532834009599e+02 6.4720198351669271e+00
495 4.6671448003085987e+02 6.4572041684968680e+00
496 4.6486966643868709e+02 6.4316803449877060e+00
497 4.6379699120289507e+02 6.4168394019693071e+00
498 4.6195871815685524e+02 6.3914060698495518e+00
499 4.6088424215337807e+02 6.3765402124025234e+00
500 4.5905246676048120e+02 6.3511967782284184e+00
501 4.5797621573619654e+02 6.3363063625723619e+00
502 4.5615089517854756e+02 6.3110522339391242e+00
503 4.5507289478084044e+02 6.2961376149171144e+00
504 4.5325398659910746e+02 6.2709722043808425e+00
505 4.5217426198594364e+02 6.2560337300646198e+00
506 4.5036172384883946e+02 6.2309564519529683e+00
507 4.4928030019103142e+02 6.2159944705920145e+00
508 4.4747408998254116e+02 6.1910047422110273e+00
509 4.4639099185263041e+02 6.1760195937774744e+00
510 4.4459106782693254e+02 6.1511168375549863e+00
511 4.4350631979789711e+02 6.1361088620270072e+00
512 4.4171264019022539e+02 6.1112925001287435e+00
513 4.4062626640726847e+02 6.0962620315660558e+00
514 4.3883878989302576e+02 6.0715314922476802e+00
515 4.3775081434525021e+02 6.0564788625502812e+00
516 4.3596949957226292e+02 6.0318335736859243e+00
517 4.3487994591619832e+02 6.0167591101525106e+00
518 4.3310475206329966e+02 5.9921985069630201e+00
519 4.3201364359082061e+02 5.9771025318471249e+00
520 4.3024452980893528e+02 5.9526260491672218e+00
521 4.2915188970162251e+02 5.9375088831964113e+00
522 4.2738881550194844e+02 5.9131159608453592e+00
523 4.2629466656087254e+02 5.8979779194826731e+00
524 4.2453759149876959e+02 5.8736679978907329e+00
525 4.2344195642522823e+02 5.8585093952188068e+00
526 4.2169084041898526e+02 5.8342819198375286e+00
527 4.2059374137858202e+02 5.8191030625274287e+00
528 4.1884854450635152e+02 5.7949574810201456e+00
529 4.1775000369932752e+02 5.7797586762221664e+00
530 4.1601068621531101e+02 5.7556944386879287e+00
531 4.1491072525562498e+02 5.7404759854408844e+00
532 4.1317724778680991e+02 5.7164925471364034e+00
533 4.1207588825507906e+02 5.7012547440178114e+00
534 4.1034821139148744e+02 5.6773515596883648e+00
535 4.0924547452751244e+02 5.6620947005603952e+00
536 4.0752355924005542e+02 5.6382712302210329e+00
537 4.0641946608975826e+02 5.6229956062634558e+00
538 4.0470327336752842e+02 5.5992513101807759e+00
539 4.0359784463546191e+02 5.5839572078503661e+00
540 4.0188733594739909e+02 5.5602915529298693e+00
541 4.0078059203853996e+02 5.5449792545386325e+00
542 3.9907572879729310e+02 5.5213917069070089e+00
543 3.9796768999544031e+02 5.5060614930904004e+00
544 3.9626843397123048e+02 5.4825515238215115e+00
545 3.9515912015959350e+02 5.4672036696726538e+00
546 3.9346543316817684e+02 5.4437707504703585e+00
547 3.9235486417391223e+02 5.4284055303068559e+00
548 3.9066670834665013e+02 5.4050491372415532e+00
549 3.8955490346043104e+02 5.3896668179585205e+00
550 3.8787224110864872e+02 5.3663864295904906e+00
551 3.8675921961372001e+02 5.3509872779802707e+00
552 3.8508201321466038e+02 5.3277823751653388e+00
553 3.8396779387946276e+02 5.3123666508977267e+00
554 3.8229600622861096e+02 5.2892367188947427e+00
555 3.8118060777481827e+02 5.2738046809924928e+00
556 3.7951420163487313e+02 5.2507492046066924e+00
557 3.7839764244438624e+02 5.2353011073916482e+00
558 3.7673658095537650e+02 5.2123195766487962e+00
559 3.7561887921062879e+02 5.1968556716830800e+00
560 3.7396312552930067e+02 5.1739475768402352e+00
561 3.7284429908910613e+02 5.1584681112085473e+00
562 3.7119381680997270e+02 5.1356329485794685e+00
563 3.7007388322416176e+02 5.1201381650915856e+00
564 3.6842863591374993e+02 5.0973754306028312e+00
565 3.6730761260714769e+02 5.0818655703390236e+00
566 3.6566756416341178e+02 5.0591747645025986e+00
567 3.6454546818738868e+02 5.0436500633762256e+00
568 3.6291058250870515e+02 5.0210306867099748e+00
569 3.6178743088493502e+02 5.0054913802235275e+00
570 3.6015767215525597e+02 4.9829429371963645e+00
571 3.5903348138451355e+02 4.9673892536454627e+00
572 3.5740881398299041e+02 4.9449112514269702e+00
573 3.5628360053798474e+02 4.9293434187189327e+00
574 3.5466398895930314e+02 4.9069353660771613e+00
575 3.5353776886546592e+02 4.8913536059310223e+00
576 3.5192317786818353e+02 4.8690150152848100e+00
577 3.5079596711098594e+02 4.8534195488667340e+00
578 3.4918636144202480e+02 4.8311499324739353e+00
579 3.4805817566356581e+02 4.8155409761993777e+00
580 3.4645352041552729e+02 4.7933398511004750e+00
581 3.4532437503374183e+02 4.7777176182834813e+00
582 3.4372463533179337e+02 4.7555845019695235e+00
583 3.4259454549092834e+02 4.7399492021375424e+00
584 3.4099968684063981e+02 4.7178836173626166e+00
585 3.3986866737970655e+02 4.7022354558200252e+00
586 3.3827865522734788e+02 4.6802369245177777e+00
587 3.3714672088706919e+02 4.6645761052090879e+00
588 3.3556152101737717e+02 4.6426441539960059e+00
589 3.3442868614145044e+02 4.6269708753727050e+00
590 3.3284826433856938e+02 4.6051050308570769e+00
591 3.3171454323761253e+02 4.5894194909129817e+00
592 3.3013886555099788e+02 4.5676192833737970e+00
593 3.2900427203994570e+02 4.5519216732447276e+00
594 3.2743330468200611e+02 4.5301866352155047e+00
595 3.2629785255378380e+02 4.5144771457327675e+00
596 3.2473156185106552e+02 4.4928068113261697e+00
597 3.2359526447058050e+02 4.4770856273992541e+00
598 3.2203361695966026e+02 4.4554795336338104e+00
599 3.2089648764685040e+02 4.4397468395500308e+00
600 3.1933944989333224e+02 4.4182045238458771e+00
601 3.1820150161977199e+02 4.4024604990727845e+00
602 3.1664904046715344e+02 4.3809815026948380e+00
603 3.1551028602938794e+02 4.3652263242783738e+00
604 3.1396236836302108e+02 4.3438101890706271e+00
605 3.1282282025194058e+02 4.3280440298278604e+00
606 3.1127941325149544e+02 4.3066903017063272e+00
607 3.1013908376395170e+02 4.2909133317697172e+00
608 3.0860015458827439e+02 4.2696215563623037e+00
609 3.0745905582821553e+02 4.2538339431954020e+00
610 3.0592457186832814e+02 4.2326036693422724e+00
611 3.0478271566387707e+02 4.2168055765924652e+00
612 3.0325264440505168e+02 4.1956363544377737e+00
613 3.0211004241011727e+02 4.1798279433421177e+00
614 3.0058435149594391e+02 4.1587193252204200e+00
615 2.9944101505287324e+02 4.1429007527053736e+00
616 2.9791967231123738e+02 4.1218522935010347e+00
617 2.9677561256601774e+02 4.1060237137763318e+00
618 2.9525858591002515e+02 4.0850349695527797e+00
619 2.9411381378630529e+02 4.0691965337519997e+00
620 2.9260107129391019e+02 4.0482670628534114e+00
621 2.9145559747442405e+02 4.0324189187769708e+00
622 2.8994710732855611e+02 4.0115482809999063e+00
623 2.8880094231018927e+02 3.9956905738769257e+00
624 2.8729667280740603e+02 3.9748783305900401e+00
625 2.8614982682708387e+02 3.9590112020529729e+00
626 2.8464974645960086e+02 3.9382569173319348e+00
627 2.8350222952004691e+02 3.9223805057729479e+00
628 2.8200630683632539e+02 3.9016837444716126e+00
629 2.8085812873935618e+02 3.8857981855032340e+00
630 2.7936633247325335e+02 3.8651585150404912e+00
631 2.7821750278987616e+02 3.8492639410818996e+00
632 2.7672980171750999e+02 3.8286809294613366e+00
633 2.7558032984101703e+02 3.8127774704729434e+00
634 2.7409669290603324e+02 3.7922506880159692e+00
635 2.7294658794352267e+02 3.7763384699985614e+00
636 2.7146698420939356e+02 3.7558674886844390e+00
637 2.7031625510237041e+02 3.7399466353477497e+00
638 2.6884065372345464e+02 3.7195310284131957e+00
639 2.6768930914239451e+02 3.7036016597171439e+00
640 2.6621767944882458e+02 3.6832410028307856e+00
641 2.6506572786643312e+02 3.6673032359990541e+00
642 2.6359803921318252e+02 3.6469971051732037e+00
643 2.6244548892364804e+02 3.6310510549596078e+00
644 2.6098171084253028e+02 3.6107990286532394e+00
645 2.5982856986168019e+02 3.5948448059603475e+00
646 2.5836867193498995e+02 3.5746464633308648e+00
647 2.5721494813984293e+02 3.5586841771407625e+00
648 2.5575890009915619e+02 3.5385390994109427e+00
649 2.5460460106004192e+02 3.5225688544625369e+00
650 2.5315237275028070e+02 3.5024766244233505e+00
651 2.5199750587401476e+02 3.4864985231932573e+00
652 2.5054906722004191e+02 3.4664587247416923e+00
653 2.4939363967419573e+02 3.4504728663964772e+00
654 2.4794896071145305e+02 3.4304850849594302e+00
655 2.4679297949460351e+02 3.4144915663275435e+00
656 2.4535203033290921e+02 3.3945553883609434e+00
657 2.4419550216980770e+02 3.3785543024823363e+00
658 2.4275825306937492e+02 3.3586693165228922e+00
659 2.4160118452476300e+02 3.3426607542237097e+00
660 2.4016760577077173e+02 3.3228265491535587e+00
661 2.3901000314623496e+02 3.3068105976190627e+00
662 2.3758006522194520e+02 3.2870267650608676e+00
663 2.3642193463593375e+02 3.2710035089425609e+00
664 2.3499560798035148e+02 3.2512696399067105e+00
665 2.3383695536077315e+02 3.2352391612198561e+00
666 2.3241421062331270e+02 3.2155548496278326e+00
667 2.3125504164386140e+02 3.1995172268705310e+00
668 2.2983584944854874e+02 3.1798820662925578e+00
669 2.2867616966353731e+02 3.1638373763112178e+00
670 2.2726050079572872e+02 3.1442509625495956e+00
671 2.2610031540661251e+02 3.1281992773086857e+00
672 2.2468814073835128e+02 3.1086612073650679e+00
673 2.2352745487701768e+02 3.0926025978665512e+00
674 2.2211874531304196e+02 3.0731124691949407e+00
675 2.2095756378156042e+02 3.0570470018776028e+00
676 2.1955229038041352e+02 3.0376044140599641e+00
677 2.1839061787016479e+02 3.0215321538311612e+00
678 2.1698875167219478e+02 3.0021367061977213e+00
679 2.1582659261185802e+02 2.9860577143302165e+00
680 2.1442810482428442e+02 2.9667090085199419e+00
681 2.1326546346702060e+02 2.9506233438581249e+00
682 2.1187032529115902e+02 2.9313209814283008e+00
683 2.1070720564688253e+02 2.9152286994511356e+00
684 2.0931538844701996e+02 2.8959722842138280e+00
685 2.0815179435397292e+02 2.8798734380251156e+00
686 2.0676326944724053e+02 2.8606625731399697e+00
687 2.0559920454522478e+02 2.8445572130980015e+00
688 2.0421394342932842e+02 2.8253915042229925e+00
689 2.0304941108753476e+02 2.8092796769420345e+00
690 2.0166738525291649e+02 2.7901587296346411e+00
691 2.0050238874057865e+02 2.7740404803460081e+00
692 1.9912356975925243e+02 2.7549639012922928e+00
693 1.9795811203172289e+02 2.7388392708846117e+00
694 1.9658247157500446e+02 2.7198066681445217e+00
695 1.9541655545210816e+02 2.7036756956313353e+00
696 1.9404406522557815e+02 2.6846866777388869e+00
697 1.9287769333538685e+02 2.6685493994807477e+00
698 1.9150832525544334e+02 2.6496035778867117e+00
699 1.9034150044215875e+02 2.6334600332344253e+00
700 1.8897522750893702e+02 2.6145570343835640e+00
701 1.8780795528098571e+02 2.5984072995486827e+00
702 1.8644475834155932e+02 2.5795468584516672e+00
703 1.8527706406158470e+02 2.5633912843377389e+00
704 1.8391697428811352e+02 2.5445738322753830e+00
705 1.8274900619024385e+02 2.5284144697680602e+00
706 1.8139234607551151e+02 2.5096444685726742e+00
707 1.8022492187690614e+02 2.4934926311556302e+00
708 1.7887350100007913e+02 2.4747951171666407e+00
709 1.7771064023480099e+02 2.4587064168965331e+00
710 1.7637290606435053e+02 2.4401982646292151e+00
711 1.7523193115514479e+02 2.4244123649944180e+00
712 1.7394189866251452e+02 2.4065641868355621e+00
713 1.7288744054482086e+02 2.3919752858170495e+00
714 1.7176261176742500e+02 2.3764127751579296e+00
715 1.7100033067222702e+02 2.3658662742969465e+00
716 1.7038368986966861e+02 2.3573347722092417e+00
717 1.7046154954687842e+02 2.3584119957661445e+00
718 1.7118245450375767e+02 2.3683860391948870e+00
719 1.7329606918067108e+02 2.3976288462778363e+00
720 1.7697318182920097e+02 2.4485033490799557e+00
721 1.8318501404425885e+02 2.5344468339926647e+00
722 1.9222031551563981e+02 2.6594542824883045e+00
723 2.0500909445217042e+02 2.8363927752762077e+00
724 2.2133038988550337e+02 3.0622052182508028e+00
725 2.4098495920328889e+02 3.3341350005031636e+00
726 2.6149492964874628e+02 3.6178996410332753e+00
727 2.7961444570684750e+02 3.8685912729144647e+00
728 2.8993145354005412e+02 4.0113317038147267e+00
729 2.8919292285309245e+02 4.0011138005045561e+00
730 2.7684028456224712e+02 3.8302095091735771e+00
731 2.5804592577475773e+02 3.5701811254414553e+00
732 2.3927389810264859e+02 3.3104617027068812e+00
733 2.2720072195910836e+02 3.1434238955321177e+00
734 2.2485735948775547e+02 3.1110024246634218e+00
735 2.3276040053633514e+02 3.2203445423524131e+00
736 2.4648145366702198e+02 3.4101814667730559e+00
737 2.5856469445613880e+02 3.5773585228337064e+00
738 2.6024233697136538e+02 3.6005694595114210e+00
739 2.5021722409287005e+02 3.4618675262343745e+00
740 2.3497745503481153e+02 3.2510184857629536e+00
741 2.2477896540906715e+02 3.1099178074223666e+00
742 2.2495805692166240e+02 3.1123956188277382e+00
743 2.3489211901327747e+02 3.2498378236289303e+00
744 2.4612620007551146e+02 3.4052663739912261e+00
745 2.4866702612769240e+02 3.4404198420697893e+00
746 2.3914328964127955e+02 3.3086546760615172e+00
747 2.2642790342497878e+02 3.1327316044771174e+00
748 2.2081328693844083e+02 3.0550508670399865e+00
749 2.2648801622185783e+02 3.1335632919845668e+00
750 2.3708693239820676e+02 3.2802040512576531e+00
751 2.4134343708705339e+02 3.3390947028145317e+00
752 2.3346302929010733e+02 3.2300657263136725e+00
753 2.2206205070638026e+02 3.0723280738823227e+00
754 2.1825006919984060e+02 3.0195875999363815e+00
755 2.2526678055972076e+02 3.1166669488332954e+00
756 2.3415178641850460e+02 3.2395949901159753e+00
757 2.3355674929372202e+02 3.2313623846002812e+00
758 2.2322789020838889e+02 3.0884579863111603e+00
759 2.1572056360224630e+02 2.9845907554246320e+00
760 2.1873649434083870e+02 3.0263175099402604e+00
761 2.2783921103483482e+02 3.1522576782787941e+00
762 2.2979596556415140e+02 3.1793302548626459e+00
763 2.2130581276240835e+02 3.0618651827291101e+00
764 2.1321713975168669e+02 2.9499547635816552e+00
765 2.1561186150362821e+02 2.9830868131336734e+00
766 2.2389458152317303e+02 3.0976819596848602e+00
767 2.2537816575347139e+02 3.1182080129488718e+00
768 2.1668758159333433e+02 2.9979698830716943e+00
769 2.1036954827628506e+02 2.9105570582781395e+00
770 2.1427307728157587e+02 2.9645641329314598e+00
771 2.2175006115629523e+02 3.0680115585190038e+00
772 2.1975400321720682e+02 3.0403952016320464e+00
773 2.1091216133080152e+02 2.9180643532677286e+00
774 2.0816624417988450e+02 2.8800733578478392e+00
775 2.1485853400264770e+02 2.9726641892646799e+00
776 2.1880735799652905e+02 3.0272979404014886e+00
777 2.1249541304358939e+02 2.9399693508562281e+00
778 2.0565795191383270e+02 2.8453700092928789e+00
779 2.0880235655257835e+02 2.8888742578420277e+00
780 2.1523449222299823e+02 2.9778657398732395e+00
781 2.1271919328044504e+02 2.9430654508061500e+00
782 2.0467097589473389e+02 2.8317147533764353e+00
783 2.0452582299759939e+02 2.8297064979385831e+00
784 2.1109726592620683e+02 2.9206253583708488e+00
785 2.1144690839169738e+02 2.9254628187074121e+00
786 2.0371755835595795e+02 2.8185237940873749e+00
787 2.0151748077597085e+02 2.7880847339588573e+00
788 2.0744490030859322e+02 2.8700932418413383e+00
789 2.0930222561061916e+02 2.8957901704682447e+00
790 2.0221529242230088e+02 2.7977392710780182e+00
791 1.9914803880730318e+02 2.7553024415472724e+00
792 2.0453374102275242e+02 2.8298160473680780e+00
793 2.0678940181562473e+02 2.8610241261778184e+00
794 2.0008687221245842e+02 2.7682916228062120e+00
795 1.9708162632221186e+02 2.7267126979599654e+00
796 2.0230160909109375e+02 2.7989335009067204e+00
797 2.0409142495580815e+02 2.8236964061881498e+00
798 1.9744099262364571e+02 2.7316846919282747e+00
799 1.9527427121054117e+02 2.7017071293299493e+00
800 2.0058645248902604e+02 2.7752035400112192e+00
801 2.0113790503503427e+02 2.7828331333304090e+00
802 1.9447587329485296e+02 2.6906609360578648e+00
803 1.9386618116136106e+02 2.6822255719234089e+00
804 1.9912921824435645e+02 2.7550420506172442e+00
805 1.9774636983580743e+02 2.7359097226305664e+00
806 1.9151877695191948e+02 2.6497481817953994e+00
807 1.9302883926517381e+02 2.6706405712134247e+00
808 1.9749764928529410e+02 2.7324685622546139e+00
809 1.9382743208751720e+02 2.6816894611065054e+00
810 1.8906495636798249e+02 2.6157984733948938e+00
811 1.9273608972561348e+02 2.6665902500255125e+00
812 1.9509960314111731e+02 2.6992905182449181e+00
813 1.8964585715645362e+02 2.6238354963570929e+00
814 1.8766189944980999e+02 2.5963865516133739e+00
815 1.9249059524144292e+02 2.6631937237244121e+00
816 1.9147549966930117e+02 2.6491494211790467e+00
817 1.8597753774883569e+02 2.5730826519870571e+00
818 1.8752118522343972e+02 2.5944397071764391e+00
819 1.9125910368500658e+02 2.6461554856753944e+00
820 1.8687288076157822e+02 2.5854701241600511e+00
821 1.8385952205754140e+02 2.5437789548961440e+00
822 1.8795278362406347e+02 2.6004110646355865e+00
823 1.8807096737430209e+02 2.6020461898295570e+00
824 1.8260339886055567e+02 2.5263999270519992e+00
825 1.8375403988489441e+02 2.5423195617252419e+00
826 1.8722812235366931e+02 2.5903850509245312e+00
827 1.8326005477568845e+02 2.5354850561703057e+00
828 1.8041173202147044e+02 2.4960772332963614e+00
829 1.8449883380344255e+02 2.5526241196536827e+00
830 1.8385432651847267e+02 2.5437070722827531e+00
831 1.7899595061261721e+02 2.4764892624789083e+00
832 1.8077088144194570e+02 2.5010462266193301e+00
833 1.8342789125654625e+02 2.5378071491633261e+00
834 1.7878967551739225e+02 2.4736353540150962e+00
835 1.7761587325289426e+02 2.4573952731956488e+00
836 1.8142430040792487e+02 2.5100865710942148e+00
837 1.7914833003299125e+02 2.4785975001071199e+00
838 1.7538063992906706e+02 2.4264698175825603e+00
839 1.7865255655498848e+02 2.4717382516677358e+00
840 1.7896051214602912e+02 2.4759989553983082e+00
841 1.7433117028390632e+02 2.4119499343190394e+00
842 1.7555548339002289e+02 2.4288888552881049e+00
843 1.7811079613142951e+02 2.4642427532098772e+00
844 1.7380497447276642e+02 2.4046697792552552e+00
845 1.7295277232799128e+02 2.3928791803407323e+00
846 1.7634168433954713e+02 2.4397662980625578e+00
847 1.7361837351965812e+02 2.4020880713721469e+00
848 1.7079234650787180e+02 2.3629887200951418e+00
849 1.7420285853360039e+02 2.4101746837013862e+00
850 1.7314488368928141e+02 2.3955371271926409e+00
851 1.6932446592250341e+02 2.3426799338023536e+00
852 1.7173563967680587e+02 2.3760396041863165e+00
853 1.7247239790341692e+02 2.3862329847125276e+00
854 1.6813431390197127e+02 2.3262136467747543e+00
855 1.6945412394244030e+02 2.3444738106641991e+00
856 1.7130154095266542e+02 2.3700336536298363e+00
857 1.6730464531799313e+02 2.3147348097809237e+00
858 1.6722740230035808e+02 2.3136661179858304e+00
859 1.6996228612801676e+02 2.3515044624296206e+00
860 1.6642340749881288e+02 2.3025424892875215e+00
861 1.6535885894780196e+02 2.2878139825981632e+00
862 1.6829402631462995e+02 2.3284233396403198e+00
863 1.6564183761285054e+02 2.2917291193546370e+00
864 1.6357642135506572e+02 2.2631531590189566e+00
865 1.6665529781973828e+02 2.3057507958881964e+00
866 1.6465060802836521e+02 2.2780150134532025e+00
867 1.6208749135255755e+02 2.2425531445986628e+00
868 1.6486862365809949e+02 2.2810313574779788e+00
869 1.6368058035823472e+02 2.2645942455466450e+00
870 1.6059411045812689e+02 2.2218915500922449e+00
871 1.6323722591209147e+02 2.2584602379247505e+00
872 1.6248828225179253e+02 2.2480982664578870e+00
873 1.5929449021650765e+02 2.2039107211256961e+00
874 1.6154288028029299e+02 2.2350182061373496e+00
875 1.6133284222618340e+02 2.2321122354495539e+00
876 1.5791387600644137e+02 2.1848093042771413e+00
877 1.6004275074461711e+02 2.2142632411523100e+00
878 1.5999069081005194e+02 2.2135429686069550e+00
879 1.5666492737067199e+02 2.1675295397054586e+00
880 1.5850011888745621e+02 2.1929202374857923e+00
881 1.5871506813393643e+02 2.1958941567228720e+00
882 1.5530103520181885e+02 2.1486594797974901e+00
883 1.5714936442133708e+02 2.1742319435878539e+00
884 1.5728203544044371e+02 2.1760675066446451e+00
885 1.5404669301089191e+02 2.1313050929710102e+00
886 1.5575257001721653e+02 2.1549066664971925e+00
887 1.5592865048092517e+02 2.1573428186906600e+00
888 1.5267704426310084e+02 2.1123553882114146e+00
889 1.5453289826605766e+02 2.1380319607557716e+00
890 1.5442814294364968e+02 2.1365826238839434e+00
891 1.5142260126988336e+02 2.0949996067400320e+00
892 1.5325569143951643e+02 2.1203612314400040e+00
893 1.5300338934451403e+02 2.1168705187896011e+00
894 1.5007509886642706e+02 2.0763563065876940e+00
895 1.5213346126230269e+02 2.1048346735799641e+00
896 1.5143035433113852e+02 2.0951068738200078e+00
897 1.4886723958814181e+02 2.0596450317067747e+00
898 1.5093118518347345e+02 2.0882006447677726e+00
899 1.4992560935593360e+02 2.0742880521589027e+00
900 1.4760286680745372e+02 2.0421518671718895e+00
901 1.4984612523496708e+02 2.0731883536940074e+00
902 1.4827807840586598e+02 2.0514937224912209e+00
903 1.4651143728985156e+02 2.0270514502527162e+00
904 1.4863807189868049e+02 2.0564743939335979e+00
905 1.4670964048485450e+02 2.0297936803564358e+00
906 1.4539955510438736e+02 2.0116680614999565e+00
907 1.4748729445410538e+02 2.0405528718251960e+00
908 1.4503411257766138e+02 2.0066120002293375e+00
909 1.4448076502787004e+02 1.9989561886828351e+00
910 1.4615238077706454e+02 2.0220837423492868e+00
911 1.4348843696825625e+02 1.9852268848852952e+00
912 1.4354621071176550e+02 1.9860262105402287e+00
913 1.4480903271930870e+02 2.0034979194330798e+00
914 1.4191510763619090e+02 1.9634591678846163e+00
915 1.4277345953289992e+02 1.9753348513755169e+00
916 1.4323803333477599e+02 1.9817624383015755e+00
917 1.4056047189493867e+02 1.9447171748043279e+00
918 1.4191836219171455e+02 1.9635041961200645e+00
919 1.4164257367699102e+02 1.9596885383183640e+00
920 1.3927531106752306e+02 1.9269363983188239e+00
921 1.4111185731469868e+02 1.9523458394017652e+00
922 1.3986215059744151e+02 1.9350555864326737e+00
923 1.3828066637764817e+02 1.9131750429025345e+00
924 1.4008226518342835e+02 1.9381009704586574e+00
925 1.3815608594937649e+02 1.9114514167988492e+00
926 1.3738516799940476e+02 1.9007854211781492e+00
927 1.3894962492293729e+02 1.9224303844272004e+00
928 1.3643029185844432e+02 1.8875742814736338e+00
929 1.3673023781312457e+02 1.8917241682925665e+00
930 1.3748424641333949e+02 1.9021562154749645e+00
931 1.3497338052121128e+02 1.8674172596488781e+00
932 1.3603545990589163e+02 1.8821116043145483e+00
933 1.3588660532527317e+02 1.8800521344253651e+00
934 1.3368907178626037e+02 1.8496482722448155e+00
935 1.3535070729835499e+02 1.8726377448545155e+00
936 1.3405859396567465e+02 1.8547607773402395e+00
937 1.3279267664143759e+02 1.8372462433525745e+00
938 1.3435417953714079e+02 1.8588503363016253e+00
939 1.3232506515785295e+02 1.8307766287375744e+00
940 1.3206473157033054e+02 1.8271747967857603e+00
941 1.3312750710899974e+02 1.8418787730541151e+00
942 1.3068293684317302e+02 1.8080570469537462e+00
943 1.3154899559435268e+02 1.8200393582330336e+00
944 1.3149241544896935e+02 1.8192565465435415e+00
945 1.2944969468632581e+02 1.7909945885628404e+00
946 1.3087156304057569e+02 1.8106667750000578e+00
947 1.2974101416337874e+02 1.7950251241945312e+00
948 1.2851177223308139e+02 1.7780180107321799e+00
949 1.2999757170024247e+02 1.7985747127917959e+00
950 1.2792080611901901e+02 1.7698417294757858e+00
951 1.2796161220646799e+02 1.7704062999985564e+00
952 1.2863652358503364e+02 1.7797440016416508e+00
953 1.2643973166941873e+02 1.7493504001534543e+00
954 1.2742232524633874e+02 1.7629450230166801e+00
955 1.2699872973312516e+02 1.7570843890944190e+00
956 1.2529882133579162e+02 1.7335653939507518e+00
957 1.2677557754484909e+02 1.7539969784782963e+00
958 1.2513961739464192e+02 1.7313627360165798e+00
959 1.2465948592349042e+02 1.7247199017579533e+00
960 1.2562954555596977e+02 1.7381411118779437e+00
961 1.2353136033312674e+02 1.7091117782126914e+00
962 1.2416368591020795e+02 1.7178602861910726e+00
963 1.2410776703486559e+02 1.7170866234691993e+00
964 1.2227422543773332e+02 1.6917187530672952e+00
965 1.2363283430259681e+02 1.7105157160948259e+00
966 1.2226322534526408e+02 1.6915665618540687e+00
967 1.2158609719981774e+02 1.6821981902468850e+00
968 1.2259882188221394e+02 1.6962096904691966e+00
969 1.2061847400264492e+02 1.6688106893021843e+00
970 1.2111553317834644e+02 1.6756877259459098e+00
971 1.2112817060126018e+02 1.6758625703602341e+00
972 1.1934837014473450e+02 1.6512382327433461e+00
973 1.2062428295764606e+02 1.6688910588001384e+00
974 1.1929777631012661e+02 1.6505382443484955e+00
975 1.1868899552708359e+02 1.6421154891562713e+00
976 1.1959521798898665e+02 1.6546534833882030e+00
977 1.1768471975344566e+02 1.6282208833762524e+00
978 1.1825473162846872e+02 1.6361072533368506e+00
979 1.1809338156495082e+02 1.6338749028371058e+00
980 1.1650523225022096e+02 1.6119021447289987e+00
981 1.1773487082769937e+02 1.6289147459830098e+00
982 1.1627175662395609e+02 1.6086719047178890e+00
983 1.1595112542473694e+02 1.6042358282627271e+00
984 1.1660418813640325e+02 1.6132712437994010e+00
985 1.1476720412957454e+02 1.5878557461153093e+00
986 1.1554512906060988e+02 1.5986186864618932e+00
987 1.1500798526875937e+02 1.5911870611744370e+00
988 1.1378003135630942e+02 1.5741977680167241e+00
989 1.1490411877165931e+02 1.5897500215994116e+00
990 1.1323118077129948e+02 1.5666041739950132e+00
991 1.1337115141854744e+02 1.5685407306812704e+00
992 1.1357446242612440e+02 1.5713536296629784e+00
993 1.1194255500970630e+02 1.5487754585910221e+00
994 1.1292328286103718e+02 1.5623442683038813e+00
995 1.1188254254195616e+02 1.5479451591820721e+00
996 1.1122601915299855e+02 1.5388618636228419e+00
997 1.1203643858956353e+02 1.5500743800283159e+00
998 1.1026127745677606e+02 1.5255142295362398e+00
999 1.1091790646660203e+02 1.5345989864075587e+00
1000 1.1046280985417941e+02 1.5283025206484293e+00
1001 1.0931071052006460e+02 1.5123627096053336e+00
1002 1.1027517390543838e+02 1.5257064931365116e+00
1003 1.0878448925402718e+02 1.5050822023616244e+00
1004 1.0885948747556908e+02 1.5061198363959021e+00
1005 1.0903476375605608e+02 1.5085448623537949e+00
1006 1.0749465632114666e+02 1.4872367852014157e+00
1007 1.0847935700415299e+02 1.5008605608224543e+00
1008 1.0730337525811605e+02 1.4845903258983444e+00
1009 1.0694014043405456e+02 1.4795648091843183e+00
1010 1.0745349093413546e+02 1.4866672436080437e+00
1011 1.0586961812861297e+02 1.4647536529229801e+00
1012 1.0658452939133618e+02 1.4746447709046986e+00
1013 1.0588749890049719e+02 1.4650010414221306e+00
1014 1.0505676281617897e+02 1.4535074350822852e+00
1015 1.0586018802069673e+02 1.4646231831502357e+00
1016 1.0426777047361274e+02 1.4425913721330621e+00
1017 1.0476413690157318e+02 1.4494588243010689e+00
1018 1.0438549268641779e+02 1.4442201117496243e+00
1019 1.0332813331347408e+02 1.4295910705634158e+00
1020 1.0416156061604869e+02 1.4411219111149409e+00
1021 1.0277119772627701e+02 1.4218856169100484e+00
1022 1.0292598593779842e+02 1.4240271812442087e+00
1023 1.0290964290058828e+02 1.4238010679940001e+00
1024 1.0161856209248313e+02 1.4059383859203443e+00
1025 1.0250653120296188e+02 1.4182238368480735e+00
1026 1.0123540928526087e+02 1.4006372949753980e+00
1027 1.0120112862817558e+02 1.4001630067085860e+00
1028 1.0134790864747174e+02 1.4021937741113641e+00
1029 1.0002457385108100e+02 1.3838848436427695e+00
1030 1.0080163416450304e+02 1.3946358216168631e+00
1031 9.9759222374670756e+01 1.3802135869474990e+00
1032 9.9476337742130198e+01 1.3762997511729504e+00
1033 9.9824910008989335e+01 1.3811224048314279e+00
1034 9.8415943646183877e+01 1.3616287232328246e+00
1035 9.9176274849573574e+01 1.3721482464660475e+00
1036 9.8223443664374742e+01 1.3589653996417259e+00
1037 9.7860258387033852e+01 1.3539405684288028e+00
1038 9.8239885301282456e+01 1.3591928770629758e+00
1039 9.6890005893024494e+01 1.3405166899830399e+00
1040 9.7528407905074189e+01 1.3493492681646970e+00
1041 9.6735239403824522e+01 1.3383754261869398e+00
1042 9.6238252612700578e+01 1.3314993910163122e+00
1043 9.6710481148165954e+01 1.3380328846149865e+00
1044 9.5331235861169517e+01 1.3189504074311114e+00
1045 9.5970266063092183e+01 1.3277916769014255e+00
1046 9.5188996458001483e+01 1.3169824614890862e+00
1047 9.4711811922493155e+01 1.3103803994068834e+00
1048 9.5136346943847826e+01 1.3162540318456779e+00
1049 9.3840100825434050e+01 1.2983198853870852e+00
1050 9.4397115392086889e+01 1.3060264317566479e+00
1051 9.3690569574583748e+01 1.2962510534617349e+00
1052 9.3173529273982325e+01 1.2890975689928073e+00
1053 9.3623850566502014e+01 1.2953279660591868e+00
1054 9.2313655909704607e+01 1.2772008353156641e+00
1055 9.2910319007809534e+01 1.2854559369015772e+00
1056 9.2141117203857135e+01 1.2748136849308043e+00
1057 9.1722434258001371e+01 1.2690210185813915e+00
1058 9.2072298831588327e+01 1.2738615518830918e+00
1059 9.0852976764678587e+01 1.2569916841801030e+00
1060 9.1406571089335401e+01 1.2646509099675562e+00
1061 9.0641934313753822e+01 1.2540718172118634e+00
1062 9.0258967793497945e+01 1.2487733036306532e+00
1063 9.0578291629178565e+01 1.2531912921248627e+00
1064 8.9364770954586746e+01 1.2364016892867136e+00
1065 8.9978991499502200e+01 1.2448997060243607e+00
1066 8.9100021573058186e+01 1.2327387628441910e+00
1067 8.8878864189953262e+01 1.2296789512523489e+00
1068 8.9043009894463751e+01 1.2319499806991661e+00
1069 8.7948837798890565e+01 1.2168116189836244e+00
1070 8.8526218461188108e+01 1.2247999394213160e+00
1071 8.7613387784153119e+01 1.2121705175690256e+00
1072 8.7487401998026883e+01 1.2104274477090720e+00
1073 8.7556548918975452e+01 1.2113841263751342e+00
1074 8.6519279042916040e+01 1.1970330323891405e+00
1075 8.7133272056918088e+01 1.2055279011345452e+00
1076 8.6096880826883734e+01 1.1911889636104107e+00
1077 8.6173592472280177e+01 1.1922503036322445e+00
1078 8.6025737332503141e+01 1.1902046614553856e+00
1079 8.5172481330072671e+01 1.1783994819475103e+00
1080 8.5700576234956884e+01 1.1857059118250550e+00
1081 8.4647842597450165e+01 1.1711408697634165e+00
1082 8.4842859789745617e+01 1.1738390200906477e+00
1083 8.4539241810636113e+01 1.1696383291667087e+00
1084 8.3826050555754378e+01 1.1597710082649588e+00
1085 8.4306484923203058e+01 1.1664180332297158e+00
1086 8.3190352111517399e+01 1.1509758351566324e+00
1087 8.3573292530983295e+01 1.1562739876217061e+00
1088 8.3015117709983187e+01 1.1485513886128353e+00
1089 8.2567973931103296e+01 1.1423649538728853e+00
1090 8.2856668767620008e+01 1.1463591764255174e+00
1091 8.1820954236176135e+01 1.1320296013299045e+00
1092 8.2266946378742404e+01 1.1382001026649078e+00
1093 8.1546624257501435e+01 1.1282341230286423e+00
1094 8.1311947194226022e+01 1.1249872605976066e+00
1095 8.1429643063212097e+01 1.1266156357356172e+00
1096 8.0468966146363655e+01 1.1133242396948466e+00
1097 8.0990634202852760e+01 1.1205417512421856e+00
1098 8.0067206053299742e+01 1.1077657086042825e+00
1099 8.0129738877209718e+01 1.1086308782711689e+00
1100 7.9945952043520606e+01 1.1060881049924531e+00
1101 7.9222558019319990e+01 1.0960796242008886e+00
1102 7.9647425652142175e+01 1.1019578584685235e+00
1103 7.8675596745269232e+01 1.0885121696437181e+00
1104 7.8923822679627577e+01 1.0919464867833144e+00
1105 7.8495621652302475e+01 1.0860221335075912e+00
1106 7.8003665190662545e+01 1.0792156952016483e+00
1107 7.8303958851797816e+01 1.0833703926953442e+00
1108 7.7314701317404854e+01 1.0696835709914692e+00
1109 7.7747289614028958e+01 1.0756686241057831e+00
1110 7.7023223003620856e+01 1.0656508377823601e+00
1111 7.6877545941950444e+01 1.0636353302930481e+00
1112 7.6882019288466523e+01 1.0636972210485456e+00
1113 7.6075408293193632e+01 1.0525373961365627e+00
1114 7.6497516039898642e+01 1.0583774461418640e+00
1115 7.5633022200882692e+01 1.0464167861242779e+00
1116 7.5744809691520700e+01 1.0479634161977347e+00
1117 7.5469239783634379e+01 1.0441507829196797e+00
1118 7.4888089921267778e+01 1.0361103139084185e+00
1119 7.5227332502305543e+01 1.0408038871788767e+00
1120 7.4284065653004390e+01 1.0277533672316286e+00
1121 7.4642320852065453e+01 1.0327099886002431e+00
1122 7.4023562665674518e+01 1.0241491915574967e+00
1123 7.3810376585535764e+01 1.0211996665175913e+00
1124 7.3859725229732732e+01 1.0218824271445965e+00
1125 7.3071348675603517e+01 1.0109748839046016e+00
1126 7.3459405354002726e+01 1.0163438221068335e+00
1127 7.2657952687300892e+01 1.0052553649843163e+00
1128 7.2737386193844003e+01 1.0063543631759615e+00
1129 7.2483060760274412e+01 1.0028356567289454e+00
1130 7.1931277170859701e+01 9.9520148327574287e-01
1131 7.2236062740829368e+01 9.9941832834293620e-01
1132 7.1348451482483924e+01 9.8713782845997999e-01
1133 7.1687027162372075e+01 9.9182217485390556e-01
1134 7.1072824162868571e+01 9.8332440086490258e-01
1135 7.0909079330061786e+01 9.8105891765791087e-01
1136 7.0901190171728700e+01 9.8094976761381758e-01
1137 7.0191409129859451e+01 9.7112962853869156e-01
1138 7.0540665659266764e+01 9.7596174927643797e-01
1139 6.9753435889316691e+01 9.6507007230993302e-01
1140 6.9888140609275368e+01 9.6693377253019586e-01
1141 6.9551967056912190e+01 9.6228266064801393e-01
1142 6.9121157092423871e+01 9.5632221155644082e-01
1143 6.9332282870227814e+01 9.5924323138942869e-01
1144 6.8514722610197296e+01 9.4793191848840752e-01
1145 6.8865558633319040e+01 9.5278589223014953e-01
1146 6.8187612640391436e+01 9.4340620533623010e-01
1147 6.8160632255856868e+01 9.4303291961457703e-01
1148 6.8008669429037681e+01 9.4093044574505291e-01
1149 6.7444391226699508e+01 9.3312340371779667e-01
1150 6.7720929825744662e+01 9.3694943927252505e-01
1151 6.6943311354277057e+01 9.2619073893151838e-01
1152 6.7174575937757467e+01 9.2939038817397746e-01
1153 6.6688123965045548e+01 9.2266010694130340e-01
1154 6.6459316239785025e+01 9.1949444943430070e-01
1155 6.6498450230491841e+01 9.2003588574865125e-01
1156 6.5810730553153121e+01 9.1052097554707523e-01
1157 6.6144042945035721e+01 9.1513250199068097e-01
1158 6.5396483087291685e+01 9.0478967605284732e-01
1159 6.5548092035372889e+01 9.0688725385130475e-01
1160 6.5181313362897171e+01 9.0181270640493172e-01
1161 6.4849061832725454e+01 8.9721585745892851e-01
1162 6.4965657739360068e+01 8.9882901412443617e-01
1163 6.4267750101034281e+01 8.8917314891295807e-01
1164 6.4557854576195723e+01 8.9318687444851075e-01
1165 6.3917612005392265e+01 8.8432883131094209e-01
1166 6.3938572913474047e+01 8.8461883487593163e-01
1167 6.3720021097738794e+01 8.8159507247733426e-01
1168 6.3269722088986668e+01 8.7536498371687421e-01
1169 6.3475520649990081e+01 8.7821229911598930e-01
1170 6.2747301326557626e+01 8.6813705814524189e-01
1171 6.3031077683515363e+01 8.7206323132707075e-01
1172 6.2441430555291184e+01 8.6390519883135808e-01
1173 6.2407060923689471e+01 8.6342967956220318e-01
1174 6.2248864901236821e+01 8.6124096663529048e-01
1175 6.1771801871544774e+01 8.5464058564055567e-01
1176 6.1980582864844713e+01 8.5752916432821535e-01
1177 6.1295511757020321e+01 8.4805089827384317e-01
1178 6.1516081654372137e+01 8.5110258173678377e-01
1179 6.1017688915237187e+01 8.4420709464480848e-01
1180 6.0899767639754089e+01 8.4257560090680916e-01
1181 6.0824288769826801e+01 8.4153131688653260e-01
1182 6.0296453115275050e+01 8.3422847385361987e-01
1183 6.0540524670100133e+01 8.3760531328899335e-01
1184 5.9853966865368690e+01 8.2810647811607818e-01
1185 6.0069761174381561e+01 8.3109208917233612e-01
1186 5.9592773897064383e+01 8.2449275624568519e-01
1187 5.9467877876491499e+01 8.2276476378095909e-01
1188 5.9397547311847845e+01 8.2179170887347108e-01
1189 5.8891162218921821e+01 8.1478564398195452e-01
1190 5.9107892029462107e+01 8.1778419812144842e-01
1191 5.8470543438618172e+01 8.0896619449466800e-01
1192 5.8642420612778359e+01 8.1134419229191490e-01
1193 5.8217311983842357e+01 8.0546262373495037e-01
1194 5.8059178899654853e+01 8.0327478158716592e-01
1195 5.8021135244347356e+01 8.0274843055211731e-01
1196 5.7503679077898482e+01 7.9558919239266035e-01
1197 5.7734365635470070e+01 7.9878084438740649e-01
1198 5.7095293952751184e+01 7.8993900101167103e-01
1199 5.7283171205029454e+01 7.9253836706625924e-01
1200 5.6843892657206347e+01 7.8646075132580251e-01
1201 5.6720740116825610e+01 7.8475688069154470e-01
1202 5.6648501013933149e+01 7.8375742030134032e-01
1203 5.6180852661390254e+01 7.7728729558776599e-01
1204 5.6372420843203606e+01 7.7993772730797906e-01
1205 5.5776042565656660e+01 7.7168656634223720e-01
1206 5.5943357435984424e+01 7.7400144261961457e-01
1207 5.5520834301757624e+01 7.6815564554163396e-01
1208 5.5404392077874512e+01 7.6654461514592531e-01
1209 5.5326893831248803e+01 7.6547239214326712e-01
1210 5.4876663791487566e+01 7.5924325759973099e-01
1211 5.5067251260632489e+01 7.6188012072029343e-01
1212 5.4469001537862724e+01 7.5360306747048722e-01
1213 5.4666764953582529e+01 7.5633921303056861e-01
1214 5.4205013042353222e+01 7.4995066822732159e-01
1215 5.4154174890903619e+01 7.4924729959938152e-01
1216 5.4011937065638229e+01 7.4727937548834711e-01
1217 5.3636573254911028e+01 7.4208604880353912e-01
1218 5.3772586123434607e+01 7.4396784784594638e-01
1219 5.3220727567667559e+01 7.3633263719963427e-01
1220 5.3406570984761558e+01 7.3890386423220400e-01
1221 5.2942397876465236e+01 7.3248182108154591e-01
1222 5.2925076906349986e+01 7.3224217769095901e-01
1223 5.2747147627013860e+01 7.2978044630402861e-01
1224 5.2418861076065731e+01 7.2523845462401137e-01
1225 5.2528977205959166e+01 7.2676196067190524e-01
1226 5.1992219418375704e+01 7.1933567592661962e-01
1227 5.2201799729019534e+01 7.2223531352825288e-01
1228 5.1694469990879597e+01 7.1521617904649648e-01
1229 5.1756968496438645e+01 7.1608087390360486e-01
1230 5.1492062286521815e+01 7.1241577766998776e-01
1231 5.1265824777529545e+01 7.0928568025788552e-01
1232 5.1293022499893340e+01 7.0966197294588929e-01
1233 5.0827947399737958e+01 7.0322745033328715e-01
1234 5.1007379148069731e+01 7.0570996905268069e-01
1235 5.0505928621100210e+01 6.9877217609449249e-01
1236 5.0605949931316367e+01 7.0015601578428222e-01
1237 5.0289063795437393e+01 6.9577175396021951e-01
1238 5.0137238323181116e+01 6.9367118045268150e-01
1239 5.0103198349433598e+01 6.9320022214780208e-01
1240 4.9691842503652033e+01 6.8750892951436882e-01
1241 4.9858436720993858e+01 6.8981383523444839e-01
1242 4.9343066469958352e+01 6.8268345665033914e-01
1243 4.9506348065814180e+01 6.8494253076633693e-01
1244 4.9103766486497470e+01 6.7937263404500092e-01
1245 4.9069581299057717e+01 6.7889966664355617e-01
1246 4.8921777940093513e+01 6.7685474087746811e-01
1247 4.8624064968981052e+01 6.7273574838776462e-01
1248 4.8713231756073434e+01 6.7396941088151530e-01
1249 4.8248968977509065e+01 6.6754612710247851e-01
1250 4.8414464122500206e+01 6.6983582666361519e-01
1251 4.7979486955066179e+01 6.6381772245015647e-01
1252 4.8020945401977670e+01 6.6439131865869616e-01
1253 4.7788930570643835e+01 6.6118128940067333e-01
1254 4.7587604329616525e+01 6.5839585055441474e-01
1255 4.7606581408856137e+01 6.5865840695755828e-01
1256 4.7192132707626016e+01 6.5292432328174366e-01
1257 4.7360367092559031e+01 6.5525192145611821e-01
1258 4.6888027877368202e+01 6.4871689655379872e-01
1259 4.7020085126888397e+01 6.5054396783306490e-01
1260 4.6675727293364950e+01 6.4577962275010303e-01
1261 4.6614181584128438e+01 6.4492811025747832e-01
1262 4.6504833794972591e+01 6.4341523454831595e-01
1263 4.6209851536554638e+01 6.3933402269355821e-01
1264 4.6304156857030208e+01 6.4063877910147171e-01
1265 4.5871767568677697e+01 6.3465647935585723e-01
1266 4.6023280279923213e+01 6.3675272567452745e-01
1267 4.5626106523980447e+01 6.3125764861516220e-01
1268 4.5661513609516959e+01 6.3174752152483826e-01
1269 4.5448338495138188e+01 6.2879814820114077e-01
1270 4.5266205798592345e+01 6.2627826065173875e-01
1271 4.5278526836249441e+01 6.2644872773412785e-01
1272 4.4902970965132603e+01 6.2125274380768358e-01
1273 4.5055445650160465e+01 6.2336229946511046e-01
1274 4.4618269138364909e+01 6.1731376633592938e-01
1275 4.4751212124623166e+01 6.1915309218024961e-01
1276 4.4415670108115357e+01 6.1451071787989198e-01
1277 4.4386057941372194e+01 6.1410102027093938e-01
1278 4.4255969482732240e+01 6.1230118809657086e-01
1279 4.4014627818461868e+01 6.0896211792147026e-01
1280 4.4079390495627742e+01 6.0985813860831684e-01
1281 4.3693987090318537e+01 6.0452590962936825e-01
1282 4.3838501427537466e+01 6.0652533030437261e-01
1283 4.3453253763168163e+01 6.0119525607118263e-01
1284 4.3524061407115582e+01 6.0217491158482450e-01
1285 4.3280107030449294e+01 5.9879969336183625e-01
1286 4.3168664181119013e+01 5.9725783155545509e-01
1287 4.3128785610174148e+01 5.9670609363954152e-01
1288 4.2826869553798133e+01 5.9252894957999058e-01
1289 4.2944783174967199e+01 5.9416033741712193e-01
1290 4.2545175641742048e+01 5.8863158795742321e-01
1291 4.2693947595291192e+01 5.9068991466404142e-01
1292 4.2338848772295435e+01 5.8577696317403216e-01
1293 4.2380219088858126e+01 5.8634934005966677e-01
1294 4.2185875839562314e+01 5.8366051403612196e-01
1295 4.2041928713212904e+01 5.8166894097791066e-01
1296 4.2039268955506401e+01 5.8163214203704972e-01
1297 4.1729894658862875e+01 5.7735180987812407e-01
1298 4.1851513141512172e+01 5.7903445613559046e-01
1299 4.1480963526738257e+01 5.7390773601112632e-01
1300 4.1599146129334002e+01 5.7554284532694311e-01
1301 4.1300738523294434e+01 5.7141424225145576e-01
1302 4.1294234584171832e+01 5.7132425733645731e-01
1303 4.1162312873992200e+01 5.6949906130476180e-01
1304 4.0976555519152640e+01 5.6692902498208408e-01
1305 4.1020378354899314e+01 5.6753533357066710e-01
1306 4.0692009132949835e+01 5.6299219810026557e-01
1307 4.0834045862634248e+01 5.6495733996373887e-01
1308 4.0469881614198442e+01 5.5991896424661580e-01
1309 4.0587305072006359e+01 5.6154357045379077e-01
1310 4.0309883679225159e+01 5.5770532105176129e-01
1311 4.0296297664774229e+01 5.5751735244804457e-01
1312 4.0183555614035534e+01 5.5595751560744200e-01
1313 3.9999780271913970e+01 5.5341490131971760e-01
1314 4.0048535791516741e+01 5.5408945580192581e-01
1315 3.9739002139499782e+01 5.4980691888993238e-01
1316 3.9869240712276969e+01 5.5160882796072086e-01
1317 3.9538132005110562e+01 5.4702779048359096e-01
1318 3.9634094803210054e+01 5.4835547883786639e-01
1319 3.9394076492726242e+01 5.4503471785597191e-01
1320 3.9360397334715607e+01 5.4456875159865037e-01
1321 3.9279003069400545e+01 5.4344262542992861e-01
1322 3.9084618410828085e+01 5.4075322649046786e-01
1323 3.9153803031486419e+01 5.4171042674892422e-01
1324 3.8844162849445631e+01 5.3742641594626883e-01
1325 3.8986598119714692e+01 5.3939707179748986e-01
1326 3.8660266031703472e+01 5.3488212098884769e-01
1327 3.8767683455119240e+01 5.3636828922216162e-01
1328 3.8529391918010134e+01 5.3307141892442256e-01
1329 3.8513401487024758e+01 5.3285018413948937e-01
1330 3.8425775485233729e+01 5.3163783910147744e-01
1331 3.8257297840412143e+01 5.2930687531743426e-01
1332 3.8313491911258119e+01 5.3008434549253458e-01
1333 3.8033870452620747e+01 5.2621565719258079e-01
1334 3.8162940097095380e+01 5.2800139361599940e-01
1335 3.7863256226854368e+01 5.2385513285283736e-01
1336 3.7964308846896408e+01 5.2525324117664562e-01
1337 3.7743276968024752e+01 5.2219516599216365e-01
1338 3.7731464846066451e+01 5.2203173998673336e-01
1339 3.7651255192983804e+01 5.2092200345958573e-01
1340 3.7494601564006558e+01 5.1875463023822110e-01
1341 3.7554351186616032e+01 5.1958129306675493e-01
1342 3.7285982915925949e+01 5.1586829766948816e-01
1343 3.7424170310671258e+01 5.1778018225752187e-01
1344 3.7125960426019574e+01 5.1365431474612067e-01
1345 3.7249307418409586e+01 5.1536087571114508e-01
1346 3.7015054934881285e+01 5.1211988753134896e-01
1347 3.7039936509673090e+01 5.1246413527882362e-01
1348 3.6934536303717849e+01 5.1100587615386650e-01
1349 3.6822422746725131e+01 5.0945473480614034e-01
1350 3.6854773368759545e+01 5.0990232017233739e-01
1351 3.6627120782909167e+01 5.0675264453719326e-01
1352 3.6748016540040716e+01 5.0842529156295468e-01
1353 3.6475447545624277e+01 5.0465417726876693e-01
1354 3.6600315395987572e+01 5.0638177998600808e-01
1355 3.6371609183978762e+01 5.0321752696037492e-01
1356 3.6417192445532713e+01 5.0384819182961238e-01
1357 3.6301625395456732e+01 5.0224926985607043e-01
1358 3.6220529624562268e+01 5.0112727349154251e-01
1359 3.6239506889900454e+01 5.0138983246944324e-01
1360 3.6038577276974458e+01 4.9860988115086746e-01
1361 3.6158139629864564e+01 5.0026407993087152e-01
1362 3.5894076016891475e+01 4.9661064140390443e-01
1363 3.6040586657961697e+01 4.9863768183810142e-01
1364 3.5795510606077016e+01 4.9524694473535746e-01
1365 3.5886957078130287e+01 4.9651214769305796e-01
1366 3.5734416677951664e+01 4.9440168283704483e-01
1367 3.5713789528177742e+01 4.9411629696794651e-01
1368 3.5689219800152379e+01 4.9377636376035944e-01
1369 3.5546541977690794e+01 4.9180235209076206e-01
1370 3.5634033631474686e+01 4.9301283836383564e-01
1371 3.5408971275966096e+01 4.8989899972727630e-01
1372 3.5549124808846258e+01 4.9183808671828527e-01
1373 3.5314003410967771e+01 4.8858507671871682e-01
1374 3.5428804989918454e+01 4.9017340805590043e-01
1375 3.5259317381882155e+01 4.8782847097777893e-01
1376 3.5283341060680044e+01 4.8816084934938225e-01
1377 3.5228755920572382e+01 4.8740563945270654e-01
1378 3.5134218325327708e+01 4.8609766941917937e-01
1379 3.5198803943815705e+01 4.8699124041980069e-01
1380 3.5005207839205454e+01 4.8431275147810038e-01
1381 3.5147800089271080e+01 4.8628557921521759e-01
1382 3.4913224075515032e+01 4.8304011484960635e-01
1383 3.5064395334066916e+01 4.8513163701710710e-01
1384 3.4862385456030616e+01 4.8233673974619473e-01
1385 3.4951786966377036e+01 4.8357364974144634e-01
1386 3.4843002873732281e+01 4.8206857302635187e-01
1387 3.4825993605754014e+01 4.8183324217463913e-01
1388 3.4835510697754891e+01 4.8196491541120973e-01
1389 3.4709176813631821e+01 4.8021702945933620e-01
1390 3.4817916812598618e+01 4.8172149611861859e-01
1391 3.4621085382265662e+01 4.7899824499439136e-01
1392 3.4774140705304454e+01 4.8111583403913533e-01
1393 3.4572010315581622e+01 4.7831926943498621e-01
1394 3.4700040324644277e+01 4.8009062203616842e-01
1395 3.4559523506204371e+01 4.7814650882649451e-01
1396 3.4604680768130223e+01 4.7877127979980189e-01
1397 3.4569748270288919e+01 4.7828797302375764e-01
1398 3.4506460415852978e+01 4.7741235717088770e-01
1399 3.4582562427537880e+01 4.7846526263688105e-01
1400 3.4425963216622321e+01 4.7629864231380814e-01
1401 3.4578985162154638e+01 4.7841576956577908e-01
1402 3.4378527026273794e+01 4.7564234134359640e-01
1403 3.4548137504131375e+01 4.7798897838080662e-01
1404 3.4369150109673278e+01 4.7551260749656321e-01
1405 3.4491109725215722e+01 4.7719997348061599e-01
1406 3.4391161444356229e+01 4.7581714418473181e-01
1407 3.4420231959376430e+01 4.7621934779914804e-01
1408 3.4428823002954523e+01 4.7633820874042532e-01
1409 3.4354220380734944e+01 4.7530604800021170e-01
1410 3.4462956735891687e+01 4.7681046424574763e-01
1411 3.4311335482868444e+01 4.7471271620289779e-01
1412 3.4477759966100855e+01 4.7701527357544216e-01
1413 3.4303171352724206e+01 4.7459976180046309e-01
1414 3.4466406093148962e+01 4.7685818765055571e-01
1415 3.4331055622467410e+01 4.7498555317940078e-01
1416 3.4433313148560288e+01 4.7640033191886361e-01
1417 3.4385946885542161e+01 4.7574499842463275e-01
1418 3.4392265083363526e+01 4.7583241352541727e-01
1419 3.4451683544003089e+01 4.7665449457956005e-01
1420 3.4361299327451270e+01 4.7540398840317971e-01
1421 3.4510547967739228e+01 4.7746891028463956e-01
1422 3.4356456009982551e+01 4.7533697893360788e-01
1423 3.4549358966674937e+01 4.7800587786296417e-01
1424 3.4386595365822835e+01 4.7575397044018125e-01
1425 3.4563958276491071e+01 4.7820786586255587e-01
1426 3.4450771855399964e+01 4.7664188095881255e-01
1427 3.4560393484252529e+01 4.7815854536300545e-01
1428 3.4538661695841093e+01 4.7785787632288923e-01
1429 3.4552283140088228e+01 4.7804633511372796e-01
1430 3.4633553294185461e+01 4.7917074414808308e-01
1431 3.4555091010272356e+01 4.7808518325715038e-01
1432 3.4716335406016775e+01 4.8031607179585345e-01
1433 3.4578417746421131e+01 4.7840791911460079e-01
1434 3.4767649359040412e+01 4.8102602335198341e-01
1435 3.4616513355502121e+01 4.7893498895340875e-01
1436 3.4764204553220864e+01 4.8097836291835772e-01
1437 3.4635592060336556e+01 4.7919895139223923e-01
1438 3.4665272189919165e+01 4.7960958929755915e-01
1439 3.4556289748310476e+01 4.7810176833558243e-01
1440 3.4389146605338823e+01 4.7578926798320237e-01
1441 3.4235175629698318e+01 4.7365901047401249e-01
1442 3.3791464923422026e+01 4.6752007383338262e-01
1443 3.3465894848160907e+01 4.6301566581292669e-01
1444 3.2679664085044685e+01 4.5213781055405650e-01
1445 3.2042508551711393e+01 4.4332247796452867e-01
1446 3.0911446252016422e+01 4.2767372372845458e-01
1447 2.9915138699032177e+01 4.1388936185519670e-01
1448 2.8575041522991967e+01 3.9534851634565615e-01
1449 2.7368862328473700e+01 3.7866048617722736e-01
1450 2.6120167122467151e+01 3.6138422791998537e-01
1451 2.5043732201746028e+01 3.4649126797424629e-01
1452 2.4263141728987389e+01 3.3569144866233475e-01
1453 2.3697148598201512e+01 3.2786067983080097e-01
1454 2.3667317718249834e+01 3.2744795622650830e-01
1455 2.3822850038358059e+01 3.2959981563672508e-01
1456 2.4532566808253748e+01 3.3941906548026873e-01
1457 2.5224353550087169e+01 3.4899024534334533e-01
1458 2.6152037569355095e+01 3.6182516984765617e-01
1459 2.6668986105914346e+01 3.6897738471990105e-01
1460 2.6908450612945064e+01 3.7229048358262234e-01
1461 2.6559073914610320e+01 3.6745670025386507e-01
1462 2.5825771620951240e+01 3.5731113411014775e-01
1463 2.4981783258962889e+01 3.4563417656464013e-01
1464 2.4163097381068042e+01 3.3430729023558819e-01
1465 2.3871136157904392e+01 3.3026787575861050e-01
1466 2.3849596930136105e+01 3.2996987088136226e-01
1467 2.4457746787370539e+01 3.3838389693203313e-01
1468 2.5001203805950798e+01 3.4590286854299168e-01
1469 2.5616857292820608e+01 3.5442071067530029e-01
1470 2.5572161704477512e+01 3.5380232716308663e-01
1471 2.5186331642341550e+01 3.4846419519556976e-01
1472 2.4386224035836115e+01 3.3739434758417508e-01
1473 2.3712809026890760e+01 3.2807734888595003e-01
1474 2.3429187827797278e+01 3.2415332238276673e-01
1475 2.3568634124775265e+01 3.2608262444784980e-01
1476 2.4172551408384148e+01 3.3443809094395838e-01
1477 2.4589987740045050e+01 3.4021350982683635e-01
1478 2.4820593974532912e+01 3.4340405051569162e-01
1479 2.4306247769339151e+01 3.3628784006512219e-01
1480 2.3717368314545684e+01 3.2814042867565102e-01
1481 2.3052744519116381e+01 3.1894506035957787e-01
1482 2.2994726919283234e+01 3.1814236084302550e-01
1483 2.3280871185618143e+01 3.2210129511317515e-01
1484 2.3812903928731952e+01 3.2946220674888044e-01
1485 2.4066555857107335e+01 3.3297159494944473e-01
1486 2.3759773019119894e+01 3.2872711678338307e-01
1487 2.3191353821753498e+01 3.2086278223253467e-01
1488 2.2565551824722728e+01 3.1220453091019823e-01
1489 2.2554514755865100e+01 3.1205182811205334e-01
1490 2.2792420339713335e+01 3.1534335857331508e-01
1491 2.3348156936289467e+01 3.2303222365365364e-01
1492 2.3337309027703132e+01 3.2288213797270687e-01
1493 2.3017618697129780e+01 3.1845907885727104e-01
1494 2.2336152637709059e+01 3.0903069026455016e-01
1495 2.2049276992715228e+01 3.0506163704260619e-01
1496 2.2182151610153230e+01 3.0690001697363245e-01
1497 2.2603659142879529e+01 3.1273176274932196e-01
1498 2.2855801672869955e+01 3.1622026774621398e-01
1499 2.2518077203669691e+01 3.1154769823395212e-01
1500 2.2017531004156744e+01 3.0462241705174725e-01
1501 2.1556190169782440e+01 2.9823955968117111e-01
1502 2.1755003011732700e+01 3.0099022452385404e-01
1503 2.2053031717570377e+01 3.0511358534509858e-01
1504 2.2339956066372178e+01 3.0908331240607112e-01
1505 2.1958410001787207e+01 3.0380445146619039e-01
1506 2.1475313582576717e+01 2.9712059582128814e-01
1507 2.1143525072854192e+01 2.9253015297087992e-01
1508 2.1341428190844351e+01 2.9526823137453279e-01
1509 2.1716539250619505e+01 3.0045806113655188e-01
1510 2.1732284921218184e+01 3.0067590955175177e-01
1511 2.1371568357785506e+01 2.9568523410305059e-01
1512 2.0820375057488732e+01 2.8805922756455932e-01
1513 2.0816725653142335e+01 2.8800873641854535e-01
1514 2.1029264263556804e+01 2.9094930342440317e-01
1515 2.1371644204868375e+01 2.9568628348146203e-01
1516 2.1066243654447760e+01 2.9146092988389027e-01
1517 2.0653008426710169e+01 2.8574363515812884e-01
1518 2.0320901439383416e+01 2.8114878602721810e-01
1519 2.0554417592470131e+01 2.8437958674508568e-01
1520 2.0834654033105110e+01 2.8825678359681667e-01
1521 2.0773390648530302e+01 2.8740917719251885e-01
1522 2.0342698586642644e+01 2.8145035933630919e-01
1523 1.9960037200101933e+01 2.7615606741691112e-01
1524 2.0115680277709355e+01 2.7830945920680772e-01
1525 2.0349931074838132e+01 2.8155042405450997e-01
1526 2.0433851512453888e+01 2.8271150095008585e-01
1527 1.9938952675621973e+01 2.7586435356360667e-01
1528 1.9664807981635519e+01 2.7207143875911299e-01
1529 1.9656128692272119e+01 2.7195135689781474e-01
1530 2.0013823070317450e+01 2.7690021905612938e-01
1531 1.9962579602594264e+01 2.7619124269574624e-01
1532 1.9596947157173734e+01 2.7113255381480333e-01
1533 1.9256201163332076e+01 2.6641818015387153e-01
1534 1.9337693776555582e+01 2.6754566701001908e-01
1535 1.9639949634777071e+01 2.7172751238051485e-01
1536 1.9531763343855332e+01 2.7023070652039266e-01
1537 1.9188424709585455e+01 2.6548046251624935e-01
1538 1.8853852485233869e+01 2.6085150572535765e-01
1539 1.9090677307744905e+01 2.6412808336876115e-01
1540 1.9229734510602505e+01 2.6605200214216673e-01
1541 1.9149504725756561e+01 2.6494198708304412e-01
1542 1.8668560674133047e+01 2.5828791040911753e-01
1543 1.8589821783815079e+01 2.5719852254450620e-01
1544 1.8766836246903097e+01 2.5964759703831791e-01
1545 1.8916776295948313e+01 2.6172208487005477e-01
1546 1.8619861638154365e+01 2.5761413740318351e-01
1547 1.8260448334195324e+01 2.5264149313385614e-01
1548 1.8312319256966894e+01 2.5335915061626857e-01
1549 1.8504756815830877e+01 2.5602161055792222e-01
1550 1.8513007979394029e+01 2.5613576910674501e-01
1551 1.8072422570943768e+01 2.5004007236334036e-01
1552 1.7947500101605424e+01 2.4831171396808094e-01
1553 1.8048291446256638e+01 2.4970620742966623e-01
1554 1.8258823422932899e+01 2.5261901175771267e-01
1555 1.7942114502444888e+01 2.4823720178807107e-01
1556 1.7663509175083316e+01 2.4438257212008729e-01
1557 1.7648854352448154e+01 2.4417981607574496e-01
1558 1.7884852674730542e+01 2.4744495871777170e-01
1559 1.7795017569875640e+01 2.4620204974801341e-01
1560 1.7426509466175620e+01 2.4110357484494355e-01
1561 1.7325333998312015e+01 2.3970376686642253e-01
1562 1.7472814682802600e+01 2.4174422828643763e-01
1563 1.7586029533471130e+01 2.4331060652613620e-01
1564 1.7215762585943356e+01 2.3818779722980826e-01
1565 1.7045449840291287e+01 2.3583144400267039e-01
1566 1.7092096368755204e+01 2.3647681964651843e-01
1567 1.7304719291892930e+01 2.3941855315671964e-01
1568 1.7021056320784812e+01 2.3549394871897766e-01
1569 1.6774577358994602e+01 2.3208380172843801e-01
1570 1.6767837157075792e+01 2.3199054801168215e-01
1571 1.6973550717474289e+01 2.3483668738930266e-01
1572 1.6827610801752655e+01 2.3281754319629303e-01
1573 1.6502919466071532e+01 2.2832529293207082e-01
1574 1.6484778734639615e+01 2.2807430777597706e-01
1575 1.6633527349561849e+01 2.3013231158222383e-01
1576 1.6613532493147243e+01 2.2985567377535665e-01
1577 1.6241330373595826e+01 2.2470609050609133e-01
1578 1.6211664368106678e+01 2.2429564801393959e-01
1579 1.6320712223322875e+01 2.2580437400251638e-01
1580 1.6362722858979669e+01 2.2638560999002275e-01
1581 1.6000355637650138e+01 2.2137209694894255e-01
1582 1.5928074730754062e+01 2.2037205818159766e-01
1583 1.6048023347473958e+01 2.2203160109493930e-01
1584 1.6078531611477818e+01 2.2245369661142361e-01
1585 1.5774543396057499e+01 2.1824788330206107e-01
1586 1.5637196409658680e+01 2.1634762614045275e-01
1587 1.5803206448098912e+01 2.1864444948340478e-01
1588 1.5782777772264554e+01 2.1836180959028262e-01
1589 1.5543758938849260e+01 2.1505487682193045e-01
1590 1.5358326312253997e+01 2.1248933326016420e-01
1591 1.5562470437629237e+01 2.1531375880029310e-01
1592 1.5499842253001864e+01 2.1444726977510897e-01
1593 1.5288310954870205e+01 2.1152063938649754e-01
1594 1.5108575853374687e+01 2.0903392364001944e-01
1595 1.5309577977658725e+01 2.1181487818575756e-01
1596 1.5239414078806982e+01 2.1084412917425591e-01
1597 1.5004740607577023e+01 2.0759731644078014e-01
1598 1.4889469192261616e+01 2.0600248470675300e-01
1599 1.5046470750891736e+01 2.0817467169092346e-01
1600 1.4990867876516635e+01 2.0740538098416936e-01
1601 1.4709212291507678e+01 2.0350854963349002e-01
1602 1.4687131442846569e+01 2.0320305118825424e-01
1603 1.4787942453325746e+01 2.0459781673539021e-01
1604 1.4732243877565429e+01 2.0382720195704632e-01
1605 1.4426553477288255e+01 1.9959783815670160e-01
1606 1.4483869701408249e+01 2.0039083382567172e-01
1607 1.4546109112268004e+01 2.0125194399140267e-01
1608 1.4447104875010531e+01 1.9988217596218802e-01
1609 1.4174917059173902e+01 1.9611633544462334e-01
1610 1.4271207810282645e+01 1.9744856117587975e-01
1611 1.4317831313848675e+01 1.9809361825993807e-01
1612 1.4137526838233308e+01 1.9559902496712828e-01
1613 1.3957325528141814e+01 1.9310585901561453e-01
1614 1.4053493696404326e+01 1.9443638875821076e-01
1615 1.4084372035854692e+01 1.9486360443448886e-01
1616 1.3824419207963944e+01 1.9126704046296242e-01
1617 1.3763855671123197e+01 1.9042911676597080e-01
1618 1.3839234849547516e+01 1.9147202150958878e-01
1619 1.3823643749760397e+01 1.9125631165089704e-01
1620 1.3536167553109879e+01 1.8727894952741503e-01
1621 1.3580318177862173e+01 1.8788979322391530e-01
1622 1.3628370691362992e+01 1.8855462130138084e-01
1623 1.3527424400586236e+01 1.8715798409065004e-01
1624 1.3294140746465148e+01 1.8393040010025560e-01
1625 1.3395429310302816e+01 1.8533177281230517e-01
1626 1.3407356135049232e+01 1.8549678578225717e-01
1627 1.3211925183967164e+01 1.8279291091662841e-01
1628 1.3102766678443601e+01 1.8128265403141877e-01
1629 1.3200927086825278e+01 1.8264074730965091e-01
1630 1.3157856303244881e+01 1.8204484370010920e-01
1631 1.2913259071997929e+01 1.7866073129565549e-01
1632 1.2946786367552527e+01 1.7912459646778225e-01
1633 1.2987479865618299e+01 1.7968760926593597e-01
1634 1.2874348140109264e+01 1.7812238110010342e-01
1635 1.2668726019344090e+01 1.7527750683082374e-01
1636 1.2795216636936210e+01 1.7702756126054181e-01
1637 1.2745646067927352e+01 1.7634173020422320e-01
1638 1.2577177843498630e+01 1.7401089675554066e-01
1639 1.2493370224431438e+01 1.7285138075518711e-01
1640 1.2611752574642820e+01 1.7448925366885981e-01
1641 1.2476098571276886e+01 1.7261241968687177e-01
1642 1.2307096530506101e+01 1.7027420064966206e-01
1643 1.2364281025402688e+01 1.7106537378574135e-01
1644 1.2371979156615591e+01 1.7117188088394475e-01
1645 1.2199777458464698e+01 1.6878939315172642e-01
1646 1.2098972968586406e+01 1.6739471782002838e-01
1647 1.2225095286102112e+01 1.6913967665299420e-01
1648 1.2083176331048390e+01 1.6717616425436235e-01
1649 1.1952628966367977e+01 1.6536998290908911e-01
1650 1.1950293147388551e+01 1.6533766580581474e-01
1651 1.2018436373034683e+01 1.6628045789717633e-01
1652 1.1790839142387510e+01 1.6313154812609723e-01
1653 1.1760525226727154e+01 1.6271214150611713e-01
1654 1.1811343570032088e+01 1.6341523607949104e-01
1655 1.1733342797488424e+01 1.6233606040535806e-01
1656 1.1554368180856725e+01 1.5985986630807417e-01
1657 1.1609879047237811e+01 1.6062788404296238e-01
1658 1.1618404312920447e+01 1.6074583491755237e-01
1659 1.1426347359355242e+01 1.5808864082092172e-01
1660 1.1399243792690257e+01 1.5771365081924293e-01
1661 1.1445010841234536e+01 1.5834685846392621e-01
1662 1.1355251097213376e+01 1.5710499214510465e-01
1663 1.1181681755998033e+01 1.5470358245765536e-01
1664 1.1282562595707361e+01 1.5609931412351125e-01
1665 1.1215272060690765e+01 1.5516831938946996e-01
1666 1.1079271638407180e+01 1.5328669254637559e-01
1667 1.1033593436070520e+01 1.5265471412882525e-01
1668 1.1116075610041028e+01 1.5379589200175911e-01
1669 1.0939589863080789e+01 1.5135413253272231e-01
1670 1.0867032971769948e+01 1.5035027539721077e-01
1671 1.0922548292181578e+01 1.5111835475560931e-01
1672 1.0853888736234575e+01 1.5016841900294356e-01
1673 1.0701617802419708e+01 1.4806168233493774e-01
1674 1.0726182901363552e+01 1.4840155149710568e-01
1675 1.0747222489492264e+01 1.4869264363583512e-01
1676 1.0559362635354526e+01 1.4609351829232486e-01
1677 1.0554970745004656e+01 1.4603275451942266e-01
1678 1.0575207595139839e+01 1.4631274041795642e-01
1679 1.0485211137817913e+01 1.4506759906444480e-01
1680 1.0343899004088600e+01 1.4311248231101609e-01
1681 1.0443452923214087e+01 1.4448985543542567e-01
1682 1.0343097821865333e+01 1.4310139759559981e-01
1683 1.0229813548499127e+01 1.4153405886174042e-01
1684 1.0228639907312226e+01 1.4151782100950178e-01
1685 1.0253768195354400e+01 1.4186548214545450e-01
1686 1.0081016941688748e+01 1.3947539106619519e-01
1687 1.0064955416703777e+01 1.3925317266388954e-01
1688 1.0105548199869542e+01 1.3981479202622760e-01
1689 9.9739052312716669e+00 1.3799345250934075e-01
1690 9.9003559529658691e+00 1.3697586525463476e-01
1691 9.9400285324012607e+00 1.3752475318562052e-01
1692 9.8823926159811890e+00 1.3672733443028595e-01
1693 9.7290184776774602e+00 1.3460533443335215e-01
1694 9.7998284507619609e+00 1.3558502217165019e-01
1695 9.7394007542728236e+00 1.3474897788685211e-01
1696 9.6283905548428379e+00 1.3321310198589961e-01
1697 9.5985485637837851e+00 1.3280022465445271e-01
1698 9.6467962560143565e+00 1.3346775311718864e-01
1699 9.4793852717300382e+00 1.3115154706011198e-01
1700 9.4623932824510621e+00 1.3091645526695397e-01
1701 9.4860598525075979e+00 1.3124389287894533e-01
1702 9.3864852043565108e+00 1.2986623295916891e-01
1703 9.2961959566730155e+00 1.2861704071967858e-01
1704 9.3460982355304925e+00 1.2930746113053596e-01
1705 9.2750466368474953e+00 1.2832443039370542e-01
1706 9.1495411304809853e+00 1.2658800541964943e-01
1707 9.2047746611800694e+00 1.2735218609098267e-01
1708 9.1448631126546243e+00 1.2652328294477211e-01
1709 9.0406918893588166e+00 1.2508202734614868e-01
1710 9.0254276693187663e+00 1.2487084001537430e-01
1711 9.0538176826840129e+00 1.2526362858416615e-01
1712 8.8894029775069505e+00 1.2298887739247115e-01
1713 8.9050928850909852e+00 1.2320595430135184e-01
1714 8.8973479379395215e+00 1.2309879948363991e-01
1715 8.8028611960486955e+00 1.2179153302907270e-01
1716 8.7328211421146626e+00 1.2082249746755620e-01
1717 8.7888978742669970e+00 1.2159834420919960e-01
1718 8.6718090855951306e+00 1.1997836829963229e-01
1719 8.6068508095635750e+00 1.1907964141474628e-01
1720 8.6450851871252077e+00 1.1960863117772627e-01
1721 8.5632285704780262e+00 1.1847610817094431e-01
1722 8.4766398305943866e+00 1.1727811411666822e-01
1723 8.4996289193930750e+00 1.1759617847158392e-01
1724 8.4635164294347671e+00 1.1709654597533446e-01
1725 8.3326176034000703e+00 1.1528550200458236e-01
1726 8.3832282023284517e+00 1.1598572234132627e-01
1727 8.3253306671317109e+00 1.1518468397287161e-01
1728 8.2366040127724656e+00 1.1395711091289837e-01
1729 8.2201282784597201e+00 1.1372916173875602e-01
1730 8.2358434692612921e+00 1.1394658845229173e-01
1731 8.0932725101946748e+00 1.1197405528569557e-01
1732 8.1098755776528204e+00 1.1220376617101775e-01
1733 8.0965264235553374e+00 1.1201907463653081e-01
1734 7.9959016610704232e+00 1.1062688591393401e-01
1735 7.9656133022527609e+00 1.1020783288433568e-01
1736 7.9858951208940132e+00 1.1048844094232080e-01
1737 7.8789765610641265e+00 1.0900917471047476e-01
1738 7.8367296007658398e+00 1.0842466906555374e-01
1739 7.8714034555648045e+00 1.0890439739909703e-01
1740 7.7572185014448189e+00 1.0732459734302327e-01
1741 7.7266749937283725e+00 1.0690201421396733e-01
1742 7.7327211362779806e+00 1.0698566530804111e-01
1743 7.6674840117936309e+00 1.0608308042973770e-01
1744 7.5817260763112753e+00 1.0489658092699732e-01
1745 7.6375921036687329e+00 1.0566951247329535e-01
1746 7.5319110569394052e+00 1.0420736779026216e-01
1747 7.4876776104227627e+00 1.0359537821750374e-01
1748 7.4945094925517601e+00 1.0368990037108922e-01
1749 7.4438386257877021e+00 1.0298884620180655e-01
1750 7.3521065894532942e+00 1.0171969233419122e-01
1751 7.3925181320441054e+00 1.0227880415188224e-01
1752 7.3217714570461929e+00 1.0129999217100347e-01
1753 7.2458377621631396e+00 1.0024941544345947e-01
1754 7.2722378270814207e+00 1.0061467218292819e-01
1755 7.2119783337590864e+00 9.9780955064387625e-02
1756 7.1381757313904970e+00 9.8759862957648492e-02
1757 7.1485013864291842e+00 9.8902723026515135e-02
1758 7.1153093305270039e+00 9.8443496045345913e-02
1759 7.0118668388628773e+00 9.7012322775707621e-02
1760 7.0537084827305607e+00 9.7591220686013086e-02
1761 6.9865706591916377e+00 9.6662338783761681e-02
1762 6.9238768064265388e+00 9.5794941210437703e-02
1763 6.9204137344482515e+00 9.5747028056312897e-02
1764 6.9001946300696710e+00 9.5467287678281318e-02
1765 6.7954180453775681e+00 9.4017656633215013e-02
1766 6.8298349503899178e+00 9.4493829951209793e-02
1767 6.7758984789781325e+00 9.3747594676891408e-02
1768 6.7026183488481728e+00 9.2733731207920223e-02
1769 6.7113949443576351e+00 9.2855159343394333e-02
1770 6.6763572968738867e+00 9.2370397774883692e-02
1771 6.5938548346449952e+00 9.1228939204795134e-02
1772 6.6048068401552049e+00 9.1380465113374720e-02
1773 6.5743712107992360e+00 9.0959374529823098e-02
1774 6.4819563032282277e+00 8.9680772832358494e-02
1775 6.5116134739807734e+00 9.0091093091966681e-02
1776 6.4550825961281815e+00 8.9308963040860473e-02
1777 6.3954126968389096e+00 8.8483403220220233e-02
1778 6.3904092396515217e+00 8.8414178145812525e-02
1779 6.3701151901243653e+00 8.8133400868034950e-02
1780 6.2735902161892261e+00 8.6797934558918460e-02
1781 6.3095236319793644e+00 8.7295089483730465e-02
1782 6.2464832597349798e+00 8.6422897657984846e-02
1783 6.1917143750613635e+00 8.5665145572823453e-02
1784 6.1929096173973859e+00 8.5681682286649033e-02
1785 6.1579633379489520e+00 8.5198184835888646e-02
1786 6.0810790651182502e+00 8.4134456436072480e-02
1787 6.1032117118156712e+00 8.4440671530373837e-02
1788 6.0498791772824232e+00 8.3702791993656170e-02
1789 5.9860118148985810e+00 8.2819158388398040e-02
1790 6.0069387544204629e+00 8.3108691983125246e-02
1791 5.9441913436194866e+00 8.2240553410352329e-02
1792 5.8975864919055914e+00 8.1595754383034291e-02
1793 5.9004470725833711e+00 8.1635331799778804e-02
1794 5.8560069569177591e+00 8.1020482866646287e-02
1795 5.7890027589958031e+00 8.0093449734741237e-02
1796 5.8211146987423907e+00 8.0537732824429123e-02
1797 5.7392995507592230e+00 7.9405783555213896e-02
1798 5.7140544259117174e+00 7.9056505929654131e-02
1799 5.7088565854418265e+00 7.8984591475345492e-02
1800 5.6574242001595945e+00 7.8273001355797012e-02
1801 5.6078687700308931e+00 7.7587379752675656e-02
1802 5.6286166027886573e+00 7.7874435324985850e-02
1803 5.5479981363256705e+00 7.6759042681354556e-02
1804 5.5285112246155750e+00 7.6489432517304709e-02
1805 5.5275156719986533e+00 7.6475658600310498e-02
1806 5.4563879691314296e+00 7.5491574927955871e-02
1807 5.4399375543666029e+00 7.5263976061115664e-02
1808 5.4321437211090435e+00 7.5156144882198836e-02
1809 5.3665093389199390e+00 7.4248063765366593e-02
1810 5.3469845692896083e+00 7.3977929820009738e-02
1811 5.3478319872262370e+00 7.3989654227258672e-02
1812 5.2628105624558428e+00 7.2813344680568298e-02
1813 5.2757375004234355e+00 7.2992194665519955e-02
1814 5.2394026880966189e+00 7.2489486239583067e-02
1815 5.1883928062192979e+00 7.1783741644148635e-02
1816 5.1758474930241922e+00 7.1610171609095982e-02
1817 5.1619419863229146e+00 7.1417782686792539e-02
1818 5.0853787761268530e+00 7.0358496332534104e-02
1819 5.1072145861175802e+00 7.0660604557857012e-02
1820 5.0553274719920651e+00 6.9942723060800405e-02
1821 5.0121212204670256e+00 6.9344945191482613e-02
1822 5.0141650609599262e+00 6.9373222641433654e-02
1823 4.9704989343532668e+00 6.8769082194092085e-02
1824 4.9247278086132278e+00 6.8135818139576712e-02
1825 4.9331169403804580e+00 6.8251885540386414e-02
1826 4.8790914215044063e+00 6.7504418254459089e-02
1827 4.8424964885023210e+00 6.6998110942306899e-02
1828 4.8534394467688369e+00 6.7149511678211996e-02
1829 4.7828288518246156e+00 6.6172582425912549e-02
1830 4.7736743996251647e+00 6.6045926473650929e-02
1831 4.7574920723368850e+00 6.5822036717295071e-02
1832 4.7076429732814784e+00 6.5132352072852284e-02
1833 4.6845762554610397e+00 6.4813213685601404e-02
1834 4.6847764885038288e+00 6.4815983999559706e-02
1835 4.6098349599925887e+00 6.3779134338789997e-02
1836 4.6227961824864465e+00 6.3958458665540313e-02
1837 4.5848177361298017e+00 6.3433009825575135e-02
1838 4.5410261915480925e+00 6.2827134164294543e-02
1839 4.5366362687971185e+00 6.2766397614005598e-02
1840 4.5072611038716026e+00 6.2359979031503553e-02
1841 4.4560734627898988e+00 6.1651775057745453e-02
1842 4.4661705702697567e+00 6.1791473068624370e-02
1843 4.4174837429602292e+00 6.1117868975104107e-02
1844 4.3832067611894026e+00 6.0643631557916113e-02
1845 4.3895034478996271e+00 6.0730749042829574e-02
1846 4.3302262101670888e+00 5.9910621870948776e-02
1847 4.3166088013519399e+00 5.9722218912121587e-02
1848 4.3035324129080710e+00 5.9541301212797042e-02
1849 4.2569060903044695e+00 5.8896205126089500e-02
1850 4.2369152008589710e+00 5.8619622204019242e-02
1851 4.2337155910095916e+00 5.8575354166619568e-02
1852 4.1670280528339667e+00 5.7652702164337648e-02
1853 4.1799527257855296e+00 5.7831520811776595e-02
1854 4.1394281787007552e+00 5.7270845526225245e-02
1855 4.1051109725416319e+00 5.6796051586583164e-02
1856 4.0981282684463309e+00 5.6699442743445114e-02
1857 4.0687852881951407e+00 5.6293469450348278e-02
1858 4.0248711752915023e+00 5.5685898001357738e-02
1859 4.0351937145403518e+00 5.5828714961874443e-02
1860 3.9812090424736217e+00 5.5081812809875272e-02
1861 3.9633526327308020e+00 5.4834761371878100e-02
1862 3.9574056403053799e+00 5.4752482064244629e-02
1863 3.9057185000918073e+00 5.4037367295954833e-02
1864 3.8982607177578075e+00 5.3934185532295682e-02
1865 3.8795841545079766e+00 5.3675786902662358e-02
1866 3.8356037886023686e+00 5.3067298813672850e-02
1867 3.8285122159983995e+00 5.2969183725886160e-02
1868 3.8087006097027589e+00 5.2695081266608768e-02
1869 3.7586835885155350e+00 5.2003073344153515e-02
1870 3.7716699630408850e+00 5.2182745660541055e-02
1871 3.7217848119548398e+00 5.1492562220083825e-02
1872 3.7039343556347628e+00 5.1245593150360619e-02
1873 3.6930053083585395e+00 5.1094384879245773e-02
1874 3.6569689000322696e+00 5.0595805006500752e-02
1875 3.6318663924463817e+00 5.0248500554724150e-02
1876 3.6317974573181977e+00 5.0247546806305984e-02
1877 3.5764503080346182e+00 4.9481794170894461e-02
1878 3.5790898253126424e+00 4.9518313076348928e-02
1879 3.5520008424416400e+00 4.9143524848001247e-02
1880 3.5147624554415722e+00 4.8628315061176035e-02
1881 3.5138527527047119e+00 4.8615728915779047e-02
1882 3.4807855948619428e+00 4.8158229955282787e-02
1883 3.4516023229195603e+00 4.7754466298272895e-02
1884 3.4493604928961772e+00 4.7723449574362607e-02
1885 3.4108919915859812e+00 4.7191220604308796e-02
1886 3.3890236774918447e+00 4.6888662670136021e-02
1887 3.3876595701924139e+00 4.6869789633800021e-02
1888 3.3360290378598769e+00 4.6155458060934899e-02
1889 3.3391569969313926e+00 4.6198734777685026e-02
1890 3.3101654249248349e+00 4.5797623375271192e-02
1891 3.2809771970732498e+00 4.5393791151034590e-02
1892 3.2719692464320103e+00 4.5269162113541733e-02
1893 3.2494321535350670e+00 4.4957351324662158e-02
1894 3.2127270009552409e+00 4.4449519075214709e-02
1895 3.2204843243410899e+00 4.4556845123680508e-02
1896 3.1723406851868536e+00 4.3890756281927006e-02
1897 3.1652318156278287e+00 4.3792401883008848e-02
1898 3.1494590349680300e+00 4.3574178387953577e-02
1899 3.1137709317778395e+00 4.3080417472992877e-02
1900 3.1061630543043774e+00 4.2975159075756511e-02
1901 3.0868079620857176e+00 4.2707372693496184e-02
1902 3.0518309780379358e+00 4.2223450430831762e-02
1903 3.0517294103884742e+00 4.2222045196844922e-02
1904 3.0203214144191981e+00 4.1787501485058796e-02
1905 2.9955237549066629e+00 4.1444414743111724e-02
1906 2.9958570908330699e+00 4.1449026595166034e-02
1907 2.9521766146329202e+00 4.0844687614762246e-02
1908 2.9486612157348038e+00 4.0796050494231198e-02
1909 2.9279615206843821e+00 4.0509660928693486e-02
1910 2.8990938077618940e+00 4.0110263172262753e-02
1911 2.8897312519983145e+00 3.9980728013849900e-02
1912 2.8717343672441076e+00 3.9731733041062388e-02
1913 2.8369238604728966e+00 3.9250114066190021e-02
1914 2.8434083570824860e+00 3.9339829985300299e-02
1915 2.8012529012591698e+00 3.8756590345833349e-02
1916 2.7938983178650978e+00 3.8654836385796330e-02
1917 2.7787571022301267e+00 3.8445350876137874e-02
1918 2.7483731185492366e+00 3.8024974833665799e-02
1919 2.7396030408657057e+00 3.7903636875236929e-02
1920 2.7227299013149242e+00 3.7670189421376635e-02
1921 2.6911244154702905e+00 3.7232913348584029e-02
1922 2.6914961109983428e+00 3.7238055922932681e-02
1923 2.6606578899227209e+00 3.6811395302363617e-02
1924 2.6423195426631123e+00 3.6557676042656362e-02
1925 2.6383114732964228e+00 3.6502222605213193e-02
1926 2.6010288274410298e+00 3.5986400477272959e-02
1927 2.5986062040607951e+00 3.5952882396178679e-02
1928 2.5771105810562656e+00 3.5655480810395213e-02
1929 2.5530733923832769e+00 3.5322915523610221e-02
1930 2.5455733328958656e+00 3.5219148836570895e-02
1931 2.5248244003537610e+00 3.4932078048251061e-02
1932 2.4990982767842436e+00 3.4576145589628030e-02
1933 2.5014022312207920e+00 3.4608021832659368e-02
1934 2.4620935351374289e+00 3.4064168391062945e-02
1935 2.4612654798911229e+00 3.4052711875319441e-02
1936 2.4402341174837257e+00 3.3761733543133922e-02
1937 2.4174547604420904e+00 3.3446570921148847e-02
1938 2.4101416205636186e+00 3.3345390350738975e-02
1939 2.3898550713515330e+00 3.3064716843184565e-02
1940 2.3669454718240064e+00 3.2747752257989010e-02
1941 2.3657671812965431e+00 3.2731450080038298e-02
1942 2.3329947070189339e+00 3.2278028198841596e-02
1943 2.3264654982046511e+00 3.2187693666324443e-02
1944 2.3124296109005718e+00 3.1993500869901111e-02
1945 2.2845119831526235e+00 3.1607247968005556e-02
1946 2.2838755686484293e+00 3.1598442887886546e-02
1947 2.2576917962051604e+00 3.1236178651824126e-02
1948 2.2430228267269978e+00 3.1033226879563530e-02
1949 2.2345639747321893e+00 3.0916194868133406e-02
1950 2.2101161638032880e+00 3.0577948438259867e-02
1951 2.1979574388422578e+00 3.0409727024823582e-02
1952 2.1895251122816748e+00 3.0293062004673525e-02
1953 2.1585071286057826e+00 2.9863914287900105e-02
1954 2.1621112591538085e+00 2.9913779050606805e-02
1955 2.1328488979285058e+00 2.9508921157893487e-02
1956 2.1227924581764404e+00 2.9369785803269433e-02
1957 2.1118376392248805e+00 2.9218220969466840e-02
1958 2.0896176447893722e+00 2.8910797380030627e-02
1959 2.0789700604530044e+00 2.8763483274934359e-02
1960 2.0684048445645247e+00 2.8617308774259668e-02
1961 2.0419482355682916e+00 2.8251269722110540e-02
1962 2.0425553234628429e+00 2.8259669055431164e-02
1963 2.0168483388837544e+00 2.7904001393325203e-02
1964 2.0052436839101557e+00 2.7743445786684213e-02
1965 1.9976791470110353e+00 2.7638787025733580e-02
1966 1.9718877639590513e+00 2.7281951672899533e-02
1967 1.9683737982012637e+00 2.7233334380507745e-02
1968 1.9504142439878451e+00 2.6984855892496051e-02
1969 1.9329978514016148e+00 2.6743892289222915e-02
1970 1.9272459663408386e+00 2.6664312379491587e-02
1971 1.9071159715374526e+00 2.6385804872401494e-02
1972 1.8932787313280066e+00 2.6194360447632375e-02
1973 1.8886188486189341e+00 2.6129888880236950e-02
1974 1.8605299748179147e+00 2.5741266712387495e-02
1975 1.8623253349650706e+00 2.5766106325303299e-02
1976 1.8391234409187232e+00 2.5445097714335858e-02
1977 1.8281879240166159e+00 2.5293799933045067e-02
1978 1.8192234675584413e+00 2.5169772657083530e-02
1979 1.8006366523629969e+00 2.4912615732037686e-02
1980 1.7896038918325767e+00 2.4759972541532119e-02
1981 1.7818543997099616e+00 2.4652754842105749e-02
1982 1.7579729912874495e+00 2.4322344844958831e-02
1983 1.7585547851312728e+00 2.4330394223742394e-02
1984 1.7361020935836535e+00 2.4019751165387584e-02
1985 1.7264417489154480e+00 2.3886095963910808e-02
1986 1.7187311741339899e+00 2.3779416703355091e-02
1987 1.6975476314577305e+00 2.3486332888891848e-02
1988 1.6935315900099026e+00 2.3430769154130379e-02
1989 1.6781412026799905e+00 2.3217836242310462e-02
1990 1.6631641062650446e+00 2.3010621395674093e-02
1991 1.6581961954624005e+00 2.2941888121443061e-02
1992 1.6397602599329659e+00 2.2686818684251112e-02
1993 1.6297040572055841e+00 2.2547686608969868e-02
1994 1.6232084233146868e+00 2.2457816600577250e-02
1995 1.6007055132458317e+00 2.2146478746456429e-02
1996 1.6018815521159442e+00 2.2162749771717748e-02
1997 1.5804857827413323e+00 2.1866729705691926e-02
1998 1.5732465077362041e+00 2.1766571088935666e-02
1999 1.5636474121098813e+00 2.1633763295425611e-02
2000 1.5478208531538504e+00 2.1414795753520573e-02
