# step 20
# iter abs_residual rel_residual
0 7.2278104865846572e+01 1.0000000000000000e+00
1 1.1546600861374973e+03 1.5975240195915907e+01
2 1.1527745212176271e+03 1.5949152559509697e+01
3 1.1585072720811945e+03 1.6028467739040313e+01
4 1.2484330970662616e+03 1.7272631862490645e+01
5 1.4402468346343835e+03 1.9926460956711395e+01
6 1.2677694538271348e+03 1.7540159031289036e+01
7 1.4124522130195858e+03 1.9541909899840345e+01
8 1.3004236603879860e+03 1.7991944625577375e+01
9 1.3783981910462858e+03 1.9070757231456099e+01
10 1.3232324643114557e+03 1.8307514658380590e+01
11 1.3547601259471242e+03 1.8743713998335423e+01
12 1.3364428175034363e+03 1.8490285820083020e+01
13 1.3388396176553199e+03 1.8523446625230473e+01
14 1.3429152194676046e+03 1.8579834404349050e+01
15 1.3277325809240192e+03 1.8369775790170308e+01
16 1.3450051727494249e+03 1.8608749845417950e+01
17 1.3195692023761349e+03 1.8256831786408227e+01
18 1.3443069584353559e+03 1.8599089737210011e+01
19 1.3132163294697414e+03 1.8168936940269347e+01
20 1.3418458874598443e+03 1.8565039716390018e+01
21 1.3079856800742348e+03 1.8096568559758886e+01
22 1.3382737217512308e+03 1.8515617201573896e+01
23 1.3034526903345645e+03 1.8033852613510934e+01
24 1.3340055733957909e+03 1.8456565454667114e+01
25 1.2993510853111782e+03 1.7977105068303445e+01
26 1.3293075319972870e+03 1.8391565944687933e+01
27 1.2955114809386307e+03 1.7923982419616486e+01
28 1.3243513570126772e+03 1.8322995040763310e+01
29 1.2918249965163263e+03 1.7872978254120632e+01
30 1.3192485335202373e+03 1.8252395188956029e+01
31 1.2882212246140332e+03 1.7823118453438500e+01
32 1.3140716232937962e+03 1.8180770313953428e+01
33 1.2846546044813988e+03 1.7773772664153430e+01
34 1.3088677968928150e+03 1.8108773041603250e+01
35 1.2810958289431421e+03 1.7724535408350139e+01
36 1.3036675101298588e+03 1.8036824741732794e+01
37 1.2775263299658779e+03 1.7675149788958358e+01
38 1.2984901357303297e+03 1.7965193444687323e+01
39 1.2739346838621120e+03 1.7625457754137681e+01
40 1.2933476589213142e+03 1.7894044971459362e+01
41 1.2703142383687807e+03 1.7575367266844868e+01
42 1.2882471280015645e+03 1.7823476838423545e+01
43 1.2666615286057895e+03 1.7524830388909692e+01
44 1.2831922934637191e+03 1.7753540935327752e+01
45 1.2629752087399070e+03 1.7473828500125745e+01
46 1.2781847130489577e+03 1.7684258814219902e+01
47 1.2592553284049595e+03 1.7422362287199274e+01
48 1.2732245007417359e+03 1.7615632052126067e+01
49 1.2555028382783423e+03 1.7370444903178452e+01
50 1.2683108376859793e+03 1.7547649319805171e+01
51 1.2517192522232970e+03 1.7318097293040253e+01
52 1.2634423194692181e+03 1.7480291186580764e+01
53 1.2479064168627744e+03 1.7265345005641468e+01
54 1.2586171941787820e+03 1.7413533413955268e+01
55 1.2440663539091668e+03 1.7212216012279853e+01
56 1.2538335239662024e+03 1.7347349190925922e+01
57 1.2402011533676623e+03 1.7158739229114627e+01
58 1.2490892942249229e+03 1.7281710644507402e+01
59 1.2363129023457575e+03 1.7104943532214136e+01
60 1.2443824862358267e+03 1.7216589844815264e+01
61 1.2324036388438210e+03 1.7050857118227601e+01
62 1.2397111252414459e+03 1.7151959470194189e+01
63 1.2284753213144882e+03 1.6996507083225659e+01
64 1.2350733099348831e+03 1.7087793215210461e+01
65 1.2245298121545131e+03 1.6941919194302752e+01
66 1.2304672309105490e+03 1.7024066045926158e+01
67 1.2205688672036172e+03 1.6887117744288979e+01
68 1.2258911806677902e+03 1.6960754338303882e+01
69 1.2165941326642983e+03 1.6832125509134276e+01
70 1.2213435565444431e+03 1.6897835918793746e+01
71 1.2126071450135373e+03 1.6776963746686835e+01
72 1.2168228618979094e+03 1.6835290080674103e+01
73 1.2086093333597498e+03 1.6721652229302592e+01
74 1.2123277032839142e+03 1.6773097545018409e+01
75 1.2046020237668590e+03 1.6666209303670705e+01
76 1.2078567863336120e+03 1.6711240403653115e+01
77 1.2005864443565924e+03 1.6610651961406131e+01
78 1.2034089109102349e+03 1.6649702052147735e+01
79 1.1965637310968132e+03 1.6554995919133777e+01
80 1.1989829658860533e+03 1.6588467117551755e+01
81 1.1925349333545732e+03 1.6499255695317483e+01
82 1.1945779226432385e+03 1.6527521368476140e+01
83 1.1885010204050463e+03 1.6443444700314028e+01
84 1.1901928302488323e+03 1.6466851648336892e+01
85 1.1844628864412232e+03 1.6387575305684518e+01
86 1.1858268092571188e+03 1.6406445789608068e+01
87 1.1804213570168909e+03 1.6331658933335881e+01
88 1.1814790463301904e+03 1.6346292539394906e+01
89 1.1763771933523467e+03 1.6275706115092373e+01
90 1.1771487897182128e+03 1.6286381496901264e+01
91 1.1723310979354931e+03 1.6219726570189202e+01
92 1.1728353439171008e+03 1.6226703039516167e+01
93 1.1682837191230253e+03 1.6163729268932066e+01
94 1.1685380650383024e+03 1.6167248258752693e+01
95 1.1642356550319091e+03 1.6107722486537455e+01
96 1.1642563576319940e+03 1.6108008916295447e+01
97 1.1601874578349923e+03 1.6051713862564391e+01
98 1.1599896696503442e+03 1.6048977374315079e+01
99 1.1561396376451644e+03 1.5995710454653505e+01
100 1.1557374897054658e+03 1.5990146557530787e+01
101 1.1520926651050822e+03 1.5939718774357051e+01
102 1.1514993435988258e+03 1.5931509905193177e+01
103 1.1480469756785001e+03 1.5883744846511387e+01
104 1.1472747910266137e+03 1.5873061325501537e+01
105 1.1440029715528742e+03 1.5827794235560368e+01
106 1.1430634233289793e+03 1.5814795164463543e+01
107 1.1399610245723236e+03 1.5771872086134167e+01
108 1.1388648605586588e+03 1.5756706165338382e+01
109 1.1359214789444443e+03 1.5715983160499260e+01
110 1.1346787494226128e+03 1.5698789440158388e+01
111 1.1318846530402798e+03 1.5660131863461835e+01
112 1.1305047609336764e+03 1.5641040437238575e+01
113 1.1278508414169403e+03 1.5604322270351631e+01
114 1.1263425889435562e+03 1.5583454920879982e+01
115 1.1238203171283792e+03 1.5548558158992568e+01
116 1.1221919476107075e+03 1.5526028936336633e+01
117 1.1197933329737277e+03 1.5492843026974015e+01
118 1.1180525705923515e+03 1.5468758798636717e+01
119 1.1157701230422651e+03 1.5437180113026148e+01
120 1.1139242088676606e+03 1.5411641062465391e+01
121 1.1117509047696572e+03 1.5381572425468928e+01
122 1.1098066298866847e+03 1.5354672510389788e+01
123 1.1077358792262601e+03 1.5326022746200922e+01
124 1.1056996160753615e+03 1.5297850132175167e+01
125 1.1037252332627204e+03 1.5270533660384633e+01
126 1.1016029635330603e+03 1.5241171106764845e+01
127 1.0997191401755979e+03 1.5215107565655694e+01
128 1.0975164815434098e+03 1.5184632795512282e+01
129 1.0957177605424226e+03 1.5159746683676262e+01
130 1.0934399909868559e+03 1.5128232720218111e+01
131 1.0917212434669909e+03 1.5104453077364232e+01
132 1.0893733238513307e+03 1.5071968556360007e+01
133 1.0877297275775907e+03 1.5049228664704149e+01
134 1.0853163221768966e+03 1.5015838118491384e+01
135 1.0837433411672203e+03 1.4994075220687190e+01
136 1.0812688376700871e+03 1.4959839354905622e+01
137 1.0797622035141983e+03 1.4938994395582391e+01
138 1.0772307304171206e+03 1.4903970329832795e+01
139 1.0757864254723672e+03 1.4883987723102386e+01
140 1.0732018690391158e+03 1.4848229225587149e+01
141 1.0718161096221518e+03 1.4829056622493361e+01
142 1.0691821292846846e+03 1.4792614323095002e+01
143 1.0678513515703166e+03 1.4774202416517790e+01
144 1.0651713940624140e+03 1.4737124002344137e+01
145 1.0638922397488475e+03 1.4719426328671856e+01
146 1.0611695529637461e+03 1.4681756735782630e+01
147 1.0599388563580796e+03 1.4664729496234072e+01
148 1.0571765012100770e+03 1.4626511073751500e+01
149 1.0559912776355616e+03 1.4610112973985114e+01
150 1.0531921400327337e+03 1.4571385649741856e+01
151 1.0520495743119582e+03 1.4555577740515455e+01
152 1.0492163758017050e+03 1.4516379168340496e+01
153 1.0481138117914434e+03 1.4501124700721180e+01
154 1.0452491196661467e+03 1.4461490400256139e+01
155 1.0441840510119978e+03 1.4446754697706581e+01
156 1.0412902872589152e+03 1.4406718178231511e+01
157 1.0402603481843475e+03 1.4392468509172266e+01
158 1.0373397988396991e+03 1.4352061399023638e+01
159 1.0363427553354884e+03 1.4338266854935060e+01
160 1.0333975781027777e+03 1.4297519006908647e+01
161 1.0324313207363298e+03 1.4284150402844645e+01
162 1.0294635529043323e+03 1.4243090003744449e+01
163 1.0285260887849511e+03 1.4230119767168363e+01
164 1.0255376543608859e+03 1.4188773436497241e+01
165 1.0246271007435394e+03 1.4176175518787078e+01
166 1.0216198166709291e+03 1.4134568394773630e+01
167 1.0207343943747181e+03 1.4122318180163626e+01
168 1.0177099774287766e+03 1.4080474015162967e+01
169 1.0168480047089986e+03 1.4068548235960842e+01
170 1.0138080767374012e+03 1.4026489468963012e+01
171 1.0129679638450310e+03 1.4014866130277950e+01
172 1.0099140573906934e+03 1.3972613964701585e+01
173 1.0090943013406028e+03 1.3961272272060194e+01
174 1.0060278648026307e+03 1.3918846747156579e+01
175 1.0052270441556532e+03 1.3907767034310430e+01
176 1.0021494466797893e+03 1.3865187092825023e+01
177 1.0013662172155932e+03 1.3854350761882895e+01
178 9.9827875258433619e+02 1.3811634303876870e+01
179 9.9751184302703246e+02 1.3801023766166630e+01
180 9.9441573467230239e+02 1.3758187718369351e+01
181 9.9366394213118031e+02 1.3747786331358480e+01
182 9.9056034660984415e+02 1.3704846695252957e+01
183 9.8982253330701792e+02 1.3694638717274071e+01
184 9.8671254400464659e+02 1.3651610620340101e+01
185 9.8598763320222156e+02 1.3641581154241473e+01
186 9.8287228418035522e+02 1.3598478903184274e+01
187 9.8215925727242086e+02 1.3588613856096254e+01
188 9.7903952593267979e+02 1.3545450973705639e+01
189 9.7833741900906728e+02 1.3535737009498696e+01
190 9.7521422962341160e+02 1.3492526283491802e+01
191 9.7452213053172397e+02 1.3482950782128391e+01
192 9.7139635705756928e+02 1.3439704304098063e+01
193 9.7071340264636365e+02 1.3430255323490821e+01
194 9.6758587122226720e+02 1.3386984523434545e+01
195 9.6691124481871168e+02 1.3377650764548536e+01
196 9.6378273646055948e+02 1.3334366448171412e+01
197 9.6311566502269932e+02 1.3325137215624457e+01
198 9.5998691833294640e+02 1.3281849601822739e+01
199 9.5932667049509303e+02 1.3272714776842491e+01
200 9.5619838332439963e+02 1.3229433520693071e+01
201 9.5554426703438628e+02 1.3220383528427400e+01
202 9.5241709909072711e+02 1.3177117757286009e+01
203 9.5176845945144066e+02 1.3168143536939606e+01
204 9.4864303432152929e+02 1.3124901878408128e+01
205 9.4799925168132529e+02 1.3115994856822560e+01
206 9.4487615845598805e+02 1.3072785461236803e+01
207 9.4423664670839878e+02 1.3063937529366200e+01
208 9.4111644193158588e+02 1.3020768096761344e+01
209 9.4048064648312948e+02 1.3011971581556130e+01
210 9.3736385591344708e+02 1.2968849386038313e+01
211 9.3673125252504190e+02 1.2960097034415655e+01
212 9.3361837237640782e+02 1.2917028941326997e+01
213 9.3298846505346069e+02 1.2908313890979228e+01
214 9.2987996415300256e+02 1.2865306386753327e+01
215 9.2925228388296875e+02 1.2856622148681522e+01
216 9.2614860447990509e+02 1.2813681352034678e+01
217 9.2552270815977408e+02 1.2805021795709941e+01
218 9.2242426760248406e+02 1.2762153480844175e+01
219 9.2179973606363649e+02 1.2753512806880645e+01
220 9.1870692806523448e+02 1.2710722420993488e+01
221 9.1808336550759407e+02 1.2702095153319579e+01
222 9.1499656116701738e+02 1.2659387830731280e+01
223 9.1437359359191862e+02 1.2650768794907705e+01
224 9.1129314270464681e+02 1.2608149375195618e+01
225 9.1067041698918365e+02 1.2599533685608584e+01
226 9.0759664896083598e+02 1.2557006726247200e+01
227 9.0697383169892510e+02 1.2548389770074003e+01
228 9.0390705672530362e+02 1.2505959562761378e+01
229 9.0328383340697781e+02 1.2497336988615547e+01
230 9.0022434340336883e+02 1.2455007572130603e+01
231 8.9960041708208939e+02 1.2446375271623589e+01
232 8.9654848648810639e+02 1.2404150442961472e+01
233 8.9592357757051468e+02 1.2395504547793749e+01
234 8.9287946419370951e+02 1.2353387873837573e+01
235 8.9225330891527051e+02 1.2344724734708494e+01
236 8.8921725519006088e+02 1.2302719569647168e+01
237 8.8858960492044548e+02 1.2294035746644610e+01
238 8.8556183822496598e+02 1.2252145236356615e+01
239 8.8493245909428572e+02 1.2243437493785772e+01
240 8.8191319253658651e+02 1.2201664586716568e+01
241 8.8128186447241967e+02 1.2192929879776774e+01
242 8.7827129783247403e+02 1.2151277339971898e+01
243 8.7763781374632879e+02 1.2142512803500985e+01
244 8.7463613381001994e+02 1.2100983215226911e+01
245 8.7400029932623067e+02 1.2092186159950360e+01
246 8.7100768086104461e+02 1.2050781941193648e+01
247 8.7036931317645940e+02 1.2041949837947858e+01
248 8.6738591940290769e+02 1.2000673246937493e+01
249 8.6674484725041532e+02 1.1991803726165163e+01
250 8.6377083001916662e+02 1.1950656863823259e+01
251 8.6312689283092868e+02 1.1941747703996322e+01
252 8.6016239401648966e+02 1.1900732533220312e+01
253 8.5951544118118636e+02 1.1891781650563606e+01
254 8.5656059241348964e+02 1.1850899992512650e+01
255 8.5591048331270258e+02 1.1841905441507283e+01
256 8.5296540675306494e+02 1.1801158986337992e+01
257 8.5231200980640426e+02 1.1792118946510254e+01
258 8.4937681873213387e+02 1.1751509261464992e+01
259 8.4872001123438247e+02 1.1742422035133165e+01
260 8.4579481023401434e+02 1.1701950567241228e+01
261 8.4513447784198627e+02 1.1692814572416051e+01
262 8.4221936322879583e+02 1.1652482654214804e+01
263 8.4155539962057514e+02 1.1643296419884878e+01
264 8.3865046014693951e+02 1.1603105279303266e+01
265 8.3798276641911752e+02 1.1593867437095572e+01
266 8.3508808331820887e+02 1.1553818198030969e+01
267 8.3441656792421929e+02 1.1544527481357697e+01
268 8.3153221536819092e+02 1.1504621170015115e+01
269 8.3085679340971080e+02 1.1495276404269889e+01
270 8.2798283914358910e+02 1.1455513957932151e+01
271 8.2730343237754255e+02 1.1446114060586924e+01
272 8.2443993739997325e+02 1.1406496323197652e+01
273 8.2375647377231735e+02 1.1397040297352419e+01
274 8.2090349337129771e+02 1.1357568033845856e+01
275 8.2021590649479356e+02 1.1348054961003392e+01
276 8.1737349013470794e+02 1.1308728855741482e+01
277 8.1668171944368839e+02 1.1299157897948612e+01
278 8.1384991106392511e+02 1.1259978558852502e+01
279 8.1315390119851793e+02 1.1250348950180568e+01
280 8.1033273951047556e+02 1.1211316912839818e+01
281 8.0963244025444430e+02 1.1201627958524661e+01
282 8.0682195906193567e+02 1.1162743690630185e+01
283 8.0611732501045162e+02 1.1152994762475636e+01
284 8.0331755331964575e+02 1.1114258665340792e+01
285 8.0260854365383238e+02 1.1104449198599387e+01
286 7.9981950615320090e+02 1.1065861613800253e+01
287 7.9910608423084375e+02 1.1055991101510518e+01
288 7.9632780127283309e+02 1.1017552310632320e+01
289 7.9560993485280517e+02 1.1007620306723801e+01
290 7.9284242268560320e+02 1.0969330534567508e+01
291 7.9212008323970122e+02 1.0959336644339718e+01
292 7.8936335448910393e+02 1.0921196065588878e+01
293 7.8863651723983355e+02 1.0911139946234069e+01
294 7.8589058052273083e+02 1.0873148680107219e+01
295 7.8515922454882366e+02 1.0863030042170259e+01
296 7.8242408522131802e+02 1.0825188162771481e+01
297 7.8168819265302818e+02 1.0815006759016418e+01
298 7.7896385265700565e+02 1.0777314293212575e+01
299 7.7822340903313159e+02 1.0767069923562204e+01
300 7.7550986720963579e+02 1.0729526855318614e+01
301 7.7476486104822015e+02 1.0719219360914902e+01
302 7.7206211321004957e+02 1.0681825632299756e+01
303 7.7131253598773219e+02 1.0671454895218192e+01
304 7.6862057518721394e+02 1.0634210410107316e+01
305 7.6786642094205001e+02 1.0623776347861721e+01
306 7.6518523750130066e+02 1.0586680972357261e+01
307 7.6442650311664408e+02 1.0576183541827437e+01
308 7.6175608487703596e+02 1.0539237107709322e+01
309 7.6099276934684019e+02 1.0528676294976165e+01
310 7.5833310178243460e+02 1.0491878601271519e+01
311 7.5756520684456154e+02 1.0481254430379128e+01
312 7.5491627275334247e+02 1.0444605239090345e+01
313 7.5414380217741814e+02 1.0433917762193184e+01
314 7.5150558279942345e+02 1.0397416813767773e+01
315 7.5072854235994089e+02 1.0386666110758545e+01
316 7.4810101621289061e+02 1.0350313107979527e+01
317 7.4731941401702659e+02 1.0339499291024659e+01
318 7.4470255811389723e+02 1.0303293915856253e+01
319 7.4391640374397696e+02 1.0292417117531512e+01
320 7.4131019305219013e+02 1.0256359023636769e+01
321 7.4051949826652697e+02 1.0245419406623695e+01
322 7.3792390604519414e+02 1.0209508224030426e+01
323 7.3712868386951516e+02 1.0198505968545795e+01
324 7.3454368180301765e+02 1.0162741305494716e+01
325 7.3374394726860737e+02 1.0151676619503093e+01
326 7.3116950527667052e+02 1.0116058059820112e+01
327 7.3036527465606787e+02 1.0104931168459370e+01
328 7.2780136136163526e+02 1.0069458278028838e+01
329 7.2699265252848068e+02 1.0058269428588810e+01
330 7.2443923489451504e+02 1.0022941750328499e+01
331 7.2362606703664301e+02 1.0011691208281480e+01
332 7.2108311097139517e+02 9.9765082705167494e+00
333 7.2026550458758754e+02 9.9651963194725823e+00
334 7.1773297436952248e+02 9.9301576279799697e+00
335 7.1691095113176664e+02 9.9187845677803193e+00
336 7.1438881029773995e+02 9.8838896180758695e+00
337 7.1356239292381952e+02 9.8724557630314642e+00
338 7.1105060356943261e+02 9.8377040306908210e+00
339 7.1021981597395882e+02 9.8262097116710319e+00
340 7.0771833938698455e+02 9.7916006610931667e+00
341 7.0688320629437044e+02 9.7800462201713394e+00
342 7.0439200252735179e+02 9.7455792986652696e+00
343 7.0355254992896471e+02 9.7339650954436276e+00
344 7.0107157832374946e+02 9.6996397404855781e+00
345 7.0022783261130598e+02 9.6879661401053596e+00
346 6.9775705161300084e+02 9.6537817767647436e+00
347 6.9690904045647221e+02 9.6420491620524107e+00
348 6.9444840747015132e+02 9.6080052010093251e+00
349 6.9359615906138538e+02 9.5962139620117384e+00
350 6.9114563108599816e+02 9.5623098083273597e+00
351 6.9028917440075679e+02 9.5504603459371804e+00
352 6.8784870736087419e+02 9.5166953898081790e+00
353 6.8698807203404488e+02 9.5047881140373676e+00
354 6.8455762145563460e+02 9.4711617401455594e+00
355 6.8369283784526533e+02 9.4591970710113262e+00
356 6.8127235837664807e+02 9.4257086518958850e+00
357 6.8040345729543594e+02 9.4136870157057153e+00
358 6.7799290332580347e+02 9.3803359203206522e+00
359 6.7711991612033034e+02 9.3682577507685654e+00
360 6.7471924113831381e+02 9.3350433356082299e+00
361 6.7384219985946947e+02 9.3229090761326638e+00
362 6.7145135713614889e+02 9.2898306946814877e+00
363 6.7057029403967533e+02 9.2776407915551005e+00
364 6.6818923610333241e+02 9.2446977870205682e+00
365 6.6730418422693992e+02 9.2324526973348995e+00
366 6.6493286331416789e+02 9.1996444088888563e+00
367 6.6404385568626208e+02 9.1873445896067114e+00
368 6.6168222374598304e+02 9.1546703524409416e+00
369 6.6078929408120086e+02 9.1423162700194460e+00
370 6.5843730240249204e+02 9.1097754101964856e+00
371 6.5754048451982328e+02 9.0973675325365306e+00
372 6.5519808441155772e+02 9.0649593763927960e+00
373 6.5429741253373402e+02 9.0524981769812261e+00
374 6.5196455475740174e+02 9.0202220432798494e+00
375 6.5106006326759370e+02 9.0077079978232497e+00
376 6.4873669848805537e+02 8.9755632039904469e+00
377 6.4782842214735638e+02 8.9629967934241375e+00
378 6.4551450051199777e+02 8.9309826497266318e+00
379 6.4460247421803217e+02 8.9183643568748980e+00
380 6.4229794603208461e+02 8.8864801757632748e+00
381 6.4138220481184680e+02 8.8738104852402930e+00
382 6.3908701979249611e+02 8.8420555710292650e+00
383 6.3816759899543661e+02 8.8293349719105407e+00
384 6.3588170698038368e+02 8.7977086305821999e+00
385 6.3495864190206100e+02 8.7849376111976163e+00
386 6.3268199237017507e+02 8.7534391437694570e+00
387 6.3175531872181909e+02 8.7406181981998969e+00
388 6.2948786104182159e+02 8.7092469041654716e+00
389 6.2855761424991147e+02 8.6963765225521641e+00
390 6.2629929790449012e+02 8.6651317029817978e+00
391 6.2536551373041789e+02 8.6522123800996429e+00
392 6.2311628782978005e+02 8.6210933309102291e+00
393 6.2217900199903818e+02 8.6081255610374363e+00
394 6.1993881576345279e+02 8.5771315796686203e+00
395 6.1899806409463906e+02 8.5641158583715580e+00
396 6.1676686648743282e+02 8.5332462387080721e+00
397 6.1582268482350128e+02 8.5201830618900853e+00
398 6.1360042501104317e+02 8.4894371006258424e+00
399 6.1265284918062696e+02 8.4763269639921415e+00
400 6.1043947597806380e+02 8.4457039529617433e+00
401 6.0948854185833113e+02 8.4325473528890420e+00
402 6.0728400447022000e+02 8.4020465893147502e+00
403 6.0632974771325246e+02 8.3888440190655889e+00
404 6.0413399502050765e+02 8.3584647956919227e+00
405 6.0317645159931362e+02 8.3452167529690087e+00
406 6.0098943263585954e+02 8.3149583646574534e+00
407 6.0002863802600552e+02 8.3016653402811595e+00
408 5.9785030189007193e+02 8.2715270827828924e+00
409 5.9688629199442903e+02 8.2581895734855451e+00
410 5.9471658764006634e+02 8.2281707405569584e+00
411 5.9374939782370939e+02 8.2147892356302297e+00
412 5.9158827463068724e+02 8.1848891269177315e+00
413 5.9061794040952282e+02 8.1714641177401202e+00
414 5.8846534737117975e+02 8.1416820275436699e+00
415 5.8749190419279739e+02 8.1282140045484752e+00
416 5.8534779073271204e+02 8.0985492331206004e+00
417 5.8437127384059579e+02 8.0850386839172312e+00
418 5.8223558916666457e+02 8.0554905285263949e+00
419 5.8125603374195487e+02 8.0419379398617110e+00
420 5.7912872750039878e+02 8.0125057038407945e+00
421 5.7814616845627268e+02 7.9989115587542603e+00
422 5.7602719012672299e+02 7.9695945431313042e+00
423 5.7504166241580674e+02 7.9559593252081795e+00
424 5.7293096180222562e+02 7.9267568354984848e+00
425 5.7194249998232658e+02 7.9130810228615367e+00
426 5.6984002684744507e+02 7.8839923640099538e+00
427 5.6884866568142900e+02 7.8702764376190215e+00
428 5.6675436994525455e+02 7.8413009167463912e+00
429 5.6576014366022594e+02 7.8275453501488172e+00
430 5.6367397543463812e+02 7.7986822770306174e+00
431 5.6267691846887794e+02 7.7848875466954661e+00
432 5.6059882782514342e+02 7.7561362305452759e+00
433 5.5959897411043596e+02 7.7423028059340018e+00
434 5.5752891158000170e+02 7.7136625623322024e+00
435 5.5652629506245501e+02 7.6997909131044366e+00
436 5.5446421094622815e+02 7.6712610544417856e+00
437 5.5345886535628313e+02 7.6573516472733081e+00
438 5.5140471043228524e+02 7.6289314925416560e+00
439 5.5039666927507801e+02 7.6149847909910520e+00
440 5.4835039423466742e+02 7.5866736579832263e+00
441 5.4733969080389477e+02 7.5726901226837242e+00
442 5.4530124683693919e+02 7.5444873360896505e+00
443 5.4428791409985081e+02 7.5304674231579369e+00
444 5.4225725228309420e+02 7.5023723061024246e+00
445 5.4124132322855212e+02 7.4883164719542030e+00
446 5.3921839500083217e+02 7.4603283525717892e+00
447 5.3819990213937865e+02 7.4462370470049937e+00
448 5.3618465897517945e+02 7.4183552539234006e+00
449 5.3516363495324288e+02 7.4042289286160115e+00
450 5.3315602853072983e+02 7.3764527932809836e+00
451 5.3213250538230920e+02 7.3622918914377449e+00
452 5.3013248771670555e+02 7.3346207499583738e+00
453 5.2910649755358781e+02 7.3204257158602601e+00
454 5.2711402066296955e+02 7.2928589043851053e+00
455 5.2608559507526275e+02 7.2786301750954312e+00
456 5.2410061143610790e+02 7.2511670361152500e+00
457 5.2306978198999639e+02 7.2369050483663342e+00
458 5.2109224398999731e+02 7.2095449231434952e+00
459 5.2005904192615230e+02 7.1952501091640375e+00
460 5.1808890236782520e+02 7.1679923447001821e+00
461 5.1705335874373532e+02 7.1536651341844673e+00
462 5.1509057042557208e+02 7.1265090774255597e+00
463 5.1405271604223981e+02 7.1121498965192727e+00
464 5.1209723220911167e+02 7.0850949005871344e+00
465 5.1105709751053246e+02 7.0707041704966072e+00
466 5.0910887144401215e+02 7.0437495890208428e+00
467 5.0806648679505219e+02 7.0293277298576182e+00
468 5.0612547205765816e+02 7.0024729203548421e+00
469 5.0508086742103001e+02 6.9880203466664890e+00
470 5.0314701773852926e+02 6.9612646689119311e+00
471 5.0210022304926946e+02 6.9467817948631065e+00
472 5.0017349229865732e+02 6.9201246107243097e+00
473 4.9912453696351957e+02 6.9056118431706404e+00
474 4.9720487948381697e+02 6.8790525209074787e+00
475 4.9615379280130395e+02 6.8645102652068912e+00
476 4.9424116285688160e+02 6.8380481720464203e+00
477 4.9318797383231629e+02 6.8234768295005672e+00
478 4.9128232618386556e+02 6.7971113395366602e+00
479 4.9022706351121082e+02 6.7825113071393881e+00
480 4.8832835285517024e+02 6.7562417935769519e+00
481 4.8727104513330113e+02 6.7416134670065251e+00
482 4.8537922662508009e+02 6.7154393094005345e+00
483 4.8431990193458034e+02 6.7007830771644246e+00
484 4.8243493077047174e+02 6.6747036556354944e+00
485 4.8137361725467156e+02 6.6600199071092980e+00
486 4.7949544894138484e+02 6.6340346060727979e+00
487 4.7843217406717577e+02 6.6193237212732781e+00
488 4.7656076444613029e+02 6.5934319297754387e+00
489 4.7549555577817569e+02 6.5786942900720771e+00
490 4.7363086062852813e+02 6.5528953962976964e+00
491 4.7256374523990075e+02 6.5381313762585984e+00
492 4.7070572087828145e+02 6.5124247758286629e+00
493 4.6963672571611409e+02 6.4976347482794967e+00
494 4.6778532834150133e+02 6.4720198351872256e+00
495 4.6671448003227488e+02 6.4572041685172978e+00
496 4.6486966644007919e+02 6.4316803450078162e+00
497 4.6379699120424232e+02 6.4168394019887947e+00
498 4.6195871815815127e+02 6.3914060698683270e+00
499 4.6088424215468206e+02 6.3765402124214070e+00
500 4.5905246676174426e+02 6.3511967782467327e+00
501 4.5797621573745533e+02 6.3363063625906149e+00
502 4.5615089517984376e+02 6.3110522339578914e+00
503 4.5507289478211499e+02 6.2961376149355806e+00
504 4.5325398660036569e+02 6.2709722043990794e+00
505 4.5217426198718988e+02 6.2560337300826889e+00
506 4.5036172385007296e+02 6.2309564519708580e+00
507 4.4928030019225366e+02 6.2159944706097461e+00
508 4.4747408998373623e+02 6.1910047422283796e+00
509 4.4639099185382821e+02 6.1760195937948623e+00
510 4.4459106782811165e+02 6.1511168375721121e+00
511 4.4350631979910435e+02 6.1361088620445203e+00
512 4.4171264019143717e+02 6.1112925001463170e+00
513 4.4062626640852869e+02 6.0962620315842972e+00
514 4.3883878989430906e+02 6.0715314922662378e+00
515 4.3775081434656806e+02 6.0564788625693140e+00
516 4.3596949957355997e+02 6.0318335737046667e+00
517 4.3487994591749703e+02 6.0167591101712734e+00
518 4.3310475206459620e+02 5.9921985069817501e+00
519 4.3201364359213562e+02 5.9771025318661080e+00
520 4.3024452981025479e+02 5.9526260491862644e+00
521 4.2915188970294167e+02 5.9375088832154477e+00
522 4.2738881550328870e+02 5.9131159608646833e+00
523 4.2629466656219836e+02 5.8979779195017956e+00
524 4.2453759150008642e+02 5.8736679979097284e+00
525 4.2344195642653773e+02 5.8585093952376983e+00
526 4.2169084042024076e+02 5.8342819198556697e+00
527 4.2059374137980382e+02 5.8191030625451017e+00
528 4.1884854450756035e+02 5.7949574810376356e+00
529 4.1775000370057836e+02 5.7797586762402364e+00
530 4.1601068621660067e+02 5.7556944387065325e+00
531 4.1491072525691845e+02 5.7404759854595380e+00
532 4.1317724778808332e+02 5.7164925471547763e+00
533 4.1207588825631024e+02 5.7012547440355981e+00
534 4.1034821139271526e+02 5.6773515597061026e+00
535 4.0924547452873560e+02 5.6620947005780655e+00
536 4.0752355924125368e+02 5.6382712302383560e+00
537 4.0641946609093844e+02 5.6229956062805266e+00
538 4.0470327336872094e+02 5.5992513101980146e+00
539 4.0359784463665477e+02 5.5839572078676074e+00
540 4.0188733594860048e+02 5.5602915529472261e+00
541 4.0078059203974595e+02 5.5449792545560506e+00
542 3.9907572879847612e+02 5.5213917069241054e+00
543 3.9796768999660173e+02 5.5060614931071967e+00
544 3.9626843397239475e+02 5.4825515238383442e+00
545 3.9515912016077942e+02 5.4672036696897841e+00
546 3.9346543316931343e+02 5.4437707504868031e+00
547 3.9235486417505979e+02 5.4284055303234497e+00
548 3.9066670834783082e+02 5.4050491372586027e+00
549 3.8955490346163339e+02 5.3896668179758676e+00
550 3.8787224110984056e+02 5.3663864296076893e+00
551 3.8675921961494157e+02 5.3509872779978789e+00
552 3.8508201321586125e+02 5.3277823751826574e+00
553 3.8396779388064567e+02 5.3123666509147949e+00
554 3.8229600622977779e+02 5.2892367189115852e+00
555 3.8118060777596440e+02 5.2738046810090466e+00
556 3.7951420163605309e+02 5.2507492046237116e+00
557 3.7839764244555744e+02 5.2353011074085440e+00
558 3.7673658095653838e+02 5.2123195766655606e+00
559 3.7561887921180147e+02 5.1968556716999910e+00
560 3.7396312553046306e+02 5.1739475768570005e+00
561 3.7284429909026397e+02 5.1584681112252477e+00
562 3.7119381681109184e+02 5.1356329485956307e+00
563 3.7007388322525793e+02 5.1201381651074280e+00
564 3.6842863591483524e+02 5.0973754306185199e+00
565 3.6730761260826421e+02 5.0818655703551423e+00
566 3.6566756416450124e+02 5.0591747645183407e+00
567 3.6454546818846717e+02 5.0436500633918131e+00
568 3.6291058250979444e+02 5.0210306867257088e+00
569 3.6178743088601072e+02 5.0054913802390715e+00
570 3.6015767215631428e+02 4.9829429372116651e+00
571 3.5903348138558260e+02 4.9673892536609099e+00
572 3.5740881398405674e+02 4.9449112514423774e+00
573 3.5628360053905925e+02 4.9293434187344500e+00
574 3.5466398896037356e+02 4.9069353660926192e+00
575 3.5353776886655317e+02 4.8913536059467111e+00
576 3.5192317786927339e+02 4.8690150153005316e+00
577 3.5079596711210399e+02 4.8534195488828447e+00
578 3.4918636144310881e+02 4.8311499324895708e+00
579 3.4805817566463190e+02 4.8155409762147645e+00
580 3.4645352041657497e+02 4.7933398511156033e+00
581 3.4532437503477115e+02 4.7777176182983538e+00
582 3.4372463533280091e+02 4.7555845019840914e+00
583 3.4259454549190349e+02 4.7399492021516600e+00
584 3.4099968684162837e+02 4.7178836173769172e+00
585 3.3986866738069085e+02 4.7022354558342645e+00
586 3.3827865522829785e+02 4.6802369245315392e+00
587 3.3714672088800154e+02 4.6645761052226042e+00
588 3.3556152101830503e+02 4.6426441540094565e+00
589 3.3442868614235562e+02 4.6269708753858394e+00
590 3.3284826433947222e+02 4.6051050308701766e+00
591 3.3171454323855147e+02 4.5894194909265789e+00
592 3.3013886555194716e+02 4.5676192833875344e+00
593 3.2900427204090835e+02 4.5519216732586480e+00
594 3.2743330468297466e+02 4.5301866352295033e+00
595 3.2629785255473558e+02 4.5144771457465325e+00
596 3.2473156185199957e+02 4.4928068113396860e+00
597 3.2359526447152740e+02 4.4770856274129462e+00
598 3.2203361696060745e+02 4.4554795336475035e+00
599 3.2089648764777257e+02 4.4397468395633757e+00
600 3.1933944989426118e+02 4.4182045238593135e+00
601 3.1820150162068921e+02 4.4024604990860565e+00
602 3.1664904046806248e+02 4.3809815027079937e+00
603 3.1551028603028522e+02 4.3652263242913643e+00
604 3.1396236836389579e+02 4.3438101890833032e+00
605 3.1282282025281319e+02 4.3280440298405045e+00
606 3.1127941325236321e+02 4.3066903017189020e+00
607 3.1013908376481930e+02 4.2909133317822876e+00
608 3.0860015458914239e+02 4.2696215563748767e+00
609 3.0745905582907949e+02 4.2538339432079173e+00
610 3.0592457186917824e+02 4.2326036693545923e+00
611 3.0478271566471312e+02 4.2168055766045889e+00
612 3.0325264440588660e+02 4.1956363544498796e+00
613 3.0211004241095299e+02 4.1798279433542316e+00
614 3.0058435149677319e+02 4.1587193252324424e+00
615 2.9944101505370162e+02 4.1429007527173818e+00
616 2.9791967231204666e+02 4.1218522935127764e+00
617 2.9677561256683828e+02 4.1060237137882272e+00
618 2.9525858591083869e+02 4.0850349695645747e+00
619 2.9411381378710877e+02 4.0691965337636544e+00
620 2.9260107129472681e+02 4.0482670628652437e+00
621 2.9145559747524317e+02 4.0324189187888360e+00
622 2.8994710732938677e+02 4.0115482810119287e+00
623 2.8880094231100981e+02 3.9956905738888060e+00
624 2.8729667280823179e+02 3.9748783306019901e+00
625 2.8614982682789662e+02 3.9590112020647408e+00
626 2.8464974646039599e+02 3.9382569173434563e+00
627 2.8350222952083772e+02 3.9223805057844072e+00
628 2.8200630683710756e+02 3.9016837444829497e+00
629 2.8085812874012072e+02 3.8857981855143251e+00
630 2.7936633247402722e+02 3.8651585150517085e+00
631 2.7821750279065259e+02 3.8492639410931506e+00
632 2.7672980171828902e+02 3.8286809294726210e+00
633 2.7558032984179476e+02 3.8127774704842072e+00
634 2.7409669290680313e+02 3.7922506880271221e+00
635 2.7294658794428716e+02 3.7763384700096374e+00
636 2.7146698421015401e+02 3.7558674886954564e+00
637 2.7031625510313131e+02 3.7399466353587711e+00
638 2.6884065372421674e+02 3.7195310284242313e+00
639 2.6768930914315621e+02 3.7036016597281716e+00
640 2.6621767944957941e+02 3.6832410028417155e+00
641 2.6506572786717942e+02 3.6673032360098636e+00
642 2.6359803921393632e+02 3.6469971051841146e+00
643 2.6244548892440372e+02 3.6310510549705426e+00
644 2.6098171084327328e+02 3.6107990286639966e+00
645 2.5982856986241086e+02 3.5948448059709315e+00
646 2.5836867193571044e+02 3.5746464633413053e+00
647 2.5721494814055643e+02 3.5586841771511044e+00
648 2.5575890009986318e+02 3.5385390994211918e+00
649 2.5460460106075226e+02 3.5225688544728304e+00
650 2.5315237275098525e+02 3.5024766244335610e+00
651 2.5199750587471939e+02 3.4864985232034669e+00
652 2.5054906722073810e+02 3.4664587247517824e+00
653 2.4939363967488288e+02 3.4504728664064399e+00
654 2.4794896071213464e+02 3.4304850849693134e+00
655 2.4679297949527958e+02 3.4144915663373485e+00
656 2.4535203033358502e+02 3.3945553883707418e+00
657 2.4419550217048481e+02 3.3785543024921512e+00
658 2.4275825307004922e+02 3.3586693165326653e+00
659 2.4160118452542812e+02 3.3426607542333535e+00
660 2.4016760577142796e+02 3.3228265491630768e+00
661 2.3901000314688537e+02 3.3068105976284983e+00
662 2.3758006522259197e+02 3.2870267650702503e+00
663 2.3642193463657813e+02 3.2710035089519081e+00
664 2.3499560798099304e+02 3.2512696399160164e+00
665 2.3383695536141192e+02 3.2352391612291211e+00
666 2.3241421062394710e+02 3.2155548496370345e+00
667 2.3125504164448998e+02 3.1995172268796503e+00
668 2.2983584944917240e+02 3.1798820663016065e+00
669 2.2867616966415824e+02 3.1638373763202270e+00
670 2.2726050079634115e+02 3.1442509625584845e+00
671 2.2610031540721590e+02 3.1281992773174472e+00
672 2.2468814073894657e+02 3.1086612073737148e+00
673 2.2352745487760765e+02 3.0926025978751226e+00
674 2.2211874531362696e+02 3.0731124692034406e+00
675 2.2095756378213903e+02 3.0570470018860121e+00
676 2.1955229038098602e+02 3.0376044140682863e+00
677 2.1839061787073547e+02 3.0215321538394559e+00
678 2.1698875167276432e+02 3.0021367062059978e+00
679 2.1582659261242401e+02 2.9860577143384415e+00
680 2.1442810482484975e+02 2.9667090085281558e+00
681 2.1326546346758550e+02 2.9506233438663303e+00
682 2.1187032529171563e+02 2.9313209814363890e+00
683 2.1070720564743823e+02 2.9152286994592091e+00
684 2.0931538844757364e+02 2.8959722842218714e+00
685 2.0815179435452387e+02 2.8798734380331190e+00
686 2.0676326944778938e+02 2.8606625731479411e+00
687 2.0559920454577212e+02 2.8445572131059498e+00
688 2.0421394342987372e+02 2.8253915042309101e+00
689 2.0304941108807671e+02 2.8092796769499033e+00
690 2.0166738525345789e+02 2.7901587296425006e+00
691 2.0050238874111588e+02 2.7740404803538072e+00
692 1.9912356975978065e+02 2.7549639012999649e+00
693 1.9795811203224875e+02 2.7388392708922491e+00
694 1.9658247157552429e+02 2.7198066681520729e+00
695 1.9541655545262034e+02 2.7036756956387791e+00
696 1.9404406522608440e+02 2.6846866777462459e+00
697 1.9287769333589117e+02 2.6685493994880773e+00
698 1.9150832525594768e+02 2.6496035778940397e+00
699 1.9034150044265866e+02 2.6334600332416898e+00
700 1.8897522750943330e+02 2.6145570343907756e+00
701 1.8780795528147721e+02 2.5984072995558263e+00
702 1.8644475834204795e+02 2.5795468584587682e+00
703 1.8527706406207045e+02 2.5633912843447981e+00
704 1.8391697428859692e+02 2.5445738322824072e+00
705 1.8274900619072741e+02 2.5284144697750843e+00
706 1.8139234607598857e+02 2.5096444685796060e+00
707 1.8022492187737788e+02 2.4934926311624865e+00
708 1.7887350100054834e+02 2.4747951171734592e+00
709 1.7771064023526122e+02 2.4587064169032256e+00
710 1.7637290606480536e+02 2.4401982646358302e+00
711 1.7523193115559954e+02 2.4244123650010301e+00
712 1.7394189866296915e+02 2.4065641868421701e+00
713 1.7288744054528064e+02 2.3919752858237264e+00
714 1.7176261176788341e+02 2.3764127751645860e+00
715 1.7100033067268237e+02 2.3658662743035590e+00
716 1.7038368987012203e+02 2.3573347722158262e+00
717 1.7046154954733228e+02 2.3584119957727356e+00
718 1.7118245450421543e+02 2.3683860392015332e+00
719 1.7329606918113464e+02 2.3976288462845665e+00
720 1.7697318182967479e+02 2.4485033490868346e+00
721 1.8318501404475487e+02 2.5344468339998620e+00
722 1.9222031551616311e+02 2.6594542824958958e+00
723 2.0500909445273189e+02 2.8363927752843505e+00
724 2.2133038988610747e+02 3.0622052182595656e+00
725 2.4098495920394620e+02 3.3341350005126982e+00
726 2.6149492964946177e+02 3.6178996410436524e+00
727 2.7961444570761086e+02 3.8685912729255372e+00
728 2.8993145354084390e+02 4.0113317038261833e+00
729 2.8919292285388173e+02 4.0011138005160047e+00
730 2.7684028456300069e+02 3.8302095091845092e+00
731 2.5804592577545452e+02 3.5701811254515672e+00
732 2.3927389810329583e+02 3.3104617027162737e+00
733 2.2720072195972747e+02 3.1434238955410989e+00
734 2.2485735948837410e+02 3.1110024246723920e+00
735 2.3276040053697935e+02 3.2203445423617514e+00
736 2.4648145366770495e+02 3.4101814667829560e+00
737 2.5856469445685087e+02 3.5773585228440310e+00
738 2.6024233697207967e+02 3.6005694595217790e+00
739 2.5021722409355195e+02 3.4618675262442666e+00
740 2.3497745503545079e+02 3.2510184857722275e+00
741 2.2477896540967780e+02 3.1099178074312261e+00
742 2.2495805692227580e+02 3.1123956188366360e+00
743 2.3489211901391747e+02 3.2498378236382144e+00
744 2.4612620007618281e+02 3.4052663740009641e+00
745 2.4866702612837238e+02 3.4404198420796521e+00
746 2.3914328964193331e+02 3.3086546760709994e+00
747 2.2642790342559843e+02 3.1327316044861044e+00
748 2.2081328693904487e+02 3.0550508670487475e+00
749 2.2648801622247342e+02 3.1335632919934975e+00
750 2.3708693239885295e+02 3.2802040512670270e+00
751 2.4134343708771280e+02 3.3390947028240960e+00
752 2.3346302929074614e+02 3.2300657263229371e+00
753 2.2206205070698948e+02 3.0723280738911574e+00
754 2.1825006920043893e+02 3.0195875999450590e+00
755 2.2526678056033683e+02 3.1166669488422309e+00
756 2.3415178641914628e+02 3.2395949901252812e+00
757 2.3355674929436071e+02 3.2313623846095445e+00
758 2.2322789020899154e+02 3.0884579863199066e+00
759 2.1572056360282676e+02 2.9845907554330573e+00
760 2.1873649434142698e+02 3.0263175099487989e+00
761 2.2783921103544759e+02 3.1522576782876883e+00
762 2.2979596556477077e+02 3.1793302548716351e+00
763 2.2130581276301143e+02 3.0618651827378587e+00
764 2.1321713975227058e+02 2.9499547635901235e+00
765 2.1561186150422435e+02 2.9830868131423158e+00
766 2.2389458152379564e+02 3.0976819596938836e+00
767 2.2537816575409977e+02 3.1182080129579774e+00
768 2.1668758159394045e+02 2.9979698830804762e+00
769 2.1036954827687177e+02 2.9105570582866411e+00
770 2.1427307728217053e+02 2.9645641329400787e+00
771 2.2175006115690803e+02 3.0680115585278873e+00
772 2.1975400321781422e+02 3.0403952016408518e+00
773 2.1091216133138209e+02 2.9180643532761468e+00
774 2.0816624418045609e+02 2.8800733578561282e+00
775 2.1485853400323484e+02 2.9726641892731958e+00
776 2.1880735799712423e+02 3.0272979404101230e+00
777 2.1249541304416422e+02 2.9399693508645695e+00
778 2.0565795191439312e+02 2.8453700093010084e+00
779 2.0880235655314544e+02 2.8888742578502553e+00
780 2.1523449222358050e+02 2.9778657398816888e+00
781 2.1271919328101876e+02 2.9430654508144767e+00
782 2.0467097589528495e+02 2.8317147533844338e+00
783 2.0452582299814978e+02 2.8297064979465718e+00
784 2.1109726592677441e+02 2.9206253583790875e+00
785 2.1144690839226490e+02 2.9254628187156508e+00
786 2.0371755835650350e+02 2.8185237940952952e+00
787 2.0151748077650745e+02 2.7880847339666497e+00
788 2.0744490030914460e+02 2.8700932418493461e+00
789 2.0930222561117429e+02 2.8957901704763076e+00
790 2.0221529242283466e+02 2.7977392710857734e+00
791 1.9914803880783302e+02 2.7553024415549672e+00
792 2.0453374102329693e+02 2.8298160473759855e+00
793 2.0678940181617435e+02 2.8610241261858005e+00
794 2.0008687221299414e+02 2.7682916228139898e+00
795 1.9708162632274210e+02 2.7267126979676619e+00
796 2.0230160909164027e+02 2.7989335009146519e+00
797 2.0409142495635723e+02 2.8236964061961194e+00
798 1.9744099262417757e+02 2.7316846919359943e+00
799 1.9527427121106729e+02 2.7017071293375849e+00
800 2.0058645248956267e+02 2.7752035400190107e+00
801 2.0113790503557252e+02 2.7828331333382237e+00
802 1.9447587329537419e+02 2.6906609360654321e+00
803 1.9386618116187969e+02 2.6822255719309389e+00
804 1.9912921824488689e+02 2.7550420506249469e+00
805 1.9774636983633440e+02 2.7359097226382190e+00
806 1.9151877695242780e+02 2.6497481818027824e+00
807 1.9302883926568492e+02 2.6706405712208490e+00
808 1.9749764928581627e+02 2.7324685622621994e+00
809 1.9382743208802808e+02 2.6816894611139279e+00
810 1.8906495636847953e+02 2.6157984734021160e+00
811 1.9273608972611746e+02 2.6665902500328373e+00
812 1.9509960314162731e+02 2.6992905182523308e+00
813 1.8964585715694932e+02 2.6238354963642978e+00
814 1.8766189945029876e+02 2.5963865516204794e+00
815 1.9249059524194396e+02 2.6631937237316960e+00
816 1.9147549966979955e+02 2.6491494211862916e+00
817 1.8597753774932178e+02 2.5730826519941226e+00
818 1.8752118522392740e+02 2.5944397071835295e+00
819 1.9125910368550220e+02 2.6461554856826011e+00
820 1.8687288076205954e+02 2.5854701241670521e+00
821 1.8385952205801391e+02 2.5437789549030176e+00
822 1.8795278362454562e+02 2.6004110646426004e+00
823 1.8807096737478369e+02 2.6020461898365639e+00
824 1.8260339886102179e+02 2.5263999270587822e+00
825 1.8375403988536260e+02 2.5423195617320555e+00
826 1.8722812235414457e+02 2.5903850509314488e+00
827 1.8326005477615624e+02 2.5354850561771127e+00
828 1.8041173202193247e+02 2.4960772333030836e+00
829 1.8449883380391356e+02 2.5526241196605368e+00
830 1.8385432651894797e+02 2.5437070722896649e+00
831 1.7899595061308199e+02 2.4764892624856656e+00
832 1.8077088144241063e+02 2.5010462266260931e+00
833 1.8342789125701609e+02 2.5378071491701619e+00
834 1.7878967551785058e+02 2.4736353540217642e+00
835 1.7761587325335350e+02 2.4573952732023274e+00
836 1.8142430040839474e+02 2.5100865711010472e+00
837 1.7914833003345404e+02 2.4785975001138505e+00
838 1.7538063992951837e+02 2.4264698175891248e+00
839 1.7865255655544956e+02 2.4717382516744415e+00
840 1.7896051214649333e+02 2.4759989554050579e+00
841 1.7433117028436322e+02 2.4119499343256798e+00
842 1.7555548339048536e+02 2.4288888552948245e+00
843 1.7811079613190029e+02 2.4642427532167162e+00
844 1.7380497447322139e+02 2.4046697792618676e+00
845 1.7295277232844506e+02 2.3928791803473266e+00
846 1.7634168434000713e+02 2.4397662980692445e+00
847 1.7361837352010892e+02 2.4020880713787012e+00
848 1.7079234650831197e+02 2.3629887201015438e+00
849 1.7420285853404761e+02 2.4101746837078921e+00
850 1.7314488368972900e+02 2.3955371271991499e+00
851 1.6932446592294036e+02 2.3426799338087090e+00
852 1.7173563967724891e+02 2.3760396041927603e+00
853 1.7247239790386249e+02 2.3862329847190074e+00
854 1.6813431390240660e+02 2.3262136467810843e+00
855 1.6945412394288377e+02 2.3444738106706446e+00
856 1.7130154095311755e+02 2.3700336536364048e+00
857 1.6730464531843302e+02 2.3147348097873155e+00
858 1.6722740230079651e+02 2.3136661179922018e+00
859 1.6996228612846252e+02 2.3515044624360990e+00
860 1.6642340749924711e+02 2.3025424892938333e+00
861 1.6535885894823321e+02 2.2878139826044319e+00
862 1.6829402631506963e+02 2.3284233396467107e+00
863 1.6564183761328130e+02 2.2917291193608995e+00
864 1.6357642135549258e+02 2.2631531590251619e+00
865 1.6665529782017168e+02 2.3057507958944976e+00
866 1.6465060802879080e+02 2.2780150134593917e+00
867 1.6208749135297424e+02 2.2425531446047242e+00
868 1.6486862365852554e+02 2.2810313574841747e+00
869 1.6368058035865843e+02 2.2645942455528063e+00
870 1.6059411045854273e+02 2.2218915500982916e+00
871 1.6323722591251297e+02 2.2584602379308802e+00
872 1.6248828225221342e+02 2.2480982664640075e+00
873 1.5929449021691789e+02 2.2039107211316633e+00
874 1.6154288028070724e+02 2.2350182061433763e+00
875 1.6133284222659671e+02 2.2321122354555674e+00
876 1.5791387600684294e+02 2.1848093042829859e+00
877 1.6004275074502081e+02 2.2142632411581880e+00
878 1.5999069081045624e+02 2.2135429686128409e+00
879 1.5666492737106717e+02 2.1675295397112126e+00
880 1.5850011888785596e+02 2.1929202374916130e+00
881 1.5871506813433859e+02 2.1958941567287260e+00
882 1.5530103520221300e+02 2.1486594798032272e+00
883 1.5714936442173499e+02 2.1742319435936466e+00
884 1.5728203544084249e+02 2.1760675066504498e+00
885 1.5404669301128024e+02 2.1313050929766644e+00
886 1.5575257001760846e+02 2.1549066665029000e+00
887 1.5592865048131432e+02 2.1573428186963293e+00
888 1.5267704426348163e+02 2.1123553882169621e+00
889 1.5453289826644234e+02 2.1380319607613765e+00
890 1.5442814294403124e+02 2.1365826238895047e+00
891 1.5142260127025381e+02 2.0949996067454340e+00
892 1.5325569143989139e+02 2.1203612314454721e+00
893 1.5300338934488809e+02 2.1168705187950558e+00
894 1.5007509886679091e+02 2.0763563065930026e+00
895 1.5213346126267271e+02 2.1048346735853616e+00
896 1.5143035433150780e+02 2.0951068738253937e+00
897 1.4886723958850376e+02 2.0596450317120545e+00
898 1.5093118518384057e+02 2.0882006447731278e+00
899 1.4992560935629638e+02 2.0742880521641958e+00
900 1.4760286680780570e+02 2.0421518671770293e+00
901 1.4984612523532638e+02 2.0731883536992526e+00
902 1.4827807840622177e+02 2.0514937224964140e+00
903 1.4651143729020291e+02 2.0270514502578449e+00
904 1.4863807189903699e+02 2.0564743939388017e+00
905 1.4670964048520455e+02 2.0297936803615468e+00
906 1.4539955510473359e+02 2.0116680615050124e+00
907 1.4748729445445744e+02 2.0405528718303363e+00
908 1.4503411257800724e+02 2.0066120002343881e+00
909 1.4448076502821698e+02 1.9989561886878995e+00
910 1.4615238077741674e+02 2.0220837423544267e+00
911 1.4348843696860129e+02 1.9852268848903314e+00
912 1.4354621071210988e+02 1.9860262105452557e+00
913 1.4480903271965457e+02 2.0034979194381299e+00
914 1.4191510763652960e+02 1.9634591678895619e+00
915 1.4277345953324323e+02 1.9753348513805276e+00
916 1.4323803333511989e+02 1.9817624383065953e+00
917 1.4056047189527848e+02 1.9447171748092864e+00
918 1.4191836219205743e+02 1.9635041961250679e+00
919 1.4164257367733228e+02 1.9596885383233444e+00
920 1.3927531106786000e+02 1.9269363983237402e+00
921 1.4111185731503954e+02 1.9523458394067392e+00
922 1.3986215059778053e+02 1.9350555864376200e+00
923 1.3828066637798264e+02 1.9131750429074148e+00
924 1.4008226518376662e+02 1.9381009704635934e+00
925 1.3815608594970843e+02 1.9114514168036945e+00
926 1.3738516799973499e+02 1.9007854211829691e+00
927 1.3894962492326835e+02 1.9224303844320347e+00
928 1.3643029185876910e+02 1.8875742814783765e+00
929 1.3673023781345023e+02 1.8917241682973220e+00
930 1.3748424641366603e+02 1.9021562154797336e+00
931 1.3497338052153262e+02 1.8674172596535707e+00
932 1.3603545990621538e+02 1.8821116043192763e+00
933 1.3588660532559715e+02 1.8800521344300958e+00
934 1.3368907178657980e+02 1.8496482722494794e+00
935 1.3535070729867925e+02 1.8726377448592493e+00
936 1.3405859396599305e+02 1.8547607773448898e+00
937 1.3279267664175032e+02 1.8372462433571439e+00
938 1.3435417953745912e+02 1.8588503363062752e+00
939 1.3232506515816451e+02 1.8307766287421270e+00
940 1.3206473157064360e+02 1.8271747967903331e+00
941 1.3312750710931937e+02 1.8418787730587807e+00
942 1.3068293684348788e+02 1.8080570469583415e+00
943 1.3154899559467194e+02 1.8200393582376910e+00
944 1.3149241544928853e+02 1.8192565465481978e+00
945 1.2944969468664260e+02 1.7909945885674599e+00
946 1.3087156304089763e+02 1.8106667750047512e+00
947 1.2974101416369783e+02 1.7950251241991833e+00
948 1.2851177223339633e+02 1.7780180107367720e+00
949 1.2999757170055918e+02 1.7985747127964151e+00
950 1.2792080611933001e+02 1.7698417294803226e+00
951 1.2796161220677705e+02 1.7704063000030663e+00
952 1.2863652358534424e+02 1.7797440016461832e+00
953 1.2643973166972259e+02 1.7493504001578895e+00
954 1.2742232524664870e+02 1.7629450230212014e+00
955 1.2699872973343412e+02 1.7570843890989258e+00
956 1.2529882133609452e+02 1.7335653939551716e+00
957 1.2677557754515644e+02 1.7539969784827805e+00
958 1.2513961739494742e+02 1.7313627360210353e+00
959 1.2465948592379424e+02 1.7247199017623847e+00
960 1.2562954555627486e+02 1.7381411118823944e+00
961 1.2353136033342510e+02 1.7091117782170451e+00
962 1.2416368591050832e+02 1.7178602861954553e+00
963 1.2410776703516503e+02 1.7170866234735689e+00
964 1.2227422543802820e+02 1.6917187530715985e+00
965 1.2363283430289516e+02 1.7105157160991797e+00
966 1.2226322534556002e+02 1.6915665618583866e+00
967 1.2158609720011259e+02 1.6821981902511867e+00
968 1.2259882188250997e+02 1.6962096904735162e+00
969 1.2061847400293600e+02 1.6688106893064321e+00
970 1.2111553317863915e+02 1.6756877259501810e+00
971 1.2112817060155307e+02 1.6758625703645076e+00
972 1.1934837014502278e+02 1.6512382327475528e+00
973 1.2062428295793913e+02 1.6688910588044137e+00
974 1.1929777631041591e+02 1.6505382443527161e+00
975 1.1868899552737149e+02 1.6421154891604715e+00
976 1.1959521798927531e+02 1.6546534833924154e+00
977 1.1768471975373271e+02 1.6282208833804390e+00
978 1.1825473162876000e+02 1.6361072533410967e+00
979 1.1809338156524296e+02 1.6338749028413637e+00
980 1.1650523225050925e+02 1.6119021447332003e+00
981 1.1773487082799323e+02 1.6289147459872908e+00
982 1.1627175662424595e+02 1.6086719047221119e+00
983 1.1595112542502328e+02 1.6042358282669007e+00
984 1.1660418813669119e+02 1.6132712438035981e+00
985 1.1476720412985902e+02 1.5878557461194551e+00
986 1.1554512906089856e+02 1.5986186864660983e+00
987 1.1500798526904693e+02 1.5911870611786256e+00
988 1.1378003135659549e+02 1.5741977680208898e+00
989 1.1490411877194690e+02 1.5897500216036007e+00
990 1.1323118077158362e+02 1.5666041739991514e+00
991 1.1337115141883132e+02 1.5685407306854051e+00
992 1.1357446242640901e+02 1.5713536296671238e+00
993 1.1194255500998672e+02 1.5487754585951063e+00
994 1.1292328286131971e+02 1.5623442683079964e+00
995 1.1188254254223891e+02 1.5479451591861886e+00
996 1.1122601915328127e+02 1.5388618636269569e+00
997 1.1203643858984880e+02 1.5500743800324674e+00
998 1.1026127745705345e+02 1.5255142295402795e+00
999 1.1091790646688337e+02 1.5345989864116538e+00
1000 1.1046280985446178e+02 1.5283025206525378e+00
1001 1.0931071052034331e+02 1.5123627096093892e+00
1002 1.1027517390571991e+02 1.5257064931406084e+00
1003 1.0878448925430467e+02 1.5050822023656627e+00
1004 1.0885948747584868e+02 1.5061198363999695e+00
1005 1.0903476375633819e+02 1.5085448623578974e+00
1006 1.0749465632142446e+02 1.4872367852054555e+00
1007 1.0847935700443419e+02 1.5008605608265433e+00
1008 1.0730337525839352e+02 1.4845903259023794e+00
1009 1.0694014043433262e+02 1.4795648091883609e+00
1010 1.0745349093441705e+02 1.4866672436121362e+00
1011 1.0586961812888873e+02 1.4647536529269889e+00
1012 1.0658452939161430e+02 1.4746447709087414e+00
1013 1.0588749890077409e+02 1.4650010414261554e+00
1014 1.0505676281645427e+02 1.4535074350862862e+00
1015 1.0586018802097448e+02 1.4646231831542720e+00
1016 1.0426777047388445e+02 1.4425913721370121e+00
1017 1.0476413690184680e+02 1.4494588243050459e+00
1018 1.0438549268669230e+02 1.4442201117536131e+00
1019 1.0332813331374680e+02 1.4295910705673778e+00
1020 1.0416156061632319e+02 1.4411219111189291e+00
1021 1.0277119772655081e+02 1.4218856169140246e+00
1022 1.0292598593807534e+02 1.4240271812482281e+00
1023 1.0290964290086407e+02 1.4238010679980040e+00
1024 1.0161856209275471e+02 1.4059383859242873e+00
1025 1.0250653120323473e+02 1.4182238368520359e+00
1026 1.0123540928552917e+02 1.4006372949792951e+00
1027 1.0120112862844429e+02 1.4001630067124886e+00
1028 1.0134790864774168e+02 1.4021937741152839e+00
1029 1.0002457385134761e+02 1.3838848436466411e+00
1030 1.0080163416477042e+02 1.3946358216207466e+00
1031 9.9759222374936641e+01 1.3802135869513599e+00
1032 9.9476337742396296e+01 1.3762997511768138e+00
1033 9.9824910009258033e+01 1.3811224048353279e+00
1034 9.8415943646448270e+01 1.3616287232366624e+00
1035 9.9176274849840098e+01 1.3721482464699164e+00
1036 9.8223443664639618e+01 1.3589653996455702e+00
1037 9.7860258387298799e+01 1.3539405684326473e+00
1038 9.8239885301546721e+01 1.3591928770668116e+00
1039 9.6890005893284851e+01 1.3405166899868191e+00
1040 9.7528407905336451e+01 1.3493492681685040e+00
1041 9.6735239404085149e+01 1.3383754261907226e+00
1042 9.6238252612958306e+01 1.3314993910200539e+00
1043 9.6710481148424094e+01 1.3380328846187346e+00
1044 9.5331235861423337e+01 1.3189504074347973e+00
1045 9.5970266063346585e+01 1.3277916769051208e+00
1046 9.5188996458254678e+01 1.3169824614927632e+00
1047 9.4711811922746165e+01 1.3103803994105572e+00
1048 9.5136346944100808e+01 1.3162540318493519e+00
1049 9.3840100825681873e+01 1.2983198853906854e+00
1050 9.4397115392335280e+01 1.3060264317602572e+00
1051 9.3690569574827805e+01 1.2962510534652829e+00
1052 9.3173529274224407e+01 1.2890975689963269e+00
1053 9.3623850566746711e+01 1.2953279660627433e+00
1054 9.2313655909945624e+01 1.2772008353191675e+00
1055 9.2910319008052880e+01 1.2854559369051139e+00
1056 9.2141117204098919e+01 1.2748136849343179e+00
1057 9.1722434258242117e+01 1.2690210185848900e+00
1058 9.2072298831830665e+01 1.2738615518866130e+00
1059 9.0852976764916349e+01 1.2569916841835587e+00
1060 9.1406571089572367e+01 1.2646509099710019e+00
1061 9.0641934313987349e+01 1.2540718172152601e+00
1062 9.0258967793729624e+01 1.2487733036340236e+00
1063 9.0578291629410273e+01 1.2531912921282342e+00
1064 8.9364770954813864e+01 1.2364016892900194e+00
1065 8.9978991499728707e+01 1.2448997060276590e+00
1066 8.9100021573283172e+01 1.2327387628474669e+00
1067 8.8878864190176259e+01 1.2296789512555968e+00
1068 8.9043009894687188e+01 1.2319499807024201e+00
1069 8.7948837799111232e+01 1.2168116189868381e+00
1070 8.8526218461411119e+01 1.2247999394245634e+00
1071 8.7613387784372918e+01 1.2121705175722268e+00
1072 8.7487401998246654e+01 1.2104274477122725e+00
1073 8.7556548919193588e+01 1.2113841263783123e+00
1074 8.6519279043131576e+01 1.1970330323922806e+00
1075 8.7133272057136494e+01 1.2055279011377262e+00
1076 8.6096880827098872e+01 1.1911889636135446e+00
1077 8.6173592472494562e+01 1.1922503036353682e+00
1078 8.6025737332717668e+01 1.1902046614585109e+00
1079 8.5172481330282864e+01 1.1783994819505741e+00
1080 8.5700576235168626e+01 1.1857059118281412e+00
1081 8.4647842597660372e+01 1.1711408697664796e+00
1082 8.4842859789955853e+01 1.1738390200937114e+00
1083 8.4539241810846804e+01 1.1696383291697783e+00
1084 8.3826050555963349e+01 1.1597710082680033e+00
1085 8.4306484923411688e+01 1.1664180332327565e+00
1086 8.3190352111725488e+01 1.1509758351596633e+00
1087 8.3573292531191996e+01 1.1562739876247463e+00
1088 8.3015117710190097e+01 1.1485513886158498e+00
1089 8.2567973931311656e+01 1.1423649538759191e+00
1090 8.2856668767828864e+01 1.1463591764285586e+00
1091 8.1820954236382988e+01 1.1320296013329159e+00
1092 8.2266946378951147e+01 1.1382001026679462e+00
1093 8.1546624257710590e+01 1.1282341230316852e+00
1094 8.1311947194436598e+01 1.1249872606006688e+00
1095 8.1429643063422915e+01 1.1266156357386827e+00
1096 8.0468966146573237e+01 1.1133242396978933e+00
1097 8.0990634203065682e+01 1.1205417512452795e+00
1098 8.0067206053509537e+01 1.1077657086073314e+00
1099 8.0129738877419626e+01 1.1086308782742196e+00
1100 7.9945952043730642e+01 1.1060881049955054e+00
1101 7.9222558019527227e+01 1.0960796242039006e+00
1102 7.9647425652351004e+01 1.1019578584715584e+00
1103 7.8675596745474948e+01 1.0885121696467082e+00
1104 7.8923822679832270e+01 1.0919464867862907e+00
1105 7.8495621652504767e+01 1.0860221335105336e+00
1106 7.8003665190861227e+01 1.0792156952045395e+00
1107 7.8303958851998004e+01 1.0833703926982570e+00
1108 7.7314701317602101e+01 1.0696835709943393e+00
1109 7.7747289614227512e+01 1.0756686241086724e+00
1110 7.7023223003818487e+01 1.0656508377852352e+00
1111 7.6877545942149112e+01 1.0636353302959374e+00
1112 7.6882019288664935e+01 1.0636972210514313e+00
1113 7.6075408293390169e+01 1.0525373961394211e+00
1114 7.6497516040096414e+01 1.0583774461447402e+00
1115 7.5633022201078745e+01 1.0464167861271285e+00
1116 7.5744809691717208e+01 1.0479634162005920e+00
1117 7.5469239783830290e+01 1.0441507829225281e+00
1118 7.4888089921461173e+01 1.0361103139112311e+00
1119 7.5227332502499493e+01 1.0408038871816978e+00
1120 7.4284065653196095e+01 1.0277533672344168e+00
1121 7.4642320852257882e+01 1.0327099886030420e+00
1122 7.4023562665865072e+01 1.0241491915602685e+00
1123 7.3810376585724939e+01 1.0211996665203436e+00
1124 7.3859725229922290e+01 1.0218824271473543e+00
1125 7.3071348675790119e+01 1.0109748839073169e+00
1126 7.3459405354189883e+01 1.0163438221095571e+00
1127 7.2657952687485448e+01 1.0052553649870026e+00
1128 7.2737386194028360e+01 1.0063543631786451e+00
1129 7.2483060760458457e+01 1.0028356567316243e+00
1130 7.1931277171042112e+01 9.9520148327839808e-01
1131 7.2236062741012901e+01 9.9941832834560751e-01
1132 7.1348451482666050e+01 9.8713782846263021e-01
1133 7.1687027162554557e+01 9.9182217485656132e-01
1134 7.1072824163048352e+01 9.8332440086751982e-01
1135 7.0909079330240317e+01 9.8105891766051057e-01
1136 7.0901190171906890e+01 9.8094976761641250e-01
1137 7.0191409130036490e+01 9.7112962854126927e-01
1138 7.0540665659446347e+01 9.7596174927905155e-01
1139 6.9753435889495037e+01 9.6507007231252806e-01
1140 6.9888140609455320e+01 9.6693377253281332e-01
1141 6.9551967057090962e+01 9.6228266065061441e-01
1142 6.9121157092603312e+01 9.5632221155904984e-01
1143 6.9332282870407809e+01 9.5924323139204570e-01
1144 6.8514722610374392e+01 9.4793191849098302e-01
1145 6.8865558633495951e+01 9.5278589223272314e-01
1146 6.8187612640566314e+01 9.4340620533877428e-01
1147 6.8160632256032144e+01 9.4303291961712665e-01
1148 6.8008669429211110e+01 9.4093044574757678e-01
1149 6.7444391226870934e+01 9.3312340372029179e-01
1150 6.7720929825917040e+01 9.3694943927503382e-01
1151 6.6943311354448781e+01 9.2619073893401660e-01
1152 6.7174575937931181e+01 9.2939038817650366e-01
1153 6.6688123965218409e+01 9.2266010694381684e-01
1154 6.6459316239956578e+01 9.1949444943679570e-01
1155 6.6498450230663636e+01 9.2003588575114970e-01
1156 6.5810730553323637e+01 9.1052097554955469e-01
1157 6.6144042945207829e+01 9.1513250199318297e-01
1158 6.5396483087462229e+01 9.0478967605532634e-01
1159 6.5548092035543831e+01 9.0688725385378965e-01
1160 6.5181313363067474e+01 9.0181270640740707e-01
1161 6.4849061832895146e+01 8.9721585746139487e-01
1162 6.4965657739530940e+01 8.9882901412691896e-01
1163 6.4267750101204172e+01 8.8917314891542598e-01
1164 6.4557854576365997e+01 8.9318687445098455e-01
1165 6.3917612005561089e+01 8.8432883131339479e-01
1166 6.3938572913643426e+01 8.8461883487839199e-01
1167 6.3720021097908692e+01 8.8159507247980140e-01
1168 6.3269722089155422e+01 8.7536498371932459e-01
1169 6.3475520650159979e+01 8.7821229911845600e-01
1170 6.2747301326723516e+01 8.6813705814765174e-01
1171 6.3031077683683222e+01 8.7206323132950836e-01
1172 6.2441430555455760e+01 8.6390519883374928e-01
1173 6.2407060923854040e+01 8.6342967956459415e-01
1174 6.2248864901399735e+01 8.6124096663765826e-01
1175 6.1771801871705279e+01 8.5464058564288925e-01
1176 6.1980582865005950e+01 8.5752916433055937e-01
1177 6.1295511757179263e+01 8.4805089827615432e-01
1178 6.1516081654530865e+01 8.5110258173909226e-01
1179 6.1017688915394437e+01 8.4420709464709554e-01
1180 6.0899767639912014e+01 8.4257560090910544e-01
1181 6.0824288769985053e+01 8.4153131688883320e-01
1182 6.0296453115433700e+01 8.3422847385592513e-01
1183 6.0540524670259416e+01 8.3760531329130783e-01
1184 5.9853966865527639e+01 8.2810647811838678e-01
1185 6.0069761174541711e+01 8.3109208917466171e-01
1186 5.9592773897224504e+01 8.2449275624800944e-01
1187 5.9467877876651627e+01 8.2276476378328323e-01
1188 5.9397547312007418e+01 8.2179170887578734e-01
1189 5.8891162219078637e+01 8.1478564398423181e-01
1190 5.9107892029619990e+01 8.1778419812374081e-01
1191 5.8470543438774477e+01 8.0896619449693741e-01
1192 5.8642420612936050e+01 8.1134419229420385e-01
1193 5.8217311983999224e+01 8.0546262373722710e-01
1194 5.8059178899811293e+01 8.0327478158943655e-01
1195 5.8021135244503682e+01 8.0274843055438627e-01
1196 5.7503679078052535e+01 7.9558919239489678e-01
1197 5.7734365635626183e+01 7.9878084438967201e-01
1198 5.7095293952903582e+01 7.8993900101388392e-01
1199 5.7283171205181731e+01 7.9253836706847069e-01
1200 5.6843892657357308e+01 7.8646075132799498e-01
1201 5.6720740116977545e+01 7.8475688069375049e-01
1202 5.6648501014084772e+01 7.8375742030354167e-01
1203 5.6180852661540264e+01 7.7728729558994414e-01
1204 5.6372420843353964e+01 7.7993772731016242e-01
1205 5.5776042565805326e+01 7.7168656634439603e-01
1206 5.5943357436133624e+01 7.7400144262178117e-01
1207 5.5520834301905900e+01 7.6815564554378690e-01
1208 5.5404392078022397e+01 7.6654461514807259e-01
1209 5.5326893831396596e+01 7.6547239214541307e-01
1210 5.4876663791634016e+01 7.5924325760185740e-01
1211 5.5067251260778946e+01 7.6188012072242040e-01
1212 5.4469001538006907e+01 7.5360306747258166e-01
1213 5.4666764953727380e+01 7.5633921303267260e-01
1214 5.4205013042496397e+01 7.4995066822940160e-01
1215 5.4154174891046445e+01 7.4924729960145664e-01
1216 5.4011937065781616e+01 7.4727937549042978e-01
1217 5.3636573255053037e+01 7.4208604880560203e-01
1218 5.3772586123576474e+01 7.4396784784800751e-01
1219 5.3220727567808176e+01 7.3633263720167708e-01
1220 5.3406570984902885e+01 7.3890386423425702e-01
1221 5.2942397876605831e+01 7.3248182108358784e-01
1222 5.2925076906490695e+01 7.3224217769300248e-01
1223 5.2747147627154149e+01 7.2978044630606598e-01
1224 5.2418861076205097e+01 7.2523845462603542e-01
1225 5.2528977206098588e+01 7.2676196067393017e-01
1226 5.1992219418514559e+01 7.1933567592863568e-01
1227 5.2201799729159681e+01 7.2223531353028725e-01
1228 5.1694469991018359e+01 7.1521617904851076e-01
1229 5.1756968496578565e+01 7.1608087390563535e-01
1230 5.1492062286660207e+01 7.1241577767199660e-01
1231 5.1265824777668065e+01 7.0928568025989569e-01
1232 5.1293022500032130e+01 7.0966197294790334e-01
1233 5.0827947399875512e+01 7.0322745033528322e-01
1234 5.1007379148208706e+01 7.0570996905469663e-01
1235 5.0505928621238105e+01 6.9877217609649267e-01
1236 5.0605949931454951e+01 7.0015601578629216e-01
1237 5.0289063795575956e+01 6.9577175396222857e-01
1238 5.0137238323319238e+01 6.9367118045468412e-01
1239 5.0103198349571727e+01 6.9320022214980470e-01
1240 4.9691842503789267e+01 6.8750892951635834e-01
1241 4.9858436721130232e+01 6.8981383523642636e-01
1242 4.9343066470092594e+01 6.8268345665228658e-01
1243 4.9506348065948202e+01 6.8494253076828160e-01
1244 4.9103766486631059e+01 6.7937263404693893e-01
1245 4.9069581299191128e+01 6.7889966664549173e-01
1246 4.8921777940227088e+01 6.7685474087940567e-01
1247 4.8624064969113469e+01 6.7273574838968564e-01
1248 4.8713231756206234e+01 6.7396941088344164e-01
1249 4.8248968977640388e+01 6.6754612710438366e-01
1250 4.8414464122630584e+01 6.6983582666550756e-01
1251 4.7979486955194702e+01 6.6381772245202231e-01
1252 4.8020945402105731e+01 6.6439131866055567e-01
1253 4.7788930570770852e+01 6.6118128940251808e-01
1254 4.7587604329743037e+01 6.5839585055625205e-01
1255 4.7606581408983836e+01 6.5865840695941213e-01
1256 4.7192132707753032e+01 6.5292432328358729e-01
1257 4.7360367092685721e+01 6.5525192145795763e-01
1258 4.6888027877493194e+01 6.4871689655561371e-01
1259 4.7020085127013793e+01 6.5054396783488577e-01
1260 4.6675727293489594e+01 6.4577962275191281e-01
1261 4.6614181584252592e+01 6.4492811025928121e-01
1262 4.6504833795096580e+01 6.4341523455011640e-01
1263 4.6209851536678968e+01 6.3933402269536288e-01
1264 4.6304156857155078e+01 6.4063877910328404e-01
1265 4.5871767568800998e+01 6.3465647935764702e-01
1266 4.6023280280047956e+01 6.3675272567633745e-01
1267 4.5626106524103577e+01 6.3125764861694911e-01
1268 4.5661513609639911e+01 6.3174752152662283e-01
1269 4.5448338495261076e+01 6.2879814820292401e-01
1270 4.5266205798714637e+01 6.2627826065351344e-01
1271 4.5278526836371320e+01 6.2644872773589688e-01
1272 4.4902970965253189e+01 6.2125274380943407e-01
1273 4.5055445650281897e+01 6.2336229946687294e-01
1274 4.4618269138485061e+01 6.1731376633767332e-01
1275 4.4751212124743866e+01 6.1915309218200143e-01
1276 4.4415670108235332e+01 6.1451071788163303e-01
1277 4.4386057941492410e+01 6.1410102027268376e-01
1278 4.4255969482852478e+01 6.1230118809831524e-01
1279 4.4014627818580735e+01 6.0896211792319532e-01
1280 4.4079390495747148e+01 6.0985813861004945e-01
1281 4.3693987090436600e+01 6.0452590963108155e-01
1282 4.3838501427655139e+01 6.0652533030608080e-01
1283 4.3453253763284792e+01 6.0119525607287572e-01
1284 4.3524061407231194e+01 6.0217491158650360e-01
1285 4.3280107030564203e+01 5.9879969336350525e-01
1286 4.3168664181233261e+01 5.9725783155711465e-01
1287 4.3128785610288290e+01 5.9670609364119964e-01
1288 4.2826869553911173e+01 5.9252894958163282e-01
1289 4.2944783175079841e+01 5.9416033741875895e-01
1290 4.2545175641853582e+01 5.8863158795904413e-01
1291 4.2693947595403614e+01 5.9068991466567489e-01
1292 4.2338848772407182e+01 5.8577696317565564e-01
1293 4.2380219088970705e+01 5.8634934006130179e-01
1294 4.2185875839674701e+01 5.8366051403775399e-01
1295 4.2041928713325397e+01 5.8166894097954391e-01
1296 4.2039268955619129e+01 5.8163214203868618e-01
1297 4.1729894658974167e+01 5.7735180987974011e-01
1298 4.1851513141623386e+01 5.7903445613720561e-01
1299 4.1480963526849258e+01 5.7390773601273781e-01
1300 4.1599146129444868e+01 5.7554284532855304e-01
1301 4.1300738523404227e+01 5.7141424225305026e-01
1302 4.1294234584280836e+01 5.7132425733804093e-01
1303 4.1162312874100614e+01 5.6949906130633698e-01
1304 4.0976555519261289e+01 5.6692902498366227e-01
1305 4.1020378355008361e+01 5.6753533357225083e-01
1306 4.0692009133058384e+01 5.6299219810184176e-01
1307 4.0834045862743132e+01 5.6495733996532005e-01
1308 4.0469881614306686e+01 5.5991896424818743e-01
1309 4.0587305072115072e+01 5.6154357045536907e-01
1310 4.0309883679333460e+01 5.5770532105333337e-01
1311 4.0296297664882594e+01 5.5751735244961742e-01
1312 4.0183555614143295e+01 5.5595751560900641e-01
1313 3.9999780272020828e+01 5.5341490132126925e-01
1314 4.0048535791624083e+01 5.5408945580348412e-01
1315 3.9739002139606058e+01 5.4980691889147537e-01
1316 3.9869240712384126e+01 5.5160882796227628e-01
1317 3.9538132005217228e+01 5.4702779048513905e-01
1318 3.9634094803316877e+01 5.4835547883941682e-01
1319 3.9394076492832234e+01 5.4503471785751034e-01
1320 3.9360397334821720e+01 5.4456875160019047e-01
1321 3.9279003069506324e+01 5.4344262543146382e-01
1322 3.9084618410933018e+01 5.4075322649199109e-01
1323 3.9153803031591217e+01 5.4171042675044578e-01
1324 3.8844162849549342e+01 5.3742641594777474e-01
1325 3.8986598119818858e+01 5.3939707179900220e-01
1326 3.8660266031807247e+01 5.3488212099035404e-01
1327 3.8767683455222880e+01 5.3636828922366631e-01
1328 3.8529391918112800e+01 5.3307141892591348e-01
1329 3.8513401487127247e+01 5.3285018414097773e-01
1330 3.8425775485336345e+01 5.3163783910296736e-01
1331 3.8257297840514298e+01 5.2930687531891751e-01
1332 3.8313491911360209e+01 5.3008434549401706e-01
1333 3.8033870452721764e+01 5.2621565719404784e-01
1334 3.8162940097196376e+01 5.2800139361746645e-01
1335 3.7863256226954725e+01 5.2385513285429508e-01
1336 3.7964308846996978e+01 5.2525324117810646e-01
1337 3.7743276968125144e+01 5.2219516599362170e-01
1338 3.7731464846167128e+01 5.2203173998819530e-01
1339 3.7651255193084666e+01 5.2092200346105000e-01
1340 3.7494601564107121e+01 5.1875463023968094e-01
1341 3.7554351186716865e+01 5.1958129306821865e-01
1342 3.7285982916025908e+01 5.1586829767093934e-01
1343 3.7424170310772411e+01 5.1778018225898970e-01
1344 3.7125960426119931e+01 5.1365431474757695e-01
1345 3.7249307418509972e+01 5.1536087571260203e-01
1346 3.7015054934980895e+01 5.1211988753279480e-01
1347 3.7039936509772616e+01 5.1246413528026835e-01
1348 3.6934536303817538e+01 5.1100587615531323e-01
1349 3.6822422746824593e+01 5.0945473480758374e-01
1350 3.6854773368859377e+01 5.0990232017378601e-01
1351 3.6627120783008266e+01 5.0675264453863134e-01
1352 3.6748016540139837e+01 5.0842529156439331e-01
1353 3.6475447545722702e+01 5.0465417727019535e-01
1354 3.6600315396086387e+01 5.0638177998744205e-01
1355 3.6371609184076554e+01 5.0321752696179445e-01
1356 3.6417192445631066e+01 5.0384819183103968e-01
1357 3.6301625395555234e+01 5.0224926985749963e-01
1358 3.6220529624660820e+01 5.0112727349297215e-01
1359 3.6239506889999490e+01 5.0138983247087976e-01
1360 3.6038577277072783e+01 4.9860988115229371e-01
1361 3.6158139629963394e+01 5.0026407993230504e-01
1362 3.5894076016989779e+01 4.9661064140533012e-01
1363 3.6040586658060455e+01 4.9863768183953372e-01
1364 3.5795510606175270e+01 4.9524694473678227e-01
1365 3.5886957078228960e+01 4.9651214769448876e-01
1366 3.5734416678049804e+01 4.9440168283846797e-01
1367 3.5713789528275782e+01 4.9411629696936821e-01
1368 3.5689219800250498e+01 4.9377636376178224e-01
1369 3.5546541977788785e+01 4.9180235209218276e-01
1370 3.5634033631572883e+01 4.9301283836525939e-01
1371 3.5408971276063248e+01 4.8989899972868517e-01
1372 3.5549124808943262e+01 4.9183808671969231e-01
1373 3.5314003411064256e+01 4.8858507672011625e-01
1374 3.5428804990015244e+01 4.9017340805730431e-01
1375 3.5259317381979159e+01 4.8782847097918547e-01
1376 3.5283341060777005e+01 4.8816084935078824e-01
1377 3.5228755920669116e+01 4.8740563945410925e-01
1378 3.5134218325424328e+01 4.8609766942058036e-01
1379 3.5198803943912168e+01 4.8699124042119962e-01
1380 3.5005207839301164e+01 4.8431275147948855e-01
1381 3.5147800089367529e+01 4.8628557921661625e-01
1382 3.4913224075611048e+01 4.8304011485099857e-01
1383 3.5064395334163009e+01 4.8513163701850071e-01
1384 3.4862385456125786e+01 4.8233673974757518e-01
1385 3.4951786966472504e+01 4.8357364974283107e-01
1386 3.4843002873827764e+01 4.8206857302773665e-01
1387 3.4825993605849391e+01 4.8183324217602236e-01
1388 3.4835510697850658e+01 4.8196491541259839e-01
1389 3.4709176813727140e+01 4.8021702946071843e-01
1390 3.4817916812693561e+01 4.8172149611999582e-01
1391 3.4621085382360107e+01 4.7899824499576132e-01
1392 3.4774140705400136e+01 4.8111583404052272e-01
1393 3.4572010315676728e+01 4.7831926943636521e-01
1394 3.4700040324739781e+01 4.8009062203755321e-01
1395 3.4559523506298746e+01 4.7814650882786341e-01
1396 3.4604680768224426e+01 4.7877127980116846e-01
1397 3.4569748270382881e+01 4.7828797302512083e-01
1398 3.4506460415946712e+01 4.7741235717224761e-01
1399 3.4582562427631295e+01 4.7846526263823669e-01
1400 3.4425963216714806e+01 4.7629864231515062e-01
1401 3.4578985162247896e+01 4.7841576956713255e-01
1402 3.4378527026366918e+01 4.7564234134494765e-01
1403 3.4548137504225494e+01 4.7798897838217197e-01
1404 3.4369150109766998e+01 4.7551260749792273e-01
1405 3.4491109725309549e+01 4.7719997348197718e-01
1406 3.4391161444449544e+01 4.7581714418608573e-01
1407 3.4420231959469277e+01 4.7621934780049552e-01
1408 3.4428823003047512e+01 4.7633820874177479e-01
1409 3.4354220380828494e+01 4.7530604800156878e-01
1410 3.4462956735985138e+01 4.7681046424710355e-01
1411 3.4311335482961205e+01 4.7471271620424393e-01
1412 3.4477759966194121e+01 4.7701527357679557e-01
1413 3.4303171352816868e+01 4.7459976180180780e-01
1414 3.4466406093241623e+01 4.7685818765190074e-01
1415 3.4331055622559724e+01 4.7498555318074076e-01
1416 3.4433313148652786e+01 4.7640033192020631e-01
1417 3.4385946885634333e+01 4.7574499842597084e-01
1418 3.4392265083455328e+01 4.7583241352675026e-01
1419 3.4451683544094848e+01 4.7665449458089254e-01
1420 3.4361299327542966e+01 4.7540398840451115e-01
1421 3.4510547967831165e+01 4.7746891028597466e-01
1422 3.4356456010073906e+01 4.7533697893493460e-01
1423 3.4549358966766775e+01 4.7800587786429793e-01
1424 3.4386595365914097e+01 4.7575397044150680e-01
1425 3.4563958276582376e+01 4.7820786586388231e-01
1426 3.4450771855490977e+01 4.7664188096013471e-01
1427 3.4560393484343642e+01 4.7815854536432922e-01
1428 3.4538661695932049e+01 4.7785787632421078e-01
1429 3.4552283140179064e+01 4.7804633511504790e-01
1430 3.4633553294276339e+01 4.7917074414940369e-01
1431 3.4555091010362915e+01 4.7808518325846644e-01
1432 3.4716335406107959e+01 4.8031607179717850e-01
1433 3.4578417746511306e+01 4.7840791911591163e-01
1434 3.4767649359130644e+01 4.8102602335329536e-01
1435 3.4616513355592048e+01 4.7893498895471620e-01
1436 3.4764204553311373e+01 4.8097836291967350e-01
1437 3.4635592060427058e+01 4.7919895139355467e-01
1438 3.4665272190009794e+01 4.7960958929887643e-01
1439 3.4556289748400751e+01 4.7810176833689461e-01
1440 3.4389146605428820e+01 4.7578926798451038e-01
1441 3.4235175629788095e+01 4.7365901047531717e-01
1442 3.3791464923511029e+01 4.6752007383467581e-01
1443 3.3465894848249071e+01 4.6301566581420761e-01
1444 3.2679664085130568e+01 4.5213781055530450e-01
1445 3.2042508551795777e+01 4.4332247796575475e-01
1446 3.0911446252097502e+01 4.2767372372963292e-01
1447 2.9915138699109800e+01 4.1388936185632530e-01
1448 2.8575041523066400e+01 3.9534851634673818e-01
1449 2.7368862328545045e+01 3.7866048617826448e-01
1450 2.6120167122535655e+01 3.6138422792098090e-01
1451 2.5043732201812013e+01 3.4649126797520502e-01
1452 2.4263141729051473e+01 3.3569144866326572e-01
1453 2.3697148598263983e+01 3.2786067983170858e-01
1454 2.3667317718311740e+01 3.2744795622740808e-01
1455 2.3822850038420555e+01 3.2959981563763330e-01
1456 2.4532566808317792e+01 3.3941906548119966e-01
1457 2.5224353550152934e+01 3.4899024534430129e-01
1458 2.6152037569423065e+01 3.6182516984864438e-01
1459 2.6668986105984125e+01 3.6897738472091524e-01
1460 2.6908450613015670e+01 3.7229048358364841e-01
1461 2.6559073914679711e+01 3.6745670025487370e-01
1462 2.5825771621018458e+01 3.5731113411112497e-01
1463 2.4981783259027548e+01 3.4563417656558038e-01
1464 2.4163097381130342e+01 3.3430729023649430e-01
1465 2.3871136157966195e+01 3.3026787575950922e-01
1466 2.3849596930197809e+01 3.2996987088225954e-01
1467 2.4457746787433944e+01 3.3838389693295506e-01
1468 2.5001203806016100e+01 3.4590286854394087e-01
1469 2.5616857292887804e+01 3.5442071067627684e-01
1470 2.5572161704544790e+01 3.5380232716406423e-01
1471 2.5186331642408163e+01 3.4846419519653743e-01
1472 2.4386224035900785e+01 3.3739434758511438e-01
1473 2.3712809026953611e+01 3.2807734888686291e-01
1474 2.3429187827859266e+01 3.2415332238366718e-01
1475 2.3568634124837718e+01 3.2608262444875691e-01
1476 2.4172551408448211e+01 3.3443809094488886e-01
1477 2.4589987740110423e+01 3.4021350982778575e-01
1478 2.4820593974598683e+01 3.4340405051664696e-01
1479 2.4306247769403591e+01 3.3628784006605816e-01
1480 2.3717368314608429e+01 3.2814042867656246e-01
1481 2.3052744519177576e+01 3.1894506036046671e-01
1482 2.2994726919344668e+01 3.1814236084391750e-01
1483 2.3280871185680436e+01 3.2210129511407953e-01
1484 2.3812903928795276e+01 3.2946220674980009e-01
1485 2.4066555857170965e+01 3.3297159495036904e-01
1486 2.3759773019182084e+01 3.2872711678428695e-01
1487 2.3191353821813951e+01 3.2086278223341347e-01
1488 2.2565551824780965e+01 3.1220453091104522e-01
1489 2.2554514755923392e+01 3.1205182811290105e-01
1490 2.2792420339772043e+01 3.1534335857416895e-01
1491 2.3348156936349529e+01 3.2303222365452733e-01
1492 2.3337309027763489e+01 3.2288213797358462e-01
1493 2.3017618697189203e+01 3.1845907885813524e-01
1494 2.2336152637766656e+01 3.0903069026538788e-01
1495 2.2049276992772167e+01 3.0506163704343425e-01
1496 2.2182151610210465e+01 3.0690001697446484e-01
1497 2.2603659142937609e+01 3.1273176275016684e-01
1498 2.2855801672928617e+01 3.1622026774706741e-01
1499 2.2518077203727529e+01 3.1154769823479350e-01
1500 2.2017531004213033e+01 3.0462241705256626e-01
1501 2.1556190169837148e+01 2.9823955968196741e-01
1502 2.1755003011787942e+01 3.0099022452465807e-01
1503 2.2053031717626254e+01 3.0511358534591199e-01
1504 2.2339956066429245e+01 3.0908331240690151e-01
1505 2.1958410001843440e+01 3.0380445146700857e-01
1506 2.1475313582631486e+01 2.9712059582208517e-01
1507 2.1143525072908378e+01 2.9253015297166829e-01
1508 2.1341428190898977e+01 2.9526823137532759e-01
1509 2.1716539250675012e+01 3.0045806113735951e-01
1510 2.1732284921273514e+01 3.0067590955255702e-01
1511 2.1371568357840573e+01 2.9568523410385150e-01
1512 2.0820375057542751e+01 2.8805922756534480e-01
1513 2.0816725653196425e+01 2.8800873641933172e-01
1514 2.1029264263611406e+01 2.9094930342519704e-01
1515 2.1371644204923893e+01 2.9568628348226922e-01
1516 2.1066243654502429e+01 2.9146092988468514e-01
1517 2.0653008426763833e+01 2.8574363515890905e-01
1518 2.0320901439436081e+01 2.8114878602798393e-01
1519 2.0554417592523073e+01 2.8437958674585573e-01
1520 2.0834654033158809e+01 2.8825678359759771e-01
1521 2.0773390648584012e+01 2.8740917719329995e-01
1522 2.0342698586695754e+01 2.8145035933708118e-01
1523 1.9960037200153938e+01 2.7615606741766707e-01
1524 2.0115680277761452e+01 2.7830945920756528e-01
1525 2.0349931074890833e+01 2.8155042405527630e-01
1526 2.0433851512506926e+01 2.8271150095085701e-01
1527 1.9938952675673935e+01 2.7586435356436206e-01
1528 1.9664807981686902e+01 2.7207143875985984e-01
1529 1.9656128692323666e+01 2.7195135689856387e-01
1530 2.0013823070370009e+01 2.7690021905689310e-01
1531 1.9962579602646557e+01 2.7619124269650619e-01
1532 1.9596947157224964e+01 2.7113255381554796e-01
1533 1.9256201163382439e+01 2.6641818015460356e-01
1534 1.9337693776606308e+01 2.6754566701075627e-01
1535 1.9639949634828746e+01 2.7172751238126569e-01
1536 1.9531763343906515e+01 2.7023070652113651e-01
1537 1.9188424709635743e+01 2.6548046251698015e-01
1538 1.8853852485283518e+01 2.6085150572607901e-01
1539 1.9090677307795730e+01 2.6412808336949922e-01
1540 1.9229734510653589e+01 2.6605200214290864e-01
1541 1.9149504725807422e+01 2.6494198708378280e-01
1542 1.8668560674182743e+01 2.5828791040983923e-01
1543 1.8589821783864100e+01 2.5719852254521841e-01
1544 1.8766836246952373e+01 2.5964759703903401e-01
1545 1.8916776295997717e+01 2.6172208487077286e-01
1546 1.8619861638202885e+01 2.5761413740388883e-01
1547 1.8260448334242682e+01 2.5264149313454476e-01
1548 1.8312319257014423e+01 2.5335915061695963e-01
1549 1.8504756815878899e+01 2.5602161055862044e-01
1550 1.8513007979442254e+01 2.5613576910744607e-01
1551 1.8072422570990756e+01 2.5004007236402348e-01
1552 1.7947500101652235e+01 2.4831171396876139e-01
1553 1.8048291446303747e+01 2.4970620743035102e-01
1554 1.8258823422980797e+01 2.5261901175840878e-01
1555 1.7942114502491865e+01 2.4823720178875383e-01
1556 1.7663509175129640e+01 2.4438257212076051e-01
1557 1.7648854352494379e+01 2.4417981607641676e-01
1558 1.7884852674777424e+01 2.4744495871845301e-01
1559 1.7795017569922386e+01 2.4620204974869270e-01
1560 1.7426509466221290e+01 2.4110357484560727e-01
1561 1.7325333998357124e+01 2.3970376686707828e-01
1562 1.7472814682847844e+01 2.4174422828709552e-01
1563 1.7586029533516630e+01 2.4331060652679787e-01
1564 1.7215762585988077e+01 2.3818779723045846e-01
1565 1.7045449840335657e+01 2.3583144400331543e-01
1566 1.7092096368799918e+01 2.3647681964716832e-01
1567 1.7304719291938401e+01 2.3941855315738039e-01
1568 1.7021056320829832e+01 2.3549394871963164e-01
1569 1.6774577359038648e+01 2.3208380172907805e-01
1570 1.6767837157119740e+01 2.3199054801232083e-01
1571 1.6973550717518631e+01 2.3483668738994717e-01
1572 1.6827610801796276e+01 2.3281754319692730e-01
1573 1.6502919466114445e+01 2.2832529293269471e-01
1574 1.6484778734682479e+01 2.2807430777660023e-01
1575 1.6633527349604908e+01 2.3013231158284997e-01
1576 1.6613532493190082e+01 2.2985567377597971e-01
1577 1.6241330373637716e+01 2.2470609050670060e-01
1578 1.6211664368148430e+01 2.2429564801454688e-01
1579 1.6320712223364854e+01 2.2580437400312703e-01
1580 1.6362722859022071e+01 2.2638560999063931e-01
1581 1.6000355637691634e+01 2.2137209694954590e-01
1582 1.5928074730795286e+01 2.2037205818219713e-01
1583 1.6048023347515361e+01 2.2203160109554146e-01
1584 1.6078531611519647e+01 2.2245369661203174e-01
1585 1.5774543396098380e+01 2.1824788330265552e-01
1586 1.5637196409699156e+01 2.1634762614104136e-01
1587 1.5803206448139559e+01 2.1864444948399603e-01
1588 1.5782777772305087e+01 2.1836180959087226e-01
1589 1.5543758938889130e+01 2.1505487682251048e-01
1590 1.5358326312293741e+01 2.1248933326074215e-01
1591 1.5562470437669598e+01 2.1531375880087997e-01
1592 1.5499842253042280e+01 2.1444726977569648e-01
1593 1.5288310954910068e+01 2.1152063938707699e-01
1594 1.5108575853414010e+01 2.0903392364059112e-01
1595 1.5309577977698440e+01 2.1181487818633501e-01
1596 1.5239414078846647e+01 2.1084412917483253e-01
1597 1.5004740607616091e+01 2.0759731644134807e-01
1598 1.4889469192300393e+01 2.0600248470731672e-01
1599 1.5046470750931144e+01 2.0817467169149620e-01
1600 1.4990867876556115e+01 2.0740538098474298e-01
1601 1.4709212291546221e+01 2.0350854963405018e-01
1602 1.4687131442885040e+01 2.0320305118881335e-01
1603 1.4787942453364447e+01 2.0459781673595270e-01
1604 1.4732243877604015e+01 2.0382720195760712e-01
1605 1.4426553477326053e+01 1.9959783815725091e-01
1606 1.4483869701446423e+01 2.0039083382622636e-01
1607 1.4546109112306256e+01 2.0125194399195848e-01
1608 1.4447104875048666e+01 1.9988217596274205e-01
1609 1.4174917059211250e+01 1.9611633544516599e-01
1610 1.4271207810319980e+01 1.9744856117642240e-01
1611 1.4317831313886014e+01 1.9809361826048086e-01
1612 1.4137526838270308e+01 1.9559902496766604e-01
1613 1.3957325528178334e+01 1.9310585901614530e-01
1614 1.4053493696441288e+01 1.9443638875874783e-01
1615 1.4084372035891764e+01 1.9486360443502751e-01
1616 1.3824419208000487e+01 1.9126704046349327e-01
1617 1.3763855671159794e+01 1.9042911676650229e-01
1618 1.3839234849584310e+01 1.9147202151012313e-01
1619 1.3823643749797233e+01 1.9125631165143195e-01
1620 1.3536167553145864e+01 1.8727894952793764e-01
1621 1.3580318177898206e+01 1.8788979322443866e-01
1622 1.3628370691399477e+01 1.8855462130191053e-01
1623 1.3527424400622433e+01 1.8715798409117557e-01
1624 1.3294140746500823e+01 1.8393040010077349e-01
1625 1.3395429310338963e+01 1.8533177281282978e-01
1626 1.3407356135085454e+01 1.8549678578278281e-01
1627 1.3211925184002920e+01 1.8279291091714725e-01
1628 1.3102766678479302e+01 1.8128265403193666e-01
1629 1.3200927086861363e+01 1.8264074731017430e-01
1630 1.3157856303280790e+01 1.8204484370063007e-01
1631 1.2913259072033163e+01 1.7866073129616655e-01
1632 1.2946786367587947e+01 1.7912459646829598e-01
1633 1.2987479865654047e+01 1.7968760926645427e-01
1634 1.2874348140144578e+01 1.7812238110061554e-01
1635 1.2668726019378772e+01 1.7527750683132673e-01
1636 1.2795216636971336e+01 1.7702756126105118e-01
1637 1.2745646067962410e+01 1.7634173020473154e-01
1638 1.2577177843533176e+01 1.7401089675604162e-01
1639 1.2493370224465721e+01 1.7285138075568426e-01
1640 1.2611752574677462e+01 1.7448925366936216e-01
1641 1.2476098571311152e+01 1.7261241968736865e-01
1642 1.2307096530540019e+01 1.7027420065015383e-01
1643 1.2364281025436680e+01 1.7106537378623424e-01
1644 1.2371979156649509e+01 1.7117188088443663e-01
1645 1.2199777458498190e+01 1.6878939315221209e-01
1646 1.2098972968619767e+01 1.6739471782051207e-01
1647 1.2225095286135817e+01 1.6913967665348287e-01
1648 1.2083176331081487e+01 1.6717616425484236e-01
1649 1.1952628966400731e+01 1.6536998290956412e-01
1650 1.1950293147421375e+01 1.6533766580629072e-01
1651 1.2018436373067830e+01 1.6628045789765689e-01
1652 1.1790839142420174e+01 1.6313154812657069e-01
1653 1.1760525226759658e+01 1.6271214150658833e-01
1654 1.1811343570064651e+01 1.6341523607996314e-01
1655 1.1733342797520644e+01 1.6233606040582529e-01
1656 1.1554368180888320e+01 1.5985986630853241e-01
1657 1.1609879047269477e+01 1.6062788404342171e-01
1658 1.1618404312952112e+01 1.6074583491801173e-01
1659 1.1426347359386186e+01 1.5808864082137072e-01
1660 1.1399243792720918e+01 1.5771365081968799e-01
1661 1.1445010841265441e+01 1.5834685846437471e-01
1662 1.1355251097244199e+01 1.5710499214555185e-01
1663 1.1181681756028162e+01 1.5470358245809265e-01
1664 1.1282562595737792e+01 1.5609931412395289e-01
1665 1.1215272060720960e+01 1.5516831938990822e-01
1666 1.1079271638436847e+01 1.5328669254680630e-01
1667 1.1033593436100206e+01 1.5265471412925616e-01
1668 1.1116075610071201e+01 1.5379589200219690e-01
1669 1.0939589863110676e+01 1.5135413253315580e-01
1670 1.0867032971799597e+01 1.5035027539764084e-01
1671 1.0922548292211452e+01 1.5111835475604263e-01
1672 1.0853888736264295e+01 1.5016841900337458e-01
1673 1.0701617802448927e+01 1.4806168233536157e-01
1674 1.0726182901392825e+01 1.4840155149753029e-01
1675 1.0747222489521821e+01 1.4869264363626369e-01
1676 1.0559362635383501e+01 1.4609351829274503e-01
1677 1.0554970745033568e+01 1.4603275451984196e-01
1678 1.0575207595168955e+01 1.4631274041837858e-01
1679 1.0485211137846846e+01 1.4506759906486427e-01
1680 1.0343899004117056e+01 1.4311248231142870e-01
1681 1.0443452923242871e+01 1.4448985543584300e-01
1682 1.0343097821893650e+01 1.4310139759601048e-01
1683 1.0229813548527069e+01 1.4153405886214571e-01
1684 1.0228639907340114e+01 1.4151782100990631e-01
1685 1.0253768195382568e+01 1.4186548214586298e-01
1686 1.0081016941716461e+01 1.3947539106659704e-01
1687 1.0064955416731374e+01 1.3925317266428974e-01
1688 1.0105548199897104e+01 1.3981479202662739e-01
1689 9.9739052312986374e+00 1.3799345250973213e-01
1690 9.9003559529925891e+00 1.3697586525502253e-01
1691 9.9400285324281317e+00 1.3752475318601046e-01
1692 9.8823926160077669e+00 1.3672733443067175e-01
1693 9.7290184777035105e+00 1.3460533443373035e-01
1694 9.7998284507882172e+00 1.3558502217203139e-01
1695 9.7394007542989218e+00 1.3474897788723098e-01
1696 9.6283905548685951e+00 1.3321310198627356e-01
1697 9.5985485638095529e+00 1.3280022465482677e-01
1698 9.6467962560401528e+00 1.3346775311756318e-01
1699 9.4793852717553051e+00 1.3115154706047888e-01
1700 9.4623932824761692e+00 1.3091645526731865e-01
1701 9.4860598525326285e+00 1.3124389287930899e-01
1702 9.3864852043812430e+00 1.2986623295952823e-01
1703 9.2961959566975576e+00 1.2861704072003513e-01
1704 9.3460982355549920e+00 1.2930746113089200e-01
1705 9.2750466368720357e+00 1.2832443039406191e-01
1706 9.1495411305052432e+00 1.2658800542000179e-01
1707 9.2047746612044516e+00 1.2735218609133683e-01
1708 9.1448631126789355e+00 1.2652328294512519e-01
1709 9.0406918893829182e+00 1.2508202734649865e-01
1710 9.0254276693427364e+00 1.2487084001572243e-01
1711 9.0538176827080061e+00 1.2526362858451465e-01
1712 8.8894029775304055e+00 1.2298887739281190e-01
1713 8.9050928851145166e+00 1.2320595430169368e-01
1714 8.8973479379627118e+00 1.2309879948397703e-01
1715 8.8028611960717402e+00 1.2179153302940762e-01
1716 8.7328211421375830e+00 1.2082249746788927e-01
1717 8.7888978742901216e+00 1.2159834420953561e-01
1718 8.6718090856178005e+00 1.1997836829996179e-01
1719 8.6068508095859446e+00 1.1907964141507150e-01
1720 8.6450851871475400e+00 1.1960863117805105e-01
1721 8.5632285705000797e+00 1.1847610817126508e-01
1722 8.4766398306162341e+00 1.1727811411698598e-01
1723 8.4996289194150716e+00 1.1759617847190379e-01
1724 8.4635164294568028e+00 1.1709654597565482e-01
1725 8.3326176034216850e+00 1.1528550200489665e-01
1726 8.3832282023502298e+00 1.1598572234164291e-01
1727 8.3253306671533540e+00 1.1518468397318626e-01
1728 8.2366040127938245e+00 1.1395711091320894e-01
1729 8.2201282784810203e+00 1.1372916173906575e-01
1730 8.2358434692828588e+00 1.1394658845260518e-01
1731 8.0932725102156322e+00 1.1197405528600031e-01
1732 8.1098755776737317e+00 1.1220376617132188e-01
1733 8.0965264235762575e+00 1.1201907463683505e-01
1734 7.9959016610911062e+00 1.1062688591423478e-01
1735 7.9656133022732138e+00 1.1020783288463322e-01
1736 7.9858951209144662e+00 1.1048844094261837e-01
1737 7.8789765610842846e+00 1.0900917471076807e-01
1738 7.8367296007860530e+00 1.0842466906584773e-01
1739 7.8714034555851073e+00 1.0890439739939232e-01
1740 7.7572185014649264e+00 1.0732459734331565e-01
1741 7.7266749937484125e+00 1.0690201421425871e-01
1742 7.7327211362981192e+00 1.0698566530833387e-01
1743 7.6674840118135821e+00 1.0608308043002775e-01
1744 7.5817260763310079e+00 1.0489658092728418e-01
1745 7.6375921036885934e+00 1.0566951247358410e-01
1746 7.5319110569589984e+00 1.0420736779054700e-01
1747 7.4876776104422298e+00 1.0359537821778676e-01
1748 7.4945094925711846e+00 1.0368990037137167e-01
1749 7.4438386258069347e+00 1.0298884620208626e-01
1750 7.3521065894722870e+00 1.0171969233446744e-01
1751 7.3925181320631044e+00 1.0227880415215862e-01
1752 7.3217714570649655e+00 1.0129999217127658e-01
1753 7.2458377621817389e+00 1.0024941544373005e-01
1754 7.2722378271000734e+00 1.0061467218319955e-01
1755 7.2119783337774752e+00 9.9780955064655230e-02
1756 7.1381757314085705e+00 9.8759862957911587e-02
1757 7.1485013864473048e+00 9.8902723026778910e-02
1758 7.1153093305450268e+00 9.8443496045608272e-02
1759 7.0118668388806524e+00 9.7012322775966359e-02
1760 7.0537084827485428e+00 9.7591220686274766e-02
1761 6.9865706592093462e+00 9.6662338784019447e-02
1762 6.9238768064440306e+00 9.5794941210692375e-02
1763 6.9204137344658170e+00 9.5747028056568567e-02
1764 6.9001946300872454e+00 9.5467287678537086e-02
1765 6.7954180453948654e+00 9.4017656633466756e-02
1766 6.8298349504072755e+00 9.4493829951462438e-02
1767 6.7758984789953649e+00 9.3747594677142221e-02
1768 6.7026183488651645e+00 9.2733731208167566e-02
1769 6.7113949443746179e+00 9.2855159343641566e-02
1770 6.6763572968907967e+00 9.2370397775129856e-02
1771 6.5938548346614789e+00 9.1228939205035248e-02
1772 6.6048068401715065e+00 9.1380465113612336e-02
1773 6.5743712108155368e+00 9.0959374530060644e-02
1774 6.4819563032443508e+00 8.9680772832593403e-02
1775 6.5116134739968849e+00 9.0091093092201494e-02
1776 6.4550825961441625e+00 8.9308963041093370e-02
1777 6.3954126968546898e+00 8.8483403220450257e-02
1778 6.3904092396672523e+00 8.8414178146041841e-02
1779 6.3701151901400950e+00 8.8133400868264225e-02
1780 6.2735902162048189e+00 8.6797934559145667e-02
1781 6.3095236319951082e+00 8.7295089483959823e-02
1782 6.2464832597506552e+00 8.6422897658213135e-02
1783 6.1917143750771588e+00 8.5665145573053297e-02
1784 6.1929096174132789e+00 8.5681682286880237e-02
1785 6.1579633379646923e+00 8.5198184836117671e-02
1786 6.0810790651337578e+00 8.4134456436298147e-02
1787 6.1032117118312241e+00 8.4440671530600170e-02
1788 6.0498791772978642e+00 8.3702791993880865e-02
1789 5.9860118149137902e+00 8.2819158388619404e-02
1790 6.0069387544358142e+00 8.3108691983348623e-02
1791 5.9441913436347296e+00 8.2240553410574083e-02
1792 5.8975864919207197e+00 8.1595754383254379e-02
1793 5.9004470725984692e+00 8.1635331799998476e-02
1794 5.8560069569326982e+00 8.1020482866863669e-02
1795 5.7890027590105264e+00 8.0093449734955524e-02
1796 5.8211146987572802e+00 8.0537732824645769e-02
1797 5.7392995507738602e+00 7.9405783555426893e-02
1798 5.7140544259263075e+00 7.9056505929866433e-02
1799 5.7088565854564104e+00 7.8984591475557697e-02
1800 5.6574242001740638e+00 7.8273001356007538e-02
1801 5.6078687700452310e+00 7.7587379752884281e-02
1802 5.6286166028030618e+00 7.7874435325195432e-02
1803 5.5479981363399276e+00 7.6759042681561945e-02
1804 5.5285112246299066e+00 7.6489432517513098e-02
1805 5.5275156720130703e+00 7.6475658600520066e-02
1806 5.4563879691456476e+00 7.5491574928162566e-02
1807 5.4399375543807906e+00 7.5263976061321902e-02
1808 5.4321437211232046e+00 7.5156144882404699e-02
1809 5.3665093389339127e+00 7.4248063765569736e-02
1810 5.3469845693035527e+00 7.3977929820212437e-02
1811 5.3478319872402000e+00 7.3989654227461635e-02
1812 5.2628105624695758e+00 7.2813344680767930e-02
1813 5.2757375004372511e+00 7.2992194665720753e-02
1814 5.2394026881103581e+00 7.2489486239782727e-02
1815 5.1883928062327733e+00 7.1783741644344548e-02
1816 5.1758474930375318e+00 7.1610171609290008e-02
1817 5.1619419863361937e+00 7.1417782686985690e-02
1818 5.0853787761399616e+00 7.0358496332724757e-02
1819 5.1072145861307972e+00 7.0660604558049206e-02
1820 5.0553274720051480e+00 6.9942723060990655e-02
1821 5.0121212204799939e+00 6.9344945191671198e-02
1822 5.0141650609729709e+00 6.9373222641623308e-02
1823 4.9704989343662804e+00 6.8769082194281225e-02
1824 4.9247278086261570e+00 6.8135818139764603e-02
1825 4.9331169403933499e+00 6.8251885540573792e-02
1826 4.8790914215171215e+00 6.7504418254643928e-02
1827 4.8424964885149819e+00 6.6998110942490932e-02
1828 4.8534394467815209e+00 6.7149511678396362e-02
1829 4.7828288518371123e+00 6.6172582426094195e-02
1830 4.7736743996376303e+00 6.6045926473832117e-02
1831 4.7574920723492218e+00 6.5822036717474455e-02
1832 4.7076429732936473e+00 6.5132352073029254e-02
1833 4.6845762554732122e+00 6.4813213685778387e-02
1834 4.6847764885160625e+00 6.4815983999737523e-02
1835 4.6098349600046387e+00 6.3779134338965149e-02
1836 4.6227961824985426e+00 6.3958458665716117e-02
1837 4.5848177361416935e+00 6.3433009825748052e-02
1838 4.5410261915598324e+00 6.2827134164465268e-02
1839 4.5366362688088469e+00 6.2766397614176170e-02
1840 4.5072611038832315e+00 6.2359979031672681e-02
1841 4.4560734628014380e+00 6.1651775057913250e-02
1842 4.4661705702813146e+00 6.1791473068792444e-02
1843 4.4174837429715721e+00 6.1117868975269121e-02
1844 4.3832067612006425e+00 6.0643631558079635e-02
1845 4.3895034479109096e+00 6.0730749042993692e-02
1846 4.3302262101781892e+00 5.9910621871110271e-02
1847 4.3166088013629071e+00 5.9722218912281216e-02
1848 4.3035324129190080e+00 5.9541301212956227e-02
1849 4.2569060903152502e+00 5.8896205126246437e-02
1850 4.2369152008697135e+00 5.8619622204175617e-02
1851 4.2337155910203128e+00 5.8575354166775645e-02
1852 4.1670280528444348e+00 5.7652702164490095e-02
1853 4.1799527257960403e+00 5.7831520811929660e-02
1854 4.1394281787111558e+00 5.7270845526376707e-02
1855 4.1051109725519828e+00 5.6796051586733877e-02
1856 4.0981282684566276e+00 5.6699442743595063e-02
1857 4.0687852882054010e+00 5.6293469450497673e-02
1858 4.0248711753016080e+00 5.5685898001504912e-02
1859 4.0351937145504300e+00 5.5828714962021256e-02
1860 3.9812090424835298e+00 5.5081812810019629e-02
1861 3.9633526327406385e+00 5.4834761372021437e-02
1862 3.9574056403151729e+00 5.4752482064387355e-02
1863 3.9057185001014609e+00 5.4037367296095533e-02
1864 3.8982607177673909e+00 5.3934185532435404e-02
1865 3.8795841545174969e+00 5.3675786902801170e-02
1866 3.8356037886118139e+00 5.3067298813810546e-02
1867 3.8285122160078524e+00 5.2969183726023945e-02
1868 3.8087006097121523e+00 5.2695081266745693e-02
1869 3.7586835885247925e+00 5.2003073344288470e-02
1870 3.7716699630501385e+00 5.2182745660675975e-02
1871 3.7217848119639116e+00 5.1492562220216143e-02
1872 3.7039343556437845e+00 5.1245593150492208e-02
1873 3.6930053083675176e+00 5.1094384879376745e-02
1874 3.6569689000412042e+00 5.0595805006631051e-02
1875 3.6318663924552559e+00 5.0248500554853567e-02
1876 3.6317974573270444e+00 5.0247546806435020e-02
1877 3.5764503080433716e+00 4.9481794171022109e-02
1878 3.5790898253214354e+00 4.9518313076477125e-02
1879 3.5520008424503908e+00 4.9143524848128811e-02
1880 3.5147624554501733e+00 4.8628315061301462e-02
1881 3.5138527527132610e+00 4.8615728915903753e-02
1882 3.4807855948703792e+00 4.8158229955405869e-02
1883 3.4516023229279571e+00 4.7754466298395380e-02
1884 3.4493604929045723e+00 4.7723449574485065e-02
1885 3.4108919915942613e+00 4.7191220604429589e-02
1886 3.3890236775000453e+00 4.6888662670255675e-02
1887 3.3876595702006553e+00 4.6869789633920238e-02
1888 3.3360290378679527e+00 4.6155458061052729e-02
1889 3.3391569969394834e+00 4.6198734777803070e-02
1890 3.3101654249328392e+00 4.5797623375387987e-02
1891 3.2809771970812700e+00 4.5393791151151552e-02
1892 3.2719692464400594e+00 4.5269162113659077e-02
1893 3.2494321535431028e+00 4.4957351324779272e-02
1894 3.2127270009632389e+00 4.4449519075331241e-02
1895 3.2204843243491359e+00 4.4556845123797720e-02
1896 3.1723406851947828e+00 4.3890756282042510e-02
1897 3.1652318156356687e+00 4.3792401883123104e-02
1898 3.1494590349758274e+00 4.3574178388067215e-02
1899 3.1137709317855280e+00 4.3080417473104940e-02
1900 3.1061630543120127e+00 4.2975159075867825e-02
1901 3.0868079620933697e+00 4.2707372693607699e-02
1902 3.0518309780454849e+00 4.2223450430941785e-02
1903 3.0517294103960504e+00 4.2222045196955320e-02
1904 3.0203214144266677e+00 4.1787501485167661e-02
1905 2.9955237549140743e+00 4.1444414743219742e-02
1906 2.9958570908404996e+00 4.1449026595274302e-02
1907 2.9521766146402859e+00 4.0844687614869549e-02
1908 2.9486612157421521e+00 4.0796050494338251e-02
1909 2.9279615206916225e+00 4.0509660928799013e-02
1910 2.8990938077690593e+00 4.0110263172367190e-02
1911 2.8897312520054639e+00 3.9980728013954095e-02
1912 2.8717343672511815e+00 3.9731733041165507e-02
1913 2.8369238604798794e+00 3.9250114066291815e-02
1914 2.8434083570895146e+00 3.9339829985402738e-02
1915 2.8012529012661069e+00 3.8756590345934448e-02
1916 2.7938983178719461e+00 3.8654836385896181e-02
1917 2.7787571022369524e+00 3.8445350876237391e-02
1918 2.7483731185559397e+00 3.8024974833763561e-02
1919 2.7396030408723488e+00 3.7903636875333845e-02
1920 2.7227299013215585e+00 3.7670189421473398e-02
1921 2.6911244154768257e+00 3.7232913348679363e-02
1922 2.6914961110048692e+00 3.7238055923027896e-02
1923 2.6606578899291708e+00 3.6811395302457715e-02
1924 2.6423195426695472e+00 3.6557676042750217e-02
1925 2.6383114733028243e+00 3.6502222605306583e-02
1926 2.6010288274472941e+00 3.5986400477364386e-02
1927 2.5986062040670372e+00 3.5952882396269793e-02
1928 2.5771105810625006e+00 3.5655480810486181e-02
1929 2.5530733923895075e+00 3.5322915523701093e-02
1930 2.5455733329021406e+00 3.5219148836662363e-02
1931 2.5248244003599711e+00 3.4932078048341600e-02
1932 2.4990982767903893e+00 3.4576145589717631e-02
1933 2.5014022312269248e+00 3.4608021832748789e-02
1934 2.4620935351434521e+00 3.4064168391150777e-02
1935 2.4612654798971478e+00 3.4052711875407302e-02
1936 2.4402341174896951e+00 3.3761733543220970e-02
1937 2.4174547604480021e+00 3.3446570921235055e-02
1938 2.4101416205694703e+00 3.3345390350824344e-02
1939 2.3898550713573412e+00 3.3064716843269289e-02
1940 2.3669454718297276e+00 3.2747752258072492e-02
1941 2.3657671813022443e+00 3.2731450080121502e-02
1942 2.3329947070245654e+00 3.2278028198923774e-02
1943 2.3264654982102262e+00 3.2187693666405830e-02
1944 2.3124296109061100e+00 3.1993500869981963e-02
1945 2.2845119831580827e+00 3.1607247968085263e-02
1946 2.2838755686538805e+00 3.1598442887966142e-02
1947 2.2576917962105294e+00 3.1236178651902535e-02
1948 2.2430228267323380e+00 3.1033226879641513e-02
1949 2.2345639747375188e+00 3.0916194868211230e-02
1950 2.2101161638085642e+00 3.0577948438336906e-02
1951 2.1979574388474923e+00 3.0409727024900021e-02
1952 2.1895251122868813e+00 3.0293062004749564e-02
1953 2.1585071286109168e+00 2.9863914287975083e-02
1954 2.1621112591589262e+00 2.9913779050681561e-02
1955 2.1328488979335334e+00 2.9508921157966942e-02
1956 2.1227924581814293e+00 2.9369785803342336e-02
1957 2.1118376392298432e+00 2.9218220969539362e-02
1958 2.0896176447942598e+00 2.8910797380102070e-02
1959 2.0789700604578685e+00 2.8763483275005459e-02
1960 2.0684048445693848e+00 2.8617308774330687e-02
1961 2.0419482355730927e+00 2.8251269722180700e-02
1962 2.0425553234676315e+00 2.8259669055501150e-02
1963 2.0168483388884795e+00 2.7904001393394263e-02
1964 2.0052436839148546e+00 2.7743445786752891e-02
1965 1.9976791470156883e+00 2.7638787025801609e-02
1966 1.9718877639636059e+00 2.7281951672966154e-02
1967 1.9683737982057734e+00 2.7233334380573737e-02
1968 1.9504142439922629e+00 2.6984855892560739e-02
1969 1.9329978514059634e+00 2.6743892289286614e-02
1970 1.9272459663451749e+00 2.6664312379555105e-02
1971 1.9071159715417501e+00 2.6385804872464436e-02
1972 1.8932787313322534e+00 2.6194360447694593e-02
1973 1.8886188486231752e+00 2.6129888880299081e-02
1974 1.8605299748220854e+00 2.5741266712448599e-02
1975 1.8623253349692610e+00 2.5766106325364680e-02
1976 1.8391234409228743e+00 2.5445097714396653e-02
1977 1.8281879240207555e+00 2.5293799933105682e-02
1978 1.8192234675625962e+00 2.5169772657144339e-02
1979 1.8006366523671136e+00 2.4912615732097933e-02
1980 1.7896038918366595e+00 2.4759972541591877e-02
1981 1.7818543997140495e+00 2.4652754842165562e-02
1982 1.7579729912915043e+00 2.4322344845018145e-02
1983 1.7585547851353411e+00 2.4330394223801895e-02
1984 1.7361020935876630e+00 2.4019751165446229e-02
1985 1.7264417489194250e+00 2.3886095963968988e-02
1986 1.7187311741379618e+00 2.3779416703413186e-02
1987 1.6975476314616336e+00 2.3486332888948951e-02
1988 1.6935315900138201e+00 2.3430769154187677e-02
1989 1.6781412026838556e+00 2.3217836242367007e-02
1990 1.6631641062688758e+00 2.3010621395730138e-02
1991 1.6581961954662390e+00 2.2941888121499200e-02
1992 1.6397602599367738e+00 2.2686818684306793e-02
1993 1.6297040572093691e+00 2.2547686609025216e-02
1994 1.6232084233184918e+00 2.2457816600632858e-02
1995 1.6007055132495560e+00 2.2146478746510885e-02
1996 1.6018815521196659e+00 2.2162749771772166e-02
1997 1.5804857827449927e+00 2.1866729705745460e-02
1998 1.5732465077398328e+00 2.1766571088988745e-02
1999 1.5636474121134882e+00 2.1633763295478371e-02
2000 1.5478208531574322e+00 2.1414795753572958e-02
