# step 6
# iter abs_residual rel_residual
0 7.2278104865846572e+01 1.0000000000000000e+00
1 1.1546600861374973e+03 1.5975240195915907e+01
2 1.1527745212176269e+03 1.5949152559509693e+01
3 1.1585072720811893e+03 1.6028467739040241e+01
4 1.2484330970662597e+03 1.7272631862490620e+01
5 1.4402468346343785e+03 1.9926460956711324e+01
6 1.2677694538271317e+03 1.7540159031288994e+01
7 1.4124522130195708e+03 1.9541909899840139e+01
8 1.3004236603879642e+03 1.7991944625577073e+01
9 1.3783981910462637e+03 1.9070757231455794e+01
10 1.3232324643114284e+03 1.8307514658380214e+01
11 1.3547601259470975e+03 1.8743713998335057e+01
12 1.3364428175034084e+03 1.8490285820082633e+01
13 1.3388396176552772e+03 1.8523446625229880e+01
14 1.3429152194675551e+03 1.8579834404348365e+01
15 1.3277325809239630e+03 1.8369775790169534e+01
16 1.3450051727493706e+03 1.8608749845417201e+01
17 1.3195692023760851e+03 1.8256831786407538e+01
18 1.3443069584353125e+03 1.8599089737209411e+01
19 1.3132163294696973e+03 1.8168936940268736e+01
20 1.3418458874597868e+03 1.8565039716389222e+01
21 1.3079856800741945e+03 1.8096568559758328e+01
22 1.3382737217511992e+03 1.8515617201573459e+01
23 1.3034526903345350e+03 1.8033852613510525e+01
24 1.3340055733957511e+03 1.8456565454666563e+01
25 1.2993510853111372e+03 1.7977105068302876e+01
26 1.3293075319972370e+03 1.8391565944687240e+01
27 1.2955114809385900e+03 1.7923982419615921e+01
28 1.3243513570126293e+03 1.8322995040762645e+01
29 1.2918249965162800e+03 1.7872978254119989e+01
30 1.3192485335201930e+03 1.8252395188955415e+01
31 1.2882212246139877e+03 1.7823118453437871e+01
32 1.3140716232937516e+03 1.8180770313952813e+01
33 1.2846546044813506e+03 1.7773772664152762e+01
34 1.3088677968927707e+03 1.8108773041602635e+01
35 1.2810958289431005e+03 1.7724535408349563e+01
36 1.3036675101298138e+03 1.8036824741732168e+01
37 1.2775263299658379e+03 1.7675149788957803e+01
38 1.2984901357302911e+03 1.7965193444686786e+01
39 1.2739346838620725e+03 1.7625457754137134e+01
40 1.2933476589212710e+03 1.7894044971458761e+01
41 1.2703142383687427e+03 1.7575367266844342e+01
42 1.2882471280015272e+03 1.7823476838423030e+01
43 1.2666615286057622e+03 1.7524830388909315e+01
44 1.2831922934636943e+03 1.7753540935327411e+01
45 1.2629752087398838e+03 1.7473828500125421e+01
46 1.2781847130489455e+03 1.7684258814219735e+01
47 1.2592553284049447e+03 1.7422362287199068e+01
48 1.2732245007417239e+03 1.7615632052125900e+01
49 1.2555028382783212e+03 1.7370444903178161e+01
50 1.2683108376859645e+03 1.7547649319804965e+01
51 1.2517192522232847e+03 1.7318097293040083e+01
52 1.2634423194692033e+03 1.7480291186580558e+01
53 1.2479064168627531e+03 1.7265345005641173e+01
54 1.2586171941787657e+03 1.7413533413955040e+01
55 1.2440663539091474e+03 1.7212216012279587e+01
56 1.2538335239661924e+03 1.7347349190925783e+01
57 1.2402011533676525e+03 1.7158739229114492e+01
58 1.2490892942249059e+03 1.7281710644507164e+01
59 1.2363129023457418e+03 1.7104943532213920e+01
60 1.2443824862358035e+03 1.7216589844814941e+01
61 1.2324036388437964e+03 1.7050857118227260e+01
62 1.2397111252414277e+03 1.7151959470193937e+01
63 1.2284753213144679e+03 1.6996507083225378e+01
64 1.2350733099348565e+03 1.7087793215210091e+01
65 1.2245298121544877e+03 1.6941919194302400e+01
66 1.2304672309105295e+03 1.7024066045925888e+01
67 1.2205688672036015e+03 1.6887117744288762e+01
68 1.2258911806677813e+03 1.6960754338303758e+01
69 1.2165941326642978e+03 1.6832125509134269e+01
70 1.2213435565444356e+03 1.6897835918793639e+01
71 1.2126071450135266e+03 1.6776963746686690e+01
72 1.2168228618979012e+03 1.6835290080673989e+01
73 1.2086093333597455e+03 1.6721652229302531e+01
74 1.2123277032839139e+03 1.6773097545018405e+01
75 1.2046020237668561e+03 1.6666209303670666e+01
76 1.2078567863336184e+03 1.6711240403653203e+01
77 1.2005864443566047e+03 1.6610651961406301e+01
78 1.2034089109102358e+03 1.6649702052147749e+01
79 1.1965637310968120e+03 1.6554995919133759e+01
80 1.1989829658860599e+03 1.6588467117551847e+01
81 1.1925349333545821e+03 1.6499255695317604e+01
82 1.1945779226432514e+03 1.6527521368476318e+01
83 1.1885010204050623e+03 1.6443444700314249e+01
84 1.1901928302488427e+03 1.6466851648337034e+01
85 1.1844628864412407e+03 1.6387575305684759e+01
86 1.1858268092571348e+03 1.6406445789608288e+01
87 1.1804213570169093e+03 1.6331658933336136e+01
88 1.1814790463302111e+03 1.6346292539395190e+01
89 1.1763771933523744e+03 1.6275706115092756e+01
90 1.1771487897182271e+03 1.6286381496901463e+01
91 1.1723310979355076e+03 1.6219726570189405e+01
92 1.1728353439171235e+03 1.6226703039516480e+01
93 1.1682837191230408e+03 1.6163729268932279e+01
94 1.1685380650383233e+03 1.6167248258752981e+01
95 1.1642356550319225e+03 1.6107722486537643e+01
96 1.1642563576319994e+03 1.6108008916295525e+01
97 1.1601874578350030e+03 1.6051713862564540e+01
98 1.1599896696503677e+03 1.6048977374315402e+01
99 1.1561396376451896e+03 1.5995710454653855e+01
100 1.1557374897054920e+03 1.5990146557531149e+01
101 1.1520926651051068e+03 1.5939718774357390e+01
102 1.1514993435988520e+03 1.5931509905193538e+01
103 1.1480469756785328e+03 1.5883744846511840e+01
104 1.1472747910266528e+03 1.5873061325502078e+01
105 1.1440029715529154e+03 1.5827794235560939e+01
106 1.1430634233290127e+03 1.5814795164464007e+01
107 1.1399610245723638e+03 1.5771872086134723e+01
108 1.1388648605586980e+03 1.5756706165338924e+01
109 1.1359214789444857e+03 1.5715983160499832e+01
110 1.1346787494226571e+03 1.5698789440159002e+01
111 1.1318846530403198e+03 1.5660131863462388e+01
112 1.1305047609337191e+03 1.5641040437239166e+01
113 1.1278508414169796e+03 1.5604322270352176e+01
114 1.1263425889435903e+03 1.5583454920880454e+01
115 1.1238203171284156e+03 1.5548558158993073e+01
116 1.1221919476107448e+03 1.5526028936337150e+01
117 1.1197933329737646e+03 1.5492843026974525e+01
118 1.1180525705923953e+03 1.5468758798637325e+01
119 1.1157701230423104e+03 1.5437180113026773e+01
120 1.1139242088677086e+03 1.5411641062466055e+01
121 1.1117509047697026e+03 1.5381572425469557e+01
122 1.1098066298867236e+03 1.5354672510390326e+01
123 1.1077358792262971e+03 1.5326022746201435e+01
124 1.1056996160753993e+03 1.5297850132175689e+01
125 1.1037252332627677e+03 1.5270533660385286e+01
126 1.1016029635331060e+03 1.5241171106765478e+01
127 1.0997191401756411e+03 1.5215107565656293e+01
128 1.0975164815434509e+03 1.5184632795512853e+01
129 1.0957177605424581e+03 1.5159746683676753e+01
130 1.0934399909868894e+03 1.5128232720218573e+01
131 1.0917212434670248e+03 1.5104453077364701e+01
132 1.0893733238513619e+03 1.5071968556360437e+01
133 1.0877297275776157e+03 1.5049228664704495e+01
134 1.0853163221769237e+03 1.5015838118491759e+01
135 1.0837433411672471e+03 1.4994075220687561e+01
136 1.0812688376701226e+03 1.4959839354906114e+01
137 1.0797622035142335e+03 1.4938994395582879e+01
138 1.0772307304171536e+03 1.4903970329833250e+01
139 1.0757864254724063e+03 1.4883987723102928e+01
140 1.0732018690391492e+03 1.4848229225587611e+01
141 1.0718161096221907e+03 1.4829056622493900e+01
142 1.0691821292847173e+03 1.4792614323095455e+01
143 1.0678513515703551e+03 1.4774202416518321e+01
144 1.0651713940624543e+03 1.4737124002344693e+01
145 1.0638922397488820e+03 1.4719426328672336e+01
146 1.0611695529637766e+03 1.4681756735783051e+01
147 1.0599388563581128e+03 1.4664729496234532e+01
148 1.0571765012101030e+03 1.4626511073751859e+01
149 1.0559912776355866e+03 1.4610112973985460e+01
150 1.0531921400327622e+03 1.4571385649742249e+01
151 1.0520495743119911e+03 1.4555577740515911e+01
152 1.0492163758017332e+03 1.4516379168340885e+01
153 1.0481138117914704e+03 1.4501124700721553e+01
154 1.0452491196661749e+03 1.4461490400256530e+01
155 1.0441840510120255e+03 1.4446754697706965e+01
156 1.0412902872589414e+03 1.4406718178231872e+01
157 1.0402603481843780e+03 1.4392468509172687e+01
158 1.0373397988397287e+03 1.4352061399024047e+01
159 1.0363427553355168e+03 1.4338266854935453e+01
160 1.0333975781028112e+03 1.4297519006909109e+01
161 1.0324313207363700e+03 1.4284150402845201e+01
162 1.0294635529043717e+03 1.4243090003744994e+01
163 1.0285260887849770e+03 1.4230119767168720e+01
164 1.0255376543609161e+03 1.4188773436497661e+01
165 1.0246271007435805e+03 1.4176175518787648e+01
166 1.0216198166709694e+03 1.4134568394774188e+01
167 1.0207343943747624e+03 1.4122318180164239e+01
168 1.0177099774288292e+03 1.4080474015163695e+01
169 1.0168480047090542e+03 1.4068548235961611e+01
170 1.0138080767374652e+03 1.4026489468963897e+01
171 1.0129679638450914e+03 1.4014866130278785e+01
172 1.0099140573907508e+03 1.3972613964702379e+01
173 1.0090943013406568e+03 1.3961272272060942e+01
174 1.0060278648026811e+03 1.3918846747157277e+01
175 1.0052270441556990e+03 1.3907767034311062e+01
176 1.0021494466798421e+03 1.3865187092825751e+01
177 1.0013662172156349e+03 1.3854350761883472e+01
178 9.9827875258438030e+02 1.3811634303877479e+01
179 9.9751184302708771e+02 1.3801023766167393e+01
180 9.9441573467235503e+02 1.3758187718370079e+01
181 9.9366394213123215e+02 1.3747786331359197e+01
182 9.9056034660989997e+02 1.3704846695253730e+01
183 9.8982253330706783e+02 1.3694638717274762e+01
184 9.8671254400470309e+02 1.3651610620340882e+01
185 9.8598763320228227e+02 1.3641581154242314e+01
186 9.8287228418041514e+02 1.3598478903185104e+01
187 9.8215925727248180e+02 1.3588613856097098e+01
188 9.7903952593274187e+02 1.3545450973706499e+01
189 9.7833741900912912e+02 1.3535737009499552e+01
190 9.7521422962347344e+02 1.3492526283492658e+01
191 9.7452213053179389e+02 1.3482950782129359e+01
192 9.7139635705764135e+02 1.3439704304099060e+01
193 9.7071340264643311e+02 1.3430255323491782e+01
194 9.6758587122233746e+02 1.3386984523435517e+01
195 9.6691124481878558e+02 1.3377650764549559e+01
196 9.6378273646063917e+02 1.3334366448172515e+01
197 9.6311566502278333e+02 1.3325137215625620e+01
198 9.5998691833303508e+02 1.3281849601823964e+01
199 9.5932667049517931e+02 1.3272714776843685e+01
200 9.5619838332448523e+02 1.3229433520694256e+01
201 9.5554426703447405e+02 1.3220383528428613e+01
202 9.5241709909081510e+02 1.3177117757287226e+01
203 9.5176845945153241e+02 1.3168143536940876e+01
204 9.4864303432161364e+02 1.3124901878409295e+01
205 9.4799925168141124e+02 1.3115994856823749e+01
206 9.4487615845607957e+02 1.3072785461238068e+01
207 9.4423664670848632e+02 1.3063937529367411e+01
208 9.4111644193167581e+02 1.3020768096762588e+01
209 9.4048064648321758e+02 1.3011971581557349e+01
210 9.3736385591353644e+02 1.2968849386039549e+01
211 9.3673125252512568e+02 1.2960097034416814e+01
212 9.3361837237648638e+02 1.2917028941328084e+01
213 9.3298846505353799e+02 1.2908313890980299e+01
214 9.2987996415307862e+02 1.2865306386754378e+01
215 9.2925228388304208e+02 1.2856622148682536e+01
216 9.2614860447997887e+02 1.2813681352035697e+01
217 9.2552270815984832e+02 1.2805021795710967e+01
218 9.2242426760256387e+02 1.2762153480845278e+01
219 9.2179973606371232e+02 1.2753512806881695e+01
220 9.1870692806531270e+02 1.2710722420994570e+01
221 9.1808336550767308e+02 1.2702095153320673e+01
222 9.1499656116709934e+02 1.2659387830732413e+01
223 9.1437359359199570e+02 1.2650768794908773e+01
224 9.1129314270472332e+02 1.2608149375196676e+01
225 9.1067041698926289e+02 1.2599533685609682e+01
226 9.0759664896091465e+02 1.2557006726248289e+01
227 9.0697383169900172e+02 1.2548389770075062e+01
228 9.0390705672538002e+02 1.2505959562762435e+01
229 9.0328383340705238e+02 1.2497336988616579e+01
230 9.0022434340344546e+02 1.2455007572131663e+01
231 8.9960041708216522e+02 1.2446375271624639e+01
232 8.9654848648818142e+02 1.2404150442962509e+01
233 8.9592357757059040e+02 1.2395504547794797e+01
234 8.9287946419379364e+02 1.2353387873838736e+01
235 8.9225330891536066e+02 1.2344724734709741e+01
236 8.8921725519014842e+02 1.2302719569648380e+01
237 8.8858960492053302e+02 1.2294035746645822e+01
238 8.8556183822505386e+02 1.2252145236357832e+01
239 8.8493245909436951e+02 1.2243437493786930e+01
240 8.8191319253667223e+02 1.2201664586717753e+01
241 8.8128186447250584e+02 1.2192929879777965e+01
242 8.7827129783256271e+02 1.2151277339973126e+01
243 8.7763781374641826e+02 1.2142512803502223e+01
244 8.7463613381011169e+02 1.2100983215228181e+01
245 8.7400029932631924e+02 1.2092186159951584e+01
246 8.7100768086113419e+02 1.2050781941194888e+01
247 8.7036931317655058e+02 1.2041949837949119e+01
248 8.6738591940299773e+02 1.2000673246938740e+01
249 8.6674484725049786e+02 1.1991803726166305e+01
250 8.6377083001924996e+02 1.1950656863824412e+01
251 8.6312689283101554e+02 1.1941747703997523e+01
252 8.6016239401657901e+02 1.1900732533221548e+01
253 8.5951544118127276e+02 1.1891781650564802e+01
254 8.5656059241357389e+02 1.1850899992513815e+01
255 8.5591048331278762e+02 1.1841905441508461e+01
256 8.5296540675314225e+02 1.1801158986339061e+01
257 8.5231200980648089e+02 1.1792118946511312e+01
258 8.4937681873221447e+02 1.1751509261466106e+01
259 8.4872001123446728e+02 1.1742422035134339e+01
260 8.4579481023409596e+02 1.1701950567242358e+01
261 8.4513447784206835e+02 1.1692814572417186e+01
262 8.4221936322887598e+02 1.1652482654215913e+01
263 8.4155539962065257e+02 1.1643296419885949e+01
264 8.3865046014701693e+02 1.1603105279304337e+01
265 8.3798276641919347e+02 1.1593867437096621e+01
266 8.3508808331829016e+02 1.1553818198032094e+01
267 8.3441656792430410e+02 1.1544527481358871e+01
268 8.3153221536827562e+02 1.1504621170016286e+01
269 8.3085679340980016e+02 1.1495276404271126e+01
270 8.2798283914367642e+02 1.1455513957933359e+01
271 8.2730343237762804e+02 1.1446114060588107e+01
272 8.2443993740006044e+02 1.1406496323198859e+01
273 8.2375647377240057e+02 1.1397040297353570e+01
274 8.2090349337137968e+02 1.1357568033846992e+01
275 8.2021590649487860e+02 1.1348054961004568e+01
276 8.1737349013479491e+02 1.1308728855742686e+01
277 8.1668171944377639e+02 1.1299157897949831e+01
278 8.1384991106400719e+02 1.1259978558853637e+01
279 8.1315390119859819e+02 1.1250348950181678e+01
280 8.1033273951055435e+02 1.1211316912840907e+01
281 8.0963244025452036e+02 1.1201627958525714e+01
282 8.0682195906200616e+02 1.1162743690631160e+01
283 8.0611732501052438e+02 1.1152994762476643e+01
284 8.0331755331971647e+02 1.1114258665341771e+01
285 8.0260854365390242e+02 1.1104449198600355e+01
286 7.9981950615326969e+02 1.1065861613801205e+01
287 7.9910608423091514e+02 1.1055991101511506e+01
288 7.9632780127290221e+02 1.1017552310633278e+01
289 7.9560993485287440e+02 1.1007620306724760e+01
290 7.9284242268567073e+02 1.0969330534568442e+01
291 7.9212008323976988e+02 1.0959336644340668e+01
292 7.8936335448917043e+02 1.0921196065589799e+01
293 7.8863651723990131e+02 1.0911139946235005e+01
294 7.8589058052279495e+02 1.0873148680108105e+01
295 7.8515922454888801e+02 1.0863030042171149e+01
296 7.8242408522138260e+02 1.0825188162772374e+01
297 7.8168819265309196e+02 1.0815006759017301e+01
298 7.7896385265706749e+02 1.0777314293213431e+01
299 7.7822340903319309e+02 1.0767069923563055e+01
300 7.7550986720969524e+02 1.0729526855319437e+01
301 7.7476486104827893e+02 1.0719219360915716e+01
302 7.7206211321010755e+02 1.0681825632300557e+01
303 7.7131253598778892e+02 1.0671454895218977e+01
304 7.6862057518726942e+02 1.0634210410108084e+01
305 7.6786642094210254e+02 1.0623776347862448e+01
306 7.6518523750135193e+02 1.0586680972357970e+01
307 7.6442650311669240e+02 1.0576183541828104e+01
308 7.6175608487708587e+02 1.0539237107710013e+01
309 7.6099276934689090e+02 1.0528676294976867e+01
310 7.5833310178248485e+02 1.0491878601272216e+01
311 7.5756520684461304e+02 1.0481254430379840e+01
312 7.5491627275339670e+02 1.0444605239091095e+01
313 7.5414380217746839e+02 1.0433917762193879e+01
314 7.5150558279947484e+02 1.0397416813768483e+01
315 7.5072854235999205e+02 1.0386666110759252e+01
316 7.4810101621294393e+02 1.0350313107980265e+01
317 7.4731941401708048e+02 1.0339499291025405e+01
318 7.4470255811395180e+02 1.0303293915857008e+01
319 7.4391640374403312e+02 1.0292417117532290e+01
320 7.4131019305224709e+02 1.0256359023637557e+01
321 7.4051949826658347e+02 1.0245419406624476e+01
322 7.3792390604525451e+02 1.0209508224031261e+01
323 7.3712868386957325e+02 1.0198505968546598e+01
324 7.3454368180307495e+02 1.0162741305495510e+01
325 7.3374394726866672e+02 1.0151676619503913e+01
326 7.3116950527672634e+02 1.0116058059820885e+01
327 7.3036527465612323e+02 1.0104931168460135e+01
328 7.2780136136169108e+02 1.0069458278029611e+01
329 7.2699265252853695e+02 1.0058269428589588e+01
330 7.2443923489457040e+02 1.0022941750329265e+01
331 7.2362606703670133e+02 1.0011691208282286e+01
332 7.2108311097145986e+02 9.9765082705176429e+00
333 7.2026550458765485e+02 9.9651963194735131e+00
334 7.1773297436959001e+02 9.9301576279809041e+00
335 7.1691095113183360e+02 9.9187845677812465e+00
336 7.1438881029781055e+02 9.8838896180768465e+00
337 7.1356239292389091e+02 9.8724557630324519e+00
338 7.1105060356950844e+02 9.8377040306918691e+00
339 7.1021981597403442e+02 9.8262097116720781e+00
340 7.0771833938706447e+02 9.7916006610942734e+00
341 7.0688320629444650e+02 9.7800462201723910e+00
342 7.0439200252743012e+02 9.7455792986663532e+00
343 7.0355254992904554e+02 9.7339650954447450e+00
344 7.0107157832383223e+02 9.6996397404867238e+00
345 7.0022783261138670e+02 9.6879661401064752e+00
346 6.9775705161308315e+02 9.6537817767658840e+00
347 6.9690904045655520e+02 9.6420491620535582e+00
348 6.9444840747023238e+02 9.6080052010104477e+00
349 6.9359615906146746e+02 9.5962139620128735e+00
350 6.9114563108608047e+02 9.5623098083284983e+00
351 6.9028917440083660e+02 9.5504603459382835e+00
352 6.8784870736095377e+02 9.5166953898092803e+00
353 6.8698807203412264e+02 9.5047881140384423e+00
354 6.8455762145571293e+02 9.4711617401466430e+00
355 6.8369283784534196e+02 9.4591970710123849e+00
356 6.8127235837672401e+02 9.4257086518969349e+00
357 6.8040345729551029e+02 9.4136870157067438e+00
358 6.7799290332588089e+02 9.3803359203217234e+00
359 6.7711991612040674e+02 9.3682577507696223e+00
360 6.7471924113838975e+02 9.3350433356092797e+00
361 6.7384219985954815e+02 9.3229090761337527e+00
362 6.7145135713622744e+02 9.2898306946825748e+00
363 6.7057029403975321e+02 9.2776407915561769e+00
364 6.6818923610341108e+02 9.2446977870216571e+00
365 6.6730418422701575e+02 9.2324526973359493e+00
366 6.6493286331424599e+02 9.1996444088899381e+00
367 6.6404385568634234e+02 9.1873445896078234e+00
368 6.6168222374605841e+02 9.1546703524419861e+00
369 6.6078929408127897e+02 9.1423162700205278e+00
370 6.5843730240257048e+02 9.1097754101975710e+00
371 6.5754048451990172e+02 9.0973675325376160e+00
372 6.5519808441163730e+02 9.0649593763938974e+00
373 6.5429741253381201e+02 9.0524981769823061e+00
374 6.5196455475748166e+02 9.0202220432809543e+00
375 6.5106006326767454e+02 9.0077079978243688e+00
376 6.4873669848813927e+02 8.9755632039916069e+00
377 6.4782842214744289e+02 8.9629967934253347e+00
378 6.4551450051208553e+02 8.9309826497278451e+00
379 6.4460247421812119e+02 8.9183643568761291e+00
380 6.4229794603217249e+02 8.8864801757644898e+00
381 6.4138220481193321e+02 8.8738104852414885e+00
382 6.3908701979258274e+02 8.8420555710304640e+00
383 6.3816759899552085e+02 8.8293349719117060e+00
384 6.3588170698047111e+02 8.7977086305834096e+00
385 6.3495864190214672e+02 8.7849376111988029e+00
386 6.3268199237025954e+02 8.7534391437706258e+00
387 6.3175531872190322e+02 8.7406181982010605e+00
388 6.2948786104190719e+02 8.7092469041666565e+00
389 6.2855761424999889e+02 8.6963765225533738e+00
390 6.2629929790457970e+02 8.6651317029830377e+00
391 6.2536551373051043e+02 8.6522123801009219e+00
392 6.2311628782987123e+02 8.6210933309114903e+00
393 6.2217900199912970e+02 8.6081255610387029e+00
394 6.1993881576354340e+02 8.5771315796698744e+00
395 6.1899806409472978e+02 8.5641158583728121e+00
396 6.1676686648752207e+02 8.5332462387093067e+00
397 6.1582268482358859e+02 8.5201830618912933e+00
398 6.1360042501113082e+02 8.4894371006270557e+00
399 6.1265284918071188e+02 8.4763269639933174e+00
400 6.1043947597815009e+02 8.4457039529629370e+00
401 6.0948854185841560e+02 8.4325473528902108e+00
402 6.0728400447030288e+02 8.4020465893158960e+00
403 6.0632974771333727e+02 8.3888440190667630e+00
404 6.0413399502059144e+02 8.3584647956930826e+00
405 6.0317645159939912e+02 8.3452167529701917e+00
406 6.0098943263594697e+02 8.3149583646586631e+00
407 6.0002863802608931e+02 8.3016653402823195e+00
408 5.9785030189015606e+02 8.2715270827840577e+00
409 5.9688629199451248e+02 8.2581895734866997e+00
410 5.9471658764015092e+02 8.2281707405581290e+00
411 5.9374939782379397e+02 8.2147892356314003e+00
412 5.9158827463077057e+02 8.1848891269188844e+00
413 5.9061794040960785e+02 8.1714641177412961e+00
414 5.8846534737126535e+02 8.1416820275448547e+00
415 5.8749190419288141e+02 8.1282140045496369e+00
416 5.8534779073279321e+02 8.0985492331217230e+00
417 5.8437127384067617e+02 8.0850386839183432e+00
418 5.8223558916674813e+02 8.0554905285275513e+00
419 5.8125603374203854e+02 8.0419379398628674e+00
420 5.7912872750048143e+02 8.0125057038419385e+00
421 5.7814616845635760e+02 7.9989115587554354e+00
422 5.7602719012680711e+02 7.9695945431324677e+00
423 5.7504166241588791e+02 7.9559593252093030e+00
424 5.7293096180230987e+02 7.9267568354996509e+00
425 5.7194249998240946e+02 7.9130810228626833e+00
426 5.6984002684752670e+02 7.8839923640110836e+00
427 5.6884866568150971e+02 7.8702764376201380e+00
428 5.6675436994533345e+02 7.8413009167474828e+00
429 5.6576014366030506e+02 7.8275453501499124e+00
430 5.6367397543471532e+02 7.7986822770316859e+00
431 5.6267691846895593e+02 7.7848875466965453e+00
432 5.6059882782522186e+02 7.7561362305463613e+00
433 5.5959897411051531e+02 7.7423028059350996e+00
434 5.5752891158008219e+02 7.7136625623333162e+00
435 5.5652629506253447e+02 7.6997909131055362e+00
436 5.5446421094630728e+02 7.6712610544428808e+00
437 5.5345886535636430e+02 7.6573516472744307e+00
438 5.5140471043236460e+02 7.6289314925427538e+00
439 5.5039666927515907e+02 7.6149847909921737e+00
440 5.4835039423474689e+02 7.5866736579843250e+00
441 5.4733969080397378e+02 7.5726901226848176e+00
442 5.4530124683701661e+02 7.5444873360907216e+00
443 5.4428791409992709e+02 7.5304674231589930e+00
444 5.4225725228316844e+02 7.5023723061034513e+00
445 5.4124132322862579e+02 7.4883164719552227e+00
446 5.3921839500090607e+02 7.4603283525728115e+00
447 5.3819990213945289e+02 7.4462370470060213e+00
448 5.3618465897525152e+02 7.4183552539243980e+00
449 5.3516363495331632e+02 7.4042289286170275e+00
450 5.3315602853080384e+02 7.3764527932820076e+00
451 5.3213250538238208e+02 7.3622918914387530e+00
452 5.3013248771677843e+02 7.3346207499593818e+00
453 5.2910649755366001e+02 7.3204257158612585e+00
454 5.2711402066304447e+02 7.2928589043861418e+00
455 5.2608559507533630e+02 7.2786301750964482e+00
456 5.2410061143618179e+02 7.2511670361162723e+00
457 5.2306978199007085e+02 7.2369050483673645e+00
458 5.2109224399007178e+02 7.2095449231445254e+00
459 5.2005904192622586e+02 7.1952501091650554e+00
460 5.1808890236789966e+02 7.1679923447012124e+00
461 5.1705335874381092e+02 7.1536651341855135e+00
462 5.1509057042565007e+02 7.1265090774266380e+00
463 5.1405271604231757e+02 7.1121498965203482e+00
464 5.1209723220918852e+02 7.0850949005881976e+00
465 5.1105709751060999e+02 7.0707041704976801e+00
466 5.0910887144408872e+02 7.0437495890219015e+00
467 5.0806648679512944e+02 7.0293277298586876e+00
468 5.0612547205773598e+02 7.0024729203559186e+00
469 5.0508086742110856e+02 6.9880203466675761e+00
470 5.0314701773860691e+02 6.9612646689130049e+00
471 5.0210022304934938e+02 6.9467817948642123e+00
472 5.0017349229873480e+02 6.9201246107253818e+00
473 4.9912453696359779e+02 6.9056118431717222e+00
474 4.9720487948389518e+02 6.8790525209085605e+00
475 4.9615379280138291e+02 6.8645102652079837e+00
476 4.9424116285696010e+02 6.8380481720475057e+00
477 4.9318797383239342e+02 6.8234768295016348e+00
478 4.9128232618394162e+02 6.7971113395377118e+00
479 4.9022706351128636e+02 6.7825113071404335e+00
480 4.8832835285524379e+02 6.7562417935779688e+00
481 4.8727104513337468e+02 6.7416134670075429e+00
482 4.8537922662515405e+02 6.7154393094015576e+00
483 4.8431990193465515e+02 6.7007830771654593e+00
484 4.8243493077054745e+02 6.6747036556365424e+00
485 4.8137361725474591e+02 6.6600199071103265e+00
486 4.7949544894145851e+02 6.6340346060738167e+00
487 4.7843217406725017e+02 6.6193237212743075e+00
488 4.7656076444620396e+02 6.5934319297764583e+00
489 4.7549555577825026e+02 6.5786942900731091e+00
490 4.7363086062860100e+02 6.5528953962987044e+00
491 4.7256374523997454e+02 6.5381313762596189e+00
492 4.7070572087835546e+02 6.5124247758296869e+00
493 4.6963672571618548e+02 6.4976347482804853e+00
494 4.6778532834157255e+02 6.4720198351882106e+00
495 4.6671448003234514e+02 6.4572041685182704e+00
496 4.6486966644014751e+02 6.4316803450087612e+00
497 4.6379699120431053e+02 6.4168394019897388e+00
498 4.6195871815822051e+02 6.3914060698692854e+00
499 4.6088424215475146e+02 6.3765402124223680e+00
500 4.5905246676181190e+02 6.3511967782476688e+00
501 4.5797621573752110e+02 6.3363063625915252e+00
502 4.5615089517990981e+02 6.3110522339588053e+00
503 4.5507289478218138e+02 6.2961376149364989e+00
504 4.5325398660043197e+02 6.2709722043999960e+00
505 4.5217426198725576e+02 6.2560337300836002e+00
506 4.5036172385013941e+02 6.2309564519717773e+00
507 4.4928030019231932e+02 6.2159944706106547e+00
508 4.4747408998380195e+02 6.1910047422292882e+00
509 4.4639099185389449e+02 6.1760195937957798e+00
510 4.4459106782817673e+02 6.1511168375730128e+00
511 4.4350631979917006e+02 6.1361088620454298e+00
512 4.4171264019150260e+02 6.1112925001472220e+00
513 4.4062626640859412e+02 6.0962620315852023e+00
514 4.3883878989437403e+02 6.0715314922671366e+00
515 4.3775081434663326e+02 6.0564788625702164e+00
516 4.3596949957362540e+02 6.0318335737055717e+00
517 4.3487994591756296e+02 6.0167591101721856e+00
518 4.3310475206466327e+02 5.9921985069826782e+00
519 4.3201364359220327e+02 5.9771025318670441e+00
520 4.3024452981032096e+02 5.9526260491871801e+00
521 4.2915188970300852e+02 5.9375088832163723e+00
522 4.2738881550335549e+02 5.9131159608656070e+00
523 4.2629466656226492e+02 5.8979779195027167e+00
524 4.2453759150015321e+02 5.8736679979106521e+00
525 4.2344195642660378e+02 5.8585093952386122e+00
526 4.2169084042030670e+02 5.8342819198565818e+00
527 4.2059374137986947e+02 5.8191030625460103e+00
528 4.1884854450762515e+02 5.7949574810385327e+00
529 4.1775000370064140e+02 5.7797586762411086e+00
530 4.1601068621666309e+02 5.7556944387073958e+00
531 4.1491072525698041e+02 5.7404759854603959e+00
532 4.1317724778814647e+02 5.7164925471556503e+00
533 4.1207588825637237e+02 5.7012547440364578e+00
534 4.1034821139277608e+02 5.6773515597069437e+00
535 4.0924547452879602e+02 5.6620947005789022e+00
536 4.0752355924131280e+02 5.6382712302391740e+00
537 4.0641946609099699e+02 5.6229956062813367e+00
538 4.0470327336877955e+02 5.5992513101988255e+00
539 4.0359784463671173e+02 5.5839572078683952e+00
540 4.0188733594865653e+02 5.5602915529480015e+00
541 4.0078059203980257e+02 5.5449792545568339e+00
542 3.9907572879853188e+02 5.5213917069248772e+00
543 3.9796768999665716e+02 5.5060614931079641e+00
544 3.9626843397244943e+02 5.4825515238391009e+00
545 3.9515912016083428e+02 5.4672036696905435e+00
546 3.9346543316936885e+02 5.4437707504875696e+00
547 3.9235486417511351e+02 5.4284055303241932e+00
548 3.9066670834788528e+02 5.4050491372593559e+00
549 3.8955490346168813e+02 5.3896668179766252e+00
550 3.8787224110989450e+02 5.3663864296084363e+00
551 3.8675921961499608e+02 5.3509872779986329e+00
552 3.8508201321591633e+02 5.3277823751834195e+00
553 3.8396779388069916e+02 5.3123666509155347e+00
554 3.8229600622982991e+02 5.2892367189123064e+00
555 3.8118060777601733e+02 5.2738046810097785e+00
556 3.7951420163610561e+02 5.2507492046244382e+00
557 3.7839764244560962e+02 5.2353011074092661e+00
558 3.7673658095658982e+02 5.2123195766662720e+00
559 3.7561887921185092e+02 5.1968556717006749e+00
560 3.7396312553051121e+02 5.1739475768576666e+00
561 3.7284429909031093e+02 5.1584681112258979e+00
562 3.7119381681113936e+02 5.1356329485962879e+00
563 3.7007388322530460e+02 5.1201381651080737e+00
564 3.6842863591488117e+02 5.0973754306191559e+00
565 3.6730761260830991e+02 5.0818655703557747e+00
566 3.6566756416454666e+02 5.0591747645189686e+00
567 3.6454546818851173e+02 5.0436500633924295e+00
568 3.6291058250983775e+02 5.0210306867263084e+00
569 3.6178743088605381e+02 5.0054913802396674e+00
570 3.6015767215635759e+02 4.9829429372122647e+00
571 3.5903348138562473e+02 4.9673892536614925e+00
572 3.5740881398409829e+02 4.9449112514429521e+00
573 3.5628360053910097e+02 4.9293434187350273e+00
574 3.5466398896041466e+02 4.9069353660931876e+00
575 3.5353776886659404e+02 4.8913536059472769e+00
576 3.5192317786931363e+02 4.8690150153010885e+00
577 3.5079596711214288e+02 4.8534195488833820e+00
578 3.4918636144314701e+02 4.8311499324900993e+00
579 3.4805817566467101e+02 4.8155409762153054e+00
580 3.4645352041661249e+02 4.7933398511161220e+00
581 3.4532437503480946e+02 4.7777176182988841e+00
582 3.4372463533283837e+02 4.7555845019846101e+00
583 3.4259454549194021e+02 4.7399492021521681e+00
584 3.4099968684166492e+02 4.7178836173774226e+00
585 3.3986866738072763e+02 4.7022354558347734e+00
586 3.3827865522833457e+02 4.6802369245320472e+00
587 3.3714672088803962e+02 4.6645761052231309e+00
588 3.3556152101834289e+02 4.6426441540099805e+00
589 3.3442868614239347e+02 4.6269708753863634e+00
590 3.3284826433951037e+02 4.6051050308707042e+00
591 3.3171454323858939e+02 4.5894194909271038e+00
592 3.3013886555198400e+02 4.5676192833880433e+00
593 3.2900427204094490e+02 4.5519216732591534e+00
594 3.2743330468301008e+02 4.5301866352299935e+00
595 3.2629785255477015e+02 4.5144771457470103e+00
596 3.2473156185203408e+02 4.4928068113401629e+00
597 3.2359526447156139e+02 4.4770856274134161e+00
598 3.2203361696064030e+02 4.4554795336479582e+00
599 3.2089648764780441e+02 4.4397468395638162e+00
600 3.1933944989429222e+02 4.4182045238597425e+00
601 3.1820150162072071e+02 4.4024604990864917e+00
602 3.1664904046809306e+02 4.3809815027084174e+00
603 3.1551028603031477e+02 4.3652263242917737e+00
604 3.1396236836392472e+02 4.3438101890837029e+00
605 3.1282282025284229e+02 4.3280440298409077e+00
606 3.1127941325239232e+02 4.3066903017193043e+00
607 3.1013908376484864e+02 4.2909133317826935e+00
608 3.0860015458917320e+02 4.2696215563753031e+00
609 3.0745905582911018e+02 4.2538339432083419e+00
610 3.0592457186920910e+02 4.2326036693550195e+00
611 3.0478271566474348e+02 4.2168055766050090e+00
612 3.0325264440591712e+02 4.1956363544503015e+00
613 3.0211004241098345e+02 4.1798279433546535e+00
614 3.0058435149680298e+02 4.1587193252328545e+00
615 2.9944101505373118e+02 4.1429007527177903e+00
616 2.9791967231207576e+02 4.1218522935131787e+00
617 2.9677561256686732e+02 4.1060237137886286e+00
618 2.9525858591086717e+02 4.0850349695649690e+00
619 2.9411381378713656e+02 4.0691965337640390e+00
620 2.9260107129475369e+02 4.0482670628656159e+00
621 2.9145559747526949e+02 4.0324189187892001e+00
622 2.8994710732941240e+02 4.0115482810122840e+00
623 2.8880094231103510e+02 3.9956905738891564e+00
624 2.8729667280825640e+02 3.9748783306023303e+00
625 2.8614982682792117e+02 3.9590112020650805e+00
626 2.8464974646042072e+02 3.9382569173437982e+00
627 2.8350222952086204e+02 3.9223805057847438e+00
628 2.8200630683713143e+02 3.9016837444832801e+00
629 2.8085812874014408e+02 3.8857981855146484e+00
630 2.7936633247405035e+02 3.8651585150520287e+00
631 2.7821750279067561e+02 3.8492639410934690e+00
632 2.7672980171831227e+02 3.8286809294729425e+00
633 2.7558032984181688e+02 3.8127774704845132e+00
634 2.7409669290682399e+02 3.7922506880274103e+00
635 2.7294658794430762e+02 3.7763384700099203e+00
636 2.7146698421017476e+02 3.7558674886957433e+00
637 2.7031625510315274e+02 3.7399466353590678e+00
638 2.6884065372423743e+02 3.7195310284245178e+00
639 2.6768930914317667e+02 3.7036016597284549e+00
640 2.6621767944959970e+02 3.6832410028419962e+00
641 2.6506572786719983e+02 3.6673032360101461e+00
642 2.6359803921395559e+02 3.6469971051843810e+00
643 2.6244548892442373e+02 3.6310510549708197e+00
644 2.6098171084329289e+02 3.6107990286642679e+00
645 2.5982856986243058e+02 3.5948448059712046e+00
646 2.5836867193573028e+02 3.5746464633415798e+00
647 2.5721494814057598e+02 3.5586841771513749e+00
648 2.5575890009988240e+02 3.5385390994214574e+00
649 2.5460460106077116e+02 3.5225688544730920e+00
650 2.5315237275100412e+02 3.5024766244338221e+00
651 2.5199750587473793e+02 3.4864985232037236e+00
652 2.5054906722075660e+02 3.4664587247520382e+00
653 2.4939363967490141e+02 3.4504728664066961e+00
654 2.4794896071215311e+02 3.4304850849695692e+00
655 2.4679297949529865e+02 3.4144915663376123e+00
656 2.4535203033360372e+02 3.3945553883710007e+00
657 2.4419550217050377e+02 3.3785543024924132e+00
658 2.4275825307006889e+02 3.3586693165329375e+00
659 2.4160118452544833e+02 3.3426607542336333e+00
660 2.4016760577144757e+02 3.3228265491633482e+00
661 2.3901000314690478e+02 3.3068105976287669e+00
662 2.3758006522261118e+02 3.2870267650705158e+00
663 2.3642193463659754e+02 3.2710035089521767e+00
664 2.3499560798101237e+02 3.2512696399162837e+00
665 2.3383695536143145e+02 3.2352391612293911e+00
666 2.3241421062396645e+02 3.2155548496373023e+00
667 2.3125504164450987e+02 3.1995172268799257e+00
668 2.2983584944919244e+02 3.1798820663018836e+00
669 2.2867616966417796e+02 3.1638373763204997e+00
670 2.2726050079636036e+02 3.1442509625587500e+00
671 2.2610031540723475e+02 3.1281992773177079e+00
672 2.2468814073896573e+02 3.1086612073739799e+00
673 2.2352745487762667e+02 3.0926025978753859e+00
674 2.2211874531364674e+02 3.0731124692037142e+00
675 2.2095756378215879e+02 3.0570470018862852e+00
676 2.1955229038100637e+02 3.0376044140685678e+00
677 2.1839061787075565e+02 3.0215321538397353e+00
678 2.1698875167278382e+02 3.0021367062062674e+00
679 2.1582659261244424e+02 2.9860577143387217e+00
680 2.1442810482486945e+02 2.9667090085284284e+00
681 2.1326546346760472e+02 2.9506233438665963e+00
682 2.1187032529173473e+02 2.9313209814366536e+00
683 2.1070720564745727e+02 2.9152286994594725e+00
684 2.0931538844759302e+02 2.8959722842221391e+00
685 2.0815179435454345e+02 2.8798734380333899e+00
686 2.0676326944780902e+02 2.8606625731482129e+00
687 2.0559920454579159e+02 2.8445572131062193e+00
688 2.0421394342989254e+02 2.8253915042311708e+00
689 2.0304941108809533e+02 2.8092796769501609e+00
690 2.0166738525347660e+02 2.7901587296427590e+00
691 2.0050238874113413e+02 2.7740404803540599e+00
692 1.9912356975979921e+02 2.7549639013002216e+00
693 1.9795811203226714e+02 2.7388392708925036e+00
694 1.9658247157554266e+02 2.7198066681523270e+00
695 1.9541655545263856e+02 2.7036756956390309e+00
696 1.9404406522610216e+02 2.6846866777464915e+00
697 1.9287769333590811e+02 2.6685493994883118e+00
698 1.9150832525596499e+02 2.6496035778942790e+00
699 1.9034150044267574e+02 2.6334600332419260e+00
700 1.8897522750945021e+02 2.6145570343910096e+00
701 1.8780795528149389e+02 2.5984072995560568e+00
702 1.8644475834206395e+02 2.5795468584589898e+00
703 1.8527706406208634e+02 2.5633912843450180e+00
704 1.8391697428861249e+02 2.5445738322826226e+00
705 1.8274900619074256e+02 2.5284144697752939e+00
706 1.8139234607600406e+02 2.5096444685798205e+00
707 1.8022492187739354e+02 2.4934926311627033e+00
708 1.7887350100056463e+02 2.4747951171736844e+00
709 1.7771064023527788e+02 2.4587064169034560e+00
710 1.7637290606482185e+02 2.4401982646360585e+00
711 1.7523193115561585e+02 2.4244123650012557e+00
712 1.7394189866298564e+02 2.4065641868423979e+00
713 1.7288744054529772e+02 2.3919752858239631e+00
714 1.7176261176790032e+02 2.3764127751648201e+00
715 1.7100033067269996e+02 2.3658662743038024e+00
716 1.7038368987013976e+02 2.3573347722160714e+00
717 1.7046154954734979e+02 2.3584119957729777e+00
718 1.7118245450423348e+02 2.3683860392017828e+00
719 1.7329606918115257e+02 2.3976288462848148e+00
720 1.7697318182969306e+02 2.4485033490870878e+00
721 1.8318501404477402e+02 2.5344468340001272e+00
722 1.9222031551618281e+02 2.6594542824961684e+00
723 2.0500909445275312e+02 2.8363927752846445e+00
724 2.2133038988613058e+02 3.0622052182598853e+00
725 2.4098495920397104e+02 3.3341350005130419e+00
726 2.6149492964948865e+02 3.6178996410440241e+00
727 2.7961444570763911e+02 3.8685912729259280e+00
728 2.8993145354087460e+02 4.0113317038266088e+00
729 2.8919292285391163e+02 4.0011138005164186e+00
730 2.7684028456302934e+02 3.8302095091849058e+00
731 2.5804592577548152e+02 3.5701811254519411e+00
732 2.3927389810332076e+02 3.3104617027166188e+00
733 2.2720072195975183e+02 3.1434238955414355e+00
734 2.2485735948839829e+02 3.1110024246727268e+00
735 2.3276040053700504e+02 3.2203445423621067e+00
736 2.4648145366773255e+02 3.4101814667833374e+00
737 2.5856469445688020e+02 3.5773585228444369e+00
738 2.6024233697210809e+02 3.6005694595221724e+00
739 2.5021722409357903e+02 3.4618675262446410e+00
740 2.3497745503547617e+02 3.2510184857725788e+00
741 2.2477896540970175e+02 3.1099178074315574e+00
742 2.2495805692229897e+02 3.1123956188369561e+00
743 2.3489211901394182e+02 3.2498378236385514e+00
744 2.4612620007620853e+02 3.4052663740013203e+00
745 2.4866702612839919e+02 3.4404198420800229e+00
746 2.3914328964195903e+02 3.3086546760713551e+00
747 2.2642790342562327e+02 3.1327316044864477e+00
748 2.2081328693906886e+02 3.0550508670490797e+00
749 2.2648801622249749e+02 3.1335632919938305e+00
750 2.3708693239887802e+02 3.2802040512673738e+00
751 2.4134343708773798e+02 3.3390947028244442e+00
752 2.3346302929077066e+02 3.2300657263232768e+00
753 2.2206205070701270e+02 3.0723280738914784e+00
754 2.1825006920046172e+02 3.0195875999453743e+00
755 2.2526678056036073e+02 3.1166669488425613e+00
756 2.3415178641917066e+02 3.2395949901256187e+00
757 2.3355674929438450e+02 3.2313623846098740e+00
758 2.2322789020901399e+02 3.0884579863202171e+00
759 2.1572056360284861e+02 2.9845907554333597e+00
760 2.1873649434144923e+02 3.0263175099491071e+00
761 2.2783921103547058e+02 3.1522576782880067e+00
762 2.2979596556479353e+02 3.1793302548719504e+00
763 2.2130581276303366e+02 3.0618651827381664e+00
764 2.1321713975229179e+02 2.9499547635904171e+00
765 2.1561186150424581e+02 2.9830868131426125e+00
766 2.2389458152381732e+02 3.0976819596941838e+00
767 2.2537816575412171e+02 3.1182080129582812e+00
768 2.1668758159396117e+02 2.9979698830807631e+00
769 2.1036954827689138e+02 2.9105570582869125e+00
770 2.1427307728219088e+02 2.9645641329403603e+00
771 2.2175006115692835e+02 3.0680115585281689e+00
772 2.1975400321783493e+02 3.0403952016411382e+00
773 2.1091216133140148e+02 2.9180643532764150e+00
774 2.0816624418047479e+02 2.8800733578563871e+00
775 2.1485853400325416e+02 2.9726641892734631e+00
776 2.1880735799714398e+02 3.0272979404103966e+00
777 2.1249541304418335e+02 2.9399693508648341e+00
778 2.0565795191441225e+02 2.8453700093012730e+00
779 2.0880235655316585e+02 2.8888742578505378e+00
780 2.1523449222360182e+02 2.9778657398819837e+00
781 2.1271919328103996e+02 2.9430654508147702e+00
782 2.0467097589530493e+02 2.8317147533847100e+00
783 2.0452582299816976e+02 2.8297064979468485e+00
784 2.1109726592679544e+02 2.9206253583793784e+00
785 2.1144690839228639e+02 2.9254628187159479e+00
786 2.0371755835652357e+02 2.8185237940955727e+00
787 2.0151748077652726e+02 2.7880847339669237e+00
788 2.0744490030916509e+02 2.8700932418496299e+00
789 2.0930222561119535e+02 2.8957901704765989e+00
790 2.0221529242285450e+02 2.7977392710860478e+00
791 1.9914803880785237e+02 2.7553024415552350e+00
792 2.0453374102331654e+02 2.8298160473762568e+00
793 2.0678940181619470e+02 2.8610241261860820e+00
794 2.0008687221301395e+02 2.7682916228142638e+00
795 1.9708162632276131e+02 2.7267126979679275e+00
796 2.0230160909165915e+02 2.7989335009149130e+00
797 2.0409142495637681e+02 2.8236964061963907e+00
798 1.9744099262419638e+02 2.7316846919362545e+00
799 1.9527427121108582e+02 2.7017071293378416e+00
800 2.0058645248958192e+02 2.7752035400192767e+00
801 2.0113790503559090e+02 2.7828331333384781e+00
802 1.9447587329539158e+02 2.6906609360656724e+00
803 1.9386618116189686e+02 2.6822255719311765e+00
804 1.9912921824490493e+02 2.7550420506251965e+00
805 1.9774636983635241e+02 2.7359097226384681e+00
806 1.9151877695244497e+02 2.6497481818030200e+00
807 1.9302883926570189e+02 2.6706405712210839e+00
808 1.9749764928583357e+02 2.7324685622624387e+00
809 1.9382743208804465e+02 2.6816894611141575e+00
810 1.8906495636849598e+02 2.6157984734023438e+00
811 1.9273608972613391e+02 2.6665902500330652e+00
812 1.9509960314164383e+02 2.6992905182525595e+00
813 1.8964585715696518e+02 2.6238354963645172e+00
814 1.8766189945031405e+02 2.5963865516206908e+00
815 1.9249059524195974e+02 2.6631937237319145e+00
816 1.9147549966981487e+02 2.6491494211865039e+00
817 1.8597753774933670e+02 2.5730826519943291e+00
818 1.8752118522394250e+02 2.5944397071837382e+00
819 1.9125910368551766e+02 2.6461554856828147e+00
820 1.8687288076207477e+02 2.5854701241672626e+00
821 1.8385952205802906e+02 2.5437789549032273e+00
822 1.8795278362456179e+02 2.6004110646428242e+00
823 1.8807096737480009e+02 2.6020461898367908e+00
824 1.8260339886103790e+02 2.5263999270590052e+00
825 1.8375403988537883e+02 2.5423195617322798e+00
826 1.8722812235416066e+02 2.5903850509316713e+00
827 1.8326005477617150e+02 2.5354850561773237e+00
828 1.8041173202194778e+02 2.4960772333032959e+00
829 1.8449883380392879e+02 2.5526241196607473e+00
830 1.8385432651896309e+02 2.5437070722898740e+00
831 1.7899595061309688e+02 2.4764892624858716e+00
832 1.8077088144242515e+02 2.5010462266262938e+00
833 1.8342789125703075e+02 2.5378071491703649e+00
834 1.7878967551786465e+02 2.4736353540219587e+00
835 1.7761587325336723e+02 2.4573952732025170e+00
836 1.8142430040840819e+02 2.5100865711012332e+00
837 1.7914833003346789e+02 2.4785975001140419e+00
838 1.7538063992953155e+02 2.4264698175893074e+00
839 1.7865255655546227e+02 2.4717382516746174e+00
840 1.7896051214650618e+02 2.4759989554052355e+00
841 1.7433117028437533e+02 2.4119499343258473e+00
842 1.7555548339049781e+02 2.4288888552949968e+00
843 1.7811079613191285e+02 2.4642427532168898e+00
844 1.7380497447323353e+02 2.4046697792620355e+00
845 1.7295277232845697e+02 2.3928791803474914e+00
846 1.7634168434001896e+02 2.4397662980694079e+00
847 1.7361837352012071e+02 2.4020880713788646e+00
848 1.7079234650832367e+02 2.3629887201017059e+00
849 1.7420285853405974e+02 2.4101746837080600e+00
850 1.7314488368974153e+02 2.3955371271993235e+00
851 1.6932446592295261e+02 2.3426799338088782e+00
852 1.7173563967726207e+02 2.3760396041929424e+00
853 1.7247239790387556e+02 2.3862329847191885e+00
854 1.6813431390242010e+02 2.3262136467812713e+00
855 1.6945412394289761e+02 2.3444738106708360e+00
856 1.7130154095313216e+02 2.3700336536366069e+00
857 1.6730464531844754e+02 2.3147348097875167e+00
858 1.6722740230081010e+02 2.3136661179923896e+00
859 1.6996228612847625e+02 2.3515044624362886e+00
860 1.6642340749926029e+02 2.3025424892940158e+00
861 1.6535885894824679e+02 2.2878139826046198e+00
862 1.6829402631508310e+02 2.3284233396468967e+00
863 1.6564183761329500e+02 2.2917291193610887e+00
864 1.6357642135550600e+02 2.2631531590253475e+00
865 1.6665529782018524e+02 2.3057507958946850e+00
866 1.6465060802880379e+02 2.2780150134595711e+00
867 1.6208749135298746e+02 2.2425531446049067e+00
868 1.6486862365853918e+02 2.2810313574843635e+00
869 1.6368058035867170e+02 2.2645942455529897e+00
870 1.6059411045855586e+02 2.2218915500984737e+00
871 1.6323722591252633e+02 2.2584602379310650e+00
872 1.6248828225222661e+02 2.2480982664641900e+00
873 1.5929449021693063e+02 2.2039107211318392e+00
874 1.6154288028072025e+02 2.2350182061435562e+00
875 1.6133284222660905e+02 2.2321122354557379e+00
876 1.5791387600685536e+02 2.1848093042831578e+00
877 1.6004275074503386e+02 2.2142632411583683e+00
878 1.5999069081046957e+02 2.2135429686130252e+00
879 1.5666492737108061e+02 2.1675295397113983e+00
880 1.5850011888786941e+02 2.1929202374917987e+00
881 1.5871506813435195e+02 2.1958941567289108e+00
882 1.5530103520222596e+02 2.1486594798034067e+00
883 1.5714936442174800e+02 2.1742319435938264e+00
884 1.5728203544085568e+02 2.1760675066506323e+00
885 1.5404669301129334e+02 2.1313050929768460e+00
886 1.5575257001762174e+02 2.1549066665030834e+00
887 1.5592865048132745e+02 2.1573428186965109e+00
888 1.5267704426349499e+02 2.1123553882171469e+00
889 1.5453289826645585e+02 2.1380319607615634e+00
890 1.5442814294404496e+02 2.1365826238896943e+00
891 1.5142260127026745e+02 2.0949996067456227e+00
892 1.5325569143990523e+02 2.1203612314456635e+00
893 1.5300338934490190e+02 2.1168705187952472e+00
894 1.5007509886680475e+02 2.0763563065931940e+00
895 1.5213346126268647e+02 2.1048346735855521e+00
896 1.5143035433152124e+02 2.0951068738255798e+00
897 1.4886723958851675e+02 2.0596450317122343e+00
898 1.5093118518385376e+02 2.0882006447733104e+00
899 1.4992560935631028e+02 2.0742880521643881e+00
900 1.4760286680782002e+02 2.0421518671772274e+00
901 1.4984612523534091e+02 2.0731883536994533e+00
902 1.4827807840623649e+02 2.0514937224966179e+00
903 1.4651143729021783e+02 2.0270514502580514e+00
904 1.4863807189905245e+02 2.0564743939390158e+00
905 1.4670964048521975e+02 2.0297936803617573e+00
906 1.4539955510474852e+02 2.0116680615052189e+00
907 1.4748729445447228e+02 2.0405528718305419e+00
908 1.4503411257802142e+02 2.0066120002345840e+00
909 1.4448076502823159e+02 1.9989561886881015e+00
910 1.4615238077743152e+02 2.0220837423546314e+00
911 1.4348843696861636e+02 1.9852268848905397e+00
912 1.4354621071212492e+02 1.9860262105454638e+00
913 1.4480903271966983e+02 2.0034979194383409e+00
914 1.4191510763654441e+02 1.9634591678897666e+00
915 1.4277345953325755e+02 1.9753348513807258e+00
916 1.4323803333513416e+02 1.9817624383067927e+00
917 1.4056047189529258e+02 1.9447171748094814e+00
918 1.4191836219207198e+02 1.9635041961252693e+00
919 1.4164257367734660e+02 1.9596885383235427e+00
920 1.3927531106787379e+02 1.9269363983239309e+00
921 1.4111185731505378e+02 1.9523458394069362e+00
922 1.3986215059779440e+02 1.9350555864378118e+00
923 1.3828066637799654e+02 1.9131750429076071e+00
924 1.4008226518378066e+02 1.9381009704637877e+00
925 1.3815608594972235e+02 1.9114514168038870e+00
926 1.3738516799974869e+02 1.9007854211831587e+00
927 1.3894962492328159e+02 1.9224303844322179e+00
928 1.3643029185878174e+02 1.8875742814785514e+00
929 1.3673023781346288e+02 1.8917241682974970e+00
930 1.3748424641367836e+02 1.9021562154799041e+00
931 1.3497338052154501e+02 1.8674172596537422e+00
932 1.3603545990622797e+02 1.8821116043194503e+00
933 1.3588660532560993e+02 1.8800521344302727e+00
934 1.3368907178659268e+02 1.8496482722496574e+00
935 1.3535070729869207e+02 1.8726377448594267e+00
936 1.3405859396600596e+02 1.8547607773450683e+00
937 1.3279267664176328e+02 1.8372462433573231e+00
938 1.3435417953747222e+02 1.8588503363064564e+00
939 1.3232506515817735e+02 1.8307766287423046e+00
940 1.3206473157065614e+02 1.8271747967905065e+00
941 1.3312750710933170e+02 1.8418787730589512e+00
942 1.3068293684349999e+02 1.8080570469585089e+00
943 1.3154899559468393e+02 1.8200393582378571e+00
944 1.3149241544930055e+02 1.8192565465483641e+00
945 1.2944969468665468e+02 1.7909945885676271e+00
946 1.3087156304090993e+02 1.8106667750049215e+00
947 1.2974101416370974e+02 1.7950251241993480e+00
948 1.2851177223340844e+02 1.7780180107369397e+00
949 1.2999757170057157e+02 1.7985747127965865e+00
950 1.2792080611934178e+02 1.7698417294804853e+00
951 1.2796161220678871e+02 1.7704063000032277e+00
952 1.2863652358535626e+02 1.7797440016463495e+00
953 1.2643973166973447e+02 1.7493504001580538e+00
954 1.2742232524666039e+02 1.7629450230213632e+00
955 1.2699872973344533e+02 1.7570843890990808e+00
956 1.2529882133610576e+02 1.7335653939553270e+00
957 1.2677557754516761e+02 1.7539969784829350e+00
958 1.2513961739495828e+02 1.7313627360211854e+00
959 1.2465948592380514e+02 1.7247199017625354e+00
960 1.2562954555628544e+02 1.7381411118825407e+00
961 1.2353136033343556e+02 1.7091117782171898e+00
962 1.2416368591051918e+02 1.7178602861956054e+00
963 1.2410776703517575e+02 1.7170866234737174e+00
964 1.2227422543803880e+02 1.6917187530717452e+00
965 1.2363283430290615e+02 1.7105157160993318e+00
966 1.2226322534557126e+02 1.6915665618585423e+00
967 1.2158609720012349e+02 1.6821981902513374e+00
968 1.2259882188252116e+02 1.6962096904736712e+00
969 1.2061847400294729e+02 1.6688106893065884e+00
970 1.2111553317865038e+02 1.6756877259503362e+00
971 1.2112817060156472e+02 1.6758625703646690e+00
972 1.1934837014503432e+02 1.6512382327477124e+00
973 1.2062428295795050e+02 1.6688910588045709e+00
974 1.1929777631042715e+02 1.6505382443528718e+00
975 1.1868899552738309e+02 1.6421154891606318e+00
976 1.1959521798928724e+02 1.6546534833925803e+00
977 1.1768471975374447e+02 1.6282208833806018e+00
978 1.1825473162877152e+02 1.6361072533412562e+00
979 1.1809338156525457e+02 1.6338749028415243e+00
980 1.1650523225052096e+02 1.6119021447333624e+00
981 1.1773487082800503e+02 1.6289147459874540e+00
982 1.1627175662425755e+02 1.6086719047222724e+00
983 1.1595112542503473e+02 1.6042358282670590e+00
984 1.1660418813670273e+02 1.6132712438037577e+00
985 1.1476720412987039e+02 1.5878557461196123e+00
986 1.1554512906091038e+02 1.5986186864662619e+00
987 1.1500798526905842e+02 1.5911870611787846e+00
988 1.1378003135660661e+02 1.5741977680210437e+00
989 1.1490411877195798e+02 1.5897500216037539e+00
990 1.1323118077159441e+02 1.5666041739993009e+00
991 1.1337115141884193e+02 1.5685407306855519e+00
992 1.1357446242641952e+02 1.5713536296672690e+00
993 1.1194255500999706e+02 1.5487754585952496e+00
994 1.1292328286132964e+02 1.5623442683081339e+00
995 1.1188254254224869e+02 1.5479451591863240e+00
996 1.1122601915329089e+02 1.5388618636270899e+00
997 1.1203643858985836e+02 1.5500743800325998e+00
998 1.1026127745706302e+02 1.5255142295404118e+00
999 1.1091790646689313e+02 1.5345989864117888e+00
1000 1.1046280985447153e+02 1.5283025206526728e+00
1001 1.0931071052035306e+02 1.5123627096095242e+00
1002 1.1027517390573009e+02 1.5257064931407491e+00
1003 1.0878448925431503e+02 1.5050822023658059e+00
1004 1.0885948747585940e+02 1.5061198364001178e+00
1005 1.0903476375634909e+02 1.5085448623580482e+00
1006 1.0749465632143485e+02 1.4872367852055994e+00
1007 1.0847935700444469e+02 1.5008605608266885e+00
1008 1.0730337525840368e+02 1.4845903259025199e+00
1009 1.0694014043434274e+02 1.4795648091885008e+00
1010 1.0745349093442709e+02 1.4866672436122752e+00
1011 1.0586961812889878e+02 1.4647536529271279e+00
1012 1.0658452939162424e+02 1.4746447709088788e+00
1013 1.0588749890078405e+02 1.4650010414262931e+00
1014 1.0505676281646397e+02 1.4535074350864203e+00
1015 1.0586018802098422e+02 1.4646231831544068e+00
1016 1.0426777047389369e+02 1.4425913721371399e+00
1017 1.0476413690185618e+02 1.4494588243051758e+00
1018 1.0438549268670158e+02 1.4442201117537414e+00
1019 1.0332813331375597e+02 1.4295910705675048e+00
1020 1.0416156061633251e+02 1.4411219111190581e+00
1021 1.0277119772655988e+02 1.4218856169141501e+00
1022 1.0292598593808452e+02 1.4240271812483551e+00
1023 1.0290964290087338e+02 1.4238010679981328e+00
1024 1.0161856209276428e+02 1.4059383859244197e+00
1025 1.0250653120324445e+02 1.4182238368521705e+00
1026 1.0123540928553884e+02 1.4006372949794288e+00
1027 1.0120112862845369e+02 1.4001630067126187e+00
1028 1.0134790864775117e+02 1.4021937741154153e+00
1029 1.0002457385135699e+02 1.3838848436467708e+00
1030 1.0080163416477997e+02 1.3946358216208787e+00
1031 9.9759222374946091e+01 1.3802135869514907e+00
1032 9.9476337742405931e+01 1.3762997511769473e+00
1033 9.9824910009267796e+01 1.3811224048354629e+00
1034 9.8415943646458246e+01 1.3616287232368005e+00
1035 9.9176274849849918e+01 1.3721482464700521e+00
1036 9.8223443664649366e+01 1.3589653996457050e+00
1037 9.7860258387308107e+01 1.3539405684327761e+00
1038 9.8239885301556072e+01 1.3591928770669410e+00
1039 9.6890005893294301e+01 1.3405166899869498e+00
1040 9.7528407905345972e+01 1.3493492681686357e+00
1041 9.6735239404094543e+01 1.3383754261908527e+00
1042 9.6238252612967727e+01 1.3314993910201842e+00
1043 9.6710481148433672e+01 1.3380328846188672e+00
1044 9.5331235861432560e+01 1.3189504074349248e+00
1045 9.5970266063355751e+01 1.3277916769052476e+00
1046 9.5188996458264043e+01 1.3169824614928927e+00
1047 9.4711811922755643e+01 1.3103803994106882e+00
1048 9.5136346944110201e+01 1.3162540318494818e+00
1049 9.3840100825691408e+01 1.2983198853908176e+00
1050 9.4397115392344972e+01 1.3060264317603913e+00
1051 9.3690569574837696e+01 1.2962510534654197e+00
1052 9.3173529274234284e+01 1.2890975689964637e+00
1053 9.3623850566756659e+01 1.2953279660628809e+00
1054 9.2313655909955358e+01 1.2772008353193021e+00
1055 9.2910319008062729e+01 1.2854559369052503e+00
1056 9.2141117204108625e+01 1.2748136849344522e+00
1057 9.1722434258251866e+01 1.2690210185850250e+00
1058 9.2072298831840428e+01 1.2738615518867480e+00
1059 9.0852976764926026e+01 1.2569916841836926e+00
1060 9.1406571089582116e+01 1.2646509099711367e+00
1061 9.0641934313996927e+01 1.2540718172153926e+00
1062 9.0258967793738961e+01 1.2487733036341528e+00
1063 9.0578291629420008e+01 1.2531912921283688e+00
1064 8.9364770954823399e+01 1.2364016892901513e+00
1065 8.9978991499738243e+01 1.2448997060277909e+00
1066 8.9100021573292253e+01 1.2327387628475923e+00
1067 8.8878864190185411e+01 1.2296789512557234e+00
1068 8.9043009894695913e+01 1.2319499807025409e+00
1069 8.7948837799120213e+01 1.2168116189869624e+00
1070 8.8526218461420214e+01 1.2247999394246891e+00
1071 8.7613387784381715e+01 1.2121705175723485e+00
1072 8.7487401998255621e+01 1.2104274477123966e+00
1073 8.7556548919202712e+01 1.2113841263784384e+00
1074 8.6519279043140600e+01 1.1970330323924054e+00
1075 8.7133272057145803e+01 1.2055279011378550e+00
1076 8.6096880827107938e+01 1.1911889636136701e+00
1077 8.6173592472503614e+01 1.1922503036354934e+00
1078 8.6025737332726308e+01 1.1902046614586304e+00
1079 8.5172481330291305e+01 1.1783994819506909e+00
1080 8.5700576235177166e+01 1.1857059118282594e+00
1081 8.4647842597668884e+01 1.1711408697665973e+00
1082 8.4842859789964095e+01 1.1738390200938253e+00
1083 8.4539241810855060e+01 1.1696383291698924e+00
1084 8.3826050555971463e+01 1.1597710082681154e+00
1085 8.4306484923419603e+01 1.1664180332328660e+00
1086 8.3190352111733091e+01 1.1509758351597685e+00
1087 8.3573292531199613e+01 1.1562739876248518e+00
1088 8.3015117710197913e+01 1.1485513886159580e+00
1089 8.2567973931319514e+01 1.1423649538760277e+00
1090 8.2856668767836894e+01 1.1463591764286696e+00
1091 8.1820954236391032e+01 1.1320296013330273e+00
1092 8.2266946378959076e+01 1.1382001026680559e+00
1093 8.1546624257718378e+01 1.1282341230317929e+00
1094 8.1311947194444286e+01 1.1249872606007751e+00
1095 8.1429643063430731e+01 1.1266156357387909e+00
1096 8.0468966146580755e+01 1.1133242396979972e+00
1097 8.0990634203073029e+01 1.1205417512453812e+00
1098 8.0067206053516642e+01 1.1077657086074297e+00
1099 8.0129738877427002e+01 1.1086308782743215e+00
1100 7.9945952043738131e+01 1.1060881049956088e+00
1101 7.9222558019534617e+01 1.0960796242040027e+00
1102 7.9647425652358180e+01 1.1019578584716576e+00
1103 7.8675596745482139e+01 1.0885121696468076e+00
1104 7.8923822679839517e+01 1.0919464867863911e+00
1105 7.8495621652511915e+01 1.0860221335106324e+00
1106 7.8003665190868631e+01 1.0792156952046421e+00
1107 7.8303958852005422e+01 1.0833703926983598e+00
1108 7.7314701317609220e+01 1.0696835709944379e+00
1109 7.7747289614234717e+01 1.0756686241087718e+00
1110 7.7023223003825635e+01 1.0656508377853342e+00
1111 7.6877545942155933e+01 1.0636353302960317e+00
1112 7.6882019288671501e+01 1.0636972210515221e+00
1113 7.6075408293396492e+01 1.0525373961395086e+00
1114 7.6497516040102937e+01 1.0583774461448305e+00
1115 7.5633022201085055e+01 1.0464167861272160e+00
1116 7.5744809691723418e+01 1.0479634162006779e+00
1117 7.5469239783836443e+01 1.0441507829226133e+00
1118 7.4888089921467298e+01 1.0361103139113159e+00
1119 7.5227332502505547e+01 1.0408038871817815e+00
1120 7.4284065653202106e+01 1.0277533672344998e+00
1121 7.4642320852263921e+01 1.0327099886031255e+00
1122 7.4023562665870756e+01 1.0241491915603471e+00
1123 7.3810376585730623e+01 1.0211996665204222e+00
1124 7.3859725229927932e+01 1.0218824271474323e+00
1125 7.3071348675795846e+01 1.0109748839073962e+00
1126 7.3459405354195653e+01 1.0163438221096370e+00
1127 7.2657952687491374e+01 1.0052553649870846e+00
1128 7.2737386194034372e+01 1.0063543631787284e+00
1129 7.2483060760464596e+01 1.0028356567317092e+00
1130 7.1931277171047924e+01 9.9520148327847846e-01
1131 7.2236062741018486e+01 9.9941832834568478e-01
1132 7.1348451482671607e+01 9.8713782846270703e-01
1133 7.1687027162560085e+01 9.9182217485663782e-01
1134 7.1072824163053937e+01 9.8332440086759709e-01
1135 7.0909079330246058e+01 9.8105891766058995e-01
1136 7.0901190171912759e+01 9.8094976761649377e-01
1137 7.0191409130042302e+01 9.7112962854134965e-01
1138 7.0540665659452245e+01 9.7596174927913315e-01
1139 6.9753435889500722e+01 9.6507007231260666e-01
1140 6.9888140609460805e+01 9.6693377253288926e-01
1141 6.9551967057096547e+01 9.6228266065069168e-01
1142 6.9121157092608655e+01 9.5632221155912367e-01
1143 6.9332282870413124e+01 9.5924323139211920e-01
1144 6.8514722610379678e+01 9.4793191849105607e-01
1145 6.8865558633501124e+01 9.5278589223279464e-01
1146 6.8187612640571274e+01 9.4340620533884290e-01
1147 6.8160632256037118e+01 9.4303291961719549e-01
1148 6.8008669429216013e+01 9.4093044574764462e-01
1149 6.7444391226875823e+01 9.3312340372035940e-01
1150 6.7720929825922028e+01 9.3694943927510288e-01
1151 6.6943311354453797e+01 9.2619073893408610e-01
1152 6.7174575937936069e+01 9.2939038817657127e-01
1153 6.6688123965223113e+01 9.2266010694388201e-01
1154 6.6459316239961225e+01 9.1949444943685998e-01
1155 6.6498450230668482e+01 9.2003588575121675e-01
1156 6.5810730553328497e+01 9.1052097554962197e-01
1157 6.6144042945212888e+01 9.1513250199325302e-01
1158 6.5396483087467232e+01 9.0478967605539562e-01
1159 6.5548092035548777e+01 9.0688725385385816e-01
1160 6.5181313363072405e+01 9.0181270640747524e-01
1161 6.4849061832900063e+01 8.9721585746146282e-01
1162 6.4965657739535885e+01 8.9882901412698735e-01
1163 6.4267750101208989e+01 8.8917314891549271e-01
1164 6.4557854576370801e+01 8.9318687445105105e-01
1165 6.3917612005565836e+01 8.8432883131346041e-01
1166 6.3938572913648187e+01 8.8461883487845783e-01
1167 6.3720021097913467e+01 8.8159507247986746e-01
1168 6.3269722089160126e+01 8.7536498371938976e-01
1169 6.3475520650164491e+01 8.7821229911851839e-01
1170 6.2747301326727992e+01 8.6813705814771369e-01
1171 6.3031077683687748e+01 8.7206323132957098e-01
1172 6.2441430555460315e+01 8.6390519883381223e-01
1173 6.2407060923858680e+01 8.6342967956465833e-01
1174 6.2248864901404545e+01 8.6124096663772487e-01
1175 6.1771801871709926e+01 8.5464058564295353e-01
1176 6.1980582865010660e+01 8.5752916433062454e-01
1177 6.1295511757183853e+01 8.4805089827621782e-01
1178 6.1516081654535348e+01 8.5110258173915432e-01
1179 6.1017688915399056e+01 8.4420709464715948e-01
1180 6.0899767639916433e+01 8.4257560090916661e-01
1181 6.0824288769989600e+01 8.4153131688889615e-01
1182 6.0296453115438133e+01 8.3422847385598642e-01
1183 6.0540524670264084e+01 8.3760531329137233e-01
1184 5.9853966865532207e+01 8.2810647811844995e-01
1185 6.0069761174546379e+01 8.3109208917472632e-01
1186 5.9592773897229101e+01 8.2449275624807306e-01
1187 5.9467877876656345e+01 8.2276476378334851e-01
1188 5.9397547312012136e+01 8.2179170887585262e-01
1189 5.8891162219083242e+01 8.1478564398429554e-01
1190 5.9107892029624658e+01 8.1778419812380543e-01
1191 5.8470543438779309e+01 8.0896619449700424e-01
1192 5.8642420612940818e+01 8.1134419229426979e-01
1193 5.8217311984004091e+01 8.0546262373729449e-01
1194 5.8059178899816260e+01 8.0327478158950527e-01
1195 5.8021135244508756e+01 8.0274843055445644e-01
1196 5.7503679078057651e+01 7.9558919239496761e-01
1197 5.7734365635631278e+01 7.9878084438974251e-01
1198 5.7095293952908541e+01 7.8993900101395254e-01
1199 5.7283171205186790e+01 7.9253836706854075e-01
1200 5.6843892657362154e+01 7.8646075132806204e-01
1201 5.6720740116982356e+01 7.8475688069381699e-01
1202 5.6648501014089632e+01 7.8375742030360895e-01
1203 5.6180852661545082e+01 7.7728729559001075e-01
1204 5.6372420843358590e+01 7.7993772731022637e-01
1205 5.5776042565809902e+01 7.7168656634445942e-01
1206 5.5943357436138179e+01 7.7400144262184412e-01
1207 5.5520834301910369e+01 7.6815564554384874e-01
1208 5.5404392078026731e+01 7.6654461514813266e-01
1209 5.5326893831401001e+01 7.6547239214547402e-01
1210 5.4876663791638300e+01 7.5924325760191669e-01
1211 5.5067251260783152e+01 7.6188012072247857e-01
1212 5.4469001538011042e+01 7.5360306747263883e-01
1213 5.4666764953731459e+01 7.5633921303272900e-01
1214 5.4205013042500376e+01 7.4995066822945655e-01
1215 5.4154174891050481e+01 7.4924729960151248e-01
1216 5.4011937065785531e+01 7.4727937549048384e-01
1217 5.3636573255056888e+01 7.4208604880565521e-01
1218 5.3772586123580311e+01 7.4396784784806058e-01
1219 5.3220727567812041e+01 7.3633263720173059e-01
1220 5.3406570984906850e+01 7.3890386423431187e-01
1221 5.2942397876609697e+01 7.3248182108364135e-01
1222 5.2925076906494596e+01 7.3224217769305644e-01
1223 5.2747147627158128e+01 7.2978044630612104e-01
1224 5.2418861076208977e+01 7.2523845462608905e-01
1225 5.2528977206102482e+01 7.2676196067398402e-01
1226 5.1992219418518474e+01 7.1933567592868985e-01
1227 5.2201799729163426e+01 7.2223531353033910e-01
1228 5.1694469991022103e+01 7.1521617904856261e-01
1229 5.1756968496582161e+01 7.1608087390568509e-01
1230 5.1492062286663796e+01 7.1241577767204622e-01
1231 5.1265824777671575e+01 7.0928568025994432e-01
1232 5.1293022500035647e+01 7.0966197294795197e-01
1233 5.0827947399878902e+01 7.0322745033533007e-01
1234 5.1007379148212060e+01 7.0570996905474304e-01
1235 5.0505928621241239e+01 6.9877217609653608e-01
1236 5.0605949931458028e+01 7.0015601578633468e-01
1237 5.0289063795579160e+01 6.9577175396227287e-01
1238 5.0137238323322464e+01 6.9367118045472875e-01
1239 5.0103198349574924e+01 6.9320022214984900e-01
1240 4.9691842503792373e+01 6.8750892951640130e-01
1241 4.9858436721133337e+01 6.8981383523646933e-01
1242 4.9343066470095664e+01 6.8268345665232910e-01
1243 4.9506348065951300e+01 6.8494253076832445e-01
1244 4.9103766486634029e+01 6.7937263404698001e-01
1245 4.9069581299194155e+01 6.7889966664553358e-01
1246 4.8921777940230101e+01 6.7685474087944730e-01
1247 4.8624064969116425e+01 6.7273574838972650e-01
1248 4.8713231756209147e+01 6.7396941088348195e-01
1249 4.8248968977643258e+01 6.6754612710442340e-01
1250 4.8414464122633490e+01 6.6983582666554775e-01
1251 4.7979486955197565e+01 6.6381772245206194e-01
1252 4.8020945402108580e+01 6.6439131866059509e-01
1253 4.7788930570773644e+01 6.6118128940255672e-01
1254 4.7587604329745922e+01 6.5839585055629202e-01
1255 4.7606581408986671e+01 6.5865840695945133e-01
1256 4.7192132707755789e+01 6.5292432328362549e-01
1257 4.7360367092688342e+01 6.5525192145799382e-01
1258 4.6888027877495816e+01 6.4871689655565001e-01
1259 4.7020085127016287e+01 6.5054396783492030e-01
1260 4.6675727293492045e+01 6.4577962275194678e-01
1261 4.6614181584255178e+01 6.4492811025931707e-01
1262 4.6504833795099152e+01 6.4341523455015193e-01
1263 4.6209851536681477e+01 6.3933402269539752e-01
1264 4.6304156857157615e+01 6.4063877910331912e-01
1265 4.5871767568803548e+01 6.3465647935768221e-01
1266 4.6023280280050621e+01 6.3675272567637431e-01
1267 4.5626106524106291e+01 6.3125764861698663e-01
1268 4.5661513609642711e+01 6.3174752152666158e-01
1269 4.5448338495263890e+01 6.2879814820296298e-01
1270 4.5266205798717415e+01 6.2627826065355185e-01
1271 4.5278526836374148e+01 6.2644872773593596e-01
1272 4.4902970965255818e+01 6.2125274380947038e-01
1273 4.5055445650284554e+01 6.2336229946690969e-01
1274 4.4618269138487626e+01 6.1731376633770885e-01
1275 4.4751212124746438e+01 6.1915309218203696e-01
1276 4.4415670108237755e+01 6.1451071788166656e-01
1277 4.4386057941494805e+01 6.1410102027271696e-01
1278 4.4255969482854887e+01 6.1230118809834855e-01
1279 4.4014627818583172e+01 6.0896211792322896e-01
1280 4.4079390495749571e+01 6.0985813861008298e-01
1281 4.3693987090439109e+01 6.0452590963111630e-01
1282 4.3838501427657704e+01 6.0652533030611633e-01
1283 4.3453253763287279e+01 6.0119525607291013e-01
1284 4.3524061407233589e+01 6.0217491158653669e-01
1285 4.3280107030566569e+01 5.9879969336353800e-01
1286 4.3168664181235542e+01 5.9725783155714618e-01
1287 4.3128785610290450e+01 5.9670609364122951e-01
1288 4.2826869553913411e+01 5.9252894958166380e-01
1289 4.2944783175082037e+01 5.9416033741878926e-01
1290 4.2545175641855757e+01 5.8863158795907422e-01
1291 4.2693947595405845e+01 5.9068991466570575e-01
1292 4.2338848772409214e+01 5.8577696317568373e-01
1293 4.2380219088972815e+01 5.8634934006133099e-01
1294 4.2185875839676854e+01 5.8366051403778385e-01
1295 4.2041928713327763e+01 5.8166894097957667e-01
1296 4.2039268955621509e+01 5.8163214203871916e-01
1297 4.1729894658976583e+01 5.7735180987977353e-01
1298 4.1851513141625837e+01 5.7903445613723958e-01
1299 4.1480963526851809e+01 5.7390773601277312e-01
1300 4.1599146129447455e+01 5.7554284532858879e-01
1301 4.1300738523406764e+01 5.7141424225308546e-01
1302 4.1294234584283409e+01 5.7132425733807657e-01
1303 4.1162312874103137e+01 5.6949906130637196e-01
1304 4.0976555519263719e+01 5.6692902498369580e-01
1305 4.1020378355010877e+01 5.6753533357228569e-01
1306 4.0692009133060914e+01 5.6299219810187673e-01
1307 4.0834045862745732e+01 5.6495733996535602e-01
1308 4.0469881614309372e+01 5.5991896424822452e-01
1309 4.0587305072117701e+01 5.6154357045540548e-01
1310 4.0309883679335982e+01 5.5770532105336823e-01
1311 4.0296297664885039e+01 5.5751735244965128e-01
1312 4.0183555614145824e+01 5.5595751560904139e-01
1313 3.9999780272023358e+01 5.5341490132130422e-01
1314 4.0048535791626627e+01 5.5408945580351932e-01
1315 3.9739002139608637e+01 5.4980691889151101e-01
1316 3.9869240712386691e+01 5.5160882796231181e-01
1317 3.9538132005219694e+01 5.4702779048517314e-01
1318 3.9634094803319194e+01 5.4835547883944880e-01
1319 3.9394076492834529e+01 5.4503471785754209e-01
1320 3.9360397334824114e+01 5.4456875160022356e-01
1321 3.9279003069508597e+01 5.4344262543149535e-01
1322 3.9084618410935391e+01 5.4075322649202395e-01
1323 3.9153803031593547e+01 5.4171042675047798e-01
1324 3.8844162849551680e+01 5.3742641594780705e-01
1325 3.8986598119821224e+01 5.3939707179903496e-01
1326 3.8660266031809606e+01 5.3488212099038668e-01
1327 3.8767683455225274e+01 5.3636828922369950e-01
1328 3.8529391918115188e+01 5.3307141892594645e-01
1329 3.8513401487129563e+01 5.3285018414100982e-01
1330 3.8425775485338747e+01 5.3163783910300066e-01
1331 3.8257297840516657e+01 5.2930687531895015e-01
1332 3.8313491911362590e+01 5.3008434549405004e-01
1333 3.8033870452724088e+01 5.2621565719408003e-01
1334 3.8162940097198721e+01 5.2800139361749898e-01
1335 3.7863256226957041e+01 5.2385513285432705e-01
1336 3.7964308846999316e+01 5.2525324117813876e-01
1337 3.7743276968127418e+01 5.2219516599365312e-01
1338 3.7731464846169388e+01 5.2203173998822650e-01
1339 3.7651255193086925e+01 5.2092200346108131e-01
1340 3.7494601564109438e+01 5.1875463023971302e-01
1341 3.7554351186719209e+01 5.1958129306825107e-01
1342 3.7285982916028331e+01 5.1586829767097286e-01
1343 3.7424170310774834e+01 5.1778018225902323e-01
1344 3.7125960426122226e+01 5.1365431474760870e-01
1345 3.7249307418512281e+01 5.1536087571263400e-01
1346 3.7015054934983084e+01 5.1211988753282511e-01
1347 3.7039936509774755e+01 5.1246413528029788e-01
1348 3.6934536303819691e+01 5.1100587615534310e-01
1349 3.6822422746826703e+01 5.0945473480761294e-01
1350 3.6854773368861572e+01 5.0990232017381631e-01
1351 3.6627120783010383e+01 5.0675264453866065e-01
1352 3.6748016540141990e+01 5.0842529156442307e-01
1353 3.6475447545724805e+01 5.0465417727022444e-01
1354 3.6600315396088597e+01 5.0638177998747269e-01
1355 3.6371609184078785e+01 5.0321752696182531e-01
1356 3.6417192445633361e+01 5.0384819183107143e-01
1357 3.6301625395557409e+01 5.0224926985752971e-01
1358 3.6220529624663065e+01 5.0112727349300323e-01
1359 3.6239506890001763e+01 5.0138983247091118e-01
1360 3.6038577277075028e+01 4.9860988115232480e-01
1361 3.6158139629965596e+01 5.0026407993233546e-01
1362 3.5894076016992003e+01 4.9661064140536088e-01
1363 3.6040586658062622e+01 4.9863768183956370e-01
1364 3.5795510606177317e+01 4.9524694473681058e-01
1365 3.5886957078230999e+01 4.9651214769451696e-01
1366 3.5734416678051737e+01 4.9440168283849467e-01
1367 3.5713789528277843e+01 4.9411629696939674e-01
1368 3.5689219800252502e+01 4.9377636376180994e-01
1369 3.5546541977790767e+01 4.9180235209221018e-01
1370 3.5634033631574802e+01 4.9301283836528592e-01
1371 3.5408971276065017e+01 4.8989899972870965e-01
1372 3.5549124808945024e+01 4.9183808671971668e-01
1373 3.5314003411066004e+01 4.8858507672014045e-01
1374 3.5428804990017085e+01 4.9017340805732978e-01
1375 3.5259317381980964e+01 4.8782847097921045e-01
1376 3.5283341060778902e+01 4.8816084935081450e-01
1377 3.5228755920671077e+01 4.8740563945413640e-01
1378 3.5134218325426289e+01 4.8609766942060750e-01
1379 3.5198803943914200e+01 4.8699124042122777e-01
1380 3.5005207839303154e+01 4.8431275147951608e-01
1381 3.5147800089369539e+01 4.8628557921664406e-01
1382 3.4913224075613051e+01 4.8304011485102633e-01
1383 3.5064395334164963e+01 4.8513163701852774e-01
1384 3.4862385456127704e+01 4.8233673974760172e-01
1385 3.4951786966474472e+01 4.8357364974285832e-01
1386 3.4843002873829732e+01 4.8206857302776385e-01
1387 3.4825993605851430e+01 4.8183324217605056e-01
1388 3.4835510697852662e+01 4.8196491541262609e-01
1389 3.4709176813729208e+01 4.8021702946074707e-01
1390 3.4817916812695721e+01 4.8172149612002568e-01
1391 3.4621085382362281e+01 4.7899824499579141e-01
1392 3.4774140705402246e+01 4.8111583404055192e-01
1393 3.4572010315678810e+01 4.7831926943639402e-01
1394 3.4700040324741771e+01 4.8009062203758074e-01
1395 3.4559523506300678e+01 4.7814650882789017e-01
1396 3.4604680768226366e+01 4.7877127980119533e-01
1397 3.4569748270384800e+01 4.7828797302514742e-01
1398 3.4506460415948567e+01 4.7741235717227326e-01
1399 3.4582562427633079e+01 4.7846526263826139e-01
1400 3.4425963216716660e+01 4.7629864231517632e-01
1401 3.4578985162249680e+01 4.7841576956715726e-01
1402 3.4378527026368701e+01 4.7564234134497235e-01
1403 3.4548137504227306e+01 4.7798897838219701e-01
1404 3.4369150109768803e+01 4.7551260749794766e-01
1405 3.4491109725311269e+01 4.7719997348200094e-01
1406 3.4391161444451292e+01 4.7581714418610993e-01
1407 3.4420231959471046e+01 4.7621934780052000e-01
1408 3.4428823003049253e+01 4.7633820874179889e-01
1409 3.4354220380830213e+01 4.7530604800159260e-01
1410 3.4462956735986857e+01 4.7681046424712736e-01
1411 3.4311335482962932e+01 4.7471271620426780e-01
1412 3.4477759966195855e+01 4.7701527357681955e-01
1413 3.4303171352818474e+01 4.7459976180183000e-01
1414 3.4466406093243350e+01 4.7685818765192461e-01
1415 3.4331055622561429e+01 4.7498555318076435e-01
1416 3.4433313148654520e+01 4.7640033192023029e-01
1417 3.4385946885636052e+01 4.7574499842599460e-01
1418 3.4392265083457062e+01 4.7583241352677424e-01
1419 3.4451683544096525e+01 4.7665449458091574e-01
1420 3.4361299327544693e+01 4.7540398840453507e-01
1421 3.4510547967832800e+01 4.7746891028599725e-01
1422 3.4356456010075519e+01 4.7533697893495691e-01
1423 3.4549358966768359e+01 4.7800587786431986e-01
1424 3.4386595365915731e+01 4.7575397044152939e-01
1425 3.4563958276584046e+01 4.7820786586390540e-01
1426 3.4450771855492540e+01 4.7664188096015636e-01
1427 3.4560393484345290e+01 4.7815854536435204e-01
1428 3.4538661695933733e+01 4.7785787632423410e-01
1429 3.4552283140180663e+01 4.7804633511507000e-01
1430 3.4633553294277903e+01 4.7917074414942534e-01
1431 3.4555091010364393e+01 4.7808518325848692e-01
1432 3.4716335406109422e+01 4.8031607179719876e-01
1433 3.4578417746512827e+01 4.7840791911593267e-01
1434 3.4767649359132250e+01 4.8102602335331757e-01
1435 3.4616513355593682e+01 4.7893498895473879e-01
1436 3.4764204553313000e+01 4.8097836291969603e-01
1437 3.4635592060428579e+01 4.7919895139357571e-01
1438 3.4665272190011294e+01 4.7960958929889713e-01
1439 3.4556289748402250e+01 4.7810176833691531e-01
1440 3.4389146605430341e+01 4.7578926798453142e-01
1441 3.4235175629789673e+01 4.7365901047533898e-01
1442 3.3791464923512521e+01 4.6752007383469646e-01
1443 3.3465894848250578e+01 4.6301566581422848e-01
1444 3.2679664085132110e+01 4.5213781055532581e-01
1445 3.2042508551797269e+01 4.4332247796577540e-01
1446 3.0911446252098990e+01 4.2767372372965351e-01
1447 2.9915138699111125e+01 4.1388936185634367e-01
1448 2.8575041523067643e+01 3.9534851634675539e-01
1449 2.7368862328546303e+01 3.7866048617828185e-01
1450 2.6120167122536884e+01 3.6138422792099789e-01
1451 2.5043732201813157e+01 3.4649126797522084e-01
1452 2.4263141729052492e+01 3.3569144866327988e-01
1453 2.3697148598264988e+01 3.2786067983172251e-01
1454 2.3667317718312731e+01 3.2744795622742179e-01
1455 2.3822850038421556e+01 3.2959981563764712e-01
1456 2.4532566808318865e+01 3.3941906548121448e-01
1457 2.5224353550154067e+01 3.4899024534431700e-01
1458 2.6152037569424255e+01 3.6182516984866081e-01
1459 2.6668986105985351e+01 3.6897738472093217e-01
1460 2.6908450613016885e+01 3.7229048358366523e-01
1461 2.6559073914680852e+01 3.6745670025488947e-01
1462 2.5825771621019559e+01 3.5731113411114018e-01
1463 2.4981783259028674e+01 3.4563417656559597e-01
1464 2.4163097381131447e+01 3.3430729023650962e-01
1465 2.3871136157967264e+01 3.3026787575952404e-01
1466 2.3849596930198871e+01 3.2996987088227425e-01
1467 2.4457746787435141e+01 3.3838389693297161e-01
1468 2.5001203806017347e+01 3.4590286854395813e-01
1469 2.5616857292889076e+01 3.5442071067629444e-01
1470 2.5572161704546009e+01 3.5380232716408105e-01
1471 2.5186331642409343e+01 3.4846419519655375e-01
1472 2.4386224035901854e+01 3.3739434758512915e-01
1473 2.3712809026954705e+01 3.2807734888687806e-01
1474 2.3429187827860346e+01 3.2415332238368211e-01
1475 2.3568634124838791e+01 3.2608262444877179e-01
1476 2.4172551408449308e+01 3.3443809094490407e-01
1477 2.4589987740111606e+01 3.4021350982780213e-01
1478 2.4820593974599880e+01 3.4340405051666351e-01
1479 2.4306247769404731e+01 3.3628784006607393e-01
1480 2.3717368314609548e+01 3.2814042867657794e-01
1481 2.3052744519178731e+01 3.1894506036048265e-01
1482 2.2994726919345805e+01 3.1814236084393321e-01
1483 2.3280871185681544e+01 3.2210129511409491e-01
1484 2.3812903928796445e+01 3.2946220674981624e-01
1485 2.4066555857172091e+01 3.3297159495038464e-01
1486 2.3759773019183250e+01 3.2872711678430305e-01
1487 2.3191353821815099e+01 3.2086278223342934e-01
1488 2.2565551824782052e+01 3.1220453091106026e-01
1489 2.2554514755924448e+01 3.1205182811291565e-01
1490 2.2792420339773109e+01 3.1534335857418372e-01
1491 2.3348156936350620e+01 3.2303222365454243e-01
1492 2.3337309027764594e+01 3.2288213797359988e-01
1493 2.3017618697190223e+01 3.1845907885814934e-01
1494 2.2336152637767626e+01 3.0903069026540131e-01
1495 2.2049276992773098e+01 3.0506163704344713e-01
1496 2.2182151610211374e+01 3.0690001697447744e-01
1497 2.2603659142938589e+01 3.1273176275018039e-01
1498 2.2855801672929633e+01 3.1622026774708145e-01
1499 2.2518077203728520e+01 3.1154769823480721e-01
1500 2.2017531004213986e+01 3.0462241705257942e-01
1501 2.1556190169838114e+01 2.9823955968198079e-01
1502 2.1755003011788936e+01 3.0099022452467183e-01
1503 2.2053031717627253e+01 3.0511358534592581e-01
1504 2.2339956066430233e+01 3.0908331240691517e-01
1505 2.1958410001844371e+01 3.0380445146702145e-01
1506 2.1475313582632392e+01 2.9712059582209771e-01
1507 2.1143525072909235e+01 2.9253015297168011e-01
1508 2.1341428190899855e+01 2.9526823137533975e-01
1509 2.1716539250675893e+01 3.0045806113737172e-01
1510 2.1732284921274367e+01 3.0067590955256879e-01
1511 2.1371568357841390e+01 2.9568523410386283e-01
1512 2.0820375057543519e+01 2.8805922756535540e-01
1513 2.0816725653197196e+01 2.8800873641934244e-01
1514 2.1029264263612234e+01 2.9094930342520853e-01
1515 2.1371644204924706e+01 2.9568628348228049e-01
1516 2.1066243654503239e+01 2.9146092988469635e-01
1517 2.0653008426764654e+01 2.8574363515892043e-01
1518 2.0320901439436952e+01 2.8114878602799598e-01
1519 2.0554417592523976e+01 2.8437958674586822e-01
1520 2.0834654033159723e+01 2.8825678359761037e-01
1521 2.0773390648584932e+01 2.8740917719331266e-01
1522 2.0342698586696667e+01 2.8145035933709384e-01
1523 1.9960037200154854e+01 2.7615606741767978e-01
1524 2.0115680277762348e+01 2.7830945920757766e-01
1525 2.0349931074891732e+01 2.8155042405528874e-01
1526 2.0433851512507868e+01 2.8271150095087005e-01
1527 1.9938952675674891e+01 2.7586435356437528e-01
1528 1.9664807981687829e+01 2.7207143875987266e-01
1529 1.9656128692324611e+01 2.7195135689857691e-01
1530 2.0013823070370975e+01 2.7690021905690648e-01
1531 1.9962579602647487e+01 2.7619124269651907e-01
1532 1.9596947157225912e+01 2.7113255381556106e-01
1533 1.9256201163383388e+01 2.6641818015461666e-01
1534 1.9337693776607239e+01 2.6754566701076915e-01
1535 1.9639949634829723e+01 2.7172751238127923e-01
1536 1.9531763343907468e+01 2.7023070652114972e-01
1537 1.9188424709636688e+01 2.6548046251699325e-01
1538 1.8853852485284435e+01 2.6085150572609173e-01
1539 1.9090677307796632e+01 2.6412808336951171e-01
1540 1.9229734510654524e+01 2.6605200214292157e-01
1541 1.9149504725808377e+01 2.6494198708379602e-01
1542 1.8668560674183720e+01 2.5828791040985272e-01
1543 1.8589821783865062e+01 2.5719852254523173e-01
1544 1.8766836246953385e+01 2.5964759703904799e-01
1545 1.8916776295998726e+01 2.6172208487078680e-01
1546 1.8619861638203822e+01 2.5761413740390182e-01
1547 1.8260448334243620e+01 2.5264149313455769e-01
1548 1.8312319257015325e+01 2.5335915061697212e-01
1549 1.8504756815879858e+01 2.5602161055863371e-01
1550 1.8513007979443209e+01 2.5613576910745933e-01
1551 1.8072422570991669e+01 2.5004007236403614e-01
1552 1.7947500101653155e+01 2.4831171396877413e-01
1553 1.8048291446304635e+01 2.4970620743036329e-01
1554 1.8258823422981699e+01 2.5261901175842122e-01
1555 1.7942114502492707e+01 2.4823720178876546e-01
1556 1.7663509175130510e+01 2.4438257212077255e-01
1557 1.7648854352495224e+01 2.4417981607642844e-01
1558 1.7884852674778248e+01 2.4744495871846442e-01
1559 1.7795017569923175e+01 2.4620204974870363e-01
1560 1.7426509466222029e+01 2.4110357484561751e-01
1561 1.7325333998357923e+01 2.3970376686708936e-01
1562 1.7472814682848664e+01 2.4174422828710687e-01
1563 1.7586029533517454e+01 2.4331060652680928e-01
1564 1.7215762585988863e+01 2.3818779723046934e-01
1565 1.7045449840336413e+01 2.3583144400332590e-01
1566 1.7092096368800625e+01 2.3647681964717809e-01
1567 1.7304719291939136e+01 2.3941855315739055e-01
1568 1.7021056320830564e+01 2.3549394871964177e-01
1569 1.6774577359039341e+01 2.3208380172908766e-01
1570 1.6767837157120439e+01 2.3199054801233052e-01
1571 1.6973550717519306e+01 2.3483668738995650e-01
1572 1.6827610801796965e+01 2.3281754319693684e-01
1573 1.6502919466115102e+01 2.2832529293270379e-01
1574 1.6484778734683132e+01 2.2807430777660928e-01
1575 1.6633527349605540e+01 2.3013231158285871e-01
1576 1.6613532493190746e+01 2.2985567377598889e-01
1577 1.6241330373638387e+01 2.2470609050670987e-01
1578 1.6211664368149091e+01 2.2429564801455601e-01
1579 1.6320712223365458e+01 2.2580437400313538e-01
1580 1.6362722859022668e+01 2.2638560999064755e-01
1581 1.6000355637692266e+01 2.2137209694955468e-01
1582 1.5928074730795876e+01 2.2037205818220529e-01
1583 1.6048023347515969e+01 2.2203160109554987e-01
1584 1.6078531611520276e+01 2.2245369661204042e-01
1585 1.5774543396099013e+01 2.1824788330266426e-01
1586 1.5637196409699790e+01 2.1634762614105013e-01
1587 1.5803206448140164e+01 2.1864444948400441e-01
1588 1.5782777772305710e+01 2.1836180959088089e-01
1589 1.5543758938889775e+01 2.1505487682251942e-01
1590 1.5358326312294350e+01 2.1248933326075059e-01
1591 1.5562470437670207e+01 2.1531375880088841e-01
1592 1.5499842253042921e+01 2.1444726977570536e-01
1593 1.5288310954910711e+01 2.1152063938708590e-01
1594 1.5108575853414653e+01 2.0903392364060003e-01
1595 1.5309577977699158e+01 2.1181487818634495e-01
1596 1.5239414078847380e+01 2.1084412917484269e-01
1597 1.5004740607616821e+01 2.0759731644135818e-01
1598 1.4889469192301094e+01 2.0600248470732643e-01
1599 1.5046470750931862e+01 2.0817467169150614e-01
1600 1.4990867876556822e+01 2.0740538098475278e-01
1601 1.4709212291546852e+01 2.0350854963405890e-01
1602 1.4687131442885702e+01 2.0320305118882251e-01
1603 1.4787942453365096e+01 2.0459781673596167e-01
1604 1.4732243877604661e+01 2.0382720195761606e-01
1605 1.4426553477326706e+01 1.9959783815725995e-01
1606 1.4483869701447041e+01 2.0039083382623490e-01
1607 1.4546109112306832e+01 2.0125194399196644e-01
1608 1.4447104875049236e+01 1.9988217596274993e-01
1609 1.4174917059211852e+01 1.9611633544517432e-01
1610 1.4271207810320609e+01 1.9744856117643109e-01
1611 1.4317831313886632e+01 1.9809361826048941e-01
1612 1.4137526838270894e+01 1.9559902496767415e-01
1613 1.3957325528178936e+01 1.9310585901615362e-01
1614 1.4053493696441841e+01 1.9443638875875549e-01
1615 1.4084372035892343e+01 1.9486360443503553e-01
1616 1.3824419208001080e+01 1.9126704046350149e-01
1617 1.3763855671160330e+01 1.9042911676650970e-01
1618 1.3839234849584852e+01 1.9147202151013062e-01
1619 1.3823643749797785e+01 1.9125631165143961e-01
1620 1.3536167553146386e+01 1.8727894952794485e-01
1621 1.3580318177898739e+01 1.8788979322444604e-01
1622 1.3628370691400010e+01 1.8855462130191789e-01
1623 1.3527424400622982e+01 1.8715798409118317e-01
1624 1.3294140746501355e+01 1.8393040010078085e-01
1625 1.3395429310339454e+01 1.8533177281283655e-01
1626 1.3407356135085962e+01 1.8549678578278986e-01
1627 1.3211925184003425e+01 1.8279291091715424e-01
1628 1.3102766678479782e+01 1.8128265403194330e-01
1629 1.3200927086861846e+01 1.8264074731018098e-01
1630 1.3157856303281280e+01 1.8204484370063687e-01
1631 1.2913259072033600e+01 1.7866073129617260e-01
1632 1.2946786367588423e+01 1.7912459646830256e-01
1633 1.2987479865654523e+01 1.7968760926646088e-01
1634 1.2874348140145036e+01 1.7812238110062190e-01
1635 1.2668726019379255e+01 1.7527750683133342e-01
1636 1.2795216636971793e+01 1.7702756126105751e-01
1637 1.2745646067962884e+01 1.7634173020473809e-01
1638 1.2577177843533610e+01 1.7401089675604761e-01
1639 1.2493370224466139e+01 1.7285138075569004e-01
1640 1.2611752574677892e+01 1.7448925366936810e-01
1641 1.2476098571311617e+01 1.7261241968737509e-01
1642 1.2307096530540521e+01 1.7027420065016077e-01
1643 1.2364281025437240e+01 1.7106537378624198e-01
1644 1.2371979156650056e+01 1.7117188088444421e-01
1645 1.2199777458498703e+01 1.6878939315221919e-01
1646 1.2098972968620266e+01 1.6739471782051898e-01
1647 1.2225095286136304e+01 1.6913967665348961e-01
1648 1.2083176331081946e+01 1.6717616425484871e-01
1649 1.1952628966401191e+01 1.6536998290957047e-01
1650 1.1950293147421847e+01 1.6533766580629725e-01
1651 1.2018436373068297e+01 1.6628045789766335e-01
1652 1.1790839142420609e+01 1.6313154812657671e-01
1653 1.1760525226760096e+01 1.6271214150659438e-01
1654 1.1811343570065096e+01 1.6341523607996930e-01
1655 1.1733342797521082e+01 1.6233606040583134e-01
1656 1.1554368180888792e+01 1.5985986630853896e-01
1657 1.1609879047269965e+01 1.6062788404342845e-01
1658 1.1618404312952594e+01 1.6074583491801836e-01
1659 1.1426347359386684e+01 1.5808864082137761e-01
1660 1.1399243792721434e+01 1.5771365081969513e-01
1661 1.1445010841265923e+01 1.5834685846438137e-01
1662 1.1355251097244677e+01 1.5710499214555848e-01
1663 1.1181681756028652e+01 1.5470358245809943e-01
1664 1.1282562595738268e+01 1.5609931412395947e-01
1665 1.1215272060721423e+01 1.5516831938991463e-01
1666 1.1079271638437286e+01 1.5328669254681235e-01
1667 1.1033593436100654e+01 1.5265471412926235e-01
1668 1.1116075610071645e+01 1.5379589200220303e-01
1669 1.0939589863111115e+01 1.5135413253316188e-01
1670 1.0867032971800040e+01 1.5035027539764698e-01
1671 1.0922548292211902e+01 1.5111835475604884e-01
1672 1.0853888736264746e+01 1.5016841900338082e-01
1673 1.0701617802449370e+01 1.4806168233536771e-01
1674 1.0726182901393278e+01 1.4840155149753656e-01
1675 1.0747222489522256e+01 1.4869264363626972e-01
1676 1.0559362635383929e+01 1.4609351829275097e-01
1677 1.0554970745033978e+01 1.4603275451984765e-01
1678 1.0575207595169372e+01 1.4631274041838435e-01
1679 1.0485211137847273e+01 1.4506759906487018e-01
1680 1.0343899004117485e+01 1.4311248231143464e-01
1681 1.0443452923243310e+01 1.4448985543584905e-01
1682 1.0343097821894066e+01 1.4310139759601623e-01
1683 1.0229813548527476e+01 1.4153405886215134e-01
1684 1.0228639907340536e+01 1.4151782100991217e-01
1685 1.0253768195382948e+01 1.4186548214586822e-01
1686 1.0081016941716848e+01 1.3947539106660239e-01
1687 1.0064955416731770e+01 1.3925317266429524e-01
1688 1.0105548199897514e+01 1.3981479202663308e-01
1689 9.9739052312990406e+00 1.3799345250973771e-01
1690 9.9003559529929923e+00 1.3697586525502811e-01
1691 9.9400285324285171e+00 1.3752475318601579e-01
1692 9.8823926160081310e+00 1.3672733443067678e-01
1693 9.7290184777039048e+00 1.3460533443373579e-01
1694 9.7998284507886027e+00 1.3558502217203672e-01
1695 9.7394007542992949e+00 1.3474897788723614e-01
1696 9.6283905548689486e+00 1.3321310198627845e-01
1697 9.5985485638099188e+00 1.3280022465483182e-01
1698 9.6467962560405383e+00 1.3346775311756853e-01
1699 9.4793852717556764e+00 1.3115154706048404e-01
1700 9.4623932824765369e+00 1.3091645526732373e-01
1701 9.4860598525329927e+00 1.3124389287931401e-01
1702 9.3864852043816072e+00 1.2986623295953328e-01
1703 9.2961959566979093e+00 1.2861704072003999e-01
1704 9.3460982355553739e+00 1.2930746113089728e-01
1705 9.2750466368724087e+00 1.2832443039406707e-01
1706 9.1495411305056251e+00 1.2658800542000706e-01
1707 9.2047746612048211e+00 1.2735218609134197e-01
1708 9.1448631126793032e+00 1.2652328294513027e-01
1709 9.0406918893832664e+00 1.2508202734650348e-01
1710 9.0254276693431077e+00 1.2487084001572757e-01
1711 9.0538176827083738e+00 1.2526362858451973e-01
1712 8.8894029775307750e+00 1.2298887739281701e-01
1713 8.9050928851148790e+00 1.2320595430169870e-01
1714 8.8973479379630831e+00 1.2309879948398217e-01
1715 8.8028611960721079e+00 1.2179153302941270e-01
1716 8.7328211421379596e+00 1.2082249746789449e-01
1717 8.7888978742905017e+00 1.2159834420954087e-01
1718 8.6718090856181913e+00 1.1997836829996719e-01
1719 8.6068508095863443e+00 1.1907964141507703e-01
1720 8.6450851871479326e+00 1.1960863117805649e-01
1721 8.5632285705004758e+00 1.1847610817127056e-01
1722 8.4766398306166248e+00 1.1727811411699139e-01
1723 8.4996289194154677e+00 1.1759617847190927e-01
1724 8.4635164294571901e+00 1.1709654597566017e-01
1725 8.3326176034220847e+00 1.1528550200490217e-01
1726 8.3832282023506153e+00 1.1598572234164824e-01
1727 8.3253306671537359e+00 1.1518468397319155e-01
1728 8.2366040127941975e+00 1.1395711091321410e-01
1729 8.2201282784813845e+00 1.1372916173907080e-01
1730 8.2358434692832159e+00 1.1394658845261012e-01
1731 8.0932725102159839e+00 1.1197405528600518e-01
1732 8.1098755776740923e+00 1.1220376617132688e-01
1733 8.0965264235766270e+00 1.1201907463684016e-01
1734 7.9959016610914624e+00 1.1062688591423971e-01
1735 7.9656133022735824e+00 1.1020783288463831e-01
1736 7.9858951209148508e+00 1.1048844094262368e-01
1737 7.8789765610846514e+00 1.0900917471077315e-01
1738 7.8367296007864509e+00 1.0842466906585323e-01
1739 7.8714034555854981e+00 1.0890439739939774e-01
1740 7.7572185014653030e+00 1.0732459734332085e-01
1741 7.7266749937487802e+00 1.0690201421426380e-01
1742 7.7327211362984984e+00 1.0698566530833911e-01
1743 7.6674840118139391e+00 1.0608308043003269e-01
1744 7.5817260763313286e+00 1.0489658092728862e-01
1745 7.6375921036889265e+00 1.0566951247358870e-01
1746 7.5319110569593430e+00 1.0420736779055177e-01
1747 7.4876776104425824e+00 1.0359537821779165e-01
1748 7.4945094925715283e+00 1.0368990037137642e-01
1749 7.4438386258072748e+00 1.0298884620209096e-01
1750 7.3521065894726112e+00 1.0171969233447192e-01
1751 7.3925181320633975e+00 1.0227880415216267e-01
1752 7.3217714570652488e+00 1.0129999217128050e-01
1753 7.2458377621820160e+00 1.0024941544373388e-01
1754 7.2722378271003540e+00 1.0061467218320344e-01
1755 7.2119783337777479e+00 9.9780955064659005e-02
1756 7.1381757314088281e+00 9.8759862957915154e-02
1757 7.1485013864475615e+00 9.8902723026782463e-02
1758 7.1153093305452941e+00 9.8443496045611964e-02
1759 7.0118668388809189e+00 9.7012322775970050e-02
1760 7.0537084827488146e+00 9.7591220686278526e-02
1761 6.9865706592096064e+00 9.6662338784023055e-02
1762 6.9238768064442935e+00 9.5794941210696011e-02
1763 6.9204137344660683e+00 9.5747028056572051e-02
1764 6.9001946300875057e+00 9.5467287678540680e-02
1765 6.7954180453951185e+00 9.4017656633470253e-02
1766 6.8298349504075411e+00 9.4493829951466102e-02
1767 6.7758984789956394e+00 9.3747594677146009e-02
1768 6.7026183488654318e+00 9.2733731208171272e-02
1769 6.7113949443748924e+00 9.2855159343645355e-02
1770 6.6763572968910490e+00 9.2370397775133353e-02
1771 6.5938548346617463e+00 9.1228939205038939e-02
1772 6.6048068401717650e+00 9.1380465113615916e-02
1773 6.5743712108157890e+00 9.0959374530064127e-02
1774 6.4819563032446039e+00 8.9680772832596914e-02
1775 6.5116134739971434e+00 9.0091093092205060e-02
1776 6.4550825961444023e+00 8.9308963041096687e-02
1777 6.3954126968549350e+00 8.8483403220453644e-02
1778 6.3904092396674956e+00 8.8414178146045200e-02
1779 6.3701151901403277e+00 8.8133400868267445e-02
1780 6.2735902162050454e+00 8.6797934559148804e-02
1781 6.3095236319953347e+00 8.7295089483962959e-02
1782 6.2464832597508977e+00 8.6422897658216494e-02
1783 6.1917143750774004e+00 8.5665145573056642e-02
1784 6.1929096174135250e+00 8.5681682286883651e-02
1785 6.1579633379649543e+00 8.5198184836121293e-02
1786 6.0810790651340119e+00 8.4134456436301672e-02
1787 6.1032117118314790e+00 8.4440671530603695e-02
1788 6.0498791772981075e+00 8.3702791993884237e-02
1789 5.9860118149140380e+00 8.2819158388622832e-02
1790 6.0069387544360655e+00 8.3108691983352107e-02
1791 5.9441913436350067e+00 8.2240553410577913e-02
1792 5.8975864919210172e+00 8.1595754383258487e-02
1793 5.9004470725987819e+00 8.1635331800002806e-02
1794 5.8560069569329958e+00 8.1020482866867791e-02
1795 5.7890027590108124e+00 8.0093449734959479e-02
1796 5.8211146987575546e+00 8.0537732824649558e-02
1797 5.7392995507741302e+00 7.9405783555430626e-02
1798 5.7140544259265660e+00 7.9056505929870013e-02
1799 5.7088565854566555e+00 7.8984591475561083e-02
1800 5.6574242001742983e+00 7.8273001356010785e-02
1801 5.6078687700454699e+00 7.7587379752887584e-02
1802 5.6286166028033033e+00 7.7874435325198763e-02
1803 5.5479981363401505e+00 7.6759042681565040e-02
1804 5.5285112246301233e+00 7.6489432517516096e-02
1805 5.5275156720132683e+00 7.6475658600522800e-02
1806 5.4563879691458403e+00 7.5491574928165231e-02
1807 5.4399375543809940e+00 7.5263976061324719e-02
1808 5.4321437211234205e+00 7.5156144882407683e-02
1809 5.3665093389341214e+00 7.4248063765572622e-02
1810 5.3469845693037685e+00 7.3977929820215421e-02
1811 5.3478319872404025e+00 7.3989654227464438e-02
1812 5.2628105624697783e+00 7.2813344680770734e-02
1813 5.2757375004374625e+00 7.2992194665723667e-02
1814 5.2394026881105660e+00 7.2489486239785600e-02
1815 5.1883928062329945e+00 7.1783741644347615e-02
1816 5.1758474930377707e+00 7.1610171609293310e-02
1817 5.1619419863364335e+00 7.1417782686989006e-02
1818 5.0853787761401898e+00 7.0358496332727921e-02
1819 5.1072145861310254e+00 7.0660604558052370e-02
1820 5.0553274720053709e+00 6.9942723060993736e-02
1821 5.0121212204802115e+00 6.9344945191674209e-02
1822 5.0141650609731832e+00 6.9373222641626237e-02
1823 4.9704989343665007e+00 6.8769082194284264e-02
1824 4.9247278086263737e+00 6.8135818139767601e-02
1825 4.9331169403935613e+00 6.8251885540576721e-02
1826 4.8790914215173400e+00 6.7504418254646953e-02
1827 4.8424964885152058e+00 6.6998110942494027e-02
1828 4.8534394467817457e+00 6.7149511678399471e-02
1829 4.7828288518373316e+00 6.6172582426097235e-02
1830 4.7736743996378577e+00 6.6045926473835267e-02
1831 4.7574920723494376e+00 6.5822036717477439e-02
1832 4.7076429732938703e+00 6.5132352073032335e-02
1833 4.6845762554734165e+00 6.4813213685781204e-02
1834 4.6847764885162757e+00 6.4815983999740479e-02
1835 4.6098349600048323e+00 6.3779134338967827e-02
1836 4.6227961824987371e+00 6.3958458665718809e-02
1837 4.5848177361418863e+00 6.3433009825750716e-02
1838 4.5410261915600243e+00 6.2827134164467918e-02
1839 4.5366362688090396e+00 6.2766397614178834e-02
1840 4.5072611038834109e+00 6.2359979031675165e-02
1841 4.4560734628016094e+00 6.1651775057915623e-02
1842 4.4661705702814789e+00 6.1791473068794719e-02
1843 4.4174837429717257e+00 6.1117868975271245e-02
1844 4.3832067612007943e+00 6.0643631558081737e-02
1845 4.3895034479110651e+00 6.0730749042995844e-02
1846 4.3302262101783402e+00 5.9910621871112360e-02
1847 4.3166088013630528e+00 5.9722218912283229e-02
1848 4.3035324129191430e+00 5.9541301212958093e-02
1849 4.2569060903153817e+00 5.8896205126248255e-02
1850 4.2369152008698361e+00 5.8619622204177317e-02
1851 4.2337155910204283e+00 5.8575354166777241e-02
1852 4.1670280528445511e+00 5.7652702164491705e-02
1853 4.1799527257961628e+00 5.7831520811931353e-02
1854 4.1394281787112766e+00 5.7270845526378379e-02
1855 4.1051109725521142e+00 5.6796051586735695e-02
1856 4.0981282684567466e+00 5.6699442743596715e-02
1857 4.0687852882055120e+00 5.6293469450499206e-02
1858 4.0248711753017181e+00 5.5685898001506431e-02
1859 4.0351937145505579e+00 5.5828714962023025e-02
1860 3.9812090424836599e+00 5.5081812810021433e-02
1861 3.9633526327407704e+00 5.4834761372023262e-02
1862 3.9574056403153084e+00 5.4752482064389228e-02
1863 3.9057185001015999e+00 5.4037367296097455e-02
1864 3.8982607177675161e+00 5.3934185532437132e-02
1865 3.8795841545176235e+00 5.3675786902802919e-02
1866 3.8356037886119383e+00 5.3067298813812266e-02
1867 3.8285122160079785e+00 5.2969183726025694e-02
1868 3.8087006097122700e+00 5.2695081266747316e-02
1869 3.7586835885249053e+00 5.2003073344290031e-02
1870 3.7716699630502499e+00 5.2182745660677522e-02
1871 3.7217848119640267e+00 5.1492562220217732e-02
1872 3.7039343556438991e+00 5.1245593150493790e-02
1873 3.6930053083676357e+00 5.1094384879378375e-02
1874 3.6569689000413312e+00 5.0595805006632813e-02
1875 3.6318663924553869e+00 5.0248500554855378e-02
1876 3.6317974573271821e+00 5.0247546806436921e-02
1877 3.5764503080434955e+00 4.9481794171023823e-02
1878 3.5790898253215553e+00 4.9518313076478783e-02
1879 3.5520008424505107e+00 4.9143524848130470e-02
1880 3.5147624554503083e+00 4.8628315061303329e-02
1881 3.5138527527133934e+00 4.8615728915905584e-02
1882 3.4807855948705013e+00 4.8158229955407562e-02
1883 3.4516023229280748e+00 4.7754466298397004e-02
1884 3.4493604929046890e+00 4.7723449574486675e-02
1885 3.4108919915943754e+00 4.7191220604431171e-02
1886 3.3890236775001585e+00 4.6888662670257243e-02
1887 3.3876595702007730e+00 4.6869789633921861e-02
1888 3.3360290378680757e+00 4.6155458061054429e-02
1889 3.3391569969396122e+00 4.6198734777804853e-02
1890 3.3101654249329644e+00 4.5797623375389722e-02
1891 3.2809771970814028e+00 4.5393791151153391e-02
1892 3.2719692464401913e+00 4.5269162113660902e-02
1893 3.2494321535432387e+00 4.4957351324781153e-02
1894 3.2127270009633735e+00 4.4449519075333101e-02
1895 3.2204843243492753e+00 4.4556845123799649e-02
1896 3.1723406851949196e+00 4.3890756282044405e-02
1897 3.1652318156358072e+00 4.3792401883125019e-02
1898 3.1494590349759610e+00 4.3574178388069061e-02
1899 3.1137709317856670e+00 4.3080417473106862e-02
1900 3.1061630543121481e+00 4.2975159075869698e-02
1901 3.0868079620934994e+00 4.2707372693609497e-02
1902 3.0518309780456132e+00 4.2223450430943561e-02
1903 3.0517294103961690e+00 4.2222045196956964e-02
1904 3.0203214144267769e+00 4.1787501485169173e-02
1905 2.9955237549141853e+00 4.1444414743221282e-02
1906 2.9958570908406044e+00 4.1449026595275752e-02
1907 2.9521766146403725e+00 4.0844687614870749e-02
1908 2.9486612157422396e+00 4.0796050494339466e-02
1909 2.9279615206917082e+00 4.0509660928800199e-02
1910 2.8990938077691446e+00 4.0110263172368370e-02
1911 2.8897312520055469e+00 3.9980728013955247e-02
1912 2.8717343672512641e+00 3.9731733041166645e-02
1913 2.8369238604799696e+00 3.9250114066293064e-02
1914 2.8434083570896025e+00 3.9339829985403953e-02
1915 2.8012529012661842e+00 3.8756590345935517e-02
1916 2.7938983178720282e+00 3.8654836385897319e-02
1917 2.7787571022370292e+00 3.8445350876238453e-02
1918 2.7483731185560090e+00 3.8024974833764519e-02
1919 2.7396030408724137e+00 3.7903636875334747e-02
1920 2.7227299013216233e+00 3.7670189421474293e-02
1921 2.6911244154768923e+00 3.7232913348680285e-02
1922 2.6914961110049420e+00 3.7238055923028902e-02
1923 2.6606578899292419e+00 3.6811395302458701e-02
1924 2.6423195426696204e+00 3.6557676042751230e-02
1925 2.6383114733028914e+00 3.6502222605307506e-02
1926 2.6010288274473559e+00 3.5986400477365239e-02
1927 2.5986062040670972e+00 3.5952882396270619e-02
1928 2.5771105810625521e+00 3.5655480810486896e-02
1929 2.5530733923895550e+00 3.5322915523701752e-02
1930 2.5455733329021899e+00 3.5219148836663043e-02
1931 2.5248244003600187e+00 3.4932078048342259e-02
1932 2.4990982767904364e+00 3.4576145589718284e-02
1933 2.5014022312269821e+00 3.4608021832749587e-02
1934 2.4620935351435072e+00 3.4064168391151541e-02
1935 2.4612654798971971e+00 3.4052711875407982e-02
1936 2.4402341174897391e+00 3.3761733543221581e-02
1937 2.4174547604480443e+00 3.3446570921235645e-02
1938 2.4101416205695192e+00 3.3345390350825017e-02
1939 2.3898550713573901e+00 3.3064716843269969e-02
1940 2.3669454718297662e+00 3.2747752258073026e-02
1941 2.3657671813022856e+00 3.2731450080122078e-02
1942 2.3329947070246106e+00 3.2278028198924398e-02
1943 2.3264654982102697e+00 3.2187693666406433e-02
1944 2.3124296109061557e+00 3.1993500869982601e-02
1945 2.2845119831581226e+00 3.1607247968085818e-02
1946 2.2838755686539272e+00 3.1598442887966788e-02
1947 2.2576917962105747e+00 3.1236178651903160e-02
1948 2.2430228267323944e+00 3.1033226879642294e-02
1949 2.2345639747375783e+00 3.0916194868212052e-02
1950 2.2101161638086229e+00 3.0577948438337717e-02
1951 2.1979574388475500e+00 3.0409727024900822e-02
1952 2.1895251122869381e+00 3.0293062004750348e-02
1953 2.1585071286109754e+00 2.9863914287975895e-02
1954 2.1621112591589893e+00 2.9913779050682435e-02
1955 2.1328488979335969e+00 2.9508921157967823e-02
1956 2.1227924581814923e+00 2.9369785803343207e-02
1957 2.1118376392299041e+00 2.9218220969540201e-02
1958 2.0896176447943202e+00 2.8910797380102906e-02
1959 2.0789700604579262e+00 2.8763483275006257e-02
1960 2.0684048445694478e+00 2.8617308774331562e-02
1961 2.0419482355731580e+00 2.8251269722181602e-02
1962 2.0425553234676976e+00 2.8259669055502066e-02
1963 2.0168483388885452e+00 2.7904001393395172e-02
1964 2.0052436839149230e+00 2.7743445786753838e-02
1965 1.9976791470157516e+00 2.7638787025802483e-02
1966 1.9718877639636658e+00 2.7281951672966983e-02
1967 1.9683737982058267e+00 2.7233334380574476e-02
1968 1.9504142439923153e+00 2.6984855892561464e-02
1969 1.9329978514060111e+00 2.6743892289287273e-02
1970 1.9272459663452226e+00 2.6664312379555764e-02
1971 1.9071159715417974e+00 2.6385804872465092e-02
1972 1.8932787313323030e+00 2.6194360447695277e-02
1973 1.8886188486232265e+00 2.6129888880299788e-02
1974 1.8605299748221358e+00 2.5741266712449296e-02
1975 1.8623253349693087e+00 2.5766106325365339e-02
1976 1.8391234409229267e+00 2.5445097714397378e-02
1977 1.8281879240208085e+00 2.5293799933106417e-02
1978 1.8192234675626444e+00 2.5169772657145005e-02
1979 1.8006366523671615e+00 2.4912615732098600e-02
1980 1.7896038918367057e+00 2.4759972541592519e-02
1981 1.7818543997140941e+00 2.4652754842166179e-02
1982 1.7579729912915500e+00 2.4322344845018780e-02
1983 1.7585547851353880e+00 2.4330394223802544e-02
1984 1.7361020935877078e+00 2.4019751165446850e-02
1985 1.7264417489194670e+00 2.3886095963969567e-02
1986 1.7187311741379980e+00 2.3779416703413686e-02
1987 1.6975476314616693e+00 2.3486332888949447e-02
1988 1.6935315900138606e+00 2.3430769154188236e-02
1989 1.6781412026838944e+00 2.3217836242367545e-02
1990 1.6631641062689186e+00 2.3010621395730731e-02
1991 1.6581961954662856e+00 2.2941888121499845e-02
1992 1.6397602599368231e+00 2.2686818684307476e-02
1993 1.6297040572094188e+00 2.2547686609025903e-02
1994 1.6232084233185387e+00 2.2457816600633507e-02
1995 1.6007055132496051e+00 2.2146478746511562e-02
1996 1.6018815521197185e+00 2.2162749771772895e-02
1997 1.5804857827450467e+00 2.1866729705746206e-02
1998 1.5732465077398905e+00 2.1766571088989543e-02
1999 1.5636474121135464e+00 2.1633763295479176e-02
2000 1.5478208531574895e+00 2.1414795753573752e-02
