# step 5
# iter abs_residual rel_residual
0 7.2278104865846572e+01 1.0000000000000000e+00
1 1.1546600861374973e+03 1.5975240195915907e+01
2 1.1527745212176269e+03 1.5949152559509693e+01
3 1.1585072720811895e+03 1.6028467739040245e+01
4 1.2484330970662604e+03 1.7272631862490627e+01
5 1.4402468346343774e+03 1.9926460956711310e+01
6 1.2677694538271292e+03 1.7540159031288958e+01
7 1.4124522130195774e+03 1.9541909899840228e+01
8 1.3004236603879751e+03 1.7991944625577222e+01
9 1.3783981910462765e+03 1.9070757231455971e+01
10 1.3232324643114448e+03 1.8307514658380441e+01
11 1.3547601259471246e+03 1.8743713998335430e+01
12 1.3364428175034338e+03 1.8490285820082985e+01
13 1.3388396176553206e+03 1.8523446625230481e+01
14 1.3429152194675994e+03 1.8579834404348979e+01
15 1.3277325809240006e+03 1.8369775790170053e+01
16 1.3450051727494072e+03 1.8608749845417705e+01
17 1.3195692023761201e+03 1.8256831786408021e+01
18 1.3443069584353455e+03 1.8599089737209866e+01
19 1.3132163294697298e+03 1.8168936940269187e+01
20 1.3418458874598296e+03 1.8565039716389816e+01
21 1.3079856800742314e+03 1.8096568559758840e+01
22 1.3382737217512233e+03 1.8515617201573793e+01
23 1.3034526903345547e+03 1.8033852613510799e+01
24 1.3340055733957759e+03 1.8456565454666904e+01
25 1.2993510853111654e+03 1.7977105068303267e+01
26 1.3293075319972684e+03 1.8391565944687674e+01
27 1.2955114809386150e+03 1.7923982419616269e+01
28 1.3243513570126531e+03 1.8322995040762976e+01
29 1.2918249965163120e+03 1.7872978254120433e+01
30 1.3192485335202264e+03 1.8252395188955877e+01
31 1.2882212246140307e+03 1.7823118453438468e+01
32 1.3140716232937939e+03 1.8180770313953396e+01
33 1.2846546044813906e+03 1.7773772664153316e+01
34 1.3088677968928005e+03 1.8108773041603047e+01
35 1.2810958289431267e+03 1.7724535408349926e+01
36 1.3036675101298449e+03 1.8036824741732602e+01
37 1.2775263299658693e+03 1.7675149788958237e+01
38 1.2984901357303186e+03 1.7965193444687170e+01
39 1.2739346838621032e+03 1.7625457754137560e+01
40 1.2933476589213064e+03 1.7894044971459252e+01
41 1.2703142383687789e+03 1.7575367266844843e+01
42 1.2882471280015652e+03 1.7823476838423556e+01
43 1.2666615286057947e+03 1.7524830388909766e+01
44 1.2831922934637214e+03 1.7753540935327784e+01
45 1.2629752087399022e+03 1.7473828500125677e+01
46 1.2781847130489607e+03 1.7684258814219945e+01
47 1.2592553284049620e+03 1.7422362287199306e+01
48 1.2732245007417371e+03 1.7615632052126085e+01
49 1.2555028382783371e+03 1.7370444903178381e+01
50 1.2683108376859768e+03 1.7547649319805135e+01
51 1.2517192522232851e+03 1.7318097293040090e+01
52 1.2634423194692040e+03 1.7480291186580569e+01
53 1.2479064168627585e+03 1.7265345005641247e+01
54 1.2586171941787861e+03 1.7413533413955324e+01
55 1.2440663539091729e+03 1.7212216012279939e+01
56 1.2538335239662156e+03 1.7347349190926103e+01
57 1.2402011533676707e+03 1.7158739229114744e+01
58 1.2490892942249229e+03 1.7281710644507402e+01
59 1.2363129023457548e+03 1.7104943532214101e+01
60 1.2443824862358190e+03 1.7216589844815157e+01
61 1.2324036388438114e+03 1.7050857118227469e+01
62 1.2397111252414327e+03 1.7151959470194008e+01
63 1.2284753213144729e+03 1.6996507083225445e+01
64 1.2350733099348613e+03 1.7087793215210159e+01
65 1.2245298121544909e+03 1.6941919194302443e+01
66 1.2304672309105219e+03 1.7024066045925785e+01
67 1.2205688672035897e+03 1.6887117744288599e+01
68 1.2258911806677722e+03 1.6960754338303634e+01
69 1.2165941326642810e+03 1.6832125509134038e+01
70 1.2213435565444199e+03 1.6897835918793422e+01
71 1.2126071450135084e+03 1.6776963746686437e+01
72 1.2168228618978897e+03 1.6835290080673829e+01
73 1.2086093333597335e+03 1.6721652229302364e+01
74 1.2123277032839019e+03 1.6773097545018238e+01
75 1.2046020237668538e+03 1.6666209303670634e+01
76 1.2078567863336236e+03 1.6711240403653274e+01
77 1.2005864443566045e+03 1.6610651961406298e+01
78 1.2034089109102451e+03 1.6649702052147877e+01
79 1.1965637310968264e+03 1.6554995919133958e+01
80 1.1989829658860690e+03 1.6588467117551971e+01
81 1.1925349333545903e+03 1.6499255695317718e+01
82 1.1945779226432549e+03 1.6527521368476368e+01
83 1.1885010204050702e+03 1.6443444700314359e+01
84 1.1901928302488554e+03 1.6466851648337212e+01
85 1.1844628864412512e+03 1.6387575305684905e+01
86 1.1858268092571468e+03 1.6406445789608455e+01
87 1.1804213570169175e+03 1.6331658933336250e+01
88 1.1814790463302134e+03 1.6346292539395222e+01
89 1.1763771933523713e+03 1.6275706115092710e+01
90 1.1771487897182349e+03 1.6286381496901569e+01
91 1.1723310979355244e+03 1.6219726570189636e+01
92 1.1728353439171440e+03 1.6226703039516764e+01
93 1.1682837191230678e+03 1.6163729268932652e+01
94 1.1685380650383495e+03 1.6167248258753343e+01
95 1.1642356550319550e+03 1.6107722486538091e+01
96 1.1642563576320347e+03 1.6108008916296011e+01
97 1.1601874578350269e+03 1.6051713862564871e+01
98 1.1599896696503863e+03 1.6048977374315662e+01
99 1.1561396376452058e+03 1.5995710454654077e+01
100 1.1557374897055083e+03 1.5990146557531375e+01
101 1.1520926651051186e+03 1.5939718774357553e+01
102 1.1514993435988620e+03 1.5931509905193677e+01
103 1.1480469756785349e+03 1.5883744846511869e+01
104 1.1472747910266505e+03 1.5873061325502047e+01
105 1.1440029715529065e+03 1.5827794235560816e+01
106 1.1430634233290050e+03 1.5814795164463899e+01
107 1.1399610245723532e+03 1.5771872086134575e+01
108 1.1388648605586957e+03 1.5756706165338892e+01
109 1.1359214789444793e+03 1.5715983160499743e+01
110 1.1346787494226519e+03 1.5698789440158929e+01
111 1.1318846530403102e+03 1.5660131863462256e+01
112 1.1305047609337130e+03 1.5641040437239081e+01
113 1.1278508414169710e+03 1.5604322270352057e+01
114 1.1263425889435907e+03 1.5583454920880461e+01
115 1.1238203171284226e+03 1.5548558158993169e+01
116 1.1221919476107466e+03 1.5526028936337175e+01
117 1.1197933329737591e+03 1.5492843026974450e+01
118 1.1180525705923778e+03 1.5468758798637081e+01
119 1.1157701230422970e+03 1.5437180113026589e+01
120 1.1139242088676945e+03 1.5411641062465860e+01
121 1.1117509047696890e+03 1.5381572425469368e+01
122 1.1098066298867209e+03 1.5354672510390287e+01
123 1.1077358792262919e+03 1.5326022746201362e+01
124 1.1056996160753929e+03 1.5297850132175601e+01
125 1.1037252332627550e+03 1.5270533660385111e+01
126 1.1016029635330933e+03 1.5241171106765302e+01
127 1.0997191401756302e+03 1.5215107565656142e+01
128 1.0975164815434459e+03 1.5184632795512783e+01
129 1.0957177605424492e+03 1.5159746683676630e+01
130 1.0934399909868810e+03 1.5128232720218456e+01
131 1.0917212434670164e+03 1.5104453077364584e+01
132 1.0893733238513464e+03 1.5071968556360224e+01
133 1.0877297275776014e+03 1.5049228664704296e+01
134 1.0853163221769134e+03 1.5015838118491619e+01
135 1.0837433411672343e+03 1.4994075220687384e+01
136 1.0812688376701062e+03 1.4959839354905887e+01
137 1.0797622035142199e+03 1.4938994395582689e+01
138 1.0772307304171375e+03 1.4903970329833028e+01
139 1.0757864254723818e+03 1.4883987723102587e+01
140 1.0732018690391187e+03 1.4848229225587190e+01
141 1.0718161096221550e+03 1.4829056622493406e+01
142 1.0691821292846821e+03 1.4792614323094968e+01
143 1.0678513515703166e+03 1.4774202416517790e+01
144 1.0651713940624197e+03 1.4737124002344215e+01
145 1.0638922397488473e+03 1.4719426328671855e+01
146 1.0611695529637450e+03 1.4681756735782614e+01
147 1.0599388563580824e+03 1.4664729496234109e+01
148 1.0571765012100775e+03 1.4626511073751507e+01
149 1.0559912776355609e+03 1.4610112973985105e+01
150 1.0531921400327274e+03 1.4571385649741767e+01
151 1.0520495743119552e+03 1.4555577740515414e+01
152 1.0492163758017018e+03 1.4516379168340451e+01
153 1.0481138117914468e+03 1.4501124700721226e+01
154 1.0452491196661615e+03 1.4461490400256343e+01
155 1.0441840510120132e+03 1.4446754697706794e+01
156 1.0412902872589284e+03 1.4406718178231694e+01
157 1.0402603481843691e+03 1.4392468509172565e+01
158 1.0373397988397182e+03 1.4352061399023901e+01
159 1.0363427553355027e+03 1.4338266854935258e+01
160 1.0333975781027966e+03 1.4297519006908908e+01
161 1.0324313207363496e+03 1.4284150402844919e+01
162 1.0294635529043519e+03 1.4243090003744721e+01
163 1.0285260887849604e+03 1.4230119767168491e+01
164 1.0255376543608941e+03 1.4188773436497355e+01
165 1.0246271007435496e+03 1.4176175518787220e+01
166 1.0216198166709378e+03 1.4134568394773751e+01
167 1.0207343943747275e+03 1.4122318180163756e+01
168 1.0177099774287855e+03 1.4080474015163089e+01
169 1.0168480047090057e+03 1.4068548235960941e+01
170 1.0138080767374111e+03 1.4026489468963149e+01
171 1.0129679638450406e+03 1.4014866130278083e+01
172 1.0099140573907030e+03 1.3972613964701717e+01
173 1.0090943013406085e+03 1.3961272272060274e+01
174 1.0060278648026390e+03 1.3918846747156694e+01
175 1.0052270441556592e+03 1.3907767034310513e+01
176 1.0021494466797991e+03 1.3865187092825158e+01
177 1.0013662172156033e+03 1.3854350761883035e+01
178 9.9827875258434676e+02 1.3811634303877016e+01
179 9.9751184302704723e+02 1.3801023766166834e+01
180 9.9441573467231910e+02 1.3758187718369584e+01
181 9.9366394213119247e+02 1.3747786331358649e+01
182 9.9056034660985813e+02 1.3704846695253151e+01
183 9.8982253330702679e+02 1.3694638717274193e+01
184 9.8671254400465182e+02 1.3651610620340174e+01
185 9.8598763320223122e+02 1.3641581154241607e+01
186 9.8287228418036125e+02 1.3598478903184358e+01
187 9.8215925727242791e+02 1.3588613856096352e+01
188 9.7903952593268809e+02 1.3545450973705755e+01
189 9.7833741900906796e+02 1.3535737009498707e+01
190 9.7521422962341069e+02 1.3492526283491790e+01
191 9.7452213053172329e+02 1.3482950782128382e+01
192 9.7139635705757098e+02 1.3439704304098086e+01
193 9.7071340264635830e+02 1.3430255323490746e+01
194 9.6758587122226220e+02 1.3386984523434476e+01
195 9.6691124481870622e+02 1.3377650764548461e+01
196 9.6378273646055925e+02 1.3334366448171410e+01
197 9.6311566502269375e+02 1.3325137215624380e+01
198 9.5998691833294004e+02 1.3281849601822650e+01
199 9.5932667049508530e+02 1.3272714776842385e+01
200 9.5619838332439463e+02 1.3229433520693002e+01
201 9.5554426703438469e+02 1.3220383528427377e+01
202 9.5241709909072517e+02 1.3177117757285982e+01
203 9.5176845945144180e+02 1.3168143536939622e+01
204 9.4864303432152371e+02 1.3124901878408050e+01
205 9.4799925168131722e+02 1.3115994856822448e+01
206 9.4487615845598930e+02 1.3072785461236819e+01
207 9.4423664670840230e+02 1.3063937529366248e+01
208 9.4111644193159259e+02 1.3020768096761437e+01
209 9.4048064648313755e+02 1.3011971581556242e+01
210 9.3736385591345208e+02 1.2968849386038382e+01
211 9.3673125252504667e+02 1.2960097034415721e+01
212 9.3361837237641373e+02 1.2917028941327079e+01
213 9.3298846505346751e+02 1.2908313890979324e+01
214 9.2987996415301063e+02 1.2865306386753439e+01
215 9.2925228388297182e+02 1.2856622148681565e+01
216 9.2614860447990986e+02 1.2813681352034743e+01
217 9.2552270815977647e+02 1.2805021795709974e+01
218 9.2242426760249271e+02 1.2762153480844294e+01
219 9.2179973606363740e+02 1.2753512806880657e+01
220 9.1870692806523641e+02 1.2710722420993514e+01
221 9.1808336550759941e+02 1.2702095153319654e+01
222 9.1499656116702283e+02 1.2659387830731355e+01
223 9.1437359359191976e+02 1.2650768794907721e+01
224 9.1129314270464431e+02 1.2608149375195584e+01
225 9.1067041698918183e+02 1.2599533685608559e+01
226 9.0759664896083689e+02 1.2557006726247215e+01
227 9.0697383169892601e+02 1.2548389770074015e+01
228 9.0390705672530805e+02 1.2505959562761440e+01
229 9.0328383340697872e+02 1.2497336988615562e+01
230 9.0022434340337225e+02 1.2455007572130651e+01
231 8.9960041708209610e+02 1.2446375271623682e+01
232 8.9654848648811230e+02 1.2404150442961553e+01
233 8.9592357757051957e+02 1.2395504547793816e+01
234 8.9287946419371940e+02 1.2353387873837709e+01
235 8.9225330891527949e+02 1.2344724734708619e+01
236 8.8921725519007236e+02 1.2302719569647328e+01
237 8.8858960492045719e+02 1.2294035746644772e+01
238 8.8556183822497985e+02 1.2252145236356807e+01
239 8.8493245909429459e+02 1.2243437493785894e+01
240 8.8191319253659913e+02 1.2201664586716742e+01
241 8.8128186447243263e+02 1.2192929879776953e+01
242 8.7827129783248768e+02 1.2151277339972086e+01
243 8.7763781374634095e+02 1.2142512803501152e+01
244 8.7463613381003518e+02 1.2100983215227123e+01
245 8.7400029932624182e+02 1.2092186159950513e+01
246 8.7100768086105188e+02 1.2050781941193749e+01
247 8.7036931317646292e+02 1.2041949837947907e+01
248 8.6738591940291485e+02 1.2000673246937593e+01
249 8.6674484725041839e+02 1.1991803726165205e+01
250 8.6377083001917106e+02 1.1950656863823321e+01
251 8.6312689283093550e+02 1.1941747703996416e+01
252 8.6016239401649909e+02 1.1900732533220443e+01
253 8.5951544118119409e+02 1.1891781650563713e+01
254 8.5656059241349442e+02 1.1850899992512716e+01
255 8.5591048331270736e+02 1.1841905441507350e+01
256 8.5296540675306369e+02 1.1801158986337974e+01
257 8.5231200980639812e+02 1.1792118946510168e+01
258 8.4937681873212887e+02 1.1751509261464923e+01
259 8.4872001123437872e+02 1.1742422035133114e+01
260 8.4579481023400876e+02 1.1701950567241152e+01
261 8.4513447784198399e+02 1.1692814572416019e+01
262 8.4221936322879014e+02 1.1652482654214726e+01
263 8.4155539962056991e+02 1.1643296419884805e+01
264 8.3865046014693326e+02 1.1603105279303181e+01
265 8.3798276641911320e+02 1.1593867437095511e+01
266 8.3508808331820376e+02 1.1553818198030898e+01
267 8.3441656792421679e+02 1.1544527481357663e+01
268 8.3153221536819035e+02 1.1504621170015106e+01
269 8.3085679340971330e+02 1.1495276404269925e+01
270 8.2798283914358842e+02 1.1455513957932141e+01
271 8.2730343237754380e+02 1.1446114060586940e+01
272 8.2443993739997529e+02 1.1406496323197681e+01
273 8.2375647377231553e+02 1.1397040297352394e+01
274 8.2090349337129567e+02 1.1357568033845828e+01
275 8.2021590649478765e+02 1.1348054961003310e+01
276 8.1737349013470202e+02 1.1308728855741400e+01
277 8.1668171944368135e+02 1.1299157897948517e+01
278 8.1384991106391510e+02 1.1259978558852364e+01
279 8.1315390119850701e+02 1.1250348950180417e+01
280 8.1033273951046340e+02 1.1211316912839649e+01
281 8.0963244025442884e+02 1.1201627958524448e+01
282 8.0682195906191851e+02 1.1162743690629947e+01
283 8.0611732501043343e+02 1.1152994762475384e+01
284 8.0331755331962540e+02 1.1114258665340511e+01
285 8.0260854365381203e+02 1.1104449198599104e+01
286 7.9981950615318215e+02 1.1065861613799994e+01
287 7.9910608423082476e+02 1.1055991101510255e+01
288 7.9632780127281501e+02 1.1017552310632071e+01
289 7.9560993485278709e+02 1.1007620306723553e+01
290 7.9284242268558080e+02 1.0969330534567199e+01
291 7.9212008323967700e+02 1.0959336644339382e+01
292 7.8936335448908244e+02 1.0921196065588580e+01
293 7.8863651723981263e+02 1.0911139946233780e+01
294 7.8589058052270877e+02 1.0873148680106913e+01
295 7.8515922454880103e+02 1.0863030042169946e+01
296 7.8242408522129745e+02 1.0825188162771195e+01
297 7.8168819265300601e+02 1.0815006759016113e+01
298 7.7896385265698075e+02 1.0777314293212230e+01
299 7.7822340903310703e+02 1.0767069923561865e+01
300 7.7550986720961362e+02 1.0729526855318307e+01
301 7.7476486104819526e+02 1.0719219360914558e+01
302 7.7206211321002650e+02 1.0681825632299436e+01
303 7.7131253598770752e+02 1.0671454895217851e+01
304 7.6862057518718609e+02 1.0634210410106931e+01
305 7.6786642094202602e+02 1.0623776347861389e+01
306 7.6518523750127656e+02 1.0586680972356927e+01
307 7.6442650311661828e+02 1.0576183541827080e+01
308 7.6175608487701174e+02 1.0539237107708988e+01
309 7.6099276934681677e+02 1.0528676294975840e+01
310 7.5833310178241311e+02 1.0491878601271223e+01
311 7.5756520684453994e+02 1.0481254430378829e+01
312 7.5491627275332519e+02 1.0444605239090105e+01
313 7.5414380217740165e+02 1.0433917762192955e+01
314 7.5150558279940890e+02 1.0397416813767572e+01
315 7.5072854235992168e+02 1.0386666110758279e+01
316 7.4810101621286992e+02 1.0350313107979241e+01
317 7.4731941401700533e+02 1.0339499291024365e+01
318 7.4470255811387779e+02 1.0303293915855985e+01
319 7.4391640374395820e+02 1.0292417117531253e+01
320 7.4131019305217137e+02 1.0256359023636509e+01
321 7.4051949826650582e+02 1.0245419406623402e+01
322 7.3792390604517504e+02 1.0209508224030161e+01
323 7.3712868386949435e+02 1.0198505968545508e+01
324 7.3454368180299389e+02 1.0162741305494388e+01
325 7.3374394726858395e+02 1.0151676619502769e+01
326 7.3116950527664596e+02 1.0116058059819773e+01
327 7.3036527465604092e+02 1.0104931168458997e+01
328 7.2780136136160820e+02 1.0069458278028465e+01
329 7.2699265252845498e+02 1.0058269428588455e+01
330 7.2443923489449276e+02 1.0022941750328190e+01
331 7.2362606703662266e+02 1.0011691208281199e+01
332 7.2108311097137835e+02 9.9765082705165149e+00
333 7.2026550458757265e+02 9.9651963194723763e+00
334 7.1773297436950713e+02 9.9301576279797565e+00
335 7.1691095113175265e+02 9.9187845677801274e+00
336 7.1438881029772756e+02 9.8838896180756990e+00
337 7.1356239292380928e+02 9.8724557630313221e+00
338 7.1105060356942749e+02 9.8377040306907499e+00
339 7.1021981597395313e+02 9.8262097116709519e+00
340 7.0771833938698296e+02 9.7916006610931454e+00
341 7.0688320629437146e+02 9.7800462201713536e+00
342 7.0439200252735145e+02 9.7455792986652643e+00
343 7.0355254992896550e+02 9.7339650954436383e+00
344 7.0107157832374901e+02 9.6996397404855728e+00
345 7.0022783261130417e+02 9.6879661401053347e+00
346 6.9775705161299868e+02 9.6537817767647152e+00
347 6.9690904045647289e+02 9.6420491620524196e+00
348 6.9444840747014950e+02 9.6080052010093002e+00
349 6.9359615906138117e+02 9.5962139620116798e+00
350 6.9114563108599395e+02 9.5623098083273010e+00
351 6.9028917440075395e+02 9.5504603459371396e+00
352 6.8784870736087248e+02 9.5166953898081559e+00
353 6.8698807203404067e+02 9.5047881140373089e+00
354 6.8455762145563051e+02 9.4711617401455026e+00
355 6.8369283784525965e+02 9.4591970710112463e+00
356 6.8127235837664421e+02 9.4257086518958317e+00
357 6.8040345729543515e+02 9.4136870157057047e+00
358 6.7799290332580563e+02 9.3803359203206806e+00
359 6.7711991612033023e+02 9.3682577507685636e+00
360 6.7471924113831221e+02 9.3350433356082085e+00
361 6.7384219985946845e+02 9.3229090761326496e+00
362 6.7145135713614695e+02 9.2898306946814611e+00
363 6.7057029403967249e+02 9.2776407915550614e+00
364 6.6818923610332945e+02 9.2446977870205274e+00
365 6.6730418422693742e+02 9.2324526973348657e+00
366 6.6493286331416573e+02 9.1996444088888261e+00
367 6.6404385568626026e+02 9.1873445896066865e+00
368 6.6168222374597690e+02 9.1546703524408581e+00
369 6.6078929408119643e+02 9.1423162700193856e+00
370 6.5843730240248738e+02 9.1097754101964217e+00
371 6.5754048451981794e+02 9.0973675325364578e+00
372 6.5519808441155283e+02 9.0649593763927285e+00
373 6.5429741253373243e+02 9.0524981769812047e+00
374 6.5196455475740083e+02 9.0202220432798370e+00
375 6.5106006326759154e+02 9.0077079978232195e+00
376 6.4873669848805605e+02 8.9755632039904558e+00
377 6.4782842214735899e+02 8.9629967934241730e+00
378 6.4551450051199902e+02 8.9309826497266496e+00
379 6.4460247421803399e+02 8.9183643568749229e+00
380 6.4229794603208506e+02 8.8864801757632801e+00
381 6.4138220481184669e+02 8.8738104852402913e+00
382 6.3908701979249713e+02 8.8420555710292792e+00
383 6.3816759899543706e+02 8.8293349719105478e+00
384 6.3588170698038357e+02 8.7977086305821981e+00
385 6.3495864190206089e+02 8.7849376111976145e+00
386 6.3268199237017609e+02 8.7534391437694712e+00
387 6.3175531872182046e+02 8.7406181981999165e+00
388 6.2948786104182216e+02 8.7092469041654805e+00
389 6.2855761424991056e+02 8.6963765225521517e+00
390 6.2629929790448841e+02 8.6651317029817747e+00
391 6.2536551373041846e+02 8.6522123800996500e+00
392 6.2311628782978266e+02 8.6210933309102646e+00
393 6.2217900199903966e+02 8.6081255610374576e+00
394 6.1993881576345325e+02 8.5771315796686274e+00
395 6.1899806409464213e+02 8.5641158583716006e+00
396 6.1676686648743521e+02 8.5332462387081041e+00
397 6.1582268482350332e+02 8.5201830618901138e+00
398 6.1360042501104408e+02 8.4894371006258549e+00
399 6.1265284918062639e+02 8.4763269639921344e+00
400 6.1043947597806277e+02 8.4457039529617290e+00
401 6.0948854185832920e+02 8.4325473528890154e+00
402 6.0728400447021943e+02 8.4020465893147414e+00
403 6.0632974771325416e+02 8.3888440190656119e+00
404 6.0413399502050959e+02 8.3584647956919493e+00
405 6.0317645159931340e+02 8.3452167529690051e+00
406 6.0098943263585932e+02 8.3149583646574499e+00
407 6.0002863802600427e+02 8.3016653402811418e+00
408 5.9785030189007057e+02 8.2715270827828746e+00
409 5.9688629199442801e+02 8.2581895734855308e+00
410 5.9471658764006486e+02 8.2281707405569389e+00
411 5.9374939782370780e+02 8.2147892356302084e+00
412 5.9158827463068258e+02 8.1848891269176676e+00
413 5.9061794040951941e+02 8.1714641177400722e+00
414 5.8846534737117656e+02 8.1416820275436255e+00
415 5.8749190419279250e+02 8.1282140045484077e+00
416 5.8534779073270863e+02 8.0985492331205524e+00
417 5.8437127384059193e+02 8.0850386839171779e+00
418 5.8223558916666093e+02 8.0554905285263434e+00
419 5.8125603374195146e+02 8.0419379398616631e+00
420 5.7912872750039526e+02 8.0125057038407466e+00
421 5.7814616845627074e+02 7.9989115587542337e+00
422 5.7602719012672299e+02 7.9695945431313042e+00
423 5.7504166241580572e+02 7.9559593252081653e+00
424 5.7293096180222540e+02 7.9267568354984821e+00
425 5.7194249998232806e+02 7.9130810228615571e+00
426 5.6984002684744598e+02 7.8839923640099663e+00
427 5.6884866568142877e+02 7.8702764376190180e+00
428 5.6675436994525523e+02 7.8413009167464010e+00
429 5.6576014366022730e+02 7.8275453501488359e+00
430 5.6367397543463960e+02 7.7986822770306379e+00
431 5.6267691846887851e+02 7.7848875466954741e+00
432 5.6059882782514421e+02 7.7561362305452874e+00
433 5.5959897411043551e+02 7.7423028059339956e+00
434 5.5752891158000182e+02 7.7136625623322042e+00
435 5.5652629506245489e+02 7.6997909131044349e+00
436 5.5446421094622679e+02 7.6712610544417670e+00
437 5.5345886535628097e+02 7.6573516472732779e+00
438 5.5140471043228285e+02 7.6289314925416232e+00
439 5.5039666927507471e+02 7.6149847909910067e+00
440 5.4835039423466242e+02 7.5866736579831571e+00
441 5.4733969080388749e+02 7.5726901226836238e+00
442 5.4530124683693202e+02 7.5444873360895510e+00
443 5.4428791409984353e+02 7.5304674231578366e+00
444 5.4225725228308727e+02 7.5023723061023286e+00
445 5.4124132322854462e+02 7.4883164719540991e+00
446 5.3921839500082672e+02 7.4603283525717137e+00
447 5.3819990213937547e+02 7.4462370470049501e+00
448 5.3618465897517706e+02 7.4183552539233677e+00
449 5.3516363495324129e+02 7.4042289286159892e+00
450 5.3315602853072880e+02 7.3764527932809703e+00
451 5.3213250538230807e+02 7.3622918914377289e+00
452 5.3013248771670430e+02 7.3346207499583560e+00
453 5.2910649755358691e+02 7.3204257158602468e+00
454 5.2711402066296830e+02 7.2928589043850875e+00
455 5.2608559507525865e+02 7.2786301750953744e+00
456 5.2410061143610335e+02 7.2511670361151870e+00
457 5.2306978198999082e+02 7.2369050483662578e+00
458 5.2109224398999254e+02 7.2095449231434294e+00
459 5.2005904192614787e+02 7.1952501091639762e+00
460 5.1808890236782076e+02 7.1679923447001208e+00
461 5.1705335874373202e+02 7.1536651341844220e+00
462 5.1509057042556969e+02 7.1265090774255260e+00
463 5.1405271604223583e+02 7.1121498965192176e+00
464 5.1209723220910803e+02 7.0850949005870838e+00
465 5.1105709751053035e+02 7.0707041704965778e+00
466 5.0910887144400925e+02 7.0437495890208028e+00
467 5.0806648679505139e+02 7.0293277298576076e+00
468 5.0612547205765674e+02 7.0024729203548226e+00
469 5.0508086742102836e+02 6.9880203466664659e+00
470 5.0314701773852681e+02 6.9612646689118973e+00
471 5.0210022304926866e+02 6.9467817948630950e+00
472 5.0017349229865368e+02 6.9201246107242591e+00
473 4.9912453696351594e+02 6.9056118431705897e+00
474 4.9720487948381566e+02 6.8790525209074609e+00
475 4.9615379280130230e+02 6.8645102652068681e+00
476 4.9424116285687950e+02 6.8380481720463910e+00
477 4.9318797383231589e+02 6.8234768295005619e+00
478 4.9128232618386522e+02 6.7971113395366549e+00
479 4.9022706351120866e+02 6.7825113071393588e+00
480 4.8832835285516705e+02 6.7562417935769075e+00
481 4.8727104513329624e+02 6.7416134670064576e+00
482 4.8537922662507475e+02 6.7154393094004599e+00
483 4.8431990193457739e+02 6.7007830771643837e+00
484 4.8243493077046821e+02 6.6747036556354455e+00
485 4.8137361725466724e+02 6.6600199071092376e+00
486 4.7949544894138012e+02 6.6340346060727322e+00
487 4.7843217406717162e+02 6.6193237212732203e+00
488 4.7656076444612438e+02 6.5934319297753570e+00
489 4.7549555577816926e+02 6.5786942900719882e+00
490 4.7363086062852085e+02 6.5528953962975960e+00
491 4.7256374523989336e+02 6.5381313762584963e+00
492 4.7070572087827412e+02 6.5124247758285616e+00
493 4.6963672571610471e+02 6.4976347482793670e+00
494 4.6778532834149178e+02 6.4720198351870932e+00
495 4.6671448003226465e+02 6.4572041685171566e+00
496 4.6486966644006850e+02 6.4316803450076678e+00
497 4.6379699120423152e+02 6.4168394019886454e+00
498 4.6195871815814138e+02 6.3914060698681903e+00
499 4.6088424215467251e+02 6.3765402124212756e+00
500 4.5905246676173419e+02 6.3511967782465932e+00
501 4.5797621573744431e+02 6.3363063625904630e+00
502 4.5615089517983239e+02 6.3110522339577342e+00
503 4.5507289478210413e+02 6.2961376149354296e+00
504 4.5325398660035540e+02 6.2709722043989364e+00
505 4.5217426198718090e+02 6.2560337300825646e+00
506 4.5036172385006523e+02 6.2309564519707514e+00
507 4.4928030019224531e+02 6.2159944706096306e+00
508 4.4747408998372720e+02 6.1910047422282544e+00
509 4.4639099185381997e+02 6.1760195937947486e+00
510 4.4459106782810272e+02 6.1511168375719887e+00
511 4.4350631979909565e+02 6.1361088620444004e+00
512 4.4171264019142819e+02 6.1112925001461926e+00
513 4.4062626640852091e+02 6.0962620315841898e+00
514 4.3883878989430031e+02 6.0715314922661170e+00
515 4.3775081434656067e+02 6.0564788625692119e+00
516 4.3596949957355304e+02 6.0318335737045707e+00
517 4.3487994591749026e+02 6.0167591101711801e+00
518 4.3310475206459023e+02 5.9921985069816674e+00
519 4.3201364359213034e+02 5.9771025318660351e+00
520 4.3024452981024950e+02 5.9526260491861915e+00
521 4.2915188970293815e+02 5.9375088832153988e+00
522 4.2738881550328796e+02 5.9131159608646735e+00
523 4.2629466656219813e+02 5.8979779195017921e+00
524 4.2453759150008665e+02 5.8736679979097310e+00
525 4.2344195642653727e+02 5.8585093952376921e+00
526 4.2169084042024014e+02 5.8342819198556608e+00
527 4.2059374137980433e+02 5.8191030625451088e+00
528 4.1884854450756023e+02 5.7949574810376348e+00
529 4.1775000370057660e+02 5.7797586762402116e+00
530 4.1601068621659948e+02 5.7556944387065156e+00
531 4.1491072525691663e+02 5.7404759854595131e+00
532 4.1317724778808298e+02 5.7164925471547718e+00
533 4.1207588825630927e+02 5.7012547440355847e+00
534 4.1034821139271435e+02 5.6773515597060893e+00
535 4.0924547452873304e+02 5.6620947005780309e+00
536 4.0752355924125106e+02 5.6382712302383204e+00
537 4.0641946609093475e+02 5.6229956062804760e+00
538 4.0470327336871685e+02 5.5992513101979586e+00
539 4.0359784463665000e+02 5.5839572078675417e+00
540 4.0188733594859639e+02 5.5602915529471693e+00
541 4.0078059203974300e+02 5.5449792545560097e+00
542 3.9907572879847339e+02 5.5213917069240681e+00
543 3.9796768999659832e+02 5.5060614931071497e+00
544 3.9626843397239082e+02 5.4825515238382900e+00
545 3.9515912016077579e+02 5.4672036696897335e+00
546 3.9346543316931064e+02 5.4437707504867641e+00
547 3.9235486417505695e+02 5.4284055303234107e+00
548 3.9066670834782792e+02 5.4050491372585627e+00
549 3.8955490346163214e+02 5.3896668179758507e+00
550 3.8787224110983919e+02 5.3663864296076706e+00
551 3.8675921961494129e+02 5.3509872779978744e+00
552 3.8508201321586000e+02 5.3277823751826405e+00
553 3.8396779388064408e+02 5.3123666509147727e+00
554 3.8229600622977540e+02 5.2892367189115523e+00
555 3.8118060777596151e+02 5.2738046810090067e+00
556 3.7951420163605030e+02 5.2507492046236726e+00
557 3.7839764244555505e+02 5.2353011074085112e+00
558 3.7673658095653417e+02 5.2123195766655019e+00
559 3.7561887921179596e+02 5.1968556716999146e+00
560 3.7396312553045675e+02 5.1739475768569134e+00
561 3.7284429909025715e+02 5.1584681112251536e+00
562 3.7119381681108553e+02 5.1356329485955436e+00
563 3.7007388322525179e+02 5.1201381651073428e+00
564 3.6842863591482757e+02 5.0973754306184142e+00
565 3.6730761260825716e+02 5.0818655703550455e+00
566 3.6566756416449437e+02 5.0591747645182457e+00
567 3.6454546818846052e+02 5.0436500633917207e+00
568 3.6291058250978762e+02 5.0210306867256147e+00
569 3.6178743088600351e+02 5.0054913802389720e+00
570 3.6015767215630683e+02 4.9829429372115621e+00
571 3.5903348138557521e+02 4.9673892536608077e+00
572 3.5740881398404923e+02 4.9449112514422735e+00
573 3.5628360053905203e+02 4.9293434187343506e+00
574 3.5466398896036623e+02 4.9069353660925179e+00
575 3.5353776886654589e+02 4.8913536059466107e+00
576 3.5192317786926628e+02 4.8690150153004339e+00
577 3.5079596711209581e+02 4.8534195488827310e+00
578 3.4918636144310011e+02 4.8311499324894509e+00
579 3.4805817566462389e+02 4.8155409762146535e+00
580 3.4645352041656594e+02 4.7933398511154781e+00
581 3.4532437503476348e+02 4.7777176182982481e+00
582 3.4372463533279239e+02 4.7555845019839733e+00
583 3.4259454549189593e+02 4.7399492021515552e+00
584 3.4099968684162064e+02 4.7178836173768097e+00
585 3.3986866738068289e+02 4.7022354558341544e+00
586 3.3827865522828961e+02 4.6802369245314255e+00
587 3.3714672088799489e+02 4.6645761052225119e+00
588 3.3556152101829889e+02 4.6426441540093712e+00
589 3.3442868614234925e+02 4.6269708753857515e+00
590 3.3284826433946580e+02 4.6051050308700878e+00
591 3.3171454323854476e+02 4.5894194909264865e+00
592 3.3013886555193994e+02 4.5676192833874341e+00
593 3.2900427204090073e+02 4.5519216732585424e+00
594 3.2743330468296688e+02 4.5301866352293958e+00
595 3.2629785255472717e+02 4.5144771457464161e+00
596 3.2473156185199099e+02 4.4928068113395669e+00
597 3.2359526447151808e+02 4.4770856274128166e+00
598 3.2203361696059721e+02 4.4554795336473623e+00
599 3.2089648764776160e+02 4.4397468395632238e+00
600 3.1933944989424839e+02 4.4182045238591368e+00
601 3.1820150162067716e+02 4.4024604990858895e+00
602 3.1664904046804998e+02 4.3809815027078205e+00
603 3.1551028603027146e+02 4.3652263242911742e+00
604 3.1396236836388226e+02 4.3438101890831158e+00
605 3.1282282025279994e+02 4.3280440298403215e+00
606 3.1127941325234923e+02 4.3066903017187084e+00
607 3.1013908376480492e+02 4.2909133317820887e+00
608 3.0860015458912909e+02 4.2696215563746929e+00
609 3.0745905582906619e+02 4.2538339432077334e+00
610 3.0592457186916459e+02 4.2326036693544040e+00
611 3.0478271566470039e+02 4.2168055766044130e+00
612 3.0325264440587421e+02 4.1956363544497082e+00
613 3.0211004241094076e+02 4.1798279433540628e+00
614 3.0058435149676058e+02 4.1587193252322683e+00
615 2.9944101505368906e+02 4.1429007527172077e+00
616 2.9791967231203347e+02 4.1218522935125943e+00
617 2.9677561256682480e+02 4.1060237137880407e+00
618 2.9525858591082499e+02 4.0850349695643855e+00
619 2.9411381378709501e+02 4.0691965337634635e+00
620 2.9260107129471294e+02 4.0482670628650519e+00
621 2.9145559747522907e+02 4.0324189187886414e+00
622 2.8994710732937216e+02 4.0115482810117271e+00
623 2.8880094231099542e+02 3.9956905738886070e+00
624 2.8729667280821729e+02 3.9748783306017894e+00
625 2.8614982682788303e+02 3.9590112020645525e+00
626 2.8464974646038240e+02 3.9382569173432684e+00
627 2.8350222952082385e+02 3.9223805057842154e+00
628 2.8200630683709392e+02 3.9016837444827610e+00
629 2.8085812874010639e+02 3.8857981855141270e+00
630 2.7936633247401249e+02 3.8651585150515051e+00
631 2.7821750279063787e+02 3.8492639410929468e+00
632 2.7672980171827408e+02 3.8286809294724140e+00
633 2.7558032984177993e+02 3.8127774704840021e+00
634 2.7409669290678772e+02 3.7922506880269089e+00
635 2.7294658794427204e+02 3.7763384700094282e+00
636 2.7146698421013878e+02 3.7558674886952454e+00
637 2.7031625510311750e+02 3.7399466353585802e+00
638 2.6884065372420230e+02 3.7195310284240315e+00
639 2.6768930914314143e+02 3.7036016597279673e+00
640 2.6621767944956417e+02 3.6832410028415046e+00
641 2.6506572786716504e+02 3.6673032360096647e+00
642 2.6359803921392114e+02 3.6469971051839045e+00
643 2.6244548892438900e+02 3.6310510549703392e+00
644 2.6098171084325878e+02 3.6107990286637959e+00
645 2.5982856986239676e+02 3.5948448059707365e+00
646 2.5836867193569714e+02 3.5746464633411215e+00
647 2.5721494814054279e+02 3.5586841771509157e+00
648 2.5575890009984957e+02 3.5385390994210035e+00
649 2.5460460106073862e+02 3.5225688544726417e+00
650 2.5315237275097221e+02 3.5024766244333807e+00
651 2.5199750587470632e+02 3.4864985232032861e+00
652 2.5054906722072477e+02 3.4664587247515977e+00
653 2.4939363967486958e+02 3.4504728664062561e+00
654 2.4794896071212082e+02 3.4304850849691224e+00
655 2.4679297949526608e+02 3.4144915663371616e+00
656 2.4535203033357101e+02 3.3945553883705482e+00
657 2.4419550217047123e+02 3.3785543024919633e+00
658 2.4275825307003569e+02 3.3586693165324784e+00
659 2.4160118452541499e+02 3.3426607542331719e+00
660 2.4016760577141474e+02 3.3228265491628939e+00
661 2.3901000314687136e+02 3.3068105976283042e+00
662 2.3758006522257759e+02 3.2870267650700513e+00
663 2.3642193463656363e+02 3.2710035089517078e+00
664 2.3499560798097832e+02 3.2512696399158125e+00
665 2.3383695536139774e+02 3.2352391612289249e+00
666 2.3241421062393354e+02 3.2155548496368471e+00
667 2.3125504164447693e+02 3.1995172268794696e+00
668 2.2983584944915953e+02 3.1798820663014284e+00
669 2.2867616966414553e+02 3.1638373763200511e+00
670 2.2726050079632847e+02 3.1442509625583090e+00
671 2.2610031540720243e+02 3.1281992773172607e+00
672 2.2468814073893338e+02 3.1086612073735322e+00
673 2.2352745487759424e+02 3.0926025978749370e+00
674 2.2211874531361394e+02 3.0731124692032603e+00
675 2.2095756378212687e+02 3.0570470018858438e+00
676 2.1955229038097465e+02 3.0376044140681291e+00
677 2.1839061787072441e+02 3.0215321538393032e+00
678 2.1698875167275332e+02 3.0021367062058455e+00
679 2.1582659261241375e+02 2.9860577143382998e+00
680 2.1442810482483904e+02 2.9667090085280075e+00
681 2.1326546346757513e+02 2.9506233438661869e+00
682 2.1187032529170565e+02 2.9313209814362513e+00
683 2.1070720564742771e+02 2.9152286994590635e+00
684 2.0931538844756332e+02 2.8959722842217284e+00
685 2.0815179435451387e+02 2.8798734380329805e+00
686 2.0676326944777938e+02 2.8606625731478026e+00
687 2.0559920454576203e+02 2.8445572131058103e+00
688 2.0421394342986392e+02 2.8253915042307747e+00
689 2.0304941108806702e+02 2.8092796769497697e+00
690 2.0166738525344843e+02 2.7901587296423696e+00
691 2.0050238874110627e+02 2.7740404803536745e+00
692 1.9912356975977139e+02 2.7549639012998366e+00
693 1.9795811203223968e+02 2.7388392708921239e+00
694 1.9658247157551557e+02 2.7198066681519522e+00
695 1.9541655545261179e+02 2.7036756956386605e+00
696 1.9404406522607530e+02 2.6846866777461198e+00
697 1.9287769333588190e+02 2.6685493994879494e+00
698 1.9150832525593825e+02 2.6496035778939091e+00
699 1.9034150044264945e+02 2.6334600332415623e+00
700 1.8897522750942406e+02 2.6145570343906477e+00
701 1.8780795528146803e+02 2.5984072995556993e+00
702 1.8644475834203848e+02 2.5795468584586376e+00
703 1.8527706406206113e+02 2.5633912843446693e+00
704 1.8391697428858740e+02 2.5445738322822753e+00
705 1.8274900619071767e+02 2.5284144697749498e+00
706 1.8139234607597913e+02 2.5096444685794759e+00
707 1.8022492187736856e+02 2.4934926311623573e+00
708 1.7887350100053945e+02 2.4747951171733362e+00
709 1.7771064023525273e+02 2.4587064169031079e+00
710 1.7637290606479661e+02 2.4401982646357090e+00
711 1.7523193115559084e+02 2.4244123650009097e+00
712 1.7394189866296034e+02 2.4065641868420480e+00
713 1.7288744054527240e+02 2.3919752858236127e+00
714 1.7176261176787511e+02 2.3764127751644710e+00
715 1.7100033067267483e+02 2.3658662743034546e+00
716 1.7038368987011475e+02 2.3573347722157254e+00
717 1.7046154954732512e+02 2.3584119957726366e+00
718 1.7118245450420844e+02 2.3683860392014364e+00
719 1.7329606918112782e+02 2.3976288462844724e+00
720 1.7697318182966785e+02 2.4485033490867387e+00
721 1.8318501404474787e+02 2.5344468339997652e+00
722 1.9222031551615589e+02 2.6594542824957959e+00
723 2.0500909445272421e+02 2.8363927752842444e+00
724 2.2133038988609934e+02 3.0622052182594532e+00
725 2.4098495920393714e+02 3.3341350005125725e+00
726 2.6149492964945193e+02 3.6178996410435160e+00
727 2.7961444570760034e+02 3.8685912729253915e+00
728 2.8993145354083413e+02 4.0113317038260483e+00
729 2.8919292285387201e+02 4.0011138005158706e+00
730 2.7684028456299120e+02 3.8302095091843782e+00
731 2.5804592577544656e+02 3.5701811254514570e+00
732 2.3927389810328833e+02 3.3104617027161698e+00
733 2.2720072195972037e+02 3.1434238955410003e+00
734 2.2485735948836731e+02 3.1110024246722978e+00
735 2.3276040053697287e+02 3.2203445423616617e+00
736 2.4648145366769793e+02 3.4101814667828587e+00
737 2.5856469445684348e+02 3.5773585228439289e+00
738 2.6024233697207188e+02 3.6005694595216715e+00
739 2.5021722409354498e+02 3.4618675262441703e+00
740 2.3497745503544400e+02 3.2510184857721334e+00
741 2.2477896540967077e+02 3.1099178074311289e+00
742 2.2495805692226801e+02 3.1123956188365280e+00
743 2.3489211901390937e+02 3.2498378236381025e+00
744 2.4612620007617394e+02 3.4052663740008415e+00
745 2.4866702612836440e+02 3.4404198420795415e+00
746 2.3914328964192563e+02 3.3086546760708933e+00
747 2.2642790342559169e+02 3.1327316044860112e+00
748 2.2081328693903876e+02 3.0550508670486631e+00
749 2.2648801622246680e+02 3.1335632919934060e+00
750 2.3708693239884570e+02 3.2802040512669270e+00
751 2.4134343708770567e+02 3.3390947028239970e+00
752 2.3346302929073929e+02 3.2300657263228425e+00
753 2.2206205070698292e+02 3.0723280738910663e+00
754 2.1825006920043262e+02 3.0195875999449715e+00
755 2.2526678056033057e+02 3.1166669488421443e+00
756 2.3415178641913937e+02 3.2395949901251857e+00
757 2.3355674929435386e+02 3.2313623846094499e+00
758 2.2322789020898441e+02 3.0884579863198076e+00
759 2.1572056360282031e+02 2.9845907554329680e+00
760 2.1873649434142013e+02 3.0263175099487043e+00
761 2.2783921103544066e+02 3.1522576782875924e+00
762 2.2979596556476406e+02 3.1793302548715423e+00
763 2.2130581276300495e+02 3.0618651827377690e+00
764 2.1321713975226413e+02 2.9499547635900343e+00
765 2.1561186150421804e+02 2.9830868131422283e+00
766 2.2389458152378879e+02 3.0976819596937890e+00
767 2.2537816575409258e+02 3.1182080129578780e+00
768 2.1668758159393354e+02 2.9979698830803807e+00
769 2.1036954827686486e+02 2.9105570582865457e+00
770 2.1427307728216400e+02 2.9645641329399885e+00
771 2.2175006115690087e+02 3.0680115585277883e+00
772 2.1975400321780722e+02 3.0403952016407549e+00
773 2.1091216133137519e+02 2.9180643532760513e+00
774 2.0816624418044887e+02 2.8800733578560282e+00
775 2.1485853400322756e+02 2.9726641892730954e+00
776 2.1880735799711670e+02 3.0272979404100191e+00
777 2.1249541304415683e+02 2.9399693508644673e+00
778 2.0565795191438622e+02 2.8453700093009129e+00
779 2.0880235655313888e+02 2.8888742578501643e+00
780 2.1523449222357411e+02 2.9778657398816004e+00
781 2.1271919328101185e+02 2.9430654508143812e+00
782 2.0467097589527836e+02 2.8317147533843423e+00
783 2.0452582299814310e+02 2.8297064979464794e+00
784 2.1109726592676728e+02 2.9206253583789890e+00
785 2.1144690839225802e+02 2.9254628187155554e+00
786 2.0371755835649657e+02 2.8185237940951993e+00
787 2.0151748077650072e+02 2.7880847339665564e+00
788 2.0744490030913786e+02 2.8700932418492533e+00
789 2.0930222561116801e+02 2.8957901704762210e+00
790 2.0221529242282870e+02 2.7977392710856908e+00
791 1.9914803880782699e+02 2.7553024415548837e+00
792 2.0453374102329084e+02 2.8298160473759011e+00
793 2.0678940181616841e+02 2.8610241261857183e+00
794 2.0008687221298831e+02 2.7682916228139089e+00
795 1.9708162632273641e+02 2.7267126979675833e+00
796 2.0230160909163399e+02 2.7989335009145648e+00
797 2.0409142495635149e+02 2.8236964061960403e+00
798 1.9744099262417197e+02 2.7316846919359166e+00
799 1.9527427121106194e+02 2.7017071293375112e+00
800 2.0058645248955727e+02 2.7752035400189357e+00
801 2.0113790503556689e+02 2.7828331333381455e+00
802 1.9447587329536876e+02 2.6906609360653566e+00
803 1.9386618116187449e+02 2.6822255719308670e+00
804 1.9912921824488208e+02 2.7550420506248803e+00
805 1.9774636983632962e+02 2.7359097226381528e+00
806 1.9151877695242305e+02 2.6497481818027167e+00
807 1.9302883926568023e+02 2.6706405712207841e+00
808 1.9749764928581160e+02 2.7324685622621350e+00
809 1.9382743208802316e+02 2.6816894611138600e+00
810 1.8906495636847512e+02 2.6157984734020552e+00
811 1.9273608972611279e+02 2.6665902500327729e+00
812 1.9509960314162311e+02 2.6992905182522726e+00
813 1.8964585715694474e+02 2.6238354963642347e+00
814 1.8766189945029407e+02 2.5963865516204145e+00
815 1.9249059524193888e+02 2.6631937237316259e+00
816 1.9147549966979406e+02 2.6491494211862161e+00
817 1.8597753774931670e+02 2.5730826519940520e+00
818 1.8752118522392220e+02 2.5944397071834575e+00
819 1.9125910368549705e+02 2.6461554856825296e+00
820 1.8687288076205442e+02 2.5854701241669811e+00
821 1.8385952205801004e+02 2.5437789549029644e+00
822 1.8795278362454158e+02 2.6004110646425449e+00
823 1.8807096737478005e+02 2.6020461898365137e+00
824 1.8260339886101826e+02 2.5263999270587334e+00
825 1.8375403988535956e+02 2.5423195617320133e+00
826 1.8722812235414176e+02 2.5903850509314101e+00
827 1.8326005477615303e+02 2.5354850561770683e+00
828 1.8041173202192914e+02 2.4960772333030379e+00
829 1.8449883380390980e+02 2.5526241196604849e+00
830 1.8385432651894425e+02 2.5437070722896133e+00
831 1.7899595061307843e+02 2.4764892624856167e+00
832 1.8077088144240687e+02 2.5010462266260411e+00
833 1.8342789125701287e+02 2.5378071491701175e+00
834 1.7878967551784740e+02 2.4736353540217202e+00
835 1.7761587325335000e+02 2.4573952732022790e+00
836 1.8142430040839164e+02 2.5100865711010045e+00
837 1.7914833003345126e+02 2.4785975001138119e+00
838 1.7538063992951533e+02 2.4264698175890826e+00
839 1.7865255655544607e+02 2.4717382516743935e+00
840 1.7896051214649040e+02 2.4759989554050170e+00
841 1.7433117028436013e+02 2.4119499343256368e+00
842 1.7555548339048255e+02 2.4288888552947854e+00
843 1.7811079613189781e+02 2.4642427532166820e+00
844 1.7380497447321935e+02 2.4046697792618392e+00
845 1.7295277232844276e+02 2.3928791803472946e+00
846 1.7634168434000424e+02 2.4397662980692045e+00
847 1.7361837352010627e+02 2.4020880713786648e+00
848 1.7079234650830907e+02 2.3629887201015038e+00
849 1.7420285853404468e+02 2.4101746837078513e+00
850 1.7314488368972593e+02 2.3955371271991073e+00
851 1.6932446592293712e+02 2.3426799338086641e+00
852 1.7173563967724607e+02 2.3760396041927212e+00
853 1.7247239790385999e+02 2.3862329847189727e+00
854 1.6813431390240476e+02 2.3262136467810590e+00
855 1.6945412394288175e+02 2.3444738106706167e+00
856 1.7130154095311622e+02 2.3700336536363862e+00
857 1.6730464531843180e+02 2.3147348097872986e+00
858 1.6722740230079461e+02 2.3136661179921756e+00
859 1.6996228612846059e+02 2.3515044624360719e+00
860 1.6642340749924512e+02 2.3025424892938058e+00
861 1.6535885894823139e+02 2.2878139826044066e+00
862 1.6829402631506753e+02 2.3284233396466814e+00
863 1.6564183761327956e+02 2.2917291193608755e+00
864 1.6357642135549091e+02 2.2631531590251384e+00
865 1.6665529782016958e+02 2.3057507958944683e+00
866 1.6465060802878847e+02 2.2780150134593593e+00
867 1.6208749135297197e+02 2.2425531446046927e+00
868 1.6486862365852343e+02 2.2810313574841454e+00
869 1.6368058035865636e+02 2.2645942455527774e+00
870 1.6059411045854100e+02 2.2218915500982677e+00
871 1.6323722591251166e+02 2.2584602379308620e+00
872 1.6248828225221209e+02 2.2480982664639888e+00
873 1.5929449021691678e+02 2.2039107211316478e+00
874 1.6154288028070619e+02 2.2350182061433617e+00
875 1.6133284222659529e+02 2.2321122354555478e+00
876 1.5791387600684146e+02 2.1848093042829655e+00
877 1.6004275074501950e+02 2.2142632411581697e+00
878 1.5999069081045494e+02 2.2135429686128227e+00
879 1.5666492737106640e+02 2.1675295397112020e+00
880 1.5850011888785534e+02 2.1929202374916041e+00
881 1.5871506813433808e+02 2.1958941567287189e+00
882 1.5530103520221257e+02 2.1486594798032215e+00
883 1.5714936442173436e+02 2.1742319435936377e+00
884 1.5728203544084212e+02 2.1760675066504445e+00
885 1.5404669301127976e+02 2.1313050929766577e+00
886 1.5575257001760801e+02 2.1549066665028938e+00
887 1.5592865048131384e+02 2.1573428186963226e+00
888 1.5267704426348138e+02 2.1123553882169586e+00
889 1.5453289826644212e+02 2.1380319607613734e+00
890 1.5442814294403115e+02 2.1365826238895034e+00
891 1.5142260127025372e+02 2.0949996067454326e+00
892 1.5325569143989111e+02 2.1203612314454681e+00
893 1.5300338934488786e+02 2.1168705187950527e+00
894 1.5007509886679088e+02 2.0763563065930022e+00
895 1.5213346126267251e+02 2.1048346735853589e+00
896 1.5143035433150735e+02 2.0951068738253875e+00
897 1.4886723958850328e+02 2.0596450317120478e+00
898 1.5093118518384040e+02 2.0882006447731256e+00
899 1.4992560935629641e+02 2.0742880521641962e+00
900 1.4760286680780570e+02 2.0421518671770293e+00
901 1.4984612523532667e+02 2.0731883536992566e+00
902 1.4827807840622228e+02 2.0514937224964211e+00
903 1.4651143729020410e+02 2.0270514502578618e+00
904 1.4863807189903858e+02 2.0564743939388239e+00
905 1.4670964048520580e+02 2.0297936803615642e+00
906 1.4539955510473501e+02 2.0116680615050324e+00
907 1.4748729445445883e+02 2.0405528718303558e+00
908 1.4503411257800823e+02 2.0066120002344019e+00
909 1.4448076502821809e+02 1.9989561886879148e+00
910 1.4615238077741770e+02 2.0220837423544400e+00
911 1.4348843696860271e+02 1.9852268848903509e+00
912 1.4354621071211156e+02 1.9860262105452791e+00
913 1.4480903271965622e+02 2.0034979194381526e+00
914 1.4191510763653079e+02 1.9634591678895783e+00
915 1.4277345953324416e+02 1.9753348513805407e+00
916 1.4323803333512106e+02 1.9817624383066115e+00
917 1.4056047189527919e+02 1.9447171748092962e+00
918 1.4191836219205820e+02 1.9635041961250785e+00
919 1.4164257367733288e+02 1.9596885383233527e+00
920 1.3927531106786037e+02 1.9269363983237453e+00
921 1.4111185731504000e+02 1.9523458394067454e+00
922 1.3986215059778090e+02 1.9350555864376251e+00
923 1.3828066637798324e+02 1.9131750429074230e+00
924 1.4008226518376694e+02 1.9381009704635979e+00
925 1.3815608594970860e+02 1.9114514168036967e+00
926 1.3738516799973490e+02 1.9007854211829680e+00
927 1.3894962492326803e+02 1.9224303844320303e+00
928 1.3643029185876847e+02 1.8875742814783678e+00
929 1.3673023781344963e+02 1.8917241682973138e+00
930 1.3748424641366526e+02 1.9021562154797229e+00
931 1.3497338052153185e+02 1.8674172596535601e+00
932 1.3603545990621453e+02 1.8821116043192645e+00
933 1.3588660532559587e+02 1.8800521344300782e+00
934 1.3368907178657832e+02 1.8496482722494589e+00
935 1.3535070729867758e+02 1.8726377448592260e+00
936 1.3405859396599124e+02 1.8547607773448647e+00
937 1.3279267664174893e+02 1.8372462433571246e+00
938 1.3435417953745798e+02 1.8588503363062594e+00
939 1.3232506515816388e+02 1.8307766287421183e+00
940 1.3206473157064258e+02 1.8271747967903189e+00
941 1.3312750710931834e+02 1.8418787730587665e+00
942 1.3068293684348646e+02 1.8080570469583217e+00
943 1.3154899559467029e+02 1.8200393582376684e+00
944 1.3149241544928685e+02 1.8192565465481747e+00
945 1.2944969468664087e+02 1.7909945885674359e+00
946 1.3087156304089584e+02 1.8106667750047265e+00
947 1.2974101416369629e+02 1.7950251241991619e+00
948 1.2851177223339454e+02 1.7780180107367474e+00
949 1.2999757170055764e+02 1.7985747127963940e+00
950 1.2792080611932843e+02 1.7698417294803006e+00
951 1.2796161220677564e+02 1.7704063000030468e+00
952 1.2863652358534321e+02 1.7797440016461690e+00
953 1.2643973166972181e+02 1.7493504001578786e+00
954 1.2742232524664821e+02 1.7629450230211947e+00
955 1.2699872973343356e+02 1.7570843890989181e+00
956 1.2529882133609395e+02 1.7335653939551638e+00
957 1.2677557754515573e+02 1.7539969784827707e+00
958 1.2513961739494651e+02 1.7313627360210226e+00
959 1.2465948592379345e+02 1.7247199017623738e+00
960 1.2562954555627392e+02 1.7381411118823815e+00
961 1.2353136033342440e+02 1.7091117782170355e+00
962 1.2416368591050775e+02 1.7178602861954475e+00
963 1.2410776703516433e+02 1.7170866234735593e+00
964 1.2227422543802727e+02 1.6917187530715856e+00
965 1.2363283430289448e+02 1.7105157160991704e+00
966 1.2226322534555972e+02 1.6915665618583826e+00
967 1.2158609720011221e+02 1.6821981902511813e+00
968 1.2259882188250975e+02 1.6962096904735133e+00
969 1.2061847400293556e+02 1.6688106893064258e+00
970 1.2111553317863833e+02 1.6756877259501697e+00
971 1.2112817060155228e+02 1.6758625703644969e+00
972 1.1934837014502226e+02 1.6512382327475454e+00
973 1.2062428295793836e+02 1.6688910588044030e+00
974 1.1929777631041499e+02 1.6505382443527035e+00
975 1.1868899552737065e+02 1.6421154891604597e+00
976 1.1959521798927430e+02 1.6546534833924014e+00
977 1.1768471975373176e+02 1.6282208833804257e+00
978 1.1825473162875865e+02 1.6361072533410781e+00
979 1.1809338156524156e+02 1.6338749028413442e+00
980 1.1650523225050809e+02 1.6119021447331843e+00
981 1.1773487082799195e+02 1.6289147459872730e+00
982 1.1627175662424480e+02 1.6086719047220961e+00
983 1.1595112542502197e+02 1.6042358282668825e+00
984 1.1660418813669023e+02 1.6132712438035848e+00
985 1.1476720412985854e+02 1.5878557461194485e+00
986 1.1554512906089818e+02 1.5986186864660930e+00
987 1.1500798526904646e+02 1.5911870611786192e+00
988 1.1378003135659482e+02 1.5741977680208805e+00
989 1.1490411877194623e+02 1.5897500216035914e+00
990 1.1323118077158277e+02 1.5666041739991396e+00
991 1.1337115141883058e+02 1.5685407306853949e+00
992 1.1357446242640818e+02 1.5713536296671122e+00
993 1.1194255500998561e+02 1.5487754585950910e+00
994 1.1292328286131840e+02 1.5623442683079785e+00
995 1.1188254254223740e+02 1.5479451591861677e+00
996 1.1122601915327974e+02 1.5388618636269356e+00
997 1.1203643858984707e+02 1.5500743800324435e+00
998 1.1026127745705169e+02 1.5255142295402551e+00
999 1.1091790646688159e+02 1.5345989864116292e+00
1000 1.1046280985445976e+02 1.5283025206525100e+00
1001 1.0931071052034123e+02 1.5123627096093606e+00
1002 1.1027517390571820e+02 1.5257064931405846e+00
1003 1.0878448925430294e+02 1.5050822023656387e+00
1004 1.0885948747584710e+02 1.5061198363999477e+00
1005 1.0903476375633659e+02 1.5085448623578752e+00
1006 1.0749465632142255e+02 1.4872367852054293e+00
1007 1.0847935700443257e+02 1.5008605608265209e+00
1008 1.0730337525839202e+02 1.4845903259023587e+00
1009 1.0694014043433128e+02 1.4795648091883424e+00
1010 1.0745349093441564e+02 1.4866672436121167e+00
1011 1.0586961812888734e+02 1.4647536529269696e+00
1012 1.0658452939161295e+02 1.4746447709087227e+00
1013 1.0588749890077281e+02 1.4650010414261376e+00
1014 1.0505676281645304e+02 1.4535074350862691e+00
1015 1.0586018802097365e+02 1.4646231831542604e+00
1016 1.0426777047388340e+02 1.4425913721369974e+00
1017 1.0476413690184599e+02 1.4494588243050348e+00
1018 1.0438549268669173e+02 1.4442201117536053e+00
1019 1.0332813331374612e+02 1.4295910705673684e+00
1020 1.0416156061632223e+02 1.4411219111189160e+00
1021 1.0277119772654953e+02 1.4218856169140068e+00
1022 1.0292598593807425e+02 1.4240271812482130e+00
1023 1.0290964290086316e+02 1.4238010679979913e+00
1024 1.0161856209275396e+02 1.4059383859242771e+00
1025 1.0250653120323410e+02 1.4182238368520272e+00
1026 1.0123540928552843e+02 1.4006372949792849e+00
1027 1.0120112862844368e+02 1.4001630067124802e+00
1028 1.0134790864774099e+02 1.4021937741152746e+00
1029 1.0002457385134687e+02 1.3838848436466309e+00
1030 1.0080163416476942e+02 1.3946358216207329e+00
1031 9.9759222374935575e+01 1.3802135869513452e+00
1032 9.9476337742395444e+01 1.3762997511768020e+00
1033 9.9824910009257295e+01 1.3811224048353177e+00
1034 9.8415943646447587e+01 1.3616287232366531e+00
1035 9.9176274849838876e+01 1.3721482464698993e+00
1036 9.8223443664638523e+01 1.3589653996455551e+00
1037 9.7860258387297321e+01 1.3539405684326269e+00
1038 9.8239885301544817e+01 1.3591928770667854e+00
1039 9.6890005893282932e+01 1.3405166899867926e+00
1040 9.7528407905334163e+01 1.3493492681684722e+00
1041 9.6735239404082748e+01 1.3383754261906895e+00
1042 9.6238252612955932e+01 1.3314993910200210e+00
1043 9.6710481148421820e+01 1.3380328846187033e+00
1044 9.5331235861421135e+01 1.3189504074347667e+00
1045 9.5970266063344297e+01 1.3277916769050890e+00
1046 9.5188996458252433e+01 1.3169824614927321e+00
1047 9.4711811922743806e+01 1.3103803994105245e+00
1048 9.5136346944098520e+01 1.3162540318493201e+00
1049 9.3840100825679656e+01 1.2983198853906548e+00
1050 9.4397115392332793e+01 1.3060264317602228e+00
1051 9.3690569574825645e+01 1.2962510534652529e+00
1052 9.3173529274222247e+01 1.2890975689962971e+00
1053 9.3623850566744679e+01 1.2953279660627153e+00
1054 9.2313655909943691e+01 1.2772008353191406e+00
1055 9.2910319008050877e+01 1.2854559369050862e+00
1056 9.2141117204096886e+01 1.2748136849342897e+00
1057 9.1722434258240284e+01 1.2690210185848647e+00
1058 9.2072298831828476e+01 1.2738615518865826e+00
1059 9.0852976764914374e+01 1.2569916841835314e+00
1060 9.1406571089570434e+01 1.2646509099709751e+00
1061 9.0641934313985558e+01 1.2540718172152354e+00
1062 9.0258967793727635e+01 1.2487733036339961e+00
1063 9.0578291629408326e+01 1.2531912921282071e+00
1064 8.9364770954812116e+01 1.2364016892899952e+00
1065 8.9978991499727229e+01 1.2448997060276386e+00
1066 8.9100021573281651e+01 1.2327387628474458e+00
1067 8.8878864190174511e+01 1.2296789512555726e+00
1068 8.9043009894684999e+01 1.2319499807023899e+00
1069 8.7948837799108972e+01 1.2168116189868068e+00
1070 8.8526218461408888e+01 1.2247999394245326e+00
1071 8.7613387784370545e+01 1.2121705175721940e+00
1072 8.7487401998244266e+01 1.2104274477122394e+00
1073 8.7556548919191343e+01 1.2113841263782812e+00
1074 8.6519279043129302e+01 1.1970330323922491e+00
1075 8.7133272057134363e+01 1.2055279011376967e+00
1076 8.6096880827096868e+01 1.1911889636135169e+00
1077 8.6173592472492459e+01 1.1922503036353391e+00
1078 8.6025737332715451e+01 1.1902046614584803e+00
1079 8.5172481330280746e+01 1.1783994819505448e+00
1080 8.5700576235166324e+01 1.1857059118281095e+00
1081 8.4647842597658340e+01 1.1711408697664514e+00
1082 8.4842859789953820e+01 1.1738390200936832e+00
1083 8.4539241810844615e+01 1.1696383291697479e+00
1084 8.3826050555961231e+01 1.1597710082679740e+00
1085 8.4306484923409485e+01 1.1664180332327261e+00
1086 8.3190352111723058e+01 1.1509758351596298e+00
1087 8.3573292531189551e+01 1.1562739876247126e+00
1088 8.3015117710188221e+01 1.1485513886158238e+00
1089 8.2567973931310021e+01 1.1423649538758964e+00
1090 8.2856668767827244e+01 1.1463591764285361e+00
1091 8.1820954236381326e+01 1.1320296013328930e+00
1092 8.2266946378949527e+01 1.1382001026679238e+00
1093 8.1546624257708956e+01 1.1282341230316626e+00
1094 8.1311947194434879e+01 1.1249872606006450e+00
1095 8.1429643063421040e+01 1.1266156357386568e+00
1096 8.0468966146571304e+01 1.1133242396978666e+00
1097 8.0990634203063536e+01 1.1205417512452498e+00
1098 8.0067206053507576e+01 1.1077657086073043e+00
1099 8.0129738877417665e+01 1.1086308782741925e+00
1100 7.9945952043728795e+01 1.1060881049954796e+00
1101 7.9222558019525408e+01 1.0960796242038755e+00
1102 7.9647425652349227e+01 1.1019578584715337e+00
1103 7.8675596745473086e+01 1.0885121696466824e+00
1104 7.8923822679830494e+01 1.0919464867862660e+00
1105 7.8495621652503004e+01 1.0860221335105091e+00
1106 7.8003665190859721e+01 1.0792156952045189e+00
1107 7.8303958851996484e+01 1.0833703926982361e+00
1108 7.7314701317600580e+01 1.0696835709943184e+00
1109 7.7747289614226247e+01 1.0756686241086548e+00
1110 7.7023223003817293e+01 1.0656508377852187e+00
1111 7.6877545942147762e+01 1.0636353302959187e+00
1112 7.6882019288663557e+01 1.0636972210514122e+00
1113 7.6075408293388634e+01 1.0525373961393998e+00
1114 7.6497516040094965e+01 1.0583774461447202e+00
1115 7.5633022201077011e+01 1.0464167861271045e+00
1116 7.5744809691715716e+01 1.0479634162005713e+00
1117 7.5469239783828826e+01 1.0441507829225078e+00
1118 7.4888089921459695e+01 1.0361103139112107e+00
1119 7.5227332502497873e+01 1.0408038871816754e+00
1120 7.4284065653194446e+01 1.0277533672343939e+00
1121 7.4642320852256262e+01 1.0327099886030195e+00
1122 7.4023562665863437e+01 1.0241491915602459e+00
1123 7.3810376585723390e+01 1.0211996665203220e+00
1124 7.3859725229920713e+01 1.0218824271473324e+00
1125 7.3071348675788684e+01 1.0109748839072972e+00
1126 7.3459405354188391e+01 1.0163438221095364e+00
1127 7.2657952687484041e+01 1.0052553649869831e+00
1128 7.2737386194027025e+01 1.0063543631786267e+00
1129 7.2483060760457150e+01 1.0028356567316061e+00
1130 7.1931277171040563e+01 9.9520148327837665e-01
1131 7.2236062741011352e+01 9.9941832834558608e-01
1132 7.1348451482664601e+01 9.8713782846261011e-01
1133 7.1687027162552994e+01 9.9182217485653967e-01
1134 7.1072824163046946e+01 9.8332440086750039e-01
1135 7.0909079330238868e+01 9.8105891766049047e-01
1136 7.0901190171905554e+01 9.8094976761639407e-01
1137 7.0191409130035282e+01 9.7112962854125262e-01
1138 7.0540665659445310e+01 9.7596174927903723e-01
1139 6.9753435889493886e+01 9.6507007231251218e-01
1140 6.9888140609454197e+01 9.6693377253279778e-01
1141 6.9551967057089826e+01 9.6228266065059875e-01
1142 6.9121157092602161e+01 9.5632221155903385e-01
1143 6.9332282870406630e+01 9.5924323139202938e-01
1144 6.8514722610373141e+01 9.4793191849096570e-01
1145 6.8865558633494459e+01 9.5278589223270249e-01
1146 6.8187612640564723e+01 9.4340620533875230e-01
1147 6.8160632256030695e+01 9.4303291961710667e-01
1148 6.8008669429209547e+01 9.4093044574755513e-01
1149 6.7444391226869470e+01 9.3312340372027147e-01
1150 6.7720929825915505e+01 9.3694943927501262e-01
1151 6.6943311354447317e+01 9.2619073893399639e-01
1152 6.7174575937929603e+01 9.2939038817648179e-01
1153 6.6688123965216704e+01 9.2266010694379330e-01
1154 6.6459316239954603e+01 9.1949444943676839e-01
1155 6.6498450230661803e+01 9.2003588575112438e-01
1156 6.5810730553321932e+01 9.1052097554953115e-01
1157 6.6144042945206280e+01 9.1513250199316154e-01
1158 6.5396483087460695e+01 9.0478967605530514e-01
1159 6.5548092035542311e+01 9.0688725385376867e-01
1160 6.5181313363065939e+01 9.0181270640738587e-01
1161 6.4849061832893696e+01 8.9721585746137478e-01
1162 6.4965657739529391e+01 8.9882901412689753e-01
1163 6.4267750101202751e+01 8.8917314891540633e-01
1164 6.4557854576364647e+01 8.9318687445096590e-01
1165 6.3917612005559718e+01 8.8432883131337581e-01
1166 6.3938572913642069e+01 8.8461883487837312e-01
1167 6.3720021097907583e+01 8.8159507247978597e-01
1168 6.3269722089154030e+01 8.7536498371930538e-01
1169 6.3475520650158352e+01 8.7821229911843346e-01
1170 6.2747301326721939e+01 8.6813705814762987e-01
1171 6.3031077683681794e+01 8.7206323132948860e-01
1172 6.2441430555454353e+01 8.6390519883372974e-01
1173 6.2407060923852718e+01 8.6342967956457584e-01
1174 6.2248864901398505e+01 8.6124096663764127e-01
1175 6.1771801871703985e+01 8.5464058564287138e-01
1176 6.1980582865004763e+01 8.5752916433054294e-01
1177 6.1295511757178019e+01 8.4805089827613711e-01
1178 6.1516081654529465e+01 8.5110258173907294e-01
1179 6.1017688915393194e+01 8.4420709464707844e-01
1180 6.0899767639910792e+01 8.4257560090908856e-01
1181 6.0824288769984058e+01 8.4153131688881955e-01
1182 6.0296453115432563e+01 8.3422847385590937e-01
1183 6.0540524670258336e+01 8.3760531329129284e-01
1184 5.9853966865526651e+01 8.2810647811837312e-01
1185 6.0069761174540730e+01 8.3109208917464816e-01
1186 5.9592773897223367e+01 8.2449275624799367e-01
1187 5.9467877876650462e+01 8.2276476378326713e-01
1188 5.9397547312006253e+01 8.2179170887577124e-01
1189 5.8891162219077501e+01 8.1478564398421605e-01
1190 5.9107892029618775e+01 8.1778419812372405e-01
1191 5.8470543438773298e+01 8.0896619449692109e-01
1192 5.8642420612935020e+01 8.1134419229418953e-01
1193 5.8217311983998272e+01 8.0546262373721400e-01
1194 5.8059178899810391e+01 8.0327478158942400e-01
1195 5.8021135244502851e+01 8.0274843055437473e-01
1196 5.7503679078051718e+01 7.9558919239488546e-01
1197 5.7734365635625338e+01 7.9878084438966024e-01
1198 5.7095293952902679e+01 7.8993900101387138e-01
1199 5.7283171205180842e+01 7.9253836706845848e-01
1200 5.6843892657356477e+01 7.8646075132798354e-01
1201 5.6720740116976735e+01 7.8475688069373928e-01
1202 5.6648501014083934e+01 7.8375742030353002e-01
1203 5.6180852661539497e+01 7.7728729558993348e-01
1204 5.6372420843353162e+01 7.7993772731015132e-01
1205 5.5776042565804495e+01 7.7168656634438459e-01
1206 5.5943357436132757e+01 7.7400144262176918e-01
1207 5.5520834301905033e+01 7.6815564554377491e-01
1208 5.5404392078021431e+01 7.6654461514805927e-01
1209 5.5326893831395772e+01 7.6547239214540164e-01
1210 5.4876663791632986e+01 7.5924325760184319e-01
1211 5.5067251260777816e+01 7.6188012072240474e-01
1212 5.4469001538005841e+01 7.5360306747256689e-01
1213 5.4666764953726229e+01 7.5633921303265672e-01
1214 5.4205013042495267e+01 7.4995066822938594e-01
1215 5.4154174891045294e+01 7.4924729960144065e-01
1216 5.4011937065780472e+01 7.4727937549041390e-01
1217 5.3636573255051808e+01 7.4208604880558493e-01
1218 5.3772586123575202e+01 7.4396784784798986e-01
1219 5.3220727567806868e+01 7.3633263720165898e-01
1220 5.3406570984901840e+01 7.3890386423424259e-01
1221 5.2942397876604716e+01 7.3248182108357240e-01
1222 5.2925076906489622e+01 7.3224217769298772e-01
1223 5.2747147627153204e+01 7.2978044630605288e-01
1224 5.2418861076203989e+01 7.2523845462602010e-01
1225 5.2528977206097387e+01 7.2676196067391352e-01
1226 5.1992219418513400e+01 7.1933567592861969e-01
1227 5.2201799729158466e+01 7.2223531353027048e-01
1228 5.1694469991017122e+01 7.1521617904849366e-01
1229 5.1756968496577180e+01 7.1608087390561614e-01
1230 5.1492062286658729e+01 7.1241577767197617e-01
1231 5.1265824777666531e+01 7.0928568025987448e-01
1232 5.1293022500030531e+01 7.0966197294788125e-01
1233 5.0827947399873942e+01 7.0322745033526146e-01
1234 5.1007379148207221e+01 7.0570996905467609e-01
1235 5.0505928621236677e+01 6.9877217609647291e-01
1236 5.0605949931453530e+01 7.0015601578627251e-01
1237 5.0289063795574677e+01 6.9577175396221091e-01
1238 5.0137238323317952e+01 6.9367118045466625e-01
1239 5.0103198349570476e+01 6.9320022214978749e-01
1240 4.9691842503788095e+01 6.8750892951634213e-01
1241 4.9858436721129046e+01 6.8981383523640993e-01
1242 4.9343066470091387e+01 6.8268345665226993e-01
1243 4.9506348065947080e+01 6.8494253076826606e-01
1244 4.9103766486629866e+01 6.7937263404692239e-01
1245 4.9069581299189885e+01 6.7889966664547452e-01
1246 4.8921777940225844e+01 6.7685474087938846e-01
1247 4.8624064969112204e+01 6.7273574838966810e-01
1248 4.8713231756204891e+01 6.7396941088342310e-01
1249 4.8248968977639130e+01 6.6754612710436623e-01
1250 4.8414464122629305e+01 6.6983582666548991e-01
1251 4.7979486955193451e+01 6.6381772245200499e-01
1252 4.8020945402104438e+01 6.6439131866053780e-01
1253 4.7788930570769473e+01 6.6118128940249898e-01
1254 4.7587604329741751e+01 6.5839585055623429e-01
1255 4.7606581408982407e+01 6.5865840695939237e-01
1256 4.7192132707751696e+01 6.5292432328356886e-01
1257 4.7360367092684292e+01 6.5525192145793787e-01
1258 4.6888027877491773e+01 6.4871689655559406e-01
1259 4.7020085127012372e+01 6.5054396783486612e-01
1260 4.6675727293488301e+01 6.4577962275189493e-01
1261 4.6614181584251270e+01 6.4492811025926300e-01
1262 4.6504833795095145e+01 6.4341523455009653e-01
1263 4.6209851536677533e+01 6.3933402269534301e-01
1264 4.6304156857153714e+01 6.4063877910326517e-01
1265 4.5871767568799697e+01 6.3465647935762892e-01
1266 4.6023280280046770e+01 6.3675272567632102e-01
1267 4.5626106524102568e+01 6.3125764861693512e-01
1268 4.5661513609638945e+01 6.3174752152660951e-01
1269 4.5448338495260053e+01 6.2879814820290991e-01
1270 4.5266205798713521e+01 6.2627826065349801e-01
1271 4.5278526836370112e+01 6.2644872773588012e-01
1272 4.4902970965251868e+01 6.2125274380941575e-01
1273 4.5055445650280546e+01 6.2336229946685429e-01
1274 4.4618269138483669e+01 6.1731376633765411e-01
1275 4.4751212124742423e+01 6.1915309218198145e-01
1276 4.4415670108233840e+01 6.1451071788161238e-01
1277 4.4386057941490918e+01 6.1410102027266311e-01
1278 4.4255969482851079e+01 6.1230118809829592e-01
1279 4.4014627818579342e+01 6.0896211792317601e-01
1280 4.4079390495745741e+01 6.0985813861003002e-01
1281 4.3693987090435201e+01 6.0452590963106223e-01
1282 4.3838501427653711e+01 6.0652533030606104e-01
1283 4.3453253763283278e+01 6.0119525607285473e-01
1284 4.3524061407229652e+01 6.0217491158648229e-01
1285 4.3280107030562760e+01 5.9879969336348526e-01
1286 4.3168664181231691e+01 5.9725783155709289e-01
1287 4.3128785610286592e+01 5.9670609364117611e-01
1288 4.2826869553909475e+01 5.9252894958160929e-01
1289 4.2944783175078122e+01 5.9416033741873520e-01
1290 4.2545175641851905e+01 5.8863158795902093e-01
1291 4.2693947595402022e+01 5.9068991466565290e-01
1292 4.2338848772405370e+01 5.8577696317563055e-01
1293 4.2380219088968836e+01 5.8634934006127593e-01
1294 4.2185875839672711e+01 5.8366051403772645e-01
1295 4.2041928713323443e+01 5.8166894097951694e-01
1296 4.2039268955617153e+01 5.8163214203865887e-01
1297 4.1729894658972249e+01 5.7735180987971357e-01
1298 4.1851513141621503e+01 5.7903445613717963e-01
1299 4.1480963526847354e+01 5.7390773601271150e-01
1300 4.1599146129443028e+01 5.7554284532852751e-01
1301 4.1300738523402508e+01 5.7141424225302651e-01
1302 4.1294234584279124e+01 5.7132425733801728e-01
1303 4.1162312874098973e+01 5.6949906130631434e-01
1304 4.0976555519259563e+01 5.6692902498363829e-01
1305 4.1020378355006635e+01 5.6753533357222696e-01
1306 4.0692009133056644e+01 5.6299219810181766e-01
1307 4.0834045862741547e+01 5.6495733996529807e-01
1308 4.0469881614305159e+01 5.5991896424816623e-01
1309 4.0587305072113402e+01 5.6154357045534598e-01
1310 4.0309883679331811e+01 5.5770532105331061e-01
1311 4.0296297664880896e+01 5.5751735244959399e-01
1312 4.0183555614141554e+01 5.5595751560898232e-01
1313 3.9999780272019116e+01 5.5341490132124549e-01
1314 4.0048535791622342e+01 5.5408945580346003e-01
1315 3.9739002139604345e+01 5.4980691889145172e-01
1316 3.9869240712382357e+01 5.5160882796225186e-01
1317 3.9538132005215353e+01 5.4702779048511307e-01
1318 3.9634094803314845e+01 5.4835547883938862e-01
1319 3.9394076492830131e+01 5.4503471785748125e-01
1320 3.9360397334819709e+01 5.4456875160016260e-01
1321 3.9279003069504270e+01 5.4344262543143540e-01
1322 3.9084618410930958e+01 5.4075322649196267e-01
1323 3.9153803031589156e+01 5.4171042675041725e-01
1324 3.8844162849547303e+01 5.3742641594774654e-01
1325 3.8986598119816804e+01 5.3939707179897389e-01
1326 3.8660266031805165e+01 5.3488212099032528e-01
1327 3.8767683455220848e+01 5.3636828922363822e-01
1328 3.8529391918110726e+01 5.3307141892588472e-01
1329 3.8513401487125158e+01 5.3285018414094887e-01
1330 3.8425775485334320e+01 5.3163783910293938e-01
1331 3.8257297840512287e+01 5.2930687531888976e-01
1332 3.8313491911358341e+01 5.3008434549399119e-01
1333 3.8033870452719889e+01 5.2621565719402197e-01
1334 3.8162940097194536e+01 5.2800139361744103e-01
1335 3.7863256226952913e+01 5.2385513285426999e-01
1336 3.7964308846995223e+01 5.2525324117808214e-01
1337 3.7743276968123368e+01 5.2219516599359705e-01
1338 3.7731464846165260e+01 5.2203173998816943e-01
1339 3.7651255193082775e+01 5.2092200346102391e-01
1340 3.7494601564105210e+01 5.1875463023965451e-01
1341 3.7554351186714982e+01 5.1958129306819256e-01
1342 3.7285982916024182e+01 5.1586829767091547e-01
1343 3.7424170310770798e+01 5.1778018225896738e-01
1344 3.7125960426118226e+01 5.1365431474755341e-01
1345 3.7249307418508266e+01 5.1536087571257849e-01
1346 3.7015054934979162e+01 5.1211988753277082e-01
1347 3.7039936509770811e+01 5.1246413528024337e-01
1348 3.6934536303815776e+01 5.1100587615528892e-01
1349 3.6822422746822802e+01 5.0945473480755898e-01
1350 3.6854773368857543e+01 5.0990232017376058e-01
1351 3.6627120783006397e+01 5.0675264453860547e-01
1352 3.6748016540137975e+01 5.0842529156436755e-01
1353 3.6475447545720890e+01 5.0465417727017026e-01
1354 3.6600315396084646e+01 5.0638177998741796e-01
1355 3.6371609184074835e+01 5.0321752696177069e-01
1356 3.6417192445629340e+01 5.0384819183101581e-01
1357 3.6301625395553501e+01 5.0224926985747564e-01
1358 3.6220529624659186e+01 5.0112727349294961e-01
1359 3.6239506889997912e+01 5.0138983247085789e-01
1360 3.6038577277071184e+01 4.9860988115227162e-01
1361 3.6158139629961795e+01 5.0026407993228295e-01
1362 3.5894076016988230e+01 4.9661064140530869e-01
1363 3.6040586658058814e+01 4.9863768183951096e-01
1364 3.5795510606173643e+01 4.9524694473675973e-01
1365 3.5886957078227368e+01 4.9651214769446672e-01
1366 3.5734416678048206e+01 4.9440168283844582e-01
1367 3.5713789528274262e+01 4.9411629696934717e-01
1368 3.5689219800248978e+01 4.9377636376176121e-01
1369 3.5546541977787236e+01 4.9180235209216133e-01
1370 3.5634033631571242e+01 4.9301283836523668e-01
1371 3.5408971276061585e+01 4.8989899972866219e-01
1372 3.5549124808941585e+01 4.9183808671966911e-01
1373 3.5314003411062622e+01 4.8858507672009366e-01
1374 3.5428804990013631e+01 4.9017340805728199e-01
1375 3.5259317381977432e+01 4.8782847097916160e-01
1376 3.5283341060775342e+01 4.8816084935076526e-01
1377 3.5228755920667552e+01 4.8740563945408766e-01
1378 3.5134218325422843e+01 4.8609766942055982e-01
1379 3.5198803943910804e+01 4.8699124042118075e-01
1380 3.5005207839299793e+01 4.8431275147946962e-01
1381 3.5147800089366228e+01 4.8628557921659826e-01
1382 3.4913224075609826e+01 4.8304011485098169e-01
1383 3.5064395334161851e+01 4.8513163701848466e-01
1384 3.4862385456124635e+01 4.8233673974755925e-01
1385 3.4951786966471396e+01 4.8357364974281575e-01
1386 3.4843002873826698e+01 4.8206857302772188e-01
1387 3.4825993605848339e+01 4.8183324217600781e-01
1388 3.4835510697849479e+01 4.8196491541258207e-01
1389 3.4709176813725961e+01 4.8021702946070211e-01
1390 3.4817916812692495e+01 4.8172149611998105e-01
1391 3.4621085382359006e+01 4.7899824499574611e-01
1392 3.4774140705398956e+01 4.8111583404050640e-01
1393 3.4572010315675548e+01 4.7831926943634895e-01
1394 3.4700040324738559e+01 4.8009062203753627e-01
1395 3.4559523506297460e+01 4.7814650882784560e-01
1396 3.4604680768223197e+01 4.7877127980115147e-01
1397 3.4569748270381673e+01 4.7828797302510412e-01
1398 3.4506460415945511e+01 4.7741235717223102e-01
1399 3.4582562427630073e+01 4.7846526263821981e-01
1400 3.4425963216713612e+01 4.7629864231513414e-01
1401 3.4578985162246632e+01 4.7841576956711507e-01
1402 3.4378527026365639e+01 4.7564234134492994e-01
1403 3.4548137504224272e+01 4.7798897838215504e-01
1404 3.4369150109765833e+01 4.7551260749790658e-01
1405 3.4491109725308284e+01 4.7719997348195969e-01
1406 3.4391161444448400e+01 4.7581714418606991e-01
1407 3.4420231959468119e+01 4.7621934780047948e-01
1408 3.4428823003046411e+01 4.7633820874175953e-01
1409 3.4354220380827293e+01 4.7530604800155218e-01
1410 3.4462956735983894e+01 4.7681046424708634e-01
1411 3.4311335482959954e+01 4.7471271620422661e-01
1412 3.4477759966192856e+01 4.7701527357677809e-01
1413 3.4303171352815518e+01 4.7459976180178909e-01
1414 3.4466406093240309e+01 4.7685818765188254e-01
1415 3.4331055622558473e+01 4.7498555318072344e-01
1416 3.4433313148651408e+01 4.7640033192018727e-01
1417 3.4385946885632890e+01 4.7574499842595086e-01
1418 3.4392265083453950e+01 4.7583241352673122e-01
1419 3.4451683544093406e+01 4.7665449458087261e-01
1420 3.4361299327541552e+01 4.7540398840449161e-01
1421 3.4510547967829602e+01 4.7746891028595301e-01
1422 3.4356456010072364e+01 4.7533697893491328e-01
1423 3.4549358966765183e+01 4.7800587786427590e-01
1424 3.4386595365912591e+01 4.7575397044148593e-01
1425 3.4563958276580841e+01 4.7820786586386105e-01
1426 3.4450771855489286e+01 4.7664188096011134e-01
1427 3.4560393484342022e+01 4.7815854536430680e-01
1428 3.4538661695930479e+01 4.7785787632418908e-01
1429 3.4552283140177472e+01 4.7804633511502587e-01
1430 3.4633553294274677e+01 4.7917074414938071e-01
1431 3.4555091010361274e+01 4.7808518325844374e-01
1432 3.4716335406106261e+01 4.8031607179715502e-01
1433 3.4578417746509650e+01 4.7840791911588870e-01
1434 3.4767649359129031e+01 4.8102602335327305e-01
1435 3.4616513355590421e+01 4.7893498895469372e-01
1436 3.4764204553309710e+01 4.8097836291965052e-01
1437 3.4635592060425459e+01 4.7919895139353252e-01
1438 3.4665272190008174e+01 4.7960958929885400e-01
1439 3.4556289748399095e+01 4.7810176833687168e-01
1440 3.4389146605427158e+01 4.7578926798448740e-01
1441 3.4235175629786411e+01 4.7365901047529391e-01
1442 3.3791464923509352e+01 4.6752007383465261e-01
1443 3.3465894848247416e+01 4.6301566581418474e-01
1444 3.2679664085128955e+01 4.5213781055528218e-01
1445 3.2042508551794150e+01 4.4332247796573221e-01
1446 3.0911446252095995e+01 4.2767372372961204e-01
1447 2.9915138699108308e+01 4.1388936185630470e-01
1448 2.8575041523064950e+01 3.9534851634671814e-01
1449 2.7368862328543653e+01 3.7866048617824521e-01
1450 2.6120167122534326e+01 3.6138422792096248e-01
1451 2.5043732201810766e+01 3.4649126797518776e-01
1452 2.4263141729050218e+01 3.3569144866324840e-01
1453 2.3697148598262729e+01 3.2786067983169126e-01
1454 2.3667317718310475e+01 3.2744795622739059e-01
1455 2.3822850038419269e+01 3.2959981563761548e-01
1456 2.4532566808316577e+01 3.3941906548118284e-01
1457 2.5224353550151708e+01 3.4899024534428436e-01
1458 2.6152037569421807e+01 3.6182516984862695e-01
1459 2.6668986105982970e+01 3.6897738472089925e-01
1460 2.6908450613014498e+01 3.7229048358363215e-01
1461 2.6559073914678585e+01 3.6745670025485810e-01
1462 2.5825771621017331e+01 3.5731113411110937e-01
1463 2.4981783259026479e+01 3.4563417656556555e-01
1464 2.4163097381129301e+01 3.3430729023647993e-01
1465 2.3871136157965150e+01 3.3026787575949479e-01
1466 2.3849596930196835e+01 3.2996987088224605e-01
1467 2.4457746787433006e+01 3.3838389693294207e-01
1468 2.5001203806015180e+01 3.4590286854392815e-01
1469 2.5616857292886866e+01 3.5442071067626385e-01
1470 2.5572161704543824e+01 3.5380232716405086e-01
1471 2.5186331642407215e+01 3.4846419519652433e-01
1472 2.4386224035899840e+01 3.3739434758510128e-01
1473 2.3712809026952680e+01 3.2807734888685003e-01
1474 2.3429187827858367e+01 3.2415332238365474e-01
1475 2.3568634124836823e+01 3.2608262444874453e-01
1476 2.4172551408447269e+01 3.3443809094487587e-01
1477 2.4589987740109489e+01 3.4021350982777282e-01
1478 2.4820593974597731e+01 3.4340405051663381e-01
1479 2.4306247769402674e+01 3.3628784006604545e-01
1480 2.3717368314607523e+01 3.2814042867654991e-01
1481 2.3052744519176773e+01 3.1894506036045556e-01
1482 2.2994726919343901e+01 3.1814236084390685e-01
1483 2.3280871185679636e+01 3.2210129511406849e-01
1484 2.3812903928794437e+01 3.2946220674978849e-01
1485 2.4066555857170027e+01 3.3297159495035611e-01
1486 2.3759773019181164e+01 3.2872711678427419e-01
1487 2.3191353821813010e+01 3.2086278223340042e-01
1488 2.2565551824780073e+01 3.1220453091103290e-01
1489 2.2554514755922501e+01 3.1205182811288873e-01
1490 2.2792420339771123e+01 3.1534335857415624e-01
1491 2.3348156936348591e+01 3.2303222365451434e-01
1492 2.3337309027762593e+01 3.2288213797357218e-01
1493 2.3017618697188290e+01 3.1845907885812264e-01
1494 2.2336152637765746e+01 3.0903069026537527e-01
1495 2.2049276992771222e+01 3.0506163704342121e-01
1496 2.2182151610209534e+01 3.0690001697445196e-01
1497 2.2603659142936696e+01 3.1273176275015419e-01
1498 2.2855801672927647e+01 3.1622026774705397e-01
1499 2.2518077203726520e+01 3.1154769823477957e-01
1500 2.2017531004212007e+01 3.0462241705255205e-01
1501 2.1556190169836157e+01 2.9823955968195370e-01
1502 2.1755003011786954e+01 3.0099022452464441e-01
1503 2.2053031717625231e+01 3.0511358534589783e-01
1504 2.2339956066428169e+01 3.0908331240688663e-01
1505 2.1958410001842370e+01 3.0380445146699375e-01
1506 2.1475313582630474e+01 2.9712059582207118e-01
1507 2.1143525072907376e+01 2.9253015297165441e-01
1508 2.1341428190897979e+01 2.9526823137531377e-01
1509 2.1716539250673964e+01 3.0045806113734502e-01
1510 2.1732284921272502e+01 3.0067590955254297e-01
1511 2.1371568357839600e+01 2.9568523410383807e-01
1512 2.0820375057541764e+01 2.8805922756533109e-01
1513 2.0816725653195451e+01 2.8800873641931829e-01
1514 2.1029264263610507e+01 2.9094930342518460e-01
1515 2.1371644204923022e+01 2.9568628348225717e-01
1516 2.1066243654501555e+01 2.9146092988467309e-01
1517 2.0653008426762959e+01 2.8574363515889695e-01
1518 2.0320901439435278e+01 2.8114878602797283e-01
1519 2.0554417592522302e+01 2.8437958674584507e-01
1520 2.0834654033158063e+01 2.8825678359758738e-01
1521 2.0773390648583298e+01 2.8740917719329007e-01
1522 2.0342698586695072e+01 2.8145035933707174e-01
1523 1.9960037200153256e+01 2.7615606741765764e-01
1524 2.0115680277760745e+01 2.7830945920755551e-01
1525 2.0349931074890073e+01 2.8155042405526581e-01
1526 2.0433851512506170e+01 2.8271150095084657e-01
1527 1.9938952675673224e+01 2.7586435356435218e-01
1528 1.9664807981686142e+01 2.7207143875984929e-01
1529 1.9656128692322930e+01 2.7195135689855365e-01
1530 2.0013823070369298e+01 2.7690021905688328e-01
1531 1.9962579602645793e+01 2.7619124269649564e-01
1532 1.9596947157224228e+01 2.7113255381553780e-01
1533 1.9256201163381718e+01 2.6641818015459356e-01
1534 1.9337693776605608e+01 2.6754566701074656e-01
1535 1.9639949634828017e+01 2.7172751238125564e-01
1536 1.9531763343905812e+01 2.7023070652112680e-01
1537 1.9188424709635047e+01 2.6548046251697055e-01
1538 1.8853852485282825e+01 2.6085150572606947e-01
1539 1.9090677307794984e+01 2.6412808336948890e-01
1540 1.9229734510652868e+01 2.6605200214289870e-01
1541 1.9149504725806715e+01 2.6494198708377303e-01
1542 1.8668560674182121e+01 2.5828791040983062e-01
1543 1.8589821783863513e+01 2.5719852254521031e-01
1544 1.8766836246951787e+01 2.5964759703902590e-01
1545 1.8916776295997103e+01 2.6172208487076437e-01
1546 1.8619861638202234e+01 2.5761413740387984e-01
1547 1.8260448334242046e+01 2.5264149313453593e-01
1548 1.8312319257013748e+01 2.5335915061695025e-01
1549 1.8504756815878203e+01 2.5602161055861078e-01
1550 1.8513007979441571e+01 2.5613576910743663e-01
1551 1.8072422570990010e+01 2.5004007236401321e-01
1552 1.7947500101651475e+01 2.4831171396875087e-01
1553 1.8048291446302990e+01 2.4970620743034053e-01
1554 1.8258823422980022e+01 2.5261901175839807e-01
1555 1.7942114502491087e+01 2.4823720178874306e-01
1556 1.7663509175128908e+01 2.4438257212075037e-01
1557 1.7648854352493615e+01 2.4417981607640618e-01
1558 1.7884852674776678e+01 2.4744495871844271e-01
1559 1.7795017569921633e+01 2.4620204974868229e-01
1560 1.7426509466220512e+01 2.4110357484559650e-01
1561 1.7325333998356310e+01 2.3970376686706704e-01
1562 1.7472814682847027e+01 2.4174422828708422e-01
1563 1.7586029533515788e+01 2.4331060652678621e-01
1564 1.7215762585987218e+01 2.3818779723044659e-01
1565 1.7045449840334804e+01 2.3583144400330364e-01
1566 1.7092096368799020e+01 2.3647681964715589e-01
1567 1.7304719291937509e+01 2.3941855315736804e-01
1568 1.7021056320828968e+01 2.3549394871961971e-01
1569 1.6774577359037814e+01 2.3208380172906651e-01
1570 1.6767837157118890e+01 2.3199054801230909e-01
1571 1.6973550717517810e+01 2.3483668738993582e-01
1572 1.6827610801795487e+01 2.3281754319691639e-01
1573 1.6502919466113639e+01 2.2832529293268355e-01
1574 1.6484778734681640e+01 2.2807430777658863e-01
1575 1.6633527349604083e+01 2.3013231158283856e-01
1576 1.6613532493189254e+01 2.2985567377596827e-01
1577 1.6241330373636899e+01 2.2470609050668927e-01
1578 1.6211664368147595e+01 2.2429564801453530e-01
1579 1.6320712223364033e+01 2.2580437400311565e-01
1580 1.6362722859021254e+01 2.2638560999062801e-01
1581 1.6000355637690870e+01 2.2137209694953536e-01
1582 1.5928074730794499e+01 2.2037205818218625e-01
1583 1.6048023347514576e+01 2.2203160109553061e-01
1584 1.6078531611518883e+01 2.2245369661202116e-01
1585 1.5774543396097634e+01 2.1824788330264519e-01
1586 1.5637196409698463e+01 2.1634762614103176e-01
1587 1.5803206448138811e+01 2.1864444948398568e-01
1588 1.5782777772304367e+01 2.1836180959086229e-01
1589 1.5543758938888486e+01 2.1505487682250157e-01
1590 1.5358326312293078e+01 2.1248933326073299e-01
1591 1.5562470437668916e+01 2.1531375880087053e-01
1592 1.5499842253041621e+01 2.1444726977568734e-01
1593 1.5288310954909422e+01 2.1152063938706805e-01
1594 1.5108575853413406e+01 2.0903392364058276e-01
1595 1.5309577977697868e+01 2.1181487818632710e-01
1596 1.5239414078846110e+01 2.1084412917482512e-01
1597 1.5004740607615560e+01 2.0759731644134072e-01
1598 1.4889469192299863e+01 2.0600248470730939e-01
1599 1.5046470750930622e+01 2.0817467169148898e-01
1600 1.4990867876555621e+01 2.0740538098473615e-01
1601 1.4709212291545718e+01 2.0350854963404322e-01
1602 1.4687131442884537e+01 2.0320305118880638e-01
1603 1.4787942453363943e+01 2.0459781673594571e-01
1604 1.4732243877603475e+01 2.0382720195759965e-01
1605 1.4426553477325591e+01 1.9959783815724449e-01
1606 1.4483869701445945e+01 2.0039083382621975e-01
1607 1.4546109112305766e+01 2.0125194399195170e-01
1608 1.4447104875048183e+01 1.9988217596273536e-01
1609 1.4174917059210797e+01 1.9611633544515972e-01
1610 1.4271207810319533e+01 1.9744856117641621e-01
1611 1.4317831313885568e+01 1.9809361826047467e-01
1612 1.4137526838269869e+01 1.9559902496765996e-01
1613 1.3957325528177941e+01 1.9310585901613986e-01
1614 1.4053493696440880e+01 1.9443638875874220e-01
1615 1.4084372035891370e+01 1.9486360443502207e-01
1616 1.3824419208000128e+01 1.9126704046348830e-01
1617 1.3763855671159424e+01 1.9042911676649718e-01
1618 1.3839234849583930e+01 1.9147202151011786e-01
1619 1.3823643749796872e+01 1.9125631165142698e-01
1620 1.3536167553145493e+01 1.8727894952793250e-01
1621 1.3580318177897812e+01 1.8788979322443322e-01
1622 1.3628370691399100e+01 1.8855462130190531e-01
1623 1.3527424400622095e+01 1.8715798409117090e-01
1624 1.3294140746500444e+01 1.8393040010076825e-01
1625 1.3395429310338582e+01 1.8533177281282451e-01
1626 1.3407356135085083e+01 1.8549678578277767e-01
1627 1.3211925184002576e+01 1.8279291091714250e-01
1628 1.3102766678478943e+01 1.8128265403193169e-01
1629 1.3200927086860991e+01 1.8264074731016916e-01
1630 1.3157856303280399e+01 1.8204484370062468e-01
1631 1.2913259072032803e+01 1.7866073129616158e-01
1632 1.2946786367587636e+01 1.7912459646829168e-01
1633 1.2987479865653723e+01 1.7968760926644980e-01
1634 1.2874348140144280e+01 1.7812238110061140e-01
1635 1.2668726019378502e+01 1.7527750683132298e-01
1636 1.2795216636971054e+01 1.7702756126104727e-01
1637 1.2745646067962182e+01 1.7634173020472838e-01
1638 1.2577177843532953e+01 1.7401089675603851e-01
1639 1.2493370224465489e+01 1.7285138075568104e-01
1640 1.2611752574677240e+01 1.7448925366935908e-01
1641 1.2476098571310962e+01 1.7261241968736604e-01
1642 1.2307096530539857e+01 1.7027420065015159e-01
1643 1.2364281025436565e+01 1.7106537378623266e-01
1644 1.2371979156649351e+01 1.7117188088443444e-01
1645 1.2199777458498014e+01 1.6878939315220964e-01
1646 1.2098972968619613e+01 1.6739471782050994e-01
1647 1.2225095286135673e+01 1.6913967665348090e-01
1648 1.2083176331081340e+01 1.6717616425484033e-01
1649 1.1952628966400551e+01 1.6536998290956165e-01
1650 1.1950293147421187e+01 1.6533766580628811e-01
1651 1.2018436373067653e+01 1.6628045789765442e-01
1652 1.1790839142419978e+01 1.6313154812656799e-01
1653 1.1760525226759464e+01 1.6271214150658564e-01
1654 1.1811343570064443e+01 1.6341523607996028e-01
1655 1.1733342797520468e+01 1.6233606040582285e-01
1656 1.1554368180888183e+01 1.5985986630853052e-01
1657 1.1609879047269366e+01 1.6062788404342018e-01
1658 1.1618404312951975e+01 1.6074583491800981e-01
1659 1.1426347359386083e+01 1.5808864082136931e-01
1660 1.1399243792720840e+01 1.5771365081968691e-01
1661 1.1445010841265379e+01 1.5834685846437385e-01
1662 1.1355251097244100e+01 1.5710499214555049e-01
1663 1.1181681756028080e+01 1.5470358245809152e-01
1664 1.1282562595737714e+01 1.5609931412395181e-01
1665 1.1215272060720869e+01 1.5516831938990697e-01
1666 1.1079271638436762e+01 1.5328669254680510e-01
1667 1.1033593436100135e+01 1.5265471412925516e-01
1668 1.1116075610071128e+01 1.5379589200219587e-01
1669 1.0939589863110614e+01 1.5135413253315494e-01
1670 1.0867032971799553e+01 1.5035027539764023e-01
1671 1.0922548292211410e+01 1.5111835475604202e-01
1672 1.0853888736264269e+01 1.5016841900337422e-01
1673 1.0701617802448924e+01 1.4806168233536154e-01
1674 1.0726182901392820e+01 1.4840155149753023e-01
1675 1.0747222489521825e+01 1.4869264363626375e-01
1676 1.0559362635383472e+01 1.4609351829274464e-01
1677 1.0554970745033533e+01 1.4603275451984149e-01
1678 1.0575207595168935e+01 1.4631274041837830e-01
1679 1.0485211137846841e+01 1.4506759906486422e-01
1680 1.0343899004117057e+01 1.4311248231142873e-01
1681 1.0443452923242887e+01 1.4448985543584322e-01
1682 1.0343097821893656e+01 1.4310139759601057e-01
1683 1.0229813548527076e+01 1.4153405886214582e-01
1684 1.0228639907340147e+01 1.4151782100990679e-01
1685 1.0253768195382571e+01 1.4186548214586300e-01
1686 1.0081016941716461e+01 1.3947539106659704e-01
1687 1.0064955416731387e+01 1.3925317266428994e-01
1688 1.0105548199897143e+01 1.3981479202662794e-01
1689 9.9739052312986907e+00 1.3799345250973286e-01
1690 9.9003559529926246e+00 1.3697586525502303e-01
1691 9.9400285324281388e+00 1.3752475318601057e-01
1692 9.8823926160077562e+00 1.3672733443067159e-01
1693 9.7290184777035300e+00 1.3460533443373063e-01
1694 9.7998284507882527e+00 1.3558502217203189e-01
1695 9.7394007542989378e+00 1.3474897788723120e-01
1696 9.6283905548686128e+00 1.3321310198627381e-01
1697 9.5985485638095760e+00 1.3280022465482710e-01
1698 9.6467962560401883e+00 1.3346775311756368e-01
1699 9.4793852717553388e+00 1.3115154706047935e-01
1700 9.4623932824761887e+00 1.3091645526731893e-01
1701 9.4860598525326409e+00 1.3124389287930915e-01
1702 9.3864852043812501e+00 1.2986623295952834e-01
1703 9.2961959566975647e+00 1.2861704072003521e-01
1704 9.3460982355550222e+00 1.2930746113089242e-01
1705 9.2750466368720463e+00 1.2832443039406205e-01
1706 9.1495411305052681e+00 1.2658800542000212e-01
1707 9.2047746612044890e+00 1.2735218609133736e-01
1708 9.1448631126789781e+00 1.2652328294512577e-01
1709 9.0406918893829840e+00 1.2508202734649956e-01
1710 9.0254276693428341e+00 1.2487084001572378e-01
1711 9.0538176827080843e+00 1.2526362858451573e-01
1712 8.8894029775304979e+00 1.2298887739281318e-01
1713 8.9050928851146391e+00 1.2320595430169538e-01
1714 8.8973479379628362e+00 1.2309879948397875e-01
1715 8.8028611960718699e+00 1.2179153302940941e-01
1716 8.7328211421376825e+00 1.2082249746789066e-01
1717 8.7888978742902477e+00 1.2159834420953734e-01
1718 8.6718090856179462e+00 1.1997836829996381e-01
1719 8.6068508095860992e+00 1.1907964141507364e-01
1720 8.6450851871476964e+00 1.1960863117805322e-01
1721 8.5632285705002484e+00 1.1847610817126741e-01
1722 8.4766398306164099e+00 1.1727811411698842e-01
1723 8.4996289194152279e+00 1.1759617847190595e-01
1724 8.4635164294569716e+00 1.1709654597565715e-01
1725 8.3326176034218609e+00 1.1528550200489908e-01
1726 8.3832282023503986e+00 1.1598572234164524e-01
1727 8.3253306671535441e+00 1.1518468397318890e-01
1728 8.2366040127940128e+00 1.1395711091321155e-01
1729 8.2201282784812211e+00 1.1372916173906854e-01
1730 8.2358434692830631e+00 1.1394658845260799e-01
1731 8.0932725102158560e+00 1.1197405528600340e-01
1732 8.1098755776739466e+00 1.1220376617132487e-01
1733 8.0965264235764689e+00 1.1201907463683797e-01
1734 7.9959016610913025e+00 1.1062688591423750e-01
1735 7.9656133022734048e+00 1.1020783288463586e-01
1736 7.9858951209146767e+00 1.1048844094262128e-01
1737 7.8789765610844666e+00 1.0900917471077058e-01
1738 7.8367296007862421e+00 1.0842466906585034e-01
1739 7.8714034555852708e+00 1.0890439739939459e-01
1740 7.7572185014650943e+00 1.0732459734331797e-01
1741 7.7266749937485866e+00 1.0690201421426113e-01
1742 7.7327211362983164e+00 1.0698566530833660e-01
1743 7.6674840118137517e+00 1.0608308043003011e-01
1744 7.5817260763311500e+00 1.0489658092728615e-01
1745 7.6375921036887551e+00 1.0566951247358633e-01
1746 7.5319110569591770e+00 1.0420736779054947e-01
1747 7.4876776104424199e+00 1.0359537821778940e-01
1748 7.4945094925713676e+00 1.0368990037137420e-01
1749 7.4438386258071132e+00 1.0298884620208873e-01
1750 7.3521065894724558e+00 1.0171969233446977e-01
1751 7.3925181320632420e+00 1.0227880415216052e-01
1752 7.3217714570650996e+00 1.0129999217127844e-01
1753 7.2458377621818713e+00 1.0024941544373188e-01
1754 7.2722378271002048e+00 1.0061467218320137e-01
1755 7.2119783337776040e+00 9.9780955064657006e-02
1756 7.1381757314086896e+00 9.8759862957913239e-02
1757 7.1485013864474176e+00 9.8902723026780479e-02
1758 7.1153093305451618e+00 9.8443496045610132e-02
1759 7.0118668388807883e+00 9.7012322775968246e-02
1760 7.0537084827486645e+00 9.7591220686276445e-02
1761 6.9865706592094678e+00 9.6662338784021140e-02
1762 6.9238768064441505e+00 9.5794941210694026e-02
1763 6.9204137344659333e+00 9.5747028056570177e-02
1764 6.9001946300873493e+00 9.5467287678538515e-02
1765 6.7954180453949702e+00 9.4017656633468200e-02
1766 6.8298349504073874e+00 9.4493829951463978e-02
1767 6.7758984789954901e+00 9.3747594677143942e-02
1768 6.7026183488652791e+00 9.2733731208169148e-02
1769 6.7113949443747334e+00 9.2855159343643162e-02
1770 6.6763572968908962e+00 9.2370397775131230e-02
1771 6.5938548346615899e+00 9.1228939205036774e-02
1772 6.6048068401716060e+00 9.1380465113613710e-02
1773 6.5743712108156362e+00 9.0959374530062018e-02
1774 6.4819563032444636e+00 8.9680772832594971e-02
1775 6.5116134739969977e+00 9.0091093092203048e-02
1776 6.4550825961442602e+00 8.9308963041094716e-02
1777 6.3954126968547804e+00 8.8483403220451506e-02
1778 6.3904092396673642e+00 8.8414178146043382e-02
1779 6.3701151901402060e+00 8.8133400868265765e-02
1780 6.2735902162049477e+00 8.6797934559147458e-02
1781 6.3095236319952441e+00 8.7295089483961696e-02
1782 6.2464832597507822e+00 8.6422897658214898e-02
1783 6.1917143750772805e+00 8.5665145573054990e-02
1784 6.1929096174133962e+00 8.5681682286881861e-02
1785 6.1579633379648131e+00 8.5198184836119337e-02
1786 6.0810790651338751e+00 8.4134456436299770e-02
1787 6.1032117118313529e+00 8.4440671530601946e-02
1788 6.0498791772979947e+00 8.3702791993882669e-02
1789 5.9860118149139039e+00 8.2819158388620973e-02
1790 6.0069387544359429e+00 8.3108691983350400e-02
1791 5.9441913436348779e+00 8.2240553410576137e-02
1792 5.8975864919208592e+00 8.1595754383256308e-02
1793 5.9004470725986087e+00 8.1635331800000405e-02
1794 5.8560069569328341e+00 8.1020482866865556e-02
1795 5.7890027590106463e+00 8.0093449734957176e-02
1796 5.8211146987574027e+00 8.0537732824647462e-02
1797 5.7392995507739766e+00 7.9405783555428502e-02
1798 5.7140544259264123e+00 7.9056505929867890e-02
1799 5.7088565854565196e+00 7.8984591475559210e-02
1800 5.6574242001741588e+00 7.8273001356008856e-02
1801 5.6078687700453189e+00 7.7587379752885502e-02
1802 5.6286166028031319e+00 7.7874435325196403e-02
1803 5.5479981363399986e+00 7.6759042681562931e-02
1804 5.5285112246299963e+00 7.6489432517514347e-02
1805 5.5275156720131724e+00 7.6475658600521468e-02
1806 5.4563879691457373e+00 7.5491574928163802e-02
1807 5.4399375543808945e+00 7.5263976061323346e-02
1808 5.4321437211233068e+00 7.5156144882406101e-02
1809 5.3665093389339988e+00 7.4248063765570929e-02
1810 5.3469845693036415e+00 7.3977929820213659e-02
1811 5.3478319872402684e+00 7.3989654227462578e-02
1812 5.2628105624696531e+00 7.2813344680768999e-02
1813 5.2757375004373230e+00 7.2992194665721738e-02
1814 5.2394026881104256e+00 7.2489486239783657e-02
1815 5.1883928062328470e+00 7.1783741644345575e-02
1816 5.1758474930376108e+00 7.1610171609291090e-02
1817 5.1619419863362772e+00 7.1417782686986855e-02
1818 5.0853787761400486e+00 7.0358496332725964e-02
1819 5.1072145861308851e+00 7.0660604558050427e-02
1820 5.0553274720052412e+00 6.9942723060991946e-02
1821 5.0121212204800862e+00 6.9344945191672475e-02
1822 5.0141650609730624e+00 6.9373222641624571e-02
1823 4.9704989343663790e+00 6.8769082194282585e-02
1824 4.9247278086262538e+00 6.8135818139765936e-02
1825 4.9331169403934370e+00 6.8251885540575000e-02
1826 4.8790914215172165e+00 6.7504418254645246e-02
1827 4.8424964885150796e+00 6.6998110942492278e-02
1828 4.8534394467816231e+00 6.7149511678397764e-02
1829 4.7828288518372064e+00 6.6172582426095500e-02
1830 4.7736743996377244e+00 6.6045926473833422e-02
1831 4.7574920723492999e+00 6.5822036717475538e-02
1832 4.7076429732937264e+00 6.5132352073030336e-02
1833 4.6845762554732957e+00 6.4813213685779539e-02
1834 4.6847764885161460e+00 6.4815983999738688e-02
1835 4.6098349600047035e+00 6.3779134338966037e-02
1836 4.6227961824986155e+00 6.3958458665717116e-02
1837 4.5848177361417681e+00 6.3433009825749079e-02
1838 4.5410261915599017e+00 6.2827134164466225e-02
1839 4.5366362688089223e+00 6.2766397614177211e-02
1840 4.5072611038833177e+00 6.2359979031673875e-02
1841 4.4560734628015286e+00 6.1651775057914505e-02
1842 4.4661705702813999e+00 6.1791473068793623e-02
1843 4.4174837429716565e+00 6.1117868975270287e-02
1844 4.3832067612007259e+00 6.0643631558080793e-02
1845 4.3895034479109736e+00 6.0730749042994581e-02
1846 4.3302262101782452e+00 5.9910621871111042e-02
1847 4.3166088013629755e+00 5.9722218912282160e-02
1848 4.3035324129190737e+00 5.9541301212957136e-02
1849 4.2569060903153133e+00 5.8896205126247304e-02
1850 4.2369152008697659e+00 5.8619622204176346e-02
1851 4.2337155910203652e+00 5.8575354166776367e-02
1852 4.1670280528444943e+00 5.7652702164490921e-02
1853 4.1799527257960998e+00 5.7831520811930479e-02
1854 4.1394281787112126e+00 5.7270845526377498e-02
1855 4.1051109725520361e+00 5.6796051586734612e-02
1856 4.0981282684566667e+00 5.6699442743595604e-02
1857 4.0687852882054392e+00 5.6293469450498200e-02
1858 4.0248711753016506e+00 5.5685898001505502e-02
1859 4.0351937145504841e+00 5.5828714962022005e-02
1860 3.9812090424835826e+00 5.5081812810020357e-02
1861 3.9633526327406856e+00 5.4834761372022089e-02
1862 3.9574056403152227e+00 5.4752482064388042e-02
1863 3.9057185001015187e+00 5.4037367296096331e-02
1864 3.8982607177674402e+00 5.3934185532436084e-02
1865 3.8795841545175476e+00 5.3675786902801871e-02
1866 3.8356037886118535e+00 5.3067298813811094e-02
1867 3.8285122160078870e+00 5.2969183726024424e-02
1868 3.8087006097121834e+00 5.2695081266746123e-02
1869 3.7586835885248209e+00 5.2003073344288858e-02
1870 3.7716699630501749e+00 5.2182745660676481e-02
1871 3.7217848119639481e+00 5.1492562220216642e-02
1872 3.7039343556438231e+00 5.1245593150492742e-02
1873 3.6930053083675549e+00 5.1094384879377258e-02
1874 3.6569689000412451e+00 5.0595805006631620e-02
1875 3.6318663924552941e+00 5.0248500554854095e-02
1876 3.6317974573270817e+00 5.0247546806435534e-02
1877 3.5764503080434027e+00 4.9481794171022539e-02
1878 3.5790898253214669e+00 4.9518313076477562e-02
1879 3.5520008424504286e+00 4.9143524848129332e-02
1880 3.5147624554502248e+00 4.8628315061302177e-02
1881 3.5138527527133201e+00 4.8615728915904571e-02
1882 3.4807855948704272e+00 4.8158229955406535e-02
1883 3.4516023229280033e+00 4.7754466298396019e-02
1884 3.4493604929046233e+00 4.7723449574485766e-02
1885 3.4108919915943088e+00 4.7191220604430248e-02
1886 3.3890236775000919e+00 4.6888662670256320e-02
1887 3.3876595702006993e+00 4.6869789633920841e-02
1888 3.3360290378680051e+00 4.6155458061053457e-02
1889 3.3391569969395332e+00 4.6198734777803757e-02
1890 3.3101654249328893e+00 4.5797623375388681e-02
1891 3.2809771970813313e+00 4.5393791151152399e-02
1892 3.2719692464401278e+00 4.5269162113660021e-02
1893 3.2494321535431636e+00 4.4957351324780119e-02
1894 3.2127270009632913e+00 4.4449519075331963e-02
1895 3.2204843243491847e+00 4.4556845123798393e-02
1896 3.1723406851948281e+00 4.3890756282043135e-02
1897 3.1652318156357144e+00 4.3792401883123735e-02
1898 3.1494590349758678e+00 4.3574178388067770e-02
1899 3.1137709317855795e+00 4.3080417473105655e-02
1900 3.1061630543120589e+00 4.2975159075868463e-02
1901 3.0868079620934141e+00 4.2707372693608317e-02
1902 3.0518309780455257e+00 4.2223450430942347e-02
1903 3.0517294103960846e+00 4.2222045196955799e-02
1904 3.0203214144267019e+00 4.1787501485168133e-02
1905 2.9955237549141192e+00 4.1444414743220366e-02
1906 2.9958570908405378e+00 4.1449026595274829e-02
1907 2.9521766146403183e+00 4.0844687614870000e-02
1908 2.9486612157421908e+00 4.0796050494338786e-02
1909 2.9279615206916620e+00 4.0509660928799554e-02
1910 2.8990938077690971e+00 4.0110263172367711e-02
1911 2.8897312520054972e+00 3.9980728013954560e-02
1912 2.8717343672512139e+00 3.9731733041165951e-02
1913 2.8369238604799185e+00 3.9250114066292356e-02
1914 2.8434083570895479e+00 3.9339829985403196e-02
1915 2.8012529012661447e+00 3.8756590345934969e-02
1916 2.7938983178719901e+00 3.8654836385896792e-02
1917 2.7787571022370070e+00 3.8445350876238148e-02
1918 2.7483731185559908e+00 3.8024974833764269e-02
1919 2.7396030408724084e+00 3.7903636875334670e-02
1920 2.7227299013216193e+00 3.7670189421474237e-02
1921 2.6911244154768821e+00 3.7232913348680147e-02
1922 2.6914961110049256e+00 3.7238055923028673e-02
1923 2.6606578899292357e+00 3.6811395302458617e-02
1924 2.6423195426696071e+00 3.6557676042751050e-02
1925 2.6383114733028781e+00 3.6502222605307326e-02
1926 2.6010288274473399e+00 3.5986400477365017e-02
1927 2.5986062040670825e+00 3.5952882396270418e-02
1928 2.5771105810625436e+00 3.5655480810486778e-02
1929 2.5530733923895443e+00 3.5322915523701606e-02
1930 2.5455733329021735e+00 3.5219148836662821e-02
1931 2.5248244003600080e+00 3.4932078048342106e-02
1932 2.4990982767904262e+00 3.4576145589718138e-02
1933 2.5014022312269719e+00 3.4608021832749442e-02
1934 2.4620935351435045e+00 3.4064168391151506e-02
1935 2.4612654798972025e+00 3.4052711875408058e-02
1936 2.4402341174897457e+00 3.3761733543221671e-02
1937 2.4174547604480510e+00 3.3446570921235735e-02
1938 2.4101416205695227e+00 3.3345390350825066e-02
1939 2.3898550713573909e+00 3.3064716843269976e-02
1940 2.3669454718297738e+00 3.2747752258073130e-02
1941 2.3657671813022829e+00 3.2731450080122036e-02
1942 2.3329947070246027e+00 3.2278028198924294e-02
1943 2.3264654982102582e+00 3.2187693666406274e-02
1944 2.3124296109061406e+00 3.1993500869982386e-02
1945 2.2845119831581138e+00 3.1607247968085693e-02
1946 2.2838755686539152e+00 3.1598442887966621e-02
1947 2.2576917962105600e+00 3.1236178651902959e-02
1948 2.2430228267323793e+00 3.1033226879642085e-02
1949 2.2345639747375619e+00 3.0916194868211823e-02
1950 2.2101161638086064e+00 3.0577948438337488e-02
1951 2.1979574388475349e+00 3.0409727024900610e-02
1952 2.1895251122869150e+00 3.0293062004750029e-02
1953 2.1585071286109554e+00 2.9863914287975617e-02
1954 2.1621112591589653e+00 2.9913779050682102e-02
1955 2.1328488979335742e+00 2.9508921157967508e-02
1956 2.1227924581814732e+00 2.9369785803342943e-02
1957 2.1118376392298912e+00 2.9218220969540024e-02
1958 2.0896176447943113e+00 2.8910797380102785e-02
1959 2.0789700604579138e+00 2.8763483275006083e-02
1960 2.0684048445694283e+00 2.8617308774331291e-02
1961 2.0419482355731375e+00 2.8251269722181321e-02
1962 2.0425553234676834e+00 2.8259669055501868e-02
1963 2.0168483388885274e+00 2.7904001393394929e-02
1964 2.0052436839148999e+00 2.7743445786753515e-02
1965 1.9976791470157282e+00 2.7638787025802160e-02
1966 1.9718877639636452e+00 2.7281951672966695e-02
1967 1.9683737982058118e+00 2.7233334380574268e-02
1968 1.9504142439923045e+00 2.6984855892561315e-02
1969 1.9329978514060056e+00 2.6743892289287197e-02
1970 1.9272459663452188e+00 2.6664312379555712e-02
1971 1.9071159715417958e+00 2.6385804872465071e-02
1972 1.8932787313323018e+00 2.6194360447695263e-02
1973 1.8886188486232236e+00 2.6129888880299750e-02
1974 1.8605299748221329e+00 2.5741266712449255e-02
1975 1.8623253349693045e+00 2.5766106325365280e-02
1976 1.8391234409229216e+00 2.5445097714397309e-02
1977 1.8281879240208008e+00 2.5293799933106310e-02
1978 1.8192234675626355e+00 2.5169772657144884e-02
1979 1.8006366523671518e+00 2.4912615732098464e-02
1980 1.7896038918367010e+00 2.4759972541592453e-02
1981 1.7818543997140890e+00 2.4652754842166110e-02
1982 1.7579729912915387e+00 2.4322344845018620e-02
1983 1.7585547851353738e+00 2.4330394223802346e-02
1984 1.7361020935876923e+00 2.4019751165446634e-02
1985 1.7264417489194503e+00 2.3886095963969338e-02
1986 1.7187311741379825e+00 2.3779416703413471e-02
1987 1.6975476314616524e+00 2.3486332888949212e-02
1988 1.6935315900138375e+00 2.3430769154187917e-02
1989 1.6781412026838725e+00 2.3217836242367240e-02
1990 1.6631641062688960e+00 2.3010621395730419e-02
1991 1.6581961954662627e+00 2.2941888121499530e-02
1992 1.6397602599367973e+00 2.2686818684307119e-02
1993 1.6297040572093955e+00 2.2547686609025581e-02
1994 1.6232084233185118e+00 2.2457816600633135e-02
1995 1.6007055132495762e+00 2.2146478746511163e-02
1996 1.6018815521196894e+00 2.2162749771772492e-02
1997 1.5804857827450183e+00 2.1866729705745814e-02
1998 1.5732465077398636e+00 2.1766571088989172e-02
1999 1.5636474121135229e+00 2.1633763295478850e-02
2000 1.5478208531574693e+00 2.1414795753573471e-02
