# step 24
# iter abs_residual rel_residual
0 7.2278104865846572e+01 1.0000000000000000e+00
1 1.1546600861374973e+03 1.5975240195915907e+01
2 1.1527745212176269e+03 1.5949152559509693e+01
3 1.1585072720811895e+03 1.6028467739040245e+01
4 1.2484330970662581e+03 1.7272631862490595e+01
5 1.4402468346343730e+03 1.9926460956711249e+01
6 1.2677694538271269e+03 1.7540159031288926e+01
7 1.4124522130195776e+03 1.9541909899840231e+01
8 1.3004236603879797e+03 1.7991944625577286e+01
9 1.3783981910462771e+03 1.9070757231455978e+01
10 1.3232324643114428e+03 1.8307514658380413e+01
11 1.3547601259471235e+03 1.8743713998335416e+01
12 1.3364428175034438e+03 1.8490285820083123e+01
13 1.3388396176553213e+03 1.8523446625230491e+01
14 1.3429152194676033e+03 1.8579834404349032e+01
15 1.3277325809240115e+03 1.8369775790170202e+01
16 1.3450051727494197e+03 1.8608749845417879e+01
17 1.3195692023761378e+03 1.8256831786408267e+01
18 1.3443069584353618e+03 1.8599089737210093e+01
19 1.3132163294697398e+03 1.8168936940269326e+01
20 1.3418458874598334e+03 1.8565039716389869e+01
21 1.3079856800742371e+03 1.8096568559758918e+01
22 1.3382737217512336e+03 1.8515617201573935e+01
23 1.3034526903345659e+03 1.8033852613510952e+01
24 1.3340055733957838e+03 1.8456565454667015e+01
25 1.2993510853111713e+03 1.7977105068303349e+01
26 1.3293075319972800e+03 1.8391565944687837e+01
27 1.2955114809386266e+03 1.7923982419616429e+01
28 1.3243513570126624e+03 1.8322995040763107e+01
29 1.2918249965163127e+03 1.7872978254120444e+01
30 1.3192485335202327e+03 1.8252395188955965e+01
31 1.2882212246140214e+03 1.7823118453438337e+01
32 1.3140716232937866e+03 1.8180770313953296e+01
33 1.2846546044813840e+03 1.7773772664153224e+01
34 1.3088677968927975e+03 1.8108773041603008e+01
35 1.2810958289431228e+03 1.7724535408349873e+01
36 1.3036675101298224e+03 1.8036824741732289e+01
37 1.2775263299658443e+03 1.7675149788957889e+01
38 1.2984901357303067e+03 1.7965193444687007e+01
39 1.2739346838620847e+03 1.7625457754137305e+01
40 1.2933476589212858e+03 1.7894044971458968e+01
41 1.2703142383687609e+03 1.7575367266844594e+01
42 1.2882471280015520e+03 1.7823476838423371e+01
43 1.2666615286057738e+03 1.7524830388909475e+01
44 1.2831922934637053e+03 1.7753540935327560e+01
45 1.2629752087398874e+03 1.7473828500125471e+01
46 1.2781847130489430e+03 1.7684258814219699e+01
47 1.2592553284049520e+03 1.7422362287199167e+01
48 1.2732245007417303e+03 1.7615632052125989e+01
49 1.2555028382783260e+03 1.7370444903178225e+01
50 1.2683108376859648e+03 1.7547649319804968e+01
51 1.2517192522232833e+03 1.7318097293040061e+01
52 1.2634423194692033e+03 1.7480291186580558e+01
53 1.2479064168627567e+03 1.7265345005641223e+01
54 1.2586171941787686e+03 1.7413533413955083e+01
55 1.2440663539091477e+03 1.7212216012279590e+01
56 1.2538335239662008e+03 1.7347349190925900e+01
57 1.2402011533676548e+03 1.7158739229114524e+01
58 1.2490892942249161e+03 1.7281710644507307e+01
59 1.2363129023457475e+03 1.7104943532213998e+01
60 1.2443824862358122e+03 1.7216589844815061e+01
61 1.2324036388438133e+03 1.7050857118227494e+01
62 1.2397111252414345e+03 1.7151959470194033e+01
63 1.2284753213144766e+03 1.6996507083225499e+01
64 1.2350733099348715e+03 1.7087793215210297e+01
65 1.2245298121545027e+03 1.6941919194302606e+01
66 1.2304672309105388e+03 1.7024066045926020e+01
67 1.2205688672036067e+03 1.6887117744288833e+01
68 1.2258911806677829e+03 1.6960754338303783e+01
69 1.2165941326642951e+03 1.6832125509134233e+01
70 1.2213435565444399e+03 1.6897835918793700e+01
71 1.2126071450135310e+03 1.6776963746686747e+01
72 1.2168228618978976e+03 1.6835290080673939e+01
73 1.2086093333597387e+03 1.6721652229302439e+01
74 1.2123277032839071e+03 1.6773097545018310e+01
75 1.2046020237668545e+03 1.6666209303670641e+01
76 1.2078567863336227e+03 1.6711240403653264e+01
77 1.2005864443565947e+03 1.6610651961406163e+01
78 1.2034089109102372e+03 1.6649702052147767e+01
79 1.1965637310968168e+03 1.6554995919133827e+01
80 1.1989829658860535e+03 1.6588467117551758e+01
81 1.1925349333545742e+03 1.6499255695317494e+01
82 1.1945779226432351e+03 1.6527521368476094e+01
83 1.1885010204050418e+03 1.6443444700313965e+01
84 1.1901928302488238e+03 1.6466851648336775e+01
85 1.1844628864412211e+03 1.6387575305684489e+01
86 1.1858268092571188e+03 1.6406445789608068e+01
87 1.1804213570168909e+03 1.6331658933335881e+01
88 1.1814790463301943e+03 1.6346292539394959e+01
89 1.1763771933523583e+03 1.6275706115092532e+01
90 1.1771487897182205e+03 1.6286381496901370e+01
91 1.1723310979355083e+03 1.6219726570189412e+01
92 1.1728353439171237e+03 1.6226703039516483e+01
93 1.1682837191230437e+03 1.6163729268932318e+01
94 1.1685380650383238e+03 1.6167248258752988e+01
95 1.1642356550319319e+03 1.6107722486537771e+01
96 1.1642563576320119e+03 1.6108008916295695e+01
97 1.1601874578350112e+03 1.6051713862564654e+01
98 1.1599896696503647e+03 1.6048977374315363e+01
99 1.1561396376451810e+03 1.5995710454653734e+01
100 1.1557374897054851e+03 1.5990146557531055e+01
101 1.1520926651051000e+03 1.5939718774357296e+01
102 1.1514993435988458e+03 1.5931509905193455e+01
103 1.1480469756785251e+03 1.5883744846511732e+01
104 1.1472747910266412e+03 1.5873061325501917e+01
105 1.1440029715529072e+03 1.5827794235560825e+01
106 1.1430634233290070e+03 1.5814795164463927e+01
107 1.1399610245723568e+03 1.5771872086134625e+01
108 1.1388648605586989e+03 1.5756706165338937e+01
109 1.1359214789444864e+03 1.5715983160499841e+01
110 1.1346787494226598e+03 1.5698789440159040e+01
111 1.1318846530403212e+03 1.5660131863462407e+01
112 1.1305047609337178e+03 1.5641040437239146e+01
113 1.1278508414169714e+03 1.5604322270352062e+01
114 1.1263425889435839e+03 1.5583454920880365e+01
115 1.1238203171284142e+03 1.5548558158993053e+01
116 1.1221919476107380e+03 1.5526028936337056e+01
117 1.1197933329737587e+03 1.5492843026974443e+01
118 1.1180525705923772e+03 1.5468758798637072e+01
119 1.1157701230422947e+03 1.5437180113026557e+01
120 1.1139242088676913e+03 1.5411641062465815e+01
121 1.1117509047696778e+03 1.5381572425469214e+01
122 1.1098066298867082e+03 1.5354672510390111e+01
123 1.1077358792262846e+03 1.5326022746201261e+01
124 1.1056996160753836e+03 1.5297850132175471e+01
125 1.1037252332627434e+03 1.5270533660384951e+01
126 1.1016029635330844e+03 1.5241171106765179e+01
127 1.0997191401756170e+03 1.5215107565655959e+01
128 1.0975164815434289e+03 1.5184632795512547e+01
129 1.0957177605424376e+03 1.5159746683676468e+01
130 1.0934399909868673e+03 1.5128232720218268e+01
131 1.0917212434670030e+03 1.5104453077364399e+01
132 1.0893733238513396e+03 1.5071968556360130e+01
133 1.0877297275775968e+03 1.5049228664704234e+01
134 1.0853163221768996e+03 1.5015838118491425e+01
135 1.0837433411672234e+03 1.4994075220687233e+01
136 1.0812688376700994e+03 1.4959839354905792e+01
137 1.0797622035142094e+03 1.4938994395582545e+01
138 1.0772307304171266e+03 1.4903970329832877e+01
139 1.0757864254723743e+03 1.4883987723102484e+01
140 1.0732018690391135e+03 1.4848229225587117e+01
141 1.0718161096221445e+03 1.4829056622493260e+01
142 1.0691821292846771e+03 1.4792614323094899e+01
143 1.0678513515703132e+03 1.4774202416517742e+01
144 1.0651713940624118e+03 1.4737124002344105e+01
145 1.0638922397488393e+03 1.4719426328671744e+01
146 1.0611695529637334e+03 1.4681756735782454e+01
147 1.0599388563580744e+03 1.4664729496233999e+01
148 1.0571765012100757e+03 1.4626511073751480e+01
149 1.0559912776355588e+03 1.4610112973985077e+01
150 1.0531921400327221e+03 1.4571385649741694e+01
151 1.0520495743119479e+03 1.4555577740515314e+01
152 1.0492163758016914e+03 1.4516379168340308e+01
153 1.0481138117914275e+03 1.4501124700720959e+01
154 1.0452491196661365e+03 1.4461490400255997e+01
155 1.0441840510119848e+03 1.4446754697706401e+01
156 1.0412902872588950e+03 1.4406718178231230e+01
157 1.0402603481843246e+03 1.4392468509171948e+01
158 1.0373397988396746e+03 1.4352061399023297e+01
159 1.0363427553354568e+03 1.4338266854934623e+01
160 1.0333975781027470e+03 1.4297519006908223e+01
161 1.0324313207363052e+03 1.4284150402844304e+01
162 1.0294635529043096e+03 1.4243090003744134e+01
163 1.0285260887849163e+03 1.4230119767167881e+01
164 1.0255376543608500e+03 1.4188773436496744e+01
165 1.0246271007435089e+03 1.4176175518786657e+01
166 1.0216198166708988e+03 1.4134568394773211e+01
167 1.0207343943746873e+03 1.4122318180163200e+01
168 1.0177099774287479e+03 1.4080474015162570e+01
169 1.0168480047089691e+03 1.4068548235960435e+01
170 1.0138080767373796e+03 1.4026489468962714e+01
171 1.0129679638450056e+03 1.4014866130277598e+01
172 1.0099140573906716e+03 1.3972613964701283e+01
173 1.0090943013405749e+03 1.3961272272059809e+01
174 1.0060278648026027e+03 1.3918846747156193e+01
175 1.0052270441556218e+03 1.3907767034309995e+01
176 1.0021494466797670e+03 1.3865187092824714e+01
177 1.0013662172155646e+03 1.3854350761882499e+01
178 9.9827875258430799e+02 1.3811634303876479e+01
179 9.9751184302701643e+02 1.3801023766166407e+01
180 9.9441573467228511e+02 1.3758187718369113e+01
181 9.9366394213115620e+02 1.3747786331358146e+01
182 9.9056034660982391e+02 1.3704846695252678e+01
183 9.8982253330699177e+02 1.3694638717273710e+01
184 9.8671254400462362e+02 1.3651610620339783e+01
185 9.8598763320220439e+02 1.3641581154241237e+01
186 9.8287228418033760e+02 1.3598478903184031e+01
187 9.8215925727240733e+02 1.3588613856096067e+01
188 9.7903952593266661e+02 1.3545450973705458e+01
189 9.7833741900904613e+02 1.3535737009498405e+01
190 9.7521422962339034e+02 1.3492526283491507e+01
191 9.7452213053170362e+02 1.3482950782128110e+01
192 9.7139635705754654e+02 1.3439704304097747e+01
193 9.7071340264633704e+02 1.3430255323490451e+01
194 9.6758587122224253e+02 1.3386984523434204e+01
195 9.6691124481869281e+02 1.3377650764548275e+01
196 9.6378273646055106e+02 1.3334366448171297e+01
197 9.6311566502267749e+02 1.3325137215624155e+01
198 9.5998691833292719e+02 1.3281849601822472e+01
199 9.5932667049507563e+02 1.3272714776842252e+01
200 9.5619838332437928e+02 1.3229433520692790e+01
201 9.5554426703436559e+02 1.3220383528427114e+01
202 9.5241709909070528e+02 1.3177117757285707e+01
203 9.5176845945141929e+02 1.3168143536939311e+01
204 9.4864303432150064e+02 1.3124901878407732e+01
205 9.4799925168129971e+02 1.3115994856822207e+01
206 9.4487615845597406e+02 1.3072785461236609e+01
207 9.4423664670838787e+02 1.3063937529366049e+01
208 9.4111644193157656e+02 1.3020768096761214e+01
209 9.4048064648312129e+02 1.3011971581556017e+01
210 9.3736385591343708e+02 1.2968849386038174e+01
211 9.3673125252502916e+02 1.2960097034415480e+01
212 9.3361837237639577e+02 1.2917028941326830e+01
213 9.3298846505345114e+02 1.2908313890979096e+01
214 9.2987996415299324e+02 1.2865306386753197e+01
215 9.2925228388296011e+02 1.2856622148681403e+01
216 9.2614860447989327e+02 1.2813681352034514e+01
217 9.2552270815975965e+02 1.2805021795709742e+01
218 9.2242426760247042e+02 1.2762153480843985e+01
219 9.2179973606361875e+02 1.2753512806880400e+01
220 9.1870692806521822e+02 1.2710722420993262e+01
221 9.1808336550757804e+02 1.2702095153319357e+01
222 9.1499656116699964e+02 1.2659387830731035e+01
223 9.1437359359189725e+02 1.2650768794907410e+01
224 9.1129314270463033e+02 1.2608149375195390e+01
225 9.1067041698916876e+02 1.2599533685608378e+01
226 9.0759664896082177e+02 1.2557006726247005e+01
227 9.0697383169890873e+02 1.2548389770073776e+01
228 9.0390705672528429e+02 1.2505959562761111e+01
229 9.0328383340695473e+02 1.2497336988615229e+01
230 9.0022434340334576e+02 1.2455007572130283e+01
231 8.9960041708206381e+02 1.2446375271623236e+01
232 8.9654848648808388e+02 1.2404150442961159e+01
233 8.9592357757049331e+02 1.2395504547793454e+01
234 8.9287946419368859e+02 1.2353387873837283e+01
235 8.9225330891524868e+02 1.2344724734708192e+01
236 8.8921725519004087e+02 1.2302719569646891e+01
237 8.8858960492042161e+02 1.2294035746644280e+01
238 8.8556183822494131e+02 1.2252145236356274e+01
239 8.8493245909426025e+02 1.2243437493785420e+01
240 8.8191319253656309e+02 1.2201664586716243e+01
241 8.8128186447240034e+02 1.2192929879776505e+01
242 8.7827129783246005e+02 1.2151277339971704e+01
243 8.7763781374631799e+02 1.2142512803500836e+01
244 8.7463613381001142e+02 1.2100983215226794e+01
245 8.7400029932621624e+02 1.2092186159950160e+01
246 8.7100768086102858e+02 1.2050781941193426e+01
247 8.7036931317644451e+02 1.2041949837947652e+01
248 8.6738591940289393e+02 1.2000673246937303e+01
249 8.6674484725039952e+02 1.1991803726164944e+01
250 8.6377083001914400e+02 1.1950656863822946e+01
251 8.6312689283090936e+02 1.1941747703996054e+01
252 8.6016239401647226e+02 1.1900732533220072e+01
253 8.5951544118116942e+02 1.1891781650563372e+01
254 8.5656059241347180e+02 1.1850899992512403e+01
255 8.5591048331268496e+02 1.1841905441507039e+01
256 8.5296540675304493e+02 1.1801158986337715e+01
257 8.5231200980638221e+02 1.1792118946509948e+01
258 8.4937681873211329e+02 1.1751509261464706e+01
259 8.4872001123436098e+02 1.1742422035132869e+01
260 8.4579481023399046e+02 1.1701950567240900e+01
261 8.4513447784196580e+02 1.1692814572415768e+01
262 8.4221936322877332e+02 1.1652482654214493e+01
263 8.4155539962055116e+02 1.1643296419884546e+01
264 8.3865046014691495e+02 1.1603105279302927e+01
265 8.3798276641909342e+02 1.1593867437095238e+01
266 8.3508808331818227e+02 1.1553818198030601e+01
267 8.3441656792419690e+02 1.1544527481357388e+01
268 8.3153221536817080e+02 1.1504621170014836e+01
269 8.3085679340969295e+02 1.1495276404269642e+01
270 8.2798283914356966e+02 1.1455513957931881e+01
271 8.2730343237752334e+02 1.1446114060586657e+01
272 8.2443993739995483e+02 1.1406496323197397e+01
273 8.2375647377229996e+02 1.1397040297352179e+01
274 8.2090349337128168e+02 1.1357568033845634e+01
275 8.2021590649477730e+02 1.1348054961003166e+01
276 8.1737349013469475e+02 1.1308728855741299e+01
277 8.1668171944367316e+02 1.1299157897948403e+01
278 8.1384991106390737e+02 1.1259978558852257e+01
279 8.1315390119849894e+02 1.1250348950180305e+01
280 8.1033273951045373e+02 1.1211316912839516e+01
281 8.0963244025442145e+02 1.1201627958524345e+01
282 8.0682195906190805e+02 1.1162743690629803e+01
283 8.0611732501042593e+02 1.1152994762475281e+01
284 8.0331755331962029e+02 1.1114258665340440e+01
285 8.0260854365380681e+02 1.1104449198599033e+01
286 7.9981950615317737e+02 1.1065861613799928e+01
287 7.9910608423081885e+02 1.1055991101510173e+01
288 7.9632780127280489e+02 1.1017552310631931e+01
289 7.9560993485277777e+02 1.1007620306723423e+01
290 7.9284242268557466e+02 1.0969330534567113e+01
291 7.9212008323967393e+02 1.0959336644339341e+01
292 7.8936335448907926e+02 1.0921196065588537e+01
293 7.8863651723980900e+02 1.0911139946233728e+01
294 7.8589058052270275e+02 1.0873148680106830e+01
295 7.8515922454879581e+02 1.0863030042169873e+01
296 7.8242408522128994e+02 1.0825188162771092e+01
297 7.8168819265299737e+02 1.0815006759015992e+01
298 7.7896385265697393e+02 1.0777314293212136e+01
299 7.7822340903310419e+02 1.0767069923561824e+01
300 7.7550986720960941e+02 1.0729526855318250e+01
301 7.7476486104819071e+02 1.0719219360914494e+01
302 7.7206211321002024e+02 1.0681825632299349e+01
303 7.7131253598770195e+02 1.0671454895217773e+01
304 7.6862057518718427e+02 1.0634210410106906e+01
305 7.6786642094201886e+02 1.0623776347861291e+01
306 7.6518523750126838e+02 1.0586680972356815e+01
307 7.6442650311661089e+02 1.0576183541826978e+01
308 7.6175608487700208e+02 1.0539237107708853e+01
309 7.6099276934680734e+02 1.0528676294975710e+01
310 7.5833310178240311e+02 1.0491878601271084e+01
311 7.5756520684452926e+02 1.0481254430378680e+01
312 7.5491627275331314e+02 1.0444605239089940e+01
313 7.5414380217738619e+02 1.0433917762192742e+01
314 7.5150558279939310e+02 1.0397416813767354e+01
315 7.5072854235991065e+02 1.0386666110758126e+01
316 7.4810101621285548e+02 1.0350313107979041e+01
317 7.4731941401698873e+02 1.0339499291024135e+01
318 7.4470255811386073e+02 1.0303293915855749e+01
319 7.4391640374394058e+02 1.0292417117531009e+01
320 7.4131019305215409e+02 1.0256359023636270e+01
321 7.4051949826648627e+02 1.0245419406623132e+01
322 7.3792390604515469e+02 1.0209508224029880e+01
323 7.3712868386947389e+02 1.0198505968545224e+01
324 7.3454368180297558e+02 1.0162741305494135e+01
325 7.3374394726856553e+02 1.0151676619502513e+01
326 7.3116950527662743e+02 1.0116058059819517e+01
327 7.3036527465602262e+02 1.0104931168458744e+01
328 7.2780136136159228e+02 1.0069458278028245e+01
329 7.2699265252843600e+02 1.0058269428588192e+01
330 7.2443923489447025e+02 1.0022941750327879e+01
331 7.2362606703659776e+02 1.0011691208280855e+01
332 7.2108311097135334e+02 9.9765082705161703e+00
333 7.2026550458754798e+02 9.9651963194720334e+00
334 7.1773297436948144e+02 9.9301576279794013e+00
335 7.1691095113172423e+02 9.9187845677797331e+00
336 7.1438881029770198e+02 9.8838896180753437e+00
337 7.1356239292378268e+02 9.8724557630309544e+00
338 7.1105060356939987e+02 9.8377040306903680e+00
339 7.1021981597392301e+02 9.8262097116705363e+00
340 7.0771833938694976e+02 9.7916006610926853e+00
341 7.0688320629433383e+02 9.7800462201708331e+00
342 7.0439200252731405e+02 9.7455792986647474e+00
343 7.0355254992892799e+02 9.7339650954431196e+00
344 7.0107157832371411e+02 9.6996397404850896e+00
345 7.0022783261127086e+02 9.6879661401048729e+00
346 6.9775705161296787e+02 9.6537817767642888e+00
347 6.9690904045643720e+02 9.6420491620519257e+00
348 6.9444840747011642e+02 9.6080052010088437e+00
349 6.9359615906135093e+02 9.5962139620112605e+00
350 6.9114563108596383e+02 9.5623098083268854e+00
351 6.9028917440072337e+02 9.5504603459367168e+00
352 6.8784870736083906e+02 9.5166953898076923e+00
353 6.8698807203400816e+02 9.5047881140368595e+00
354 6.8455762145559800e+02 9.4711617401450532e+00
355 6.8369283784522884e+02 9.4591970710108200e+00
356 6.8127235837661362e+02 9.4257086518954072e+00
357 6.8040345729539933e+02 9.4136870157052090e+00
358 6.7799290332576788e+02 9.3803359203201584e+00
359 6.7711991612029476e+02 9.3682577507680733e+00
360 6.7471924113827447e+02 9.3350433356076863e+00
361 6.7384219985942957e+02 9.3229090761321114e+00
362 6.7145135713610875e+02 9.2898306946809317e+00
363 6.7057029403963327e+02 9.2776407915545178e+00
364 6.6818923610329045e+02 9.2446977870199891e+00
365 6.6730418422689854e+02 9.2324526973343275e+00
366 6.6493286331412924e+02 9.1996444088883216e+00
367 6.6404385568622263e+02 9.1873445896061661e+00
368 6.6168222374593995e+02 9.1546703524403465e+00
369 6.6078929408115710e+02 9.1423162700188421e+00
370 6.5843730240244895e+02 9.1097754101958888e+00
371 6.5754048451977803e+02 9.0973675325359054e+00
372 6.5519808441151076e+02 9.0649593763921477e+00
373 6.5429741253368775e+02 9.0524981769805866e+00
374 6.5196455475735752e+02 9.0202220432792366e+00
375 6.5106006326754687e+02 9.0077079978226013e+00
376 6.4873669848801012e+02 8.9755632039898217e+00
377 6.4782842214731079e+02 8.9629967934235069e+00
378 6.4551450051195172e+02 8.9309826497259941e+00
379 6.4460247421798658e+02 8.9183643568742674e+00
380 6.4229794603203698e+02 8.8864801757626157e+00
381 6.4138220481179985e+02 8.8738104852396447e+00
382 6.3908701979245200e+02 8.8420555710286539e+00
383 6.3816759899539068e+02 8.8293349719099066e+00
384 6.3588170698033878e+02 8.7977086305815781e+00
385 6.3495864190201780e+02 8.7849376111970194e+00
386 6.3268199237013221e+02 8.7534391437688637e+00
387 6.3175531872177623e+02 8.7406181981993036e+00
388 6.2948786104177907e+02 8.7092469041648837e+00
389 6.2855761424986906e+02 8.6963765225515779e+00
390 6.2629929790444987e+02 8.6651317029812418e+00
391 6.2536551373037776e+02 8.6522123800990869e+00
392 6.2311628782974378e+02 8.6210933309097264e+00
393 6.2217900199900066e+02 8.6081255610369176e+00
394 6.1993881576341460e+02 8.5771315796680909e+00
395 6.1899806409459961e+02 8.5641158583710109e+00
396 6.1676686648739371e+02 8.5332462387075303e+00
397 6.1582268482346353e+02 8.5201830618895631e+00
398 6.1360042501100713e+02 8.4894371006253451e+00
399 6.1265284918059103e+02 8.4763269639916459e+00
400 6.1043947597802878e+02 8.4457039529612583e+00
401 6.0948854185829634e+02 8.4325473528885606e+00
402 6.0728400447018623e+02 8.4020465893142831e+00
403 6.0632974771321892e+02 8.3888440190651252e+00
404 6.0413399502047446e+02 8.3584647956914644e+00
405 6.0317645159927974e+02 8.3452167529685397e+00
406 6.0098943263582612e+02 8.3149583646569916e+00
407 6.0002863802597039e+02 8.3016653402806728e+00
408 5.9785030189003703e+02 8.2715270827824110e+00
409 5.9688629199439617e+02 8.2581895734850903e+00
410 5.9471658764003575e+02 8.2281707405565356e+00
411 5.9374939782367869e+02 8.2147892356298051e+00
412 5.9158827463065506e+02 8.1848891269172874e+00
413 5.9061794040949246e+02 8.1714641177396992e+00
414 5.8846534737115110e+02 8.1416820275432737e+00
415 5.8749190419276931e+02 8.1282140045480862e+00
416 5.8534779073268453e+02 8.0985492331202185e+00
417 5.8437127384056851e+02 8.0850386839168529e+00
418 5.8223558916663762e+02 8.0554905285260219e+00
419 5.8125603374192872e+02 8.0419379398613486e+00
420 5.7912872750037127e+02 8.0125057038404144e+00
421 5.7814616845624573e+02 7.9989115587538873e+00
422 5.7602719012669593e+02 7.9695945431309294e+00
423 5.7504166241577821e+02 7.9559593252077851e+00
424 5.7293096180219800e+02 7.9267568354981028e+00
425 5.7194249998230021e+02 7.9130810228611717e+00
426 5.6984002684741654e+02 7.8839923640095595e+00
427 5.6884866568139932e+02 7.8702764376186103e+00
428 5.6675436994522477e+02 7.8413009167459791e+00
429 5.6576014366019638e+02 7.8275453501484087e+00
430 5.6367397543460686e+02 7.7986822770301849e+00
431 5.6267691846884736e+02 7.7848875466950425e+00
432 5.6059882782511295e+02 7.7561362305448549e+00
433 5.5959897411040549e+02 7.7423028059335808e+00
434 5.5752891157997271e+02 7.7136625623318018e+00
435 5.5652629506242647e+02 7.6997909131040423e+00
436 5.5446421094619916e+02 7.6712610544413851e+00
437 5.5345886535625368e+02 7.6573516472729004e+00
438 5.5140471043225500e+02 7.6289314925412377e+00
439 5.5039666927504788e+02 7.6149847909906354e+00
440 5.4835039423463763e+02 7.5866736579828142e+00
441 5.4733969080386373e+02 7.5726901226832952e+00
442 5.4530124683690940e+02 7.5444873360892384e+00
443 5.4428791409982057e+02 7.5304674231575186e+00
444 5.4225725228306260e+02 7.5023723061019867e+00
445 5.4124132322852040e+02 7.4883164719537643e+00
446 5.3921839500080307e+02 7.4603283525713868e+00
447 5.3819990213934898e+02 7.4462370470045833e+00
448 5.3618465897515182e+02 7.4183552539230186e+00
449 5.3516363495321457e+02 7.4042289286156198e+00
450 5.3315602853070288e+02 7.3764527932806114e+00
451 5.3213250538228078e+02 7.3622918914373514e+00
452 5.3013248771667736e+02 7.3346207499579839e+00
453 5.2910649755356008e+02 7.3204257158598756e+00
454 5.2711402066294352e+02 7.2928589043847447e+00
455 5.2608559507523569e+02 7.2786301750950564e+00
456 5.2410061143608107e+02 7.2511670361148788e+00
457 5.2306978198997024e+02 7.2369050483659727e+00
458 5.2109224398997230e+02 7.2095449231431488e+00
459 5.2005904192612843e+02 7.1952501091637071e+00
460 5.1808890236780246e+02 7.1679923446998677e+00
461 5.1705335874371394e+02 7.1536651341841715e+00
462 5.1509057042555435e+02 7.1265090774253137e+00
463 5.1405271604222048e+02 7.1121498965190053e+00
464 5.1209723220909359e+02 7.0850949005868840e+00
465 5.1105709751051501e+02 7.0707041704963656e+00
466 5.0910887144399578e+02 7.0437495890206163e+00
467 5.0806648679503610e+02 7.0293277298573962e+00
468 5.0612547205764082e+02 7.0024729203546023e+00
469 5.0508086742101347e+02 6.9880203466662598e+00
470 5.0314701773851249e+02 6.9612646689116993e+00
471 5.0210022304925360e+02 6.9467817948628872e+00
472 5.0017349229863970e+02 6.9201246107240655e+00
473 4.9912453696350036e+02 6.9056118431703748e+00
474 4.9720487948379832e+02 6.8790525209072211e+00
475 4.9615379280128604e+02 6.8645102652066434e+00
476 4.9424116285686432e+02 6.8380481720461805e+00
477 4.9318797383230009e+02 6.8234768295003434e+00
478 4.9128232618384772e+02 6.7971113395364124e+00
479 4.9022706351119308e+02 6.7825113071391430e+00
480 4.8832835285515154e+02 6.7562417935766925e+00
481 4.8727104513328220e+02 6.7416134670062640e+00
482 4.8537922662506259e+02 6.7154393094002920e+00
483 4.8431990193456403e+02 6.7007830771641990e+00
484 4.8243493077045429e+02 6.6747036556352528e+00
485 4.8137361725465263e+02 6.6600199071090360e+00
486 4.7949544894136574e+02 6.6340346060725333e+00
487 4.7843217406715797e+02 6.6193237212730320e+00
488 4.7656076444611267e+02 6.5934319297751953e+00
489 4.7549555577815789e+02 6.5786942900718310e+00
490 4.7363086062850886e+02 6.5528953962974299e+00
491 4.7256374523988131e+02 6.5381313762583293e+00
492 4.7070572087826264e+02 6.5124247758284026e+00
493 4.6963672571609396e+02 6.4976347482792187e+00
494 4.6778532834148223e+02 6.4720198351869609e+00
495 4.6671448003225356e+02 6.4572041685170030e+00
496 4.6486966644005787e+02 6.4316803450075213e+00
497 4.6379699120422032e+02 6.4168394019884900e+00
498 4.6195871815812973e+02 6.3914060698680295e+00
499 4.6088424215466063e+02 6.3765402124211112e+00
500 4.5905246676172123e+02 6.3511967782464147e+00
501 4.5797621573743163e+02 6.3363063625902871e+00
502 4.5615089517982040e+02 6.3110522339575681e+00
503 4.5507289478209077e+02 6.2961376149352448e+00
504 4.5325398660034142e+02 6.2709722043987437e+00
505 4.5217426198716441e+02 6.2560337300823363e+00
506 4.5036172385004801e+02 6.2309564519705125e+00
507 4.4928030019222791e+02 6.2159944706093899e+00
508 4.4747408998371031e+02 6.1910047422280208e+00
509 4.4639099185380246e+02 6.1760195937945062e+00
510 4.4459106782808374e+02 6.1511168375717258e+00
511 4.4350631979907564e+02 6.1361088620441233e+00
512 4.4171264019140767e+02 6.1112925001459084e+00
513 4.4062626640850090e+02 6.0962620315839127e+00
514 4.3883878989428069e+02 6.0715314922658452e+00
515 4.3775081434653941e+02 6.0564788625689179e+00
516 4.3596949957353252e+02 6.0318335737042865e+00
517 4.3487994591747156e+02 6.0167591101709217e+00
518 4.3310475206457193e+02 5.9921985069814143e+00
519 4.3201364359211163e+02 5.9771025318657767e+00
520 4.3024452981022898e+02 5.9526260491859073e+00
521 4.2915188970291626e+02 5.9375088832150960e+00
522 4.2738881550326408e+02 5.9131159608643431e+00
523 4.2629466656217477e+02 5.8979779195014688e+00
524 4.2453759150006152e+02 5.8736679979093838e+00
525 4.2344195642651221e+02 5.8585093952373448e+00
526 4.2169084042021495e+02 5.8342819198553126e+00
527 4.2059374137977858e+02 5.8191030625447526e+00
528 4.1884854450753437e+02 5.7949574810372768e+00
529 4.1775000370055079e+02 5.7797586762398545e+00
530 4.1601068621657294e+02 5.7556944387061488e+00
531 4.1491072525689157e+02 5.7404759854591667e+00
532 4.1317724778805893e+02 5.7164925471544388e+00
533 4.1207588825628636e+02 5.7012547440352677e+00
534 4.1034821139269110e+02 5.6773515597057678e+00
535 4.0924547452871070e+02 5.6620947005777218e+00
536 4.0752355924122810e+02 5.6382712302380025e+00
537 4.0641946609091332e+02 5.6229956062801794e+00
538 4.0470327336869582e+02 5.5992513101976673e+00
539 4.0359784463662942e+02 5.5839572078672566e+00
540 4.0188733594857621e+02 5.5602915529468904e+00
541 4.0078059203972356e+02 5.5449792545557406e+00
542 3.9907572879845316e+02 5.5213917069237883e+00
543 3.9796768999657934e+02 5.5060614931068868e+00
544 3.9626843397237224e+02 5.4825515238380325e+00
545 3.9515912016075754e+02 5.4672036696894812e+00
546 3.9346543316929223e+02 5.4437707504865092e+00
547 3.9235486417503836e+02 5.4284055303231531e+00
548 3.9066670834780996e+02 5.4050491372583140e+00
549 3.8955490346161378e+02 5.3896668179755967e+00
550 3.8787224110982169e+02 5.3663864296074282e+00
551 3.8675921961492361e+02 5.3509872779976302e+00
552 3.8508201321584301e+02 5.3277823751824052e+00
553 3.8396779388062691e+02 5.3123666509145346e+00
554 3.8229600622975897e+02 5.2892367189113250e+00
555 3.8118060777594604e+02 5.2738046810087926e+00
556 3.7951420163603450e+02 5.2507492046234541e+00
557 3.7839764244553953e+02 5.2353011074082962e+00
558 3.7673658095651973e+02 5.2123195766653021e+00
559 3.7561887921178197e+02 5.1968556716997210e+00
560 3.7396312553044311e+02 5.1739475768567242e+00
561 3.7284429909024288e+02 5.1584681112249564e+00
562 3.7119381681107041e+02 5.1356329485953340e+00
563 3.7007388322523656e+02 5.1201381651071323e+00
564 3.6842863591481245e+02 5.0973754306182046e+00
565 3.6730761260824124e+02 5.0818655703548252e+00
566 3.6566756416447947e+02 5.0591747645180396e+00
567 3.6454546818844551e+02 5.0436500633915129e+00
568 3.6291058250977250e+02 5.0210306867254060e+00
569 3.6178743088598941e+02 5.0054913802387766e+00
570 3.6015767215629256e+02 4.9829429372113649e+00
571 3.5903348138556021e+02 4.9673892536605999e+00
572 3.5740881398403332e+02 4.9449112514420532e+00
573 3.5628360053903555e+02 4.9293434187341223e+00
574 3.5466398896034991e+02 4.9069353660922923e+00
575 3.5353776886652923e+02 4.8913536059463798e+00
576 3.5192317786924991e+02 4.8690150153002074e+00
577 3.5079596711208006e+02 4.8534195488825134e+00
578 3.4918636144308579e+02 4.8311499324892528e+00
579 3.4805817566460928e+02 4.8155409762144510e+00
580 3.4645352041655161e+02 4.7933398511152800e+00
581 3.4532437503474858e+02 4.7777176182980421e+00
582 3.4372463533277852e+02 4.7555845019837815e+00
583 3.4259454549188183e+02 4.7399492021513607e+00
584 3.4099968684160706e+02 4.7178836173766223e+00
585 3.3986866738066965e+02 4.7022354558339714e+00
586 3.3827865522827602e+02 4.6802369245312372e+00
587 3.3714672088798079e+02 4.6645761052223165e+00
588 3.3556152101828468e+02 4.6426441540091750e+00
589 3.3442868614233538e+02 4.6269708753855596e+00
590 3.3284826433945182e+02 4.6051050308698942e+00
591 3.3171454323853033e+02 4.5894194909262866e+00
592 3.3013886555192721e+02 4.5676192833872582e+00
593 3.2900427204088817e+02 4.5519216732583683e+00
594 3.2743330468295414e+02 4.5301866352292190e+00
595 3.2629785255471535e+02 4.5144771457462527e+00
596 3.2473156185197962e+02 4.4928068113394097e+00
597 3.2359526447150694e+02 4.4770856274126629e+00
598 3.2203361696058681e+02 4.4554795336472184e+00
599 3.2089648764775097e+02 4.4397468395630773e+00
600 3.1933944989423856e+02 4.4182045238590000e+00
601 3.1820150162066750e+02 4.4024604990857554e+00
602 3.1664904046804008e+02 4.3809815027076837e+00
603 3.1551028603026214e+02 4.3652263242910454e+00
604 3.1396236836387300e+02 4.3438101890829879e+00
605 3.1282282025279051e+02 4.3280440298401910e+00
606 3.1127941325234013e+02 4.3066903017185831e+00
607 3.1013908376479662e+02 4.2909133317819741e+00
608 3.0860015458911954e+02 4.2696215563745605e+00
609 3.0745905582905709e+02 4.2538339432076073e+00
610 3.0592457186915584e+02 4.2326036693542823e+00
611 3.0478271566469152e+02 4.2168055766042905e+00
612 3.0325264440586506e+02 4.1956363544495812e+00
613 3.0211004241093116e+02 4.1798279433539296e+00
614 3.0058435149675103e+02 4.1587193252321359e+00
615 2.9944101505367985e+02 4.1429007527170807e+00
616 2.9791967231202352e+02 4.1218522935124566e+00
617 2.9677561256681503e+02 4.1060237137879056e+00
618 2.9525858591081516e+02 4.0850349695642487e+00
619 2.9411381378708563e+02 4.0691965337633338e+00
620 2.9260107129470288e+02 4.0482670628649133e+00
621 2.9145559747521889e+02 4.0324189187885002e+00
622 2.8994710732936284e+02 4.0115482810115983e+00
623 2.8880094231098548e+02 3.9956905738884694e+00
624 2.8729667280820718e+02 3.9748783306016495e+00
625 2.8614982682787297e+02 3.9590112020644135e+00
626 2.8464974646037200e+02 3.9382569173431246e+00
627 2.8350222952081322e+02 3.9223805057840684e+00
628 2.8200630683708323e+02 3.9016837444826131e+00
629 2.8085812874009622e+02 3.8857981855139863e+00
630 2.7936633247400329e+02 3.8651585150513776e+00
631 2.7821750279062798e+02 3.8492639410928100e+00
632 2.7672980171826481e+02 3.8286809294722861e+00
633 2.7558032984177015e+02 3.8127774704838666e+00
634 2.7409669290677755e+02 3.7922506880267681e+00
635 2.7294658794426238e+02 3.7763384700092941e+00
636 2.7146698421012957e+02 3.7558674886951180e+00
637 2.7031625510310801e+02 3.7399466353584487e+00
638 2.6884065372419320e+02 3.7195310284239058e+00
639 2.6768930914313302e+02 3.7036016597278509e+00
640 2.6621767944955690e+02 3.6832410028414042e+00
641 2.6506572786715759e+02 3.6673032360095617e+00
642 2.6359803921391398e+02 3.6469971051838055e+00
643 2.6244548892438189e+02 3.6310510549702406e+00
644 2.6098171084325116e+02 3.6107990286636906e+00
645 2.5982856986238949e+02 3.5948448059706357e+00
646 2.5836867193568941e+02 3.5746464633410144e+00
647 2.5721494814053523e+02 3.5586841771508109e+00
648 2.5575890009984184e+02 3.5385390994208965e+00
649 2.5460460106073089e+02 3.5225688544725346e+00
650 2.5315237275096416e+02 3.5024766244332692e+00
651 2.5199750587469717e+02 3.4864985232031596e+00
652 2.5054906722071587e+02 3.4664587247514747e+00
653 2.4939363967486139e+02 3.4504728664061428e+00
654 2.4794896071211321e+02 3.4304850849690172e+00
655 2.4679297949525835e+02 3.4144915663370545e+00
656 2.4535203033356368e+02 3.3945553883704465e+00
657 2.4419550217046395e+02 3.3785543024918625e+00
658 2.4275825307002842e+02 3.3586693165323775e+00
659 2.4160118452540743e+02 3.3426607542330671e+00
660 2.4016760577140670e+02 3.3228265491627829e+00
661 2.3901000314686371e+02 3.3068105976281985e+00
662 2.3758006522257023e+02 3.2870267650699492e+00
663 2.3642193463655684e+02 3.2710035089516136e+00
664 2.3499560798097122e+02 3.2512696399157144e+00
665 2.3383695536139035e+02 3.2352391612288227e+00
666 2.3241421062392615e+02 3.2155548496367450e+00
667 2.3125504164446980e+02 3.1995172268793710e+00
668 2.2983584944915285e+02 3.1798820663013361e+00
669 2.2867616966413863e+02 3.1638373763199557e+00
670 2.2726050079632120e+02 3.1442509625582082e+00
671 2.2610031540719561e+02 3.1281992773171665e+00
672 2.2468814073892659e+02 3.1086612073734381e+00
673 2.2352745487758799e+02 3.0926025978748504e+00
674 2.2211874531360743e+02 3.0731124692031702e+00
675 2.2095756378212025e+02 3.0570470018857518e+00
676 2.1955229038096803e+02 3.0376044140680372e+00
677 2.1839061787071739e+02 3.0215321538392059e+00
678 2.1698875167274605e+02 3.0021367062057447e+00
679 2.1582659261240579e+02 2.9860577143381897e+00
680 2.1442810482483142e+02 2.9667090085279022e+00
681 2.1326546346756737e+02 2.9506233438660798e+00
682 2.1187032529169772e+02 2.9313209814361416e+00
683 2.1070720564742081e+02 2.9152286994589680e+00
684 2.0931538844755696e+02 2.8959722842216404e+00
685 2.0815179435450710e+02 2.8798734380328868e+00
686 2.0676326944777270e+02 2.8606625731477102e+00
687 2.0559920454575521e+02 2.8445572131057162e+00
688 2.0421394342985653e+02 2.8253915042306725e+00
689 2.0304941108805932e+02 2.8092796769496631e+00
690 2.0166738525344081e+02 2.7901587296422639e+00
691 2.0050238874109874e+02 2.7740404803535701e+00
692 1.9912356975976357e+02 2.7549639012997287e+00
693 1.9795811203223167e+02 2.7388392708920128e+00
694 1.9658247157550747e+02 2.7198066681518402e+00
695 1.9541655545260403e+02 2.7036756956385530e+00
696 1.9404406522606803e+02 2.6846866777460194e+00
697 1.9287769333587434e+02 2.6685493994878446e+00
698 1.9150832525593086e+02 2.6496035778938070e+00
699 1.9034150044264229e+02 2.6334600332414633e+00
700 1.8897522750941701e+02 2.6145570343905500e+00
701 1.8780795528146112e+02 2.5984072995556033e+00
702 1.8644475834203206e+02 2.5795468584585488e+00
703 1.8527706406205434e+02 2.5633912843445752e+00
704 1.8391697428858117e+02 2.5445738322821896e+00
705 1.8274900619071181e+02 2.5284144697748685e+00
706 1.8139234607597348e+02 2.5096444685793973e+00
707 1.8022492187736282e+02 2.4934926311622778e+00
708 1.7887350100053362e+02 2.4747951171732554e+00
709 1.7771064023524673e+02 2.4587064169030253e+00
710 1.7637290606479081e+02 2.4401982646356291e+00
711 1.7523193115558507e+02 2.4244123650008298e+00
712 1.7394189866295500e+02 2.4065641868419743e+00
713 1.7288744054526688e+02 2.3919752858235364e+00
714 1.7176261176786937e+02 2.3764127751643915e+00
715 1.7100033067266909e+02 2.3658662743033751e+00
716 1.7038368987010878e+02 2.3573347722156428e+00
717 1.7046154954731898e+02 2.3584119957725513e+00
718 1.7118245450420198e+02 2.3683860392013472e+00
719 1.7329606918112117e+02 2.3976288462843804e+00
720 1.7697318182966123e+02 2.4485033490866472e+00
721 1.8318501404474100e+02 2.5344468339996702e+00
722 1.9222031551614893e+02 2.6594542824956995e+00
723 2.0500909445271679e+02 2.8363927752841418e+00
724 2.2133038988609090e+02 3.0622052182593364e+00
725 2.4098495920392759e+02 3.3341350005124406e+00
726 2.6149492964944119e+02 3.6178996410433677e+00
727 2.7961444570758835e+02 3.8685912729252259e+00
728 2.8993145354082196e+02 4.0113317038258804e+00
729 2.8919292285385990e+02 4.0011138005157028e+00
730 2.7684028456297960e+02 3.8302095091842174e+00
731 2.5804592577543559e+02 3.5701811254513056e+00
732 2.3927389810327878e+02 3.3104617027160379e+00
733 2.2720072195971184e+02 3.1434238955408826e+00
734 2.2485735948835810e+02 3.1110024246721708e+00
735 2.3276040053696346e+02 3.2203445423615316e+00
736 2.4648145366768784e+02 3.4101814667827188e+00
737 2.5856469445683337e+02 3.5773585228437890e+00
738 2.6024233697206233e+02 3.6005694595215392e+00
739 2.5021722409353541e+02 3.4618675262440375e+00
740 2.3497745503543516e+02 3.2510184857720112e+00
741 2.2477896540966202e+02 3.1099178074310077e+00
742 2.2495805692225943e+02 3.1123956188364095e+00
743 2.3489211901390084e+02 3.2498378236379843e+00
744 2.4612620007616547e+02 3.4052663740007243e+00
745 2.4866702612835567e+02 3.4404198420794208e+00
746 2.3914328964191762e+02 3.3086546760707822e+00
747 2.2642790342558447e+02 3.1327316044859113e+00
748 2.2081328693903131e+02 3.0550508670485601e+00
749 2.2648801622245938e+02 3.1335632919933034e+00
750 2.3708693239883857e+02 3.2802040512668280e+00
751 2.4134343708769765e+02 3.3390947028238864e+00
752 2.3346302929073147e+02 3.2300657263227346e+00
753 2.2206205070697538e+02 3.0723280738909624e+00
754 2.1825006920042506e+02 3.0195875999448671e+00
755 2.2526678056032304e+02 3.1166669488420400e+00
756 2.3415178641913147e+02 3.2395949901250765e+00
757 2.3355674929434511e+02 3.2313623846093287e+00
758 2.2322789020897662e+02 3.0884579863197001e+00
759 2.1572056360281243e+02 2.9845907554328592e+00
760 2.1873649434141305e+02 3.0263175099486066e+00
761 2.2783921103543270e+02 3.1522576782874823e+00
762 2.2979596556475573e+02 3.1793302548714273e+00
763 2.2130581276299679e+02 3.0618651827376562e+00
764 2.1321713975225626e+02 2.9499547635899255e+00
765 2.1561186150420997e+02 2.9830868131421169e+00
766 2.2389458152378054e+02 3.0976819596936749e+00
767 2.2537816575408448e+02 3.1182080129577661e+00
768 2.1668758159392550e+02 2.9979698830802692e+00
769 2.1036954827685705e+02 2.9105570582864377e+00
770 2.1427307728215598e+02 2.9645641329398775e+00
771 2.2175006115689320e+02 3.0680115585276821e+00
772 2.1975400321779969e+02 3.0403952016406506e+00
773 2.1091216133136831e+02 2.9180643532759563e+00
774 2.0816624418044245e+02 2.8800733578559394e+00
775 2.1485853400322065e+02 2.9726641892729999e+00
776 2.1880735799710965e+02 3.0272979404099214e+00
777 2.1249541304414990e+02 2.9399693508643714e+00
778 2.0565795191437942e+02 2.8453700093008187e+00
779 2.0880235655313200e+02 2.8888742578500692e+00
780 2.1523449222356726e+02 2.9778657398815058e+00
781 2.1271919328100523e+02 2.9430654508142893e+00
782 2.0467097589527162e+02 2.8317147533842491e+00
783 2.0452582299813645e+02 2.8297064979463875e+00
784 2.1109726592676111e+02 2.9206253583789032e+00
785 2.1144690839225197e+02 2.9254628187154719e+00
786 2.0371755835649071e+02 2.8185237940951184e+00
787 2.0151748077649478e+02 2.7880847339664743e+00
788 2.0744490030913192e+02 2.8700932418491711e+00
789 2.0930222561116213e+02 2.8957901704761393e+00
790 2.0221529242282296e+02 2.7977392710856113e+00
791 1.9914803880782151e+02 2.7553024415548082e+00
792 2.0453374102328530e+02 2.8298160473758247e+00
793 2.0678940181616298e+02 2.8610241261856433e+00
794 2.0008687221298271e+02 2.7682916228138317e+00
795 1.9708162632273090e+02 2.7267126979675069e+00
796 2.0230160909162836e+02 2.7989335009144871e+00
797 2.0409142495634606e+02 2.8236964061959648e+00
798 1.9744099262416657e+02 2.7316846919358420e+00
799 1.9527427121105652e+02 2.7017071293374362e+00
800 2.0058645248955099e+02 2.7752035400188491e+00
801 2.0113790503556032e+02 2.7828331333380549e+00
802 1.9447587329536245e+02 2.6906609360652696e+00
803 1.9386618116186816e+02 2.6822255719307790e+00
804 1.9912921824487532e+02 2.7550420506247866e+00
805 1.9774636983632286e+02 2.7359097226380591e+00
806 1.9151877695241703e+02 2.6497481818026336e+00
807 1.9302883926567353e+02 2.6706405712206913e+00
808 1.9749764928580441e+02 2.7324685622620355e+00
809 1.9382743208801631e+02 2.6816894611137654e+00
810 1.8906495636846878e+02 2.6157984734019677e+00
811 1.9273608972610589e+02 2.6665902500326775e+00
812 1.9509960314161526e+02 2.6992905182521643e+00
813 1.8964585715693755e+02 2.6238354963641353e+00
814 1.8766189945028685e+02 2.5963865516203146e+00
815 1.9249059524193183e+02 2.6631937237315282e+00
816 1.9147549966978735e+02 2.6491494211861233e+00
817 1.8597753774930942e+02 2.5730826519939516e+00
818 1.8752118522391513e+02 2.5944397071833594e+00
819 1.9125910368548969e+02 2.6461554856824279e+00
820 1.8687288076204757e+02 2.5854701241668865e+00
821 1.8385952205800257e+02 2.5437789549028609e+00
822 1.8795278362453382e+02 2.6004110646424374e+00
823 1.8807096737477212e+02 2.6020461898364040e+00
824 1.8260339886101067e+02 2.5263999270586286e+00
825 1.8375403988535138e+02 2.5423195617319001e+00
826 1.8722812235413318e+02 2.5903850509312911e+00
827 1.8326005477614476e+02 2.5354850561769537e+00
828 1.8041173202192127e+02 2.4960772333029286e+00
829 1.8449883380390162e+02 2.5526241196603716e+00
830 1.8385432651893638e+02 2.5437070722895045e+00
831 1.7899595061307031e+02 2.4764892624855039e+00
832 1.8077088144239869e+02 2.5010462266259279e+00
833 1.8342789125700364e+02 2.5378071491699896e+00
834 1.7878967551783856e+02 2.4736353540215981e+00
835 1.7761587325334156e+02 2.4573952732021622e+00
836 1.8142430040838207e+02 2.5100865711008717e+00
837 1.7914833003344177e+02 2.4785975001136804e+00
838 1.7538063992950609e+02 2.4264698175889547e+00
839 1.7865255655543638e+02 2.4717382516742594e+00
840 1.7896051214648068e+02 2.4759989554048829e+00
841 1.7433117028435132e+02 2.4119499343255151e+00
842 1.7555548339047348e+02 2.4288888552946601e+00
843 1.7811079613188821e+02 2.4642427532165492e+00
844 1.7380497447320982e+02 2.4046697792617073e+00
845 1.7295277232843330e+02 2.3928791803471636e+00
846 1.7634168433999488e+02 2.4397662980690749e+00
847 1.7361837352009707e+02 2.4020880713785373e+00
848 1.7079234650830017e+02 2.3629887201013808e+00
849 1.7420285853403544e+02 2.4101746837077238e+00
850 1.7314488368971757e+02 2.3955371271989918e+00
851 1.6932446592292879e+02 2.3426799338085487e+00
852 1.7173563967723754e+02 2.3760396041926031e+00
853 1.7247239790385171e+02 2.3862329847188586e+00
854 1.6813431390239646e+02 2.3262136467809440e+00
855 1.6945412394287357e+02 2.3444738106705034e+00
856 1.7130154095310749e+02 2.3700336536362654e+00
857 1.6730464531842327e+02 2.3147348097871809e+00
858 1.6722740230078614e+02 2.3136661179920583e+00
859 1.6996228612845212e+02 2.3515044624359551e+00
860 1.6642340749923696e+02 2.3025424892936930e+00
861 1.6535885894822329e+02 2.2878139826042947e+00
862 1.6829402631505920e+02 2.3284233396465663e+00
863 1.6564183761327141e+02 2.2917291193607623e+00
864 1.6357642135548261e+02 2.2631531590250238e+00
865 1.6665529782016125e+02 2.3057507958943533e+00
866 1.6465060802878023e+02 2.2780150134592452e+00
867 1.6208749135296387e+02 2.2425531446045808e+00
868 1.6486862365851516e+02 2.2810313574840313e+00
869 1.6368058035864757e+02 2.2645942455526562e+00
870 1.6059411045853193e+02 2.2218915500981424e+00
871 1.6323722591250223e+02 2.2584602379307315e+00
872 1.6248828225220311e+02 2.2480982664638649e+00
873 1.5929449021690775e+02 2.2039107211315230e+00
874 1.6154288028069726e+02 2.2350182061432382e+00
875 1.6133284222658625e+02 2.2321122354554226e+00
876 1.5791387600683291e+02 2.1848093042828469e+00
877 1.6004275074501049e+02 2.2142632411580450e+00
878 1.5999069081044621e+02 2.2135429686127019e+00
879 1.5666492737105787e+02 2.1675295397110839e+00
880 1.5850011888784650e+02 2.1929202374914820e+00
881 1.5871506813432853e+02 2.1958941567285870e+00
882 1.5530103520220274e+02 2.1486594798030851e+00
883 1.5714936442172444e+02 2.1742319435935005e+00
884 1.5728203544083203e+02 2.1760675066503050e+00
885 1.5404669301127012e+02 2.1313050929765245e+00
886 1.5575257001759806e+02 2.1549066665027561e+00
887 1.5592865048130381e+02 2.1573428186961841e+00
888 1.5267704426347183e+02 2.1123553882168262e+00
889 1.5453289826643248e+02 2.1380319607612401e+00
890 1.5442814294402143e+02 2.1365826238893688e+00
891 1.5142260127024414e+02 2.0949996067453003e+00
892 1.5325569143988139e+02 2.1203612314453335e+00
893 1.5300338934487809e+02 2.1168705187949177e+00
894 1.5007509886678150e+02 2.0763563065928725e+00
895 1.5213346126266285e+02 2.1048346735852252e+00
896 1.5143035433149794e+02 2.0951068738252574e+00
897 1.4886723958849407e+02 2.0596450317119204e+00
898 1.5093118518383056e+02 2.0882006447729897e+00
899 1.4992560935628720e+02 2.0742880521640688e+00
900 1.4760286680779686e+02 2.0421518671769068e+00
901 1.4984612523531703e+02 2.0731883536991229e+00
902 1.4827807840621264e+02 2.0514937224962879e+00
903 1.4651143729019429e+02 2.0270514502577259e+00
904 1.4863807189902872e+02 2.0564743939386871e+00
905 1.4670964048519664e+02 2.0297936803614376e+00
906 1.4539955510472569e+02 2.0116680615049032e+00
907 1.4748729445444926e+02 2.0405528718302230e+00
908 1.4503411257799911e+02 2.0066120002342753e+00
909 1.4448076502820911e+02 1.9989561886877905e+00
910 1.4615238077740864e+02 2.0220837423543148e+00
911 1.4348843696859370e+02 1.9852268848902264e+00
912 1.4354621071210263e+02 1.9860262105451556e+00
913 1.4480903271964740e+02 2.0034979194380305e+00
914 1.4191510763652221e+02 1.9634591678894595e+00
915 1.4277345953323547e+02 1.9753348513804203e+00
916 1.4323803333511242e+02 1.9817624383064918e+00
917 1.4056047189527098e+02 1.9447171748091825e+00
918 1.4191836219204998e+02 1.9635041961249649e+00
919 1.4164257367732466e+02 1.9596885383232390e+00
920 1.3927531106785236e+02 1.9269363983236345e+00
921 1.4111185731503181e+02 1.9523458394066322e+00
922 1.3986215059777260e+02 1.9350555864375103e+00
923 1.3828066637797505e+02 1.9131750429073098e+00
924 1.4008226518375901e+02 1.9381009704634882e+00
925 1.3815608594970075e+02 1.9114514168035881e+00
926 1.3738516799972697e+02 1.9007854211828583e+00
927 1.3894962492326016e+02 1.9224303844319215e+00
928 1.3643029185876088e+02 1.8875742814782630e+00
929 1.3673023781344216e+02 1.8917241682972104e+00
930 1.3748424641365747e+02 1.9021562154796152e+00
931 1.3497338052152426e+02 1.8674172596534551e+00
932 1.3603545990620734e+02 1.8821116043191650e+00
933 1.3588660532558873e+02 1.8800521344299794e+00
934 1.3368907178657153e+02 1.8496482722493650e+00
935 1.3535070729867044e+02 1.8726377448591274e+00
936 1.3405859396598444e+02 1.8547607773447707e+00
937 1.3279267664174159e+02 1.8372462433570231e+00
938 1.3435417953745019e+02 1.8588503363061517e+00
939 1.3232506515815612e+02 1.8307766287420109e+00
940 1.3206473157063499e+02 1.8271747967902141e+00
941 1.3312750710931041e+02 1.8418787730586568e+00
942 1.3068293684347913e+02 1.8080570469582202e+00
943 1.3154899559466278e+02 1.8200393582375645e+00
944 1.3149241544927918e+02 1.8192565465480686e+00
945 1.2944969468663365e+02 1.7909945885673360e+00
946 1.3087156304088856e+02 1.8106667750046257e+00
947 1.2974101416368910e+02 1.7950251241990625e+00
948 1.2851177223338740e+02 1.7780180107366486e+00
949 1.2999757170055011e+02 1.7985747127962897e+00
950 1.2792080611932116e+02 1.7698417294802000e+00
951 1.2796161220676815e+02 1.7704063000029431e+00
952 1.2863652358533542e+02 1.7797440016460613e+00
953 1.2643973166971372e+02 1.7493504001577667e+00
954 1.2742232524663979e+02 1.7629450230210781e+00
955 1.2699872973342515e+02 1.7570843890988017e+00
956 1.2529882133608598e+02 1.7335653939550535e+00
957 1.2677557754514777e+02 1.7539969784826606e+00
958 1.2513961739493874e+02 1.7313627360209152e+00
959 1.2465948592378575e+02 1.7247199017622672e+00
960 1.2562954555626618e+02 1.7381411118822743e+00
961 1.2353136033341698e+02 1.7091117782169329e+00
962 1.2416368591050019e+02 1.7178602861953427e+00
963 1.2410776703515661e+02 1.7170866234734525e+00
964 1.2227422543801966e+02 1.6917187530714803e+00
965 1.2363283430288682e+02 1.7105157160990645e+00
966 1.2226322534555219e+02 1.6915665618582785e+00
967 1.2158609720010453e+02 1.6821981902510752e+00
968 1.2259882188250209e+02 1.6962096904734074e+00
969 1.2061847400292802e+02 1.6688106893063217e+00
970 1.2111553317863098e+02 1.6756877259500680e+00
971 1.2112817060154515e+02 1.6758625703643981e+00
972 1.1934837014501493e+02 1.6512382327474440e+00
973 1.2062428295793114e+02 1.6688910588043031e+00
974 1.1929777631040784e+02 1.6505382443526044e+00
975 1.1868899552736376e+02 1.6421154891603644e+00
976 1.1959521798926777e+02 1.6546534833923110e+00
977 1.1768471975372518e+02 1.6282208833803347e+00
978 1.1825473162875220e+02 1.6361072533409888e+00
979 1.1809338156523572e+02 1.6338749028412634e+00
980 1.1650523225050239e+02 1.6119021447331054e+00
981 1.1773487082798613e+02 1.6289147459871924e+00
982 1.1627175662423861e+02 1.6086719047220104e+00
983 1.1595112542501597e+02 1.6042358282667997e+00
984 1.1660418813668343e+02 1.6132712438034906e+00
985 1.1476720412985159e+02 1.5878557461193523e+00
986 1.1554512906089107e+02 1.5986186864659948e+00
987 1.1500798526903941e+02 1.5911870611785215e+00
988 1.1378003135658790e+02 1.5741977680207848e+00
989 1.1490411877193927e+02 1.5897500216034950e+00
990 1.1323118077157605e+02 1.5666041739990468e+00
991 1.1337115141882403e+02 1.5685407306853043e+00
992 1.1357446242640171e+02 1.5713536296670227e+00
993 1.1194255500997924e+02 1.5487754585950031e+00
994 1.1292328286131229e+02 1.5623442683078939e+00
995 1.1188254254223119e+02 1.5479451591860820e+00
996 1.1122601915327340e+02 1.5388618636268478e+00
997 1.1203643858984074e+02 1.5500743800323560e+00
998 1.1026127745704562e+02 1.5255142295401711e+00
999 1.1091790646687554e+02 1.5345989864115455e+00
1000 1.1046280985445370e+02 1.5283025206524261e+00
1001 1.0931071052033546e+02 1.5123627096092807e+00
1002 1.1027517390571212e+02 1.5257064931405007e+00
1003 1.0878448925429707e+02 1.5050822023655575e+00
1004 1.0885948747584138e+02 1.5061198363998685e+00
1005 1.0903476375633112e+02 1.5085448623577995e+00
1006 1.0749465632141707e+02 1.4872367852053534e+00
1007 1.0847935700442694e+02 1.5008605608264429e+00
1008 1.0730337525838623e+02 1.4845903259022786e+00
1009 1.0694014043432571e+02 1.4795648091882654e+00
1010 1.0745349093440983e+02 1.4866672436120363e+00
1011 1.0586961812888190e+02 1.4647536529268943e+00
1012 1.0658452939160742e+02 1.4746447709086461e+00
1013 1.0588749890076761e+02 1.4650010414260657e+00
1014 1.0505676281644791e+02 1.4535074350861983e+00
1015 1.0586018802096787e+02 1.4646231831541805e+00
1016 1.0426777047387773e+02 1.4425913721369190e+00
1017 1.0476413690184025e+02 1.4494588243049553e+00
1018 1.0438549268668584e+02 1.4442201117535236e+00
1019 1.0332813331374062e+02 1.4295910705672923e+00
1020 1.0416156061631696e+02 1.4411219111188431e+00
1021 1.0277119772654433e+02 1.4218856169139349e+00
1022 1.0292598593806885e+02 1.4240271812481384e+00
1023 1.0290964290085772e+02 1.4238010679979161e+00
1024 1.0161856209274866e+02 1.4059383859242036e+00
1025 1.0250653120322889e+02 1.4182238368519551e+00
1026 1.0123540928552328e+02 1.4006372949792136e+00
1027 1.0120112862843834e+02 1.4001630067124062e+00
1028 1.0134790864773579e+02 1.4021937741152026e+00
1029 1.0002457385134218e+02 1.3838848436465661e+00
1030 1.0080163416476503e+02 1.3946358216206720e+00
1031 9.9759222374931355e+01 1.3802135869512868e+00
1032 9.9476337742390754e+01 1.3762997511767372e+00
1033 9.9824910009252889e+01 1.3811224048352568e+00
1034 9.8415943646443509e+01 1.3616287232365967e+00
1035 9.9176274849834982e+01 1.3721482464698456e+00
1036 9.8223443664634559e+01 1.3589653996455002e+00
1037 9.7860258387293698e+01 1.3539405684325767e+00
1038 9.8239885301541335e+01 1.3591928770667372e+00
1039 9.6890005893279820e+01 1.3405166899867496e+00
1040 9.7528407905331292e+01 1.3493492681684325e+00
1041 9.6735239404080119e+01 1.3383754261906531e+00
1042 9.6238252612953332e+01 1.3314993910199850e+00
1043 9.6710481148419007e+01 1.3380328846186642e+00
1044 9.5331235861418165e+01 1.3189504074347256e+00
1045 9.5970266063341569e+01 1.3277916769050513e+00
1046 9.5188996458249790e+01 1.3169824614926955e+00
1047 9.4711811922741362e+01 1.3103803994104908e+00
1048 9.5136346944096260e+01 1.3162540318492890e+00
1049 9.3840100825677368e+01 1.2983198853906233e+00
1050 9.4397115392330690e+01 1.3060264317601937e+00
1051 9.3690569574823357e+01 1.2962510534652214e+00
1052 9.3173529274219916e+01 1.2890975689962649e+00
1053 9.3623850566742348e+01 1.2953279660626829e+00
1054 9.2313655909941360e+01 1.2772008353191084e+00
1055 9.2910319008048674e+01 1.2854559369050558e+00
1056 9.2141117204094868e+01 1.2748136849342617e+00
1057 9.1722434258238181e+01 1.2690210185848356e+00
1058 9.2072298831826728e+01 1.2738615518865586e+00
1059 9.0852976764912611e+01 1.2569916841835069e+00
1060 9.1406571089568772e+01 1.2646509099709522e+00
1061 9.0641934313983654e+01 1.2540718172152090e+00
1062 9.0258967793725603e+01 1.2487733036339681e+00
1063 9.0578291629406479e+01 1.2531912921281816e+00
1064 8.9364770954810012e+01 1.2364016892899661e+00
1065 8.9978991499724927e+01 1.2448997060276068e+00
1066 8.9100021573279250e+01 1.2327387628474125e+00
1067 8.8878864190172436e+01 1.2296789512555439e+00
1068 8.9043009894683081e+01 1.2319499807023633e+00
1069 8.7948837799107253e+01 1.2168116189867830e+00
1070 8.8526218461407169e+01 1.2247999394245086e+00
1071 8.7613387784368868e+01 1.2121705175721706e+00
1072 8.7487401998242575e+01 1.2104274477122161e+00
1073 8.7556548919189439e+01 1.2113841263782548e+00
1074 8.6519279043127156e+01 1.1970330323922196e+00
1075 8.7133272057132260e+01 1.2055279011376676e+00
1076 8.6096880827094608e+01 1.1911889636134856e+00
1077 8.6173592472490142e+01 1.1922503036353072e+00
1078 8.6025737332713277e+01 1.1902046614584501e+00
1079 8.5172481330278714e+01 1.1783994819505166e+00
1080 8.5700576235164462e+01 1.1857059118280837e+00
1081 8.4647842597656279e+01 1.1711408697664230e+00
1082 8.4842859789951802e+01 1.1738390200936553e+00
1083 8.4539241810842739e+01 1.1696383291697221e+00
1084 8.3826050555959469e+01 1.1597710082679495e+00
1085 8.4306484923407609e+01 1.1664180332327001e+00
1086 8.3190352111721197e+01 1.1509758351596040e+00
1087 8.3573292531187576e+01 1.1562739876246853e+00
1088 8.3015117710185962e+01 1.1485513886157928e+00
1089 8.2567973931307677e+01 1.1423649538758640e+00
1090 8.2856668767824928e+01 1.1463591764285042e+00
1091 8.1820954236379109e+01 1.1320296013328623e+00
1092 8.2266946378947182e+01 1.1382001026678914e+00
1093 8.1546624257706640e+01 1.1282341230316306e+00
1094 8.1311947194432534e+01 1.1249872606006124e+00
1095 8.1429643063418979e+01 1.1266156357386283e+00
1096 8.0468966146569443e+01 1.1133242396978409e+00
1097 8.0990634203061731e+01 1.1205417512452249e+00
1098 8.0067206053505799e+01 1.1077657086072796e+00
1099 8.0129738877415846e+01 1.1086308782741672e+00
1100 7.9945952043727047e+01 1.1060881049954554e+00
1101 7.9222558019523547e+01 1.0960796242038497e+00
1102 7.9647425652347067e+01 1.1019578584715037e+00
1103 7.8675596745471026e+01 1.0885121696466540e+00
1104 7.8923822679828319e+01 1.0919464867862361e+00
1105 7.8495621652500773e+01 1.0860221335104783e+00
1106 7.8003665190857291e+01 1.0792156952044851e+00
1107 7.8303958851993997e+01 1.0833703926982017e+00
1108 7.7314701317598121e+01 1.0696835709942845e+00
1109 7.7747289614223604e+01 1.0756686241086182e+00
1110 7.7023223003814778e+01 1.0656508377851839e+00
1111 7.6877545942145289e+01 1.0636353302958843e+00
1112 7.6882019288660985e+01 1.0636972210513767e+00
1113 7.6075408293386189e+01 1.0525373961393660e+00
1114 7.6497516040092407e+01 1.0583774461446847e+00
1115 7.5633022201074823e+01 1.0464167861270743e+00
1116 7.5744809691713087e+01 1.0479634162005351e+00
1117 7.5469239783826112e+01 1.0441507829224703e+00
1118 7.4888089921457194e+01 1.0361103139111760e+00
1119 7.5227332502495344e+01 1.0408038871816403e+00
1120 7.4284065653192116e+01 1.0277533672343617e+00
1121 7.4642320852254230e+01 1.0327099886029913e+00
1122 7.4023562665861220e+01 1.0241491915602152e+00
1123 7.3810376585721002e+01 1.0211996665202892e+00
1124 7.3859725229918197e+01 1.0218824271472977e+00
1125 7.3071348675786084e+01 1.0109748839072612e+00
1126 7.3459405354185748e+01 1.0163438221094998e+00
1127 7.2657952687481639e+01 1.0052553649869500e+00
1128 7.2737386194024751e+01 1.0063543631785952e+00
1129 7.2483060760454848e+01 1.0028356567315744e+00
1130 7.1931277171038502e+01 9.9520148327834812e-01
1131 7.2236062741009235e+01 9.9941832834555677e-01
1132 7.1348451482662256e+01 9.8713782846257769e-01
1133 7.1687027162550791e+01 9.9182217485650925e-01
1134 7.1072824163044757e+01 9.8332440086747008e-01
1135 7.0909079330236850e+01 9.8105891766046249e-01
1136 7.0901190171903508e+01 9.8094976761636576e-01
1137 7.0191409130033037e+01 9.7112962854122153e-01
1138 7.0540665659443007e+01 9.7596174927900536e-01
1139 6.9753435889491556e+01 9.6507007231247988e-01
1140 6.9888140609451696e+01 9.6693377253276325e-01
1141 6.9551967057087452e+01 9.6228266065056589e-01
1142 6.9121157092599603e+01 9.5632221155899844e-01
1143 6.9332282870403915e+01 9.5924323139199186e-01
1144 6.8514722610370669e+01 9.4793191849093150e-01
1145 6.8865558633492114e+01 9.5278589223266996e-01
1146 6.8187612640562349e+01 9.4340620533871944e-01
1147 6.8160632256028180e+01 9.4303291961707181e-01
1148 6.8008669429207046e+01 9.4093044574752049e-01
1149 6.7444391226867126e+01 9.3312340372023905e-01
1150 6.7720929825913259e+01 9.3694943927498153e-01
1151 6.6943311354445129e+01 9.2619073893396608e-01
1152 6.7174575937927429e+01 9.2939038817645170e-01
1153 6.6688123965214615e+01 9.2266010694376444e-01
1154 6.6459316239952713e+01 9.1949444943674219e-01
1155 6.6498450230659941e+01 9.2003588575109863e-01
1156 6.5810730553320070e+01 9.1052097554950540e-01
1157 6.6144042945204362e+01 9.1513250199313501e-01
1158 6.5396483087458705e+01 9.0478967605527760e-01
1159 6.5548092035540165e+01 9.0688725385373892e-01
1160 6.5181313363063907e+01 9.0181270640735767e-01
1161 6.4849061832891621e+01 8.9721585746134602e-01
1162 6.4965657739527316e+01 8.9882901412686889e-01
1163 6.4267750101200335e+01 8.8917314891537291e-01
1164 6.4557854576362146e+01 8.9318687445093126e-01
1165 6.3917612005557196e+01 8.8432883131334084e-01
1166 6.3938572913639540e+01 8.8461883487833814e-01
1167 6.3720021097904961e+01 8.8159507247974978e-01
1168 6.3269722089151678e+01 8.7536498371927285e-01
1169 6.3475520650156014e+01 8.7821229911840115e-01
1170 6.2747301326719608e+01 8.6813705814759767e-01
1171 6.3031077683679264e+01 8.7206323132945363e-01
1172 6.2441430555451852e+01 8.6390519883369510e-01
1173 6.2407060923850246e+01 8.6342967956454164e-01
1174 6.2248864901396075e+01 8.6124096663760763e-01
1175 6.1771801871701641e+01 8.5464058564283896e-01
1176 6.1980582865002368e+01 8.5752916433050985e-01
1177 6.1295511757175689e+01 8.4805089827610480e-01
1178 6.1516081654527241e+01 8.5110258173904219e-01
1179 6.1017688915390863e+01 8.4420709464704613e-01
1180 6.0899767639908546e+01 8.4257560090905748e-01
1181 6.0824288769981798e+01 8.4153131688878824e-01
1182 6.0296453115430317e+01 8.3422847385587828e-01
1183 6.0540524670256147e+01 8.3760531329126253e-01
1184 5.9853966865524299e+01 8.2810647811834059e-01
1185 6.0069761174538229e+01 8.3109208917461352e-01
1186 5.9592773897221043e+01 8.2449275624796159e-01
1187 5.9467877876648082e+01 8.2276476378323415e-01
1188 5.9397547312003951e+01 8.2179170887573938e-01
1189 5.8891162219075262e+01 8.1478564398418507e-01
1190 5.9107892029616636e+01 8.1778419812369441e-01
1191 5.8470543438771188e+01 8.0896619449689189e-01
1192 5.8642420612932732e+01 8.1134419229415788e-01
1193 5.8217311983996112e+01 8.0546262373718414e-01
1194 5.8059178899808416e+01 8.0327478158939669e-01
1195 5.8021135244500840e+01 8.0274843055434686e-01
1196 5.7503679078049856e+01 7.9558919239485970e-01
1197 5.7734365635623377e+01 7.9878084438963315e-01
1198 5.7095293952900747e+01 7.8993900101384462e-01
1199 5.7283171205178903e+01 7.9253836706843162e-01
1200 5.6843892657354345e+01 7.8646075132795401e-01
1201 5.6720740116974632e+01 7.8475688069371019e-01
1202 5.6648501014081951e+01 7.8375742030350259e-01
1203 5.6180852661537450e+01 7.7728729558990517e-01
1204 5.6372420843351023e+01 7.7993772731012168e-01
1205 5.5776042565802562e+01 7.7168656634435784e-01
1206 5.5943357436130803e+01 7.7400144262174209e-01
1207 5.5520834301903143e+01 7.6815564554374882e-01
1208 5.5404392078019448e+01 7.6654461514803185e-01
1209 5.5326893831393754e+01 7.6547239214537377e-01
1210 5.4876663791631131e+01 7.5924325760181754e-01
1211 5.5067251260776089e+01 7.6188012072238087e-01
1212 5.4469001538003972e+01 7.5360306747254102e-01
1213 5.4666764953724339e+01 7.5633921303263052e-01
1214 5.4205013042493405e+01 7.4995066822936018e-01
1215 5.4154174891043340e+01 7.4924729960141367e-01
1216 5.4011937065778490e+01 7.4727937549038648e-01
1217 5.3636573255049896e+01 7.4208604880555851e-01
1218 5.3772586123573497e+01 7.4396784784796632e-01
1219 5.3220727567805440e+01 7.3633263720163922e-01
1220 5.3406570984900370e+01 7.3890386423422216e-01
1221 5.2942397876603302e+01 7.3248182108355286e-01
1222 5.2925076906488130e+01 7.3224217769296707e-01
1223 5.2747147627151570e+01 7.2978044630603023e-01
1224 5.2418861076202631e+01 7.2523845462600123e-01
1225 5.2528977206096002e+01 7.2676196067389442e-01
1226 5.1992219418511922e+01 7.1933567592859926e-01
1227 5.2201799729156882e+01 7.2223531353024850e-01
1228 5.1694469991015545e+01 7.1521617904847179e-01
1229 5.1756968496575709e+01 7.1608087390559583e-01
1230 5.1492062286657315e+01 7.1241577767195663e-01
1231 5.1265824777665195e+01 7.0928568025985606e-01
1232 5.1293022500029338e+01 7.0966197294786471e-01
1233 5.0827947399872770e+01 7.0322745033524525e-01
1234 5.1007379148205985e+01 7.0570996905465899e-01
1235 5.0505928621235476e+01 6.9877217609645625e-01
1236 5.0605949931452415e+01 7.0015601578625708e-01
1237 5.0289063795573682e+01 6.9577175396219715e-01
1238 5.0137238323316971e+01 6.9367118045465270e-01
1239 5.0103198349569617e+01 6.9320022214977550e-01
1240 4.9691842503787193e+01 6.8750892951632958e-01
1241 4.9858436721128150e+01 6.8981383523639750e-01
1242 4.9343066470090562e+01 6.8268345665225849e-01
1243 4.9506348065946177e+01 6.8494253076825362e-01
1244 4.9103766486629020e+01 6.7937263404691073e-01
1245 4.9069581299189160e+01 6.7889966664546442e-01
1246 4.8921777940224970e+01 6.7685474087937636e-01
1247 4.8624064969111359e+01 6.7273574838965644e-01
1248 4.8713231756204010e+01 6.7396941088341089e-01
1249 4.8248968977638327e+01 6.6754612710435512e-01
1250 4.8414464122628644e+01 6.6983582666548069e-01
1251 4.7979486955192684e+01 6.6381772245199433e-01
1252 4.8020945402103656e+01 6.6439131866052703e-01
1253 4.7788930570768578e+01 6.6118128940248666e-01
1254 4.7587604329740664e+01 6.5839585055621930e-01
1255 4.7606581408981278e+01 6.5865840695937672e-01
1256 4.7192132707750474e+01 6.5292432328355188e-01
1257 4.7360367092682999e+01 6.5525192145791999e-01
1258 4.6888027877490458e+01 6.4871689655557585e-01
1259 4.7020085127011122e+01 6.5054396783484880e-01
1260 4.6675727293487022e+01 6.4577962275187728e-01
1261 4.6614181584249920e+01 6.4492811025924435e-01
1262 4.6504833795093838e+01 6.4341523455007843e-01
1263 4.6209851536676283e+01 6.3933402269532569e-01
1264 4.6304156857152378e+01 6.4063877910324663e-01
1265 4.5871767568798283e+01 6.3465647935760938e-01
1266 4.6023280280045114e+01 6.3675272567629815e-01
1267 4.5626106524100891e+01 6.3125764861691191e-01
1268 4.5661513609637090e+01 6.3174752152658387e-01
1269 4.5448338495258241e+01 6.2879814820288482e-01
1270 4.5266205798711738e+01 6.2627826065347336e-01
1271 4.5278526836368449e+01 6.2644872773585714e-01
1272 4.4902970965250184e+01 6.2125274380939244e-01
1273 4.5055445650278834e+01 6.2336229946683053e-01
1274 4.4618269138482034e+01 6.1731376633763146e-01
1275 4.4751212124740860e+01 6.1915309218195980e-01
1276 4.4415670108232185e+01 6.1451071788158951e-01
1277 4.4386057941489241e+01 6.1410102027263991e-01
1278 4.4255969482849316e+01 6.1230118809827150e-01
1279 4.4014627818577630e+01 6.0896211792315236e-01
1280 4.4079390495743880e+01 6.0985813861000426e-01
1281 4.3693987090433346e+01 6.0452590963103647e-01
1282 4.3838501427651835e+01 6.0652533030603506e-01
1283 4.3453253763281424e+01 6.0119525607282909e-01
1284 4.3524061407227805e+01 6.0217491158645664e-01
1285 4.3280107030560849e+01 5.9879969336345884e-01
1286 4.3168664181229843e+01 5.9725783155706735e-01
1287 4.3128785610284844e+01 5.9670609364115190e-01
1288 4.2826869553907855e+01 5.9252894958158686e-01
1289 4.2944783175076473e+01 5.9416033741871233e-01
1290 4.2545175641850186e+01 5.8863158795899717e-01
1291 4.2693947595400253e+01 5.9068991466562837e-01
1292 4.2338848772403736e+01 5.8577696317560790e-01
1293 4.2380219088967252e+01 5.8634934006125405e-01
1294 4.2185875839671112e+01 5.8366051403770436e-01
1295 4.2041928713322008e+01 5.8166894097949706e-01
1296 4.2039268955615768e+01 5.8163214203863967e-01
1297 4.1729894658970863e+01 5.7735180987969437e-01
1298 4.1851513141620025e+01 5.7903445613715909e-01
1299 4.1480963526846047e+01 5.7390773601269340e-01
1300 4.1599146129441664e+01 5.7554284532850863e-01
1301 4.1300738523401002e+01 5.7141424225300563e-01
1302 4.1294234584277582e+01 5.7132425733799597e-01
1303 4.1162312874097353e+01 5.6949906130629191e-01
1304 4.0976555519258021e+01 5.6692902498361697e-01
1305 4.1020378355005143e+01 5.6753533357220631e-01
1306 4.0692009133055159e+01 5.6299219810179713e-01
1307 4.0834045862739870e+01 5.6495733996527486e-01
1308 4.0469881614303588e+01 5.5991896424814458e-01
1309 4.0587305072111917e+01 5.6154357045532544e-01
1310 4.0309883679330234e+01 5.5770532105328874e-01
1311 4.0296297664879361e+01 5.5751735244957279e-01
1312 4.0183555614140033e+01 5.5595751560896123e-01
1313 3.9999780272017503e+01 5.5341490132122317e-01
1314 4.0048535791620701e+01 5.5408945580343727e-01
1315 3.9739002139602711e+01 5.4980691889142908e-01
1316 3.9869240712380652e+01 5.5160882796222821e-01
1317 3.9538132005213676e+01 5.4702779048508987e-01
1318 3.9634094803313261e+01 5.4835547883936675e-01
1319 3.9394076492828631e+01 5.4503471785746049e-01
1320 3.9360397334818138e+01 5.4456875160014095e-01
1321 3.9279003069502615e+01 5.4344262543141253e-01
1322 3.9084618410929458e+01 5.4075322649194191e-01
1323 3.9153803031587621e+01 5.4171042675039605e-01
1324 3.8844162849545668e+01 5.3742641594772389e-01
1325 3.8986598119815120e+01 5.3939707179895058e-01
1326 3.8660266031803431e+01 5.3488212099030130e-01
1327 3.8767683455219036e+01 5.3636828922361313e-01
1328 3.8529391918109063e+01 5.3307141892586174e-01
1329 3.8513401487123424e+01 5.3285018414092489e-01
1330 3.8425775485332530e+01 5.3163783910291462e-01
1331 3.8257297840510510e+01 5.2930687531886511e-01
1332 3.8313491911356508e+01 5.3008434549396588e-01
1333 3.8033870452718077e+01 5.2621565719399688e-01
1334 3.8162940097192731e+01 5.2800139361741605e-01
1335 3.7863256226951016e+01 5.2385513285424368e-01
1336 3.7964308846993312e+01 5.2525324117805572e-01
1337 3.7743276968121357e+01 5.2219516599356930e-01
1338 3.7731464846163341e+01 5.2203173998814290e-01
1339 3.7651255193080829e+01 5.2092200346099693e-01
1340 3.7494601564103235e+01 5.1875463023962720e-01
1341 3.7554351186712935e+01 5.1958129306816425e-01
1342 3.7285982916022057e+01 5.1586829767088604e-01
1343 3.7424170310768616e+01 5.1778018225893718e-01
1344 3.7125960426116087e+01 5.1365431474752377e-01
1345 3.7249307418506071e+01 5.1536087571254807e-01
1346 3.7015054934976959e+01 5.1211988753274029e-01
1347 3.7039936509768616e+01 5.1246413528021295e-01
1348 3.6934536303813580e+01 5.1100587615525850e-01
1349 3.6822422746820614e+01 5.0945473480752868e-01
1350 3.6854773368855369e+01 5.0990232017373049e-01
1351 3.6627120783004287e+01 5.0675264453857627e-01
1352 3.6748016540135815e+01 5.0842529156433769e-01
1353 3.6475447545718666e+01 5.0465417727013950e-01
1354 3.6600315396082394e+01 5.0638177998738687e-01
1355 3.6371609184072668e+01 5.0321752696174071e-01
1356 3.6417192445627293e+01 5.0384819183098750e-01
1357 3.6301625395551376e+01 5.0224926985744633e-01
1358 3.6220529624656997e+01 5.0112727349291930e-01
1359 3.6239506889995731e+01 5.0138983247082769e-01
1360 3.6038577277068974e+01 4.9860988115224103e-01
1361 3.6158139629959550e+01 5.0026407993225186e-01
1362 3.5894076016986027e+01 4.9661064140527822e-01
1363 3.6040586658056661e+01 4.9863768183948121e-01
1364 3.5795510606171483e+01 4.9524694473672987e-01
1365 3.5886957078225194e+01 4.9651214769443663e-01
1366 3.5734416678045960e+01 4.9440168283841479e-01
1367 3.5713789528272031e+01 4.9411629696931630e-01
1368 3.5689219800246704e+01 4.9377636376172973e-01
1369 3.5546541977784933e+01 4.9180235209212947e-01
1370 3.5634033631568975e+01 4.9301283836520532e-01
1371 3.5408971276059269e+01 4.8989899972863010e-01
1372 3.5549124808939290e+01 4.9183808671963736e-01
1373 3.5314003411060305e+01 4.8858507672006163e-01
1374 3.5428804990011301e+01 4.9017340805724974e-01
1375 3.5259317381975222e+01 4.8782847097913101e-01
1376 3.5283341060773019e+01 4.8816084935073312e-01
1377 3.5228755920665229e+01 4.8740563945405552e-01
1378 3.5134218325420541e+01 4.8609766942052796e-01
1379 3.5198803943908509e+01 4.8699124042114900e-01
1380 3.5005207839297491e+01 4.8431275147943775e-01
1381 3.5147800089363898e+01 4.8628557921656601e-01
1382 3.4913224075607424e+01 4.8304011485094844e-01
1383 3.5064395334159450e+01 4.8513163701845147e-01
1384 3.4862385456122226e+01 4.8233673974752594e-01
1385 3.4951786966468994e+01 4.8357364974278250e-01
1386 3.4843002873824283e+01 4.8206857302768846e-01
1387 3.4825993605845966e+01 4.8183324217597495e-01
1388 3.4835510697847184e+01 4.8196491541255032e-01
1389 3.4709176813723730e+01 4.8021702946067124e-01
1390 3.4817916812690186e+01 4.8172149611994913e-01
1391 3.4621085382356711e+01 4.7899824499571436e-01
1392 3.4774140705396704e+01 4.8111583404047520e-01
1393 3.4572010315673303e+01 4.7831926943631786e-01
1394 3.4700040324736285e+01 4.8009062203750485e-01
1395 3.4559523506295193e+01 4.7814650882781429e-01
1396 3.4604680768221002e+01 4.7877127980112111e-01
1397 3.4569748270379471e+01 4.7828797302507364e-01
1398 3.4506460415943387e+01 4.7741235717220160e-01
1399 3.4582562427627906e+01 4.7846526263818984e-01
1400 3.4425963216711438e+01 4.7629864231510405e-01
1401 3.4578985162244528e+01 4.7841576956708598e-01
1402 3.4378527026363592e+01 4.7564234134490163e-01
1403 3.4548137504222218e+01 4.7798897838212662e-01
1404 3.4369150109763773e+01 4.7551260749787810e-01
1405 3.4491109725306274e+01 4.7719997348193183e-01
1406 3.4391161444446396e+01 4.7581714418604221e-01
1407 3.4420231959466200e+01 4.7621934780045294e-01
1408 3.4428823003044478e+01 4.7633820874173283e-01
1409 3.4354220380825403e+01 4.7530604800152604e-01
1410 3.4462956735982019e+01 4.7681046424706042e-01
1411 3.4311335482958050e+01 4.7471271620420025e-01
1412 3.4477759966191016e+01 4.7701527357675261e-01
1413 3.4303171352813806e+01 4.7459976180176544e-01
1414 3.4466406093238611e+01 4.7685818765185906e-01
1415 3.4331055622556761e+01 4.7498555318069974e-01
1416 3.4433313148649781e+01 4.7640033192016473e-01
1417 3.4385946885631355e+01 4.7574499842592965e-01
1418 3.4392265083452322e+01 4.7583241352670869e-01
1419 3.4451683544091843e+01 4.7665449458085096e-01
1420 3.4361299327539975e+01 4.7540398840446979e-01
1421 3.4510547967828067e+01 4.7746891028593180e-01
1422 3.4356456010070822e+01 4.7533697893489191e-01
1423 3.4549358966763634e+01 4.7800587786425447e-01
1424 3.4386595365910978e+01 4.7575397044146361e-01
1425 3.4563958276579150e+01 4.7820786586383768e-01
1426 3.4450771855487652e+01 4.7664188096008875e-01
1427 3.4560393484340381e+01 4.7815854536428409e-01
1428 3.4538661695928901e+01 4.7785787632416726e-01
1429 3.4552283140175909e+01 4.7804633511500422e-01
1430 3.4633553294273149e+01 4.7917074414935956e-01
1431 3.4555091010359753e+01 4.7808518325842270e-01
1432 3.4716335406104818e+01 4.8031607179713504e-01
1433 3.4578417746508187e+01 4.7840791911586850e-01
1434 3.4767649359127532e+01 4.8102602335325229e-01
1435 3.4616513355589042e+01 4.7893498895467462e-01
1436 3.4764204553308304e+01 4.8097836291963103e-01
1437 3.4635592060423988e+01 4.7919895139351221e-01
1438 3.4665272190006782e+01 4.7960958929883474e-01
1439 3.4556289748397823e+01 4.7810176833685408e-01
1440 3.4389146605425836e+01 4.7578926798446913e-01
1441 3.4235175629785189e+01 4.7365901047527698e-01
1442 3.3791464923508059e+01 4.6752007383463468e-01
1443 3.3465894848246201e+01 4.6301566581416792e-01
1444 3.2679664085127790e+01 4.5213781055526603e-01
1445 3.2042508551792970e+01 4.4332247796571589e-01
1446 3.0911446252094816e+01 4.2767372372959572e-01
1447 2.9915138699107121e+01 4.1388936185628827e-01
1448 2.8575041523063859e+01 3.9534851634670304e-01
1449 2.7368862328542598e+01 3.7866048617823062e-01
1450 2.6120167122533338e+01 3.6138422792094882e-01
1451 2.5043732201809778e+01 3.4649126797517410e-01
1452 2.4263141729049273e+01 3.3569144866323530e-01
1453 2.3697148598261830e+01 3.2786067983167883e-01
1454 2.3667317718309590e+01 3.2744795622737832e-01
1455 2.3822850038418391e+01 3.2959981563760332e-01
1456 2.4532566808315632e+01 3.3941906548116973e-01
1457 2.5224353550150667e+01 3.4899024534426998e-01
1458 2.6152037569420745e+01 3.6182516984861229e-01
1459 2.6668986105981801e+01 3.6897738472088309e-01
1460 2.6908450613013276e+01 3.7229048358361527e-01
1461 2.6559073914677317e+01 3.6745670025484056e-01
1462 2.5825771621016088e+01 3.5731113411109217e-01
1463 2.4981783259025338e+01 3.4563417656554979e-01
1464 2.4163097381128150e+01 3.3430729023646399e-01
1465 2.3871136157964035e+01 3.3026787575947936e-01
1466 2.3849596930195670e+01 3.2996987088222995e-01
1467 2.4457746787431802e+01 3.3838389693292542e-01
1468 2.5001203806013894e+01 3.4590286854391034e-01
1469 2.5616857292885534e+01 3.5442071067624542e-01
1470 2.5572161704542513e+01 3.5380232716403270e-01
1471 2.5186331642405914e+01 3.4846419519650634e-01
1472 2.4386224035898593e+01 3.3739434758508402e-01
1473 2.3712809026951536e+01 3.2807734888683421e-01
1474 2.3429187827857231e+01 3.2415332238363898e-01
1475 2.3568634124835665e+01 3.2608262444872849e-01
1476 2.4172551408446139e+01 3.3443809094486021e-01
1477 2.4589987740108359e+01 3.4021350982775722e-01
1478 2.4820593974596591e+01 3.4340405051661804e-01
1479 2.4306247769401555e+01 3.3628784006602996e-01
1480 2.3717368314606436e+01 3.2814042867653487e-01
1481 2.3052744519175675e+01 3.1894506036044040e-01
1482 2.2994726919342789e+01 3.1814236084389147e-01
1483 2.3280871185678517e+01 3.2210129511405300e-01
1484 2.3812903928793343e+01 3.2946220674977333e-01
1485 2.4066555857168911e+01 3.3297159495034068e-01
1486 2.3759773019180120e+01 3.2872711678425975e-01
1487 2.3191353821812040e+01 3.2086278223338704e-01
1488 2.2565551824779060e+01 3.1220453091101891e-01
1489 2.2554514755921442e+01 3.1205182811287407e-01
1490 2.2792420339770047e+01 3.1534335857414136e-01
1491 2.3348156936347486e+01 3.2303222365449907e-01
1492 2.3337309027761460e+01 3.2288213797355653e-01
1493 2.3017618697187157e+01 3.1845907885810693e-01
1494 2.2336152637764684e+01 3.0903069026536056e-01
1495 2.2049276992770192e+01 3.0506163704340694e-01
1496 2.2182151610208475e+01 3.0690001697443736e-01
1497 2.2603659142935580e+01 3.1273176275013875e-01
1498 2.2855801672926564e+01 3.1622026774703899e-01
1499 2.2518077203725461e+01 3.1154769823476491e-01
1500 2.2017531004211019e+01 3.0462241705253840e-01
1501 2.1556190169835187e+01 2.9823955968194027e-01
1502 2.1755003011785927e+01 3.0099022452463020e-01
1503 2.2053031717624236e+01 3.0511358534588406e-01
1504 2.2339956066427217e+01 3.0908331240687348e-01
1505 2.1958410001841450e+01 3.0380445146698104e-01
1506 2.1475313582629564e+01 2.9712059582205858e-01
1507 2.1143525072906488e+01 2.9253015297164214e-01
1508 2.1341428190897076e+01 2.9526823137530128e-01
1509 2.1716539250673069e+01 3.0045806113733264e-01
1510 2.1732284921271578e+01 3.0067590955253021e-01
1511 2.1371568357838623e+01 2.9568523410382452e-01
1512 2.0820375057540797e+01 2.8805922756531777e-01
1513 2.0816725653194453e+01 2.8800873641930447e-01
1514 2.1029264263609434e+01 2.9094930342516978e-01
1515 2.1371644204921918e+01 2.9568628348224191e-01
1516 2.1066243654500443e+01 2.9146092988465766e-01
1517 2.0653008426761904e+01 2.8574363515888235e-01
1518 2.0320901439434241e+01 2.8114878602795845e-01
1519 2.0554417592521272e+01 2.8437958674583080e-01
1520 2.0834654033156976e+01 2.8825678359757234e-01
1521 2.0773390648582158e+01 2.8740917719327430e-01
1522 2.0342698586693921e+01 2.8145035933705581e-01
1523 1.9960037200152119e+01 2.7615606741764193e-01
1524 2.0115680277759608e+01 2.7830945920753974e-01
1525 2.0349931074888957e+01 2.8155042405525038e-01
1526 2.0433851512505068e+01 2.8271150095083131e-01
1527 1.9938952675672134e+01 2.7586435356433714e-01
1528 1.9664807981685087e+01 2.7207143875983469e-01
1529 1.9656128692321918e+01 2.7195135689853966e-01
1530 2.0013823070368176e+01 2.7690021905686779e-01
1531 1.9962579602644709e+01 2.7619124269648065e-01
1532 1.9596947157223148e+01 2.7113255381552281e-01
1533 1.9256201163380648e+01 2.6641818015457874e-01
1534 1.9337693776604549e+01 2.6754566701073190e-01
1535 1.9639949634826980e+01 2.7172751238124127e-01
1536 1.9531763343904760e+01 2.7023070652111225e-01
1537 1.9188424709634067e+01 2.6548046251695695e-01
1538 1.8853852485281863e+01 2.6085150572605614e-01
1539 1.9090677307794060e+01 2.6412808336947613e-01
1540 1.9229734510651959e+01 2.6605200214288610e-01
1541 1.9149504725805802e+01 2.6494198708376038e-01
1542 1.8668560674181187e+01 2.5828791040981769e-01
1543 1.8589821783862551e+01 2.5719852254519698e-01
1544 1.8766836246950799e+01 2.5964759703901219e-01
1545 1.8916776295996133e+01 2.6172208487075094e-01
1546 1.8619861638201350e+01 2.5761413740386757e-01
1547 1.8260448334241161e+01 2.5264149313452372e-01
1548 1.8312319257012899e+01 2.5335915061693853e-01
1549 1.8504756815877357e+01 2.5602161055859907e-01
1550 1.8513007979440719e+01 2.5613576910742486e-01
1551 1.8072422570989190e+01 2.5004007236400183e-01
1552 1.7947500101650707e+01 2.4831171396874024e-01
1553 1.8048291446302191e+01 2.4970620743032948e-01
1554 1.8258823422979273e+01 2.5261901175838769e-01
1555 1.7942114502490341e+01 2.4823720178873274e-01
1556 1.7663509175128151e+01 2.4438257212073991e-01
1557 1.7648854352492844e+01 2.4417981607639552e-01
1558 1.7884852674775889e+01 2.4744495871843178e-01
1559 1.7795017569920837e+01 2.4620204974867127e-01
1560 1.7426509466219752e+01 2.4110357484558598e-01
1561 1.7325333998355557e+01 2.3970376686705661e-01
1562 1.7472814682846273e+01 2.4174422828707379e-01
1563 1.7586029533515063e+01 2.4331060652677619e-01
1564 1.7215762585986525e+01 2.3818779723043698e-01
1565 1.7045449840334101e+01 2.3583144400329389e-01
1566 1.7092096368798344e+01 2.3647681964714654e-01
1567 1.7304719291936770e+01 2.3941855315735783e-01
1568 1.7021056320828230e+01 2.3549394871960949e-01
1569 1.6774577359037007e+01 2.3208380172905535e-01
1570 1.6767837157118066e+01 2.3199054801229768e-01
1571 1.6973550717516929e+01 2.3483668738992361e-01
1572 1.6827610801794648e+01 2.3281754319690479e-01
1573 1.6502919466112850e+01 2.2832529293267265e-01
1574 1.6484778734680898e+01 2.2807430777657836e-01
1575 1.6633527349603359e+01 2.3013231158282854e-01
1576 1.6613532493188508e+01 2.2985567377595795e-01
1577 1.6241330373636181e+01 2.2470609050667936e-01
1578 1.6211664368146899e+01 2.2429564801452567e-01
1579 1.6320712223363291e+01 2.2580437400310538e-01
1580 1.6362722859020518e+01 2.2638560999061783e-01
1581 1.6000355637690138e+01 2.2137209694952523e-01
1582 1.5928074730793799e+01 2.2037205818217656e-01
1583 1.6048023347513890e+01 2.2203160109552111e-01
1584 1.6078531611518223e+01 2.2245369661201200e-01
1585 1.5774543396096968e+01 2.1824788330263598e-01
1586 1.5637196409697774e+01 2.1634762614102224e-01
1587 1.5803206448138177e+01 2.1864444948397690e-01
1588 1.5782777772303753e+01 2.1836180959085380e-01
1589 1.5543758938887811e+01 2.1505487682249222e-01
1590 1.5358326312292425e+01 2.1248933326072394e-01
1591 1.5562470437668264e+01 2.1531375880086151e-01
1592 1.5499842253040987e+01 2.1444726977567857e-01
1593 1.5288310954908811e+01 2.1152063938705959e-01
1594 1.5108575853412802e+01 2.0903392364057441e-01
1595 1.5309577977697243e+01 2.1181487818631847e-01
1596 1.5239414078845478e+01 2.1084412917481637e-01
1597 1.5004740607614925e+01 2.0759731644133195e-01
1598 1.4889469192299236e+01 2.0600248470730073e-01
1599 1.5046470750929986e+01 2.0817467169148018e-01
1600 1.4990867876554985e+01 2.0740538098472736e-01
1601 1.4709212291545091e+01 2.0350854963403456e-01
1602 1.4687131442883926e+01 2.0320305118879795e-01
1603 1.4787942453363286e+01 2.0459781673593661e-01
1604 1.4732243877602858e+01 2.0382720195759110e-01
1605 1.4426553477324976e+01 1.9959783815723600e-01
1606 1.4483869701445295e+01 2.0039083382621076e-01
1607 1.4546109112305141e+01 2.0125194399194304e-01
1608 1.4447104875047554e+01 1.9988217596272664e-01
1609 1.4174917059210147e+01 1.9611633544515072e-01
1610 1.4271207810318856e+01 1.9744856117640686e-01
1611 1.4317831313884875e+01 1.9809361826046509e-01
1612 1.4137526838269192e+01 1.9559902496765061e-01
1613 1.3957325528177252e+01 1.9310585901613034e-01
1614 1.4053493696440155e+01 1.9443638875873218e-01
1615 1.4084372035890622e+01 1.9486360443501172e-01
1616 1.3824419207999366e+01 1.9126704046347778e-01
1617 1.3763855671158677e+01 1.9042911676648683e-01
1618 1.3839234849583185e+01 1.9147202151010756e-01
1619 1.3823643749796110e+01 1.9125631165141643e-01
1620 1.3536167553144733e+01 1.8727894952792198e-01
1621 1.3580318177897052e+01 1.8788979322442270e-01
1622 1.3628370691398317e+01 1.8855462130189449e-01
1623 1.3527424400621316e+01 1.8715798409116011e-01
1624 1.3294140746499698e+01 1.8393040010075792e-01
1625 1.3395429310337784e+01 1.8533177281281346e-01
1626 1.3407356135084278e+01 1.8549678578276654e-01
1627 1.3211925184001766e+01 1.8279291091713129e-01
1628 1.3102766678478162e+01 1.8128265403192090e-01
1629 1.3200927086860244e+01 1.8264074731015881e-01
1630 1.3157856303279660e+01 1.8204484370061444e-01
1631 1.2913259072032085e+01 1.7866073129615165e-01
1632 1.2946786367586927e+01 1.7912459646828188e-01
1633 1.2987479865653018e+01 1.7968760926644006e-01
1634 1.2874348140143569e+01 1.7812238110060158e-01
1635 1.2668726019377774e+01 1.7527750683131291e-01
1636 1.2795216636970302e+01 1.7702756126103689e-01
1637 1.2745646067961395e+01 1.7634173020471750e-01
1638 1.2577177843532160e+01 1.7401089675602754e-01
1639 1.2493370224464703e+01 1.7285138075567019e-01
1640 1.2611752574676441e+01 1.7448925366934803e-01
1641 1.2476098571310166e+01 1.7261241968735502e-01
1642 1.2307096530539082e+01 1.7027420065014087e-01
1643 1.2364281025435803e+01 1.7106537378622211e-01
1644 1.2371979156648628e+01 1.7117188088442445e-01
1645 1.2199777458497310e+01 1.6878939315219990e-01
1646 1.2098972968618886e+01 1.6739471782049989e-01
1647 1.2225095286134932e+01 1.6913967665347066e-01
1648 1.2083176331080573e+01 1.6717616425482970e-01
1649 1.1952628966399809e+01 1.6536998290955135e-01
1650 1.1950293147420416e+01 1.6533766580627743e-01
1651 1.2018436373066891e+01 1.6628045789764390e-01
1652 1.1790839142419241e+01 1.6313154812655778e-01
1653 1.1760525226758727e+01 1.6271214150657545e-01
1654 1.1811343570063698e+01 1.6341523607994998e-01
1655 1.1733342797519725e+01 1.6233606040581258e-01
1656 1.1554368180887435e+01 1.5985986630852017e-01
1657 1.1609879047268606e+01 1.6062788404340966e-01
1658 1.1618404312951203e+01 1.6074583491799913e-01
1659 1.1426347359385328e+01 1.5808864082135884e-01
1660 1.1399243792720069e+01 1.5771365081967625e-01
1661 1.1445010841264596e+01 1.5834685846436303e-01
1662 1.1355251097243313e+01 1.5710499214553961e-01
1663 1.1181681756027313e+01 1.5470358245808088e-01
1664 1.1282562595736961e+01 1.5609931412394140e-01
1665 1.1215272060720110e+01 1.5516831938989645e-01
1666 1.1079271638436010e+01 1.5328669254679472e-01
1667 1.1033593436099380e+01 1.5265471412924472e-01
1668 1.1116075610070359e+01 1.5379589200218524e-01
1669 1.0939589863109859e+01 1.5135413253314450e-01
1670 1.0867032971798812e+01 1.5035027539762999e-01
1671 1.0922548292210655e+01 1.5111835475603158e-01
1672 1.0853888736263503e+01 1.5016841900336361e-01
1673 1.0701617802448167e+01 1.4806168233535105e-01
1674 1.0726182901392075e+01 1.4840155149751993e-01
1675 1.0747222489521036e+01 1.4869264363625284e-01
1676 1.0559362635382701e+01 1.4609351829273398e-01
1677 1.0554970745032778e+01 1.4603275451983103e-01
1678 1.0575207595168187e+01 1.4631274041836795e-01
1679 1.0485211137846095e+01 1.4506759906485389e-01
1680 1.0343899004116315e+01 1.4311248231141843e-01
1681 1.0443452923242116e+01 1.4448985543583254e-01
1682 1.0343097821892901e+01 1.4310139759600010e-01
1683 1.0229813548526344e+01 1.4153405886213569e-01
1684 1.0228639907339430e+01 1.4151782100989685e-01
1685 1.0253768195381850e+01 1.4186548214585304e-01
1686 1.0081016941715795e+01 1.3947539106658782e-01
1687 1.0064955416730719e+01 1.3925317266428069e-01
1688 1.0105548199896468e+01 1.3981479202661859e-01
1689 9.9739052312979872e+00 1.3799345250972314e-01
1690 9.9003559529919443e+00 1.3697586525501362e-01
1691 9.9400285324274726e+00 1.3752475318600135e-01
1692 9.8823926160070990e+00 1.3672733443066251e-01
1693 9.7290184777028639e+00 1.3460533443372141e-01
1694 9.7998284507875848e+00 1.3558502217202265e-01
1695 9.7394007542982841e+00 1.3474897788722215e-01
1696 9.6283905548679556e+00 1.3321310198626471e-01
1697 9.5985485638089152e+00 1.3280022465481794e-01
1698 9.6467962560395328e+00 1.3346775311755460e-01
1699 9.4793852717546798e+00 1.3115154706047025e-01
1700 9.4623932824755421e+00 1.3091645526730997e-01
1701 9.4860598525320015e+00 1.3124389287930030e-01
1702 9.3864852043806177e+00 1.2986623295951960e-01
1703 9.2961959566969288e+00 1.2861704072002642e-01
1704 9.3460982355543791e+00 1.2930746113088354e-01
1705 9.2750466368714477e+00 1.2832443039405378e-01
1706 9.1495411305046765e+00 1.2658800541999393e-01
1707 9.2047746612038832e+00 1.2735218609132898e-01
1708 9.1448631126783795e+00 1.2652328294511750e-01
1709 9.0406918893823853e+00 1.2508202734649129e-01
1710 9.0254276693422568e+00 1.2487084001571580e-01
1711 9.0538176827075354e+00 1.2526362858450812e-01
1712 8.8894029775299490e+00 1.2298887739280559e-01
1713 8.9050928851140547e+00 1.2320595430168729e-01
1714 8.8973479379622411e+00 1.2309879948397053e-01
1715 8.8028611960712837e+00 1.2179153302940131e-01
1716 8.7328211421371034e+00 1.2082249746788264e-01
1717 8.7888978742896580e+00 1.2159834420952918e-01
1718 8.6718090856173564e+00 1.1997836829995565e-01
1719 8.6068508095855147e+00 1.1907964141506555e-01
1720 8.6450851871471048e+00 1.1960863117804503e-01
1721 8.5632285704996409e+00 1.1847610817125902e-01
1722 8.4766398306157935e+00 1.1727811411697989e-01
1723 8.4996289194146328e+00 1.1759617847189772e-01
1724 8.4635164294563818e+00 1.1709654597564899e-01
1725 8.3326176034212782e+00 1.1528550200489102e-01
1726 8.3832282023497964e+00 1.1598572234163691e-01
1727 8.3253306671529241e+00 1.1518468397318032e-01
1728 8.2366040127933751e+00 1.1395711091320272e-01
1729 8.2201282784805834e+00 1.1372916173905971e-01
1730 8.2358434692824378e+00 1.1394658845259935e-01
1731 8.0932725102152343e+00 1.1197405528599480e-01
1732 8.1098755776733462e+00 1.1220376617131655e-01
1733 8.0965264235758525e+00 1.1201907463682945e-01
1734 7.9959016610906781e+00 1.1062688591422885e-01
1735 7.9656133022727937e+00 1.1020783288462740e-01
1736 7.9858951209140603e+00 1.1048844094261275e-01
1737 7.8789765610838645e+00 1.0900917471076225e-01
1738 7.8367296007856391e+00 1.0842466906584200e-01
1739 7.8714034555846721e+00 1.0890439739938630e-01
1740 7.7572185014644983e+00 1.0732459734330972e-01
1741 7.7266749937479906e+00 1.0690201421425288e-01
1742 7.7327211362977115e+00 1.0698566530832823e-01
1743 7.6674840118131637e+00 1.0608308043002196e-01
1744 7.5817260763305816e+00 1.0489658092727829e-01
1745 7.6375921036881804e+00 1.0566951247357838e-01
1746 7.5319110569586121e+00 1.0420736779054166e-01
1747 7.4876776104418354e+00 1.0359537821778131e-01
1748 7.4945094925707760e+00 1.0368990037136601e-01
1749 7.4438386258065359e+00 1.0298884620208074e-01
1750 7.3521065894718953e+00 1.0171969233446201e-01
1751 7.3925181320627065e+00 1.0227880415215311e-01
1752 7.3217714570645720e+00 1.0129999217127114e-01
1753 7.2458377621813490e+00 1.0024941544372465e-01
1754 7.2722378270996861e+00 1.0061467218319420e-01
1755 7.2119783337770871e+00 9.9780955064649859e-02
1756 7.1381757314081762e+00 9.8759862957906133e-02
1757 7.1485013864469096e+00 9.8902723026773443e-02
1758 7.1153093305446422e+00 9.8443496045602943e-02
1759 7.0118668388802838e+00 9.7012322775961266e-02
1760 7.0537084827481529e+00 9.7591220686269367e-02
1761 6.9865706592089563e+00 9.6662338784014062e-02
1762 6.9238768064436513e+00 9.5794941210687129e-02
1763 6.9204137344654360e+00 9.5747028056563294e-02
1764 6.9001946300868671e+00 9.5467287678531840e-02
1765 6.7954180453945012e+00 9.4017656633461719e-02
1766 6.8298349504069149e+00 9.4493829951457442e-02
1767 6.7758984789950079e+00 9.3747594677137280e-02
1768 6.7026183488648137e+00 9.2733731208162709e-02
1769 6.7113949443742706e+00 9.2855159343636751e-02
1770 6.6763572968904263e+00 9.2370397775124735e-02
1771 6.5938548346611325e+00 9.1228939205030446e-02
1772 6.6048068401711566e+00 9.1380465113607492e-02
1773 6.5743712108151957e+00 9.0959374530055925e-02
1774 6.4819563032440248e+00 8.9680772832588906e-02
1775 6.5116134739965528e+00 9.0091093092196900e-02
1776 6.4550825961438170e+00 8.9308963041088596e-02
1777 6.3954126968543727e+00 8.8483403220445872e-02
1778 6.3904092396669609e+00 8.8414178146037803e-02
1779 6.3701151901398223e+00 8.8133400868260450e-02
1780 6.2735902162045498e+00 8.6797934559141948e-02
1781 6.3095236319948578e+00 8.7295089483956353e-02
1782 6.2464832597504278e+00 8.6422897658209985e-02
1783 6.1917143750769288e+00 8.5665145573050119e-02
1784 6.1929096174130560e+00 8.5681682286877156e-02
1785 6.1579633379644729e+00 8.5198184836114632e-02
1786 6.0810790651335598e+00 8.4134456436295413e-02
1787 6.1032117118310305e+00 8.4440671530597491e-02
1788 6.0498791772976661e+00 8.3702791993878131e-02
1789 5.9860118149135841e+00 8.2819158388616559e-02
1790 6.0069387544356063e+00 8.3108691983345750e-02
1791 5.9441913436345333e+00 8.2240553410571363e-02
1792 5.8975864919205234e+00 8.1595754383251659e-02
1793 5.9004470725982632e+00 8.1635331799995631e-02
1794 5.8560069569324913e+00 8.1020482866860810e-02
1795 5.7890027590103239e+00 8.0093449734952721e-02
1796 5.8211146987570785e+00 8.0537732824642980e-02
1797 5.7392995507736497e+00 7.9405783555423978e-02
1798 5.7140544259260997e+00 7.9056505929863560e-02
1799 5.7088565854562017e+00 7.8984591475554811e-02
1800 5.6574242001738604e+00 7.8273001356004721e-02
1801 5.6078687700450400e+00 7.7587379752881630e-02
1802 5.6286166028028637e+00 7.7874435325192684e-02
1803 5.5479981363397348e+00 7.6759042681559281e-02
1804 5.5285112246297263e+00 7.6489432517510600e-02
1805 5.5275156720128855e+00 7.6475658600517499e-02
1806 5.4563879691454540e+00 7.5491574928159888e-02
1807 5.4399375543805961e+00 7.5263976061319210e-02
1808 5.4321437211230172e+00 7.5156144882402104e-02
1809 5.3665093389337137e+00 7.4248063765566988e-02
1810 5.3469845693033555e+00 7.3977929820209704e-02
1811 5.3478319872399851e+00 7.3989654227458665e-02
1812 5.2628105624693724e+00 7.2813344680765113e-02
1813 5.2757375004370326e+00 7.2992194665717727e-02
1814 5.2394026881101476e+00 7.2489486239779813e-02
1815 5.1883928062325673e+00 7.1783741644341703e-02
1816 5.1758474930373408e+00 7.1610171609287357e-02
1817 5.1619419863360001e+00 7.1417782686983011e-02
1818 5.0853787761397706e+00 7.0358496332722120e-02
1819 5.1072145861305973e+00 7.0660604558046444e-02
1820 5.0553274720049606e+00 6.9942723060988060e-02
1821 5.0121212204798091e+00 6.9344945191668644e-02
1822 5.0141650609727879e+00 6.9373222641620769e-02
1823 4.9704989343661081e+00 6.8769082194278838e-02
1824 4.9247278086259838e+00 6.8135818139762203e-02
1825 4.9331169403931669e+00 6.8251885540571267e-02
1826 4.8790914215169465e+00 6.7504418254641513e-02
1827 4.8424964885148167e+00 6.6998110942488642e-02
1828 4.8534394467813593e+00 6.7149511678394114e-02
1829 4.7828288518369595e+00 6.6172582426092086e-02
1830 4.7736743996374846e+00 6.6045926473830105e-02
1831 4.7574920723490646e+00 6.5822036717472276e-02
1832 4.7076429732934919e+00 6.5132352073027103e-02
1833 4.6845762554730559e+00 6.4813213685776222e-02
1834 4.6847764885159124e+00 6.4815983999735455e-02
1835 4.6098349600044761e+00 6.3779134338962901e-02
1836 4.6227961824983828e+00 6.3958458665713896e-02
1837 4.5848177361415452e+00 6.3433009825745998e-02
1838 4.5410261915596948e+00 6.2827134164463366e-02
1839 4.5366362688087065e+00 6.2766397614174227e-02
1840 4.5072611038830779e+00 6.2359979031670558e-02
1841 4.4560734628012897e+00 6.1651775057911196e-02
1842 4.4661705702811725e+00 6.1791473068790480e-02
1843 4.4174837429714238e+00 6.1117868975267067e-02
1844 4.3832067612005012e+00 6.0643631558077685e-02
1845 4.3895034479107657e+00 6.0730749042991701e-02
1846 4.3302262101780462e+00 5.9910621871108294e-02
1847 4.3166088013627695e+00 5.9722218912279308e-02
1848 4.3035324129188632e+00 5.9541301212954229e-02
1849 4.2569060903151072e+00 5.8896205126244459e-02
1850 4.2369152008695670e+00 5.8619622204173591e-02
1851 4.2337155910201707e+00 5.8575354166773674e-02
1852 4.1670280528442953e+00 5.7652702164488166e-02
1853 4.1799527257958946e+00 5.7831520811927641e-02
1854 4.1394281787110092e+00 5.7270845526374681e-02
1855 4.1051109725518460e+00 5.6796051586731983e-02
1856 4.0981282684564748e+00 5.6699442743592954e-02
1857 4.0687852882052518e+00 5.6293469450495605e-02
1858 4.0248711753014588e+00 5.5685898001502844e-02
1859 4.0351937145502896e+00 5.5828714962019313e-02
1860 3.9812090424833877e+00 5.5081812810017665e-02
1861 3.9633526327405186e+00 5.4834761372019779e-02
1862 3.9574056403150530e+00 5.4752482064385696e-02
1863 3.9057185001013499e+00 5.4037367296093999e-02
1864 3.8982607177672635e+00 5.3934185532433634e-02
1865 3.8795841545173655e+00 5.3675786902799352e-02
1866 3.8356037886116723e+00 5.3067298813808582e-02
1867 3.8285122160077156e+00 5.2969183726022051e-02
1868 3.8087006097120217e+00 5.2695081266743882e-02
1869 3.7586835885246601e+00 5.2003073344286638e-02
1870 3.7716699630500088e+00 5.2182745660674185e-02
1871 3.7217848119637860e+00 5.1492562220214401e-02
1872 3.7039343556436508e+00 5.1245593150490355e-02
1873 3.6930053083673848e+00 5.1094384879374906e-02
1874 3.6569689000410817e+00 5.0595805006629357e-02
1875 3.6318663924551373e+00 5.0248500554851930e-02
1876 3.6317974573269298e+00 5.0247546806433438e-02
1877 3.5764503080432495e+00 4.9481794171020416e-02
1878 3.5790898253213093e+00 4.9518313076475383e-02
1879 3.5520008424502585e+00 4.9143524848126979e-02
1880 3.5147624554500525e+00 4.8628315061299790e-02
1881 3.5138527527131402e+00 4.8615728915902080e-02
1882 3.4807855948702557e+00 4.8158229955404162e-02
1883 3.4516023229278323e+00 4.7754466298393652e-02
1884 3.4493604929044532e+00 4.7723449574483413e-02
1885 3.4108919915941427e+00 4.7191220604427951e-02
1886 3.3890236774999289e+00 4.6888662670254065e-02
1887 3.3876595702005408e+00 4.6869789633918649e-02
1888 3.3360290378678457e+00 4.6155458061051251e-02
1889 3.3391569969393848e+00 4.6198734777801710e-02
1890 3.3101654249327410e+00 4.5797623375386627e-02
1891 3.2809771970811785e+00 4.5393791151150283e-02
1892 3.2719692464399803e+00 4.5269162113657981e-02
1893 3.2494321535430224e+00 4.4957351324778162e-02
1894 3.2127270009631586e+00 4.4449519075330131e-02
1895 3.2204843243490466e+00 4.4556845123796485e-02
1896 3.1723406851946883e+00 4.3890756282041206e-02
1897 3.1652318156355808e+00 4.3792401883121890e-02
1898 3.1494590349757408e+00 4.3574178388066015e-02
1899 3.1137709317854472e+00 4.3080417473103823e-02
1900 3.1061630543119261e+00 4.2975159075866624e-02
1901 3.0868079620932818e+00 4.2707372693606485e-02
1902 3.0518309780453947e+00 4.2223450430940536e-02
1903 3.0517294103959576e+00 4.2222045196954036e-02
1904 3.0203214144265802e+00 4.1787501485166453e-02
1905 2.9955237549139841e+00 4.1444414743218493e-02
1906 2.9958570908404085e+00 4.1449026595273046e-02
1907 2.9521766146401922e+00 4.0844687614868251e-02
1908 2.9486612157420558e+00 4.0796050494336919e-02
1909 2.9279615206915270e+00 4.0509660928797687e-02
1910 2.8990938077689710e+00 4.0110263172365962e-02
1911 2.8897312520053799e+00 3.9980728013952936e-02
1912 2.8717343672510993e+00 3.9731733041164369e-02
1913 2.8369238604798039e+00 3.9250114066290774e-02
1914 2.8434083570894386e+00 3.9339829985401691e-02
1915 2.8012529012660248e+00 3.8756590345933310e-02
1916 2.7938983178718670e+00 3.8654836385895092e-02
1917 2.7787571022368773e+00 3.8445350876236351e-02
1918 2.7483731185558700e+00 3.8024974833762597e-02
1919 2.7396030408722787e+00 3.7903636875332873e-02
1920 2.7227299013214954e+00 3.7670189421472523e-02
1921 2.6911244154767693e+00 3.7232913348678585e-02
1922 2.6914961110048132e+00 3.7238055923027119e-02
1923 2.6606578899291136e+00 3.6811395302456924e-02
1924 2.6423195426694885e+00 3.6557676042749405e-02
1925 2.6383114733027604e+00 3.6502222605305695e-02
1926 2.6010288274472355e+00 3.5986400477363574e-02
1927 2.5986062040669755e+00 3.5952882396268940e-02
1928 2.5771105810624348e+00 3.5655480810485272e-02
1929 2.5530733923894391e+00 3.5322915523700149e-02
1930 2.5455733329020740e+00 3.5219148836661440e-02
1931 2.5248244003599005e+00 3.4932078048340622e-02
1932 2.4990982767903205e+00 3.4576145589716681e-02
1933 2.5014022312268636e+00 3.4608021832747943e-02
1934 2.4620935351433895e+00 3.4064168391149910e-02
1935 2.4612654798970843e+00 3.4052711875406420e-02
1936 2.4402341174896276e+00 3.3761733543220040e-02
1937 2.4174547604479342e+00 3.3446570921234119e-02
1938 2.4101416205694028e+00 3.3345390350823408e-02
1939 2.3898550713572724e+00 3.3064716843268338e-02
1940 2.3669454718296596e+00 3.2747752258071555e-02
1941 2.3657671813021777e+00 3.2731450080120586e-02
1942 2.3329947070245010e+00 3.2278028198922885e-02
1943 2.3264654982101600e+00 3.2187693666404914e-02
1944 2.3124296109060478e+00 3.1993500869981102e-02
1945 2.2845119831580201e+00 3.1607247968084395e-02
1946 2.2838755686538197e+00 3.1598442887965296e-02
1947 2.2576917962104677e+00 3.1236178651901682e-02
1948 2.2430228267322936e+00 3.1033226879640899e-02
1949 2.2345639747374770e+00 3.0916194868210650e-02
1950 2.2101161638085252e+00 3.0577948438336364e-02
1951 2.1979574388474510e+00 3.0409727024899452e-02
1952 2.1895251122868320e+00 3.0293062004748881e-02
1953 2.1585071286108750e+00 2.9863914287974504e-02
1954 2.1621112591588898e+00 2.9913779050681058e-02
1955 2.1328488979335010e+00 2.9508921157966495e-02
1956 2.1227924581814039e+00 2.9369785803341986e-02
1957 2.1118376392298202e+00 2.9218220969539042e-02
1958 2.0896176447942389e+00 2.8910797380101782e-02
1959 2.0789700604578427e+00 2.8763483275005101e-02
1960 2.0684048445693604e+00 2.8617308774330351e-02
1961 2.0419482355730687e+00 2.8251269722180367e-02
1962 2.0425553234676124e+00 2.8259669055500886e-02
1963 2.0168483388884590e+00 2.7904001393393982e-02
1964 2.0052436839148373e+00 2.7743445786752651e-02
1965 1.9976791470156685e+00 2.7638787025801335e-02
1966 1.9718877639635943e+00 2.7281951672965994e-02
1967 1.9683737982057590e+00 2.7233334380573539e-02
1968 1.9504142439922507e+00 2.6984855892560569e-02
1969 1.9329978514059516e+00 2.6743892289286451e-02
1970 1.9272459663451627e+00 2.6664312379554935e-02
1971 1.9071159715417363e+00 2.6385804872464245e-02
1972 1.8932787313322392e+00 2.6194360447694395e-02
1973 1.8886188486231572e+00 2.6129888880298831e-02
1974 1.8605299748220696e+00 2.5741266712448380e-02
1975 1.8623253349692452e+00 2.5766106325364461e-02
1976 1.8391234409228612e+00 2.5445097714396472e-02
1977 1.8281879240207408e+00 2.5293799933105481e-02
1978 1.8192234675625762e+00 2.5169772657144061e-02
1979 1.8006366523670954e+00 2.4912615732097684e-02
1980 1.7896038918366455e+00 2.4759972541591686e-02
1981 1.7818543997140350e+00 2.4652754842165364e-02
1982 1.7579729912914901e+00 2.4322344845017947e-02
1983 1.7585547851353243e+00 2.4330394223801663e-02
1984 1.7361020935876474e+00 2.4019751165446013e-02
1985 1.7264417489194035e+00 2.3886095963968689e-02
1986 1.7187311741379350e+00 2.3779416703412815e-02
1987 1.6975476314616038e+00 2.3486332888948538e-02
1988 1.6935315900137926e+00 2.3430769154187295e-02
1989 1.6781412026838287e+00 2.3217836242366636e-02
1990 1.6631641062688507e+00 2.3010621395729791e-02
1991 1.6581961954662188e+00 2.2941888121498919e-02
1992 1.6397602599367531e+00 2.2686818684306508e-02
1993 1.6297040572093457e+00 2.2547686609024894e-02
1994 1.6232084233184649e+00 2.2457816600632487e-02
1995 1.6007055132495311e+00 2.2146478746510538e-02
1996 1.6018815521196432e+00 2.2162749771771854e-02
1997 1.5804857827449741e+00 2.1866729705745203e-02
1998 1.5732465077398132e+00 2.1766571088988475e-02
1999 1.5636474121134718e+00 2.1633763295478142e-02
2000 1.5478208531574138e+00 2.1414795753572705e-02
