# step 15
# iter abs_residual rel_residual
0 7.2278104865846572e+01 1.0000000000000000e+00
1 1.1546600861374973e+03 1.5975240195915907e+01
2 1.1527745212176269e+03 1.5949152559509693e+01
3 1.1585072720811895e+03 1.6028467739040245e+01
4 1.2484330970662577e+03 1.7272631862490591e+01
5 1.4402468346343726e+03 1.9926460956711242e+01
6 1.2677694538271310e+03 1.7540159031288983e+01
7 1.4124522130195780e+03 1.9541909899840238e+01
8 1.3004236603879740e+03 1.7991944625577208e+01
9 1.3783981910462719e+03 1.9070757231455907e+01
10 1.3232324643114359e+03 1.8307514658380317e+01
11 1.3547601259471157e+03 1.8743713998335309e+01
12 1.3364428175034327e+03 1.8490285820082971e+01
13 1.3388396176553113e+03 1.8523446625230353e+01
14 1.3429152194675937e+03 1.8579834404348897e+01
15 1.3277325809240083e+03 1.8369775790170159e+01
16 1.3450051727494165e+03 1.8608749845417837e+01
17 1.3195692023761187e+03 1.8256831786408004e+01
18 1.3443069584353441e+03 1.8599089737209848e+01
19 1.3132163294697245e+03 1.8168936940269113e+01
20 1.3418458874598223e+03 1.8565039716389716e+01
21 1.3079856800742298e+03 1.8096568559758815e+01
22 1.3382737217512256e+03 1.8515617201573825e+01
23 1.3034526903345516e+03 1.8033852613510753e+01
24 1.3340055733957720e+03 1.8456565454666851e+01
25 1.2993510853111579e+03 1.7977105068303164e+01
26 1.3293075319972709e+03 1.8391565944687709e+01
27 1.2955114809386148e+03 1.7923982419616266e+01
28 1.3243513570126504e+03 1.8322995040762940e+01
29 1.2918249965163009e+03 1.7872978254120280e+01
30 1.3192485335202152e+03 1.8252395188955724e+01
31 1.2882212246140075e+03 1.7823118453438145e+01
32 1.3140716232937687e+03 1.8180770313953047e+01
33 1.2846546044813579e+03 1.7773772664152862e+01
34 1.3088677968927736e+03 1.8108773041602678e+01
35 1.2810958289431001e+03 1.7724535408349560e+01
36 1.3036675101298110e+03 1.8036824741732133e+01
37 1.2775263299658407e+03 1.7675149788957839e+01
38 1.2984901357302961e+03 1.7965193444686857e+01
39 1.2739346838620777e+03 1.7625457754137209e+01
40 1.2933476589212710e+03 1.7894044971458761e+01
41 1.2703142383687461e+03 1.7575367266844392e+01
42 1.2882471280015286e+03 1.7823476838423048e+01
43 1.2666615286057577e+03 1.7524830388909251e+01
44 1.2831922934636943e+03 1.7753540935327411e+01
45 1.2629752087398749e+03 1.7473828500125300e+01
46 1.2781847130489418e+03 1.7684258814219682e+01
47 1.2592553284049411e+03 1.7422362287199018e+01
48 1.2732245007417271e+03 1.7615632052125946e+01
49 1.2555028382783298e+03 1.7370444903178281e+01
50 1.2683108376859732e+03 1.7547649319805085e+01
51 1.2517192522232936e+03 1.7318097293040204e+01
52 1.2634423194692042e+03 1.7480291186580573e+01
53 1.2479064168627492e+03 1.7265345005641120e+01
54 1.2586171941787732e+03 1.7413533413955143e+01
55 1.2440663539091615e+03 1.7212216012279782e+01
56 1.2538335239662035e+03 1.7347349190925936e+01
57 1.2402011533676609e+03 1.7158739229114605e+01
58 1.2490892942249159e+03 1.7281710644507303e+01
59 1.2363129023457482e+03 1.7104943532214008e+01
60 1.2443824862358149e+03 1.7216589844815100e+01
61 1.2324036388438092e+03 1.7050857118227437e+01
62 1.2397111252414365e+03 1.7151959470194061e+01
63 1.2284753213144791e+03 1.6996507083225531e+01
64 1.2350733099348647e+03 1.7087793215210205e+01
65 1.2245298121544988e+03 1.6941919194302553e+01
66 1.2304672309105395e+03 1.7024066045926027e+01
67 1.2205688672036151e+03 1.6887117744288950e+01
68 1.2258911806677904e+03 1.6960754338303886e+01
69 1.2165941326643037e+03 1.6832125509134350e+01
70 1.2213435565444411e+03 1.6897835918793717e+01
71 1.2126071450135319e+03 1.6776963746686761e+01
72 1.2168228618979006e+03 1.6835290080673982e+01
73 1.2086093333597396e+03 1.6721652229302450e+01
74 1.2123277032839089e+03 1.6773097545018334e+01
75 1.2046020237668579e+03 1.6666209303670691e+01
76 1.2078567863336191e+03 1.6711240403653214e+01
77 1.2005864443566018e+03 1.6610651961406262e+01
78 1.2034089109102363e+03 1.6649702052147756e+01
79 1.1965637310968170e+03 1.6554995919133830e+01
80 1.1989829658860624e+03 1.6588467117551879e+01
81 1.1925349333545817e+03 1.6499255695317597e+01
82 1.1945779226432469e+03 1.6527521368476258e+01
83 1.1885010204050543e+03 1.6443444700314139e+01
84 1.1901928302488373e+03 1.6466851648336959e+01
85 1.1844628864412371e+03 1.6387575305684710e+01
86 1.1858268092571345e+03 1.6406445789608284e+01
87 1.1804213570169065e+03 1.6331658933336097e+01
88 1.1814790463302061e+03 1.6346292539395122e+01
89 1.1763771933523635e+03 1.6275706115092603e+01
90 1.1771487897182260e+03 1.6286381496901445e+01
91 1.1723310979355135e+03 1.6219726570189486e+01
92 1.1728353439171212e+03 1.6226703039516448e+01
93 1.1682837191230428e+03 1.6163729268932308e+01
94 1.1685380650383154e+03 1.6167248258752871e+01
95 1.1642356550319239e+03 1.6107722486537661e+01
96 1.1642563576320069e+03 1.6108008916295628e+01
97 1.1601874578349998e+03 1.6051713862564498e+01
98 1.1599896696503574e+03 1.6048977374315260e+01
99 1.1561396376451739e+03 1.5995710454653636e+01
100 1.1557374897054754e+03 1.5990146557530919e+01
101 1.1520926651050918e+03 1.5939718774357182e+01
102 1.1514993435988388e+03 1.5931509905193357e+01
103 1.1480469756785149e+03 1.5883744846511592e+01
104 1.1472747910266303e+03 1.5873061325501766e+01
105 1.1440029715528906e+03 1.5827794235560596e+01
106 1.1430634233289925e+03 1.5814795164463726e+01
107 1.1399610245723413e+03 1.5771872086134412e+01
108 1.1388648605586802e+03 1.5756706165338679e+01
109 1.1359214789444734e+03 1.5715983160499661e+01
110 1.1346787494226469e+03 1.5698789440158860e+01
111 1.1318846530403137e+03 1.5660131863462304e+01
112 1.1305047609337062e+03 1.5641040437238987e+01
113 1.1278508414169657e+03 1.5604322270351984e+01
114 1.1263425889435746e+03 1.5583454920880238e+01
115 1.1238203171283983e+03 1.5548558158992833e+01
116 1.1221919476107230e+03 1.5526028936336848e+01
117 1.1197933329737384e+03 1.5492843026974164e+01
118 1.1180525705923603e+03 1.5468758798636840e+01
119 1.1157701230422776e+03 1.5437180113026320e+01
120 1.1139242088676690e+03 1.5411641062465508e+01
121 1.1117509047696610e+03 1.5381572425468981e+01
122 1.1098066298866884e+03 1.5354672510389838e+01
123 1.1077358792262601e+03 1.5326022746200922e+01
124 1.1056996160753579e+03 1.5297850132175116e+01
125 1.1037252332627152e+03 1.5270533660384560e+01
126 1.1016029635330569e+03 1.5241171106764797e+01
127 1.0997191401755865e+03 1.5215107565655538e+01
128 1.0975164815433993e+03 1.5184632795512139e+01
129 1.0957177605424056e+03 1.5159746683676026e+01
130 1.0934399909868437e+03 1.5128232720217941e+01
131 1.0917212434669766e+03 1.5104453077364035e+01
132 1.0893733238513130e+03 1.5071968556359762e+01
133 1.0877297275775682e+03 1.5049228664703838e+01
134 1.0853163221768777e+03 1.5015838118491123e+01
135 1.0837433411672000e+03 1.4994075220686909e+01
136 1.0812688376700626e+03 1.4959839354905283e+01
137 1.0797622035141756e+03 1.4938994395582077e+01
138 1.0772307304170970e+03 1.4903970329832466e+01
139 1.0757864254723393e+03 1.4883987723101999e+01
140 1.0732018690390773e+03 1.4848229225586618e+01
141 1.0718161096221122e+03 1.4829056622492814e+01
142 1.0691821292846446e+03 1.4792614323094449e+01
143 1.0678513515702796e+03 1.4774202416517277e+01
144 1.0651713940623774e+03 1.4737124002343631e+01
145 1.0638922397488006e+03 1.4719426328671210e+01
146 1.0611695529636947e+03 1.4681756735781919e+01
147 1.0599388563580233e+03 1.4664729496233292e+01
148 1.0571765012100277e+03 1.4626511073750818e+01
149 1.0559912776355177e+03 1.4610112973984506e+01
150 1.0531921400326830e+03 1.4571385649741154e+01
151 1.0520495743119111e+03 1.4555577740514805e+01
152 1.0492163758016579e+03 1.4516379168339844e+01
153 1.0481138117913954e+03 1.4501124700720515e+01
154 1.0452491196661056e+03 1.4461490400255569e+01
155 1.0441840510119575e+03 1.4446754697706023e+01
156 1.0412902872588741e+03 1.4406718178230941e+01
157 1.0402603481843066e+03 1.4392468509171700e+01
158 1.0373397988396569e+03 1.4352061399023052e+01
159 1.0363427553354466e+03 1.4338266854934481e+01
160 1.0333975781027402e+03 1.4297519006908129e+01
161 1.0324313207362977e+03 1.4284150402844201e+01
162 1.0294635529043064e+03 1.4243090003744090e+01
163 1.0285260887849095e+03 1.4230119767167785e+01
164 1.0255376543608402e+03 1.4188773436496609e+01
165 1.0246271007435037e+03 1.4176175518786584e+01
166 1.0216198166708908e+03 1.4134568394773101e+01
167 1.0207343943746805e+03 1.4122318180163106e+01
168 1.0177099774287376e+03 1.4080474015162427e+01
169 1.0168480047089553e+03 1.4068548235960243e+01
170 1.0138080767373681e+03 1.4026489468962554e+01
171 1.0129679638449994e+03 1.4014866130277513e+01
172 1.0099140573906632e+03 1.3972613964701166e+01
173 1.0090943013405703e+03 1.3961272272059745e+01
174 1.0060278648025970e+03 1.3918846747156113e+01
175 1.0052270441556182e+03 1.3907767034309945e+01
176 1.0021494466797579e+03 1.3865187092824588e+01
177 1.0013662172155543e+03 1.3854350761882356e+01
178 9.9827875258429287e+02 1.3811634303876270e+01
179 9.9751184302700005e+02 1.3801023766166182e+01
180 9.9441573467227170e+02 1.3758187718368927e+01
181 9.9366394213113824e+02 1.3747786331357897e+01
182 9.9056034660980572e+02 1.3704846695252426e+01
183 9.8982253330697813e+02 1.3694638717273522e+01
184 9.8671254400460214e+02 1.3651610620339486e+01
185 9.8598763320218052e+02 1.3641581154240907e+01
186 9.8287228418030759e+02 1.3598478903183615e+01
187 9.8215925727237368e+02 1.3588613856095602e+01
188 9.7903952593263443e+02 1.3545450973705012e+01
189 9.7833741900900679e+02 1.3535737009497860e+01
190 9.7521422962335305e+02 1.3492526283490992e+01
191 9.7452213053166759e+02 1.3482950782127611e+01
192 9.7139635705750652e+02 1.3439704304097194e+01
193 9.7071340264630442e+02 1.3430255323490000e+01
194 9.6758587122220672e+02 1.3386984523433709e+01
195 9.6691124481865540e+02 1.3377650764547758e+01
196 9.6378273646051150e+02 1.3334366448170750e+01
197 9.6311566502264816e+02 1.3325137215623750e+01
198 9.5998691833289365e+02 1.3281849601822008e+01
199 9.5932667049503630e+02 1.3272714776841708e+01
200 9.5619838332433926e+02 1.3229433520692236e+01
201 9.5554426703433364e+02 1.3220383528426671e+01
202 9.5241709909067242e+02 1.3177117757285252e+01
203 9.5176845945138984e+02 1.3168143536938903e+01
204 9.4864303432147369e+02 1.3124901878407359e+01
205 9.4799925168127095e+02 1.3115994856821809e+01
206 9.4487615845594019e+02 1.3072785461236140e+01
207 9.4423664670835672e+02 1.3063937529365617e+01
208 9.4111644193153973e+02 1.3020768096760705e+01
209 9.4048064648308593e+02 1.3011971581555528e+01
210 9.3736385591339922e+02 1.2968849386037650e+01
211 9.3673125252499301e+02 1.2960097034414979e+01
212 9.3361837237635382e+02 1.2917028941326249e+01
213 9.3298846505341123e+02 1.2908313890978544e+01
214 9.2987996415295311e+02 1.2865306386752643e+01
215 9.2925228388291839e+02 1.2856622148680826e+01
216 9.2614860447985245e+02 1.2813681352033949e+01
217 9.2552270815972156e+02 1.2805021795709214e+01
218 9.2242426760243563e+02 1.2762153480843503e+01
219 9.2179973606358737e+02 1.2753512806879964e+01
220 9.1870692806518900e+02 1.2710722420992857e+01
221 9.1808336550755052e+02 1.2702095153318977e+01
222 9.1499656116697975e+02 1.2659387830730759e+01
223 9.1437359359188167e+02 1.2650768794907195e+01
224 9.1129314270461236e+02 1.2608149375195142e+01
225 9.1067041698914522e+02 1.2599533685608053e+01
226 9.0759664896080562e+02 1.2557006726246781e+01
227 9.0697383169889270e+02 1.2548389770073554e+01
228 9.0390705672526599e+02 1.2505959562760857e+01
229 9.0328383340693631e+02 1.2497336988614974e+01
230 9.0022434340332973e+02 1.2455007572130063e+01
231 8.9960041708205335e+02 1.2446375271623090e+01
232 8.9654848648807149e+02 1.2404150442960988e+01
233 8.9592357757047637e+02 1.2395504547793220e+01
234 8.9287946419367449e+02 1.2353387873837088e+01
235 8.9225330891523583e+02 1.2344724734708015e+01
236 8.8921725519002848e+02 1.2302719569646721e+01
237 8.8858960492041422e+02 1.2294035746644177e+01
238 8.8556183822493267e+02 1.2252145236356155e+01
239 8.8493245909425059e+02 1.2243437493785285e+01
240 8.8191319253654808e+02 1.2201664586716035e+01
241 8.8128186447238397e+02 1.2192929879776280e+01
242 8.7827129783243993e+02 1.2151277339971426e+01
243 8.7763781374629673e+02 1.2142512803500541e+01
244 8.7463613380998993e+02 1.2100983215226496e+01
245 8.7400029932619884e+02 1.2092186159949920e+01
246 8.7100768086101561e+02 1.2050781941193247e+01
247 8.7036931317643484e+02 1.2041949837947518e+01
248 8.6738591940288575e+02 1.2000673246937192e+01
249 8.6674484725038531e+02 1.1991803726164747e+01
250 8.6377083001913763e+02 1.1950656863822857e+01
251 8.6312689283090401e+02 1.1941747703995981e+01
252 8.6016239401646646e+02 1.1900732533219992e+01
253 8.5951544118116067e+02 1.1891781650563251e+01
254 8.5656059241346327e+02 1.1850899992512284e+01
255 8.5591048331267427e+02 1.1841905441506892e+01
256 8.5296540675303254e+02 1.1801158986337542e+01
257 8.5231200980636982e+02 1.1792118946509776e+01
258 8.4937681873209795e+02 1.1751509261464495e+01
259 8.4872001123434700e+02 1.1742422035132675e+01
260 8.4579481023397670e+02 1.1701950567240708e+01
261 8.4513447784195751e+02 1.1692814572415653e+01
262 8.4221936322876411e+02 1.1652482654214365e+01
263 8.4155539962054388e+02 1.1643296419884445e+01
264 8.3865046014690984e+02 1.1603105279302856e+01
265 8.3798276641909206e+02 1.1593867437095218e+01
266 8.3508808331818432e+02 1.1553818198030630e+01
267 8.3441656792419849e+02 1.1544527481357409e+01
268 8.3153221536817318e+02 1.1504621170014868e+01
269 8.3085679340969455e+02 1.1495276404269665e+01
270 8.2798283914357023e+02 1.1455513957931890e+01
271 8.2730343237752300e+02 1.1446114060586652e+01
272 8.2443993739995619e+02 1.1406496323197416e+01
273 8.2375647377230052e+02 1.1397040297352186e+01
274 8.2090349337128362e+02 1.1357568033845661e+01
275 8.2021590649477571e+02 1.1348054961003145e+01
276 8.1737349013469134e+02 1.1308728855741252e+01
277 8.1668171944366748e+02 1.1299157897948325e+01
278 8.1384991106390351e+02 1.1259978558852204e+01
279 8.1315390119849417e+02 1.1250348950180239e+01
280 8.1033273951045112e+02 1.1211316912839479e+01
281 8.0963244025441816e+02 1.1201627958524298e+01
282 8.0682195906190611e+02 1.1162743690629776e+01
283 8.0611732501042036e+02 1.1152994762475204e+01
284 8.0331755331961131e+02 1.1114258665340316e+01
285 8.0260854365379805e+02 1.1104449198598912e+01
286 7.9981950615316725e+02 1.1065861613799788e+01
287 7.9910608423080953e+02 1.1055991101510044e+01
288 7.9632780127279841e+02 1.1017552310631840e+01
289 7.9560993485277004e+02 1.1007620306723316e+01
290 7.9284242268556636e+02 1.0969330534566998e+01
291 7.9212008323966370e+02 1.0959336644339199e+01
292 7.8936335448906857e+02 1.0921196065588388e+01
293 7.8863651723979854e+02 1.0911139946233584e+01
294 7.8589058052269422e+02 1.0873148680106713e+01
295 7.8515922454878660e+02 1.0863030042169745e+01
296 7.8242408522128233e+02 1.0825188162770987e+01
297 7.8168819265299089e+02 1.0815006759015903e+01
298 7.7896385265696767e+02 1.0777314293212051e+01
299 7.7822340903309509e+02 1.0767069923561699e+01
300 7.7550986720960009e+02 1.0729526855318120e+01
301 7.7476486104818412e+02 1.0719219360914403e+01
302 7.7206211321001274e+02 1.0681825632299246e+01
303 7.7131253598769320e+02 1.0671454895217652e+01
304 7.6862057518717222e+02 1.0634210410106739e+01
305 7.6786642094200772e+02 1.0623776347861137e+01
306 7.6518523750125792e+02 1.0586680972356669e+01
307 7.6442650311659986e+02 1.0576183541826826e+01
308 7.6175608487699219e+02 1.0539237107708717e+01
309 7.6099276934679676e+02 1.0528676294975563e+01
310 7.5833310178239083e+02 1.0491878601270916e+01
311 7.5756520684451607e+02 1.0481254430378499e+01
312 7.5491627275329915e+02 1.0444605239089746e+01
313 7.5414380217737323e+02 1.0433917762192563e+01
314 7.5150558279938093e+02 1.0397416813767185e+01
315 7.5072854235989894e+02 1.0386666110757965e+01
316 7.4810101621284662e+02 1.0350313107978918e+01
317 7.4731941401698271e+02 1.0339499291024051e+01
318 7.4470255811385334e+02 1.0303293915855646e+01
319 7.4391640374393455e+02 1.0292417117530926e+01
320 7.4131019305214750e+02 1.0256359023636179e+01
321 7.4051949826648570e+02 1.0245419406623125e+01
322 7.3792390604515606e+02 1.0209508224029900e+01
323 7.3712868386947764e+02 1.0198505968545277e+01
324 7.3454368180297786e+02 1.0162741305494167e+01
325 7.3374394726856883e+02 1.0151676619502560e+01
326 7.3116950527662948e+02 1.0116058059819546e+01
327 7.3036527465602774e+02 1.0104931168458815e+01
328 7.2780136136159831e+02 1.0069458278028328e+01
329 7.2699265252844077e+02 1.0058269428588257e+01
330 7.2443923489447832e+02 1.0022941750327991e+01
331 7.2362606703660833e+02 1.0011691208281000e+01
332 7.2108311097136220e+02 9.9765082705162929e+00
333 7.2026550458755571e+02 9.9651963194721418e+00
334 7.1773297436949213e+02 9.9301576279795487e+00
335 7.1691095113173287e+02 9.9187845677798521e+00
336 7.1438881029770971e+02 9.8838896180754521e+00
337 7.1356239292379075e+02 9.8724557630310663e+00
338 7.1105060356940817e+02 9.8377040306904817e+00
339 7.1021981597392846e+02 9.8262097116706109e+00
340 7.0771833938695670e+02 9.7916006610927813e+00
341 7.0688320629434168e+02 9.7800462201709415e+00
342 7.0439200252732371e+02 9.7455792986648806e+00
343 7.0355254992893674e+02 9.7339650954432404e+00
344 7.0107157832372491e+02 9.6996397404852388e+00
345 7.0022783261127995e+02 9.6879661401049990e+00
346 6.9775705161297560e+02 9.6537817767643954e+00
347 6.9690904045644993e+02 9.6420491620521016e+00
348 6.9444840747012586e+02 9.6080052010089734e+00
349 6.9359615906135843e+02 9.5962139620113653e+00
350 6.9114563108597133e+02 9.5623098083269884e+00
351 6.9028917440072826e+02 9.5504603459367843e+00
352 6.8784870736084451e+02 9.5166953898077686e+00
353 6.8698807203401418e+02 9.5047881140369430e+00
354 6.8455762145560595e+02 9.4711617401451633e+00
355 6.8369283784523373e+02 9.4591970710108875e+00
356 6.8127235837661783e+02 9.4257086518954658e+00
357 6.8040345729540581e+02 9.4136870157052979e+00
358 6.7799290332577812e+02 9.3803359203203005e+00
359 6.7711991612030624e+02 9.3682577507682332e+00
360 6.7471924113828788e+02 9.3350433356078710e+00
361 6.7384219985944412e+02 9.3229090761323139e+00
362 6.7145135713612183e+02 9.2898306946811129e+00
363 6.7057029403964691e+02 9.2776407915547061e+00
364 6.6818923610330637e+02 9.2446977870202094e+00
365 6.6730418422691366e+02 9.2324526973345371e+00
366 6.6493286331414095e+02 9.1996444088884832e+00
367 6.6404385568623536e+02 9.1873445896063419e+00
368 6.6168222374594961e+02 9.1546703524404798e+00
369 6.6078929408116608e+02 9.1423162700189664e+00
370 6.5843730240245861e+02 9.1097754101960220e+00
371 6.5754048451979077e+02 9.0973675325360812e+00
372 6.5519808441152554e+02 9.0649593763923519e+00
373 6.5429741253370457e+02 9.0524981769808193e+00
374 6.5196455475737412e+02 9.0202220432794658e+00
375 6.5106006326756733e+02 9.0077079978228856e+00
376 6.4873669848803104e+02 8.9755632039901094e+00
377 6.4782842214733455e+02 8.9629967934238355e+00
378 6.4551450051197412e+02 8.9309826497263050e+00
379 6.4460247421800784e+02 8.9183643568745605e+00
380 6.4229794603205835e+02 8.8864801757629106e+00
381 6.4138220481181827e+02 8.8738104852398987e+00
382 6.3908701979246814e+02 8.8420555710288777e+00
383 6.3816759899541034e+02 8.8293349719101784e+00
384 6.3588170698035958e+02 8.7977086305818659e+00
385 6.3495864190203974e+02 8.7849376111973232e+00
386 6.3268199237015449e+02 8.7534391437691728e+00
387 6.3175531872179647e+02 8.7406181981995843e+00
388 6.2948786104180010e+02 8.7092469041651750e+00
389 6.2855761424989066e+02 8.6963765225518763e+00
390 6.2629929790447181e+02 8.6651317029815456e+00
391 6.2536551373040254e+02 8.6522123800994297e+00
392 6.2311628782976470e+02 8.6210933309100160e+00
393 6.2217900199902169e+02 8.6081255610372089e+00
394 6.1993881576343563e+02 8.5771315796683822e+00
395 6.1899806409462167e+02 8.5641158583713164e+00
396 6.1676686648741713e+02 8.5332462387078536e+00
397 6.1582268482348434e+02 8.5201830618898509e+00
398 6.1360042501102851e+02 8.4894371006256399e+00
399 6.1265284918061104e+02 8.4763269639919212e+00
400 6.1043947597804788e+02 8.4457039529615230e+00
401 6.0948854185831476e+02 8.4325473528888164e+00
402 6.0728400447020510e+02 8.4020465893145442e+00
403 6.0632974771324041e+02 8.3888440190654219e+00
404 6.0413399502049515e+02 8.3584647956917504e+00
405 6.0317645159930078e+02 8.3452167529688310e+00
406 6.0098943263584727e+02 8.3149583646572829e+00
407 6.0002863802599256e+02 8.3016653402809801e+00
408 5.9785030189005602e+02 8.2715270827826721e+00
409 5.9688629199441391e+02 8.2581895734853354e+00
410 5.9471658764005224e+02 8.2281707405567648e+00
411 5.9374939782369540e+02 8.2147892356300360e+00
412 5.9158827463066928e+02 8.1848891269174828e+00
413 5.9061794040950713e+02 8.1714641177399034e+00
414 5.8846534737116440e+02 8.1416820275434585e+00
415 5.8749190419278079e+02 8.1282140045482461e+00
416 5.8534779073269783e+02 8.0985492331204032e+00
417 5.8437127384058056e+02 8.0850386839170199e+00
418 5.8223558916665138e+02 8.0554905285262119e+00
419 5.8125603374194304e+02 8.0419379398615476e+00
420 5.7912872750038832e+02 8.0125057038406506e+00
421 5.7814616845626483e+02 7.9989115587541519e+00
422 5.7602719012671412e+02 7.9695945431311817e+00
423 5.7504166241579640e+02 7.9559593252080365e+00
424 5.7293096180221687e+02 7.9267568354983640e+00
425 5.7194249998231930e+02 7.9130810228614354e+00
426 5.6984002684743643e+02 7.8839923640098348e+00
427 5.6884866568141990e+02 7.8702764376188954e+00
428 5.6675436994524330e+02 7.8413009167462357e+00
429 5.6576014366021593e+02 7.8275453501486787e+00
430 5.6367397543462812e+02 7.7986822770304798e+00
431 5.6267691846886828e+02 7.7848875466953320e+00
432 5.6059882782513398e+02 7.7561362305451453e+00
433 5.5959897411042618e+02 7.7423028059338668e+00
434 5.5752891157999125e+02 7.7136625623320576e+00
435 5.5652629506244489e+02 7.6997909131042963e+00
436 5.5446421094621621e+02 7.6712610544416204e+00
437 5.5345886535627176e+02 7.6573516472731500e+00
438 5.5140471043227183e+02 7.6289314925414704e+00
439 5.5039666927506482e+02 7.6149847909908699e+00
440 5.4835039423465457e+02 7.5866736579830478e+00
441 5.4733969080388204e+02 7.5726901226835484e+00
442 5.4530124683692839e+02 7.5444873360895004e+00
443 5.4428791409984103e+02 7.5304674231578019e+00
444 5.4225725228308374e+02 7.5023723061022798e+00
445 5.4124132322854086e+02 7.4883164719540476e+00
446 5.3921839500082069e+02 7.4603283525716302e+00
447 5.3819990213936796e+02 7.4462370470048462e+00
448 5.3618465897516899e+02 7.4183552539232558e+00
449 5.3516363495323264e+02 7.4042289286158693e+00
450 5.3315602853072050e+02 7.3764527932808548e+00
451 5.3213250538230079e+02 7.3622918914376285e+00
452 5.3013248771669771e+02 7.3346207499582654e+00
453 5.2910649755357940e+02 7.3204257158601429e+00
454 5.2711402066296318e+02 7.2928589043850165e+00
455 5.2608559507525490e+02 7.2786301750953220e+00
456 5.2410061143610062e+02 7.2511670361151488e+00
457 5.2306978198999036e+02 7.2369050483662516e+00
458 5.2109224398999186e+02 7.2095449231434197e+00
459 5.2005904192614503e+02 7.1952501091639371e+00
460 5.1808890236781576e+02 7.1679923447000515e+00
461 5.1705335874372565e+02 7.1536651341843340e+00
462 5.1509057042556458e+02 7.1265090774254558e+00
463 5.1405271604223049e+02 7.1121498965191430e+00
464 5.1209723220910291e+02 7.0850949005870127e+00
465 5.1105709751052422e+02 7.0707041704964926e+00
466 5.0910887144400459e+02 7.0437495890207380e+00
467 5.0806648679504599e+02 7.0293277298575330e+00
468 5.0612547205765293e+02 7.0024729203547693e+00
469 5.0508086742102358e+02 6.9880203466664002e+00
470 5.0314701773852238e+02 6.9612646689118360e+00
471 5.0210022304926281e+02 6.9467817948630142e+00
472 5.0017349229864760e+02 6.9201246107241747e+00
473 4.9912453696351076e+02 6.9056118431705187e+00
474 4.9720487948380884e+02 6.8790525209073659e+00
475 4.9615379280129633e+02 6.8645102652067855e+00
476 4.9424116285687325e+02 6.8380481720463040e+00
477 4.9318797383230896e+02 6.8234768295004660e+00
478 4.9128232618385738e+02 6.7971113395365466e+00
479 4.9022706351120291e+02 6.7825113071392789e+00
480 4.8832835285516182e+02 6.7562417935768355e+00
481 4.8727104513329118e+02 6.7416134670063883e+00
482 4.8537922662507077e+02 6.7154393094004048e+00
483 4.8431990193457125e+02 6.7007830771642984e+00
484 4.8243493077046242e+02 6.6747036556353656e+00
485 4.8137361725465968e+02 6.6600199071091328e+00
486 4.7949544894137114e+02 6.6340346060726079e+00
487 4.7843217406716258e+02 6.6193237212730960e+00
488 4.7656076444611574e+02 6.5934319297752371e+00
489 4.7549555577816125e+02 6.5786942900718781e+00
490 4.7363086062851357e+02 6.5528953962974947e+00
491 4.7256374523988654e+02 6.5381313762584021e+00
492 4.7070572087826758e+02 6.5124247758284710e+00
493 4.6963672571609919e+02 6.4976347482792907e+00
494 4.6778532834148530e+02 6.4720198351870035e+00
495 4.6671448003225800e+02 6.4572041685170642e+00
496 4.6486966644006208e+02 6.4316803450075790e+00
497 4.6379699120422572e+02 6.4168394019885655e+00
498 4.6195871815813467e+02 6.3914060698680979e+00
499 4.6088424215466654e+02 6.3765402124211930e+00
500 4.5905246676172686e+02 6.3511967782464920e+00
501 4.5797621573743737e+02 6.3363063625903662e+00
502 4.5615089517982619e+02 6.3110522339576489e+00
503 4.5507289478209742e+02 6.2961376149353372e+00
504 4.5325398660034875e+02 6.2709722043988450e+00
505 4.5217426198717220e+02 6.2560337300824447e+00
506 4.5036172385005642e+02 6.2309564519706289e+00
507 4.4928030019223667e+02 6.2159944706095107e+00
508 4.4747408998371964e+02 6.1910047422281496e+00
509 4.4639099185381195e+02 6.1760195937946376e+00
510 4.4459106782809380e+02 6.1511168375718652e+00
511 4.4350631979908587e+02 6.1361088620442654e+00
512 4.4171264019141898e+02 6.1112925001460656e+00
513 4.4062626640851050e+02 6.0962620315840450e+00
514 4.3883878989429047e+02 6.0715314922659802e+00
515 4.3775081434654891e+02 6.0564788625690493e+00
516 4.3596949957353985e+02 6.0318335737043878e+00
517 4.3487994591747741e+02 6.0167591101710025e+00
518 4.3310475206457676e+02 5.9921985069814809e+00
519 4.3201364359211732e+02 5.9771025318658548e+00
520 4.3024452981023620e+02 5.9526260491860068e+00
521 4.2915188970292451e+02 5.9375088832152096e+00
522 4.2738881550327312e+02 5.9131159608644674e+00
523 4.2629466656218295e+02 5.8979779195015825e+00
524 4.2453759150007028e+02 5.8736679979095046e+00
525 4.2344195642652176e+02 5.8585093952374772e+00
526 4.2169084042022530e+02 5.8342819198554556e+00
527 4.2059374137978921e+02 5.8191030625449001e+00
528 4.1884854450754494e+02 5.7949574810374225e+00
529 4.1775000370056262e+02 5.7797586762400188e+00
530 4.1601068621658413e+02 5.7556944387063034e+00
531 4.1491072525690134e+02 5.7404759854593017e+00
532 4.1317724778806684e+02 5.7164925471545489e+00
533 4.1207588825629347e+02 5.7012547440353663e+00
534 4.1034821139269798e+02 5.6773515597058628e+00
535 4.0924547452871809e+02 5.6620947005778239e+00
536 4.0752355924123657e+02 5.6382712302381197e+00
537 4.0641946609092071e+02 5.6229956062802815e+00
538 4.0470327336870298e+02 5.5992513101977668e+00
539 4.0359784463663601e+02 5.5839572078673481e+00
540 4.0188733594858240e+02 5.5602915529469756e+00
541 4.0078059203972941e+02 5.5449792545558214e+00
542 3.9907572879845952e+02 5.5213917069238763e+00
543 3.9796768999658616e+02 5.5060614931069818e+00
544 3.9626843397237957e+02 5.4825515238381337e+00
545 3.9515912016076368e+02 5.4672036696895665e+00
546 3.9346543316929774e+02 5.4437707504865855e+00
547 3.9235486417504438e+02 5.4284055303232366e+00
548 3.9066670834781479e+02 5.4050491372583807e+00
549 3.8955490346161815e+02 5.3896668179756571e+00
550 3.8787224110982476e+02 5.3663864296074708e+00
551 3.8675921961492560e+02 5.3509872779976577e+00
552 3.8508201321584590e+02 5.3277823751824451e+00
553 3.8396779388062902e+02 5.3123666509145639e+00
554 3.8229600622976028e+02 5.2892367189113427e+00
555 3.8118060777594752e+02 5.2738046810088131e+00
556 3.7951420163603615e+02 5.2507492046234772e+00
557 3.7839764244554010e+02 5.2353011074083042e+00
558 3.7673658095651979e+02 5.2123195766653030e+00
559 3.7561887921178277e+02 5.1968556716997325e+00
560 3.7396312553044515e+02 5.1739475768567527e+00
561 3.7284429909024408e+02 5.1584681112249724e+00
562 3.7119381681107194e+02 5.1356329485953554e+00
563 3.7007388322523815e+02 5.1201381651071545e+00
564 3.6842863591481438e+02 5.0973754306182313e+00
565 3.6730761260824306e+02 5.0818655703548501e+00
566 3.6566756416448106e+02 5.0591747645180609e+00
567 3.6454546818844778e+02 5.0436500633915449e+00
568 3.6291058250977403e+02 5.0210306867254273e+00
569 3.6178743088599100e+02 5.0054913802387988e+00
570 3.6015767215629489e+02 4.9829429372113969e+00
571 3.5903348138556242e+02 4.9673892536606310e+00
572 3.5740881398403599e+02 4.9449112514420897e+00
573 3.5628360053903856e+02 4.9293434187341640e+00
574 3.5466398896035327e+02 4.9069353660923385e+00
575 3.5353776886653350e+02 4.8913536059464393e+00
576 3.5192317786925378e+02 4.8690150153002607e+00
577 3.5079596711208325e+02 4.8534195488825578e+00
578 3.4918636144308772e+02 4.8311499324892795e+00
579 3.4805817566461167e+02 4.8155409762144838e+00
580 3.4645352041655428e+02 4.7933398511153174e+00
581 3.4532437503475194e+02 4.7777176182980883e+00
582 3.4372463533278051e+02 4.7555845019838090e+00
583 3.4259454549188348e+02 4.7399492021513829e+00
584 3.4099968684160820e+02 4.7178836173766374e+00
585 3.3986866738067096e+02 4.7022354558339892e+00
586 3.3827865522827847e+02 4.6802369245312709e+00
587 3.3714672088798358e+02 4.6645761052223556e+00
588 3.3556152101828684e+02 4.6426441540092043e+00
589 3.3442868614233822e+02 4.6269708753855987e+00
590 3.3284826433945443e+02 4.6051050308699306e+00
591 3.3171454323853345e+02 4.5894194909263302e+00
592 3.3013886555192965e+02 4.5676192833872920e+00
593 3.2900427204089084e+02 4.5519216732584056e+00
594 3.2743330468295642e+02 4.5301866352292510e+00
595 3.2629785255471745e+02 4.5144771457462811e+00
596 3.2473156185198116e+02 4.4928068113394311e+00
597 3.2359526447150847e+02 4.4770856274126842e+00
598 3.2203361696058818e+02 4.4554795336472370e+00
599 3.2089648764775274e+02 4.4397468395631012e+00
600 3.1933944989424043e+02 4.4182045238590266e+00
601 3.1820150162066943e+02 4.4024604990857830e+00
602 3.1664904046804253e+02 4.3809815027077175e+00
603 3.1551028603026469e+02 4.3652263242910809e+00
604 3.1396236836387482e+02 4.3438101890830128e+00
605 3.1282282025279238e+02 4.3280440298402167e+00
606 3.1127941325234326e+02 4.3066903017186258e+00
607 3.1013908376479930e+02 4.2909133317820114e+00
608 3.0860015458912324e+02 4.2696215563746120e+00
609 3.0745905582906056e+02 4.2538339432076553e+00
610 3.0592457186915942e+02 4.2326036693543321e+00
611 3.0478271566469374e+02 4.2168055766043206e+00
612 3.0325264440586830e+02 4.1956363544496265e+00
613 3.0211004241093451e+02 4.1798279433539767e+00
614 3.0058435149675421e+02 4.1587193252321804e+00
615 2.9944101505368309e+02 4.1429007527171251e+00
616 2.9791967231202750e+02 4.1218522935125117e+00
617 2.9677561256681906e+02 4.1060237137879616e+00
618 2.9525858591081999e+02 4.0850349695643162e+00
619 2.9411381378708984e+02 4.0691965337633924e+00
620 2.9260107129470680e+02 4.0482670628649675e+00
621 2.9145559747522304e+02 4.0324189187885580e+00
622 2.8994710732936602e+02 4.0115482810116418e+00
623 2.8880094231098894e+02 3.9956905738885178e+00
624 2.8729667280821172e+02 3.9748783306017121e+00
625 2.8614982682787689e+02 3.9590112020644677e+00
626 2.8464974646037643e+02 3.9382569173431858e+00
627 2.8350222952081822e+02 3.9223805057841377e+00
628 2.8200630683708789e+02 3.9016837444826775e+00
629 2.8085812874010071e+02 3.8857981855140484e+00
630 2.7936633247400744e+02 3.8651585150514349e+00
631 2.7821750279063377e+02 3.8492639410928899e+00
632 2.7672980171826993e+02 3.8286809294723567e+00
633 2.7558032984177476e+02 3.8127774704839306e+00
634 2.7409669290678278e+02 3.7922506880268405e+00
635 2.7294658794426743e+02 3.7763384700093643e+00
636 2.7146698421013497e+02 3.7558674886951930e+00
637 2.7031625510311341e+02 3.7399466353585233e+00
638 2.6884065372419781e+02 3.7195310284239693e+00
639 2.6768930914313728e+02 3.7036016597279100e+00
640 2.6621767944955963e+02 3.6832410028414420e+00
641 2.6506572786715975e+02 3.6673032360095918e+00
642 2.6359803921391688e+02 3.6469971051838455e+00
643 2.6244548892438524e+02 3.6310510549702872e+00
644 2.6098171084325458e+02 3.6107990286637377e+00
645 2.5982856986239324e+02 3.5948448059706877e+00
646 2.5836867193569310e+02 3.5746464633410655e+00
647 2.5721494814053909e+02 3.5586841771508642e+00
648 2.5575890009984565e+02 3.5385390994209489e+00
649 2.5460460106073430e+02 3.5225688544725817e+00
650 2.5315237275096752e+02 3.5024766244333159e+00
651 2.5199750587470140e+02 3.4864985232032182e+00
652 2.5054906722071993e+02 3.4664587247515311e+00
653 2.4939363967486446e+02 3.4504728664061850e+00
654 2.4794896071211633e+02 3.4304850849690602e+00
655 2.4679297949526196e+02 3.4144915663371047e+00
656 2.4535203033356768e+02 3.3945553883705020e+00
657 2.4419550217046810e+02 3.3785543024919198e+00
658 2.4275825307003288e+02 3.3586693165324393e+00
659 2.4160118452541249e+02 3.3426607542331372e+00
660 2.4016760577141250e+02 3.3228265491628628e+00
661 2.3901000314686959e+02 3.3068105976282798e+00
662 2.3758006522257628e+02 3.2870267650700331e+00
663 2.3642193463656272e+02 3.2710035089516949e+00
664 2.3499560798097713e+02 3.2512696399157961e+00
665 2.3383695536139683e+02 3.2352391612289124e+00
666 2.3241421062393206e+02 3.2155548496368267e+00
667 2.3125504164447585e+02 3.1995172268794549e+00
668 2.2983584944915896e+02 3.1798820663014205e+00
669 2.2867616966414408e+02 3.1638373763200311e+00
670 2.2726050079632697e+02 3.1442509625582882e+00
671 2.2610031540720192e+02 3.1281992773172536e+00
672 2.2468814073893259e+02 3.1086612073735211e+00
673 2.2352745487759390e+02 3.0926025978749325e+00
674 2.2211874531361346e+02 3.0731124692032536e+00
675 2.2095756378212658e+02 3.0570470018858398e+00
676 2.1955229038097386e+02 3.0376044140681180e+00
677 2.1839061787072362e+02 3.0215321538392921e+00
678 2.1698875167275258e+02 3.0021367062058353e+00
679 2.1582659261241255e+02 2.9860577143382829e+00
680 2.1442810482483839e+02 2.9667090085279986e+00
681 2.1326546346757456e+02 2.9506233438661793e+00
682 2.1187032529170492e+02 2.9313209814362411e+00
683 2.1070720564742732e+02 2.9152286994590582e+00
684 2.0931538844756352e+02 2.8959722842217310e+00
685 2.0815179435451361e+02 2.8798734380329769e+00
686 2.0676326944777912e+02 2.8606625731477990e+00
687 2.0559920454576206e+02 2.8445572131058108e+00
688 2.0421394342986343e+02 2.8253915042307680e+00
689 2.0304941108806648e+02 2.8092796769497621e+00
690 2.0166738525344809e+02 2.7901587296423647e+00
691 2.0050238874110599e+02 2.7740404803536705e+00
692 1.9912356975977016e+02 2.7549639012998197e+00
693 1.9795811203223829e+02 2.7388392708921043e+00
694 1.9658247157551418e+02 2.7198066681519331e+00
695 1.9541655545260994e+02 2.7036756956386352e+00
696 1.9404406522607397e+02 2.6846866777461016e+00
697 1.9287769333588037e+02 2.6685493994879281e+00
698 1.9150832525593711e+02 2.6496035778938936e+00
699 1.9034150044264820e+02 2.6334600332415450e+00
700 1.8897522750942292e+02 2.6145570343906321e+00
701 1.8780795528146717e+02 2.5984072995556873e+00
702 1.8644475834203791e+02 2.5795468584586296e+00
703 1.8527706406206065e+02 2.5633912843446627e+00
704 1.8391697428858723e+02 2.5445738322822731e+00
705 1.8274900619071784e+02 2.5284144697749520e+00
706 1.8139234607597896e+02 2.5096444685794732e+00
707 1.8022492187736822e+02 2.4934926311623529e+00
708 1.7887350100053894e+02 2.4747951171733291e+00
709 1.7771064023525199e+02 2.4587064169030977e+00
710 1.7637290606479624e+02 2.4401982646357041e+00
711 1.7523193115559039e+02 2.4244123650009035e+00
712 1.7394189866296006e+02 2.4065641868420444e+00
713 1.7288744054527180e+02 2.3919752858236043e+00
714 1.7176261176787460e+02 2.3764127751644639e+00
715 1.7100033067267427e+02 2.3658662743034471e+00
716 1.7038368987011395e+02 2.3573347722157143e+00
717 1.7046154954732404e+02 2.3584119957726215e+00
718 1.7118245450420682e+02 2.3683860392014142e+00
719 1.7329606918112620e+02 2.3976288462844497e+00
720 1.7697318182966649e+02 2.4485033490867201e+00
721 1.8318501404474623e+02 2.5344468339997426e+00
722 1.9222031551615453e+02 2.6594542824957772e+00
723 2.0500909445272245e+02 2.8363927752842200e+00
724 2.2133038988609761e+02 3.0622052182594293e+00
725 2.4098495920393481e+02 3.3341350005125405e+00
726 2.6149492964945000e+02 3.6178996410434894e+00
727 2.7961444570759789e+02 3.8685912729253578e+00
728 2.8993145354083185e+02 4.0113317038260172e+00
729 2.8919292285387081e+02 4.0011138005158537e+00
730 2.7684028456298932e+02 3.8302095091843520e+00
731 2.5804592577544429e+02 3.5701811254514260e+00
732 2.3927389810328654e+02 3.3104617027161454e+00
733 2.2720072195971989e+02 3.1434238955409937e+00
734 2.2485735948836623e+02 3.1110024246722832e+00
735 2.3276040053697079e+02 3.2203445423616328e+00
736 2.4648145366769575e+02 3.4101814667828285e+00
737 2.5856469445684223e+02 3.5773585228439115e+00
738 2.6024233697207052e+02 3.6005694595216524e+00
739 2.5021722409354348e+02 3.4618675262441494e+00
740 2.3497745503544252e+02 3.2510184857721129e+00
741 2.2477896540966944e+02 3.1099178074311102e+00
742 2.2495805692226699e+02 3.1123956188365138e+00
743 2.3489211901390874e+02 3.2498378236380936e+00
744 2.4612620007617315e+02 3.4052663740008304e+00
745 2.4866702612836295e+02 3.4404198420795216e+00
746 2.3914328964192455e+02 3.3086546760708782e+00
747 2.2642790342559036e+02 3.1327316044859925e+00
748 2.2081328693903743e+02 3.0550508670486445e+00
749 2.2648801622246566e+02 3.1335632919933900e+00
750 2.3708693239884519e+02 3.2802040512669199e+00
751 2.4134343708770470e+02 3.3390947028239837e+00
752 2.3346302929073886e+02 3.2300657263228367e+00
753 2.2206205070698286e+02 3.0723280738910654e+00
754 2.1825006920043248e+02 3.0195875999449697e+00
755 2.2526678056033040e+02 3.1166669488421417e+00
756 2.3415178641913928e+02 3.2395949901251848e+00
757 2.3355674929435332e+02 3.2313623846094424e+00
758 2.2322789020898418e+02 3.0884579863198045e+00
759 2.1572056360281960e+02 2.9845907554329583e+00
760 2.1873649434141956e+02 3.0263175099486963e+00
761 2.2783921103543946e+02 3.1522576782875760e+00
762 2.2979596556476207e+02 3.1793302548715152e+00
763 2.2130581276300251e+02 3.0618651827377352e+00
764 2.1321713975226228e+02 2.9499547635900085e+00
765 2.1561186150421617e+02 2.9830868131422026e+00
766 2.2389458152378674e+02 3.0976819596937606e+00
767 2.2537816575409096e+02 3.1182080129578558e+00
768 2.1668758159393167e+02 2.9979698830803549e+00
769 2.1036954827686318e+02 2.9105570582865226e+00
770 2.1427307728216240e+02 2.9645641329399663e+00
771 2.2175006115689928e+02 3.0680115585277665e+00
772 2.1975400321780526e+02 3.0403952016407279e+00
773 2.1091216133137345e+02 2.9180643532760273e+00
774 2.0816624418044739e+02 2.8800733578560078e+00
775 2.1485853400322563e+02 2.9726641892730683e+00
776 2.1880735799711468e+02 3.0272979404099911e+00
777 2.1249541304415507e+02 2.9399693508644429e+00
778 2.0565795191438463e+02 2.8453700093008907e+00
779 2.0880235655313777e+02 2.8888742578501492e+00
780 2.1523449222357326e+02 2.9778657398815889e+00
781 2.1271919328101129e+02 2.9430654508143732e+00
782 2.0467097589527754e+02 2.8317147533843308e+00
783 2.0452582299814262e+02 2.8297064979464728e+00
784 2.1109726592676753e+02 2.9206253583789925e+00
785 2.1144690839225831e+02 2.9254628187155594e+00
786 2.0371755835649702e+02 2.8185237940952055e+00
787 2.0151748077650157e+02 2.7880847339665684e+00
788 2.0744490030913863e+02 2.8700932418492640e+00
789 2.0930222561116850e+02 2.8957901704762277e+00
790 2.0221529242282915e+02 2.7977392710856970e+00
791 1.9914803880782736e+02 2.7553024415548890e+00
792 2.0453374102329141e+02 2.8298160473759091e+00
793 2.0678940181616917e+02 2.8610241261857290e+00
794 2.0008687221298962e+02 2.7682916228139272e+00
795 1.9708162632273769e+02 2.7267126979676011e+00
796 2.0230160909163564e+02 2.7989335009145875e+00
797 2.0409142495635297e+02 2.8236964061960608e+00
798 1.9744099262417370e+02 2.7316846919359405e+00
799 1.9527427121106334e+02 2.7017071293375303e+00
800 2.0058645248955864e+02 2.7752035400189548e+00
801 2.0113790503556754e+02 2.7828331333381549e+00
802 1.9447587329536950e+02 2.6906609360653668e+00
803 1.9386618116187489e+02 2.6822255719308723e+00
804 1.9912921824488268e+02 2.7550420506248887e+00
805 1.9774636983633047e+02 2.7359097226381648e+00
806 1.9151877695242359e+02 2.6497481818027242e+00
807 1.9302883926568032e+02 2.6706405712207855e+00
808 1.9749764928581121e+02 2.7324685622621296e+00
809 1.9382743208802268e+02 2.6816894611138533e+00
810 1.8906495636847490e+02 2.6157984734020521e+00
811 1.9273608972611240e+02 2.6665902500327676e+00
812 1.9509960314162177e+02 2.6992905182522544e+00
813 1.8964585715694389e+02 2.6238354963642228e+00
814 1.8766189945029345e+02 2.5963865516204057e+00
815 1.9249059524193859e+02 2.6631937237316219e+00
816 1.9147549966979426e+02 2.6491494211862188e+00
817 1.8597753774931701e+02 2.5730826519940564e+00
818 1.8752118522392280e+02 2.5944397071834655e+00
819 1.9125910368549759e+02 2.6461554856825371e+00
820 1.8687288076205476e+02 2.5854701241669860e+00
821 1.8385952205800942e+02 2.5437789549029555e+00
822 1.8795278362454121e+02 2.6004110646425396e+00
823 1.8807096737477923e+02 2.6020461898365022e+00
824 1.8260339886101772e+02 2.5263999270587258e+00
825 1.8375403988535831e+02 2.5423195617319960e+00
826 1.8722812235413983e+02 2.5903850509313830e+00
827 1.8326005477615092e+02 2.5354850561770390e+00
828 1.8041173202192741e+02 2.4960772333030139e+00
829 1.8449883380390801e+02 2.5526241196604600e+00
830 1.8385432651894277e+02 2.5437070722895929e+00
831 1.7899595061307670e+02 2.4764892624855928e+00
832 1.8077088144240489e+02 2.5010462266260136e+00
833 1.8342789125701026e+02 2.5378071491700811e+00
834 1.7878967551784504e+02 2.4736353540216873e+00
835 1.7761587325334798e+02 2.4573952732022510e+00
836 1.8142430040838914e+02 2.5100865711009699e+00
837 1.7914833003344879e+02 2.4785975001137777e+00
838 1.7538063992951334e+02 2.4264698175890551e+00
839 1.7865255655544416e+02 2.4717382516743669e+00
840 1.7896051214648818e+02 2.4759989554049864e+00
841 1.7433117028435851e+02 2.4119499343256146e+00
842 1.7555548339048036e+02 2.4288888552947552e+00
843 1.7811079613189546e+02 2.4642427532166495e+00
844 1.7380497447321687e+02 2.4046697792618050e+00
845 1.7295277232844049e+02 2.3928791803472631e+00
846 1.7634168434000253e+02 2.4397662980691806e+00
847 1.7361837352010457e+02 2.4020880713786412e+00
848 1.7079234650830759e+02 2.3629887201014834e+00
849 1.7420285853404360e+02 2.4101746837078366e+00
850 1.7314488368972511e+02 2.3955371271990962e+00
851 1.6932446592293670e+02 2.3426799338086579e+00
852 1.7173563967724544e+02 2.3760396041927123e+00
853 1.7247239790385925e+02 2.3862329847189625e+00
854 1.6813431390240433e+02 2.3262136467810532e+00
855 1.6945412394288221e+02 2.3444738106706229e+00
856 1.7130154095311630e+02 2.3700336536363875e+00
857 1.6730464531843188e+02 2.3147348097873000e+00
858 1.6722740230079461e+02 2.3136661179921756e+00
859 1.6996228612846059e+02 2.3515044624360719e+00
860 1.6642340749924523e+02 2.3025424892938076e+00
861 1.6535885894823139e+02 2.2878139826044066e+00
862 1.6829402631506758e+02 2.3284233396466822e+00
863 1.6564183761327951e+02 2.2917291193608746e+00
864 1.6357642135549040e+02 2.2631531590251313e+00
865 1.6665529782016935e+02 2.3057507958944652e+00
866 1.6465060802878793e+02 2.2780150134593518e+00
867 1.6208749135297199e+02 2.2425531446046931e+00
868 1.6486862365852349e+02 2.2810313574841463e+00
869 1.6368058035865619e+02 2.2645942455527752e+00
870 1.6059411045854057e+02 2.2218915500982619e+00
871 1.6323722591251087e+02 2.2584602379308514e+00
872 1.6248828225221143e+02 2.2480982664639799e+00
873 1.5929449021691573e+02 2.2039107211316331e+00
874 1.6154288028070533e+02 2.2350182061433497e+00
875 1.6133284222659435e+02 2.2321122354555345e+00
876 1.5791387600684087e+02 2.1848093042829571e+00
877 1.6004275074501922e+02 2.2142632411581658e+00
878 1.5999069081045471e+02 2.2135429686128196e+00
879 1.5666492737106609e+02 2.1675295397111976e+00
880 1.5850011888785463e+02 2.1929202374915944e+00
881 1.5871506813433680e+02 2.1958941567287011e+00
882 1.5530103520221067e+02 2.1486594798031948e+00
883 1.5714936442173271e+02 2.1742319435936150e+00
884 1.5728203544084030e+02 2.1760675066504196e+00
885 1.5404669301127817e+02 2.1313050929766360e+00
886 1.5575257001760608e+02 2.1549066665028667e+00
887 1.5592865048131193e+02 2.1573428186962964e+00
888 1.5267704426347998e+02 2.1123553882169395e+00
889 1.5453289826644072e+02 2.1380319607613543e+00
890 1.5442814294402947e+02 2.1365826238894803e+00
891 1.5142260127025199e+02 2.0949996067454086e+00
892 1.5325569143988946e+02 2.1203612314454450e+00
893 1.5300338934488641e+02 2.1168705187950327e+00
894 1.5007509886678963e+02 2.0763563065929849e+00
895 1.5213346126267129e+02 2.1048346735853420e+00
896 1.5143035433150635e+02 2.0951068738253738e+00
897 1.4886723958850209e+02 2.0596450317120314e+00
898 1.5093118518383918e+02 2.0882006447731087e+00
899 1.4992560935629592e+02 2.0742880521641895e+00
900 1.4760286680780544e+02 2.0421518671770258e+00
901 1.4984612523532610e+02 2.0731883536992486e+00
902 1.4827807840622182e+02 2.0514937224964149e+00
903 1.4651143729020319e+02 2.0270514502578489e+00
904 1.4863807189903758e+02 2.0564743939388102e+00
905 1.4670964048520523e+02 2.0297936803615562e+00
906 1.4539955510473456e+02 2.0116680615050262e+00
907 1.4748729445445790e+02 2.0405528718303430e+00
908 1.4503411257800795e+02 2.0066120002343979e+00
909 1.4448076502821755e+02 1.9989561886879073e+00
910 1.4615238077741725e+02 2.0220837423544338e+00
911 1.4348843696860220e+02 1.9852268848903440e+00
912 1.4354621071211116e+02 1.9860262105452735e+00
913 1.4480903271965590e+02 2.0034979194381481e+00
914 1.4191510763653079e+02 1.9634591678895783e+00
915 1.4277345953324405e+02 1.9753348513805389e+00
916 1.4323803333512078e+02 1.9817624383066075e+00
917 1.4056047189527922e+02 1.9447171748092966e+00
918 1.4191836219205786e+02 1.9635041961250737e+00
919 1.4164257367733279e+02 1.9596885383233515e+00
920 1.3927531106786017e+02 1.9269363983237426e+00
921 1.4111185731503960e+02 1.9523458394067399e+00
922 1.3986215059778030e+02 1.9350555864376167e+00
923 1.3828066637798258e+02 1.9131750429074139e+00
924 1.4008226518376640e+02 1.9381009704635903e+00
925 1.3815608594970772e+02 1.9114514168036845e+00
926 1.3738516799973388e+02 1.9007854211829538e+00
927 1.3894962492326707e+02 1.9224303844320170e+00
928 1.3643029185876796e+02 1.8875742814783609e+00
929 1.3673023781344935e+02 1.8917241682973098e+00
930 1.3748424641366501e+02 1.9021562154797194e+00
931 1.3497338052153151e+02 1.8674172596535554e+00
932 1.3603545990621421e+02 1.8821116043192601e+00
933 1.3588660532559624e+02 1.8800521344300833e+00
934 1.3368907178657886e+02 1.8496482722494665e+00
935 1.3535070729867826e+02 1.8726377448592355e+00
936 1.3405859396599249e+02 1.8547607773448820e+00
937 1.3279267664175006e+02 1.8372462433571404e+00
938 1.3435417953745898e+02 1.8588503363062732e+00
939 1.3232506515816470e+02 1.8307766287421297e+00
940 1.3206473157064335e+02 1.8271747967903296e+00
941 1.3312750710931965e+02 1.8418787730587847e+00
942 1.3068293684348822e+02 1.8080570469583461e+00
943 1.3154899559467216e+02 1.8200393582376944e+00
944 1.3149241544928881e+02 1.8192565465482018e+00
945 1.2944969468664274e+02 1.7909945885674619e+00
946 1.3087156304089785e+02 1.8106667750047543e+00
947 1.2974101416369822e+02 1.7950251241991886e+00
948 1.2851177223339661e+02 1.7780180107367760e+00
949 1.2999757170055946e+02 1.7985747127964191e+00
950 1.2792080611933045e+02 1.7698417294803286e+00
951 1.2796161220677766e+02 1.7704063000030748e+00
952 1.2863652358534492e+02 1.7797440016461925e+00
953 1.2643973166972364e+02 1.7493504001579039e+00
954 1.2742232524664986e+02 1.7629450230212176e+00
955 1.2699872973343498e+02 1.7570843890989378e+00
956 1.2529882133609554e+02 1.7335653939551858e+00
957 1.2677557754515755e+02 1.7539969784827958e+00
958 1.2513961739494860e+02 1.7313627360210515e+00
959 1.2465948592379537e+02 1.7247199017624004e+00
960 1.2562954555627543e+02 1.7381411118824024e+00
961 1.2353136033342591e+02 1.7091117782170564e+00
962 1.2416368591050926e+02 1.7178602861954682e+00
963 1.2410776703516572e+02 1.7170866234735787e+00
964 1.2227422543802852e+02 1.6917187530716029e+00
965 1.2363283430289565e+02 1.7105157160991864e+00
966 1.2226322534556076e+02 1.6915665618583968e+00
967 1.2158609720011333e+02 1.6821981902511969e+00
968 1.2259882188251085e+02 1.6962096904735284e+00
969 1.2061847400293678e+02 1.6688106893064429e+00
970 1.2111553317863968e+02 1.6756877259501883e+00
971 1.2112817060155342e+02 1.6758625703645127e+00
972 1.1934837014502324e+02 1.6512382327475590e+00
973 1.2062428295793941e+02 1.6688910588044177e+00
974 1.1929777631041608e+02 1.6505382443527186e+00
975 1.1868899552737200e+02 1.6421154891604783e+00
976 1.1959521798927615e+02 1.6546534833924269e+00
977 1.1768471975373335e+02 1.6282208833804477e+00
978 1.1825473162876021e+02 1.6361072533410996e+00
979 1.1809338156524328e+02 1.6338749028413679e+00
980 1.1650523225050947e+02 1.6119021447332034e+00
981 1.1773487082799332e+02 1.6289147459872919e+00
982 1.1627175662424619e+02 1.6086719047221152e+00
983 1.1595112542502338e+02 1.6042358282669020e+00
984 1.1660418813669095e+02 1.6132712438035948e+00
985 1.1476720412985907e+02 1.5878557461194556e+00
986 1.1554512906089870e+02 1.5986186864661003e+00
987 1.1500798526904681e+02 1.5911870611786241e+00
988 1.1378003135659532e+02 1.5741977680208874e+00
989 1.1490411877194678e+02 1.5897500216035991e+00
990 1.1323118077158341e+02 1.5666041739991485e+00
991 1.1337115141883122e+02 1.5685407306854038e+00
992 1.1357446242640873e+02 1.5713536296671198e+00
993 1.1194255500998634e+02 1.5487754585951012e+00
994 1.1292328286131895e+02 1.5623442683079860e+00
995 1.1188254254223787e+02 1.5479451591861744e+00
996 1.1122601915328002e+02 1.5388618636269396e+00
997 1.1203643858984758e+02 1.5500743800324506e+00
998 1.1026127745705215e+02 1.5255142295402613e+00
999 1.1091790646688209e+02 1.5345989864116361e+00
1000 1.1046280985446047e+02 1.5283025206525198e+00
1001 1.0931071052034198e+02 1.5123627096093710e+00
1002 1.1027517390571863e+02 1.5257064931405906e+00
1003 1.0878448925430378e+02 1.5050822023656503e+00
1004 1.0885948747584796e+02 1.5061198363999595e+00
1005 1.0903476375633760e+02 1.5085448623578892e+00
1006 1.0749465632142368e+02 1.4872367852054449e+00
1007 1.0847935700443354e+02 1.5008605608265342e+00
1008 1.0730337525839298e+02 1.4845903259023718e+00
1009 1.0694014043433252e+02 1.4795648091883595e+00
1010 1.0745349093441691e+02 1.4866672436121342e+00
1011 1.0586961812888860e+02 1.4647536529269871e+00
1012 1.0658452939161415e+02 1.4746447709087394e+00
1013 1.0588749890077392e+02 1.4650010414261530e+00
1014 1.0505676281645394e+02 1.4535074350862816e+00
1015 1.0586018802097419e+02 1.4646231831542680e+00
1016 1.0426777047388417e+02 1.4425913721370081e+00
1017 1.0476413690184650e+02 1.4494588243050419e+00
1018 1.0438549268669207e+02 1.4442201117536100e+00
1019 1.0332813331374652e+02 1.4295910705673740e+00
1020 1.0416156061632253e+02 1.4411219111189202e+00
1021 1.0277119772654994e+02 1.4218856169140126e+00
1022 1.0292598593807455e+02 1.4240271812482173e+00
1023 1.0290964290086315e+02 1.4238010679979911e+00
1024 1.0161856209275405e+02 1.4059383859242782e+00
1025 1.0250653120323440e+02 1.4182238368520315e+00
1026 1.0123540928552880e+02 1.4006372949792900e+00
1027 1.0120112862844407e+02 1.4001630067124855e+00
1028 1.0134790864774124e+02 1.4021937741152779e+00
1029 1.0002457385134736e+02 1.3838848436466376e+00
1030 1.0080163416476988e+02 1.3946358216207391e+00
1031 9.9759222374936058e+01 1.3802135869513519e+00
1032 9.9476337742395899e+01 1.3762997511768083e+00
1033 9.9824910009257678e+01 1.3811224048353230e+00
1034 9.8415943646448000e+01 1.3616287232366588e+00
1035 9.9176274849839388e+01 1.3721482464699064e+00
1036 9.8223443664638907e+01 1.3589653996455604e+00
1037 9.7860258387297947e+01 1.3539405684326355e+00
1038 9.8239885301545769e+01 1.3591928770667985e+00
1039 9.6890005893284140e+01 1.3405166899868093e+00
1040 9.7528407905335698e+01 1.3493492681684935e+00
1041 9.6735239404084325e+01 1.3383754261907113e+00
1042 9.6238252612957623e+01 1.3314993910200446e+00
1043 9.6710481148423540e+01 1.3380328846187270e+00
1044 9.5331235861422897e+01 1.3189504074347911e+00
1045 9.5970266063346230e+01 1.3277916769051159e+00
1046 9.5188996458254181e+01 1.3169824614927563e+00
1047 9.4711811922745554e+01 1.3103803994105487e+00
1048 9.5136346944100424e+01 1.3162540318493465e+00
1049 9.3840100825681674e+01 1.2983198853906828e+00
1050 9.4397115392334740e+01 1.3060264317602497e+00
1051 9.3690569574827421e+01 1.2962510534652776e+00
1052 9.3173529274223938e+01 1.2890975689963204e+00
1053 9.3623850566746071e+01 1.2953279660627344e+00
1054 9.2313655909945126e+01 1.2772008353191606e+00
1055 9.2910319008052383e+01 1.2854559369051071e+00
1056 9.2141117204098194e+01 1.2748136849343079e+00
1057 9.1722434258241179e+01 1.2690210185848771e+00
1058 9.2072298831829428e+01 1.2738615518865959e+00
1059 9.0852976764915155e+01 1.2569916841835422e+00
1060 9.1406571089571386e+01 1.2646509099709884e+00
1061 9.0641934313986269e+01 1.2540718172152452e+00
1062 9.0258967793728289e+01 1.2487733036340052e+00
1063 9.0578291629409080e+01 1.2531912921282176e+00
1064 8.9364770954812570e+01 1.2364016892900014e+00
1065 8.9978991499727243e+01 1.2448997060276388e+00
1066 8.9100021573281751e+01 1.2327387628474471e+00
1067 8.8878864190175108e+01 1.2296789512555808e+00
1068 8.9043009894685966e+01 1.2319499807024032e+00
1069 8.7948837799109754e+01 1.2168116189868177e+00
1070 8.8526218461409798e+01 1.2247999394245450e+00
1071 8.7613387784371454e+01 1.2121705175722064e+00
1072 8.7487401998245261e+01 1.2104274477122532e+00
1073 8.7556548919192238e+01 1.2113841263782936e+00
1074 8.6519279043130012e+01 1.1970330323922589e+00
1075 8.7133272057134818e+01 1.2055279011377029e+00
1076 8.6096880827097252e+01 1.1911889636135222e+00
1077 8.6173592472492842e+01 1.1922503036353445e+00
1078 8.6025737332715750e+01 1.1902046614584842e+00
1079 8.5172481330281059e+01 1.1783994819505490e+00
1080 8.5700576235166679e+01 1.1857059118281144e+00
1081 8.4647842597658496e+01 1.1711408697664536e+00
1082 8.4842859789953891e+01 1.1738390200936843e+00
1083 8.4539241810844828e+01 1.1696383291697510e+00
1084 8.3826050555961402e+01 1.1597710082679762e+00
1085 8.4306484923409556e+01 1.1664180332327270e+00
1086 8.3190352111723243e+01 1.1509758351596324e+00
1087 8.3573292531189594e+01 1.1562739876247130e+00
1088 8.3015117710187766e+01 1.1485513886158176e+00
1089 8.2567973931309439e+01 1.1423649538758884e+00
1090 8.2856668767826434e+01 1.1463591764285248e+00
1091 8.1820954236380643e+01 1.1320296013328834e+00
1092 8.2266946378948376e+01 1.1382001026679078e+00
1093 8.1546624257707862e+01 1.1282341230316475e+00
1094 8.1311947194433600e+01 1.1249872606006273e+00
1095 8.1429643063419746e+01 1.1266156357386390e+00
1096 8.0468966146570224e+01 1.1133242396978515e+00
1097 8.0990634203062768e+01 1.1205417512452394e+00
1098 8.0067206053506652e+01 1.1077657086072914e+00
1099 8.0129738877416898e+01 1.1086308782741818e+00
1100 7.9945952043727985e+01 1.1060881049954685e+00
1101 7.9222558019524556e+01 1.0960796242038635e+00
1102 7.9647425652348161e+01 1.1019578584715188e+00
1103 7.8675596745472120e+01 1.0885121696466691e+00
1104 7.8923822679829357e+01 1.0919464867862505e+00
1105 7.8495621652501754e+01 1.0860221335104918e+00
1106 7.8003665190858428e+01 1.0792156952045009e+00
1107 7.8303958851995262e+01 1.0833703926982190e+00
1108 7.7314701317599244e+01 1.0696835709942998e+00
1109 7.7747289614224755e+01 1.0756686241086342e+00
1110 7.7023223003815701e+01 1.0656508377851968e+00
1111 7.6877545942146341e+01 1.0636353302958990e+00
1112 7.6882019288662107e+01 1.0636972210513922e+00
1113 7.6075408293387071e+01 1.0525373961393782e+00
1114 7.6497516040093316e+01 1.0583774461446973e+00
1115 7.5633022201075605e+01 1.0464167861270852e+00
1116 7.5744809691714067e+01 1.0479634162005487e+00
1117 7.5469239783827177e+01 1.0441507829224852e+00
1118 7.4888089921458089e+01 1.0361103139111885e+00
1119 7.5227332502496481e+01 1.0408038871816561e+00
1120 7.4284065653193196e+01 1.0277533672343766e+00
1121 7.4642320852254997e+01 1.0327099886030020e+00
1122 7.4023562665862073e+01 1.0241491915602270e+00
1123 7.3810376585721812e+01 1.0211996665203003e+00
1124 7.3859725229919050e+01 1.0218824271473095e+00
1125 7.3071348675787036e+01 1.0109748839072743e+00
1126 7.3459405354186842e+01 1.0163438221095151e+00
1127 7.2657952687482620e+01 1.0052553649869636e+00
1128 7.2737386194025561e+01 1.0063543631786065e+00
1129 7.2483060760455757e+01 1.0028356567315870e+00
1130 7.1931277171039255e+01 9.9520148327835856e-01
1131 7.2236062741010102e+01 9.9941832834556876e-01
1132 7.1348451482663322e+01 9.8713782846259246e-01
1133 7.1687027162551772e+01 9.9182217485652280e-01
1134 7.1072824163045652e+01 9.8332440086748252e-01
1135 7.0909079330237731e+01 9.8105891766047471e-01
1136 7.0901190171904361e+01 9.8094976761637753e-01
1137 7.0191409130034089e+01 9.7112962854123608e-01
1138 7.0540665659443903e+01 9.7596174927901769e-01
1139 6.9753435889492465e+01 9.6507007231249242e-01
1140 6.9888140609452577e+01 9.6693377253277546e-01
1141 6.9551967057088262e+01 9.6228266065057710e-01
1142 6.9121157092600441e+01 9.5632221155901009e-01
1143 6.9332282870404811e+01 9.5924323139200418e-01
1144 6.8514722610371408e+01 9.4793191849094172e-01
1145 6.8865558633492952e+01 9.5278589223268162e-01
1146 6.8187612640563344e+01 9.4340620533873321e-01
1147 6.8160632256029047e+01 9.4303291961708380e-01
1148 6.8008669429207870e+01 9.4093044574753193e-01
1149 6.7444391226867808e+01 9.3312340372024849e-01
1150 6.7720929825913998e+01 9.3694943927499175e-01
1151 6.6943311354445839e+01 9.2619073893397597e-01
1152 6.7174575937928083e+01 9.2939038817646080e-01
1153 6.6688123965215325e+01 9.2266010694377421e-01
1154 6.6459316239953395e+01 9.1949444943675163e-01
1155 6.6498450230660737e+01 9.2003588575110962e-01
1156 6.5810730553320653e+01 9.1052097554951339e-01
1157 6.6144042945204987e+01 9.1513250199314367e-01
1158 6.5396483087459302e+01 9.0478967605528593e-01
1159 6.5548092035540805e+01 9.0688725385374780e-01
1160 6.5181313363064575e+01 9.0181270640736699e-01
1161 6.4849061832892374e+01 8.9721585746135646e-01
1162 6.4965657739528041e+01 8.9882901412687888e-01
1163 6.4267750101201344e+01 8.8917314891538690e-01
1164 6.4557854576363212e+01 8.9318687445094602e-01
1165 6.3917612005558304e+01 8.8432883131335627e-01
1166 6.3938572913640421e+01 8.8461883487835036e-01
1167 6.3720021097905921e+01 8.8159507247976299e-01
1168 6.3269722089152566e+01 8.7536498371928506e-01
1169 6.3475520650156888e+01 8.7821229911841325e-01
1170 6.2747301326720510e+01 8.6813705814761011e-01
1171 6.3031077683680188e+01 8.7206323132946639e-01
1172 6.2441430555452726e+01 8.6390519883370720e-01
1173 6.2407060923851184e+01 8.6342967956455463e-01
1174 6.2248864901397063e+01 8.6124096663762129e-01
1175 6.1771801871702692e+01 8.5464058564285350e-01
1176 6.1980582865003285e+01 8.5752916433052251e-01
1177 6.1295511757176662e+01 8.4805089827611835e-01
1178 6.1516081654528215e+01 8.5110258173905562e-01
1179 6.1017688915391858e+01 8.4420709464705990e-01
1180 6.0899767639909520e+01 8.4257560090907091e-01
1181 6.0824288769982637e+01 8.4153131688879979e-01
1182 6.0296453115431163e+01 8.3422847385589005e-01
1183 6.0540524670257042e+01 8.3760531329127497e-01
1184 5.9853966865525273e+01 8.2810647811835403e-01
1185 6.0069761174539394e+01 8.3109208917462962e-01
1186 5.9592773897222131e+01 8.2449275624797658e-01
1187 5.9467877876649311e+01 8.2276476378325114e-01
1188 5.9397547312005159e+01 8.2179170887575614e-01
1189 5.8891162219076399e+01 8.1478564398420084e-01
1190 5.9107892029617638e+01 8.1778419812370828e-01
1191 5.8470543438772381e+01 8.0896619449690843e-01
1192 5.8642420612933776e+01 8.1134419229417232e-01
1193 5.8217311983997135e+01 8.0546262373719824e-01
1194 5.8059178899809254e+01 8.0327478158940824e-01
1195 5.8021135244501764e+01 8.0274843055435974e-01
1196 5.7503679078050787e+01 7.9558919239487258e-01
1197 5.7734365635624528e+01 7.9878084438964903e-01
1198 5.7095293952901912e+01 7.8993900101386083e-01
1199 5.7283171205180224e+01 7.9253836706844993e-01
1200 5.6843892657355887e+01 7.8646075132797533e-01
1201 5.6720740116976032e+01 7.8475688069372951e-01
1202 5.6648501014083301e+01 7.8375742030352136e-01
1203 5.6180852661538808e+01 7.7728729558992393e-01
1204 5.6372420843352330e+01 7.7993772731013977e-01
1205 5.5776042565803586e+01 7.7168656634437194e-01
1206 5.5943357436131762e+01 7.7400144262175541e-01
1207 5.5520834301904053e+01 7.6815564554376137e-01
1208 5.5404392078020500e+01 7.6654461514804639e-01
1209 5.5326893831394749e+01 7.6547239214538754e-01
1210 5.4876663791632112e+01 7.5924325760183109e-01
1211 5.5067251260776935e+01 7.6188012072239253e-01
1212 5.4469001538004960e+01 7.5360306747255468e-01
1213 5.4666764953725412e+01 7.5633921303264540e-01
1214 5.4205013042494386e+01 7.4995066822937373e-01
1215 5.4154174891044441e+01 7.4924729960142888e-01
1216 5.4011937065779684e+01 7.4727937549040302e-01
1217 5.3636573255051026e+01 7.4208604880557416e-01
1218 5.3772586123574449e+01 7.4396784784797954e-01
1219 5.3220727567806343e+01 7.3633263720165176e-01
1220 5.3406570984901251e+01 7.3890386423423438e-01
1221 5.2942397876604147e+01 7.3248182108356463e-01
1222 5.2925076906489032e+01 7.3224217769297950e-01
1223 5.2747147627152593e+01 7.2978044630604444e-01
1224 5.2418861076203520e+01 7.2523845462601355e-01
1225 5.2528977206096997e+01 7.2676196067390819e-01
1226 5.1992219418512889e+01 7.1933567592861258e-01
1227 5.2201799729157869e+01 7.2223531353026216e-01
1228 5.1694469991016462e+01 7.1521617904848456e-01
1229 5.1756968496576683e+01 7.1608087390560926e-01
1230 5.1492062286658367e+01 7.1241577767197117e-01
1231 5.1265824777666197e+01 7.0928568025986982e-01
1232 5.1293022500030254e+01 7.0966197294787736e-01
1233 5.0827947399873558e+01 7.0322745033525613e-01
1234 5.1007379148206716e+01 7.0570996905466921e-01
1235 5.0505928621236116e+01 6.9877217609646514e-01
1236 5.0605949931452834e+01 7.0015601578626285e-01
1237 5.0289063795573895e+01 6.9577175396220003e-01
1238 5.0137238323317185e+01 6.9367118045465570e-01
1239 5.0103198349569865e+01 6.9320022214977894e-01
1240 4.9691842503787406e+01 6.8750892951633258e-01
1241 4.9858436721128285e+01 6.8981383523639939e-01
1242 4.9343066470090712e+01 6.8268345665226060e-01
1243 4.9506348065946220e+01 6.8494253076825418e-01
1244 4.9103766486629098e+01 6.7937263404691184e-01
1245 4.9069581299189032e+01 6.7889966664546264e-01
1246 4.8921777940224977e+01 6.7685474087937647e-01
1247 4.8624064969111366e+01 6.7273574838965644e-01
1248 4.8713231756204067e+01 6.7396941088341167e-01
1249 4.8248968977638235e+01 6.6754612710435390e-01
1250 4.8414464122628452e+01 6.6983582666547803e-01
1251 4.7979486955192542e+01 6.6381772245199244e-01
1252 4.8020945402103571e+01 6.6439131866052581e-01
1253 4.7788930570768628e+01 6.6118128940248733e-01
1254 4.7587604329740913e+01 6.5839585055622274e-01
1255 4.7606581408981619e+01 6.5865840695938138e-01
1256 4.7192132707750822e+01 6.5292432328355676e-01
1257 4.7360367092683411e+01 6.5525192145792566e-01
1258 4.6888027877490991e+01 6.4871689655558329e-01
1259 4.7020085127011718e+01 6.5054396783485702e-01
1260 4.6675727293487661e+01 6.4577962275188605e-01
1261 4.6614181584250709e+01 6.4492811025925523e-01
1262 4.6504833795094633e+01 6.4341523455008942e-01
1263 4.6209851536676993e+01 6.3933402269533557e-01
1264 4.6304156857153217e+01 6.4063877910325828e-01
1265 4.5871767568799079e+01 6.3465647935762037e-01
1266 4.6023280280046009e+01 6.3675272567631058e-01
1267 4.5626106524101814e+01 6.3125764861692479e-01
1268 4.5661513609638114e+01 6.3174752152659797e-01
1269 4.5448338495259158e+01 6.2879814820289748e-01
1270 4.5266205798712733e+01 6.2627826065348713e-01
1271 4.5278526836369402e+01 6.2644872773587035e-01
1272 4.4902970965251171e+01 6.2125274380940609e-01
1273 4.5055445650279864e+01 6.2336229946684485e-01
1274 4.4618269138482958e+01 6.1731376633764423e-01
1275 4.4751212124741905e+01 6.1915309218197423e-01
1276 4.4415670108233265e+01 6.1451071788160450e-01
1277 4.4386057941490286e+01 6.1410102027265434e-01
1278 4.4255969482850375e+01 6.1230118809828615e-01
1279 4.4014627818578624e+01 6.0896211792316612e-01
1280 4.4079390495744974e+01 6.0985813861001936e-01
1281 4.3693987090434469e+01 6.0452590963105202e-01
1282 4.3838501427652943e+01 6.0652533030605038e-01
1283 4.3453253763282611e+01 6.0119525607284552e-01
1284 4.3524061407228963e+01 6.0217491158647274e-01
1285 4.3280107030561979e+01 5.9879969336347449e-01
1286 4.3168664181231044e+01 5.9725783155708401e-01
1287 4.3128785610286002e+01 5.9670609364116800e-01
1288 4.2826869553908857e+01 5.9252894958160074e-01
1289 4.2944783175077475e+01 5.9416033741872620e-01
1290 4.2545175641851209e+01 5.8863158795901127e-01
1291 4.2693947595401269e+01 5.9068991466564247e-01
1292 4.2338848772404617e+01 5.8577696317562011e-01
1293 4.2380219088968090e+01 5.8634934006126560e-01
1294 4.2185875839671994e+01 5.8366051403771657e-01
1295 4.2041928713322726e+01 5.8166894097950694e-01
1296 4.2039268955616421e+01 5.8163214203864877e-01
1297 4.1729894658971482e+01 5.7735180987970292e-01
1298 4.1851513141620664e+01 5.7903445613716797e-01
1299 4.1480963526846594e+01 5.7390773601270095e-01
1300 4.1599146129442261e+01 5.7554284532851696e-01
1301 4.1300738523401598e+01 5.7141424225301396e-01
1302 4.1294234584278129e+01 5.7132425733800352e-01
1303 4.1162312874097907e+01 5.6949906130629957e-01
1304 4.0976555519258540e+01 5.6692902498362419e-01
1305 4.1020378355005661e+01 5.6753533357221353e-01
1306 4.0692009133055720e+01 5.6299219810180490e-01
1307 4.0834045862740538e+01 5.6495733996528408e-01
1308 4.0469881614304263e+01 5.5991896424815391e-01
1309 4.0587305072112628e+01 5.6154357045533532e-01
1310 4.0309883679331001e+01 5.5770532105329940e-01
1311 4.0296297664880150e+01 5.5751735244958367e-01
1312 4.0183555614140879e+01 5.5595751560897300e-01
1313 3.9999780272018462e+01 5.5341490132123650e-01
1314 4.0048535791621688e+01 5.5408945580345093e-01
1315 3.9739002139603656e+01 5.4980691889144218e-01
1316 3.9869240712381711e+01 5.5160882796224286e-01
1317 3.9538132005214806e+01 5.4702779048510553e-01
1318 3.9634094803314383e+01 5.4835547883938229e-01
1319 3.9394076492829740e+01 5.4503471785747581e-01
1320 3.9360397334819417e+01 5.4456875160015861e-01
1321 3.9279003069503986e+01 5.4344262543143151e-01
1322 3.9084618410930823e+01 5.4075322649196078e-01
1323 3.9153803031589014e+01 5.4171042675041525e-01
1324 3.8844162849547217e+01 5.3742641594774532e-01
1325 3.8986598119816634e+01 5.3939707179897145e-01
1326 3.8660266031805001e+01 5.3488212099032306e-01
1327 3.8767683455220649e+01 5.3636828922363544e-01
1328 3.8529391918110605e+01 5.3307141892588306e-01
1329 3.8513401487125059e+01 5.3285018414094754e-01
1330 3.8425775485334171e+01 5.3163783910293727e-01
1331 3.8257297840512145e+01 5.2930687531888776e-01
1332 3.8313491911358064e+01 5.3008434549398742e-01
1333 3.8033870452719576e+01 5.2621565719401764e-01
1334 3.8162940097194237e+01 5.2800139361743692e-01
1335 3.7863256226952565e+01 5.2385513285426510e-01
1336 3.7964308846994761e+01 5.2525324117807581e-01
1337 3.7743276968122871e+01 5.2219516599359017e-01
1338 3.7731464846164748e+01 5.2203173998816232e-01
1339 3.7651255193082292e+01 5.2092200346101725e-01
1340 3.7494601564104698e+01 5.1875463023964741e-01
1341 3.7554351186714477e+01 5.1958129306818557e-01
1342 3.7285982916023549e+01 5.1586829767090669e-01
1343 3.7424170310770151e+01 5.1778018225895850e-01
1344 3.7125960426117722e+01 5.1365431474754641e-01
1345 3.7249307418507883e+01 5.1536087571257316e-01
1346 3.7015054934978735e+01 5.1211988753276494e-01
1347 3.7039936509770463e+01 5.1246413528023849e-01
1348 3.6934536303815456e+01 5.1100587615528448e-01
1349 3.6822422746822518e+01 5.0945473480755499e-01
1350 3.6854773368857273e+01 5.0990232017375692e-01
1351 3.6627120783006099e+01 5.0675264453860136e-01
1352 3.6748016540137634e+01 5.0842529156436278e-01
1353 3.6475447545720442e+01 5.0465417727016404e-01
1354 3.6600315396084277e+01 5.0638177998741285e-01
1355 3.6371609184074480e+01 5.0321752696176569e-01
1356 3.6417192445629020e+01 5.0384819183101137e-01
1357 3.6301625395553174e+01 5.0224926985747120e-01
1358 3.6220529624658788e+01 5.0112727349294406e-01
1359 3.6239506889997493e+01 5.0138983247085211e-01
1360 3.6038577277070779e+01 4.9860988115226601e-01
1361 3.6158139629961425e+01 5.0026407993227784e-01
1362 3.5894076016987860e+01 4.9661064140530359e-01
1363 3.6040586658058523e+01 4.9863768183950696e-01
1364 3.5795510606173409e+01 4.9524694473675651e-01
1365 3.5886957078227134e+01 4.9651214769446350e-01
1366 3.5734416678047928e+01 4.9440168283844199e-01
1367 3.5713789528274006e+01 4.9411629696934362e-01
1368 3.5689219800248736e+01 4.9377636376175782e-01
1369 3.5546541977787108e+01 4.9180235209215956e-01
1370 3.5634033631571150e+01 4.9301283836523541e-01
1371 3.5408971276061379e+01 4.8989899972865930e-01
1372 3.5549124808941478e+01 4.9183808671966767e-01
1373 3.5314003411062558e+01 4.8858507672009277e-01
1374 3.5428804990013596e+01 4.9017340805728149e-01
1375 3.5259317381977546e+01 4.8782847097916315e-01
1376 3.5283341060775378e+01 4.8816084935076576e-01
1377 3.5228755920667602e+01 4.8740563945408832e-01
1378 3.5134218325422950e+01 4.8609766942056132e-01
1379 3.5198803943910832e+01 4.8699124042118114e-01
1380 3.5005207839299835e+01 4.8431275147947017e-01
1381 3.5147800089366179e+01 4.8628557921659754e-01
1382 3.4913224075609698e+01 4.8304011485097992e-01
1383 3.5064395334161588e+01 4.8513163701848105e-01
1384 3.4862385456124358e+01 4.8233673974755542e-01
1385 3.4951786966471076e+01 4.8357364974281131e-01
1386 3.4843002873826300e+01 4.8206857302771638e-01
1387 3.4825993605847955e+01 4.8183324217600249e-01
1388 3.4835510697849166e+01 4.8196491541257774e-01
1389 3.4709176813725740e+01 4.8021702946069905e-01
1390 3.4817916812692211e+01 4.8172149611997717e-01
1391 3.4621085382358736e+01 4.7899824499574239e-01
1392 3.4774140705398779e+01 4.8111583404050390e-01
1393 3.4572010315675421e+01 4.7831926943634717e-01
1394 3.4700040324738481e+01 4.8009062203753522e-01
1395 3.4559523506297445e+01 4.7814650882784543e-01
1396 3.4604680768223254e+01 4.7877127980115225e-01
1397 3.4569748270381687e+01 4.7828797302510434e-01
1398 3.4506460415945462e+01 4.7741235717223029e-01
1399 3.4582562427630094e+01 4.7846526263822009e-01
1400 3.4425963216713598e+01 4.7629864231513391e-01
1401 3.4578985162246667e+01 4.7841576956711557e-01
1402 3.4378527026365745e+01 4.7564234134493144e-01
1403 3.4548137504224343e+01 4.7798897838215604e-01
1404 3.4369150109765869e+01 4.7551260749790708e-01
1405 3.4491109725308313e+01 4.7719997348196008e-01
1406 3.4391161444448407e+01 4.7581714418607002e-01
1407 3.4420231959468168e+01 4.7621934780048020e-01
1408 3.4428823003046361e+01 4.7633820874175886e-01
1409 3.4354220380827336e+01 4.7530604800155279e-01
1410 3.4462956735983944e+01 4.7681046424708701e-01
1411 3.4311335482959990e+01 4.7471271620422711e-01
1412 3.4477759966192927e+01 4.7701527357677903e-01
1413 3.4303171352815667e+01 4.7459976180179120e-01
1414 3.4466406093240401e+01 4.7685818765188381e-01
1415 3.4331055622558551e+01 4.7498555318072455e-01
1416 3.4433313148651528e+01 4.7640033192018894e-01
1417 3.4385946885633132e+01 4.7574499842595425e-01
1418 3.4392265083454170e+01 4.7583241352673428e-01
1419 3.4451683544093648e+01 4.7665449458087594e-01
1420 3.4361299327541779e+01 4.7540398840449477e-01
1421 3.4510547967829915e+01 4.7746891028595734e-01
1422 3.4356456010072634e+01 4.7533697893491700e-01
1423 3.4549358966765432e+01 4.7800587786427934e-01
1424 3.4386595365912768e+01 4.7575397044148837e-01
1425 3.4563958276581040e+01 4.7820786586386382e-01
1426 3.4450771855489499e+01 4.7664188096011428e-01
1427 3.4560393484342256e+01 4.7815854536431002e-01
1428 3.4538661695930742e+01 4.7785787632419269e-01
1429 3.4552283140177757e+01 4.7804633511502981e-01
1430 3.4633553294275011e+01 4.7917074414938532e-01
1431 3.4555091010361600e+01 4.7808518325844829e-01
1432 3.4716335406106559e+01 4.8031607179715913e-01
1433 3.4578417746509977e+01 4.7840791911589325e-01
1434 3.4767649359129329e+01 4.8102602335327715e-01
1435 3.4616513355590833e+01 4.7893498895469938e-01
1436 3.4764204553310044e+01 4.8097836291965512e-01
1437 3.4635592060425687e+01 4.7919895139353569e-01
1438 3.4665272190008437e+01 4.7960958929885761e-01
1439 3.4556289748399458e+01 4.7810176833687668e-01
1440 3.4389146605427428e+01 4.7578926798449112e-01
1441 3.4235175629786788e+01 4.7365901047529907e-01
1442 3.3791464923509700e+01 4.6752007383465743e-01
1443 3.3465894848247743e+01 4.6301566581418924e-01
1444 3.2679664085129275e+01 4.5213781055528657e-01
1445 3.2042508551794548e+01 4.4332247796573770e-01
1446 3.0911446252096326e+01 4.2767372372961659e-01
1447 2.9915138699108592e+01 4.1388936185630859e-01
1448 2.8575041523065277e+01 3.9534851634672263e-01
1449 2.7368862328544008e+01 3.7866048617825010e-01
1450 2.6120167122534717e+01 3.6138422792096792e-01
1451 2.5043732201811157e+01 3.4649126797519314e-01
1452 2.4263141729050631e+01 3.3569144866325412e-01
1453 2.3697148598263169e+01 3.2786067983169737e-01
1454 2.3667317718310887e+01 3.2744795622739631e-01
1455 2.3822850038419713e+01 3.2959981563762164e-01
1456 2.4532566808316982e+01 3.3941906548118844e-01
1457 2.5224353550152152e+01 3.4899024534429052e-01
1458 2.6152037569422287e+01 3.6182516984863361e-01
1459 2.6668986105983361e+01 3.6897738472090463e-01
1460 2.6908450613014903e+01 3.7229048358363775e-01
1461 2.6559073914678940e+01 3.6745670025486304e-01
1462 2.5825771621017637e+01 3.5731113411111359e-01
1463 2.4981783259026738e+01 3.4563417656556916e-01
1464 2.4163097381129543e+01 3.3430729023648326e-01
1465 2.3871136157965356e+01 3.3026787575949762e-01
1466 2.3849596930197002e+01 3.2996987088224838e-01
1467 2.4457746787433141e+01 3.3838389693294396e-01
1468 2.5001203806015280e+01 3.4590286854392954e-01
1469 2.5616857292886912e+01 3.5442071067626452e-01
1470 2.5572161704543884e+01 3.5380232716405169e-01
1471 2.5186331642407282e+01 3.4846419519652527e-01
1472 2.4386224035899883e+01 3.3739434758510189e-01
1473 2.3712809026952719e+01 3.2807734888685058e-01
1474 2.3429187827858364e+01 3.2415332238365469e-01
1475 2.3568634124836791e+01 3.2608262444874409e-01
1476 2.4172551408447255e+01 3.3443809094487564e-01
1477 2.4589987740109446e+01 3.4021350982777226e-01
1478 2.4820593974597667e+01 3.4340405051663292e-01
1479 2.4306247769402596e+01 3.3628784006604440e-01
1480 2.3717368314607430e+01 3.2814042867654863e-01
1481 2.3052744519176731e+01 3.1894506036045500e-01
1482 2.2994726919343826e+01 3.1814236084390585e-01
1483 2.3280871185679594e+01 3.2210129511406788e-01
1484 2.3812903928794402e+01 3.2946220674978799e-01
1485 2.4066555857169970e+01 3.3297159495035533e-01
1486 2.3759773019181115e+01 3.2872711678427352e-01
1487 2.3191353821813053e+01 3.2086278223340103e-01
1488 2.2565551824780083e+01 3.1220453091103306e-01
1489 2.2554514755922472e+01 3.1205182811288834e-01
1490 2.2792420339771098e+01 3.1534335857415591e-01
1491 2.3348156936348541e+01 3.2303222365451367e-01
1492 2.3337309027762537e+01 3.2288213797357140e-01
1493 2.3017618697188201e+01 3.1845907885812141e-01
1494 2.2336152637765700e+01 3.0903069026537466e-01
1495 2.2049276992771212e+01 3.0506163704342104e-01
1496 2.2182151610209505e+01 3.0690001697445157e-01
1497 2.2603659142936632e+01 3.1273176275015330e-01
1498 2.2855801672927647e+01 3.1622026774705397e-01
1499 2.2518077203726570e+01 3.1154769823478023e-01
1500 2.2017531004212092e+01 3.0462241705255322e-01
1501 2.1556190169836267e+01 2.9823955968195520e-01
1502 2.1755003011787029e+01 3.0099022452464547e-01
1503 2.2053031717625359e+01 3.0511358534589961e-01
1504 2.2339956066428332e+01 3.0908331240688891e-01
1505 2.1958410001842562e+01 3.0380445146699642e-01
1506 2.1475313582630655e+01 2.9712059582207367e-01
1507 2.1143525072907547e+01 2.9253015297165674e-01
1508 2.1341428190898142e+01 2.9526823137531605e-01
1509 2.1716539250674117e+01 3.0045806113734713e-01
1510 2.1732284921272591e+01 3.0067590955254425e-01
1511 2.1371568357839607e+01 2.9568523410383812e-01
1512 2.0820375057541771e+01 2.8805922756533120e-01
1513 2.0816725653195444e+01 2.8800873641931818e-01
1514 2.1029264263610440e+01 2.9094930342518366e-01
1515 2.1371644204922877e+01 2.9568628348225517e-01
1516 2.1066243654501381e+01 2.9146092988467065e-01
1517 2.0653008426762849e+01 2.8574363515889545e-01
1518 2.0320901439435151e+01 2.8114878602797105e-01
1519 2.0554417592522139e+01 2.8437958674584279e-01
1520 2.0834654033157847e+01 2.8825678359758439e-01
1521 2.0773390648583014e+01 2.8740917719328613e-01
1522 2.0342698586694805e+01 2.8145035933706808e-01
1523 1.9960037200153028e+01 2.7615606741765453e-01
1524 2.0115680277760511e+01 2.7830945920755223e-01
1525 2.0349931074889842e+01 2.8155042405526259e-01
1526 2.0433851512505946e+01 2.8271150095084346e-01
1527 1.9938952675672965e+01 2.7586435356434863e-01
1528 1.9664807981685914e+01 2.7207143875984618e-01
1529 1.9656128692322721e+01 2.7195135689855077e-01
1530 2.0013823070369046e+01 2.7690021905687978e-01
1531 1.9962579602645583e+01 2.7619124269649276e-01
1532 1.9596947157224086e+01 2.7113255381553580e-01
1533 1.9256201163381533e+01 2.6641818015459101e-01
1534 1.9337693776605406e+01 2.6754566701074378e-01
1535 1.9639949634827836e+01 2.7172751238125314e-01
1536 1.9531763343905599e+01 2.7023070652112385e-01
1537 1.9188424709634866e+01 2.6548046251696805e-01
1538 1.8853852485282665e+01 2.6085150572606725e-01
1539 1.9090677307794834e+01 2.6412808336948684e-01
1540 1.9229734510652754e+01 2.6605200214289709e-01
1541 1.9149504725806640e+01 2.6494198708377198e-01
1542 1.8668560674182043e+01 2.5828791040982951e-01
1543 1.8589821783863375e+01 2.5719852254520836e-01
1544 1.8766836246951726e+01 2.5964759703902507e-01
1545 1.8916776295997085e+01 2.6172208487076409e-01
1546 1.8619861638202241e+01 2.5761413740387995e-01
1547 1.8260448334242056e+01 2.5264149313453610e-01
1548 1.8312319257013733e+01 2.5335915061695008e-01
1549 1.8504756815878238e+01 2.5602161055861128e-01
1550 1.8513007979441607e+01 2.5613576910743713e-01
1551 1.8072422570990039e+01 2.5004007236401360e-01
1552 1.7947500101651546e+01 2.4831171396875185e-01
1553 1.8048291446303075e+01 2.4970620743034172e-01
1554 1.8258823422980178e+01 2.5261901175840018e-01
1555 1.7942114502491261e+01 2.4823720178874548e-01
1556 1.7663509175129064e+01 2.4438257212075254e-01
1557 1.7648854352493753e+01 2.4417981607640810e-01
1558 1.7884852674776830e+01 2.4744495871844482e-01
1559 1.7795017569921775e+01 2.4620204974868426e-01
1560 1.7426509466220637e+01 2.4110357484559822e-01
1561 1.7325333998356509e+01 2.3970376686706979e-01
1562 1.7472814682847197e+01 2.4174422828708658e-01
1563 1.7586029533515976e+01 2.4331060652678882e-01
1564 1.7215762585987417e+01 2.3818779723044933e-01
1565 1.7045449840334992e+01 2.3583144400330625e-01
1566 1.7092096368799250e+01 2.3647681964715908e-01
1567 1.7304719291937772e+01 2.3941855315737168e-01
1568 1.7021056320829217e+01 2.3549394871962315e-01
1569 1.6774577359038037e+01 2.3208380172906962e-01
1570 1.6767837157119128e+01 2.3199054801231239e-01
1571 1.6973550717518002e+01 2.3483668738993846e-01
1572 1.6827610801795693e+01 2.3281754319691925e-01
1573 1.6502919466113831e+01 2.2832529293268619e-01
1574 1.6484778734681843e+01 2.2807430777659143e-01
1575 1.6633527349604286e+01 2.3013231158284136e-01
1576 1.6613532493189485e+01 2.2985567377597146e-01
1577 1.6241330373637187e+01 2.2470609050669327e-01
1578 1.6211664368147897e+01 2.2429564801453949e-01
1579 1.6320712223364318e+01 2.2580437400311959e-01
1580 1.6362722859021527e+01 2.2638560999063179e-01
1581 1.6000355637691129e+01 2.2137209694953894e-01
1582 1.5928074730794796e+01 2.2037205818219036e-01
1583 1.6048023347514881e+01 2.2203160109553483e-01
1584 1.6078531611519214e+01 2.2245369661202571e-01
1585 1.5774543396097963e+01 2.1824788330264974e-01
1586 1.5637196409698717e+01 2.1634762614103528e-01
1587 1.5803206448139104e+01 2.1864444948398973e-01
1588 1.5782777772304650e+01 2.1836180959086621e-01
1589 1.5543758938888724e+01 2.1505487682250485e-01
1590 1.5358326312293299e+01 2.1248933326073602e-01
1591 1.5562470437669143e+01 2.1531375880087367e-01
1592 1.5499842253041857e+01 2.1444726977569062e-01
1593 1.5288310954909630e+01 2.1152063938707094e-01
1594 1.5108575853413599e+01 2.0903392364058543e-01
1595 1.5309577977698012e+01 2.1181487818632910e-01
1596 1.5239414078846206e+01 2.1084412917482645e-01
1597 1.5004740607615640e+01 2.0759731644134183e-01
1598 1.4889469192299931e+01 2.0600248470731033e-01
1599 1.5046470750930688e+01 2.0817467169148987e-01
1600 1.4990867876555665e+01 2.0740538098473676e-01
1601 1.4709212291545752e+01 2.0350854963404369e-01
1602 1.4687131442884539e+01 2.0320305118880641e-01
1603 1.4787942453363947e+01 2.0459781673594576e-01
1604 1.4732243877603509e+01 2.0382720195760012e-01
1605 1.4426553477325632e+01 1.9959783815724508e-01
1606 1.4483869701445995e+01 2.0039083382622044e-01
1607 1.4546109112305821e+01 2.0125194399195245e-01
1608 1.4447104875048241e+01 1.9988217596273616e-01
1609 1.4174917059210856e+01 1.9611633544516052e-01
1610 1.4271207810319618e+01 1.9744856117641738e-01
1611 1.4317831313885650e+01 1.9809361826047581e-01
1612 1.4137526838269908e+01 1.9559902496766052e-01
1613 1.3957325528177979e+01 1.9310585901614039e-01
1614 1.4053493696440890e+01 1.9443638875874233e-01
1615 1.4084372035891345e+01 1.9486360443502171e-01
1616 1.3824419208000053e+01 1.9126704046348728e-01
1617 1.3763855671159339e+01 1.9042911676649599e-01
1618 1.3839234849583837e+01 1.9147202151011658e-01
1619 1.3823643749796799e+01 1.9125631165142595e-01
1620 1.3536167553145434e+01 1.8727894952793170e-01
1621 1.3580318177897782e+01 1.8788979322443278e-01
1622 1.3628370691399063e+01 1.8855462130190478e-01
1623 1.3527424400622028e+01 1.8715798409116999e-01
1624 1.3294140746500370e+01 1.8393040010076722e-01
1625 1.3395429310338498e+01 1.8533177281282334e-01
1626 1.3407356135084996e+01 1.8549678578277648e-01
1627 1.3211925184002515e+01 1.8279291091714164e-01
1628 1.3102766678478872e+01 1.8128265403193072e-01
1629 1.3200927086860968e+01 1.8264074731016883e-01
1630 1.3157856303280381e+01 1.8204484370062443e-01
1631 1.2913259072032750e+01 1.7866073129616084e-01
1632 1.2946786367587539e+01 1.7912459646829032e-01
1633 1.2987479865653633e+01 1.7968760926644856e-01
1634 1.2874348140144180e+01 1.7812238110061004e-01
1635 1.2668726019378370e+01 1.7527750683132118e-01
1636 1.2795216636970903e+01 1.7702756126104519e-01
1637 1.2745646067962001e+01 1.7634173020472588e-01
1638 1.2577177843532763e+01 1.7401089675603587e-01
1639 1.2493370224465304e+01 1.7285138075567849e-01
1640 1.2611752574677018e+01 1.7448925366935603e-01
1641 1.2476098571310740e+01 1.7261241968736296e-01
1642 1.2307096530539646e+01 1.7027420065014867e-01
1643 1.2364281025436345e+01 1.7106537378622960e-01
1644 1.2371979156649191e+01 1.7117188088443222e-01
1645 1.2199777458497865e+01 1.6878939315220759e-01
1646 1.2098972968619430e+01 1.6739471782050741e-01
1647 1.2225095286135465e+01 1.6913967665347801e-01
1648 1.2083176331081139e+01 1.6717616425483756e-01
1649 1.1952628966400363e+01 1.6536998290955904e-01
1650 1.1950293147421002e+01 1.6533766580628556e-01
1651 1.2018436373067463e+01 1.6628045789765181e-01
1652 1.1790839142419768e+01 1.6313154812656508e-01
1653 1.1760525226759274e+01 1.6271214150658303e-01
1654 1.1811343570064261e+01 1.6341523607995775e-01
1655 1.1733342797520248e+01 1.6233606040581980e-01
1656 1.1554368180887963e+01 1.5985986630852747e-01
1657 1.1609879047269114e+01 1.6062788404341669e-01
1658 1.1618404312951737e+01 1.6074583491800654e-01
1659 1.1426347359385858e+01 1.5808864082136617e-01
1660 1.1399243792720608e+01 1.5771365081968369e-01
1661 1.1445010841265102e+01 1.5834685846437002e-01
1662 1.1355251097243858e+01 1.5710499214554713e-01
1663 1.1181681756027839e+01 1.5470358245808816e-01
1664 1.1282562595737467e+01 1.5609931412394840e-01
1665 1.1215272060720610e+01 1.5516831938990336e-01
1666 1.1079271638436493e+01 1.5328669254680138e-01
1667 1.1033593436099844e+01 1.5265471412925113e-01
1668 1.1116075610070819e+01 1.5379589200219160e-01
1669 1.0939589863110291e+01 1.5135413253315047e-01
1670 1.0867032971799253e+01 1.5035027539763607e-01
1671 1.0922548292211120e+01 1.5111835475603802e-01
1672 1.0853888736263952e+01 1.5016841900336983e-01
1673 1.0701617802448595e+01 1.4806168233535699e-01
1674 1.0726182901392493e+01 1.4840155149752571e-01
1675 1.0747222489521475e+01 1.4869264363625889e-01
1676 1.0559362635383142e+01 1.4609351829274009e-01
1677 1.0554970745033211e+01 1.4603275451983702e-01
1678 1.0575207595168603e+01 1.4631274041837372e-01
1679 1.0485211137846511e+01 1.4506759906485964e-01
1680 1.0343899004116718e+01 1.4311248231142401e-01
1681 1.0443452923242535e+01 1.4448985543583834e-01
1682 1.0343097821893300e+01 1.4310139759600565e-01
1683 1.0229813548526719e+01 1.4153405886214088e-01
1684 1.0228639907339774e+01 1.4151782100990162e-01
1685 1.0253768195382190e+01 1.4186548214585773e-01
1686 1.0081016941716111e+01 1.3947539106659221e-01
1687 1.0064955416731037e+01 1.3925317266428508e-01
1688 1.0105548199896784e+01 1.3981479202662297e-01
1689 9.9739052312983034e+00 1.3799345250972750e-01
1690 9.9003559529922676e+00 1.3697586525501809e-01
1691 9.9400285324278137e+00 1.3752475318600607e-01
1692 9.8823926160074436e+00 1.3672733443066726e-01
1693 9.7290184777032422e+00 1.3460533443372663e-01
1694 9.7998284507879561e+00 1.3558502217202778e-01
1695 9.7394007542986571e+00 1.3474897788722731e-01
1696 9.6283905548683357e+00 1.3321310198626998e-01
1697 9.5985485638092864e+00 1.3280022465482308e-01
1698 9.6467962560398757e+00 1.3346775311755935e-01
1699 9.4793852717550511e+00 1.3115154706047538e-01
1700 9.4623932824759098e+00 1.3091645526731507e-01
1701 9.4860598525323745e+00 1.3124389287930546e-01
1702 9.3864852043809819e+00 1.2986623295952462e-01
1703 9.2961959566972858e+00 1.2861704072003136e-01
1704 9.3460982355547610e+00 1.2930746113088881e-01
1705 9.2750466368718207e+00 1.2832443039405894e-01
1706 9.1495411305050336e+00 1.2658800541999887e-01
1707 9.2047746612042438e+00 1.2735218609133397e-01
1708 9.1448631126787348e+00 1.2652328294512241e-01
1709 9.0406918893827140e+00 1.2508202734649582e-01
1710 9.0254276693425481e+00 1.2487084001571983e-01
1711 9.0538176827078107e+00 1.2526362858451195e-01
1712 8.8894029775302243e+00 1.2298887739280939e-01
1713 8.9050928851143354e+00 1.2320595430169118e-01
1714 8.8973479379625378e+00 1.2309879948397462e-01
1715 8.8028611960715590e+00 1.2179153302940511e-01
1716 8.7328211421373751e+00 1.2082249746788640e-01
1717 8.7888978742899369e+00 1.2159834420953304e-01
1718 8.6718090856176104e+00 1.1997836829995916e-01
1719 8.6068508095857439e+00 1.1907964141506873e-01
1720 8.6450851871473393e+00 1.1960863117804828e-01
1721 8.5632285704999074e+00 1.1847610817126270e-01
1722 8.4766398306160724e+00 1.1727811411698374e-01
1723 8.4996289194149117e+00 1.1759617847190158e-01
1724 8.4635164294566518e+00 1.1709654597565272e-01
1725 8.3326176034215518e+00 1.1528550200489480e-01
1726 8.3832282023500930e+00 1.1598572234164102e-01
1727 8.3253306671532066e+00 1.1518468397318422e-01
1728 8.2366040127936611e+00 1.1395711091320668e-01
1729 8.2201282784808640e+00 1.1372916173906360e-01
1730 8.2358434692826901e+00 1.1394658845260285e-01
1731 8.0932725102154883e+00 1.1197405528599833e-01
1732 8.1098755776735860e+00 1.1220376617131987e-01
1733 8.0965264235760941e+00 1.1201907463683279e-01
1734 7.9959016610909535e+00 1.1062688591423267e-01
1735 7.9656133022730664e+00 1.1020783288463118e-01
1736 7.9858951209143232e+00 1.1048844094261639e-01
1737 7.8789765610841211e+00 1.0900917471076581e-01
1738 7.8367296007858966e+00 1.0842466906584557e-01
1739 7.8714034555849510e+00 1.0890439739939016e-01
1740 7.7572185014647550e+00 1.0732459734331327e-01
1741 7.7266749937482313e+00 1.0690201421425621e-01
1742 7.7327211362979549e+00 1.0698566530833160e-01
1743 7.6674840118134018e+00 1.0608308043002526e-01
1744 7.5817260763308107e+00 1.0489658092728146e-01
1745 7.6375921036884318e+00 1.0566951247358186e-01
1746 7.5319110569588386e+00 1.0420736779054479e-01
1747 7.4876776104420841e+00 1.0359537821778475e-01
1748 7.4945094925710336e+00 1.0368990037136958e-01
1749 7.4438386258067837e+00 1.0298884620208416e-01
1750 7.3521065894721307e+00 1.0171969233446528e-01
1751 7.3925181320629321e+00 1.0227880415215623e-01
1752 7.3217714570648118e+00 1.0129999217127446e-01
1753 7.2458377621815790e+00 1.0024941544372783e-01
1754 7.2722378270999251e+00 1.0061467218319750e-01
1755 7.2119783337773153e+00 9.9780955064653010e-02
1756 7.1381757314084116e+00 9.8759862957909395e-02
1757 7.1485013864471609e+00 9.8902723026776926e-02
1758 7.1153093305448989e+00 9.8443496045606496e-02
1759 7.0118668388805281e+00 9.7012322775964638e-02
1760 7.0537084827484104e+00 9.7591220686272934e-02
1761 6.9865706592092076e+00 9.6662338784017532e-02
1762 6.9238768064438938e+00 9.5794941210690474e-02
1763 6.9204137344656695e+00 9.5747028056566527e-02
1764 6.9001946300871086e+00 9.5467287678535184e-02
1765 6.7954180453947366e+00 9.4017656633464966e-02
1766 6.8298349504071592e+00 9.4493829951460828e-02
1767 6.7758984789952548e+00 9.3747594677140694e-02
1768 6.7026183488650286e+00 9.2733731208165693e-02
1769 6.7113949443744731e+00 9.2855159343639554e-02
1770 6.6763572968906351e+00 9.2370397775127622e-02
1771 6.5938548346613359e+00 9.1228939205033263e-02
1772 6.6048068401713609e+00 9.1380465113610324e-02
1773 6.5743712108153982e+00 9.0959374530058729e-02
1774 6.4819563032442193e+00 8.9680772832591585e-02
1775 6.5116134739967366e+00 9.0091093092199440e-02
1776 6.4550825961440008e+00 8.9308963041091136e-02
1777 6.3954126968545193e+00 8.8483403220447898e-02
1778 6.3904092396670906e+00 8.8414178146039607e-02
1779 6.3701151901399378e+00 8.8133400868262046e-02
1780 6.2735902162046546e+00 8.6797934559143392e-02
1781 6.3095236319949510e+00 8.7295089483957644e-02
1782 6.2464832597505220e+00 8.6422897658211290e-02
1783 6.1917143750770220e+00 8.5665145573051410e-02
1784 6.1929096174131431e+00 8.5681682286878363e-02
1785 6.1579633379645751e+00 8.5198184836116048e-02
1786 6.0810790651336486e+00 8.4134456436296634e-02
1787 6.1032117118311113e+00 8.4440671530598602e-02
1788 6.0498791772977345e+00 8.3702791993879075e-02
1789 5.9860118149136667e+00 8.2819158388617697e-02
1790 6.0069387544356951e+00 8.3108691983346972e-02
1791 5.9441913436346177e+00 8.2240553410572528e-02
1792 5.8975864919206176e+00 8.1595754383252964e-02
1793 5.9004470725983627e+00 8.1635331799997005e-02
1794 5.8560069569325899e+00 8.1020482866862170e-02
1795 5.7890027590104083e+00 8.0093449734953887e-02
1796 5.8211146987571594e+00 8.0537732824644090e-02
1797 5.7392995507737306e+00 7.9405783555425102e-02
1798 5.7140544259261743e+00 7.9056505929864587e-02
1799 5.7088565854562683e+00 7.8984591475555727e-02
1800 5.6574242001739146e+00 7.8273001356005470e-02
1801 5.6078687700450951e+00 7.7587379752882393e-02
1802 5.6286166028029143e+00 7.7874435325193392e-02
1803 5.5479981363397828e+00 7.6759042681559947e-02
1804 5.5285112246297556e+00 7.6489432517511016e-02
1805 5.5275156720129059e+00 7.6475658600517790e-02
1806 5.4563879691454806e+00 7.5491574928160249e-02
1807 5.4399375543806396e+00 7.5263976061319821e-02
1808 5.4321437211230732e+00 7.5156144882402881e-02
1809 5.3665093389337661e+00 7.4248063765567709e-02
1810 5.3469845693034008e+00 7.3977929820210328e-02
1811 5.3478319872400277e+00 7.3989654227459248e-02
1812 5.2628105624694204e+00 7.2813344680765779e-02
1813 5.2757375004371001e+00 7.2992194665718657e-02
1814 5.2394026881102107e+00 7.2489486239780687e-02
1815 5.1883928062326161e+00 7.1783741644342383e-02
1816 5.1758474930373888e+00 7.1610171609288023e-02
1817 5.1619419863360516e+00 7.1417782686983733e-02
1818 5.0853787761398044e+00 7.0358496332722578e-02
1819 5.1072145861306408e+00 7.0660604558047055e-02
1820 5.0553274720049863e+00 6.9942723060988421e-02
1821 5.0121212204798207e+00 6.9344945191668797e-02
1822 5.0141650609727977e+00 6.9373222641620907e-02
1823 4.9704989343661099e+00 6.8769082194278866e-02
1824 4.9247278086259971e+00 6.8135818139762383e-02
1825 4.9331169403931892e+00 6.8251885540571572e-02
1826 4.8790914215169661e+00 6.7504418254641776e-02
1827 4.8424964885148363e+00 6.6998110942488906e-02
1828 4.8534394467813620e+00 6.7149511678394155e-02
1829 4.7828288518369559e+00 6.6172582426092030e-02
1830 4.7736743996374811e+00 6.6045926473830049e-02
1831 4.7574920723490699e+00 6.5822036717472346e-02
1832 4.7076429732935008e+00 6.5132352073027214e-02
1833 4.6845762554730603e+00 6.4813213685776278e-02
1834 4.6847764885159142e+00 6.4815983999735469e-02
1835 4.6098349600044788e+00 6.3779134338962928e-02
1836 4.6227961824983854e+00 6.3958458665713938e-02
1837 4.5848177361415274e+00 6.3433009825745748e-02
1838 4.5410261915596699e+00 6.2827134164463019e-02
1839 4.5366362688086843e+00 6.2766397614173922e-02
1840 4.5072611038830575e+00 6.2359979031670273e-02
1841 4.4560734628012586e+00 6.1651775057910765e-02
1842 4.4661705702811334e+00 6.1791473068789939e-02
1843 4.4174837429713945e+00 6.1117868975266658e-02
1844 4.3832067612004666e+00 6.0643631558077206e-02
1845 4.3895034479107400e+00 6.0730749042991347e-02
1846 4.3302262101780151e+00 5.9910621871107864e-02
1847 4.3166088013627411e+00 5.9722218912278920e-02
1848 4.3035324129188233e+00 5.9541301212953673e-02
1849 4.2569060903150611e+00 5.8896205126243814e-02
1850 4.2369152008695181e+00 5.8619622204172918e-02
1851 4.2337155910201174e+00 5.8575354166772939e-02
1852 4.1670280528442483e+00 5.7652702164487514e-02
1853 4.1799527257958511e+00 5.7831520811927037e-02
1854 4.1394281787109639e+00 5.7270845526374056e-02
1855 4.1051109725518007e+00 5.6796051586731358e-02
1856 4.0981282684564286e+00 5.6699442743592315e-02
1857 4.0687852882052109e+00 5.6293469450495043e-02
1858 4.0248711753014295e+00 5.5685898001502442e-02
1859 4.0351937145502665e+00 5.5828714962018994e-02
1860 3.9812090424833682e+00 5.5081812810017394e-02
1861 3.9633526327404907e+00 5.4834761372019397e-02
1862 3.9574056403150282e+00 5.4752482064385356e-02
1863 3.9057185001013219e+00 5.4037367296093611e-02
1864 3.8982607177672439e+00 5.3934185532433364e-02
1865 3.8795841545173522e+00 5.3675786902799165e-02
1866 3.8356037886116652e+00 5.3067298813808485e-02
1867 3.8285122160077139e+00 5.2969183726022030e-02
1868 3.8087006097120120e+00 5.2695081266743750e-02
1869 3.7586835885246535e+00 5.2003073344286548e-02
1870 3.7716699630499986e+00 5.2182745660674039e-02
1871 3.7217848119637740e+00 5.1492562220214234e-02
1872 3.7039343556436459e+00 5.1245593150490286e-02
1873 3.6930053083673777e+00 5.1094384879374809e-02
1874 3.6569689000410772e+00 5.0595805006629295e-02
1875 3.6318663924551302e+00 5.0248500554851833e-02
1876 3.6317974573269178e+00 5.0247546806433271e-02
1877 3.5764503080432517e+00 4.9481794171020450e-02
1878 3.5790898253213119e+00 4.9518313076475418e-02
1879 3.5520008424502718e+00 4.9143524848127160e-02
1880 3.5147624554500609e+00 4.8628315061299908e-02
1881 3.5138527527131580e+00 4.8615728915902330e-02
1882 3.4807855948702646e+00 4.8158229955404287e-02
1883 3.4516023229278363e+00 4.7754466298393708e-02
1884 3.4493604929044448e+00 4.7723449574483295e-02
1885 3.4108919915941245e+00 4.7191220604427694e-02
1886 3.3890236774999005e+00 4.6888662670253670e-02
1887 3.3876595702005110e+00 4.6869789633918239e-02
1888 3.3360290378678150e+00 4.6155458061050827e-02
1889 3.3391569969393422e+00 4.6198734777801120e-02
1890 3.3101654249326993e+00 4.5797623375386051e-02
1891 3.2809771970811341e+00 4.5393791151149672e-02
1892 3.2719692464399364e+00 4.5269162113657377e-02
1893 3.2494321535429749e+00 4.4957351324777503e-02
1894 3.2127270009631093e+00 4.4449519075329444e-02
1895 3.2204843243490022e+00 4.4556845123795867e-02
1896 3.1723406851946576e+00 4.3890756282040776e-02
1897 3.1652318156355457e+00 4.3792401883121404e-02
1898 3.1494590349756977e+00 4.3574178388065418e-02
1899 3.1137709317854081e+00 4.3080417473103282e-02
1900 3.1061630543118932e+00 4.2975159075866173e-02
1901 3.0868079620932551e+00 4.2707372693606117e-02
1902 3.0518309780453712e+00 4.2223450430940210e-02
1903 3.0517294103959367e+00 4.2222045196953752e-02
1904 3.0203214144265607e+00 4.1787501485166183e-02
1905 2.9955237549139722e+00 4.1444414743218333e-02
1906 2.9958570908403894e+00 4.1449026595272782e-02
1907 2.9521766146401696e+00 4.0844687614867939e-02
1908 2.9486612157420340e+00 4.0796050494336621e-02
1909 2.9279615206915097e+00 4.0509660928797452e-02
1910 2.8990938077689550e+00 4.0110263172365740e-02
1911 2.8897312520053644e+00 3.9980728013952721e-02
1912 2.8717343672510922e+00 3.9731733041164272e-02
1913 2.8369238604797973e+00 3.9250114066290677e-02
1914 2.8434083570894391e+00 3.9339829985401698e-02
1915 2.8012529012660350e+00 3.8756590345933456e-02
1916 2.7938983178718764e+00 3.8654836385895217e-02
1917 2.7787571022368840e+00 3.8445350876236441e-02
1918 2.7483731185558691e+00 3.8024974833762590e-02
1919 2.7396030408722760e+00 3.7903636875332838e-02
1920 2.7227299013214812e+00 3.7670189421472329e-02
1921 2.6911244154767484e+00 3.7232913348678294e-02
1922 2.6914961110047853e+00 3.7238055923026731e-02
1923 2.6606578899290989e+00 3.6811395302456723e-02
1924 2.6423195426694770e+00 3.6557676042749246e-02
1925 2.6383114733027493e+00 3.6502222605305543e-02
1926 2.6010288274472209e+00 3.5986400477363373e-02
1927 2.5986062040669662e+00 3.5952882396268808e-02
1928 2.5771105810624291e+00 3.5655480810485196e-02
1929 2.5530733923894329e+00 3.5322915523700059e-02
1930 2.5455733329020687e+00 3.5219148836661371e-02
1931 2.5248244003598939e+00 3.4932078048340531e-02
1932 2.4990982767903134e+00 3.4576145589716577e-02
1933 2.5014022312268556e+00 3.4608021832747832e-02
1934 2.4620935351433850e+00 3.4064168391149847e-02
1935 2.4612654798970763e+00 3.4052711875406309e-02
1936 2.4402341174896218e+00 3.3761733543219957e-02
1937 2.4174547604479324e+00 3.3446570921234091e-02
1938 2.4101416205693966e+00 3.3345390350823324e-02
1939 2.3898550713572653e+00 3.3064716843268241e-02
1940 2.3669454718296481e+00 3.2747752258071396e-02
1941 2.3657671813021692e+00 3.2731450080120468e-02
1942 2.3329947070244912e+00 3.2278028198922747e-02
1943 2.3264654982101511e+00 3.2187693666404796e-02
1944 2.3124296109060323e+00 3.1993500869980887e-02
1945 2.2845119831579992e+00 3.1607247968084111e-02
1946 2.2838755686537997e+00 3.1598442887965025e-02
1947 2.2576917962104490e+00 3.1236178651901422e-02
1948 2.2430228267322669e+00 3.1033226879640531e-02
1949 2.2345639747374526e+00 3.0916194868210314e-02
1950 2.2101161638085012e+00 3.0577948438336031e-02
1951 2.1979574388474323e+00 3.0409727024899191e-02
1952 2.1895251122868165e+00 3.0293062004748666e-02
1953 2.1585071286108590e+00 2.9863914287974285e-02
1954 2.1621112591588760e+00 2.9913779050680867e-02
1955 2.1328488979334810e+00 2.9508921157966217e-02
1956 2.1227924581813808e+00 2.9369785803341666e-02
1957 2.1118376392298011e+00 2.9218220969538779e-02
1958 2.0896176447942238e+00 2.8910797380101574e-02
1959 2.0789700604578276e+00 2.8763483275004893e-02
1960 2.0684048445693435e+00 2.8617308774330118e-02
1961 2.0419482355730492e+00 2.8251269722180096e-02
1962 2.0425553234675893e+00 2.8259669055500567e-02
1963 2.0168483388884346e+00 2.7904001393393642e-02
1964 2.0052436839148133e+00 2.7743445786752318e-02
1965 1.9976791470156405e+00 2.7638787025800946e-02
1966 1.9718877639635561e+00 2.7281951672965463e-02
1967 1.9683737982057241e+00 2.7233334380573057e-02
1968 1.9504142439922172e+00 2.6984855892560108e-02
1969 1.9329978514059145e+00 2.6743892289285937e-02
1970 1.9272459663451260e+00 2.6664312379554429e-02
1971 1.9071159715417043e+00 2.6385804872463805e-02
1972 1.8932787313322033e+00 2.6194360447693896e-02
1973 1.8886188486231226e+00 2.6129888880298352e-02
1974 1.8605299748220379e+00 2.5741266712447940e-02
1975 1.8623253349692142e+00 2.5766106325364031e-02
1976 1.8391234409228323e+00 2.5445097714396073e-02
1977 1.8281879240207162e+00 2.5293799933105137e-02
1978 1.8192234675625563e+00 2.5169772657143787e-02
1979 1.8006366523670749e+00 2.4912615732097399e-02
1980 1.7896038918366208e+00 2.4759972541591343e-02
1981 1.7818543997140108e+00 2.4652754842165028e-02
1982 1.7579729912914670e+00 2.4322344845017628e-02
1983 1.7585547851353049e+00 2.4330394223801396e-02
1984 1.7361020935876237e+00 2.4019751165445687e-02
1985 1.7264417489193824e+00 2.3886095963968398e-02
1986 1.7187311741379174e+00 2.3779416703412572e-02
1987 1.6975476314615805e+00 2.3486332888948216e-02
1988 1.6935315900137700e+00 2.3430769154186983e-02
1989 1.6781412026838036e+00 2.3217836242366285e-02
1990 1.6631641062688254e+00 2.3010621395729441e-02
1991 1.6581961954661966e+00 2.2941888121498614e-02
1992 1.6397602599367322e+00 2.2686818684306220e-02
1993 1.6297040572093280e+00 2.2547686609024647e-02
1994 1.6232084233184454e+00 2.2457816600632216e-02
1995 1.6007055132495083e+00 2.2146478746510222e-02
1996 1.6018815521196166e+00 2.2162749771771486e-02
1997 1.5804857827449441e+00 2.1866729705744787e-02
1998 1.5732465077397866e+00 2.1766571088988107e-02
1999 1.5636474121134434e+00 2.1633763295477750e-02
2000 1.5478208531573900e+00 2.1414795753572375e-02
