# step 13
# iter abs_residual rel_residual
0 7.2278104865846586e+01 1.0000000000000000e+00
1 1.1546600861374977e+03 1.5975240195915910e+01
2 1.1527745212176333e+03 1.5949152559509779e+01
3 1.1585072720811954e+03 1.6028467739040323e+01
4 1.2484330970662638e+03 1.7272631862490673e+01
5 1.4402468346343830e+03 1.9926460956711384e+01
6 1.2677694538271389e+03 1.7540159031289090e+01
7 1.4124522130195874e+03 1.9541909899840363e+01
8 1.3004236603879849e+03 1.7991944625577354e+01
9 1.3783981910462780e+03 1.9070757231455989e+01
10 1.3232324643114407e+03 1.8307514658380381e+01
11 1.3547601259471160e+03 1.8743713998335309e+01
12 1.3364428175034327e+03 1.8490285820082967e+01
13 1.3388396176553078e+03 1.8523446625230303e+01
14 1.3429152194675864e+03 1.8579834404348794e+01
15 1.3277325809240040e+03 1.8369775790170095e+01
16 1.3450051727494088e+03 1.8608749845417723e+01
17 1.3195692023761155e+03 1.8256831786407957e+01
18 1.3443069584353402e+03 1.8599089737209791e+01
19 1.3132163294697291e+03 1.8168936940269173e+01
20 1.3418458874598284e+03 1.8565039716389794e+01
21 1.3079856800742341e+03 1.8096568559758872e+01
22 1.3382737217512238e+03 1.8515617201573797e+01
23 1.3034526903345620e+03 1.8033852613510895e+01
24 1.3340055733957875e+03 1.8456565454667064e+01
25 1.2993510853111802e+03 1.7977105068303469e+01
26 1.3293075319972859e+03 1.8391565944687915e+01
27 1.2955114809386298e+03 1.7923982419616468e+01
28 1.3243513570126670e+03 1.8322995040763164e+01
29 1.2918249965163168e+03 1.7872978254120497e+01
30 1.3192485335202309e+03 1.8252395188955937e+01
31 1.2882212246140305e+03 1.7823118453438461e+01
32 1.3140716232937973e+03 1.8180770313953442e+01
33 1.2846546044813942e+03 1.7773772664153363e+01
34 1.3088677968928118e+03 1.8108773041603200e+01
35 1.2810958289431398e+03 1.7724535408350103e+01
36 1.3036675101298538e+03 1.8036824741732719e+01
37 1.2775263299658718e+03 1.7675149788958269e+01
38 1.2984901357303245e+03 1.7965193444687248e+01
39 1.2739346838621091e+03 1.7625457754137638e+01
40 1.2933476589213055e+03 1.7894044971459238e+01
41 1.2703142383687739e+03 1.7575367266844772e+01
42 1.2882471280015639e+03 1.7823476838423531e+01
43 1.2666615286057890e+03 1.7524830388909681e+01
44 1.2831922934637166e+03 1.7753540935327713e+01
45 1.2629752087399065e+03 1.7473828500125734e+01
46 1.2781847130489627e+03 1.7684258814219969e+01
47 1.2592553284049682e+03 1.7422362287199388e+01
48 1.2732245007417553e+03 1.7615632052126330e+01
49 1.2555028382783553e+03 1.7370444903178630e+01
50 1.2683108376859993e+03 1.7547649319805444e+01
51 1.2517192522233213e+03 1.7318097293040584e+01
52 1.2634423194692433e+03 1.7480291186581109e+01
53 1.2479064168627983e+03 1.7265345005641795e+01
54 1.2586171941788114e+03 1.7413533413955669e+01
55 1.2440663539091911e+03 1.7212216012280187e+01
56 1.2538335239662385e+03 1.7347349190926419e+01
57 1.2402011533676903e+03 1.7158739229115010e+01
58 1.2490892942249466e+03 1.7281710644507726e+01
59 1.2363129023457782e+03 1.7104943532214421e+01
60 1.2443824862358488e+03 1.7216589844815566e+01
61 1.2324036388438433e+03 1.7050857118227906e+01
62 1.2397111252414782e+03 1.7151959470194633e+01
63 1.2284753213145179e+03 1.6996507083226067e+01
64 1.2350733099349111e+03 1.7087793215210844e+01
65 1.2245298121545418e+03 1.6941919194303143e+01
66 1.2304672309105865e+03 1.7024066045926677e+01
67 1.2205688672036572e+03 1.6887117744289529e+01
68 1.2258911806678341e+03 1.6960754338304486e+01
69 1.2165941326643494e+03 1.6832125509134979e+01
70 1.2213435565444847e+03 1.6897835918794318e+01
71 1.2126071450135780e+03 1.6776963746687397e+01
72 1.2168228618979538e+03 1.6835290080674714e+01
73 1.2086093333598042e+03 1.6721652229303341e+01
74 1.2123277032839667e+03 1.6773097545019130e+01
75 1.2046020237669127e+03 1.6666209303671444e+01
76 1.2078567863336789e+03 1.6711240403654035e+01
77 1.2005864443566597e+03 1.6610651961407061e+01
78 1.2034089109103018e+03 1.6649702052148658e+01
79 1.1965637310968832e+03 1.6554995919134743e+01
80 1.1989829658861333e+03 1.6588467117552860e+01
81 1.1925349333546494e+03 1.6499255695318531e+01
82 1.1945779226433151e+03 1.6527521368477196e+01
83 1.1885010204051282e+03 1.6443444700315158e+01
84 1.1901928302489080e+03 1.6466851648337936e+01
85 1.1844628864413050e+03 1.6387575305685647e+01
86 1.1858268092571971e+03 1.6406445789609148e+01
87 1.1804213570169682e+03 1.6331658933336950e+01
88 1.1814790463302666e+03 1.6346292539395954e+01
89 1.1763771933524290e+03 1.6275706115093506e+01
90 1.1771487897182972e+03 1.6286381496902429e+01
91 1.1723310979355740e+03 1.6219726570190318e+01
92 1.1728353439171804e+03 1.6226703039517265e+01
93 1.1682837191230997e+03 1.6163729268933089e+01
94 1.1685380650383756e+03 1.6167248258753702e+01
95 1.1642356550319780e+03 1.6107722486538407e+01
96 1.1642563576320579e+03 1.6108008916296328e+01
97 1.1601874578350507e+03 1.6051713862565197e+01
98 1.1599896696504102e+03 1.6048977374315989e+01
99 1.1561396376452260e+03 1.5995710454654354e+01
100 1.1557374897055261e+03 1.5990146557531618e+01
101 1.1520926651051450e+03 1.5939718774357916e+01
102 1.1514993435988972e+03 1.5931509905194162e+01
103 1.1480469756785794e+03 1.5883744846512482e+01
104 1.1472747910267001e+03 1.5873061325502729e+01
105 1.1440029715529643e+03 1.5827794235561612e+01
106 1.1430634233290639e+03 1.5814795164464710e+01
107 1.1399610245724152e+03 1.5771872086135431e+01
108 1.1388648605587578e+03 1.5756706165339748e+01
109 1.1359214789445402e+03 1.5715983160500583e+01
110 1.1346787494227117e+03 1.5698789440159754e+01
111 1.1318846530403744e+03 1.5660131863463141e+01
112 1.1305047609337748e+03 1.5641040437239933e+01
113 1.1278508414170328e+03 1.5604322270352908e+01
114 1.1263425889436462e+03 1.5583454920881225e+01
115 1.1238203171284756e+03 1.5548558158993899e+01
116 1.1221919476108021e+03 1.5526028936337939e+01
117 1.1197933329738214e+03 1.5492843026975308e+01
118 1.1180525705924465e+03 1.5468758798638028e+01
119 1.1157701230423679e+03 1.5437180113027567e+01
120 1.1139242088677654e+03 1.5411641062466838e+01
121 1.1117509047697579e+03 1.5381572425470319e+01
122 1.1098066298867880e+03 1.5354672510391213e+01
123 1.1077358792263633e+03 1.5326022746202346e+01
124 1.1056996160754695e+03 1.5297850132176658e+01
125 1.1037252332628327e+03 1.5270533660386183e+01
126 1.1016029635331686e+03 1.5241171106766339e+01
127 1.0997191401757059e+03 1.5215107565657187e+01
128 1.0975164815435187e+03 1.5184632795513787e+01
129 1.0957177605425304e+03 1.5159746683677749e+01
130 1.0934399909869644e+03 1.5128232720219609e+01
131 1.0917212434671051e+03 1.5104453077365807e+01
132 1.0893733238514415e+03 1.5071968556361536e+01
133 1.0877297275776941e+03 1.5049228664705577e+01
134 1.0853163221769989e+03 1.5015838118492798e+01
135 1.0837433411673192e+03 1.4994075220688554e+01
136 1.0812688376701844e+03 1.4959839354906967e+01
137 1.0797622035142883e+03 1.4938994395583634e+01
138 1.0772307304172066e+03 1.4903970329833980e+01
139 1.0757864254724586e+03 1.4883987723103647e+01
140 1.0732018690392031e+03 1.4848229225588353e+01
141 1.0718161096222420e+03 1.4829056622494608e+01
142 1.0691821292847683e+03 1.4792614323096158e+01
143 1.0678513515704062e+03 1.4774202416519026e+01
144 1.0651713940625039e+03 1.4737124002345377e+01
145 1.0638922397489312e+03 1.4719426328673011e+01
146 1.0611695529638305e+03 1.4681756735783793e+01
147 1.0599388563581585e+03 1.4664729496235161e+01
148 1.0571765012101534e+03 1.4626511073752553e+01
149 1.0559912776356439e+03 1.4610112973986249e+01
150 1.0531921400328154e+03 1.4571385649742982e+01
151 1.0520495743120430e+03 1.4555577740516625e+01
152 1.0492163758017853e+03 1.4516379168341603e+01
153 1.0481138117915184e+03 1.4501124700722213e+01
154 1.0452491196662288e+03 1.4461490400257272e+01
155 1.0441840510120805e+03 1.4446754697707723e+01
156 1.0412902872589984e+03 1.4406718178232659e+01
157 1.0402603481844353e+03 1.4392468509173478e+01
158 1.0373397988397871e+03 1.4352061399024851e+01
159 1.0363427553355730e+03 1.4338266854936228e+01
160 1.0333975781028662e+03 1.4297519006909868e+01
161 1.0324313207364219e+03 1.4284150402845915e+01
162 1.0294635529044265e+03 1.4243090003745749e+01
163 1.0285260887850372e+03 1.4230119767169551e+01
164 1.0255376543609723e+03 1.4188773436498435e+01
165 1.0246271007436289e+03 1.4176175518788314e+01
166 1.0216198166710232e+03 1.4134568394774929e+01
167 1.0207343943748153e+03 1.4122318180164969e+01
168 1.0177099774288743e+03 1.4080474015164315e+01
169 1.0168480047090937e+03 1.4068548235962156e+01
170 1.0138080767375046e+03 1.4026489468964440e+01
171 1.0129679638451357e+03 1.4014866130279396e+01
172 1.0099140573907988e+03 1.3972613964703040e+01
173 1.0090943013407013e+03 1.3961272272061555e+01
174 1.0060278648027308e+03 1.3918846747157962e+01
175 1.0052270441557511e+03 1.3907767034311780e+01
176 1.0021494466798872e+03 1.3865187092826373e+01
177 1.0013662172156830e+03 1.3854350761884135e+01
178 9.9827875258442930e+02 1.3811634303878154e+01
179 9.9751184302713193e+02 1.3801023766168003e+01
180 9.9441573467239721e+02 1.3758187718370660e+01
181 9.9366394213127467e+02 1.3747786331359782e+01
182 9.9056034660993294e+02 1.3704846695254185e+01
183 9.8982253330710466e+02 1.3694638717275270e+01
184 9.8671254400473617e+02 1.3651610620341337e+01
185 9.8598763320231114e+02 1.3641581154242710e+01
186 9.8287228418044583e+02 1.3598478903185525e+01
187 9.8215925727251295e+02 1.3588613856097526e+01
188 9.7903952593277131e+02 1.3545450973706904e+01
189 9.7833741900916073e+02 1.3535737009499988e+01
190 9.7521422962350914e+02 1.3492526283493149e+01
191 9.7452213053182334e+02 1.3482950782129764e+01
192 9.7139635705766420e+02 1.3439704304099372e+01
193 9.7071340264645528e+02 1.3430255323492085e+01
194 9.6758587122236111e+02 1.3386984523435842e+01
195 9.6691124481880331e+02 1.3377650764549802e+01
196 9.6378273646065293e+02 1.3334366448172704e+01
197 9.6311566502279379e+02 1.3325137215625762e+01
198 9.5998691833304213e+02 1.3281849601824060e+01
199 9.5932667049518852e+02 1.3272714776843811e+01
200 9.5619838332449251e+02 1.3229433520694354e+01
201 9.5554426703448200e+02 1.3220383528428721e+01
202 9.5241709909082022e+02 1.3177117757287293e+01
203 9.5176845945153173e+02 1.3168143536940864e+01
204 9.4864303432162149e+02 1.3124901878409400e+01
205 9.4799925168141692e+02 1.3115994856823825e+01
206 9.4487615845608423e+02 1.3072785461238130e+01
207 9.4423664670850167e+02 1.3063937529367621e+01
208 9.4111644193169104e+02 1.3020768096762795e+01
209 9.4048064648323452e+02 1.3011971581557582e+01
210 9.3736385591355292e+02 1.2968849386039775e+01
211 9.3673125252514080e+02 1.2960097034417021e+01
212 9.3361837237650514e+02 1.2917028941328342e+01
213 9.3298846505355868e+02 1.2908313890980581e+01
214 9.2987996415309692e+02 1.2865306386754629e+01
215 9.2925228388306755e+02 1.2856622148682886e+01
216 9.2614860448000104e+02 1.2813681352036003e+01
217 9.2552270815987254e+02 1.2805021795711301e+01
218 9.2242426760258832e+02 1.2762153480845614e+01
219 9.2179973606374108e+02 1.2753512806882089e+01
220 9.1870692806534305e+02 1.2710722420994987e+01
221 9.1808336550770457e+02 1.2702095153321107e+01
222 9.1499656116713049e+02 1.2659387830732841e+01
223 9.1437359359202753e+02 1.2650768794909210e+01
224 9.1129314270476118e+02 1.2608149375197199e+01
225 9.1067041698929961e+02 1.2599533685610186e+01
226 9.0759664896095364e+02 1.2557006726248828e+01
227 9.0697383169904003e+02 1.2548389770075589e+01
228 9.0390705672541674e+02 1.2505959562762941e+01
229 9.0328383340709433e+02 1.2497336988617159e+01
230 9.0022434340348468e+02 1.2455007572132203e+01
231 8.9960041708220581e+02 1.2446375271625197e+01
232 8.9654848648822406e+02 1.2404150442963097e+01
233 8.9592357757063610e+02 1.2395504547795426e+01
234 8.9287946419383957e+02 1.2353387873839370e+01
235 8.9225330891540148e+02 1.2344724734710303e+01
236 8.8921725519019606e+02 1.2302719569649037e+01
237 8.8858960492057827e+02 1.2294035746646445e+01
238 8.8556183822510047e+02 1.2252145236358473e+01
239 8.8493245909441771e+02 1.2243437493787596e+01
240 8.8191319253671895e+02 1.2201664586718397e+01
241 8.8128186447255723e+02 1.2192929879778674e+01
242 8.7827129783261194e+02 1.2151277339973804e+01
243 8.7763781374646362e+02 1.2142512803502846e+01
244 8.7463613381015500e+02 1.2100983215228778e+01
245 8.7400029932636221e+02 1.2092186159952178e+01
246 8.7100768086117580e+02 1.2050781941195460e+01
247 8.7036931317658969e+02 1.2041949837949659e+01
248 8.6738591940303809e+02 1.2000673246939296e+01
249 8.6674484725054458e+02 1.1991803726166950e+01
250 8.6377083001929020e+02 1.1950656863824966e+01
251 8.6312689283105726e+02 1.1941747703998098e+01
252 8.6016239401662017e+02 1.1900732533222115e+01
253 8.5951544118131551e+02 1.1891781650565390e+01
254 8.5656059241361515e+02 1.1850899992514384e+01
255 8.5591048331282855e+02 1.1841905441509024e+01
256 8.5296540675318670e+02 1.1801158986339674e+01
257 8.5231200980652022e+02 1.1792118946511854e+01
258 8.4937681873225199e+02 1.1751509261466623e+01
259 8.4872001123450491e+02 1.1742422035134858e+01
260 8.4579481023413337e+02 1.1701950567242873e+01
261 8.4513447784210484e+02 1.1692814572417689e+01
262 8.4221936322891531e+02 1.1652482654216454e+01
263 8.4155539962069486e+02 1.1643296419886532e+01
264 8.3865046014705865e+02 1.1603105279304913e+01
265 8.3798276641923417e+02 1.1593867437097183e+01
266 8.3508808331832552e+02 1.1553818198032580e+01
267 8.3441656792433776e+02 1.1544527481359335e+01
268 8.3153221536831370e+02 1.1504621170016812e+01
269 8.3085679340983779e+02 1.1495276404271644e+01
270 8.2798283914371382e+02 1.1455513957933874e+01
271 8.2730343237766351e+02 1.1446114060588595e+01
272 8.2443993740009535e+02 1.1406496323199340e+01
273 8.2375647377243547e+02 1.1397040297354051e+01
274 8.2090349337141674e+02 1.1357568033847501e+01
275 8.2021590649491213e+02 1.1348054961005030e+01
276 8.1737349013482958e+02 1.1308728855743162e+01
277 8.1668171944380742e+02 1.1299157897950257e+01
278 8.1384991106404084e+02 1.1259978558854101e+01
279 8.1315390119863162e+02 1.1250348950182138e+01
280 8.1033273951059107e+02 1.1211316912841413e+01
281 8.0963244025455765e+02 1.1201627958526228e+01
282 8.0682195906204504e+02 1.1162743690631695e+01
283 8.0611732501056156e+02 1.1152994762477155e+01
284 8.0331755331975478e+02 1.1114258665342298e+01
285 8.0260854365393823e+02 1.1104449198600848e+01
286 7.9981950615331084e+02 1.1065861613801772e+01
287 7.9910608423095448e+02 1.1055991101512047e+01
288 7.9632780127294075e+02 1.1017552310633809e+01
289 7.9560993485291385e+02 1.1007620306725304e+01
290 7.9284242268570904e+02 1.0969330534568970e+01
291 7.9212008323980695e+02 1.0959336644341178e+01
292 7.8936335448920840e+02 1.0921196065590321e+01
293 7.8863651723993610e+02 1.0911139946235485e+01
294 7.8589058052282905e+02 1.0873148680108576e+01
295 7.8515922454892166e+02 1.0863030042171612e+01
296 7.8242408522142046e+02 1.0825188162772895e+01
297 7.8168819265313016e+02 1.0815006759017827e+01
298 7.7896385265710808e+02 1.0777314293213990e+01
299 7.7822340903323550e+02 1.0767069923563639e+01
300 7.7550986720974186e+02 1.0729526855320080e+01
301 7.7476486104832338e+02 1.0719219360916329e+01
302 7.7206211321015405e+02 1.0681825632301198e+01
303 7.7131253598783167e+02 1.0671454895219565e+01
304 7.6862057518731172e+02 1.0634210410108668e+01
305 7.6786642094214449e+02 1.0623776347863027e+01
306 7.6518523750139093e+02 1.0586680972358508e+01
307 7.6442650311673424e+02 1.0576183541828682e+01
308 7.6175608487712475e+02 1.0539237107710550e+01
309 7.6099276934693012e+02 1.0528676294977407e+01
310 7.5833310178252543e+02 1.0491878601272775e+01
311 7.5756520684465397e+02 1.0481254430380403e+01
312 7.5491627275343399e+02 1.0444605239091610e+01
313 7.5414380217750852e+02 1.0433917762194433e+01
314 7.5150558279951588e+02 1.0397416813769050e+01
315 7.5072854236003286e+02 1.0386666110759815e+01
316 7.4810101621298213e+02 1.0350313107980790e+01
317 7.4731941401711561e+02 1.0339499291025888e+01
318 7.4470255811398431e+02 1.0303293915857456e+01
319 7.4391640374406677e+02 1.0292417117532754e+01
320 7.4131019305227892e+02 1.0256359023637994e+01
321 7.4051949826661587e+02 1.0245419406624922e+01
322 7.3792390604528453e+02 1.0209508224031675e+01
323 7.3712868386960326e+02 1.0198505968547012e+01
324 7.3454368180310632e+02 1.0162741305495942e+01
325 7.3374394726869684e+02 1.0151676619504329e+01
326 7.3116950527675829e+02 1.0116058059821325e+01
327 7.3036527465615609e+02 1.0104931168460588e+01
328 7.2780136136172223e+02 1.0069458278030041e+01
329 7.2699265252856708e+02 1.0058269428590004e+01
330 7.2443923489460440e+02 1.0022941750329734e+01
331 7.2362606703673328e+02 1.0011691208282727e+01
332 7.2108311097148862e+02 9.9765082705180390e+00
333 7.2026550458768304e+02 9.9651963194739004e+00
334 7.1773297436962002e+02 9.9301576279813162e+00
335 7.1691095113186361e+02 9.9187845677816604e+00
336 7.1438881029783784e+02 9.8838896180772231e+00
337 7.1356239292391876e+02 9.8724557630328356e+00
338 7.1105060356953629e+02 9.8377040306922527e+00
339 7.1021981597406250e+02 9.8262097116724636e+00
340 7.0771833938708767e+02 9.7916006610945914e+00
341 7.0688320629447185e+02 9.7800462201727409e+00
342 7.0439200252745036e+02 9.7455792986666303e+00
343 7.0355254992906157e+02 9.7339650954449652e+00
344 7.0107157832384996e+02 9.6996397404869672e+00
345 7.0022783261140353e+02 9.6879661401067061e+00
346 6.9775705161309418e+02 9.6537817767660332e+00
347 6.9690904045657032e+02 9.6420491620537661e+00
348 6.9444840747024841e+02 9.6080052010106680e+00
349 6.9359615906148076e+02 9.5962139620130547e+00
350 6.9114563108609639e+02 9.5623098083287168e+00
351 6.9028917440085570e+02 9.5504603459385464e+00
352 6.8784870736097105e+02 9.5166953898095166e+00
353 6.8698807203414140e+02 9.5047881140386998e+00
354 6.8455762145573226e+02 9.4711617401469077e+00
355 6.8369283784536015e+02 9.4591970710126354e+00
356 6.8127235837674323e+02 9.4257086518971995e+00
357 6.8040345729553042e+02 9.4136870157070209e+00
358 6.7799290332590078e+02 9.3803359203219969e+00
359 6.7711991612043118e+02 9.3682577507699598e+00
360 6.7471924113841430e+02 9.3350433356096190e+00
361 6.7384219985956940e+02 9.3229090761340441e+00
362 6.7145135713625132e+02 9.2898306946829035e+00
363 6.7057029403977742e+02 9.2776407915565109e+00
364 6.6818923610343768e+02 9.2446977870220230e+00
365 6.6730418422704338e+02 9.2324526973363295e+00
366 6.6493286331427282e+02 9.1996444088903075e+00
367 6.6404385568636735e+02 9.1873445896081662e+00
368 6.6168222374608354e+02 9.1546703524423307e+00
369 6.6078929408130227e+02 9.1423162700208476e+00
370 6.5843730240259345e+02 9.1097754101978872e+00
371 6.5754048451992583e+02 9.0973675325379482e+00
372 6.5519808441166310e+02 9.0649593763942526e+00
373 6.5429741253384032e+02 9.0524981769826951e+00
374 6.5196455475750702e+02 9.0202220432813043e+00
375 6.5106006326770034e+02 9.0077079978247241e+00
376 6.4873669848816371e+02 8.9755632039919444e+00
377 6.4782842214747086e+02 8.9629967934257202e+00
378 6.4551450051210918e+02 8.9309826497281719e+00
379 6.4460247421814756e+02 8.9183643568764932e+00
380 6.4229794603219909e+02 8.8864801757648557e+00
381 6.4138220481196106e+02 8.8738104852418722e+00
382 6.3908701979261059e+02 8.8420555710308477e+00
383 6.3816759899555109e+02 8.8293349719121235e+00
384 6.3588170698050158e+02 8.7977086305838288e+00
385 6.3495864190218094e+02 8.7849376111992736e+00
386 6.3268199237029285e+02 8.7534391437710859e+00
387 6.3175531872193596e+02 8.7406181982015116e+00
388 6.2948786104194016e+02 8.7092469041671112e+00
389 6.2855761425003038e+02 8.6963765225538072e+00
390 6.2629929790460824e+02 8.6651317029834303e+00
391 6.2536551373053953e+02 8.6522123801013233e+00
392 6.2311628782990022e+02 8.6210933309118900e+00
393 6.2217900199915937e+02 8.6081255610391114e+00
394 6.1993881576357285e+02 8.5771315796702794e+00
395 6.1899806409476128e+02 8.5641158583732473e+00
396 6.1676686648755549e+02 8.5332462387097667e+00
397 6.1582268482362326e+02 8.5201830618917711e+00
398 6.1360042501116800e+02 8.4894371006275691e+00
399 6.1265284918074883e+02 8.4763269639938272e+00
400 6.1043947597818510e+02 8.4457039529634201e+00
401 6.0948854185844993e+02 8.4325473528906851e+00
402 6.0728400447033800e+02 8.4020465893163809e+00
403 6.0632974771337160e+02 8.3888440190672355e+00
404 6.0413399502062509e+02 8.3584647956935463e+00
405 6.0317645159942936e+02 8.3452167529706074e+00
406 6.0098943263597721e+02 8.3149583646590806e+00
407 6.0002863802612217e+02 8.3016653402827725e+00
408 5.9785030189018539e+02 8.2715270827844609e+00
409 5.9688629199454283e+02 8.2581895734871189e+00
410 5.9471658764018127e+02 8.2281707405585482e+00
411 5.9374939782382239e+02 8.2147892356317929e+00
412 5.9158827463079592e+02 8.1848891269192343e+00
413 5.9061794040963423e+02 8.1714641177416603e+00
414 5.8846534737129332e+02 8.1416820275452402e+00
415 5.8749190419290869e+02 8.1282140045500135e+00
416 5.8534779073282323e+02 8.0985492331221369e+00
417 5.8437127384070573e+02 8.0850386839187500e+00
418 5.8223558916677587e+02 8.0554905285279332e+00
419 5.8125603374206889e+02 8.0419379398632866e+00
420 5.7912872750051383e+02 8.0125057038423861e+00
421 5.7814616845638920e+02 7.9989115587558706e+00
422 5.7602719012684122e+02 7.9695945431329385e+00
423 5.7504166241592441e+02 7.9559593252098058e+00
424 5.7293096180234465e+02 7.9267568355001305e+00
425 5.7194249998244572e+02 7.9130810228631834e+00
426 5.6984002684756308e+02 7.8839923640115854e+00
427 5.6884866568154450e+02 7.8702764376206176e+00
428 5.6675436994536676e+02 7.8413009167479428e+00
429 5.6576014366033905e+02 7.8275453501503804e+00
430 5.6367397543474908e+02 7.7986822770321513e+00
431 5.6267691846898799e+02 7.7848875466969867e+00
432 5.6059882782525324e+02 7.7561362305467938e+00
433 5.5959897411054635e+02 7.7423028059355277e+00
434 5.5752891158011244e+02 7.7136625623337327e+00
435 5.5652629506256380e+02 7.6997909131059403e+00
436 5.5446421094633388e+02 7.6712610544432476e+00
437 5.5345886535638954e+02 7.6573516472747780e+00
438 5.5140471043239052e+02 7.6289314925431118e+00
439 5.5039666927518363e+02 7.6149847909925121e+00
440 5.4835039423477031e+02 7.5866736579846483e+00
441 5.4733969080399811e+02 7.5726901226851524e+00
442 5.4530124683704298e+02 7.5444873360910849e+00
443 5.4428791409995415e+02 7.5304674231593660e+00
444 5.4225725228319357e+02 7.5023723061037977e+00
445 5.4124132322865239e+02 7.4883164719555886e+00
446 5.3921839500093267e+02 7.4603283525731783e+00
447 5.3819990213947767e+02 7.4462370470063624e+00
448 5.3618465897527813e+02 7.4183552539247648e+00
449 5.3516363495334178e+02 7.4042289286173784e+00
450 5.3315602853082817e+02 7.3764527932823434e+00
451 5.3213250538240868e+02 7.3622918914391198e+00
452 5.3013248771680526e+02 7.3346207499597513e+00
453 5.2910649755368729e+02 7.3204257158616342e+00
454 5.2711402066306800e+02 7.2928589043864660e+00
455 5.2608559507535881e+02 7.2786301750967581e+00
456 5.2410061143620453e+02 7.2511670361165850e+00
457 5.2306978199009325e+02 7.2369050483676736e+00
458 5.2109224399009656e+02 7.2095449231448674e+00
459 5.2005904192625087e+02 7.1952501091654000e+00
460 5.1808890236792456e+02 7.1679923447015552e+00
461 5.1705335874383525e+02 7.1536651341858484e+00
462 5.1509057042567099e+02 7.1265090774269266e+00
463 5.1405271604233769e+02 7.1121498965206253e+00
464 5.1209723220920773e+02 7.0850949005884614e+00
465 5.1105709751063068e+02 7.0707041704979643e+00
466 5.0910887144411038e+02 7.0437495890221999e+00
467 5.0806648679515104e+02 7.0293277298589851e+00
468 5.0612547205775871e+02 7.0024729203562321e+00
469 5.0508086742113073e+02 6.9880203466678816e+00
470 5.0314701773862907e+02 6.9612646689133104e+00
471 5.0210022304936973e+02 6.9467817948644921e+00
472 5.0017349229875424e+02 6.9201246107256491e+00
473 4.9912453696361661e+02 6.9056118431719815e+00
474 4.9720487948391440e+02 6.8790525209088251e+00
475 4.9615379280140138e+02 6.8645102652082377e+00
476 4.9424116285697818e+02 6.8380481720477544e+00
477 4.9318797383241304e+02 6.8234768295019048e+00
478 4.9128232618396100e+02 6.7971113395379792e+00
479 4.9022706351130580e+02 6.7825113071407008e+00
480 4.8832835285526409e+02 6.7562417935782486e+00
481 4.8727104513339418e+02 6.7416134670078112e+00
482 4.8537922662517366e+02 6.7154393094018276e+00
483 4.8431990193467385e+02 6.7007830771657169e+00
484 4.8243493077056485e+02 6.6747036556367814e+00
485 4.8137361725476325e+02 6.6600199071105646e+00
486 4.7949544894147482e+02 6.6340346060740414e+00
487 4.7843217406726762e+02 6.6193237212745482e+00
488 4.7656076444622016e+02 6.5934319297766812e+00
489 4.7549555577826573e+02 6.5786942900733223e+00
490 4.7363086062861714e+02 6.5528953962989265e+00
491 4.7256374523998886e+02 6.5381313762598161e+00
492 4.7070572087836928e+02 6.5124247758298770e+00
493 4.6963672571620089e+02 6.4976347482806966e+00
494 4.6778532834158926e+02 6.4720198351884406e+00
495 4.6671448003236173e+02 6.4572041685184987e+00
496 4.6486966644016456e+02 6.4316803450089957e+00
497 4.6379699120432804e+02 6.4168394019899795e+00
498 4.6195871815823693e+02 6.3914060698695110e+00
499 4.6088424215476653e+02 6.3765402124225750e+00
500 4.5905246676182639e+02 6.3511967782478678e+00
501 4.5797621573753617e+02 6.3363063625917322e+00
502 4.5615089517992470e+02 6.3110522339590105e+00
503 4.5507289478219553e+02 6.2961376149366934e+00
504 4.5325398660044647e+02 6.2709722044001959e+00
505 4.5217426198726997e+02 6.2560337300837956e+00
506 4.5036172385015288e+02 6.2309564519719629e+00
507 4.4928030019233256e+02 6.2159944706108359e+00
508 4.4747408998381576e+02 6.1910047422294783e+00
509 4.4639099185390791e+02 6.1760195937959637e+00
510 4.4459106782819174e+02 6.1511168375732188e+00
511 4.4350631979918541e+02 6.1361088620456412e+00
512 4.4171264019151937e+02 6.1112925001474530e+00
513 4.4062626640861134e+02 6.0962620315854394e+00
514 4.3883878989439091e+02 6.0715314922673693e+00
515 4.3775081434665043e+02 6.0564788625704526e+00
516 4.3596949957364251e+02 6.0318335737058071e+00
517 4.3487994591758076e+02 6.0167591101724307e+00
518 4.3310475206467953e+02 5.9921985069829020e+00
519 4.3201364359221844e+02 5.9771025318672528e+00
520 4.3024452981033681e+02 5.9526260491873977e+00
521 4.2915188970302472e+02 5.9375088832165952e+00
522 4.2738881550337248e+02 5.9131159608658415e+00
523 4.2629466656228129e+02 5.8979779195029414e+00
524 4.2453759150016816e+02 5.8736679979108581e+00
525 4.2344195642661964e+02 5.8585093952388299e+00
526 4.2169084042032165e+02 5.8342819198567879e+00
527 4.2059374137988442e+02 5.8191030625462163e+00
528 4.1884854450764050e+02 5.7949574810387441e+00
529 4.1775000370065641e+02 5.7797586762413147e+00
530 4.1601068621667849e+02 5.7556944387076081e+00
531 4.1491072525699531e+02 5.7404759854606002e+00
532 4.1317724778816063e+02 5.7164925471558448e+00
533 4.1207588825638680e+02 5.7012547440366568e+00
534 4.1034821139279046e+02 5.6773515597071418e+00
535 4.0924547452880978e+02 5.6620947005790914e+00
536 4.0752355924132729e+02 5.6382712302393738e+00
537 4.0641946609101132e+02 5.6229956062815338e+00
538 4.0470327336879308e+02 5.5992513101990120e+00
539 4.0359784463672662e+02 5.5839572078686004e+00
540 4.0188733594867290e+02 5.5602915529482271e+00
541 4.0078059203981849e+02 5.5449792545570524e+00
542 3.9907572879854757e+02 5.5213917069250931e+00
543 3.9796768999667330e+02 5.5060614931081862e+00
544 3.9626843397246506e+02 5.4825515238393159e+00
545 3.9515912016085002e+02 5.4672036696907602e+00
546 3.9346543316938437e+02 5.4437707504877828e+00
547 3.9235486417513124e+02 5.4284055303244374e+00
548 3.9066670834790233e+02 5.4050491372595912e+00
549 3.8955490346170501e+02 5.3896668179768579e+00
550 3.8787224110991178e+02 5.3663864296086743e+00
551 3.8675921961501240e+02 5.3509872779988576e+00
552 3.8508201321593180e+02 5.3277823751836326e+00
553 3.8396779388071445e+02 5.3123666509157452e+00
554 3.8229600622984589e+02 5.2892367189125258e+00
555 3.8118060777603193e+02 5.2738046810099801e+00
556 3.7951420163611874e+02 5.2507492046246185e+00
557 3.7839764244562269e+02 5.2353011074094455e+00
558 3.7673658095660250e+02 5.2123195766664461e+00
559 3.7561887921186371e+02 5.1968556717008507e+00
560 3.7396312553052428e+02 5.1739475768578469e+00
561 3.7284429909032445e+02 5.1584681112260835e+00
562 3.7119381681115090e+02 5.1356329485964469e+00
563 3.7007388322531722e+02 5.1201381651082469e+00
564 3.6842863591489356e+02 5.0973754306193264e+00
565 3.6730761260832196e+02 5.0818655703559408e+00
566 3.6566756416455945e+02 5.0591747645191445e+00
567 3.6454546818852458e+02 5.0436500633926062e+00
568 3.6291058250985122e+02 5.0210306867264940e+00
569 3.6178743088606751e+02 5.0054913802398566e+00
570 3.6015767215637021e+02 4.9829429372124379e+00
571 3.5903348138563746e+02 4.9673892536616684e+00
572 3.5740881398411176e+02 4.9449112514431377e+00
573 3.5628360053911416e+02 4.9293434187352094e+00
574 3.5466398896042773e+02 4.9069353660933679e+00
575 3.5353776886660739e+02 4.8913536059474607e+00
576 3.5192317786932779e+02 4.8690150153012839e+00
577 3.5079596711215726e+02 4.8534195488835801e+00
578 3.4918636144316224e+02 4.8311499324903098e+00
579 3.4805817566468613e+02 4.8155409762155132e+00
580 3.4645352041662829e+02 4.7933398511163405e+00
581 3.4532437503482549e+02 4.7777176182991052e+00
582 3.4372463533285389e+02 4.7555845019848233e+00
583 3.4259454549195635e+02 4.7399492021523910e+00
584 3.4099968684168044e+02 4.7178836173776366e+00
585 3.3986866738074258e+02 4.7022354558349795e+00
586 3.3827865522834850e+02 4.6802369245322391e+00
587 3.3714672088805412e+02 4.6645761052233308e+00
588 3.3556152101835784e+02 4.6426441540101857e+00
589 3.3442868614240803e+02 4.6269708753865633e+00
590 3.3284826433952452e+02 4.6051050308708987e+00
591 3.3171454323860365e+02 4.5894194909273001e+00
592 3.3013886555199821e+02 4.5676192833882396e+00
593 3.2900427204095962e+02 4.5519216732593559e+00
594 3.2743330468302480e+02 4.5301866352301960e+00
595 3.2629785255478600e+02 4.5144771457472288e+00
596 3.2473156185204994e+02 4.4928068113403814e+00
597 3.2359526447157668e+02 4.4770856274136266e+00
598 3.2203361696065622e+02 4.4554795336481776e+00
599 3.2089648764782083e+02 4.4397468395640427e+00
600 3.1933944989430904e+02 4.4182045238599743e+00
601 3.1820150162073799e+02 4.4024604990867306e+00
602 3.1664904046811074e+02 4.3809815027086607e+00
603 3.1551028603033325e+02 4.3652263242920277e+00
604 3.1396236836394246e+02 4.3438101890839480e+00
605 3.1282282025285940e+02 4.3280440298411431e+00
606 3.1127941325240897e+02 4.3066903017195344e+00
607 3.1013908376486432e+02 4.2909133317829102e+00
608 3.0860015458918804e+02 4.2696215563755073e+00
609 3.0745905582912474e+02 4.2538339432085426e+00
610 3.0592457186922314e+02 4.2326036693552131e+00
611 3.0478271566475854e+02 4.2168055766052168e+00
612 3.0325264440593259e+02 4.1956363544505146e+00
613 3.0211004241099869e+02 4.1798279433548631e+00
614 3.0058435149681856e+02 4.1587193252330694e+00
615 2.9944101505374687e+02 4.1429007527180071e+00
616 2.9791967231209122e+02 4.1218522935133919e+00
617 2.9677561256688159e+02 4.1060237137888258e+00
618 2.9525858591088172e+02 4.0850349695651689e+00
619 2.9411381378715186e+02 4.0691965337642495e+00
620 2.9260107129476887e+02 4.0482670628658255e+00
621 2.9145559747528489e+02 4.0324189187894124e+00
622 2.8994710732942775e+02 4.0115482810124954e+00
623 2.8880094231105079e+02 3.9956905738893727e+00
624 2.8729667280827277e+02 3.9748783306025564e+00
625 2.8614982682793789e+02 3.9590112020653110e+00
626 2.8464974646043788e+02 3.9382569173440349e+00
627 2.8350222952087910e+02 3.9223805057849792e+00
628 2.8200630683714871e+02 3.9016837444835182e+00
629 2.8085812874016170e+02 3.8857981855148913e+00
630 2.7936633247406775e+02 3.8651585150522685e+00
631 2.7821750279069272e+02 3.8492639410937048e+00
632 2.7672980171832864e+02 3.8286809294731685e+00
633 2.7558032984183347e+02 3.8127774704847419e+00
634 2.7409669290684138e+02 3.7922506880276505e+00
635 2.7294658794432536e+02 3.7763384700101650e+00
636 2.7146698421019158e+02 3.7558674886959755e+00
637 2.7031625510316911e+02 3.7399466353592934e+00
638 2.6884065372425425e+02 3.7195310284247496e+00
639 2.6768930914319344e+02 3.7036016597286863e+00
640 2.6621767944961630e+02 3.6832410028422253e+00
641 2.6506572786721637e+02 3.6673032360103743e+00
642 2.6359803921397310e+02 3.6469971051846226e+00
643 2.6244548892444055e+02 3.6310510549710515e+00
644 2.6098171084331045e+02 3.6107990286645100e+00
645 2.5982856986244889e+02 3.5948448059714568e+00
646 2.5836867193574830e+02 3.5746464633418285e+00
647 2.5721494814059395e+02 3.5586841771516227e+00
648 2.5575890009990019e+02 3.5385390994217030e+00
649 2.5460460106078935e+02 3.5225688544733429e+00
650 2.5315237275102268e+02 3.5024766244340784e+00
651 2.5199750587475654e+02 3.4864985232039802e+00
652 2.5054906722077513e+02 3.4664587247522940e+00
653 2.4939363967492062e+02 3.4504728664069613e+00
654 2.4794896071217275e+02 3.4304850849698401e+00
655 2.4679297949531784e+02 3.4144915663378770e+00
656 2.4535203033362311e+02 3.3945553883712680e+00
657 2.4419550217052381e+02 3.3785543024926898e+00
658 2.4275825307008816e+02 3.3586693165332036e+00
659 2.4160118452546806e+02 3.3426607542339055e+00
660 2.4016760577146798e+02 3.3228265491636297e+00
661 2.3901000314692496e+02 3.3068105976290454e+00
662 2.3758006522263037e+02 3.2870267650707810e+00
663 2.3642193463661690e+02 3.2710035089524441e+00
664 2.3499560798103121e+02 3.2512696399165435e+00
665 2.3383695536144978e+02 3.2352391612296443e+00
666 2.3241421062398510e+02 3.2155548496375599e+00
667 2.3125504164452798e+02 3.1995172268801753e+00
668 2.2983584944921085e+02 3.1798820663021381e+00
669 2.2867616966419686e+02 3.1638373763207608e+00
670 2.2726050079637946e+02 3.1442509625590138e+00
671 2.2610031540725410e+02 3.1281992773179748e+00
672 2.2468814073898469e+02 3.1086612073742415e+00
673 2.2352745487764554e+02 3.0926025978756462e+00
674 2.2211874531366473e+02 3.0731124692039624e+00
675 2.2095756378217681e+02 3.0570470018865339e+00
676 2.1955229038102377e+02 3.0376044140688077e+00
677 2.1839061787077355e+02 3.0215321538399826e+00
678 2.1698875167280192e+02 3.0021367062065174e+00
679 2.1582659261246155e+02 2.9860577143389606e+00
680 2.1442810482488730e+02 2.9667090085286745e+00
681 2.1326546346762277e+02 2.9506233438668454e+00
682 2.1187032529175286e+02 2.9313209814369037e+00
683 2.1070720564747526e+02 2.9152286994597207e+00
684 2.0931538844761096e+02 2.8959722842223869e+00
685 2.0815179435456054e+02 2.8798734380336257e+00
686 2.0676326944782630e+02 2.8606625731484514e+00
687 2.0559920454580848e+02 2.8445572131064525e+00
688 2.0421394342990939e+02 2.8253915042314031e+00
689 2.0304941108811209e+02 2.8092796769503927e+00
690 2.0166738525349336e+02 2.7901587296429904e+00
691 2.0050238874115072e+02 2.7740404803542886e+00
692 1.9912356975981513e+02 2.7549639013004414e+00
693 1.9795811203228286e+02 2.7388392708927203e+00
694 1.9658247157555843e+02 2.7198066681525446e+00
695 1.9541655545265414e+02 2.7036756956392458e+00
696 1.9404406522611760e+02 2.6846866777467047e+00
697 1.9287769333592365e+02 2.6685493994885263e+00
698 1.9150832525598003e+02 2.6496035778944869e+00
699 1.9034150044269103e+02 2.6334600332421374e+00
700 1.8897522750946558e+02 2.6145570343912219e+00
701 1.8780795528150949e+02 2.5984072995562721e+00
702 1.8644475834208001e+02 2.5795468584592114e+00
703 1.8527706406210223e+02 2.5633912843452373e+00
704 1.8391697428862835e+02 2.5445738322828415e+00
705 1.8274900619075828e+02 2.5284144697755111e+00
706 1.8139234607601961e+02 2.5096444685800350e+00
707 1.8022492187740906e+02 2.4934926311629173e+00
708 1.7887350100058001e+02 2.4747951171738967e+00
709 1.7771064023529328e+02 2.4587064169036688e+00
710 1.7637290606483700e+02 2.4401982646362672e+00
711 1.7523193115563132e+02 2.4244123650014693e+00
712 1.7394189866300096e+02 2.4065641868426098e+00
713 1.7288744054531278e+02 2.3919752858241710e+00
714 1.7176261176791533e+02 2.3764127751650270e+00
715 1.7100033067271480e+02 2.3658662743040071e+00
716 1.7038368987015463e+02 2.3573347722162765e+00
717 1.7046154954736488e+02 2.3584119957731859e+00
718 1.7118245450424880e+02 2.3683860392019942e+00
719 1.7329606918116852e+02 2.3976288462850350e+00
720 1.7697318182970955e+02 2.4485033490873152e+00
721 1.8318501404479085e+02 2.5344468340003594e+00
722 1.9222031551620128e+02 2.6594542824964233e+00
723 2.0500909445277239e+02 2.8363927752849105e+00
724 2.2133038988615155e+02 3.0622052182601749e+00
725 2.4098495920399361e+02 3.3341350005133532e+00
726 2.6149492964951276e+02 3.6178996410443571e+00
727 2.7961444570766457e+02 3.8685912729262797e+00
728 2.8993145354090075e+02 4.0113317038269694e+00
729 2.8919292285393840e+02 4.0011138005167881e+00
730 2.7684028456305452e+02 3.8302095091852535e+00
731 2.5804592577550426e+02 3.5701811254522546e+00
732 2.3927389810334196e+02 3.3104617027169114e+00
733 2.2720072195977170e+02 3.1434238955417100e+00
734 2.2485735948841784e+02 3.1110024246729964e+00
735 2.3276040053702468e+02 3.2203445423623780e+00
736 2.4648145366775290e+02 3.4101814667836186e+00
737 2.5856469445690152e+02 3.5773585228447313e+00
738 2.6024233697212975e+02 3.6005694595224713e+00
739 2.5021722409360004e+02 3.4618675262449310e+00
740 2.3497745503549538e+02 3.2510184857728439e+00
741 2.2477896540972029e+02 3.1099178074318132e+00
742 2.2495805692231832e+02 3.1123956188372235e+00
743 2.3489211901396234e+02 3.2498378236388348e+00
744 2.4612620007622979e+02 3.4052663740016138e+00
745 2.4866702612842030e+02 3.4404198420803143e+00
746 2.3914328964197964e+02 3.3086546760716398e+00
747 2.2642790342564217e+02 3.1327316044867088e+00
748 2.2081328693908785e+02 3.0550508670493417e+00
749 2.2648801622251690e+02 3.1335632919940988e+00
750 2.3708693239889891e+02 3.2802040512676625e+00
751 2.4134343708775924e+02 3.3390947028247377e+00
752 2.3346302929079138e+02 3.2300657263235628e+00
753 2.2206205070703277e+02 3.0723280738917556e+00
754 2.1825006920048119e+02 3.0195875999456430e+00
755 2.2526678056038099e+02 3.1166669488428411e+00
756 2.3415178641919186e+02 3.2395949901259113e+00
757 2.3355674929440568e+02 3.2313623846101662e+00
758 2.2322789020903494e+02 3.0884579863205062e+00
759 2.1572056360286888e+02 2.9845907554336395e+00
760 2.1873649434146944e+02 3.0263175099493860e+00
761 2.2783921103549164e+02 3.1522576782882972e+00
762 2.2979596556481519e+02 3.1793302548722493e+00
763 2.2130581276305458e+02 3.0618651827384551e+00
764 2.1321713975231236e+02 2.9499547635907009e+00
765 2.1561186150426718e+02 2.9830868131429078e+00
766 2.2389458152383932e+02 3.0976819596944876e+00
767 2.2537816575414374e+02 3.1182080129585854e+00
768 2.1668758159398237e+02 2.9979698830810557e+00
769 2.1036954827691221e+02 2.9105570582872002e+00
770 2.1427307728221254e+02 2.9645641329406596e+00
771 2.2175006115695101e+02 3.0680115585284815e+00
772 2.1975400321785730e+02 3.0403952016414473e+00
773 2.1091216133142308e+02 2.9180643532767134e+00
774 2.0816624418049605e+02 2.8800733578566806e+00
775 2.1485853400327642e+02 2.9726641892737704e+00
776 2.1880735799716678e+02 3.0272979404107114e+00
777 2.1249541304420535e+02 2.9399693508651379e+00
778 2.0565795191443300e+02 2.8453700093015595e+00
779 2.0880235655318683e+02 2.8888742578508273e+00
780 2.1523449222362387e+02 2.9778657398822883e+00
781 2.1271919328106083e+02 2.9430654508150580e+00
782 2.0467097589532540e+02 2.8317147533849925e+00
783 2.0452582299818994e+02 2.8297064979471269e+00
784 2.1109726592681639e+02 2.9206253583796675e+00
785 2.1144690839230654e+02 2.9254628187162264e+00
786 2.0371755835654290e+02 2.8185237940958396e+00
787 2.0151748077654693e+02 2.7880847339671955e+00
788 2.0744490030918476e+02 2.8700932418499012e+00
789 2.0930222561121545e+02 2.8957901704768765e+00
790 2.0221529242287434e+02 2.7977392710863214e+00
791 1.9914803880787161e+02 2.7553024415555005e+00
792 2.0453374102333635e+02 2.8298160473765304e+00
793 2.0678940181621408e+02 2.8610241261863498e+00
794 2.0008687221303293e+02 2.7682916228145258e+00
795 1.9708162632278018e+02 2.7267126979681882e+00
796 2.0230160909167898e+02 2.7989335009151870e+00
797 2.0409142495639614e+02 2.8236964061966572e+00
798 1.9744099262421514e+02 2.7316846919365134e+00
799 1.9527427121110426e+02 2.7017071293380961e+00
800 2.0058645248960053e+02 2.7752035400195338e+00
801 2.0113790503560961e+02 2.7828331333387362e+00
802 1.9447587329540949e+02 2.6906609360659197e+00
803 1.9386618116191480e+02 2.6822255719314239e+00
804 1.9912921824492321e+02 2.7550420506254487e+00
805 1.9774636983636992e+02 2.7359097226387097e+00
806 1.9151877695246228e+02 2.6497481818032589e+00
807 1.9302883926571985e+02 2.6706405712213317e+00
808 1.9749764928585191e+02 2.7324685622626919e+00
809 1.9382743208806298e+02 2.6816894611144102e+00
810 1.8906495636851395e+02 2.6157984734025916e+00
811 1.9273608972615176e+02 2.6665902500333116e+00
812 1.9509960314166270e+02 2.6992905182528197e+00
813 1.8964585715698317e+02 2.6238354963647659e+00
814 1.8766189945033221e+02 2.5963865516209417e+00
815 1.9249059524197830e+02 2.6631937237321708e+00
816 1.9147549966983289e+02 2.6491494211867526e+00
817 1.8597753774935427e+02 2.5730826519945715e+00
818 1.8752118522395995e+02 2.5944397071839789e+00
819 1.9125910368553508e+02 2.6461554856830554e+00
820 1.8687288076209174e+02 2.5854701241674971e+00
821 1.8385952205804594e+02 2.5437789549034604e+00
822 1.8795278362457898e+02 2.6004110646430618e+00
823 1.8807096737481729e+02 2.6020461898370284e+00
824 1.8260339886105456e+02 2.5263999270592352e+00
825 1.8375403988539614e+02 2.5423195617325192e+00
826 1.8722812235417868e+02 2.5903850509319204e+00
827 1.8326005477618915e+02 2.5354850561775675e+00
828 1.8041173202196472e+02 2.4960772333035295e+00
829 1.8449883380394618e+02 2.5526241196609876e+00
830 1.8385432651898040e+02 2.5437070722901129e+00
831 1.7899595061311359e+02 2.4764892624861026e+00
832 1.8077088144244257e+02 2.5010462266265345e+00
833 1.8342789125704851e+02 2.5378071491706100e+00
834 1.7878967551788185e+02 2.4736353540221963e+00
835 1.7761587325338459e+02 2.4573952732027569e+00
836 1.8142430040842595e+02 2.5100865711014784e+00
837 1.7914833003348517e+02 2.4785975001142804e+00
838 1.7538063992954855e+02 2.4264698175895418e+00
839 1.7865255655547992e+02 2.4717382516748612e+00
840 1.7896051214652394e+02 2.4759989554054807e+00
841 1.7433117028439332e+02 2.4119499343260955e+00
842 1.7555548339051580e+02 2.4288888552952450e+00
843 1.7811079613193124e+02 2.4642427532171438e+00
844 1.7380497447325138e+02 2.4046697792622820e+00
845 1.7295277232847471e+02 2.3928791803477361e+00
846 1.7634168434003735e+02 2.4397662980696619e+00
847 1.7361837352013882e+02 2.4020880713791146e+00
848 1.7079234650834152e+02 2.3629887201019524e+00
849 1.7420285853407793e+02 2.4101746837083109e+00
850 1.7314488368975975e+02 2.3955371271995749e+00
851 1.6932446592297038e+02 2.3426799338091238e+00
852 1.7173563967727972e+02 2.3760396041931862e+00
853 1.7247239790389381e+02 2.3862329847194403e+00
854 1.6813431390243767e+02 2.3262136467815138e+00
855 1.6945412394291574e+02 2.3444738106710865e+00
856 1.7130154095315035e+02 2.3700336536368578e+00
857 1.6730464531846528e+02 2.3147348097877614e+00
858 1.6722740230082795e+02 2.3136661179926361e+00
859 1.6996228612849481e+02 2.3515044624365449e+00
860 1.6642340749927891e+02 2.3025424892942730e+00
861 1.6535885894826552e+02 2.2878139826048782e+00
862 1.6829402631510189e+02 2.3284233396471565e+00
863 1.6564183761331358e+02 2.2917291193613454e+00
864 1.6357642135552425e+02 2.2631531590255993e+00
865 1.6665529782020425e+02 2.3057507958949475e+00
866 1.6465060802882260e+02 2.2780150134598314e+00
867 1.6208749135300584e+02 2.2425531446051608e+00
868 1.6486862365855760e+02 2.2810313574846179e+00
869 1.6368058035868995e+02 2.2645942455532420e+00
870 1.6059411045857371e+02 2.2218915500987202e+00
871 1.6323722591254483e+02 2.2584602379313208e+00
872 1.6248828225224511e+02 2.2480982664644453e+00
873 1.5929449021694890e+02 2.2039107211320919e+00
874 1.6154288028073893e+02 2.2350182061438142e+00
875 1.6133284222662783e+02 2.2321122354559977e+00
876 1.5791387600687358e+02 2.1848093042834091e+00
877 1.6004275074505171e+02 2.2142632411586147e+00
878 1.5999069081048719e+02 2.2135429686132686e+00
879 1.5666492737109755e+02 2.1675295397116323e+00
880 1.5850011888788646e+02 2.1929202374920345e+00
881 1.5871506813436855e+02 2.1958941567291403e+00
882 1.5530103520224191e+02 2.1486594798036265e+00
883 1.5714936442176420e+02 2.1742319435940503e+00
884 1.5728203544087202e+02 2.1760675066508579e+00
885 1.5404669301130915e+02 2.1313050929770641e+00
886 1.5575257001763768e+02 2.1549066665033036e+00
887 1.5592865048134365e+02 2.1573428186967347e+00
888 1.5267704426351074e+02 2.1123553882173645e+00
889 1.5453289826647193e+02 2.1380319607617855e+00
890 1.5442814294406102e+02 2.1365826238899164e+00
891 1.5142260127028331e+02 2.0949996067458416e+00
892 1.5325569143992109e+02 2.1203612314458824e+00
893 1.5300338934491813e+02 2.1168705187954711e+00
894 1.5007509886682064e+02 2.0763563065934134e+00
895 1.5213346126270235e+02 2.1048346735857715e+00
896 1.5143035433153716e+02 2.0951068738257996e+00
897 1.4886723958853247e+02 2.0596450317124511e+00
898 1.5093118518386962e+02 2.0882006447735293e+00
899 1.4992560935632568e+02 2.0742880521646008e+00
900 1.4760286680783457e+02 2.0421518671774281e+00
901 1.4984612523535498e+02 2.0731883536996478e+00
902 1.4827807840625010e+02 2.0514937224968057e+00
903 1.4651143729023113e+02 2.0270514502582353e+00
904 1.4863807189906578e+02 2.0564743939391996e+00
905 1.4670964048523288e+02 2.0297936803619385e+00
906 1.4539955510476182e+02 2.0116680615054028e+00
907 1.4748729445448623e+02 2.0405528718307346e+00
908 1.4503411257803549e+02 2.0066120002347785e+00
909 1.4448076502824557e+02 1.9989561886882945e+00
910 1.4615238077744519e+02 2.0220837423548201e+00
911 1.4348843696862957e+02 1.9852268848907222e+00
912 1.4354621071213842e+02 1.9860262105456503e+00
913 1.4480903271968344e+02 2.0034979194385287e+00
914 1.4191510763655762e+02 1.9634591678899491e+00
915 1.4277345953327088e+02 1.9753348513809099e+00
916 1.4323803333514735e+02 1.9817624383069747e+00
917 1.4056047189530543e+02 1.9447171748096588e+00
918 1.4191836219208500e+02 1.9635041961254489e+00
919 1.4164257367735931e+02 1.9596885383237179e+00
920 1.3927531106788649e+02 1.9269363983241063e+00
921 1.4111185731506649e+02 1.9523458394071116e+00
922 1.3986215059780724e+02 1.9350555864379893e+00
923 1.3828066637800913e+02 1.9131750429077810e+00
924 1.4008226518379342e+02 1.9381009704639640e+00
925 1.3815608594973443e+02 1.9114514168040537e+00
926 1.3738516799976074e+02 1.9007854211833251e+00
927 1.3894962492329429e+02 1.9224303844323933e+00
928 1.3643029185879453e+02 1.8875742814787282e+00
929 1.3673023781347570e+02 1.8917241682976740e+00
930 1.3748424641369135e+02 1.9021562154800835e+00
931 1.3497338052155754e+02 1.8674172596539151e+00
932 1.3603545990624053e+02 1.8821116043196240e+00
933 1.3588660532562221e+02 1.8800521344304424e+00
934 1.3368907178660450e+02 1.8496482722498206e+00
935 1.3535070729870395e+02 1.8726377448595906e+00
936 1.3405859396601750e+02 1.8547607773452277e+00
937 1.3279267664177436e+02 1.8372462433574763e+00
938 1.3435417953748347e+02 1.8588503363066118e+00
939 1.3232506515818886e+02 1.8307766287424636e+00
940 1.3206473157066765e+02 1.8271747967906655e+00
941 1.3312750710934361e+02 1.8418787730591157e+00
942 1.3068293684351181e+02 1.8080570469586721e+00
943 1.3154899559469595e+02 1.8200393582380230e+00
944 1.3149241544931220e+02 1.8192565465485251e+00
945 1.2944969468666616e+02 1.7909945885677856e+00
946 1.3087156304092113e+02 1.8106667750050760e+00
947 1.2974101416372091e+02 1.7950251241995021e+00
948 1.2851177223341949e+02 1.7780180107370922e+00
949 1.2999757170058260e+02 1.7985747127967389e+00
950 1.2792080611935317e+02 1.7698417294806426e+00
951 1.2796161220680042e+02 1.7704063000033894e+00
952 1.2863652358536794e+02 1.7797440016465107e+00
953 1.2643973166974617e+02 1.7493504001582152e+00
954 1.2742232524667278e+02 1.7629450230215344e+00
955 1.2699872973345779e+02 1.7570843890992529e+00
956 1.2529882133611817e+02 1.7335653939554985e+00
957 1.2677557754518017e+02 1.7539969784831084e+00
958 1.2513961739497064e+02 1.7313627360213562e+00
959 1.2465948592381753e+02 1.7247199017627066e+00
960 1.2562954555629817e+02 1.7381411118827166e+00
961 1.2353136033344828e+02 1.7091117782173655e+00
962 1.2416368591053156e+02 1.7178602861957764e+00
963 1.2410776703518775e+02 1.7170866234738831e+00
964 1.2227422543805039e+02 1.6917187530719053e+00
965 1.2363283430291797e+02 1.7105157160994950e+00
966 1.2226322534558281e+02 1.6915665618587017e+00
967 1.2158609720013519e+02 1.6821981902514989e+00
968 1.2259882188253286e+02 1.6962096904738326e+00
969 1.2061847400295866e+02 1.6688106893067454e+00
970 1.2111553317866198e+02 1.6756877259504965e+00
971 1.2112817060157600e+02 1.6758625703648247e+00
972 1.1934837014504539e+02 1.6512382327478652e+00
973 1.2062428295796181e+02 1.6688910588047272e+00
974 1.1929777631043832e+02 1.6505382443530259e+00
975 1.1868899552739370e+02 1.6421154891607783e+00
976 1.1959521798929809e+02 1.6546534833927302e+00
977 1.1768471975375519e+02 1.6282208833807497e+00
978 1.1825473162878212e+02 1.6361072533414025e+00
979 1.1809338156526528e+02 1.6338749028416721e+00
980 1.1650523225053168e+02 1.6119021447335102e+00
981 1.1773487082801583e+02 1.6289147459876030e+00
982 1.1627175662426797e+02 1.6086719047224163e+00
983 1.1595112542504533e+02 1.6042358282672056e+00
984 1.1660418813671380e+02 1.6132712438039105e+00
985 1.1476720412988166e+02 1.5878557461197680e+00
986 1.1554512906092158e+02 1.5986186864664165e+00
987 1.1500798526906981e+02 1.5911870611789418e+00
988 1.1378003135661804e+02 1.5741977680212016e+00
989 1.1490411877196995e+02 1.5897500216039191e+00
990 1.1323118077160629e+02 1.5666041739994647e+00
991 1.1337115141885441e+02 1.5685407306857244e+00
992 1.1357446242643168e+02 1.5713536296674371e+00
993 1.1194255501000904e+02 1.5487754585954150e+00
994 1.1292328286134187e+02 1.5623442683083029e+00
995 1.1188254254226061e+02 1.5479451591864886e+00
996 1.1122601915330269e+02 1.5388618636272529e+00
997 1.1203643858987022e+02 1.5500743800327634e+00
998 1.1026127745707460e+02 1.5255142295405717e+00
999 1.1091790646690455e+02 1.5345989864119465e+00
1000 1.1046280985448259e+02 1.5283025206528253e+00
1001 1.0931071052036404e+02 1.5123627096096759e+00
1002 1.1027517390574110e+02 1.5257064931409012e+00
1003 1.0878448925432565e+02 1.5050822023659525e+00
1004 1.0885948747586983e+02 1.5061198364002617e+00
1005 1.0903476375635930e+02 1.5085448623581892e+00
1006 1.0749465632144488e+02 1.4872367852057380e+00
1007 1.0847935700445525e+02 1.5008605608268344e+00
1008 1.0730337525841426e+02 1.4845903259026660e+00
1009 1.0694014043435334e+02 1.4795648091886473e+00
1010 1.0745349093443782e+02 1.4866672436124233e+00
1011 1.0586961812890931e+02 1.4647536529272733e+00
1012 1.0658452939163503e+02 1.4746447709090278e+00
1013 1.0588749890079477e+02 1.4650010414264412e+00
1014 1.0505676281647472e+02 1.4535074350865687e+00
1015 1.0586018802099515e+02 1.4646231831545578e+00
1016 1.0426777047390456e+02 1.4425913721372901e+00
1017 1.0476413690186708e+02 1.4494588243053264e+00
1018 1.0438549268671227e+02 1.4442201117538891e+00
1019 1.0332813331376613e+02 1.4295910705676449e+00
1020 1.0416156061634264e+02 1.4411219111191980e+00
1021 1.0277119772656974e+02 1.4218856169142862e+00
1022 1.0292598593809413e+02 1.4240271812484879e+00
1023 1.0290964290088307e+02 1.4238010679982664e+00
1024 1.0161856209277367e+02 1.4059383859245493e+00
1025 1.0250653120325414e+02 1.4182238368523041e+00
1026 1.0123540928554834e+02 1.4006372949795600e+00
1027 1.0120112862846361e+02 1.4001630067127555e+00
1028 1.0134790864776106e+02 1.4021937741155519e+00
1029 1.0002457385136692e+02 1.3838848436469080e+00
1030 1.0080163416478979e+02 1.3946358216210144e+00
1031 9.9759222374956053e+01 1.3802135869516283e+00
1032 9.9476337742415424e+01 1.3762997511770783e+00
1033 9.9824910009277190e+01 1.3811224048355926e+00
1034 9.8415943646467198e+01 1.3616287232369242e+00
1035 9.9176274849858871e+01 1.3721482464701757e+00
1036 9.8223443664658092e+01 1.3589653996458255e+00
1037 9.7860258387317160e+01 1.3539405684329011e+00
1038 9.8239885301565181e+01 1.3591928770670667e+00
1039 9.6890005893303154e+01 1.3405166899870722e+00
1040 9.7528407905354783e+01 1.3493492681687573e+00
1041 9.6735239404103183e+01 1.3383754261909719e+00
1042 9.6238252612976353e+01 1.3314993910203032e+00
1043 9.6710481148442256e+01 1.3380328846189857e+00
1044 9.5331235861441229e+01 1.3189504074350444e+00
1045 9.5970266063364562e+01 1.3277916769053693e+00
1046 9.5188996458272570e+01 1.3169824614930103e+00
1047 9.4711811922763928e+01 1.3103803994108028e+00
1048 9.5136346944118898e+01 1.3162540318496019e+00
1049 9.3840100825699892e+01 1.2983198853909346e+00
1050 9.4397115392353470e+01 1.3060264317605086e+00
1051 9.3690569574845881e+01 1.2962510534655327e+00
1052 9.3173529274242256e+01 1.2890975689965736e+00
1053 9.3623850566764787e+01 1.2953279660629931e+00
1054 9.2313655909963714e+01 1.2772008353194175e+00
1055 9.2910319008071198e+01 1.2854559369053671e+00
1056 9.2141117204117208e+01 1.2748136849345706e+00
1057 9.1722434258260535e+01 1.2690210185851447e+00
1058 9.2072298831849011e+01 1.2738615518868666e+00
1059 9.0852976764934496e+01 1.2569916841838096e+00
1060 9.1406571089591012e+01 1.2646509099712595e+00
1061 9.0641934314005795e+01 1.2540718172155152e+00
1062 9.0258967793747686e+01 1.2487733036342734e+00
1063 9.0578291629428463e+01 1.2531912921284856e+00
1064 8.9364770954831826e+01 1.2364016892902676e+00
1065 8.9978991499746783e+01 1.2448997060279088e+00
1066 8.9100021573300850e+01 1.2327387628477111e+00
1067 8.8878864190193909e+01 1.2296789512558408e+00
1068 8.9043009894704653e+01 1.2319499807026615e+00
1069 8.7948837799128654e+01 1.2168116189870790e+00
1070 8.8526218461428769e+01 1.2247999394248072e+00
1071 8.7613387784390341e+01 1.2121705175724675e+00
1072 8.7487401998264232e+01 1.2104274477125154e+00
1073 8.7556548919211352e+01 1.2113841263785579e+00
1074 8.6519279043148757e+01 1.1970330323925180e+00
1075 8.7133272057154116e+01 1.2055279011379698e+00
1076 8.6096880827116308e+01 1.1911889636137856e+00
1077 8.6173592472511814e+01 1.1922503036356067e+00
1078 8.6025737332734593e+01 1.1902046614587449e+00
1079 8.5172481330299661e+01 1.1783994819508061e+00
1080 8.5700576235185409e+01 1.1857059118283733e+00
1081 8.4647842597677027e+01 1.1711408697667098e+00
1082 8.4842859789972550e+01 1.1738390200939421e+00
1083 8.4539241810863288e+01 1.1696383291700061e+00
1084 8.3826050555979549e+01 1.1597710082682271e+00
1085 8.4306484923427874e+01 1.1664180332329803e+00
1086 8.3190352111741220e+01 1.1509758351598809e+00
1087 8.3573292531207755e+01 1.1562739876249641e+00
1088 8.3015117710205999e+01 1.1485513886160696e+00
1089 8.2567973931327685e+01 1.1423649538761405e+00
1090 8.2856668767844880e+01 1.1463591764287799e+00
1091 8.1820954236398720e+01 1.1320296013331335e+00
1092 8.2266946378966779e+01 1.1382001026681623e+00
1093 8.1546624257725952e+01 1.1282341230318975e+00
1094 8.1311947194451804e+01 1.1249872606008788e+00
1095 8.1429643063438164e+01 1.1266156357388935e+00
1096 8.0468966146588215e+01 1.1133242396981002e+00
1097 8.0990634203080617e+01 1.1205417512454861e+00
1098 8.0067206053524203e+01 1.1077657086075341e+00
1099 8.0129738877434065e+01 1.1086308782744192e+00
1100 7.9945952043745166e+01 1.1060881049957059e+00
1101 7.9222558019541637e+01 1.0960796242040998e+00
1102 7.9647425652365513e+01 1.1019578584717589e+00
1103 7.8675596745489386e+01 1.0885121696469078e+00
1104 7.8923822679846779e+01 1.0919464867864912e+00
1105 7.8495621652519219e+01 1.0860221335107332e+00
1106 7.8003665190875637e+01 1.0792156952047387e+00
1107 7.8303958852012570e+01 1.0833703926984584e+00
1108 7.7314701317616468e+01 1.0696835709945380e+00
1109 7.7747289614242007e+01 1.0756686241088727e+00
1110 7.7023223003832769e+01 1.0656508377854326e+00
1111 7.6877545942163295e+01 1.0636353302961332e+00
1112 7.6882019288679018e+01 1.0636972210516260e+00
1113 7.6075408293403896e+01 1.0525373961396107e+00
1114 7.6497516040110298e+01 1.0583774461449320e+00
1115 7.5633022201092430e+01 1.0464167861273177e+00
1116 7.5744809691731049e+01 1.0479634162007834e+00
1117 7.5469239783844216e+01 1.0441507829227206e+00
1118 7.4888089921474986e+01 1.0361103139114221e+00
1119 7.5227332502513349e+01 1.0408038871818892e+00
1120 7.4284065653210021e+01 1.0277533672346093e+00
1121 7.4642320852271837e+01 1.0327099886032347e+00
1122 7.4023562665878771e+01 1.0241491915604577e+00
1123 7.3810376585738382e+01 1.0211996665205294e+00
1124 7.3859725229935876e+01 1.0218824271475420e+00
1125 7.3071348675803620e+01 1.0109748839075035e+00
1126 7.3459405354203312e+01 1.0163438221097427e+00
1127 7.2657952687498891e+01 1.0052553649871885e+00
1128 7.2737386194042145e+01 1.0063543631788356e+00
1129 7.2483060760472227e+01 1.0028356567318146e+00
1130 7.1931277171055612e+01 9.9520148327858471e-01
1131 7.2236062741026544e+01 9.9941832834579603e-01
1132 7.1348451482679579e+01 9.8713782846281717e-01
1133 7.1687027162568000e+01 9.9182217485674717e-01
1134 7.1072824163061796e+01 9.8332440086770567e-01
1135 7.0909079330253888e+01 9.8105891766069808e-01
1136 7.0901190171920575e+01 9.8094976761660169e-01
1137 7.0191409130050033e+01 9.7112962854145646e-01
1138 7.0540665659459876e+01 9.7596174927923851e-01
1139 6.9753435889508054e+01 9.6507007231270792e-01
1140 6.9888140609468238e+01 9.6693377253299184e-01
1141 6.9551967057103766e+01 9.6228266065079138e-01
1142 6.9121157092615732e+01 9.5632221155922148e-01
1143 6.9332282870420158e+01 9.5924323139221634e-01
1144 6.8514722610386542e+01 9.4793191849115088e-01
1145 6.8865558633507945e+01 9.5278589223288890e-01
1146 6.8187612640578294e+01 9.4340620533893993e-01
1147 6.8160632256044138e+01 9.4303291961729241e-01
1148 6.8008669429222920e+01 9.4093044574773999e-01
1149 6.7444391226882686e+01 9.3312340372045421e-01
1150 6.7720929825928934e+01 9.3694943927519825e-01
1151 6.6943311354460590e+01 9.2619073893417980e-01
1152 6.7174575937942976e+01 9.2939038817666664e-01
1153 6.6688123965230119e+01 9.2266010694397871e-01
1154 6.6459316239968146e+01 9.1949444943695557e-01
1155 6.6498450230675360e+01 9.2003588575131179e-01
1156 6.5810730553335119e+01 9.1052097554971334e-01
1157 6.6144042945219425e+01 9.1513250199334328e-01
1158 6.5396483087473712e+01 9.0478967605548510e-01
1159 6.5548092035555129e+01 9.0688725385394586e-01
1160 6.5181313363078601e+01 9.0181270640756084e-01
1161 6.4849061832906386e+01 8.9721585746155019e-01
1162 6.4965657739541996e+01 8.9882901412707172e-01
1163 6.4267750101215071e+01 8.8917314891557664e-01
1164 6.4557854576377039e+01 8.9318687445113709e-01
1165 6.3917612005572025e+01 8.8432883131354589e-01
1166 6.3938572913654326e+01 8.8461883487854254e-01
1167 6.3720021097919613e+01 8.8159507247995228e-01
1168 6.3269722089166137e+01 8.7536498371947269e-01
1169 6.3475520650170523e+01 8.7821229911860166e-01
1170 6.2747301326733968e+01 8.6813705814779618e-01
1171 6.3031077683693759e+01 8.7206323132965391e-01
1172 6.2441430555466198e+01 8.6390519883389350e-01
1173 6.2407060923864549e+01 8.6342967956473937e-01
1174 6.2248864901410279e+01 8.6124096663780403e-01
1175 6.1771801871715752e+01 8.5464058564303402e-01
1176 6.1980582865016551e+01 8.5752916433070592e-01
1177 6.1295511757189921e+01 8.4805089827630153e-01
1178 6.1516081654541715e+01 8.5110258173924225e-01
1179 6.1017688915405387e+01 8.4420709464724686e-01
1180 6.0899767639922871e+01 8.4257560090925554e-01
1181 6.0824288769995938e+01 8.4153131688898375e-01
1182 6.0296453115444400e+01 8.3422847385607302e-01
1183 6.0540524670270244e+01 8.3760531329145749e-01
1184 5.9853966865538240e+01 8.2810647811853333e-01
1185 6.0069761174552497e+01 8.3109208917481081e-01
1186 5.9592773897234984e+01 8.2449275624815432e-01
1187 5.9467877876661930e+01 8.2276476378342556e-01
1188 5.9397547312017856e+01 8.2179170887593167e-01
1189 5.8891162219088976e+01 8.1478564398437470e-01
1190 5.9107892029630413e+01 8.1778419812388492e-01
1191 5.8470543438784873e+01 8.0896619449708107e-01
1192 5.8642420612946559e+01 8.1134419229434906e-01
1193 5.8217311984009804e+01 8.0546262373737332e-01
1194 5.8059178899821887e+01 8.0327478158958288e-01
1195 5.8021135244514220e+01 8.0274843055453182e-01
1196 5.7503679078062916e+01 7.9558919239504022e-01
1197 5.7734365635636735e+01 7.9878084438981778e-01
1198 5.7095293952913892e+01 7.8993900101402637e-01
1199 5.7283171205192140e+01 7.9253836706861458e-01
1200 5.6843892657367462e+01 7.8646075132813531e-01
1201 5.6720740116987564e+01 7.8475688069388894e-01
1202 5.6648501014094947e+01 7.8375742030368234e-01
1203 5.6180852661550304e+01 7.7728729559008292e-01
1204 5.6372420843364047e+01 7.7993772731030175e-01
1205 5.5776042565815260e+01 7.7168656634453336e-01
1206 5.5943357436143621e+01 7.7400144262191928e-01
1207 5.5520834301915748e+01 7.6815564554392302e-01
1208 5.5404392078032089e+01 7.6654461514820660e-01
1209 5.5326893831406252e+01 7.6547239214554652e-01
1210 5.4876663791643537e+01 7.5924325760198907e-01
1211 5.5067251260788481e+01 7.6188012072255218e-01
1212 5.4469001538016400e+01 7.5360306747271288e-01
1213 5.4666764953736788e+01 7.5633921303280260e-01
1214 5.4205013042505719e+01 7.4995066822953038e-01
1215 5.4154174891055789e+01 7.4924729960158576e-01
1216 5.4011937065790988e+01 7.4727937549055923e-01
1217 5.3636573255062267e+01 7.4208604880572948e-01
1218 5.3772586123585739e+01 7.4396784784813552e-01
1219 5.3220727567817519e+01 7.3633263720180619e-01
1220 5.3406570984912364e+01 7.3890386423438803e-01
1221 5.2942397876615082e+01 7.3248182108371573e-01
1222 5.2925076906499996e+01 7.3224217769313105e-01
1223 5.2747147627163457e+01 7.2978044630619465e-01
1224 5.2418861076214256e+01 7.2523845462616199e-01
1225 5.2528977206107797e+01 7.2676196067405741e-01
1226 5.1992219418523632e+01 7.1933567592876113e-01
1227 5.2201799729168634e+01 7.2223531353041104e-01
1228 5.1694469991027240e+01 7.1521617904863355e-01
1229 5.1756968496587511e+01 7.1608087390575892e-01
1230 5.1492062286669025e+01 7.1241577767211850e-01
1231 5.1265824777676890e+01 7.0928568026001770e-01
1232 5.1293022500040955e+01 7.0966197294802524e-01
1233 5.0827947399884231e+01 7.0322745033540368e-01
1234 5.1007379148217439e+01 7.0570996905481731e-01
1235 5.0505928621246639e+01 6.9877217609661058e-01
1236 5.0605949931463577e+01 7.0015601578641140e-01
1237 5.0289063795584639e+01 6.9577175396234858e-01
1238 5.0137238323327992e+01 6.9367118045480503e-01
1239 5.0103198349580659e+01 6.9320022214992816e-01
1240 4.9691842503798100e+01 6.8750892951648035e-01
1241 4.9858436721139157e+01 6.8981383523654971e-01
1242 4.9343066470101270e+01 6.8268345665240648e-01
1243 4.9506348065956892e+01 6.8494253076840173e-01
1244 4.9103766486639550e+01 6.7937263404705628e-01
1245 4.9069581299199484e+01 6.7889966664560719e-01
1246 4.8921777940235465e+01 6.7685474087952135e-01
1247 4.8624064969121704e+01 6.7273574838979944e-01
1248 4.8713231756214412e+01 6.7396941088355466e-01
1249 4.8248968977648381e+01 6.6754612710449412e-01
1250 4.8414464122638705e+01 6.6983582666561980e-01
1251 4.7979486955202681e+01 6.6381772245213255e-01
1252 4.8020945402113746e+01 6.6439131866066647e-01
1253 4.7788930570778696e+01 6.6118128940262644e-01
1254 4.7587604329750903e+01 6.5839585055636074e-01
1255 4.7606581408991630e+01 6.5865840695951983e-01
1256 4.7192132707760713e+01 6.5292432328369343e-01
1257 4.7360367092693373e+01 6.5525192145806332e-01
1258 4.6888027877500861e+01 6.4871689655571974e-01
1259 4.7020085127021481e+01 6.5054396783499202e-01
1260 4.6675727293497296e+01 6.4577962275201928e-01
1261 4.6614181584260237e+01 6.4492811025938690e-01
1262 4.6504833795104105e+01 6.4341523455022032e-01
1263 4.6209851536686521e+01 6.3933402269546724e-01
1264 4.6304156857162781e+01 6.4063877910339040e-01
1265 4.5871767568808679e+01 6.3465647935775316e-01
1266 4.6023280280055566e+01 6.3675272567644270e-01
1267 4.5626106524111307e+01 6.3125764861705591e-01
1268 4.5661513609647571e+01 6.3174752152672875e-01
1269 4.5448338495268679e+01 6.2879814820302904e-01
1270 4.5266205798722126e+01 6.2627826065361691e-01
1271 4.5278526836378724e+01 6.2644872773599913e-01
1272 4.4902970965260437e+01 6.2125274380953421e-01
1273 4.5055445650289244e+01 6.2336229946697441e-01
1274 4.4618269138492344e+01 6.1731376633777402e-01
1275 4.4751212124751127e+01 6.1915309218210168e-01
1276 4.4415670108242459e+01 6.1451071788173151e-01
1277 4.4386057941499551e+01 6.1410102027278246e-01
1278 4.4255969482859562e+01 6.1230118809841316e-01
1279 4.4014627818587947e+01 6.0896211792329491e-01
1280 4.4079390495754339e+01 6.0985813861014881e-01
1281 4.3693987090443741e+01 6.0452590963118025e-01
1282 4.3838501427662393e+01 6.0652533030618105e-01
1283 4.3453253763291976e+01 6.0119525607297497e-01
1284 4.3524061407238314e+01 6.0217491158660197e-01
1285 4.3280107030571152e+01 5.9879969336360128e-01
1286 4.3168664181240167e+01 5.9725783155721013e-01
1287 4.3128785610295175e+01 5.9670609364129479e-01
1288 4.2826869553918129e+01 5.9252894958172897e-01
1289 4.2944783175086869e+01 5.9416033741885610e-01
1290 4.2545175641860453e+01 5.8863158795913906e-01
1291 4.2693947595410506e+01 5.9068991466577014e-01
1292 4.2338848772413797e+01 5.8577696317574701e-01
1293 4.2380219088977420e+01 5.8634934006139461e-01
1294 4.2185875839681408e+01 5.8366051403784669e-01
1295 4.2041928713332275e+01 5.8166894097963895e-01
1296 4.2039268955626007e+01 5.8163214203878122e-01
1297 4.1729894658980911e+01 5.7735180987983326e-01
1298 4.1851513141630193e+01 5.7903445613729965e-01
1299 4.1480963526856044e+01 5.7390773601283163e-01
1300 4.1599146129451725e+01 5.7554284532864775e-01
1301 4.1300738523411049e+01 5.7141424225314452e-01
1302 4.1294234584287658e+01 5.7132425733813519e-01
1303 4.1162312874107513e+01 5.6949906130643235e-01
1304 4.0976555519268139e+01 5.6692902498375686e-01
1305 4.1020378355015318e+01 5.6753533357234698e-01
1306 4.0692009133065291e+01 5.6299219810193712e-01
1307 4.0834045862749988e+01 5.6495733996541475e-01
1308 4.0469881614313536e+01 5.5991896424828203e-01
1309 4.0587305072121922e+01 5.6154357045546377e-01
1310 4.0309883679340288e+01 5.5770532105342774e-01
1311 4.0296297664889416e+01 5.5751735244971168e-01
1312 4.0183555614150151e+01 5.5595751560910112e-01
1313 3.9999780272027571e+01 5.5341490132136240e-01
1314 4.0048535791630798e+01 5.5408945580357694e-01
1315 3.9739002139612644e+01 5.4980691889156641e-01
1316 3.9869240712390742e+01 5.5160882796236765e-01
1317 3.9538132005223758e+01 5.4702779048522931e-01
1318 3.9634094803323293e+01 5.4835547883950542e-01
1319 3.9394076492838543e+01 5.4503471785759761e-01
1320 3.9360397334828114e+01 5.4456875160027884e-01
1321 3.9279003069512569e+01 5.4344262543155020e-01
1322 3.9084618410939314e+01 5.4075322649207813e-01
1323 3.9153803031597477e+01 5.4171042675053227e-01
1324 3.8844162849555538e+01 5.3742641594786034e-01
1325 3.8986598119825011e+01 5.3939707179908725e-01
1326 3.8660266031813379e+01 5.3488212099043886e-01
1327 3.8767683455229111e+01 5.3636828922375246e-01
1328 3.8529391918118982e+01 5.3307141892599885e-01
1329 3.8513401487133422e+01 5.3285018414106311e-01
1330 3.8425775485342605e+01 5.3163783910305396e-01
1331 3.8257297840520550e+01 5.2930687531900389e-01
1332 3.8313491911366519e+01 5.3008434549410421e-01
1333 3.8033870452728017e+01 5.2621565719413432e-01
1334 3.8162940097202586e+01 5.2800139361755227e-01
1335 3.7863256226960871e+01 5.2385513285438001e-01
1336 3.7964308847003188e+01 5.2525324117819228e-01
1337 3.7743276968131219e+01 5.2219516599370563e-01
1338 3.7731464846173196e+01 5.2203173998827912e-01
1339 3.7651255193090705e+01 5.2092200346113349e-01
1340 3.7494601564113033e+01 5.1875463023976265e-01
1341 3.7554351186722783e+01 5.1958129306830036e-01
1342 3.7285982916031877e+01 5.1586829767102182e-01
1343 3.7424170310778486e+01 5.1778018225907363e-01
1344 3.7125960426125914e+01 5.1365431474765966e-01
1345 3.7249307418516011e+01 5.1536087571268552e-01
1346 3.7015054934986836e+01 5.1211988753287685e-01
1347 3.7039936509778585e+01 5.1246413528035073e-01
1348 3.6934536303823549e+01 5.1100587615539628e-01
1349 3.6822422746830590e+01 5.0945473480766656e-01
1350 3.6854773368865395e+01 5.0990232017386916e-01
1351 3.6627120783014227e+01 5.0675264453871371e-01
1352 3.6748016540145755e+01 5.0842529156447502e-01
1353 3.6475447545728557e+01 5.0465417727027617e-01
1354 3.6600315396092263e+01 5.0638177998752332e-01
1355 3.6371609184082494e+01 5.0321752696187649e-01
1356 3.6417192445637028e+01 5.0384819183112206e-01
1357 3.6301625395561160e+01 5.0224926985758156e-01
1358 3.6220529624666653e+01 5.0112727349305286e-01
1359 3.6239506890005458e+01 5.0138983247096225e-01
1360 3.6038577277078765e+01 4.9860988115237642e-01
1361 3.6158139629969426e+01 5.0026407993238842e-01
1362 3.5894076016995797e+01 4.9661064140541328e-01
1363 3.6040586658066545e+01 4.9863768183961782e-01
1364 3.5795510606181352e+01 4.9524694473686631e-01
1365 3.5886957078235049e+01 4.9651214769457291e-01
1366 3.5734416678055815e+01 4.9440168283855102e-01
1367 3.5713789528281907e+01 4.9411629696945286e-01
1368 3.5689219800256609e+01 4.9377636376186668e-01
1369 3.5546541977794874e+01 4.9180235209226691e-01
1370 3.5634033631578866e+01 4.9301283836534204e-01
1371 3.5408971276069181e+01 4.8989899972876716e-01
1372 3.5549124808949237e+01 4.9183808671977491e-01
1373 3.5314003411070203e+01 4.8858507672019846e-01
1374 3.5428804990021213e+01 4.9017340805738679e-01
1375 3.5259317381985042e+01 4.8782847097926679e-01
1376 3.5283341060782881e+01 4.8816084935086945e-01
1377 3.5228755920675091e+01 4.8740563945419185e-01
1378 3.5134218325430311e+01 4.8609766942066307e-01
1379 3.5198803943918200e+01 4.8699124042128300e-01
1380 3.5005207839307154e+01 4.8431275147957137e-01
1381 3.5147800089373661e+01 4.8628557921670096e-01
1382 3.4913224075617137e+01 4.8304011485108272e-01
1383 3.5064395334169149e+01 4.8513163701858558e-01
1384 3.4862385456131868e+01 4.8233673974765923e-01
1385 3.4951786966478771e+01 4.8357364974291767e-01
1386 3.4843002873834017e+01 4.8206857302782302e-01
1387 3.4825993605855729e+01 4.8183324217610995e-01
1388 3.4835510697857003e+01 4.8196491541268605e-01
1389 3.4709176813733521e+01 4.8021702946080663e-01
1390 3.4817916812700119e+01 4.8172149612008647e-01
1391 3.4621085382366630e+01 4.7899824499585153e-01
1392 3.4774140705406708e+01 4.8111583404061353e-01
1393 3.4572010315683301e+01 4.7831926943645608e-01
1394 3.4700040324746318e+01 4.8009062203764352e-01
1395 3.4559523506305283e+01 4.7814650882795379e-01
1396 3.4604680768231120e+01 4.7877127980126100e-01
1397 3.4569748270389624e+01 4.7828797302521403e-01
1398 3.4506460415953484e+01 4.7741235717234121e-01
1399 3.4582562427638031e+01 4.7846526263832984e-01
1400 3.4425963216721648e+01 4.7629864231524521e-01
1401 3.4578985162254725e+01 4.7841576956722692e-01
1402 3.4378527026373689e+01 4.7564234134504124e-01
1403 3.4548137504232436e+01 4.7798897838226789e-01
1404 3.4369150109773955e+01 4.7551260749801888e-01
1405 3.4491109725316527e+01 4.7719997348207360e-01
1406 3.4391161444456579e+01 4.7581714418618298e-01
1407 3.4420231959476354e+01 4.7621934780059333e-01
1408 3.4428823003054525e+01 4.7633820874187172e-01
1409 3.4354220380835542e+01 4.7530604800166620e-01
1410 3.4462956735992130e+01 4.7681046424720019e-01
1411 3.4311335482968182e+01 4.7471271620434036e-01
1412 3.4477759966201155e+01 4.7701527357689277e-01
1413 3.4303171352823782e+01 4.7459976180190333e-01
1414 3.4466406093248644e+01 4.7685818765199778e-01
1415 3.4331055622566780e+01 4.7498555318083829e-01
1416 3.4433313148659899e+01 4.7640033192030462e-01
1417 3.4385946885641410e+01 4.7574499842606865e-01
1418 3.4392265083462384e+01 4.7583241352684780e-01
1419 3.4451683544101940e+01 4.7665449458099057e-01
1420 3.4361299327550086e+01 4.7540398840460957e-01
1421 3.4510547967838249e+01 4.7746891028607258e-01
1422 3.4356456010081033e+01 4.7533697893503313e-01
1423 3.4549358966773895e+01 4.7800587786439636e-01
1424 3.4386595365921181e+01 4.7575397044160467e-01
1425 3.4563958276589517e+01 4.7820786586398101e-01
1426 3.4450771855497905e+01 4.7664188096023047e-01
1427 3.4560393484350577e+01 4.7815854536442509e-01
1428 3.4538661695939027e+01 4.7785787632430721e-01
1429 3.4552283140185935e+01 4.7804633511514288e-01
1430 3.4633553294283246e+01 4.7917074414949917e-01
1431 3.4555091010369765e+01 4.7808518325856114e-01
1432 3.4716335406114830e+01 4.8031607179727348e-01
1433 3.4578417746518156e+01 4.7840791911600633e-01
1434 3.4767649359137650e+01 4.8102602335339217e-01
1435 3.4616513355599025e+01 4.7893498895481262e-01
1436 3.4764204553318407e+01 4.8097836291977075e-01
1437 3.4635592060434014e+01 4.7919895139365082e-01
1438 3.4665272190016793e+01 4.7960958929897313e-01
1439 3.4556289748407778e+01 4.7810176833699169e-01
1440 3.4389146605435812e+01 4.7578926798460702e-01
1441 3.4235175629795030e+01 4.7365901047541303e-01
1442 3.3791464923517850e+01 4.6752007383477007e-01
1443 3.3465894848255878e+01 4.6301566581430170e-01
1444 3.2679664085137190e+01 4.5213781055539604e-01
1445 3.2042508551802293e+01 4.4332247796584479e-01
1446 3.0911446252103836e+01 4.2767372372972046e-01
1447 2.9915138699115889e+01 4.1388936185640951e-01
1448 2.8575041523072176e+01 3.9534851634681800e-01
1449 2.7368862328550566e+01 3.7866048617834075e-01
1450 2.6120167122540977e+01 3.6138422792105446e-01
1451 2.5043732201817107e+01 3.4649126797527541e-01
1452 2.4263141729056372e+01 3.3569144866333345e-01
1453 2.3697148598268765e+01 3.2786067983177469e-01
1454 2.3667317718316546e+01 3.2744795622747452e-01
1455 2.3822850038425461e+01 3.2959981563770108e-01
1456 2.4532566808322937e+01 3.3941906548127077e-01
1457 2.5224353550158266e+01 3.4899024534437501e-01
1458 2.6152037569428664e+01 3.6182516984872176e-01
1459 2.6668986105989855e+01 3.6897738472099445e-01
1460 2.6908450613021486e+01 3.7229048358372879e-01
1461 2.6559073914685435e+01 3.6745670025495281e-01
1462 2.5825771621024032e+01 3.5731113411120202e-01
1463 2.4981783259032955e+01 3.4563417656565509e-01
1464 2.4163097381135568e+01 3.3430729023656658e-01
1465 2.3871136157971318e+01 3.3026787575958005e-01
1466 2.3849596930202996e+01 3.2996987088233126e-01
1467 2.4457746787439341e+01 3.3838389693302967e-01
1468 2.5001203806021618e+01 3.4590286854401714e-01
1469 2.5616857292893499e+01 3.5442071067635555e-01
1470 2.5572161704550528e+01 3.5380232716414350e-01
1471 2.5186331642413844e+01 3.4846419519661598e-01
1472 2.4386224035906274e+01 3.3739434758519027e-01
1473 2.3712809026958915e+01 3.2807734888693624e-01
1474 2.3429187827864460e+01 3.2415332238373895e-01
1475 2.3568634124842891e+01 3.2608262444882841e-01
1476 2.4172551408453522e+01 3.3443809094496230e-01
1477 2.4589987740115916e+01 3.4021350982786169e-01
1478 2.4820593974604240e+01 3.4340405051672379e-01
1479 2.4306247769408994e+01 3.3628784006613283e-01
1480 2.3717368314613690e+01 3.2814042867663518e-01
1481 2.3052744519182717e+01 3.1894506036053777e-01
1482 2.2994726919349766e+01 3.1814236084398795e-01
1483 2.3280871185685637e+01 3.2210129511415142e-01
1484 2.3812903928800630e+01 3.2946220674987409e-01
1485 2.4066555857176326e+01 3.3297159495044315e-01
1486 2.3759773019187378e+01 3.2872711678436012e-01
1487 2.3191353821819110e+01 3.2086278223348480e-01
1488 2.2565551824785953e+01 3.1220453091111416e-01
1489 2.2554514755928331e+01 3.1205182811296933e-01
1490 2.2792420339777031e+01 3.1534335857423795e-01
1491 2.3348156936354602e+01 3.2303222365459744e-01
1492 2.3337309027768548e+01 3.2288213797365450e-01
1493 2.3017618697194113e+01 3.1845907885820313e-01
1494 2.2336152637771448e+01 3.0903069026545410e-01
1495 2.2049276992776889e+01 3.0506163704349953e-01
1496 2.2182151610215261e+01 3.0690001697453118e-01
1497 2.2603659142942515e+01 3.1273176275023462e-01
1498 2.2855801672933659e+01 3.1622026774713707e-01
1499 2.2518077203732460e+01 3.1154769823486167e-01
1500 2.2017531004217812e+01 3.0462241705263232e-01
1501 2.1556190169841813e+01 2.9823955968203186e-01
1502 2.1755003011792621e+01 3.0099022452472274e-01
1503 2.2053031717630940e+01 3.0511358534597677e-01
1504 2.2339956066434002e+01 3.0908331240696729e-01
1505 2.1958410001848101e+01 3.0380445146707297e-01
1506 2.1475313582636026e+01 2.9712059582214789e-01
1507 2.1143525072912858e+01 2.9253015297173018e-01
1508 2.1341428190903510e+01 2.9526823137539027e-01
1509 2.1716539250679588e+01 3.0045806113742279e-01
1510 2.1732284921278108e+01 3.0067590955262052e-01
1511 2.1371568357845042e+01 2.9568523410391329e-01
1512 2.0820375057547086e+01 2.8805922756540470e-01
1513 2.0816725653200720e+01 2.8800873641939112e-01
1514 2.1029264263615762e+01 2.9094930342525727e-01
1515 2.1371644204928298e+01 2.9568628348233011e-01
1516 2.1066243654506781e+01 2.9146092988474531e-01
1517 2.0653008426768107e+01 2.8574363515896817e-01
1518 2.0320901439440291e+01 2.8114878602804211e-01
1519 2.0554417592527400e+01 2.8437958674591557e-01
1520 2.0834654033163183e+01 2.8825678359765816e-01
1521 2.0773390648588318e+01 2.8740917719335946e-01
1522 2.0342698586700003e+01 2.8145035933713991e-01
1523 1.9960037200158087e+01 2.7615606741772447e-01
1524 2.0115680277765648e+01 2.7830945920762329e-01
1525 2.0349931074895053e+01 2.8155042405533465e-01
1526 2.0433851512511168e+01 2.8271150095091563e-01
1527 1.9938952675678070e+01 2.7586435356441918e-01
1528 1.9664807981690945e+01 2.7207143875991568e-01
1529 1.9656128692327773e+01 2.7195135689862060e-01
1530 2.0013823070374194e+01 2.7690021905695100e-01
1531 1.9962579602650749e+01 2.7619124269656414e-01
1532 1.9596947157229081e+01 2.7113255381560486e-01
1533 1.9256201163386482e+01 2.6641818015465940e-01
1534 1.9337693776610386e+01 2.6754566701081262e-01
1535 1.9639949634832952e+01 2.7172751238132387e-01
1536 1.9531763343910647e+01 2.7023070652119363e-01
1537 1.9188424709639829e+01 2.6548046251703666e-01
1538 1.8853852485287518e+01 2.6085150572613436e-01
1539 1.9090677307799730e+01 2.6412808336955451e-01
1540 1.9229734510657643e+01 2.6605200214296471e-01
1541 1.9149504725811497e+01 2.6494198708383915e-01
1542 1.8668560674186747e+01 2.5828791040989457e-01
1543 1.8589821783868057e+01 2.5719852254527309e-01
1544 1.8766836246956409e+01 2.5964759703908979e-01
1545 1.8916776296001792e+01 2.6172208487082921e-01
1546 1.8619861638206867e+01 2.5761413740394390e-01
1547 1.8260448334246579e+01 2.5264149313459860e-01
1548 1.8312319257018313e+01 2.5335915061701336e-01
1549 1.8504756815882843e+01 2.5602161055867495e-01
1550 1.8513007979446240e+01 2.5613576910750119e-01
1551 1.8072422570994590e+01 2.5004007236407649e-01
1552 1.7947500101656019e+01 2.4831171396881369e-01
1553 1.8048291446307573e+01 2.4970620743040389e-01
1554 1.8258823422984708e+01 2.5261901175846285e-01
1555 1.7942114502495677e+01 2.4823720178880651e-01
1556 1.7663509175133395e+01 2.4438257212081241e-01
1557 1.7648854352498105e+01 2.4417981607646827e-01
1558 1.7884852674781211e+01 2.4744495871850539e-01
1559 1.7795017569926138e+01 2.4620204974874457e-01
1560 1.7426509466224918e+01 2.4110357484565742e-01
1561 1.7325333998360701e+01 2.3970376686712774e-01
1562 1.7472814682851435e+01 2.4174422828714517e-01
1563 1.7586029533520239e+01 2.4331060652684777e-01
1564 1.7215762585991591e+01 2.3818779723050704e-01
1565 1.7045449840339156e+01 2.3583144400336381e-01
1566 1.7092096368803407e+01 2.3647681964721654e-01
1567 1.7304719291941971e+01 2.3941855315742974e-01
1568 1.7021056320833345e+01 2.3549394871968021e-01
1569 1.6774577359042144e+01 2.3208380172912638e-01
1570 1.6767837157123243e+01 2.3199054801236926e-01
1571 1.6973550717522212e+01 2.3483668738999666e-01
1572 1.6827610801799892e+01 2.3281754319697728e-01
1573 1.6502919466117977e+01 2.2832529293274351e-01
1574 1.6484778734686028e+01 2.2807430777664930e-01
1575 1.6633527349608535e+01 2.3013231158290010e-01
1576 1.6613532493193713e+01 2.2985567377602992e-01
1577 1.6241330373641297e+01 2.2470609050675008e-01
1578 1.6211664368151961e+01 2.2429564801459567e-01
1579 1.6320712223368361e+01 2.2580437400317549e-01
1580 1.6362722859025574e+01 2.2638560999068771e-01
1581 1.6000355637695083e+01 2.2137209694959359e-01
1582 1.5928074730798699e+01 2.2037205818224428e-01
1583 1.6048023347518807e+01 2.2203160109558912e-01
1584 1.6078531611523129e+01 2.2245369661207984e-01
1585 1.5774543396101755e+01 2.1824788330270217e-01
1586 1.5637196409702524e+01 2.1634762614108791e-01
1587 1.5803206448142914e+01 2.1864444948404241e-01
1588 1.5782777772308460e+01 2.1836180959091889e-01
1589 1.5543758938892470e+01 2.1505487682255664e-01
1590 1.5358326312297033e+01 2.1248933326078764e-01
1591 1.5562470437672934e+01 2.1531375880092607e-01
1592 1.5499842253045603e+01 2.1444726977574241e-01
1593 1.5288310954913346e+01 2.1152063938712232e-01
1594 1.5108575853417269e+01 2.0903392364063617e-01
1595 1.5309577977701801e+01 2.1181487818638148e-01
1596 1.5239414078850007e+01 2.1084412917487899e-01
1597 1.5004740607619405e+01 2.0759731644139390e-01
1598 1.4889469192303659e+01 2.0600248470736188e-01
1599 1.5046470750934484e+01 2.0817467169154236e-01
1600 1.4990867876559445e+01 2.0740538098478903e-01
1601 1.4709212291549505e+01 2.0350854963409559e-01
1602 1.4687131442888344e+01 2.0320305118885901e-01
1603 1.4787942453367757e+01 2.0459781673599844e-01
1604 1.4732243877607297e+01 2.0382720195765250e-01
1605 1.4426553477329341e+01 1.9959783815729634e-01
1606 1.4483869701449690e+01 2.0039083382627151e-01
1607 1.4546109112309544e+01 2.0125194399200394e-01
1608 1.4447104875051927e+01 1.9988217596278712e-01
1609 1.4174917059214486e+01 1.9611633544521073e-01
1610 1.4271207810323240e+01 1.9744856117646745e-01
1611 1.4317831313889245e+01 1.9809361826052552e-01
1612 1.4137526838273502e+01 1.9559902496771020e-01
1613 1.3957325528181547e+01 1.9310585901618973e-01
1614 1.4053493696444505e+01 1.9443638875879232e-01
1615 1.4084372035894983e+01 1.9486360443507200e-01
1616 1.3824419208003661e+01 1.9126704046353715e-01
1617 1.3763855671162954e+01 1.9042911676654597e-01
1618 1.3839234849587497e+01 1.9147202151016718e-01
1619 1.3823643749800423e+01 1.9125631165147605e-01
1620 1.3536167553148937e+01 1.8727894952798013e-01
1621 1.3580318177901265e+01 1.8788979322448096e-01
1622 1.3628370691402552e+01 1.8855462130195302e-01
1623 1.3527424400625518e+01 1.8715798409121823e-01
1624 1.3294140746503793e+01 1.8393040010081455e-01
1625 1.3395429310341919e+01 1.8533177281287064e-01
1626 1.3407356135088415e+01 1.8549678578282375e-01
1627 1.3211925184005864e+01 1.8279291091718794e-01
1628 1.3102766678482178e+01 1.8128265403197641e-01
1629 1.3200927086864269e+01 1.8264074731021446e-01
1630 1.3157856303283717e+01 1.8204484370067053e-01
1631 1.2913259072036047e+01 1.7866073129620641e-01
1632 1.2946786367590851e+01 1.7912459646833612e-01
1633 1.2987479865656985e+01 1.7968760926649491e-01
1634 1.2874348140147491e+01 1.7812238110065581e-01
1635 1.2668726019381669e+01 1.7527750683136678e-01
1636 1.2795216636974256e+01 1.7702756126109156e-01
1637 1.2745646067965358e+01 1.7634173020477228e-01
1638 1.2577177843536093e+01 1.7401089675608192e-01
1639 1.2493370224468620e+01 1.7285138075572434e-01
1640 1.2611752574680413e+01 1.7448925366940296e-01
1641 1.2476098571314099e+01 1.7261241968740940e-01
1642 1.2307096530542953e+01 1.7027420065019438e-01
1643 1.2364281025439684e+01 1.7106537378627579e-01
1644 1.2371979156652507e+01 1.7117188088447807e-01
1645 1.2199777458501126e+01 1.6878939315225266e-01
1646 1.2098972968622711e+01 1.6739471782055276e-01
1647 1.2225095286138778e+01 1.6913967665352381e-01
1648 1.2083176331084392e+01 1.6717616425488252e-01
1649 1.1952628966403607e+01 1.6536998290960386e-01
1650 1.1950293147424244e+01 1.6533766580633036e-01
1651 1.2018436373070738e+01 1.6628045789769708e-01
1652 1.1790839142422998e+01 1.6313154812660974e-01
1653 1.1760525226762516e+01 1.6271214150662783e-01
1654 1.1811343570067528e+01 1.6341523608000294e-01
1655 1.1733342797523511e+01 1.6233606040586493e-01
1656 1.1554368180891153e+01 1.5985986630857160e-01
1657 1.1609879047272377e+01 1.6062788404346179e-01
1658 1.1618404312955011e+01 1.6074583491805178e-01
1659 1.1426347359389034e+01 1.5808864082141008e-01
1660 1.1399243792723771e+01 1.5771365081972744e-01
1661 1.1445010841268301e+01 1.5834685846441426e-01
1662 1.1355251097247018e+01 1.5710499214559084e-01
1663 1.1181681756030958e+01 1.5470358245813129e-01
1664 1.1282562595740597e+01 1.5609931412399167e-01
1665 1.1215272060723729e+01 1.5516831938994649e-01
1666 1.1079271638439581e+01 1.5328669254684407e-01
1667 1.1033593436102935e+01 1.5265471412929388e-01
1668 1.1116075610073935e+01 1.5379589200223467e-01
1669 1.0939589863113364e+01 1.5135413253319296e-01
1670 1.0867032971802274e+01 1.5035027539767787e-01
1671 1.0922548292214149e+01 1.5111835475607990e-01
1672 1.0853888736266979e+01 1.5016841900341169e-01
1673 1.0701617802451569e+01 1.4806168233539810e-01
1674 1.0726182901395481e+01 1.4840155149756701e-01
1675 1.0747222489524466e+01 1.4869264363630025e-01
1676 1.0559362635386083e+01 1.4609351829278075e-01
1677 1.0554970745036155e+01 1.4603275451987774e-01
1678 1.0575207595171564e+01 1.4631274041841466e-01
1679 1.0485211137849451e+01 1.4506759906490027e-01
1680 1.0343899004119613e+01 1.4311248231146406e-01
1681 1.0443452923245452e+01 1.4448985543587867e-01
1682 1.0343097821896176e+01 1.4310139759604540e-01
1683 1.0229813548529570e+01 1.4153405886218029e-01
1684 1.0228639907342640e+01 1.4151782100994123e-01
1685 1.0253768195385062e+01 1.4186548214589745e-01
1686 1.0081016941718927e+01 1.3947539106663112e-01
1687 1.0064955416733856e+01 1.3925317266432405e-01
1688 1.0105548199899621e+01 1.3981479202666219e-01
1689 9.9739052313010941e+00 1.3799345250976608e-01
1690 9.9003559529950191e+00 1.3697586525505615e-01
1691 9.9400285324305706e+00 1.3752475318604418e-01
1692 9.8823926160101898e+00 1.3672733443070523e-01
1693 9.7290184777059139e+00 1.3460533443376357e-01
1694 9.7998284507906348e+00 1.3558502217206481e-01
1695 9.7394007543013252e+00 1.3474897788726420e-01
1696 9.6283905548709559e+00 1.3321310198630620e-01
1697 9.5985485638118977e+00 1.3280022465485919e-01
1698 9.6467962560425544e+00 1.3346775311759640e-01
1699 9.4793852717576552e+00 1.3115154706051138e-01
1700 9.4623932824785282e+00 1.3091645526735127e-01
1701 9.4860598525349964e+00 1.3124389287934171e-01
1702 9.3864852043835736e+00 1.2986623295956046e-01
1703 9.2961959566998349e+00 1.2861704072006661e-01
1704 9.3460982355572959e+00 1.2930746113092387e-01
1705 9.2750466368743236e+00 1.2832443039409352e-01
1706 9.1495411305075169e+00 1.2658800542003321e-01
1707 9.2047746612067272e+00 1.2735218609136831e-01
1708 9.1448631126812039e+00 1.2652328294515655e-01
1709 9.0406918893851707e+00 1.2508202734652979e-01
1710 9.0254276693450102e+00 1.2487084001575387e-01
1711 9.0538176827103012e+00 1.2526362858454637e-01
1712 8.8894029775326935e+00 1.2298887739284353e-01
1713 8.9050928851168116e+00 1.2320595430172541e-01
1714 8.8973479379650016e+00 1.2309879948400869e-01
1715 8.8028611960740193e+00 1.2179153302943913e-01
1716 8.7328211421398283e+00 1.2082249746792031e-01
1717 8.7888978742923722e+00 1.2159834420956672e-01
1718 8.6718090856200316e+00 1.1997836829999263e-01
1719 8.6068508095881668e+00 1.1907964141510223e-01
1720 8.6450851871497818e+00 1.1960863117808204e-01
1721 8.5632285705023019e+00 1.1847610817129581e-01
1722 8.4766398306184314e+00 1.1727811411701636e-01
1723 8.4996289194172778e+00 1.1759617847193429e-01
1724 8.4635164294590108e+00 1.1709654597568533e-01
1725 8.3326176034238539e+00 1.1528550200492663e-01
1726 8.3832282023523934e+00 1.1598572234167281e-01
1727 8.3253306671555070e+00 1.1518468397321603e-01
1728 8.2366040127959241e+00 1.1395711091323797e-01
1729 8.2201282784831271e+00 1.1372916173909488e-01
1730 8.2358434692849745e+00 1.1394658845263442e-01
1731 8.0932725102177212e+00 1.1197405528602919e-01
1732 8.1098755776758384e+00 1.1220376617135101e-01
1733 8.0965264235783856e+00 1.1201907463686447e-01
1734 7.9959016610931908e+00 1.1062688591426359e-01
1735 7.9656133022752851e+00 1.1020783288466185e-01
1736 7.9858951209165427e+00 1.1048844094264708e-01
1737 7.8789765610863380e+00 1.0900917471079646e-01
1738 7.8367296007881073e+00 1.0842466906587613e-01
1739 7.8714034555871599e+00 1.0890439739942070e-01
1740 7.7572185014669506e+00 1.0732459734334363e-01
1741 7.7266749937504295e+00 1.0690201421428661e-01
1742 7.7327211363001345e+00 1.0698566530836173e-01
1743 7.6674840118155476e+00 1.0608308043005492e-01
1744 7.5817260763329273e+00 1.0489658092731072e-01
1745 7.6375921036905350e+00 1.0566951247361094e-01
1746 7.5319110569609231e+00 1.0420736779057360e-01
1747 7.4876776104441483e+00 1.0359537821781330e-01
1748 7.4945094925731093e+00 1.0368990037139827e-01
1749 7.4438386258088496e+00 1.0298884620211272e-01
1750 7.3521065894741771e+00 1.0171969233449356e-01
1751 7.3925181320649838e+00 1.0227880415218460e-01
1752 7.3217714570668226e+00 1.0129999217130226e-01
1753 7.2458377621835677e+00 1.0024941544375532e-01
1754 7.2722378271019164e+00 1.0061467218322503e-01
1755 7.2119783337793111e+00 9.9780955064680613e-02
1756 7.1381757314103886e+00 9.8759862957936734e-02
1757 7.1485013864491211e+00 9.8902723026804029e-02
1758 7.1153093305468458e+00 9.8443496045633419e-02
1759 7.0118668388824537e+00 9.7012322775991255e-02
1760 7.0537084827503413e+00 9.7591220686299635e-02
1761 6.9865706592111092e+00 9.6662338784043830e-02
1762 6.9238768064457838e+00 9.5794941210716605e-02
1763 6.9204137344675614e+00 9.5747028056592687e-02
1764 6.9001946300889907e+00 9.5467287678561205e-02
1765 6.7954180453966071e+00 9.4017656633490834e-02
1766 6.8298349504090421e+00 9.4493829951486863e-02
1767 6.7758984789971191e+00 9.3747594677166465e-02
1768 6.7026183488668867e+00 9.2733731208191381e-02
1769 6.7113949443763445e+00 9.2855159343665436e-02
1770 6.6763572968924940e+00 9.2370397775153323e-02
1771 6.5938548346631718e+00 9.1228939205058646e-02
1772 6.6048068401731985e+00 9.1380465113635720e-02
1773 6.5743712108172057e+00 9.0959374530083709e-02
1774 6.4819563032459993e+00 8.9680772832616204e-02
1775 6.5116134739985423e+00 9.0091093092224406e-02
1776 6.4550825961458020e+00 8.9308963041116032e-02
1777 6.3954126968563187e+00 8.8483403220472781e-02
1778 6.3904092396688954e+00 8.8414178146064559e-02
1779 6.3701151901417203e+00 8.8133400868286693e-02
1780 6.2735902162064177e+00 8.6797934559167775e-02
1781 6.3095236319967212e+00 8.7295089483982125e-02
1782 6.2464832597522566e+00 8.6422897658235270e-02
1783 6.1917143750787318e+00 8.5665145573075044e-02
1784 6.1929096174148617e+00 8.5681682286902122e-02
1785 6.1579633379662813e+00 8.5198184836139640e-02
1786 6.0810790651353246e+00 8.4134456436319810e-02
1787 6.1032117118328175e+00 8.4440671530622194e-02
1788 6.0498791772994407e+00 8.3702791993902667e-02
1789 5.9860118149153587e+00 8.2819158388641095e-02
1790 6.0069387544374004e+00 8.3108691983370550e-02
1791 5.9441913436363105e+00 8.2240553410595940e-02
1792 5.8975864919222873e+00 8.1595754383276042e-02
1793 5.9004470726000235e+00 8.1635331800019958e-02
1794 5.8560069569342463e+00 8.1020482866885082e-02
1795 5.7890027590120550e+00 8.0093449734976646e-02
1796 5.8211146987588149e+00 8.0537732824666988e-02
1797 5.7392995507753763e+00 7.9405783555447848e-02
1798 5.7140544259278094e+00 7.9056505929887194e-02
1799 5.7088565854579105e+00 7.8984591475578431e-02
1800 5.6574242001755382e+00 7.8273001356027924e-02
1801 5.6078687700466938e+00 7.7587379752904501e-02
1802 5.6286166028045281e+00 7.7874435325215693e-02
1803 5.5479981363413629e+00 7.6759042681581791e-02
1804 5.5285112246313366e+00 7.6489432517532874e-02
1805 5.5275156720144967e+00 7.6475658600539786e-02
1806 5.4563879691470625e+00 7.5491574928182120e-02
1807 5.4399375543822091e+00 7.5263976061341512e-02
1808 5.4321437211246248e+00 7.5156144882424322e-02
1809 5.3665093389353045e+00 7.4248063765588984e-02
1810 5.3469845693049365e+00 7.3977929820231561e-02
1811 5.3478319872415847e+00 7.3989654227480772e-02
1812 5.2628105624709409e+00 7.2813344680786804e-02
1813 5.2757375004386251e+00 7.2992194665739751e-02
1814 5.2394026881117215e+00 7.2489486239801573e-02
1815 5.1883928062341234e+00 7.1783741644363214e-02
1816 5.1758474930388871e+00 7.1610171609308743e-02
1817 5.1619419863375429e+00 7.1417782687004341e-02
1818 5.0853787761412983e+00 7.0358496332743242e-02
1819 5.1072145861321534e+00 7.0660604558067955e-02
1820 5.0553274720064882e+00 6.9942723061009182e-02
1821 5.0121212204813288e+00 6.9344945191689655e-02
1822 5.0141650609743120e+00 6.9373222641641849e-02
1823 4.9704989343676100e+00 6.8769082194299599e-02
1824 4.9247278086274795e+00 6.8135818139782880e-02
1825 4.9331169403946769e+00 6.8251885540592139e-02
1826 4.8790914215184387e+00 6.7504418254662135e-02
1827 4.8424964885162911e+00 6.6998110942509029e-02
1828 4.8534394467828328e+00 6.7149511678414500e-02
1829 4.7828288518384037e+00 6.6172582426112056e-02
1830 4.7736743996389297e+00 6.6045926473850089e-02
1831 4.7574920723505025e+00 6.5822036717492163e-02
1832 4.7076429732949148e+00 6.5132352073046768e-02
1833 4.6845762554744681e+00 6.4813213685795748e-02
1834 4.6847764885173291e+00 6.4815983999755036e-02
1835 4.6098349600058741e+00 6.3779134338982219e-02
1836 4.6227961824997896e+00 6.3958458665733353e-02
1837 4.5848177361429245e+00 6.3433009825765066e-02
1838 4.5410261915610555e+00 6.2827134164482171e-02
1839 4.5366362688100619e+00 6.2766397614192962e-02
1840 4.5072611038844306e+00 6.2359979031689258e-02
1841 4.4560734628026291e+00 6.1651775057929716e-02
1842 4.4661705702825003e+00 6.1791473068808840e-02
1843 4.4174837429727347e+00 6.1117868975285192e-02
1844 4.3832067612017944e+00 6.0643631558095559e-02
1845 4.3895034479120625e+00 6.0730749043009631e-02
1846 4.3302262101793261e+00 5.9910621871125988e-02
1847 4.3166088013640493e+00 5.9722218912297009e-02
1848 4.3035324129201431e+00 5.9541301212971923e-02
1849 4.2569060903163747e+00 5.8896205126261980e-02
1850 4.2369152008708371e+00 5.8619622204191153e-02
1851 4.2337155910214319e+00 5.8575354166791112e-02
1852 4.1670280528455352e+00 5.7652702164505312e-02
1853 4.1799527257971514e+00 5.7831520811945016e-02
1854 4.1394281787122500e+00 5.7270845526391834e-02
1855 4.1051109725530717e+00 5.6796051586748934e-02
1856 4.0981282684577058e+00 5.6699442743609975e-02
1857 4.0687852882064668e+00 5.6293469450512404e-02
1858 4.0248711753026676e+00 5.5685898001519560e-02
1859 4.0351937145515056e+00 5.5828714962036126e-02
1860 3.9812090424845850e+00 5.5081812810034214e-02
1861 3.9633526327416897e+00 5.4834761372035974e-02
1862 3.9574056403162166e+00 5.4752482064401788e-02
1863 3.9057185001025077e+00 5.4037367296110000e-02
1864 3.8982607177684310e+00 5.3934185532449781e-02
1865 3.8795841545185388e+00 5.3675786902815575e-02
1866 3.8356037886128438e+00 5.3067298813824784e-02
1867 3.8285122160088809e+00 5.2969183726038163e-02
1868 3.8087006097131781e+00 5.2695081266759876e-02
1869 3.7586835885258010e+00 5.2003073344302410e-02
1870 3.7716699630511537e+00 5.2182745660690012e-02
1871 3.7217848119649211e+00 5.1492562220230097e-02
1872 3.7039343556447881e+00 5.1245593150506079e-02
1873 3.6930053083685168e+00 5.1094384879390553e-02
1874 3.6569689000421945e+00 5.0595805006644741e-02
1875 3.6318663924562378e+00 5.0248500554867147e-02
1876 3.6317974573280245e+00 5.0247546806448572e-02
1877 3.5764503080443406e+00 4.9481794171035508e-02
1878 3.5790898253224075e+00 4.9518313076490565e-02
1879 3.5520008424513527e+00 4.9143524848142106e-02
1880 3.5147624554511219e+00 4.8628315061314577e-02
1881 3.5138527527142061e+00 4.8615728915916818e-02
1882 3.4807855948713100e+00 4.8158229955418741e-02
1883 3.4516023229288728e+00 4.7754466298408037e-02
1884 3.4493604929054884e+00 4.7723449574497728e-02
1885 3.4108919915951774e+00 4.7191220604442252e-02
1886 3.3890236775009566e+00 4.6888662670268276e-02
1887 3.3876595702015786e+00 4.6869789633932998e-02
1888 3.3360290378688728e+00 4.6155458061065455e-02
1889 3.3391569969404107e+00 4.6198734777815893e-02
1890 3.3101654249337589e+00 4.5797623375400699e-02
1891 3.2809771970821933e+00 4.5393791151164313e-02
1892 3.2719692464409862e+00 4.5269162113671893e-02
1893 3.2494321535440274e+00 4.4957351324792061e-02
1894 3.2127270009641502e+00 4.4449519075343842e-02
1895 3.2204843243500427e+00 4.4556845123810251e-02
1896 3.1723406851956781e+00 4.3890756282054889e-02
1897 3.1652318156365702e+00 4.3792401883135566e-02
1898 3.1494590349767235e+00 4.3574178388079601e-02
1899 3.1137709317864162e+00 4.3080417473117222e-02
1900 3.1061630543128937e+00 4.2975159075880003e-02
1901 3.0868079620942397e+00 4.2707372693619725e-02
1902 3.0518309780463428e+00 4.2223450430953643e-02
1903 3.0517294103969048e+00 4.2222045196967137e-02
1904 3.0203214144275168e+00 4.1787501485179401e-02
1905 2.9955237549149163e+00 4.1444414743231385e-02
1906 2.9958570908413305e+00 4.1449026595285793e-02
1907 2.9521766146411017e+00 4.0844687614880824e-02
1908 2.9486612157429661e+00 4.0796050494349506e-02
1909 2.9279615206924356e+00 4.0509660928810254e-02
1910 2.8990938077698654e+00 4.0110263172378334e-02
1911 2.8897312520062703e+00 3.9980728013965246e-02
1912 2.8717343672519831e+00 3.9731733041176588e-02
1913 2.8369238604806739e+00 3.9250114066302799e-02
1914 2.8434083570903037e+00 3.9339829985413646e-02
1915 2.8012529012668850e+00 3.8756590345945204e-02
1916 2.7938983178727286e+00 3.8654836385907006e-02
1917 2.7787571022377366e+00 3.8445350876248230e-02
1918 2.7483731185567106e+00 3.8024974833774219e-02
1919 2.7396030408731158e+00 3.7903636875344447e-02
1920 2.7227299013223321e+00 3.7670189421484090e-02
1921 2.6911244154775917e+00 3.7232913348689951e-02
1922 2.6914961110056375e+00 3.7238055923038513e-02
1923 2.6606578899299373e+00 3.6811395302468318e-02
1924 2.6423195426703083e+00 3.6557676042760744e-02
1925 2.6383114733035864e+00 3.6502222605317117e-02
1926 2.6010288274480464e+00 3.5986400477374787e-02
1927 2.5986062040677891e+00 3.5952882396280188e-02
1928 2.5771105810632395e+00 3.5655480810496402e-02
1929 2.5530733923902331e+00 3.5322915523711126e-02
1930 2.5455733329028667e+00 3.5219148836672404e-02
1931 2.5248244003606954e+00 3.4932078048351613e-02
1932 2.4990982767911039e+00 3.4576145589727512e-02
1933 2.5014022312276487e+00 3.4608021832758802e-02
1934 2.4620935351441626e+00 3.4064168391160603e-02
1935 2.4612654798978535e+00 3.4052711875417058e-02
1936 2.4402341174904003e+00 3.3761733543230719e-02
1937 2.4174547604486971e+00 3.3446570921244666e-02
1938 2.4101416205701685e+00 3.3345390350833996e-02
1939 2.3898550713580331e+00 3.3064716843278857e-02
1940 2.3669454718304093e+00 3.2747752258081922e-02
1941 2.3657671813029242e+00 3.2731450080130904e-02
1942 2.3329947070252306e+00 3.2278028198932975e-02
1943 2.3264654982108888e+00 3.2187693666414989e-02
1944 2.3124296109067703e+00 3.1993500869991094e-02
1945 2.2845119831587275e+00 3.1607247968094179e-02
1946 2.2838755686545240e+00 3.1598442887975038e-02
1947 2.2576917962111658e+00 3.1236178651911334e-02
1948 2.2430228267329828e+00 3.1033226879650429e-02
1949 2.2345639747381614e+00 3.0916194868220111e-02
1950 2.2101161638092002e+00 3.0577948438345697e-02
1951 2.1979574388481233e+00 3.0409727024908746e-02
1952 2.1895251122875057e+00 3.0293062004758196e-02
1953 2.1585071286115345e+00 2.9863914287983621e-02
1954 2.1621112591595448e+00 2.9913779050690113e-02
1955 2.1328488979341444e+00 2.9508921157975390e-02
1956 2.1227924581820377e+00 2.9369785803350746e-02
1957 2.1118376392304508e+00 2.9218220969547761e-02
1958 2.0896176447948624e+00 2.8910797380110403e-02
1959 2.0789700604584613e+00 2.8763483275013654e-02
1960 2.0684048445699736e+00 2.8617308774338830e-02
1961 2.0419482355736762e+00 2.8251269722188766e-02
1962 2.0425553234682159e+00 2.8259669055509230e-02
1963 2.0168483388890457e+00 2.7904001393402093e-02
1964 2.0052436839154195e+00 2.7743445786760700e-02
1965 1.9976791470162447e+00 2.7638787025809301e-02
1966 1.9718877639641563e+00 2.7281951672973762e-02
1967 1.9683737982063243e+00 2.7233334380581353e-02
1968 1.9504142439928107e+00 2.6984855892568313e-02
1969 1.9329978514065069e+00 2.6743892289294129e-02
1970 1.9272459663457164e+00 2.6664312379562592e-02
1971 1.9071159715422856e+00 2.6385804872471844e-02
1972 1.8932787313327830e+00 2.6194360447701914e-02
1973 1.8886188486237083e+00 2.6129888880306450e-02
1974 1.8605299748226125e+00 2.5741266712455885e-02
1975 1.8623253349697919e+00 2.5766106325372021e-02
1976 1.8391234409234012e+00 2.5445097714403939e-02
1977 1.8281879240212824e+00 2.5293799933112968e-02
1978 1.8192234675631174e+00 2.5169772657151545e-02
1979 1.8006366523676338e+00 2.4912615732105126e-02
1980 1.7896038918371757e+00 2.4759972541599017e-02
1981 1.7818543997145644e+00 2.4652754842172681e-02
1982 1.7579729912920130e+00 2.4322344845025178e-02
1983 1.7585547851358472e+00 2.4330394223808893e-02
1984 1.7361020935881633e+00 2.4019751165453147e-02
1985 1.7264417489199204e+00 2.3886095963975836e-02
1986 1.7187311741384501e+00 2.3779416703419938e-02
1987 1.6975476314621138e+00 2.3486332888955592e-02
1988 1.6935315900143006e+00 2.3430769154194321e-02
1989 1.6781412026843316e+00 2.3217836242373589e-02
1990 1.6631641062693487e+00 2.3010621395736678e-02
1991 1.6581961954667150e+00 2.2941888121505782e-02
1992 1.6397602599372472e+00 2.2686818684313340e-02
1993 1.6297040572098385e+00 2.2547686609031704e-02
1994 1.6232084233189539e+00 2.2457816600639249e-02
1995 1.6007055132500143e+00 2.2146478746517220e-02
1996 1.6018815521201286e+00 2.2162749771778564e-02
1997 1.5804857827454559e+00 2.1866729705751865e-02
1998 1.5732465077402940e+00 2.1766571088995122e-02
1999 1.5636474121139492e+00 2.1633763295484745e-02
2000 1.5478208531578894e+00 2.1414795753579279e-02
